t_start_ms,client,path,depth,status,bytes,ttfb_ms,total_ms,bytes_per_s
1787863698006,f8bb23bd-3d0b-5bdb-8e16-d25a93055de3,/?crawl=0,0,200,142999,10.071,79.016,1809759
1787863698085,f8bb23bd-3d0b-5bdb-8e16-d25a93055de3,/p/0/5c68e7e8413ef7e4,1,200,60428,14.700,104.719,577049
1787863698085,f8bb23bd-3d0b-5bdb-8e16-d25a93055de3,/p/0/5c68e8e8413ef997,1,200,327262,10.490,400.894,816330
1787863698006,907ef421-22fa-5091-3bfc-f7299376b357,/?crawl=1,0,200,441633,36.250,1076.050,410421
1787863699005,7bbf17f6-aee4-afee-f19f-92f395167876,/?crawl=2,0,200,170415,38.750,415.847,409802
1787863698085,f8bb23bd-3d0b-5bdb-8e16-d25a93055de3,/p/0/5c68e9e8413efb4a,1,200,2763808,10.541,1687.131,1638170
1787863699421,7bbf17f6-aee4-afee-f19f-92f395167876,/p/0/833d90a36a74e0a4,1,200,268522,32.924,1383.605,194074
1787863701006,3bb48387-b4c3-198c-40c8-ff50491dd847,/?crawl=3,0,200,150264,23.635,221.721,677718
1787863701227,3bb48387-b4c3-198c-40c8-ff50491dd847,/p/0/16a7e600ff0fd6b7,1,200,82164,23.116,245.336,334904
1787863701227,3bb48387-b4c3-198c-40c8-ff50491dd847,/p/0/16a7e700ff0fd86a,1,200,115994,77.281,445.972,260092
1787863699421,7bbf17f6-aee4-afee-f19f-92f395167876,/p/0/833d93a36a74e5bd,1,200,352475,170.107,2332.021,151146
1787863701227,3bb48387-b4c3-198c-40c8-ff50491dd847,/p/3/16a7e800ff0fda1d,1,200,373625,99.494,816.857,457393
1787863699082,907ef421-22fa-5091-3bfc-f7299376b357,/p/0/efd33c45d5d9ec44,1,200,393236,36.789,3010.413,130625
1787863699082,907ef421-22fa-5091-3bfc-f7299376b357,/p/0/efd33f45d5d9f15d,1,200,432866,36.878,3029.528,142882
1787863702006,2af96cdc-8de5-6d2c-119e-f20e21d67e40,/?crawl=4,0,200,59720,80.996,348.678,171276
1787863702044,3bb48387-b4c3-198c-40c8-ff50491dd847,/p/0/c5b28e3e2da2e782,2,200,349321,22.605,1682.536,207616
1787863702355,2af96cdc-8de5-6d2c-119e-f20e21d67e40,/p/0/ebf9371eed3214b,1,200,140741,158.169,2951.664,47682
1787863702355,2af96cdc-8de5-6d2c-119e-f20e21d67e40,/p/0/ebf9471eed322fe,1,200,259161,78.338,3531.360,73388
1787863702355,2af96cdc-8de5-6d2c-119e-f20e21d67e40,/p/6/ebf9271eed31f98,1,200,400887,233.416,3643.702,110022
1787863705998,2af96cdc-8de5-6d2c-119e-f20e21d67e40,/p/5/b1e4daf1e0942670,2,200,139854,2.501,327.774,426679
1787863705998,2af96cdc-8de5-6d2c-119e-f20e21d67e40,/p/0/b1e4dbf1e0942823,2,200,245638,2.443,331.419,741170
1787863705998,2af96cdc-8de5-6d2c-119e-f20e21d67e40,/p/0/b1e4dcf1e09429d6,2,200,470031,4.831,334.819,1403837
1787863706006,8a50b563-1648-4a04-21d9-ab442e918806,/?crawl=6,0,200,203497,43.634,551.031,369303
1787863706326,2af96cdc-8de5-6d2c-119e-f20e21d67e40,/p/0/c524923ad20189a2,3,200,318265,6.981,338.451,940357
1787863706006,903b88a3-81b1-b559-2c64-b9b84099c443,/?crawl=5,0,200,375573,52.479,1252.062,299964
1787863707006,2fc881b1-4965-0c90-c64c-31e359409e84,/?crawl=9,0,200,207835,45.041,580.576,357980
1787863706557,8a50b563-1648-4a04-21d9-ab442e918806,/p/0/35943b2d18090858,1,200,202787,37.678,1145.114,177089
1787863707006,2a21400b-c481-8e9a-a6bb-9c49d4e1f2a3,/?crawl=8,0,200,488268,161.638,1128.652,432612
1787863707005,ae6694b7-fc85-ee7a-7564-72a9cce93f2f,/?crawl=7,0,200,489480,47.568,1497.120,326948
1787863707258,903b88a3-81b1-b559-2c64-b9b84099c443,/p/0/a229e9cf836e1911,1,200,141680,49.838,1296.713,109261
1787863706557,8a50b563-1648-4a04-21d9-ab442e918806,/p/0/35943e2d18090d71,1,200,291192,168.386,2066.418,140916
1787863706326,2af96cdc-8de5-6d2c-119e-f20e21d67e40,/p/0/c524913ad20187ef,3,200,6260140,7.268,2590.789,2416306
1787863702044,3bb48387-b4c3-198c-40c8-ff50491dd847,/p/2/c5b28c3e2da2e41c,2,200,2275594,108.337,7025.152,323921
1787863706326,2af96cdc-8de5-6d2c-119e-f20e21d67e40,/p/4/c524933ad2018b55,3,200,5247872,7.588,2809.884,1867647
1787863709136,2af96cdc-8de5-6d2c-119e-f20e21d67e40,/p/0/58fe3ee887313b24,4,200,47665,1.181,25.016,1905389
1787863709136,2af96cdc-8de5-6d2c-119e-f20e21d67e40,/p/3/58fe40e887313e8a,4,200,375519,5.700,201.370,1864817
1787863709136,2af96cdc-8de5-6d2c-119e-f20e21d67e40,/p/0/58fe41e88731403d,4,200,383003,13.899,202.421,1892113
1787863709070,3bb48387-b4c3-198c-40c8-ff50491dd847,/p/1/6ca729cb65226f3a,3,200,62351,102.564,368.742,169091
1787863709337,2af96cdc-8de5-6d2c-119e-f20e21d67e40,/p/0/2e96dcb8bd5f180e,5,200,190307,21.927,169.688,1121514
1787863709337,2af96cdc-8de5-6d2c-119e-f20e21d67e40,/p/2/2e96ddb8bd5f19c1,5,200,372240,11.649,252.677,1473184
1787863709590,2af96cdc-8de5-6d2c-119e-f20e21d67e40,/p/0/7c754208d6d5bcca,6,200,62088,21.264,77.085,805453
1787863709590,2af96cdc-8de5-6d2c-119e-f20e21d67e40,/p/1/7c754008d6d5b964,6,200,90087,21.236,93.569,962790
1787863709006,119cccf6-b622-2b36-4137-bad4717c613d,/?crawl=11,0,200,245185,43.483,717.860,341550
1787863709006,76683c64-5474-e38f-933a-17abba50e1e0,/?crawl=12,0,200,462897,31.672,931.395,496993
1787863707586,2fc881b1-4965-0c90-c64c-31e359409e84,/p/3/5480925931023d5f,1,200,321006,59.778,2525.042,127129
1787863709590,2af96cdc-8de5-6d2c-119e-f20e21d67e40,/p/0/7c754108d6d5bb17,6,200,339544,21.173,764.828,443948
1787863707586,2fc881b1-4965-0c90-c64c-31e359409e84,/p/0/54809459310240c5,1,200,341465,40.277,2781.447,122765
1787863707258,903b88a3-81b1-b559-2c64-b9b84099c443,/p/16/a229e7cf836e15ab,1,200,382506,169.851,3113.933,122837
1787863709684,2af96cdc-8de5-6d2c-119e-f20e21d67e40,/p/0/695325a243593b8a,7,200,371617,26.752,766.845,484605
1787863709684,2af96cdc-8de5-6d2c-119e-f20e21d67e40,/p/0/695324a2435939d7,7,200,344391,24.672,788.793,436605
1787863709684,2af96cdc-8de5-6d2c-119e-f20e21d67e40,/p/0/695323a243593824,7,200,456731,20.965,794.932,574554
1787863709438,3bb48387-b4c3-198c-40c8-ff50491dd847,/p/0/b82576af5c2cc9f4,4,200,138075,100.010,1541.532,89570
1787863709938,76683c64-5474-e38f-933a-17abba50e1e0,/p/0/6dafc1c881c8d325,1,200,208634,57.376,1465.078,142405
1787863709337,2af96cdc-8de5-6d2c-119e-f20e21d67e40,/p/0/2e96dbb8bd5f165b,5,200,5604883,3.272,2286.559,2451230
1787863709070,3bb48387-b4c3-198c-40c8-ff50491dd847,/p/0/6ca727cb65226bd4,3,200,318144,102.614,2838.362,112087
1787863711005,39e8e142-4815-2f75-c747-10f37e32d9f2,/?crawl=14,0,200,375615,45.343,1161.774,323312
1787863710372,903b88a3-81b1-b559-2c64-b9b84099c443,/p/15/3e64cab86488733e,2,200,131577,307.925,1824.127,72131
1787863709438,3bb48387-b4c3-198c-40c8-ff50491dd847,/p/0/b82579af5c2ccf0d,4,200,374752,110.002,2901.664,129151
1787863710372,903b88a3-81b1-b559-2c64-b9b84099c443,/p/0/3e64cbb8648874f1,2,200,126338,354.966,2036.142,62048
1787863709938,76683c64-5474-e38f-933a-17abba50e1e0,/p/0/6dafbec881c8ce0c,1,200,415677,122.845,2601.622,159776
1787863710112,2fc881b1-4965-0c90-c64c-31e359409e84,/p/2/72340ab0ecda1edc,2,200,233043,275.422,2634.199,88468
1787863699082,907ef421-22fa-5091-3bfc-f7299376b357,/p/2/efd33d45d5d9edf7,1,200,4631464,145.152,13781.014,336076
1787863713005,03a6195b-c455-eb8f-4b2d-0000cbc5c95b,/?crawl=16,0,200,75587,53.063,289.661,260950
1787863712746,2fc881b1-4965-0c90-c64c-31e359409e84,/p/0/f56d891b09da992,3,200,30125,218.294,633.278,47570
1787863712746,2fc881b1-4965-0c90-c64c-31e359409e84,/p/1/f56d691b09da62c,3,200,38231,198.727,792.445,48244
1787863714006,fbee6fc7-57ff-5c44-3de3-33f880144742,/?crawl=18,0,200,8747,69.802,103.776,84287
1787863712167,39e8e142-4815-2f75-c747-10f37e32d9f2,/p/1/46db150d5892e399,1,200,233131,44.668,1965.215,118629
1787863706557,8a50b563-1648-4a04-21d9-ab442e918806,/p/3/35943d2d18090bbe,1,200,2493912,187.256,7710.334,323451
1787863714267,8a50b563-1648-4a04-21d9-ab442e918806,/p/2/dd9dd49c1f6d75cf,2,200,26095,36.858,93.131,280196
1787863714109,fbee6fc7-57ff-5c44-3de3-33f880144742,/p/2/2fd715704fd66c7d,1,200,7250,235.712,269.340,26918
1787863714006,c314adea-952e-9fee-305f-d2b6166f4064,/?crawl=19,0,200,67579,80.073,405.970,166463
1787863714133,39e8e142-4815-2f75-c747-10f37e32d9f2,/p/0/b54fdc1904f3448e,2,200,41771,227.437,678.735,61542
1787863714379,fbee6fc7-57ff-5c44-3de3-33f880144742,/p/0/93c0b2feb9a7cb5,2,200,10920,403.131,604.877,18053
1787863713295,03a6195b-c455-eb8f-4b2d-0000cbc5c95b,/p/0/200669522f5cf5c0,1,200,156006,158.023,2070.996,75329
1787863713295,03a6195b-c455-eb8f-4b2d-0000cbc5c95b,/p/0/20066c522f5cfad9,1,200,180346,52.475,2123.184,84941
1787863712746,2fc881b1-4965-0c90-c64c-31e359409e84,/p/0/f56d791b09da7df,3,200,174197,237.668,2737.898,63624
1787863714132,39e8e142-4815-2f75-c747-10f37e32d9f2,/p/0/b54fda1904f34128,2,200,90097,273.448,1525.798,59049
1787863712863,907ef421-22fa-5091-3bfc-f7299376b357,/p/0/e35c36c0c3e4e959,2,200,397249,35.441,2852.582,139259
1787863710112,2fc881b1-4965-0c90-c64c-31e359409e84,/p/0/72340bb0ecda208f,2,200,395747,412.264,5868.539,67435
1787863699421,7bbf17f6-aee4-afee-f19f-92f395167876,/p/2/833d92a36a74e40a,1,200,6144882,170.095,16567.322,370904
1787863712863,907ef421-22fa-5091-3bfc-f7299376b357,/p/1/e35c34c0c3e4e5f3,2,200,470001,88.539,3173.440,148105
1787863716006,74819d1f-bd95-c744-f6c4-c903baa45790,/?crawl=21,0,200,211483,14.293,177.397,1192145
1787863710112,2fc881b1-4965-0c90-c64c-31e359409e84,/p/0/72340cb0ecda2242,2,200,472617,392.285,6186.253,76398
1787863707006,ecc54919-5201-cf28-7866-a7194db63bc6,/?crawl=10,0,200,6267228,35.709,9356.240,669845
1787863716362,ecc54919-5201-cf28-7866-a7194db63bc6,/p/3/94846a83aafebbe5,1,200,8044,19.762,19.823,405792
1787863716183,74819d1f-bd95-c744-f6c4-c903baa45790,/p/0/adde8a975648933b,1,200,134103,13.218,248.700,539217
1787863716183,74819d1f-bd95-c744-f6c4-c903baa45790,/p/1/adde8c97564896a1,1,200,113856,45.262,316.967,359204
1787863716183,74819d1f-bd95-c744-f6c4-c903baa45790,/p/0/adde8b97564894ee,1,200,173126,64.188,353.884,489217
1787863716382,ecc54919-5201-cf28-7866-a7194db63bc6,/p/0/2893e4f2353564c,2,200,56625,46.292,173.241,326857
1787863716382,ecc54919-5201-cf28-7866-a7194db63bc6,/p/0/289414f23535b65,2,200,69948,41.664,215.392,324748
1787863714109,fbee6fc7-57ff-5c44-3de3-33f880144742,/p/0/2fd714704fd66aca,1,200,132846,336.047,2696.123,49273
1787863716362,ecc54919-5201-cf28-7866-a7194db63bc6,/p/0/94846883aafeb87f,1,200,352172,4.329,505.976,696026
1787863712196,903b88a3-81b1-b559-2c64-b9b84099c443,/p/0/7dfed8d78a4992d1,3,200,224892,332.642,4682.095,48032
1787863710372,903b88a3-81b1-b559-2c64-b9b84099c443,/p/0/3e64c8b864886fd8,2,200,406229,283.560,6554.537,61977
1787863716382,ecc54919-5201-cf28-7866-a7194db63bc6,/p/2/289404f235359b2,2,200,349956,46.291,553.943,631755
1787863716936,ecc54919-5201-cf28-7866-a7194db63bc6,/p/1/3222c503cd3e5a03,3,200,133923,37.394,176.564,758495
1787863716362,ecc54919-5201-cf28-7866-a7194db63bc6,/p/0/94846983aafeba32,1,200,519114,28.460,772.672,671843
1787863716936,ecc54919-5201-cf28-7866-a7194db63bc6,/p/0/3222c703cd3e5d69,3,200,203873,43.717,496.055,410989
1787863716936,ecc54919-5201-cf28-7866-a7194db63bc6,/p/0/3222c403cd3e5850,3,200,217360,37.657,544.799,398973
1787863716500,74819d1f-bd95-c744-f6c4-c903baa45790,/p/0/c259170cbd3e7786,2,200,433212,36.977,1037.593,417516
1787863715989,7bbf17f6-aee4-afee-f19f-92f395167876,/p/0/c494c76b40f105d4,2,200,258583,35.599,1551.264,166692
1787863717006,6edf44a7-4015-3c89-f351-0b9d9baa5f57,/?crawl=23,0,200,510286,20.272,625.417,815913
1787863717112,ecc54919-5201-cf28-7866-a7194db63bc6,/p/0/bf6ad3de4f9ed3c7,4,200,301998,41.103,580.222,520487
1787863715989,7bbf17f6-aee4-afee-f19f-92f395167876,/p/1/c494c96b40f1093a,2,200,324544,140.794,2076.366,156304
1787863717631,6edf44a7-4015-3c89-f351-0b9d9baa5f57,/p/0/8709e3dc2d12ade1,1,200,140328,56.013,525.536,267019
1787863716006,f4a8b9a5-4ee0-fe4d-f1f1-43e95dd4d2a2,/?crawl=20,0,200,433526,74.144,2191.636,197809
1787863714360,8a50b563-1648-4a04-21d9-ab442e918806,/p/0/71afb8e038aff2c8,3,200,320905,225.952,4135.305,77601
1787863717112,ecc54919-5201-cf28-7866-a7194db63bc6,/p/0/bf6ad2de4f9ed214,4,200,2572981,41.133,1474.769,1744667
1787863717631,6edf44a7-4015-3c89-f351-0b9d9baa5f57,/p/8/8709e1dc2d12aa7b,1,200,320244,75.357,1058.933,302421
1787863712196,903b88a3-81b1-b559-2c64-b9b84099c443,/p/14/7dfed6d78a498f6b,3,200,381571,236.790,6527.163,58459
1787863716036,907ef421-22fa-5091-3bfc-f7299376b357,/p/0/d35a5cce8457f374,3,200,258244,196.291,2760.031,93566
1787863714267,8a50b563-1648-4a04-21d9-ab442e918806,/p/0/dd9dd39c1f6d741c,2,200,340571,185.911,4602.194,74002
1787863718197,f4a8b9a5-4ee0-fe4d-f1f1-43e95dd4d2a2,/p/0/1a743539c1ad9d28,1,200,67371,72.117,767.327,87800
1787863714109,fbee6fc7-57ff-5c44-3de3-33f880144742,/p/0/2fd713704fd66917,1,200,400061,66.865,4916.140,81377
1787863717631,6edf44a7-4015-3c89-f351-0b9d9baa5f57,/p/0/8709e0dc2d12a8c8,1,200,523732,18.130,1398.563,374479
1787863717112,ecc54919-5201-cf28-7866-a7194db63bc6,/p/0/bf6ad4de4f9ed57a,4,200,5139777,48.367,1930.506,2662399
1787863714412,c314adea-952e-9fee-305f-d2b6166f4064,/p/4/9c6cc012bb3b766a,1,200,285714,282.149,4762.291,59995
1787863718690,6edf44a7-4015-3c89-f351-0b9d9baa5f57,/p/7/a05507c176af16b2,2,200,72764,95.181,529.170,137506
1787863714360,8a50b563-1648-4a04-21d9-ab442e918806,/p/1/71afbae038aff62e,3,200,423853,188.567,4882.930,86803
1787863714360,8a50b563-1648-4a04-21d9-ab442e918806,/p/0/71afbbe038aff7e1,3,200,381867,188.521,4957.695,77025
1787863716036,907ef421-22fa-5091-3bfc-f7299376b357,/p/0/d35a5ece8457f6da,3,200,385419,177.555,3483.317,110647
1787863718690,6edf44a7-4015-3c89-f351-0b9d9baa5f57,/p/0/a05505c176af134c,2,200,119309,112.114,873.951,136517
1787863718690,6edf44a7-4015-3c89-f351-0b9d9baa5f57,/p/0/a05508c176af1865,2,200,152284,95.182,899.458,169306
1787863716036,907ef421-22fa-5091-3bfc-f7299376b357,/p/0/d35a5fce8457f88d,3,200,378779,177.602,3666.227,103316
1787863719219,6edf44a7-4015-3c89-f351-0b9d9baa5f57,/p/0/54fb905538c80263,3,200,70207,113.072,577.218,121630
1787863719219,6edf44a7-4015-3c89-f351-0b9d9baa5f57,/p/0/54fb915538c80416,3,200,77998,122.807,577.184,135135
1787863719005,8aab9941-258b-0c1f-a6f0-c6424988ced4,/?crawl=25,0,200,483057,25.047,820.330,588857
1787863719219,6edf44a7-4015-3c89-f351-0b9d9baa5f57,/p/6/54fb925538c805c9,3,200,176702,113.045,696.008,253879
1787863719826,8aab9941-258b-0c1f-a6f0-c6424988ced4,/p/0/fb87e00da8b46b87,1,200,67451,24.680,157.934,427083
1787863719826,8aab9941-258b-0c1f-a6f0-c6424988ced4,/p/4/fb87e20da8b46eed,1,200,70641,121.974,317.974,222160
1787863719243,8a50b563-1648-4a04-21d9-ab442e918806,/p/0/c8cb09d5c9a7ad55,4,200,71472,205.891,955.293,74817
1787863718197,f4a8b9a5-4ee0-fe4d-f1f1-43e95dd4d2a2,/p/8/1a743739c1ada08e,1,200,196747,218.233,2122.823,92682
1787863702044,3bb48387-b4c3-198c-40c8-ff50491dd847,/p/0/c5b28d3e2da2e5cf,2,200,4812400,119.663,18350.422,262250
1787863714379,fbee6fc7-57ff-5c44-3de3-33f880144742,/p/1/93c092feb9a794f,2,200,403012,370.109,6094.705,66125
1787863718065,7bbf17f6-aee4-afee-f19f-92f395167876,/p/0/7a11e2067a7cc603,3,200,222286,176.638,2431.341,91425
1787863718065,7bbf17f6-aee4-afee-f19f-92f395167876,/p/0/7a11e3067a7cc7b6,3,200,290231,195.095,2620.776,110742
1787863720144,8aab9941-258b-0c1f-a6f0-c6424988ced4,/p/0/517235809855c153,2,200,51013,132.877,585.036,87196
1787863716500,74819d1f-bd95-c744-f6c4-c903baa45790,/p/0/c259160cbd3e75d3,2,200,2388329,62.243,4272.338,559022
1787863719915,6edf44a7-4015-3c89-f351-0b9d9baa5f57,/p/0/eb736a167c1a9426,4,200,246588,99.045,1039.852,237138
1787863719915,6edf44a7-4015-3c89-f351-0b9d9baa5f57,/p/5/eb7368167c1a90c0,4,200,329839,55.567,1085.696,303804
1787863718065,7bbf17f6-aee4-afee-f19f-92f395167876,/p/0/7a11e1067a7cc450,3,200,376671,176.648,3015.341,124918
1787863720320,f4a8b9a5-4ee0-fe4d-f1f1-43e95dd4d2a2,/p/0/1ade051c42ef1cee,2,200,11834,401.385,768.953,15390
1787863709006,6f28be06-2241-ab6a-249e-d2c0850bf6ef,/?crawl=13,0,200,4491957,41.784,12116.169,370741
1787863719915,6edf44a7-4015-3c89-f351-0b9d9baa5f57,/p/0/eb7369167c1a9273,4,200,406880,17.886,1219.053,333767
1787863714379,fbee6fc7-57ff-5c44-3de3-33f880144742,/p/0/93c082feb9a779c,2,200,496913,336.334,6768.994,73410
1787863716500,74819d1f-bd95-c744-f6c4-c903baa45790,/p/0/c259180cbd3e7939,2,200,3265638,62.221,4999.943,653135
1787863721122,6f28be06-2241-ab6a-249e-d2c0850bf6ef,/p/0/da456c6aed2ddd12,1,200,48152,192.719,615.984,78171
1787863721001,6edf44a7-4015-3c89-f351-0b9d9baa5f57,/p/4/c6ad278a429a885e,5,200,239302,105.135,859.655,278370
1787863719243,8a50b563-1648-4a04-21d9-ab442e918806,/p/0/c8cb08d5c9a7aba2,4,200,294920,244.279,2696.222,109383
1787863709938,76683c64-5474-e38f-933a-17abba50e1e0,/p/1/6dafbfc881c8cfbf,1,200,5378895,28.967,12011.292,447820
1787863721949,76683c64-5474-e38f-933a-17abba50e1e0,/p/0/59dfeb14ab7a5951,2,200,12218,29.940,45.353,269395
1787863721122,6f28be06-2241-ab6a-249e-d2c0850bf6ef,/p/6/da456a6aed2dd9ac,1,200,120531,192.724,897.366,134316
1787863720144,8aab9941-258b-0c1f-a6f0-c6424988ced4,/p/3/517234809855bfa0,2,200,260916,120.339,1988.949,131183
1787863718723,903b88a3-81b1-b559-2c64-b9b84099c443,/p/13/8bba1ccc83159701,4,200,191808,263.997,3488.160,54988
1787863719243,8a50b563-1648-4a04-21d9-ab442e918806,/p/0/c8cb06d5c9a7a83c,4,200,330665,186.957,2974.266,111175
1787863709070,3bb48387-b4c3-198c-40c8-ff50491dd847,/p/0/6ca72acb652270ed,3,200,3332357,111.981,13451.315,247735
1787863721001,6edf44a7-4015-3c89-f351-0b9d9baa5f57,/p/0/c6ad258a429a84f8,5,200,363290,95.381,1683.319,215818
1787863721949,76683c64-5474-e38f-933a-17abba50e1e0,/p/0/59dfe814ab7a5438,2,200,206449,74.660,756.603,272863
1787863720473,fbee6fc7-57ff-5c44-3de3-33f880144742,/p/0/8b81df60d035a6b3,3,200,207701,337.032,2926.200,70980
1787863720144,8aab9941-258b-0c1f-a6f0-c6424988ced4,/p/0/517236809855c306,2,200,447010,132.835,3302.272,135364
1787863723006,6ad19c0b-7b81-58e0-2ff6-d4f00bb68dbf,/?crawl=27,0,200,72575,82.865,447.565,162155
1787863712863,907ef421-22fa-5091-3bfc-f7299376b357,/p/0/e35c33c0c3e4e440,2,200,2552265,71.261,10813.023,236036
1787863714411,c314adea-952e-9fee-305f-d2b6166f4064,/p/0/9c6cbe12bb3b7304,1,200,485139,78.711,9451.054,51332
1787863721861,6edf44a7-4015-3c89-f351-0b9d9baa5f57,/p/0/84d1af9209583809,6,200,380688,95.108,2120.970,179488
1787863722133,8aab9941-258b-0c1f-a6f0-c6424988ced4,/p/0/b0f8c201d2a1129a,3,200,228642,147.693,1885.213,121282
1787863723006,772701dd-aea1-5ef0-e705-3cf49368395c,/?crawl=29,0,200,510089,33.593,1210.204,421490
1787863721861,6edf44a7-4015-3c89-f351-0b9d9baa5f57,/p/3/84d1ad92095834a3,6,200,489525,105.242,2428.288,201593
1787863724005,abefc2d7-d35b-d87a-c04e-372245781ac3,/?crawl=30,0,200,67509,134.993,292.414,230868
1787863723453,6ad19c0b-7b81-58e0-2ff6-d4f00bb68dbf,/p/0/d4b337527f7e82c7,1,200,72590,80.622,848.196,85582
1787863722212,903b88a3-81b1-b559-2c64-b9b84099c443,/p/0/9234260be9324963,5,200,108076,314.619,2368.599,45629
1787863722020,6f28be06-2241-ab6a-249e-d2c0850bf6ef,/p/0/5034022450487800,2,200,254813,188.656,2739.679,93008
1787863724289,6edf44a7-4015-3c89-f351-0b9d9baa5f57,/p/0/351f5e0117364528,7,200,118375,100.169,565.376,209374
1787863722020,6f28be06-2241-ab6a-249e-d2c0850bf6ef,/p/0/5034052450487d19,2,200,289530,188.759,2908.955,99531
1787863722212,903b88a3-81b1-b559-2c64-b9b84099c443,/p/12/9234250be93247b0,5,200,126836,243.442,2738.650,46313
1787863724289,6edf44a7-4015-3c89-f351-0b9d9baa5f57,/p/0/351f610117364a41,7,200,95840,129.362,735.526,130301
1787863718197,f4a8b9a5-4ee0-fe4d-f1f1-43e95dd4d2a2,/p/0/1a743839c1ada241,1,200,512003,328.037,6980.782,73345
1787863724216,772701dd-aea1-5ef0-e705-3cf49368395c,/p/0/128be0aab170e456,1,200,106670,169.079,1005.175,106121
1787863722133,8aab9941-258b-0c1f-a6f0-c6424988ced4,/p/0/b0f8c101d2a110e7,3,200,523592,134.815,3228.431,162182
1787863709724,119cccf6-b622-2b36-4137-bad4717c613d,/p/0/11a13261663c26c,1,200,2734635,42.513,15659.761,174628
1787863722133,8aab9941-258b-0c1f-a6f0-c6424988ced4,/p/2/b0f8c001d2a10f34,3,200,487536,134.827,3312.377,147186
1787863709724,119cccf6-b622-2b36-4137-bad4717c613d,/p/14/11a15261663c5d2,1,200,3700622,147.121,15736.194,235166
1787863725006,54aea588-92f0-d7c4-c897-724c1f30b788,/?crawl=33,0,200,197962,48.583,456.647,433512
1787863725006,3ba3ac45-605c-77f2-dd35-a727d942854f,/?crawl=35,0,200,309235,24.997,481.152,642697
1787863723453,6ad19c0b-7b81-58e0-2ff6-d4f00bb68dbf,/p/0/d4b336527f7e8114,1,200,174607,242.272,2067.390,84458
1787863724289,6edf44a7-4015-3c89-f351-0b9d9baa5f57,/p/2/351f60011736488e,7,200,335194,89.589,1316.238,254661
1787863725487,3ba3ac45-605c-77f2-dd35-a727d942854f,/p/3/a25aa51a3daad58,1,200,63226,22.793,258.441,244644
1787863723453,6ad19c0b-7b81-58e0-2ff6-d4f00bb68dbf,/p/0/d4b339527f7e862d,1,200,172852,120.903,2390.333,72313
1787863725006,147f1329-9df7-c919-74a7-e0d8df945942,/?crawl=34,0,200,478352,48.275,982.490,486877
1787863725445,8aab9941-258b-0c1f-a6f0-c6424988ced4,/p/0/97554fb8fb2922c,4,200,75257,133.316,557.736,134933
1787863709438,3bb48387-b4c3-198c-40c8-ff50491dd847,/p/0/b82578af5c2ccd5a,4,200,5748304,100.001,16646.602,345314
1787863720320,f4a8b9a5-4ee0-fe4d-f1f1-43e95dd4d2a2,/p/0/1ade041c42ef1b3b,2,200,357298,401.416,5837.230,61210
1787863725445,8aab9941-258b-0c1f-a6f0-c6424988ced4,/p/0/97557fb8fb29745,4,200,92505,121.196,775.320,119312
1787863718723,903b88a3-81b1-b559-2c64-b9b84099c443,/p/0/8bba1bcc8315954e,4,200,422768,240.157,7591.991,55686
1787863725460,119cccf6-b622-2b36-4137-bad4717c613d,/p/0/2568303cd3bdf3a0,2,200,500826,614.768,1026.129,488073
1787863709724,119cccf6-b622-2b36-4137-bad4717c613d,/p/0/11a16261663c785,1,200,5212600,126.587,16766.373,310896
1787863725605,6edf44a7-4015-3c89-f351-0b9d9baa5f57,/p/0/148b55b811ceaee8,8,200,186443,88.814,977.044,190824
1787863724298,abefc2d7-d35b-d87a-c04e-372245781ac3,/p/0/eb3957258ae17f1d,1,200,273966,194.614,2441.693,112203
1787863725462,54aea588-92f0-d7c4-c897-724c1f30b788,/p/0/7ea3ab831f7c737d,1,200,235674,31.658,1351.769,174345
1787863713005,e89633fe-4b4d-e12c-29a1-c7db403ee7ff,/?crawl=17,0,200,403706,1533.821,13869.382,29108
1787863727006,711f2436-b985-ab80-02c3-5b4dac835fa8,/?crawl=38,0,200,15203,63.495,93.682,162283
1787863725745,3ba3ac45-605c-77f2-dd35-a727d942854f,/p/2/8d3c5b509606d6e3,2,200,211320,134.417,1431.152,147657
1787863727176,3ba3ac45-605c-77f2-dd35-a727d942854f,/p/1/b7693ad78f16f18,3,200,13503,110.384,132.608,101827
1787863721122,6f28be06-2241-ab6a-249e-d2c0850bf6ef,/p/0/da456b6aed2ddb5f,1,200,2339960,37.508,6388.439,366280
1787863722020,6f28be06-2241-ab6a-249e-d2c0850bf6ef,/p/5/50340324504879b3,2,200,2567376,208.499,5497.110,467041
1787863727517,6f28be06-2241-ab6a-249e-d2c0850bf6ef,/p/4/905c6a2f3d960a63,3,200,55230,1.550,13.804,4000995
1787863727517,6f28be06-2241-ab6a-249e-d2c0850bf6ef,/p/0/905c692f3d9608b0,3,200,139809,2.546,38.928,3591471
1787863727517,6f28be06-2241-ab6a-249e-d2c0850bf6ef,/p/0/905c6c2f3d960dc9,3,200,303439,1.635,41.680,7280199
1787863727531,6f28be06-2241-ab6a-249e-d2c0850bf6ef,/p/0/8193161d391c9e93,4,200,37349,27.816,28.534,1308938
1787863727531,6f28be06-2241-ab6a-249e-d2c0850bf6ef,/p/3/8193181d391ca1f9,4,200,107981,27.862,33.907,3184640
1787863727531,6f28be06-2241-ab6a-249e-d2c0850bf6ef,/p/0/8193171d391ca046,4,200,475577,28.013,46.621,10200935
1787863727565,6f28be06-2241-ab6a-249e-d2c0850bf6ef,/p/0/b1001d492d909620,5,200,88725,24.587,46.482,1908786
1787863717006,a35b0b5a-b03e-383a-043c-d343d82f0797,/?crawl=22,0,200,2576959,59.281,10871.983,237027
1787863725605,6edf44a7-4015-3c89-f351-0b9d9baa5f57,/p/0/148b58b811ceb401,8,200,490265,98.624,2599.001,188636
1787863725462,54aea588-92f0-d7c4-c897-724c1f30b788,/p/0/7ea3a8831f7c6e64,1,200,473786,193.862,2763.490,171445
1787863727006,54e86db3-5aa0-43fa-7772-3a1d55c064aa,/?crawl=36,0,200,230301,82.998,1262.783,182376
1787863725605,6edf44a7-4015-3c89-f351-0b9d9baa5f57,/p/1/148b56b811ceb09b,8,200,506017,117.425,2818.853,179512
1787863727176,3ba3ac45-605c-77f2-dd35-a727d942854f,/p/0/b7694ad78f170cb,3,200,120117,132.615,1279.082,93909
1787863727878,a35b0b5a-b03e-383a-043c-d343d82f0797,/p/0/f39f8d7e9877b61b,1,200,50455,59.617,787.488,64071
1787863719174,c314adea-952e-9fee-305f-d2b6166f4064,/p/3/99203dcd81ea62eb,2,200,389671,404.851,9634.727,40444
1787863727565,6f28be06-2241-ab6a-249e-d2c0850bf6ef,/p/0/b10020492d909b39,5,200,4570541,25.019,1462.654,3124826
1787863727565,6f28be06-2241-ab6a-249e-d2c0850bf6ef,/p/2/b1001f492d909986,5,200,6028175,24.600,1601.592,3763864
1787863729166,6f28be06-2241-ab6a-249e-d2c0850bf6ef,/p/0/4b54f7082c91b5ae,6,200,43125,1.671,8.911,4839643
1787863729166,6f28be06-2241-ab6a-249e-d2c0850bf6ef,/p/0/4b54f6082c91b3fb,6,200,446372,3.046,68.029,6561506
1787863724580,903b88a3-81b1-b559-2c64-b9b84099c443,/p/0/9234270be9324b16,5,200,248416,228.112,4734.850,52465
1787863729166,6f28be06-2241-ab6a-249e-d2c0850bf6ef,/p/1/4b54f8082c91b761,6,200,2405852,1.668,209.767,11469179
1787863729376,6f28be06-2241-ab6a-249e-d2c0850bf6ef,/p/0/6b45bcd87d8c91d8,7,200,52596,1.160,7.048,7462678
1787863729376,6f28be06-2241-ab6a-249e-d2c0850bf6ef,/p/0/6b45bed87d8c953e,7,200,94445,3.569,17.444,5414123
1787863727878,a35b0b5a-b03e-383a-043c-d343d82f0797,/p/5/f39f8c7e9877b468,1,200,195779,146.172,1602.425,122177
1787863729376,6f28be06-2241-ab6a-249e-d2c0850bf6ef,/p/0/6b45bfd87d8c96f1,7,200,3842929,4.298,289.782,13261458
1787863725487,3ba3ac45-605c-77f2-dd35-a727d942854f,/p/0/a25ab51a3daaf0b,1,200,496601,88.928,4232.877,117320
1787863728424,6edf44a7-4015-3c89-f351-0b9d9baa5f57,/p/0/d8c30a35a6a9dbdb,9,200,245269,104.324,1326.218,184939
1787863723006,9ecffcaf-ecb4-df21-84a4-f325bb12cdd9,/?crawl=28,0,200,455393,212.114,6767.726,67289
1787863725745,3ba3ac45-605c-77f2-dd35-a727d942854f,/p/0/8d3c5d509606da49,2,200,502072,111.838,4360.685,115136
1787863728424,6edf44a7-4015-3c89-f351-0b9d9baa5f57,/p/0/d8c30c35a6a9df41,9,200,302662,95.646,1710.915,176901
1787863727006,c670da36-780c-7537-53e1-a1e1dc3ff0df,/?crawl=37,0,200,6119576,11.449,3234.772,1891811
1787863730240,c670da36-780c-7537-53e1-a1e1dc3ff0df,/p/0/30fa530ccd109618,1,200,58716,18.148,100.204,585964
1787863713295,03a6195b-c455-eb8f-4b2d-0000cbc5c95b,/p/2/20066a522f5cf773,1,200,5419195,52.569,17075.202,317372
1787863728424,6edf44a7-4015-3c89-f351-0b9d9baa5f57,/p/0/d8c30b35a6a9dd8e,9,200,354585,95.665,2040.587,173766
1787863718005,992ff4a2-43c8-4f05-7043-b73836dcc059,/?crawl=24,0,200,5388521,37.488,12572.395,428599
1787863730106,3ba3ac45-605c-77f2-dd35-a727d942854f,/p/0/159fb629bff21b5f,4,200,32747,164.952,499.883,65509
1787863730578,992ff4a2-43c8-4f05-7043-b73836dcc059,/p/0/681d8cb0141978da,1,200,20846,65.293,150.656,138368
1787863727099,711f2436-b985-ab80-02c3-5b4dac835fa8,/p/0/4fe6ac38e609ce85,1,200,366465,298.212,3653.917,100294
1787863729720,3ba3ac45-605c-77f2-dd35-a727d942854f,/p/0/159fb729bff21d12,4,200,132039,125.052,1147.437,115073
1787863724950,903b88a3-81b1-b559-2c64-b9b84099c443,/p/11/ebb58bd2e847c777,6,200,357853,265.498,5931.547,60330
1787863730370,03a6195b-c455-eb8f-4b2d-0000cbc5c95b,/p/1/efda41edcef65e30,2,200,377096,3.044,632.775,595940
1787863730370,03a6195b-c455-eb8f-4b2d-0000cbc5c95b,/p/0/efda42edcef65fe3,2,200,430668,3.291,952.795,452005
1787863731006,358b2a31-7489-9c1e-2619-29aa1f17e5d7,/?crawl=40,0,200,523021,22.155,580.747,900601
1787863731586,358b2a31-7489-9c1e-2619-29aa1f17e5d7,/p/0/194ac7721a6e13de,1,200,115110,16.739,363.745,316458
1787863715989,7bbf17f6-aee4-afee-f19f-92f395167876,/p/0/c494ca6b40f10aed,2,200,5365998,106.714,16104.276,333203
1787863728455,3ba3ac45-605c-77f2-dd35-a727d942854f,/p/0/159fb829bff21ec5,4,200,408701,130.289,3735.128,109421
1787863731586,358b2a31-7489-9c1e-2619-29aa1f17e5d7,/p/6/194ac5721a6e1078,1,200,262825,84.238,634.642,414131
1787863724005,597eafd9-bb7d-5e17-4b39-c9bcf63d3ea6,/?crawl=31,0,200,2924498,40.344,8278.585,353261
1787863732006,4c55b603-67dc-53ba-c6fd-6f4a708766be,/?crawl=41,0,200,365497,15.709,306.163,1193797
1787863732312,4c55b603-67dc-53ba-c6fd-6f4a708766be,/p/0/acb51ccfaf0909f1,1,200,28433,12.899,59.545,477502
1787863731003,03a6195b-c455-eb8f-4b2d-0000cbc5c95b,/p/0/32d43ae1895553c8,3,200,146399,360.339,1377.288,106295
1787863731003,03a6195b-c455-eb8f-4b2d-0000cbc5c95b,/p/0/32d43be18955557b,3,200,187362,359.971,1387.028,135082
1787863726315,903b88a3-81b1-b559-2c64-b9b84099c443,/p/0/ebb58ad2e847c5c4,6,200,285988,264.176,6415.901,44575
1787863730578,992ff4a2-43c8-4f05-7043-b73836dcc059,/p/0/681d8ab014197574,1,200,495354,32.282,2164.316,228873
1787863729315,903b88a3-81b1-b559-2c64-b9b84099c443,/p/0/ebb58dd2e847cadd,6,200,190166,336.776,3466.347,54861
1787863730578,992ff4a2-43c8-4f05-7043-b73836dcc059,/p/0/681d8db014197a8d,1,200,443215,65.287,2262.897,195862
1787863730006,16211184-e5ee-4b30-b676-50b23367a804,/?crawl=39,0,200,5421963,102.914,2866.761,1891320
1787863714267,8a50b563-1648-4a04-21d9-ab442e918806,/p/0/dd9dd69c1f6d7935,2,200,5236399,93.117,18629.578,281080
1787863731586,358b2a31-7489-9c1e-2619-29aa1f17e5d7,/p/0/194ac6721a6e122b,1,200,430567,84.212,1384.128,311075
1787863732221,358b2a31-7489-9c1e-2619-29aa1f17e5d7,/p/0/b27e7d3f19c7c9d8,2,200,154884,91.560,774.257,200042
1787863732873,16211184-e5ee-4b30-b676-50b23367a804,/p/0/bc7c56db516ed872,1,200,311237,11.265,357.795,869874
1787863729480,a35b0b5a-b03e-383a-043c-d343d82f0797,/p/0/239aa55fcc550efd,2,200,161125,293.912,3813.159,42255
1787863721949,76683c64-5474-e38f-933a-17abba50e1e0,/p/0/59dfe914ab7a55eb,2,200,5268207,45.325,11365.809,463514
1787863729480,a35b0b5a-b03e-383a-043c-d343d82f0797,/p/0/239aa25fcc5509e4,2,200,214835,323.306,3842.661,55908
1787863728809,c314adea-952e-9fee-305f-d2b6166f4064,/p/2/99b464f1fd08b354,3,200,117012,434.824,4567.723,25617
1787863732221,358b2a31-7489-9c1e-2619-29aa1f17e5d7,/p/5/b27e7f3f19c7cd3e,2,200,343673,108.496,1274.535,269646
1787863727878,a35b0b5a-b03e-383a-043c-d343d82f0797,/p/0/f39f8e7e9877b7ce,1,200,489896,205.386,5800.607,84456
1787863727099,711f2436-b985-ab80-02c3-5b4dac835fa8,/p/0/4fe6a938e609c96c,1,200,3131852,150.292,6721.685,465933
1787863733496,358b2a31-7489-9c1e-2619-29aa1f17e5d7,/p/0/ff1df9ee577a5ccd,3,200,138210,205.639,855.461,161562
1787863728268,54e86db3-5aa0-43fa-7772-3a1d55c064aa,/p/11/c464aa6a61ab8f91,1,200,393763,237.360,6222.289,63283
1787863728809,c314adea-952e-9fee-305f-d2b6166f4064,/p/0/99b465f1fd08b507,3,200,169815,396.281,6022.238,28198
1787863729774,9ecffcaf-ecb4-df21-84a4-f325bb12cdd9,/p/0/7f218c4d1cd5eff6,1,200,118488,1024.658,5131.151,23092
1787863734333,6766f2c3-792b-ad15-32b0-d1122203c79d,/?crawl=42,0,200,474471,42.532,836.414,567268
1787863725445,8aab9941-258b-0c1f-a6f0-c6424988ced4,/p/1/97556fb8fb29592,4,200,2795837,121.238,10156.925,275264
1787863733497,358b2a31-7489-9c1e-2619-29aa1f17e5d7,/p/4/ff1df7ee577a5967,3,200,339908,121.980,2119.290,160388
1787863735170,6766f2c3-792b-ad15-32b0-d1122203c79d,/p/0/401f712d43a3fe51,1,200,410770,26.814,664.150,618490
1787863735170,6766f2c3-792b-ad15-32b0-d1122203c79d,/p/0/401f6e2d43a3f938,1,200,353186,26.758,664.331,531642
1787863727099,711f2436-b985-ab80-02c3-5b4dac835fa8,/p/0/4fe6aa38e609cb1f,1,200,4636884,60.630,9016.678,514256
1787863721001,6edf44a7-4015-3c89-f351-0b9d9baa5f57,/p/0/c6ad288a429a8a11,5,200,4148513,95.318,15285.279,271406
1787863732284,597eafd9-bb7d-5e17-4b39-c9bcf63d3ea6,/p/0/57cf01c7f646890a,1,200,316635,40.629,4018.195,78800
1787863736005,862f7c07-a8cb-9cf9-21f7-3d0bfed706d3,/?crawl=45,0,200,50339,80.718,316.929,158834
1787863735602,8aab9941-258b-0c1f-a6f0-c6424988ced4,/p/0/798ad64cfb7807f1,5,200,125811,135.358,980.644,128294
1787863730882,903b88a3-81b1-b559-2c64-b9b84099c443,/p/10/dfd1d56c8d014a49,7,200,279999,407.914,5843.707,47915
1787863730240,c670da36-780c-7537-53e1-a1e1dc3ff0df,/p/0/30fa560ccd109b31,1,200,5630744,35.668,6493.265,867167
1787863730240,c670da36-780c-7537-53e1-a1e1dc3ff0df,/p/7/30fa550ccd10997e,1,200,5832693,9.366,6504.071,896776
1787863732284,597eafd9-bb7d-5e17-4b39-c9bcf63d3ea6,/p/3/57ceffc7f64685a4,1,200,505212,225.238,4490.003,112519
1787863732873,16211184-e5ee-4b30-b676-50b23367a804,/p/2/bc7c54db516ed50c,1,200,3509880,27.313,4086.555,858885
1787863736745,c670da36-780c-7537-53e1-a1e1dc3ff0df,/p/0/e9a9d6673f8e13d4,2,200,173143,33.897,276.886,625323
1787863728269,54e86db3-5aa0-43fa-7772-3a1d55c064aa,/p/0/c464a96a61ab8dde,1,200,473825,395.673,8843.878,53577
1787863736960,16211184-e5ee-4b30-b676-50b23367a804,/p/1/7787f1e956998250,2,200,74768,45.511,187.963,397781
1787863736960,16211184-e5ee-4b30-b676-50b23367a804,/p/0/7787f2e956998403,2,200,85282,41.460,187.966,453709
1787863736745,c670da36-780c-7537-53e1-a1e1dc3ff0df,/p/0/e9a9d9673f8e18ed,2,200,387547,8.523,464.609,834137
1787863735602,8aab9941-258b-0c1f-a6f0-c6424988ced4,/p/0/798ad44cfb78048b,5,200,302408,149.728,1672.673,180793
1787863736745,c670da36-780c-7537-53e1-a1e1dc3ff0df,/p/6/e9a9d7673f8e1587,2,200,480746,22.258,556.736,863508
1787863737301,c670da36-780c-7537-53e1-a1e1dc3ff0df,/p/0/47ebe145bd79eb83,3,200,107353,18.866,172.695,621634
1787863719826,8aab9941-258b-0c1f-a6f0-c6424988ced4,/p/0/fb87e10da8b46d3a,1,200,4508456,121.958,17782.063,253540
1787863735602,8aab9941-258b-0c1f-a6f0-c6424988ced4,/p/0/798ad34cfb7802d8,5,200,428953,161.599,2052.634,208977
1787863721861,6edf44a7-4015-3c89-f351-0b9d9baa5f57,/p/0/84d1ac92095832f0,6,200,4815637,105.205,15847.556,303873
1787863712006,ea97f938-ed03-89b8-e26c-c8680fea4b9e,/?crawl=15,0,200,425299,302.526,25711.857,16541
1787863720320,f4a8b9a5-4ee0-fe4d-f1f1-43e95dd4d2a2,/p/7/1ade061c42ef1ea1,2,200,2654691,363.532,17425.027,152349
1787863737301,c670da36-780c-7537-53e1-a1e1dc3ff0df,/p/0/47ebe245bd79ed36,3,200,382774,10.281,472.375,810318
1787863734491,54e86db3-5aa0-43fa-7772-3a1d55c064aa,/p/10/6e58447e46fec027,2,200,109388,557.969,3375.885,32403
1787863738006,5f983922-189f-20b7-2304-c70c4e333a90,/?crawl=47,0,200,12446,36.571,53.554,232401
1787863737148,16211184-e5ee-4b30-b676-50b23367a804,/p/0/5ebfe1201fa9a128,3,200,301484,44.905,1005.598,299806
1787863737148,16211184-e5ee-4b30-b676-50b23367a804,/p/0/5ebfe4201fa9a641,3,200,451614,44.836,1082.535,417182
1787863736960,16211184-e5ee-4b30-b676-50b23367a804,/p/0/7787f3e9569985b6,2,200,505240,49.740,1282.358,393993
1787863729774,9ecffcaf-ecb4-df21-84a4-f325bb12cdd9,/p/0/7f218d4d1cd5f1a9,1,200,248980,223.681,8660.793,28748
1787863735616,358b2a31-7489-9c1e-2619-29aa1f17e5d7,/p/0/dc1547e115127083,4,200,348150,902.451,2988.314,116504
1787863735616,358b2a31-7489-9c1e-2619-29aa1f17e5d7,/p/0/dc1548e115127236,4,200,409524,902.297,3055.989,134007
1787863735170,6766f2c3-792b-ad15-32b0-d1122203c79d,/p/2/401f702d43a3fc9e,1,200,3813372,125.178,3519.090,1083624
1787863735616,358b2a31-7489-9c1e-2619-29aa1f17e5d7,/p/3/dc1546e115126ed0,4,200,464307,902.432,3079.759,150761
1787863738006,b43c6ee3-fc47-442e-d0b0-8400dab823c0,/?crawl=48,0,200,341531,32.201,729.591,468113
1787863738735,b43c6ee3-fc47-442e-d0b0-8400dab823c0,/p/0/7df81c8575966346,1,200,21509,30.470,60.351,356398
1787863738059,5f983922-189f-20b7-2304-c70c4e333a90,/p/0/213319012aaac797,1,200,118868,32.405,769.917,154391
1787863732781,903b88a3-81b1-b559-2c64-b9b84099c443,/p/0/dfd1d36c8d0146e3,7,200,469772,263.877,6102.033,76986
1787863732312,4c55b603-67dc-53ba-c6fd-6f4a708766be,/p/2/acb51acfaf09068b,1,200,3942437,44.817,6692.421,589090
1787863713539,2fc881b1-4965-0c90-c64c-31e359409e84,/p/0/fc64e772c3e13b1e,4,200,3302858,198.498,25597.206,129032
1787863712167,39e8e142-4815-2f75-c747-10f37e32d9f2,/p/0/46db130d5892e033,1,200,2855302,204.247,26971.217,105865
1787863738059,5f983922-189f-20b7-2304-c70c4e333a90,/p/5/21331b012aaacafd,1,200,150968,97.595,1096.601,137669
1787863732731,903b88a3-81b1-b559-2c64-b9b84099c443,/p/0/dfd1d46c8d014896,7,200,499588,580.009,6469.028,77228
1787863736726,903b88a3-81b1-b559-2c64-b9b84099c443,/p/9/468db8a9f19f52a4,8,200,460720,310.883,2475.631,186102
1787863725462,54aea588-92f0-d7c4-c897-724c1f30b788,/p/1/7ea3aa831f7c71ca,1,200,5294257,161.264,13757.522,384826
1787863738696,358b2a31-7489-9c1e-2619-29aa1f17e5d7,/p/0/7476964f1e07f4db,5,200,90791,99.590,525.997,172607
1787863736322,862f7c07-a8cb-9cf9-21f7-3d0bfed706d3,/p/0/fa5e70460174ded7,1,200,183805,155.373,3077.520,59725
1787863730370,03a6195b-c455-eb8f-4b2d-0000cbc5c95b,/p/0/efda43edcef66196,2,200,4179652,2.541,9124.333,458078
1787863738696,358b2a31-7489-9c1e-2619-29aa1f17e5d7,/p/0/7476974f1e07f68e,5,200,197487,82.221,1092.448,180775
1787863739004,4c55b603-67dc-53ba-c6fd-6f4a708766be,/p/1/ac24313d4ee5acf9,2,200,207609,70.957,803.813,258280
1787863739004,4c55b603-67dc-53ba-c6fd-6f4a708766be,/p/0/ac24303d4ee5ab46,2,200,286265,64.788,836.512,342213
1787863715484,2fc881b1-4965-0c90-c64c-31e359409e84,/p/0/fc64e572c3e137b8,4,200,3482474,218.799,24358.867,142965
1787863736774,597eafd9-bb7d-5e17-4b39-c9bcf63d3ea6,/p/0/6cc9da1c847f73a6,2,200,294609,261.725,3078.714,95692
1787863707586,2fc881b1-4965-0c90-c64c-31e359409e84,/p/0/5480915931023bac,1,200,4548475,40.243,32268.235,140958
1787863738883,903b88a3-81b1-b559-2c64-b9b84099c443,/p/0/468db9a9f19f5457,8,200,102673,1234.107,1238.746,82885
1787863713538,2fc881b1-4965-0c90-c64c-31e359409e84,/p/0/fc64e872c3e13cd1,4,200,5204856,237.638,26707.109,194887
1787863732873,16211184-e5ee-4b30-b676-50b23367a804,/p/0/bc7c55db516ed6bf,1,200,6084363,52.838,7461.744,815408
1787863736774,597eafd9-bb7d-5e17-4b39-c9bcf63d3ea6,/p/2/6cc9d81c847f7040,2,200,307091,201.609,3679.891,83451
1787863739156,5f983922-189f-20b7-2304-c70c4e333a90,/p/0/f8e07e0fcf08d84,2,200,154593,249.749,1322.056,116934
1787863738735,b43c6ee3-fc47-442e-d0b0-8400dab823c0,/p/0/7df81b8575966193,1,200,426221,75.024,1866.111,228401
1787863739220,54aea588-92f0-d7c4-c897-724c1f30b788,/p/0/4621dc61fbfd80e4,2,200,224896,95.135,1451.822,154906
1787863739808,4c55b603-67dc-53ba-c6fd-6f4a708766be,/p/0/7b3a47468696139a,3,200,174594,77.338,864.286,202010
1787863732312,4c55b603-67dc-53ba-c6fd-6f4a708766be,/p/0/acb519cfaf0904d8,1,200,4219405,44.762,8386.407,503124
1787863738689,6766f2c3-792b-ad15-32b0-d1122203c79d,/p/1/a06dfc945c5fe2a9,2,200,407178,64.737,2053.900,198246
1787863739004,4c55b603-67dc-53ba-c6fd-6f4a708766be,/p/0/ac242f3d4ee5a993,2,200,518287,64.787,1758.156,294790
1787863739808,4c55b603-67dc-53ba-c6fd-6f4a708766be,/p/0/7b3a48468696154d,3,200,222574,77.369,1025.535,217032
1787863736322,862f7c07-a8cb-9cf9-21f7-3d0bfed706d3,/p/0/fa5e72460174e23d,1,200,345115,78.903,4518.613,76376
1787863740454,597eafd9-bb7d-5e17-4b39-c9bcf63d3ea6,/p/0/7211cae9c077829,3,200,6254,226.236,433.727,14419
1787863724298,abefc2d7-d35b-d87a-c04e-372245781ac3,/p/0/eb3954258ae17a04,1,200,2751071,194.562,16670.632,165025
1787863728809,c314adea-952e-9fee-305f-d2b6166f4064,/p/0/99b466f1fd08b6ba,3,200,400803,396.292,12181.195,32903
1787863740006,2385404d-98a3-ce90-7541-36240e23d98d,/?crawl=50,0,200,210047,124.934,993.447,211433
1787863739808,4c55b603-67dc-53ba-c6fd-6f4a708766be,/p/0/7b3a4646869611e7,3,200,514741,71.138,1212.775,424432
1787863737301,c670da36-780c-7537-53e1-a1e1dc3ff0df,/p/5/47ebe045bd79e9d0,3,200,5902266,26.759,4043.555,1459673
1787863740743,6766f2c3-792b-ad15-32b0-d1122203c79d,/p/0/b8d60b9a00250803,3,200,76372,140.111,723.561,105550
1787863734491,54e86db3-5aa0-43fa-7772-3a1d55c064aa,/p/0/6e58467e46fec38d,2,200,227726,518.396,7040.670,32344
1787863738689,6766f2c3-792b-ad15-32b0-d1122203c79d,/p/0/a06dfb945c5fe0f6,2,200,496535,112.153,2842.618,174675
1787863737148,16211184-e5ee-4b30-b676-50b23367a804,/p/0/5ebfe3201fa9a48e,3,200,5175775,49.377,4540.334,1139955
1787863740454,597eafd9-bb7d-5e17-4b39-c9bcf63d3ea6,/p/0/72119ae9c077310,3,200,109544,226.345,1236.637,88582
1787863739156,5f983922-189f-20b7-2304-c70c4e333a90,/p/4/f8e09e0fcf090ea,2,200,291970,267.077,2592.367,112627
1787863736322,862f7c07-a8cb-9cf9-21f7-3d0bfed706d3,/p/0/fa5e6f460174dd24,1,200,491658,117.107,5526.162,88969
1787863739156,5f983922-189f-20b7-2304-c70c4e333a90,/p/0/f8e0ae0fcf0929d,2,200,363155,249.694,2708.646,134073
1787863739220,54aea588-92f0-d7c4-c897-724c1f30b788,/p/0/4621df61fbfd85fd,2,200,503940,157.935,2920.432,172557
1787863740743,6766f2c3-792b-ad15-32b0-d1122203c79d,/p/0/b8d60d9a00250b69,3,200,202322,140.214,1457.999,138767
1787863729774,9ecffcaf-ecb4-df21-84a4-f325bb12cdd9,/p/0/7f218a4d1cd5ec90,1,200,445648,223.727,12488.688,35684
1787863741345,c670da36-780c-7537-53e1-a1e1dc3ff0df,/p/0/d0c1d0e2d2fdd67e,4,200,328150,46.606,1049.181,312768
1787863736774,597eafd9-bb7d-5e17-4b39-c9bcf63d3ea6,/p/0/6cc9d91c847f71f3,2,200,496611,221.253,5869.201,84613
1787863741006,907622a4-b130-186f-0d97-1885a857c4d7,/?crawl=51,0,200,318576,81.767,1767.854,180205
1787863741748,5f983922-189f-20b7-2304-c70c4e333a90,/p/0/d5833ab31cbbf8ec,3,200,69565,164.356,1224.334,56819
1787863743005,3ef4fc5a-1c32-0078-d5de-8f2131c41670,/?crawl=53,0,200,26292,39.153,95.538,275199
1787863740743,6766f2c3-792b-ad15-32b0-d1122203c79d,/p/0/b8d60a9a00250650,3,200,430404,128.211,2414.838,178233
1787863712167,39e8e142-4815-2f75-c747-10f37e32d9f2,/p/0/46db140d5892e1e6,1,200,4382303,226.833,31028.514,141235
1787863740990,c314adea-952e-9fee-305f-d2b6166f4064,/p/0/d5ec30d09388541a,4,200,68148,436.471,2502.787,27229
1787863740454,597eafd9-bb7d-5e17-4b39-c9bcf63d3ea6,/p/1/7211bae9c077676,3,200,393414,226.343,3055.196,128769
1787863724298,abefc2d7-d35b-d87a-c04e-372245781ac3,/p/13/eb3955258ae17bb7,1,200,4133974,37.915,19279.628,214422
1787863737745,f4a8b9a5-4ee0-fe4d-f1f1-43e95dd4d2a2,/p/6/1919d534f931b4a8,3,200,317517,472.190,5908.475,53739
1787863714133,39e8e142-4815-2f75-c747-10f37e32d9f2,/p/0/b54fdd1904f34641,2,200,5759092,250.253,29783.343,193366
1787863743509,597eafd9-bb7d-5e17-4b39-c9bcf63d3ea6,/p/0/7778d8a02f902160,4,200,22085,206.746,432.057,51116
1787863724216,772701dd-aea1-5ef0-e705-3cf49368395c,/p/0/128be1aab170e609,1,200,4102564,33.020,19944.277,205701
1787863732221,358b2a31-7489-9c1e-2619-29aa1f17e5d7,/p/0/b27e803f19c7cef1,2,200,3502338,82.852,12244.990,286022
1787863741000,2385404d-98a3-ce90-7541-36240e23d98d,/p/0/9f3a9028311cf1bb,1,200,278898,62.822,3477.006,80212
1787863741000,2385404d-98a3-ce90-7541-36240e23d98d,/p/1/9f3a9228311cf521,1,200,262155,93.547,3477.010,75397
1787863743101,3ef4fc5a-1c32-0078-d5de-8f2131c41670,/p/1/e4fb920f734c12e8,1,200,194409,93.553,1412.747,137611
1787863736006,c135ceeb-5cc0-414b-bc91-86edf1bfba18,/?crawl=44,0,200,2864778,48.133,8732.751,328050
1787863724216,772701dd-aea1-5ef0-e705-3cf49368395c,/p/0/128bdfaab170e2a3,1,200,4309904,33.041,20533.332,209898
1787863737867,54e86db3-5aa0-43fa-7772-3a1d55c064aa,/p/0/873cb3e891cf9b1a,3,200,265570,558.017,6939.003,38272
1787863737867,54e86db3-5aa0-43fa-7772-3a1d55c064aa,/p/0/873cb2e891cf9967,3,200,351664,597.073,7257.913,48452
1787863745005,c07080bf-ba98-0377-2605-4d8d538e2efe,/?crawl=58,0,200,317679,14.421,272.774,1164624
1787863725006,af266086-ffea-5082-8a54-f1c5f3483d47,/?crawl=32,0,200,4063402,69.932,20354.470,199632
1787863738689,6766f2c3-792b-ad15-32b0-d1122203c79d,/p/0/a06dfa945c5fdf43,2,200,2178787,50.874,6735.477,323479
1787863731003,03a6195b-c455-eb8f-4b2d-0000cbc5c95b,/p/0/32d43de1895558e1,3,200,4073124,360.511,14502.951,280848
1787863745006,5e11decd-9e93-9afc-a9a6-cadb429331f2,/?crawl=56,0,200,163576,50.622,521.951,313393
1787863745278,c07080bf-ba98-0377-2605-4d8d538e2efe,/p/0/3e7e73b8c454489,1,200,229088,13.755,588.868,389031
1787863745278,c07080bf-ba98-0377-2605-4d8d538e2efe,/p/0/3e7e53b8c454123,1,200,265097,81.259,710.937,372884
1787863745528,5e11decd-9e93-9afc-a9a6-cadb429331f2,/p/0/c60f3ee35a52e4ad,1,200,74280,46.957,471.409,157570
1787863745278,c07080bf-ba98-0377-2605-4d8d538e2efe,/p/0/3e7e63b8c4542d6,1,200,494080,32.235,810.891,609305
1787863743509,597eafd9-bb7d-5e17-4b39-c9bcf63d3ea6,/p/0/7778d9a02f902313,4,200,353921,226.867,2864.135,123570
1787863741345,c670da36-780c-7537-53e1-a1e1dc3ff0df,/p/0/d0c1cfe2d2fdd4cb,4,200,3788694,12.079,5054.326,749594
1787863743509,597eafd9-bb7d-5e17-4b39-c9bcf63d3ea6,/p/0/7778daa02f9024c6,4,200,312867,246.828,2947.539,106145
1787863733497,358b2a31-7489-9c1e-2619-29aa1f17e5d7,/p/0/ff1df6ee577a57b4,3,200,4553014,126.879,13072.179,348298
1787863742774,907622a4-b130-186f-0d97-1885a857c4d7,/p/12/bd03cca9c81ff0e,1,200,267368,155.692,3919.998,68206
1787863734831,c314adea-952e-9fee-305f-d2b6166f4064,/p/0/d5ec2fd093885267,4,200,330441,842.545,11876.652,27823
1787863743578,abefc2d7-d35b-d87a-c04e-372245781ac3,/p/0/e167f978ccf64528,2,200,311717,99.690,3179.814,98030
1787863742774,907622a4-b130-186f-0d97-1885a857c4d7,/p/0/bd03dca9c8200c1,1,200,215924,80.606,4003.247,53937
1787863728268,54e86db3-5aa0-43fa-7772-3a1d55c064aa,/p/0/c464a86a61ab8c2b,1,200,3323159,80.263,18683.877,177862
1787863725460,119cccf6-b622-2b36-4137-bad4717c613d,/p/13/2568313cd3bdf553,2,200,4175624,614.357,21608.730,193238
1787863741000,2385404d-98a3-ce90-7541-36240e23d98d,/p/0/9f3a9128311cf36e,1,200,454710,311.128,6117.364,74331
1787863738735,b43c6ee3-fc47-442e-d0b0-8400dab823c0,/p/7/7df81a8575965fe0,1,200,3598301,90.296,8465.410,425059
1787863741345,c670da36-780c-7537-53e1-a1e1dc3ff0df,/p/4/d0c1cee2d2fdd318,4,200,5570576,26.272,5906.745,943087
1787863747252,c670da36-780c-7537-53e1-a1e1dc3ff0df,/p/0/daa074d4bd44d244,5,200,299602,47.012,404.643,740411
1787863745360,af266086-ffea-5082-8a54-f1c5f3483d47,/p/0/120dfee0b417662a,1,200,189532,70.640,2385.174,79463
1787863747006,bbc12bb2-8632-643d-e8b7-899e14b3bb4d,/?crawl=63,0,200,190292,63.944,811.963,234361
1787863744514,3ef4fc5a-1c32-0078-d5de-8f2131c41670,/p/0/468c8e127f8d57dd,2,200,274260,366.292,3386.415,80988
1787863739220,54aea588-92f0-d7c4-c897-724c1f30b788,/p/0/4621de61fbfd844a,2,200,3272546,31.601,8824.970,370828
1787863743101,3ef4fc5a-1c32-0078-d5de-8f2131c41670,/p/0/e4fb930f734c149b,1,200,419410,112.218,5046.512,83109
1787863747006,3527c3c4-80dc-66bc-c96d-84ba68920a99,/?crawl=62,0,200,376578,49.444,1161.738,324150
1787863737867,54e86db3-5aa0-43fa-7772-3a1d55c064aa,/p/9/873cb4e891cf9ccd,3,200,5512941,597.055,10366.753,531791
1787863734491,54e86db3-5aa0-43fa-7772-3a1d55c064aa,/p/0/6e58437e46febe74,2,200,5963938,478.098,13772.464,433033
1787863747818,bbc12bb2-8632-643d-e8b7-899e14b3bb4d,/p/0/dc9559b665b5d884,1,200,177619,462.639,466.271,380935
1787863747817,bbc12bb2-8632-643d-e8b7-899e14b3bb4d,/p/0/dc955cb665b5dd9d,1,200,386897,60.155,472.341,819105
1787863745528,5e11decd-9e93-9afc-a9a6-cadb429331f2,/p/0/c60f3ce35a52e147,1,200,381320,156.721,2762.910,138014
1787863748234,54e86db3-5aa0-43fa-7772-3a1d55c064aa,/p/8/9777d94561253834,4,200,78789,29.626,141.356,557380
1787863743654,f4a8b9a5-4ee0-fe4d-f1f1-43e95dd4d2a2,/p/0/13413e1a68cb0f5a,4,200,177345,439.570,4811.686,36857
1787863748375,54e86db3-5aa0-43fa-7772-3a1d55c064aa,/p/0/33c8b672bef91df1,5,200,92636,30.726,122.587,755674
1787863748375,54e86db3-5aa0-43fa-7772-3a1d55c064aa,/p/7/33c8b472bef91a8b,5,200,312964,30.654,180.094,1737785
1787863745528,5e11decd-9e93-9afc-a9a6-cadb429331f2,/p/0/c60f3be35a52df94,1,200,504219,135.129,3039.278,165901
1787863748555,54e86db3-5aa0-43fa-7772-3a1d55c064aa,/p/6/4b94c5033c408da4,6,200,45435,7.926,29.122,1560144
1787863748584,54e86db3-5aa0-43fa-7772-3a1d55c064aa,/p/5/1a341a918d96ac1a,7,200,184670,10.692,78.163,2362624
1787863748555,54e86db3-5aa0-43fa-7772-3a1d55c064aa,/p/0/4b94c7033c40910a,6,200,406920,9.242,205.051,1984483
1787863747201,b43c6ee3-fc47-442e-d0b0-8400dab823c0,/p/0/40c4e74aec68a6ec,2,200,232611,30.570,1785.408,130285
1787863742774,907622a4-b130-186f-0d97-1885a857c4d7,/p/0/bd03aca9c81fba8,1,200,363979,80.600,6229.381,58429
1787863744514,3ef4fc5a-1c32-0078-d5de-8f2131c41670,/p/0/468c8c127f8d5477,2,200,384649,216.282,4546.890,84596
1787863733376,c314adea-952e-9fee-305f-d2b6166f4064,/p/1/d5ec2ed0938850b4,4,200,475281,683.013,15959.786,29780
1787863738006,8be784eb-40de-97fe-07b2-1588666c80c5,/?crawl=46,0,200,5603303,35.285,11331.536,494487
1787863744518,3ef4fc5a-1c32-0078-d5de-8f2131c41670,/p/0/468c8d127f8d562a,2,200,465923,249.414,4962.033,93898
1787863725745,3ba3ac45-605c-77f2-dd35-a727d942854f,/p/0/8d3c5a509606d530,2,200,4561936,122.648,23791.555,191746
1787863738696,358b2a31-7489-9c1e-2619-29aa1f17e5d7,/p/2/7476984f1e07f841,5,200,5339443,108.479,10841.813,492486
1787863745360,af266086-ffea-5082-8a54-f1c5f3483d47,/p/0/120dfde0b4176477,1,200,391060,141.129,4241.849,92191
1787863747069,119cccf6-b622-2b36-4137-bad4717c613d,/p/0/95015abb28851911,3,200,242361,276.320,2682.974,90333
1787863749337,8be784eb-40de-97fe-07b2-1588666c80c5,/p/7/8dc8c5a3960fd4ea,1,200,107909,29.910,555.410,194287
1787863739201,903b88a3-81b1-b559-2c64-b9b84099c443,/p/8/a23106e40ad2a596,9,200,497864,2219.971,11124.049,44756
1787863745360,af266086-ffea-5082-8a54-f1c5f3483d47,/p/3/120dffe0b41767dd,1,200,452921,211.302,5013.622,90338
1787863750008,e66a860b-3f44-36b7-2a6e-35a34e276815,/?crawl=64,0,200,290728,58.316,531.067,547442
1787863725460,119cccf6-b622-2b36-4137-bad4717c613d,/p/0/2568333cd3bdf8b9,2,200,4863594,614.707,25121.309,193604
1787863750539,e66a860b-3f44-36b7-2a6e-35a34e276815,/p/0/22565b9da7e4f9b1,1,200,76351,26.250,305.436,249974
1787863747252,c670da36-780c-7537-53e1-a1e1dc3ff0df,/p/0/daa077d4bd44d75d,5,200,3380142,11.000,3668.401,921421
1787863749538,358b2a31-7489-9c1e-2619-29aa1f17e5d7,/p/0/7a633e50b0f18c8a,6,200,305816,81.874,1483.637,206126
1787863749538,358b2a31-7489-9c1e-2619-29aa1f17e5d7,/p/0/7a633d50b0f18ad7,6,200,358098,16.193,1585.234,225896
1787863749538,358b2a31-7489-9c1e-2619-29aa1f17e5d7,/p/1/7a633c50b0f18924,6,200,418095,49.915,1654.869,252645
1787863747069,119cccf6-b622-2b36-4137-bad4717c613d,/p/12/950159bb2885175e,3,200,422064,233.560,4154.687,101587
1787863727309,3ba3ac45-605c-77f2-dd35-a727d942854f,/p/0/b7695ad78f1727e,3,200,5220587,167.830,24000.552,217519
1787863747252,c670da36-780c-7537-53e1-a1e1dc3ff0df,/p/3/daa076d4bd44d5aa,5,200,4040461,55.767,4058.684,995510
1787863747006,d45d23a4-16c4-f129-627a-f6497d81d10d,/?crawl=61,0,200,4418521,86.509,4429.265,997574
1787863740122,903b88a3-81b1-b559-2c64-b9b84099c443,/p/0/a23107e40ad2a749,9,200,370618,1769.457,11487.437,32263
1787863725487,3ba3ac45-605c-77f2-dd35-a727d942854f,/p/0/a25ac51a3dab0be,1,200,5432145,78.090,26176.416,207521
1787863744477,2385404d-98a3-ce90-7541-36240e23d98d,/p/0/ca8f3d502292bc32,2,200,494749,375.735,7208.908,68630
1787863751310,c670da36-780c-7537-53e1-a1e1dc3ff0df,/p/0/255ee21f08ca1b4c,6,200,222131,11.334,402.974,551229
1787863751311,c670da36-780c-7537-53e1-a1e1dc3ff0df,/p/0/255ee51f08ca2065,6,200,302197,72.370,434.812,695006
1787863751311,c670da36-780c-7537-53e1-a1e1dc3ff0df,/p/2/255ee41f08ca1eb2,6,200,370921,48.315,485.635,763786
1787863747818,bbc12bb2-8632-643d-e8b7-899e14b3bb4d,/p/2/dc955ab665b5da37,1,200,5316209,462.537,4001.993,1328390
1787863751796,c670da36-780c-7537-53e1-a1e1dc3ff0df,/p/0/7d78c1e3a6c4f3ca,7,200,92208,9.269,138.555,665497
1787863750539,e66a860b-3f44-36b7-2a6e-35a34e276815,/p/4/22565a9da7e4f7fe,1,200,356927,93.081,1427.821,249980
1787863749337,8be784eb-40de-97fe-07b2-1588666c80c5,/p/0/8dc8c6a3960fd69d,1,200,328750,100.330,2713.174,121168
1787863748234,54e86db3-5aa0-43fa-7772-3a1d55c064aa,/p/0/9777db4561253b9a,4,200,3716688,30.099,3884.880,956706
1787863752005,4787cbff-72f5-8c1e-fa9e-48ac742bab80,/?crawl=69,0,200,48413,35.926,117.949,410455
1787863747069,119cccf6-b622-2b36-4137-bad4717c613d,/p/0/950157bb288513f8,3,200,453241,212.887,5169.181,87681
1787863751193,358b2a31-7489-9c1e-2619-29aa1f17e5d7,/p/0/41e948fbf8a8b550,7,200,404589,21.377,1124.370,359836
1787863745006,218a1fdf-6dc4-1631-d88d-8e04425f14c9,/?crawl=57,0,200,3291293,68.360,7472.561,440450
1787863752478,218a1fdf-6dc4-1631-d88d-8e04425f14c9,/p/5/32a4e785c5b7eb34,1,200,38567,2.992,4.997,7717432
1787863751008,0e9f9c18-3ca4-26d9-fa2d-966750949a8e,/?crawl=65,0,200,369305,73.298,1499.373,246306
1787863751820,bbc12bb2-8632-643d-e8b7-899e14b3bb4d,/p/1/e2721ce325ba99af,2,200,114233,60.416,710.870,160695
1787863721005,f3f5893e-a200-2838-0748-c0b66164b119,/?crawl=26,0,200,6165965,76.338,31525.691,195585
1787863749337,8be784eb-40de-97fe-07b2-1588666c80c5,/p/0/8dc8c3a3960fd184,1,200,352286,180.723,3194.451,110281
1787863750374,af266086-ffea-5082-8a54-f1c5f3483d47,/p/0/dbd8b38455b25f82,2,200,222434,103.762,2242.048,99210
1787863752123,4787cbff-72f5-8c1e-fa9e-48ac742bab80,/p/0/68175884ea14125f,1,200,167291,33.140,622.806,268608
1787863752005,717eb0cf-441b-2f7f-6c45-ba3a83dcbdb7,/?crawl=68,0,200,371061,32.607,754.123,492043
1787863752478,218a1fdf-6dc4-1631-d88d-8e04425f14c9,/p/0/32a4e985c5b7ee9a,1,200,115816,2.695,312.999,370020
1787863752483,218a1fdf-6dc4-1631-d88d-8e04425f14c9,/p/4/d96e43cd0960c180,2,200,38074,311.171,326.915,116464
1787863752760,717eb0cf-441b-2f7f-6c45-ba3a83dcbdb7,/p/0/d4ad032755791c4c,1,200,21731,28.614,58.665,370423
1787863750539,e66a860b-3f44-36b7-2a6e-35a34e276815,/p/0/2256589da7e4f498,1,200,512650,66.591,2335.353,219517
1787863752005,9154ce6b-52ef-f033-33a9-cf233b271222,/?crawl=67,0,200,426229,32.462,925.887,460347
1787863752531,bbc12bb2-8632-643d-e8b7-899e14b3bb4d,/p/0/ccfd9d9a54fa49b,3,200,15601,323.797,472.687,33005
1787863749893,8be784eb-40de-97fe-07b2-1588666c80c5,/p/6/fe496050a6d480d2,2,200,360123,175.703,3127.098,115162
1787863752931,9154ce6b-52ef-f033-33a9-cf233b271222,/p/0/8eec0440134a0038,1,200,43310,31.729,186.878,231756
1787863752478,218a1fdf-6dc4-1631-d88d-8e04425f14c9,/p/0/32a4e885c5b7ece7,1,200,394367,2.798,648.128,608471
1787863752483,218a1fdf-6dc4-1631-d88d-8e04425f14c9,/p/0/d96e44cd0960c333,2,200,252341,309.340,644.698,391410
1787863752483,218a1fdf-6dc4-1631-d88d-8e04425f14c9,/p/0/d96e45cd0960c4e6,2,200,292965,309.620,646.654,453047
1787863752810,218a1fdf-6dc4-1631-d88d-8e04425f14c9,/p/0/9403e28fb35049f2,3,200,27962,321.933,323.078,86549
1787863751224,119cccf6-b622-2b36-4137-bad4717c613d,/p/11/d06c6c3ac0ad961c,4,200,163930,213.316,2004.380,81786
1787863749893,8be784eb-40de-97fe-07b2-1588666c80c5,/p/0/fe495e50a6d47d6c,2,200,418864,175.729,3403.816,123057
1787863751224,119cccf6-b622-2b36-4137-bad4717c613d,/p/0/d06c6d3ac0ad97cf,4,200,279936,235.267,2172.838,128834
1787863751967,e66a860b-3f44-36b7-2a6e-35a34e276815,/p/3/339145bde68d4c4a,2,200,226952,132.542,1506.343,150664
1787863752931,9154ce6b-52ef-f033-33a9-cf233b271222,/p/4/8eec0540134a01eb,1,200,105738,61.582,605.730,174563
1787863753229,119cccf6-b622-2b36-4137-bad4717c613d,/p/0/bb30cc09d40ff34d,5,200,20919,210.336,462.559,45224
1787863752123,4787cbff-72f5-8c1e-fa9e-48ac742bab80,/p/0/68175984ea141412,1,200,265627,101.008,1602.647,165743
1787863752760,717eb0cf-441b-2f7f-6c45-ba3a83dcbdb7,/p/0/d4ad052755791fb2,1,200,273891,72.905,1055.060,259597
1787863752760,717eb0cf-441b-2f7f-6c45-ba3a83dcbdb7,/p/0/d4ad062755792165,1,200,223796,101.280,1055.071,212115
1787863751435,d45d23a4-16c4-f129-627a-f6497d81d10d,/p/0/36a04718eebc4aa,1,200,118863,577.873,2381.889,49903
1787863750374,af266086-ffea-5082-8a54-f1c5f3483d47,/p/0/dbd8b28455b25dcf,2,200,285826,137.179,3797.414,75269
1787863752123,4787cbff-72f5-8c1e-fa9e-48ac742bab80,/p/0/68175a84ea1415c5,1,200,516987,101.016,2207.491,234197
1787863751610,903b88a3-81b1-b559-2c64-b9b84099c443,/p/7/9da1e0523b7a13e5,10,200,126897,244.439,2753.554,46085
1787863753537,9154ce6b-52ef-f033-33a9-cf233b271222,/p/0/5d5f1c4802aaf6b5,2,200,98446,188.037,874.221,112610
1787863751796,c670da36-780c-7537-53e1-a1e1dc3ff0df,/p/0/7d78c0e3a6c4f217,7,200,2536587,22.225,2651.836,956540
1787863751967,e66a860b-3f44-36b7-2a6e-35a34e276815,/p/0/339146bde68d4dfd,2,200,365278,132.545,2498.926,146174
1787863751796,c670da36-780c-7537-53e1-a1e1dc3ff0df,/p/1/7d78bfe3a6c4f064,7,200,2673620,28.765,2759.130,969008
1787863751008,b35cebe0-842a-2759-111b-af67747709b4,/?crawl=66,0,200,512550,81.577,3586.756,142901
1787863754555,c670da36-780c-7537-53e1-a1e1dc3ff0df,/p/0/19c106b5f1e157fe,8,200,52890,10.326,46.949,1126553
1787863750325,903b88a3-81b1-b559-2c64-b9b84099c443,/p/0/a23104e40ad2a230,9,200,254180,312.633,4565.691,55672
1787863754555,c670da36-780c-7537-53e1-a1e1dc3ff0df,/p/0/19c104b5f1e15498,8,200,426399,10.293,469.024,909120
1787863754555,c670da36-780c-7537-53e1-a1e1dc3ff0df,/p/0/19c105b5f1e1564b,8,200,421205,31.465,472.965,890562
1787863753020,8be784eb-40de-97fe-07b2-1588666c80c5,/p/0/e663864ea5f031c8,3,200,310127,144.602,2121.201,146203
1787863752810,218a1fdf-6dc4-1631-d88d-8e04425f14c9,/p/3/9403e08fb350468c,3,200,2721030,319.844,2396.630,1135357
1787863752531,bbc12bb2-8632-643d-e8b7-899e14b3bb4d,/p/0/ccfd8d9a54fa2e8,3,200,161528,323.647,2765.723,58404
1787863753020,8be784eb-40de-97fe-07b2-1588666c80c5,/p/5/e663874ea5f0337b,3,200,479447,158.461,2279.610,210320
1787863746694,907622a4-b130-186f-0d97-1885a857c4d7,/p/11/377942f21464cfc8,2,200,447370,443.861,8705.043,51392
1787863746694,907622a4-b130-186f-0d97-1885a857c4d7,/p/0/377944f21464d32e,2,200,458282,404.132,8824.540,51933
1787863752931,9154ce6b-52ef-f033-33a9-cf233b271222,/p/0/8eec0740134a0551,1,200,479271,108.031,2594.067,184757
1787863752810,218a1fdf-6dc4-1631-d88d-8e04425f14c9,/p/0/9403e18fb350483f,3,200,5487757,319.886,2759.512,1988670
1787863755207,218a1fdf-6dc4-1631-d88d-8e04425f14c9,/p/0/7a9c572418e2b21e,4,200,6154,362.999,363.067,16950
1787863755207,218a1fdf-6dc4-1631-d88d-8e04425f14c9,/p/2/7a9c552418e2aeb8,4,200,295000,363.186,369.577,798209
1787863753537,9154ce6b-52ef-f033-33a9-cf233b271222,/p/3/5d5f1b4802aaf502,2,200,282018,203.485,2081.803,135468
1787863753473,e66a860b-3f44-36b7-2a6e-35a34e276815,/p/0/ac94ca36863875b4,3,200,221537,186.439,2161.653,102485
1787863753537,9154ce6b-52ef-f033-33a9-cf233b271222,/p/0/5d5f194802aaf19c,2,200,260041,188.138,2144.075,121284
1787863755299,8be784eb-40de-97fe-07b2-1588666c80c5,/p/0/1b69bc99eed053db,4,200,45376,445.452,448.831,101098
1787863751224,119cccf6-b622-2b36-4137-bad4717c613d,/p/0/d06c6e3ac0ad9982,4,200,474382,213.731,4583.697,103493
1787863755576,218a1fdf-6dc4-1631-d88d-8e04425f14c9,/p/1/2413a81c810f46c9,5,200,143629,327.699,335.109,428604
1787863755576,218a1fdf-6dc4-1631-d88d-8e04425f14c9,/p/0/2413a61c810f4363,5,200,305414,328.511,347.600,878635
1787863754006,ce323bde-bf9a-9af0-fea7-63c7988e197c,/?crawl=70,0,200,499801,64.708,2087.707,239402
1787863755619,9154ce6b-52ef-f033-33a9-cf233b271222,/p/0/f4e3bce1598da87b,3,200,77983,170.860,542.703,143694
1787863755299,8be784eb-40de-97fe-07b2-1588666c80c5,/p/4/1b69be99eed05741,4,200,261264,446.105,986.023,264967
1787863755299,8be784eb-40de-97fe-07b2-1588666c80c5,/p/0/1b69bd99eed0558e,4,200,313988,445.628,986.848,318173
1787863751820,bbc12bb2-8632-643d-e8b7-899e14b3bb4d,/p/0/e2721ee325ba9d15,2,200,296662,385.095,4490.718,66061
1787863749893,8be784eb-40de-97fe-07b2-1588666c80c5,/p/0/fe496150a6d48285,2,200,2446950,179.506,6425.254,380833
1787863743578,abefc2d7-d35b-d87a-c04e-372245781ac3,/p/12/e167fb78ccf6488e,2,200,2401831,39.844,12771.996,188054
1787863729480,a35b0b5a-b03e-383a-043c-d343d82f0797,/p/4/239aa45fcc550d4a,2,200,5786319,323.309,27032.222,214053
1787863732284,597eafd9-bb7d-5e17-4b39-c9bcf63d3ea6,/p/0/57cf00c7f6468757,1,200,5363958,60.950,24445.405,219426
1787863753474,e66a860b-3f44-36b7-2a6e-35a34e276815,/p/0/ac94cd3686387acd,3,200,499989,159.445,3267.327,153027
1787863755619,9154ce6b-52ef-f033-33a9-cf233b271222,/p/2/f4e3bbe1598da6c8,3,200,256305,77.739,1136.795,225463
1787863755207,218a1fdf-6dc4-1631-d88d-8e04425f14c9,/p/0/7a9c562418e2b06b,4,200,2819961,362.970,1611.944,1749417
1787863756756,9154ce6b-52ef-f033-33a9-cf233b271222,/p/0/a5908c31145dea37,4,200,8859,155.787,186.218,47573
1787863756285,8be784eb-40de-97fe-07b2-1588666c80c5,/p/3/d351bb50e535209d,5,200,60145,666.458,667.420,90116
1787863756512,a35b0b5a-b03e-383a-043c-d343d82f0797,/p/3/862b198cbc12f155,3,200,49785,128.803,772.820,64420
1787863753229,119cccf6-b622-2b36-4137-bad4717c613d,/p/10/bb30cb09d40ff19a,5,200,514223,210.315,4302.794,119509
1787863743005,8e47a8f6-c65c-0aa8-2c93-79e471520fef,/?crawl=52,0,200,5587950,37.217,14567.627,383587
1787863756094,ce323bde-bf9a-9af0-fea7-63c7988e197c,/p/0/88a4d0177da0f0e0,1,200,155456,95.385,1485.689,104636
1787863752531,bbc12bb2-8632-643d-e8b7-899e14b3bb4d,/p/0/ccfdbd9a54fa801,3,200,362002,323.868,5057.566,71576
1787863751820,bbc12bb2-8632-643d-e8b7-899e14b3bb4d,/p/0/e2721be325ba97fc,2,200,465730,384.994,5826.173,79938
1787863756285,8be784eb-40de-97fe-07b2-1588666c80c5,/p/0/d351b950e5351d37,5,200,406024,666.475,1383.261,293527
1787863726875,e89633fe-4b4d-e12c-29a1-c7db403ee7ff,/p/0/8c9c15f49ac20313,1,200,460216,250.745,30810.874,14937
1787863751435,d45d23a4-16c4-f129-627a-f6497d81d10d,/p/0/36a03718eebc2f7,1,200,506529,240.788,6363.521,79599
1787863755912,218a1fdf-6dc4-1631-d88d-8e04425f14c9,/p/0/b286bb4de5d6a6ec,6,200,344440,919.258,1899.367,181345
1787863754595,b35cebe0-842a-2759-111b-af67747709b4,/p/0/fb81b0e27eaf0d8b,1,200,182951,374.754,3326.319,55001
1787863757531,119cccf6-b622-2b36-4137-bad4717c613d,/p/0/d2afb77adc653c10,6,200,25556,214.206,489.859,52170
1787863756953,8be784eb-40de-97fe-07b2-1588666c80c5,/p/0/c6f4a423ec7b8527,6,200,116212,717.138,1158.627,100301
1787863756953,8be784eb-40de-97fe-07b2-1588666c80c5,/p/0/c6f4a523ec7b86da,6,200,111174,716.886,1242.712,89461
1787863754595,b35cebe0-842a-2759-111b-af67747709b4,/p/5/fb81afe27eaf0bd8,1,200,222084,415.315,3739.494,59389
1787863749336,c314adea-952e-9fee-305f-d2b6166f4064,/p/0/22dd6159daa5a77a,5,200,198337,607.606,9353.824,21204
1787863753020,8be784eb-40de-97fe-07b2-1588666c80c5,/p/0/e663894ea5f036e1,3,200,4994159,174.885,5717.041,873557
1787863755619,9154ce6b-52ef-f033-33a9-cf233b271222,/p/0/f4e3bde1598daa2e,3,200,497360,155.805,3180.015,156402
1787863744006,bf8f9e2f-a955-7e16-cccf-f4891fd8f28f,/?crawl=55,0,200,3642988,59.178,14813.286,245927
1787863756756,9154ce6b-52ef-f033-33a9-cf233b271222,/p/1/a5908e31145ded9d,4,200,407606,186.181,2121.344,192145
1787863757285,a35b0b5a-b03e-383a-043c-d343d82f0797,/p/2/3ad79e25df2f5b9c,4,200,61786,453.066,1644.186,37578
1787863756756,9154ce6b-52ef-f033-33a9-cf233b271222,/p/0/a5908d31145debea,4,200,295644,201.343,2247.735,131530
1787863756093,ce323bde-bf9a-9af0-fea7-63c7988e197c,/p/0/88a4d1177da0f293,1,200,283977,311.362,2914.587,97433
1787863757573,8e47a8f6-c65c-0aa8-2c93-79e471520fef,/p/0/7865e66d07e70748,1,200,219877,75.263,1469.123,149665
1787863758877,9154ce6b-52ef-f033-33a9-cf233b271222,/p/0/57291a22318132be,5,200,18103,126.322,189.622,95469
1787863759006,22b0b396-ddbf-cac9-f3bc-8960242d6d1d,/?crawl=74,0,200,17856,40.617,77.668,229902
1787863755399,907622a4-b130-186f-0d97-1885a857c4d7,/p/10/fcf7458b175f2066,3,200,158701,479.636,4099.260,38715
1787863758877,9154ce6b-52ef-f033-33a9-cf233b271222,/p/0/572919223181310b,5,200,130397,157.586,659.846,197617
1787863747201,b43c6ee3-fc47-442e-d0b0-8400dab823c0,/p/0/40c4ea4aec68ac05,2,200,3352759,108.179,12361.081,271235
1787863757285,a35b0b5a-b03e-383a-043c-d343d82f0797,/p/0/3ad79f25df2f5d4f,4,200,124063,393.953,2488.537,49854
1787863758877,9154ce6b-52ef-f033-33a9-cf233b271222,/p/0/5729182231812f58,5,200,240123,157.657,969.601,247651
1787863759006,810c7982-1d3e-4284-3a70-cbf976d4edf7,/?crawl=75,0,200,386213,38.984,954.520,404615
1787863760007,b6752a29-df7e-d798-079a-2591edd7d1aa,/?crawl=76,0,200,8544,73.695,87.577,97560
1787863756093,ce323bde-bf9a-9af0-fea7-63c7988e197c,/p/0/88a4d3177da0f5f9,1,200,515798,63.318,4036.227,127792
1787863747201,b43c6ee3-fc47-442e-d0b0-8400dab823c0,/p/6/40c4e84aec68a89f,2,200,4502941,46.105,13015.307,345973
1787863746006,b4f422bd-b77c-e842-fdf8-8b7331f58c69,/?crawl=59,0,200,4567899,47.968,14252.010,320509
1787863758005,8d32b190-6ce0-5382-6f15-a091e38bbf02,/?crawl=73,0,200,433525,73.168,2311.536,187548
1787863757573,8e47a8f6-c65c-0aa8-2c93-79e471520fef,/p/1/7865e76d07e708fb,1,200,357565,183.686,2755.648,129757
1787863756350,abefc2d7-d35b-d87a-c04e-372245781ac3,/p/11/5e6b42bee9f1812b,3,200,347890,212.868,4177.645,83274
1787863759960,810c7982-1d3e-4284-3a70-cbf976d4edf7,/p/7/42e3d1303b71d4cc,1,200,78182,77.023,578.008,135261
1787863756350,abefc2d7-d35b-d87a-c04e-372245781ac3,/p/0/5e6b41bee9f17f78,3,200,408987,193.702,4432.291,92274
1787863737745,f4a8b9a5-4ee0-fe4d-f1f1-43e95dd4d2a2,/p/0/1919d734f931b80e,3,200,3810444,472.203,23103.130,164932
1787863743654,f4a8b9a5-4ee0-fe4d-f1f1-43e95dd4d2a2,/p/5/13413f1a68cb110d,4,200,3795501,476.147,17208.714,220557
1787863737745,f4a8b9a5-4ee0-fe4d-f1f1-43e95dd4d2a2,/p/0/1919d634f931b65b,3,200,3746519,111.042,23216.324,161374
1787863760538,810c7982-1d3e-4284-3a70-cbf976d4edf7,/p/0/684292b2d7d081b8,2,200,28023,192.413,615.451,45532
1787863743654,f4a8b9a5-4ee0-fe4d-f1f1-43e95dd4d2a2,/p/0/13413d1a68cb0da7,4,200,5071603,365.192,17662.219,287144
1787863758930,a35b0b5a-b03e-383a-043c-d343d82f0797,/p/1/530b8e68116845a4,5,200,102851,289.778,2386.482,43097
1787863760862,f4a8b9a5-4ee0-fe4d-f1f1-43e95dd4d2a2,/p/4/85e422b072681e11,5,200,410705,423.203,457.359,897992
1787863760862,f4a8b9a5-4ee0-fe4d-f1f1-43e95dd4d2a2,/p/0/85e420b072681aab,5,200,147095,424.076,458.038,321142
1787863759083,22b0b396-ddbf-cac9-f3bc-8960242d6d1d,/p/0/d64e258dd00cc92c,1,200,308899,206.055,2352.603,131301
1787863759083,22b0b396-ddbf-cac9-f3bc-8960242d6d1d,/p/0/d64e288dd00cce45,1,200,373803,171.889,2474.389,151069
1787863757531,119cccf6-b622-2b36-4137-bad4717c613d,/p/9/d2afb97adc653f76,6,200,430106,278.097,4102.608,104837
1787863761320,f4a8b9a5-4ee0-fe4d-f1f1-43e95dd4d2a2,/p/3/506e7fcd56fdcc2e,6,200,65474,329.371,332.516,196905
1787863761320,f4a8b9a5-4ee0-fe4d-f1f1-43e95dd4d2a2,/p/0/506e80cd56fdcde1,6,200,114264,330.104,337.182,338879
1787863761320,f4a8b9a5-4ee0-fe4d-f1f1-43e95dd4d2a2,/p/0/506e7dcd56fdc8c8,6,200,351084,330.138,339.157,1035167
1787863759498,907622a4-b130-186f-0d97-1885a857c4d7,/p/0/6dc7f448ca97e5b9,4,200,64106,529.606,2208.761,29024
1787863759083,22b0b396-ddbf-cac9-f3bc-8960242d6d1d,/p/1/d64e268dd00ccadf,1,200,468988,34.837,2728.345,171895
1787863759960,810c7982-1d3e-4284-3a70-cbf976d4edf7,/p/0/42e3d3303b71d832,1,200,271237,35.739,2068.430,131132
1787863762005,fe8e485f-3635-e693-6f1d-1eae0950b79c,/?crawl=77,0,200,162103,17.971,188.533,859811
1787863762194,fe8e485f-3635-e693-6f1d-1eae0950b79c,/p/0/69b87ceb64a7c2a5,1,200,15090,16.016,33.905,445069
1787863760216,b43c6ee3-fc47-442e-d0b0-8400dab823c0,/p/0/c53ffe3de6546c18,3,200,378904,31.033,2114.985,179152
1787863760527,abefc2d7-d35b-d87a-c04e-372245781ac3,/p/0/b347bd7af50de6fc,4,200,144109,216.020,1999.304,72080
1787863758334,b35cebe0-842a-2759-111b-af67747709b4,/p/4/2ca2cabba626e7b6,2,200,181855,367.220,4219.663,43097
1787863760216,b43c6ee3-fc47-442e-d0b0-8400dab823c0,/p/0/c540013de6547131,3,200,362228,151.136,2419.364,149720
1787863760863,f4a8b9a5-4ee0-fe4d-f1f1-43e95dd4d2a2,/p/0/85e421b072681c5e,5,200,3129259,422.872,1786.146,1751962
1787863761652,f4a8b9a5-4ee0-fe4d-f1f1-43e95dd4d2a2,/p/0/e3f75c01f9c2f774,7,200,290852,986.437,998.814,291197
1787863762194,fe8e485f-3635-e693-6f1d-1eae0950b79c,/p/2/69b87beb64a7c0f2,1,200,215580,91.815,635.587,339183
1787863755399,907622a4-b130-186f-0d97-1885a857c4d7,/p/0/fcf7468b175f2219,3,200,305037,400.092,7482.880,40765
1787863758929,a35b0b5a-b03e-383a-043c-d343d82f0797,/p/0/530b8f6811684757,5,200,175265,319.118,4050.357,43271
1787863760095,b6752a29-df7e-d798-079a-2591edd7d1aa,/p/1/fd22d148f942b705,1,200,346991,221.263,3581.929,96873
1787863751193,358b2a31-7489-9c1e-2619-29aa1f17e5d7,/p/0/41e94bfbf8a8ba69,7,200,5733017,122.989,12575.256,455897
1787863759774,a35b0b5a-b03e-383a-043c-d343d82f0797,/p/0/530b90681168490a,5,200,128871,466.114,3994.533,32262
1787863743005,9e0193d8-3992-16b0-e371-2849a7094728,/?crawl=54,0,200,464229,1255.540,20817.851,22300
1787863760329,8e47a8f6-c65c-0aa8-2c93-79e471520fef,/p/0/94247ce84467777e,2,200,346851,191.853,3592.237,96556
1787863761812,22b0b396-ddbf-cac9-f3bc-8960242d6d1d,/p/0/64b8ee494448d739,2,200,323658,119.641,2130.641,151906
1787863761812,22b0b396-ddbf-cac9-f3bc-8960242d6d1d,/p/0/64b8eb494448d220,2,200,352674,34.373,2147.718,164209
1787863760095,b6752a29-df7e-d798-079a-2591edd7d1aa,/p/0/fd22d048f942b552,1,200,487715,47.003,3889.547,125391
1787863751193,358b2a31-7489-9c1e-2619-29aa1f17e5d7,/p/0/41e94afbf8a8b8b6,7,200,5646755,131.197,12833.094,440015
1787863763006,e3269f12-8065-9030-42e6-4eb24c48f702,/?crawl=80,0,200,229284,65.317,1035.523,221419
1787863762830,fe8e485f-3635-e693-6f1d-1eae0950b79c,/p/0/b4983ba7b720e35d,2,200,198774,92.756,1260.789,157658
1787863764006,536544da-308b-4fb0-0bda-d5b8cdb33b1d,/?crawl=81,0,200,62015,38.179,149.246,415521
1787863761812,22b0b396-ddbf-cac9-f3bc-8960242d6d1d,/p/0/64b8ed494448d586,2,200,310226,119.644,2355.853,131683
1787863749336,c314adea-952e-9fee-305f-d2b6166f4064,/p/0/22dd6259daa5a92d,5,200,412717,443.369,14837.308,27816
1787863720473,fbee6fc7-57ff-5c44-3de3-33f880144742,/p/0/8b81e060d035a866,3,200,4474446,370.534,43703.932,102381
1787863760258,b4f422bd-b77c-e842-fdf8-8b7331f58c69,/p/0/707d8fddf7aa4b10,1,200,396451,226.679,3945.700,100477
1787863760538,810c7982-1d3e-4284-3a70-cbf976d4edf7,/p/6/684293b2d7d0836b,2,200,392510,209.884,3718.600,105553
1787863764041,e3269f12-8065-9030-42e6-4eb24c48f702,/p/2/2400ed16a08c49b4,1,200,27640,226.261,320.789,86163
1787863761652,f4a8b9a5-4ee0-fe4d-f1f1-43e95dd4d2a2,/p/0/e3f75f01f9c2fc8d,7,200,2243444,986.539,2771.038,809604
1787863743101,3ef4fc5a-1c32-0078-d5de-8f2131c41670,/p/0/e4fb940f734c164e,1,200,6209784,37.510,21416.625,289952
1787863760329,8e47a8f6-c65c-0aa8-2c93-79e471520fef,/p/0/94247be8446775cb,2,200,350079,287.211,4189.727,83557
1787863761316,a35b0b5a-b03e-383a-043c-d343d82f0797,/p/0/a477d9a03ca2b685,6,200,255468,294.104,3355.920,76125
1787863736006,4a55d5fb-6d32-de3f-4f73-93c631801147,/?crawl=43,0,200,5712084,74.191,28706.526,198982
1787863764155,536544da-308b-4fb0-0bda-d5b8cdb33b1d,/p/0/b76b427435273fc7,1,200,43681,32.270,572.246,76333
1787863758819,bf8f9e2f-a955-7e16-cccf-f4891fd8f28f,/p/2/59799240eeedd75a,1,200,505276,59.899,5909.960,85496
1787863762830,fe8e485f-3635-e693-6f1d-1eae0950b79c,/p/0/b49838a7b720de44,2,200,496919,84.370,1919.823,258836
1787863760258,b4f422bd-b77c-e842-fdf8-8b7331f58c69,/p/0/707d91ddf7aa4e76,1,200,453611,45.606,4511.207,100552
1787863764041,e3269f12-8065-9030-42e6-4eb24c48f702,/p/0/2400ee16a08c4b67,1,200,31062,256.837,869.179,35737
1787863760258,b4f422bd-b77c-e842-fdf8-8b7331f58c69,/p/0/707d92ddf7aa5029,1,200,438632,135.993,4671.532,93895
1787863760329,8e47a8f6-c65c-0aa8-2c93-79e471520fef,/p/0/94247de844677931,2,200,442567,191.875,4605.949,96086
1787863758819,bf8f9e2f-a955-7e16-cccf-f4891fd8f28f,/p/0/59799340eeedd90d,1,200,439980,87.584,6144.842,71602
1787863762830,fe8e485f-3635-e693-6f1d-1eae0950b79c,/p/1/b49839a7b720dff7,2,200,490343,111.311,2202.880,222592
1787863750374,af266086-ffea-5082-8a54-f1c5f3483d47,/p/2/dbd8b48455b26135,2,200,2553394,69.464,14806.684,172449
1787863764729,bf8f9e2f-a955-7e16-cccf-f4891fd8f28f,/p/0/a00436b2204926d,2,200,8691,382.214,532.593,16318
1787863764729,bf8f9e2f-a955-7e16-cccf-f4891fd8f28f,/p/1/a00426b220490ba,2,200,30023,412.635,740.974,40518
1787863743578,abefc2d7-d35b-d87a-c04e-372245781ac3,/p/0/e167fc78ccf64a41,2,200,3789041,80.165,21917.909,172874
1787863763677,b6752a29-df7e-d798-079a-2591edd7d1aa,/p/0/1172ba4516ebf338,2,200,107372,264.558,1914.261,56091
1787863757285,a35b0b5a-b03e-383a-043c-d343d82f0797,/p/0/3ad7a025df2f5f02,4,200,284719,393.970,8328.361,34187
1787863758334,b35cebe0-842a-2759-111b-af67747709b4,/p/0/2ca2c8bba626e450,2,200,306146,404.394,7451.063,41088
1787863756512,a35b0b5a-b03e-383a-043c-d343d82f0797,/p/0/862b188cbc12efa2,3,200,463435,452.536,9274.358,49969
1787863764729,bf8f9e2f-a955-7e16-cccf-f4891fd8f28f,/p/0/a00406b22048d54,2,200,62511,504.417,1106.509,56494
1787863764155,536544da-308b-4fb0-0bda-d5b8cdb33b1d,/p/0/b76b44743527432d,1,200,268509,112.248,1735.503,154715
1787863764257,810c7982-1d3e-4284-3a70-cbf976d4edf7,/p/5/4af2cab50ebf2ab3,3,200,105916,403.994,1697.994,62377
1787863754006,e7e59166-542d-42b3-ee7f-ba086c0ca9a8,/?crawl=71,0,200,3181394,54.944,11973.253,265708
1787863720473,fbee6fc7-57ff-5c44-3de3-33f880144742,/p/0/8b81e160d035aa19,3,200,4756229,337.021,45569.473,104373
1787863761652,f4a8b9a5-4ee0-fe4d-f1f1-43e95dd4d2a2,/p/2/e3f75e01f9c2fada,7,200,5857258,986.760,4430.672,1321980
1787863756286,8be784eb-40de-97fe-07b2-1588666c80c5,/p/0/d351ba50e5351eea,5,200,2416813,667.015,9847.488,245424
1787863754891,903b88a3-81b1-b559-2c64-b9b84099c443,/p/0/9da1de523b7a107f,10,200,464459,262.914,11334.586,40977
1787863764257,810c7982-1d3e-4284-3a70-cbf976d4edf7,/p/0/4af2ccb50ebf2e19,3,200,187365,179.207,1992.958,94014
1787863765033,fe8e485f-3635-e693-6f1d-1eae0950b79c,/p/0/f93d7fc0395959f5,3,200,192402,192.254,1247.234,154263
1787863752119,54e86db3-5aa0-43fa-7772-3a1d55c064aa,/p/4/43a69458e2467124,8,200,424213,2070.345,14270.745,29726
1787863764155,536544da-308b-4fb0-0bda-d5b8cdb33b1d,/p/0/b76b417435273e14,1,200,518425,80.600,2343.148,221251
1787863757006,46cd243b-acbe-b16d-a792-4fff89b5e915,/?crawl=72,0,200,5486643,26.901,9604.911,571233
1787863741748,5f983922-189f-20b7-2304-c70c4e333a90,/p/3/d5833cb31cbbfc52,3,200,3435622,197.816,24904.354,137953
1787863756953,8be784eb-40de-97fe-07b2-1588666c80c5,/p/2/c6f4a623ec7b888d,6,200,2364678,717.167,9738.142,242826
1787863764362,e3269f12-8065-9030-42e6-4eb24c48f702,/p/1/30a06c517fb3a66e,2,200,93683,354.730,2402.295,38997
1787863764041,e3269f12-8065-9030-42e6-4eb24c48f702,/p/0/2400ef16a08c4d1a,1,200,287620,64.947,2723.344,105613
1787863744477,2385404d-98a3-ce90-7541-36240e23d98d,/p/0/ca8f3e502292bde5,2,200,2144813,406.949,22318.309,96101
1787863766691,8be784eb-40de-97fe-07b2-1588666c80c5,/p/0/f01fee24244bfbae,7,200,71298,28.225,176.975,402871
1787863760527,abefc2d7-d35b-d87a-c04e-372245781ac3,/p/10/b347bf7af50dea62,4,200,521956,215.952,6480.831,80538
1787863767005,0361c9ba-5fc5-974a-5882-7630348f2f10,/?crawl=83,0,200,349741,9.178,130.773,2674418
1787863766764,e3269f12-8065-9030-42e6-4eb24c48f702,/p/0/50f9a7f436f6497b,3,200,97086,361.494,420.398,230938
1787863766012,fbda9ef8-4986-f874-3acb-4e00d22cce8d,/?crawl=82,0,200,199177,102.391,1213.277,164164
1787863762554,b35cebe0-842a-2759-111b-af67747709b4,/p/0/54d86ecf1f1e01c8,3,200,124081,441.780,4719.573,26291
1787863767136,0361c9ba-5fc5-974a-5882-7630348f2f10,/p/0/de3fec2f5e5d2a3a,1,200,121559,6.594,162.678,747236
1787863767136,0361c9ba-5fc5-974a-5882-7630348f2f10,/p/0/de3feb2f5e5d2887,1,200,164097,29.502,196.596,834690
1787863767136,0361c9ba-5fc5-974a-5882-7630348f2f10,/p/2/de3fed2f5e5d2bed,1,200,344704,17.288,233.923,1473580
1787863766083,f4a8b9a5-4ee0-fe4d-f1f1-43e95dd4d2a2,/p/0/e8e154b7893bc864,8,200,207802,22.736,1303.489,159420
1787863766764,e3269f12-8065-9030-42e6-4eb24c48f702,/p/0/50f9a6f436f647c8,3,200,364178,371.552,670.301,543305
1787863767370,0361c9ba-5fc5-974a-5882-7630348f2f10,/p/0/90e83219877560e4,2,200,92890,11.105,91.240,1018086
1787863766611,46cd243b-acbe-b16d-a792-4fff89b5e915,/p/3/af797bd2a6d6deb9,1,200,138686,128.113,880.574,157495
1787863767005,67b4d634-4a77-c9bb-2083-831b1e05dfae,/?crawl=85,0,200,86113,86.134,530.829,162224
1787863767370,0361c9ba-5fc5-974a-5882-7630348f2f10,/p/0/90e83519877565fd,2,200,313484,7.929,278.153,1127022
1787863767370,0361c9ba-5fc5-974a-5882-7630348f2f10,/p/1/90e834198775644a,2,200,356528,7.971,281.466,1266683
1787863762980,a35b0b5a-b03e-383a-043c-d343d82f0797,/p/0/a477d8a03ca2b4d2,6,200,285343,319.362,4696.292,60759
1787863767008,abefc2d7-d35b-d87a-c04e-372245781ac3,/p/9/ba77b538ecf9e36f,5,200,49655,195.018,794.326,62512
1787863767225,fbda9ef8-4986-f874-3acb-4e00d22cce8d,/p/0/4ad597d1c9c235da,1,200,75502,88.320,730.298,103385
1787863767005,bcff7a67-5766-57dd-8097-7f5391ff409e,/?crawl=84,0,200,490007,32.554,1013.323,483565
1787863751967,e66a860b-3f44-36b7-2a6e-35a34e276815,/p/0/339143bde68d48e4,2,200,3866125,145.171,16096.584,240183
1787863767652,0361c9ba-5fc5-974a-5882-7630348f2f10,/p/0/c0b53c219cf7279f,3,200,339135,14.874,426.905,794404
1787863762554,b35cebe0-842a-2759-111b-af67747709b4,/p/3/54d870cf1f1e052e,3,200,196208,366.168,5544.693,35387
1787863766611,46cd243b-acbe-b16d-a792-4fff89b5e915,/p/0/af797ad2a6d6dd06,1,200,332972,27.646,1629.459,204345
1787863768019,bcff7a67-5766-57dd-8097-7f5391ff409e,/p/1/d65797a04e207168,1,200,73300,29.359,238.252,307658
1787863761634,119cccf6-b622-2b36-4137-bad4717c613d,/p/8/d3950c5b3c723370,7,200,424675,251.198,6642.500,63933
1787863766691,8be784eb-40de-97fe-07b2-1588666c80c5,/p/1/f01fef24244bfd61,7,200,392374,147.597,1741.361,225326
1787863767492,46cd243b-acbe-b16d-a792-4fff89b5e915,/p/0/951019369c29abca,2,200,60325,225.336,982.468,61401
1787863765180,af266086-ffea-5082-8a54-f1c5f3483d47,/p/0/e7d043d40d078ba,3,200,151614,362.349,3297.524,45978
1787863747006,efdcf997-fc75-3f67-ca61-7cff2f3388ad,/?crawl=60,0,200,4099934,85.565,21551.005,190243
1787863768557,efdcf997-fc75-3f67-ca61-7cff2f3388ad,/p/0/6fffb113fa50d1fd,1,200,5877,3.920,3.964,1482496
1787863767492,46cd243b-acbe-b16d-a792-4fff89b5e915,/p/0/951018369c29aa17,2,200,156253,152.066,1258.178,124190
1787863768433,8be784eb-40de-97fe-07b2-1588666c80c5,/p/0/12d62d43c649f3ef,8,200,56732,149.446,369.008,153742
1787863757573,8e47a8f6-c65c-0aa8-2c93-79e471520fef,/p/0/7865e96d07e70c61,1,200,2736819,37.779,11283.820,242544
1787863768557,efdcf997-fc75-3f67-ca61-7cff2f3388ad,/p/2/6fffb013fa50d04a,1,200,294550,4.090,343.319,857947
1787863768557,efdcf997-fc75-3f67-ca61-7cff2f3388ad,/p/0/6fffae13fa50cce4,1,200,466922,3.035,343.364,1359844
1787863755399,907622a4-b130-186f-0d97-1885a857c4d7,/p/0/fcf7438b175f1d00,3,200,464321,439.715,13535.292,34304
1787863768433,8be784eb-40de-97fe-07b2-1588666c80c5,/p/0/12d62c43c649f23c,8,200,62905,191.214,559.620,112407
1787863768900,efdcf997-fc75-3f67-ca61-7cff2f3388ad,/p/1/6da75b4ea466073e,2,200,179624,11.175,228.800,785070
1787863768900,efdcf997-fc75-3f67-ca61-7cff2f3388ad,/p/0/6da7594ea46603d8,2,200,179114,11.354,229.299,781139
1787863768900,efdcf997-fc75-3f67-ca61-7cff2f3388ad,/p/0/6da75c4ea46608f1,2,200,378622,11.396,233.092,1624343
1787863768019,bcff7a67-5766-57dd-8097-7f5391ff409e,/p/0/d65799a04e2074ce,1,200,110697,122.519,1174.690,94235
1787863766611,46cd243b-acbe-b16d-a792-4fff89b5e915,/p/0/af7979d2a6d6db53,1,200,503237,27.739,2623.131,191846
1787863766653,5f983922-189f-20b7-2304-c70c4e333a90,/p/0/9c2fd5ce560ce41f,4,200,213195,166.680,2624.631,81229
1787863767492,46cd243b-acbe-b16d-a792-4fff89b5e915,/p/2/95101a369c29ad7d,2,200,360355,176.046,1883.456,191327
1787863769005,725abd81-04dc-bae8-975b-ee0b07d70de4,/?crawl=88,0,200,236303,24.202,400.121,590579
1787863769129,efdcf997-fc75-3f67-ca61-7cff2f3388ad,/p/0/d2a26e632703c8cc,3,200,156733,90.115,281.747,556291
1787863765979,e7e59166-542d-42b3-ee7f-ba086c0ca9a8,/p/5/f53a7bb9e905fc80,1,200,255661,345.200,3461.737,73853
1787863767803,abefc2d7-d35b-d87a-c04e-372245781ac3,/p/8/b601da1e4f63a56c,6,200,65806,193.486,1654.373,39777
1787863761634,119cccf6-b622-2b36-4137-bad4717c613d,/p/0/d3950d5b3c723523,7,200,430954,272.093,7844.968,54934
1787863765979,e7e59166-542d-42b3-ee7f-ba086c0ca9a8,/p/0/f53a7cb9e905fe33,1,200,379785,49.690,3513.382,108097
1787863769129,efdcf997-fc75-3f67-ca61-7cff2f3388ad,/p/0/d2a270632703cc32,3,200,408981,4.331,379.077,1078885
1787863769129,efdcf997-fc75-3f67-ca61-7cff2f3388ad,/p/0/d2a271632703cde5,3,200,370030,4.595,397.651,930540
1787863767652,0361c9ba-5fc5-974a-5882-7630348f2f10,/p/0/c0b53d219cf72952,3,200,2515594,4.408,2000.698,1257358
1787863769005,56e5f638-0866-bd0d-99ad-1a9bad99ee08,/?crawl=89,0,200,383578,25.404,670.007,572499
1787863767652,0361c9ba-5fc5-974a-5882-7630348f2f10,/p/0/c0b53e219cf72b05,3,200,2909831,7.071,2060.073,1412489
1787863768257,bcff7a67-5766-57dd-8097-7f5391ff409e,/p/0/44f2c7f6e74dafc3,2,200,124326,225.544,1476.568,84199
1787863765181,af266086-ffea-5082-8a54-f1c5f3483d47,/p/1/e7d023d40d07554,3,200,374990,67.739,4668.218,80328
1787863769376,46cd243b-acbe-b16d-a792-4fff89b5e915,/p/0/a88d0c43f3e237b7,3,200,107615,38.212,556.714,193304
1787863766653,5f983922-189f-20b7-2304-c70c4e333a90,/p/2/9c2fd7ce560ce785,4,200,359971,198.328,3396.366,105987
1787863762194,fe8e485f-3635-e693-6f1d-1eae0950b79c,/p/0/69b879eb64a7bd8c,1,200,2360743,33.944,7877.270,299690
1787863765955,810c7982-1d3e-4284-3a70-cbf976d4edf7,/p/0/708ef13dc95cf140,4,200,234590,246.337,4195.746,55911
1787863768433,8be784eb-40de-97fe-07b2-1588666c80c5,/p/0/12d62f43c649f755,8,200,305625,162.717,1759.371,173713
1787863764257,810c7982-1d3e-4284-3a70-cbf976d4edf7,/p/0/4af2c9b50ebf2900,3,200,507238,248.538,6228.506,81438
1787863767225,fbda9ef8-4986-f874-3acb-4e00d22cce8d,/p/0/4ad595d1c9c23274,1,200,426355,259.194,3280.118,129982
1787863770013,232eb5d3-9d14-2e8e-dc25-b599c387d678,/?crawl=92,0,200,397204,33.674,598.347,663835
1787863770013,256421f9-d3b7-0c6f-243d-67e70fd63e6b,/?crawl=90,0,200,231072,75.249,598.580,386034
1787863769375,46cd243b-acbe-b16d-a792-4fff89b5e915,/p/1/a88d0b43f3e23604,3,200,274960,38.213,1268.786,216711
1787863766653,5f983922-189f-20b7-2304-c70c4e333a90,/p/0/9c2fd6ce560ce5d2,4,200,349424,182.898,4004.489,87258
1787863770049,5f983922-189f-20b7-2304-c70c4e333a90,/p/1/a894095232711b73,5,200,42713,262.625,707.180,60399
1787863770012,04833ba8-8aaf-1423-e54f-ee94df72a80c,/?crawl=93,0,200,286340,106.225,898.948,318528
1787863768257,bcff7a67-5766-57dd-8097-7f5391ff409e,/p/0/44f2c8f6e74db176,2,200,330182,150.893,2711.862,121755
1787863770911,04833ba8-8aaf-1423-e54f-ee94df72a80c,/p/5/3a870ae9abef42a4,1,200,32652,42.934,442.984,73709
1787863766389,54e86db3-5aa0-43fa-7772-3a1d55c064aa,/p/0/43a69558e24672d7,8,200,113106,512.169,5006.993,22590
1787863769375,46cd243b-acbe-b16d-a792-4fff89b5e915,/p/0/a88d0d43f3e2396a,3,200,489614,25.595,2023.504,241963
1787863770756,5f983922-189f-20b7-2304-c70c4e333a90,/p/0/c40862281f841918,6,200,31235,232.236,680.424,45905
1787863769675,56e5f638-0866-bd0d-99ad-1a9bad99ee08,/p/11/1c189787904f8f2f,1,200,141582,24.999,1784.311,79348
1787863769441,e7e59166-542d-42b3-ee7f-ba086c0ca9a8,/p/0/7da08eb1c76d2855,2,200,223398,257.550,2026.420,110243
1787863769675,56e5f638-0866-bd0d-99ad-1a9bad99ee08,/p/0/1c189987904f9295,1,200,181965,89.273,1886.227,96470
1787863769441,e7e59166-542d-42b3-ee7f-ba086c0ca9a8,/p/0/7da08bb1c76d233c,2,200,502720,62.725,2177.822,230836
1787863768019,bcff7a67-5766-57dd-8097-7f5391ff409e,/p/0/d65798a04e20731b,1,200,523238,108.055,3620.341,144527
1787863769457,abefc2d7-d35b-d87a-c04e-372245781ac3,/p/0/b601dc1e4f63a8d2,6,200,107319,273.588,2183.831,49143
1787863770644,46cd243b-acbe-b16d-a792-4fff89b5e915,/p/0/8f3fd735d4cc9737,4,200,148257,126.287,1028.854,144099
1787863766250,810c7982-1d3e-4284-3a70-cbf976d4edf7,/p/0/708ef43dc95cf659,4,200,410611,517.202,5427.243,75657
1787863769406,725abd81-04dc-bae8-975b-ee0b07d70de4,/p/0/88ae4429fbb49c82,1,200,311419,36.494,2318.518,134318
1787863770049,5f983922-189f-20b7-2304-c70c4e333a90,/p/0/a8940852327119c0,5,200,135493,164.495,1715.561,78979
1787863768277,119cccf6-b622-2b36-4137-bad4717c613d,/p/0/ff13302fe99fed2d,8,200,187891,274.378,3551.621,52903
1787863769441,e7e59166-542d-42b3-ee7f-ba086c0ca9a8,/p/4/7da08cb1c76d24ef,2,200,193631,283.654,2390.273,81008
1787863765033,fe8e485f-3635-e693-6f1d-1eae0950b79c,/p/0/f93d7dc03959568f,3,200,2257467,112.757,6842.652,329911
1787863769406,725abd81-04dc-bae8-975b-ee0b07d70de4,/p/0/88ae4329fbb49acf,1,200,486124,93.322,2521.890,192762
1787863767008,abefc2d7-d35b-d87a-c04e-372245781ac3,/p/0/ba77b738ecf9e6d5,5,200,270642,214.431,4927.476,54925
1787863771354,04833ba8-8aaf-1423-e54f-ee94df72a80c,/p/0/a4126e88e7dad86c,2,200,35387,230.436,797.635,44365
1787863765955,810c7982-1d3e-4284-3a70-cbf976d4edf7,/p/4/708ef23dc95cf2f3,4,200,430206,269.674,6317.859,68094
1787863753473,e66a860b-3f44-36b7-2a6e-35a34e276815,/p/2/ac94cc368638791a,3,200,5886444,159.504,19012.241,309613
1787863771460,56e5f638-0866-bd0d-99ad-1a9bad99ee08,/p/0/f57f65c3821282b4,2,200,119101,139.151,1038.359,114701
1787863770644,46cd243b-acbe-b16d-a792-4fff89b5e915,/p/0/8f3fd635d4cc9584,4,200,421833,139.775,1926.065,219013
1787863760216,b43c6ee3-fc47-442e-d0b0-8400dab823c0,/p/5/c540003de6546f7e,3,200,5022349,166.200,12362.356,406261
1787863770644,46cd243b-acbe-b16d-a792-4fff89b5e915,/p/0/8f3fd935d4cc9a9d,4,200,474366,126.245,2115.713,224211
1787863772578,b43c6ee3-fc47-442e-d0b0-8400dab823c0,/p/0/29452c851c5eda22,4,200,67693,122.039,470.352,143920
1787863771460,56e5f638-0866-bd0d-99ad-1a9bad99ee08,/p/10/f57f67c38212861a,2,200,254374,139.039,1698.592,149756
1787863771460,56e5f638-0866-bd0d-99ad-1a9bad99ee08,/p/0/f57f68c3821287cd,2,200,289104,151.751,1723.127,167779
1787863772578,b43c6ee3-fc47-442e-d0b0-8400dab823c0,/p/4/29452d851c5edbd5,4,200,79396,137.153,607.436,130707
1787863769675,56e5f638-0866-bd0d-99ad-1a9bad99ee08,/p/0/1c189687904f8d7c,1,200,497661,24.959,3546.854,140311
1787863770611,256421f9-d3b7-0c6f-243d-67e70fd63e6b,/p/0/f4c60a0269c0232a,1,200,229969,109.686,2738.865,83965
1787863762554,b35cebe0-842a-2759-111b-af67747709b4,/p/0/54d871cf1f1e06e1,3,200,459721,478.319,10910.414,42136
1787863768099,b35cebe0-842a-2759-111b-af67747709b4,/p/0/514739da8b9efd68,4,200,287391,1004.286,5367.430,53544
1787863768099,b35cebe0-842a-2759-111b-af67747709b4,/p/2/51473bda8b9f00ce,4,200,333999,372.870,5368.968,62209
1787863768099,b35cebe0-842a-2759-111b-af67747709b4,/p/0/51473cda8b9f0281,4,200,199715,411.675,5369.762,37193
1787863771437,5f983922-189f-20b7-2304-c70c4e333a90,/p/0/c40864281f841c7e,6,200,94777,197.882,2117.136,44767
1787863770911,04833ba8-8aaf-1423-e54f-ee94df72a80c,/p/0/3a870ce9abef460a,1,200,184944,105.919,2832.926,65284
1787863770911,04833ba8-8aaf-1423-e54f-ee94df72a80c,/p/0/3a870be9abef4457,1,200,386278,42.929,2838.035,136108
1787863772486,e66a860b-3f44-36b7-2a6e-35a34e276815,/p/0/5bf13b8937d8b33d,4,200,267332,26.054,1350.578,197939
1787863771354,04833ba8-8aaf-1423-e54f-ee94df72a80c,/p/4/a4126f88e7dada1f,2,200,445052,272.389,2523.994,176328
1787863771354,04833ba8-8aaf-1423-e54f-ee94df72a80c,/p/0/a4127188e7dadd85,2,200,494180,251.319,2526.303,195614
1787863772578,b43c6ee3-fc47-442e-d0b0-8400dab823c0,/p/0/29452b851c5ed86f,4,200,274060,30.523,1471.829,186204
1787863773186,b43c6ee3-fc47-442e-d0b0-8400dab823c0,/p/0/5bdaea6ef721ac3f,5,200,90994,152.129,864.361,105273
1787863770756,5f983922-189f-20b7-2304-c70c4e333a90,/p/0/c40863281f841acb,6,200,265456,232.218,3295.148,80560
1787863767536,67b4d634-4a77-c9bb-2083-831b1e05dfae,/p/0/69c1eefde2bb6ae1,1,200,354361,79.020,6637.998,53384
1787863770049,5f983922-189f-20b7-2304-c70c4e333a90,/p/0/a8940b5232711ed9,5,200,444295,245.534,4235.217,104905
1787863773186,b43c6ee3-fc47-442e-d0b0-8400dab823c0,/p/0/5bdaeb6ef721adf2,5,200,171200,167.258,1167.879,146591
1787863771831,e7e59166-542d-42b3-ee7f-ba086c0ca9a8,/p/3/298330454ba4275a,3,200,399061,62.720,2570.903,155222
1787863773878,04833ba8-8aaf-1423-e54f-ee94df72a80c,/p/0/c079e81451d98443,3,200,297370,4.683,530.270,560790
1787863773878,04833ba8-8aaf-1423-e54f-ee94df72a80c,/p/3/c079e71451d98290,3,200,258286,27.338,530.975,486437
1787863773159,56e5f638-0866-bd0d-99ad-1a9bad99ee08,/p/0/e1987256ff67336d,3,200,175317,76.559,1270.786,137960
1787863770611,256421f9-d3b7-0c6f-243d-67e70fd63e6b,/p/0/f4c6090269c02177,1,200,492482,37.046,3990.905,123401
1787863772486,e66a860b-3f44-36b7-2a6e-35a34e276815,/p/1/5bf13a8937d8b18a,4,200,491360,78.421,2163.884,227073
1787863770611,256421f9-d3b7-0c6f-243d-67e70fd63e6b,/p/8/f4c60b0269c024dd,1,200,515615,36.996,4045.651,127449
1787863767803,abefc2d7-d35b-d87a-c04e-372245781ac3,/p/0/b601db1e4f63a71f,6,200,436249,270.548,6902.997,63197
1787863765033,fe8e485f-3635-e693-6f1d-1eae0950b79c,/p/0/f93d7cc0395954dc,3,200,4982776,140.904,9725.669,512332
1787863774650,e66a860b-3f44-36b7-2a6e-35a34e276815,/p/0/5e7bfb9e045a5e4a,5,200,9145,168.866,181.916,50270
1787863774409,04833ba8-8aaf-1423-e54f-ee94df72a80c,/p/0/8819a04d900789f0,4,200,97100,345.458,492.157,197295
1787863774409,04833ba8-8aaf-1423-e54f-ee94df72a80c,/p/2/8819a24d90078d56,4,200,213101,346.826,497.053,428729
1787863774409,04833ba8-8aaf-1423-e54f-ee94df72a80c,/p/0/8819a34d90078f09,4,200,288287,330.604,516.117,558569
1787863772273,810c7982-1d3e-4284-3a70-cbf976d4edf7,/p/0/cbb71cba3e5df8da,5,200,239930,175.317,2667.447,89947
1787863773159,56e5f638-0866-bd0d-99ad-1a9bad99ee08,/p/9/e1987156ff6731ba,3,200,505785,112.738,1877.142,269444
1787863766083,f4a8b9a5-4ee0-fe4d-f1f1-43e95dd4d2a2,/p/1/e8e155b7893bca17,8,200,115943,9256.035,9259.242,12522
1787863774650,e66a860b-3f44-36b7-2a6e-35a34e276815,/p/0/5e7bfa9e045a5c97,5,200,132133,182.033,692.849,190710
1787863775036,56e5f638-0866-bd0d-99ad-1a9bad99ee08,/p/0/bdd0b8772e79af65,4,200,65055,191.770,511.182,127264
1787863774657,256421f9-d3b7-0c6f-243d-67e70fd63e6b,/p/7/8556bad055eefd2e,2,200,140777,35.599,974.399,144476
1787863775005,39d58ac0-7d6d-ecc0-efb3-0ddf0f4e4b56,/?crawl=94,0,200,390973,31.835,764.483,511421
1787863744477,2385404d-98a3-ce90-7541-36240e23d98d,/p/0/ca8f3b502292b8cc,2,200,4261915,375.746,31379.518,135818
1787863771641,abefc2d7-d35b-d87a-c04e-372245781ac3,/p/7/4db1fa49232376af,7,200,295484,255.452,4234.821,69775
1787863775005,a8c4f00c-d24a-4bda-04d2-d57e77e00d58,/?crawl=96,0,200,313892,42.544,908.720,345422
1787863774402,e7e59166-542d-42b3-ee7f-ba086c0ca9a8,/p/0/81a7ee360113d606,4,200,358746,62.437,1568.703,228690
1787863771936,abefc2d7-d35b-d87a-c04e-372245781ac3,/p/0/4db1f949232374fc,7,200,213394,254.215,4057.473,52593
1787863774657,256421f9-d3b7-0c6f-243d-67e70fd63e6b,/p/0/8556bbd055eefee1,2,200,164068,108.422,1449.641,113178
1787863768277,119cccf6-b622-2b36-4137-bad4717c613d,/p/7/ff132f2fe99feb7a,8,200,488950,232.456,7953.731,61474
1787863774650,e66a860b-3f44-36b7-2a6e-35a34e276815,/p/0/5e7bfc9e045a5ffd,5,200,311081,181.975,1737.237,179067
1787863775914,a8c4f00c-d24a-4bda-04d2-d57e77e00d58,/p/23/80480ad0ee1e606b,1,200,73217,80.558,534.032,137102
1787863755912,218a1fdf-6dc4-1631-d88d-8e04425f14c9,/p/0/b286bd4de5d6aa52,6,200,2635292,1220.552,20806.854,126655
1787863772273,810c7982-1d3e-4284-3a70-cbf976d4edf7,/p/0/cbb71bba3e5df727,5,200,398015,192.914,4560.887,87267
1787863769406,725abd81-04dc-bae8-975b-ee0b07d70de4,/p/0/88ae4229fbb4991c,1,200,6014544,25.347,7696.794,781435
1787863775036,56e5f638-0866-bd0d-99ad-1a9bad99ee08,/p/8/bdd0b7772e79adb2,4,200,374089,125.491,2186.159,171117
1787863769849,af266086-ffea-5082-8a54-f1c5f3483d47,/p/0/7101adc8c280ea3c,4,200,350886,418.216,7404.185,47390
1787863749336,c314adea-952e-9fee-305f-d2b6166f4064,/p/0/22dd6059daa5a5c7,5,200,2126452,483.234,28051.305,75806
1787863773468,b35cebe0-842a-2759-111b-af67747709b4,/p/0/8d5294bbe3c0e04c,5,200,54023,2466.554,3996.994,13516
1787863775036,56e5f638-0866-bd0d-99ad-1a9bad99ee08,/p/0/bdd0b5772e79aa4c,4,200,431677,125.551,2466.641,175006
1787863777222,56e5f638-0866-bd0d-99ad-1a9bad99ee08,/p/0/e140a7c67fa44b41,5,200,18566,166.166,405.974,45732
1787863773468,b35cebe0-842a-2759-111b-af67747709b4,/p/0/8d5297bbe3c0e565,5,200,35434,2910.658,4405.175,8044
1787863778005,1f79d01c-94f6-b803-4b93-6a086ec38d6a,/?crawl=97,0,200,15690,28.826,42.569,368578
1787863766691,8be784eb-40de-97fe-07b2-1588666c80c5,/p/0/f01fed24244bf9fb,7,200,4761614,161.766,11408.350,417380
1787863772273,810c7982-1d3e-4284-3a70-cbf976d4edf7,/p/3/cbb71dba3e5dfa8d,5,200,496529,210.313,5883.221,84397
1787863738059,5f983922-189f-20b7-2304-c70c4e333a90,/p/0/21331a012aaac94a,1,200,5745338,32.346,40097.010,143286
1787863775770,39d58ac0-7d6d-ecc0-efb3-0ddf0f4e4b56,/p/0/a71cb48c17544ade,1,200,245359,130.940,2393.403,102515
1787863778048,1f79d01c-94f6-b803-4b93-6a086ec38d6a,/p/0/ecddb57359836a58,1,200,24943,85.265,141.914,175761
1787863776448,a8c4f00c-d24a-4bda-04d2-d57e77e00d58,/p/22/a1b14af7d4529551,2,200,64260,203.324,1765.658,36394
1787863775343,f4a8b9a5-4ee0-fe4d-f1f1-43e95dd4d2a2,/p/0/b2adc4b98375285c,9,200,102588,353.574,2968.177,34563
1787863771831,e7e59166-542d-42b3-ee7f-ba086c0ca9a8,/p/0/29832e454ba423f4,3,200,438941,281.373,6592.427,66583
1787863775631,256421f9-d3b7-0c6f-243d-67e70fd63e6b,/p/0/8c77ade0da5aaada,3,200,254920,199.746,2823.349,90290
1787863776230,119cccf6-b622-2b36-4137-bad4717c613d,/p/0/f6fe3cb70a050cb,9,200,164408,254.563,2393.911,68678
1787863778048,1f79d01c-94f6-b803-4b93-6a086ec38d6a,/p/0/ecddb77359836dbe,1,200,147830,28.117,690.144,214202
1787863751435,d45d23a4-16c4-f129-627a-f6497d81d10d,/p/9/36a05718eebc65d,1,200,3925600,577.970,27480.443,142851
1787863775005,90f2f8a9-5906-ecb7-323b-0547e1f5e43c,/?crawl=95,0,200,274164,190.336,4155.148,65982
1787863762005,058896eb-dcbb-c9e7-acbd-f5307b0d214c,/?crawl=78,0,200,4052005,73.616,17166.447,236042
1787863773468,b35cebe0-842a-2759-111b-af67747709b4,/p/1/8d5295bbe3c0e1ff,5,200,172109,1758.092,5777.834,29788
1787863775631,256421f9-d3b7-0c6f-243d-67e70fd63e6b,/p/6/8c77abe0da5aa774,3,200,444467,181.811,3658.820,121478
1787863779006,74690200-bc7a-7597-748c-5650ec7a4b03,/?crawl=100,0,200,301481,21.299,423.511,711861
1787863775343,f4a8b9a5-4ee0-fe4d-f1f1-43e95dd4d2a2,/p/0/b2adc5b983752a0f,9,200,252071,428.698,4101.415,61460
1787863779006,2e36aa76-2484-5ab9-2b97-2b4eb8fbf45a,/?crawl=99,0,200,239823,39.219,642.224,373426
1787863777222,56e5f638-0866-bd0d-99ad-1a9bad99ee08,/p/7/e140a6c67fa4498e,5,200,433246,127.512,2683.433,161452
1787863741748,5f983922-189f-20b7-2304-c70c4e333a90,/p/0/d5833db31cbbfe05,3,200,6113757,179.863,38385.244,159274
1787863775993,abefc2d7-d35b-d87a-c04e-372245781ac3,/p/0/8ff35b48f98a8790,8,200,299416,197.331,4237.271,70662
1787863775631,256421f9-d3b7-0c6f-243d-67e70fd63e6b,/p/0/8c77ace0da5aa927,3,200,434261,217.665,4656.901,93251
1787863779006,d16e202e-c80e-c0d5-56df-096d607a9682,/?crawl=98,0,200,249535,75.058,1296.228,192509
1787863774906,04833ba8-8aaf-1423-e54f-ee94df72a80c,/p/1/420d1d2ce93ed855,5,200,227383,1175.727,5612.250,40515
1787863779905,56e5f638-0866-bd0d-99ad-1a9bad99ee08,/p/6/9490c405bb33a36,6,200,88740,137.536,693.679,127927
1787863739200,903b88a3-81b1-b559-2c64-b9b84099c443,/p/0/468dbaa9f19f560a,8,200,2287630,2221.608,41560.273,55044
1787863774402,e7e59166-542d-42b3-ee7f-ba086c0ca9a8,/p/0/81a7ed360113d453,4,200,419971,251.433,6614.728,63490
1787863779290,256421f9-d3b7-0c6f-243d-67e70fd63e6b,/p/5/c06371b2caf16230,4,200,131562,235.486,1858.533,70788
1787863779245,b35cebe0-842a-2759-111b-af67747709b4,/p/0/e960ceb43bb5576,6,200,74008,406.559,2123.465,34852
1787863780599,56e5f638-0866-bd0d-99ad-1a9bad99ee08,/p/0/69fe55fe3e48a932,7,200,99221,140.496,884.193,112216
1787863768257,bcff7a67-5766-57dd-8097-7f5391ff409e,/p/0/44f2c6f6e74dae10,2,200,5491033,150.962,13389.072,410113
1787863776448,a8c4f00c-d24a-4bda-04d2-d57e77e00d58,/p/0/a1b149f7d452939e,2,200,244116,223.436,5789.142,42168
1787863763006,7cb8cd06-7e52-fa04-b0db-493e53190c0a,/?crawl=79,0,200,4801419,58.364,19276.374,249083
1787863778156,810c7982-1d3e-4284-3a70-cbf976d4edf7,/p/0/e43b553a33f5fa57,6,200,325218,262.610,4190.408,77610
1787863779648,2e36aa76-2484-5ab9-2b97-2b4eb8fbf45a,/p/3/c6090ab8304d7e32,1,200,169960,207.607,2820.536,60258
1787863774402,e7e59166-542d-42b3-ee7f-ba086c0ca9a8,/p/2/81a7ec360113d2a0,4,200,505011,301.089,8155.663,61922
1787863780519,04833ba8-8aaf-1423-e54f-ee94df72a80c,/p/0/d1412dffc9845823,6,200,98435,254.133,2065.217,47663
1787863755577,218a1fdf-6dc4-1631-d88d-8e04425f14c9,/p/0/2413a71c810f4516,5,200,4711329,327.944,27025.049,174332
1787863781149,256421f9-d3b7-0c6f-243d-67e70fd63e6b,/p/0/7a43f99c7cc23584,5,200,75141,200.535,1662.836,45188
1787863775343,f4a8b9a5-4ee0-fe4d-f1f1-43e95dd4d2a2,/p/0/b2adc6b983752bc2,9,200,477903,391.789,7538.476,63395
1787863782558,e7e59166-542d-42b3-ee7f-ba086c0ca9a8,/p/1/ef7ba1c6d81f43c5,5,200,4625,336.764,361.592,12791
1787863781149,256421f9-d3b7-0c6f-243d-67e70fd63e6b,/p/0/7a43fc9c7cc23a9d,5,200,135442,182.382,1809.010,74871
1787863782282,7cb8cd06-7e52-fa04-b0db-493e53190c0a,/p/0/908d27a68dddaecb,1,200,53090,56.166,926.213,57319
1787863755912,218a1fdf-6dc4-1631-d88d-8e04425f14c9,/p/0/b286bc4de5d6a89f,6,200,3572211,1220.426,27321.280,130748
1787863779290,256421f9-d3b7-0c6f-243d-67e70fd63e6b,/p/0/c06372b2caf163e3,4,200,371596,199.252,4214.626,88168
1787863760095,b6752a29-df7e-d798-079a-2591edd7d1aa,/p/0/fd22cf48f942b39f,1,200,2549916,68.743,23411.704,108916
1787863774906,04833ba8-8aaf-1423-e54f-ee94df72a80c,/p/0/420d1b2ce93ed4ef,5,200,490524,1125.923,8610.774,56966
1787863768005,d9d1c3c2-944d-1c0e-3336-f39486668610,/?crawl=86,0,200,4851827,64.609,15552.752,311959
1787863780761,903b88a3-81b1-b559-2c64-b9b84099c443,/p/0/7420ad7282559357,11,200,128170,268.480,2818.541,45474
1787863769005,0c37a758-cd17-8a3c-511e-c656ddac7b7a,/?crawl=87,0,200,2617061,80.173,14669.123,178406
1787863779290,256421f9-d3b7-0c6f-243d-67e70fd63e6b,/p/0/c06373b2caf16596,4,200,336899,181.467,4558.463,73906
1787863778156,810c7982-1d3e-4284-3a70-cbf976d4edf7,/p/2/e43b543a33f5f8a4,6,200,488831,191.967,5736.740,85211
1787863776448,a8c4f00c-d24a-4bda-04d2-d57e77e00d58,/p/0/a1b148f7d45291eb,2,200,438601,223.490,7539.236,58176
1787863782468,2e36aa76-2484-5ab9-2b97-2b4eb8fbf45a,/p/0/db96844ba75e4ba9,2,200,36619,359.021,1534.128,23870
1787863782919,e7e59166-542d-42b3-ee7f-ba086c0ca9a8,/p/0/2113691271f1ca28,6,200,57373,283.720,1188.264,48283
1787863782558,e7e59166-542d-42b3-ee7f-ba086c0ca9a8,/p/0/ef7ba0c6d81f4212,5,200,87932,309.535,1831.634,48007
1787863779172,058896eb-dcbb-c9e7-acbd-f5307b0d214c,/p/0/23f77e042278a691,1,200,275682,201.638,5366.828,51368
1787863758819,bf8f9e2f-a955-7e16-cccf-f4891fd8f28f,/p/0/59799040eeedd3f4,1,200,2215983,118.116,25803.954,85878
1787863780599,56e5f638-0866-bd0d-99ad-1a9bad99ee08,/p/5/69fe56fe3e48aae5,7,200,379490,164.988,4027.730,94219
1787863776230,119cccf6-b622-2b36-4137-bad4717c613d,/p/6/f6fe2cb70a04f18,9,200,441991,380.858,8461.864,52233
1787863783893,810c7982-1d3e-4284-3a70-cbf976d4edf7,/p/0/89bf339c1f0ffdcd,7,200,89555,193.679,1179.753,75910
1787863773186,b43c6ee3-fc47-442e-d0b0-8400dab823c0,/p/3/5bdaec6ef721afa5,5,200,5308679,167.286,11888.805,446528
1787863779905,56e5f638-0866-bd0d-99ad-1a9bad99ee08,/p/0/9490d405bb33be9,6,200,515954,145.546,5227.977,98691
1787863779172,058896eb-dcbb-c9e7-acbd-f5307b0d214c,/p/1/23f77c042278a32b,1,200,336883,998.672,5988.537,56255
1787863778915,d45d23a4-16c4-f129-627a-f6497d81d10d,/p/0/276277915bee8911,2,200,364235,83.778,6302.466,57792
1787863785075,b43c6ee3-fc47-442e-d0b0-8400dab823c0,/p/0/5bb5854f10498712,6,200,108686,47.114,246.054,441716
1787863778624,119cccf6-b622-2b36-4137-bad4717c613d,/p/0/f6fe4cb70a0527e,9,200,423551,297.657,7129.741,59406
1787863785075,b43c6ee3-fc47-442e-d0b0-8400dab823c0,/p/2/5bb5834f104983ac,6,200,87871,293.061,710.296,123710
1787863719174,c314adea-952e-9fee-305f-d2b6166f4064,/p/0/99203fcd81ea6651,2,200,4339017,447.181,66683.667,65069
1787863785075,b43c6ee3-fc47-442e-d0b0-8400dab823c0,/p/0/5bb5844f1049855f,6,200,214966,262.788,937.221,229365
1787863779648,2e36aa76-2484-5ab9-2b97-2b4eb8fbf45a,/p/0/c6090bb8304d7fe5,1,200,479623,188.456,6447.407,74390
1787863784108,e7e59166-542d-42b3-ee7f-ba086c0ca9a8,/p/0/21136c1271f1cf41,6,200,48668,281.775,2111.753,23046
1787863785785,b43c6ee3-fc47-442e-d0b0-8400dab823c0,/p/0/ce97e958c31b6066,7,200,99751,165.128,619.255,161082
1787863772486,e66a860b-3f44-36b7-2a6e-35a34e276815,/p/0/5bf1388937d8ae24,4,200,6254955,78.530,13930.589,449009
1787863780518,04833ba8-8aaf-1423-e54f-ee94df72a80c,/p/0/d1412effc98459d6,6,200,452410,211.677,5934.756,76231
1787863779161,90f2f8a9-5906-ecb7-323b-0547e1f5e43c,/p/0/13b25e2e82b95318,1,200,159419,1048.847,7345.017,21704
1787863781483,56e5f638-0866-bd0d-99ad-1a9bad99ee08,/p/0/69fe54fe3e48a77f,7,200,481638,238.200,5233.603,92028
1787863780230,abefc2d7-d35b-d87a-c04e-372245781ac3,/p/0/8ff35e48f98a8ca9,8,200,400923,253.226,6571.717,61007
1787863785785,b43c6ee3-fc47-442e-d0b0-8400dab823c0,/p/1/ce97ea58c31b6219,7,200,161438,226.810,1148.525,140561
1787863778048,1f79d01c-94f6-b803-4b93-6a086ec38d6a,/p/0/ecddb67359836c0b,1,200,3854098,27.957,8969.499,429689
1787863787006,0d677eb8-99e7-7068-99a4-99613bfa78be,/?crawl=104,0,200,55614,53.305,198.992,279478
1787863784692,119cccf6-b622-2b36-4137-bad4717c613d,/p/5/cfc4509824afa71c,10,200,453280,239.414,2591.840,174887
1787863787205,0d677eb8-99e7-7068-99a4-99613bfa78be,/p/0/b2038dd1197b8fb0,1,200,21650,45.421,92.306,234545
1787863785161,058896eb-dcbb-c9e7-acbd-f5307b0d214c,/p/0/cd4e2783bd1db6e5,2,200,88952,397.113,2139.197,41582
1787863782468,2e36aa76-2484-5ab9-2b97-2b4eb8fbf45a,/p/0/db96814ba75e4690,2,200,482039,390.573,4883.400,98710
1787863783675,0c37a758-cd17-8a3c-511e-c656ddac7b7a,/p/11/909697b90bf153a1,1,200,235013,267.655,3795.499,61919
1787863787205,0d677eb8-99e7-7068-99a4-99613bfa78be,/p/8/b2038ed1197b9163,1,200,43497,118.135,338.044,128672
1787863785154,ad379f4d-5f87-0db1-30e3-b28eb24df494,/?crawl=103,0,200,230687,154.210,2510.744,91880
1787863786717,56e5f638-0866-bd0d-99ad-1a9bad99ee08,/p/0/2bda7b64600b8f8,8,200,123792,223.295,1051.573,117721
1787863785161,058896eb-dcbb-c9e7-acbd-f5307b0d214c,/p/0/cd4e2683bd1db532,2,200,113905,432.673,2684.309,42434
1787863782006,fbf3d964-aead-7abc-0718-4bc0c2298f0d,/?crawl=101,0,200,3152891,25.525,5902.765,534138
1787863787908,fbf3d964-aead-7abc-0718-4bc0c2298f0d,/p/0/6c4290e9d74c7702,1,200,15527,23.207,102.497,151487
1787863787908,fbf3d964-aead-7abc-0718-4bc0c2298f0d,/p/2/6c428ee9d74c739c,1,200,44915,23.170,148.241,302986
1787863757531,119cccf6-b622-2b36-4137-bad4717c613d,/p/0/d2afba7adc654129,6,200,2662088,319.944,30967.892,85963
1787863787205,0d677eb8-99e7-7068-99a4-99613bfa78be,/p/0/b20390d1197b94c9,1,200,172828,189.602,1398.674,123566
1787863788057,fbf3d964-aead-7abc-0718-4bc0c2298f0d,/p/0/57f3d811d87eef9e,2,200,61571,114.224,565.886,108805
1787863787284,119cccf6-b622-2b36-4137-bad4717c613d,/p/0/cfc4529824afaa82,10,200,523312,344.947,1421.160,368229
1787863761634,119cccf6-b622-2b36-4137-bad4717c613d,/p/0/d3950e5b3c7236d6,7,200,3132790,293.294,27073.217,115715
1787863775770,39d58ac0-7d6d-ecc0-efb3-0ddf0f4e4b56,/p/0/a71cb38c1754492b,1,200,2951781,86.220,13059.633,226023
1787863740007,386db663-84d2-1ec9-5be1-5f5c5ada5475,/?crawl=49,0,200,6185152,296.375,48824.927,126680
1787863779245,b35cebe0-842a-2759-111b-af67747709b4,/p/0/e960beb43bb53c3,6,200,414221,517.884,9710.928,42655
1787863707258,903b88a3-81b1-b559-2c64-b9b84099c443,/p/0/a229e6cf836e13f8,1,200,5386329,218.981,81861.619,65798
1787863789006,7731835e-d805-b3f6-a422-2eae6c5e3ba4,/?crawl=105,0,200,147976,17.994,157.482,939638
1787863789163,7731835e-d805-b3f6-a422-2eae6c5e3ba4,/p/0/1e993a7384e09d03,1,200,10005,68.853,76.405,130946
1787863789006,2a69d794-042a-4e23-b393-2967c577bb65,/?crawl=106,0,200,117553,46.656,365.251,321841
1787863788832,386db663-84d2-1ec9-5be1-5f5c5ada5475,/p/0/116271e30a315959,1,200,333713,6.540,566.173,589419
1787863769479,119cccf6-b622-2b36-4137-bad4717c613d,/p/0/ff132d2fe99fe814,8,200,2899615,250.585,19938.351,145429
1787863789371,2a69d794-042a-4e23-b393-2967c577bb65,/p/2/d8d8398c42b17d89,1,200,18581,42.631,85.497,217330
1787863788832,386db663-84d2-1ec9-5be1-5f5c5ada5475,/p/5/11626fe30a3155f3,1,200,371820,66.730,760.368,489000
1787863775770,39d58ac0-7d6d-ecc0-efb3-0ddf0f4e4b56,/p/2/a71cb58c17544c91,1,200,3463582,28.618,13849.524,250087
1787863788832,386db663-84d2-1ec9-5be1-5f5c5ada5475,/p/0/11626ee30a315440,1,200,373821,60.075,811.478,460667
1787863787908,fbf3d964-aead-7abc-0718-4bc0c2298f0d,/p/0/6c428fe9d74c754f,1,200,383023,68.051,1766.049,216881
1787863789592,386db663-84d2-1ec9-5be1-5f5c5ada5475,/p/4/878f9920db94d9dc,2,200,13588,62.771,99.411,136685
1787863786934,b43c6ee3-fc47-442e-d0b0-8400dab823c0,/p/0/adab27e2ec5f4d7a,8,200,317921,196.554,2837.652,112037
1787863783579,903b88a3-81b1-b559-2c64-b9b84099c443,/p/0/7420ae728255950a,11,200,298886,284.639,6239.393,47903
1787863773878,04833ba8-8aaf-1423-e54f-ee94df72a80c,/p/0/c079e91451d985f6,3,200,5416627,4.856,16033.869,337824
1787863753228,119cccf6-b622-2b36-4137-bad4717c613d,/p/0/bb30c909d40fee34,5,200,4846884,253.399,36687.609,132112
1787863788707,119cccf6-b622-2b36-4137-bad4717c613d,/p/0/f4a196fd842582e9,11,200,439193,869.044,1222.528,359250
1787863789691,386db663-84d2-1ec9-5be1-5f5c5ada5475,/p/0/cdb94b08cf7b8c28,3,200,49485,85.201,275.149,179848
1787863788057,fbf3d964-aead-7abc-0718-4bc0c2298f0d,/p/0/57f3d711d87eedeb,2,200,369489,172.137,1918.433,192599
1787863767225,fbda9ef8-4986-f874-3acb-4e00d22cce8d,/p/0/4ad598d1c9c2378d,1,200,6037116,217.543,23082.025,261551
1787863789592,386db663-84d2-1ec9-5be1-5f5c5ada5475,/p/0/878f9b20db94dd42,2,200,288614,57.786,888.819,324716
1787863789592,386db663-84d2-1ec9-5be1-5f5c5ada5475,/p/0/878f9a20db94db8f,2,200,303062,57.813,936.151,323732
1787863789691,386db663-84d2-1ec9-5be1-5f5c5ada5475,/p/0/cdb94e08cf7b9141,3,200,319306,73.277,899.727,354892
1787863789691,386db663-84d2-1ec9-5be1-5f5c5ada5475,/p/3/cdb94c08cf7b8ddb,3,200,422874,91.206,1002.520,421811
1787863790694,386db663-84d2-1ec9-5be1-5f5c5ada5475,/p/0/be82028cdd8643a5,4,200,20520,9.661,21.857,938833
1787863783675,0c37a758-cd17-8a3c-511e-c656ddac7b7a,/p/0/909696b90bf151ee,1,200,444967,344.379,7098.542,62684
1787863789163,7731835e-d805-b3f6-a422-2eae6c5e3ba4,/p/0/1e993b7384e09eb6,1,200,324677,14.700,1615.966,200918
1787863789163,7731835e-d805-b3f6-a422-2eae6c5e3ba4,/p/0/1e99397384e09b50,1,200,320757,76.460,1635.533,196118
1787863787543,0d677eb8-99e7-7068-99a4-99613bfa78be,/p/7/9543147cf7af1a72,2,200,181041,238.959,3360.194,53878
1787863790006,4d1e08b2-80b8-9ffa-7108-25061a269782,/?crawl=107,0,200,374692,106.061,1273.885,294133
1787863790694,386db663-84d2-1ec9-5be1-5f5c5ada5475,/p/0/be81ff8cdd863e8c,4,200,468612,57.174,822.282,569892
1787863787470,0c37a758-cd17-8a3c-511e-c656ddac7b7a,/p/0/edfc669609a7e562,2,200,214477,380.669,4596.853,46657
1787863764362,e3269f12-8065-9030-42e6-4eb24c48f702,/p/0/30a06d517fb3a821,2,200,3972177,548.313,27715.841,143318
1787863792006,1cfded69-9334-e3d5-77f9-cbe130f6ace1,/?crawl=110,0,200,101056,31.007,215.049,469921
1787863789620,39d58ac0-7d6d-ecc0-efb3-0ddf0f4e4b56,/p/0/5c73251f14e5916f,2,200,509000,27.072,2673.334,190399
1787863791005,6f48c632-2774-c96f-4b98-2c39a340dbd3,/?crawl=108,0,200,453217,43.879,1299.071,348878
1787863763677,b6752a29-df7e-d798-079a-2591edd7d1aa,/p/0/1172bc4516ebf69e,2,200,3492483,242.567,28651.149,121897
1787863779161,90f2f8a9-5906-ecb7-323b-0547e1f5e43c,/p/0/13b2612e82b95831,1,200,299677,1143.702,13340.161,22464
1787863791005,acb27349-fb50-bb1b-9c21-820cc665f251,/?crawl=109,0,200,415717,52.081,1496.399,277812
1787863792305,6f48c632-2774-c96f-4b98-2c39a340dbd3,/p/5/9aff8f3410bf1a47,1,200,38030,40.549,245.158,155124
1787863748555,54e86db3-5aa0-43fa-7772-3a1d55c064aa,/p/0/4b94c6033c408f57,6,200,4114018,8.621,44119.571,93247
1787863790903,0d677eb8-99e7-7068-99a4-99613bfa78be,/p/6/3457611569e210d5,3,200,73821,358.541,1811.627,40748
1787863759498,907622a4-b130-186f-0d97-1885a857c4d7,/p/0/6dc7f148ca97e0a0,4,200,3449665,529.752,33495.197,102990
1787863766083,f4a8b9a5-4ee0-fe4d-f1f1-43e95dd4d2a2,/p/0/e8e157b7893bcd7d,8,200,4378852,1303.609,26980.445,162297
1787863789456,2a69d794-042a-4e23-b393-2967c577bb65,/p/0/680adb4ae8858e47,2,200,221014,239.254,3816.559,57909
1787863793006,a4075955-c773-f098-15bf-0bb2f843818a,/?crawl=112,0,200,185509,51.911,616.100,301102
1787863787470,0c37a758-cd17-8a3c-511e-c656ddac7b7a,/p/0/edfc659609a7e3af,2,200,275969,380.757,6306.184,43762
1787863746694,907622a4-b130-186f-0d97-1885a857c4d7,/p/0/377943f21464d17b,2,200,4828111,404.129,47623.616,101381
1787863789456,2a69d794-042a-4e23-b393-2967c577bb65,/p/1/680add4ae88591ad,2,200,240633,259.733,4932.130,48789
1787863793622,a4075955-c773-f098-15bf-0bb2f843818a,/p/0/52e86ed62c029c46,1,200,86103,43.805,1007.315,85478
1787863759498,907622a4-b130-186f-0d97-1885a857c4d7,/p/9/6dc7f348ca97e406,4,200,5905500,438.844,35144.755,168034
1787863789371,2a69d794-042a-4e23-b393-2967c577bb65,/p/0/d8d8378c42b17a23,1,200,339222,151.643,5303.310,63964
1787863794643,907622a4-b130-186f-0d97-1885a857c4d7,/p/0/489d4162e6f47557,5,200,79482,5.219,246.066,323011
1787863763677,b6752a29-df7e-d798-079a-2591edd7d1aa,/p/0/1172bd4516ebf851,2,200,5046294,329.487,31229.997,161585
1787863794389,2a69d794-042a-4e23-b393-2967c577bb65,/p/0/45747c8c6b581a0c,3,200,39230,347.844,627.310,62537
1787863791280,4d1e08b2-80b8-9ffa-7108-25061a269782,/p/0/456de22eae168410,1,200,376453,93.357,3881.198,96994
1787863787543,0d677eb8-99e7-7068-99a4-99613bfa78be,/p/0/9543157cf7af1c25,2,200,471701,263.591,7720.118,61100
1787863787543,0d677eb8-99e7-7068-99a4-99613bfa78be,/p/0/9543127cf7af170c,2,200,385472,263.740,7795.031,49451
1787863792715,0d677eb8-99e7-7068-99a4-99613bfa78be,/p/5/930edbab42509d7b,4,200,142612,393.774,2623.101,54368
1787863794643,907622a4-b130-186f-0d97-1885a857c4d7,/p/0/489d4262e6f4770a,5,200,364292,4.976,699.726,520621
1787863794643,907622a4-b130-186f-0d97-1885a857c4d7,/p/8/489d4062e6f473a4,5,200,374937,2.698,711.053,527298
1787863791280,4d1e08b2-80b8-9ffa-7108-25061a269782,/p/5/456de42eae168776,1,200,383075,211.973,4191.860,91385
1787863795354,907622a4-b130-186f-0d97-1885a857c4d7,/p/0/9b0906d60ba49869,6,200,191552,2.796,312.021,613908
1787863795354,907622a4-b130-186f-0d97-1885a857c4d7,/p/7/9b0905d60ba496b6,6,200,32805,312.833,313.513,104637
1787863765979,e7e59166-542d-42b3-ee7f-ba086c0ca9a8,/p/0/f53a7db9e905ffe6,1,200,4004304,297.714,29833.237,134223
1787863792305,6f48c632-2774-c96f-4b98-2c39a340dbd3,/p/0/9aff913410bf1dad,1,200,237882,125.964,3525.804,67469
1787863782282,7cb8cd06-7e52-fa04-b0db-493e53190c0a,/p/0/908d28a68dddb07e,1,200,2999301,85.165,13791.137,217480
1787863782558,e7e59166-542d-42b3-ee7f-ba086c0ca9a8,/p/0/ef7b9fc6d81f405f,5,200,2548774,257.747,13612.240,187241
1787863788057,fbf3d964-aead-7abc-0718-4bc0c2298f0d,/p/1/57f3d911d87ef151,2,200,4234766,114.187,8150.289,519585
1787863792006,01a5c43f-cc06-62cc-93a8-f28701c92f46,/?crawl=111,0,200,2656961,22.668,4299.540,617964
1787863796207,fbf3d964-aead-7abc-0718-4bc0c2298f0d,/p/0/4e1dcbcb52141ecb,3,200,62448,22.756,128.468,486099
1787863796305,01a5c43f-cc06-62cc-93a8-f28701c92f46,/p/0/d276beee9d37966,1,200,12293,19.342,38.139,322321
1787863795354,907622a4-b130-186f-0d97-1885a857c4d7,/p/0/9b0903d60ba49350,6,200,448987,312.128,1080.623,415489
1787863795667,907622a4-b130-186f-0d97-1885a857c4d7,/p/6/8d51dfd5b12daddf,7,200,375186,767.287,775.241,483960
1787863795667,907622a4-b130-186f-0d97-1885a857c4d7,/p/0/8d51e1d5b12db145,7,200,93148,769.886,775.254,120152
1787863771831,e7e59166-542d-42b3-ee7f-ba086c0ca9a8,/p/0/298331454ba4290d,3,200,5597087,256.118,24735.078,226281
1787863796207,fbf3d964-aead-7abc-0718-4bc0c2298f0d,/p/0/4e1dcdcb52142231,3,200,117047,105.423,512.804,228249
1787863754595,b35cebe0-842a-2759-111b-af67747709b4,/p/0/fb81b1e27eaf0f3e,1,200,2927929,112.852,42146.893,69470
1787863764362,e3269f12-8065-9030-42e6-4eb24c48f702,/p/0/30a06a517fb3a308,2,200,3870376,644.430,32588.894,118764
1787863787665,ad379f4d-5f87-0db1-30e3-b28eb24df494,/p/0/93173aa500826175,1,200,294587,385.390,9368.210,31445
1787863792305,6f48c632-2774-c96f-4b98-2c39a340dbd3,/p/0/9aff8e3410bf1894,1,200,206867,205.293,4733.485,43703
1787863792550,6f48c632-2774-c96f-4b98-2c39a340dbd3,/p/0/6a3079db10ae74c7,2,200,329808,352.169,4553.959,72422
1787863782282,7cb8cd06-7e52-fa04-b0db-493e53190c0a,/p/1/908d26a68dddad18,1,200,5197423,168.277,14856.822,349834
1787863796207,fbf3d964-aead-7abc-0718-4bc0c2298f0d,/p/0/4e1dcccb5214207e,3,200,493765,116.471,1055.796,467671
1787863714412,c314adea-952e-9fee-305f-d2b6166f4064,/p/0/9c6cc112bb3b781d,1,200,6107705,78.679,82907.707,73669
1787863789456,2a69d794-042a-4e23-b393-2967c577bb65,/p/0/680adc4ae8858ffa,2,200,500367,302.134,7936.004,63050
1787863797139,7cb8cd06-7e52-fa04-b0db-493e53190c0a,/p/0/83bfb56a6886cbc9,2,200,222002,11.287,367.096,604753
1787863796305,01a5c43f-cc06-62cc-93a8-f28701c92f46,/p/4/d276ceee9d37b19,1,200,409174,48.368,1232.606,331958
1787863782468,2e36aa76-2484-5ab9-2b97-2b4eb8fbf45a,/p/2/db96824ba75e4843,2,200,2393538,358.883,15202.997,157439
1787863797538,01a5c43f-cc06-62cc-93a8-f28701c92f46,/p/0/c2e447824b0e5723,2,200,23211,145.078,343.353,67601
1787863796443,907622a4-b130-186f-0d97-1885a857c4d7,/p/0/28470a67f4e893d6,8,200,54857,1438.288,1438.991,38122
1787863793622,a4075955-c773-f098-15bf-0bb2f843818a,/p/0/52e86cd62c0298e0,1,200,504675,161.165,4337.905,116341
1787863793622,a4075955-c773-f098-15bf-0bb2f843818a,/p/0/52e86dd62c029a93,1,200,463929,234.198,4361.651,106365
1787863787470,0c37a758-cd17-8a3c-511e-c656ddac7b7a,/p/10/edfc679609a7e715,2,200,521967,380.740,10551.936,49466
1787863797139,7cb8cd06-7e52-fa04-b0db-493e53190c0a,/p/0/83bfb46a6886ca16,2,200,166509,364.422,914.539,182069
1787863795338,0d677eb8-99e7-7068-99a4-99613bfa78be,/p/4/5fdbe35e44838809,5,200,136305,262.687,2757.775,49426
1787863795472,4d1e08b2-80b8-9ffa-7108-25061a269782,/p/0/337de15b2704829a,2,200,206059,281.185,2807.649,73392
1787863712196,903b88a3-81b1-b559-2c64-b9b84099c443,/p/0/7dfed5d78a498db8,3,200,5894962,284.476,86135.719,68438
1787863784005,531c6d1a-0a39-edf2-5eb3-25c293ca12eb,/?crawl=102,0,200,2726831,74.617,14346.876,190064
1787863798006,01d8995e-aca1-856d-d1e1-951941b5da84,/?crawl=116,0,200,190061,28.667,363.952,522214
1787863796443,907622a4-b130-186f-0d97-1885a857c4d7,/p/0/28470967f4e89223,8,200,236339,1440.903,1967.395,120128
1787863798370,01d8995e-aca1-856d-d1e1-951941b5da84,/p/0/a091c44c7e6e7492,1,200,5067,28.286,41.423,122322
1787863797671,2e36aa76-2484-5ab9-2b97-2b4eb8fbf45a,/p/0/d14f1ae49d2d6f53,3,200,44022,246.771,826.640,53254
1787863798005,1008b129-1fca-76ed-61ea-8830513b5e46,/?crawl=117,0,200,296640,31.633,608.410,487566
1787863796443,907622a4-b130-186f-0d97-1885a857c4d7,/p/5/28470867f4e89070,8,200,435586,1438.809,2495.296,174563
1787863798370,01d8995e-aca1-856d-d1e1-951941b5da84,/p/0/a091c34c7e6e72df,1,200,191669,41.326,715.038,268054
1787863797006,30af2fd7-2297-382e-1ac1-f19881699588,/?crawl=114,0,200,513826,59.927,2108.302,243716
1787863795263,0d677eb8-99e7-7068-99a4-99613bfa78be,/p/0/930eddab4250a0e1,4,200,175210,289.760,4085.764,42883
1787863770013,c3b21dab-f05d-f5e7-52b7-1e46857d3b98,/?crawl=91,0,200,2198010,171.570,29370.043,74839
1787863794389,2a69d794-042a-4e23-b393-2967c577bb65,/p/0/45747f8c6b581f25,3,200,445778,285.455,5082.461,87709
1787863795667,907622a4-b130-186f-0d97-1885a857c4d7,/p/0/8d51ded5b12dac2c,7,200,5107357,767.303,3922.468,1302077
1787863799006,00eed7a6-c52b-3662-dc43-ecfa27c6e760,/?crawl=119,0,200,479556,23.147,705.705,679541
1787863719174,c314adea-952e-9fee-305f-d2b6166f4064,/p/0/99203ccd81ea6138,2,200,5560949,447.130,80648.816,68953
1787863789620,39d58ac0-7d6d-ecc0-efb3-0ddf0f4e4b56,/p/1/5c73271f14e594d5,2,200,2206096,167.139,10242.129,215394
1787863797538,01a5c43f-cc06-62cc-93a8-f28701c92f46,/p/3/c2e449824b0e5a89,2,200,519990,154.395,2334.109,222779
1787863799711,00eed7a6-c52b-3662-dc43-ecfa27c6e760,/p/0/a87a17db8eab2bb1,1,200,43538,63.918,193.798,224657
1787863798938,907622a4-b130-186f-0d97-1885a857c4d7,/p/0/fddfe7e1aaf1dc9f,9,200,229937,651.720,975.520,235707
1787863798938,907622a4-b130-186f-0d97-1885a857c4d7,/p/0/fddfe8e1aaf1de52,9,200,213851,651.749,976.819,218926
1787863798352,531c6d1a-0a39-edf2-5eb3-25c293ca12eb,/p/1/26818f02951d55d5,1,200,80242,68.645,1589.522,50482
1787863798022,0c37a758-cd17-8a3c-511e-c656ddac7b7a,/p/9/f886d780b819d6a5,3,200,88561,571.869,1950.125,45413
1787863799005,cedf52a2-d30d-4634-ee57-930e4fb6e0fc,/?crawl=120,0,200,336339,59.836,1425.295,235979
1787863795472,4d1e08b2-80b8-9ffa-7108-25061a269782,/p/0/337de05b270480e7,2,200,343837,237.742,5059.209,67963
1787863799862,39d58ac0-7d6d-ecc0-efb3-0ddf0f4e4b56,/p/0/9ec9d2d7ffbb440b,3,200,12700,176.553,798.603,15903
1787863800432,cedf52a2-d30d-4634-ee57-930e4fb6e0fc,/p/0/6117f68dd1e862bd,1,200,68217,95.399,327.959,208005
1787863798370,01d8995e-aca1-856d-d1e1-951941b5da84,/p/1/a091c24c7e6e712c,1,200,495589,28.261,2451.641,202146
1787863799862,39d58ac0-7d6d-ecc0-efb3-0ddf0f4e4b56,/p/0/9ec9d1d7ffbb4258,3,200,203485,145.899,1018.155,199857
1787863799942,531c6d1a-0a39-edf2-5eb3-25c293ca12eb,/p/0/cd9fef21d158f345,2,200,7769,601.885,1087.425,7144
1787863799711,00eed7a6-c52b-3662-dc43-ecfa27c6e760,/p/0/a87a15db8eab284b,1,200,143880,21.630,1343.852,107065
1787863795338,0d677eb8-99e7-7068-99a4-99613bfa78be,/p/0/5fdbe25e44838656,5,200,294970,311.076,5795.247,50899
1787863799862,39d58ac0-7d6d-ecc0-efb3-0ddf0f4e4b56,/p/0/9ec9d4d7ffbb4771,3,200,210965,145.781,1452.345,145258
1787863799711,00eed7a6-c52b-3662-dc43-ecfa27c6e760,/p/0/a87a16db8eab29fe,1,200,283987,44.591,1655.551,171536
1787863798352,531c6d1a-0a39-edf2-5eb3-25c293ca12eb,/p/0/26818e02951d5422,1,200,227214,138.643,3261.387,69668
1787863798614,1008b129-1fca-76ed-61ea-8830513b5e46,/p/0/33fc19aa13096aa5,1,200,402530,27.708,3002.662,134058
1787863799872,01a5c43f-cc06-62cc-93a8-f28701c92f46,/p/0/a2f66df81f2ee230,3,200,405824,105.065,2515.580,161324
1787863800821,01d8995e-aca1-856d-d1e1-951941b5da84,/p/0/c29b06c5627b2427,2,200,263812,84.081,1593.539,165551
1787863797672,2e36aa76-2484-5ab9-2b97-2b4eb8fbf45a,/p/0/d14f1be49d2d7106,3,200,481685,190.788,4885.156,98602
1787863798614,1008b129-1fca-76ed-61ea-8830513b5e46,/p/0/33fc16aa1309658c,1,200,483790,141.733,4002.106,120884
1787863801133,0d677eb8-99e7-7068-99a4-99613bfa78be,/p/0/d270a2d1575a9dfb,6,200,104637,390.106,1521.658,68765
1787863758334,b35cebe0-842a-2759-111b-af67747709b4,/p/0/2ca2cbbba626e969,2,200,2595523,479.441,44453.832,58387
1787863800821,01d8995e-aca1-856d-d1e1-951941b5da84,/p/0/c29b07c5627b25da,2,200,369396,150.493,2014.967,183326
1787863800821,01d8995e-aca1-856d-d1e1-951941b5da84,/p/0/c29b08c5627b278d,2,200,465060,28.115,2015.041,230794
1787863799114,30af2fd7-2297-382e-1ac1-f19881699588,/p/0/c7666b07a7a459ec,1,200,219682,287.621,3734.273,58829
1787863789620,39d58ac0-7d6d-ecc0-efb3-0ddf0f4e4b56,/p/0/5c73261f14e59322,2,200,6259308,152.048,13338.844,469254
1787863756512,a35b0b5a-b03e-383a-043c-d343d82f0797,/p/0/862b178cbc12edef,3,200,4829019,258.262,46455.733,103949
1787863799114,30af2fd7-2297-382e-1ac1-f19881699588,/p/0/c7666e07a7a45f05,1,200,362317,56.653,4083.950,88717
1787863797006,f150eb74-6a58-e805-75e6-43a223e7c084,/?crawl=115,0,200,4886015,17.708,6473.576,754763
1787863802006,7000b2c1-f065-0195-4d88-6858efe7d1d4,/?crawl=122,0,200,453218,54.115,1509.809,300182
1787863803479,f150eb74-6a58-e805-75e6-43a223e7c084,/p/0/5ad0c0653c3f4fff,1,200,94624,15.741,140.256,674652
1787863803005,d0dce893-6517-9b8f-f179-7021021db9bf,/?crawl=123,0,200,384174,25.832,645.721,594954
1787863718723,903b88a3-81b1-b559-2c64-b9b84099c443,/p/0/8bba1acc8315939b,4,200,5664629,312.575,84971.224,66665
1787863802006,d9cef2fe-c447-e524-789d-f8b6925d30f3,/?crawl=121,0,200,129034,233.761,1709.622,75475
1787863803515,7000b2c1-f065-0195-4d88-6858efe7d1d4,/p/0/3a434ad2a8b274e4,1,200,64793,47.451,358.051,180960
1787863803479,f150eb74-6a58-e805-75e6-43a223e7c084,/p/0/5ad0c1653c3f51b2,1,200,156799,89.970,477.237,328556
1787863799114,30af2fd7-2297-382e-1ac1-f19881699588,/p/3/c7666d07a7a45d52,1,200,436043,87.114,5026.488,86749
1787863794006,c63bbc2c-ed3d-1d2b-53fe-6a94325b9b54,/?crawl=113,0,200,4756099,54.405,10163.324,467967
1787863804169,c63bbc2c-ed3d-1d2b-53fe-6a94325b9b54,/p/1/e652c233c09d8ef3,1,200,20310,2.413,15.121,1343188
1787863799972,0c37a758-cd17-8a3c-511e-c656ddac7b7a,/p/0/bdc4bd2393e7380f,4,200,98352,692.047,4348.411,22618
1787863804169,c63bbc2c-ed3d-1d2b-53fe-6a94325b9b54,/p/0/e652c133c09d8d40,1,200,370671,3.659,413.937,895476
1787863804169,c63bbc2c-ed3d-1d2b-53fe-6a94325b9b54,/p/0/e652c433c09d9259,1,200,297977,2.460,413.996,719759
1787863804184,c63bbc2c-ed3d-1d2b-53fe-6a94325b9b54,/p/0/95ba2aff937d2529,2,200,462110,400.476,539.360,856774
1787863763768,a35b0b5a-b03e-383a-043c-d343d82f0797,/p/0/a477d7a03ca2b31f,6,200,4909772,291.076,41157.367,119293
1787863773158,56e5f638-0866-bd0d-99ad-1a9bad99ee08,/p/0/e1986f56ff672e54,3,200,4276844,76.661,31858.941,134243
1787863797139,7cb8cd06-7e52-fa04-b0db-493e53190c0a,/p/0/83bfb26a6886c6b0,2,200,2930606,365.204,8357.201,350668
1787863800432,cedf52a2-d30d-4634-ee57-930e4fb6e0fc,/p/0/6117f58dd1e8610a,1,200,437411,327.838,5098.986,85784
1787863803651,d0dce893-6517-9b8f-f179-7021021db9bf,/p/5/a6d8f67514178084,1,200,203976,58.970,1948.843,104665
1787863803651,d0dce893-6517-9b8f-f179-7021021db9bf,/p/0/a6d8f875141783ea,1,200,189156,23.516,2092.652,90391
1787863790903,0d677eb8-99e7-7068-99a4-99613bfa78be,/p/0/34575f1569e20d6f,3,200,2215489,358.464,14973.072,147965
1787863805600,d0dce893-6517-9b8f-f179-7021021db9bf,/p/0/f220f2384b7848e5,2,200,29148,155.630,323.055,90226
1787863805005,1863e5a5-8573-477f-855b-fb79b25971bd,/?crawl=125,0,200,498422,30.939,944.261,527843
1787863774657,256421f9-d3b7-0c6f-243d-67e70fd63e6b,/p/0/8556b8d055eef9c8,2,200,5323194,180.783,31443.752,169293
1787863798614,1008b129-1fca-76ed-61ea-8830513b5e46,/p/3/33fc17aa1309673f,1,200,5339504,156.301,7515.760,710441
1787863766226,903b88a3-81b1-b559-2c64-b9b84099c443,/p/6/7420ac72825591a4,11,200,4350076,286.111,40197.306,108218
1787863803651,d0dce893-6517-9b8f-f179-7021021db9bf,/p/0/a6d8f77514178237,1,200,416216,23.491,2790.291,149166
1787863806130,1008b129-1fca-76ed-61ea-8830513b5e46,/p/0/36bddc34b4798863,2,200,93862,2.195,319.945,293369
1787863754363,903b88a3-81b1-b559-2c64-b9b84099c443,/p/0/9da1df523b7a1232,10,200,4800816,242.200,52372.307,91667
1787863806130,1008b129-1fca-76ed-61ea-8830513b5e46,/p/2/36bddb34b47986b0,2,200,352288,2.377,639.199,551139
1787863803515,7000b2c1-f065-0195-4d88-6858efe7d1d4,/p/0/3a434dd2a8b279fd,1,200,344265,145.800,3554.821,96845
1787863806423,903b88a3-81b1-b559-2c64-b9b84099c443,/p/0/bfdcc8f3e5d2107f,12,200,180993,312.538,743.351,243482
1787863806423,903b88a3-81b1-b559-2c64-b9b84099c443,/p/5/bfdcc7f3e5d20ecc,12,200,258848,313.036,743.738,348036
1787863807006,df8bb1b5-1de9-3a75-fbb7-45347157a838,/?crawl=126,0,200,88241,29.351,194.012,454822
1787863805600,d0dce893-6517-9b8f-f179-7021021db9bf,/p/4/f220f1384b784732,2,200,384763,131.294,1604.945,239736
1787863781149,256421f9-d3b7-0c6f-243d-67e70fd63e6b,/p/4/7a43fb9c7cc238ea,5,200,4911136,182.389,26089.606,188241
1787863806769,1008b129-1fca-76ed-61ea-8830513b5e46,/p/0/8afb9c09c62efaa5,3,200,75844,455.604,490.469,154636
1787863803515,7000b2c1-f065-0195-4d88-6858efe7d1d4,/p/5/3a434bd2a8b27697,1,200,475907,145.761,3811.047,124876
1787863766764,e3269f12-8065-9030-42e6-4eb24c48f702,/p/0/50f9a9f436f64ce1,3,200,6085481,405.836,40579.716,149964
1787863799972,0c37a758-cd17-8a3c-511e-c656ddac7b7a,/p/8/bdc4bf2393e73b75,4,200,221731,545.508,7491.322,29598
1787863807200,df8bb1b5-1de9-3a75-fbb7-45347157a838,/p/0/ec99f55c56469c98,1,200,29553,30.517,283.882,104103
1787863782919,e7e59166-542d-42b3-ee7f-ba086c0ca9a8,/p/0/21136a1271f1cbdb,6,200,5597868,63.607,24566.701,227864
1787863807327,7000b2c1-f065-0195-4d88-6858efe7d1d4,/p/4/7c5820af6396bad5,2,200,31682,50.411,191.977,165030
1787863807005,6cd115a3-162a-4489-0a05-b7b782421652,/?crawl=129,0,200,125710,67.612,585.439,214728
1787863806130,1008b129-1fca-76ed-61ea-8830513b5e46,/p/0/36bddd34b4798a16,2,200,2426839,3.313,1549.657,1566049
1787863807591,6cd115a3-162a-4489-0a05-b7b782421652,/p/0/325af4439875b8ac,1,200,6644,63.043,97.165,68378
1787863806769,1008b129-1fca-76ed-61ea-8830513b5e46,/p/0/8afb9909c62ef58c,3,200,499616,156.037,919.064,543614
1787863807167,903b88a3-81b1-b559-2c64-b9b84099c443,/p/4/560eddc2f889e799,13,200,441292,356.840,1097.164,402211
1787863807167,903b88a3-81b1-b559-2c64-b9b84099c443,/p/0/560edcc2f889e5e6,13,200,264021,357.155,1099.804,240062
1787863779648,2e36aa76-2484-5ab9-2b97-2b4eb8fbf45a,/p/0/c60908b8304d7acc,1,200,4406391,37.307,28676.326,153660
1787863803479,f150eb74-6a58-e805-75e6-43a223e7c084,/p/11/5ad0c2653c3f5365,1,200,4433269,97.779,5006.389,885522
1787863808486,f150eb74-6a58-e805-75e6-43a223e7c084,/p/0/cc005f63b8714b41,2,200,29448,37.230,91.182,322957
1787863806769,1008b129-1fca-76ed-61ea-8830513b5e46,/p/1/8afb9a09c62ef73f,3,200,3690297,133.946,1897.000,1945333
1787863807205,d0dce893-6517-9b8f-f179-7021021db9bf,/p/0/b53c7a1c87883036,3,200,264986,144.235,1557.265,170161
1787863804140,30af2fd7-2297-382e-1ac1-f19881699588,/p/0/7ac1e3fcb3802012,2,200,327970,144.917,4625.688,70902
1787863807591,6cd115a3-162a-4489-0a05-b7b782421652,/p/1/325af6439875bc12,1,200,167432,97.035,1285.445,130252
1787863804140,30af2fd7-2297-382e-1ac1-f19881699588,/p/0/7ac1e2fcb3801e5f,2,200,420968,115.561,4745.501,88709
1787863808666,1008b129-1fca-76ed-61ea-8830513b5e46,/p/0/f1fb3456ebaebc27,4,200,96677,2.847,324.522,297906
1787863807205,d0dce893-6517-9b8f-f179-7021021db9bf,/p/3/b53c781c87882cd0,3,200,428513,155.843,1966.827,217870
1787863769849,af266086-ffea-5082-8a54-f1c5f3483d47,/p/0/7101aec8c280ebef,4,200,2812035,383.886,39356.793,71450
1787863808486,f150eb74-6a58-e805-75e6-43a223e7c084,/p/0/cc005c63b8714628,2,200,309052,17.289,727.320,424919
1787863807205,d0dce893-6517-9b8f-f179-7021021db9bf,/p/0/b53c791c87882e83,3,200,498008,155.817,2081.347,239272
1787863808005,5f528615-03cd-faa6-701d-487220f121cd,/?crawl=130,0,200,393593,49.790,1296.827,303505
1787863808486,f150eb74-6a58-e805-75e6-43a223e7c084,/p/10/cc005d63b87147db,2,200,445970,37.166,852.595,523074
1787863767536,67b4d634-4a77-c9bb-2083-831b1e05dfae,/p/9/69c1ecfde2bb677b,1,200,3567466,204.343,41870.393,85203
1787863807239,256421f9-d3b7-0c6f-243d-67e70fd63e6b,/p/0/fe404afcc58cbc81,6,200,295627,36.278,2170.403,136208
1787863808264,903b88a3-81b1-b559-2c64-b9b84099c443,/p/0/410768d06f008301,14,200,470652,846.726,1184.907,397206
1787863765470,bf8f9e2f-a955-7e16-cccf-f4891fd8f28f,/p/0/bea46de24083632f,3,200,4083060,389.995,43997.247,92803
1787863778214,a8c4f00c-d24a-4bda-04d2-d57e77e00d58,/p/21/1db0d27b2e96ffa1,3,200,2111419,244.230,31384.333,67276
1787863809006,ae175c6d-13a5-2a3b-c6b3-3f13188bc2e4,/?crawl=133,0,200,295768,36.098,701.069,421882
1787863808264,903b88a3-81b1-b559-2c64-b9b84099c443,/p/0/410765d06f007de8,14,200,406181,846.600,1682.534,241410
1787863808005,bc6309aa-de45-6235-08d5-785344a48df6,/?crawl=131,0,200,442165,63.842,1948.815,226889
1787863807167,903b88a3-81b1-b559-2c64-b9b84099c443,/p/0/560edbc2f889e433,13,200,2117385,355.217,2816.653,751738
1787863809172,d0dce893-6517-9b8f-f179-7021021db9bf,/p/0/d1847160c1fd2523,4,200,46098,984.926,985.954,46755
1787863778916,d45d23a4-16c4-f129-627a-f6497d81d10d,/p/8/276275915bee85ab,2,200,2483360,207.852,31254.557,79456
1787863807239,256421f9-d3b7-0c6f-243d-67e70fd63e6b,/p/0/fe4047fcc58cb768,6,200,440660,199.631,2942.450,149760
1787863809006,966b6e2e-9780-e073-ea9c-082eed94e30c,/?crawl=132,0,200,446582,44.135,1302.657,342824
1787863799942,531c6d1a-0a39-edf2-5eb3-25c293ca12eb,/p/0/cd9fee21d158f192,2,200,358654,735.256,10407.860,34460
1787863786934,b43c6ee3-fc47-442e-d0b0-8400dab823c0,/p/0/adab26e2ec5f4bc7,8,200,3524229,151.245,23463.951,150198
1787863810008,a37c1f8f-56f3-4f8d-e675-36ba36a78edf,/?crawl=134,0,200,334673,132.417,428.500,781033
1787863809338,f150eb74-6a58-e805-75e6-43a223e7c084,/p/0/cfbf1b1c138c9588,3,200,462292,15.030,1253.770,368721
1787863785785,b43c6ee3-fc47-442e-d0b0-8400dab823c0,/p/0/ce97e858c31b5eb3,7,200,4004953,211.337,24886.834,160927
1787863809338,f150eb74-6a58-e805-75e6-43a223e7c084,/p/0/cfbf1e1c138c9aa1,3,200,410382,15.012,1377.300,297961
1787863798352,531c6d1a-0a39-edf2-5eb3-25c293ca12eb,/p/0/26818d02951d526f,1,200,361356,275.201,12378.250,29193
1787863777222,56e5f638-0866-bd0d-99ad-1a9bad99ee08,/p/0/e140a4c67fa44628,5,200,3989423,178.025,33528.311,118987
1787863809338,f150eb74-6a58-e805-75e6-43a223e7c084,/p/9/cfbf1c1c138c973b,3,200,499968,14.993,1477.000,338502
1787863806423,903b88a3-81b1-b559-2c64-b9b84099c443,/p/0/bfdcc9f3e5d21232,12,200,4928678,312.676,4420.057,1115071
1787863810170,d45d23a4-16c4-f129-627a-f6497d81d10d,/p/7/da3c8a48e94c7029,3,200,20252,799.685,799.813,25321
1787863811006,c98257e0-edab-5b3e-5572-90ec5f17c120,/?crawl=136,0,200,20421,20.971,39.449,517652
1787863809954,bc6309aa-de45-6235-08d5-785344a48df6,/p/3/6e927f354fd47427,1,200,119912,83.647,1204.115,99585
1787863799942,531c6d1a-0a39-edf2-5eb3-25c293ca12eb,/p/0/cd9fed21d158efdf,2,200,497146,447.210,11275.981,44089
1787863810170,d45d23a4-16c4-f129-627a-f6497d81d10d,/p/0/da3c8848e94c6cc3,3,200,244606,800.174,1049.376,233097
1787863810170,d45d23a4-16c4-f129-627a-f6497d81d10d,/p/0/da3c8948e94c6e76,3,200,415300,894.316,1058.793,392239
1787863778916,d45d23a4-16c4-f129-627a-f6497d81d10d,/p/0/276274915bee83f8,2,200,5132308,207.836,32318.678,158803
1787863808264,903b88a3-81b1-b559-2c64-b9b84099c443,/p/3/410766d06f007f9b,14,200,2841643,845.983,2999.503,947371
1787863792550,6f48c632-2774-c96f-4b98-2c39a340dbd3,/p/4/6a307bdb10ae782d,2,200,2817637,331.163,18784.417,149999
1787863811045,c98257e0-edab-5b3e-5572-90ec5f17c120,/p/0/b453801c920393a1,1,200,125506,92.824,449.651,279119
1787863786934,b43c6ee3-fc47-442e-d0b0-8400dab823c0,/p/0/adab25e2ec5f4a14,8,200,3795444,166.600,24575.419,154441
1787863810970,d45d23a4-16c4-f129-627a-f6497d81d10d,/p/0/70099432b749bed2,4,200,407565,264.124,565.449,720782
1787863760527,abefc2d7-d35b-d87a-c04e-372245781ac3,/p/0/b347c07af50dec15,4,200,4531562,273.494,51064.269,88742
1787863811263,903b88a3-81b1-b559-2c64-b9b84099c443,/p/0/1561c7bfc0cf6e51,15,200,61296,6.498,332.451,184376
1787863774706,abefc2d7-d35b-d87a-c04e-372245781ac3,/p/0/4db1fc4923237a15,7,200,3845214,236.662,36902.040,104201
1787863810436,a37c1f8f-56f3-4f8d-e675-36ba36a78edf,/p/8/8d7ed46168cda5c8,1,200,193538,14.896,1392.681,138968
1787863810437,a37c1f8f-56f3-4f8d-e675-36ba36a78edf,/p/0/8d7ed56168cda77b,1,200,122048,84.701,1419.233,85996
1787863810970,d45d23a4-16c4-f129-627a-f6497d81d10d,/p/0/70099332b749bd1f,4,200,420930,264.270,897.980,468752
1787863811334,6f48c632-2774-c96f-4b98-2c39a340dbd3,/p/3/7c51f4bad3e40b12,3,200,12182,204.820,542.852,22441
1787863810970,d45d23a4-16c4-f129-627a-f6497d81d10d,/p/6/70099532b749c085,4,200,457969,264.220,909.680,503439
1787863803715,d9cef2fe-c447-e524-789d-f8b6925d30f3,/p/0/cdada2303d4d6e5d,1,200,326783,213.181,8204.543,39830
1787863811263,903b88a3-81b1-b559-2c64-b9b84099c443,/p/2/1561c6bfc0cf6c9e,15,200,219537,1.544,660.359,332451
1787863809302,5f528615-03cd-faa6-701d-487220f121cd,/p/0/db282ad7bb397fc7,1,200,129064,167.215,2635.116,48978
1787863810815,f150eb74-6a58-e805-75e6-43a223e7c084,/p/0/d4dc09756026b41e,4,200,388418,18.189,1170.976,331704
1787863805600,d0dce893-6517-9b8f-f179-7021021db9bf,/p/0/f220ef384b7843cc,2,200,3514340,118.606,6593.811,532976
1787863809172,d0dce893-6517-9b8f-f179-7021021db9bf,/p/2/d1847060c1fd2370,4,200,295780,999.599,3027.072,97712
1787863811005,81fad665-478c-65ea-e366-6bdac885d0cb,/?crawl=135,0,200,436218,45.614,1265.032,344828
1787863809407,67b4d634-4a77-c9bb-2083-831b1e05dfae,/p/8/b184c7325e697b1e,2,200,100952,531.078,2893.691,34887
1787863756350,abefc2d7-d35b-d87a-c04e-372245781ac3,/p/0/5e6b44bee9f18491,3,200,5456911,232.656,55974.002,97490
1787863767008,abefc2d7-d35b-d87a-c04e-372245781ac3,/p/0/ba77b438ecf9e1bc,5,200,4627720,214.293,45335.512,102077
1787863748375,54e86db3-5aa0-43fa-7772-3a1d55c064aa,/p/0/33c8b372bef918d8,5,200,5316313,30.729,63994.975,83074
1787863810815,f150eb74-6a58-e805-75e6-43a223e7c084,/p/8/d4dc0a756026b5d1,4,200,508302,92.593,1598.668,317953
1787863811880,d45d23a4-16c4-f129-627a-f6497d81d10d,/p/0/aa72352ce1dcef1a,5,200,378704,4.021,638.908,592736
1787863811880,d45d23a4-16c4-f129-627a-f6497d81d10d,/p/5/aa72332ce1dcebb4,5,200,484239,1.332,639.851,756799
1787863811924,903b88a3-81b1-b559-2c64-b9b84099c443,/p/0/cb74d11fadbf37d1,16,200,214951,337.829,660.327,325522
1787863811924,903b88a3-81b1-b559-2c64-b9b84099c443,/p/0/cb74ce1fadbf32b8,16,200,150001,339.025,662.423,226443
1787863778156,810c7982-1d3e-4284-3a70-cbf976d4edf7,/p/0/e43b563a33f5fc0a,6,200,3108222,174.745,34606.081,89817
1787863807464,0c37a758-cd17-8a3c-511e-c656ddac7b7a,/p/0/ec2d92987e87ccad,5,200,153214,532.286,5352.774,28623
1787863811924,903b88a3-81b1-b559-2c64-b9b84099c443,/p/1/cb74d01fadbf361e,16,200,437609,337.923,1009.006,433703
1787863760538,810c7982-1d3e-4284-3a70-cbf976d4edf7,/p/0/684295b2d7d086d1,2,200,4771744,175.541,52547.800,90808
1787863811045,c98257e0-edab-5b3e-5572-90ec5f17c120,/p/6/b4537f1c920391ee,1,200,471946,18.737,2043.506,230949
1787863759960,810c7982-1d3e-4284-3a70-cbf976d4edf7,/p/0/42e3d2303b71d67f,1,200,5170599,77.158,53132.419,97315
1787863808876,6cd115a3-162a-4489-0a05-b7b782421652,/p/0/a3203f6345815239,2,200,186506,346.537,4235.858,44030
1787863813005,c2a1094b-4433-4713-15f1-cf01dd24ba84,/?crawl=140,0,200,28101,45.901,113.824,246880
1787863813119,c2a1094b-4433-4713-15f1-cf01dd24ba84,/p/0/55385f21a48a9cd1,1,200,20048,44.360,90.777,220848
1787863775876,abefc2d7-d35b-d87a-c04e-372245781ac3,/p/6/8ff35c48f98a8943,8,200,5835390,196.461,37377.037,156122
1787863811263,903b88a3-81b1-b559-2c64-b9b84099c443,/p/0/1561c4bfc0cf6938,15,200,3326606,2.227,1995.290,1667229
1787863812933,903b88a3-81b1-b559-2c64-b9b84099c443,/p/0/5003e3db86284a1,17,200,121549,326.080,352.942,344388
1787863807519,7000b2c1-f065-0195-4d88-6858efe7d1d4,/p/3/100cade566d1bf29,3,200,291874,305.687,5881.323,49627
1787863779905,56e5f638-0866-bd0d-99ad-1a9bad99ee08,/p/0/9490a405bb336d0,6,200,4313699,145.647,33541.427,128608
1787863813089,c98257e0-edab-5b3e-5572-90ec5f17c120,/p/0/3b44fd68ba60f60c,2,200,55499,128.467,404.414,137233
1787863813119,c2a1094b-4433-4713-15f1-cf01dd24ba84,/p/1/55385d21a48a996b,1,200,49672,112.146,379.620,130847
1787863812414,f150eb74-6a58-e805-75e6-43a223e7c084,/p/0/369d9d0e02877039,5,200,281401,116.031,1089.158,258366
1787863807519,7000b2c1-f065-0195-4d88-6858efe7d1d4,/p/0/100cace566d1bd76,3,200,346756,234.795,6096.327,56879
1787863812006,ae4c8166-f261-6345-e539-86d51fc294af,/?crawl=139,0,200,422282,61.343,1665.910,253484
1787863812933,903b88a3-81b1-b559-2c64-b9b84099c443,/p/0/5003b3db8627f88,17,200,293065,327.197,828.378,353782
1787863812520,d45d23a4-16c4-f129-627a-f6497d81d10d,/p/4/5d98936b49673a20,6,200,191643,416.697,1285.675,149060
1787863812199,d0dce893-6517-9b8f-f179-7021021db9bf,/p/1/9a5e3483d1d77923,5,200,309254,162.192,1796.727,172121
1787863812414,f150eb74-6a58-e805-75e6-43a223e7c084,/p/7/369d9b0e02876cd3,5,200,383517,98.191,1627.627,235629
1787863811829,a37c1f8f-56f3-4f8d-e675-36ba36a78edf,/p/0/caa2ae4df87075a7,2,200,440767,83.624,2220.233,198523
1787863813499,c2a1094b-4433-4713-15f1-cf01dd24ba84,/p/0/21aaf5010cf185ee,2,200,13295,386.586,555.973,23913
1787863813089,c98257e0-edab-5b3e-5572-90ec5f17c120,/p/0/3b450068ba60fb25,2,200,214750,100.948,991.326,216629
1787863813253,abefc2d7-d35b-d87a-c04e-372245781ac3,/p/5/80a9cbd6653aadea,9,200,257309,7.496,862.187,298438
1787863812414,f150eb74-6a58-e805-75e6-43a223e7c084,/p/0/369d9a0e02876b20,5,200,454498,145.685,1718.345,264498
1787863811829,a37c1f8f-56f3-4f8d-e675-36ba36a78edf,/p/0/caa2af4df870775a,2,200,518028,83.630,2312.030,224058
1787863811158,bc6309aa-de45-6235-08d5-785344a48df6,/p/0/9f0b83f65ef5d84d,2,200,66342,1136.826,2996.468,22140
1787863807591,6cd115a3-162a-4489-0a05-b7b782421652,/p/0/325af7439875bdc5,1,200,315714,323.755,6564.845,48092
1787863813089,c98257e0-edab-5b3e-5572-90ec5f17c120,/p/5/3b44ff68ba60f972,2,200,365007,100.819,1242.427,293785
1787863813996,d0dce893-6517-9b8f-f179-7021021db9bf,/p/0/60cec8bae4b219e0,6,200,39355,121.359,396.440,99271
1787863804184,c63bbc2c-ed3d-1d2b-53fe-6a94325b9b54,/p/0/95ba28ff937d21c3,2,200,3867158,398.902,10300.759,375425
1787863807464,0c37a758-cd17-8a3c-511e-c656ddac7b7a,/p/7/ec2d91987e87cafa,5,200,267677,455.394,7026.740,38094
1787863814042,f150eb74-6a58-e805-75e6-43a223e7c084,/p/0/40e1672751ce204c,6,200,69064,90.610,463.818,148903
1787863812933,903b88a3-81b1-b559-2c64-b9b84099c443,/p/0/5003c3db862813b,17,200,467564,326.114,1729.861,270290
1787863797671,2e36aa76-2484-5ab9-2b97-2b4eb8fbf45a,/p/1/d14f1ce49d2d72b9,3,200,4043095,229.065,16997.393,237866
1787863783893,810c7982-1d3e-4284-3a70-cbf976d4edf7,/p/0/89bf309c1f0ff8b4,7,200,4466011,246.618,30785.264,145070
1787863797538,01a5c43f-cc06-62cc-93a8-f28701c92f46,/p/0/c2e448824b0e58d6,2,200,3532143,154.294,17237.780,204907
1787863812199,d0dce893-6517-9b8f-f179-7021021db9bf,/p/0/9a5e3683d1d77c89,5,200,348327,113.177,2589.536,134513
1787863807326,7000b2c1-f065-0195-4d88-6858efe7d1d4,/p/0/7c581eaf6396b76f,2,200,441318,119.845,7476.339,59029
1787863811005,19094743-d5cd-03d4-f199-102cac3ea8f7,/?crawl=137,0,200,252395,165.212,3931.152,64204
1787863803715,d9cef2fe-c447-e524-789d-f8b6925d30f3,/p/0/cdada1303d4d6caa,1,200,523309,495.066,11252.588,46506
1787863814331,c98257e0-edab-5b3e-5572-90ec5f17c120,/p/0/298adbade60e76a2,3,200,128684,116.087,721.540,178346
1787863804184,c63bbc2c-ed3d-1d2b-53fe-6a94325b9b54,/p/0/95ba29ff937d2376,2,200,3001383,400.554,10941.914,274301
1787863813400,7000b2c1-f065-0195-4d88-6858efe7d1d4,/p/2/c3d09a3f1b89f007,4,200,40469,310.852,1831.752,22093
1787863813253,abefc2d7-d35b-d87a-c04e-372245781ac3,/p/0/80a9ccd6653aaf9d,9,200,490272,2.641,1983.302,247200
1787863813253,abefc2d7-d35b-d87a-c04e-372245781ac3,/p/0/80a9c9d6653aaa84,9,200,440688,1.687,1985.743,221926
1787863814490,0c37a758-cd17-8a3c-511e-c656ddac7b7a,/p/6/92def2ce8bdaa1ef,6,200,11495,459.185,761.246,15100
1787863813996,d0dce893-6517-9b8f-f179-7021021db9bf,/p/0/60cecbbae4b21ef9,6,200,198864,121.332,1393.882,142669
1787863814331,c98257e0-edab-5b3e-5572-90ec5f17c120,/p/0/298adaade60e74ef,3,200,273828,125.890,1090.807,251033
1787863811334,6f48c632-2774-c96f-4b98-2c39a340dbd3,/p/0/7c51f5bad3e40cc5,3,200,245619,204.888,4142.773,59289
1787863814115,abefc2d7-d35b-d87a-c04e-372245781ac3,/p/4/b435ed01874f0c6f,10,200,154321,1125.109,1372.359,112449
1787863814042,f150eb74-6a58-e805-75e6-43a223e7c084,/p/6/40e1682751ce21ff,6,200,425572,119.021,1577.817,269722
1787863783893,810c7982-1d3e-4284-3a70-cbf976d4edf7,/p/1/89bf329c1f0ffc1a,7,200,5630634,228.619,31814.159,176985
1787863814331,c98257e0-edab-5b3e-5572-90ec5f17c120,/p/4/298ad9ade60e733c,3,200,325558,125.923,1379.403,236014
1787863814042,f150eb74-6a58-e805-75e6-43a223e7c084,/p/0/40e16a2751ce2565,6,200,393441,83.080,1725.105,228068
1787863812816,0c37a758-cd17-8a3c-511e-c656ddac7b7a,/p/0/ec2d8f987e87c794,5,200,92253,457.593,2963.349,31131
1787863813806,d45d23a4-16c4-f129-627a-f6497d81d10d,/p/3/df0ffd9b8e9caf9b,7,200,337369,342.050,1976.099,170725
1787863814115,abefc2d7-d35b-d87a-c04e-372245781ac3,/p/0/b435ec01874f0abc,10,200,259696,1123.676,1696.663,153063
1787863814115,abefc2d7-d35b-d87a-c04e-372245781ac3,/p/0/b435ef01874f0fd5,10,200,375327,1123.811,1698.709,220948
1787863807239,256421f9-d3b7-0c6f-243d-67e70fd63e6b,/p/3/fe4049fcc58cbace,6,200,6023258,236.170,8583.924,701690
1787863814669,2e36aa76-2484-5ab9-2b97-2b4eb8fbf45a,/p/0/ffeb1c686348698,4,200,181318,209.786,1192.919,151995
1787863813996,d0dce893-6517-9b8f-f179-7021021db9bf,/p/0/60cec9bae4b21b93,6,200,233644,180.851,1919.960,121692
1787863815707,810c7982-1d3e-4284-3a70-cbf976d4edf7,/p/0/2719a6b5712a86e5,8,200,66397,1.280,323.390,205316
1787863814669,2e36aa76-2484-5ab9-2b97-2b4eb8fbf45a,/p/0/ffeb4c686348bb1,4,200,259556,37.477,1457.144,178127
1787863812301,67b4d634-4a77-c9bb-2083-831b1e05dfae,/p/0/9a567442cfd9fda9,3,200,186219,1026.951,3861.296,48227
1787863812301,67b4d634-4a77-c9bb-2083-831b1e05dfae,/p/0/9a567142cfd9f890,3,200,201774,985.277,3874.089,52083
1787863812271,81fad665-478c-65ea-e366-6bdac885d0cb,/p/3/20e929befd689bdb,1,200,307800,231.482,3913.323,78654
1787863815487,abefc2d7-d35b-d87a-c04e-372245781ac3,/p/3/61a9dd163f82904b,11,200,121228,326.343,717.386,168986
1787863812271,81fad665-478c-65ea-e366-6bdac885d0cb,/p/0/20e928befd689a28,1,200,334743,211.602,3955.818,84620
1787863816005,7eb782c2-e1ba-1a1f-2b33-b8790716318f,/?crawl=143,0,200,123335,31.536,273.975,450168
1787863815620,f150eb74-6a58-e805-75e6-43a223e7c084,/p/5/6742b4d6a8d89a33,7,200,97986,93.356,729.652,134291
1787863815707,810c7982-1d3e-4284-3a70-cbf976d4edf7,/p/0/2719a5b5712a8532,8,200,255930,3.882,650.636,393354
1787863815006,eb7da369-67fb-33cd-3114-d799fa155652,/?crawl=141,0,200,387935,52.333,1363.365,284542
1787863812301,67b4d634-4a77-c9bb-2083-831b1e05dfae,/p/7/9a567242cfd9fa43,3,200,265064,1027.018,4191.666,63236
1787863815487,abefc2d7-d35b-d87a-c04e-372245781ac3,/p/0/61a9df163f8293b1,11,200,257709,326.388,1031.552,249827
1787863816349,f150eb74-6a58-e805-75e6-43a223e7c084,/p/4/ec5dfdbb3cdfab34,8,200,12342,105.247,254.351,48524
1787863813400,7000b2c1-f065-0195-4d88-6858efe7d1d4,/p/0/c3d0993f1b89ee54,4,200,163300,430.404,3233.627,50501
1787863811880,d45d23a4-16c4-f129-627a-f6497d81d10d,/p/0/aa72342ce1dced67,5,200,4140129,13.311,4847.595,854058
1787863814669,2e36aa76-2484-5ab9-2b97-2b4eb8fbf45a,/p/0/ffeb2c68634884b,4,200,360548,190.209,2096.757,171955
1787863815711,c98257e0-edab-5b3e-5572-90ec5f17c120,/p/0/d3e858a923787d2f,4,200,194259,195.015,1070.722,181428
1787863815823,256421f9-d3b7-0c6f-243d-67e70fd63e6b,/p/2/d24f9c0634b16457,7,200,136562,70.618,1064.654,128269
1787863815822,256421f9-d3b7-0c6f-243d-67e70fd63e6b,/p/0/d24f9e0634b167bd,7,200,54040,357.096,1064.724,50755
1787863814937,19094743-d5cd-03d4-f199-102cac3ea8f7,/p/0/47bdd37a269e864e,1,200,36408,1090.902,2170.066,16777
1787863817005,0adf6e44-7d0b-a3fa-4184-344ef9f96267,/?crawl=144,0,200,34561,56.257,167.697,206092
1787863812370,54e86db3-5aa0-43fa-7772-3a1d55c064aa,/p/0/7c23a15c1600ea13,9,200,126474,975.056,5123.601,24685
1787863815711,c98257e0-edab-5b3e-5572-90ec5f17c120,/p/3/d3e85aa923788095,4,200,389383,131.093,1789.664,217573
1787863816349,f150eb74-6a58-e805-75e6-43a223e7c084,/p/0/ec5dffbb3cdfae9a,8,200,196539,105.253,1154.727,170204
1787863813499,c2a1094b-4433-4713-15f1-cf01dd24ba84,/p/0/21aaf4010cf1843b,2,200,349528,226.073,4006.240,87246
1787863811829,a37c1f8f-56f3-4f8d-e675-36ba36a78edf,/p/7/caa2ad4df87073f4,2,200,2182229,127.485,5716.800,381722
1787863815711,c98257e0-edab-5b3e-5572-90ec5f17c120,/p/0/d3e859a923787ee2,4,200,424820,102.656,1934.689,219580
1787863813119,c2a1094b-4433-4713-15f1-cf01dd24ba84,/p/0/55385c21a48a97b8,1,200,435167,90.790,4609.668,94403
1787863817500,c98257e0-edab-5b3e-5572-90ec5f17c120,/p/0/f4b1bb261c3ce797,5,200,28427,108.776,237.340,119773
1787863811877,6f48c632-2774-c96f-4b98-2c39a340dbd3,/p/0/5d9f33f44eb35ae,4,200,315871,269.495,5947.089,53114
1787863817173,0adf6e44-7d0b-a3fa-4184-344ef9f96267,/p/12/a2e1b297f6f671b7,1,200,44300,275.362,802.470,55205
1787863816887,256421f9-d3b7-0c6f-243d-67e70fd63e6b,/p/0/cb2f19fe5ac96823,8,200,87246,205.138,1187.047,73498
1787863780518,04833ba8-8aaf-1423-e54f-ee94df72a80c,/p/0/d1412cffc9845670,6,200,5414673,232.975,37572.575,144112
1787863816205,abefc2d7-d35b-d87a-c04e-372245781ac3,/p/0/2c54361ffdae2a60,12,200,315482,1126.738,1929.888,163472
1787863813672,ae4c8166-f261-6345-e539-86d51fc294af,/p/0/d33fd348aafcc1dc,1,200,317408,55.120,4464.530,71095
1787863816205,abefc2d7-d35b-d87a-c04e-372245781ac3,/p/0/2c54391ffdae2f79,12,200,449213,1127.134,1932.003,232512
1787863816492,67b4d634-4a77-c9bb-2083-831b1e05dfae,/p/0/23dcbf03c9e2d790,4,200,145108,665.470,1651.865,87845
1787863815707,810c7982-1d3e-4284-3a70-cbf976d4edf7,/p/0/2719a3b5712a81cc,8,200,2591776,322.520,2440.873,1061823
1787863816492,67b4d634-4a77-c9bb-2083-831b1e05dfae,/p/6/23dcc103c9e2daf6,4,200,393616,963.884,1688.964,233052
1787863815823,256421f9-d3b7-0c6f-243d-67e70fd63e6b,/p/0/d24f9b0634b162a4,7,200,294060,214.485,2379.834,123563
1787863798005,e0c60155-7072-ccb7-18d3-2509d7d075cd,/?crawl=118,0,200,490650,845.422,20197.711,24292
1787863813672,ae4c8166-f261-6345-e539-86d51fc294af,/p/0/d33fd648aafcc6f5,1,200,288801,389.909,4547.088,63513
1787863817546,a37c1f8f-56f3-4f8d-e675-36ba36a78edf,/p/0/27f403cd888d15d2,3,200,138374,107.571,715.231,193468
1787863779172,058896eb-dcbb-c9e7-acbd-f5307b0d214c,/p/0/23f77b042278a178,1,200,3562688,799.125,39209.614,90863
1787863817504,f150eb74-6a58-e805-75e6-43a223e7c084,/p/0/e40a2cf8f8d5d75,9,200,59819,278.548,882.845,67757
1787863785754,119cccf6-b622-2b36-4137-bad4717c613d,/p/0/cfc4519824afa8cf,10,200,5429925,663.642,32814.532,165473
1787863817546,a37c1f8f-56f3-4f8d-e675-36ba36a78edf,/p/0/27f402cd888d141f,3,200,265930,98.704,1104.340,240804
1787863813672,ae4c8166-f261-6345-e539-86d51fc294af,/p/0/d33fd448aafcc38f,1,200,454933,193.586,4997.455,91033
1787863816604,f150eb74-6a58-e805-75e6-43a223e7c084,/p/3/e40a1cf8f8d5bc2,9,200,315196,120.172,2121.179,148595
1787863774906,04833ba8-8aaf-1423-e54f-ee94df72a80c,/p/0/420d1c2ce93ed6a2,5,200,6198134,1175.656,43843.025,141371
1787863817546,a37c1f8f-56f3-4f8d-e675-36ba36a78edf,/p/6/27f404cd888d1785,3,200,311666,115.592,1244.438,250447
1787863816349,f150eb74-6a58-e805-75e6-43a223e7c084,/p/0/ec5dfebb3cdface7,8,200,346465,105.275,2513.410,137847
1787863816369,eb7da369-67fb-33cd-3114-d799fa155652,/p/1/c1ce07c40fefa358,1,200,205951,326.838,2762.542,74551
1787863816279,7eb782c2-e1ba-1a1f-2b33-b8790716318f,/p/7/e8a2b27f39258f7e,1,200,414545,29.342,2955.211,140276
1787863788705,119cccf6-b622-2b36-4137-bad4717c613d,/p/0/f4a193fd84257dd0,11,200,4267043,870.522,30564.478,139608
1787863816184,81fad665-478c-65ea-e366-6bdac885d0cb,/p/2/870be20c024bd99b,2,200,191169,286.037,3124.051,61193
1787863818791,a37c1f8f-56f3-4f8d-e675-36ba36a78edf,/p/5/a66fa96c6a75917a,4,200,202132,81.355,533.493,378884
1787863812520,d45d23a4-16c4-f129-627a-f6497d81d10d,/p/0/5d98946b49673bd3,6,200,2551421,417.633,6828.257,373656
1787863815782,d45d23a4-16c4-f129-627a-f6497d81d10d,/p/2/b6f21e0374348ad8,8,200,430818,1299.747,3566.804,120785
1787863819007,d69cb81d-b4f6-f307-9bf8-c34e254b33fd,/?crawl=146,0,200,156443,21.985,415.262,376734
1787863816369,eb7da369-67fb-33cd-3114-d799fa155652,/p/0/c1ce08c40fefa50b,1,200,226567,50.876,3094.544,73215
1787863799872,01a5c43f-cc06-62cc-93a8-f28701c92f46,/p/0/a2f670f81f2ee749,3,200,4219007,105.195,19654.732,214656
1787863819235,7eb782c2-e1ba-1a1f-2b33-b8790716318f,/p/0/7795e1c5fde7c5e8,2,200,20772,215.602,446.114,46562
1787863819324,a37c1f8f-56f3-4f8d-e675-36ba36a78edf,/p/0/61060cd410d0a8f3,5,200,62478,143.705,505.119,123690
1787863816728,d45d23a4-16c4-f129-627a-f6497d81d10d,/p/0/b6f21f0374348c8b,8,200,523580,361.689,3225.396,162330
1787863819324,a37c1f8f-56f3-4f8d-e675-36ba36a78edf,/p/4/61060ed410d0ac59,5,200,132563,100.664,768.153,172574
1787863819324,a37c1f8f-56f3-4f8d-e675-36ba36a78edf,/p/0/61060dd410d0aaa6,5,200,134953,100.436,859.648,156986
1787863819348,d45d23a4-16c4-f129-627a-f6497d81d10d,/p/0/b6f2200374348e3e,8,200,179961,769.649,1049.019,171552
1787863819349,d45d23a4-16c4-f129-627a-f6497d81d10d,/p/1/6b6891f280fdbe83,9,200,215649,793.091,1053.235,204749
1787863818791,a37c1f8f-56f3-4f8d-e675-36ba36a78edf,/p/0/a66fa76c6a758e14,4,200,305587,96.048,1622.325,188364
1787863816279,7eb782c2-e1ba-1a1f-2b33-b8790716318f,/p/0/e8a2b37f39259131,1,200,459713,166.492,4230.002,108679
1787863790903,0d677eb8-99e7-7068-99a4-99613bfa78be,/p/0/3457601569e20f22,3,200,2158326,238.593,29629.200,72845
1787863784627,56e5f638-0866-bd0d-99ad-1a9bad99ee08,/p/4/2bda9b64600bc5e,8,200,5157227,198.877,35936.147,143511
1787863818791,a37c1f8f-56f3-4f8d-e675-36ba36a78edf,/p/0/a66faa6c6a75932d,4,200,291612,118.491,1963.194,148540
1787863820011,316c5208-238c-89be-b87f-2ffb3c468d56,/?crawl=148,0,200,373965,77.738,862.190,433739
1787863788499,119cccf6-b622-2b36-4137-bad4717c613d,/p/4/f4a194fd84257f83,11,200,5167149,518.938,32425.293,159356
1787863820184,a37c1f8f-56f3-4f8d-e675-36ba36a78edf,/p/0/80dc0649817f5e2c,6,200,133301,93.858,776.068,171765
1787863821006,bdc782e3-c6b3-20e0-210e-5a5eb71688d8,/?crawl=151,0,200,11251,13.476,19.272,583800
1787863819953,d45d23a4-16c4-f129-627a-f6497d81d10d,/p/0/6b6890f280fdbcd0,9,200,291823,777.211,1105.698,263927
1787863820402,d45d23a4-16c4-f129-627a-f6497d81d10d,/p/0/dc69b60d1bf13782,10,200,87019,341.707,660.864,131675
1787863820925,119cccf6-b622-2b36-4137-bad4717c613d,/p/0/22ad292d17d65a99,12,200,43984,41.925,145.169,302985
1787863820397,d45d23a4-16c4-f129-627a-f6497d81d10d,/p/0/6b6893f280fdc1e9,9,200,192532,661.445,676.878,284441
1787863820873,316c5208-238c-89be-b87f-2ffb3c468d56,/p/0/b9e5b434ffb2ec39,1,200,103929,30.772,422.574,245943
1787863789371,2a69d794-042a-4e23-b393-2967c577bb65,/p/0/d8d8388c42b17bd6,1,200,4530602,85.385,31964.547,141738
1787863812520,d45d23a4-16c4-f129-627a-f6497d81d10d,/p/0/5d98956b49673d86,6,200,3952781,417.785,8879.581,445154
1787863813806,d45d23a4-16c4-f129-627a-f6497d81d10d,/p/0/df0ffc9b8e9cade8,7,200,3144123,40.707,7609.238,413198
1787863791280,4d1e08b2-80b8-9ffa-7108-25061a269782,/p/0/456de52eae168929,1,200,5991240,46.546,30245.891,198084
1787863818725,f150eb74-6a58-e805-75e6-43a223e7c084,/p/2/7e873427200e378e,10,200,160130,145.664,2824.546,56692
1787863818387,f150eb74-6a58-e805-75e6-43a223e7c084,/p/0/e409fcf8f8d585c,9,200,294801,117.527,3163.814,93179
1787863798938,907622a4-b130-186f-0d97-1885a857c4d7,/p/4/fddfe9e1aaf1e005,9,200,5723713,652.592,22615.285,253090
1787863811877,6f48c632-2774-c96f-4b98-2c39a340dbd3,/p/2/5d9f13f44eb3248,4,200,372736,329.502,9704.393,38409
1787863819235,7eb782c2-e1ba-1a1f-2b33-b8790716318f,/p/0/7795e4c5fde7cb01,2,200,340552,168.148,2350.113,144909
1787863820092,a37c1f8f-56f3-4f8d-e675-36ba36a78edf,/p/3/80dc0849817f6192,6,200,370196,77.965,1523.468,242996
1787863816184,81fad665-478c-65ea-e366-6bdac885d0cb,/p/0/870be10c024bd7e8,2,200,326710,264.055,5442.779,60026
1787863813806,d45d23a4-16c4-f129-627a-f6497d81d10d,/p/0/df0fff9b8e9cb301,7,200,3215826,342.179,7929.427,405556
1787863821063,d45d23a4-16c4-f129-627a-f6497d81d10d,/p/0/dc69b40d1bf1341c,10,200,68497,365.388,672.411,101868
1787863795472,4d1e08b2-80b8-9ffa-7108-25061a269782,/p/4/337ddf5b27047f34,2,200,5484389,259.666,26322.552,208353
1787863796305,01a5c43f-cc06-62cc-93a8-f28701c92f46,/p/0/d276aeee9d377b3,1,200,6282163,28.407,25649.965,244919
1787863779245,b35cebe0-842a-2759-111b-af67747709b4,/p/0/e960aeb43bb5210,6,200,5156086,406.558,42772.869,120546
1787863821794,4d1e08b2-80b8-9ffa-7108-25061a269782,/p/3/5c9b54bc36d128d4,3,200,49408,50.918,405.534,121834
1787863812199,d0dce893-6517-9b8f-f179-7021021db9bf,/p/0/9a5e3383d1d77770,5,200,2549354,162.100,10032.219,254117
1787863767536,67b4d634-4a77-c9bb-2083-831b1e05dfae,/p/0/69c1ebfde2bb65c8,1,200,5959281,406.781,54729.763,108886
1787863800431,cedf52a2-d30d-4634-ee57-930e4fb6e0fc,/p/0/6117f48dd1e85f57,1,200,4675198,387.786,21837.622,214089
1787863822006,6ef67603-89d4-11bc-e1c6-a2b8ac8ec245,/?crawl=153,0,200,245488,23.212,358.793,684206
1787863822364,6ef67603-89d4-11bc-e1c6-a2b8ac8ec245,/p/1/f108e9d846bbc82f,1,200,18234,20.590,42.603,427994
1787863819235,7eb782c2-e1ba-1a1f-2b33-b8790716318f,/p/6/7795e3c5fde7c94e,2,200,487745,168.252,3187.386,153024
1787863821551,f150eb74-6a58-e805-75e6-43a223e7c084,/p/1/eed3b808e0953656,11,200,88056,411.598,1042.089,84499
1787863817173,0adf6e44-7d0b-a3fa-4184-344ef9f96267,/p/0/a2e1b197f6f67004,1,200,248479,302.632,5548.717,44781
1787863820925,119cccf6-b622-2b36-4137-bad4717c613d,/p/3/22ad272d17d65733,12,200,260522,209.904,1818.996,143223
1787863821616,a37c1f8f-56f3-4f8d-e675-36ba36a78edf,/p/0/8e403598f597a543,7,200,190153,87.197,1170.250,162489
1787863821005,7ab6747e-fb0b-3e6f-7ae2-d551e68d149b,/?crawl=152,0,200,333417,79.844,1801.750,185052
1787863821006,6c19452f-1822-65e9-d9b3-a41a12f08dc4,/?crawl=150,0,200,370599,75.351,1829.909,202523
1787863809407,67b4d634-4a77-c9bb-2083-831b1e05dfae,/p/0/b184c5325e6977b8,2,200,2913254,531.081,13430.432,216914
1787863822593,f150eb74-6a58-e805-75e6-43a223e7c084,/p/0/eed3b908e0953809,11,200,55971,81.955,273.764,204450
1787863816369,eb7da369-67fb-33cd-3114-d799fa155652,/p/0/c1ce09c40fefa6be,1,200,520537,353.699,6739.252,77240
1787863819422,d69cb81d-b4f6-f307-9bf8-c34e254b33fd,/p/0/c9b65c53202c5c2a,1,200,373036,260.968,3690.850,101070
1787863822807,7ab6747e-fb0b-3e6f-7ae2-d551e68d149b,/p/0/5d9e957ab220d3cf,1,200,45079,76.873,345.734,130386
1787863810436,a37c1f8f-56f3-4f8d-e675-36ba36a78edf,/p/0/8d7ed66168cda92e,1,200,3924685,75.903,12765.154,307453
1787863819422,d69cb81d-b4f6-f307-9bf8-c34e254b33fd,/p/0/c9b65b53202c5a77,1,200,394237,35.986,3781.454,104255
1787863820873,316c5208-238c-89be-b87f-2ffb3c468d56,/p/0/b9e5b134ffb2e720,1,200,303532,171.768,2349.005,129217
1787863821549,f150eb74-6a58-e805-75e6-43a223e7c084,/p/0/7e873227200e3428,10,200,191922,382.602,1733.472,110715
1787863822744,119cccf6-b622-2b36-4137-bad4717c613d,/p/2/2b7507a905201f7a,13,200,35413,210.335,612.619,57806
1787863821616,a37c1f8f-56f3-4f8d-e675-36ba36a78edf,/p/2/8e403498f597a390,7,200,433217,79.139,1825.235,237349
1787863799872,01a5c43f-cc06-62cc-93a8-f28701c92f46,/p/2/a2f66ef81f2ee3e3,3,200,6162173,114.816,23586.183,261262
1787863821616,a37c1f8f-56f3-4f8d-e675-36ba36a78edf,/p/0/8e403698f597a6f6,7,200,442648,87.332,1847.988,239530
1787863822836,6c19452f-1822-65e9-d9b3-a41a12f08dc4,/p/0/84734035db56bff5,1,200,100204,71.659,664.866,150713
1787863823458,01a5c43f-cc06-62cc-93a8-f28701c92f46,/p/0/6c47895b404a845e,4,200,72362,86.331,347.302,208355
1787863822744,119cccf6-b622-2b36-4137-bad4717c613d,/p/0/2b7505a905201c14,13,200,25499,381.545,1115.683,22855
1787863812006,d2f09e48-5c55-8d52-807b-45fb7334649c,/?crawl=138,0,200,6245362,28.083,11896.138,524991
1787863820563,56e5f638-0866-bd0d-99ad-1a9bad99ee08,/p/0/b05a605cd7f6eb6c,9,200,155116,237.145,3477.383,44607
1787863823458,01a5c43f-cc06-62cc-93a8-f28701c92f46,/p/0/6c47885b404a82ab,4,200,279607,18.886,637.522,438584
1787863813499,c2a1094b-4433-4713-15f1-cf01dd24ba84,/p/0/21aaf6010cf187a1,2,200,2945977,250.010,10620.491,277386
1787863819308,81fad665-478c-65ea-e366-6bdac885d0cb,/p/0/1487f2726d801a90,3,200,314947,227.770,4827.885,65235
1787863822200,4d1e08b2-80b8-9ffa-7108-25061a269782,/p/0/85498a2d50cfd095,4,200,92435,231.104,2003.285,46142
1787863822807,7ab6747e-fb0b-3e6f-7ae2-d551e68d149b,/p/10/5d9e947ab220d21c,1,200,109224,76.857,1484.401,73581
1787863815232,7000b2c1-f065-0195-4d88-6858efe7d1d4,/p/0/7789454fd2e1b9e6,5,200,471090,286.171,9184.030,51294
1787863823458,01a5c43f-cc06-62cc-93a8-f28701c92f46,/p/1/6c478a5b404a8611,4,200,477837,96.222,1041.881,458629
1787863818203,e0c60155-7072-ccb7-18d3-2509d7d075cd,/p/0/150fc27dfa10359e,1,200,112467,1209.734,6394.490,17588
1787863823902,d2f09e48-5c55-8d52-807b-45fb7334649c,/p/0/3fd57eeb1661cd7c,1,200,74955,23.173,707.077,106007
1787863824005,06086b34-c196-93c8-83eb-360b13e0b711,/?crawl=156,0,200,125080,25.015,651.466,191998
1787863765470,bf8f9e2f-a955-7e16-cccf-f4891fd8f28f,/p/0/bea46fe240836695,3,200,5880403,422.618,59291.736,99177
1787863823005,4cdc6d34-93b5-2665-6624-849b9ca71980,/?crawl=154,0,200,375199,72.827,1757.521,213482
1787863809172,d0dce893-6517-9b8f-f179-7021021db9bf,/p/0/d1847260c1fd26d6,4,200,4568115,999.826,15621.785,292420
1787863823441,a37c1f8f-56f3-4f8d-e675-36ba36a78edf,/p/1/4af23593f31c80a,8,200,291466,133.904,1529.512,190561
1787863823356,119cccf6-b622-2b36-4137-bad4717c613d,/p/0/54cc35aac59e61d8,14,200,114404,270.441,1713.407,66770
1787863824971,a37c1f8f-56f3-4f8d-e675-36ba36a78edf,/p/0/8e3989a1cdb7a4cb,9,200,17625,117.275,146.406,120385
1787863765470,bf8f9e2f-a955-7e16-cccf-f4891fd8f28f,/p/0/bea46ee2408364e2,3,200,6251486,461.591,59796.463,104546
1787863821582,6f48c632-2774-c96f-4b98-2c39a340dbd3,/p/0/184135cb0fdca26c,5,200,122630,1059.466,3916.016,31315
1787863824500,01a5c43f-cc06-62cc-93a8-f28701c92f46,/p/0/9ce3f56c4ec8a631,5,200,204839,154.843,1044.817,196052
1787863822422,7eb782c2-e1ba-1a1f-2b33-b8790716318f,/p/5/f209236c8ed5ed9e,3,200,244453,149.496,3126.577,78185
1787863823902,d2f09e48-5c55-8d52-807b-45fb7334649c,/p/0/3fd580eb1661d0e2,1,200,429071,75.208,1697.640,252746
1787863821059,d45d23a4-16c4-f129-627a-f6497d81d10d,/p/0/dc69b70d1bf13935,10,200,6085480,369.609,4568.928,1331927
1787863823441,a37c1f8f-56f3-4f8d-e675-36ba36a78edf,/p/0/4af21593f31c4a4,8,200,400854,105.437,2249.755,178177
1787863819308,81fad665-478c-65ea-e366-6bdac885d0cb,/p/0/1487f5726d801fa9,3,200,488415,248.581,6465.279,75544
1787863819132,eb7da369-67fb-33cd-3114-d799fa155652,/p/0/1a99095b88a4aeaa,2,200,378620,379.653,6650.272,56933
1787863817976,0adf6e44-7d0b-a3fa-4184-344ef9f96267,/p/0/654e6eaa396f5665,2,200,457868,419.957,7851.314,58317
1787863824500,01a5c43f-cc06-62cc-93a8-f28701c92f46,/p/0/9ce3f36c4ec8a2cb,5,200,478698,23.511,1367.689,350005
1787863811045,c98257e0-edab-5b3e-5572-90ec5f17c120,/p/0/b4537d1c92038e88,1,200,3914199,55.147,14876.051,263121
1787863822422,7eb782c2-e1ba-1a1f-2b33-b8790716318f,/p/0/f209216c8ed5ea38,3,200,445606,164.568,3590.073,124122
1787863822835,6c19452f-1822-65e9-d9b3-a41a12f08dc4,/p/0/84733d35db56badc,1,200,212138,209.008,3199.377,66306
1787863824005,bafd95e1-36da-f70c-7eb7-567a8285a997,/?crawl=155,0,200,454423,68.894,2042.519,222482
1787863826005,91878606-9dcc-a3d6-bef8-2c352bef23f4,/?crawl=157,0,200,16153,44.909,65.769,245601
1787863823356,119cccf6-b622-2b36-4137-bad4717c613d,/p/1/54cc37aac59e653e,14,200,235340,249.026,2836.762,82961
1787863807006,cb281ec2-3b1b-aeed-ab80-c2596123e147,/?crawl=127,0,200,6158031,42.957,19201.928,320699
1787863824971,a37c1f8f-56f3-4f8d-e675-36ba36a78edf,/p/0/8e398ba1cdb7a831,9,200,196625,192.743,1340.351,146697
1787863748234,54e86db3-5aa0-43fa-7772-3a1d55c064aa,/p/0/9777da45612539e7,4,200,5953582,29.758,78134.449,76197
1787863804140,30af2fd7-2297-382e-1ac1-f19881699588,/p/2/7ac1e1fcb3801cac,2,200,5633726,59.806,22263.969,253042
1787863794389,2a69d794-042a-4e23-b393-2967c577bb65,/p/0/45747d8c6b581bbf,3,200,5644450,237.853,32122.947,175714
1787863808666,1008b129-1fca-76ed-61ea-8830513b5e46,/p/0/f1fb3556ebaebdda,4,200,5060284,3.612,17908.826,282558
1787863821005,eda42e92-a288-716b-ffc0-49f1c0492d3d,/?crawl=149,0,200,2372226,35.852,5667.041,418600
1787863808666,1008b129-1fca-76ed-61ea-8830513b5e46,/p/0/f1fb3356ebaeba74,4,200,5368472,2.753,18024.376,297845
1787863826207,cb281ec2-3b1b-aeed-ab80-c2596123e147,/p/10/592fa0fec1aba838,1,200,84862,41.362,485.104,174936
1787863775914,a8c4f00c-d24a-4bda-04d2-d57e77e00d58,/p/0/80480cd0ee1e63d1,1,200,3494647,40.109,50779.533,68820
1787863826404,30af2fd7-2297-382e-1ac1-f19881699588,/p/0/9c5c45ae100bc222,3,200,83861,2.801,312.869,268039
1787863816634,7000b2c1-f065-0195-4d88-6858efe7d1d4,/p/0/7789444fd2e1b833,5,200,433278,262.749,10176.166,42578
1787863826404,30af2fd7-2297-382e-1ac1-f19881699588,/p/0/9c5c44ae100bc06f,3,200,203196,1.963,427.579,475224
1787863787665,ad379f4d-5f87-0db1-30e3-b28eb24df494,/p/0/931737a500825c5c,1,200,3432420,128.788,39327.558,87278
1787863817500,c98257e0-edab-5b3e-5572-90ec5f17c120,/p/2/f4b1ba261c3ce5e4,5,200,2753287,117.599,9498.887,289854
1787863820563,56e5f638-0866-bd0d-99ad-1a9bad99ee08,/p/0/b05a635cd7f6f085,9,200,400775,260.867,6447.722,62158
1787863826404,30af2fd7-2297-382e-1ac1-f19881699588,/p/1/9c5c46ae100bc3d5,3,200,407835,2.995,751.843,542447
1787863785160,058896eb-dcbb-c9e7-acbd-f5307b0d214c,/p/0/cd4e2583bd1db37f,2,200,4749580,432.939,42127.618,112743
1787863824971,a37c1f8f-56f3-4f8d-e675-36ba36a78edf,/p/0/8e3988a1cdb7a318,9,200,477090,256.158,2331.352,204641
1787863823283,f150eb74-6a58-e805-75e6-43a223e7c084,/p/0/765996921ba0798c,12,200,518925,424.619,4079.163,127214
1787863826693,cb281ec2-3b1b-aeed-ab80-c2596123e147,/p/0/457ba4a03cffe3ca,2,200,34949,248.053,945.815,36951
1787863827005,ecd5ccd7-f2c1-a8ea-7446-579559fe3b8b,/?crawl=158,0,200,506801,25.004,842.137,601803
1787863827156,30af2fd7-2297-382e-1ac1-f19881699588,/p/0/d07d805bd379adb0,4,200,131014,2.427,700.183,187114
1787863822407,6ef67603-89d4-11bc-e1c6-a2b8ac8ec245,/p/0/5f5b6976646b5298,2,200,247376,110.875,5463.613,45277
1787863822364,6ef67603-89d4-11bc-e1c6-a2b8ac8ec245,/p/0/f108ebd846bbcb95,1,200,464161,53.650,5510.645,84230
1787863821553,907622a4-b130-186f-0d97-1885a857c4d7,/p/0/f884cd0eb66ce8bf,10,200,471977,241.193,6557.455,71976
1787863769849,af266086-ffea-5082-8a54-f1c5f3483d47,/p/0/7101afc8c280eda2,4,200,4846596,349.071,58292.352,83143
1787863815780,0c37a758-cd17-8a3c-511e-c656ddac7b7a,/p/0/92def4ce8bdaa555,6,200,356164,846.111,12392.269,28741
1787863817500,c98257e0-edab-5b3e-5572-90ec5f17c120,/p/0/f4b1bc261c3ce94a,5,200,2870120,108.790,10768.748,266523
1787863810815,f150eb74-6a58-e805-75e6-43a223e7c084,/p/0/d4dc08756026b26b,4,200,3190218,92.618,17469.889,182612
1787863826208,cb281ec2-3b1b-aeed-ab80-c2596123e147,/p/0/592fa1fec1aba9eb,1,200,134624,146.918,2078.765,64762
1787863826693,cb281ec2-3b1b-aeed-ab80-c2596123e147,/p/9/457ba5a03cffe57d,2,200,143405,248.240,1615.172,88786
1787863827156,30af2fd7-2297-382e-1ac1-f19881699588,/p/0/d07d835bd379b2c9,4,200,514587,317.719,1303.055,394908
1787863827156,30af2fd7-2297-382e-1ac1-f19881699588,/p/0/d07d825bd379b116,4,200,440704,2.443,1339.784,328937
1787863822200,4d1e08b2-80b8-9ffa-7108-25061a269782,/p/0/8549872d50cfcb7c,4,200,335226,254.153,6305.170,53167
1787863824292,7ab6747e-fb0b-3e6f-7ae2-d551e68d149b,/p/0/91f45569bd89b8f7,2,200,133388,495.002,4253.603,31359
1787863821582,6f48c632-2774-c96f-4b98-2c39a340dbd3,/p/0/184138cb0fdca785,5,200,436511,850.684,7036.731,62033
1787863825549,7eb782c2-e1ba-1a1f-2b33-b8790716318f,/p/0/ae18916dff9415b,4,200,346707,182.450,3132.813,110670
1787863828285,f150eb74-6a58-e805-75e6-43a223e7c084,/p/0/765998921ba07cf2,12,200,104222,104.816,650.380,160248
1787863823356,119cccf6-b622-2b36-4137-bad4717c613d,/p/0/54cc38aac59e66f1,14,0,330570,249.022,5650.993,58498
1787863826193,119cccf6-b622-2b36-4137-bad4717c613d,/p/0/565dabd1153f617a,15,0,166584,379.616,2814.590,59186
1787863826193,119cccf6-b622-2b36-4137-bad4717c613d,/p/0/565da9d1153f5e14,15,0,155056,400.682,2814.592,55090
1787863820925,119cccf6-b622-2b36-4137-bad4717c613d,/p/0/22ad262d17d65580,12,0,766267,144.978,8083.042,94799
1787863822744,119cccf6-b622-2b36-4137-bad4717c613d,/p/0/2b7508a90520212d,13,0,539755,252.449,6264.039,86167
1787863826193,119cccf6-b622-2b36-4137-bad4717c613d,/p/0/565daad1153f5fc7,15,0,84281,237.138,2814.577,29944
1787863828006,2af7770f-f287-40d9-fe8d-6d8d6421fff6,/?crawl=160,0,200,322137,51.535,1080.738,298071
1787863821582,6f48c632-2774-c96f-4b98-2c39a340dbd3,/p/1/184136cb0fdca41f,5,200,488623,953.135,7513.400,65034
1787863821553,907622a4-b130-186f-0d97-1885a857c4d7,/p/0/f884ce0eb66cea72,10,200,437489,241.224,7604.910,57527
1787863765181,af266086-ffea-5082-8a54-f1c5f3483d47,/p/0/e7d033d40d07707,3,200,5777630,67.657,64187.702,90011
1787863826048,bafd95e1-36da-f70c-7eb7-567a8285a997,/p/0/ca343d1d1d85d8a3,1,200,301286,63.975,3334.024,90367
1787863829007,120ced1e-c59a-2b23-8689-8d636792d612,/?crawl=161,0,200,70574,74.465,390.219,180857
1787863829007,7064a37e-a9bb-76a5-8f0a-6c96475f9fdf,/?crawl=162,0,200,131762,52.278,454.524,289890
1787863827362,f150eb74-6a58-e805-75e6-43a223e7c084,/p/0/765997921ba07b3f,12,200,285453,91.430,2210.424,129139
1787863820092,a37c1f8f-56f3-4f8d-e675-36ba36a78edf,/p/0/80dc0949817f6345,6,200,2772010,130.755,9526.480,290979
1787863815620,f150eb74-6a58-e805-75e6-43a223e7c084,/p/0/6742b3d6a8d89880,7,200,2344643,85.132,14143.808,165772
1787863828308,cb281ec2-3b1b-aeed-ab80-c2596123e147,/p/0/be7322be229c9c7d,3,200,204859,265.710,1510.338,135638
1787863828308,cb281ec2-3b1b-aeed-ab80-c2596123e147,/p/8/be7321be229c9aca,3,200,320036,304.919,1513.198,211496
1787863821795,4d1e08b2-80b8-9ffa-7108-25061a269782,/p/0/5c9b55bc36d12a87,3,200,510851,170.212,8028.913,63626
1787863785133,56e5f638-0866-bd0d-99ad-1a9bad99ee08,/p/0/2bdaab64600be11,8,200,5679539,179.292,44789.559,126805
1787863826071,91878606-9dcc-a3d6-bef8-2c352bef23f4,/p/0/a35f9461f44fefe3,1,200,281517,85.005,3941.954,71416
1787863826071,91878606-9dcc-a3d6-bef8-2c352bef23f4,/p/0/a35f9361f44fee30,1,200,257211,43.752,3941.955,65250
1787863825549,7eb782c2-e1ba-1a1f-2b33-b8790716318f,/p/0/ae18a16dff9430e,4,200,381324,168.636,4500.781,84724
1787863828172,0c37a758-cd17-8a3c-511e-c656ddac7b7a,/p/5/c3a7a2cea8986c83,7,200,488102,758.083,1911.382,255366
1787863820873,316c5208-238c-89be-b87f-2ffb3c468d56,/p/4/b9e5b234ffb2e8d3,1,200,3211708,171.774,9297.321,345444
1787863829086,2af7770f-f287-40d9-fe8d-6d8d6421fff6,/p/0/fe83707fc4a7d633,1,200,132328,48.559,1090.861,121306
1787863808876,6cd115a3-162a-4489-0a05-b7b782421652,/p/0/a3203d6345814ed3,2,200,3177419,379.924,21346.954,148846
1787863817494,54e86db3-5aa0-43fa-7772-3a1d55c064aa,/p/0/7c23a25c1600ebc6,9,200,459678,633.056,12754.671,36040
1787863830171,316c5208-238c-89be-b87f-2ffb3c468d56,/p/3/145b0ade9ebebbed,2,200,25008,41.653,123.478,202530
1787863824500,01a5c43f-cc06-62cc-93a8-f28701c92f46,/p/0/9ce3f46c4ec8a47e,5,200,4030025,164.492,5905.840,682380
1787863748663,54e86db3-5aa0-43fa-7772-3a1d55c064aa,/p/0/1a341b918d96adcd,7,200,5202452,8.320,81971.649,63466
1787863826048,bafd95e1-36da-f70c-7eb7-567a8285a997,/p/6/ca343f1d1d85dc09,1,200,286851,130.117,4587.023,62535
1787863826048,bafd95e1-36da-f70c-7eb7-567a8285a997,/p/0/ca343e1d1d85da56,1,200,258969,356.038,4651.947,55669
1787863824764,4cdc6d34-93b5-2665-6624-849b9ca71980,/p/0/36c9e9bf88eae5f6,1,200,300573,457.588,6140.821,48947
1787863830171,316c5208-238c-89be-b87f-2ffb3c468d56,/p/0/145b08de9ebeb887,2,200,106738,76.136,815.445,130895
1787863829007,8ccd81a2-819d-ff34-2ab0-f312779d36cd,/?crawl=163,0,200,432458,74.936,2038.268,212169
1787863826673,eda42e92-a288-716b-ffc0-49f1c0492d3d,/p/3/267b5cd76b17f2c0,1,200,485765,461.410,4438.142,109452
1787863808876,6cd115a3-162a-4489-0a05-b7b782421652,/p/0/a3203c6345814d20,2,200,4020162,379.952,22287.893,180374
1787863830294,316c5208-238c-89be-b87f-2ffb3c468d56,/p/0/89a01c15f0a8ab5d,3,200,95685,176.407,1037.884,92192
1787863829095,6f48c632-2774-c96f-4b98-2c39a340dbd3,/p/0/b5b3927ec02344f3,6,200,88130,324.898,2360.336,37338
1787863829086,2af7770f-f287-40d9-fe8d-6d8d6421fff6,/p/0/fe83717fc4a7d7e6,1,200,186916,330.378,2528.995,73909
1787863824763,4cdc6d34-93b5-2665-6624-849b9ca71980,/p/0/36c9e7bf88eae290,1,200,405871,65.856,6853.534,59221
1787863829086,2af7770f-f287-40d9-fe8d-6d8d6421fff6,/p/7/fe83727fc4a7d999,1,200,235038,166.020,2715.544,86553
1787863826673,eda42e92-a288-716b-ffc0-49f1c0492d3d,/p/0/267b5ed76b17f626,1,200,475027,115.888,5256.865,90363
1787863829397,120ced1e-c59a-2b23-8689-8d636792d612,/p/9/6b191d22300ce386,1,200,196653,137.732,2578.802,76257
1787863824764,4cdc6d34-93b5-2665-6624-849b9ca71980,/p/0/36c9eabf88eae7a9,1,200,482958,197.235,7213.527,66952
1787863822266,67b4d634-4a77-c9bb-2083-831b1e05dfae,/p/0/5f86263bd5162e3e,5,200,380201,2470.630,9756.222,38970
1787863818181,67b4d634-4a77-c9bb-2083-831b1e05dfae,/p/0/5f86253bd5162c8b,5,200,2255720,369.156,13842.648,162954
1787863829397,120ced1e-c59a-2b23-8689-8d636792d612,/p/0/6b191e22300ce539,1,200,213055,68.111,2715.179,78468
1787863783675,0c37a758-cd17-8a3c-511e-c656ddac7b7a,/p/0/909695b90bf1503b,1,200,3815228,76.703,48502.284,78661
1787863790694,386db663-84d2-1ec9-5be1-5f5c5ada5475,/p/2/be82008cdd86403f,4,200,4244781,4.075,41592.906,102055
1787863826693,cb281ec2-3b1b-aeed-ab80-c2596123e147,/p/0/457ba3a03cffe217,2,200,506558,205.680,5626.196,90036
1787863828308,cb281ec2-3b1b-aeed-ab80-c2596123e147,/p/0/be731fbe229c9764,3,200,378082,244.422,4011.822,94242
1787863829462,7064a37e-a9bb-76a5-8f0a-6c96475f9fdf,/p/0/d7aec9c49b71f0d9,1,200,244151,46.835,2914.574,83769
1787863829462,7064a37e-a9bb-76a5-8f0a-6c96475f9fdf,/p/0/d7aec7c49b71ed73,1,200,208282,236.434,2961.436,70331
1787863771396,54e86db3-5aa0-43fa-7772-3a1d55c064aa,/p/0/43a69658e246748a,8,200,2866355,510.351,61122.926,46895
1787863823441,a37c1f8f-56f3-4f8d-e675-36ba36a78edf,/p/0/4af24593f31c9bd,8,200,4992303,181.847,9097.272,548769
1787863830294,316c5208-238c-89be-b87f-2ffb3c468d56,/p/0/89a01915f0a8a644,3,200,262749,176.509,2363.843,111153
1787863830171,316c5208-238c-89be-b87f-2ffb3c468d56,/p/0/145b09de9ebeba3a,2,200,394158,91.675,2677.311,147222
1787863816184,81fad665-478c-65ea-e366-6bdac885d0cb,/p/0/870be40c024bdd01,2,200,4096927,241.430,16697.084,245368
1787863726875,e89633fe-4b4d-e12c-29a1-c7db403ee7ff,/p/2/8c9c14f49ac20160,1,0,2265831,250.846,106130.670,21349
1787863726875,e89633fe-4b4d-e12c-29a1-c7db403ee7ff,/p/0/8c9c16f49ac204c6,1,0,2108559,984.882,106130.697,19868
1787863832177,0c37a758-cd17-8a3c-511e-c656ddac7b7a,/p/0/c3a7a4cea8986fe9,7,200,270588,415.676,1083.877,249648
1787863829462,7064a37e-a9bb-76a5-8f0a-6c96475f9fdf,/p/0/d7aec6c49b71ebc0,1,200,502219,236.387,4031.755,124566
1787863807200,df8bb1b5-1de9-3a75-fbb7-45347157a838,/p/0/ec99f85c5646a1b1,1,200,6132849,150.015,26351.189,232735
1787863807200,df8bb1b5-1de9-3a75-fbb7-45347157a838,/p/2/ec99f65c56469e4b,1,200,6062195,59.549,26364.963,229934
1787863799972,0c37a758-cd17-8a3c-511e-c656ddac7b7a,/p/0/bdc4be2393e739c2,4,200,3135518,729.363,33644.186,93196
1787863803715,d9cef2fe-c447-e524-789d-f8b6925d30f3,/p/0/cdad9f303d4d6944,1,200,5107459,495.143,29915.793,170728
1787863816887,256421f9-d3b7-0c6f-243d-67e70fd63e6b,/p/0/cb2f1afe5ac969d6,8,200,3054896,220.862,16889.197,180879
1787863829095,6f48c632-2774-c96f-4b98-2c39a340dbd3,/p/0/b5b3947ec0234859,6,200,403096,284.036,4780.257,84325
1787863833565,df8bb1b5-1de9-3a75-fbb7-45347157a838,/p/1/2a5144d3c55838f0,2,200,98341,46.733,452.516,217320
1787863834006,c34b567c-f775-3a12-e63b-04a9ecab912f,/?crawl=165,0,200,22234,81.756,159.605,139307
1787863831976,120ced1e-c59a-2b23-8689-8d636792d612,/p/0/5478cbc90a4b1b05,2,200,63144,376.122,2249.696,28068
1787863830635,bafd95e1-36da-f70c-7eb7-567a8285a997,/p/0/d3b413d4d66c0f62,2,200,195745,96.347,3604.066,54312
1787863834006,6f78cff4-1137-88ba-35b0-8c4cd874e5c3,/?crawl=164,0,200,93313,54.427,327.839,284631
1787863820014,513db962-1edc-dc67-8d44-672e43adf494,/?crawl=147,0,200,4956804,98.146,14330.067,345902
1787863831802,2af7770f-f287-40d9-fe8d-6d8d6421fff6,/p/6/b47e6f80325b4908,2,200,263067,187.712,2679.219,98188
1787863834165,c34b567c-f775-3a12-e63b-04a9ecab912f,/p/0/b8c270988278b86c,1,200,56284,78.305,347.704,161873
1787863823902,d2f09e48-5c55-8d52-807b-45fb7334649c,/p/0/3fd57feb1661cf2f,1,200,5612168,49.195,10703.739,524318
1787863834017,df8bb1b5-1de9-3a75-fbb7-45347157a838,/p/0/f5da684afb00cdb1,3,200,60689,192.719,589.735,102909
1787863831802,2af7770f-f287-40d9-fe8d-6d8d6421fff6,/p/0/b47e7180325b4c6e,2,200,290374,187.748,2888.952,100512
1787863798022,0c37a758-cd17-8a3c-511e-c656ddac7b7a,/p/0/f886d680b819d4f2,3,200,3977018,379.718,36725.378,108291
1787863831045,8ccd81a2-819d-ff34-2ab0-f312779d36cd,/p/0/4444726706d6f760,1,200,217470,404.134,3761.415,57816
1787863834344,513db962-1edc-dc67-8d44-672e43adf494,/p/0/364c08f58b91697d,1,200,115290,38.525,722.974,159466
1787863835008,70409094-be19-203c-a3d4-ca49ba93ec0c,/?crawl=167,0,200,48694,78.513,78.761,618252
1787863816279,7eb782c2-e1ba-1a1f-2b33-b8790716318f,/p/0/e8a2b07f39258c18,1,200,2455874,166.562,18923.590,129778
1787863834165,c34b567c-f775-3a12-e63b-04a9ecab912f,/p/5/b8c272988278bbd2,1,200,111345,385.827,1149.178,96891
1787863818863,f150eb74-6a58-e805-75e6-43a223e7c084,/p/0/7e873527200e3941,10,200,3445584,212.574,16539.509,208324
1787863834017,df8bb1b5-1de9-3a75-fbb7-45347157a838,/p/0/f5da674afb00cbfe,3,200,139982,192.788,1433.339,97661
1787863834165,c34b567c-f775-3a12-e63b-04a9ecab912f,/p/0/b8c273988278bd85,1,200,93956,347.725,1427.225,65831
1787863835009,7ee851e5-b2db-e7e7-454a-cb82f69fc009,/?crawl=166,0,200,192493,105.426,691.455,278389
1787863828006,46e4b993-5494-4211-729d-ad0a26608ec3,/?crawl=159,0,200,510456,302.598,7723.569,66091
1787863819422,d69cb81d-b4f6-f307-9bf8-c34e254b33fd,/p/0/c9b65d53202c5ddd,1,200,5231174,208.190,16517.421,316706
1787863826999,c98257e0-edab-5b3e-5572-90ec5f17c120,/p/0/21f11923fdb5f66,6,200,2385351,105.589,8979.116,265655
1787863834017,df8bb1b5-1de9-3a75-fbb7-45347157a838,/p/0/f5da654afb00c898,3,200,206420,148.795,2036.346,101368
1787863830635,bafd95e1-36da-f70c-7eb7-567a8285a997,/p/0/d3b412d4d66c0daf,2,200,415954,321.551,5488.954,75780
1787863826999,c98257e0-edab-5b3e-5572-90ec5f17c120,/p/1/21f0f923fdb5c00,6,200,2435340,105.578,9196.987,264798
1787863829095,6f48c632-2774-c96f-4b98-2c39a340dbd3,/p/0/b5b3917ec0234340,6,200,356294,449.369,7123.470,50017
1787863831045,8ccd81a2-819d-ff34-2ab0-f312779d36cd,/p/0/4444746706d6fac6,1,200,400265,200.234,5179.672,77276
1787863836006,45147118-ece3-c488-dd0b-4e34506d298b,/?crawl=168,0,200,49139,60.766,233.718,210249
1787863835701,7ee851e5-b2db-e7e7-454a-cb82f69fc009,/p/0/25581c3aedddc40c,1,200,62884,93.822,705.284,89161
1787863807326,7000b2c1-f065-0195-4d88-6858efe7d1d4,/p/0/7c581faf6396b922,2,200,2109062,240.220,29152.488,72346
1787863833565,df8bb1b5-1de9-3a75-fbb7-45347157a838,/p/0/2a5145d3c5583aa3,2,200,496280,61.285,2951.338,168154
1787863836196,c98257e0-edab-5b3e-5572-90ec5f17c120,/p/0/7debc6c280530da7,7,200,64225,156.616,493.323,130189
1787863834481,2af7770f-f287-40d9-fe8d-6d8d6421fff6,/p/0/902759d656c717be,3,200,225407,232.760,2359.592,95528
1787863822407,6ef67603-89d4-11bc-e1c6-a2b8ac8ec245,/p/0/5f5b6c76646b57b1,2,200,2782372,110.814,14476.232,192203
1787863834344,513db962-1edc-dc67-8d44-672e43adf494,/p/0/364c07f58b9167ca,1,200,458319,193.898,2549.220,179788
1787863836005,b843299d-c9cc-7c13-8021-11c46efc9fba,/?crawl=169,0,200,322832,42.502,913.350,353459
1787863834344,513db962-1edc-dc67-8d44-672e43adf494,/p/0/364c05f58b916464,1,200,372034,254.344,2647.021,140548
1787863831976,120ced1e-c59a-2b23-8689-8d636792d612,/p/8/5478c9c90a4b179f,2,200,129393,342.811,5050.086,25622
1787863837006,96933912-be08-deed-10e7-2834f72af061,/?crawl=170,0,200,48340,34.803,116.302,415642
1787863833617,0c37a758-cd17-8a3c-511e-c656ddac7b7a,/p/0/5da8414cbcbbd570,8,200,45232,1979.839,3527.497,12823
1787863807519,7000b2c1-f065-0195-4d88-6858efe7d1d4,/p/0/100cabe566d1bbc3,3,200,3144475,234.928,29643.576,106076
1787863837006,bd292c3b-cb51-f650-d83d-535bcc68d0de,/?crawl=172,0,200,98573,25.827,169.845,580370
1787863815620,f150eb74-6a58-e805-75e6-43a223e7c084,/p/0/6742b6d6a8d89d99,7,200,4755640,85.252,21657.693,219582
1787863829821,cb281ec2-3b1b-aeed-ab80-c2596123e147,/p/0/15200f85fcf24f1e,4,200,340777,4191.796,7475.336,45587
1787863815487,abefc2d7-d35b-d87a-c04e-372245781ac3,/p/0/61a9dc163f828e98,11,200,6243281,326.463,21952.871,284395
1787863834334,6f78cff4-1137-88ba-35b0-8c4cd874e5c3,/p/0/4c2cc5f61713ae7f,1,200,309775,46.479,3108.448,99656
1787863815006,996b2016-2f30-d157-a14b-c5f6e922a98e,/?crawl=142,0,200,5249150,68.829,22519.483,233094
1787863834481,2af7770f-f287-40d9-fe8d-6d8d6421fff6,/p/0/902758d656c7160b,3,200,243337,280.857,3229.559,75347
1787863819132,eb7da369-67fb-33cd-3114-d799fa155652,/p/0/1a990a5b88a4b05d,2,200,3756846,355.175,18880.024,198985
1787863837176,bd292c3b-cb51-f650-d83d-535bcc68d0de,/p/2/9f685084d72ee116,1,200,239130,25.263,861.498,277575
1787863813615,7000b2c1-f065-0195-4d88-6858efe7d1d4,/p/0/c3d09c3f1b89f36d,4,200,4367553,287.563,24534.938,178014
1787863836196,c98257e0-edab-5b3e-5572-90ec5f17c120,/p/0/7debc5c280530bf4,7,200,511285,109.423,2021.486,252925
1787863816887,256421f9-d3b7-0c6f-243d-67e70fd63e6b,/p/1/cb2f1bfe5ac96b89,8,200,4952374,256.823,21331.541,232162
1787863818203,e0c60155-7072-ccb7-18d3-2509d7d075cd,/p/0/150fc07dfa103238,1,200,512963,232.491,20082.065,25543
1787863829821,cb281ec2-3b1b-aeed-ab80-c2596123e147,/p/0/15200e85fcf24d6b,4,200,460763,4191.741,8582.443,53687
1787863835700,7ee851e5-b2db-e7e7-454a-cb82f69fc009,/p/0/25581f3aedddc925,1,200,233991,46.688,2882.285,81182
1787863838219,256421f9-d3b7-0c6f-243d-67e70fd63e6b,/p/0/8e31db8415bb476c,9,200,37363,91.181,399.131,93611
1787863818203,e0c60155-7072-ccb7-18d3-2509d7d075cd,/p/0/150fc37dfa103751,1,200,494575,1209.727,20442.008,24194
1787863798022,0c37a758-cd17-8a3c-511e-c656ddac7b7a,/p/0/f886d580b819d33f,3,200,4329554,456.437,40682.154,106424
1787863835315,c34b567c-f775-3a12-e63b-04a9ecab912f,/p/4/a791a29a6600ba8,2,200,192266,277.835,3550.485,54152
1787863836919,b843299d-c9cc-7c13-8021-11c46efc9fba,/p/0/66bc90ed4e495d1,1,200,205334,39.526,2106.041,97498
1787863834334,6f78cff4-1137-88ba-35b0-8c4cd874e5c3,/p/2/4c2cc7f61713b1e5,1,200,474299,184.286,4705.270,100802
1787863834334,6f78cff4-1137-88ba-35b0-8c4cd874e5c3,/p/0/4c2cc6f61713b032,1,200,415259,46.273,4728.440,87822
1787863748760,54e86db3-5aa0-43fa-7772-3a1d55c064aa,/p/0/1a3418918d96a8b4,7,200,6007537,8.236,90426.800,66435
1787863826207,cb281ec2-3b1b-aeed-ab80-c2596123e147,/p/0/592fa2fec1abab9e,1,200,2530619,41.406,12982.711,194922
1787863839039,6f78cff4-1137-88ba-35b0-8c4cd874e5c3,/p/0/19851653b82aef03,2,200,42689,46.019,183.626,232478
1787863838005,ca70400d-f745-3880-3141-dba4adf04021,/?crawl=173,0,200,401952,47.648,1264.323,317919
1787863787665,ad379f4d-5f87-0db1-30e3-b28eb24df494,/p/4/931739a500825fc2,1,200,5507368,128.694,51736.177,106451
1787863826694,a8c4f00c-d24a-4bda-04d2-d57e77e00d58,/p/0/24c926ade655ea64,4,200,495629,4066.565,12729.334,38936
1787863820564,56e5f638-0866-bd0d-99ad-1a9bad99ee08,/p/3/b05a625cd7f6eed2,9,200,3954161,260.395,18861.533,209642
1787863839425,56e5f638-0866-bd0d-99ad-1a9bad99ee08,/p/0/1a87b8cf6488cadd,10,200,14680,25.150,51.023,287715
1787863837026,120ced1e-c59a-2b23-8689-8d636792d612,/p/7/9c501d14ddac07bd,3,200,88027,377.272,2538.914,34671
1787863835315,c34b567c-f775-3a12-e63b-04a9ecab912f,/p/0/a791b29a6600d5b,2,200,191579,505.076,4285.187,44707
1787863798096,0d677eb8-99e7-7068-99a4-99613bfa78be,/p/0/5fdbe15e448384a3,5,200,3987702,315.870,41558.669,95954
1787863839039,6f78cff4-1137-88ba-35b0-8c4cd874e5c3,/p/0/19851753b82af0b6,2,200,71953,183.663,622.570,115574
1787863819308,81fad665-478c-65ea-e366-6bdac885d0cb,/p/1/1487f4726d801df6,3,200,4368828,205.430,20374.054,214431
1787863839039,6f78cff4-1137-88ba-35b0-8c4cd874e5c3,/p/1/19851553b82aed50,2,200,79884,68.558,645.528,123750
1787863812271,81fad665-478c-65ea-e366-6bdac885d0cb,/p/0/20e92bbefd689f41,1,200,5428357,44.291,27453.034,197732
1787863822867,f150eb74-6a58-e805-75e6-43a223e7c084,/p/0/eed3b608e09532f0,11,200,6198535,101.546,16869.124,367449
1787863839006,5a21d316-3c43-f312-0c93-0764ec561b61,/?crawl=175,0,200,431231,27.184,730.945,589964
1787863839270,ca70400d-f745-3880-3141-dba4adf04021,/p/0/32d2a4e26bc9d576,1,200,122854,113.716,801.617,153258
1787863816205,abefc2d7-d35b-d87a-c04e-372245781ac3,/p/2/2c54381ffdae2dc6,12,200,5674441,1126.208,23902.214,237402
1787863836919,b843299d-c9cc-7c13-8021-11c46efc9fba,/p/0/66bc60ed4e490b8,1,200,311267,200.007,3192.545,97498
1787863837026,120ced1e-c59a-2b23-8689-8d636792d612,/p/0/9c501c14ddac060a,3,200,119980,344.066,3156.851,38006
1787863837176,bd292c3b-cb51-f650-d83d-535bcc68d0de,/p/0/9f685184d72ee2c9,1,200,335166,134.122,3050.929,109857
1787863838037,bd292c3b-cb51-f650-d83d-535bcc68d0de,/p/1/7e0483ea2557d59e,2,200,146939,136.261,2342.127,62737
1787863838219,256421f9-d3b7-0c6f-243d-67e70fd63e6b,/p/0/8e31dd8415bb4ad2,9,200,403598,36.579,2227.332,181202
1787863822364,6ef67603-89d4-11bc-e1c6-a2b8ac8ec245,/p/0/f108e8d846bbc67c,1,200,3767849,42.534,18093.057,208248
1787863838865,c34b567c-f775-3a12-e63b-04a9ecab912f,/p/3/174371765ebfcf01,3,200,40961,425.191,1658.939,24691
1787863837176,bd292c3b-cb51-f650-d83d-535bcc68d0de,/p/0/9f684e84d72eddb0,1,200,402481,73.592,3444.747,116839
1787863836919,b843299d-c9cc-7c13-8021-11c46efc9fba,/p/0/66bc80ed4e4941e,1,200,519708,39.585,3783.454,137363
1787863822407,6ef67603-89d4-11bc-e1c6-a2b8ac8ec245,/p/0/5f5b6b76646b55fe,2,200,4536151,176.805,18373.539,246885
1787863840007,f4c9672a-6ce0-f42a-e39f-51b2afe334a8,/?crawl=176,0,200,271546,73.126,892.776,304159
1787863819132,eb7da369-67fb-33cd-3114-d799fa155652,/p/0/1a99075b88a4ab44,2,200,4351727,331.947,21914.165,198581
1787863841005,90fc6a6a-3c1a-33ad-19d8-0fcb13e85e3f,/?crawl=179,0,200,6775,68.190,68.254,99261
1787863838037,bd292c3b-cb51-f650-d83d-535bcc68d0de,/p/0/7e0481ea2557d238,2,200,307006,136.273,3039.318,101011
1787863839401,ad379f4d-5f87-0db1-30e3-b28eb24df494,/p/0/538e7928a807b738,2,200,79694,146.255,1690.452,47144
1787863839737,5a21d316-3c43-f312-0c93-0764ec561b61,/p/0/59a74f9d94ffc19c,1,200,107355,36.203,1453.138,73878
1787863840900,f4c9672a-6ce0-f42a-e39f-51b2afe334a8,/p/0/ed11a3fb299ab5fc,1,200,51457,45.244,296.692,173436
1787863826999,c98257e0-edab-5b3e-5572-90ec5f17c120,/p/0/21f10923fdb5db3,6,200,4456228,194.633,14368.408,310141
1787863839682,81fad665-478c-65ea-e366-6bdac885d0cb,/p/0/1c7eb9b207b178f3,4,200,229791,144.518,1780.972,129026
1787863825549,7eb782c2-e1ba-1a1f-2b33-b8790716318f,/p/4/ae18816dff93fa8,4,200,2711493,168.613,15988.649,169589
1787863831045,8ccd81a2-819d-ff34-2ab0-f312779d36cd,/p/0/4444736706d6f913,1,200,5413796,66.539,10507.807,515217
1787863840900,f4c9672a-6ce0-f42a-e39f-51b2afe334a8,/p/2/ed11a5fb299ab962,1,200,85000,157.841,726.328,117027
1787863840107,abefc2d7-d35b-d87a-c04e-372245781ac3,/p/0/8b5ed459e74b23ec,13,200,198524,115.243,1562.683,127040
1787863839682,81fad665-478c-65ea-e366-6bdac885d0cb,/p/0/1c7eb8b207b17740,4,200,236072,165.815,2028.170,116397
1787863841538,7eb782c2-e1ba-1a1f-2b33-b8790716318f,/p/3/c177723e232f1482,5,200,22851,188.914,280.597,81437
1787863840107,abefc2d7-d35b-d87a-c04e-372245781ac3,/p/1/8b5ed659e74b2752,13,200,220536,38.497,1796.548,122755
1787863840107,abefc2d7-d35b-d87a-c04e-372245781ac3,/p/0/8b5ed759e74b2905,13,200,250495,173.395,1815.564,137971
1787863821794,4d1e08b2-80b8-9ffa-7108-25061a269782,/p/0/5c9b56bc36d12c3a,3,200,2723888,51.028,20257.489,134463
1787863811877,6f48c632-2774-c96f-4b98-2c39a340dbd3,/p/0/5d9f23f44eb33fb,4,200,2190091,269.446,30247.722,72405
1787863815232,7000b2c1-f065-0195-4d88-6858efe7d1d4,/p/1/7789464fd2e1bb99,5,200,6139783,335.655,26970.028,227652
1787863841538,7eb782c2-e1ba-1a1f-2b33-b8790716318f,/p/0/c177703e232f111c,5,200,53286,157.778,766.215,69544
1787863778214,a8c4f00c-d24a-4bda-04d2-d57e77e00d58,/p/0/1db0d17b2e96fdee,3,200,4762071,223.696,64132.130,74254
1787863842005,69448a93-5375-54b0-cc75-8817f1330d72,/?crawl=182,0,200,390358,32.768,403.483,967471
1787863840379,bd292c3b-cb51-f650-d83d-535bcc68d0de,/p/0/955320a3cb9e48d3,3,200,277901,131.635,2074.597,133954
1787863840379,bd292c3b-cb51-f650-d83d-535bcc68d0de,/p/0/955322a3cb9e4c39,3,200,312856,131.651,2300.416,136000
1787863839270,ca70400d-f745-3880-3141-dba4adf04021,/p/5/32d2a5e26bc9d729,1,200,325934,44.323,3505.969,92965
1787863842006,7520ca68-bb94-ad8c-b6f6-a6b52eb672f9,/?crawl=181,0,200,190843,65.781,902.063,211563
1787863839685,6f78cff4-1137-88ba-35b0-8c4cd874e5c3,/p/0/67c922c57dc8976,3,200,375180,45.954,3236.896,115907
1787863839737,5a21d316-3c43-f312-0c93-0764ec561b61,/p/1/59a7509d94ffc34f,1,200,474731,24.752,3241.230,146466
1787863833565,df8bb1b5-1de9-3a75-fbb7-45347157a838,/p/0/2a5146d3c5583c56,2,200,3574842,30.703,9430.313,379080
1787863839270,ca70400d-f745-3880-3141-dba4adf04021,/p/0/32d2a3e26bc9d3c3,1,200,448574,44.337,3732.575,120178
1787863839685,6f78cff4-1137-88ba-35b0-8c4cd874e5c3,/p/0/67c902c57dc8610,3,200,340574,233.296,3376.154,100876
1787863826071,91878606-9dcc-a3d6-bef8-2c352bef23f4,/p/0/a35f9661f44ff349,1,200,4752591,84.944,17113.358,277712
1787863843006,2557c61e-625b-dcd0-5a87-e341cd48a4d3,/?crawl=183,0,200,134958,31.731,289.486,466199
1787863842776,ca70400d-f745-3880-3141-dba4adf04021,/p/4/2dc934f89671b512,2,200,85685,248.335,952.458,89962
1787863842776,ca70400d-f745-3880-3141-dba4adf04021,/p/0/2dc932f89671b1ac,2,200,81726,226.519,974.644,83852
1787863842908,7520ca68-bb94-ad8c-b6f6-a6b52eb672f9,/p/0/c420ec535e6ec537,1,200,62494,65.592,857.400,72888
1787863842978,5a21d316-3c43-f312-0c93-0764ec561b61,/p/0/88961f3a00e61580,2,200,106433,123.823,922.526,115371
1787863838005,0f7061f9-fd31-4bd6-0cb5-979a7ddca6d9,/?crawl=174,0,200,308762,285.395,5985.798,51582
1787863841904,abefc2d7-d35b-d87a-c04e-372245781ac3,/p/0/beac74b8aabee129,14,0,232546,39.350,2101.830,110640
1787863841904,abefc2d7-d35b-d87a-c04e-372245781ac3,/p/0/beac73b8aabedf76,14,0,240931,174.152,2101.893,114626
1787863841904,abefc2d7-d35b-d87a-c04e-372245781ac3,/p/0/beac71b8aabedc10,14,0,295986,58.446,2101.938,140816
1787863841538,7eb782c2-e1ba-1a1f-2b33-b8790716318f,/p/0/c177733e232f1635,5,200,246270,205.567,2516.289,97870
1787863809302,5f528615-03cd-faa6-701d-487220f121cd,/p/0/db282bd7bb39817a,1,200,5231293,232.707,34884.319,149961
1787863842409,69448a93-5375-54b0-cc75-8817f1330d72,/p/0/7e5fe96c1c3fa257,1,200,259817,16.977,1777.954,146133
1787863830294,316c5208-238c-89be-b87f-2ffb3c468d56,/p/2/89a01b15f0a8a9aa,3,200,5567914,191.368,13896.047,400683
1787863843295,2557c61e-625b-dcd0-5a87-e341cd48a4d3,/p/0/eaf5960e87a4afaa,1,200,121557,106.638,906.901,134036
1787863841818,7eb782c2-e1ba-1a1f-2b33-b8790716318f,/p/0/9cfa8bd2312f591e,6,200,186972,152.807,2385.343,78384
1787863842409,69448a93-5375-54b0-cc75-8817f1330d72,/p/0/7e5feb6c1c3fa5bd,1,200,298388,77.364,1802.693,165523
1787863842202,7000b2c1-f065-0195-4d88-6858efe7d1d4,/p/0/d82d5de960ed4ce8,6,200,197801,138.799,2176.459,90882
1787863841818,7eb782c2-e1ba-1a1f-2b33-b8790716318f,/p/2/9cfa8cd2312f5ad1,6,200,275449,167.108,2742.516,100437
1787863831976,120ced1e-c59a-2b23-8689-8d636792d612,/p/0/5478c8c90a4b15ec,2,200,483020,376.056,12592.925,38356
1787863844006,b317cab5-d797-fbff-2fc9-0c5bc691750d,/?crawl=185,0,200,257351,42.948,727.351,353820
1787863842908,7520ca68-bb94-ad8c-b6f6-a6b52eb672f9,/p/2/c420eb535e6ec384,1,200,196292,197.147,2034.883,96464
1787863792550,6f48c632-2774-c96f-4b98-2c39a340dbd3,/p/0/6a307adb10ae767a,2,200,5684266,227.777,52681.410,107899
1787863842978,5a21d316-3c43-f312-0c93-0764ec561b61,/p/0/8896223a00e61a99,2,200,367909,161.207,2396.809,153499
1787863844733,b317cab5-d797-fbff-2fc9-0c5bc691750d,/p/0/767796dd0c02eceb,1,200,50348,141.395,655.404,76820
1787863838865,c34b567c-f775-3a12-e63b-04a9ecab912f,/p/0/174370765ebfcd4e,3,200,255068,464.743,6549.492,38945
1787863844190,316c5208-238c-89be-b87f-2ffb3c468d56,/p/0/8e4ca657a58eda0,4,200,200203,186.085,1254.122,159636
1787863842776,ca70400d-f745-3880-3141-dba4adf04021,/p/0/2dc935f89671b6c5,2,200,300509,248.295,2668.578,112610
1787863843728,ca70400d-f745-3880-3141-dba4adf04021,/p/0/3ba0a728e6730064,3,200,145092,414.779,1716.757,84515
1787863843728,ca70400d-f745-3880-3141-dba4adf04021,/p/0/3ba0aa28e673057d,3,200,216396,415.073,1718.707,125906
1787863842978,5a21d316-3c43-f312-0c93-0764ec561b61,/p/0/8896203a00e61733,2,200,501854,135.948,2486.640,201820
1787863835701,7ee851e5-b2db-e7e7-454a-cb82f69fc009,/p/10/25581d3aedddc5bf,1,200,4365541,70.544,9780.237,446364
1787863844190,316c5208-238c-89be-b87f-2ffb3c468d56,/p/0/8e4cd657a58f2b9,4,200,370372,31.005,1489.491,248657
1787863844190,316c5208-238c-89be-b87f-2ffb3c468d56,/p/1/8e4cb657a58ef53,4,200,409565,31.123,1489.792,274914
1787863833261,0c37a758-cd17-8a3c-511e-c656ddac7b7a,/p/4/5da8424cbcbbd723,8,200,384500,2194.111,12580.674,30563
1787863845481,7ee851e5-b2db-e7e7-454a-cb82f69fc009,/p/9/8db5afa99ceee38e,2,200,366481,5.381,371.827,985623
1787863845481,7ee851e5-b2db-e7e7-454a-cb82f69fc009,/p/0/8db5ada99ceee028,2,200,266201,63.885,374.167,711450
1787863843295,2557c61e-625b-dcd0-5a87-e341cd48a4d3,/p/0/eaf5940e87a4ac44,1,200,320501,91.021,2621.205,122272
1787863845680,316c5208-238c-89be-b87f-2ffb3c468d56,/p/0/74d0fb0d504ab078,5,200,331181,3.289,329.413,1005367
1787863845680,316c5208-238c-89be-b87f-2ffb3c468d56,/p/0/74d0fe0d504ab591,5,200,376472,3.291,330.458,1139244
1787863845680,316c5208-238c-89be-b87f-2ffb3c468d56,/p/0/74d0fc0d504ab22b,5,200,498346,18.137,332.986,1496596
1787863843295,2557c61e-625b-dcd0-5a87-e341cd48a4d3,/p/0/eaf5970e87a4b15d,1,200,430627,30.705,2787.713,154473
1787863834748,0c37a758-cd17-8a3c-511e-c656ddac7b7a,/p/0/5da8444cbcbbda89,8,200,447649,707.411,11355.074,39423
1787863809302,5f528615-03cd-faa6-701d-487220f121cd,/p/1/db2829d7bb397e14,1,200,5546658,46.176,36844.395,150543
1787863845481,7ee851e5-b2db-e7e7-454a-cb82f69fc009,/p/0/8db5b0a99ceee541,2,200,513599,63.606,690.910,743366
1787863845853,7ee851e5-b2db-e7e7-454a-cb82f69fc009,/p/0/7a4c72dd8f77863a,3,200,242430,319.554,414.890,584323
1787863844943,7520ca68-bb94-ad8c-b6f6-a6b52eb672f9,/p/0/46603a37f3d7230f,2,200,24108,1101.761,1367.075,17635
1787863846147,5f528615-03cd-faa6-701d-487220f121cd,/p/0/55ae8f1f08d2911b,2,200,20808,82.154,164.933,126160
1787863837006,e5215f77-102d-732c-1a52-4c24b1115758,/?crawl=171,0,200,397151,284.497,9316.818,42627
1787863845853,7ee851e5-b2db-e7e7-454a-cb82f69fc009,/p/8/7a4c73dd8f7787ed,3,200,225326,320.050,471.058,478340
1787863836196,c98257e0-edab-5b3e-5572-90ec5f17c120,/p/0/7debc8c28053110d,7,200,6007524,119.251,10189.118,589602
1787863846324,7ee851e5-b2db-e7e7-454a-cb82f69fc009,/p/0/592c8950cb708fd0,4,200,91410,121.765,156.639,583571
1787863841074,90fc6a6a-3c1a-33ad-19d8-0fcb13e85e3f,/p/6/a750a613e76b9b9b,1,200,389247,66.626,5462.699,71255
1787863822200,4d1e08b2-80b8-9ffa-7108-25061a269782,/p/2/8549882d50cfcd2f,4,200,3739792,300.846,24398.536,153279
1787863842908,7520ca68-bb94-ad8c-b6f6-a6b52eb672f9,/p/0/c420ed535e6ec6ea,1,200,391840,328.214,3697.449,105976
1787863839565,120ced1e-c59a-2b23-8689-8d636792d612,/p/6/2e1169351fcbc844,4,200,251122,344.138,7061.019,35565
1787863846324,7ee851e5-b2db-e7e7-454a-cb82f69fc009,/p/0/592c8c50cb7094e9,4,200,371730,121.737,356.006,1044169
1787863844561,7eb782c2-e1ba-1a1f-2b33-b8790716318f,/p/1/43c3157cf8fc8344,7,200,180958,247.454,2122.749,85247
1787863841074,90fc6a6a-3c1a-33ad-19d8-0fcb13e85e3f,/p/0/a750a513e76b99e8,1,200,314147,199.337,5626.134,55837
1787863843728,ca70400d-f745-3880-3141-dba4adf04021,/p/3/3ba0a828e6730217,3,200,3886227,231.275,2978.421,1304795
1787863846599,4d1e08b2-80b8-9ffa-7108-25061a269782,/p/0/a44617fb7b168b05,5,200,26792,48.622,117.327,228353
1787863846324,7ee851e5-b2db-e7e7-454a-cb82f69fc009,/p/7/592c8b50cb709336,4,200,467078,121.798,430.704,1084453
1787863846755,7ee851e5-b2db-e7e7-454a-cb82f69fc009,/p/0/ce2ef1e86afb9a0d,5,200,135384,29.222,190.783,709624
1787863792675,54e86db3-5aa0-43fa-7772-3a1d55c064aa,/p/3/7c23a05c1600e860,9,0,4263255,583.987,54330.807,78468
1787863846147,5f528615-03cd-faa6-701d-487220f121cd,/p/0/55ae911f08d29481,2,200,105212,246.736,933.589,112696
1787863846707,ca70400d-f745-3880-3141-dba4adf04021,/p/0/c995d0211452b850,4,200,101376,3.467,433.259,233985
1787863846707,ca70400d-f745-3880-3141-dba4adf04021,/p/2/c995d2211452bbb6,4,200,328226,3.013,438.685,748204
1787863846755,7ee851e5-b2db-e7e7-454a-cb82f69fc009,/p/0/ce2eeee86afb94f4,5,200,413906,25.013,395.046,1047742
1787863842409,69448a93-5375-54b0-cc75-8817f1330d72,/p/0/7e5fea6c1c3fa40a,1,200,3361054,84.222,4782.809,702736
1787863847005,42dbe39b-3639-a978-1810-a7ffdfdf3b08,/?crawl=189,0,200,38446,73.178,214.682,179084
1787863846755,7ee851e5-b2db-e7e7-454a-cb82f69fc009,/p/6/ce2eefe86afb96a7,5,200,506328,23.413,471.274,1074381
1787863821554,907622a4-b130-186f-0d97-1885a857c4d7,/p/3/f884cc0eb66ce70c,10,200,3734367,78.247,25700.049,145306
1787863845842,0c37a758-cd17-8a3c-511e-c656ddac7b7a,/p/0/e630d53544dd2e20,9,200,38710,412.653,1747.151,22156
1787863846707,ca70400d-f745-3880-3141-dba4adf04021,/p/0/c995d3211452bd69,4,200,287937,1.456,884.457,325552
1787863845006,24b80c56-940b-dd2a-e829-daced55fdd89,/?crawl=187,0,200,438125,65.247,2596.086,168764
1787863847220,42dbe39b-3639-a978-1810-a7ffdfdf3b08,/p/0/28ce4166b997149f,1,200,26431,207.911,415.392,63629
1787863847254,907622a4-b130-186f-0d97-1885a857c4d7,/p/0/54828a036ba184f9,11,200,36358,80.763,445.908,81537
1787863846599,4d1e08b2-80b8-9ffa-7108-25061a269782,/p/0/a44614fb7b1685ec,5,200,123881,236.214,1107.567,111850
1787863847602,24b80c56-940b-dd2a-e829-daced55fdd89,/p/0/9d4c3e983538d3f8,1,200,6539,92.088,123.380,52999
1787863847226,7ee851e5-b2db-e7e7-454a-cb82f69fc009,/p/5/e322b1f6cc98ab22,6,200,517401,22.580,518.182,998494
1787863847744,7ee851e5-b2db-e7e7-454a-cb82f69fc009,/p/0/129a77335141308e,7,200,14780,22.319,54.321,272086
1787863845853,7ee851e5-b2db-e7e7-454a-cb82f69fc009,/p/0/7a4c71dd8f778487,3,200,3318727,319.120,1957.513,1695379
1787863818005,47012ffa-5aef-a16f-1ddf-b55eba87a3a1,/?crawl=145,0,200,5850748,69.772,29966.722,195242
1787863847005,bae4655e-2415-e639-eb62-7a54fe59d9d7,/?crawl=190,0,200,422898,43.605,1206.447,350532
1787863846536,90fc6a6a-3c1a-33ad-19d8-0fcb13e85e3f,/p/0/55a57a0ce9de980f,2,200,83034,329.117,1684.228,49301
1787863841627,f4c9672a-6ce0-f42a-e39f-51b2afe334a8,/p/1/5af98db59d03cf4c,2,200,401974,227.540,6696.846,60024
1787863847744,7ee851e5-b2db-e7e7-454a-cb82f69fc009,/p/0/129a763351412edb,7,200,454862,25.275,601.186,756608
1787863847254,907622a4-b130-186f-0d97-1885a857c4d7,/p/0/548287036ba17fe0,11,200,75573,163.191,1115.360,67757
1787863847744,7ee851e5-b2db-e7e7-454a-cb82f69fc009,/p/4/129a783351413241,7,200,502259,25.239,637.944,787309
1787863848382,7ee851e5-b2db-e7e7-454a-cb82f69fc009,/p/3/6214a51c6b95f5ba,8,200,16354,24.446,43.374,377048
1787863844943,7520ca68-bb94-ad8c-b6f6-a6b52eb672f9,/p/1/46603937f3d7215c,2,200,408221,1101.820,3546.654,115100
1787863848426,7ee851e5-b2db-e7e7-454a-cb82f69fc009,/p/0/1158d7195f64b6d8,9,200,86039,39.731,176.323,487964
1787863847006,674b3643-4d8d-dc1b-d609-5f043d960d23,/?crawl=188,0,200,283792,81.525,1603.359,176998
1787863847220,42dbe39b-3639-a978-1810-a7ffdfdf3b08,/p/0/28ce4266b9971652,1,200,143956,72.695,1453.620,99033
1787863848382,7ee851e5-b2db-e7e7-454a-cb82f69fc009,/p/0/6214a61c6b95f76d,8,200,156631,24.462,309.111,506714
1787863847602,24b80c56-940b-dd2a-e829-daced55fdd89,/p/8/9d4c40983538d75e,1,200,179502,61.735,1171.817,153183
1787863839737,5a21d316-3c43-f312-0c93-0764ec561b61,/p/0/59a7529d94ffc6b5,1,200,5139461,126.557,9100.261,564760
1787863848426,7ee851e5-b2db-e7e7-454a-cb82f69fc009,/p/2/1158d8195f64b88b,9,200,443493,22.978,645.315,687251
1787863848602,7ee851e5-b2db-e7e7-454a-cb82f69fc009,/p/0/1158da195f64bbf1,9,200,443049,23.383,521.485,849591
1787863839685,6f78cff4-1137-88ba-35b0-8c4cd874e5c3,/p/0/67c912c57dc87c3,3,200,2204516,233.339,9464.319,232929
1787863849005,e582110a-81e4-e2ea-865a-cdb2f835f874,/?crawl=194,0,200,53449,37.846,146.699,364346
1787863847254,907622a4-b130-186f-0d97-1885a857c4d7,/p/2/548288036ba18193,11,200,228397,284.235,1917.458,119114
1787863849005,555e144d-48f3-792e-af17-0cd1d594a499,/?crawl=192,0,200,93477,29.436,188.243,496575
1787863782237,a8c4f00c-d24a-4bda-04d2-d57e77e00d58,/p/0/1db0d07b2e96fc3b,3,200,5348518,203.860,67024.629,79799
1787863846626,120ced1e-c59a-2b23-8689-8d636792d612,/p/5/34160b2b6b85450c,5,200,66693,413.604,2677.641,24907
1787863849152,e582110a-81e4-e2ea-865a-cdb2f835f874,/p/0/1f44c7712ec6a9d4,1,200,36574,192.215,354.224,103251
1787863849071,7ee851e5-b2db-e7e7-454a-cb82f69fc009,/p/0/e26dff4a9fa5c5b0,10,200,421334,15.397,447.414,941709
1787863849071,7ee851e5-b2db-e7e7-454a-cb82f69fc009,/p/1/e26e004a9fa5c763,10,200,465207,15.396,456.864,1018262
1787863849006,9d11ab9a-68af-38e8-63c2-9269c636230b,/?crawl=193,0,200,215821,38.294,559.595,385673
1787863847226,7ee851e5-b2db-e7e7-454a-cb82f69fc009,/p/0/e322aff6cc98a7bc,6,200,2223123,26.661,2357.836,942866
1787863849124,7ee851e5-b2db-e7e7-454a-cb82f69fc009,/p/0/e26e024a9fa5cac9,10,200,515021,14.425,522.988,984766
1787863849528,7ee851e5-b2db-e7e7-454a-cb82f69fc009,/p/0/bd9c97d8f94819d5,11,200,191926,15.869,164.259,1168432
1787863849194,555e144d-48f3-792e-af17-0cd1d594a499,/p/0/aac6ca3fb324ea7b,1,200,119204,25.456,592.011,201354
1787863849171,907622a4-b130-186f-0d97-1885a857c4d7,/p/0/543fcf531d1a6ca6,12,200,52933,77.761,760.502,69603
1787863839425,56e5f638-0866-bd0d-99ad-1a9bad99ee08,/p/2/1a87b6cf6488c777,10,200,2954732,50.992,10668.746,276952
1787863849171,907622a4-b130-186f-0d97-1885a857c4d7,/p/0/543fce531d1a6af3,12,200,61429,281.500,1044.877,58791
1787863846684,7eb782c2-e1ba-1a1f-2b33-b8790716318f,/p/0/655234f0d1113fb4,8,200,275326,155.739,3568.287,77159
1787863847220,42dbe39b-3639-a978-1810-a7ffdfdf3b08,/p/0/28ce4066b99712ec,1,200,475513,346.856,3147.333,151084
1787863850094,56e5f638-0866-bd0d-99ad-1a9bad99ee08,/p/0/17d71858fe5c3f75,11,200,20902,193.940,346.750,60280
1787863850094,56e5f638-0866-bd0d-99ad-1a9bad99ee08,/p/0/17d71558fe5c3a5c,11,200,85978,128.201,641.766,133971
1787863848382,7ee851e5-b2db-e7e7-454a-cb82f69fc009,/p/0/6214a31c6b95f254,8,200,2625955,28.570,2425.413,1082683
1787863832287,386db663-84d2-1ec9-5be1-5f5c5ada5475,/p/0/db333be6ab963d69,5,200,422018,1020.957,18586.602,22705
1787863849171,907622a4-b130-186f-0d97-1885a857c4d7,/p/1/543fcd531d1a6940,12,200,187716,196.700,1738.658,107966
1787863848489,7520ca68-bb94-ad8c-b6f6-a6b52eb672f9,/p/0/21934c69525914ab,3,200,246482,183.866,2575.704,95695
1787863848609,674b3643-4d8d-dc1b-d609-5f043d960d23,/p/0/bc3894c44e32074c,1,200,181138,80.596,2489.202,72769
1787863822836,6c19452f-1822-65e9-d9b3-a41a12f08dc4,/p/1/84733f35db56be42,1,200,5267808,313.577,28383.731,185593
1787863811334,6f48c632-2774-c96f-4b98-2c39a340dbd3,/p/0/7c51f2bad3e407ac,3,200,5052651,224.783,40047.613,126166
1787863841005,75f97cff-e3e3-2ed1-c7ba-d5de7ba9c1db,/?crawl=177,0,200,5480933,27.167,10593.920,517366
1787863837026,120ced1e-c59a-2b23-8689-8d636792d612,/p/0/9c501b14ddac0457,3,200,464983,550.807,14695.081,31642
1787863809598,a8c4f00c-d24a-4bda-04d2-d57e77e00d58,/p/20/24c928ade655edca,4,200,3211615,291.153,42172.143,76155
1787863846537,90fc6a6a-3c1a-33ad-19d8-0fcb13e85e3f,/p/0/55a57b0ce9de99c2,2,200,391965,362.761,5344.606,73338
1787863847226,7ee851e5-b2db-e7e7-454a-cb82f69fc009,/p/0/e322b2f6cc98acd5,6,200,5722446,26.715,4671.107,1225073
1787863852005,3831d044-7f4f-bad5-fd7a-fd4263973745,/?crawl=196,0,200,7753,27.768,27.837,278516
1787863840524,c34b567c-f775-3a12-e63b-04a9ecab912f,/p/0/5f972e567712731c,4,200,335031,421.365,11520.866,29080
1787863849528,7ee851e5-b2db-e7e7-454a-cb82f69fc009,/p/0/bd9c96d8f9481822,11,200,4315710,15.912,2625.097,1644019
1787863849584,7ee851e5-b2db-e7e7-454a-cb82f69fc009,/p/0/bd9c95d8f948166f,11,200,4467353,18.364,2583.710,1729046
1787863849152,e582110a-81e4-e2ea-865a-cdb2f835f874,/p/0/1f44ca712ec6aeed,1,200,451961,32.888,3103.157,145646
1787863845841,0c37a758-cd17-8a3c-511e-c656ddac7b7a,/p/0/e630d83544dd3339,9,200,299534,374.240,6516.569,45965
1787863851219,6c19452f-1822-65e9-d9b3-a41a12f08dc4,/p/0/d1f020294e1950f1,2,200,125973,65.676,1200.868,104902
1787863848324,f4c9672a-6ce0-f42a-e39f-51b2afe334a8,/p/0/51e523e6ea3ed8ca,3,200,153352,297.750,4108.434,37326
1787863850910,907622a4-b130-186f-0d97-1885a857c4d7,/p/0/5f4df77f2cb3d896,13,200,113248,77.432,1754.067,64563
1787863848489,7520ca68-bb94-ad8c-b6f6-a6b52eb672f9,/p/0/21934e6952591811,3,200,426150,222.133,4216.459,101068
1787863848324,f4c9672a-6ce0-f42a-e39f-51b2afe334a8,/p/0/51e521e6ea3ed564,3,200,206154,251.993,4515.184,45658
1787863848609,674b3643-4d8d-dc1b-d609-5f043d960d23,/p/8/bc3895c44e3208ff,1,200,216936,158.405,4255.185,50982
1787863850006,0e03669d-119d-0683-7a9a-4a8376c7ecda,/?crawl=195,0,200,2544603,125.877,2922.267,870763
1787863848324,f4c9672a-6ce0-f42a-e39f-51b2afe334a8,/p/0/51e524e6ea3eda7d,3,200,248496,251.944,4609.934,53904
1787863847146,ca70400d-f745-3880-3141-dba4adf04021,/p/1/a4755fa838293b98,5,200,471962,446.174,5876.256,80317
1787863838219,256421f9-d3b7-0c6f-243d-67e70fd63e6b,/p/0/8e31de8415bb4c85,9,200,5482057,36.571,14886.917,368247
1787863847602,24b80c56-940b-dd2a-e829-daced55fdd89,/p/0/9d4c41983538d911,1,200,373475,61.738,5555.861,67222
1787863852005,61d99905-238a-790c-b3a0-a404860ee968,/?crawl=197,0,200,409697,43.622,1161.463,352742
1787863840379,bd292c3b-cb51-f650-d83d-535bcc68d0de,/p/0/95531fa3cb9e4720,3,200,3617718,117.826,12810.299,282407
1787863850910,907622a4-b130-186f-0d97-1885a857c4d7,/p/0/5f4df67f2cb3d6e3,13,200,169514,77.512,2312.012,73319
1787863852928,0e03669d-119d-0683-7a9a-4a8376c7ecda,/p/3/b2af1ecec361a34d,1,200,214098,13.856,476.386,449422
1787863846684,7eb782c2-e1ba-1a1f-2b33-b8790716318f,/p/0/655235f0d1114167,8,200,510402,201.489,6776.698,75317
1787863851771,a8c4f00c-d24a-4bda-04d2-d57e77e00d58,/p/19/f4853a19908f2426,5,200,72766,285.385,1727.963,42111
1787863844005,7ffd1a58-a0ee-cd5b-448f-901c7bc981fc,/?crawl=186,0,200,3938578,37.412,9756.898,403671
1787863851219,6c19452f-1822-65e9-d9b3-a41a12f08dc4,/p/0/d1f01e294e194d8b,2,200,254262,338.722,2592.941,98059
1787863853167,61d99905-238a-790c-b3a0-a404860ee968,/p/0/8bda76139a2bba8d,1,200,68413,78.762,647.481,105660
1787863848774,24b80c56-940b-dd2a-e829-daced55fdd89,/p/7/3731598e59a9e820,2,200,230807,1188.257,5093.835,45311
1787863852864,674b3643-4d8d-dc1b-d609-5f043d960d23,/p/0/4102e70b871acdac,2,200,272641,405.901,1014.079,268856
1787863852864,674b3643-4d8d-dc1b-d609-5f043d960d23,/p/7/4102e90b871ad112,2,200,325503,405.271,1067.188,305010
1787863852864,674b3643-4d8d-dc1b-d609-5f043d960d23,/p/0/4102ea0b871ad2c5,2,200,443248,405.117,1099.628,403089
1787863853405,0e03669d-119d-0683-7a9a-4a8376c7ecda,/p/0/2810dd7c45168582,2,200,216849,64.085,606.711,357418
1787863853762,7ffd1a58-a0ee-cd5b-448f-901c7bc981fc,/p/0/30b693f5c9d3ca0b,1,200,100717,32.885,328.871,306251
1787863852928,0e03669d-119d-0683-7a9a-4a8376c7ecda,/p/0/b2af1dcec361a19a,1,200,376172,61.829,1170.542,321366
1787863853404,0e03669d-119d-0683-7a9a-4a8376c7ecda,/p/2/2810db7c4516821c,2,200,182172,57.867,694.158,262436
1787863850910,907622a4-b130-186f-0d97-1885a857c4d7,/p/0/5f4df87f2cb3da49,13,200,295457,77.608,3224.915,91617
1787863775914,a8c4f00c-d24a-4bda-04d2-d57e77e00d58,/p/0/804809d0ee1e5eb8,1,200,5595965,121.220,78263.072,71502
1787863854006,1f382194-f6d8-e0eb-bcbc-6c5a07b4f174,/?crawl=199,0,200,65845,30.012,253.361,259886
1787863853931,674b3643-4d8d-dc1b-d609-5f043d960d23,/p/6/af6db37a2d0f6c84,3,200,157059,45.350,438.149,358460
1787863841005,ebb2dec1-bd06-225b-a883-f3150bf9bbbf,/?crawl=178,0,200,5353498,33.201,13537.958,395444
1787863831111,eda42e92-a288-716b-ffc0-49f1c0492d3d,/p/0/4777525d7a385283,2,200,2866032,153.879,23501.912,121949
1787863853762,7ffd1a58-a0ee-cd5b-448f-901c7bc981fc,/p/2/30b695f5c9d3cd71,1,200,165288,163.718,884.630,186844
1787863853022,ca70400d-f745-3880-3141-dba4adf04021,/p/0/a820f1abb762f961,6,200,100826,244.362,1630.339,61844
1787863854005,aaf96400-eae3-4a6c-d62d-dda398c4ebed,/?crawl=198,0,200,420305,24.957,667.932,629263
1787863853931,674b3643-4d8d-dc1b-d609-5f043d960d23,/p/0/af6db47a2d0f6e37,3,200,406550,45.385,830.930,489271
1787863840524,c34b567c-f775-3a12-e63b-04a9ecab912f,/p/0/5f97315677127835,4,200,474392,497.206,14291.697,33194
1787863852033,3831d044-7f4f-bad5-fd7a-fd4263973745,/p/0/f8701fb60590c2c7,1,200,316148,130.695,2862.133,110459
1787863852033,3831d044-7f4f-bad5-fd7a-fd4263973745,/p/10/f8701eb60590c114,1,200,382297,117.610,2925.690,130669
1787863854370,674b3643-4d8d-dc1b-d609-5f043d960d23,/p/0/515e361215c54395,4,200,182052,40.402,602.213,302305
1787863838037,bd292c3b-cb51-f650-d83d-535bcc68d0de,/p/0/7e0484ea2557d751,2,200,4602280,125.378,16971.591,271176
1787863854370,674b3643-4d8d-dc1b-d609-5f043d960d23,/p/0/515e331215c53e7c,4,200,228732,37.358,682.962,334912
1787863852033,3831d044-7f4f-bad5-fd7a-fd4263973745,/p/0/f87020b60590c47a,1,200,474587,26.545,3025.417,156867
1787863854099,0e03669d-119d-0683-7a9a-4a8376c7ecda,/p/1/f8f0f098ebd3d1b6,3,200,254870,61.881,1037.050,245764
1787863854959,3831d044-7f4f-bad5-fd7a-fd4263973745,/p/0/17297353c3ac53ec,2,200,33318,111.757,253.073,131654
1787863853762,7ffd1a58-a0ee-cd5b-448f-901c7bc981fc,/p/0/30b694f5c9d3cbbe,1,200,212890,163.780,1485.691,143294
1787863854370,674b3643-4d8d-dc1b-d609-5f043d960d23,/p/5/515e351215c541e2,4,200,471536,37.494,1005.998,468725
1787863854099,0e03669d-119d-0683-7a9a-4a8376c7ecda,/p/0/f8f0f198ebd3d369,3,200,381867,62.607,1335.242,285991
1787863853022,ca70400d-f745-3880-3141-dba4adf04021,/p/0/a820f0abb762f7ae,6,200,125693,222.659,2421.440,51908
1787863854959,3831d044-7f4f-bad5-fd7a-fd4263973745,/p/9/17297553c3ac5752,2,200,161696,111.675,721.777,224025
1787863829821,cb281ec2-3b1b-aeed-ab80-c2596123e147,/p/7/15200d85fcf24bb8,4,200,6094318,4170.253,25914.507,235170
1787863855376,674b3643-4d8d-dc1b-d609-5f043d960d23,/p/0/3ce326bac9bb9e9e,5,200,205940,43.738,443.055,464818
1787863855376,674b3643-4d8d-dc1b-d609-5f043d960d23,/p/4/3ce327bac9bba051,5,200,216444,43.779,459.403,471142
1787863854099,0e03669d-119d-0683-7a9a-4a8376c7ecda,/p/0/f8f0ee98ebd3ce50,3,200,387828,70.249,1784.498,217332
1787863839425,56e5f638-0866-bd0d-99ad-1a9bad99ee08,/p/0/1a87b5cf6488c5c4,10,200,4781390,139.226,16471.675,290280
1787863855835,674b3643-4d8d-dc1b-d609-5f043d960d23,/p/0/c73a711d5fcdcfac,6,200,248933,18.352,154.983,1606196
1787863855835,674b3643-4d8d-dc1b-d609-5f043d960d23,/p/0/c73a741d5fcdd4c5,6,200,336009,15.968,177.181,1896418
1787863855136,0e03669d-119d-0683-7a9a-4a8376c7ecda,/p/0/40e3da42e0a68131,4,200,152033,80.264,906.615,167693
1787863830635,bafd95e1-36da-f70c-7eb7-567a8285a997,/p/5/d3b411d4d66c0bfc,2,200,4946273,96.265,25410.495,194655
1787863855835,674b3643-4d8d-dc1b-d609-5f043d960d23,/p/3/c73a731d5fcdd312,6,200,231069,12.306,264.085,874980
1787863835729,46e4b993-5494-4211-729d-ad0a26608ec3,/p/2/b3303f8014c964ed,1,200,103642,3.155,20450.191,5068
1787863845842,0c37a758-cd17-8a3c-511e-c656ddac7b7a,/p/3/e630d63544dd2fd3,9,200,501367,489.049,10357.438,48406
1787863811158,bc6309aa-de45-6235-08d5-785344a48df6,/p/2/9f0b81f65ef5d4e7,2,200,2442588,1106.829,45195.066,54045
1787863848609,674b3643-4d8d-dc1b-d609-5f043d960d23,/p/0/bc3897c44e320c65,1,200,3818995,196.037,7833.944,487493
1787863856099,674b3643-4d8d-dc1b-d609-5f043d960d23,/p/0/5a89963edb079ad3,7,200,439917,14.310,354.970,1239307
1787863855136,0e03669d-119d-0683-7a9a-4a8376c7ecda,/p/0/40e3d942e0a67f7e,4,200,339904,63.536,1332.960,254999
1787863856099,674b3643-4d8d-dc1b-d609-5f043d960d23,/p/2/5a89983edb079e39,7,200,356696,14.270,389.574,915606
1787863856489,674b3643-4d8d-dc1b-d609-5f043d960d23,/p/0/36043dd44b17d3f0,8,200,118590,13.342,68.741,1725161
1787863856489,674b3643-4d8d-dc1b-d609-5f043d960d23,/p/1/36043fd44b17d756,8,200,227485,23.308,143.090,1589800
1787863856489,674b3643-4d8d-dc1b-d609-5f043d960d23,/p/0/360440d44b17d909,8,200,201965,14.461,225.605,895215
1787863856046,bafd95e1-36da-f70c-7eb7-567a8285a997,/p/0/2ad8bcbce0fd062b,3,200,88995,65.311,708.299,125646
1787863855736,cb281ec2-3b1b-aeed-ab80-c2596123e147,/p/0/26f8a1cee0a974f9,5,200,116883,42.061,1078.467,108379
1787863856632,674b3643-4d8d-dc1b-d609-5f043d960d23,/p/0/f15eacf3671e536f,9,200,383413,28.276,311.037,1232691
1787863851721,120ced1e-c59a-2b23-8689-8d636792d612,/p/4/7605cb99b2718f0f,6,200,218081,552.632,5228.333,41711
1787863855736,cb281ec2-3b1b-aeed-ab80-c2596123e147,/p/6/26f8a0cee0a97346,5,200,149131,106.274,1226.131,121627
1787863853167,61d99905-238a-790c-b3a0-a404860ee968,/p/0/8bda73139a2bb574,1,200,482585,39.838,3830.340,125990
1787863853022,ca70400d-f745-3880-3141-dba4adf04021,/p/0/a820efabb762f5fb,6,200,306315,244.366,4058.682,75472
1787863856715,674b3643-4d8d-dc1b-d609-5f043d960d23,/p/0/f15eadf3671e5522,9,200,328329,19.424,369.442,888715
1787863854005,f8bb23bd-3d0b-5bdb-8e16-d25a93055de3,/?crawl=200,0,200,5895424,9.750,3155.957,1868030
1787863853167,61d99905-238a-790c-b3a0-a404860ee968,/p/0/8bda74139a2bb727,1,200,486135,39.894,4054.915,119888
1787863822422,7eb782c2-e1ba-1a1f-2b33-b8790716318f,/p/0/f209246c8ed5ef51,3,200,4581021,164.458,34973.162,130987
1787863826673,eda42e92-a288-716b-ffc0-49f1c0492d3d,/p/0/267b5dd76b17f473,1,200,3675997,115.655,30726.870,119635
1787863851771,a8c4f00c-d24a-4bda-04d2-d57e77e00d58,/p/0/f4853b19908f25d9,5,200,373363,243.686,5735.283,65099
1787863857162,f8bb23bd-3d0b-5bdb-8e16-d25a93055de3,/p/8/450a66aff715f4da,1,200,268930,42.765,723.073,371927
1787863856199,0c37a758-cd17-8a3c-511e-c656ddac7b7a,/p/2/f603f3063b83a2c5,10,200,43534,417.456,1752.245,24845
1787863809407,67b4d634-4a77-c9bb-2083-831b1e05dfae,/p/0/b184c8325e697cd1,2,200,5122198,410.416,48581.872,105434
1787863842202,7000b2c1-f065-0195-4d88-6858efe7d1d4,/p/0/d82d5ee960ed4e9b,6,200,2293494,114.332,15859.465,144614
1787863856962,cb281ec2-3b1b-aeed-ab80-c2596123e147,/p/5/81ec97519331acc3,6,200,90034,233.694,1103.376,81599
1787863834481,2af7770f-f287-40d9-fe8d-6d8d6421fff6,/p/5/902757d656c71458,3,200,3238833,280.894,23733.530,136467
1787863849304,120ced1e-c59a-2b23-8689-8d636792d612,/p/0/34160d2b6b854872,5,200,387258,552.871,8968.864,43178
1787863856962,cb281ec2-3b1b-aeed-ab80-c2596123e147,/p/0/81ec99519331b029,6,200,47382,211.840,1403.632,33757
1787863850094,56e5f638-0866-bd0d-99ad-1a9bad99ee08,/p/1/17d71658fe5c3c0f,11,200,2939966,255.989,8297.074,354338
1787863854177,a8c4f00c-d24a-4bda-04d2-d57e77e00d58,/p/0/9302c2ef6f1b1543,6,200,208085,229.606,4242.279,49050
1787863855681,3831d044-7f4f-bad5-fd7a-fd4263973745,/p/0/242659f7b0746f9e,3,200,353526,129.405,2815.258,125575
1787863855376,674b3643-4d8d-dc1b-d609-5f043d960d23,/p/0/3ce325bac9bb9ceb,5,200,2148105,47.074,3121.567,688149
1787863856199,0c37a758-cd17-8a3c-511e-c656ddac7b7a,/p/0/f603f1063b839f5f,10,200,94150,530.214,2326.093,40476
1787863855681,3831d044-7f4f-bad5-fd7a-fd4263973745,/p/0/242658f7b0746deb,3,200,362437,129.313,2851.611,127099
1787863857161,f8bb23bd-3d0b-5bdb-8e16-d25a93055de3,/p/0/450a64aff715f174,1,200,434936,10.319,1416.599,307028
1787863839682,81fad665-478c-65ea-e366-6bdac885d0cb,/p/0/1c7ebab207b17aa6,4,200,5913001,62.681,18912.683,312647
1787863856046,bafd95e1-36da-f70c-7eb7-567a8285a997,/p/0/2ad8bdbce0fd07de,3,200,240331,323.313,2652.856,90593
1787863853499,a8c4f00c-d24a-4bda-04d2-d57e77e00d58,/p/18/9302c4ef6f1b18a9,6,200,310463,354.041,5290.033,58688
1787863799349,0d677eb8-99e7-7068-99a4-99613bfa78be,/p/3/d270a1d1575a9c48,6,200,5662398,342.349,59455.716,95237
1787863792715,0d677eb8-99e7-7068-99a4-99613bfa78be,/p/0/930edaab42509bc8,4,200,5990709,270.148,66164.565,90543
1787863857885,f8bb23bd-3d0b-5bdb-8e16-d25a93055de3,/p/0/7935ab6340cc755d,2,200,369705,135.426,994.966,371576
1787863858006,7bbf17f6-aee4-afee-f19f-92f395167876,/?crawl=202,0,200,462130,42.848,1096.282,421543
1787863857885,f8bb23bd-3d0b-5bdb-8e16-d25a93055de3,/p/0/7935a86340cc7044,2,200,483435,94.718,1247.086,387652
1787863853404,0e03669d-119d-0683-7a9a-4a8376c7ecda,/p/0/2810dc7c451683cf,2,200,2105967,57.826,6069.294,346987
1787863858391,56e5f638-0866-bd0d-99ad-1a9bad99ee08,/p/0/a959e19e4ea8965,12,200,203751,24.717,1082.822,188167
1787863846599,4d1e08b2-80b8-9ffa-7108-25061a269782,/p/1/a44616fb7b168952,5,200,3829081,117.395,12926.939,296209
1787863842006,a57f6d43-3d6e-b798-4882-4e7e0910a131,/?crawl=180,0,200,5593328,44.921,17526.922,319128
1787863858006,907ef421-22fa-5091-3bfc-f7299376b357,/?crawl=201,0,200,396453,74.749,1688.819,234752
1787863853499,a8c4f00c-d24a-4bda-04d2-d57e77e00d58,/p/0/9302c3ef6f1b16f6,6,200,397016,271.247,6307.312,62945
1787863849005,ab950cc2-4e26-879b-fa20-2ad0899010a4,/?crawl=191,0,200,3525971,43.366,10830.672,325554
1787863858391,56e5f638-0866-bd0d-99ad-1a9bad99ee08,/p/0/a959d19e4ea87b2,12,200,351230,150.008,1475.310,238072
1787863859526,4d1e08b2-80b8-9ffa-7108-25061a269782,/p/0/d13b42ef7d5913e4,6,200,32039,143.178,355.106,90224
1787863858066,cb281ec2-3b1b-aeed-ab80-c2596123e147,/p/4/5e82f4c5de1716bb,7,200,126267,259.540,1916.717,65877
1787863832287,386db663-84d2-1ec9-5be1-5f5c5ada5475,/p/1/db333ae6ab963bb6,5,0,1455234,1475.901,27723.267,52491
1787863832287,386db663-84d2-1ec9-5be1-5f5c5ada5475,/p/0/db3338e6ab963850,5,0,1508123,287.976,27724.840,54396
1787863859695,907ef421-22fa-5091-3bfc-f7299376b357,/p/0/d874ba0d8bb0e787,1,200,76180,60.843,371.879,204852
1787863860010,3bb48387-b4c3-198c-40c8-ff50491dd847,/?crawl=203,0,200,66479,41.622,113.831,584016
1787863853868,24b80c56-940b-dd2a-e829-daced55fdd89,/p/6/acba0cbfc7921f26,3,200,226028,368.828,6259.197,36111
1787863855736,cb281ec2-3b1b-aeed-ab80-c2596123e147,/p/0/26f89ecee0a96fe0,5,200,444332,147.347,4448.505,99883
1787863859836,ab950cc2-4e26-879b-fa20-2ad0899010a4,/p/5/6505c95870f5cb01,1,200,62396,39.380,467.477,133474
1787863859526,4d1e08b2-80b8-9ffa-7108-25061a269782,/p/0/d13b44ef7d59174a,6,200,158263,50.626,898.538,176134
1787863858804,0d677eb8-99e7-7068-99a4-99613bfa78be,/p/2/af16654fa72dafac,7,200,113464,265.773,1658.324,68421
1787863859102,7bbf17f6-aee4-afee-f19f-92f395167876,/p/0/1e35bcf4cde00a67,1,200,179965,37.145,1431.405,125726
1787863859102,7bbf17f6-aee4-afee-f19f-92f395167876,/p/2/1e35bbf4cde008b4,1,200,223071,55.898,1516.675,147079
1787863859526,4d1e08b2-80b8-9ffa-7108-25061a269782,/p/0/d13b45ef7d5918fd,6,200,176074,190.446,1230.610,143079
1787863856046,bafd95e1-36da-f70c-7eb7-567a8285a997,/p/4/2ad8bebce0fd0991,3,200,2612616,323.311,4805.803,543638
1787863859102,7bbf17f6-aee4-afee-f19f-92f395167876,/p/0/1e35bdf4cde00c1a,1,200,311311,101.609,1759.484,176933
1787863831111,eda42e92-a288-716b-ffc0-49f1c0492d3d,/p/2/4777545d7a3855e9,2,200,4015270,185.984,29897.654,134301
1787863859695,907ef421-22fa-5091-3bfc-f7299376b357,/p/0/d874bb0d8bb0e93a,1,200,187980,371.677,1374.524,136760
1787863858789,a8c4f00c-d24a-4bda-04d2-d57e77e00d58,/p/0/f6609e404bd62dea,7,200,173511,206.885,2318.172,74848
1787863856950,120ced1e-c59a-2b23-8689-8d636792d612,/p/0/7605ca99b2718d5c,6,200,84809,769.614,4203.457,20176
1787863860852,bafd95e1-36da-f70c-7eb7-567a8285a997,/p/3/1785afcf962aaef8,4,200,158789,23.820,306.739,517669
1787863861009,eda42e92-a288-716b-ffc0-49f1c0492d3d,/p/0/e52c3c2ba0b63829,3,200,12413,159.369,240.459,51622
1787863824292,7ab6747e-fb0b-3e6f-7ae2-d551e68d149b,/p/0/91f45669bd89baaa,2,200,2436681,694.638,37221.536,65464
1787863855434,0e03669d-119d-0683-7a9a-4a8376c7ecda,/p/0/40e3d742e0a67c18,4,200,3017048,84.221,6152.688,490363
1787863860304,ab950cc2-4e26-879b-fa20-2ad0899010a4,/p/0/359d931a64552d49,2,200,104611,196.327,1297.152,80647
1787863860008,2af96cdc-8de5-6d2c-119e-f20e21d67e40,/?crawl=204,0,200,284624,121.821,1594.701,178481
1787863802655,0d677eb8-99e7-7068-99a4-99613bfa78be,/p/0/d270a3d1575a9fae,6,200,4985398,961.248,58989.413,84513
1787863844733,b317cab5-d797-fbff-2fc9-0c5bc691750d,/p/5/767795dd0c02eb38,1,200,2666830,198.413,17101.640,155940
1787863857162,f8bb23bd-3d0b-5bdb-8e16-d25a93055de3,/p/0/450a67aff715f68d,1,200,3988219,10.155,4927.130,809441
1787863860463,0d677eb8-99e7-7068-99a4-99613bfa78be,/p/0/d97ace743d6ef8e3,8,200,56243,295.486,1643.762,34216
1787863861009,eda42e92-a288-716b-ffc0-49f1c0492d3d,/p/0/e52c392ba0b63310,3,200,189002,159.369,1103.704,171243
1787863852928,0e03669d-119d-0683-7a9a-4a8376c7ecda,/p/0/b2af1ccec3619fe7,1,200,4431139,13.827,9309.109,476000
1787863858215,2af7770f-f287-40d9-fe8d-6d8d6421fff6,/p/0/1442d38314127ef2,4,200,305252,321.232,4101.044,74433
1787863858215,2af7770f-f287-40d9-fe8d-6d8d6421fff6,/p/4/1442d483141280a5,4,200,296405,275.218,4101.616,72265
1787863858215,2af7770f-f287-40d9-fe8d-6d8d6421fff6,/p/0/1442d28314127d3f,4,200,344921,275.428,4103.803,84049
1787863861835,b317cab5-d797-fbff-2fc9-0c5bc691750d,/p/4/9762443c30652f86,2,200,29443,196.507,537.593,54768
1787863860852,bafd95e1-36da-f70c-7eb7-567a8285a997,/p/0/1785b0cf962ab0ab,4,200,485167,2.585,1573.756,308286
1787863860852,bafd95e1-36da-f70c-7eb7-567a8285a997,/p/0/1785b1cf962ab25e,4,200,374702,23.758,1575.624,237812
1787863861158,bafd95e1-36da-f70c-7eb7-567a8285a997,/p/2/e4c3fd5808ad5fc9,5,200,117838,1268.910,1273.057,92563
1787863862317,2af7770f-f287-40d9-fe8d-6d8d6421fff6,/p/3/e6793118e253b68b,5,200,12530,124.635,132.453,94600
1787863861005,903b88a3-81b1-b559-2c64-b9b84099c443,/?crawl=205,0,200,485380,49.793,1607.516,301944
1787863831802,2af7770f-f287-40d9-fe8d-6d8d6421fff6,/p/0/b47e7080325b4abb,2,200,5722083,47.632,30822.152,185648
1787863859983,cb281ec2-3b1b-aeed-ab80-c2596123e147,/p/0/d6a71fdaf9afa6dc,8,200,185954,201.773,2732.253,68059
1787863857885,f8bb23bd-3d0b-5bdb-8e16-d25a93055de3,/p/7/7935aa6340cc73aa,2,200,4606174,75.529,4840.486,951593
1787863857951,0c37a758-cd17-8a3c-511e-c656ddac7b7a,/p/1/42a437b52e3dd68c,11,200,108288,723.815,4821.918,22457
1787863861009,eda42e92-a288-716b-ffc0-49f1c0492d3d,/p/1/e52c3a2ba0b634c3,3,200,313926,176.169,1819.838,172502
1787863862725,f8bb23bd-3d0b-5bdb-8e16-d25a93055de3,/p/6/d24cc8bbd9bbed75,3,200,114798,8.305,118.331,970144
1787863862844,f8bb23bd-3d0b-5bdb-8e16-d25a93055de3,/p/0/32945920ad343973,4,200,23716,41.772,76.497,310027
1787863856962,cb281ec2-3b1b-aeed-ab80-c2596123e147,/p/0/81ec96519331ab10,6,200,449420,211.827,5985.453,75085
1787863862844,f8bb23bd-3d0b-5bdb-8e16-d25a93055de3,/p/0/32945a20ad343b26,4,200,34523,49.951,111.646,309219
1787863862317,2af7770f-f287-40d9-fe8d-6d8d6421fff6,/p/0/e6793018e253b4d8,5,200,257381,119.195,926.974,277657
1787863862844,f8bb23bd-3d0b-5bdb-8e16-d25a93055de3,/p/5/32945b20ad343cd9,4,200,298018,41.770,504.863,590295
1787863862317,2af7770f-f287-40d9-fe8d-6d8d6421fff6,/p/0/e6793318e253b9f1,5,200,449817,128.473,1149.876,391187
1787863858804,0d677eb8-99e7-7068-99a4-99613bfa78be,/p/0/af16674fa72db312,7,200,466682,288.280,4812.036,96982
1787863860463,0d677eb8-99e7-7068-99a4-99613bfa78be,/p/0/d97acf743d6efa96,8,200,344912,390.269,3154.838,109328
1787863862449,2af7770f-f287-40d9-fe8d-6d8d6421fff6,/p/0/565f99d33d44d967,6,200,476127,45.248,1262.845,377027
1787863862449,2af7770f-f287-40d9-fe8d-6d8d6421fff6,/p/0/565f9ad33d44db1a,6,200,512889,64.429,1280.762,400456
1787863859983,cb281ec2-3b1b-aeed-ab80-c2596123e147,/p/3/d6a720daf9afa88f,8,200,209682,329.251,3759.870,55768
1787863860619,7bbf17f6-aee4-afee-f19f-92f395167876,/p/0/1de404fa1de02add,2,200,383646,188.501,3144.069,122022
1787863860619,7bbf17f6-aee4-afee-f19f-92f395167876,/p/0/1de401fa1de025c4,2,200,457154,207.593,3144.035,145404
1787863862773,0c37a758-cd17-8a3c-511e-c656ddac7b7a,/p/0/71fc9fc1a496a7d1,12,200,36010,412.882,1028.185,35023
1787863858391,56e5f638-0866-bd0d-99ad-1a9bad99ee08,/p/0/a959b19e4ea844c,12,200,2568819,75.677,5421.883,473787
1787863846147,5f528615-03cd-faa6-701d-487220f121cd,/p/0/55ae901f08d292ce,2,200,5138719,164.820,17681.461,290628
1787863854959,3831d044-7f4f-bad5-fd7a-fd4263973745,/p/0/17297653c3ac5905,2,200,2233128,99.685,8952.346,249446
1787863861153,120ced1e-c59a-2b23-8689-8d636792d612,/p/3/453c1c44a154164c,7,200,127308,378.484,2783.972,45729
1787863860619,7bbf17f6-aee4-afee-f19f-92f395167876,/p/1/1de402fa1de02777,2,200,496950,171.663,3346.723,148489
1787863860184,cb281ec2-3b1b-aeed-ab80-c2596123e147,/p/0/d6a722daf9afabf5,8,200,303324,226.835,3853.819,78707
1787863863966,7bbf17f6-aee4-afee-f19f-92f395167876,/p/0/969b8cb6e646efda,3,200,30322,33.991,102.168,296786
1787863863349,f8bb23bd-3d0b-5bdb-8e16-d25a93055de3,/p/0/acc8d9784e5452ac,5,200,263326,43.043,738.403,356615
1787863858789,a8c4f00c-d24a-4bda-04d2-d57e77e00d58,/p/0/f6609d404bd62c37,7,200,336127,227.592,5368.120,62615
1787863849152,e582110a-81e4-e2ea-865a-cdb2f835f874,/p/0/1f44c9712ec6ad3a,1,200,5137446,209.685,15280.450,336210
1787863856354,bc6309aa-de45-6235-08d5-785344a48df6,/p/1/932eb6bbe79eff5a,3,200,310114,353.471,8126.806,38159
1787863853868,24b80c56-940b-dd2a-e829-daced55fdd89,/p/0/acba0dbfc79220d9,3,200,502525,461.389,10640.811,47226
1787863862828,eda42e92-a288-716b-ffc0-49f1c0492d3d,/p/0/601b2dd25252dccb,4,200,138869,154.138,1712.515,81091
1787863859836,ab950cc2-4e26-879b-fa20-2ad0899010a4,/p/0/6505c85870f5c94e,1,200,472987,39.421,4733.669,99920
1787863817173,0adf6e44-7d0b-a3fa-4184-344ef9f96267,/p/0/a2e1b497f6f6751d,1,200,4536756,53.819,47434.218,95643
1787863861603,2af96cdc-8de5-6d2c-119e-f20e21d67e40,/p/4/f7611139a4aa1c8e,1,200,191535,78.169,3093.745,61910
1787863862449,2af7770f-f287-40d9-fe8d-6d8d6421fff6,/p/2/565f9bd33d44dccd,6,200,2148655,45.231,2276.638,943784
1787863863965,7bbf17f6-aee4-afee-f19f-92f395167876,/p/0/969b8ab6e646ec74,3,200,116145,187.851,778.534,149184
1787863816492,67b4d634-4a77-c9bb-2083-831b1e05dfae,/p/0/23dcc203c9e2dca9,4,200,4707310,965.215,48318.630,97422
1787863863743,cb281ec2-3b1b-aeed-ab80-c2596123e147,/p/0/c94950c83033c7ab,9,200,30441,275.805,1068.427,28491
1787863862613,903b88a3-81b1-b559-2c64-b9b84099c443,/p/4/8acb6697394512a1,1,200,261505,49.218,2284.501,114469
1787863864726,2af7770f-f287-40d9-fe8d-6d8d6421fff6,/p/0/fb5bbc646971dfe2,7,200,149239,9.410,293.526,508435
1787863864726,2af7770f-f287-40d9-fe8d-6d8d6421fff6,/p/1/fb5bba646971dc7c,7,200,261666,5.134,340.153,769259
1787863861835,b317cab5-d797-fbff-2fc9-0c5bc691750d,/p/0/9762423c30652c20,2,200,217218,217.255,3276.481,66296
1787863863966,7bbf17f6-aee4-afee-f19f-92f395167876,/p/0/969b8db6e646f18d,3,200,342264,102.114,1185.939,288602
1787863844006,34df3a87-dd38-0759-4136-efc1c50beb4e,/?crawl=184,0,200,3589092,78.229,21264.428,168784
1787863864897,903b88a3-81b1-b559-2c64-b9b84099c443,/p/0/38b563eab7d726ab,2,200,30932,290.829,412.559,74976
1787863865066,2af7770f-f287-40d9-fe8d-6d8d6421fff6,/p/0/514be47b75de2585,8,200,88404,46.049,268.180,329644
1787863864697,2af96cdc-8de5-6d2c-119e-f20e21d67e40,/p/0/4d7de001794e3f4f,2,200,9438,421.127,651.327,14490
1787863861603,2af96cdc-8de5-6d2c-119e-f20e21d67e40,/p/0/f7610f39a4aa1928,1,200,263582,118.000,3821.576,68972
1787863864726,2af7770f-f287-40d9-fe8d-6d8d6421fff6,/p/0/fb5bbb646971de2f,7,200,411827,18.063,714.722,576206
1787863865066,2af7770f-f287-40d9-fe8d-6d8d6421fff6,/p/0/514be17b75de206c,8,200,395733,45.936,486.202,813928
1787863865066,2af7770f-f287-40d9-fe8d-6d8d6421fff6,/p/0/514be37b75de23d2,8,200,431672,45.927,501.624,860549
1787863862828,eda42e92-a288-716b-ffc0-49f1c0492d3d,/p/0/601b2ed25252de7e,4,200,449972,171.206,3044.887,147780
1787863862828,eda42e92-a288-716b-ffc0-49f1c0492d3d,/p/0/601b2fd25252e031,4,200,386026,171.193,3044.935,126776
1787863848489,7520ca68-bb94-ad8c-b6f6-a6b52eb672f9,/p/0/21934d695259165e,3,200,3054197,203.519,18017.458,169513
1787863862372,b317cab5-d797-fbff-2fc9-0c5bc691750d,/p/0/ee85298518d271a0,3,200,281283,196.585,4467.866,62957
1787863862372,b317cab5-d797-fbff-2fc9-0c5bc691750d,/p/3/ee852a8518d27353,3,200,294903,196.642,4627.512,63728
1787863858804,0d677eb8-99e7-7068-99a4-99613bfa78be,/p/0/af16664fa72db15f,7,200,5533585,338.178,8253.700,670437
1787863860463,0d677eb8-99e7-7068-99a4-99613bfa78be,/p/1/d97ad0743d6efc49,8,200,5676696,247.069,6595.965,860632
1787863867059,0d677eb8-99e7-7068-99a4-99613bfa78be,/p/0/914aecd5d77defe0,9,200,61805,26.322,38.224,1616915
1787863840524,c34b567c-f775-3a12-e63b-04a9ecab912f,/p/2/5f97305677127682,4,200,3445211,536.810,26614.576,129448
1787863867059,0d677eb8-99e7-7068-99a4-99613bfa78be,/p/0/914aefd5d77df4f9,9,200,270104,26.176,228.845,1180291
1787863858273,120ced1e-c59a-2b23-8689-8d636792d612,/p/0/7605cd99b2719275,6,200,257836,481.897,9171.468,28113
1787863867059,0d677eb8-99e7-7068-99a4-99613bfa78be,/p/0/914aeed5d77df346,9,200,236598,25.153,563.207,420090
1787863864898,903b88a3-81b1-b559-2c64-b9b84099c443,/p/0/38b564eab7d7285e,2,200,163645,290.864,2782.039,58822
1787863849194,555e144d-48f3-792e-af17-0cd1d594a499,/p/5/aac6c93fb324e8c8,1,200,4304766,25.451,18518.739,232455
1787863864897,903b88a3-81b1-b559-2c64-b9b84099c443,/p/3/38b565eab7d72a11,2,200,170348,461.615,2880.363,59141
1787863862431,bafd95e1-36da-f70c-7eb7-567a8285a997,/p/0/5e52e4ab93d3d02f,6,200,188646,577.553,5417.338,34823
1787863863937,120ced1e-c59a-2b23-8689-8d636792d612,/p/0/453c1d44a15417ff,7,200,109359,446.723,3920.660,27893
1787863856354,bc6309aa-de45-6235-08d5-785344a48df6,/p/0/932eb4bbe79efbf4,3,200,480928,482.879,11596.613,41471
1787863864697,2af96cdc-8de5-6d2c-119e-f20e21d67e40,/p/3/4d7de201794e42b5,2,200,156021,651.287,3282.457,47532
1787863861835,b317cab5-d797-fbff-2fc9-0c5bc691750d,/p/0/9762453c30653139,2,200,468588,237.857,6155.657,76123
1787863862613,903b88a3-81b1-b559-2c64-b9b84099c443,/p/0/8acb649739450f3b,1,200,460407,242.182,5379.731,85582
1787863862431,bafd95e1-36da-f70c-7eb7-567a8285a997,/p/0/5e52e5ab93d3d1e2,6,200,153734,577.507,5705.633,26944
1787863841818,7eb782c2-e1ba-1a1f-2b33-b8790716318f,/p/0/9cfa8ad2312f576b,6,200,3207425,242.067,26398.972,121498
1787863867139,c34b567c-f775-3a12-e63b-04a9ecab912f,/p/0/f1c4b0bb31644c84,5,200,123504,1084.202,1094.367,112854
1787863862431,bafd95e1-36da-f70c-7eb7-567a8285a997,/p/1/5e52e6ab93d3d395,6,200,179233,577.511,5802.738,30888
1787863864508,24b80c56-940b-dd2a-e829-daced55fdd89,/p/0/24261d2d27daddb7,4,200,124834,341.166,3895.107,32049
1787863831111,eda42e92-a288-716b-ffc0-49f1c0492d3d,/p/0/4777535d7a385436,2,200,5691149,185.967,37528.663,151648
1787863867139,c34b567c-f775-3a12-e63b-04a9ecab912f,/p/0/f1c4b3bb3164519d,5,200,143846,1085.038,1511.713,95154
1787863867139,c34b567c-f775-3a12-e63b-04a9ecab912f,/p/1/f1c4b2bb31644fea,5,200,279858,1084.444,1514.299,184810
1787863838865,c34b567c-f775-3a12-e63b-04a9ecab912f,/p/0/17436f765ebfcb9b,3,200,5592333,385.671,29797.943,187675
1787863842202,7000b2c1-f065-0195-4d88-6858efe7d1d4,/p/0/d82d60e960ed5201,6,200,5446381,45.617,26587.316,204849
1787863865270,34df3a87-dd38-0759-4136-efc1c50beb4e,/p/0/9e1ea3aa09ddf98,1,200,219431,168.157,3522.797,62289
1787863844561,7eb782c2-e1ba-1a1f-2b33-b8790716318f,/p/0/43c3167cf8fc84f7,7,200,3210365,187.194,24281.677,132213
1787863843991,0f7061f9-fd31-4bd6-0cb5-979a7ddca6d9,/p/16/c63cfb400064cd3c,1,200,208454,279.405,24853.912,8387
1787863850252,7eb782c2-e1ba-1a1f-2b33-b8790716318f,/p/0/655237f0d11144cd,8,200,3409390,230.641,18814.514,181211
1787863867005,2fc881b1-4965-0c90-c64c-31e359409e84,/?crawl=209,0,200,5383554,42.484,2388.406,2254037
1787863835315,c34b567c-f775-3a12-e63b-04a9ecab912f,/p/0/a791c29a6600f0e,2,200,5877672,505.298,34146.682,172130
1787863863742,cb281ec2-3b1b-aeed-ab80-c2596123e147,/p/0/c94951c83033c95e,9,200,453540,381.299,5926.832,76523
1787863869394,2fc881b1-4965-0c90-c64c-31e359409e84,/p/0/3d221020e6d938a2,1,200,227837,306.003,333.365,683445
1787863869394,2fc881b1-4965-0c90-c64c-31e359409e84,/p/0/3d220f20e6d936ef,1,200,198181,2.622,335.660,590421
1787863862725,f8bb23bd-3d0b-5bdb-8e16-d25a93055de3,/p/0/d24cc6bbd9bbea0f,3,200,3407402,47.804,7084.059,480996
1787863855681,3831d044-7f4f-bad5-fd7a-fd4263973745,/p/8/242657f7b0746c38,3,200,5288592,129.330,14477.231,365304
1787863809598,a8c4f00c-d24a-4bda-04d2-d57e77e00d58,/p/0/24c929ade655ef7d,4,200,5147527,206.426,60926.067,84488
1787863862372,b317cab5-d797-fbff-2fc9-0c5bc691750d,/p/0/ee852c8518d276b9,3,200,514591,295.241,8209.169,62685
1787863867778,903b88a3-81b1-b559-2c64-b9b84099c443,/p/2/c05232cc43e32f6,3,200,182664,331.329,3122.317,58503
1787863779161,90f2f8a9-5906-ecb7-323b-0547e1f5e43c,/p/2/13b2602e82b9567e,1,200,5526788,194.495,91923.322,60124
1787863865270,34df3a87-dd38-0759-4136-efc1c50beb4e,/p/13/9e1eb3aa09de14b,1,200,385075,168.187,5834.144,66004
1787863868653,c34b567c-f775-3a12-e63b-04a9ecab912f,/p/0/bbfa6e85812b9904,6,200,105466,807.912,2616.282,40311
1787863815252,0c37a758-cd17-8a3c-511e-c656ddac7b7a,/p/0/92def1ce8bdaa03c,6,200,5710193,645.295,56154.055,101688
1787863818181,67b4d634-4a77-c9bb-2083-831b1e05dfae,/p/5/5f86243bd5162ad8,5,200,5457361,460.771,53279.798,102428
1787863870158,3831d044-7f4f-bad5-fd7a-fd4263973745,/p/0/70e4f2778fb51f03,4,200,302045,127.694,1384.060,218231
1787863859695,907ef421-22fa-5091-3bfc-f7299376b357,/p/13/d874bc0d8bb0eaed,1,200,4488743,334.109,11870.813,378133
1787863867713,555e144d-48f3-792e-af17-0cd1d594a499,/p/0/3cf0645ce38f4013,2,200,475848,148.342,3904.671,121866
1787863863349,f8bb23bd-3d0b-5bdb-8e16-d25a93055de3,/p/4/acc8db784e545612,5,200,4167308,47.496,8278.871,503367
1787863867713,555e144d-48f3-792e-af17-0cd1d594a499,/p/0/3cf0655ce38f41c6,2,200,514445,133.388,3918.112,131299
1787863870008,119cccf6-b622-2b36-4137-bad4717c613d,/?crawl=211,0,200,517698,173.616,1649.865,313782
1787863844943,7520ca68-bb94-ad8c-b6f6-a6b52eb672f9,/p/0/46603b37f3d724c2,2,200,5682391,1101.808,26964.867,210733
1787863858525,0c37a758-cd17-8a3c-511e-c656ddac7b7a,/p/0/42a439b52e3dd9f2,11,200,415652,489.098,13713.641,30309
1787863871627,f8bb23bd-3d0b-5bdb-8e16-d25a93055de3,/p/0/f9c1f105bd4ce5ab,6,200,221091,42.340,631.820,349927
1787863870158,3831d044-7f4f-bad5-fd7a-fd4263973745,/p/0/70e4f3778fb520b6,4,200,470241,26.487,2110.270,222834
1787863871627,f8bb23bd-3d0b-5bdb-8e16-d25a93055de3,/p/3/f9c1f305bd4ce911,6,200,292697,42.321,774.500,377918
1787863871657,119cccf6-b622-2b36-4137-bad4717c613d,/p/5/ca453255e5cb2110,1,200,62451,256.425,912.926,68407
1787863844561,7eb782c2-e1ba-1a1f-2b33-b8790716318f,/p/0/43c3177cf8fc86aa,7,200,5321518,171.887,28039.700,189785
1787863867000,b317cab5-d797-fbff-2fc9-0c5bc691750d,/p/0/e03387b9adead6d3,4,200,484831,275.739,5604.279,86511
1787863871406,0c37a758-cd17-8a3c-511e-c656ddac7b7a,/p/0/71fc9dc1a496a46b,12,200,26363,531.340,1287.648,20474
1787863870900,903b88a3-81b1-b559-2c64-b9b84099c443,/p/0/f285fbb394910636,4,200,315891,290.618,1935.120,163241
1787863870900,903b88a3-81b1-b559-2c64-b9b84099c443,/p/0/f285fab394910483,4,200,318255,362.721,1940.345,164020
1787863867000,b317cab5-d797-fbff-2fc9-0c5bc691750d,/p/2/e03386b9adead520,4,200,411566,255.987,5964.437,69003
1787863871657,119cccf6-b622-2b36-4137-bad4717c613d,/p/0/ca453355e5cb22c3,1,200,257693,43.150,1396.257,184560
1787863860127,24b80c56-940b-dd2a-e829-daced55fdd89,/p/0/24261e2d27dadf6a,4,200,470042,369.339,12944.303,36313
1787863872402,f8bb23bd-3d0b-5bdb-8e16-d25a93055de3,/p/2/c84d9ce142a9635c,7,200,264064,47.990,673.776,391916
1787863863349,f8bb23bd-3d0b-5bdb-8e16-d25a93055de3,/p/0/acc8dc784e5457c5,5,200,4644033,47.510,9795.787,474085
1787863868653,c34b567c-f775-3a12-e63b-04a9ecab912f,/p/0/bbfa7085812b9c6a,6,200,353372,807.956,4507.308,78400
1787863872402,f8bb23bd-3d0b-5bdb-8e16-d25a93055de3,/p/0/c84d9ee142a966c2,7,200,235654,44.333,797.923,295334
1787863849194,555e144d-48f3-792e-af17-0cd1d594a499,/p/0/aac6cb3fb324ec2e,1,200,5996761,38.966,24087.163,248961
1787863872402,f8bb23bd-3d0b-5bdb-8e16-d25a93055de3,/p/0/c84d9de142a9650f,7,200,265794,44.304,915.349,290375
1787863873076,f8bb23bd-3d0b-5bdb-8e16-d25a93055de3,/p/1/55de2d96247c820d,8,200,41082,56.387,246.248,166832
1787863873200,f8bb23bd-3d0b-5bdb-8e16-d25a93055de3,/p/0/55de2b96247c7ea7,8,200,18133,68.114,154.439,117412
1787863862725,f8bb23bd-3d0b-5bdb-8e16-d25a93055de3,/p/0/d24cc7bbd9bbebc2,3,200,5508044,55.289,10872.759,506591
1787863868234,bafd95e1-36da-f70c-7eb7-567a8285a997,/p/0/46eb14f89899933d,7,200,261120,417.773,5567.416,46901
1787863846537,90fc6a6a-3c1a-33ad-19d8-0fcb13e85e3f,/p/5/55a57c0ce9de9b75,2,200,2721242,329.089,27342.808,99523
1787863854647,7ffd1a58-a0ee-cd5b-448f-901c7bc981fc,/p/0/c42574f661971917,2,200,2684327,168.994,19403.545,138342
1787863863005,8a50b563-1648-4a04-21d9-ab442e918806,/?crawl=206,0,200,3761908,88.407,11071.870,339772
1787863843991,0f7061f9-fd31-4bd6-0cb5-979a7ddca6d9,/p/0/c63cfc400064ceef,1,200,167411,1544.814,30090.455,5564
1787863873322,f8bb23bd-3d0b-5bdb-8e16-d25a93055de3,/p/0/ab96251f506c14a,9,200,311733,39.726,816.557,381765
1787863874077,8a50b563-1648-4a04-21d9-ab442e918806,/p/8/d08c667e7b743068,1,200,25778,37.607,92.729,277993
1787863873354,f8bb23bd-3d0b-5bdb-8e16-d25a93055de3,/p/0/ab96051f506bde4,9,200,440823,47.614,1169.117,377056
1787863854647,7ffd1a58-a0ee-cd5b-448f-901c7bc981fc,/p/0/c42575f661971aca,2,200,2984566,185.436,20031.737,148992
1787863843991,0f7061f9-fd31-4bd6-0cb5-979a7ddca6d9,/p/0/c63cfd400064d0a2,1,200,165527,1544.741,30784.131,5377
1787863864697,2af96cdc-8de5-6d2c-119e-f20e21d67e40,/p/0/4d7de101794e4102,2,200,485497,535.524,10134.020,47908
1787863868234,bafd95e1-36da-f70c-7eb7-567a8285a997,/p/0/46eb11f898998e24,7,200,271930,321.219,6630.846,41010
1787863874005,6f28be06-2241-ab6a-249e-d2c0850bf6ef,/?crawl=213,0,200,337696,40.410,888.565,380046
1787863874170,8a50b563-1648-4a04-21d9-ab442e918806,/p/0/afe6faf8d1e78775,2,200,19846,206.864,752.759,26364
1787863864480,bc6309aa-de45-6235-08d5-785344a48df6,/p/0/2565d16c035564d5,4,200,412016,586.896,10516.806,39177
1787863841627,f4c9672a-6ce0-f42a-e39f-51b2afe334a8,/p/0/5af98eb59d03d0ff,2,200,3382835,293.353,33374.542,101360
1787863840900,f4c9672a-6ce0-f42a-e39f-51b2afe334a8,/p/0/ed11a6fb299abb15,1,200,4154174,45.241,34235.061,121343
1787863841627,f4c9672a-6ce0-f42a-e39f-51b2afe334a8,/p/0/5af98fb59d03d2b2,2,200,3893871,249.012,33511.184,116196
1787863824292,7ab6747e-fb0b-3e6f-7ae2-d551e68d149b,/p/9/91f45469bd89b744,2,200,4369211,533.505,51076.685,85542
1787863867858,120ced1e-c59a-2b23-8689-8d636792d612,/p/2/c81a133909fdf896,8,200,307847,339.324,7598.292,40515
1787863871461,67b4d634-4a77-c9bb-2083-831b1e05dfae,/p/0/ca24fb0185af54bc,6,200,234647,162.952,4141.987,56651
1787863867950,bc6309aa-de45-6235-08d5-785344a48df6,/p/0/2565d06c03556322,4,200,319275,572.010,7671.875,41616
1787863863802,0c37a758-cd17-8a3c-511e-c656ddac7b7a,/p/0/71fc9ec1a496a61e,12,200,432039,367.429,11857.294,36437
1787863874894,6f28be06-2241-ab6a-249e-d2c0850bf6ef,/p/0/f119de110f010ee9,1,200,137963,38.326,832.646,165692
1787863874077,8a50b563-1648-4a04-21d9-ab442e918806,/p/0/d08c677e7b74321b,1,200,125007,112.001,1798.559,69504
1787863871627,f8bb23bd-3d0b-5bdb-8e16-d25a93055de3,/p/0/f9c1f205bd4ce75e,6,200,2137928,45.983,4512.262,473804
1787863870158,3831d044-7f4f-bad5-fd7a-fd4263973745,/p/7/70e4f4778fb52269,4,200,2763257,127.685,6181.873,446994
1787863872571,119cccf6-b622-2b36-4137-bad4717c613d,/p/0/e329e498e28af034,2,200,343668,421.387,3811.004,90178
1787863874170,8a50b563-1648-4a04-21d9-ab442e918806,/p/0/afe6f7f8d1e7825c,2,200,229940,245.467,2375.080,96814
1787863872964,b317cab5-d797-fbff-2fc9-0c5bc691750d,/p/1/bf6827b88671a1d5,5,200,182490,376.766,3666.026,49779
1787863867778,903b88a3-81b1-b559-2c64-b9b84099c443,/p/0/c05242cc43e34a9,3,200,2632736,261.941,8915.979,295283
1787863872570,119cccf6-b622-2b36-4137-bad4717c613d,/p/0/e329e798e28af54d,2,200,424995,211.800,4130.207,102899
1787863862613,903b88a3-81b1-b559-2c64-b9b84099c443,/p/0/8acb6597394510ee,1,200,3645710,145.523,14093.319,258684
1787863867979,2af96cdc-8de5-6d2c-119e-f20e21d67e40,/p/0/dcba8979558b27cb,3,200,383800,386.996,8752.219,43852
1787863872964,b317cab5-d797-fbff-2fc9-0c5bc691750d,/p/0/bf6825b886719e6f,5,200,209452,258.388,3846.608,54451
1787863873322,f8bb23bd-3d0b-5bdb-8e16-d25a93055de3,/p/0/ab96351f506c2fd,9,200,2361567,48.894,3582.997,659104
1787863867778,903b88a3-81b1-b559-2c64-b9b84099c443,/p/0/c05212cc43e2f90,3,200,4117384,378.742,9334.683,441085
1787863870900,903b88a3-81b1-b559-2c64-b9b84099c443,/p/1/f285fcb3949107e9,4,200,3615816,267.347,6213.812,581900
1787863876340,3831d044-7f4f-bad5-fd7a-fd4263973745,/p/0/cede930eed420a9,5,200,192711,26.391,853.177,225875
1787863877114,903b88a3-81b1-b559-2c64-b9b84099c443,/p/0/bc4ba990c0f1c22d,5,200,79717,1.593,312.750,254891
1787863874894,6f28be06-2241-ab6a-249e-d2c0850bf6ef,/p/1/f119dd110f010d36,1,200,416972,113.909,2626.771,158739
1787863877114,903b88a3-81b1-b559-2c64-b9b84099c443,/p/0/bc4ba790c0f1bec7,5,200,465590,4.565,443.198,1050523
1787863876340,3831d044-7f4f-bad5-fd7a-fd4263973745,/p/0/cede630eed41b90,5,200,286753,26.515,1295.136,221408
1787863872570,119cccf6-b622-2b36-4137-bad4717c613d,/p/4/e329e598e28af1e7,2,200,386219,483.149,5071.493,76155
1787863867445,120ced1e-c59a-2b23-8689-8d636792d612,/p/0/453c1e44a15419b2,7,200,359415,547.184,10214.238,35188
1787863876340,3831d044-7f4f-bad5-fd7a-fd4263973745,/p/6/cede830eed41ef6,5,200,319413,140.462,1424.493,224229
1787863871461,67b4d634-4a77-c9bb-2083-831b1e05dfae,/p/4/ca24fc0185af566f,6,200,444504,80.859,6341.985,70089
1787863873144,f8bb23bd-3d0b-5bdb-8e16-d25a93055de3,/p/0/55de2c96247c805a,8,200,3850362,44.457,4669.459,824584
1787863817976,0adf6e44-7d0b-a3fa-4184-344ef9f96267,/p/11/654e6daa396f54b2,2,200,5524964,307.139,59862.803,92294
1787863877114,903b88a3-81b1-b559-2c64-b9b84099c443,/p/0/bc4ba690c0f1bd14,5,200,388299,443.258,749.346,518184
1787863866005,2a21400b-c481-8e9a-a6bb-9c49d4e1f2a3,/?crawl=208,0,200,5500021,30.476,11871.990,463277
1787863875006,39e8e142-4815-2f75-c747-10f37e32d9f2,/?crawl=214,0,200,3324527,52.853,2960.030,1123139
1787863875368,7ab6747e-fb0b-3e6f-7ae2-d551e68d149b,/p/0/7e0c8c6f4e4a4448,3,200,130374,417.024,2602.357,50098
1787863851771,a8c4f00c-d24a-4bda-04d2-d57e77e00d58,/p/0/f4853819908f20c0,5,200,3024351,202.843,26338.940,114824
1787863871104,34df3a87-dd38-0759-4136-efc1c50beb4e,/p/12/cbc8924dc708dc39,2,200,354932,615.364,7107.514,49938
1787863847146,ca70400d-f745-3880-3141-dba4adf04021,/p/0/a47560a838293d4b,5,200,4097858,445.805,31084.519,131830
1787863875456,120ced1e-c59a-2b23-8689-8d636792d612,/p/0/c81a143909fdfa49,8,200,55188,342.808,2896.111,19056
1787863877765,3831d044-7f4f-bad5-fd7a-fd4263973745,/p/0/7c8afffe3df48479,6,200,164548,25.245,829.324,198412
1787863858789,a8c4f00c-d24a-4bda-04d2-d57e77e00d58,/p/17/f6609c404bd62a84,7,200,2508691,331.389,19813.547,126615
1787863875368,7ab6747e-fb0b-3e6f-7ae2-d551e68d149b,/p/0/7e0c8f6f4e4a4961,3,200,113185,378.908,3478.217,32541
1787863877521,6f28be06-2241-ab6a-249e-d2c0850bf6ef,/p/0/a10cde4b6d71702a,2,200,72842,227.141,1419.922,51300
1787863873879,90fc6a6a-3c1a-33ad-19d8-0fcb13e85e3f,/p/0/ead0aefdac0643c7,3,200,289589,462.762,5327.672,54356
1787863817976,0adf6e44-7d0b-a3fa-4184-344ef9f96267,/p/0/654e6baa396f514c,2,200,6288687,307.152,61269.815,102639
1787863869005,ecc54919-5201-cf28-7866-a7194db63bc6,/?crawl=210,0,200,4793057,33.926,10550.961,454277
1787863877765,3831d044-7f4f-bad5-fd7a-fd4263973745,/p/0/7c8afcfe3df47f60,6,200,395456,222.584,1803.339,219291
1787863877521,6f28be06-2241-ab6a-249e-d2c0850bf6ef,/p/0/a10cdf4b6d7171dd,2,200,216703,226.872,2137.609,101376
1787863807006,4d20624d-f8ec-6728-1625-9458237c2d02,/?crawl=128,0,200,4532668,1006.917,72814.539,62249
1787863859836,ab950cc2-4e26-879b-fa20-2ad0899010a4,/p/0/6505c75870f5c79b,1,200,2395565,76.348,19986.068,119862
1787863869394,2fc881b1-4965-0c90-c64c-31e359409e84,/p/3/3d221120e6d93a55,1,200,5280996,306.060,10834.069,487443
1787863877521,6f28be06-2241-ab6a-249e-d2c0850bf6ef,/p/0/a10cdd4b6d716e77,2,200,305144,227.137,2709.188,112633
1787863853931,674b3643-4d8d-dc1b-d609-5f043d960d23,/p/0/af6db57a2d0f6fea,3,200,4799017,45.500,26392.404,181833
1787863851219,6c19452f-1822-65e9-d9b3-a41a12f08dc4,/p/0/d1f01f294e194f3e,2,200,5528387,339.239,29136.553,189741
1787863873879,90fc6a6a-3c1a-33ad-19d8-0fcb13e85e3f,/p/0/ead0affdac06457a,3,200,284582,495.376,6515.086,43680
1787863877839,0adf6e44-7d0b-a3fa-4184-344ef9f96267,/p/0/a6cac38a5552d5cf,3,200,184534,277.371,2784.575,66270
1787863879557,ecc54919-5201-cf28-7866-a7194db63bc6,/p/0/5daf86b37a661570,1,200,251276,64.514,1170.689,214639
1787863878602,a8c4f00c-d24a-4bda-04d2-d57e77e00d58,/p/16/1fb07bdb6fbe6c22,8,200,300732,40.688,2262.968,132893
1787863835729,46e4b993-5494-4211-729d-ad0a26608ec3,/p/0/b3303d8014c96187,1,200,294301,2.916,45142.283,6519
1787863874997,bc6309aa-de45-6235-08d5-785344a48df6,/p/0/2565cf6c0355616f,4,200,259105,373.704,6025.474,43002
1787863876630,b317cab5-d797-fbff-2fc9-0c5bc691750d,/p/0/4a4dd2e2f7633a60,6,200,224551,220.841,4403.369,50995
1787863864006,ae6694b7-fc85-ee7a-7564-72a9cce93f2f,/?crawl=207,0,200,5395628,47.623,17169.320,314260
1787863854647,7ffd1a58-a0ee-cd5b-448f-901c7bc981fc,/p/1/c42576f661971c7d,2,200,5816618,169.028,26575.030,218875
1787863881175,ae6694b7-fc85-ee7a-7564-72a9cce93f2f,/p/0/63f6bbdc100f267b,1,200,18830,43.528,86.976,216498
1787863877839,0adf6e44-7d0b-a3fa-4184-344ef9f96267,/p/0/a6cac48a5552d782,3,200,261615,277.376,3472.393,75341
1787863867713,555e144d-48f3-792e-af17-0cd1d594a499,/p/4/3cf0665ce38f4379,2,200,5392862,148.440,13618.418,395998
1787863877839,0adf6e44-7d0b-a3fa-4184-344ef9f96267,/p/10/a6cac28a5552d41c,3,200,362671,277.496,3527.747,102805
1787863881175,ae6694b7-fc85-ee7a-7564-72a9cce93f2f,/p/0/63f6bddc100f29e1,1,200,41195,87.025,217.377,189510
1787863822807,7ab6747e-fb0b-3e6f-7ae2-d551e68d149b,/p/0/5d9e967ab220d582,1,200,5070661,345.844,58861.159,86146
1787863879556,ecc54919-5201-cf28-7866-a7194db63bc6,/p/0/5daf89b37a661a89,1,200,382962,29.604,2232.340,171552
1787863881331,555e144d-48f3-792e-af17-0cd1d594a499,/p/0/42fc36e1dee376b1,3,200,126633,25.057,472.860,267803
1787863809954,bc6309aa-de45-6235-08d5-785344a48df6,/p/0/6e927e354fd47274,1,200,3758937,358.769,71862.476,52307
1787863881367,0adf6e44-7d0b-a3fa-4184-344ef9f96267,/p/9/7dc1d8c6d9068b36,4,200,61646,55.214,468.737,131515
1787863875368,7ab6747e-fb0b-3e6f-7ae2-d551e68d149b,/p/8/7e0c8e6f4e4a47ae,3,200,497360,417.090,6488.915,76648
1787863879557,ecc54919-5201-cf28-7866-a7194db63bc6,/p/2/5daf87b37a661723,1,200,435661,47.236,2340.372,186150
1787863868845,0f7061f9-fd31-4bd6-0cb5-979a7ddca6d9,/p/0/d3dd1b662f990c1a,2,200,201170,1284.262,13088.037,15371
1787863881331,555e144d-48f3-792e-af17-0cd1d594a499,/p/3/42fc35e1dee374fe,3,200,127104,104.826,721.040,176279
1787863880865,a8c4f00c-d24a-4bda-04d2-d57e77e00d58,/p/0/5e09b02393a3958a,9,200,99303,222.664,1204.981,82410
1787863882052,555e144d-48f3-792e-af17-0cd1d594a499,/p/0/257f8fe385ad5ea3,4,200,29430,127.703,259.085,113592
1787863847146,ca70400d-f745-3880-3141-dba4adf04021,/p/0/a47561a838293efe,5,200,5461547,445.844,35202.385,155147
1787863880865,a8c4f00c-d24a-4bda-04d2-d57e77e00d58,/p/0/5e09af2393a393d7,9,200,93801,201.720,1488.321,63025
1787863879820,4d20624d-f8ec-6728-1625-9458237c2d02,/p/0/c5c54aa12d10b072,1,200,233272,255.872,2937.416,79414
1787863881222,7ffd1a58-a0ee-cd5b-448f-901c7bc981fc,/p/0/edb1c6688fd5e6b7,3,200,296984,33.199,1811.385,163954
1787863878352,120ced1e-c59a-2b23-8689-8d636792d612,/p/1/92a21b8feb3c7f46,9,200,138294,376.310,4740.264,29174
1787863876811,b317cab5-d797-fbff-2fc9-0c5bc691750d,/p/0/4a4dd4e2f7633dc6,6,200,380855,274.816,6375.637,59736
1787863877966,39e8e142-4815-2f75-c747-10f37e32d9f2,/p/0/ab58dc29ccd1edbc,1,200,268596,90.136,5269.075,50976
1787863856632,674b3643-4d8d-dc1b-d609-5f043d960d23,/p/0/f15eabf3671e51bc,9,200,2850424,28.283,26634.324,107021
1787863881222,7ffd1a58-a0ee-cd5b-448f-901c7bc981fc,/p/0/edb1c8688fd5ea1d,3,200,332285,181.074,2057.498,161500
1787863860304,ab950cc2-4e26-879b-fa20-2ad0899010a4,/p/0/359d901a64552830,2,200,2851916,293.429,22978.134,124114
1787863881222,7ffd1a58-a0ee-cd5b-448f-901c7bc981fc,/p/0/edb1c7688fd5e86a,3,200,305754,164.583,2139.356,142919
1787863871104,34df3a87-dd38-0759-4136-efc1c50beb4e,/p/0/cbc8914dc708da86,2,200,470365,424.050,12311.370,38206
1787863877659,120ced1e-c59a-2b23-8689-8d636792d612,/p/0/c81a113909fdf530,8,200,256717,344.738,5778.964,44423
1787863811159,bc6309aa-de45-6235-08d5-785344a48df6,/p/0/9f0b80f65ef5d334,2,200,3380686,1297.465,72287.394,46767
1787863879820,4d20624d-f8ec-6728-1625-9458237c2d02,/p/2/c5c54ba12d10b225,1,200,382272,30.992,3629.710,105318
1787863879820,4d20624d-f8ec-6728-1625-9458237c2d02,/p/0/c5c549a12d10aebf,1,200,450216,30.960,3756.950,119835
1787863880228,2fc881b1-4965-0c90-c64c-31e359409e84,/p/2/64be921084a2916f,2,200,508333,39.460,3365.031,151063
1787863877803,67b4d634-4a77-c9bb-2083-831b1e05dfae,/p/0/a5098403e922e742,7,200,512144,488.482,5836.986,87741
1787863868845,0f7061f9-fd31-4bd6-0cb5-979a7ddca6d9,/p/15/d3dd19662f9908b4,2,200,210482,1835.903,14887.649,14138
1787863881897,ecc54919-5201-cf28-7866-a7194db63bc6,/p/0/c2590949793ea59e,2,200,252865,90.857,1986.795,127273
1787863883593,2fc881b1-4965-0c90-c64c-31e359409e84,/p/0/43d39973fb003280,3,200,8612,237.821,296.489,29047
1787863871104,34df3a87-dd38-0759-4136-efc1c50beb4e,/p/0/cbc8904dc708d8d3,2,200,489005,462.570,13118.412,37276
1787863883593,2fc881b1-4965-0c90-c64c-31e359409e84,/p/0/43d39c73fb003799,3,200,47009,316.820,655.297,71737
1787863881857,7ab6747e-fb0b-3e6f-7ae2-d551e68d149b,/p/0/76dfa57001b767ae,4,200,135568,76.202,2397.319,56550
1787863880865,a8c4f00c-d24a-4bda-04d2-d57e77e00d58,/p/15/5e09ae2393a39224,9,200,328687,201.728,3492.562,94111
1787863860304,ab950cc2-4e26-879b-fa20-2ad0899010a4,/p/4/359d911a645529e3,2,200,3348113,196.273,24281.554,137887
1787863856099,674b3643-4d8d-dc1b-d609-5f043d960d23,/p/0/5a89973edb079c86,7,200,3334794,15.237,28518.002,116936
1787863844733,b317cab5-d797-fbff-2fc9-0c5bc691750d,/p/0/767797dd0c02ee9e,1,200,4839611,39.312,39940.417,121171
1787863877966,39e8e142-4815-2f75-c747-10f37e32d9f2,/p/0/ab58df29ccd1f2d5,1,200,501353,692.120,6734.970,74440
1787863877966,39e8e142-4815-2f75-c747-10f37e32d9f2,/p/0/ab58dd29ccd1ef6f,1,200,430595,151.034,6827.503,63068
1787863871005,76683c64-5474-e38f-933a-17abba50e1e0,/?crawl=212,0,200,6180306,64.716,13912.408,444230
1787863809954,bc6309aa-de45-6235-08d5-785344a48df6,/p/0/6e9281354fd4778d,1,200,3624452,358.909,75055.141,48291
1787863881857,7ab6747e-fb0b-3e6f-7ae2-d551e68d149b,/p/7/76dfa37001b76448,4,200,200434,76.175,3201.334,62610
1787863881367,0adf6e44-7d0b-a3fa-4184-344ef9f96267,/p/0/7dc1d9c6d9068ce9,4,200,183591,84.489,3838.060,47834
1787863883093,120ced1e-c59a-2b23-8689-8d636792d612,/p/0/92a21c8feb3c80f9,9,200,90332,379.764,2441.047,37005
1787863874894,6f28be06-2241-ab6a-249e-d2c0850bf6ef,/p/0/f119db110f0109d0,1,200,2915719,55.797,10763.414,270892
1787863871461,67b4d634-4a77-c9bb-2083-831b1e05dfae,/p/0/ca24fe0185af59d5,6,200,3126644,243.286,14297.631,218683
1787863841074,90fc6a6a-3c1a-33ad-19d8-0fcb13e85e3f,/p/0/a750a813e76b9f01,1,200,5459611,66.515,44691.076,122163
1787863881857,7ab6747e-fb0b-3e6f-7ae2-d551e68d149b,/p/0/76dfa47001b765fb,4,200,341009,114.974,4086.930,83439
1787863885059,7ab6747e-fb0b-3e6f-7ae2-d551e68d149b,/p/0/fbea3b1ccc99e02e,5,200,28606,422.505,961.992,29736
1787863884358,a8c4f00c-d24a-4bda-04d2-d57e77e00d58,/p/0/e642548e19ab2db8,10,200,145623,227.678,1726.094,84366
1787863875006,03a6195b-c455-eb8f-4b2d-0000cbc5c95b,/?crawl=216,0,200,3068234,54.191,11082.862,276845
1787863877803,67b4d634-4a77-c9bb-2083-831b1e05dfae,/p/3/a5098203e922e3dc,7,200,4071095,775.079,8432.352,482795
1787863883450,4d20624d-f8ec-6728-1625-9458237c2d02,/p/1/6b0476cdd81288ed,2,200,313540,146.791,3173.978,98785
1787863883450,4d20624d-f8ec-6728-1625-9458237c2d02,/p/0/6b0475cdd812873a,2,200,289839,173.304,3197.510,90645
1787863881835,0adf6e44-7d0b-a3fa-4184-344ef9f96267,/p/8/87bdd95aab7ba12c,5,200,301754,331.262,4970.399,60710
1787863877803,67b4d634-4a77-c9bb-2083-831b1e05dfae,/p/0/a5098303e922e58f,7,200,5459376,527.997,9064.143,602305
1787863873879,90fc6a6a-3c1a-33ad-19d8-0fcb13e85e3f,/p/4/ead0b0fdac06472d,3,200,4987609,364.440,13085.694,381150
1787863881835,0adf6e44-7d0b-a3fa-4184-344ef9f96267,/p/0/87bdda5aab7ba2df,5,200,244367,304.326,5137.350,47567
1787863886236,67b4d634-4a77-c9bb-2083-831b1e05dfae,/p/0/b6df05d5763c32f8,8,0,249935,632.528,769.896,324635
1787863886236,67b4d634-4a77-c9bb-2083-831b1e05dfae,/p/0/b6df08d5763c3811,8,0,190687,639.820,770.130,247604
1787863886236,67b4d634-4a77-c9bb-2083-831b1e05dfae,/p/2/b6df06d5763c34ab,8,0,370528,631.972,770.134,481122
1787863805005,4420ecde-d4e8-089d-e47c-3e4a25dd56d8,/?crawl=124,0,200,2615418,313.595,82257.144,31796
1787863877765,3831d044-7f4f-bad5-fd7a-fd4263973745,/p/5/7c8afdfe3df48113,6,200,4856820,222.635,9563.277,507861
1787863878212,34df3a87-dd38-0759-4136-efc1c50beb4e,/p/0/6664018bdc3da4,3,200,362613,536.485,9210.978,39367
1787863886965,90fc6a6a-3c1a-33ad-19d8-0fcb13e85e3f,/p/3/afce90494d7c195e,4,200,218827,3.691,557.006,392863
1787863886965,90fc6a6a-3c1a-33ad-19d8-0fcb13e85e3f,/p/0/afce91494d7c1b11,4,200,377213,3.107,586.480,643181
1787863887328,3831d044-7f4f-bad5-fd7a-fd4263973745,/p/0/e8ceb808e1481957,7,200,108532,25.941,432.443,250974
1787863884358,a8c4f00c-d24a-4bda-04d2-d57e77e00d58,/p/0/e642578e19ab32d1,10,200,186264,249.724,3502.007,53188
1787863871565,907ef421-22fa-5091-3bfc-f7299376b357,/p/0/753228d60015f96d,2,200,2281543,35.451,16570.025,137691
1787863886089,03a6195b-c455-eb8f-4b2d-0000cbc5c95b,/p/4/d22d87e4f607db95,1,200,244209,52.733,2131.696,114561
1787863885534,120ced1e-c59a-2b23-8689-8d636792d612,/p/0/3b7a56e2102d6997,10,200,91832,448.527,2825.477,32501
1787863881835,0adf6e44-7d0b-a3fa-4184-344ef9f96267,/p/0/87bddb5aab7ba492,5,200,423666,276.074,6905.367,61353
1787863887522,90fc6a6a-3c1a-33ad-19d8-0fcb13e85e3f,/p/2/8ba7f3837ecafc69,5,200,408130,684.589,1225.780,332955
1787863885059,7ab6747e-fb0b-3e6f-7ae2-d551e68d149b,/p/0/fbea3a1ccc99de7b,5,200,347915,383.199,3829.511,90851
1787863856199,0c37a758-cd17-8a3c-511e-c656ddac7b7a,/p/0/f603f2063b83a112,10,0,1483495,379.820,32806.719,45219
1787863857951,0c37a758-cd17-8a3c-511e-c656ddac7b7a,/p/0/42a438b52e3dd83f,11,0,1515499,458.328,31054.531,48801
1787863830084,0c37a758-cd17-8a3c-511e-c656ddac7b7a,/p/0/c3a7a1cea8986ad0,7,0,4719387,1587.796,58922.337,80095
1787863887328,3831d044-7f4f-bad5-fd7a-fd4263973745,/p/0/e8ceb908e1481b0a,7,200,449198,77.750,1768.302,254028
1787863883450,4d20624d-f8ec-6728-1625-9458237c2d02,/p/0/6b0474cdd8128587,2,200,518821,146.859,5676.415,91399
1787863884358,a8c4f00c-d24a-4bda-04d2-d57e77e00d58,/p/14/e642568e19ab311e,10,200,378388,207.794,4857.498,77898
1787863887328,3831d044-7f4f-bad5-fd7a-fd4263973745,/p/4/e8ceb708e14817a4,7,200,505211,77.672,1895.710,266502
1787863889224,3831d044-7f4f-bad5-fd7a-fd4263973745,/p/0/1dd46af635bba72,8,200,46629,25.265,139.109,335198
1787863884585,ab950cc2-4e26-879b-fa20-2ad0899010a4,/p/0/8d852cbe69abfdce,3,200,520449,195.515,4825.703,107849
1787863885059,7ab6747e-fb0b-3e6f-7ae2-d551e68d149b,/p/6/fbea391ccc99dcc8,5,200,361657,503.887,4402.330,82151
1787863889224,3831d044-7f4f-bad5-fd7a-fd4263973745,/p/0/1dd45af635bb8bf,8,200,87313,75.118,402.727,216804
1787863888220,03a6195b-c455-eb8f-4b2d-0000cbc5c95b,/p/3/653416902352b64,2,200,54208,338.797,1545.098,35084
1787863889224,3831d044-7f4f-bad5-fd7a-fd4263973745,/p/3/1dd44af635bb70c,8,200,217641,126.828,621.503,350185
1787863887522,90fc6a6a-3c1a-33ad-19d8-0fcb13e85e3f,/p/0/8ba7f1837ecaf903,5,200,243405,684.722,2349.836,103584
1787863886806,0adf6e44-7d0b-a3fa-4184-344ef9f96267,/p/7/c917eebcc61fcf28,6,200,173137,385.793,3216.924,53821
1787863886965,90fc6a6a-3c1a-33ad-19d8-0fcb13e85e3f,/p/0/afce8e494d7c15f8,4,200,3614552,3.706,3196.415,1130814
1787863889215,a8c4f00c-d24a-4bda-04d2-d57e77e00d58,/p/13/d6673fb91763b790,11,200,25238,587.409,946.465,26666
1787863886089,03a6195b-c455-eb8f-4b2d-0000cbc5c95b,/p/0/d22d86e4f607d9e2,1,200,328259,420.702,4206.276,78040
1787863889846,3831d044-7f4f-bad5-fd7a-fd4263973745,/p/2/47d02a1febcd8f28,9,200,148421,37.321,540.598,274550
1787863889846,3831d044-7f4f-bad5-fd7a-fd4263973745,/p/0/47d02b1febcd90db,9,200,140173,102.067,628.525,223019
1787863888748,90fc6a6a-3c1a-33ad-19d8-0fcb13e85e3f,/p/0/7568e75b6f6eed97,6,200,478942,1243.996,1756.795,272623
1787863886624,4d20624d-f8ec-6728-1625-9458237c2d02,/p/0/d475d9ccae6d4718,3,200,340319,253.814,4044.415,84145
1787863890023,0adf6e44-7d0b-a3fa-4184-344ef9f96267,/p/0/2806a9011d0f7e5d,7,200,27682,482.246,730.714,37883
1787863856354,bc6309aa-de45-6235-08d5-785344a48df6,/p/0/932eb7bbe79f010d,3,200,2696130,514.786,34411.869,78349
1787863889846,3831d044-7f4f-bad5-fd7a-fd4263973745,/p/0/47d02c1febcd928e,9,200,174875,25.019,1402.160,124718
1787863890386,3831d044-7f4f-bad5-fd7a-fd4263973745,/p/1/25d42e58969fbc38,10,200,145362,190.167,1153.130,126059
1787863871084,90f2f8a9-5906-ecb7-323b-0547e1f5e43c,/p/0/c764a951520a2267,2,200,322801,1523.159,20516.963,15733
1787863881175,ae6694b7-fc85-ee7a-7564-72a9cce93f2f,/p/0/63f6badc100f24c8,1,200,3743025,217.298,10439.279,358552
1787863890162,a8c4f00c-d24a-4bda-04d2-d57e77e00d58,/p/0/7208ef585bb57dce,12,200,201725,242.978,1468.406,137377
1787863886624,4d20624d-f8ec-6728-1625-9458237c2d02,/p/0/d475daccae6d48cb,3,200,468139,277.036,5273.377,88774
1787863886624,4d20624d-f8ec-6728-1625-9458237c2d02,/p/0/d475dbccae6d4a7e,3,200,435698,277.167,5294.946,82286
1787863890162,a8c4f00c-d24a-4bda-04d2-d57e77e00d58,/p/12/7208f0585bb57f81,12,200,440799,263.974,1833.186,240455
1787863848774,24b80c56-940b-dd2a-e829-daced55fdd89,/p/0/37315a8e59a9e9d3,2,200,2156772,1269.605,43279.639,49833
1787863891540,3831d044-7f4f-bad5-fd7a-fd4263973745,/p/0/8050c96b0a6efb82,11,200,29720,179.907,706.669,42056
1787863890386,3831d044-7f4f-bad5-fd7a-fd4263973745,/p/0/25d43058969fbf9e,10,200,292311,139.947,1885.331,155045
1787863858066,cb281ec2-3b1b-aeed-ab80-c2596123e147,/p/0/5e82f3c5de171508,7,200,3477238,280.304,34352.471,101222
1787863888748,90fc6a6a-3c1a-33ad-19d8-0fcb13e85e3f,/p/0/7568e85b6f6eef4a,6,200,3643554,1243.430,3894.378,935593
1787863891539,3831d044-7f4f-bad5-fd7a-fd4263973745,/p/0/8050c86b0a6ef9cf,11,200,157995,180.036,1154.070,136902
1787863874077,8a50b563-1648-4a04-21d9-ab442e918806,/p/0/d08c687e7b7433ce,1,200,3418244,92.683,18749.420,182312
1787863883733,0f7061f9-fd31-4bd6-0cb5-979a7ddca6d9,/p/0/b0a0c87e31d227d3,3,200,80404,1690.786,9192.773,8746
1787863891540,3831d044-7f4f-bad5-fd7a-fd4263973745,/p/0/8050ca6b0a6efd35,11,200,296213,155.984,1457.517,203231
1787863890386,3831d044-7f4f-bad5-fd7a-fd4263973745,/p/0/25d42f58969fbdeb,10,200,472062,164.760,2708.832,174268
1787863888748,90fc6a6a-3c1a-33ad-19d8-0fcb13e85e3f,/p/1/7568e95b6f6ef0fd,6,200,3992964,1243.396,4602.765,867514
1787863887522,90fc6a6a-3c1a-33ad-19d8-0fcb13e85e3f,/p/0/8ba7f2837ecafab6,5,200,6113619,684.185,5838.653,1047094
1787863814937,19094743-d5cd-03d4-f199-102cac3ea8f7,/p/0/47bdd27a269e849b,1,200,5625582,553.076,78793.837,71396
1787863893351,90fc6a6a-3c1a-33ad-19d8-0fcb13e85e3f,/p/0/e8d09cae8aeaafc2,7,200,372235,10.326,662.803,561607
1787863893351,90fc6a6a-3c1a-33ad-19d8-0fcb13e85e3f,/p/0/e8d09dae8aeab175,7,200,216287,30.447,664.635,325422
1787863863743,cb281ec2-3b1b-aeed-ab80-c2596123e147,/p/2/c9494fc83033c5f8,9,200,4015621,359.916,30373.973,132206
1787863890023,0adf6e44-7d0b-a3fa-4184-344ef9f96267,/p/6/2806a8011d0f7caa,7,200,144140,426.326,4214.656,34200
1787863883438,120ced1e-c59a-2b23-8689-8d636792d612,/p/0/92a2198feb3c7be0,9,200,295471,414.096,10809.142,27335
1787863868653,c34b567c-f775-3a12-e63b-04a9ecab912f,/p/0/bbfa6f85812b9ab7,6,200,4169445,845.567,25613.088,162786
1787863814937,19094743-d5cd-03d4-f199-102cac3ea8f7,/p/8/47bdd47a269e8801,1,200,6077524,182.223,79361.406,76580
1787863835729,46e4b993-5494-4211-729d-ad0a26608ec3,/p/0/b3303e8014c9633a,1,200,410651,1.373,58626.805,7004
1787863889461,7ab6747e-fb0b-3e6f-7ae2-d551e68d149b,/p/0/1e5904c1b2f11be0,6,200,309792,75.422,4952.947,62547
1787863894298,19094743-d5cd-03d4-f199-102cac3ea8f7,/p/0/609f441bb252cb74,2,200,68714,1.318,190.901,359946
1787863886806,0adf6e44-7d0b-a3fa-4184-344ef9f96267,/p/0/c917f0bcc61fd28e,6,200,446429,302.613,7819.460,57092
1787863858066,cb281ec2-3b1b-aeed-ab80-c2596123e147,/p/0/5e82f6c5de171a21,7,200,5741698,364.794,36698.823,156455
1787863878602,a8c4f00c-d24a-4bda-04d2-d57e77e00d58,/p/0/1fb07cdb6fbe6dd5,8,200,3502748,183.548,16261.323,215404
1787863871084,90f2f8a9-5906-ecb7-323b-0547e1f5e43c,/p/1/c764a851520a20b4,2,0,476386,131.231,23921.862,19914
1787863871084,90f2f8a9-5906-ecb7-323b-0547e1f5e43c,/p/0/c764aa51520a241a,2,0,454307,1523.171,23922.335,18991
1787863894864,a8c4f00c-d24a-4bda-04d2-d57e77e00d58,/p/0/23755c8ac5c97bd1,13,0,0,149.310,0.000,0
1787863878602,a8c4f00c-d24a-4bda-04d2-d57e77e00d58,/p/0/1fb079db6fbe68bc,8,0,3847079,204.446,16410.836,234423
1787863895013,a8c4f00c-d24a-4bda-04d2-d57e77e00d58,/p/0/2375598ac5c976b8,13,0,0,0.020,0.000,0
1787863889215,a8c4f00c-d24a-4bda-04d2-d57e77e00d58,/p/0/d66741b91763baf6,11,0,2516315,246.243,5798.027,433995
1787863889215,a8c4f00c-d24a-4bda-04d2-d57e77e00d58,/p/0/d66740b91763b943,11,0,2378955,566.853,5798.277,410287
1787863891995,a8c4f00c-d24a-4bda-04d2-d57e77e00d58,/p/11/23755b8ac5c97a1e,13,0,1296319,330.298,3018.558,429450
1787863891630,a8c4f00c-d24a-4bda-04d2-d57e77e00d58,/p/0/7208ee585bb57c1b,12,0,2013547,371.972,3383.425,595121
1787863894117,cb281ec2-3b1b-aeed-ab80-c2596123e147,/p/1/23f6b9b22ece5df2,10,200,393445,647.819,995.491,395227
1787863889765,03a6195b-c455-eb8f-4b2d-0000cbc5c95b,/p/2/db1773e3ce64804a,3,200,215469,425.305,5410.327,39826
1787863886806,0adf6e44-7d0b-a3fa-4184-344ef9f96267,/p/0/c917efbcc61fd0db,6,200,507593,468.350,8657.863,58628
1787863888220,03a6195b-c455-eb8f-4b2d-0000cbc5c95b,/p/0/653426902352d17,2,200,423004,312.312,7587.658,55749
1787863888359,120ced1e-c59a-2b23-8689-8d636792d612,/p/0/3b7a55e2102d67e4,10,200,208518,342.595,7846.800,26574
1787863874170,8a50b563-1648-4a04-21d9-ab442e918806,/p/7/afe6f8f8d1e7840f,2,200,4521419,188.629,22050.537,205048
1787863895113,cb281ec2-3b1b-aeed-ab80-c2596123e147,/p/0/f059e5be5417a62d,11,200,395337,638.007,1194.047,331090
1787863894117,cb281ec2-3b1b-aeed-ab80-c2596123e147,/p/0/23f6b7b22ece5a8c,10,200,2253630,647.949,2202.809,1023071
1787863889461,7ab6747e-fb0b-3e6f-7ae2-d551e68d149b,/p/0/1e5907c1b2f120f9,6,200,374122,229.277,7034.556,53183
1787863856179,46e4b993-5494-4211-729d-ad0a26608ec3,/p/0/9d98f7a5e07a26ca,2,200,377973,2743.499,40435.313,9348
1787863848774,24b80c56-940b-dd2a-e829-daced55fdd89,/p/0/37315b8e59a9eb86,2,200,2638711,1067.159,48303.580,54628
1787863829397,120ced1e-c59a-2b23-8689-8d636792d612,/p/0/6b191b22300ce020,1,200,2446200,68.234,67808.063,36075
1787863894247,120ced1e-c59a-2b23-8689-8d636792d612,/p/0/3b7a58e2102d6cfd,10,200,170448,445.951,3129.894,54458
1787863896221,8a50b563-1648-4a04-21d9-ab442e918806,/p/0/4b6ce72f592653ed,3,200,151319,112.435,1198.997,126205
1787863893351,90fc6a6a-3c1a-33ad-19d8-0fcb13e85e3f,/p/0/e8d09aae8aeaac5c,7,200,4699576,27.608,4076.548,1152832
1787863896221,8a50b563-1648-4a04-21d9-ab442e918806,/p/6/4b6ce52f59265087,3,200,172044,93.366,1422.141,120975
1787863875006,ea97f938-ed03-89b8-e26c-c8680fea4b9e,/?crawl=215,0,200,395131,888.701,22668.325,17431
1787863896221,8a50b563-1648-4a04-21d9-ab442e918806,/p/0/4b6ce42f59264ed4,3,200,284351,37.318,1590.638,178765
1787863839565,120ced1e-c59a-2b23-8689-8d636792d612,/p/0/2e116a351fcbc9f7,4,200,2429011,411.337,58951.601,41203
1787863888220,03a6195b-c455-eb8f-4b2d-0000cbc5c95b,/p/0/653436902352eca,2,200,434708,338.903,10695.100,40646
1787863895176,03a6195b-c455-eb8f-4b2d-0000cbc5c95b,/p/1/f96e37af5442ad8e,4,200,130653,735.848,3765.628,34696
1787863856180,46e4b993-5494-4211-729d-ad0a26608ec3,/p/0/9d98f6a5e07a2517,2,200,451745,2587.712,42796.827,10556
1787863867000,b317cab5-d797-fbff-2fc9-0c5bc691750d,/p/0/e03388b9adead886,4,200,3202129,255.999,32117.407,99701
1787863840183,120ced1e-c59a-2b23-8689-8d636792d612,/p/0/2e116b351fcbcbaa,4,200,3665044,411.404,59109.981,62004
1787863881897,ecc54919-5201-cf28-7866-a7194db63bc6,/p/1/c2590749793ea238,2,200,3788296,76.297,17405.652,217647
1787863881897,ecc54919-5201-cf28-7866-a7194db63bc6,/p/0/c2590849793ea3eb,2,200,3690962,32.232,17435.670,211690
1787863899303,ecc54919-5201-cf28-7866-a7194db63bc6,/p/0/4c65a2c271c58795,3,200,31593,61.777,285.041,110837
1787863899303,ecc54919-5201-cf28-7866-a7194db63bc6,/p/0/4c65a0c271c5842f,3,200,69510,45.890,331.544,209655
1787863894238,0adf6e44-7d0b-a3fa-4184-344ef9f96267,/p/5/734299a3bc07b52a,8,200,327661,331.651,5892.646,55605
1787863897643,8a50b563-1648-4a04-21d9-ab442e918806,/p/5/90dd7c40d578fcee,4,200,259301,226.186,2490.314,104124
1787863890295,03a6195b-c455-eb8f-4b2d-0000cbc5c95b,/p/0/db1771e3ce647ce4,3,200,466724,718.433,9991.731,46711
1787863846626,120ced1e-c59a-2b23-8689-8d636792d612,/p/0/34160c2b6b8546bf,5,200,5929426,517.348,53723.246,110370
1787863900133,8a50b563-1648-4a04-21d9-ab442e918806,/p/0/a07cd9712b10293c,5,200,16450,186.669,336.839,48836
1787863889765,03a6195b-c455-eb8f-4b2d-0000cbc5c95b,/p/0/db1774e3ce6481fd,3,200,421286,392.991,10732.014,39255
1787863899303,ecc54919-5201-cf28-7866-a7194db63bc6,/p/0/4c65a1c271c585e2,3,200,432593,139.428,1212.504,356777
1787863894298,19094743-d5cd-03d4-f199-102cac3ea8f7,/p/7/609f451bb252cd27,2,200,5144357,7.700,6814.969,754861
1787863901113,19094743-d5cd-03d4-f199-102cac3ea8f7,/p/0/6ef6466eb61349a7,3,200,30935,34.834,64.167,482102
1787863894238,0adf6e44-7d0b-a3fa-4184-344ef9f96267,/p/0/73429aa3bc07b6dd,8,200,367955,617.456,7107.439,51770
1787863890023,0adf6e44-7d0b-a3fa-4184-344ef9f96267,/p/0/2806a6011d0f7944,7,200,382879,510.299,11404.792,33572
1787863894298,19094743-d5cd-03d4-f199-102cac3ea8f7,/p/0/609f471bb252d08d,2,200,5894094,7.704,7356.019,801261
1787863901113,19094743-d5cd-03d4-f199-102cac3ea8f7,/p/0/6ef6476eb6134b5a,3,200,440684,32.341,556.675,791637
1787863900130,0adf6e44-7d0b-a3fa-4184-344ef9f96267,/p/4/3ff9cbde97de334,9,200,110438,413.114,2167.121,50961
1787863894625,0adf6e44-7d0b-a3fa-4184-344ef9f96267,/p/0/734297a3bc07b1c4,8,200,354303,332.036,7675.088,46163
1787863900130,0adf6e44-7d0b-a3fa-4184-344ef9f96267,/p/0/3ff9dbde97de4e7,9,200,479302,385.654,2195.637,218297
1787863884585,ab950cc2-4e26-879b-fa20-2ad0899010a4,/p/3/8d852dbe69abff81,3,200,4932718,37.675,17797.837,277153
1787863884585,ab950cc2-4e26-879b-fa20-2ad0899010a4,/p/0/8d852bbe69abfc1b,3,200,5136437,97.611,17908.143,286821
1787863902383,ab950cc2-4e26-879b-fa20-2ad0899010a4,/p/0/a86cc8481d887764,4,200,81367,111.007,118.392,687269
1787863902298,0adf6e44-7d0b-a3fa-4184-344ef9f96267,/p/3/76719663638e6d02,10,200,8051,259.691,259.871,30981
1787863902383,ab950cc2-4e26-879b-fa20-2ad0899010a4,/p/0/a86ccb481d887c7d,4,200,148647,110.533,251.354,591385
1787863902383,ab950cc2-4e26-879b-fa20-2ad0899010a4,/p/2/a86cc9481d887917,4,200,333701,110.347,251.675,1325918
1787863902635,ab950cc2-4e26-879b-fa20-2ad0899010a4,/p/1/edca6c420b54f2d0,5,200,94847,2.275,316.948,299251
1787863902635,ab950cc2-4e26-879b-fa20-2ad0899010a4,/p/0/edca6e420b54f636,5,200,433974,2.191,324.788,1336175
1787863902297,0adf6e44-7d0b-a3fa-4184-344ef9f96267,/p/0/76719763638e6eb5,10,200,242574,259.157,750.432,323246
1787863902300,0adf6e44-7d0b-a3fa-4184-344ef9f96267,/p/0/76719463638e699c,10,200,488143,258.746,748.121,652492
1787863902635,ab950cc2-4e26-879b-fa20-2ad0899010a4,/p/0/edca6d420b54f483,5,200,414045,2.268,641.692,645239
1787863902952,ab950cc2-4e26-879b-fa20-2ad0899010a4,/p/0/a37d759ba4deb17f,6,200,136438,325.115,330.072,413359
1787863902952,ab950cc2-4e26-879b-fa20-2ad0899010a4,/p/0/a37d749ba4deafcc,6,200,516020,324.666,338.330,1525197
1787863901113,19094743-d5cd-03d4-f199-102cac3ea8f7,/p/6/6ef6456eb61347f4,3,200,4800776,32.322,2274.264,2110914
1787863865270,34df3a87-dd38-0759-4136-efc1c50beb4e,/p/0/9e1ed3aa09de4b1,1,200,2157778,207.205,38287.883,56357
1787863895808,03a6195b-c455-eb8f-4b2d-0000cbc5c95b,/p/0/f96e38af5442af41,4,200,379689,262.485,7904.552,48034
1787863903388,19094743-d5cd-03d4-f199-102cac3ea8f7,/p/5/9360b92dfaccd72b,4,200,350918,16.095,432.441,811482
1787863882052,555e144d-48f3-792e-af17-0cd1d594a499,/p/0/257f90e385ad6056,4,200,3908147,127.711,21860.666,178775
1787863903387,19094743-d5cd-03d4-f199-102cac3ea8f7,/p/0/9360bb2dfaccda91,4,200,520749,3.103,603.674,862633
1787863903820,19094743-d5cd-03d4-f199-102cac3ea8f7,/p/0/ee3f9c547c9b8aa5,5,200,93772,34.477,187.227,500845
1787863903820,19094743-d5cd-03d4-f199-102cac3ea8f7,/p/0/ee3f99547c9b858c,5,200,77294,31.081,193.219,400032
1787863839401,ad379f4d-5f87-0db1-30e3-b28eb24df494,/p/3/538e7a28a807b8eb,2,200,4409942,469.598,64649.015,68214
1787863883733,0f7061f9-fd31-4bd6-0cb5-979a7ddca6d9,/p/14/b0a0c77e31d22620,3,200,228759,2517.485,20509.547,11154
1787863900133,8a50b563-1648-4a04-21d9-ab442e918806,/p/0/a07cdc712b102e55,5,200,414590,186.620,4232.145,97962
1787863871565,907ef421-22fa-5091-3bfc-f7299376b357,/p/0/753225d60015f454,2,200,5631576,179.685,32964.256,170839
1787863902952,ab950cc2-4e26-879b-fa20-2ad0899010a4,/p/0/a37d779ba4deb4e5,6,200,2986227,325.033,1654.768,1804620
1787863900133,8a50b563-1648-4a04-21d9-ab442e918806,/p/4/a07cdb712b102ca2,5,200,403354,205.110,4663.729,86487
1787863900287,03a6195b-c455-eb8f-4b2d-0000cbc5c95b,/p/0/5c94bc921e87e913,5,200,241456,263.860,4848.283,49802
1787863904050,ad379f4d-5f87-0db1-30e3-b28eb24df494,/p/0/1706ccd584a0964c,3,0,8167,686.181,1103.791,7399
1787863839401,ad379f4d-5f87-0db1-30e3-b28eb24df494,/p/0/538e7c28a807bc51,2,0,4459619,146.329,65752.830,67824
1787863904050,ad379f4d-5f87-0db1-30e3-b28eb24df494,/p/2/1706ced584a099b2,3,0,6072,889.920,1103.801,5501
1787863904050,ad379f4d-5f87-0db1-30e3-b28eb24df494,/p/0/1706cfd584a09b65,3,0,9311,753.870,1103.810,8435
1787863872964,b317cab5-d797-fbff-2fc9-0c5bc691750d,/p/0/bf6826b88671a022,5,200,4475574,216.722,32257.987,138743
1787863871565,907ef421-22fa-5091-3bfc-f7299376b357,/p/12/753227d60015f7ba,2,200,5785877,35.437,33793.429,171213
1787863887263,4420ecde-d4e8-089d-e47c-3e4a25dd56d8,/p/14/136ea1177f7c8a71,1,200,266678,915.639,18351.776,14531
1787863905359,907ef421-22fa-5091-3bfc-f7299376b357,/p/11/db67257155dd4060,3,200,47037,48.412,308.255,152591
1787863887263,4420ecde-d4e8-089d-e47c-3e4a25dd56d8,/p/0/136ea0177f7c88be,1,200,443021,307.870,18502.494,23944
1787863881331,555e144d-48f3-792e-af17-0cd1d594a499,/p/0/42fc33e1dee37198,3,200,4553282,104.806,24460.018,186152
1787863903388,19094743-d5cd-03d4-f199-102cac3ea8f7,/p/0/9360b82dfaccd578,4,200,2796094,32.820,2506.214,1115665
1787863882052,555e144d-48f3-792e-af17-0cd1d594a499,/p/2/257f8ee385ad5cf0,4,200,5000331,152.834,23970.870,208600
1787863904242,0f7061f9-fd31-4bd6-0cb5-979a7ddca6d9,/p/13/7cbf20d9b500aaaf,4,200,5392,1654.455,1804.181,2989
1787863906023,555e144d-48f3-792e-af17-0cd1d594a499,/p/1/e21c0583fbdd95d4,5,200,196165,25.156,799.708,245296
1787863903820,19094743-d5cd-03d4-f199-102cac3ea8f7,/p/4/ee3f9a547c9b873f,5,200,5608974,31.102,3298.622,1700399
1787863907119,19094743-d5cd-03d4-f199-102cac3ea8f7,/p/0/d59302c8f943ba53,6,200,428594,3.165,443.326,966769
1787863907119,19094743-d5cd-03d4-f199-102cac3ea8f7,/p/0/d59303c8f943bc06,6,200,412999,28.506,461.696,894525
1787863904797,8a50b563-1648-4a04-21d9-ab442e918806,/p/0/82a21b380e7b823a,6,200,176558,206.805,2932.068,60216
1787863906023,555e144d-48f3-792e-af17-0cd1d594a499,/p/0/e21c0783fbdd993a,5,200,262428,128.317,1812.809,144763
1787863905359,907ef421-22fa-5091-3bfc-f7299376b357,/p/0/db67277155dd43c6,3,200,232741,131.799,2516.827,92474
1787863860127,24b80c56-940b-dd2a-e829-daced55fdd89,/p/5/24261f2d27dae11d,4,200,5074412,400.212,47825.847,106102
1787863904797,8a50b563-1648-4a04-21d9-ab442e918806,/p/0/82a21a380e7b8087,6,200,185380,206.906,3157.747,58706
1787863907953,24b80c56-940b-dd2a-e829-daced55fdd89,/p/4/896be536d027db68,5,200,14773,311.427,497.268,29708
1787863877642,119cccf6-b622-2b36-4137-bad4717c613d,/p/0/15ea89f3bdfc7849,3,200,2876088,224.289,31116.742,92429
1787863900497,03a6195b-c455-eb8f-4b2d-0000cbc5c95b,/p/0/5c94bd921e87eac6,5,200,363816,288.745,8332.536,43662
1787863906823,555e144d-48f3-792e-af17-0cd1d594a499,/p/0/4e8413005cef87a3,6,200,311540,140.985,2851.158,109268
1787863877642,119cccf6-b622-2b36-4137-bad4717c613d,/p/3/15ea88f3bdfc7696,3,200,4418941,224.462,32151.988,137439
1787863871657,119cccf6-b622-2b36-4137-bad4717c613d,/p/0/ca453455e5cb2476,1,200,5897490,277.489,38173.332,154492
1787863877642,119cccf6-b622-2b36-4137-bad4717c613d,/p/0/15ea86f3bdfc7330,3,200,5585321,203.599,32211.279,173396
1787863905667,907ef421-22fa-5091-3bfc-f7299376b357,/p/0/c10bb9fbdf2db1d,4,200,362283,174.054,4192.825,86405
1787863905667,907ef421-22fa-5091-3bfc-f7299376b357,/p/10/c10b99fbdf2d7b7,4,200,365077,190.417,4192.818,87072
1787863905667,907ef421-22fa-5091-3bfc-f7299376b357,/p/0/c10b89fbdf2d604,4,200,391326,174.060,4265.324,91746
1787863867979,2af96cdc-8de5-6d2c-119e-f20e21d67e40,/p/2/dcba8b79558b2b31,3,200,3899064,695.848,42004.687,92824
1787863906823,555e144d-48f3-792e-af17-0cd1d594a499,/p/0/4e8415005cef8b09,6,200,392560,140.940,3507.127,111932
1787863905614,4420ecde-d4e8-089d-e47c-3e4a25dd56d8,/p/0/e27cd80690d6780e,2,200,441387,251.839,5020.698,87913
1787863909984,2af96cdc-8de5-6d2c-119e-f20e21d67e40,/p/1/c9f096c24f0e7b7d,4,200,311384,350.585,886.935,351079
1787863909984,2af96cdc-8de5-6d2c-119e-f20e21d67e40,/p/0/c9f094c24f0e7817,4,200,429460,350.538,889.572,482771
1787863861603,2af96cdc-8de5-6d2c-119e-f20e21d67e40,/p/0/f7611239a4aa1e41,1,200,5346041,117.909,49271.999,108501
1787863909794,119cccf6-b622-2b36-4137-bad4717c613d,/p/0/551e4166752fdd85,4,200,226257,59.017,1137.424,198921
1787863909794,119cccf6-b622-2b36-4137-bad4717c613d,/p/2/551e4066752fdbd2,4,200,514689,59.199,1140.171,451414
1787863909794,119cccf6-b622-2b36-4137-bad4717c613d,/p/0/551e3e66752fd86c,4,200,474546,59.701,1143.159,415118
1787863910871,2af96cdc-8de5-6d2c-119e-f20e21d67e40,/p/0/e5c0e4a67a47949f,5,200,232135,31.418,288.896,803526
1787863910935,119cccf6-b622-2b36-4137-bad4717c613d,/p/1/534b27d5fdc1eafb,5,200,48244,77.637,349.005,138233
1787863905614,4420ecde-d4e8-089d-e47c-3e4a25dd56d8,/p/0/e27cd70690d6765b,2,200,517476,251.863,5903.477,87656
1787863907953,24b80c56-940b-dd2a-e829-daced55fdd89,/p/0/896be736d027dece,5,200,165664,341.918,3788.055,43733
1787863867979,2af96cdc-8de5-6d2c-119e-f20e21d67e40,/p/0/dcba8a79558b297e,3,200,6186283,542.251,43813.835,141195
1787863910935,119cccf6-b622-2b36-4137-bad4717c613d,/p/0/534b29d5fdc1ee61,5,200,73294,140.400,898.836,81543
1787863903048,0adf6e44-7d0b-a3fa-4184-344ef9f96267,/p/0/b820f4dbb6f4cff5,11,200,247606,1690.439,9095.128,27224
1787863878212,34df3a87-dd38-0759-4136-efc1c50beb4e,/p/11/6666018bdc410a,3,200,2126260,382.017,34014.614,62510
1787863909860,907ef421-22fa-5091-3bfc-f7299376b357,/p/9/301a3bca02d302f4,5,200,170899,241.427,2472.833,69111
1787863911284,119cccf6-b622-2b36-4137-bad4717c613d,/p/0/1b9d32f4ae0bd02c,6,200,53231,210.539,1101.840,48311
1787863902557,0adf6e44-7d0b-a3fa-4184-344ef9f96267,/p/0/b820f1dbb6f4cadc,11,200,306311,1257.383,10140.329,30207
1787863876630,b317cab5-d797-fbff-2fc9-0c5bc691750d,/p/0/4a4dd3e2f7633c13,6,200,5916479,220.818,36092.720,163924
1787863909984,2af96cdc-8de5-6d2c-119e-f20e21d67e40,/p/0/c9f095c24f0e79ca,4,200,3638952,350.452,3231.018,1126255
1787863895113,cb281ec2-3b1b-aeed-ab80-c2596123e147,/p/0/f059e4be5417a47a,11,200,2826627,601.159,18244.004,154935
1787863856179,46e4b993-5494-4211-729d-ad0a26608ec3,/p/1/9d98f5a5e07a2364,2,200,3693232,3475.224,57503.354,64226
1787863902557,0adf6e44-7d0b-a3fa-4184-344ef9f96267,/p/2/b820f2dbb6f4cc8f,11,200,416551,1026.759,11299.125,36866
1787863911284,119cccf6-b622-2b36-4137-bad4717c613d,/p/0/1b9d34f4ae0bd392,6,200,238267,231.829,2710.971,87890
1787863910874,2af96cdc-8de5-6d2c-119e-f20e21d67e40,/p/0/e5c0e6a67a479805,5,200,3612233,25.879,3183.486,1134679
1787863913683,46e4b993-5494-4211-729d-ad0a26608ec3,/p/0/a838fe4cd54ff264,3,200,246506,10.101,468.499,526161
1787863913683,46e4b993-5494-4211-729d-ad0a26608ec3,/p/0/a838ff4cd54ff417,3,200,202147,10.084,680.900,296882
1787863910871,2af96cdc-8de5-6d2c-119e-f20e21d67e40,/p/0/e5c0e3a67a4792ec,5,200,5123954,33.684,3550.397,1443206
1787863913683,46e4b993-5494-4211-729d-ad0a26608ec3,/p/0/a839014cd54ff77d,3,200,348592,1.422,780.169,446816
1787863911284,119cccf6-b622-2b36-4137-bad4717c613d,/p/0/1b9d35f4ae0bd545,6,200,420395,210.498,3280.934,128133
1787863889461,7ab6747e-fb0b-3e6f-7ae2-d551e68d149b,/p/5/1e5905c1b2f11d93,6,200,3917729,381.448,25296.955,154870
1787863895112,cb281ec2-3b1b-aeed-ab80-c2596123e147,/p/0/f059e2be5417a114,11,200,2756319,662.090,19856.326,138813
1787863908450,24b80c56-940b-dd2a-e829-daced55fdd89,/p/3/df7c9be351645252,6,200,295627,617.843,6751.988,43784
1787863853868,24b80c56-940b-dd2a-e829-daced55fdd89,/p/0/acba0abfc7921bc0,3,200,5945950,552.695,61365.077,96895
1787863912333,907ef421-22fa-5091-3bfc-f7299376b357,/p/0/7315557d3d34fc41,6,200,180331,246.865,3072.375,58694
1787863913857,0adf6e44-7d0b-a3fa-4184-344ef9f96267,/p/1/7eb0163d9241f43b,12,200,72739,331.223,1718.219,42334
1787863915202,24b80c56-940b-dd2a-e829-daced55fdd89,/p/2/757cb1731126a519,7,200,15379,311.405,960.192,16017
1787863908450,24b80c56-940b-dd2a-e829-daced55fdd89,/p/0/df7c99e351644eec,6,200,322285,494.015,7960.100,40488
1787863880228,2fc881b1-4965-0c90-c64c-31e359409e84,/p/0/64be941084a294d5,2,200,4400569,217.956,36265.789,121342
1787863915575,0adf6e44-7d0b-a3fa-4184-344ef9f96267,/p/0/82a29f7cd9a3a082,13,200,40260,359.010,1104.394,36454
1787863914758,7ab6747e-fb0b-3e6f-7ae2-d551e68d149b,/p/0/572d18e8f65b8820,7,200,141175,151.460,2250.931,62718
1787863912227,34df3a87-dd38-0759-4136-efc1c50beb4e,/p/10/14d8418d0d511cf3,4,200,235130,464.191,4973.951,47272
1787863908450,24b80c56-940b-dd2a-e829-daced55fdd89,/p/0/df7c9ce351645405,6,200,346747,617.774,9449.825,36693
1787863912333,907ef421-22fa-5091-3bfc-f7299376b357,/p/0/7315527d3d34f728,6,200,365387,193.553,5718.748,63893
1787863912227,34df3a87-dd38-0759-4136-efc1c50beb4e,/p/0/14d8438d0d512059,4,200,261586,386.119,6440.241,40617
1787863912333,907ef421-22fa-5091-3bfc-f7299376b357,/p/8/7315537d3d34f8db,6,200,461962,176.666,6580.007,70207
1787863894117,cb281ec2-3b1b-aeed-ab80-c2596123e147,/p/0/23f6bab22ece5fa5,10,200,5643453,648.097,25032.037,225449
1787863917201,34df3a87-dd38-0759-4136-efc1c50beb4e,/p/0/7a7739c6df48f50f,5,200,71701,422.123,2277.597,31481
1787863907953,24b80c56-940b-dd2a-e829-daced55fdd89,/p/0/896be636d027dd1b,5,200,477877,311.422,12365.163,38647
1787863918913,907ef421-22fa-5091-3bfc-f7299376b357,/p/0/b940d949ee4f309,7,200,140130,214.939,1676.416,83589
1787863913857,0adf6e44-7d0b-a3fa-4184-344ef9f96267,/p/0/7eb0153d9241f288,12,200,272014,276.229,6775.536,40146
1787863914758,7ab6747e-fb0b-3e6f-7ae2-d551e68d149b,/p/0/572d1be8f65b8d39,7,200,516118,344.207,6113.716,84420
1787863918913,907ef421-22fa-5091-3bfc-f7299376b357,/p/7/b940c949ee4f156,7,200,460412,178.041,2183.498,210860
1787863910935,119cccf6-b622-2b36-4137-bad4717c613d,/p/0/534b26d5fdc1e948,5,200,2805773,181.469,10641.638,263660
1787863921096,907ef421-22fa-5091-3bfc-f7299376b357,/p/6/a2231e2b836691c8,8,200,120070,38.464,636.173,188738
1787863916679,0adf6e44-7d0b-a3fa-4184-344ef9f96267,/p/0/82a29e7cd9a39ecf,13,200,192736,276.027,5195.635,37096
1787863897643,8a50b563-1648-4a04-21d9-ab442e918806,/p/0/90dd7d40d578fea1,4,200,2950366,187.168,24461.013,120615
1787863881366,0adf6e44-7d0b-a3fa-4184-344ef9f96267,/p/0/7dc1d6c6d90687d0,4,200,3852954,166.797,40755.886,94537
1787863906823,555e144d-48f3-792e-af17-0cd1d594a499,/p/0/4e8412005cef85f0,6,200,4866779,218.792,15339.848,317264
1787863906023,555e144d-48f3-792e-af17-0cd1d594a499,/p/0/e21c0683fbdd9787,5,200,5507616,128.271,16150.351,341021
1787863914758,7ab6747e-fb0b-3e6f-7ae2-d551e68d149b,/p/4/572d19e8f65b89d3,7,200,5076607,74.683,7575.389,670145
1787863921733,907ef421-22fa-5091-3bfc-f7299376b357,/p/0/a223202b8366952e,8,200,115343,458.913,742.187,155410
1787863905359,907ef421-22fa-5091-3bfc-f7299376b357,/p/0/db67267155dd4213,3,200,2926170,32.379,17140.181,170720
1787863913857,0adf6e44-7d0b-a3fa-4184-344ef9f96267,/p/0/7eb0183d9241f7a1,12,200,475645,303.618,8790.962,54106
1787863922334,7ab6747e-fb0b-3e6f-7ae2-d551e68d149b,/p/0/afe2f60c7bbfea23,8,200,520683,4.826,342.235,1521418
1787863922334,7ab6747e-fb0b-3e6f-7ae2-d551e68d149b,/p/0/afe2f70c7bbfebd6,8,200,424026,24.678,463.331,915168
1787863922334,7ab6747e-fb0b-3e6f-7ae2-d551e68d149b,/p/3/afe2f80c7bbfed89,8,200,499765,26.935,465.648,1073267
1787863922799,7ab6747e-fb0b-3e6f-7ae2-d551e68d149b,/p/0/ef62e3fb28ed1439,9,200,29741,2.151,11.774,2525987
1787863922799,7ab6747e-fb0b-3e6f-7ae2-d551e68d149b,/p/0/ef62e0fb28ed0f20,9,200,170416,2.269,42.733,3987907
1787863880228,2fc881b1-4965-0c90-c64c-31e359409e84,/p/0/64be911084a28fbc,2,200,5316588,217.911,42624.598,124731
1787863922475,907ef421-22fa-5091-3bfc-f7299376b357,/p/5/c1df40599b94f565,9,200,231455,31.687,397.097,582868
1787863922499,907ef421-22fa-5091-3bfc-f7299376b357,/p/0/c1df3f599b94f3b2,9,200,196521,372.049,385.452,509846
1787863861158,bafd95e1-36da-f70c-7eb7-567a8285a997,/p/0/e4c3fc5808ad5e16,5,200,4637716,1269.042,61776.798,75072
1787863922799,7ab6747e-fb0b-3e6f-7ae2-d551e68d149b,/p/2/ef62e2fb28ed1286,9,200,2802847,2.547,468.709,5979930
1787863922872,907ef421-22fa-5091-3bfc-f7299376b357,/p/0/c1df3e599b94f1ff,9,200,390801,24.503,477.303,818770
1787863923268,7ab6747e-fb0b-3e6f-7ae2-d551e68d149b,/p/1/2876ac9c15f685f9,10,200,331711,1.950,330.625,1003285
1787863923268,7ab6747e-fb0b-3e6f-7ae2-d551e68d149b,/p/0/2876aa9c15f68293,10,200,508154,1.927,357.173,1422711
1787863878212,34df3a87-dd38-0759-4136-efc1c50beb4e,/p/0/6667018bdc42bd,3,200,2640418,497.679,45665.645,57821
1787863915202,24b80c56-940b-dd2a-e829-daced55fdd89,/p/0/757cb0731126a366,7,200,339044,342.461,8708.456,38933
1787863923599,7ab6747e-fb0b-3e6f-7ae2-d551e68d149b,/p/0/cc2e6c5bad5f393b,11,200,278379,385.077,415.174,670511
1787863883593,2fc881b1-4965-0c90-c64c-31e359409e84,/p/1/43d39a73fb003433,3,200,5729855,197.805,40465.624,141598
1787863912227,34df3a87-dd38-0759-4136-efc1c50beb4e,/p/0/14d8408d0d511b40,4,200,516263,464.107,11843.411,43591
1787863901345,0adf6e44-7d0b-a3fa-4184-344ef9f96267,/p/0/3ff9ebde97de69a,9,200,2719610,330.071,23206.345,117193
1787863923599,7ab6747e-fb0b-3e6f-7ae2-d551e68d149b,/p/0/cc2e6e5bad5f3ca1,11,200,433768,385.534,1078.207,402305
1787863909860,907ef421-22fa-5091-3bfc-f7299376b357,/p/0/301a3cca02d304a7,5,200,3513726,211.122,14836.090,236836
1787863909860,907ef421-22fa-5091-3bfc-f7299376b357,/p/0/301a3dca02d3065a,5,200,3690040,205.572,14837.913,248690
1787863924059,2fc881b1-4965-0c90-c64c-31e359409e84,/p/0/9eab373f4a64efbe,4,200,68501,39.868,656.970,104268
1787863905614,4420ecde-d4e8-089d-e47c-3e4a25dd56d8,/p/13/e27cd90690d679c1,2,0,907891,251.845,19391.188,46820
1787863887263,4420ecde-d4e8-089d-e47c-3e4a25dd56d8,/p/0/136e9f177f7c870b,1,0,1462499,307.940,37743.058,38749
1787863922885,907ef421-22fa-5091-3bfc-f7299376b357,/p/4/71d63c20448f0dae,10,200,6411,2135.135,2135.732,3002
1787863916410,24b80c56-940b-dd2a-e829-daced55fdd89,/p/0/aa773b6d1f43f30f,8,200,442578,371.552,8838.310,50075
1787863917900,24b80c56-940b-dd2a-e829-daced55fdd89,/p/0/aa773c6d1f43f4c2,8,200,370472,463.748,7753.488,47781
1787863916162,24b80c56-940b-dd2a-e829-daced55fdd89,/p/1/aa773a6d1f43f15c,8,200,467329,340.436,9739.660,47982
1787863924059,2fc881b1-4965-0c90-c64c-31e359409e84,/p/0/9eab383f4a64f171,4,200,297837,119.219,1908.237,156080
1787863925902,24b80c56-940b-dd2a-e829-daced55fdd89,/p/0/7be947d2347383ca,9,200,23423,308.689,680.666,34412
1787863897643,8a50b563-1648-4a04-21d9-ab442e918806,/p/0/90dd7a40d578f988,4,200,4460310,168.452,29110.526,153220
1787863904797,8a50b563-1648-4a04-21d9-ab442e918806,/p/3/82a21c380e7b83ed,6,200,3836334,225.091,21959.060,174704
1787863923268,7ab6747e-fb0b-3e6f-7ae2-d551e68d149b,/p/0/2876ab9c15f68446,10,200,5075671,2.100,3499.186,1450529
1787863861158,bafd95e1-36da-f70c-7eb7-567a8285a997,/p/0/e4c3fb5808ad5c63,5,200,5624978,1269.696,65701.952,85614
1787863926756,8a50b563-1648-4a04-21d9-ab442e918806,/p/2/210ceaae54300612,7,200,148624,1.250,127.361,1166949
1787863868234,bafd95e1-36da-f70c-7eb7-567a8285a997,/p/0/46eb12f898998fd7,7,200,5939257,353.992,58717.787,101149
1787863926756,8a50b563-1648-4a04-21d9-ab442e918806,/p/0/210cebae543007c5,7,200,352559,1.395,282.429,1248309
1787863926756,8a50b563-1648-4a04-21d9-ab442e918806,/p/0/210ce8ae543002ac,7,200,488684,2.427,306.712,1593297
1787863926884,8a50b563-1648-4a04-21d9-ab442e918806,/p/1/f76cf84385c80e4c,8,200,101208,205.866,220.669,458641
1787863926884,8a50b563-1648-4a04-21d9-ab442e918806,/p/0/f76cfa4385c811b2,8,200,111738,206.096,220.843,505961
1787863926884,8a50b563-1648-4a04-21d9-ab442e918806,/p/0/f76cf94385c80fff,8,200,224843,205.435,222.415,1010917
1787863925020,907ef421-22fa-5091-3bfc-f7299376b357,/p/0/d65d8d9cfc15c8cc,11,200,204388,2233.173,2245.659,91015
1787863924696,907ef421-22fa-5091-3bfc-f7299376b357,/p/0/71d63a20448f0a48,10,200,177092,2557.369,2570.075,68905
1787863927104,8a50b563-1648-4a04-21d9-ab442e918806,/p/0/a3cc14676f0e06e2,9,200,128320,24.986,339.171,378334
1787863927104,8a50b563-1648-4a04-21d9-ab442e918806,/p/0/a3cc15676f0e0895,9,200,508359,24.983,351.235,1447348
1787863917201,34df3a87-dd38-0759-4136-efc1c50beb4e,/p/9/7a773bc6df48f875,5,200,2107254,383.461,10389.546,202824
1787863917201,34df3a87-dd38-0759-4136-efc1c50beb4e,/p/0/7a773ac6df48f6c2,5,200,2431408,422.061,10391.091,233990
1787863927104,8a50b563-1648-4a04-21d9-ab442e918806,/p/0/a3cc13676f0e052f,9,200,3718013,26.380,975.934,3809698
1787863923599,7ab6747e-fb0b-3e6f-7ae2-d551e68d149b,/p/0/cc2e6b5bad5f3788,11,200,2384798,385.518,6187.264,385437
1787863918913,907ef421-22fa-5091-3bfc-f7299376b357,/p/0/b940a949ee4edf0,7,200,5250125,197.032,11726.414,447718
1787863907119,19094743-d5cd-03d4-f199-102cac3ea8f7,/p/3/d59301c8f943b8a0,6,0,3615887,26.305,23887.127,151374
1787863924059,2fc881b1-4965-0c90-c64c-31e359409e84,/p/0/9eab363f4a64ee0b,4,200,2984033,39.787,7446.979,400704
1787863915575,0adf6e44-7d0b-a3fa-4184-344ef9f96267,/p/0/82a2a07cd9a3a235,13,0,3787831,275.780,21430.741,176748
1787863898941,03a6195b-c455-eb8f-4b2d-0000cbc5c95b,/p/0/5c94bb921e87e760,5,200,3436066,367.918,38489.890,89272
1787863898915,03a6195b-c455-eb8f-4b2d-0000cbc5c95b,/p/0/f96e35af5442aa28,4,200,3620775,340.544,39158.379,92465
1787863886088,03a6195b-c455-eb8f-4b2d-0000cbc5c95b,/p/0/d22d85e4f607d82f,1,200,4344588,290.562,52777.293,82319
1787863921096,907ef421-22fa-5091-3bfc-f7299376b357,/p/0/a2231f2b8366937b,8,200,4711008,68.259,19970.631,235897
1787863904242,0f7061f9-fd31-4bd6-0cb5-979a7ddca6d9,/p/0/7cbf22d9b500ae15,4,200,205948,1654.457,44834.194,4594
1787863883733,0f7061f9-fd31-4bd6-0cb5-979a7ddca6d9,/p/0/b0a0c97e31d22986,3,200,513048,1690.779,65475.459,7836
1787863915233,24b80c56-940b-dd2a-e829-daced55fdd89,/p/0/757caf731126a1b3,7,200,2598578,342.444,39016.830,66601
1787863904243,0f7061f9-fd31-4bd6-0cb5-979a7ddca6d9,/p/0/7cbf1fd9b500a8fc,4,200,370469,1364.004,50786.729,7295
1787863923349,907ef421-22fa-5091-3bfc-f7299376b357,/p/0/71d63d20448f0f61,10,200,3790419,2380.288,32915.866,115155
1787863906047,0f7061f9-fd31-4bd6-0cb5-979a7ddca6d9,/p/0/26eed89d2aeafb75,5,0,324283,1366.923,51959.259,6241
1787863906047,0f7061f9-fd31-4bd6-0cb5-979a7ddca6d9,/p/12/26eed79d2aeaf9c2,5,0,301298,1663.251,51959.227,5799
1787863949077,0f7061f9-fd31-4bd6-0cb5-979a7ddca6d9,/p/0/26eed59d2aeaf65c,5,0,64234,1690.740,8929.275,7194
1787863868845,0f7061f9-fd31-4bd6-0cb5-979a7ddca6d9,/p/0/d3dd1a662f990a67,2,0,1035747,1565.057,89160.685,11617
1787863925020,907ef421-22fa-5091-3bfc-f7299376b357,/p/3/d65d8e9cfc15ca7f,11,200,4388939,2233.526,35282.060,124396
1787863927266,907ef421-22fa-5091-3bfc-f7299376b357,/p/0/d65d909cfc15cde5,11,200,4408682,440.264,35545.625,124029
1787863960302,907ef421-22fa-5091-3bfc-f7299376b357,/p/0/68e6e7ea566ba3e0,12,200,338048,176.545,3252.625,103931
1787863927590,34df3a87-dd38-0759-4136-efc1c50beb4e,/p/0/c281c612314e74b1,6,0,2923170,9.322,36415.280,80273
1787863927590,34df3a87-dd38-0759-4136-efc1c50beb4e,/p/0/c281c312314e6f98,6,0,2676243,8.533,36415.353,73492
1787863927590,34df3a87-dd38-0759-4136-efc1c50beb4e,/p/8/c281c512314e72fe,6,0,2741585,8.092,36415.322,75287
1787863960302,907ef421-22fa-5091-3bfc-f7299376b357,/p/2/68e6e9ea566ba746,12,200,429497,176.575,3747.063,114622
1787863925902,24b80c56-940b-dd2a-e829-daced55fdd89,/p/0/7be946d234738217,9,200,3265635,403.514,38820.008,84122
1787863925902,24b80c56-940b-dd2a-e829-daced55fdd89,/p/0/7be948d23473857d,9,0,3463723,340.370,39103.776,88578
1787863964050,907ef421-22fa-5091-3bfc-f7299376b357,/p/1/741cd8edaa8ae7,13,200,153195,194.748,1586.329,96572
1787863965636,907ef421-22fa-5091-3bfc-f7299376b357,/p/0/36c7b9f5a8d73901,14,200,208312,195.966,3499.968,59518
1787863964050,907ef421-22fa-5091-3bfc-f7299376b357,/p/0/741bd8edaa8934,13,200,410620,178.435,5406.871,75944
1787863964050,907ef421-22fa-5091-3bfc-f7299376b357,/p/0/741ed8edaa8e4d,13,200,437842,178.443,5732.163,76383
1787863965636,907ef421-22fa-5091-3bfc-f7299376b357,/p/0/36c7b7f5a8d7359b,14,200,317211,230.923,4214.940,75259
1787863965636,907ef421-22fa-5091-3bfc-f7299376b357,/p/0/36c7b6f5a8d733e8,14,200,369201,179.961,4712.654,78342
1787863960302,907ef421-22fa-5091-3bfc-f7299376b357,/p/0/68e6eaea566ba8f9,12,0,4303883,213.656,17703.367,243111
