t_start_ms,client,path,depth,status,bytes,ttfb_ms,total_ms,bytes_per_s
1787904445287,99c5119e-69b6-df31-d497-e801a8e4faec,/?crawl=2,0,200,27973,44.808,148.092,188890
1787904444287,8391ccf6-cadc-0903-6c3b-9a115727777f,/?crawl=1,0,200,302172,64.882,1353.731,223214
1787904446287,90ed1c25-9021-447c-eb85-53f34f9e58b2,/?crawl=5,0,200,103138,28.033,187.609,549750
1787904446287,a171fcac-f691-8af3-f13b-08c3ca9d8a09,/?crawl=3,0,200,244126,71.255,1180.405,206816
1787904446287,56d3aeef-5534-d227-8053-bb282bac9ad2,/?crawl=4,0,200,309328,49.274,1495.408,206852
1787904447287,2f620a10-e898-7df5-5c5d-d659db1f523c,/?crawl=6,0,200,444863,32.265,952.437,467079
1787904446475,90ed1c25-9021-447c-eb85-53f34f9e58b2,/p/0/134c3b1d37f583,1,200,393026,24.037,1857.063,211639
1787904448239,2f620a10-e898-7df5-5c5d-d659db1f523c,/p/0/ba524953db08d2a3,1,200,44439,30.146,290.439,153006
1787904445640,8391ccf6-cadc-0903-6c3b-9a115727777f,/p/0/4dbca1b16fa3cdcf,1,200,285819,64.591,3748.749,76244
1787904447783,56d3aeef-5534-d227-8053-bb282bac9ad2,/p/11/937da098b1d2e9e3,1,200,169289,48.233,1713.055,98823
1787904445640,8391ccf6-cadc-0903-6c3b-9a115727777f,/p/0/4dbca0b16fa3cc1c,1,200,388527,64.566,5586.698,69545
1787904449496,56d3aeef-5534-d227-8053-bb282bac9ad2,/p/0/8f2c86a0eb793683,2,200,119741,232.621,1739.789,68825
1787904445640,8391ccf6-cadc-0903-6c3b-9a115727777f,/p/0/4dbca2b16fa3cf82,1,200,437248,96.595,5618.865,77818
1787904451288,20bed0a1-3b3f-3aa7-097e-0ad416139e92,/?crawl=10,0,200,408170,34.534,899.648,453699
1787904452187,20bed0a1-3b3f-3aa7-097e-0ad416139e92,/p/0/f1f68159fd03382a,1,200,8369,31.052,46.666,179340
1787904451288,9a14ab57-6136-a861-9270-530d55827fd8,/?crawl=8,0,200,186585,81.592,1019.180,183074
1787904451288,bee3d183-ac7c-c0ec-20d5-0af98bee2515,/?crawl=9,0,200,283619,53.225,1026.876,276196
1787904452287,d32b69ad-48c7-59f9-dfdd-8241e725234c,/?crawl=12,0,200,122538,35.799,317.970,385376
1787904452187,20bed0a1-3b3f-3aa7-097e-0ad416139e92,/p/6/f1f67f59fd0334c4,1,200,270997,80.997,1355.329,199949
1787904449496,56d3aeef-5534-d227-8053-bb282bac9ad2,/p/10/8f2c85a0eb7934d0,2,200,339726,278.308,4475.665,75905
1787904447783,56d3aeef-5534-d227-8053-bb282bac9ad2,/p/0/937d9f98b1d2e830,1,200,317725,140.759,6211.325,51153
1787904452605,d32b69ad-48c7-59f9-dfdd-8241e725234c,/p/5/18cb2a15263920ea,1,200,188393,178.587,1500.602,125545
1787904453543,20bed0a1-3b3f-3aa7-097e-0ad416139e92,/p/5/ceb726ece20d198d,2,200,53665,157.671,630.783,85077
1787904452287,df481320-7ae2-be0a-5a04-81fa7d9caa24,/?crawl=13,0,200,5795831,60.513,2126.045,2726109
1787904452315,bee3d183-ac7c-c0ec-20d5-0af98bee2515,/p/0/e90f4b9e147b7cb4,1,200,180631,79.896,2105.511,85790
1787904454413,df481320-7ae2-be0a-5a04-81fa7d9caa24,/p/0/ac357f72bad416fd,1,200,24310,30.337,47.527,511495
1787904454413,df481320-7ae2-be0a-5a04-81fa7d9caa24,/p/0/ac357d72bad41397,1,200,136281,3.965,106.201,1283235
1787904453543,20bed0a1-3b3f-3aa7-097e-0ad416139e92,/p/0/ceb725ece20d17da,2,200,89335,188.020,1075.140,83091
1787904447783,56d3aeef-5534-d227-8053-bb282bac9ad2,/p/0/937da298b1d2ed49,1,200,465012,71.293,7012.624,66311
1787904444287,e09a31d1-a55b-5bee-97eb-fdbb3e7de301,/?crawl=0,0,200,4787629,36.150,10601.655,451593
1787904449496,56d3aeef-5534-d227-8053-bb282bac9ad2,/p/0/8f2c87a0eb793836,2,200,347225,278.276,5705.655,60856
1787904452605,d32b69ad-48c7-59f9-dfdd-8241e725234c,/p/0/18cb2b152639229d,1,200,315971,178.586,2688.520,117526
1787904446475,90ed1c25-9021-447c-eb85-53f34f9e58b2,/p/0/134d3b1d37f736,1,200,2368671,24.066,8968.023,264124
1787904452315,bee3d183-ac7c-c0ec-20d5-0af98bee2515,/p/0/e90f4d9e147b801a,1,200,376527,52.559,3290.069,114443
1787904454413,df481320-7ae2-be0a-5a04-81fa7d9caa24,/p/0/ac357e72bad4154a,1,200,3902811,33.920,1308.747,2982096
1787904455287,c3233af3-6798-cd10-58ca-164c2e53f97b,/?crawl=19,0,200,199720,36.393,488.312,409001
1787904454174,20bed0a1-3b3f-3aa7-097e-0ad416139e92,/p/0/c9e3fe9d7c936c9e,3,200,117894,173.498,1615.312,72985
1787904455775,c3233af3-6798-cd10-58ca-164c2e53f97b,/p/0/ea0e2bcaecc67da5,1,200,53536,35.339,266.245,201078
1787904456287,857f40eb-84f8-f761-93f4-421390c88b0a,/?crawl=21,0,200,5719,54.577,54.634,104679
1787904452287,d828a9cb-ad94-c44a-2b73-79ad15446319,/?crawl=14,0,200,483878,94.051,4505.100,107407
1787904452605,d32b69ad-48c7-59f9-dfdd-8241e725234c,/p/0/18cb281526391d84,1,200,452669,35.396,4296.728,105352
1787904454174,20bed0a1-3b3f-3aa7-097e-0ad416139e92,/p/4/c9e3ff9d7c936e51,3,200,277666,188.901,3134.444,88585
1787904456287,abfee969-8d18-cdc7-e5fe-f732f4016a26,/?crawl=20,0,200,200579,78.967,1085.137,184842
1787904455775,c3233af3-6798-cd10-58ca-164c2e53f97b,/p/0/ea0e29caecc67a3f,1,200,299371,71.124,1599.673,187145
1787904448239,2f620a10-e898-7df5-5c5d-d659db1f523c,/p/0/ba524a53db08d456,1,200,3008122,30.204,9168.919,328078
1787904454106,d32b69ad-48c7-59f9-dfdd-8241e725234c,/p/4/ba13cf2c516c65c8,2,200,275409,176.198,3308.754,83236
1787904454888,e09a31d1-a55b-5bee-97eb-fdbb3e7de301,/p/0/e126f80f043ec595,1,200,400424,94.745,2600.587,153974
1787904454106,d32b69ad-48c7-59f9-dfdd-8241e725234c,/p/0/ba13d12c516c692e,2,200,263188,211.627,3414.359,77083
1787904454888,e09a31d1-a55b-5bee-97eb-fdbb3e7de301,/p/0/e126f50f043ec07c,1,200,359994,110.368,2697.948,133433
1787904448239,2f620a10-e898-7df5-5c5d-d659db1f523c,/p/0/ba524b53db08d609,1,200,4718669,30.107,9806.284,481188
1787904453543,20bed0a1-3b3f-3aa7-097e-0ad416139e92,/p/0/ceb724ece20d1627,2,200,483248,157.699,4952.288,97581
1787904453972,56d3aeef-5534-d227-8053-bb282bac9ad2,/p/9/42dc190e89f9abfc,3,200,352661,1438.510,4655.552,75751
1787904456792,d828a9cb-ad94-c44a-2b73-79ad15446319,/p/0/a44d2ae3aa975e2b,1,200,71856,596.077,2478.693,28989
1787904457308,20bed0a1-3b3f-3aa7-097e-0ad416139e92,/p/3/a107968553c54d4e,4,200,164157,158.118,2164.336,75846
1787904459287,5515c72f-40b2-f184-ff1b-ea4aa95ee51a,/?crawl=24,0,200,36950,134.375,397.661,92918
1787904460287,94842fac-a0ca-65e9-7e11-3080fcf99d81,/?crawl=25,0,200,288429,11.558,198.475,1453224
1787904460486,94842fac-a0ca-65e9-7e11-3080fcf99d81,/p/0/803ce12b792f4a33,1,200,57364,20.527,86.787,660976
1787904448287,1b2a4302-396a-16af-5c92-03547010d29c,/?crawl=7,0,200,3659721,50.812,12311.686,297256
1787904446475,90ed1c25-9021-447c-eb85-53f34f9e58b2,/p/6/134b3b1d37f3d0,1,200,5355524,125.432,14260.434,375551
1787904461287,5a867274-6461-6cfd-5377-f43c304d3564,/?crawl=28,0,200,217316,41.597,593.751,366005
1787904454888,e09a31d1-a55b-5bee-97eb-fdbb3e7de301,/p/1/e126f60f043ec22f,1,200,2246616,32.935,7074.430,317568
1787904461963,e09a31d1-a55b-5bee-97eb-fdbb3e7de301,/p/0/d9bb63d310ffe839,2,200,210403,32.380,145.304,1448019
1787904461963,e09a31d1-a55b-5bee-97eb-fdbb3e7de301,/p/0/d9bb62d310ffe686,2,200,241746,48.807,157.036,1539435
1787904461963,e09a31d1-a55b-5bee-97eb-fdbb3e7de301,/p/0/d9bb60d310ffe320,2,200,504827,48.809,160.158,3152054
1787904461287,dd3108d0-e672-b95a-87a3-0f6387f152c9,/?crawl=26,0,200,441083,29.107,869.644,507199
1787904460599,1b2a4302-396a-16af-5c92-03547010d29c,/p/0/26e7f6f6466de1a9,1,200,108512,292.977,2009.420,54002
1787904461880,5a867274-6461-6cfd-5377-f43c304d3564,/p/0/fca335ec050dc777,1,200,87547,38.015,756.313,115755
1787904459472,20bed0a1-3b3f-3aa7-097e-0ad416139e92,/p/0/9dddf3bb59d251ca,5,200,192473,196.679,3261.036,59022
1787904460735,90ed1c25-9021-447c-eb85-53f34f9e58b2,/p/0/21f9ef71f1bddaad,2,200,309621,37.933,2048.045,151179
1787904460735,90ed1c25-9021-447c-eb85-53f34f9e58b2,/p/0/21f9ec71f1bdd594,2,200,344247,56.571,2122.348,162201
1787904459472,20bed0a1-3b3f-3aa7-097e-0ad416139e92,/p/2/9dddf4bb59d2537d,5,200,284022,179.926,3515.253,80797
1787904458627,56d3aeef-5534-d227-8053-bb282bac9ad2,/p/0/82574969d94f4d29,4,200,302053,235.962,4594.181,65747
1787904459685,5515c72f-40b2-f184-ff1b-ea4aa95ee51a,/p/0/13a737890dca41f9,1,200,251605,197.463,3604.138,69810
1787904458627,56d3aeef-5534-d227-8053-bb282bac9ad2,/p/0/82574669d94f4810,4,200,276585,260.556,4712.182,58696
1787904462287,a9665421-ad30-ae1e-ed69-6e4036368fcb,/?crawl=31,0,200,191782,85.349,1062.195,180552
1787904456792,d828a9cb-ad94-c44a-2b73-79ad15446319,/p/16/a44d29e3aa975c78,1,200,361087,127.667,6681.451,54043
1787904457287,4554079d-1420-510c-38ca-4f4ef1f0fdf9,/?crawl=22,0,200,2400835,124.507,6323.303,379681
1787904453287,ade48f0c-dc8f-ae30-8cfb-7b7ac789fbf2,/?crawl=15,0,200,4309505,35.325,10328.248,417254
1787904460599,1b2a4302-396a-16af-5c92-03547010d29c,/p/2/26e7f5f6466ddff6,1,200,310344,48.404,3031.650,102368
1787904463610,4554079d-1420-510c-38ca-4f4ef1f0fdf9,/p/11/882535ba896c0305,1,200,96634,13.983,21.528,4488686
1787904463610,4554079d-1420-510c-38ca-4f4ef1f0fdf9,/p/0/882533ba896bff9f,1,200,356246,2.975,38.553,9240405
1787904463610,4554079d-1420-510c-38ca-4f4ef1f0fdf9,/p/0/882534ba896c0152,1,200,303534,14.062,40.217,7547424
1787904463632,4554079d-1420-510c-38ca-4f4ef1f0fdf9,/p/0/3079400950b33c07,2,200,25530,18.681,18.781,1359322
1787904463287,da25c7c8-a251-fd70-ce15-aa518802c899,/?crawl=34,0,200,234769,33.962,499.726,469796
1787904463615,ade48f0c-dc8f-ae30-8cfb-7b7ac789fbf2,/p/0/37b77e413f3250d8,1,200,23464,103.006,191.695,122403
1787904463632,4554079d-1420-510c-38ca-4f4ef1f0fdf9,/p/10/30793f0950b33a54,2,200,183705,18.914,181.390,1012764
1787904463632,4554079d-1420-510c-38ca-4f4ef1f0fdf9,/p/0/3079410950b33dba,2,200,257976,19.425,197.357,1307154
1787904463813,4554079d-1420-510c-38ca-4f4ef1f0fdf9,/p/0/cbd4b2c440aa8552,3,200,71775,15.968,150.987,475373
1787904454287,e691194e-b4c1-a929-59bd-337dec07dcd6,/?crawl=17,0,200,3138211,47.239,9811.839,319839
1787904463813,4554079d-1420-510c-38ca-4f4ef1f0fdf9,/p/9/cbd4b3c440aa8705,3,200,138816,16.121,305.422,454506
1787904462156,dd3108d0-e672-b95a-87a3-0f6387f152c9,/p/0/3a7bdf4437002906,1,200,360172,101.850,2001.591,179943
1787904462733,20bed0a1-3b3f-3aa7-097e-0ad416139e92,/p/0/9dddf2bb59d25017,5,200,120129,208.436,1498.298,80177
1787904462156,dd3108d0-e672-b95a-87a3-0f6387f152c9,/p/1/3a7be04437002ab9,1,200,373632,27.989,2099.364,177974
1787904464118,4554079d-1420-510c-38ca-4f4ef1f0fdf9,/p/0/c1ac617bee7a6bbc,4,200,383335,326.050,341.718,1121788
1787904463615,ade48f0c-dc8f-ae30-8cfb-7b7ac789fbf2,/p/1/37b77f413f32528b,1,200,188519,33.401,883.051,213486
1787904460486,94842fac-a0ca-65e9-7e11-3080fcf99d81,/p/0/803ce22b792f4be6,1,200,3099236,10.105,4172.496,742777
1787904464498,ade48f0c-dc8f-ae30-8cfb-7b7ac789fbf2,/p/0/1addb9da70dd8def,2,200,6404,226.131,313.709,20414
1787904459685,5515c72f-40b2-f184-ff1b-ea4aa95ee51a,/p/0/13a734890dca3ce0,1,200,393407,527.212,5138.368,76563
1787904463287,c8ffbfb8-d817-3ea3-36b4-b43d03569bc2,/?crawl=33,0,200,425474,59.291,1616.849,263150
1787904463786,da25c7c8-a251-fd70-ce15-aa518802c899,/p/0/de34c089e96e109c,1,200,216273,28.821,1234.742,175156
1787904454287,7111757e-9931-d305-b6ca-1f889120056e,/?crawl=16,0,200,376710,155.925,11109.441,33909
1787904451288,8ccb28f3-443e-efa1-9857-60d42e2a4b7b,/?crawl=11,0,200,4030625,71.119,14270.223,282450
1787904463786,da25c7c8-a251-fd70-ce15-aa518802c899,/p/9/de34c289e96e1402,1,200,361782,86.730,1913.129,189105
1787904464256,dd3108d0-e672-b95a-87a3-0f6387f152c9,/p/0/ab3ebd062e8c7887,2,200,150636,141.068,1463.169,102952
1787904463287,44327ab8-6908-836c-c7d4-c75ae90db4ba,/?crawl=32,0,200,520953,70.048,2435.209,213925
1787904460486,94842fac-a0ca-65e9-7e11-3080fcf99d81,/p/4/803ce02b792f4880,1,200,4730454,41.023,5308.156,891167
1787904463786,da25c7c8-a251-fd70-ce15-aa518802c899,/p/0/de34c389e96e15b5,1,200,404630,43.714,2058.973,196520
1787904465700,da25c7c8-a251-fd70-ce15-aa518802c899,/p/0/65913f5b3b6f276e,2,200,25830,145.823,252.905,102133
1787904461287,d831c348-5458-dc01-9f31-fa5f61ba72df,/?crawl=29,0,200,2681056,26.610,4728.730,566972
1787904464287,8e039d77-b093-290c-1e0c-6c1c20fc2784,/?crawl=35,0,200,490707,55.684,1769.342,277339
1787904465700,da25c7c8-a251-fd70-ce15-aa518802c899,/p/8/6591405b3b6f2921,2,200,48761,145.873,368.564,132300
1787904466056,8e039d77-b093-290c-1e0c-6c1c20fc2784,/p/0/719f16e77e090862,1,200,41235,51.591,233.764,176396
1787904466068,da25c7c8-a251-fd70-ce15-aa518802c899,/p/7/39f1fa79b4818bd7,3,200,26944,153.144,420.218,64119
1787904465794,94842fac-a0ca-65e9-7e11-3080fcf99d81,/p/0/c4b690de35b638e3,2,200,437218,10.613,755.309,578860
1787904463615,ade48f0c-dc8f-ae30-8cfb-7b7ac789fbf2,/p/0/37b781413f3255f1,1,200,481355,191.782,2942.434,163591
1787904465794,94842fac-a0ca-65e9-7e11-3080fcf99d81,/p/0/c4b691de35b63a96,2,200,409337,52.505,852.003,480441
1787904465794,94842fac-a0ca-65e9-7e11-3080fcf99d81,/p/3/c4b692de35b63c49,2,200,460174,52.533,884.807,520084
1787904464098,e691194e-b4c1-a929-59bd-337dec07dcd6,/p/0/5e8c28fc68683cfe,1,200,312969,44.412,2580.448,121285
1787904466679,94842fac-a0ca-65e9-7e11-3080fcf99d81,/p/0/dbade6b408f8bb41,3,200,105400,53.206,319.955,329421
1787904466679,94842fac-a0ca-65e9-7e11-3080fcf99d81,/p/2/dbade4b408f8b7db,3,200,232024,37.478,351.917,659314
1787904463349,a9665421-ad30-ae1e-ed69-6e4036368fcb,/p/3/23f5c2712b9d31c9,1,200,160818,341.306,3706.056,43393
1787904464098,e691194e-b4c1-a929-59bd-337dec07dcd6,/p/0/5e8c27fc68683b4b,1,200,269161,44.411,3029.002,88861
1787904464098,e691194e-b4c1-a929-59bd-337dec07dcd6,/p/1/5e8c29fc68683eb1,1,200,459495,157.934,3276.390,140244
1787904465287,df6ed7a9-04b7-559c-1995-f5cadca28d7a,/?crawl=36,0,200,424334,75.360,2119.620,200193
1787904467031,94842fac-a0ca-65e9-7e11-3080fcf99d81,/p/0/c5abd5888c5b58a0,4,200,152608,60.417,391.093,390209
1787904463631,1b2a4302-396a-16af-5c92-03547010d29c,/p/0/f488662b549af0f9,2,200,312090,245.250,3805.445,82011
1787904467287,8ffa183d-8b36-feee-0345-cf4edbbbe71d,/?crawl=40,0,200,118242,26.743,195.835,603785
1787904467287,2326d840-20b7-1966-30ad-939ab67664bf,/?crawl=39,0,200,326889,24.184,436.938,748136
1787904466488,da25c7c8-a251-fd70-ce15-aa518802c899,/p/6/3ed991762b458de7,4,200,68491,295.428,1279.677,53522
1787904463631,1b2a4302-396a-16af-5c92-03547010d29c,/p/0/f488632b549aebe0,2,200,289772,269.317,4267.559,67901
1787904462988,20bed0a1-3b3f-3aa7-097e-0ad416139e92,/p/1/aafd0d89249ef664,6,200,420571,229.712,4926.638,85367
1787904463631,1b2a4302-396a-16af-5c92-03547010d29c,/p/1/f488642b549aed93,2,200,318337,318.437,4316.194,73754
1787904466056,8e039d77-b093-290c-1e0c-6c1c20fc2784,/p/0/719f15e77e0906af,1,200,263800,181.085,2010.408,131217
1787904465396,7111757e-9931-d305-b6ca-1f889120056e,/p/0/cb21d29ed3cd4538,1,200,53689,1297.522,2711.721,19799
1787904465396,7111757e-9931-d305-b6ca-1f889120056e,/p/0/cb21d59ed3cd4a51,1,200,113812,856.336,2712.525,41958
1787904467287,1cdd3781-2ce9-56fa-8fa8-6ce4e1d03c96,/?crawl=38,0,200,447521,35.218,958.331,466979
1787904467724,2326d840-20b7-1966-30ad-939ab67664bf,/p/0/bf486b5dd074defb,1,200,144129,60.743,644.759,223539
1787904466056,8e039d77-b093-290c-1e0c-6c1c20fc2784,/p/9/719f17e77e090a15,1,200,329836,128.433,2321.837,142058
1787904455775,c3233af3-6798-cd10-58ca-164c2e53f97b,/p/0/ea0e28caecc6788c,1,200,4629753,195.337,12656.030,365814
1787904465396,7111757e-9931-d305-b6ca-1f889120056e,/p/3/cb21d49ed3cd489e,1,200,428874,277.638,3041.130,141025
1787904467724,2326d840-20b7-1966-30ad-939ab67664bf,/p/0/bf486c5dd074e0ae,1,200,206265,18.901,743.409,277458
1787904467724,2326d840-20b7-1966-30ad-939ab67664bf,/p/0/bf486d5dd074e261,1,200,276797,60.667,823.511,336118
1787904467375,e691194e-b4c1-a929-59bd-337dec07dcd6,/p/0/38df71c6a5eb88eb,2,200,116921,138.369,1272.813,91860
1787904466287,89650a79-d702-0bef-e132-e64552e54bcd,/?crawl=37,0,200,377840,76.253,2379.881,158764
1787904467914,20bed0a1-3b3f-3aa7-097e-0ad416139e92,/p/0/aafd0f89249ef9ca,6,200,28861,185.647,775.725,37205
1787904467375,e691194e-b4c1-a929-59bd-337dec07dcd6,/p/0/38df73c6a5eb8c51,2,200,166980,161.207,1409.224,118491
1787904468437,7111757e-9931-d305-b6ca-1f889120056e,/p/0/e86f6a250eca4fe4,2,200,222125,1.851,353.901,627648
1787904468437,7111757e-9931-d305-b6ca-1f889120056e,/p/2/e86f6b250eca5197,2,200,427550,1.181,573.704,745245
1787904467406,df6ed7a9-04b7-559c-1995-f5cadca28d7a,/p/5/b76017cec03827dc,1,200,145241,140.162,1626.643,89289
1787904468245,1cdd3781-2ce9-56fa-8fa8-6ce4e1d03c96,/p/0/2bde19003bd9ee01,1,200,148943,31.671,890.405,167276
1787904468437,7111757e-9931-d305-b6ca-1f889120056e,/p/0/e86f6d250eca54fd,2,200,504887,60.108,754.283,669361
1787904469011,7111757e-9931-d305-b6ca-1f889120056e,/p/0/db50b1c99f7faf8b,3,200,48311,85.762,231.829,208391
1787904457414,d32b69ad-48c7-59f9-dfdd-8241e725234c,/p/0/39108b8390caa309,3,200,2451291,212.129,11889.555,206172
1787904457414,d32b69ad-48c7-59f9-dfdd-8241e725234c,/p/3/39108a8390caa156,3,200,2817864,212.049,11906.534,236665
1787904469011,7111757e-9931-d305-b6ca-1f889120056e,/p/0/db50b2c99f7fb13e,3,200,217681,71.350,524.955,414666
1787904469011,7111757e-9931-d305-b6ca-1f889120056e,/p/1/db50b3c99f7fb2f1,3,200,489090,71.357,801.917,609901
1787904467406,df6ed7a9-04b7-559c-1995-f5cadca28d7a,/p/0/b76019cec0382b42,1,200,180667,71.111,2714.591,66554
1787904468667,89650a79-d702-0bef-e132-e64552e54bcd,/p/0/4aca6f2c54d32155,1,200,93619,143.965,1474.833,63478
1787904469813,7111757e-9931-d305-b6ca-1f889120056e,/p/0/f08044c20d3b4100,4,200,144814,39.437,358.468,403980
1787904467406,df6ed7a9-04b7-559c-1995-f5cadca28d7a,/p/0/b76018cec038298f,1,200,158965,390.641,2808.476,56602
1787904465700,da25c7c8-a251-fd70-ce15-aa518802c899,/p/0/65913e5b3b6f25bb,2,200,400517,161.286,4530.347,88408
1787904461287,bd92841b-61bc-ac51-d538-a7b4a7fe8e31,/?crawl=27,0,200,5566968,35.517,8950.449,621976
1787904468245,1cdd3781-2ce9-56fa-8fa8-6ce4e1d03c96,/p/0/2bde18003bd9ec4e,1,200,369054,171.714,2024.576,182287
1787904470237,bd92841b-61bc-ac51-d538-a7b4a7fe8e31,/p/0/a71188e6a2653140,1,200,4465,34.949,35.103,127196
1787904469813,7111757e-9931-d305-b6ca-1f889120056e,/p/0/f08045c20d3b42b3,4,200,337310,75.596,761.911,442716
1787904470287,6aa09d22-6ca0-73cd-4fba-df45b8093e44,/?crawl=44,0,200,196675,29.945,377.908,520430
1787904460735,90ed1c25-9021-447c-eb85-53f34f9e58b2,/p/5/21f9ed71f1bdd747,2,200,4917989,112.938,10016.059,491010
1787904468667,89650a79-d702-0bef-e132-e64552e54bcd,/p/8/4aca6d2c54d31def,1,200,115760,72.593,2088.668,55423
1787904468690,20bed0a1-3b3f-3aa7-097e-0ad416139e92,/p/0/e65ddf7c6c36258e,7,200,229277,189.530,2099.565,109202
1787904468667,89650a79-d702-0bef-e132-e64552e54bcd,/p/0/4aca6c2c54d31c3c,1,200,128781,72.592,2196.142,58640
1787904469033,df6ed7a9-04b7-559c-1995-f5cadca28d7a,/p/0/b60b0ed34dfd9a2,2,200,132025,361.871,1907.464,69215
1787904469033,df6ed7a9-04b7-559c-1995-f5cadca28d7a,/p/4/b60aeed34dfd63c,2,200,193895,435.008,2007.973,96563
1787904466488,da25c7c8-a251-fd70-ce15-aa518802c899,/p/0/3ed990762b458c34,4,200,354313,308.823,4757.990,74467
1787904463349,a9665421-ad30-ae1e-ed69-6e4036368fcb,/p/0/23f5c1712b9d3016,1,200,451395,75.533,8022.346,56267
1787904470752,90ed1c25-9021-447c-eb85-53f34f9e58b2,/p/0/c3a719ccc50177cf,3,200,122805,25.775,661.994,185508
1787904470665,6aa09d22-6ca0-73cd-4fba-df45b8093e44,/p/5/62fb1d7858dd6895,1,200,132801,80.003,954.338,139155
1787904467031,94842fac-a0ca-65e9-7e11-3080fcf99d81,/p/0/c5abd8888c5b5db9,4,200,2312554,87.993,4930.781,469004
1787904454106,d32b69ad-48c7-59f9-dfdd-8241e725234c,/p/0/ba13d02c516c677b,2,200,4213216,211.543,17983.822,234278
1787904470237,bd92841b-61bc-ac51-d538-a7b4a7fe8e31,/p/0/a7118be6a2653659,1,200,394380,102.704,1884.412,209285
1787904467947,1b2a4302-396a-16af-5c92-03547010d29c,/p/0/e81e40e975374da6,3,200,253077,267.804,4201.479,60235
1787904470665,6aa09d22-6ca0-73cd-4fba-df45b8093e44,/p/0/62fb1c7858dd66e2,1,200,255222,80.000,1549.107,164754
1787904470752,90ed1c25-9021-447c-eb85-53f34f9e58b2,/p/4/c3a71bccc5017b35,3,200,430564,75.148,1699.626,253329
1787904471041,df6ed7a9-04b7-559c-1995-f5cadca28d7a,/p/0/b47295064cb7c3,3,200,157519,203.768,1471.662,107035
1787904471619,6aa09d22-6ca0-73cd-4fba-df45b8093e44,/p/0/a5c97ea21fad666b,2,200,98714,175.421,931.509,105972
1787904470752,90ed1c25-9021-447c-eb85-53f34f9e58b2,/p/0/c3a71accc5017982,3,200,495652,75.130,1813.170,273362
1787904472451,90ed1c25-9021-447c-eb85-53f34f9e58b2,/p/3/7e87c4178838e227,4,200,6936,125.841,177.407,39097
1787904471619,6aa09d22-6ca0-73cd-4fba-df45b8093e44,/p/4/a5c97da21fad64b8,2,200,107999,148.739,1053.960,102470
1787904469033,df6ed7a9-04b7-559c-1995-f5cadca28d7a,/p/0/b60afed34dfd7ef,2,200,371417,507.931,3664.309,101361
1787904452315,bee3d183-ac7c-c0ec-20d5-0af98bee2515,/p/0/e90f4c9e147b7e67,1,200,4972945,52.469,20458.707,243072
1787904466488,da25c7c8-a251-fd70-ce15-aa518802c899,/p/0/3ed993762b45914d,4,200,461798,234.258,6288.057,73440
1787904459685,5515c72f-40b2-f184-ff1b-ea4aa95ee51a,/p/3/13a735890dca3e93,1,200,2470421,527.107,13165.571,187643
1787904470755,89650a79-d702-0bef-e132-e64552e54bcd,/p/7/f95b1c52a105c95a,2,200,122783,143.656,2164.163,56735
1787904466068,da25c7c8-a251-fd70-ce15-aa518802c899,/p/0/39f1f979b4818a24,3,200,478011,198.611,6873.021,69549
1787904469321,d32b69ad-48c7-59f9-dfdd-8241e725234c,/p/0/5c1ba9996bd57b71,4,200,240212,1449.167,3707.496,64791
1787904467768,da25c7c8-a251-fd70-ce15-aa518802c899,/p/5/152e91887590b74f,5,200,458697,166.306,5266.416,87099
1787904467055,a9665421-ad30-ae1e-ed69-6e4036368fcb,/p/0/cfe91af9bd5f740d,2,200,195153,383.227,5990.375,32578
1787904463473,d828a9cb-ad94-c44a-2b73-79ad15446319,/p/0/8ba7104b0c1b384a,2,200,243082,626.464,9771.839,24876
1787904471246,da25c7c8-a251-fd70-ce15-aa518802c899,/p/0/152e93887590bab5,5,200,196438,210.384,2069.036,94942
1787904469321,d32b69ad-48c7-59f9-dfdd-8241e725234c,/p/0/5c1ba6996bd57658,4,200,239895,1449.220,4007.605,59860
1787904461880,5a867274-6461-6cfd-5377-f43c304d3564,/p/0/fca334ec050dc5c4,1,200,2231809,131.710,11536.012,193465
1787904472673,6aa09d22-6ca0-73cd-4fba-df45b8093e44,/p/0/1a09a847010b48b9,3,200,133645,160.404,1311.702,101887
1787904470790,20bed0a1-3b3f-3aa7-097e-0ad416139e92,/p/0/e65de07c6c362741,7,200,232013,156.918,3287.548,70573
1787904471619,6aa09d22-6ca0-73cd-4fba-df45b8093e44,/p/0/a5c97fa21fad681e,2,200,340480,175.422,2493.534,136545
1787904469813,7111757e-9931-d305-b6ca-1f889120056e,/p/0/f08046c20d3b4466,4,200,4161755,9.033,4378.463,950506
1787904468378,8e039d77-b093-290c-1e0c-6c1c20fc2784,/p/8/341a8ccfb88e2e4a,2,200,463760,156.189,5906.518,78517
1787904466679,94842fac-a0ca-65e9-7e11-3080fcf99d81,/p/0/dbade3b408f8b628,3,200,4608497,10.952,7883.064,584607
1787904467031,94842fac-a0ca-65e9-7e11-3080fcf99d81,/p/1/c5abd6888c5b5a53,4,200,4347881,60.413,7562.611,574918
1787904472673,6aa09d22-6ca0-73cd-4fba-df45b8093e44,/p/3/1a09a747010b4706,3,200,484177,146.744,1941.339,249404
1787904474287,4386d7ae-65c3-e458-463b-45c4641b688f,/?crawl=47,0,200,462699,22.175,500.230,924973
1787904474593,94842fac-a0ca-65e9-7e11-3080fcf99d81,/p/0/2b91ccff0b5f9615,5,200,134176,11.638,336.559,398670
1787904470755,89650a79-d702-0bef-e132-e64552e54bcd,/p/0/f95b1d52a105cb0d,2,200,248299,143.674,4182.505,59366
1787904474593,94842fac-a0ca-65e9-7e11-3080fcf99d81,/p/0/2b91cbff0b5f9462,5,200,354169,64.140,549.927,644029
1787904474593,94842fac-a0ca-65e9-7e11-3080fcf99d81,/p/0/2b91c9ff0b5f90fc,5,200,393657,11.612,621.972,632918
1787904469287,b62e526a-8938-dca9-0f61-fa25ea0ca185,/?crawl=43,0,200,3278591,35.016,6119.087,535797
1787904472629,90ed1c25-9021-447c-eb85-53f34f9e58b2,/p/0/a1b33eecb9ec3096,5,200,368477,138.806,2940.695,125303
1787904475406,b62e526a-8938-dca9-0f61-fa25ea0ca185,/p/1/5b12c7e948a0ae10,1,200,36997,32.370,299.009,123732
1787904462287,884ce7f0-e331-4256-af16-200a70deea5d,/?crawl=30,0,200,6267565,34.918,13433.868,466550
1787904472919,89650a79-d702-0bef-e132-e64552e54bcd,/p/0/e3b445a291cd541,3,200,92665,359.431,2836.938,32664
1787904472850,5515c72f-40b2-f184-ff1b-ea4aa95ee51a,/p/0/d3fbe2884fe1f645,2,200,313870,56.388,3080.581,101887
1787904472629,90ed1c25-9021-447c-eb85-53f34f9e58b2,/p/0/a1b33decb9ec2ee3,5,200,485940,138.782,3981.570,122047
1787904475705,b62e526a-8938-dca9-0f61-fa25ea0ca185,/p/0/23d32153e4177b3b,2,200,46683,592.579,1023.379,45617
1787904473035,da25c7c8-a251-fd70-ce15-aa518802c899,/p/4/7a0501cb97a466da,6,200,363860,147.015,3930.553,92572
1787904472919,89650a79-d702-0bef-e132-e64552e54bcd,/p/0/e3b415a291cd028,3,200,208358,395.440,4265.575,48846
1787904455287,2ee20978-8e84-b243-63bc-68d509852845,/?crawl=18,0,200,3543983,88.994,21916.356,161705
1787904467055,a9665421-ad30-ae1e-ed69-6e4036368fcb,/p/2/cfe918f9bd5f70a7,2,200,408877,651.736,10196.292,40101
1787904472850,5515c72f-40b2-f184-ff1b-ea4aa95ee51a,/p/0/d3fbdf884fe1f12c,2,200,375121,170.417,4442.197,84445
1787904473035,da25c7c8-a251-fd70-ce15-aa518802c899,/p/0/7a0502cb97a4688d,6,200,410544,176.782,4454.769,92158
1787904470755,89650a79-d702-0bef-e132-e64552e54bcd,/p/0/f95b1a52a105c5f4,2,200,474956,107.481,6825.712,69583
1787904473035,da25c7c8-a251-fd70-ce15-aa518802c899,/p/0/7a04ffcb97a46374,6,200,356190,162.933,4600.496,77424
1787904476965,da25c7c8-a251-fd70-ce15-aa518802c899,/p/0/e764f7215913b486,7,200,89913,178.495,866.099,103814
1787904477251,a9665421-ad30-ae1e-ed69-6e4036368fcb,/p/0/7c08590a775b2abb,3,200,12408,502.630,618.305,20068
1787904477287,eaed037e-675c-346e-4242-f8381a0a4745,/?crawl=51,0,200,456181,25.890,679.251,671594
1787904476965,da25c7c8-a251-fd70-ce15-aa518802c899,/p/3/e764f8215913b639,7,200,103477,197.540,1305.813,79243
1787904475406,b62e526a-8938-dca9-0f61-fa25ea0ca185,/p/0/5b12c8e948a0afc3,1,200,355867,181.588,2945.485,120818
1787904475705,b62e526a-8938-dca9-0f61-fa25ea0ca185,/p/0/23d32253e4177cee,2,200,320383,592.443,2856.778,112148
1787904477489,da25c7c8-a251-fd70-ce15-aa518802c899,/p/0/e764f6215913b2d3,7,200,137834,175.273,1087.086,126792
1787904475721,884ce7f0-e331-4256-af16-200a70deea5d,/p/0/908b6e1397023d69,1,200,405626,243.304,2882.951,140698
1787904478287,79dd8fd9-2d15-48fd-c248-9b62234a16b6,/?crawl=53,0,200,294980,17.965,324.298,909596
1787904474077,20bed0a1-3b3f-3aa7-097e-0ad416139e92,/p/0/e65ddd7c6c362228,7,200,196910,244.413,4607.234,42739
1787904472919,89650a79-d702-0bef-e132-e64552e54bcd,/p/6/e3b425a291cd1db,3,200,476248,359.424,6034.311,78923
1787904467375,e691194e-b4c1-a929-59bd-337dec07dcd6,/p/0/38df70c6a5eb8738,2,200,5820868,46.812,11641.019,500031
1787904475705,b62e526a-8938-dca9-0f61-fa25ea0ca185,/p/0/23d32353e4177ea1,2,200,473799,592.315,3363.339,140872
1787904478611,79dd8fd9-2d15-48fd-c248-9b62234a16b6,/p/0/49a0f964ad938a73,1,200,174479,31.316,589.672,295892
1787904477966,eaed037e-675c-346e-4242-f8381a0a4745,/p/0/22cc4fa9845da000,1,200,342527,32.470,1404.408,243894
1787904479287,cf4cc14c-53b8-4059-eafd-fc02db0f9391,/?crawl=55,0,200,55489,25.579,90.421,613676
1787904478611,79dd8fd9-2d15-48fd-c248-9b62234a16b6,/p/2/49a0fb64ad938dd9,1,200,379592,15.856,931.698,407420
1787904479377,cf4cc14c-53b8-4059-eafd-fc02db0f9391,/p/0/7075a51fd6c9784c,1,200,14251,131.317,229.576,62075
1787904478287,c514b8a7-0063-d729-c505-2047d53ec718,/?crawl=52,0,200,142542,154.644,1406.877,101318
1787904478611,79dd8fd9-2d15-48fd-c248-9b62234a16b6,/p/0/49a0fa64ad938c26,1,200,439896,49.581,1104.160,398399
1787904479543,79dd8fd9-2d15-48fd-c248-9b62234a16b6,/p/0/45855b3abbc5012d,2,200,23402,81.098,188.491,124154
1787904469287,60f5158c-ce0b-a63e-fcdc-b32ad41ddc16,/?crawl=42,0,200,3431514,52.364,10469.476,327764
1787904477966,eaed037e-675c-346e-4242-f8381a0a4745,/p/0/22cc52a9845da519,1,200,459860,21.829,1806.335,254582
1787904479543,79dd8fd9-2d15-48fd-c248-9b62234a16b6,/p/0/4585583abbc4fc14,2,200,113110,81.159,343.560,329229
1787904479287,7ed51fa5-e8a6-fea6-d06f-7e61c6bd3a8e,/?crawl=57,0,200,129613,75.962,715.171,181234
1787904479287,65a95eec-dbfc-d92a-cdf9-389d92aec8b1,/?crawl=56,0,200,246647,61.374,1045.543,235903
1787904468245,1cdd3781-2ce9-56fa-8fa8-6ce4e1d03c96,/p/0/2bde16003bd9e8e8,1,200,4995314,46.667,12153.172,411030
1787904477251,a9665421-ad30-ae1e-ed69-6e4036368fcb,/p/0/7c085a0a775b2c6e,3,200,120075,387.094,3241.681,37041
1787904474614,6aa09d22-6ca0-73cd-4fba-df45b8093e44,/p/0/c9aecc0c2836f5c4,4,200,450518,1996.603,5997.354,75119
1787904479377,cf4cc14c-53b8-4059-eafd-fc02db0f9391,/p/1/7075a61fd6c979ff,1,200,380091,109.559,1398.667,271752
1787904478271,da25c7c8-a251-fd70-ce15-aa518802c899,/p/0/9a1f7aeb5bd96cd4,8,200,187275,228.933,2536.215,73840
1787904480776,cf4cc14c-53b8-4059-eafd-fc02db0f9391,/p/0/d8e22b4761afe7ee,2,200,18345,110.186,210.103,87314
1787904474285,8e039d77-b093-290c-1e0c-6c1c20fc2784,/p/0/9510a0429d150f17,3,200,438118,313.330,6740.220,65001
1787904464498,ade48f0c-dc8f-ae30-8cfb-7b7ac789fbf2,/p/0/1addbbda70dd9155,2,200,3529378,209.311,16583.804,212821
1787904464256,dd3108d0-e672-b95a-87a3-0f6387f152c9,/p/0/ab3ebe062e8c7a3a,2,200,2604654,155.069,16909.975,154031
1787904478271,da25c7c8-a251-fd70-ce15-aa518802c899,/p/2/9a1f7ceb5bd9703a,8,200,256627,228.937,2898.191,88547
1787904464498,ade48f0c-dc8f-ae30-8cfb-7b7ac789fbf2,/p/0/1addbada70dd8fa2,2,200,3985978,209.310,16689.916,238826
1787904477203,2ee20978-8e84-b243-63bc-68d509852845,/p/0/56a3d56d582b85df,1,200,195754,597.029,4032.860,48540
1787904469287,6dbb6597-13c5-b4fa-c282-3144c2f01ad2,/?crawl=41,0,200,4068354,48.992,12006.486,338846
1787904457287,feb73dc3-f420-7e6b-b3f9-395fbdb5cc29,/?crawl=23,0,200,6023071,60.145,24138.655,249520
1787904481287,4e603dc4-1a93-b6b8-f2c2-d75ecbc85a84,/?crawl=60,0,200,74248,52.397,272.333,272637
1787904474285,8e039d77-b093-290c-1e0c-6c1c20fc2784,/p/7/95109f429d150d64,3,200,335460,287.424,7342.499,45687
1787904480332,65a95eec-dbfc-d92a-cdf9-389d92aec8b1,/p/1/3dffb7d6b647012,1,200,118852,60.113,1403.659,84673
1787904481169,da25c7c8-a251-fd70-ce15-aa518802c899,/p/0/2134758a3bac0928,9,200,60264,149.356,641.354,93964
1787904481287,bae0bd91-afba-a9b9-ff04-cf0010e2890a,/?crawl=58,0,200,355179,24.367,527.995,672694
1787904481559,4e603dc4-1a93-b6b8-f2c2-d75ecbc85a84,/p/0/6c06b4a3e6545381,1,200,44772,50.109,268.632,166667
1787904481815,bae0bd91-afba-a9b9-ff04-cf0010e2890a,/p/0/2ab4a838949a5f9e,1,200,10489,20.243,30.753,341070
1787904462156,dd3108d0-e672-b95a-87a3-0f6387f152c9,/p/0/3a7bde4437002753,1,200,3435044,144.644,19745.426,173967
1787904461880,5a867274-6461-6cfd-5377-f43c304d3564,/p/0/fca337ec050dcadd,1,200,5411045,38.029,20121.371,268920
1787904477203,2ee20978-8e84-b243-63bc-68d509852845,/p/0/56a3d66d582b8792,1,200,292336,512.641,4848.470,60294
1787904481293,6dbb6597-13c5-b4fa-c282-3144c2f01ad2,/p/0/81e770a471d696d0,1,200,70569,126.701,807.716,87369
1787904478954,89650a79-d702-0bef-e132-e64552e54bcd,/p/0/587cc63af0beb5dc,4,200,227349,358.568,3176.578,71570
1787904480776,cf4cc14c-53b8-4059-eafd-fc02db0f9391,/p/0/d8e2294761afe488,2,200,346248,110.211,1491.357,232170
1787904479756,60f5158c-ce0b-a63e-fcdc-b32ad41ddc16,/p/0/ee7d1f46dd3ba789,1,200,319811,41.413,2670.916,119738
1787904481559,4e603dc4-1a93-b6b8-f2c2-d75ecbc85a84,/p/1/6c06b2a3e654501b,1,200,105313,146.898,989.163,106467
1787904477203,2ee20978-8e84-b243-63bc-68d509852845,/p/5/56a3d46d582b842c,1,200,432198,85.807,5499.179,78593
1787904482287,00af6127-8ac9-c464-615a-4797aa087839,/?crawl=62,0,200,160752,45.757,468.875,342846
1787904474287,47e10d20-df2c-6e18-596e-8be08ec866d2,/?crawl=45,0,200,5687733,25.214,8622.513,659638
1787904479756,60f5158c-ce0b-a63e-fcdc-b32ad41ddc16,/p/0/ee7d1d46dd3ba423,1,200,411812,62.006,3303.063,124676
1787904481815,bae0bd91-afba-a9b9-ff04-cf0010e2890a,/p/0/2ab4a738949a5deb,1,200,439858,42.326,1256.641,350027
1787904481815,bae0bd91-afba-a9b9-ff04-cf0010e2890a,/p/1/2ab4a638949a5c38,1,200,460225,30.647,1331.261,345706
1787904478954,89650a79-d702-0bef-e132-e64552e54bcd,/p/0/587cc93af0bebaf5,4,200,282103,70.886,4224.429,66779
1787904479756,60f5158c-ce0b-a63e-fcdc-b32ad41ddc16,/p/0/ee7d1c46dd3ba270,1,200,462134,41.361,3489.983,132417
1787904478954,89650a79-d702-0bef-e132-e64552e54bcd,/p/5/587cc83af0beb942,4,200,382384,214.628,4477.002,85411
1787904481293,6dbb6597-13c5-b4fa-c282-3144c2f01ad2,/p/0/81e772a471d69a36,1,200,321889,84.812,2150.863,149656
1787904481287,0a02f36c-282b-eed8-c8ea-da6e09d12a51,/?crawl=59,0,200,316263,104.434,2225.711,142095
1787904481425,feb73dc3-f420-7e6b-b3f9-395fbdb5cc29,/p/0/f4bae15cf4d10ea5,1,200,206376,169.536,2269.088,90951
1787904483287,cda6bc5a-e6d5-5aae-77a8-e148cb046c27,/?crawl=64,0,200,249640,26.324,430.286,580172
1787904479543,79dd8fd9-2d15-48fd-c248-9b62234a16b6,/p/1/45855a3abbc4ff7a,2,200,4258442,88.835,4217.719,1009655
1787904481293,6dbb6597-13c5-b4fa-c282-3144c2f01ad2,/p/0/81e773a471d69be9,1,200,451219,43.949,2494.552,180882
1787904482756,00af6127-8ac9-c464-615a-4797aa087839,/p/0/92db5c5f0f8a3a8e,1,200,107701,39.596,1034.299,104129
1787904482756,00af6127-8ac9-c464-615a-4797aa087839,/p/2/92db5d5f0f8a3c41,1,200,134599,118.345,1113.239,120908
1787904483717,cda6bc5a-e6d5-5aae-77a8-e148cb046c27,/p/0/b9b00a1a38c02bcd,1,200,28605,110.774,170.850,167428
1787904482909,47e10d20-df2c-6e18-596e-8be08ec866d2,/p/0/cf90c61ac4426f1c,1,200,257874,23.521,1019.045,253054
1787904477966,eaed037e-675c-346e-4242-f8381a0a4745,/p/0/22cc50a9845da1b3,1,200,4541929,65.187,5974.629,760203
1787904457414,d32b69ad-48c7-59f9-dfdd-8241e725234c,/p/0/3910888390ca9df0,3,200,6262340,176.076,26549.918,235870
1787904469321,d32b69ad-48c7-59f9-dfdd-8241e725234c,/p/2/5c1ba8996bd579be,4,200,2361424,1449.173,14643.169,161265
1787904481169,da25c7c8-a251-fd70-ce15-aa518802c899,/p/1/2134768a3bac0adb,9,200,250619,210.141,2808.652,89231
1787904481627,8e039d77-b093-290c-1e0c-6c1c20fc2784,/p/0/9415e3d27af698ac,4,200,90192,284.488,2419.711,37274
1787904483512,0a02f36c-282b-eed8-c8ea-da6e09d12a51,/p/0/be1efa9629355098,1,200,39075,104.267,766.225,50997
1787904481559,4e603dc4-1a93-b6b8-f2c2-d75ecbc85a84,/p/0/6c06b1a3e6544e68,1,200,308300,146.876,2728.978,112973
1787904481627,8e039d77-b093-290c-1e0c-6c1c20fc2784,/p/6/9415e5d27af69c12,4,200,135855,257.666,2706.053,50204
1787904464256,dd3108d0-e672-b95a-87a3-0f6387f152c9,/p/0/ab3ebf062e8c7bed,2,200,4365973,155.083,20244.555,215662
1787904483146,bae0bd91-afba-a9b9-ff04-cf0010e2890a,/p/0/d798ce83c890add6,2,200,352297,22.952,1447.825,243328
1787904482909,47e10d20-df2c-6e18-596e-8be08ec866d2,/p/3/cf90c81ac4427282,1,200,469146,46.188,1780.254,263528
1787904481736,65a95eec-dbfc-d92a-cdf9-389d92aec8b1,/p/0/86069afa2a4b96ac,2,200,118430,388.424,3135.929,37766
1787904483760,79dd8fd9-2d15-48fd-c248-9b62234a16b6,/p/0/cd4210de6e3f9222,3,200,353785,107.212,1375.171,257266
1787904482702,2ee20978-8e84-b243-63bc-68d509852845,/p/0/cba50a4c2a4c751e,2,200,182284,386.717,2586.806,70467
1787904485287,25f17d6c-e297-6f0d-602c-3dcd2ce1de40,/?crawl=67,0,200,454904,7.967,190.534,2387516
1787904483760,79dd8fd9-2d15-48fd-c248-9b62234a16b6,/p/0/cd420ede6e3f8ebc,3,200,464366,150.024,1763.176,263369
1787904483761,79dd8fd9-2d15-48fd-c248-9b62234a16b6,/p/0/cd4211de6e3f93d5,3,200,458929,140.265,1780.021,257822
1787904479287,f1b48c63-c9c5-055f-9280-9a5206d82f9a,/?crawl=54,0,200,2166000,41.776,6287.220,344508
1787904481425,feb73dc3-f420-7e6b-b3f9-395fbdb5cc29,/p/0/f4bade5cf4d1098c,1,200,443337,57.627,4220.477,105044
1787904485478,25f17d6c-e297-6f0d-602c-3dcd2ce1de40,/p/0/4d1a5e77cd5b202d,1,200,153537,18.251,199.033,771416
1787904483431,89650a79-d702-0bef-e132-e64552e54bcd,/p/0/ca8488f443367b7c,5,200,132941,179.958,2266.275,58661
1787904485574,f1b48c63-c9c5-055f-9280-9a5206d82f9a,/p/0/dd0b51c2422e859f,1,200,36571,102.061,253.003,144547
1787904485478,25f17d6c-e297-6f0d-602c-3dcd2ce1de40,/p/2/4d1a5d77cd5b1e7a,1,200,333687,18.222,357.117,934390
1787904482702,2ee20978-8e84-b243-63bc-68d509852845,/p/4/cba5084c2a4c71b8,2,200,189916,83.237,3141.265,60458
1787904485574,f1b48c63-c9c5-055f-9280-9a5206d82f9a,/p/3/dd0b50c2422e83ec,1,200,39773,38.974,315.259,126160
1787904485835,25f17d6c-e297-6f0d-602c-3dcd2ce1de40,/p/0/4b9a294fba9307d0,2,200,101340,32.262,131.083,773101
1787904470237,bd92841b-61bc-ac51-d538-a7b4a7fe8e31,/p/5/a7118ae6a26534a6,1,200,6084483,52.142,15761.209,386042
1787904483869,00af6127-8ac9-c464-615a-4797aa087839,/p/0/7845f68c5163525c,2,200,214668,235.374,2290.118,93737
1787904485287,016a8d48-ed1e-efae-c645-541029fe70cf,/?crawl=68,0,200,181099,73.068,947.355,191163
1787904485998,bd92841b-61bc-ac51-d538-a7b4a7fe8e31,/p/0/6e21d7962a1470b1,2,200,55508,34.395,238.234,232998
1787904485835,25f17d6c-e297-6f0d-602c-3dcd2ce1de40,/p/0/4b9a2c4fba930ce9,2,200,380105,39.780,585.139,649598
1787904480332,65a95eec-dbfc-d92a-cdf9-389d92aec8b1,/p/0/3dffc7d6b6471c5,1,200,306413,90.068,6122.595,50046
1787904485889,f1b48c63-c9c5-055f-9280-9a5206d82f9a,/p/0/d1752c63e82302ba,2,200,35289,210.981,595.571,59252
1787904485998,bd92841b-61bc-ac51-d538-a7b4a7fe8e31,/p/0/6e21d4962a146b98,2,200,102242,102.589,527.927,193667
1787904481736,65a95eec-dbfc-d92a-cdf9-389d92aec8b1,/p/0/86069bfa2a4b985f,2,200,203448,388.435,4868.545,41788
1787904482548,4e603dc4-1a93-b6b8-f2c2-d75ecbc85a84,/p/0/dfa300f720792009,2,200,367306,289.887,4138.574,88752
1787904480332,65a95eec-dbfc-d92a-cdf9-389d92aec8b1,/p/0/3dff97d6b646cac,1,200,374145,90.134,6391.075,58542
1787904485889,f1b48c63-c9c5-055f-9280-9a5206d82f9a,/p/2/d1752d63e823046d,2,200,64844,231.347,870.003,74533
1787904470665,6aa09d22-6ca0-73cd-4fba-df45b8093e44,/p/0/62fb1b7858dd652f,1,200,4093949,26.351,16097.681,254319
1787904482548,4e603dc4-1a93-b6b8-f2c2-d75ecbc85a84,/p/0/dfa2fdf720791af0,2,200,365451,266.694,4214.128,86720
1787904485287,099e5437-7c23-8aa9-040e-385d463364e6,/?crawl=66,0,200,299170,74.795,1540.548,194197
1787904482548,4e603dc4-1a93-b6b8-f2c2-d75ecbc85a84,/p/0/dfa2fff720791e56,2,200,387147,240.510,4310.144,89822
1787904481736,65a95eec-dbfc-d92a-cdf9-389d92aec8b1,/p/0/86069dfa2a4b9bc5,2,200,261293,358.950,5166.329,50576
1787904483964,d32b69ad-48c7-59f9-dfdd-8241e725234c,/p/0/fbfa56edb3e792c9,5,200,472379,35.145,2966.193,159254
1787904482755,00af6127-8ac9-c464-615a-4797aa087839,/p/0/92db5b5f0f8a38db,1,200,484991,39.638,4190.579,115734
1787904475406,b62e526a-8938-dca9-0f61-fa25ea0ca185,/p/0/5b12c9e948a0b176,1,200,4866163,90.270,11565.435,420751
1787904486759,f1b48c63-c9c5-055f-9280-9a5206d82f9a,/p/1/b3b85c5334d90856,3,200,14032,337.782,527.586,26597
1787904484690,47e10d20-df2c-6e18-596e-8be08ec866d2,/p/2/866157f497e783d2,2,200,505306,121.062,2644.987,191043
1787904483964,d32b69ad-48c7-59f9-dfdd-8241e725234c,/p/1/fbfa55edb3e79116,5,200,340132,104.069,3512.522,96834
1787904483431,89650a79-d702-0bef-e132-e64552e54bcd,/p/4/ca8489f443367d2f,5,200,293242,72.644,4066.954,72104
1787904479377,cf4cc14c-53b8-4059-eafd-fc02db0f9391,/p/0/7075a81fd6c97d65,1,200,2602408,21.772,8152.717,319207
1787904483869,00af6127-8ac9-c464-615a-4797aa087839,/p/1/7845f78c5163540f,2,200,353977,235.397,3663.870,96613
1787904472673,6aa09d22-6ca0-73cd-4fba-df45b8093e44,/p/0/1a09a547010b43a0,3,200,2304519,146.774,15126.759,152347
1787904487287,ebc170d1-46f5-b95d-34ff-e2381ad17db9,/?crawl=69,0,200,191746,43.712,559.182,342904
1787904483512,0a02f36c-282b-eed8-c8ea-da6e09d12a51,/p/13/be1efb962935524b,1,200,299432,252.887,4406.952,67945
1787904485478,25f17d6c-e297-6f0d-602c-3dcd2ce1de40,/p/0/4d1a5b77cd5b1b14,1,200,3074892,6.702,2702.001,1138005
1787904483431,89650a79-d702-0bef-e132-e64552e54bcd,/p/0/ca848bf443368095,5,200,491100,216.049,5000.808,98204
1787904487498,89650a79-d702-0bef-e132-e64552e54bcd,/p/0/e7f4a41679474377,6,200,57905,503.434,1150.412,50334
1787904483978,da25c7c8-a251-fd70-ce15-aa518802c899,/p/0/515d8b61103ad4fc,10,200,362749,182.664,4762.097,76174
1787904475721,884ce7f0-e331-4256-af16-200a70deea5d,/p/0/908b6b1397023850,1,200,2679843,56.881,13103.847,204508
1787904471041,df6ed7a9-04b7-559c-1995-f5cadca28d7a,/p/3/b47195064cb610,3,200,3454544,169.456,17810.193,193964
1787904476290,246fa64f-2b07-3955-7e92-d8e3487dedd9,/?crawl=50,0,200,2704650,70.796,12706.146,212862
1787904487335,47e10d20-df2c-6e18-596e-8be08ec866d2,/p/0/a81ae0311d8e1954,3,200,225847,120.784,1684.242,134094
1787904487498,89650a79-d702-0bef-e132-e64552e54bcd,/p/0/e7f4a5167947452a,6,200,200761,360.273,1569.188,127939
1787904486828,099e5437-7c23-8aa9-040e-385d463364e6,/p/0/e084b0d561f61127,1,200,122184,405.783,2248.415,54342
1787904487498,89650a79-d702-0bef-e132-e64552e54bcd,/p/3/e7f4a316794741c4,6,200,463302,432.455,1637.455,282940
1787904487477,d32b69ad-48c7-59f9-dfdd-8241e725234c,/p/0/b170d5b05357199b,6,200,171395,209.903,1856.664,92313
1787904475721,884ce7f0-e331-4256-af16-200a70deea5d,/p/1/908b6d1397023bb6,1,200,3041918,249.416,13613.521,223448
1787904489135,89650a79-d702-0bef-e132-e64552e54bcd,/p/2/5a9e5bf625ade591,7,200,70029,3.785,227.324,308058
1787904463474,d828a9cb-ad94-c44a-2b73-79ad15446319,/p/0/8ba70f4b0c1b3697,2,200,2108437,564.906,26133.793,80679
1787904485835,25f17d6c-e297-6f0d-602c-3dcd2ce1de40,/p/1/4b9a2a4fba930983,2,200,6236447,32.307,3828.278,1629047
1787904489663,25f17d6c-e297-6f0d-602c-3dcd2ce1de40,/p/0/6a32a797039083a3,3,200,10482,6.473,8.882,1180190
1787904457308,20bed0a1-3b3f-3aa7-097e-0ad416139e92,/p/0/a107978553c54f01,4,200,2689469,208.473,32453.946,82870
1787904484333,8e039d77-b093-290c-1e0c-6c1c20fc2784,/p/0/c7f5af5f3a144bc7,5,200,156176,361.705,5493.735,28428
1787904487533,00af6127-8ac9-c464-615a-4797aa087839,/p/0/e8a52a98111aef33,3,200,216050,237.708,2399.192,90051
1787904486234,016a8d48-ed1e-efae-c645-541029fe70cf,/p/0/d0b409b7417ca2e9,1,200,417465,73.585,3711.289,112485
1787904486759,f1b48c63-c9c5-055f-9280-9a5206d82f9a,/p/0/b3b85d5334d90a09,3,200,146908,337.679,3207.179,45806
1787904487477,d32b69ad-48c7-59f9-dfdd-8241e725234c,/p/0/b170d7b053571d01,6,200,289604,209.891,2561.953,113040
1787904485844,2ee20978-8e84-b243-63bc-68d509852845,/p/0/389cdd61508e2d09,3,200,133707,461.169,4317.265,30970
1787904489135,89650a79-d702-0bef-e132-e64552e54bcd,/p/0/5a9e59f625ade22b,7,200,271498,3.058,1208.785,224604
1787904489135,89650a79-d702-0bef-e132-e64552e54bcd,/p/0/5a9e5af625ade3de,7,200,408093,3.244,1212.141,336671
1787904489363,89650a79-d702-0bef-e132-e64552e54bcd,/p/1/2d6ce491dd348e3f,8,200,387131,984.786,1002.132,386307
1787904489363,89650a79-d702-0bef-e132-e64552e54bcd,/p/0/2d6ce691dd3491a5,8,200,484067,985.416,1005.277,481526
1787904489663,25f17d6c-e297-6f0d-602c-3dcd2ce1de40,/p/0/6a32a99703908709,3,200,500784,11.413,709.931,705398
1787904472850,5515c72f-40b2-f184-ff1b-ea4aa95ee51a,/p/2/d3fbe1884fe1f492,2,200,3657099,283.791,17702.315,206589
1787904490287,7d9c7b4d-cf09-b954-ff09-358a7e04c9f8,/?crawl=71,0,200,252875,27.661,426.034,593556
1787904486759,f1b48c63-c9c5-055f-9280-9a5206d82f9a,/p/0/b3b85a5334d904f0,3,200,261185,297.041,4190.787,62324
1787904489335,884ce7f0-e331-4256-af16-200a70deea5d,/p/0/ba0244967e9f6fe3,2,200,202359,93.799,1626.893,124384
1787904487287,f1b48c63-c9c5-055f-9280-9a5206d82f9a,/p/0/8609d1d08778f092,4,200,248027,274.095,3788.749,65464
1787904489334,884ce7f0-e331-4256-af16-200a70deea5d,/p/0/ba0245967e9f7196,2,200,317232,77.894,1745.626,181730
1787904480776,cf4cc14c-53b8-4059-eafd-fc02db0f9391,/p/0/d8e22c4761afe9a1,2,200,4660632,122.049,10311.564,451981
1787904489334,884ce7f0-e331-4256-af16-200a70deea5d,/p/0/ba0246967e9f7349,2,200,296973,30.981,1759.766,168757
1787904487919,0a02f36c-282b-eed8-c8ea-da6e09d12a51,/p/0/b76036d27af17487,2,200,51004,759.420,3184.372,16017
1787904488851,df6ed7a9-04b7-559c-1995-f5cadca28d7a,/p/2/d83ef6d027cafdbb,4,200,275667,174.335,2300.004,119855
1787904483287,62ac10a2-7447-8800-96f0-2c216bdc4356,/?crawl=63,0,200,498855,222.955,7866.188,63418
1787904487533,00af6127-8ac9-c464-615a-4797aa087839,/p/0/e8a52c98111af299,3,200,426930,218.379,3624.542,117789
1787904486234,016a8d48-ed1e-efae-c645-541029fe70cf,/p/0/d0b406b7417c9dd0,1,200,2314477,182.135,5009.757,461994
1787904487846,ebc170d1-46f5-b95d-34ff-e2381ad17db9,/p/0/3d49b459ace1acd6,1,200,431862,247.648,3560.174,121304
1787904491287,fbcd9ccb-84a9-f8d1-584e-b348ee716d0c,/?crawl=73,0,200,275635,8.355,140.710,1958893
1787904453972,56d3aeef-5534-d227-8053-bb282bac9ad2,/p/0/42dc1a0e89f9adaf,3,200,3519722,1462.023,37478.383,93913
1787904487287,f1b48c63-c9c5-055f-9280-9a5206d82f9a,/p/0/8609d2d08778f245,4,200,215723,252.756,4270.880,50510
1787904487919,0a02f36c-282b-eed8-c8ea-da6e09d12a51,/p/12/b76035d27af172d4,2,200,122301,555.808,3640.330,33596
1787904487335,47e10d20-df2c-6e18-596e-8be08ec866d2,/p/0/a81ae3311d8e1e6d,3,200,488757,109.800,4254.761,114873
1787904485574,f1b48c63-c9c5-055f-9280-9a5206d82f9a,/p/0/dd0b52c2422e8752,1,200,488538,165.286,6064.023,80563
1787904483146,bae0bd91-afba-a9b9-ff04-cf0010e2890a,/p/0/d798cd83c890ac23,2,200,3059413,132.773,8586.753,356295
1787904454174,20bed0a1-3b3f-3aa7-097e-0ad416139e92,/p/0/c9e3fd9d7c936aeb,3,200,3173139,155.885,37561.117,84479
1787904463474,d828a9cb-ad94-c44a-2b73-79ad15446319,/p/15/8ba70e4b0c1b34e4,2,200,3217000,564.937,28267.049,113807
1787904483146,bae0bd91-afba-a9b9-ff04-cf0010e2890a,/p/0/d798cc83c890aa70,2,200,3803946,111.018,8596.500,442499
1787904490553,5515c72f-40b2-f184-ff1b-ea4aa95ee51a,/p/1/df8c21229bb4e52,3,200,157034,169.672,1361.721,115320
1787904486234,016a8d48-ed1e-efae-c645-541029fe70cf,/p/2/d0b407b7417c9f83,1,200,3274154,146.341,5757.695,568657
1787904491992,016a8d48-ed1e-efae-c645-541029fe70cf,/p/0/69303d58d6960a3c,2,200,6402,2.433,2.483,2578500
1787904485844,2ee20978-8e84-b243-63bc-68d509852845,/p/0/389cda61508e27f0,3,200,280384,419.978,6406.920,43763
1787904479694,c514b8a7-0063-d729-c505-2047d53ec718,/p/0/b636a70718f89979,1,200,463093,235.138,12666.529,36560
1787904491741,d828a9cb-ad94-c44a-2b73-79ad15446319,/p/14/2a0a2acca41474e5,3,200,172324,102.613,811.056,212469
1787904491992,016a8d48-ed1e-efae-c645-541029fe70cf,/p/0/69304058d6960f55,2,200,426048,317.016,643.378,662204
1787904489663,25f17d6c-e297-6f0d-602c-3dcd2ce1de40,/p/0/6a32a697039081f0,3,200,6216079,8.852,3113.838,1996276
1787904492552,d828a9cb-ad94-c44a-2b73-79ad15446319,/p/13/ca8bdaf249d88427,4,200,28795,114.151,490.288,58731
1787904488740,da25c7c8-a251-fd70-ce15-aa518802c899,/p/0/515d8e61103ada15,10,200,329176,166.905,4410.196,74640
1787904492552,d828a9cb-ad94-c44a-2b73-79ad15446319,/p/0/ca8bd9f249d88274,4,200,61640,123.182,656.455,93898
1787904491741,d828a9cb-ad94-c44a-2b73-79ad15446319,/p/0/2a0a28cca414717f,3,200,206193,102.867,1570.546,131287
1787904491992,016a8d48-ed1e-efae-c645-541029fe70cf,/p/1/69303e58d6960bef,2,200,3521518,2.573,1322.350,2663075
1787904485844,2ee20978-8e84-b243-63bc-68d509852845,/p/3/389cdc61508e2b56,3,200,439469,419.961,7473.031,58807
1787904493287,f5f961bf-20a4-0b39-6950-4145c4e817dc,/?crawl=75,0,200,193247,35.811,462.509,417823
1787904493314,016a8d48-ed1e-efae-c645-541029fe70cf,/p/0/49abdfe3877a74cb,3,200,358219,1.616,648.935,552011
1787904491914,5515c72f-40b2-f184-ff1b-ea4aa95ee51a,/p/0/bbe385317a2508,4,200,84309,288.161,2105.483,40043
1787904493311,d828a9cb-ad94-c44a-2b73-79ad15446319,/p/0/5822c6db19a42b67,5,200,163279,125.284,1272.988,128264
1787904488851,df6ed7a9-04b7-559c-1995-f5cadca28d7a,/p/0/d83ef5d027cafc08,4,200,398310,190.515,5805.955,68604
1787904490553,5515c72f-40b2-f184-ff1b-ea4aa95ee51a,/p/0/df8c31229bb5005,3,200,286846,56.179,4238.869,67670
1787904491287,3035e519-1f5a-b3a0-81c5-bfc036389d0b,/?crawl=72,0,200,2422781,22.607,3590.649,674747
1787904491151,df6ed7a9-04b7-559c-1995-f5cadca28d7a,/p/1/7bbf3d9ecaec2efd,5,200,315291,171.152,4198.276,75100
1787904494877,3035e519-1f5a-b3a0-81c5-bfc036389d0b,/p/0/bf423d32a66f82b2,1,200,202540,21.950,808.800,250420
1787904457308,20bed0a1-3b3f-3aa7-097e-0ad416139e92,/p/0/a107948553c549e8,4,200,4954313,192.023,38399.003,129022
1787904452187,20bed0a1-3b3f-3aa7-097e-0ad416139e92,/p/0/f1f68059fd033677,1,200,5486087,46.566,43522.153,126053
1787904464232,20bed0a1-3b3f-3aa7-097e-0ad416139e92,/p/0/aafd0e89249ef817,6,200,5907058,221.203,31548.768,187236
1787904494877,3035e519-1f5a-b3a0-81c5-bfc036389d0b,/p/0/bf423b32a66f7f4c,1,200,209722,44.657,975.162,215064
1787904494877,3035e519-1f5a-b3a0-81c5-bfc036389d0b,/p/0/bf423c32a66f80ff,1,200,378236,56.025,1172.523,322583
1787904493314,016a8d48-ed1e-efae-c645-541029fe70cf,/p/0/49abdee3877a7318,3,200,3283732,313.072,2918.113,1125293
1787904493749,f5f961bf-20a4-0b39-6950-4145c4e817dc,/p/0/2bd7e3d511d485d3,1,200,345735,116.372,2526.985,136817
1787904491560,0a02f36c-282b-eed8-c8ea-da6e09d12a51,/p/0/2d1728e743269958,3,200,118110,585.430,4772.657,24747
1787904493042,d828a9cb-ad94-c44a-2b73-79ad15446319,/p/12/5822c8db19a42ecd,5,200,478778,187.406,3297.350,145201
1787904493749,f5f961bf-20a4-0b39-6950-4145c4e817dc,/p/1/2bd7e5d511d48939,1,200,334248,47.937,2681.519,124649
1787904483717,cda6bc5a-e6d5-5aae-77a8-e148cb046c27,/p/4/b9b0081a38c02867,1,200,3764207,85.849,12785.473,294413
1787904495287,01768878-c066-100c-2b1c-50fa34bc1679,/?crawl=76,0,200,379534,53.820,1380.799,274866
1787904491914,5515c72f-40b2-f184-ff1b-ea4aa95ee51a,/p/0/bbe485317a26bb,4,200,388887,316.927,4775.356,81436
1787904491151,df6ed7a9-04b7-559c-1995-f5cadca28d7a,/p/0/7bbf3b9ecaec2b97,5,200,472765,188.111,5547.185,85226
1787904496502,cda6bc5a-e6d5-5aae-77a8-e148cb046c27,/p/0/f9fe3f10cd05df84,2,200,28814,121.762,203.302,141730
1787904493314,016a8d48-ed1e-efae-c645-541029fe70cf,/p/0/49abe0e3877a767e,3,200,5981574,312.999,3404.474,1756975
1787904488287,66485fe3-b6e5-dd61-dc8f-dfdb06939145,/?crawl=70,0,200,2997629,41.799,8444.352,354986
1787904493208,d828a9cb-ad94-c44a-2b73-79ad15446319,/p/0/5822c7db19a42d1a,5,200,468313,102.711,3582.957,130706
1787904484287,421d8b8a-06ad-8f14-eb82-0f25424d834c,/?crawl=65,0,200,514681,183.033,12553.341,41000
1787904490553,5515c72f-40b2-f184-ff1b-ea4aa95ee51a,/p/0/df8c01229bb4aec,3,200,415491,56.339,6478.533,64133
1787904491914,5515c72f-40b2-f184-ff1b-ea4aa95ee51a,/p/0/bbe585317a286e,4,200,314493,316.990,5116.801,61463
1787904496502,cda6bc5a-e6d5-5aae-77a8-e148cb046c27,/p/3/f9fe4110cd05e2ea,2,200,105938,121.769,546.572,193823
1787904496731,66485fe3-b6e5-dd61-dc8f-dfdb06939145,/p/0/e616e3edcfa5680c,1,200,92497,40.285,537.418,172114
1787904496731,66485fe3-b6e5-dd61-dc8f-dfdb06939145,/p/2/e616e5edcfa56b72,1,200,66167,245.236,537.450,123113
1787904458627,56d3aeef-5534-d227-8053-bb282bac9ad2,/p/8/82574769d94f49c3,4,200,4075533,260.486,38677.398,105372
1787904481425,feb73dc3-f420-7e6b-b3f9-395fbdb5cc29,/p/6/f4bae05cf4d10cf2,1,200,3429119,225.797,15908.199,215557
1787904496340,d828a9cb-ad94-c44a-2b73-79ad15446319,/p/11/67d5d031a7cd3870,6,200,93163,135.399,1091.086,85386
1787904484333,8e039d77-b093-290c-1e0c-6c1c20fc2784,/p/5/c7f5ae5f3a144a14,5,200,305070,258.719,13477.099,22636
1787904497305,56d3aeef-5534-d227-8053-bb282bac9ad2,/p/0/fcbec00188acba17,5,200,45318,284.359,920.871,49212
1787904497049,cda6bc5a-e6d5-5aae-77a8-e148cb046c27,/p/0/78e6a83e8befaa50,3,200,141411,192.993,1280.762,110412
1787904491151,df6ed7a9-04b7-559c-1995-f5cadca28d7a,/p/0/7bbf3c9ecaec2d4a,5,200,457993,221.671,7182.304,63767
1787904495350,df6ed7a9-04b7-559c-1995-f5cadca28d7a,/p/0/a0da4ebaf9d4fbe0,6,200,186273,302.476,3053.149,61010
1787904498287,cbc26799-6c4e-3569-3381-3c773ee02b70,/?crawl=79,0,200,319280,24.873,470.467,678645
1787904497305,56d3aeef-5534-d227-8053-bb282bac9ad2,/p/0/fcbec10188acbbca,5,200,105649,284.349,1454.255,72648
1787904497305,56d3aeef-5534-d227-8053-bb282bac9ad2,/p/7/fcbebf0188acb864,5,200,169410,378.760,1740.024,97361
1787904472629,90ed1c25-9021-447c-eb85-53f34f9e58b2,/p/2/a1b33cecb9ec2d30,5,200,4855420,138.773,26460.703,183496
1787904497334,feb73dc3-f420-7e6b-b3f9-395fbdb5cc29,/p/0/a9b27d5151dd76e9,2,200,346806,57.845,1905.233,182028
1787904497334,feb73dc3-f420-7e6b-b3f9-395fbdb5cc29,/p/0/a9b27a5151dd71d0,2,200,434463,113.433,1908.940,227594
1787904497268,66485fe3-b6e5-dd61-dc8f-dfdb06939145,/p/0/b13f6e259e0700b,2,200,216644,247.635,2092.126,103552
1787904497269,66485fe3-b6e5-dd61-dc8f-dfdb06939145,/p/0/b13f7e259e071be,2,200,177382,390.856,2194.284,80838
1787904496431,f5f961bf-20a4-0b39-6950-4145c4e817dc,/p/0/d07736e652980025,2,200,320119,172.318,3059.323,104637
1787904483964,d32b69ad-48c7-59f9-dfdd-8241e725234c,/p/0/fbfa53edb3e78db0,5,200,2660324,35.236,15583.700,170712
1787904497268,66485fe3-b6e5-dd61-dc8f-dfdb06939145,/p/1/b13f8e259e07371,2,200,198329,390.877,2338.151,84823
1787904496431,f5f961bf-20a4-0b39-6950-4145c4e817dc,/p/0/d07735e65297fe72,2,200,323955,206.594,3229.953,100297
1787904499287,d60d5cf1-cfe0-a10c-8d51-d0ecf551dc9d,/?crawl=81,0,200,294468,22.762,378.065,778882
1787904482287,2dbc2170-ac47-40ef-ba7e-d5c867efe7e4,/?crawl=61,0,200,278109,2103.480,17422.981,15962
1787904487846,ebc170d1-46f5-b95d-34ff-e2381ad17db9,/p/0/3d49b359ace1ab23,1,200,2282154,41.259,11978.211,190525
1787904496840,421d8b8a-06ad-8f14-eb82-0f25424d834c,/p/2/2645b2bca4253254,1,200,30311,1693.752,3012.067,10063
1787904485998,bd92841b-61bc-ac51-d538-a7b4a7fe8e31,/p/4/6e21d5962a146d4b,2,200,5748647,102.783,13938.825,412420
1787904499937,bd92841b-61bc-ac51-d538-a7b4a7fe8e31,/p/0/5f13b7e890af03f5,3,200,21176,34.005,83.452,253749
1787904499045,56d3aeef-5534-d227-8053-bb282bac9ad2,/p/0/54ea13ac320e910e,6,200,85030,251.551,1180.255,72044
1787904491428,fbcd9ccb-84a9-f8d1-584e-b348ee716d0c,/p/9/52ac90903b0a755f,1,200,4823503,48.985,8893.038,542391
1787904499089,90ed1c25-9021-447c-eb85-53f34f9e58b2,/p/0/ec6af7008601a015,6,200,157430,123.929,1361.983,115589
1787904496731,66485fe3-b6e5-dd61-dc8f-dfdb06939145,/p/0/e616e6edcfa56d25,1,200,368827,80.430,3759.152,98114
1787904495350,df6ed7a9-04b7-559c-1995-f5cadca28d7a,/p/0/a0da4fbaf9d4fd93,6,200,394020,217.233,5161.118,76344
1787904500321,fbcd9ccb-84a9-f8d1-584e-b348ee716d0c,/p/0/bee56676653e06d6,2,200,152950,48.541,405.004,377651
1787904491428,fbcd9ccb-84a9-f8d1-584e-b348ee716d0c,/p/0/52ac8f903b0a73ac,1,200,5179051,9.654,9330.002,555096
1787904499607,66485fe3-b6e5-dd61-dc8f-dfdb06939145,/p/0/d16e73a95b7115bf,3,200,110064,288.328,1172.550,93867
1787904453972,56d3aeef-5534-d227-8053-bb282bac9ad2,/p/0/42dc1b0e89f9af62,3,200,4784261,1367.746,46862.846,102091
1787904496699,df6ed7a9-04b7-559c-1995-f5cadca28d7a,/p/0/a0da50baf9d4ff46,6,200,332247,182.772,4185.946,79372
1787904466068,da25c7c8-a251-fd70-ce15-aa518802c899,/p/0/39f1fc79b4818f3d,3,200,2870501,153.177,34854.358,82357
1787904500321,fbcd9ccb-84a9-f8d1-584e-b348ee716d0c,/p/8/bee56776653e0889,2,200,275950,43.710,653.872,422025
1787904499607,66485fe3-b6e5-dd61-dc8f-dfdb06939145,/p/0/d16e75a95b711925,3,200,163173,226.946,1398.128,116708
1787904500975,fbcd9ccb-84a9-f8d1-584e-b348ee716d0c,/p/0/7bef85eb09b22462,3,200,52239,40.667,205.150,254638
1787904474614,6aa09d22-6ca0-73cd-4fba-df45b8093e44,/p/0/c9aecf0c2836fadd,4,200,4985431,2063.822,26610.390,187349
1787904491427,fbcd9ccb-84a9-f8d1-584e-b348ee716d0c,/p/0/52ac92903b0a78c5,1,200,5511483,9.699,9817.576,561389
1787904499937,bd92841b-61bc-ac51-d538-a7b4a7fe8e31,/p/0/5f13b4e890aefedc,3,200,303689,100.825,1410.313,215335
1787904499287,407c995c-84da-f786-dd41-e4e609aabe3b,/?crawl=80,0,200,267202,66.618,2072.530,128926
1787904500321,fbcd9ccb-84a9-f8d1-584e-b348ee716d0c,/p/0/bee56576653e0523,2,200,520260,43.710,1059.722,490940
1787904467947,1b2a4302-396a-16af-5c92-03547010d29c,/p/0/e81e41e975374f59,3,200,3644188,316.506,33579.929,108523
1787904500975,fbcd9ccb-84a9-f8d1-584e-b348ee716d0c,/p/0/7bef84eb09b222af,3,200,317546,40.720,561.324,565709
1787904460599,1b2a4302-396a-16af-5c92-03547010d29c,/p/0/26e7f3f6466ddc90,1,200,4322142,48.537,40948.321,105551
1787904500975,fbcd9ccb-84a9-f8d1-584e-b348ee716d0c,/p/7/7bef86eb09b22615,3,200,392255,37.159,585.802,669604
1787904487919,0a02f36c-282b-eed8-c8ea-da6e09d12a51,/p/0/b76037d27af1763a,2,200,521237,609.199,13641.837,38209
1787904501560,fbcd9ccb-84a9-f8d1-584e-b348ee716d0c,/p/6/49f0650c86aacf4b,4,200,19964,7.297,22.458,888965
1787904501560,fbcd9ccb-84a9-f8d1-584e-b348ee716d0c,/p/0/49f0670c86aad2b1,4,200,44917,10.259,48.379,928442
1787904501583,fbcd9ccb-84a9-f8d1-584e-b348ee716d0c,/p/0/b5c9277f622dfa6c,5,200,20121,53.987,83.582,240734
1787904501583,fbcd9ccb-84a9-f8d1-584e-b348ee716d0c,/p/5/b5c9297f622dfdd2,5,200,77833,45.476,166.626,467112
1787904499089,90ed1c25-9021-447c-eb85-53f34f9e58b2,/p/1/ec6af50086019caf,6,200,382731,148.108,2696.659,141928
1787904499937,bd92841b-61bc-ac51-d538-a7b4a7fe8e31,/p/3/5f13b6e890af0242,3,200,455575,175.556,1853.472,245795
1787904499045,56d3aeef-5534-d227-8053-bb282bac9ad2,/p/0/54ea12ac320e8f5b,6,200,321121,251.494,2795.227,114882
1787904490365,89650a79-d702-0bef-e132-e64552e54bcd,/p/0/9ccdd246e5369def,9,200,470228,2362.639,11599.851,40537
1787904474614,6aa09d22-6ca0-73cd-4fba-df45b8093e44,/p/2/c9aecd0c2836f777,4,200,5627664,1983.449,27365.842,205646
1787904467947,1b2a4302-396a-16af-5c92-03547010d29c,/p/0/e81e3fe975374bf3,3,200,5153539,291.963,34088.641,151181
1787904496287,bc26f4f8-22c6-58ec-613f-1c2819ae9cf1,/?crawl=77,0,200,6201115,34.427,5770.797,1074568
1787904501359,407c995c-84da-f786-dd41-e4e609aabe3b,/p/10/6279fcc70775a6f5,1,200,36636,304.125,733.234,49965
1787904499607,66485fe3-b6e5-dd61-dc8f-dfdb06939145,/p/0/d16e72a95b71140c,3,200,487832,206.045,2489.079,195989
1787904499045,56d3aeef-5534-d227-8053-bb282bac9ad2,/p/6/54ea11ac320e8da8,6,200,364453,229.813,3222.551,113095
1787904497287,c57956ed-198e-31d1-6633-76d152b0a175,/?crawl=78,0,200,6061704,16.928,5035.389,1203820
1787904490365,89650a79-d702-0bef-e132-e64552e54bcd,/p/0/9ccdd346e5369fa2,9,200,361104,2715.548,11961.122,30190
1787904501750,fbcd9ccb-84a9-f8d1-584e-b348ee716d0c,/p/4/94dda38aa24a9f08,6,200,268592,43.286,752.639,356867
1787904501980,6aa09d22-6ca0-73cd-4fba-df45b8093e44,/p/0/283b3e689ff2a405,5,200,65392,92.538,559.451,116886
1787904501560,fbcd9ccb-84a9-f8d1-584e-b348ee716d0c,/p/0/49f0640c86aacd98,4,200,467073,22.504,985.516,473938
1787904501750,fbcd9ccb-84a9-f8d1-584e-b348ee716d0c,/p/0/94dda58aa24aa26e,6,200,385957,43.289,1153.311,334651
1787904493317,2ee20978-8e84-b243-63bc-68d509852845,/p/2/fe20ecceae6a1b4f,4,200,387791,469.732,9643.149,40214
1787904502267,56d3aeef-5534-d227-8053-bb282bac9ad2,/p/0/5466539492480681,7,200,69670,117.367,837.595,83179
1787904502267,56d3aeef-5534-d227-8053-bb282bac9ad2,/p/5/54665294924804ce,7,200,99722,45.744,886.902,112439
1787904501359,407c995c-84da-f786-dd41-e4e609aabe3b,/p/0/6279fac70775a38f,1,200,144221,67.774,1807.449,79793
1787904501980,6aa09d22-6ca0-73cd-4fba-df45b8093e44,/p/0/283b3b689ff29eec,5,200,292901,26.361,1241.707,235886
1787904501786,90ed1c25-9021-447c-eb85-53f34f9e58b2,/p/0/8248847b81876199,7,200,164285,148.131,1437.793,114262
1787904502092,407c995c-84da-f786-dd41-e4e609aabe3b,/p/0/60bc9d110dd8218f,2,200,43818,338.747,1175.977,37261
1787904501791,bd92841b-61bc-ac51-d538-a7b4a7fe8e31,/p/2/6652f793469212c1,4,200,169869,101.381,1577.594,107676
1787904501791,bd92841b-61bc-ac51-d538-a7b4a7fe8e31,/p/0/6652f59346920f5b,4,200,265035,34.282,1629.167,162681
1787904487533,00af6127-8ac9-c464-615a-4797aa087839,/p/0/e8a52998111aed80,3,200,2613265,198.494,15950.220,163839
1787904502502,fbcd9ccb-84a9-f8d1-584e-b348ee716d0c,/p/0/7587674402acfbdc,7,200,336682,43.803,1010.043,333334
1787904501980,6aa09d22-6ca0-73cd-4fba-df45b8093e44,/p/1/283b3d689ff2a252,5,200,499795,105.521,1632.898,306079
1787904490365,89650a79-d702-0bef-e132-e64552e54bcd,/p/0/9ccdd146e5369c3c,9,200,491454,1658.262,13258.580,37067
1787904496840,421d8b8a-06ad-8f14-eb82-0f25424d834c,/p/0/2645b4bca42535ba,1,200,159319,302.055,6885.903,23137
1787904491560,0a02f36c-282b-eed8-c8ea-da6e09d12a51,/p/11/2d172ae743269cbe,3,200,378168,689.826,12220.671,30945
1787904502287,c03130d8-90a5-6de6-039a-c41f5e2408bf,/?crawl=83,0,200,266555,81.987,1522.314,175099
1787904502502,fbcd9ccb-84a9-f8d1-584e-b348ee716d0c,/p/3/7587684402acfd8f,7,200,504044,46.971,1382.531,364580
1787904502546,fbcd9ccb-84a9-f8d1-584e-b348ee716d0c,/p/0/75876a4402ad00f5,7,200,457141,40.975,1347.058,339362
1787904503613,6aa09d22-6ca0-73cd-4fba-df45b8093e44,/p/0/d4d7da22cbce3da8,6,200,62152,26.652,404.771,153549
1787904502092,407c995c-84da-f786-dd41-e4e609aabe3b,/p/9/60bc9f110dd824f5,2,200,91383,370.507,1973.679,46301
1787904467055,a9665421-ad30-ae1e-ed69-6e4036368fcb,/p/0/cfe917f9bd5f6ef4,2,200,2346616,458.619,37165.892,63139
1787904502057,bc26f4f8-22c6-58ec-613f-1c2819ae9cf1,/p/0/5033a19e89e9b60,1,200,263852,119.073,2174.707,121328
1787904502057,bc26f4f8-22c6-58ec-613f-1c2819ae9cf1,/p/1/5033b19e89e9d13,1,200,402886,136.570,2389.526,168605
1787904502057,bc26f4f8-22c6-58ec-613f-1c2819ae9cf1,/p/0/5033d19e89ea079,1,200,361420,153.617,2508.368,144086
1787904503368,bd92841b-61bc-ac51-d538-a7b4a7fe8e31,/p/0/aa70fc53aede3b64,5,200,103324,170.144,1281.730,80613
1787904487477,d32b69ad-48c7-59f9-dfdd-8241e725234c,/p/0/b170d4b0535717e8,6,200,4416798,209.837,17185.142,257013
1787904503809,c03130d8-90a5-6de6-039a-c41f5e2408bf,/p/0/a83afeae49a4c822,1,200,68625,81.853,915.818,74933
1787904503885,fbcd9ccb-84a9-f8d1-584e-b348ee716d0c,/p/0/9896ab48903c0b0f,8,200,400483,40.068,1065.465,375876
1787904463813,4554079d-1420-510c-38ca-4f4ef1f0fdf9,/p/0/cbd4b1c440aa839f,3,200,5149139,16.413,41254.247,124815
1787904503885,fbcd9ccb-84a9-f8d1-584e-b348ee716d0c,/p/0/9896ac48903c0cc2,8,200,459824,40.063,1213.519,378918
1787904504287,9387670a-db81-58a6-77b2-597edce00652,/?crawl=84,0,200,217042,62.200,894.313,242691
1787904503885,fbcd9ccb-84a9-f8d1-584e-b348ee716d0c,/p/2/9896aa48903c095c,8,200,492401,40.070,1317.046,373868
1787904505202,fbcd9ccb-84a9-f8d1-584e-b348ee716d0c,/p/0/4ad32cdfdbd6224b,9,200,17868,56.689,92.478,193213
1787904477251,a9665421-ad30-ae1e-ed69-6e4036368fcb,/p/1/7c085b0a775b2e21,3,200,3583976,658.174,28051.592,127764
1787904505202,fbcd9ccb-84a9-f8d1-584e-b348ee716d0c,/p/1/4ad32bdfdbd62098,9,200,41301,56.717,101.264,407854
1787904487846,ebc170d1-46f5-b95d-34ff-e2381ad17db9,/p/2/3d49b259ace1a970,1,200,4976594,205.682,17657.550,281839
1787904501786,90ed1c25-9021-447c-eb85-53f34f9e58b2,/p/0/8248837b81875fe6,7,200,320452,160.249,3722.046,86096
1787904501786,90ed1c25-9021-447c-eb85-53f34f9e58b2,/p/0/8248827b81875e33,7,200,412256,123.815,3771.298,109314
1787904489827,8e039d77-b093-290c-1e0c-6c1c20fc2784,/p/0/c7f5b05f3a144d7a,5,200,483308,227.627,15754.178,30678
1787904503368,bd92841b-61bc-ac51-d538-a7b4a7fe8e31,/p/1/aa70fe53aede3eca,5,200,277124,187.662,2289.728,121029
1787904505303,fbcd9ccb-84a9-f8d1-584e-b348ee716d0c,/p/0/1716a7d5dee05a82,10,200,110687,58.179,396.536,279135
1787904503613,6aa09d22-6ca0-73cd-4fba-df45b8093e44,/p/0/d4d7dd22cbce42c1,6,200,488660,66.838,2110.630,231523
1787904463349,a9665421-ad30-ae1e-ed69-6e4036368fcb,/p/0/23f5c0712b9d2e63,1,200,5285290,149.636,42393.901,124671
1787904505303,a9665421-ad30-ae1e-ed69-6e4036368fcb,/p/0/4cd81260ca8be772,4,200,90035,439.688,440.736,204283
1787904505303,fbcd9ccb-84a9-f8d1-584e-b348ee716d0c,/p/0/1716a5d5dee0571c,10,200,145750,62.482,482.012,302379
1787904504447,bc26f4f8-22c6-58ec-613f-1c2819ae9cf1,/p/0/b1c06e78e211dff4,2,200,244708,136.983,1374.615,178019
1787904505303,a9665421-ad30-ae1e-ed69-6e4036368fcb,/p/0/4cd81160ca8be5bf,4,200,350099,440.788,599.504,583982
1787904503613,6aa09d22-6ca0-73cd-4fba-df45b8093e44,/p/0/d4d7dc22cbce410e,6,200,484077,40.873,2303.419,210156
1787904505181,9387670a-db81-58a6-77b2-597edce00652,/p/0/14d0a550b509cb43,1,200,78238,57.933,807.581,96879
1787904502267,56d3aeef-5534-d227-8053-bb282bac9ad2,/p/0/5466509492480168,7,200,395539,141.856,3808.601,103854
1787904502092,407c995c-84da-f786-dd41-e4e609aabe3b,/p/0/60bc9e110dd82342,2,200,164924,403.027,4015.678,41070
1787904505303,fbcd9ccb-84a9-f8d1-584e-b348ee716d0c,/p/0/1716a6d5dee058cf,10,200,332033,72.822,863.627,384464
1787904493317,2ee20978-8e84-b243-63bc-68d509852845,/p/0/fe20ebceae6a199c,4,200,518619,513.396,13005.931,39876
1787904505287,b4adaf70-07f6-7a64-9577-306cbff66ac6,/?crawl=86,0,200,352865,30.989,1049.680,336164
1787904484690,47e10d20-df2c-6e18-596e-8be08ec866d2,/p/0/866155f497e7806c,2,200,3710656,121.031,21735.222,170721
1787904471041,df6ed7a9-04b7-559c-1995-f5cadca28d7a,/p/0/b47395064cb976,3,200,6065862,186.292,35438.872,171164
1787904505287,fd959da8-830a-ae5e-2f3f-c57ec98424e8,/?crawl=85,0,200,347683,81.425,1918.366,181239
1787904506287,368a2d59-9316-04ef-758a-b07adf6e1cb6,/?crawl=87,0,200,397725,35.770,988.071,402527
1787904504066,407c995c-84da-f786-dd41-e4e609aabe3b,/p/0/ea44ab295feb37c3,3,200,134902,363.894,3537.971,38130
1787904481169,da25c7c8-a251-fd70-ce15-aa518802c899,/p/0/2134788a3bac0e41,9,200,2624780,179.774,26497.070,99059
1787904505658,bd92841b-61bc-ac51-d538-a7b4a7fe8e31,/p/0/87bf390d742e4e14,6,200,115847,205.768,2090.682,55411
1787904470230,da25c7c8-a251-fd70-ce15-aa518802c899,/p/0/152e90887590b59c,5,200,3749544,159.997,37556.224,99838
1787904504447,bc26f4f8-22c6-58ec-613f-1c2819ae9cf1,/p/0/b1c07078e211e35a,2,200,359327,170.188,3344.054,107453
1787904507288,50789202-f36f-7c1f-e151-c87cd1ff5670,/?crawl=93,0,200,359793,32.606,643.352,559248
1787904505303,a9665421-ad30-ae1e-ed69-6e4036368fcb,/p/0/4cd81060ca8be40c,4,200,4292496,441.088,2652.321,1618392
1787904472451,90ed1c25-9021-447c-eb85-53f34f9e58b2,/p/0/7e87c6178838e58d,4,200,6244139,113.493,35672.823,175039
1787904464118,4554079d-1420-510c-38ca-4f4ef1f0fdf9,/p/8/c1ac637bee7a6f22,4,200,3868060,327.576,44347.154,87222
1787904502960,2ee20978-8e84-b243-63bc-68d509852845,/p/0/3d8291105c30ceae,5,200,200915,957.565,5573.583,36048
1787904505503,ebc170d1-46f5-b95d-34ff-e2381ad17db9,/p/0/19fa972480b8fa43,2,200,439600,41.364,3043.531,144437
1787904506336,b4adaf70-07f6-7a64-9577-306cbff66ac6,/p/0/edfbfb958bd3e0d0,1,200,318958,29.657,2326.385,137105
1787904506336,b4adaf70-07f6-7a64-9577-306cbff66ac6,/p/8/edfbfc958bd3e283,1,200,210761,146.309,2399.987,87818
1787904502960,2ee20978-8e84-b243-63bc-68d509852845,/p/1/3d8292105c30d061,5,200,469018,1002.044,5918.131,79251
1787904472451,90ed1c25-9021-447c-eb85-53f34f9e58b2,/p/0/7e87c3178838e074,4,200,6123093,125.860,36475.177,167870
1787904496339,d828a9cb-ad94-c44a-2b73-79ad15446319,/p/0/67d5d131a7cd3a23,6,200,345471,104.743,12668.074,27271
1787904505658,bd92841b-61bc-ac51-d538-a7b4a7fe8e31,/p/0/87bf3c0d742e532d,6,200,427800,205.769,3382.124,126489
1787904499852,421d8b8a-06ad-8f14-eb82-0f25424d834c,/p/0/9f313fd74ec0a847,2,200,89434,1385.115,9351.093,9564
1787904508466,4554079d-1420-510c-38ca-4f4ef1f0fdf9,/p/0/d37ed4ed3cc9857d,5,200,17342,565.465,859.109,20186
1787904503809,c03130d8-90a5-6de6-039a-c41f5e2408bf,/p/0/a83afcae49a4c4bc,1,200,508212,249.184,5631.538,90244
1787904482909,47e10d20-df2c-6e18-596e-8be08ec866d2,/p/0/cf90c91ac4427435,1,200,4822503,122.294,26591.296,181356
1787904483869,00af6127-8ac9-c464-615a-4797aa087839,/p/0/7845f98c51635775,2,200,5015909,195.559,25785.443,194525
1787904505202,fbcd9ccb-84a9-f8d1-584e-b348ee716d0c,/p/0/4ad32ddfdbd623fe,9,200,2537113,48.662,4458.163,569094
1787904509539,7e69f724-e6a0-2a40-4452-8a4b906303f6,/?crawl=94,0,200,32144,65.048,157.814,203683
1787904507275,368a2d59-9316-04ef-758a-b07adf6e1cb6,/p/0/5a91a837f738ee23,1,200,256783,31.775,2454.777,104605
1787904482702,2ee20978-8e84-b243-63bc-68d509852845,/p/0/cba5094c2a4c736b,2,200,2261102,216.100,27042.584,83613
1787904496431,f5f961bf-20a4-0b39-6950-4145c4e817dc,/p/0/d07733e65297fb0c,2,200,2352732,206.739,13338.577,176386
1787904478271,da25c7c8-a251-fd70-ce15-aa518802c899,/p/0/9a1f7deb5bd971ed,8,200,3497333,212.826,31860.095,109772
1787904487335,47e10d20-df2c-6e18-596e-8be08ec866d2,/p/1/a81ae2311d8e1cba,3,200,4208729,144.512,22816.736,184458
1787904503154,56d3aeef-5534-d227-8053-bb282bac9ad2,/p/0/357050dc44f7ec85,8,200,524251,234.734,7152.188,73299
1787904503154,56d3aeef-5534-d227-8053-bb282bac9ad2,/p/0/35704ddc44f7e76c,8,200,520189,284.463,7222.417,72024
1787904506336,b4adaf70-07f6-7a64-9577-306cbff66ac6,/p/0/edfbfe958bd3e5e9,1,200,479959,29.711,4070.393,117915
1787904505581,8e039d77-b093-290c-1e0c-6c1c20fc2784,/p/0/c331cb959286989d,6,200,237498,285.116,4883.967,48628
1787904508736,b4adaf70-07f6-7a64-9577-306cbff66ac6,/p/0/5e1bf6196b1d42c5,2,200,308763,282.805,1769.231,174518
1787904483717,cda6bc5a-e6d5-5aae-77a8-e148cb046c27,/p/0/b9b0071a38c026b4,1,200,6123346,23.806,26791.313,228557
1787904504066,407c995c-84da-f786-dd41-e4e609aabe3b,/p/8/ea44aa295feb3610,3,200,338377,329.098,6479.072,52226
1787904484690,47e10d20-df2c-6e18-596e-8be08ec866d2,/p/0/866158f497e78585,2,200,4732322,121.082,25945.174,182397
1787904501750,fbcd9ccb-84a9-f8d1-584e-b348ee716d0c,/p/0/94dda48aa24aa0bb,6,200,4790436,38.773,8929.762,536457
1787904510287,9524b432-f9ab-4a28-a64c-5f2d1c914b1a,/?crawl=95,0,200,243675,31.892,499.407,487928
1787904510151,47e10d20-df2c-6e18-596e-8be08ec866d2,/p/0/cb9b54c1347be736,4,200,75040,189.770,636.242,117943
1787904507275,368a2d59-9316-04ef-758a-b07adf6e1cb6,/p/3/5a91a737f738ec70,1,200,368088,214.894,3526.856,104367
1787904510152,47e10d20-df2c-6e18-596e-8be08ec866d2,/p/0/cb9b53c1347be583,4,200,102624,168.412,701.682,146254
1787904507275,368a2d59-9316-04ef-758a-b07adf6e1cb6,/p/0/5a91a937f738efd6,1,200,476475,214.861,3631.320,131213
1787904501583,fbcd9ccb-84a9-f8d1-584e-b348ee716d0c,/p/0/b5c92a7f622dff85,5,200,5480048,58.659,9414.841,582065
1787904510786,9524b432-f9ab-4a28-a64c-5f2d1c914b1a,/p/2/224b2ff832f5e013,1,200,56861,89.896,279.091,203736
1787904508878,2ee20978-8e84-b243-63bc-68d509852845,/p/0/e1785a8aec657254,6,200,62781,1976.576,2337.287,26861
1787904508737,b4adaf70-07f6-7a64-9577-306cbff66ac6,/p/7/5e1bf4196b1d3f5f,2,200,450258,223.315,2569.815,175210
1787904508878,2ee20978-8e84-b243-63bc-68d509852845,/p/0/e1785d8aec65776d,6,200,105026,1976.398,2451.222,42846
1787904508878,2ee20978-8e84-b243-63bc-68d509852845,/p/0/e1785c8aec6575ba,6,200,129569,1976.532,2458.850,52695
1787904493317,2ee20978-8e84-b243-63bc-68d509852845,/p/0/fe20eeceae6a1eb5,4,200,2430576,469.675,18050.744,134652
1787904510287,3238cff0-35ff-96e0-d854-ad98428c98a0,/?crawl=96,0,200,157058,84.318,1183.519,132704
1787904511287,5a3c5a8e-40e4-c62b-0d7c-7887c08401cc,/?crawl=97,0,200,213671,26.971,343.809,621481
1787904503780,0a02f36c-282b-eed8-c8ea-da6e09d12a51,/p/0/927a8893b7dce8d7,4,200,168232,1066.509,7870.403,21375
1787904510545,407c995c-84da-f786-dd41-e4e609aabe3b,/p/7/fe46bd1b0ccf0e03,4,200,405892,368.666,1235.668,328480
1787904510802,368a2d59-9316-04ef-758a-b07adf6e1cb6,/p/0/c8a0fccb10fd8a1a,2,200,211763,104.292,1086.182,194961
1787904505658,bd92841b-61bc-ac51-d538-a7b4a7fe8e31,/p/0/87bf3b0d742e517a,6,200,494724,257.672,6301.622,78507
1787904508466,4554079d-1420-510c-38ca-4f4ef1f0fdf9,/p/7/d37ed3ed3cc983ca,5,200,188372,490.344,3626.513,51943
1787904509697,7e69f724-e6a0-2a40-4452-8a4b906303f6,/p/0/8ee0db9a9e5aebb3,1,200,179699,353.748,2514.955,71452
1787904511306,b4adaf70-07f6-7a64-9577-306cbff66ac6,/p/0/95dbe6a105cd63f0,3,200,116641,165.427,1033.914,112815
1787904510802,368a2d59-9316-04ef-758a-b07adf6e1cb6,/p/2/c8a0facb10fd86b4,2,200,197304,170.883,1556.293,126778
1787904499089,90ed1c25-9021-447c-eb85-53f34f9e58b2,/p/0/ec6af40086019afc,6,200,3696505,160.493,13344.304,277010
1787904508737,b4adaf70-07f6-7a64-9577-306cbff66ac6,/p/0/5e1bf3196b1d3dac,2,200,508080,223.301,3823.585,132881
1787904502960,2ee20978-8e84-b243-63bc-68d509852845,/p/0/3d8290105c30ccfb,5,200,5748118,957.803,9792.583,586987
1787904511306,b4adaf70-07f6-7a64-9577-306cbff66ac6,/p/6/95dbe7a105cd65a3,3,200,233076,179.783,1447.996,160965
1787904511781,407c995c-84da-f786-dd41-e4e609aabe3b,/p/0/7eec26500f4c7bda,5,200,236796,417.248,1003.612,235944
1787904488851,df6ed7a9-04b7-559c-1995-f5cadca28d7a,/p/0/d83ef8d027cb0121,4,200,4852454,174.283,23983.411,202325
1787904512287,f6bae70e-8e32-824e-020f-a0430d830dee,/?crawl=99,0,200,307529,28.371,553.407,555701
1787904511781,407c995c-84da-f786-dd41-e4e609aabe3b,/p/6/7eec27500f4c7d8d,5,200,293784,417.136,1115.701,263318
1787904511287,e0d084cd-c12e-5675-977c-c8db1a456fb1,/?crawl=98,0,200,497413,49.303,1648.923,301659
1787904512936,e0d084cd-c12e-5675-977c-c8db1a456fb1,/p/0/77dcdbfd959e7497,1,200,21421,166.979,260.876,82112
1787904512358,368a2d59-9316-04ef-758a-b07adf6e1cb6,/p/0/73d09bb3386b73bf,3,200,66068,348.540,1098.019,60170
1787904506287,bcd4ed17-009f-a3dd-d16f-419d96ba6ee3,/?crawl=88,0,200,419836,250.041,7216.023,58181
1787904513287,9e76a4fa-dba9-f69c-cdf7-e87a0d0fd304,/?crawl=100,0,200,339395,16.176,280.808,1208638
1787904513567,9e76a4fa-dba9-f69c-cdf7-e87a0d0fd304,/p/0/ccff2d74c980d002,1,200,52023,12.416,46.662,1114878
1787904512840,f6bae70e-8e32-824e-020f-a0430d830dee,/p/0/b47305b2a3968f7,1,200,179145,63.205,823.765,217471
1787904512897,407c995c-84da-f786-dd41-e4e609aabe3b,/p/5/13e86dd215ea3462,6,200,270670,45.953,848.151,319129
1787904511306,b4adaf70-07f6-7a64-9577-306cbff66ac6,/p/0/95dbe9a105cd6909,3,200,355564,194.970,2568.508,138432
1787904499852,421d8b8a-06ad-8f14-eb82-0f25424d834c,/p/0/9f3140d74ec0a9fa,2,200,245121,1667.654,14185.092,17280
1787904512754,b4adaf70-07f6-7a64-9577-306cbff66ac6,/p/5/ba327411a43061bf,4,200,115966,144.310,1323.401,87627
1787904507205,fd959da8-830a-ae5e-2f3f-c57ec98424e8,/p/0/81664ff3206ed530,1,200,353146,395.301,7014.003,50349
1787904509697,7e69f724-e6a0-2a40-4452-8a4b906303f6,/p/0/8ee0dc9a9e5aed66,1,200,383919,95.173,4547.942,84416
1787904513745,407c995c-84da-f786-dd41-e4e609aabe3b,/p/0/13e86ed215ea3615,6,200,166328,37.530,501.354,331757
1787904512840,f6bae70e-8e32-824e-020f-a0430d830dee,/p/0/b472f5b2a396744,1,200,303914,128.814,1428.152,212802
1787904512840,f6bae70e-8e32-824e-020f-a0430d830dee,/p/0/b47325b2a396c5d,1,200,347774,25.619,1479.689,235032
1787904511065,9524b432-f9ab-4a28-a64c-5f2d1c914b1a,/p/1/29c2fff5263b4909,2,200,209950,148.645,3265.116,64301
1787904510151,47e10d20-df2c-6e18-596e-8be08ec866d2,/p/0/cb9b52c1347be3d0,4,200,2510544,189.632,4198.181,598008
1787904512092,4554079d-1420-510c-38ca-4f4ef1f0fdf9,/p/6/dc67b8edf5cecebf,6,200,75815,461.650,2462.246,30791
1787904475295,df8e9f1d-1b79-50bc-e59a-2f82e831f807,/?crawl=48,0,200,4533043,398.968,39442.198,114929
1787904514737,df8e9f1d-1b79-50bc-e59a-2f82e831f807,/p/0/b0a471eeab493f2e,1,200,39414,2.564,3.524,11185411
1787904514737,df8e9f1d-1b79-50bc-e59a-2f82e831f807,/p/0/b0a472eeab4940e1,1,200,19373,3.499,3.854,5026719
1787904513503,bcd4ed17-009f-a3dd-d16f-419d96ba6ee3,/p/23/fdcca7b3ac4d578d,1,200,50745,244.109,1347.596,37656
1787904514737,df8e9f1d-1b79-50bc-e59a-2f82e831f807,/p/0/b0a470eeab493d7b,1,200,135401,3.826,130.794,1035221
1787904499287,93661c0e-6efc-2e91-60c2-ca0dc889041f,/?crawl=82,0,200,292155,572.350,15616.347,18708
1787904512358,368a2d59-9316-04ef-758a-b07adf6e1cb6,/p/0/73d09cb3386b7572,3,200,272888,210.356,2620.071,104153
1787904509697,7e69f724-e6a0-2a40-4452-8a4b906303f6,/p/2/8ee0da9a9e5aea00,1,200,474696,63.429,5326.293,89123
1787904507289,e478d6e5-93c8-71e2-3afb-80c4ce852b26,/?crawl=91,0,200,2506541,32.542,7746.732,323561
1787904511065,9524b432-f9ab-4a28-a64c-5f2d1c914b1a,/p/0/29c2fef5263b4756,2,200,259449,241.461,4026.257,64439
1787904513567,9e76a4fa-dba9-f69c-cdf7-e87a0d0fd304,/p/0/ccff2c74c980ce4f,1,200,301853,59.596,1568.940,192393
1787904514078,b4adaf70-07f6-7a64-9577-306cbff66ac6,/p/0/cfc3d3cbf8203fd7,5,200,125373,168.186,1116.253,112316
1787904514287,d7007b1b-1b86-b86b-f460-aef0b78b35f3,/?crawl=103,0,200,472792,32.147,929.283,508771
1787904513567,9e76a4fa-dba9-f69c-cdf7-e87a0d0fd304,/p/5/ccff2b74c980cc9c,1,200,503203,46.659,1657.381,303613
1787904515216,d7007b1b-1b86-b86b-f460-aef0b78b35f3,/p/0/873e2a8d8751ad22,1,200,6088,44.924,44.970,135378
1787904512092,4554079d-1420-510c-38ca-4f4ef1f0fdf9,/p/0/dc67baedf5ced225,6,200,79635,461.630,3310.823,24053
1787904515225,9e76a4fa-dba9-f69c-cdf7-e87a0d0fd304,/p/0/c64a43632d97e8ab,2,200,103418,11.882,203.958,507056
1787904515216,d7007b1b-1b86-b86b-f460-aef0b78b35f3,/p/0/873e298d8751ab6f,1,200,70293,31.055,255.417,275209
1787904493749,f5f961bf-20a4-0b39-6950-4145c4e817dc,/p/0/2bd7e4d511d48786,1,200,5300202,31.667,21807.294,243047
1787904515225,9e76a4fa-dba9-f69c-cdf7-e87a0d0fd304,/p/0/c64a44632d97ea5e,2,200,190897,34.705,378.447,504423
1787904514330,9524b432-f9ab-4a28-a64c-5f2d1c914b1a,/p/0/28328cf57d430c2c,3,200,118018,160.812,1417.612,83251
1787904503780,0a02f36c-282b-eed8-c8ea-da6e09d12a51,/p/0/927a8993b7dcea8a,4,200,342020,603.174,12065.724,28346
1787904507289,545f0e10-b881-01cb-6c18-b2b01fb7334c,/?crawl=92,0,200,2330492,54.746,8593.320,271198
1787904510786,9524b432-f9ab-4a28-a64c-5f2d1c914b1a,/p/0/224b2ef832f5de60,1,200,398998,148.893,5102.669,78194
1787904514330,9524b432-f9ab-4a28-a64c-5f2d1c914b1a,/p/0/28328df57d430ddf,3,200,122681,160.798,1605.570,76410
1787904513503,bcd4ed17-009f-a3dd-d16f-419d96ba6ee3,/p/0/fdcca6b3ac4d55da,1,200,68918,993.722,2572.901,26786
1787904512092,4554079d-1420-510c-38ca-4f4ef1f0fdf9,/p/0/dc67b7edf5cecd0c,6,200,126751,384.916,4086.137,31020
1787904515882,545f0e10-b881-01cb-6c18-b2b01fb7334c,/p/3/35edacc19fcae72,1,200,43622,73.319,316.192,137960
1787904483978,da25c7c8-a251-fd70-ce15-aa518802c899,/p/0/515d8c61103ad6af,10,200,5763014,284.505,32231.871,178799
1787904515287,77e01bcf-b9bd-324a-f26a-6e4c9971cc92,/?crawl=105,0,200,424397,34.065,959.332,442388
1787904515287,6a7482c4-5056-2b67-6935-10d442c4eee4,/?crawl=104,0,200,476806,33.464,1052.905,452848
1787904515036,e478d6e5-93c8-71e2-3afb-80c4ce852b26,/p/0/6ff4846e8561b6ac,1,200,183691,222.006,1489.052,123361
1787904497049,cda6bc5a-e6d5-5aae-77a8-e148cb046c27,/p/0/78e6ab3e8befaf69,3,200,3324554,238.978,19557.977,169985
1787904516199,545f0e10-b881-01cb-6c18-b2b01fb7334c,/p/0/2da2db090777b064,2,200,7412,548.787,572.994,12936
1787904515216,d7007b1b-1b86-b86b-f460-aef0b78b35f3,/p/2/873e2b8d8751aed5,1,200,248098,85.720,1599.060,155152
1787904516287,7a2fb8de-5e61-3a1f-8e31-d8fa508e4821,/?crawl=106,0,200,226856,45.077,678.455,334372
1787904515023,7e69f724-e6a0-2a40-4452-8a4b906303f6,/p/0/e8c8849d94864b26,2,200,221364,183.530,2187.520,101194
1787904499710,2dbc2170-ac47-40ef-ba7e-d5c867efe7e4,/p/12/d89c5d4651b95a08,1,200,231628,322.838,17521.309,13220
1787904515036,e478d6e5-93c8-71e2-3afb-80c4ce852b26,/p/0/6ff4876e8561bbc5,1,200,432802,106.766,2256.204,191828
1787904508466,4554079d-1420-510c-38ca-4f4ef1f0fdf9,/p/0/d37ed1ed3cc98064,5,200,423475,490.474,8906.071,47549
1787904476290,8f790c2f-b83e-39ce-f6a9-bd665f4d7c6e,/?crawl=49,0,200,5256999,275.089,41101.046,127904
1787904516965,7a2fb8de-5e61-3a1f-8e31-d8fa508e4821,/p/4/a62a80b9a04ae076,1,200,67775,42.056,486.842,139214
1787904517290,b2da21eb-11f4-d6a9-674c-ae78458611ff,/?crawl=108,0,200,165351,22.449,193.257,855600
1787904507289,4e66515b-0eec-e566-9a83-42c0429a738e,/?crawl=90,0,200,5434387,27.624,10237.563,530828
1787904486828,099e5437-7c23-8aa9-040e-385d463364e6,/p/0/e084b1d561f612da,1,200,2831537,76.790,30721.949,92167
1787904515036,e478d6e5-93c8-71e2-3afb-80c4ce852b26,/p/3/6ff4856e8561b85f,1,200,502700,36.424,2610.392,192576
1787904510545,407c995c-84da-f786-dd41-e4e609aabe3b,/p/0/fe46bf1b0ccf1169,4,200,3288316,400.084,7137.794,460691
1787904516965,7a2fb8de-5e61-3a1f-8e31-d8fa508e4821,/p/0/a62a7eb9a04add10,1,200,76215,275.896,786.216,96939
1787904517290,e4916780-b671-2e54-4ae7-a90b8d9fc687,/?crawl=109,0,200,78542,77.318,464.400,169126
1787904517483,b2da21eb-11f4-d6a9-674c-ae78458611ff,/p/0/6851d8616e58809a,1,200,162068,24.619,448.331,361492
1787904517683,407c995c-84da-f786-dd41-e4e609aabe3b,/p/4/9f70927e762f161,7,200,272166,19.462,330.944,822392
1787904515225,9e76a4fa-dba9-f69c-cdf7-e87a0d0fd304,/p/4/c64a42632d97e6f8,2,200,3594584,47.504,3012.155,1193360
1787904503154,56d3aeef-5534-d227-8053-bb282bac9ad2,/p/4/35704edc44f7e91f,8,200,4289660,331.281,15134.689,283432
1787904518014,407c995c-84da-f786-dd41-e4e609aabe3b,/p/0/9f70827e762efae,7,200,246788,18.189,353.996,697148
1787904516247,77e01bcf-b9bd-324a-f26a-6e4c9971cc92,/p/0/12c02a5c0bafe8b0,1,200,362287,29.577,2146.404,168788
1787904517483,b2da21eb-11f4-d6a9-674c-ae78458611ff,/p/5/6851d6616e587d34,1,200,426712,43.448,1103.190,386798
1787904501359,407c995c-84da-f786-dd41-e4e609aabe3b,/p/0/6279fbc70775a542,1,200,4830841,336.482,17304.675,279164
1787904518368,407c995c-84da-f786-dd41-e4e609aabe3b,/p/0/9f70727e762edfb,7,200,288574,17.433,316.595,911492
1787904516246,77e01bcf-b9bd-324a-f26a-6e4c9971cc92,/p/3/12c02b5c0bafea63,1,200,361054,126.698,2469.691,146194
1787904517646,e478d6e5-93c8-71e2-3afb-80c4ce852b26,/p/2/dcf53242a98e093e,2,200,150667,100.482,1076.529,139956
1787904516815,d7007b1b-1b86-b86b-f460-aef0b78b35f3,/p/1/d2c687ee8d7716d7,2,200,399183,160.243,1997.049,199886
1787904518237,9e76a4fa-dba9-f69c-cdf7-e87a0d0fd304,/p/3/17f6e7878ac66346,3,200,318491,41.209,582.457,546806
1787904489966,f1b48c63-c9c5-055f-9280-9a5206d82f9a,/p/0/8609d0d08778eedf,4,200,4794618,293.174,28871.422,166068
1787904504066,407c995c-84da-f786-dd41-e4e609aabe3b,/p/0/ea44ac295feb3976,3,200,4246853,364.110,14795.560,287036
1787904518287,3615649a-3380-da01-dc16-43c36beb2850,/?crawl=111,0,200,297011,33.676,653.238,454675
1787904515023,7e69f724-e6a0-2a40-4452-8a4b906303f6,/p/1/e8c8859d94864cd9,2,200,427176,95.580,3986.028,107168
1787904514246,407c995c-84da-f786-dd41-e4e609aabe3b,/p/0/13e86bd215ea30fc,6,200,3035852,48.244,4789.344,633876
1787904515023,7e69f724-e6a0-2a40-4452-8a4b906303f6,/p/0/e8c8839d94864973,2,200,278540,61.897,4017.822,69326
1787904518812,d7007b1b-1b86-b86b-f460-aef0b78b35f3,/p/0/4324f5988e77475b,3,200,38887,183.185,434.125,89576
1787904512754,b4adaf70-07f6-7a64-9577-306cbff66ac6,/p/0/ba327311a430600c,4,200,2599236,144.302,6506.552,399480
1787904519009,7e69f724-e6a0-2a40-4452-8a4b906303f6,/p/0/9bca797240dcbb9c,3,200,38276,63.511,280.134,136635
1787904518586,b2da21eb-11f4-d6a9-674c-ae78458611ff,/p/0/3d3b506765ef444f,2,200,143750,91.494,737.537,194905
1787904504447,bc26f4f8-22c6-58ec-613f-1c2819ae9cf1,/p/0/b1c07178e211e50d,2,200,5584976,170.167,14917.657,374387
1787904518664,407c995c-84da-f786-dd41-e4e609aabe3b,/p/3/85fc5bf4e953098e,8,200,516611,20.286,708.632,729026
1787904519373,407c995c-84da-f786-dd41-e4e609aabe3b,/p/0/95ed6433fd01d659,9,200,83047,19.214,102.748,808261
1787904518289,56d3aeef-5534-d227-8053-bb282bac9ad2,/p/3/7afb64e6b09679b9,9,200,145355,142.604,1211.133,120016
1787904518237,9e76a4fa-dba9-f69c-cdf7-e87a0d0fd304,/p/0/17f6e8878ac664f9,3,200,382376,30.328,1295.501,295157
1787904497334,feb73dc3-f420-7e6b-b3f9-395fbdb5cc29,/p/5/a9b27c5151dd7536,2,200,5955617,284.073,22201.669,268251
1787904514078,b4adaf70-07f6-7a64-9577-306cbff66ac6,/p/4/cfc3d5cbf820433d,5,200,2375470,140.264,5509.622,431149
1787904518812,d7007b1b-1b86-b86b-f460-aef0b78b35f3,/p/0/4324f4988e7745a8,3,200,38274,168.778,807.210,47415
1787904519475,407c995c-84da-f786-dd41-e4e609aabe3b,/p/0/95ed6133fd01d140,9,200,132361,23.051,169.412,781294
1787904517526,4e66515b-0eec-e566-9a83-42c0429a738e,/p/0/dc8a3210f0c6c5b2,1,200,372801,154.410,2126.921,175277
1787904518820,9e76a4fa-dba9-f69c-cdf7-e87a0d0fd304,/p/0/86487f1815b4b888,4,200,324482,61.394,841.280,385701
1787904518819,9e76a4fa-dba9-f69c-cdf7-e87a0d0fd304,/p/0/8648821815b4bda1,4,200,244619,61.440,912.108,268191
1787904517526,4e66515b-0eec-e566-9a83-42c0429a738e,/p/0/dc8a3110f0c6c3ff,1,200,445772,154.139,2325.753,191668
1787904510546,407c995c-84da-f786-dd41-e4e609aabe3b,/p/0/fe46bc1b0ccf0c50,4,200,5163093,334.661,9324.088,553737
1787904518820,9e76a4fa-dba9-f69c-cdf7-e87a0d0fd304,/p/2/8648801815b4ba3b,4,200,312183,66.514,1130.489,276149
1787904519287,a06a45b3-74be-ee56-0637-6ebae4ae4f55,/?crawl=112,0,200,344529,32.670,738.326,466635
1787904515882,545f0e10-b881-01cb-6c18-b2b01fb7334c,/p/0/35edbcc19fcb025,1,200,235404,49.316,4145.998,56779
1787904515882,545f0e10-b881-01cb-6c18-b2b01fb7334c,/p/0/35ed8cc19fcab0c,1,200,345012,49.336,4283.070,80553
1787904485889,f1b48c63-c9c5-055f-9280-9a5206d82f9a,/p/0/d1752b63e8230107,2,200,5423751,253.417,34433.616,157513
1787904518586,b2da21eb-11f4-d6a9-674c-ae78458611ff,/p/4/3d3b4f6765ef429c,2,200,520074,82.565,1757.179,295971
1787904518940,3615649a-3380-da01-dc16-43c36beb2850,/p/0/a59f502fe19b365,1,200,293294,31.278,1512.705,193887
1787904518940,3615649a-3380-da01-dc16-43c36beb2850,/p/0/a59f202fe19ae4c,1,200,269617,79.301,1712.874,157406
1787904520025,a06a45b3-74be-ee56-0637-6ebae4ae4f55,/p/0/76efa0a5697ebf05,1,200,87939,92.944,685.839,128221
1787904519535,feb73dc3-f420-7e6b-b3f9-395fbdb5cc29,/p/0/27472c1cae014a10,3,200,64515,169.857,1187.015,54351
1787904520287,86902037-e94d-c67a-2647-d148468d1add,/?crawl=113,0,200,184540,34.021,458.886,402148
1787904519950,9e76a4fa-dba9-f69c-cdf7-e87a0d0fd304,/p/1/3eef0a169507013b,5,200,338895,77.618,940.804,360219
1787904520025,a06a45b3-74be-ee56-0637-6ebae4ae4f55,/p/0/76ef9da5697eb9ec,1,200,213248,57.561,954.565,223398
1787904496840,421d8b8a-06ad-8f14-eb82-0f25424d834c,/p/0/2645b3bca4253407,1,200,343893,1693.698,24205.974,14207
1787904517452,7a2fb8de-5e61-3a1f-8e31-d8fa508e4821,/p/3/39733630a433221f,2,200,285708,213.021,3610.110,79141
1787904512785,407c995c-84da-f786-dd41-e4e609aabe3b,/p/0/7eec25500f4c7a27,5,200,4830779,37.409,8298.429,582132
1787904519500,56d3aeef-5534-d227-8053-bb282bac9ad2,/p/2/bc51f07cf3b8f7d8,10,200,42409,263.673,1622.657,26136
1787904518812,d7007b1b-1b86-b86b-f460-aef0b78b35f3,/p/0/4324f7988e774ac1,3,200,384873,168.762,2440.304,157715
1787904518940,3615649a-3380-da01-dc16-43c36beb2850,/p/2/a59f402fe19b1b2,1,200,516454,31.380,2328.203,221825
1787904520287,5cba03b0-8544-5485-4ce7-3c8c1313e4c9,/?crawl=114,0,200,352300,59.212,1001.811,351663
1787904517646,e478d6e5-93c8-71e2-3afb-80c4ce852b26,/p/0/dcf53342a98e0af1,2,200,428755,32.664,3727.470,115026
1787904520025,a06a45b3-74be-ee56-0637-6ebae4ae4f55,/p/2/76ef9ea5697ebb9f,1,200,338331,91.506,1359.226,248914
1787904521288,5cba03b0-8544-5485-4ce7-3c8c1313e4c9,/p/0/501af1ea4048cc13,1,200,26736,69.984,116.636,229225
1787904521384,a06a45b3-74be-ee56-0637-6ebae4ae4f55,/p/0/2c11aa6358c3a8fb,2,200,17919,106.080,153.924,116415
1787904521287,bc98b8b7-e452-ab67-b1e4-2e7f2bdeded2,/?crawl=115,0,200,118324,35.291,260.689,453889
1787904510465,8e039d77-b093-290c-1e0c-6c1c20fc2784,/p/0/c331c89592869384,6,200,475164,311.457,11121.681,42724
1787904519950,9e76a4fa-dba9-f69c-cdf7-e87a0d0fd304,/p/0/3eef0c16950704a1,5,200,387330,77.612,1687.485,229531
1787904520891,9e76a4fa-dba9-f69c-cdf7-e87a0d0fd304,/p/0/84fbff441abda446,6,200,311820,76.660,1006.576,309783
1787904521288,5cba03b0-8544-5485-4ce7-3c8c1313e4c9,/p/1/501af3ea4048cf79,1,200,105243,143.600,627.777,167644
1787904518862,407c995c-84da-f786-dd41-e4e609aabe3b,/p/0/85fc59f4e9530628,8,200,3510584,27.557,3147.339,1115414
1787904517646,e478d6e5-93c8-71e2-3afb-80c4ce852b26,/p/0/dcf53042a98e05d8,2,200,444842,48.563,4407.569,100927
1787904521384,a06a45b3-74be-ee56-0637-6ebae4ae4f55,/p/0/2c11ab6358c3aaae,2,200,123623,92.486,671.926,183983
1787904514287,654ea73b-bbfc-9123-9dcc-0f72185a3f46,/?crawl=101,0,200,2257169,44.944,7797.389,289478
1787904521268,3615649a-3380-da01-dc16-43c36beb2850,/p/0/e7c94ed64583c2c8,2,200,158643,31.327,832.750,190505
1787904518723,e478d6e5-93c8-71e2-3afb-80c4ce852b26,/p/1/2835195cc2457975,3,200,283110,193.609,3501.723,80849
1787904520891,9e76a4fa-dba9-f69c-cdf7-e87a0d0fd304,/p/0/84fc00441abda5f9,6,200,316651,76.751,1338.786,236521
1787904520891,9e76a4fa-dba9-f69c-cdf7-e87a0d0fd304,/p/0/84fbfe441abda293,6,200,354456,76.674,1345.356,263466
1787904518289,56d3aeef-5534-d227-8053-bb282bac9ad2,/p/0/7afb63e6b0967806,9,200,366956,45.808,4027.383,91115
1787904520343,b2da21eb-11f4-d6a9-674c-ae78458611ff,/p/0/19ac384603e7369f,3,200,363571,82.167,2007.666,181091
1787904522287,bdc3760a-7816-6e4e-660f-cc91c678b82f,/?crawl=118,0,200,16631,51.962,79.451,209325
1787904519535,feb73dc3-f420-7e6b-b3f9-395fbdb5cc29,/p/0/27472f1cae014f29,3,200,287370,59.084,2916.600,98529
1787904522224,e478d6e5-93c8-71e2-3afb-80c4ce852b26,/p/0/965a271565b983aa,4,200,17238,176.212,278.847,61819
1787904519535,feb73dc3-f420-7e6b-b3f9-395fbdb5cc29,/p/4/27472e1cae014d76,3,200,430771,59.079,3055.818,140968
1787904518685,407c995c-84da-f786-dd41-e4e609aabe3b,/p/0/85fc5cf4e9530b41,8,200,5161471,17.747,3907.809,1320809
1787904520343,b2da21eb-11f4-d6a9-674c-ae78458611ff,/p/0/19ac394603e73852,3,200,472885,107.594,2266.864,208608
1787904519373,407c995c-84da-f786-dd41-e4e609aabe3b,/p/2/95ed6333fd01d4a6,9,200,4715134,27.044,3246.857,1452215
1787904522619,407c995c-84da-f786-dd41-e4e609aabe3b,/p/1/3a21f3ca8725c904,10,200,38984,2.945,17.699,2202567
1787904522637,407c995c-84da-f786-dd41-e4e609aabe3b,/p/0/db2955b47409f056,11,200,50565,19.078,45.818,1103602
1787904519588,b4adaf70-07f6-7a64-9577-306cbff66ac6,/p/3/1cec76e882fe87a5,6,200,193474,2249.937,3142.796,61561
1787904522619,407c995c-84da-f786-dd41-e4e609aabe3b,/p/0/3a21f4ca8725cab7,10,200,212847,1.290,140.459,1515371
1787904522637,407c995c-84da-f786-dd41-e4e609aabe3b,/p/0/db2956b47409f209,11,200,123986,20.887,126.984,976393
1787904518716,77e01bcf-b9bd-324a-f26a-6e4c9971cc92,/p/0/8c354f358665c1e3,2,200,412168,189.562,4082.999,100947
1787904521916,5cba03b0-8544-5485-4ce7-3c8c1313e4c9,/p/0/20f96b0581bf19a3,2,200,233256,168.029,893.753,260985
1787904514287,cc968885-8c28-c7f5-d821-c8e684956846,/?crawl=102,0,200,5906452,23.404,8610.088,685992
1787904516966,7a2fb8de-5e61-3a1f-8e31-d8fa508e4821,/p/0/a62a81b9a04ae229,1,200,402102,188.282,6006.554,66944
1787904522366,bdc3760a-7816-6e4e-660f-cc91c678b82f,/p/0/3916f34d378c56aa,1,200,94607,74.927,634.943,149001
1787904522287,43ab4cf4-4e18-6085-678b-3d39dd9dff5c,/?crawl=117,0,200,190716,64.129,827.824,230382
1787904522366,bdc3760a-7816-6e4e-660f-cc91c678b82f,/p/14/3916f44d378c585d,1,200,72823,49.464,846.001,86079
1787904518716,77e01bcf-b9bd-324a-f26a-6e4c9971cc92,/p/2/8c3551358665c549,2,200,521746,174.785,4516.446,115521
1787904521288,5cba03b0-8544-5485-4ce7-3c8c1313e4c9,/p/0/501af2ea4048cdc6,1,200,480313,116.570,2030.434,236557
1787904521916,5cba03b0-8544-5485-4ce7-3c8c1313e4c9,/p/0/20f96c0581bf1b56,2,200,346747,137.205,1402.865,247171
1787904522084,654ea73b-bbfc-9123-9dcc-0f72185a3f46,/p/0/60697fd25e1bc0fc,1,200,211495,42.854,1390.461,152104
1787904521268,3615649a-3380-da01-dc16-43c36beb2850,/p/0/e7c951d64583c7e1,2,200,426201,170.895,2282.855,186696
1787904507932,50789202-f36f-7c1f-e151-c87cd1ff5670,/p/0/96c92f29ae97a2d2,1,200,2166891,137.928,15675.241,138237
1787904503368,bd92841b-61bc-ac51-d538-a7b4a7fe8e31,/p/0/aa70ff53aede407d,5,200,3384376,221.306,20254.809,167090
1787904522619,407c995c-84da-f786-dd41-e4e609aabe3b,/p/0/3a21f5ca8725cc6a,10,200,2187506,19.073,1076.075,2032857
1787904521547,bc98b8b7-e452-ab67-b1e4-2e7f2bdeded2,/p/0/bcb09f8cabaddb19,1,200,400067,30.483,2190.556,182633
1787904456792,d828a9cb-ad94-c44a-2b73-79ad15446319,/p/0/a44d2be3aa975fde,1,200,4407110,127.681,66971.717,65806
1787904518237,9e76a4fa-dba9-f69c-cdf7-e87a0d0fd304,/p/0/17f6e5878ac65fe0,3,200,2380812,10.730,5578.998,426745
1787904522287,f072b789-54e3-438c-02ed-520667c03232,/?crawl=116,0,200,520805,44.217,1530.392,340308
1787904522591,feb73dc3-f420-7e6b-b3f9-395fbdb5cc29,/p/3/412cab56652d9e0d,4,200,147931,57.558,1235.955,119690
1787904521547,bc98b8b7-e452-ab67-b1e4-2e7f2bdeded2,/p/0/bcb09c8cabadd600,1,200,348519,164.200,2343.204,148736
1787904523817,f072b789-54e3-438c-02ed-520667c03232,/p/0/29464b2f1712e6b9,1,200,29669,40.664,103.933,285463
1787904522730,b4adaf70-07f6-7a64-9577-306cbff66ac6,/p/0/a8693b90e547438a,7,200,74847,182.823,1222.841,61207
1787904519500,56d3aeef-5534-d227-8053-bb282bac9ad2,/p/0/bc51f17cf3b8f98b,10,200,263069,310.889,4457.574,59016
1787904521062,7a2fb8de-5e61-3a1f-8e31-d8fa508e4821,/p/0/ebdec4f0509e2dd6,3,200,138648,316.886,2911.861,47615
1787904522084,654ea73b-bbfc-9123-9dcc-0f72185a3f46,/p/7/606980d25e1bc2af,1,200,208909,42.935,1943.712,107479
1787904522637,407c995c-84da-f786-dd41-e4e609aabe3b,/p/0/db2954b47409eea3,11,200,4200969,19.131,1482.916,2832910
1787904501791,bd92841b-61bc-ac51-d538-a7b4a7fe8e31,/p/0/6652f6934692110e,4,200,4824726,118.019,22703.320,212512
1787904524287,708b600d-b0b5-8fc6-4543-6d251cc87a65,/?crawl=120,0,200,37164,73.657,216.798,171422
1787904522591,feb73dc3-f420-7e6b-b3f9-395fbdb5cc29,/p/0/412ca956652d9aa7,4,200,142389,282.969,2029.414,70163
1787904518289,56d3aeef-5534-d227-8053-bb282bac9ad2,/p/0/7afb62e6b0967653,9,200,434820,256.607,6406.543,67871
1787904523817,f072b789-54e3-438c-02ed-520667c03232,/p/0/2946492f1712e353,1,200,149226,125.818,929.964,160464
1787904523212,bdc3760a-7816-6e4e-660f-cc91c678b82f,/p/0/935576138efae156,2,200,70342,367.103,1565.515,44932
1787904514555,4554079d-1420-510c-38ca-4f4ef1f0fdf9,/p/5/c0bfe05a4cc93140,7,200,422120,383.258,10358.038,40753
1787904519587,b4adaf70-07f6-7a64-9577-306cbff66ac6,/p/0/1cec74e882fe843f,6,200,424081,2254.668,5353.724,79212
1787904496502,cda6bc5a-e6d5-5aae-77a8-e148cb046c27,/p/0/f9fe4210cd05e49d,2,200,5840590,146.384,28720.522,203359
1787904523817,f072b789-54e3-438c-02ed-520667c03232,/p/0/2946482f1712e1a0,1,200,314253,170.297,1456.267,215793
1787904524287,f1dcb84a-1a6b-47ce-f443-39b278154e85,/?crawl=119,0,200,178154,84.887,1029.003,173133
1787904524287,25abf7d9-6430-88cd-30cf-b08b4ce2f77f,/?crawl=121,0,200,266902,60.539,1080.675,246977
1787904523827,feb73dc3-f420-7e6b-b3f9-395fbdb5cc29,/p/0/f5fc2e08e4d0f352,5,200,34630,482.216,1583.579,21868
1787904507289,bfc7288d-def4-cde8-1605-9f57df697f0b,/?crawl=89,0,200,6129206,43.518,18137.027,337939
1787904507932,50789202-f36f-7c1f-e151-c87cd1ff5670,/p/0/96c92e29ae97a11f,1,200,2534677,24.951,17604.366,143980
1787904474287,8b3f6553-70f7-a160-458c-89f63041d40c,/?crawl=46,0,0,864327,275.768,51385.661,16820
1787904489363,89650a79-d702-0bef-e132-e64552e54bcd,/p/0/2d6ce391dd348c8c,8,200,5578952,985.100,36461.381,153010
1787904522224,e478d6e5-93c8-71e2-3afb-80c4ce852b26,/p/0/965a281565b9855d,4,200,408285,212.392,3612.279,113027
1787904517526,4e66515b-0eec-e566-9a83-42c0429a738e,/p/1/dc8a3010f0c6c24c,1,200,3834873,25.166,8347.114,459425
1787904523233,77e01bcf-b9bd-324a-f26a-6e4c9971cc92,/p/0/b33c8b7db5ac8a68,3,200,253007,176.960,2653.215,95359
1787904497049,cda6bc5a-e6d5-5aae-77a8-e148cb046c27,/p/2/78e6aa3e8befadb6,3,200,6143316,226.590,28925.531,212384
1787904524028,654ea73b-bbfc-9123-9dcc-0f72185a3f46,/p/0/32eb6767dfdb399,2,200,97179,358.483,1999.286,48607
1787904521062,7a2fb8de-5e61-3a1f-8e31-d8fa508e4821,/p/2/ebdec5f0509e2f89,3,200,338498,253.635,5056.849,66939
1787904523233,77e01bcf-b9bd-324a-f26a-6e4c9971cc92,/p/0/b33c8e7db5ac8f81,3,200,268748,193.304,2911.347,92311
1787904525975,cda6bc5a-e6d5-5aae-77a8-e148cb046c27,/p/0/e9bc0fd271d46bac,4,200,16296,121.150,194.336,83855
1787904523212,bdc3760a-7816-6e4e-660f-cc91c678b82f,/p/0/935575138efadfa3,2,200,136056,367.116,2958.835,45983
1787904524913,4554079d-1420-510c-38ca-4f4ef1f0fdf9,/p/0/6dd0150dd28e188c,8,200,21728,500.148,1345.010,16155
1787904526287,5aa0e1d7-8647-05c0-d764-70500ef3a085,/?crawl=122,0,200,27245,12.005,25.180,1081989
1787904522316,56d3aeef-5534-d227-8053-bb282bac9ad2,/p/0/237c7e812cb862a9,11,200,230889,279.929,4008.424,57601
1787904514078,b4adaf70-07f6-7a64-9577-306cbff66ac6,/p/0/cfc3d4cbf820418a,5,200,3887904,140.205,12390.860,313772
1787904525367,25abf7d9-6430-88cd-30cf-b08b4ce2f77f,/p/0/b71e6b743dfe8281,1,200,90862,57.794,1108.760,81949
1787904507932,50789202-f36f-7c1f-e151-c87cd1ff5670,/p/4/96c93029ae97a485,1,200,3278069,165.504,18603.257,176209
1787904526312,5aa0e1d7-8647-05c0-d764-70500ef3a085,/p/1/fcdf6b5b802da048,1,200,114190,27.087,227.145,502718
1787904526539,5aa0e1d7-8647-05c0-d764-70500ef3a085,/p/0/ab59dc332d8c87b0,2,200,50096,48.764,119.232,420155
1787904523827,feb73dc3-f420-7e6b-b3f9-395fbdb5cc29,/p/0/f5fc2d08e4d0f19f,5,200,202219,311.423,2843.174,71124
1787904505503,ebc170d1-46f5-b95d-34ff-e2381ad17db9,/p/0/19fa982480b8fbf6,2,200,3596451,226.998,21176.981,169828
1787904525426,bfc7288d-def4-cde8-1605-9f57df697f0b,/p/0/6a62525617b2617a,1,200,140175,62.082,1311.345,106894
1787904517290,391c7ee1-f35b-4d3d-ec71-dfe97bb470c3,/?crawl=110,0,200,424676,265.380,9504.261,44683
1787904523115,43ab4cf4-4e18-6085-678b-3d39dd9dff5c,/p/0/95dbf4d18277eef3,1,200,251710,61.374,3705.661,67926
1787904525367,25abf7d9-6430-88cd-30cf-b08b4ce2f77f,/p/0/b71e6a743dfe80ce,1,200,129154,203.591,1496.999,86275
1787904519950,9e76a4fa-dba9-f69c-cdf7-e87a0d0fd304,/p/0/3eef09169506ff88,5,200,5687814,77.534,7052.934,806447
1787904525975,cda6bc5a-e6d5-5aae-77a8-e148cb046c27,/p/0/e9bc12d271d470c5,4,200,297142,24.107,1029.112,288736
1787904521268,3615649a-3380-da01-dc16-43c36beb2850,/p/1/e7c94fd64583c47b,2,200,2148131,154.268,5841.547,367733
1787904512936,e0d084cd-c12e-5675-977c-c8db1a456fb1,/p/2/77dcdafd959e72e4,1,200,3641006,237.156,14208.815,256250
1787904516815,d7007b1b-1b86-b86b-f460-aef0b78b35f3,/p/0/d2c689ee8d771a3d,2,200,2973449,28.593,10333.433,287750
1787904522224,e478d6e5-93c8-71e2-3afb-80c4ce852b26,/p/0/965a261565b981f7,4,200,489437,193.890,5011.942,97654
1787904526535,50789202-f36f-7c1f-e151-c87cd1ff5670,/p/0/f4770b07eb60e880,2,200,156889,26.782,738.555,212427
1787904516287,202ca0a9-969d-e337-18b0-a8a1c747a4a6,/?crawl=107,0,200,6037081,28.237,10987.443,549453
1787904527297,41c24b02-dfa5-b995-e051-4578aad158cc,/?crawl=123,0,200,307930,30.946,211.444,1456318
1787904525316,f1dcb84a-1a6b-47ce-f443-39b278154e85,/p/0/a5ac9cefa2f15ee4,1,200,151793,83.987,2262.369,67095
1787904523233,77e01bcf-b9bd-324a-f26a-6e4c9971cc92,/p/1/b33c8c7db5ac8c1b,3,200,445680,207.864,4358.906,102246
1787904521384,a06a45b3-74be-ee56-0637-6ebae4ae4f55,/p/1/2c11a96358c3a748,2,200,2631775,29.792,6236.241,422013
1787904524028,654ea73b-bbfc-9123-9dcc-0f72185a3f46,/p/0/32eb3767dfdae80,2,200,218597,358.370,3613.082,60502
1787904525426,bfc7288d-def4-cde8-1605-9f57df697f0b,/p/0/6a62535617b2632d,1,200,389394,42.162,2274.077,171232
1787904526535,50789202-f36f-7c1f-e151-c87cd1ff5670,/p/0/f4770e07eb60ed99,2,200,335947,27.018,1171.408,286789
1787904481627,8e039d77-b093-290c-1e0c-6c1c20fc2784,/p/0/9415e6d27af69dc5,4,200,2123739,284.120,46099.551,46069
1787904526535,50789202-f36f-7c1f-e151-c87cd1ff5670,/p/3/f4770c07eb60ea33,2,200,278351,129.605,1359.153,204797
1787904526539,5aa0e1d7-8647-05c0-d764-70500ef3a085,/p/0/ab59df332d8c8cc9,2,200,170432,98.305,1394.841,122187
1787904527274,202ca0a9-969d-e337-18b0-a8a1c747a4a6,/p/0/3994d51734e5d4d6,1,200,75295,311.289,669.452,112473
1787904526312,5aa0e1d7-8647-05c0-d764-70500ef3a085,/p/0/fcdf6c5b802da1fb,1,200,445813,31.720,1715.545,259867
1787904468378,8e039d77-b093-290c-1e0c-6c1c20fc2784,/p/0/341a8dcfb88e2ffd,2,200,3365717,208.795,59681.037,56395
1787904526539,5aa0e1d7-8647-05c0-d764-70500ef3a085,/p/0/ab59de332d8c8b16,2,200,253959,62.466,1527.380,166271
1787904527592,77e01bcf-b9bd-324a-f26a-6e4c9971cc92,/p/0/d54c2e0202ab0e09,4,200,28357,329.233,489.277,57957
1787904524913,4554079d-1420-510c-38ca-4f4ef1f0fdf9,/p/4/6dd0170dd28e1bf2,8,200,401928,500.201,3194.010,125838
1787904527592,77e01bcf-b9bd-324a-f26a-6e4c9971cc92,/p/0/d54c2c0202ab0aa3,4,200,23778,329.115,585.490,40612
1787904527145,e0d084cd-c12e-5675-977c-c8db1a456fb1,/p/0/edb648b650348eb1,2,200,97133,270.172,1149.510,84499
1787904505181,9387670a-db81-58a6-77b2-597edce00652,/p/0/14d0a750b509cea9,1,200,5601909,232.220,23131.994,242171
1787904486828,099e5437-7c23-8aa9-040e-385d463364e6,/p/0/e084b2d561f6148d,1,200,5024996,76.766,41658.034,120625
1787904527297,c577116b-6bc5-d9fc-3178-70b61fad2b10,/?crawl=124,0,200,458517,58.305,1210.761,378702
1787904522591,feb73dc3-f420-7e6b-b3f9-395fbdb5cc29,/p/0/412caa56652d9c5a,4,200,522588,199.079,5994.073,87184
1787904523827,feb73dc3-f420-7e6b-b3f9-395fbdb5cc29,/p/2/f5fc2c08e4d0efec,5,200,444049,397.415,4786.647,92768
1787904524028,654ea73b-bbfc-9123-9dcc-0f72185a3f46,/p/6/32eb4767dfdb033,2,200,426185,379.761,4633.392,91981
1787904527509,41c24b02-dfa5-b995-e051-4578aad158cc,/p/3/9049c0b914c8965b,1,200,15245,1284.421,1284.641,11867
1787904527509,41c24b02-dfa5-b995-e051-4578aad158cc,/p/0/9049bfb914c894a8,1,200,196094,47.981,1285.943,152490
1787904527509,41c24b02-dfa5-b995-e051-4578aad158cc,/p/0/9049c2b914c899c1,1,200,217221,1285.532,1324.692,163978
1787904527274,202ca0a9-969d-e337-18b0-a8a1c747a4a6,/p/0/3994d41734e5d323,1,200,314128,311.805,1562.223,201078
1787904505181,9387670a-db81-58a6-77b2-597edce00652,/p/0/14d0a650b509ccf6,1,200,5622840,173.477,23676.422,237487
1787904528794,41c24b02-dfa5-b995-e051-4578aad158cc,/p/2/49301c594dc8d93f,2,200,26886,50.140,89.680,299798
1787904527110,3615649a-3380-da01-dc16-43c36beb2850,/p/0/42192daa4717add4,3,200,277199,311.385,1801.909,153836
1787904525367,25abf7d9-6430-88cd-30cf-b08b4ce2f77f,/p/0/b71e69743dfe7f1b,1,200,471939,203.712,3672.872,128493
1787904464118,4554079d-1420-510c-38ca-4f4ef1f0fdf9,/p/0/c1ac647bee7a70d5,4,200,6031789,328.710,65004.505,92790
1787904512936,e0d084cd-c12e-5675-977c-c8db1a456fb1,/p/0/77dcdcfd959e764a,1,200,4880799,50.865,16345.485,298602
1787904526794,391c7ee1-f35b-4d3d-ec71-dfe97bb470c3,/p/3/9dc4496092b4a7c5,1,200,36109,278.925,2537.198,14232
1787904525316,f1dcb84a-1a6b-47ce-f443-39b278154e85,/p/1/a5ac9eefa2f1624a,1,200,183017,366.517,4068.081,44989
1787904524504,708b600d-b0b5-8fc6-4543-6d251cc87a65,/p/0/23b41716a9638e21,1,200,285556,359.646,5056.695,56471
1787904527894,50789202-f36f-7c1f-e151-c87cd1ff5670,/p/0/ac2e15abefc225d2,3,200,329352,25.577,1727.924,190606
1787904528883,41c24b02-dfa5-b995-e051-4578aad158cc,/p/0/d0acf80d0f271185,3,200,406009,41.337,820.919,494579
1787904516815,d7007b1b-1b86-b86b-f460-aef0b78b35f3,/p/0/d2c686ee8d771524,2,200,4137930,146.027,12936.697,319860
1787904529123,4554079d-1420-510c-38ca-4f4ef1f0fdf9,/p/0/35d6fa36a5a4fa90,9,200,135978,322.252,656.881,207005
1787904525874,4e66515b-0eec-e566-9a83-42c0429a738e,/p/0/f47023de0aa5400f,2,200,483214,5.227,3924.919,123114
1787904524504,708b600d-b0b5-8fc6-4543-6d251cc87a65,/p/0/23b41616a9638c6e,1,200,300858,395.901,5309.540,56664
1787904521916,5cba03b0-8544-5485-4ce7-3c8c1313e4c9,/p/0/20f96a0581bf17f0,2,200,5576446,127.273,8057.063,692119
1787904528883,41c24b02-dfa5-b995-e051-4578aad158cc,/p/0/d0acf50d0f270c6c,3,200,445993,41.320,1156.589,385611
1787904528883,41c24b02-dfa5-b995-e051-4578aad158cc,/p/1/d0acf60d0f270e1f,3,200,511214,41.312,1286.586,397341
1787904524503,708b600d-b0b5-8fc6-4543-6d251cc87a65,/p/0/23b41416a9638908,1,200,384250,68.183,5738.682,66958
1787904527894,50789202-f36f-7c1f-e151-c87cd1ff5670,/p/2/ac2e13abefc2226c,3,200,505339,50.864,2490.371,202917
1787904503809,c03130d8-90a5-6de6-039a-c41f5e2408bf,/p/0/a83afdae49a4c66f,1,200,4502311,249.160,26740.272,168372
1787904526312,5aa0e1d7-8647-05c0-d764-70500ef3a085,/p/0/fcdf6d5b802da3ae,1,200,5006959,10.177,4305.979,1162792
1787904527144,e0d084cd-c12e-5675-977c-c8db1a456fb1,/p/0/edb645b650348998,2,200,296097,424.723,3512.538,84297
1787904528614,feb73dc3-f420-7e6b-b3f9-395fbdb5cc29,/p/0/63fe1f2edc888eb4,6,200,225874,56.300,2157.634,104686
1787904527145,e0d084cd-c12e-5675-977c-c8db1a456fb1,/p/1/edb647b650348cfe,2,200,469770,532.628,3741.201,125567
1787904525975,cda6bc5a-e6d5-5aae-77a8-e148cb046c27,/p/1/e9bc11d271d46f12,4,200,2854814,121.206,5202.026,548789
1787904531177,cda6bc5a-e6d5-5aae-77a8-e148cb046c27,/p/0/6ba2158f3f292a7b,5,200,40506,96.195,252.799,160230
1787904530170,41c24b02-dfa5-b995-e051-4578aad158cc,/p/0/be1bd3affc1edc4d,4,200,521428,52.308,1260.116,413794
1787904528614,feb73dc3-f420-7e6b-b3f9-395fbdb5cc29,/p/1/63fe202edc889067,6,200,251282,284.648,2886.308,87060
1787904527592,77e01bcf-b9bd-324a-f26a-6e4c9971cc92,/p/0/d54c2b0202ab08f0,4,200,514335,425.509,4029.831,127632
1787904512358,368a2d59-9316-04ef-758a-b07adf6e1cb6,/p/1/73d09db3386b7725,3,200,3797040,210.353,19551.756,194205
1787904531177,cda6bc5a-e6d5-5aae-77a8-e148cb046c27,/p/0/6ba2178f3f292de1,5,200,306917,23.761,1094.778,280346
1787904531177,cda6bc5a-e6d5-5aae-77a8-e148cb046c27,/p/0/6ba2168f3f292c2e,5,200,318212,23.741,1094.792,290660
1787904505503,ebc170d1-46f5-b95d-34ff-e2381ad17db9,/p/1/19fa992480b8fda9,2,200,5166402,124.459,26779.498,192924
1787904528662,654ea73b-bbfc-9123-9dcc-0f72185a3f46,/p/0/6cba00f6bee34b38,3,200,300981,245.356,3637.162,82752
1787904526119,7a2fb8de-5e61-3a1f-8e31-d8fa508e4821,/p/0/cb6691ad74249360,4,200,450699,320.423,6194.798,72754
1787904532283,ebc170d1-46f5-b95d-34ff-e2381ad17db9,/p/0/e23ad31c2cc506c8,3,200,31638,41.268,123.838,255479
1787904532283,ebc170d1-46f5-b95d-34ff-e2381ad17db9,/p/0/e23ad61c2cc50be1,3,200,53506,123.734,411.391,130061
1787904530385,50789202-f36f-7c1f-e151-c87cd1ff5670,/p/1/26df5141144ac6bb,4,200,341812,128.317,2361.200,144762
1787904511065,9524b432-f9ab-4a28-a64c-5f2d1c914b1a,/p/0/29c2fdf5263b45a3,2,200,3204831,165.026,21739.459,147420
1787904532287,b3f8da67-88d4-279f-1898-80bb9e742475,/?crawl=126,0,200,120537,84.669,717.790,167928
1787904527621,a06a45b3-74be-ee56-0637-6ebae4ae4f55,/p/0/3d3b21aa79322623,3,200,498964,296.435,5412.772,92183
1787904532283,ebc170d1-46f5-b95d-34ff-e2381ad17db9,/p/0/e23ad51c2cc50a2e,3,200,220889,185.157,888.915,248493
1787904532287,88ba8b3a-d142-75de-c30e-f5e7f764e17b,/?crawl=127,0,200,374618,39.736,974.557,384398
1787904531287,2fd85362-59e7-0360-bede-1fb24c27574f,/?crawl=125,0,200,413093,70.402,2030.747,203419
1787904530886,e0d084cd-c12e-5675-977c-c8db1a456fb1,/p/0/7eb2cf4050fa2767,3,200,245402,48.180,2567.543,95579
1787904532287,3b749c58-6ab7-9e3a-6b7d-15a638eaf40e,/?crawl=129,0,200,464286,51.941,1581.671,293541
1787904497431,d828a9cb-ad94-c44a-2b73-79ad15446319,/p/10/11fd96844a2c6ed1,7,200,472205,125.194,36488.182,12941
1787904518716,77e01bcf-b9bd-324a-f26a-6e4c9971cc92,/p/0/8c3550358665c396,2,200,3376193,174.771,15303.867,220610
1787904516246,77e01bcf-b9bd-324a-f26a-6e4c9971cc92,/p/0/12c02d5c0bafedc9,1,200,5699169,94.518,18064.502,315490
1787904518723,e478d6e5-93c8-71e2-3afb-80c4ce852b26,/p/0/2835185cc24577c2,3,200,2477267,176.560,15637.861,158415
1787904532746,50789202-f36f-7c1f-e151-c87cd1ff5670,/p/0/e4af994ab31de46c,5,200,107041,215.996,1708.979,62634
1787904479693,c514b8a7-0063-d729-c505-2047d53ec718,/p/0/b636a40718f89460,1,200,2666044,164.927,54822.117,48631
1787904531500,feb73dc3-f420-7e6b-b3f9-395fbdb5cc29,/p/0/e7200593969aed4b,7,200,216697,315.264,3038.924,71307
1787904525874,4e66515b-0eec-e566-9a83-42c0429a738e,/p/0/f47022de0aa53e5c,2,200,2796269,4.320,8715.689,320832
1787904532746,50789202-f36f-7c1f-e151-c87cd1ff5670,/p/0/e4af9c4ab31de985,5,200,171865,216.040,1983.339,86654
1787904479694,c514b8a7-0063-d729-c505-2047d53ec718,/p/0/b636a60718f897c6,1,200,2708913,110.963,55232.853,49045
1787904530886,e0d084cd-c12e-5675-977c-c8db1a456fb1,/p/0/7eb2d14050fa2acd,3,200,521667,142.219,4064.483,128348
1787904521547,bc98b8b7-e452-ab67-b1e4-2e7f2bdeded2,/p/1/bcb09e8cabadd966,1,200,5697340,225.061,13478.445,422700
1787904533261,88ba8b3a-d142-75de-c30e-f5e7f764e17b,/p/2/ddf3162f67346ea7,1,200,318305,38.552,1838.183,173163
1787904517483,b2da21eb-11f4-d6a9-674c-ae78458611ff,/p/0/6851d7616e587ee7,1,200,5261447,17.519,17654.496,298023
1787904524913,4554079d-1420-510c-38ca-4f4ef1f0fdf9,/p/0/6dd0180dd28e1da5,8,200,3269547,538.652,10271.191,318322
1787904531910,368a2d59-9316-04ef-758a-b07adf6e1cb6,/p/0/427c36b69d229059,4,200,356189,207.202,3335.078,106801
1787904528661,654ea73b-bbfc-9123-9dcc-0f72185a3f46,/p/5/6cba02f6bee34e9e,3,200,508146,245.659,6588.876,77122
1787904525874,4e66515b-0eec-e566-9a83-42c0429a738e,/p/0/f47024de0aa541c2,2,200,2750692,5.380,9529.573,288648
1787904528794,41c24b02-dfa5-b995-e051-4578aad158cc,/p/0/49301e594dc8dca5,2,200,3163258,50.185,6630.517,477076
1787904532746,50789202-f36f-7c1f-e151-c87cd1ff5670,/p/0/e4af9a4ab31de61f,5,200,270881,191.180,2865.539,94531
1787904533261,88ba8b3a-d142-75de-c30e-f5e7f764e17b,/p/0/ddf3182f6734720d,1,200,255648,38.583,2367.130,107999
1787904533287,6263f2f4-35bb-7fbe-7c55-e6b57c02f97b,/?crawl=131,0,200,464770,77.033,2389.033,194543
1787904534287,d5601bf3-c952-8f4d-09b2-d07b2e94693e,/?crawl=132,0,200,284661,76.393,1477.110,192715
1787904535287,465a32fe-089b-66e1-743d-6bf81e48bcc9,/?crawl=135,0,200,361195,24.557,491.213,735313
1787904530170,41c24b02-dfa5-b995-e051-4578aad158cc,/p/0/be1bd0affc1ed734,4,200,2684454,57.643,5695.551,471325
1787904535026,bc98b8b7-e452-ab67-b1e4-2e7f2bdeded2,/p/0/46afb585ff22db12,2,200,86241,167.597,913.244,94434
1787904535099,88ba8b3a-d142-75de-c30e-f5e7f764e17b,/p/1/e37f836d6572469d,2,200,48689,208.880,846.031,57550
1787904525426,bfc7288d-def4-cde8-1605-9f57df697f0b,/p/0/6a62505617b25e14,1,200,5685697,204.455,10538.222,539531
1787904534287,f2505378-d1bf-38d6-4e2f-af52d5cfd7ad,/?crawl=133,0,200,334618,80.382,1823.423,183511
1787904531500,feb73dc3-f420-7e6b-b3f9-395fbdb5cc29,/p/0/e7200693969aeefe,7,200,350167,371.844,4728.495,74055
1787904532287,8f938218-810a-25df-3cae-4731c79fa1f1,/?crawl=128,0,200,2165399,21.611,4004.422,540752
1787904533004,b3f8da67-88d4-279f-1898-80bb9e742475,/p/0/4a88c2d1d2997bfa,1,200,140595,504.303,3312.370,42445
1787904535026,bc98b8b7-e452-ab67-b1e4-2e7f2bdeded2,/p/0/46afb385ff22d7ac,2,200,161348,181.092,1433.662,112543
1787904507205,fd959da8-830a-ae5e-2f3f-c57ec98424e8,/p/2/816651f3206ed896,1,200,2525121,79.581,29359.995,86005
1787904531910,368a2d59-9316-04ef-758a-b07adf6e1cb6,/p/0/427c33b69d228b40,4,200,380956,224.685,4848.800,78567
1787904530170,41c24b02-dfa5-b995-e051-4578aad158cc,/p/0/be1bd2affc1eda9a,4,200,3465160,64.907,6588.595,525933
1787904535764,d5601bf3-c952-8f4d-09b2-d07b2e94693e,/p/2/d0788d87e9485d3d,1,200,99947,404.851,1474.826,67769
1787904510786,9524b432-f9ab-4a28-a64c-5f2d1c914b1a,/p/0/224b31f832f5e379,1,200,4360601,30.182,26508.460,164498
1787904536291,8f938218-810a-25df-3cae-4731c79fa1f1,/p/3/88616b2a048bdbd6,1,200,112490,103.731,1065.703,105555
1787904531500,feb73dc3-f420-7e6b-b3f9-395fbdb5cc29,/p/0/e7200793969af0b1,7,200,474145,344.604,5870.952,80761
1787904533868,3b749c58-6ab7-9e3a-6b7d-15a638eaf40e,/p/0/1bcbbf879926d036,1,200,246973,217.674,3506.786,70427
1787904535778,465a32fe-089b-66e1-743d-6bf81e48bcc9,/p/4/c89037f8d90ba2b8,1,200,174162,60.450,1651.031,105487
1787904533868,3b749c58-6ab7-9e3a-6b7d-15a638eaf40e,/p/0/1bcbbe879926ce83,1,200,242441,48.116,3579.648,67728
1787904518723,e478d6e5-93c8-71e2-3afb-80c4ce852b26,/p/0/2835175cc245760f,3,200,3747798,208.980,18726.007,200139
1787904520343,b2da21eb-11f4-d6a9-674c-ae78458611ff,/p/3/19ac3a4603e73a05,3,200,5129549,107.652,17145.968,299169
1787904533868,3b749c58-6ab7-9e3a-6b7d-15a638eaf40e,/p/11/1bcbc0879926d1e9,1,200,316406,48.075,3634.547,87055
1787904537288,7a49d9a7-1b11-cd26-e49a-b3a7eac229d0,/?crawl=138,0,200,76582,29.212,225.236,340008
1787904533004,b3f8da67-88d4-279f-1898-80bb9e742475,/p/6/4a88c0d1d2997894,1,200,256650,418.057,4711.082,54478
1787904536291,8f938218-810a-25df-3cae-4731c79fa1f1,/p/0/8861692a048bd870,1,200,286625,20.146,1427.036,200853
1787904518586,b2da21eb-11f4-d6a9-674c-ae78458611ff,/p/0/3d3b516765ef4602,2,200,5803328,91.539,19161.786,302859
1787904537513,7a49d9a7-1b11-cd26-e49a-b3a7eac229d0,/p/7/e5137e01b3ac07f,1,200,89101,29.130,271.687,327955
1787904528794,41c24b02-dfa5-b995-e051-4578aad158cc,/p/0/49301b594dc8d78c,2,200,5740835,39.867,8998.988,637942
1787904536110,f2505378-d1bf-38d6-4e2f-af52d5cfd7ad,/p/1/3d0e382a54ad672a,1,200,60941,386.616,1691.653,36025
1787904536287,dcb292fa-454f-193f-b332-d38a842ac373,/?crawl=136,0,200,517370,45.654,1537.957,336401
1787904535250,654ea73b-bbfc-9123-9dcc-0f72185a3f46,/p/4/b1329f6722fdbccf,4,200,76164,243.439,2620.739,29062
1787904535250,654ea73b-bbfc-9123-9dcc-0f72185a3f46,/p/0/b1329e6722fdbb1c,4,200,153168,222.397,2620.853,58442
1787904535250,654ea73b-bbfc-9123-9dcc-0f72185a3f46,/p/0/b132a16722fdc035,4,200,163252,243.582,2622.539,62250
1787904537239,d5601bf3-c952-8f4d-09b2-d07b2e94693e,/p/0/342a8221c30f8e1,2,200,17720,417.276,665.695,26619
1787904537513,7a49d9a7-1b11-cd26-e49a-b3a7eac229d0,/p/0/e5139e01b3ac3e5,1,200,85716,29.136,468.122,183106
1787904522084,654ea73b-bbfc-9123-9dcc-0f72185a3f46,/p/0/606982d25e1bc615,1,200,2130559,283.327,15935.976,133695
1787904537490,b2da21eb-11f4-d6a9-674c-ae78458611ff,/p/2/c74659dfdbc76baf,4,200,184535,147.557,610.261,302387
1787904537489,b2da21eb-11f4-d6a9-674c-ae78458611ff,/p/0/c7465bdfdbc76f15,4,200,165124,155.375,669.101,246785
1787904529384,f1dcb84a-1a6b-47ce-f443-39b278154e85,/p/0/27c6790a8edf0bd3,2,200,274845,579.936,8931.974,30771
1787904537429,465a32fe-089b-66e1-743d-6bf81e48bcc9,/p/0/39fa0b0244fb9b4b,2,200,181725,116.887,1064.275,170750
1787904512754,b4adaf70-07f6-7a64-9577-306cbff66ac6,/p/0/ba327611a4306525,4,200,5332758,186.197,25749.473,207102
1787904535778,465a32fe-089b-66e1-743d-6bf81e48bcc9,/p/0/c89039f8d90ba61e,1,200,260082,20.230,2737.868,94994
1787904492287,bfbe64d9-9962-f03a-ae3e-0b2a837eca97,/?crawl=74,0,200,6088278,298.336,46376.377,131280
1787904535946,88ba8b3a-d142-75de-c30e-f5e7f764e17b,/p/0/f22cdd2d5fdfc8dc,3,200,175057,210.429,2904.564,60270
1787904537429,465a32fe-089b-66e1-743d-6bf81e48bcc9,/p/0/39fa0c0244fb9cfe,2,200,186200,168.822,1463.518,127228
1787904529384,f1dcb84a-1a6b-47ce-f443-39b278154e85,/p/0/27c67a0a8edf0d86,2,200,368482,420.397,9558.509,38550
1787904526794,391c7ee1-f35b-4d3d-ec71-dfe97bb470c3,/p/0/9dc4476092b4a45f,1,0,167632,832.265,12167.060,13778
1787904538100,b2da21eb-11f4-d6a9-674c-ae78458611ff,/p/0/9fc5da27d121b17d,5,200,139287,111.772,877.101,158804
1787904514850,bcd4ed17-009f-a3dd-d16f-419d96ba6ee3,/p/0/e0155c9db34b2fed,2,200,270999,1225.276,24226.250,11186
1787904535946,88ba8b3a-d142-75de-c30e-f5e7f764e17b,/p/0/f22ce02d5fdfcdf5,3,200,143006,192.493,3166.558,45161
1787904537503,3b749c58-6ab7-9e3a-6b7d-15a638eaf40e,/p/10/29c58d4e0aea2a8d,2,200,109024,276.282,1737.122,62761
1787904537429,465a32fe-089b-66e1-743d-6bf81e48bcc9,/p/3/39fa0a0244fb9998,2,200,414368,197.875,1904.779,217541
1787904537871,654ea73b-bbfc-9123-9dcc-0f72185a3f46,/p/0/16a7d20b68fd50dd,5,200,80779,1076.093,1486.426,54344
1787904527274,202ca0a9-969d-e337-18b0-a8a1c747a4a6,/p/13/3994d61734e5d689,1,200,5955310,26.311,12096.506,492317
1787904537785,7a49d9a7-1b11-cd26-e49a-b3a7eac229d0,/p/0/4640a6f80b42d8de,2,200,128186,151.491,1716.753,74668
1787904537357,8f938218-810a-25df-3cae-4731c79fa1f1,/p/2/6451e433455801b7,2,200,365050,260.372,2150.088,169784
1787904537871,654ea73b-bbfc-9123-9dcc-0f72185a3f46,/p/3/16a7d10b68fd4f2a,5,200,137037,1005.686,1658.290,82638
1787904537871,654ea73b-bbfc-9123-9dcc-0f72185a3f46,/p/0/16a7cf0b68fd4bc4,5,200,251173,1041.908,1661.124,151207
1787904537239,d5601bf3-c952-8f4d-09b2-d07b2e94693e,/p/1/342a7221c30f72e,2,200,45436,518.262,2336.547,19446
1787904538100,b2da21eb-11f4-d6a9-674c-ae78458611ff,/p/1/9fc5d827d121ae17,5,200,436243,83.026,1636.289,266605
1787904537357,8f938218-810a-25df-3cae-4731c79fa1f1,/p/0/6451e33345580004,2,200,370789,248.205,2415.178,153524
1787904539371,202ca0a9-969d-e337-18b0-a8a1c747a4a6,/p/0/bb6aeef66822e2b0,2,200,48122,107.328,444.638,108227
1787904528662,654ea73b-bbfc-9123-9dcc-0f72185a3f46,/p/0/6cba03f6bee35051,3,200,2865466,223.033,11170.774,256515
1787904539530,654ea73b-bbfc-9123-9dcc-0f72185a3f46,/p/0/ad3276f8e2befd0e,6,200,57163,302.540,304.167,187933
1787904527110,3615649a-3380-da01-dc16-43c36beb2850,/p/0/42192eaa4717af87,3,200,2631048,338.719,12729.586,206688
1787904539371,202ca0a9-969d-e337-18b0-a8a1c747a4a6,/p/12/bb6aeff66822e463,2,200,58866,107.321,484.879,121403
1787904539530,654ea73b-bbfc-9123-9dcc-0f72185a3f46,/p/2/ad3274f8e2bef9a8,6,200,102098,303.171,328.332,310960
1787904539507,8f938218-810a-25df-3cae-4731c79fa1f1,/p/0/53fd700bdcb89646,3,200,109532,138.086,539.785,202918
1787904527110,3615649a-3380-da01-dc16-43c36beb2850,/p/0/421930aa4717b2ed,3,200,3123868,50.166,13004.669,240211
1787904539507,8f938218-810a-25df-3cae-4731c79fa1f1,/p/0/53fd6f0bdcb89493,3,200,93979,156.250,657.199,142999
1787904539334,465a32fe-089b-66e1-743d-6bf81e48bcc9,/p/0/cd000b943ac3838d,3,200,174984,110.160,873.450,200337
1787904539530,654ea73b-bbfc-9123-9dcc-0f72185a3f46,/p/0/ad3275f8e2befb5b,6,200,231144,303.304,777.736,297201
1787904539858,654ea73b-bbfc-9123-9dcc-0f72185a3f46,/p/1/9a761b61fe3473af,7,200,104561,449.996,453.572,230528
1787904539856,202ca0a9-969d-e337-18b0-a8a1c747a4a6,/p/0/57d6c36587562f40,3,200,61846,134.322,751.315,82317
1787904539371,202ca0a9-969d-e337-18b0-a8a1c747a4a6,/p/0/bb6af1f66822e7c9,2,200,267344,26.924,1276.136,209495
1787904539856,202ca0a9-969d-e337-18b0-a8a1c747a4a6,/p/0/57d6c66587563459,3,200,161902,134.391,884.487,183046
1787904535026,bc98b8b7-e452-ab67-b1e4-2e7f2bdeded2,/p/0/46afb485ff22d95f,2,200,3069936,30.225,5814.408,527988
1787904537785,7a49d9a7-1b11-cd26-e49a-b3a7eac229d0,/p/6/4640a4f80b42d578,2,200,358170,139.401,3065.716,116831
1787904537785,7a49d9a7-1b11-cd26-e49a-b3a7eac229d0,/p/0/4640a5f80b42d72b,2,200,398866,196.214,3154.284,126452
1787904537825,dcb292fa-454f-193f-b332-d38a842ac373,/p/0/82cf381196dc84f1,1,200,132461,212.487,3130.221,42317
1787904536565,fd959da8-830a-ae5e-2f3f-c57ec98424e8,/p/1/755bcc37f7398eee,2,200,159480,532.695,4580.276,34819
1787904535764,d5601bf3-c952-8f4d-09b2-d07b2e94693e,/p/0/d0788b87e94859d7,1,200,167588,404.824,5507.914,30427
1787904539507,8f938218-810a-25df-3cae-4731c79fa1f1,/p/1/53fd710bdcb897f9,3,200,298455,105.591,1803.018,165531
1787904539334,465a32fe-089b-66e1-743d-6bf81e48bcc9,/p/2/cd000a943ac381da,3,200,462368,130.057,2013.767,229604
1787904515091,9524b432-f9ab-4a28-a64c-5f2d1c914b1a,/p/0/28328ff57d431145,3,200,6017235,204.714,26374.356,228147
1787904527894,50789202-f36f-7c1f-e151-c87cd1ff5670,/p/0/ac2e14abefc2241f,3,200,2351781,138.997,13622.711,172637
1787904533004,b3f8da67-88d4-279f-1898-80bb9e742475,/p/0/4a88c1d1d2997a47,1,200,480714,83.769,8515.683,56450
1787904523212,bdc3760a-7816-6e4e-660f-cc91c678b82f,/p/13/935577138efae309,2,200,2336007,575.630,18392.726,127007
1787904539736,b2da21eb-11f4-d6a9-674c-ae78458611ff,/p/0/689a425a36e0e724,6,200,444294,91.080,1954.206,227353
1787904535287,42f97cc0-e576-8f31-9b93-d5ea21dd3973,/?crawl=134,0,200,5513880,17.807,6424.972,858195
1787904541310,8f938218-810a-25df-3cae-4731c79fa1f1,/p/0/23cdf4201a376d0a,4,200,25721,128.662,427.791,60125
1787904519009,7e69f724-e6a0-2a40-4452-8a4b906303f6,/p/0/9bca7c7240dcc0b5,3,200,3623092,63.442,22806.189,158864
1787904541712,42f97cc0-e576-8f31-9b93-d5ea21dd3973,/p/0/5bfa8f566da69c31,1,200,73955,14.961,199.967,369835
1787904541712,42f97cc0-e576-8f31-9b93-d5ea21dd3973,/p/0/5bfa8c566da69718,1,200,117266,21.887,327.726,357817
1787904535099,88ba8b3a-d142-75de-c30e-f5e7f764e17b,/p/0/e37f816d65724337,2,200,485343,226.602,7003.581,69299
1787904541712,42f97cc0-e576-8f31-9b93-d5ea21dd3973,/p/4/5bfa8d566da698cb,1,200,235338,44.983,426.128,552271
1787904533919,d828a9cb-ad94-c44a-2b73-79ad15446319,/p/9/a149914baae8b0e,8,200,140616,875.922,8395.615,16749
1787904539736,b2da21eb-11f4-d6a9-674c-ae78458611ff,/p/0/689a455a36e0ec3d,6,200,494452,83.885,2859.954,172888
1787904535946,88ba8b3a-d142-75de-c30e-f5e7f764e17b,/p/0/f22cdf2d5fdfcc42,3,200,442786,246.988,6828.217,64847
1787904540850,7a49d9a7-1b11-cd26-e49a-b3a7eac229d0,/p/5/74cdeb292c31ca35,3,200,365530,110.244,1944.841,187949
1787904539575,d5601bf3-c952-8f4d-09b2-d07b2e94693e,/p/0/aad20488a170dfd0,3,200,73415,450.010,3278.495,22393
1787904514850,bcd4ed17-009f-a3dd-d16f-419d96ba6ee3,/p/0/e015599db34b2ad4,2,200,374177,1447.016,28020.535,13354
1787904541605,bdc3760a-7816-6e4e-660f-cc91c678b82f,/p/0/d0de90d6f27c048f,3,200,61994,284.964,1314.810,47151
1787904539858,654ea73b-bbfc-9123-9dcc-0f72185a3f46,/p/0/9a761d61fe347715,7,200,278221,449.806,3173.404,87673
1787904542314,d828a9cb-ad94-c44a-2b73-79ad15446319,/p/0/a149a14baae8cc1,8,200,7099,713.788,973.176,7295
1787904535764,d5601bf3-c952-8f4d-09b2-d07b2e94693e,/p/0/d0788c87e9485b8a,1,200,494779,73.640,7679.089,64432
1787904541310,8f938218-810a-25df-3cae-4731c79fa1f1,/p/0/23cdf5201a376ebd,4,200,403591,128.714,2179.912,185141
1787904499710,2dbc2170-ac47-40ef-ba7e-d5c867efe7e4,/p/0/d89c5f4651b95d6e,1,200,424244,1160.951,43823.449,9681
1787904541348,465a32fe-089b-66e1-743d-6bf81e48bcc9,/p/0/c0a4b235cec68d90,4,200,373539,101.598,2202.306,169613
1787904537239,d5601bf3-c952-8f4d-09b2-d07b2e94693e,/p/0/342a5221c30f3c8,2,200,190028,445.237,6388.104,29747
1787904540312,654ea73b-bbfc-9123-9dcc-0f72185a3f46,/p/0/150e283856181b4e,8,200,64327,3103.268,3484.893,18459
1787904541310,8f938218-810a-25df-3cae-4731c79fa1f1,/p/0/23cdf3201a376b57,4,200,457624,128.768,2500.259,183031
1787904514555,4554079d-1420-510c-38ca-4f4ef1f0fdf9,/p/0/c0bfe15a4cc932f3,7,200,6233532,499.844,29266.277,212994
1787904535676,6263f2f4-35bb-7fbe-7c55-e6b57c02f97b,/p/0/16398f6f2b777e6a,1,200,417550,408.974,8293.880,50344
1787904536110,f2505378-d1bf-38d6-4e2f-af52d5cfd7ad,/p/0/3d0e362a54ad63c4,1,200,309203,80.014,8003.077,38636
1787904510802,368a2d59-9316-04ef-758a-b07adf6e1cb6,/p/0/c8a0fbcb10fd8867,2,200,6267841,170.832,33685.121,186072
1787904537802,f2505378-d1bf-38d6-4e2f-af52d5cfd7ad,/p/0/cfc5c6d828a20c37,2,200,254727,423.135,6812.118,37393
1787904523764,d828a9cb-ad94-c44a-2b73-79ad15446319,/p/0/11fd94844a2c6b6b,7,200,376974,615.482,20866.754,18066
1787904540312,654ea73b-bbfc-9123-9dcc-0f72185a3f46,/p/0/150e27385618199b,8,200,167869,2928.913,4365.253,38456
1787904542795,7a49d9a7-1b11-cd26-e49a-b3a7eac229d0,/p/0/d6191cae4626316c,4,200,215623,124.841,1978.503,108983
1787904540850,7a49d9a7-1b11-cd26-e49a-b3a7eac229d0,/p/0/74cdea292c31c882,3,200,432625,120.759,3958.488,109290
1787904535676,6263f2f4-35bb-7fbe-7c55-e6b57c02f97b,/p/0/16398e6f2b777cb7,1,200,480333,250.338,9176.581,52343
1787904519588,b4adaf70-07f6-7a64-9577-306cbff66ac6,/p/0/1cec75e882fe85f2,6,200,3510826,2249.869,25288.860,138829
1787904541145,fd959da8-830a-ae5e-2f3f-c57ec98424e8,/p/0/6687f0b547eb6f28,3,200,161844,583.780,3946.498,41010
1787904537802,f2505378-d1bf-38d6-4e2f-af52d5cfd7ad,/p/0/cfc5c5d828a20a84,2,200,286828,1353.681,7429.190,38608
1787904533287,b0dbef4a-9d4b-206c-aa37-49bd579bedec,/?crawl=130,0,200,4620407,36.197,12062.024,383054
1787904545349,b0dbef4a-9d4b-206c-aa37-49bd579bedec,/p/0/a9a3e1ccc0126f64,1,200,18932,32.248,66.002,286842
1787904539575,d5601bf3-c952-8f4d-09b2-d07b2e94693e,/p/0/aad20788a170e4e9,3,200,331607,449.992,5962.565,55615
1787904530886,e0d084cd-c12e-5675-977c-c8db1a456fb1,/p/0/7eb2d04050fa291a,3,200,3570801,167.470,14821.297,240924
1787904509008,d828a9cb-ad94-c44a-2b73-79ad15446319,/p/0/11fd95844a2c6d1e,7,200,512939,4091.166,36759.938,13954
1787904533317,2fd85362-59e7-0360-bede-1fb24c27574f,/p/7/4c7c0ea906a5acd,1,200,310425,70.588,12569.274,24697
1787904539575,d5601bf3-c952-8f4d-09b2-d07b2e94693e,/p/0/aad20588a170e183,3,200,461786,449.880,6587.565,70100
1787904537716,b3f8da67-88d4-279f-1898-80bb9e742475,/p/0/922e65d87d7c70c2,2,200,374114,497.677,8564.089,43684
1787904538100,b2da21eb-11f4-d6a9-674c-ae78458611ff,/p/0/9fc5d727d121ac64,5,200,2250317,83.048,8233.612,273309
1787904542795,7a49d9a7-1b11-cd26-e49a-b3a7eac229d0,/p/4/d6191eae462634d2,4,200,503125,159.139,3605.688,139536
1787904521123,56d3aeef-5534-d227-8053-bb282bac9ad2,/p/0/237c7b812cb85d90,11,200,2409033,254.190,25434.696,94714
1787904536565,fd959da8-830a-ae5e-2f3f-c57ec98424e8,/p/0/755bca37f7398b88,2,200,276136,724.578,10161.986,27173
1787904519500,56d3aeef-5534-d227-8053-bb282bac9ad2,/p/0/bc51f27cf3b8fb3e,10,200,2574876,263.680,27262.429,94448
1787904540287,50d5a221-da53-01cf-bc86-7ed6a9a23477,/?crawl=140,0,200,418124,201.979,6560.994,63729
1787904522730,b4adaf70-07f6-7a64-9577-306cbff66ac6,/p/2/a8693c90e547453d,7,200,3352001,182.725,24152.600,138784
1787904537802,f2505378-d1bf-38d6-4e2f-af52d5cfd7ad,/p/0/cfc5c8d828a20f9d,2,200,374619,423.232,9169.626,40854
1787904546401,7a49d9a7-1b11-cd26-e49a-b3a7eac229d0,/p/0/eac28a8175f986a,5,200,74255,126.967,648.951,114423
1787904542795,7a49d9a7-1b11-cd26-e49a-b3a7eac229d0,/p/0/d6191fae46263685,4,200,499241,124.818,4286.955,116456
1787904537716,b3f8da67-88d4-279f-1898-80bb9e742475,/p/0/922e64d87d7c6f0f,2,200,475535,414.687,9484.424,50139
1787904545887,2fd85362-59e7-0360-bede-1fb24c27574f,/p/0/721a0fbd5ae5054f,2,200,17697,1154.530,1368.643,12930
1787904545349,b0dbef4a-9d4b-206c-aa37-49bd579bedec,/p/2/a9a3e2ccc0127117,1,200,456217,81.902,1986.114,229703
1787904519009,7e69f724-e6a0-2a40-4452-8a4b906303f6,/p/0/9bca7b7240dcbf02,3,200,5110496,93.929,28363.908,180176
1787904539240,3b749c58-6ab7-9e3a-6b7d-15a638eaf40e,/p/0/5746c0f197b40076,3,200,464242,233.366,8166.240,56849
1787904545349,b0dbef4a-9d4b-206c-aa37-49bd579bedec,/p/0/a9a3e4ccc012747d,1,200,438744,66.075,2133.974,205599
1787904547335,b0dbef4a-9d4b-206c-aa37-49bd579bedec,/p/0/119096f5f9006158,2,200,8762,147.760,163.758,53506
1787904546883,b4adaf70-07f6-7a64-9577-306cbff66ac6,/p/0/bb1f5af919d69167,8,200,70693,172.242,748.065,94501
1787904546287,b9f9be94-feec-6c1a-52cb-15e4a8523f59,/?crawl=143,0,200,422363,63.679,1813.817,232859
1787904539736,b2da21eb-11f4-d6a9-674c-ae78458611ff,/p/0/689a435a36e0e8d7,6,200,2887473,91.194,8472.101,340821
1787904538663,bfbe64d9-9962-f03a-ae3e-0b2a837eca97,/p/0/986d8e777d398fc0,1,200,211287,159.091,9562.651,22095
1787904545887,2fd85362-59e7-0360-bede-1fb24c27574f,/p/6/721a11bd5ae508b5,2,200,55431,1154.507,2456.177,22568
1787904541146,fd959da8-830a-ae5e-2f3f-c57ec98424e8,/p/0/6687f3b547eb7441,3,200,248818,661.699,7262.304,34262
1787904548287,223c8be0-b166-157b-3546-f6f7dcd73c4e,/?crawl=145,0,200,161300,34.621,373.709,431619
1787904538663,bfbe64d9-9962-f03a-ae3e-0b2a837eca97,/p/0/986d91777d3994d9,1,200,290719,145.370,10012.740,29035
1787904523953,b4adaf70-07f6-7a64-9577-306cbff66ac6,/p/0/a8693a90e54741d7,7,200,3715024,189.243,24936.307,148981
1787904547335,b0dbef4a-9d4b-206c-aa37-49bd579bedec,/p/1/119097f5f900630b,2,200,402652,181.143,1890.400,212998
1787904547335,b0dbef4a-9d4b-206c-aa37-49bd579bedec,/p/0/119099f5f9006671,2,200,368932,163.803,1957.559,188465
1787904543287,d562dbfa-e416-a92c-eb5b-040317304d8f,/?crawl=141,0,200,2779207,39.324,6045.638,459705
1787904548343,2fd85362-59e7-0360-bede-1fb24c27574f,/p/5/ce546daa64a22416,3,200,29831,422.736,1192.115,25024
1787904549287,edc5b198-1eea-9f91-8df1-351f156ad215,/?crawl=146,0,200,279427,19.404,296.182,943431
1787904536291,8f938218-810a-25df-3cae-4731c79fa1f1,/p/0/88616c2a048bdd89,1,200,3450440,103.687,13313.240,259174
1787904535676,6263f2f4-35bb-7fbe-7c55-e6b57c02f97b,/p/0/16398d6f2b777b04,1,200,2426462,70.798,13981.711,173545
1787904546883,b4adaf70-07f6-7a64-9577-306cbff66ac6,/p/0/bb1f5bf919d6931a,8,200,456242,201.734,2832.672,161064
1787904546883,b4adaf70-07f6-7a64-9577-306cbff66ac6,/p/1/bb1f59f919d68fb4,8,200,514894,172.318,2891.664,178062
1787904549583,edc5b198-1eea-9f91-8df1-351f156ad215,/p/0/9708a2807dc5bd64,1,200,70612,14.375,239.564,294752
1787904537716,b3f8da67-88d4-279f-1898-80bb9e742475,/p/5/922e66d87d7c7275,2,200,3604298,455.957,12183.988,295823
1787904537357,8f938218-810a-25df-3cae-4731c79fa1f1,/p/0/6451e6334558051d,2,200,3611662,155.699,12693.541,284528
1787904539287,70836bff-40f2-1f0f-7dfa-3dcce2efeb0b,/?crawl=139,0,200,4209397,40.000,10864.934,387430
1787904515403,4554079d-1420-510c-38ca-4f4ef1f0fdf9,/p/0/c0bfe25a4cc934a6,7,200,5871658,502.606,34750.087,168968
1787904549900,b3f8da67-88d4-279f-1898-80bb9e742475,/p/0/ac5b0f5d1df5373,3,200,274520,2.993,323.202,849376
1787904549900,b3f8da67-88d4-279f-1898-80bb9e742475,/p/0/ac5b1f5d1df5526,3,200,461877,2.504,324.742,1422291
1787904549900,b3f8da67-88d4-279f-1898-80bb9e742475,/p/4/ac5b2f5d1df56d9,3,200,478166,3.080,330.931,1444913
1787904549333,d562dbfa-e416-a92c-eb5b-040317304d8f,/p/5/b5f4f9ac96bef26b,1,200,465610,3.388,983.105,473612
1787904537490,b2da21eb-11f4-d6a9-674c-ae78458611ff,/p/0/c74658dfdbc769fc,4,200,4656928,85.886,12831.661,362925
1787904531910,368a2d59-9316-04ef-758a-b07adf6e1cb6,/p/0/427c34b69d228cf3,4,200,4672100,259.561,18433.341,253459
1787904550231,b3f8da67-88d4-279f-1898-80bb9e742475,/p/0/a299318e2095f99a,4,200,131309,5.940,323.985,405294
1787904549225,b0dbef4a-9d4b-206c-aa37-49bd579bedec,/p/0/9452bd259a6ca286,3,200,127120,83.591,1337.722,95027
1787904536565,fd959da8-830a-ae5e-2f3f-c57ec98424e8,/p/0/755bcd37f73990a1,2,200,521120,948.746,14065.390,37050
1787904528107,4554079d-1420-510c-38ca-4f4ef1f0fdf9,/p/3/35d6fc36a5a4fdf6,9,200,5226978,655.122,22584.967,231436
1787904548287,ded548ac-9f6c-849d-3d7d-260f50b54588,/?crawl=144,0,200,466859,59.083,2506.189,186282
1787904549775,b4adaf70-07f6-7a64-9577-306cbff66ac6,/p/0/566a22f12ddd23a9,9,200,201472,27.924,1094.681,184046
1787904550231,b3f8da67-88d4-279f-1898-80bb9e742475,/p/3/a299328e2095fb4d,4,200,514426,4.815,640.951,802598
1787904550231,b3f8da67-88d4-279f-1898-80bb9e742475,/p/0/a299308e2095f7e7,4,200,492734,6.512,641.911,767604
1787904530385,50789202-f36f-7c1f-e151-c87cd1ff5670,/p/0/26df5341144aca21,4,200,4301058,141.772,20605.707,208731
1787904549225,b0dbef4a-9d4b-206c-aa37-49bd579bedec,/p/0/9452be259a6ca439,3,200,361144,169.978,1878.371,192264
1787904527621,a06a45b3-74be-ee56-0637-6ebae4ae4f55,/p/0/3d3b20aa79322470,3,200,5041284,50.226,23499.023,214532
1787904539856,202ca0a9-969d-e337-18b0-a8a1c747a4a6,/p/11/57d6c465875630f3,3,200,5811286,134.285,11286.142,514905
1787904533261,88ba8b3a-d142-75de-c30e-f5e7f764e17b,/p/0/ddf3152f67346cf4,1,200,2773394,112.136,18010.546,153987
1787904516199,545f0e10-b881-01cb-6c18-b2b01fb7334c,/p/2/2da2dc090777b217,2,200,5589299,404.957,35231.391,158645
1787904516198,545f0e10-b881-01cb-6c18-b2b01fb7334c,/p/0/2da2de090777b57d,2,200,5921422,404.873,35276.559,167857
1787904549225,b0dbef4a-9d4b-206c-aa37-49bd579bedec,/p/0/9452bc259a6ca0d3,3,200,468191,83.683,2287.651,204660
1787904544287,d0c9dc3c-e97e-1997-92d8-49dfc9d01e04,/?crawl=142,0,200,4706883,23.068,7237.760,650323
1787904550872,b3f8da67-88d4-279f-1898-80bb9e742475,/p/0/a7061d4a0f2700fd,5,200,303870,2.683,670.817,452985
1787904551287,4ce4cdbb-dbdd-1688-96fd-5df59fcfe3b4,/?crawl=148,0,200,248649,23.031,354.414,701577
1787904551142,202ca0a9-969d-e337-18b0-a8a1c747a4a6,/p/0/171abbe061cf7157,4,200,56042,26.939,505.851,110788
1787904550152,70836bff-40f2-1f0f-7dfa-3dcce2efeb0b,/p/0/7ae6e382869fcc1f,1,200,181317,187.606,1655.195,109544
1787904551430,545f0e10-b881-01cb-6c18-b2b01fb7334c,/p/0/a8a1c6249f2d872a,3,200,173580,69.704,526.514,329678
1787904549333,d562dbfa-e416-a92c-eb5b-040317304d8f,/p/0/b5f4fbac96bef5d1,1,200,336683,2.886,2720.427,123761
1787904550152,70836bff-40f2-1f0f-7dfa-3dcce2efeb0b,/p/0/7ae6e482869fcdd2,1,200,309686,38.085,1935.328,160017
1787904550692,4554079d-1420-510c-38ca-4f4ef1f0fdf9,/p/0/422d018e66ff32f3,10,200,52821,388.099,1469.062,35956
1787904551142,202ca0a9-969d-e337-18b0-a8a1c747a4a6,/p/0/171abce061cf730a,4,200,222735,93.639,1045.876,212965
1787904551142,202ca0a9-969d-e337-18b0-a8a1c747a4a6,/p/10/171abae061cf6fa4,4,200,340821,27.011,1152.094,295827
1787904548101,b9f9be94-feec-6c1a-52cb-15e4a8523f59,/p/0/dcc9a267bff4db2b,1,200,346611,60.791,4381.551,79107
1787904551524,d0c9dc3c-e97e-1997-92d8-49dfc9d01e04,/p/0/495f4d0a2b59e518,1,200,142110,202.538,1202.934,118136
1787904551430,545f0e10-b881-01cb-6c18-b2b01fb7334c,/p/1/a8a1c4249f2d83c4,3,200,502879,55.783,1518.418,331186
1787904548101,b9f9be94-feec-6c1a-52cb-15e4a8523f59,/p/0/dcc9a367bff4dcde,1,200,250286,305.880,4906.944,51006
1787904552287,94ecf158-1b8f-bebe-971a-8f3ad16157a7,/?crawl=151,0,200,386353,33.310,848.815,455167
1787904538663,bfbe64d9-9962-f03a-ae3e-0b2a837eca97,/p/1/986d90777d399326,1,200,403555,16.565,14542.732,27750
1787904551525,d0c9dc3c-e97e-1997-92d8-49dfc9d01e04,/p/0/495f500a2b59ea31,1,200,499626,19.735,1693.894,294957
1787904552949,545f0e10-b881-01cb-6c18-b2b01fb7334c,/p/0/8b0769898111fb35,4,200,115612,333.331,337.469,342586
1787904551641,4ce4cdbb-dbdd-1688-96fd-5df59fcfe3b4,/p/0/8737fa625d4c4d73,1,200,136908,51.738,1657.618,82593
1787904552287,42583efa-b9ba-27a5-eda1-abc5731edbfb,/?crawl=150,0,200,513854,40.241,1309.385,392439
1787904552949,545f0e10-b881-01cb-6c18-b2b01fb7334c,/p/0/8b0766898111f61c,4,200,280448,334.564,707.635,396317
1787904552949,545f0e10-b881-01cb-6c18-b2b01fb7334c,/p/0/8b0768898111f982,4,200,484491,333.940,710.902,681516
1787904551641,4ce4cdbb-dbdd-1688-96fd-5df59fcfe3b4,/p/0/8737fb625d4c4f26,1,200,354578,21.209,2064.685,171735
1787904553596,42583efa-b9ba-27a5-eda1-abc5731edbfb,/p/0/a87a700518d2df4e,1,200,5336,128.912,147.778,36108
1787904548343,2fd85362-59e7-0360-bede-1fb24c27574f,/p/0/ce546eaa64a225c9,3,200,187119,456.587,5456.872,34291
1787904530385,50789202-f36f-7c1f-e151-c87cd1ff5670,/p/0/26df5041144ac508,4,200,5957769,128.288,23534.616,253149
1787904553596,42583efa-b9ba-27a5-eda1-abc5731edbfb,/p/0/a87a710518d2e101,1,200,49408,147.720,334.463,147723
1787904522366,bdc3760a-7816-6e4e-660f-cc91c678b82f,/p/0/3916f24d378c54f7,1,200,5001653,253.754,31716.278,157700
1787904542138,42f97cc0-e576-8f31-9b93-d5ea21dd3973,/p/3/c6fe667801e0131e,2,200,4351206,43.877,11979.537,363220
1787904474285,8e039d77-b093-290c-1e0c-6c1c20fc2784,/p/0/9510a1429d1510ca,3,200,5387939,287.525,80072.511,67288
1787904549287,34551a5a-115c-9b17-89bc-e0783571b8b4,/?crawl=147,0,200,2114352,30.809,5089.675,415420
1787904554117,42f97cc0-e576-8f31-9b93-d5ea21dd3973,/p/0/8e6c17699a2d77e9,3,200,14738,108.046,275.949,53408
1787904542138,42f97cc0-e576-8f31-9b93-d5ea21dd3973,/p/0/c6fe647801e00fb8,2,200,4192451,15.340,12285.959,341239
1787904554376,34551a5a-115c-9b17-89bc-e0783571b8b4,/p/0/2a72f8de1260b52a,1,200,22318,28.279,70.563,316285
1787904468378,8e039d77-b093-290c-1e0c-6c1c20fc2784,/p/0/341a8acfb88e2ae4,2,200,6266940,51.932,86128.152,72763
1787904527621,a06a45b3-74be-ee56-0637-6ebae4ae4f55,/p/0/3d3b22aa793227d6,3,200,6252504,323.448,26978.897,231755
1787904551430,545f0e10-b881-01cb-6c18-b2b01fb7334c,/p/0/a8a1c5249f2d8577,3,200,4687347,69.560,3194.917,1467126
1787904552294,202ca0a9-969d-e337-18b0-a8a1c747a4a6,/p/9/39c39a581a87ee18,5,200,432641,39.960,2364.872,182945
1787904545887,2fd85362-59e7-0360-bede-1fb24c27574f,/p/0/721a10bd5ae50702,2,200,218231,1154.484,8826.857,24724
1787904552294,202ca0a9-969d-e337-18b0-a8a1c747a4a6,/p/0/39c39c581a87f17e,5,200,417365,26.393,2445.833,170643
1787904554117,42f97cc0-e576-8f31-9b93-d5ea21dd3973,/p/2/8e6c16699a2d7636,3,200,204016,92.196,718.099,284106
1787904541605,bdc3760a-7816-6e4e-660f-cc91c678b82f,/p/0/d0de91d6f27c0642,3,200,3575409,258.967,13331.799,268187
1787904517452,7a2fb8de-5e61-3a1f-8e31-d8fa508e4821,/p/0/39733530a433206c,2,200,3078690,299.107,37596.692,81887
1787904550316,d562dbfa-e416-a92c-eb5b-040317304d8f,/p/0/c4187bd31297b6f0,2,200,331348,1839.586,4772.190,69433
1787904554376,34551a5a-115c-9b17-89bc-e0783571b8b4,/p/18/2a72f9de1260b6dd,1,200,159315,28.382,718.593,221704
1787904548343,2fd85362-59e7-0360-bede-1fb24c27574f,/p/0/ce546baa64a220b0,3,200,237575,456.666,6789.584,34991
1787904550316,d562dbfa-e416-a92c-eb5b-040317304d8f,/p/4/c4187cd31297b8a3,2,200,257964,1888.783,4912.384,52513
1787904542138,42f97cc0-e576-8f31-9b93-d5ea21dd3973,/p/0/c6fe677801e014d1,2,200,4219052,43.734,13092.878,322240
1787904537825,dcb292fa-454f-193f-b332-d38a842ac373,/p/0/82cf361196dc818b,1,200,2772391,44.618,17630.161,157253
1787904549535,2fd85362-59e7-0360-bede-1fb24c27574f,/p/4/47538f12ac29eed2,4,200,235825,422.815,5949.337,39639
1787904521123,56d3aeef-5534-d227-8053-bb282bac9ad2,/p/1/237c7c812cb85f43,11,200,4883321,254.157,34571.344,141253
1787904554117,42f97cc0-e576-8f31-9b93-d5ea21dd3973,/p/0/8e6c14699a2d72d0,3,200,410490,131.544,1609.703,255010
1787904554835,42f97cc0-e576-8f31-9b93-d5ea21dd3973,/p/0/18691bcafba6c0b0,4,200,242610,105.959,913.254,265655
1787904554287,ae2ba754-4451-0a3d-491a-73d4ddfe037f,/?crawl=153,0,200,471217,54.048,1694.987,278006
1787904553135,94ecf158-1b8f-bebe-971a-8f3ad16157a7,/p/0/15101ca78437eca1,1,200,253342,31.533,2863.748,88465
1787904550692,4554079d-1420-510c-38ca-4f4ef1f0fdf9,/p/0/422d028e66ff34a6,10,200,332176,503.756,5331.608,62303
1787904554835,42f97cc0-e576-8f31-9b93-d5ea21dd3973,/p/1/18691dcafba6c416,4,200,415166,91.218,1327.438,312757
1787904555095,34551a5a-115c-9b17-89bc-e0783571b8b4,/p/0/5399a3da8aee9653,2,200,139949,153.017,1098.953,127348
1787904555694,56d3aeef-5534-d227-8053-bb282bac9ad2,/p/0/62ca3ae3e293348,12,200,97173,47.282,511.920,189821
1787904555694,56d3aeef-5534-d227-8053-bb282bac9ad2,/p/0/62ca5ae3e2936ae,12,200,23862,255.581,535.573,44554
1787904517231,2dbc2170-ac47-40ef-ba7e-d5c867efe7e4,/p/11/259259d1a4ab0ca7,2,200,373699,2347.123,39070.215,9565
1787904554835,42f97cc0-e576-8f31-9b93-d5ea21dd3973,/p/0/18691ecafba6c5c9,4,200,477646,91.220,1472.871,324296
1787904554659,202ca0a9-969d-e337-18b0-a8a1c747a4a6,/p/8/3e91187b67bf153a,6,200,206891,159.681,1654.444,125052
1787904551524,d0c9dc3c-e97e-1997-92d8-49dfc9d01e04,/p/9/495f4f0a2b59e87e,1,200,2629334,144.148,4795.819,548255
1787904556163,42f97cc0-e576-8f31-9b93-d5ea21dd3973,/p/0/23de51e6959241cb,5,200,17921,107.044,197.972,90523
1787904555287,7e10bbab-f605-815d-df81-10b3ba79674b,/?crawl=154,0,200,379540,61.104,1530.184,248036
1787904554376,34551a5a-115c-9b17-89bc-e0783571b8b4,/p/0/2a72f7de1260b377,1,200,440328,70.509,2558.265,172120
1787904540850,7a49d9a7-1b11-cd26-e49a-b3a7eac229d0,/p/0/74cde9292c31c6cf,3,200,2451945,131.526,16197.958,151374
1787904497810,8e039d77-b093-290c-1e0c-6c1c20fc2784,/p/4/c331ca95928696ea,6,200,5476128,383.669,59238.637,92442
1787904556313,202ca0a9-969d-e337-18b0-a8a1c747a4a6,/p/7/47f603d4cfe2947d,7,200,45621,259.741,772.426,59062
1787904550872,b3f8da67-88d4-279f-1898-80bb9e742475,/p/2/a7061c4a0f26ff4a,5,200,4554099,2.490,6352.468,716902
1787904556287,5d1302d4-5607-08c1-055f-739ccda90560,/?crawl=155,0,200,425695,35.987,1037.829,410178
1787904556163,42f97cc0-e576-8f31-9b93-d5ea21dd3973,/p/0/23de53e695924531,5,200,523815,76.069,1161.562,450957
1787904554659,202ca0a9-969d-e337-18b0-a8a1c747a4a6,/p/0/3e91197b67bf16ed,6,200,308716,159.596,2721.731,113426
1787904556287,53461352-1ef1-cff3-5064-81b8e3b79826,/?crawl=156,0,200,462565,39.274,1118.019,413736
1787904557405,53461352-1ef1-cff3-5064-81b8e3b79826,/p/0/cf4f1ac04208cb74,1,200,7831,153.998,171.120,45763
1787904557405,53461352-1ef1-cff3-5064-81b8e3b79826,/p/7/cf4f1bc04208cd27,1,200,65571,33.521,207.204,316457
1787904556320,d0c9dc3c-e97e-1997-92d8-49dfc9d01e04,/p/8/30e1ce48ffebd309,2,200,296652,119.024,1310.039,226445
1787904556320,d0c9dc3c-e97e-1997-92d8-49dfc9d01e04,/p/0/30e1cd48ffebd156,2,200,349689,109.277,1349.192,259184
1787904555694,56d3aeef-5534-d227-8053-bb282bac9ad2,/p/0/62ca4ae3e2934fb,12,200,505621,233.103,2029.536,249131
1787904556301,2dbc2170-ac47-40ef-ba7e-d5c867efe7e4,/p/0/aca5d0c0f5ef4320,3,200,98200,193.733,1463.813,67085
1787904556320,d0c9dc3c-e97e-1997-92d8-49dfc9d01e04,/p/0/30e1cc48ffebcfa3,2,200,442662,21.756,1530.511,289225
1787904555095,34551a5a-115c-9b17-89bc-e0783571b8b4,/p/17/5399a2da8aee94a0,2,200,516251,153.033,2917.155,176971
1787904557287,cf34257e-f5df-fb21-0683-73c4f3fe620c,/?crawl=157,0,200,486567,27.692,883.899,550478
1787904541348,465a32fe-089b-66e1-743d-6bf81e48bcc9,/p/1/c0a4b335cec68f43,4,200,3568798,122.152,16904.903,211110
1787904557049,8e039d77-b093-290c-1e0c-6c1c20fc2784,/p/3/d992b590104f770a,7,200,88809,506.197,1306.597,67970
1787904535099,88ba8b3a-d142-75de-c30e-f5e7f764e17b,/p/0/e37f826d657244ea,2,200,4968265,283.488,23323.558,213015
1787904551641,4ce4cdbb-dbdd-1688-96fd-5df59fcfe3b4,/p/2/8737f9625d4c4bc0,1,200,3823771,30.880,6848.073,558372
1787904507205,fd959da8-830a-ae5e-2f3f-c57ec98424e8,/p/0/816652f3206eda49,1,200,5542886,395.211,51322.285,108002
1787904541145,fd959da8-830a-ae5e-2f3f-c57ec98424e8,/p/0/6687f2b547eb728e,3,200,2587322,583.788,17383.477,148838
1787904550692,4554079d-1420-510c-38ca-4f4ef1f0fdf9,/p/2/422d008e66ff3140,10,200,431885,426.490,7916.780,54553
1787904555228,d562dbfa-e416-a92c-eb5b-040317304d8f,/p/0/c8d984797d4c7de0,3,200,316430,187.642,3525.360,89758
1787904557630,d0c9dc3c-e97e-1997-92d8-49dfc9d01e04,/p/7/8c5fc422ba0bc866,3,200,256474,117.720,1191.372,215276
1787904558489,4ce4cdbb-dbdd-1688-96fd-5df59fcfe3b4,/p/0/2279e2d2de8028e0,2,200,91994,75.657,392.721,234248
1787904558356,8e039d77-b093-290c-1e0c-6c1c20fc2784,/p/0/8171c493bf7267bd,8,200,19044,288.646,548.768,34703
1787904528614,feb73dc3-f420-7e6b-b3f9-395fbdb5cc29,/p/0/63fe222edc8893cd,6,200,6030309,284.652,30308.264,198966
1787904558356,8e039d77-b093-290c-1e0c-6c1c20fc2784,/p/2/8171c293bf726457,8,200,22792,288.636,574.924,39643
1787904557630,d0c9dc3c-e97e-1997-92d8-49dfc9d01e04,/p/0/8c5fc222ba0bc500,3,200,267563,96.313,1348.972,198346
1787904557381,202ca0a9-969d-e337-18b0-a8a1c747a4a6,/p/0/46285e18c526322a,8,200,254513,148.520,1875.310,135718
1787904529384,f1dcb84a-1a6b-47ce-f443-39b278154e85,/p/0/27c67b0a8edf0f39,2,200,2212091,723.802,29910.898,73956
1787904558012,34551a5a-115c-9b17-89bc-e0783571b8b4,/p/0/d443ae4534290e04,3,200,167676,157.791,1283.624,130627
1787904549583,edc5b198-1eea-9f91-8df1-351f156ad215,/p/0/9708a5807dc5c27d,1,200,4354167,52.958,9731.234,447442
1787904557324,5d1302d4-5607-08c1-055f-739ccda90560,/p/0/62b96f1dd6a3bfd4,1,200,129872,33.936,2074.005,62619
1787904539858,654ea73b-bbfc-9123-9dcc-0f72185a3f46,/p/0/9a761a61fe3471fc,7,200,3717208,449.335,19594.580,189706
1787904541605,bdc3760a-7816-6e4e-660f-cc91c678b82f,/p/12/d0de92d6f27c07f5,3,200,5030910,259.008,17859.927,281687
1787904556163,42f97cc0-e576-8f31-9b93-d5ea21dd3973,/p/0/23de52e69592437e,5,200,2812554,99.236,3331.834,844146
1787904537825,dcb292fa-454f-193f-b332-d38a842ac373,/p/0/82cf371196dc833e,1,200,4087567,233.640,21866.144,186936
1787904554659,202ca0a9-969d-e337-18b0-a8a1c747a4a6,/p/0/3e91167b67bf11d4,6,200,514483,146.641,5063.340,101609
1787904523115,43ab4cf4-4e18-6085-678b-3d39dd9dff5c,/p/0/95dbf3d18277ed40,1,200,4047258,310.215,36703.292,110270
1787904553800,2fd85362-59e7-0360-bede-1fb24c27574f,/p/0/47539012ac29f085,4,200,212937,388.024,6080.819,35018
1787904558253,465a32fe-089b-66e1-743d-6bf81e48bcc9,/p/0/41cc22e40722166c,5,200,173521,106.900,1701.437,101985
1787904558489,4ce4cdbb-dbdd-1688-96fd-5df59fcfe3b4,/p/0/2279e5d2de802df9,2,200,473587,33.707,1476.899,320663
1787904557049,8e039d77-b093-290c-1e0c-6c1c20fc2784,/p/0/d992b690104f78bd,7,200,181572,505.994,2924.516,62086
1787904556313,202ca0a9-969d-e337-18b0-a8a1c747a4a6,/p/0/47f602d4cfe292ca,7,200,291807,152.135,3971.791,73470
1787904557325,5d1302d4-5607-08c1-055f-739ccda90560,/p/5/62b9711dd6a3c33a,1,200,367415,69.568,2966.922,123837
1787904558171,cf34257e-f5df-fb21-0683-73c4f3fe620c,/p/0/3be4c762ad6dd8c7,1,200,243653,26.244,2269.069,107380
1787904559287,e65816a6-8d2a-fe61-4bf5-e36dccadcbf8,/?crawl=159,0,200,57622,271.580,1228.572,46902
1787904555228,d562dbfa-e416-a92c-eb5b-040317304d8f,/p/0/c8d987797d4c82f9,3,200,489470,238.741,5305.183,92263
1787904555228,d562dbfa-e416-a92c-eb5b-040317304d8f,/p/3/c8d986797d4c8146,3,200,405601,205.238,5372.049,75502
1787904559256,202ca0a9-969d-e337-18b0-a8a1c747a4a6,/p/0/46285d18c5263077,8,200,163002,184.403,1482.978,109915
1787904549583,edc5b198-1eea-9f91-8df1-351f156ad215,/p/13/9708a4807dc5c0ca,1,200,5659793,21.446,11240.382,503523
1787904558171,cf34257e-f5df-fb21-0683-73c4f3fe620c,/p/0/3be4c662ad6dd714,1,200,393753,63.724,2721.982,144657
1787904556817,7e10bbab-f605-815d-df81-10b3ba79674b,/p/0/f623c47b6b3eb5e7,1,200,314891,57.268,4203.937,74904
1787904555982,ae2ba754-4451-0a3d-491a-73d4ddfe037f,/p/0/ee3b72ec5b02022e,1,200,398444,51.422,5062.079,78712
1787904553206,bfbe64d9-9962-f03a-ae3e-0b2a837eca97,/p/0/776a650571bd1152,2,200,176878,311.852,7839.383,22563
1787904558608,4554079d-1420-510c-38ca-4f4ef1f0fdf9,/p/0/2c2763a37736211,11,200,112597,384.610,2544.816,44246
1787904555484,2fd85362-59e7-0360-bede-1fb24c27574f,/p/3/97283cdef6606047,5,200,217510,390.928,5887.860,36942
1787904550152,70836bff-40f2-1f0f-7dfa-3dcce2efeb0b,/p/9/7ae6e282869fca6c,1,200,5688983,76.101,11335.388,501878
1787904557325,5d1302d4-5607-08c1-055f-739ccda90560,/p/0/62b9721dd6a3c4ed,1,200,510764,33.689,4221.027,121005
1787904560600,d562dbfa-e416-a92c-eb5b-040317304d8f,/p/0/76a186979aa18ab6,4,200,78445,171.779,961.055,81624
1787904560823,edc5b198-1eea-9f91-8df1-351f156ad215,/p/0/185bd12fcee9f82a,2,200,318369,22.555,850.559,374305
1787904558822,d0c9dc3c-e97e-1997-92d8-49dfc9d01e04,/p/0/c7a4774e846719f6,4,200,463278,145.929,2996.397,154612
1787904561487,70836bff-40f2-1f0f-7dfa-3dcce2efeb0b,/p/0/ef610e413f636569,2,200,188595,3.119,344.314,547741
1787904560823,edc5b198-1eea-9f91-8df1-351f156ad215,/p/0/185bd02fcee9f677,2,200,425696,15.346,1158.698,367392
1787904560823,edc5b198-1eea-9f91-8df1-351f156ad215,/p/12/185bd22fcee9f9dd,2,200,391193,80.522,1165.183,335735
1787904561372,2fd85362-59e7-0360-bede-1fb24c27574f,/p/2/182469e76fddd3d7,6,200,6214,373.465,656.197,9470
1787904556817,7e10bbab-f605-815d-df81-10b3ba79674b,/p/0/f623c57b6b3eb79a,1,200,386476,287.984,5240.382,73750
1787904558253,465a32fe-089b-66e1-743d-6bf81e48bcc9,/p/0/41cc23e40722181f,5,200,391741,116.576,3853.172,101667
1787904561487,70836bff-40f2-1f0f-7dfa-3dcce2efeb0b,/p/0/ef610b413f636050,2,200,380196,1.957,627.519,605872
1787904561487,70836bff-40f2-1f0f-7dfa-3dcce2efeb0b,/p/8/ef610c413f636203,2,200,413463,4.161,627.554,658849
1787904562115,70836bff-40f2-1f0f-7dfa-3dcce2efeb0b,/p/0/9da2ed1b52f30bdf,3,200,443059,2.821,240.301,1843766
1787904553596,42583efa-b9ba-27a5-eda1-abc5731edbfb,/p/0/a87a6f0518d2dd9b,1,200,3076517,36.491,8843.036,347903
1787904537513,7a49d9a7-1b11-cd26-e49a-b3a7eac229d0,/p/0/e5136e01b3abecc,1,200,4197256,166.232,24961.154,168152
1787904558931,8e039d77-b093-290c-1e0c-6c1c20fc2784,/p/0/3c7c2f32363b516a,9,200,181496,262.156,3820.923,47501
1787904557405,53461352-1ef1-cff3-5064-81b8e3b79826,/p/0/cf4f1dc04208d08d,1,200,468135,171.162,5439.240,86066
1787904558608,4554079d-1420-510c-38ca-4f4ef1f0fdf9,/p/1/2c2743a37735eab,11,200,182578,461.702,4356.525,41909
1787904526119,7a2fb8de-5e61-3a1f-8e31-d8fa508e4821,/p/0/cb6694ad74249879,4,200,2781960,276.656,36914.914,75361
1787904557224,b3f8da67-88d4-279f-1898-80bb9e742475,/p/0/e5ecca223fba498b,6,200,268241,542.431,6014.656,44598
1787904553206,bfbe64d9-9962-f03a-ae3e-0b2a837eca97,/p/0/776a640571bd0f9f,2,200,130864,1512.200,10084.118,12977
1787904523115,43ab4cf4-4e18-6085-678b-3d39dd9dff5c,/p/0/95dbf5d18277f0a6,1,200,4719391,339.650,40202.075,117392
1787904541348,465a32fe-089b-66e1-743d-6bf81e48bcc9,/p/0/c0a4b535cec692a9,4,200,3763341,101.643,22160.110,169825
1787904560292,5d1302d4-5607-08c1-055f-739ccda90560,/p/0/2f569b43b4e170c,2,200,383247,195.218,3243.257,118167
1787904560292,5d1302d4-5607-08c1-055f-739ccda90560,/p/0/2f56cb43b4e1c25,2,200,382946,299.754,3297.884,116119
1787904558931,8e039d77-b093-290c-1e0c-6c1c20fc2784,/p/0/3c7c2e32363b4fb7,9,200,277143,339.713,4704.399,58911
1787904560600,d562dbfa-e416-a92c-eb5b-040317304d8f,/p/0/76a185979aa18903,4,200,352326,206.867,3182.421,110710
1787904556301,2dbc2170-ac47-40ef-ba7e-d5c867efe7e4,/p/10/aca5d2c0f5ef4686,3,200,511139,311.624,7586.498,67375
1787904539334,465a32fe-089b-66e1-743d-6bf81e48bcc9,/p/0/cd0008943ac37e74,3,200,4361546,119.926,24663.083,176845
1787904557224,b3f8da67-88d4-279f-1898-80bb9e742475,/p/0/e5eccb223fba4b3e,6,200,277451,460.263,6804.307,40776
1787904562115,70836bff-40f2-1f0f-7dfa-3dcce2efeb0b,/p/7/9da2ef1b52f30f45,3,200,3649444,2.653,1935.917,1885124
1787904557049,8e039d77-b093-290c-1e0c-6c1c20fc2784,/p/0/d992b390104f73a4,7,200,425055,265.985,7182.979,59175
1787904561989,edc5b198-1eea-9f91-8df1-351f156ad215,/p/0/a7a30c7fc99f984d,3,200,172211,36.045,2322.458,74150
1787904561988,edc5b198-1eea-9f91-8df1-351f156ad215,/p/0/a7a3097fc99f9334,3,200,467960,15.395,2329.473,200887
1787904499852,421d8b8a-06ad-8f14-eb82-0f25424d834c,/p/1/9f313ed74ec0a694,2,200,2394795,1385.123,64494.436,37132
1787904562115,70836bff-40f2-1f0f-7dfa-3dcce2efeb0b,/p/0/9da2ee1b52f30d92,3,200,2672797,2.437,2252.180,1186760
1787904564051,70836bff-40f2-1f0f-7dfa-3dcce2efeb0b,/p/0/9abb2fe2f68d79ed,4,200,178538,316.329,323.006,552739
1787904558489,4ce4cdbb-dbdd-1688-96fd-5df59fcfe3b4,/p/1/2279e3d2de802a93,2,200,3875167,22.749,6044.390,641118
1787904564051,70836bff-40f2-1f0f-7dfa-3dcce2efeb0b,/p/6/9abb2ee2f68d783a,4,200,490221,318.206,639.534,766529
1787904555484,2fd85362-59e7-0360-bede-1fb24c27574f,/p/0/97283bdef6605e94,5,200,362847,427.346,9316.090,38948
1787904559465,bdc3760a-7816-6e4e-660f-cc91c678b82f,/p/11/fabf9e5bc2173231,4,200,482706,52.287,5462.475,88368
1787904558356,8e039d77-b093-290c-1e0c-6c1c20fc2784,/p/0/8171c193bf7262a4,8,200,498942,288.600,6701.718,74450
1787904559465,bdc3760a-7816-6e4e-660f-cc91c678b82f,/p/0/fabf9c5bc2172ecb,4,200,470826,52.301,5644.645,83411
1787904564534,4ce4cdbb-dbdd-1688-96fd-5df59fcfe3b4,/p/0/c72074d914d6617b,3,200,143827,21.754,578.011,248831
1787904554714,2fd85362-59e7-0360-bede-1fb24c27574f,/p/0/47538d12ac29eb6c,4,200,305109,454.302,10507.403,29038
1787904544631,d828a9cb-ad94-c44a-2b73-79ad15446319,/p/8/eb43276625bf5262,9,200,368058,802.494,20694.072,17786
1787904564534,4ce4cdbb-dbdd-1688-96fd-5df59fcfe3b4,/p/0/c72076d914d664e1,3,200,176295,51.912,855.656,206035
1787904561989,edc5b198-1eea-9f91-8df1-351f156ad215,/p/11/a7a30b7fc99f969a,3,200,2168852,35.907,3630.255,597438
1787904563888,2dbc2170-ac47-40ef-ba7e-d5c867efe7e4,/p/0/c18a82ee7e1acf7d,4,200,78373,232.250,1764.700,44412
1787904564690,70836bff-40f2-1f0f-7dfa-3dcce2efeb0b,/p/5/27233aa68ec5e1eb,5,200,27521,993.738,999.238,27542
1787904535778,465a32fe-089b-66e1-743d-6bf81e48bcc9,/p/0/c89038f8d90ba46b,1,200,6182368,20.170,30657.823,201657
1787904564927,bdc3760a-7816-6e4e-660f-cc91c678b82f,/p/0/779a156701a3b8c9,5,200,146649,307.975,1584.061,92578
1787904564801,2fd85362-59e7-0360-bede-1fb24c27574f,/p/0/18246be76fddd73d,6,200,42016,386.599,1812.320,23184
1787904564690,70836bff-40f2-1f0f-7dfa-3dcce2efeb0b,/p/0/27233ca68ec5e551,5,200,361783,994.481,2013.162,179709
1787904564690,70836bff-40f2-1f0f-7dfa-3dcce2efeb0b,/p/0/272339a68ec5e038,5,200,481359,994.387,2017.503,238591
1787904565619,edc5b198-1eea-9f91-8df1-351f156ad215,/p/10/97aec3abb49e3877,4,200,210496,243.811,1133.140,185763
1787904553206,bfbe64d9-9962-f03a-ae3e-0b2a837eca97,/p/0/776a630571bd0dec,2,200,359324,1512.219,13980.200,25702
1787904565619,edc5b198-1eea-9f91-8df1-351f156ad215,/p/0/97aec2abb49e36c4,4,200,435523,27.699,1763.614,246949
1787904566752,edc5b198-1eea-9f91-8df1-351f156ad215,/p/0/d0e046d53f866f7a,5,200,198440,90.632,808.116,245559
1787904558253,465a32fe-089b-66e1-743d-6bf81e48bcc9,/p/0/41cc24e4072219d2,5,200,2695750,156.216,9351.207,288278
1787904549775,b4adaf70-07f6-7a64-9577-306cbff66ac6,/p/0/566a20f12ddd2043,9,200,4477402,42.046,17881.093,250399
1787904563287,3c363f0b-7b79-70d2-3277-30a9062163a5,/?crawl=162,0,200,519595,138.481,4485.029,115851
1787904549775,b4adaf70-07f6-7a64-9577-306cbff66ac6,/p/0/566a1ff12ddd1e90,9,200,4483502,158.210,18098.148,247733
1787904566752,edc5b198-1eea-9f91-8df1-351f156ad215,/p/0/d0e045d53f866dc7,5,200,349823,82.130,1719.494,203445
1787904561287,6f9c5d35-2792-1d60-554c-5c1ca4bb4050,/?crawl=160,0,200,2400656,36.685,7431.223,323050
1787904540312,654ea73b-bbfc-9123-9dcc-0f72185a3f46,/p/0/150e293856181d01,8,200,5635626,2928.947,28613.885,196954
1787904560292,5d1302d4-5607-08c1-055f-739ccda90560,/p/4/2f56ab43b4e18bf,2,200,2645204,176.693,8677.659,304829
1787904562287,33f2dd45-81ad-d997-f2a2-edc92faf1430,/?crawl=161,0,200,4051762,51.499,6909.786,586380
1787904558171,cf34257e-f5df-fb21-0683-73c4f3fe620c,/p/0/3be4c862ad6dda7a,1,200,4907273,117.177,11265.718,435593
1787904565690,70836bff-40f2-1f0f-7dfa-3dcce2efeb0b,/p/4/f5e762c3ac5e884e,6,200,192747,1160.401,3769.678,51131
1787904568718,6f9c5d35-2792-1d60-554c-5c1ca4bb4050,/p/3/2e6a3dbb2f81c5aa,1,200,93713,188.006,850.628,110169
1787904565690,70836bff-40f2-1f0f-7dfa-3dcce2efeb0b,/p/0/f5e763c3ac5e8a01,6,200,224565,1235.945,3962.416,56674
1787904555095,34551a5a-115c-9b17-89bc-e0783571b8b4,/p/0/5399a4da8aee9806,2,200,2483348,138.714,14606.499,170017
1787904564534,4ce4cdbb-dbdd-1688-96fd-5df59fcfe3b4,/p/0/c72073d914d65fc8,3,200,3471345,51.971,5188.101,669097
1787904536110,f2505378-d1bf-38d6-4e2f-af52d5cfd7ad,/p/0/3d0e392a54ad68dd,1,200,4654826,79.974,33742.962,137950
1787904546848,50d5a221-da53-01cf-bc86-7ed6a9a23477,/p/0/228aa54f0223fe0b,1,200,209115,597.873,23029.790,9080
1787904546401,7a49d9a7-1b11-cd26-e49a-b3a7eac229d0,/p/3/eac29a8175f9a1d,5,200,5560884,171.918,23490.986,236724
1787904546401,7a49d9a7-1b11-cd26-e49a-b3a7eac229d0,/p/0/eac27a8175f96b7,5,200,5386597,115.204,23523.027,228993
1787904569287,e7b16f51-3341-6422-abdd-50630d2997f9,/?crawl=165,0,200,353906,33.509,813.945,434803
1787904569287,6641819c-a82d-afa9-a70e-f325f4d05153,/?crawl=164,0,200,283644,49.425,929.618,305119
1787904568969,5d1302d4-5607-08c1-055f-739ccda90560,/p/3/5408b8cedc14ba05,3,200,120059,34.591,1497.069,80196
1787904569569,6f9c5d35-2792-1d60-554c-5c1ca4bb4050,/p/0/3583fb34ec1a90a5,2,200,104111,198.385,1028.312,101245
1787904570287,65d214dc-e787-2aae-26a6-d901ba3321b1,/?crawl=166,0,200,111503,43.867,333.526,334316
1787904528107,4554079d-1420-510c-38ca-4f4ef1f0fdf9,/p/0/35d6fd36a5a4ffa9,9,200,6225397,655.415,42584.501,146189
1787904570101,e7b16f51-3341-6422-abdd-50630d2997f9,/p/0/742b3ba271b0e00b,1,200,148048,60.428,625.636,236636
1787904570620,65d214dc-e787-2aae-26a6-d901ba3321b1,/p/0/b9ec3e89b3e002eb,1,200,32954,42.292,123.804,266179
1787904559881,2fd85362-59e7-0360-bede-1fb24c27574f,/p/0/97283edef66063ad,5,200,316080,380.399,10863.479,29096
1787904570102,e7b16f51-3341-6422-abdd-50630d2997f9,/p/0/742b3ca271b0e1be,1,200,100617,59.199,735.669,136769
1787904563888,2dbc2170-ac47-40ef-ba7e-d5c867efe7e4,/p/9/c18a81ee7e1acdca,4,200,438349,195.194,7105.166,61694
1787904554287,b04f2aee-6eb5-6d0f-199c-7b0c781f932b,/?crawl=152,0,200,5370578,42.207,16871.629,318320
1787904569569,6f9c5d35-2792-1d60-554c-5c1ca4bb4050,/p/2/3583f934ec1a8d3f,2,200,82979,198.392,1800.708,46081
1787904569459,70836bff-40f2-1f0f-7dfa-3dcce2efeb0b,/p/0/6959f6395351222f,7,200,145727,192.737,2057.262,70835
1787904543288,d828a9cb-ad94-c44a-2b73-79ad15446319,/p/0/a149714baae87a8,8,200,452056,1120.977,28358.538,15941
1787904564051,70836bff-40f2-1f0f-7dfa-3dcce2efeb0b,/p/0/9abb2ce2f68d74d4,4,200,3532086,316.304,7785.405,453680
1787904570620,65d214dc-e787-2aae-26a6-d901ba3321b1,/p/0/b9ec3f89b3e0049e,1,200,225085,123.731,1437.860,156542
1787904570620,65d214dc-e787-2aae-26a6-d901ba3321b1,/p/8/b9ec3d89b3e00138,1,200,260798,204.382,1499.618,173910
1787904525316,f1dcb84a-1a6b-47ce-f443-39b278154e85,/p/0/a5ac9fefa2f163fd,1,200,4608761,285.149,46888.265,98292
1787904569459,70836bff-40f2-1f0f-7dfa-3dcce2efeb0b,/p/0/6959f739535123e2,7,200,241900,192.890,2751.580,87913
1787904565325,d828a9cb-ad94-c44a-2b73-79ad15446319,/p/0/eb43256625bf4efc,9,0,111675,1224.773,6962.421,16040
1787904492552,d828a9cb-ad94-c44a-2b73-79ad15446319,/p/0/ca8bdcf249d8878d,4,0,1873663,114.192,79735.296,23499
1787904496791,d828a9cb-ad94-c44a-2b73-79ad15446319,/p/0/67d5d231a7cd3bd6,6,0,1464727,114.932,75495.678,19401
1787904491741,d828a9cb-ad94-c44a-2b73-79ad15446319,/p/0/2a0a29cca4147332,3,0,2239631,111.346,80546.362,27805
1787904545768,d828a9cb-ad94-c44a-2b73-79ad15446319,/p/0/eb43286625bf5415,9,0,481835,570.054,26519.545,18169
1787904572287,d828a9cb-ad94-c44a-2b73-79ad15446319,/p/0/4f09ba7a3afc1f93,10,0,0,0.015,0.000,0
1787904572287,d828a9cb-ad94-c44a-2b73-79ad15446319,/p/0/4f09bb7a3afc2146,10,0,0,0.016,0.000,0
1787904571646,d828a9cb-ad94-c44a-2b73-79ad15446319,/p/7/4f09bc7a3afc22f9,10,0,0,640.890,0.000,0
1787904572287,8c603a5c-06d3-66e2-3348-74f431b14bf1,/?crawl=168,0,200,7126,19.622,19.677,362142
1787904569459,70836bff-40f2-1f0f-7dfa-3dcce2efeb0b,/p/3/6959f5395351207c,7,200,260585,211.301,2881.440,90436
1787904572287,b22108c2-3e1c-3fb6-ab64-c0e8f18baa13,/?crawl=167,0,200,22731,45.030,87.508,259761
1787904565619,edc5b198-1eea-9f91-8df1-351f156ad215,/p/0/97aec5abb49e3bdd,4,200,2881241,169.640,6937.187,415333
1787904569196,33f2dd45-81ad-d997-f2a2-edc92faf1430,/p/3/c1d49318c41cbbbd,1,200,340211,3.112,3361.503,101208
1787904550316,d562dbfa-e416-a92c-eb5b-040317304d8f,/p/0/c4187ed31297bc09,2,200,2322860,1839.590,22413.953,103635
1787904568969,5d1302d4-5607-08c1-055f-739ccda90560,/p/0/5408b6cedc14b69f,3,200,397979,86.375,3901.117,102017
1787904566752,edc5b198-1eea-9f91-8df1-351f156ad215,/p/9/d0e047d53f86712d,5,200,2760271,113.169,6151.745,448697
1787904558012,34551a5a-115c-9b17-89bc-e0783571b8b4,/p/0/d443b1453429131d,3,200,2487015,157.736,15096.858,164737
1787904570466,5d1302d4-5607-08c1-055f-739ccda90560,/p/0/b6bbb3c685146a4f,4,200,194723,193.161,2665.045,73066
1787904570466,5d1302d4-5607-08c1-055f-739ccda90560,/p/0/b6bbb4c685146c02,4,200,219745,176.205,2802.382,78414
1787904573287,1a504232-e6b4-5e75-449c-c40f2966781c,/?crawl=169,0,200,72950,33.838,167.664,435097
1787904546848,50d5a221-da53-01cf-bc86-7ed6a9a23477,/p/0/228aa64f0223ffbe,1,200,461265,708.996,26683.780,17286
1787904514850,bcd4ed17-009f-a3dd-d16f-419d96ba6ee3,/p/22/e0155b9db34b2e3a,2,200,5532286,1446.990,58688.366,94265
1787904559287,92fc7929-54a8-b7cf-82d7-0ca1e3ebc787,/?crawl=158,0,200,4227186,48.187,14511.300,291303
1787904570993,2dbc2170-ac47-40ef-ba7e-d5c867efe7e4,/p/8/c6086efcdc009d1c,5,200,300127,216.991,2864.914,104760
1787904536287,411aa984-7281-3b08-7527-1fad5805c628,/?crawl=137,0,200,6166469,86.195,37750.752,163347
1787904572904,edc5b198-1eea-9f91-8df1-351f156ad215,/p/0/ba7c9d8fb93c1a62,6,200,402359,17.598,1196.493,336282
1787904546848,50d5a221-da53-01cf-bc86-7ed6a9a23477,/p/8/228aa44f0223fc58,1,200,485319,197.355,27316.407,17767
1787904558012,34551a5a-115c-9b17-89bc-e0783571b8b4,/p/16/d443af4534290fb7,3,200,3342521,143.183,16201.231,206313
1787904570466,5d1302d4-5607-08c1-055f-739ccda90560,/p/2/b6bbb2c68514689c,4,200,475985,176.238,3822.258,124530
1787904572120,65d214dc-e787-2aae-26a6-d901ba3321b1,/p/0/93f3ceaa43d8cdb7,2,200,212852,41.264,2326.617,91486
1787904570216,6641819c-a82d-afa9-a70e-f325f4d05153,/p/1/e0c0e844dd15ed5e,1,200,400352,45.515,4237.084,94488
1787904572341,70836bff-40f2-1f0f-7dfa-3dcce2efeb0b,/p/0/338d042793590ffa,8,200,185998,188.172,2176.795,85446
1787904572341,70836bff-40f2-1f0f-7dfa-3dcce2efeb0b,/p/2/338d0527935911ad,8,200,202364,207.028,2252.919,89823
1787904574214,34551a5a-115c-9b17-89bc-e0783571b8b4,/p/0/494f88d2368a0084,4,200,77728,27.645,408.075,190475
1787904574213,34551a5a-115c-9b17-89bc-e0783571b8b4,/p/0/494f8bd2368a059d,4,200,81499,55.015,492.004,165647
1787904574213,34551a5a-115c-9b17-89bc-e0783571b8b4,/p/15/494f89d2368a0237,4,200,85793,69.477,491.982,174382
1787904571369,6f9c5d35-2792-1d60-554c-5c1ca4bb4050,/p/1/a26c32098aeef180,3,200,229089,197.679,3439.146,66612
1787904573539,bcd4ed17-009f-a3dd-d16f-419d96ba6ee3,/p/0/88236028ebda2a0b,3,200,263565,106.845,1353.110,194785
1787904574706,34551a5a-115c-9b17-89bc-e0783571b8b4,/p/0/a2e9480ab2fc7e4f,5,200,81496,27.604,210.240,387632
1787904572120,65d214dc-e787-2aae-26a6-d901ba3321b1,/p/0/93f3cfaa43d8cf6a,2,200,226145,82.251,2818.889,80225
1787904573539,bcd4ed17-009f-a3dd-d16f-419d96ba6ee3,/p/0/88236128ebda2bbe,3,200,498798,89.189,1598.324,312076
1787904513503,bcd4ed17-009f-a3dd-d16f-419d96ba6ee3,/p/0/fdcca5b3ac4d5427,1,200,6195231,1229.591,61670.910,100456
1787904572120,65d214dc-e787-2aae-26a6-d901ba3321b1,/p/7/93f3d0aa43d8d11d,2,200,364835,205.409,3190.169,114362
1787904574454,6641819c-a82d-afa9-a70e-f325f4d05153,/p/0/7d061843a1b88b85,2,200,49914,280.567,904.320,55195
1787904574706,34551a5a-115c-9b17-89bc-e0783571b8b4,/p/0/a2e9490ab2fc8002,5,200,187323,153.566,759.532,246629
1787904574289,5d1302d4-5607-08c1-055f-739ccda90560,/p/0/7895b1ad4ba11196,5,200,174118,178.575,1191.472,146137
1787904574289,5d1302d4-5607-08c1-055f-739ccda90560,/p/1/7895b2ad4ba11349,5,200,257186,178.485,1197.342,214797
1787904574289,5d1302d4-5607-08c1-055f-739ccda90560,/p/0/7895b0ad4ba10fe3,5,200,478198,178.551,1202.193,397771
1787904562965,4554079d-1420-510c-38ca-4f4ef1f0fdf9,/p/0/15490163bd8fad3b,12,200,392828,386.103,12580.636,31225
1787904551287,ff97e90e-0cfa-199c-ead3-6cce0eb92255,/?crawl=149,0,200,5658370,59.939,24267.142,233170
1787904503780,0a02f36c-282b-eed8-c8ea-da6e09d12a51,/p/10/927a8a93b7dcec3d,4,200,2345206,501.279,71807.016,32660
1787904575486,5d1302d4-5607-08c1-055f-739ccda90560,/p/0/9d543f2b92451a6b,6,200,40947,54.613,160.845,254574
1787904549333,d562dbfa-e416-a92c-eb5b-040317304d8f,/p/0/b5f4f8ac96bef0b8,1,200,3739437,976.176,26407.667,141604
1787904572558,33f2dd45-81ad-d997-f2a2-edc92faf1430,/p/2/e1d6c56f25baf555,2,200,185415,327.094,3255.559,56953
1787904521062,7a2fb8de-5e61-3a1f-8e31-d8fa508e4821,/p/0/ebdec3f0509e2c23,3,200,4520855,230.896,54915.225,82324
1787904574164,50d5a221-da53-01cf-bc86-7ed6a9a23477,/p/7/e56b9036eb689241,2,200,23662,1149.647,1843.727,12834
1787904558822,d0c9dc3c-e97e-1997-92d8-49dfc9d01e04,/p/0/c7a4764e84671843,4,200,3959822,123.073,17211.183,230073
1787904575486,5d1302d4-5607-08c1-055f-739ccda90560,/p/0/9d54402b92451c1e,6,200,428000,57.473,593.666,720945
1787904575486,5d1302d4-5607-08c1-055f-739ccda90560,/p/0/9d543e2b924518b8,6,200,474868,79.139,647.662,733203
1787904566613,2fd85362-59e7-0360-bede-1fb24c27574f,/p/0/18d052b7c8280321,7,200,245984,496.675,9685.913,25396
1787904573454,1a504232-e6b4-5e75-449c-c40f2966781c,/p/0/2681e62c1f4507bf,1,200,381218,30.040,2970.672,128327
1787904574594,70836bff-40f2-1f0f-7dfa-3dcce2efeb0b,/p/0/8f534848a3280d6d,9,200,107864,205.131,1878.799,57411
1787904553135,94ecf158-1b8f-bebe-971a-8f3ad16157a7,/p/0/151019a78437e788,1,200,5145507,47.144,23342.743,220433
1787904574594,70836bff-40f2-1f0f-7dfa-3dcce2efeb0b,/p/0/8f534548a3280854,9,200,176169,241.383,1936.136,90990
1787904571369,6f9c5d35-2792-1d60-554c-5c1ca4bb4050,/p/0/a26c34098aeef4e6,3,200,302272,197.658,5203.877,58086
1787904568969,5d1302d4-5607-08c1-055f-739ccda90560,/p/0/5408b7cedc14b852,3,200,4405666,53.186,7848.966,561305
1787904573454,1a504232-e6b4-5e75-449c-c40f2966781c,/p/6/2681e82c1f450b25,1,200,438073,89.297,3405.291,128645
1787904573539,bcd4ed17-009f-a3dd-d16f-419d96ba6ee3,/p/21/88236228ebda2d71,3,200,5201230,97.673,3360.352,1547823
1787904575310,65d214dc-e787-2aae-26a6-d901ba3321b1,/p/0/a4f1eac365bfb049,3,200,209451,41.172,1624.570,128927
1787904576287,6237151e-86d6-d523-9350-8d8c3aba1ab5,/?crawl=172,0,200,343606,36.102,777.061,442187
1787904576860,1a504232-e6b4-5e75-449c-c40f2966781c,/p/0/c5a2ae6ffe62780c,2,200,16112,163.147,230.413,69927
1787904570744,2fd85362-59e7-0360-bede-1fb24c27574f,/p/0/18d04fb7c827fe08,7,200,256908,384.871,6429.231,39959
1787904558609,4554079d-1420-510c-38ca-4f4ef1f0fdf9,/p/0/2c2733a37735cf8,11,0,790503,384.492,18678.244,42322
1787904562965,4554079d-1420-510c-38ca-4f4ef1f0fdf9,/p/0/15490263bd8faeee,12,0,740555,424.792,14321.741,51708
1787904562965,4554079d-1420-510c-38ca-4f4ef1f0fdf9,/p/0/15490063bd8fab88,12,0,649439,501.380,14321.764,45346
1787904557612,53461352-1ef1-cff3-5064-81b8e3b79826,/p/0/72a94caa8d99443a,2,200,2369865,226.156,19718.649,120184
1787904576899,bcd4ed17-009f-a3dd-d16f-419d96ba6ee3,/p/0/63b0055a89531e7a,4,200,468327,8.754,434.652,1077477
1787904517452,7a2fb8de-5e61-3a1f-8e31-d8fa508e4821,/p/0/39733830a4332585,2,200,5711548,255.174,59941.169,95286
1787904570102,e7b16f51-3341-6422-abdd-50630d2997f9,/p/0/742b3da271b0e371,1,200,2671526,263.065,7307.573,365583
1787904576287,89b3e9b2-5c13-83bd-0f75-05bc48e88e5e,/?crawl=171,0,200,439143,40.955,1123.136,390997
1787904576899,bcd4ed17-009f-a3dd-d16f-419d96ba6ee3,/p/0/63b0045a89531cc7,4,200,518939,30.333,530.309,978560
1787904576899,bcd4ed17-009f-a3dd-d16f-419d96ba6ee3,/p/20/63b0035a89531b14,4,200,509625,3.402,555.749,917006
1787904574454,6641819c-a82d-afa9-a70e-f325f4d05153,/p/0/7d061743a1b889d2,2,200,219113,233.887,3018.482,72590
1787904575554,ff97e90e-0cfa-199c-ead3-6cce0eb92255,/p/0/1aa250bff1e74539,1,200,167120,177.708,1932.487,86479
1787904577287,ac47686c-321d-867c-2827-06e9849b4857,/?crawl=173,0,200,163631,31.385,310.367,527219
1787904560600,d562dbfa-e416-a92c-eb5b-040317304d8f,/p/2/76a184979aa18750,4,200,2825113,190.392,17030.106,165889
1787904550872,b3f8da67-88d4-279f-1898-80bb9e742475,/p/0/a7061a4a0f26fbe4,5,200,5847571,1.879,26759.464,218523
1787904573798,92fc7929-54a8-b7cf-82d7-0ca1e3ebc787,/p/9/d27c61873fb3069,1,200,365950,227.028,3852.965,94979
1787904572341,70836bff-40f2-1f0f-7dfa-3dcce2efeb0b,/p/0/338d032793590e47,8,200,515708,226.285,5316.490,97002
1787904526119,7a2fb8de-5e61-3a1f-8e31-d8fa508e4821,/p/1/cb6693ad742496c6,4,200,4822194,340.147,51668.943,93329
1787904577597,ac47686c-321d-867c-2827-06e9849b4857,/p/0/da79b51c476cdfb9,1,200,62560,28.924,228.159,274195
1787904552294,202ca0a9-969d-e337-18b0-a8a1c747a4a6,/p/0/39c39b581a87efcb,5,200,4297325,52.901,25558.814,168135
1787904577455,bcd4ed17-009f-a3dd-d16f-419d96ba6ee3,/p/0/49bccdd3dcf9b637,5,200,366171,5.160,403.352,907820
1787904572374,b22108c2-3e1c-3fb6-ab64-c0e8f18baa13,/p/10/4d5692e7487af74b,1,200,399343,43.021,5559.023,71837
1787904577455,bcd4ed17-009f-a3dd-d16f-419d96ba6ee3,/p/19/49bccfd3dcf9b99d,5,200,449736,37.874,479.019,938868
1787904577455,bcd4ed17-009f-a3dd-d16f-419d96ba6ee3,/p/0/49bcced3dcf9b7ea,5,200,521088,1.445,498.799,1044686
1787904577410,89b3e9b2-5c13-83bd-0f75-05bc48e88e5e,/p/0/b3a50a611e36f393,1,200,82981,110.280,678.787,122249
1787904576860,1a504232-e6b4-5e75-449c-c40f2966781c,/p/5/c5a2b06ffe627b72,2,200,144949,147.759,1258.506,115175
1787904553135,94ecf158-1b8f-bebe-971a-8f3ad16157a7,/p/9/15101ba78437eaee,1,200,6099052,123.703,25002.320,243939
1787904577287,39b41ee3-7601-23f1-2631-650725ee5b10,/?crawl=174,0,200,334828,38.752,879.440,380729
1787904575310,65d214dc-e787-2aae-26a6-d901ba3321b1,/p/6/a4f1e8c365bface3,3,200,363730,122.933,2880.959,126253
1787904575310,65d214dc-e787-2aae-26a6-d901ba3321b1,/p/0/a4f1e7c365bfab30,3,200,449402,82.279,2921.823,153809
1787904548101,b9f9be94-feec-6c1a-52cb-15e4a8523f59,/p/0/dcc9a467bff4de91,1,200,6173884,305.882,30208.355,204377
1787904577934,bcd4ed17-009f-a3dd-d16f-419d96ba6ee3,/p/18/ce809ca88d5900b2,6,200,442092,31.576,465.112,950507
1787904577651,92fc7929-54a8-b7cf-82d7-0ca1e3ebc787,/p/8/3648df4988b5c286,2,200,33367,244.302,796.954,41868
1787904578399,bcd4ed17-009f-a3dd-d16f-419d96ba6ee3,/p/0/bd9bb8ee03ced5cb,7,200,33308,31.650,78.414,424773
1787904577934,bcd4ed17-009f-a3dd-d16f-419d96ba6ee3,/p/0/ce809aa88d58fd4c,6,200,486090,28.548,585.477,830246
1787904577630,d562dbfa-e416-a92c-eb5b-040317304d8f,/p/0/eed759dd60189cb1,5,200,121924,103.772,903.104,135006
1787904577934,bcd4ed17-009f-a3dd-d16f-419d96ba6ee3,/p/0/ce809da88d590265,6,200,519957,19.682,633.116,821266
1787904565221,2fd85362-59e7-0360-bede-1fb24c27574f,/p/1/18d051b7c828016e,7,200,381844,436.810,13359.625,28582
1787904578118,1a504232-e6b4-5e75-449c-c40f2966781c,/p/0/9e528d65793f00e0,3,200,12507,144.323,484.907,25793
1787904578399,bcd4ed17-009f-a3dd-d16f-419d96ba6ee3,/p/17/bd9bb7ee03ced418,7,200,166307,31.740,245.517,677374
1787904578166,39b41ee3-7601-23f1-2631-650725ee5b10,/p/0/94b8b335053dbe8c,1,200,61541,38.103,597.816,102943
1787904537503,3b749c58-6ab7-9e3a-6b7d-15a638eaf40e,/p/0/29c58c4e0aea28da,2,200,3353642,302.152,41283.069,81235
1787904578645,bcd4ed17-009f-a3dd-d16f-419d96ba6ee3,/p/0/a34a04f3b77de976,8,200,144104,30.583,239.043,602837
1787904577788,7a2fb8de-5e61-3a1f-8e31-d8fa508e4821,/p/0/9ab5ba372bb69118,5,200,173592,42.874,1098.435,158036
1787904557630,d0c9dc3c-e97e-1997-92d8-49dfc9d01e04,/p/0/8c5fc522ba0bca19,3,200,6015826,96.286,21296.329,282482
1787904558822,d0c9dc3c-e97e-1997-92d8-49dfc9d01e04,/p/6/c7a4754e84671690,4,200,5865022,123.126,20106.508,291698
1787904539240,3b749c58-6ab7-9e3a-6b7d-15a638eaf40e,/p/0/5746bff197b3fec3,3,200,3526275,257.983,39744.454,88724
1787904578191,65d214dc-e787-2aae-26a6-d901ba3321b1,/p/0/ca4091f14878124c,4,200,94585,61.323,861.566,109783
1787904572374,b22108c2-3e1c-3fb6-ab64-c0e8f18baa13,/p/0/4d5691e7487af598,1,200,420840,106.007,6899.653,60994
1787904578138,94ecf158-1b8f-bebe-971a-8f3ad16157a7,/p/0/e103533d709e88fb,2,200,208131,30.689,1237.286,168216
1787904578138,94ecf158-1b8f-bebe-971a-8f3ad16157a7,/p/8/e103553d709e8c61,2,200,169306,30.642,1252.770,135145
1787904577933,b22108c2-3e1c-3fb6-ab64-c0e8f18baa13,/p/0/817cf9daa0d44a90,2,200,57589,488.178,1488.315,38694
1787904539240,3b749c58-6ab7-9e3a-6b7d-15a638eaf40e,/p/9/5746c1f197b40229,3,200,4477784,257.842,40203.963,111377
1787904579444,3b749c58-6ab7-9e3a-6b7d-15a638eaf40e,/p/0/2e9bcdf53e48ab2,4,200,14382,23.935,28.405,506319
1787904576860,1a504232-e6b4-5e75-449c-c40f2966781c,/p/0/c5a2b16ffe627d25,2,200,382615,190.693,2641.023,144874
1787904577788,7a2fb8de-5e61-3a1f-8e31-d8fa508e4821,/p/0/9ab5bc372bb6947e,5,200,211185,209.081,1814.560,116384
1787904579444,3b749c58-6ab7-9e3a-6b7d-15a638eaf40e,/p/0/2e9bbdf53e488ff,4,200,127434,30.420,159.796,797477
1787904572558,33f2dd45-81ad-d997-f2a2-edc92faf1430,/p/0/e1d6c46f25baf3a2,2,200,326145,504.815,7083.987,46040
1787904578928,d0c9dc3c-e97e-1997-92d8-49dfc9d01e04,/p/0/bc2f71872e80800a,5,200,141167,3.385,816.178,172961
1787904578928,d0c9dc3c-e97e-1997-92d8-49dfc9d01e04,/p/0/bc2f70872e807e57,5,200,522465,3.357,944.043,553434
1787904579391,94ecf158-1b8f-bebe-971a-8f3ad16157a7,/p/7/29c085e17b11a6dd,3,200,41892,154.500,513.055,81652
1787904557612,53461352-1ef1-cff3-5064-81b8e3b79826,/p/6/72a94aaa8d9940d4,2,200,2782211,208.657,22327.965,124607
1787904572374,b22108c2-3e1c-3fb6-ab64-c0e8f18baa13,/p/0/4d5694e7487afab1,1,200,450332,85.162,7746.060,58137
1787904577410,89b3e9b2-5c13-83bd-0f75-05bc48e88e5e,/p/4/b3a509611e36f1e0,1,200,325429,36.661,2774.424,117296
1787904577597,ac47686c-321d-867c-2827-06e9849b4857,/p/2/da79b41c476cde06,1,200,400666,94.358,2660.980,150571
1787904578166,39b41ee3-7601-23f1-2631-650725ee5b10,/p/0/94b8b635053dc3a5,1,200,224062,111.808,2131.478,105120
1787904577788,7a2fb8de-5e61-3a1f-8e31-d8fa508e4821,/p/0/9ab5bb372bb692cb,5,200,469610,103.879,2515.470,186689
1787904577410,89b3e9b2-5c13-83bd-0f75-05bc48e88e5e,/p/0/b3a50b611e36f546,1,200,378421,183.274,2935.754,128901
1787904574809,6f9c5d35-2792-1d60-554c-5c1ca4bb4050,/p/0/9bc49fa1dbb6a909,4,200,314259,196.333,5553.895,56584
1787904578118,1a504232-e6b4-5e75-449c-c40f2966781c,/p/4/9e528e65793f0293,3,200,317836,144.350,2344.976,135539
1787904579287,c452570a-b691-7934-852d-c5e32183ba78,/?crawl=175,0,200,280225,68.986,1277.494,219355
1787904575554,ff97e90e-0cfa-199c-ead3-6cce0eb92255,/p/0/1aa24ebff1e741d3,1,200,467203,56.897,5082.542,91923
1787904580463,1a504232-e6b4-5e75-449c-c40f2966781c,/p/3/fa4c0f541cf50f5e,4,200,12733,150.644,215.119,59191
1787904578166,39b41ee3-7601-23f1-2631-650725ee5b10,/p/2/94b8b435053dc03f,1,200,329455,188.491,2594.042,127004
1787904577933,b22108c2-3e1c-3fb6-ab64-c0e8f18baa13,/p/9/817cfbdaa0d44df6,2,200,202716,633.819,2853.252,71047
1787904578448,92fc7929-54a8-b7cf-82d7-0ca1e3ebc787,/p/7/3bc26d100d4869e8,3,200,104381,312.441,2412.157,43273
1787904579642,33f2dd45-81ad-d997-f2a2-edc92faf1430,/p/0/6da524ced1f6831d,3,200,56621,281.006,1231.214,45988
1787904572904,edc5b198-1eea-9f91-8df1-351f156ad215,/p/0/ba7c9c8fb93c18af,6,200,3746607,49.898,8038.281,466096
1787904537503,3b749c58-6ab7-9e3a-6b7d-15a638eaf40e,/p/0/29c58b4e0aea2727,2,200,6224793,38.877,43705.103,142427
1787904580463,1a504232-e6b4-5e75-449c-c40f2966781c,/p/0/fa4c10541cf51111,4,200,89695,198.941,1024.439,87555
1787904580287,65126b3c-9e51-13e4-c8fc-1abf5045a9a5,/?crawl=176,0,200,429523,43.556,1223.351,351104
1787904572558,33f2dd45-81ad-d997-f2a2-edc92faf1430,/p/0/e1d6c36f25baf1ef,2,200,427308,327.106,8970.516,47635
1787904580463,1a504232-e6b4-5e75-449c-c40f2966781c,/p/0/fa4c0d541cf50bf8,4,200,59750,150.611,1098.263,54404
1787904580258,ac47686c-321d-867c-2827-06e9849b4857,/p/0/a4f2748e46f706c,2,200,169762,135.823,1412.917,120150
1787904578581,2fd85362-59e7-0360-bede-1fb24c27574f,/p/0/9a19cea283c581ea,8,200,78003,390.876,3163.159,24660
1787904579940,53461352-1ef1-cff3-5064-81b8e3b79826,/p/0/45722c7e2beec6f7,3,200,145704,234.472,1927.152,75606
1787904579940,53461352-1ef1-cff3-5064-81b8e3b79826,/p/0/45722d7e2beec8aa,3,200,151110,234.559,2015.169,74986
1787904572904,edc5b198-1eea-9f91-8df1-351f156ad215,/p/8/ba7c9e8fb93c1c15,6,200,4729295,17.620,9074.591,521158
1787904578448,92fc7929-54a8-b7cf-82d7-0ca1e3ebc787,/p/0/3bc26e100d486b9b,3,200,204632,357.893,3601.031,56826
1787904579391,94ecf158-1b8f-bebe-971a-8f3ad16157a7,/p/0/29c084e17b11a52a,3,200,215009,154.447,2668.401,80576
1787904580786,b22108c2-3e1c-3fb6-ab64-c0e8f18baa13,/p/8/7b9a33788a76a5b4,3,200,91301,212.181,1274.759,71622
1787904578191,65d214dc-e787-2aae-26a6-d901ba3321b1,/p/0/ca4094f148781765,4,200,401178,206.253,3895.952,102973
1787904580786,b22108c2-3e1c-3fb6-ab64-c0e8f18baa13,/p/0/7b9a34788a76a767,3,200,79058,212.158,1360.357,58116
1787904579904,94ecf158-1b8f-bebe-971a-8f3ad16157a7,/p/0/6bc5a4f21502d711,4,200,147752,217.015,2260.870,65352
1787904578191,65d214dc-e787-2aae-26a6-d901ba3321b1,/p/5/ca4093f1487815b2,4,200,494465,142.905,3977.338,124321
1787904579391,94ecf158-1b8f-bebe-971a-8f3ad16157a7,/p/0/29c083e17b11a377,3,200,313705,170.295,3035.963,103330
1787904580564,c452570a-b691-7934-852d-c5e32183ba78,/p/3/14e5ed770a2ca2c,1,200,160755,194.240,1889.858,85062
1787904578138,94ecf158-1b8f-bebe-971a-8f3ad16157a7,/p/0/e103543d709e8aae,2,200,498447,47.075,4336.443,114944
1787904563287,f21fc724-b7e7-a835-0bb6-03869d5d1aa1,/?crawl=163,0,200,3421539,77.752,19197.978,178224
1787904555982,ae2ba754-4451-0a3d-491a-73d4ddfe037f,/p/2/ee3b70ec5b01fec8,1,200,3279203,153.679,26508.755,123703
1787904580258,ac47686c-321d-867c-2827-06e9849b4857,/p/0/a4f2a48e46f7585,2,200,295015,228.943,2237.896,131827
1787904491560,0a02f36c-282b-eed8-c8ea-da6e09d12a51,/p/0/2d172be743269e71,3,200,3235080,530.285,90945.336,35572
1787904580760,39b41ee3-7601-23f1-2631-650725ee5b10,/p/1/dce70b376f4a3bc7,2,200,226245,187.166,1770.575,127780
1787904582485,f21fc724-b7e7-a835-0bb6-03869d5d1aa1,/p/0/9affe75d9ae6cde4,1,200,10472,75.924,113.828,91998
1787904580760,39b41ee3-7601-23f1-2631-650725ee5b10,/p/0/dce70a376f4a3a14,2,200,329532,37.329,1883.388,174968
1787904580258,ac47686c-321d-867c-2827-06e9849b4857,/p/1/a4f2948e46f73d2,2,200,378630,135.798,2479.830,152684
1787904581978,edc5b198-1eea-9f91-8df1-351f156ad215,/p/0/4ec24c0da005e8d3,7,200,268493,17.179,965.877,277978
1787904575587,0a02f36c-282b-eed8-c8ea-da6e09d12a51,/p/9/8030b77f4b3f7d32,5,200,184868,504.289,7433.039,24871
1787904582738,ac47686c-321d-867c-2827-06e9849b4857,/p/0/e161f9d85d2e045c,3,200,25458,132.666,409.821,62120
1787904574706,34551a5a-115c-9b17-89bc-e0783571b8b4,/p/14/a2e9470ab2fc7c9c,5,200,4151525,153.570,8543.789,485911
1787904575814,33f2dd45-81ad-d997-f2a2-edc92faf1430,/p/1/6da522ced1f67fb7,3,200,382926,307.284,7542.211,50771
1787904582491,ae2ba754-4451-0a3d-491a-73d4ddfe037f,/p/1/92fce691d31ab032,2,200,47076,255.301,947.397,49690
1787904583287,db35cebd-fd77-cf12-e315-d0ba551529d2,/?crawl=177,0,200,97754,36.204,237.948,410821
1787904583287,571e7041-48cc-42d0-213e-6fed6c2f16db,/?crawl=178,0,200,238259,24.052,340.546,699639
1787904579904,94ecf158-1b8f-bebe-971a-8f3ad16157a7,/p/0/6bc5a1f21502d1f8,4,200,507393,222.222,3765.781,134738
1787904583249,34551a5a-115c-9b17-89bc-e0783571b8b4,/p/0/2b971cfb59fe991b,6,200,106146,27.754,436.507,243172
1787904583627,571e7041-48cc-42d0-213e-6fed6c2f16db,/p/0/e26208ab57a996d8,1,200,13909,63.700,85.197,163257
1787904578399,bcd4ed17-009f-a3dd-d16f-419d96ba6ee3,/p/0/bd9bb9ee03ced77e,7,200,4932310,31.793,5329.355,925498
1787904533317,2fd85362-59e7-0360-bede-1fb24c27574f,/p/0/4c7bfea906a591a,1,200,2119108,351.042,50422.305,42027
1787904564347,421d8b8a-06ad-8f14-eb82-0f25424d834c,/p/0/4b111151e3800f14,3,200,272494,839.655,19438.010,14019
1787904578645,bcd4ed17-009f-a3dd-d16f-419d96ba6ee3,/p/16/a34a02f3b77de610,8,200,4425759,32.646,5182.684,853951
1787904581488,1a504232-e6b4-5e75-449c-c40f2966781c,/p/0/5b7556f0fe8d9061,5,200,210876,234.731,2342.600,90018
1787904583525,db35cebd-fd77-cf12-e315-d0ba551529d2,/p/0/2823079299d8b2ec,1,200,36664,67.492,364.553,100572
1787904580185,89b3e9b2-5c13-83bd-0f75-05bc48e88e5e,/p/3/316d532f9041dbbe,2,200,427557,161.265,3713.649,115131
1787904583828,bcd4ed17-009f-a3dd-d16f-419d96ba6ee3,/p/15/3f5ddb93d920af9,9,200,68096,32.388,136.460,499018
1787904582531,39b41ee3-7601-23f1-2631-650725ee5b10,/p/0/fb37ad927414b864,3,200,144005,186.659,1470.444,97933
1787904578928,d0c9dc3c-e97e-1997-92d8-49dfc9d01e04,/p/5/bc2f72872e8081bd,5,200,3920795,2.395,5265.541,744614
1787904580564,c452570a-b691-7934-852d-c5e32183ba78,/p/0/14e5fd770a2cbdf,1,200,215861,64.503,3710.595,58174
1787904558931,8e039d77-b093-290c-1e0c-6c1c20fc2784,/p/1/3c7c3032363b531d,9,0,5775370,288.196,25356.224,227769
1787904577651,92fc7929-54a8-b7cf-82d7-0ca1e3ebc787,/p/0/3648e04988b5c439,2,200,384442,221.534,6650.015,57811
1787904583828,bcd4ed17-009f-a3dd-d16f-419d96ba6ee3,/p/0/3f5dcb93d920946,9,200,312562,30.249,528.591,591312
1787904569892,7a49d9a7-1b11-cd26-e49a-b3a7eac229d0,/p/0/2b3e4de2d51f6a13,6,200,3139395,132.628,14527.178,216105
1787904582485,f21fc724-b7e7-a835-0bb6-03869d5d1aa1,/p/2/9affe85d9ae6cf97,1,200,184554,113.823,2019.463,91388
1787904580786,b22108c2-3e1c-3fb6-ab64-c0e8f18baa13,/p/0/7b9a35788a76a91a,3,200,261662,276.463,3738.977,69982
1787904580564,c452570a-b691-7934-852d-c5e32183ba78,/p/0/14e60d770a2cd92,1,200,194298,327.623,4099.926,47391
1787904584194,d0c9dc3c-e97e-1997-92d8-49dfc9d01e04,/p/0/e7ec9963cc51946f,6,200,94592,127.448,496.278,190603
1787904582531,39b41ee3-7601-23f1-2631-650725ee5b10,/p/0/fb37af927414bbca,3,200,195142,204.877,2195.699,88875
1787904580760,39b41ee3-7601-23f1-2631-650725ee5b10,/p/0/dce70d376f4a3f2d,2,200,417075,207.312,4003.704,104172
1787904582531,39b41ee3-7601-23f1-2631-650725ee5b10,/p/0/fb37b0927414bd7d,3,200,246422,204.875,2251.575,109444
1787904582738,ac47686c-321d-867c-2827-06e9849b4857,/p/0/e161fbd85d2e07c2,3,200,337479,146.158,2056.773,164082
1787904556817,7e10bbab-f605-815d-df81-10b3ba79674b,/p/6/f623c67b6b3eb94d,1,200,5989025,287.867,28009.231,213823
1787904584194,d0c9dc3c-e97e-1997-92d8-49dfc9d01e04,/p/4/e7ec9863cc5192bc,6,200,181791,20.548,639.521,284261
1787904583898,89b3e9b2-5c13-83bd-0f75-05bc48e88e5e,/p/0/6919e4c85cea260d,3,200,64484,201.020,952.119,67727
1787904582454,c452570a-b691-7934-852d-c5e32183ba78,/p/0/408f0abc3d5df415,2,200,101365,1134.559,2441.258,41522
1787904557612,53461352-1ef1-cff3-5064-81b8e3b79826,/p/0/72a94baa8d994287,2,200,4085452,208.568,27284.424,149736
1787904583964,bcd4ed17-009f-a3dd-d16f-419d96ba6ee3,/p/0/6e7f6deaa0f5d51e,10,200,488368,35.651,1015.066,481120
1787904583964,bcd4ed17-009f-a3dd-d16f-419d96ba6ee3,/p/14/6e7f6eeaa0f5d6d1,10,200,498970,35.764,1083.276,460612
1787904582168,65d214dc-e787-2aae-26a6-d901ba3321b1,/p/0/44961ca11cb997c0,5,200,226398,244.653,3028.668,74752
1787904557086,202ca0a9-969d-e337-18b0-a8a1c747a4a6,/p/6/46285f18c52633dd,8,200,5447448,161.315,28239.257,192903
1787904578645,bcd4ed17-009f-a3dd-d16f-419d96ba6ee3,/p/0/a34a03f3b77de7c3,8,200,5214316,30.613,6746.238,772922
1787904582454,c452570a-b691-7934-852d-c5e32183ba78,/p/2/408f08bc3d5df0af,2,200,135178,1329.198,3025.143,44685
1787904569196,33f2dd45-81ad-d997-f2a2-edc92faf1430,/p/0/c1d49118c41cb857,1,200,2207012,3.059,16302.158,135382
1787904585325,202ca0a9-969d-e337-18b0-a8a1c747a4a6,/p/0/13c13ed3718896b7,9,200,25627,135.696,414.181,61874
1787904581511,65126b3c-9e51-13e4-c8fc-1abf5045a9a5,/p/0/bb8d5df02e73aab2,1,200,433331,121.642,4391.559,98674
1787904585047,bcd4ed17-009f-a3dd-d16f-419d96ba6ee3,/p/0/e3b3177f4707d476,11,200,487419,30.356,878.783,554652
1787904583627,571e7041-48cc-42d0-213e-6fed6c2f16db,/p/3/e26209ab57a9988b,1,200,487292,116.685,2376.851,205016
1787904583627,571e7041-48cc-42d0-213e-6fed6c2f16db,/p/0/e2620bab57a99bf1,1,200,507597,21.607,2387.740,212585
1787904585047,bcd4ed17-009f-a3dd-d16f-419d96ba6ee3,/p/0/e3b3167f4707d2c3,11,200,488011,30.421,985.218,495333
1787904582454,c452570a-b691-7934-852d-c5e32183ba78,/p/0/408f07bc3d5deefc,2,200,169839,1134.596,3582.051,47414
1787904585287,64133af4-6f42-146b-9035-94218e38dbc9,/?crawl=182,0,200,285855,39.570,763.422,374439
1787904585325,202ca0a9-969d-e337-18b0-a8a1c747a4a6,/p/5/13c13dd371889504,9,200,97347,148.990,730.897,133188
1787904585479,c452570a-b691-7934-852d-c5e32183ba78,/p/1/51abaca6b04eb57a,3,200,15578,394.711,588.564,26468
1787904584833,d0c9dc3c-e97e-1997-92d8-49dfc9d01e04,/p/3/22e0869f66b1b064,7,200,191508,99.436,1305.234,146723
1787904585287,8a564192-88f8-6f49-375a-56a10565b2ea,/?crawl=181,0,200,348601,39.687,899.319,387628
1787904581511,65126b3c-9e51-13e4-c8fc-1abf5045a9a5,/p/0/bb8d5cf02e73a8ff,1,200,489103,39.524,4695.612,104162
1787904583525,db35cebd-fd77-cf12-e315-d0ba551529d2,/p/0/28230a9299d8b805,1,200,386188,33.195,2716.962,142140
1787904586004,571e7041-48cc-42d0-213e-6fed6c2f16db,/p/0/6e56fa49869ce451,2,200,40902,108.444,300.556,136088
1787904580860,92fc7929-54a8-b7cf-82d7-0ca1e3ebc787,/p/0/3bc26f100d486d4e,3,200,290427,383.301,5450.934,53280
1787904584826,7e10bbab-f605-815d-df81-10b3ba79674b,/p/5/7147a8221cff183a,2,200,288359,58.004,1656.875,174038
1787904582168,65d214dc-e787-2aae-26a6-d901ba3321b1,/p/4/44961da11cb99973,5,200,430886,449.044,4333.224,99438
1787904584833,d0c9dc3c-e97e-1997-92d8-49dfc9d01e04,/p/0/22e0889f66b1b3ca,7,200,363543,99.452,1669.593,217743
1787904586287,bc400b67-5e11-4908-8113-215b7eb51394,/?crawl=184,0,200,143066,27.876,262.932,544117
1787904586050,64133af4-6f42-146b-9035-94218e38dbc9,/p/4/541576aeb17821ba,1,200,17483,215.215,505.312,34598
1787904584826,7e10bbab-f605-815d-df81-10b3ba79674b,/p/0/7147a9221cff19ed,2,200,442698,175.186,1768.551,250317
1787904575587,0a02f36c-282b-eed8-c8ea-da6e09d12a51,/p/0/8030b87f4b3f7ee5,5,200,284673,504.193,11035.961,25795
1787904584826,7e10bbab-f605-815d-df81-10b3ba79674b,/p/0/7147a6221cff14d4,2,200,312191,57.952,1877.728,166260
1787904585287,f99a057d-4265-464a-1275-c552392e5629,/?crawl=180,0,200,258368,82.455,1442.201,179148
1787904586139,d0c9dc3c-e97e-1997-92d8-49dfc9d01e04,/p/2/fe3f4f5579cacf04,8,200,63751,136.646,615.891,103510
1787904586056,202ca0a9-969d-e337-18b0-a8a1c747a4a6,/p/0/913f2e9b67faabf8,10,200,78094,264.303,850.669,91803
1787904586004,571e7041-48cc-42d0-213e-6fed6c2f16db,/p/2/6e56f849869ce0eb,2,200,263546,21.529,905.297,291116
1787904575554,ff97e90e-0cfa-199c-ead3-6cce0eb92255,/p/0/1aa24dbff1e74020,1,200,2189947,354.559,11357.653,192817
1787904586483,7e10bbab-f605-815d-df81-10b3ba79674b,/p/0/9950b9ea44785058,3,200,105340,220.645,498.288,211404
1787904585479,c452570a-b691-7934-852d-c5e32183ba78,/p/0/51abada6b04eb72d,3,200,82243,394.637,1607.963,51147
1787904586550,bc400b67-5e11-4908-8113-215b7eb51394,/p/8/df97767d35d65d48,1,200,104375,154.386,637.357,163762
1787904586139,d0c9dc3c-e97e-1997-92d8-49dfc9d01e04,/p/0/fe3f515579cad26a,8,200,165094,126.975,1206.767,136807
1787904569892,7a49d9a7-1b11-cd26-e49a-b3a7eac229d0,/p/2/2b3e4ce2d51f6860,6,200,3985284,131.578,17715.400,224962
1787904556313,202ca0a9-969d-e337-18b0-a8a1c747a4a6,/p/0/47f601d4cfe29117,7,200,5566792,298.860,31316.981,177756
1787904578581,2fd85362-59e7-0360-bede-1fb24c27574f,/p/0/9a19cda283c58037,8,200,479572,564.521,9144.767,52442
1787904583898,89b3e9b2-5c13-83bd-0f75-05bc48e88e5e,/p/0/6919e1c85cea20f4,3,200,349404,237.788,3840.548,90978
1787904586910,571e7041-48cc-42d0-213e-6fed6c2f16db,/p/1/876d6166a5366dcb,3,200,230310,121.616,963.239,239099
1787904587288,9caa87a6-63f9-182e-5f14-b59782e63fbe,/?crawl=185,0,200,243966,52.478,684.236,356552
1787904585325,202ca0a9-969d-e337-18b0-a8a1c747a4a6,/p/0/13c13fd37188986a,9,200,405001,161.859,2663.423,152060
1787904586056,202ca0a9-969d-e337-18b0-a8a1c747a4a6,/p/4/913f2f9b67faadab,10,200,213323,198.001,1973.312,108104
1787904586910,571e7041-48cc-42d0-213e-6fed6c2f16db,/p/0/876d6366a5367131,3,200,251777,121.159,1176.888,213934
1787904582485,f21fc724-b7e7-a835-0bb6-03869d5d1aa1,/p/0/9affea5d9ae6d2fd,1,200,445255,380.947,5635.622,79007
1787904586556,64133af4-6f42-146b-9035-94218e38dbc9,/p/0/7f0ea8641b88d2ee,2,200,45822,211.730,1640.009,27940
1787904582491,ae2ba754-4451-0a3d-491a-73d4ddfe037f,/p/0/92fce491d31aaccc,2,200,270819,280.976,5729.576,47267
1787904579904,94ecf158-1b8f-bebe-971a-8f3ad16157a7,/p/6/6bc5a3f21502d55e,4,200,2647649,221.197,8346.387,317221
1787904586502,65d214dc-e787-2aae-26a6-d901ba3321b1,/p/0/745e07e83a8e7db1,6,200,112288,268.802,1845.017,60860
1787904582061,b22108c2-3e1c-3fb6-ab64-c0e8f18baa13,/p/0/70e59d11553948b9,4,200,442647,234.443,6324.359,69991
1787904576008,50d5a221-da53-01cf-bc86-7ed6a9a23477,/p/0/e5c2abbc60459ae1,3,200,156449,1170.945,12510.818,12505
1787904574594,70836bff-40f2-1f0f-7dfa-3dcce2efeb0b,/p/1/8f534648a3280a07,9,200,2375616,186.202,13970.913,170040
1787904583439,ae2ba754-4451-0a3d-491a-73d4ddfe037f,/p/0/65e0175386504171,3,200,256445,357.794,5266.395,48695
1787904586550,bc400b67-5e11-4908-8113-215b7eb51394,/p/0/df97787d35d660ae,1,200,313280,23.797,2194.856,142734
1787904587873,571e7041-48cc-42d0-213e-6fed6c2f16db,/p/0/df224298045cd882,4,200,122348,107.473,953.059,128374
1787904587873,571e7041-48cc-42d0-213e-6fed6c2f16db,/p/0/df224198045cd6cf,4,200,103111,139.576,1016.455,101442
1787904587608,7a49d9a7-1b11-cd26-e49a-b3a7eac229d0,/p/1/a3ec4efd717d80ee,7,200,31672,1139.679,1341.640,23607
1787904587187,bc400b67-5e11-4908-8113-215b7eb51394,/p/7/5c5925586b3a5789,2,200,94096,182.702,1840.357,51129
1787904588250,94ecf158-1b8f-bebe-971a-8f3ad16157a7,/p/0/694c2fe9c6aa24d2,5,200,138134,32.345,822.936,167855
1787904584834,d0c9dc3c-e97e-1997-92d8-49dfc9d01e04,/p/0/22e0879f66b1b217,7,200,508444,99.443,4270.915,119048
1787904584504,f21fc724-b7e7-a835-0bb6-03869d5d1aa1,/p/0/d1219824dcff8ed,2,200,258990,456.246,4682.925,55305
1787904565689,70836bff-40f2-1f0f-7dfa-3dcce2efeb0b,/p/0/f5e760c3ac5e84e8,6,200,3259649,1141.728,23587.076,138196
1787904587873,571e7041-48cc-42d0-213e-6fed6c2f16db,/p/0/df224398045cda35,4,200,289273,171.416,1443.342,200419
1787904586056,202ca0a9-969d-e337-18b0-a8a1c747a4a6,/p/0/913f319b67fab111,10,200,475505,185.093,3265.919,145596
1787904589287,e49b4ee7-4e13-bd1d-1313-5806ef6ad1f2,/?crawl=189,0,200,14364,37.411,55.847,257204
1787904588250,94ecf158-1b8f-bebe-971a-8f3ad16157a7,/p/0/694c2ee9c6aa231f,5,200,207604,32.353,1119.935,185371
1787904588030,202ca0a9-969d-e337-18b0-a8a1c747a4a6,/p/3/74999a70638066ee,11,200,183204,132.385,1346.399,136070
1787904588565,70836bff-40f2-1f0f-7dfa-3dcce2efeb0b,/p/0/3248da37a1cd54b5,10,200,61604,188.299,936.737,65764
1787904586755,d0c9dc3c-e97e-1997-92d8-49dfc9d01e04,/p/0/5a562deefb60a556,9,200,305668,124.818,2919.327,104705
1787904581978,edc5b198-1eea-9f91-8df1-351f156ad215,/p/7/4ec24b0da005e720,7,200,3715443,52.604,7777.669,477707
1787904588949,7a49d9a7-1b11-cd26-e49a-b3a7eac229d0,/p/0/acc915b5698413b5,8,200,81772,142.649,816.564,100142
1787904583356,33f2dd45-81ad-d997-f2a2-edc92faf1430,/p/0/f851c9951830073d,4,200,266454,282.316,6421.361,41495
1787904586068,c452570a-b691-7934-852d-c5e32183ba78,/p/0/d2666183814d324a,4,200,203077,520.292,3733.711,54390
1787904589756,edc5b198-1eea-9f91-8df1-351f156ad215,/p/6/5446deb3166bd6b5,8,200,30113,96.559,178.692,168519
1787904586186,8a564192-88f8-6f49-375a-56a10565b2ea,/p/0/c0ab21511cdd2ba7,1,200,282650,110.898,3810.858,74170
1787904588250,94ecf158-1b8f-bebe-971a-8f3ad16157a7,/p/5/694c30e9c6aa2685,5,200,504383,32.446,1867.394,270100
1787904529331,391c7ee1-f35b-4d3d-ec71-dfe97bb470c3,/p/0/c07b12eaf18ce4dd,2,200,228483,1726.994,60789.357,3759
1787904588565,70836bff-40f2-1f0f-7dfa-3dcce2efeb0b,/p/0/3248d737a1cd4f9c,10,200,180170,188.258,1616.814,111435
1787904588949,7a49d9a7-1b11-cd26-e49a-b3a7eac229d0,/p/0/acc913b56984104f,8,200,201938,131.294,1392.508,145018
1787904586556,64133af4-6f42-146b-9035-94218e38dbc9,/p/3/7f0ea6641b88cf88,2,200,242937,193.083,3830.008,63430
1787904590119,94ecf158-1b8f-bebe-971a-8f3ad16157a7,/p/4/c1546faffef041ba,6,200,103055,30.726,389.637,264490
1787904588287,ba52c45a-0d6b-8e9a-7ce5-5361c3297308,/?crawl=188,0,200,516598,137.840,2248.919,229709
1787904583439,ae2ba754-4451-0a3d-491a-73d4ddfe037f,/p/0/65e0165386503fbe,3,200,276354,281.722,7292.427,37896
1787904590287,056e65ec-143f-669f-54c4-c359c8bb4ba2,/?crawl=190,0,200,134949,26.634,536.987,251308
1787904575587,0a02f36c-282b-eed8-c8ea-da6e09d12a51,/p/0/8030b57f4b3f79cc,5,200,414506,655.103,15314.462,27066
1787904589756,edc5b198-1eea-9f91-8df1-351f156ad215,/p/0/5446ddb3166bd502,8,200,194892,80.709,1149.414,169558
1787904587346,d0c9dc3c-e97e-1997-92d8-49dfc9d01e04,/p/0/5a562ceefb60a3a3,9,200,464705,125.709,3579.630,129819
1787904589028,bc400b67-5e11-4908-8113-215b7eb51394,/p/0/b19270f363b55bea,3,200,131222,155.268,1948.666,67339
1787904583356,33f2dd45-81ad-d997-f2a2-edc92faf1430,/p/0/f851c69518300224,4,200,493321,256.754,7652.737,64463
1787904589935,edc5b198-1eea-9f91-8df1-351f156ad215,/p/0/43b7bed3df11d0fd,9,200,175398,107.409,1076.268,162969
1787904587607,7a49d9a7-1b11-cd26-e49a-b3a7eac229d0,/p/0/a3ec4cfd717d7d88,7,200,375956,1104.779,3561.438,105563
1787904576008,50d5a221-da53-01cf-bc86-7ed6a9a23477,/p/0/e5c2a8bc604595c8,3,200,202903,1817.785,15185.106,13362
1787904586068,c452570a-b691-7934-852d-c5e32183ba78,/p/0/d2666283814d33fd,4,200,359998,326.751,5132.235,70144
1787904581978,edc5b198-1eea-9f91-8df1-351f156ad215,/p/0/4ec24d0da005ea86,7,200,3996958,45.460,9270.847,431132
1787904586502,65d214dc-e787-2aae-26a6-d901ba3321b1,/p/3/745e05e83a8e7a4b,6,200,462185,268.384,4845.294,95388
1787904587187,bc400b67-5e11-4908-8113-215b7eb51394,/p/0/5c5923586b3a5423,2,200,329898,170.932,4350.736,75826
1787904584504,f21fc724-b7e7-a835-0bb6-03869d5d1aa1,/p/1/d1218824dcff73a,2,200,389521,494.779,7076.883,55041
1787904590386,64133af4-6f42-146b-9035-94218e38dbc9,/p/0/d740533841409e47,3,200,51403,275.877,1231.755,41732
1787904589028,bc400b67-5e11-4908-8113-215b7eb51394,/p/6/b1926ef363b55884,3,200,262415,155.064,2624.324,99993
1787904585479,c452570a-b691-7934-852d-c5e32183ba78,/p/0/51abaaa6b04eb214,3,200,334002,329.432,6309.066,52940
1787904569892,7a49d9a7-1b11-cd26-e49a-b3a7eac229d0,/p/0/2b3e4ee2d51f6bc6,6,200,5926266,43.191,21984.221,269569
1787904590509,94ecf158-1b8f-bebe-971a-8f3ad16157a7,/p/3/6f1749be68f4c749,7,200,117152,153.457,1374.093,85258
1787904586068,c452570a-b691-7934-852d-c5e32183ba78,/p/0/d2666083814d3097,4,200,368713,359.917,5940.655,62066
1787904589343,e49b4ee7-4e13-bd1d-1313-5806ef6ad1f2,/p/1/2558766478057b0f,1,200,245070,300.064,2711.642,90377
1787904589343,e49b4ee7-4e13-bd1d-1313-5806ef6ad1f2,/p/0/2558786478057e75,1,200,243499,181.654,2763.424,88115
1787904589376,202ca0a9-969d-e337-18b0-a8a1c747a4a6,/p/0/ecfdee908df499e6,12,200,262151,173.519,2789.006,93994
1787904577597,ac47686c-321d-867c-2827-06e9849b4857,/p/0/da79b21c476cdaa0,1,200,3565798,82.299,14773.239,241369
1787904587972,9caa87a6-63f9-182e-5f14-b59782e63fbe,/p/0/7301cddaca7156c1,1,200,511243,40.841,4500.898,113587
1787904591581,f21fc724-b7e7-a835-0bb6-03869d5d1aa1,/p/0/c67e1852ea4424f5,3,200,23194,379.662,910.740,25467
1787904588030,202ca0a9-969d-e337-18b0-a8a1c747a4a6,/p/0/74999b70638068a1,11,200,520634,159.854,4533.002,114854
1787904590386,64133af4-6f42-146b-9035-94218e38dbc9,/p/2/d740523841409c94,3,200,128439,195.445,2421.671,53037
1787904590118,94ecf158-1b8f-bebe-971a-8f3ad16157a7,/p/0/c1546daffef03e54,6,200,303500,153.386,2828.921,107285
1787904591347,65d214dc-e787-2aae-26a6-d901ba3321b1,/p/0/84c46ae671deb80d,7,200,110638,226.810,1721.570,64266
1787904587973,9caa87a6-63f9-182e-5f14-b59782e63fbe,/p/0/7301cadaca7151a8,1,200,471750,239.838,5104.137,92425
1787904592054,e49b4ee7-4e13-bd1d-1313-5806ef6ad1f2,/p/0/340099a1931cb1c9,2,200,105376,206.615,1045.387,100801
1787904582738,ac47686c-321d-867c-2827-06e9849b4857,/p/0/e161fad85d2e060f,3,200,2729496,146.146,10467.959,260748
1787904591883,94ecf158-1b8f-bebe-971a-8f3ad16157a7,/p/2/a62630f1c7bb9d4e,8,200,94291,166.487,1481.702,63637
1787904590119,94ecf158-1b8f-bebe-971a-8f3ad16157a7,/p/0/c15470affef0436d,6,200,345197,166.474,3321.744,103920
1787904588287,582d7278-74d9-8c9f-5186-81aaf9b6603f,/?crawl=186,0,200,4731216,16.236,5326.994,888159
1787904577630,d562dbfa-e416-a92c-eb5b-040317304d8f,/p/0/eed756dd60189798,5,200,3181761,35.263,16142.226,197108
1787904592054,e49b4ee7-4e13-bd1d-1313-5806ef6ad1f2,/p/0/340097a1931cae63,2,200,160580,206.465,1851.200,86744
1787904574164,50d5a221-da53-01cf-bc86-7ed6a9a23477,/p/0/e56b8e36eb688edb,2,200,290111,1047.163,19762.941,14680
1787904591652,bc400b67-5e11-4908-8113-215b7eb51394,/p/0/1c6e17e6cdfa3685,4,200,230759,160.178,2399.163,96183
1787904579940,53461352-1ef1-cff3-5064-81b8e3b79826,/p/5/45722b7e2beec544,3,200,4742812,238.798,14205.802,333864
1787904583021,0a02f36c-282b-eed8-c8ea-da6e09d12a51,/p/0/3517f9c24a34c0f0,6,200,211554,765.435,11184.201,18915
1787904591652,bc400b67-5e11-4908-8113-215b7eb51394,/p/0/1c6e14e6cdfa316c,4,200,252189,224.943,2723.432,92600
1787904593614,582d7278-74d9-8c9f-5186-81aaf9b6603f,/p/4/66c21385f0c496e,1,200,285801,22.991,799.782,357349
1787904593614,582d7278-74d9-8c9f-5186-81aaf9b6603f,/p/0/66c1f385f0c4608,1,200,301298,15.989,843.574,357168
1787904593441,94ecf158-1b8f-bebe-971a-8f3ad16157a7,/p/0/cbb56a08f93f723a,9,200,104286,187.359,1075.592,96957
1787904593614,582d7278-74d9-8c9f-5186-81aaf9b6603f,/p/0/66c22385f0c4b21,1,200,368085,43.329,999.205,368378
1787904594413,582d7278-74d9-8c9f-5186-81aaf9b6603f,/p/0/3bf96271fdfa887,2,200,45228,72.936,256.556,176289
1787904590509,94ecf158-1b8f-bebe-971a-8f3ad16157a7,/p/0/6f1747be68f4c3e3,7,200,324714,153.418,4320.429,75158
1787904594414,582d7278-74d9-8c9f-5186-81aaf9b6603f,/p/0/3bf97271fdfaa3a,2,200,201857,79.616,523.939,385268
1787904594287,9cfee087-4ea9-49c7-a4be-32feb12c5798,/?crawl=191,0,200,378455,37.635,939.820,402689
1787904594146,53461352-1ef1-cff3-5064-81b8e3b79826,/p/0/393e04b31bc893a1,4,200,100429,189.440,1110.073,90471
1787904586729,f99a057d-4265-464a-1275-c552392e5629,/p/0/2d40ccf388423747,1,200,372162,79.170,8569.296,43430
1787904570216,6641819c-a82d-afa9-a70e-f325f4d05153,/p/0/e0c0e944dd15ef11,1,200,2381553,160.444,25264.372,94265
1787904583287,5984f7bf-a1a3-9d07-7c49-f46e3979edd6,/?crawl=179,0,200,6036381,31.198,12596.825,479199
1787904595884,5984f7bf-a1a3-9d07-7c49-f46e3979edd6,/p/0/4ef7b44dc30ea278,1,200,22583,97.705,169.102,133547
1787904594146,53461352-1ef1-cff3-5064-81b8e3b79826,/p/0/393e01b31bc88e88,4,200,268465,226.187,1959.793,136986
1787904595287,1e17e678-7ea3-9d34-cd83-e1b887f0e788,/?crawl=192,0,200,465389,28.922,898.098,518194
1787904586729,f99a057d-4265-464a-1275-c552392e5629,/p/0/2d40cbf388423594,1,200,447541,256.364,9641.103,46420
1787904592807,64133af4-6f42-146b-9035-94218e38dbc9,/p/0/36cbc49f4a99a2e4,4,200,245673,229.123,3596.914,68301
1787904594413,582d7278-74d9-8c9f-5186-81aaf9b6603f,/p/3/3bf98271fdfabed,2,200,2106571,93.883,2141.808,983548
1787904575287,5f6e702d-dbb1-ddc2-7496-b4af82399011,/?crawl=170,0,200,3962050,78.866,21285.809,186136
1787904595884,5984f7bf-a1a3-9d07-7c49-f46e3979edd6,/p/0/4ef7b64dc30ea5de,1,200,253682,27.872,932.457,272058
1787904595884,5984f7bf-a1a3-9d07-7c49-f46e3979edd6,/p/0/4ef7b54dc30ea42b,1,200,235768,55.330,1086.222,217053
1787904587608,7a49d9a7-1b11-cd26-e49a-b3a7eac229d0,/p/0/a3ec4ffd717d82a1,7,200,2169007,1083.370,9363.038,231656
1787904586729,f99a057d-4265-464a-1275-c552392e5629,/p/0/2d40cdf3884238fa,1,200,521857,256.551,10283.993,50745
1787904583021,0a02f36c-282b-eed8-c8ea-da6e09d12a51,/p/8/3517fac24a34c2a3,6,200,451937,612.676,14123.784,31998
1787904583249,34551a5a-115c-9b17-89bc-e0783571b8b4,/p/13/2b971efb59fe9c81,6,200,3404735,27.678,14144.798,240706
1787904591581,f21fc724-b7e7-a835-0bb6-03869d5d1aa1,/p/0/c67e1552ea441fdc,3,200,457937,454.447,5935.127,77157
1787904586139,d0c9dc3c-e97e-1997-92d8-49dfc9d01e04,/p/0/fe3f505579cad0b7,8,200,2270659,126.916,11378.269,199561
1787904596555,582d7278-74d9-8c9f-5186-81aaf9b6603f,/p/2/2cb04dddf0b5cd67,3,200,140644,309.260,969.386,145086
1787904591347,65d214dc-e787-2aae-26a6-d901ba3321b1,/p/0/84c467e671deb2f4,7,200,473647,226.718,6179.648,76646
1787904581511,65126b3c-9e51-13e4-c8fc-1abf5045a9a5,/p/0/bb8d5ef02e73ac65,1,200,4467110,81.037,16021.175,278825
1787904596555,582d7278-74d9-8c9f-5186-81aaf9b6603f,/p/0/2cb04fddf0b5d0cd,3,200,165884,167.155,1019.555,162702
1787904577630,d562dbfa-e416-a92c-eb5b-040317304d8f,/p/1/eed757dd6018994b,5,200,5137206,103.744,20040.242,256345
1787904596287,65ed3daa-6c5b-6cb3-d4db-d590ff374c7c,/?crawl=195,0,200,250591,83.244,1414.852,177115
1787904586910,571e7041-48cc-42d0-213e-6fed6c2f16db,/p/0/876d6066a5366c18,3,200,3394105,114.633,10901.269,311350
1787904597525,582d7278-74d9-8c9f-5186-81aaf9b6603f,/p/1/6fe8dd6c190105d6,4,200,131917,79.495,506.288,260557
1787904597525,582d7278-74d9-8c9f-5186-81aaf9b6603f,/p/0/6fe8db6c19010270,4,200,85122,79.436,514.002,165606
1787904579444,3b749c58-6ab7-9e3a-6b7d-15a638eaf40e,/p/8/2e9bddf53e48c65,4,200,5287445,32.802,18630.145,283811
1787904597289,299766e6-2fcb-f204-7283-7b83bd92ea2e,/?crawl=197,0,200,151497,78.017,828.791,182793
1787904578118,1a504232-e6b4-5e75-449c-c40f2966781c,/p/0/9e529065793f05f9,3,200,2589999,191.579,20033.180,129285
1787904595287,b4cfb06a-6eb5-9fac-37a9-695d7a454313,/?crawl=194,0,200,203607,244.770,2962.220,68735
1787904586755,d0c9dc3c-e97e-1997-92d8-49dfc9d01e04,/p/1/5a562eeefb60a709,9,200,2743021,124.677,11544.541,237603
1787904596185,1e17e678-7ea3-9d34-cd83-e1b887f0e788,/p/0/8c5bedee75bb2e17,1,200,151001,148.724,2250.074,67109
1787904597394,34551a5a-115c-9b17-89bc-e0783571b8b4,/p/0/9af39ae12defe48,7,200,153990,194.597,1102.844,139630
1787904596185,1e17e678-7ea3-9d34-cd83-e1b887f0e788,/p/0/8c5becee75bb2c64,1,200,280088,135.086,2333.827,120012
1787904591581,f21fc724-b7e7-a835-0bb6-03869d5d1aa1,/p/0/c67e1652ea44218f,3,200,401053,379.687,6998.326,57307
1787904592947,94ecf158-1b8f-bebe-971a-8f3ad16157a7,/p/0/a6262ef1c7bb99e8,8,200,475872,169.867,5699.464,83494
1787904597144,0a02f36c-282b-eed8-c8ea-da6e09d12a51,/p/0/48f27e2bfcc66f51,7,200,25880,510.010,1608.711,16087
1787904596185,1e17e678-7ea3-9d34-cd83-e1b887f0e788,/p/0/8c5befee75bb317d,1,200,437968,27.114,2593.602,168865
1787904583525,db35cebd-fd77-cf12-e315-d0ba551529d2,/p/3/2823099299d8b652,1,200,5799281,100.445,15306.369,378880
1787904597289,f57d019f-4a26-54d3-f218-dbf45fb6506f,/?crawl=199,0,200,296780,121.494,1636.782,181319
1787904598074,3b749c58-6ab7-9e3a-6b7d-15a638eaf40e,/p/7/226345e1bcadf767,5,200,80012,47.106,876.677,91267
1787904586004,571e7041-48cc-42d0-213e-6fed6c2f16db,/p/0/6e56f749869cdf38,2,200,4366028,118.662,12952.907,337069
1787904597289,c196aeca-6621-7424-f662-7602b8ae6529,/?crawl=198,0,200,523155,51.225,1780.702,293791
1787904598031,582d7278-74d9-8c9f-5186-81aaf9b6603f,/p/0/ba37f3ebcbd8bbd,5,200,255405,85.802,1314.640,194278
1787904589935,edc5b198-1eea-9f91-8df1-351f156ad215,/p/0/43b7bbd3df11cbe4,9,200,2978225,91.507,9535.243,312339
1787904533317,2fd85362-59e7-0360-bede-1fb24c27574f,/p/0/4c7beea906a5767,1,200,3330039,351.157,66180.829,50317
1787904597701,65ed3daa-6c5b-6cb3-d4db-d590ff374c7c,/p/0/d21cebd5b7ea4878,1,200,72209,570.957,1901.636,37972
1787904583249,34551a5a-115c-9b17-89bc-e0783571b8b4,/p/0/2b971dfb59fe9ace,6,200,3897990,27.611,16381.183,237955
1787904597394,34551a5a-115c-9b17-89bc-e0783571b8b4,/p/12/9af3bae12df01ae,7,200,344102,169.589,2348.941,146492
1787904598031,582d7278-74d9-8c9f-5186-81aaf9b6603f,/p/0/ba37e3ebcbd8a0a,5,200,419556,78.832,1819.244,230621
1787904586483,7e10bbab-f605-815d-df81-10b3ba79674b,/p/4/9950bbea447853be,3,200,2276775,221.055,13544.034,168102
1787904598299,d0c9dc3c-e97e-1997-92d8-49dfc9d01e04,/p/0/8a3b7e54877f690c,10,200,354408,130.993,1990.145,178082
1787904594146,53461352-1ef1-cff3-5064-81b8e3b79826,/p/4/393e02b31bc8903b,4,200,2312119,33.873,6418.919,360204
1787904597394,34551a5a-115c-9b17-89bc-e0783571b8b4,/p/0/9af3cae12df0361,7,200,514788,194.508,3226.630,159544
1787904598299,d0c9dc3c-e97e-1997-92d8-49dfc9d01e04,/p/0/8a3b8054877f6c72,10,200,487510,131.092,2399.906,203137
1787904598287,8391ccf6-cadc-0903-6c3b-9a115727777f,/?crawl=201,0,200,341169,67.454,2435.646,140073
1787904588949,7a49d9a7-1b11-cd26-e49a-b3a7eac229d0,/p/0/acc912b569840e9c,8,200,4577797,120.478,11943.691,383282
1787904600027,7e10bbab-f605-815d-df81-10b3ba79674b,/p/0/e6a4d9af2b30ac3a,4,200,40364,475.402,1140.208,35401
1787904583827,bcd4ed17-009f-a3dd-d16f-419d96ba6ee3,/p/0/3f5dbb93d920793,9,200,3528489,43.821,17407.246,202702
1787904597145,0a02f36c-282b-eed8-c8ea-da6e09d12a51,/p/0/48f27b2bfcc66a38,7,0,100000,618.100,4142.751,24139
1787904583021,0a02f36c-282b-eed8-c8ea-da6e09d12a51,/p/0/3517fcc24a34c609,6,0,559799,561.163,18266.785,30646
1787904483512,0a02f36c-282b-eed8-c8ea-da6e09d12a51,/p/0/be1efd96293555b1,1,0,4184619,199.169,117774.943,35531
1787904597144,0a02f36c-282b-eed8-c8ea-da6e09d12a51,/p/7/48f27c2bfcc66beb,7,0,128793,967.007,4142.855,31088
1787904597671,d562dbfa-e416-a92c-eb5b-040317304d8f,/p/0/63965dadee059711,6,200,443877,33.763,3680.612,120599
1787904601287,99c5119e-69b6-df31-d497-e801a8e4faec,/?crawl=202,0,200,9253,52.592,78.372,118066
1787904600565,53461352-1ef1-cff3-5064-81b8e3b79826,/p/3/b9406d1007292faf,5,200,173763,37.240,998.108,174092
1787904597701,65ed3daa-6c5b-6cb3-d4db-d590ff374c7c,/p/1/d21cedd5b7ea4bde,1,200,245351,81.764,3868.279,63426
1787904597702,65ed3daa-6c5b-6cb3-d4db-d590ff374c7c,/p/0/d21ceed5b7ea4d91,1,200,232888,407.968,3907.317,59603
1787904597671,d562dbfa-e416-a92c-eb5b-040317304d8f,/p/0/63965badee0593ab,6,200,452323,117.638,3946.439,114615
1787904599743,34551a5a-115c-9b17-89bc-e0783571b8b4,/p/11/505427f007979f2c,8,200,279661,140.931,1911.488,146305
1787904600027,7e10bbab-f605-815d-df81-10b3ba79674b,/p/3/e6a4daaf2b30aded,4,200,131733,390.694,1862.401,70733
1787904598831,db35cebd-fd77-cf12-e315-d0ba551529d2,/p/0/d6c3bfed7b656bca,2,200,436820,34.063,3338.708,130835
1787904529331,391c7ee1-f35b-4d3d-ec71-dfe97bb470c3,/p/2/c07b10eaf18ce177,2,200,482198,3145.771,72852.695,6619
1787904598831,db35cebd-fd77-cf12-e315-d0ba551529d2,/p/0/d6c3beed7b656a17,2,200,436130,118.252,3388.549,128707
1787904517231,2dbc2170-ac47-40ef-ba7e-d5c867efe7e4,/p/0/259258d1a4ab0af4,2,0,3136663,2497.567,85055.860,36878
1787904556302,2dbc2170-ac47-40ef-ba7e-d5c867efe7e4,/p/0/aca5d3c0f5ef4839,3,0,2831551,213.686,45985.523,61575
1787904602287,2dbc2170-ac47-40ef-ba7e-d5c867efe7e4,/p/0/c60870fcdc00a082,5,0,0,0.021,0.000,0
1787904499710,2dbc2170-ac47-40ef-ba7e-d5c867efe7e4,/p/0/d89c5e4651b95bbb,1,0,3402999,323.375,102577.384,33175
1787904565653,2dbc2170-ac47-40ef-ba7e-d5c867efe7e4,/p/0/c18a7fee7e1aca64,4,0,2364283,241.181,36634.391,64537
1787904573858,2dbc2170-ac47-40ef-ba7e-d5c867efe7e4,/p/0/c6086ffcdc009ecf,5,0,1475355,105.338,28428.948,51896
1787904517231,2dbc2170-ac47-40ef-ba7e-d5c867efe7e4,/p/0/25925bd1a4ab100d,2,0,3247823,2183.690,85056.055,38185
1787904602287,2dbc2170-ac47-40ef-ba7e-d5c867efe7e4,/p/7/3fad6ec8b89a1f35,6,0,0,0.015,0.000,0
1787904564927,bdc3760a-7816-6e4e-660f-cc91c678b82f,/p/10/779a146701a3b716,5,200,3003563,256.679,37408.168,80292
1787904596573,5f6e702d-dbb1-ddc2-7496-b4af82399011,/p/0/470f60beb2d1eb59,1,200,439062,377.049,5781.560,75942
1787904588565,70836bff-40f2-1f0f-7dfa-3dcce2efeb0b,/p/0/3248d837a1cd514f,10,200,5006209,206.802,13845.348,361581
1787904589935,edc5b198-1eea-9f91-8df1-351f156ad215,/p/5/43b7bcd3df11cd97,9,200,4353404,91.435,12489.711,348559
1787904596573,5f6e702d-dbb1-ddc2-7496-b4af82399011,/p/0/470f5dbeb2d1e640,1,200,329628,75.357,6079.406,54220
1787904598926,f57d019f-4a26-54d3-f218-dbf45fb6506f,/p/0/8473995f657e7545,1,200,235001,52.973,3769.403,62344
1787904599743,34551a5a-115c-9b17-89bc-e0783571b8b4,/p/0/505428f00797a0df,8,200,391219,156.095,3016.043,129713
1787904602425,edc5b198-1eea-9f91-8df1-351f156ad215,/p/4/d07f21eb3b892b74,10,200,65212,85.231,376.444,173232
1787904599743,34551a5a-115c-9b17-89bc-e0783571b8b4,/p/0/505429f00797a292,8,200,413485,169.801,3115.292,132728
1787904598926,f57d019f-4a26-54d3-f218-dbf45fb6506f,/p/1/8473985f657e7392,1,200,350787,159.304,4145.067,84628
1787904595287,e9dc3f40-d06f-88e9-70ce-0f74670c99d8,/?crawl=193,0,200,2379397,39.733,7882.390,301862
1787904596573,5f6e702d-dbb1-ddc2-7496-b4af82399011,/p/2/470f5ebeb2d1e7f3,1,200,372414,376.974,6613.427,56312
1787904602801,edc5b198-1eea-9f91-8df1-351f156ad215,/p/0/20c769d62170bd2f,11,200,48533,99.748,422.257,114937
1787904602425,edc5b198-1eea-9f91-8df1-351f156ad215,/p/0/d07f23eb3b892eda,10,200,208896,94.148,860.355,242802
1787904580185,89b3e9b2-5c13-83bd-0f75-05bc48e88e5e,/p/0/316d542f9041dd71,2,200,3149732,196.855,23202.559,135749
1787904602801,edc5b198-1eea-9f91-8df1-351f156ad215,/p/0/20c76ad62170bee2,11,200,119138,77.069,639.867,186192
1787904603169,e9dc3f40-d06f-88e9-70ce-0f74670c99d8,/p/0/f8f19890e1203804,1,200,63209,39.318,368.297,171625
1787904601655,34551a5a-115c-9b17-89bc-e0783571b8b4,/p/10/92f557abd3189dda,9,200,293469,158.118,2105.480,139383
1787904580678,1a504232-e6b4-5e75-449c-c40f2966781c,/p/2/5b7554f0fe8d8cfb,5,200,2942252,165.828,23203.496,126802
1787904602801,edc5b198-1eea-9f91-8df1-351f156ad215,/p/3/20c768d62170bb7c,11,200,376556,99.754,1312.271,286950
1787904598074,3b749c58-6ab7-9e3a-6b7d-15a638eaf40e,/p/0/226347e1bcadfacd,5,200,402920,339.231,6071.333,66364
1787904602425,edc5b198-1eea-9f91-8df1-351f156ad215,/p/0/d07f22eb3b892d27,10,200,435835,110.145,1799.353,242218
1787904603169,e9dc3f40-d06f-88e9-70ce-0f74670c99d8,/p/0/f8f19a90e1203b6a,1,200,147061,154.776,1064.290,138178
1787904564347,421d8b8a-06ad-8f14-eb82-0f25424d834c,/p/0/4b111251e38010c7,3,0,933007,278.523,39940.044,23360
1787904564347,421d8b8a-06ad-8f14-eb82-0f25424d834c,/p/0/4b111451e380142d,3,0,726163,278.587,39940.172,18181
1787904598951,3b749c58-6ab7-9e3a-6b7d-15a638eaf40e,/p/0/1bc53dc92e653866,6,200,278128,305.052,5381.871,51679
1787904601655,34551a5a-115c-9b17-89bc-e0783571b8b4,/p/0/92f555abd3189a74,9,200,321773,143.723,2711.348,118676
1787904603760,34551a5a-115c-9b17-89bc-e0783571b8b4,/p/0/484199675fd76773,10,200,53878,168.551,701.192,76838
1787904603760,34551a5a-115c-9b17-89bc-e0783571b8b4,/p/0/48419a675fd76926,10,200,78782,140.914,715.185,110156
1787904592054,e49b4ee7-4e13-bd1d-1313-5806ef6ad1f2,/p/0/340096a1931cacb0,2,200,2500098,190.967,12570.419,198887
1787904598926,f57d019f-4a26-54d3-f218-dbf45fb6506f,/p/0/8473965f657e702c,1,200,460390,267.508,5745.553,80130
1787904603760,34551a5a-115c-9b17-89bc-e0783571b8b4,/p/9/484198675fd765c0,10,200,152866,195.799,1040.713,146886
1787904604287,56d3aeef-5534-d227-8053-bb282bac9ad2,/?crawl=204,0,200,214665,46.523,726.320,295551
1787904602336,bdc3760a-7816-6e4e-660f-cc91c678b82f,/p/0/c1f263f6ee275d41,6,200,147605,333.109,2711.371,54439
1787904604287,a171fcac-f691-8af3-f13b-08c3ca9d8a09,/?crawl=203,0,200,183027,69.893,901.143,203105
1787904604801,34551a5a-115c-9b17-89bc-e0783571b8b4,/p/0/1ab2c458b215212c,11,200,39807,169.214,421.140,94522
1787904598951,3b749c58-6ab7-9e3a-6b7d-15a638eaf40e,/p/6/1bc53ec92e653a19,6,200,433805,305.010,6304.061,68814
1787904589028,bc400b67-5e11-4908-8113-215b7eb51394,/p/0/b1926ff363b55a37,3,200,2130266,155.131,16235.165,131213
1787904603071,f57d019f-4a26-54d3-f218-dbf45fb6506f,/p/0/7e442c8a9342a285,2,200,153634,298.771,2241.692,68535
1787904602336,bdc3760a-7816-6e4e-660f-cc91c678b82f,/p/9/c1f262f6ee275b8e,6,200,186448,333.110,3020.338,61731
1787904605188,a171fcac-f691-8af3-f13b-08c3ca9d8a09,/p/1/33c40d4be109d724,1,200,31805,68.560,274.458,115883
1787904602336,bdc3760a-7816-6e4e-660f-cc91c678b82f,/p/0/c1f260f6ee275828,6,200,181199,282.381,3174.552,57079
1787904601570,65ed3daa-6c5b-6cb3-d4db-d590ff374c7c,/p/0/8475ba05f40aced3,2,200,345700,80.689,4032.693,85724
1787904601570,65ed3daa-6c5b-6cb3-d4db-d590ff374c7c,/p/0/8475bc05f40ad239,2,200,197844,407.362,4152.296,47647
1787904604113,edc5b198-1eea-9f91-8df1-351f156ad215,/p/0/d2c73934ccaff42a,12,200,368094,117.915,1755.219,209714
1787904555982,ae2ba754-4451-0a3d-491a-73d4ddfe037f,/p/0/ee3b71ec5b02007b,1,200,5423912,257.729,49905.867,108683
1787904605356,bdc3760a-7816-6e4e-660f-cc91c678b82f,/p/0/f614256f443c95fd,7,200,33253,305.403,566.681,58680
1787904605013,56d3aeef-5534-d227-8053-bb282bac9ad2,/p/1/a059b7ee4c6ee111,1,200,167060,48.570,928.274,179969
1787904584194,d0c9dc3c-e97e-1997-92d8-49dfc9d01e04,/p/0/e7ec9a63cc519622,6,200,5705135,20.565,21832.128,261318
1787904586550,bc400b67-5e11-4908-8113-215b7eb51394,/p/0/df97777d35d65efb,1,200,2297200,142.126,19504.081,117780
1787904605188,a171fcac-f691-8af3-f13b-08c3ca9d8a09,/p/0/33c40e4be109d8d7,1,200,64517,136.993,868.198,74311
1787904603186,5f6e702d-dbb1-ddc2-7496-b4af82399011,/p/0/79c0e1fe02577876,2,200,186490,412.394,2878.383,64790
1787904603882,1a504232-e6b4-5e75-449c-c40f2966781c,/p/1/7420d13376321be4,6,200,216859,208.121,2631.464,82410
1787904601570,65ed3daa-6c5b-6cb3-d4db-d590ff374c7c,/p/0/8475b905f40acd20,2,200,331603,365.979,4957.146,66894
1787904580184,89b3e9b2-5c13-83bd-0f75-05bc48e88e5e,/p/0/316d512f9041d858,2,200,3399272,161.358,26533.853,128111
1787904604801,34551a5a-115c-9b17-89bc-e0783571b8b4,/p/8/1ab2c658b2152492,11,200,277636,154.551,1970.364,140906
1787904603071,f57d019f-4a26-54d3-f218-dbf45fb6506f,/p/0/7e44298a93429d6c,2,200,405716,298.704,3804.547,106640
1787904606287,90ed1c25-9021-447c-eb85-53f34f9e58b2,/?crawl=205,0,200,338772,27.818,593.020,571266
1787904589343,e49b4ee7-4e13-bd1d-1313-5806ef6ad1f2,/p/0/255875647805795c,1,200,4686950,36.739,17612.810,266110
1787904589756,edc5b198-1eea-9f91-8df1-351f156ad215,/p/0/5446dcb3166bd34f,8,200,5522762,80.681,17236.062,320419
1787904606287,2f620a10-e898-7df5-5c5d-d659db1f523c,/?crawl=206,0,200,353983,35.476,757.352,467396
1787904575814,33f2dd45-81ad-d997-f2a2-edc92faf1430,/p/0/6da521ced1f67e04,3,200,2181354,280.642,31257.823,69786
1787904586502,65d214dc-e787-2aae-26a6-d901ba3321b1,/p/0/745e04e83a8e7898,6,200,2108082,227.717,20611.528,102277
1787904588287,ab4a83dd-0dfa-3d69-8df4-8de38b64f109,/?crawl=187,0,200,3484475,74.224,19221.701,181278
1787904603882,1a504232-e6b4-5e75-449c-c40f2966781c,/p/0/7420d33376321f4a,6,200,508459,161.352,3828.312,132815
1787904587973,9caa87a6-63f9-182e-5f14-b59782e63fbe,/p/9/7301cbdaca71535b,1,200,5802065,199.657,19756.479,293679
1787904607287,1b2a4302-396a-16af-5c92-03547010d29c,/?crawl=207,0,200,144245,111.846,497.224,290101
1787904601890,7e10bbab-f605-815d-df81-10b3ba79674b,/p/2/76b73f4f0a325408,5,200,362363,314.874,5966.056,60737
1787904586186,8a564192-88f8-6f49-375a-56a10565b2ea,/p/0/c0ab23511cdd2f0d,1,200,3956048,130.611,21679.047,182483
1787904559465,bdc3760a-7816-6e4e-660f-cc91c678b82f,/p/0/fabf9d5bc217307e,4,200,4575860,240.136,48476.924,94393
1787904586186,8a564192-88f8-6f49-375a-56a10565b2ea,/p/0/c0ab20511cdd29f4,1,200,3730893,37.350,21828.554,170918
1787904606771,34551a5a-115c-9b17-89bc-e0783571b8b4,/p/0/d159476fdbbbd8ed,12,200,69840,149.565,1313.529,53170
1787904607287,20bed0a1-3b3f-3aa7-097e-0ad416139e92,/?crawl=210,0,200,429841,41.813,924.963,464711
1787904608212,20bed0a1-3b3f-3aa7-097e-0ad416139e92,/p/0/1d3df178d5a6e19a,1,200,5533,32.862,49.307,112215
1787904605013,56d3aeef-5534-d227-8053-bb282bac9ad2,/p/0/a059b5ee4c6eddab,1,200,254192,266.133,3386.795,75054
1787904602184,391c7ee1-f35b-4d3d-ec71-dfe97bb470c3,/p/0/5741dad717bb69cf,3,200,58997,1739.165,6273.703,9404
1787904604801,34551a5a-115c-9b17-89bc-e0783571b8b4,/p/0/1ab2c758b2152645,11,200,458532,169.152,3749.387,122295
1787904607729,9caa87a6-63f9-182e-5f14-b59782e63fbe,/p/0/bae9d15ea4669f09,2,200,94324,217.112,828.091,113905
1787904603186,5f6e702d-dbb1-ddc2-7496-b4af82399011,/p/1/79c0dffe02577510,2,200,426716,74.859,5436.718,78488
1787904562029,2fd85362-59e7-0360-bede-1fb24c27574f,/p/0/182468e76fddd224,6,200,5924851,392.394,46638.136,127039
1787904578581,2fd85362-59e7-0360-bede-1fb24c27574f,/p/0/9a19cca283c57e84,8,200,5336387,634.357,30098.042,177300
1787904570216,6641819c-a82d-afa9-a70e-f325f4d05153,/p/0/e0c0e644dd15e9f8,1,200,4585840,160.555,38580.086,118865
1787904598287,e09a31d1-a55b-5bee-97eb-fdbb3e7de301,/?crawl=200,0,200,4779793,35.595,10518.794,454405
1787904607044,2f620a10-e898-7df5-5c5d-d659db1f523c,/p/0/79850f332338f851,1,200,358128,30.366,1769.751,202361
1787904606772,34551a5a-115c-9b17-89bc-e0783571b8b4,/p/7/d159456fdbbbd587,12,200,261372,149.655,2064.268,126617
1787904605941,56d3aeef-5534-d227-8053-bb282bac9ad2,/p/0/1dc0cec05792321e,2,200,180944,253.956,3056.167,59206
1787904607784,1b2a4302-396a-16af-5c92-03547010d29c,/p/0/e61ab8d58e9e008b,1,200,68556,441.413,1267.654,54081
1787904598299,d0c9dc3c-e97e-1997-92d8-49dfc9d01e04,/p/0/8a3b7f54877f6abf,10,200,4947310,141.144,10874.427,454949
1787904606880,90ed1c25-9021-447c-eb85-53f34f9e58b2,/p/0/cef6290b7d3eafe,1,200,424443,27.088,2306.201,184044
1787904601890,7e10bbab-f605-815d-df81-10b3ba79674b,/p/0/76b7404f0a3255bb,5,200,438301,314.870,7343.327,59687
1787904606880,90ed1c25-9021-447c-eb85-53f34f9e58b2,/p/0/cef6090b7d3e798,1,200,519802,176.833,2415.792,215168
1787904596555,582d7278-74d9-8c9f-5186-81aaf9b6603f,/p/0/2cb04cddf0b5cbb4,3,200,4200412,167.085,12775.902,328776
1787904607856,7e10bbab-f605-815d-df81-10b3ba79674b,/p/0/efb579264976a141,6,200,78617,373.198,1547.177,50813
1787904597525,582d7278-74d9-8c9f-5186-81aaf9b6603f,/p/0/6fe8de6c19010789,4,200,4115368,79.399,11963.946,343981
1787904582061,b22108c2-3e1c-3fb6-ab64-c0e8f18baa13,/p/7/70e59c1155394706,4,200,2825777,255.854,27445.729,102959
1787904598031,582d7278-74d9-8c9f-5186-81aaf9b6603f,/p/0/ba37d3ebcbd8857,5,200,4013446,78.768,11664.149,344084
1787904569569,6f9c5d35-2792-1d60-554c-5c1ca4bb4050,/p/0/3583f834ec1a8b8c,2,200,2616079,180.061,40300.894,64914
1787904608212,20bed0a1-3b3f-3aa7-097e-0ad416139e92,/p/0/1d3df078d5a6dfe7,1,200,421529,48.747,1926.822,218769
1787904608212,20bed0a1-3b3f-3aa7-097e-0ad416139e92,/p/5/1d3def78d5a6de34,1,200,521506,111.126,2082.958,250368
1787904609287,d32b69ad-48c7-59f9-dfdd-8241e725234c,/?crawl=212,0,200,444450,113.749,1171.867,379267
1787904608623,5f6e702d-dbb1-ddc2-7496-b4af82399011,/p/0/6d6a4823e1963e9a,3,200,127553,450.934,1909.615,66795
1787904606513,1a504232-e6b4-5e75-449c-c40f2966781c,/p/0/3763a8d688697fd5,7,200,473078,284.376,4026.443,117493
1787904606513,1a504232-e6b4-5e75-449c-c40f2966781c,/p/0/3763a7d688697e22,7,200,387136,284.445,4028.738,96094
1787904607710,1a504232-e6b4-5e75-449c-c40f2966781c,/p/0/3763a6d688697c6f,7,200,436444,178.031,2834.437,153979
1787904607784,1b2a4302-396a-16af-5c92-03547010d29c,/p/0/e61ab9d58e9e023e,1,200,421418,150.224,2775.811,151818
1787904610459,d32b69ad-48c7-59f9-dfdd-8241e725234c,/p/3/44129a33fedcca5a,1,200,41859,35.633,229.283,182564
1787904608806,e09a31d1-a55b-5bee-97eb-fdbb3e7de301,/p/0/ee030c649edab7aa,1,200,380484,30.907,1928.738,197271
1787904609287,df481320-7ae2-be0a-5a04-81fa7d9caa24,/?crawl=213,0,200,354740,62.864,1448.849,244843
1787904574453,6641819c-a82d-afa9-a70e-f325f4d05153,/p/0/7d061643a1b8881f,2,200,5223837,328.031,36315.066,143848
1787904605941,56d3aeef-5534-d227-8053-bb282bac9ad2,/p/0/1dc0cfc0579233d1,2,200,317257,484.321,4832.413,65652
1787904597671,d562dbfa-e416-a92c-eb5b-040317304d8f,/p/0/63965aadee0591f8,6,200,4410458,134.964,13109.257,336438
1787904608623,5f6e702d-dbb1-ddc2-7496-b4af82399011,/p/0/6d6a4723e1963ce7,3,200,88013,375.290,2168.936,40579
1787904607729,9caa87a6-63f9-182e-5f14-b59782e63fbe,/p/8/bae9cf5ea4669ba3,2,200,518900,115.108,3109.935,166852
1787904605356,bdc3760a-7816-6e4e-660f-cc91c678b82f,/p/8/f614246f443c944a,7,200,397340,355.916,5492.152,72347
1787904605013,56d3aeef-5534-d227-8053-bb282bac9ad2,/p/0/a059b6ee4c6edf5e,1,200,505547,291.409,5874.524,86058
1787904610688,d32b69ad-48c7-59f9-dfdd-8241e725234c,/p/2/ed5d6310328c8c24,2,200,13690,190.606,243.904,56129
1787904610287,d828a9cb-ad94-c44a-2b73-79ad15446319,/?crawl=214,0,200,256602,45.997,646.902,396663
1787904580678,1a504232-e6b4-5e75-449c-c40f2966781c,/p/0/5b7553f0fe8d8b48,5,200,4016960,165.871,30260.643,132745
1787904609287,8ccb28f3-443e-efa1-9857-60d42e2a4b7b,/?crawl=211,0,200,340383,74.557,1701.022,200105
1787904608806,e09a31d1-a55b-5bee-97eb-fdbb3e7de301,/p/4/ee030d649edab95d,1,200,267728,153.321,2204.498,121446
1787904586287,2f842279-d3ac-7494-7aab-4c4029ba93c4,/?crawl=183,0,200,422823,461.029,24895.471,16984
1787904584504,f21fc724-b7e7-a835-0bb6-03869d5d1aa1,/p/0/d1216824dcff3d4,2,200,3127469,418.110,26681.208,117216
1787904610295,20bed0a1-3b3f-3aa7-097e-0ad416139e92,/p/0/f84b0a5c4a57299f,2,200,137371,31.633,1028.848,133519
1787904608805,e09a31d1-a55b-5bee-97eb-fdbb3e7de301,/p/0/ee030b649edab5f7,1,200,450849,201.856,2525.184,178541
1787904573454,1a504232-e6b4-5e75-449c-c40f2966781c,/p/0/2681e72c1f450972,1,200,5002194,89.360,37911.259,131945
1787904610736,df481320-7ae2-be0a-5a04-81fa7d9caa24,/p/0/d77ced919377bd07,1,200,82091,62.323,919.354,89292
1787904611010,e09a31d1-a55b-5bee-97eb-fdbb3e7de301,/p/3/c638e9289f8e432a,2,200,46648,173.484,662.660,70395
1787904610459,d32b69ad-48c7-59f9-dfdd-8241e725234c,/p/0/44129b33fedccc0d,1,200,114714,104.970,1266.736,90559
1787904608623,5f6e702d-dbb1-ddc2-7496-b4af82399011,/p/0/6d6a4623e1963b34,3,200,151005,375.366,3138.892,48108
1787904598831,db35cebd-fd77-cf12-e315-d0ba551529d2,/p/2/d6c3c0ed7b656d7d,2,200,5069772,84.557,12943.580,391682
1787904611775,db35cebd-fd77-cf12-e315-d0ba551529d2,/p/1/b780a9aaf41b407b,3,200,32834,35.624,101.055,324911
1787904608836,34551a5a-115c-9b17-89bc-e0783571b8b4,/p/6/1e31fff09b587e97,13,200,342777,183.270,3096.158,110710
1787904611673,e09a31d1-a55b-5bee-97eb-fdbb3e7de301,/p/0/ae1c69f1f0e5360,3,200,22770,178.551,357.396,63711
1787904598249,b4cfb06a-6eb5-9fac-37a9-695d7a454313,/p/0/658742334c85403e,1,200,419162,622.662,13796.184,30382
1787904610934,d828a9cb-ad94-c44a-2b73-79ad15446319,/p/1/cf949a02833b05e8,1,200,195460,458.433,1157.003,168937
1787904598249,b4cfb06a-6eb5-9fac-37a9-695d7a454313,/p/0/658741334c853e8b,1,200,482587,248.707,13860.491,34817
1787904598249,b4cfb06a-6eb5-9fac-37a9-695d7a454313,/p/1/658743334c8541f1,1,200,503305,747.521,13871.953,36282
1787904612121,b4cfb06a-6eb5-9fac-37a9-695d7a454313,/p/0/3e3d71b9c3528d87,2,200,5401,1.920,1.968,2743713
1787904583439,ae2ba754-4451-0a3d-491a-73d4ddfe037f,/p/0/65e0145386503c58,3,200,3953900,281.758,28689.103,137819
1787904610295,20bed0a1-3b3f-3aa7-097e-0ad416139e92,/p/0/f84b0b5c4a572b52,2,200,348859,31.555,1865.370,187019
1787904610839,9caa87a6-63f9-182e-5f14-b59782e63fbe,/p/0/a70e118090674957,3,200,106065,257.180,1367.738,77548
1787904605255,3b749c58-6ab7-9e3a-6b7d-15a638eaf40e,/p/0/84fe0e617d17308f,7,200,264644,263.536,7004.856,37780
1787904608836,34551a5a-115c-9b17-89bc-e0783571b8b4,/p/0/1e31fef09b587ce4,13,200,359208,183.212,3539.556,101484
1787904603882,1a504232-e6b4-5e75-449c-c40f2966781c,/p/0/7420d23376321d97,6,200,3197294,144.185,8524.297,375080
1787904612121,b4cfb06a-6eb5-9fac-37a9-695d7a454313,/p/0/3e3d72b9c3528f3a,2,200,39229,7.424,331.683,118273
1787904557224,b3f8da67-88d4-279f-1898-80bb9e742475,/p/1/e5ecc9223fba47d8,6,200,6160256,460.250,55342.073,111312
1787904608836,34551a5a-115c-9b17-89bc-e0783571b8b4,/p/0/1e3201f09b5881fd,13,200,323662,169.240,3891.848,83164
1787904611775,db35cebd-fd77-cf12-e315-d0ba551529d2,/p/0/b780a8aaf41b3ec8,3,200,130098,101.084,977.628,133075
1787904611725,d32b69ad-48c7-59f9-dfdd-8241e725234c,/p/0/c49c056cc92785ab,3,200,42199,195.651,1062.395,39721
1787904612091,d828a9cb-ad94-c44a-2b73-79ad15446319,/p/0/a9a40841ea42cb1d,2,200,55298,244.762,753.108,73426
1787904612566,b3f8da67-88d4-279f-1898-80bb9e742475,/p/0/30b07bbb6080beb7,7,200,126457,2.684,279.275,452805
1787904611932,34551a5a-115c-9b17-89bc-e0783571b8b4,/p/5/2a0ae9d65e548e6e,14,200,93013,186.868,982.305,94689
1787904611010,e09a31d1-a55b-5bee-97eb-fdbb3e7de301,/p/0/c638e7289f8e3fc4,2,200,244469,173.447,1912.376,127835
1787904612566,b3f8da67-88d4-279f-1898-80bb9e742475,/p/0/30b07cbb6080c06a,7,200,232745,2.993,420.071,554062
1787904612566,b3f8da67-88d4-279f-1898-80bb9e742475,/p/0/30b07abb6080bd04,7,200,69587,2.045,420.493,165489
1787904603169,e9dc3f40-d06f-88e9-70ce-0f74670c99d8,/p/0/f8f19990e12039b7,1,200,3470321,115.599,9874.300,351450
1787904612091,d828a9cb-ad94-c44a-2b73-79ad15446319,/p/0/a9a40641ea42c7b7,2,200,152518,129.075,973.146,156727
1787904609507,b22108c2-3e1c-3fb6-ab64-c0e8f18baa13,/p/0/6c79b34d880cfe6c,5,200,215642,336.291,3589.865,60070
1787904610848,bdc3760a-7816-6e4e-660f-cc91c678b82f,/p/7/10f5d3adbf358b2d,8,200,106023,329.273,2265.978,46789
1787904610934,d828a9cb-ad94-c44a-2b73-79ad15446319,/p/0/cf949c02833b094e,1,200,338237,324.559,2198.001,153884
1787904611932,34551a5a-115c-9b17-89bc-e0783571b8b4,/p/0/2a0aead65e549021,14,200,130100,143.861,1228.805,105875
1787904573798,92fc7929-54a8-b7cf-82d7-0ca1e3ebc787,/p/0/d27c51873fb2eb6,1,200,2586771,45.021,39364.260,65714
1787904612091,d828a9cb-ad94-c44a-2b73-79ad15446319,/p/0/a9a40741ea42c96a,2,200,161653,336.199,1142.654,141472
1787904582491,ae2ba754-4451-0a3d-491a-73d4ddfe037f,/p/0/92fce791d31ab1e5,2,200,4503333,280.875,30754.832,146427
1787904610839,9caa87a6-63f9-182e-5f14-b59782e63fbe,/p/7/a70e1080906747a4,3,200,277909,277.128,2412.358,115202
1787904610848,bdc3760a-7816-6e4e-660f-cc91c678b82f,/p/0/10f5d1adbf3587c7,8,200,124195,253.804,2472.615,50228
1787904612375,34551a5a-115c-9b17-89bc-e0783571b8b4,/p/0/2a0ae7d65e548b08,14,200,64251,158.194,1001.133,64178
1787904605462,a171fcac-f691-8af3-f13b-08c3ca9d8a09,/p/0/af84e920ee6eccb2,2,200,372127,383.288,8048.821,46234
1787904610932,d32b69ad-48c7-59f9-dfdd-8241e725234c,/p/0/c49c066cc927875e,3,200,171020,192.115,2822.510,60591
1787904613287,ade48f0c-dc8f-ae30-8cfb-7b7ac789fbf2,/?crawl=215,0,200,200328,35.420,485.131,412935
1787904604113,edc5b198-1eea-9f91-8df1-351f156ad215,/p/2/d2c73a34ccaff5dd,12,200,4037833,110.538,9728.714,415043
1787904605188,a171fcac-f691-8af3-f13b-08c3ca9d8a09,/p/0/33c40f4be109da8a,1,200,412780,274.801,8703.824,47425
1787904591652,bc400b67-5e11-4908-8113-215b7eb51394,/p/5/1c6e15e6cdfa331f,4,200,3972779,132.782,22355.263,177711
1787904611673,e09a31d1-a55b-5bee-97eb-fdbb3e7de301,/p/2/ae1c79f1f0e5513,3,200,222785,163.865,2469.743,90206
1787904601890,7e10bbab-f605-815d-df81-10b3ba79674b,/p/0/76b7414f0a32576e,5,200,487693,314.936,12264.976,39763
1787904610848,bdc3760a-7816-6e4e-660f-cc91c678b82f,/p/0/10f5d2adbf35897a,8,200,205042,253.798,3503.312,58528
1787904605462,a171fcac-f691-8af3-f13b-08c3ca9d8a09,/p/0/af84e720ee6ec94c,2,200,431933,452.110,8913.689,48457
1787904613287,e691194e-b4c1-a929-59bd-337dec07dcd6,/?crawl=217,0,200,405667,47.729,1271.521,319041
1787904613161,34551a5a-115c-9b17-89bc-e0783571b8b4,/p/0/2eb2b408bb89b2e,15,200,109272,173.098,1446.277,75554
1787904583898,89b3e9b2-5c13-83bd-0f75-05bc48e88e5e,/p/2/6919e3c85cea245a,3,200,6012704,219.698,30765.654,195436
1787904610988,8ccb28f3-443e-efa1-9857-60d42e2a4b7b,/p/4/b0a844d66a41d447,1,200,298182,210.305,3733.174,79874
1787904613842,edc5b198-1eea-9f91-8df1-351f156ad215,/p/1/b831d8f407334137,13,200,216276,75.865,909.863,237702
1787904611876,db35cebd-fd77-cf12-e315-d0ba551529d2,/p/0/9fa1025568f62e32,4,200,271591,197.647,2902.581,93569
1787904589376,202ca0a9-969d-e337-18b0-a8a1c747a4a6,/p/2/ecfdec908df49680,12,200,4459606,133.231,25405.143,175539
1787904610459,d32b69ad-48c7-59f9-dfdd-8241e725234c,/p/0/44129833fedcc6f4,1,200,466707,87.352,4401.692,106029
1787904614664,89b3e9b2-5c13-83bd-0f75-05bc48e88e5e,/p/0/f3efe105a8a46f11,4,200,4629,202.159,202.218,22891
1787904606880,90ed1c25-9021-447c-eb85-53f34f9e58b2,/p/0/cef6390b7d3ecb1,1,200,3750365,26.999,8000.421,468771
1787904526794,391c7ee1-f35b-4d3d-ec71-dfe97bb470c3,/p/0/9dc4486092b4a612,1,0,797839,1644.015,88131.753,9053
1787904614007,bc400b67-5e11-4908-8113-215b7eb51394,/p/4/8a5251bb6c2b6eb0,5,200,74252,150.029,928.190,79997
1787904588030,202ca0a9-969d-e337-18b0-a8a1c747a4a6,/p/0/7499987063806388,11,200,4515637,132.489,27253.872,165688
1787904614752,edc5b198-1eea-9f91-8df1-351f156ad215,/p/0/6d76488ea85ea8c6,14,200,93926,88.258,628.179,149521
1787904610736,df481320-7ae2-be0a-5a04-81fa7d9caa24,/p/0/d77cee919377beba,1,200,396522,416.084,4678.296,84758
1787904614664,89b3e9b2-5c13-83bd-0f75-05bc48e88e5e,/p/1/f3efe005a8a46d5e,4,200,159927,36.295,761.468,210025
1787904611775,db35cebd-fd77-cf12-e315-d0ba551529d2,/p/0/b780abaaf41b43e1,3,200,382539,182.368,3664.468,104391
1787904609507,b22108c2-3e1c-3fb6-ab64-c0e8f18baa13,/p/6/6c79b44d880d001f,5,200,385930,209.947,5962.305,64728
1787904614936,bc400b67-5e11-4908-8113-215b7eb51394,/p/0/8fa81271e3f11872,6,200,42033,225.471,588.140,71468
1787904603186,5f6e702d-dbb1-ddc2-7496-b4af82399011,/p/0/79c0e0fe025776c3,2,200,2595592,374.949,12568.458,206516
1787904612914,34551a5a-115c-9b17-89bc-e0783571b8b4,/p/4/2eb29408bb897c8,15,200,284756,142.906,2873.354,99102
1787904611876,db35cebd-fd77-cf12-e315-d0ba551529d2,/p/0/9fa1015568f62c7f,4,200,493645,164.664,3979.037,124061
1787904614007,bc400b67-5e11-4908-8113-215b7eb51394,/p/0/8a5252bb6c2b7063,5,200,205528,150.031,1860.708,110457
1787904615425,89b3e9b2-5c13-83bd-0f75-05bc48e88e5e,/p/0/d2fd4298c50ae251,5,200,37508,184.545,462.743,81056
1787904614007,bc400b67-5e11-4908-8113-215b7eb51394,/p/0/8a5253bb6c2b7216,5,200,206047,138.294,1926.823,106936
1787904614752,edc5b198-1eea-9f91-8df1-351f156ad215,/p/0/6d76498ea85eaa79,14,200,203887,81.934,1248.482,163308
1787904610988,8ccb28f3-443e-efa1-9857-60d42e2a4b7b,/p/0/b0a843d66a41d294,1,200,303861,70.034,5038.888,60303
1787904610932,d32b69ad-48c7-59f9-dfdd-8241e725234c,/p/1/c49c076cc9278911,3,200,506322,209.873,5177.218,97798
1787904587188,bc400b67-5e11-4908-8113-215b7eb51394,/p/0/5c5924586b3a55d6,2,200,5135169,232.624,29125.686,176311
1787904614936,bc400b67-5e11-4908-8113-215b7eb51394,/p/0/8fa81171e3f116bf,6,200,132315,185.788,1389.458,95228
1787904616287,c3233af3-6798-cd10-58ca-164c2e53f97b,/?crawl=219,0,200,17809,35.690,72.493,245667
1787904609507,b22108c2-3e1c-3fb6-ab64-c0e8f18baa13,/p/0/6c79b64d880d0385,5,200,494215,252.142,6856.990,72075
1787904591883,94ecf158-1b8f-bebe-971a-8f3ad16157a7,/p/0/a62631f1c7bb9f01,8,200,2707862,166.513,24622.440,109975
1787904614781,202ca0a9-969d-e337-18b0-a8a1c747a4a6,/p/1/cf2ac5a8853e8a2e,13,200,244743,223.028,1739.271,140716
1787904614721,8ccb28f3-443e-efa1-9857-60d42e2a4b7b,/p/0/4f4a58ec751918e7,2,200,74153,353.216,1802.704,41134
1787904611673,e09a31d1-a55b-5bee-97eb-fdbb3e7de301,/p/0/ae1c99f1f0e5879,3,200,421831,210.545,4903.496,86027
1787904610688,d32b69ad-48c7-59f9-dfdd-8241e725234c,/p/0/ed5d6510328c8f8a,2,200,505847,208.437,5893.900,85826
1787904614936,bc400b67-5e11-4908-8113-215b7eb51394,/p/3/8fa81071e3f1150c,6,200,288989,145.915,1657.868,174314
1787904610295,20bed0a1-3b3f-3aa7-097e-0ad416139e92,/p/4/f84b0c5c4a572d05,2,200,2481004,47.133,6521.838,380415
1787904616359,c3233af3-6798-cd10-58ca-164c2e53f97b,/p/0/155598e9c56a21fc,1,200,30971,280.388,476.567,64988
1787904614752,edc5b198-1eea-9f91-8df1-351f156ad215,/p/0/6d76478ea85ea713,14,200,449978,81.951,2090.525,215246
1787904613114,bdc3760a-7816-6e4e-660f-cc91c678b82f,/p/0/8e71e8ac89f85c8a,9,200,397855,287.229,3940.360,100969
1787904613114,bdc3760a-7816-6e4e-660f-cc91c678b82f,/p/6/8e71e9ac89f85e3d,9,200,523102,287.225,3960.016,132096
1787904615287,2ee20978-8e84-b243-63bc-68d509852845,/?crawl=218,0,200,301810,88.970,1800.189,167655
1787904614664,89b3e9b2-5c13-83bd-0f75-05bc48e88e5e,/p/0/f3efde05a8a469f8,4,200,393902,110.501,2448.111,160900
1787904615469,b22108c2-3e1c-3fb6-ab64-c0e8f18baa13,/p/0/c3dad0e1ce43a738,6,200,99723,296.973,1816.408,54901
1787904616109,d32b69ad-48c7-59f9-dfdd-8241e725234c,/p/0/73683597be1cdb6a,4,200,94405,175.297,1324.770,71261
1787904610934,d828a9cb-ad94-c44a-2b73-79ad15446319,/p/0/cf949b02833b079b,1,200,3123318,435.201,6564.559,475785
1787904616594,bc400b67-5e11-4908-8113-215b7eb51394,/p/0/bb6d48f2ab2c628e,7,200,164050,25.191,1033.482,158735
1787904615426,89b3e9b2-5c13-83bd-0f75-05bc48e88e5e,/p/0/d2fd4198c50ae09e,5,200,405485,184.466,2584.475,156893
1787904616594,bc400b67-5e11-4908-8113-215b7eb51394,/p/2/bb6d49f2ab2c6441,7,200,398071,50.252,1468.115,271144
1787904615788,34551a5a-115c-9b17-89bc-e0783571b8b4,/p/0/1d98988e74dc88a2,16,200,168878,156.222,2302.106,73358
1787904614781,202ca0a9-969d-e337-18b0-a8a1c747a4a6,/p/0/cf2ac6a8853e8be1,13,200,391986,209.789,3399.423,115310
1787904564927,bdc3760a-7816-6e4e-660f-cc91c678b82f,/p/0/779a126701a3b3b0,5,200,5955594,308.080,53276.451,111787
1787904617075,bdc3760a-7816-6e4e-660f-cc91c678b82f,/p/0/dd8099046a1c7e7e,10,200,273573,1030.238,1141.055,239755
1787904615469,b22108c2-3e1c-3fb6-ab64-c0e8f18baa13,/p/0/c3dad3e1ce43ac51,6,200,115621,233.447,2794.848,41369
1787904617075,bdc3760a-7816-6e4e-660f-cc91c678b82f,/p/0/dd8098046a1c7ccb,10,200,308370,1030.670,1317.535,234051
1787904615425,89b3e9b2-5c13-83bd-0f75-05bc48e88e5e,/p/0/d2fd4098c50adeeb,5,200,460698,240.540,2970.466,155093
1787904618287,94842fac-a0ca-65e9-7e11-3080fcf99d81,/?crawl=225,0,200,433552,13.924,302.671,1432421
1787904614143,e09a31d1-a55b-5bee-97eb-fdbb3e7de301,/p/1/d8f320a05a46b99e,4,200,476382,223.138,4542.200,104879
1787904617287,857f40eb-84f8-f761-93f4-421390c88b0a,/?crawl=221,0,200,386658,55.946,1442.475,268052
1787904618062,bc400b67-5e11-4908-8113-215b7eb51394,/p/0/88b6473ed3a6c4aa,8,200,131068,160.012,806.023,162611
1787904618287,5515c72f-40b2-f184-ff1b-ea4aa95ee51a,/?crawl=224,0,200,163097,57.865,655.095,248967
1787904616817,20bed0a1-3b3f-3aa7-097e-0ad416139e92,/p/0/9e19aa242f05ec8f,3,200,376775,179.830,2252.962,167235
1787904618729,857f40eb-84f8-f761-93f4-421390c88b0a,/p/2/f92da5c0a43eca3c,1,200,41411,159.393,372.074,111298
1787904616594,bc400b67-5e11-4908-8113-215b7eb51394,/p/0/bb6d47f2ab2c60db,7,200,458400,50.279,2608.098,175760
1787904616109,d32b69ad-48c7-59f9-dfdd-8241e725234c,/p/0/73683497be1cd9b7,4,200,442924,192.730,3143.494,140902
1787904616817,20bed0a1-3b3f-3aa7-097e-0ad416139e92,/p/0/9e19ab242f05ee42,3,200,394108,34.214,2556.489,154160
1787904614558,e691194e-b4c1-a929-59bd-337dec07dcd6,/p/1/89d39a1b410be821,1,200,514164,228.606,4903.794,104850
1787904619102,857f40eb-84f8-f761-93f4-421390c88b0a,/p/0/9326c5e51907fb13,2,200,15744,351.798,540.792,29113
1787904618685,e09a31d1-a55b-5bee-97eb-fdbb3e7de301,/p/0/50727609d9cb3c4b,5,200,98893,172.501,1073.231,92145
1787904604113,edc5b198-1eea-9f91-8df1-351f156ad215,/p/0/d2c73834ccaff277,12,200,5903419,78.122,15644.753,377342
1787904619287,bd92841b-61bc-ac51-d538-a7b4a7fe8e31,/?crawl=227,0,200,280329,36.641,673.295,416354
1787904613252,9caa87a6-63f9-182e-5f14-b59782e63fbe,/p/0/560a4befdad7061b,4,200,474092,334.567,6734.765,70395
1787904619287,dd3108d0-e672-b95a-87a3-0f6387f152c9,/?crawl=226,0,200,357336,30.268,724.508,493212
1787904613252,9caa87a6-63f9-182e-5f14-b59782e63fbe,/p/6/560a4defdad70981,4,200,473281,197.311,6803.212,69567
1787904603071,f57d019f-4a26-54d3-f218-dbf45fb6506f,/p/0/7e442a8a93429f1f,2,200,3831149,326.201,17068.224,224461
1787904619960,bd92841b-61bc-ac51-d538-a7b4a7fe8e31,/p/0/d258f9057b08dab0,1,200,56497,34.092,208.896,270456
1787904614721,8ccb28f3-443e-efa1-9857-60d42e2a4b7b,/p/3/4f4a57ec75191734,2,200,375597,353.294,5688.092,66032
1787904616521,202ca0a9-969d-e337-18b0-a8a1c747a4a6,/p/0/c3584f7349d97a04,14,200,464581,132.248,4002.450,116074
1787904618287,feb73dc3-f420-7e6b-b3f9-395fbdb5cc29,/?crawl=223,0,200,341516,59.265,2266.993,150647
1787904618062,bc400b67-5e11-4908-8113-215b7eb51394,/p/0/88b6463ed3a6c2f7,8,200,504229,146.038,2602.109,193777
1787904586050,64133af4-6f42-146b-9035-94218e38dbc9,/p/0/541577aeb178236d,1,200,2809745,194.037,34618.846,81162
1787904605941,56d3aeef-5534-d227-8053-bb282bac9ad2,/p/0/1dc0cdc05792306b,2,200,3452192,229.998,14729.435,234374
1787904614721,8ccb28f3-443e-efa1-9857-60d42e2a4b7b,/p/0/4f4a59ec75191a9a,2,200,307458,423.103,6041.309,50893
1787904620287,d831c348-5458-dc01-9f31-fa5f61ba72df,/?crawl=229,0,200,387833,29.046,693.851,558957
1787904593365,94ecf158-1b8f-bebe-971a-8f3ad16157a7,/p/1/cbb56b08f93f73ed,9,200,3051409,309.188,27638.006,110406
1787904617287,4554079d-1420-510c-38ca-4f4ef1f0fdf9,/?crawl=222,0,200,325324,78.076,3735.752,87084
1787904605356,bdc3760a-7816-6e4e-660f-cc91c678b82f,/p/0/f614226f443c90e4,7,200,4139244,278.062,15731.765,263114
1787904620409,8ccb28f3-443e-efa1-9857-60d42e2a4b7b,/p/0/f084a6822bbe6ec2,3,200,21856,388.861,705.388,30984
1787904619960,bd92841b-61bc-ac51-d538-a7b4a7fe8e31,/p/0/d258fc057b08dfc9,1,200,224719,138.646,1340.268,167667
1787904619462,e691194e-b4c1-a929-59bd-337dec07dcd6,/p/0/5f9abd74ba48db92,2,200,136851,248.315,1911.863,71580
1787904620287,5a867274-6461-6cfd-5377-f43c304d3564,/?crawl=228,0,200,149908,111.870,1189.632,126012
1787904615469,b22108c2-3e1c-3fb6-ab64-c0e8f18baa13,/p/5/c3dad2e1ce43aa9e,6,200,430618,233.467,6072.747,70910
1787904620554,feb73dc3-f420-7e6b-b3f9-395fbdb5cc29,/p/0/2002517bcd74b815,1,200,92670,56.732,1077.677,85991
1787904619960,bd92841b-61bc-ac51-d538-a7b4a7fe8e31,/p/3/d258fb057b08de16,1,200,491159,103.981,1838.691,267124
1787904607784,1b2a4302-396a-16af-5c92-03547010d29c,/p/14/e61ab7d58e9dfed8,1,200,3664188,49.916,14542.571,251963
1787904568718,6f9c5d35-2792-1d60-554c-5c1ca4bb4050,/p/0/2e6a3ebb2f81c75d,1,200,3984143,188.006,53619.601,74304
1787904620011,dd3108d0-e672-b95a-87a3-0f6387f152c9,/p/2/65c350630fa3d429,1,200,503417,49.766,2443.278,206042
1787904618685,e09a31d1-a55b-5bee-97eb-fdbb3e7de301,/p/0/50727509d9cb3a98,5,200,382796,296.989,3835.220,99811
1787904621542,b22108c2-3e1c-3fb6-ab64-c0e8f18baa13,/p/0/27aec61d73c67e1d,7,200,55132,300.245,1146.545,48085
1787904612121,b4cfb06a-6eb5-9fac-37a9-695d7a454313,/p/0/3e3d70b9c3528bd4,2,200,5919673,3.238,10608.440,558015
1787904622327,1b2a4302-396a-16af-5c92-03547010d29c,/p/0/e0db709dc59ef7b7,2,200,85480,49.616,534.996,159777
1787904622455,dd3108d0-e672-b95a-87a3-0f6387f152c9,/p/1/3f15479674f83d42,2,200,36653,185.194,526.620,69600
1787904620011,dd3108d0-e672-b95a-87a3-0f6387f152c9,/p/0/65c34e630fa3d0c3,1,200,426936,120.162,2996.846,142462
1787904577933,b22108c2-3e1c-3fb6-ab64-c0e8f18baa13,/p/0/817cfcdaa0d44fa9,2,200,4758863,535.010,45306.487,105037
1787904611876,db35cebd-fd77-cf12-e315-d0ba551529d2,/p/0/9fa1005568f62acc,4,200,3690955,181.130,11365.587,324748
1787904621476,5a867274-6461-6cfd-5377-f43c304d3564,/p/0/27eaa50addb16f34,1,200,173531,380.278,1894.108,91616
1787904619102,857f40eb-84f8-f761-93f4-421390c88b0a,/p/0/9326c6e51907fcc6,2,200,210523,323.406,4451.318,47295
1787904617088,2ee20978-8e84-b243-63bc-68d509852845,/p/0/81eb468c30cf3102,1,200,414021,427.215,6777.419,61088
1787904620554,feb73dc3-f420-7e6b-b3f9-395fbdb5cc29,/p/0/20024e7bcd74b2fc,1,200,358958,282.487,3442.432,104275
1787904618729,857f40eb-84f8-f761-93f4-421390c88b0a,/p/0/f92da7c0a43ecda2,1,200,285374,185.630,5287.902,53967
1787904607287,bee3d183-ac7c-c0ec-20d5-0af98bee2515,/?crawl=209,0,200,4545134,117.018,16756.367,271248
1787904621542,b22108c2-3e1c-3fb6-ab64-c0e8f18baa13,/p/4/27aec41d73c67ab7,7,200,148041,300.290,2525.833,58611
1787904620055,9caa87a6-63f9-182e-5f14-b59782e63fbe,/p/0/6315777aaa8d78e7,5,200,230438,361.698,4047.245,56937
1787904617088,2ee20978-8e84-b243-63bc-68d509852845,/p/0/81eb458c30cf2f4f,1,200,436281,86.448,7034.751,62018
1787904621476,5a867274-6461-6cfd-5377-f43c304d3564,/p/0/27eaa80addb1744d,1,200,422398,108.002,2838.281,148822
1787904617088,2ee20978-8e84-b243-63bc-68d509852845,/p/16/81eb448c30cf2d9c,1,200,377123,260.787,7285.416,51764
1787904619102,857f40eb-84f8-f761-93f4-421390c88b0a,/p/1/9326c7e51907fe79,2,200,363275,294.998,5343.047,67990
1787904586050,64133af4-6f42-146b-9035-94218e38dbc9,/p/0/541574aeb1781e54,1,200,3259000,38.999,38439.439,84783
1787904618730,857f40eb-84f8-f761-93f4-421390c88b0a,/p/0/f92da6c0a43ecbef,1,200,398110,50.747,5849.814,68055
1787904602184,391c7ee1-f35b-4d3d-ec71-dfe97bb470c3,/p/1/5741dcd717bb6d35,3,200,223765,5847.842,22427.671,9977
1787904618062,bc400b67-5e11-4908-8113-215b7eb51394,/p/1/88b6453ed3a6c144,8,200,2871425,131.808,6742.999,425838
1787904613842,edc5b198-1eea-9f91-8df1-351f156ad215,/p/0/b831daf40733449d,13,200,4008934,75.853,10979.024,365145
1787904586556,64133af4-6f42-146b-9035-94218e38dbc9,/p/0/7f0ea7641b88d13b,2,200,3398981,211.660,38483.275,88324
1787904617075,bdc3760a-7816-6e4e-660f-cc91c678b82f,/p/5/dd809a046a1c8031,10,200,3265883,973.200,7967.358,409908
1787904621003,94ecf158-1b8f-bebe-971a-8f3ad16157a7,/p/0/83743d1380f0207f,10,200,436076,236.033,4047.060,107751
1787904620055,9caa87a6-63f9-182e-5f14-b59782e63fbe,/p/5/6315797aaa8d7c4d,5,200,372303,341.128,5013.454,74261
1787904613842,edc5b198-1eea-9f91-8df1-351f156ad215,/p/0/b831d7f407333f84,13,200,4663469,99.283,11284.715,413255
1787904620409,8ccb28f3-443e-efa1-9857-60d42e2a4b7b,/p/0/f084a5822bbe6d0f,3,200,279943,353.177,4761.631,58791
1787904621799,bd92841b-61bc-ac51-d538-a7b4a7fe8e31,/p/0/17773fe49856d522,2,200,484428,203.428,3385.879,143073
1787904621799,bd92841b-61bc-ac51-d538-a7b4a7fe8e31,/p/0/17773ee49856d36f,2,200,486572,33.671,3403.635,142957
1787904622455,dd3108d0-e672-b95a-87a3-0f6387f152c9,/p/0/3f15459674f839dc,2,200,240773,213.406,2796.011,86113
1787904616817,20bed0a1-3b3f-3aa7-097e-0ad416139e92,/p/3/9e19ac242f05eff5,3,200,3095668,164.555,8507.957,363856
1787904620055,9caa87a6-63f9-182e-5f14-b59782e63fbe,/p/0/6315787aaa8d7a9a,5,200,345797,323.243,5345.901,64685
1787904619462,e691194e-b4c1-a929-59bd-337dec07dcd6,/p/0/5f9abc74ba48d9df,2,200,471022,225.044,6048.693,77872
1787904622455,dd3108d0-e672-b95a-87a3-0f6387f152c9,/p/0/3f15489674f83ef5,2,200,358381,142.934,3216.881,111406
1787904624805,bc400b67-5e11-4908-8113-215b7eb51394,/p/0/a7dc1f0559538f74,9,200,122037,55.381,960.298,127082
1787904605462,a171fcac-f691-8af3-f13b-08c3ca9d8a09,/p/0/af84ea20ee6ece65,2,200,2620776,383.375,20312.734,129021
1787904590509,94ecf158-1b8f-bebe-971a-8f3ad16157a7,/p/0/6f1748be68f4c596,7,200,4011085,214.453,35320.253,113563
1787904622327,1b2a4302-396a-16af-5c92-03547010d29c,/p/13/e0db729dc59efb1d,2,200,498750,49.586,3580.235,139307
1787904590386,64133af4-6f42-146b-9035-94218e38dbc9,/p/0/d740543841409ffa,3,200,2962959,255.188,35603.408,83221
1787904594517,94ecf158-1b8f-bebe-971a-8f3ad16157a7,/p/0/cbb56908f93f7087,9,200,4228002,188.475,31525.786,134113
1787904607729,9caa87a6-63f9-182e-5f14-b59782e63fbe,/p/0/bae9ce5ea46699f0,2,200,2531934,35.937,18355.392,137940
1787904582168,65d214dc-e787-2aae-26a6-d901ba3321b1,/p/0/44961fa11cb99cd9,5,200,6272959,449.064,43963.232,142686
1787904623008,dd3108d0-e672-b95a-87a3-0f6387f152c9,/p/0/f778e59a4195c858,3,200,219077,225.774,3131.021,69970
1787904624445,857f40eb-84f8-f761-93f4-421390c88b0a,/p/0/1aeafe8c209a1f3e,3,200,152092,267.372,1746.326,87093
1787904583964,bcd4ed17-009f-a3dd-d16f-419d96ba6ee3,/p/0/6e7f6ceaa0f5d36b,10,0,3979347,33.500,42322.682,94024
1787904585047,bcd4ed17-009f-a3dd-d16f-419d96ba6ee3,/p/13/e3b3187f4707d629,11,0,3260399,43.808,41239.315,79060
1787904591347,65d214dc-e787-2aae-26a6-d901ba3321b1,/p/2/84c468e671deb4a7,7,200,4913771,206.503,35007.998,140361
1787904569197,33f2dd45-81ad-d997-f2a2-edc92faf1430,/p/0/c1d49218c41cba0a,1,200,5834113,3.687,57170.860,102047
1787904619462,e691194e-b4c1-a929-59bd-337dec07dcd6,/p/0/5f9abe74ba48dd45,2,200,484069,225.032,6924.528,69906
1787904624805,bc400b67-5e11-4908-8113-215b7eb51394,/p/0/a7dc2105595392da,9,200,263017,189.460,1655.199,158904
1787904568718,6f9c5d35-2792-1d60-554c-5c1ca4bb4050,/p/0/2e6a3bbb2f81c244,1,200,4491899,96.976,57829.029,77676
1787904622981,dd3108d0-e672-b95a-87a3-0f6387f152c9,/p/0/f778e79a4195cbbe,3,200,376045,142.009,3578.380,105088
1787904625401,9caa87a6-63f9-182e-5f14-b59782e63fbe,/p/0/27b03da979fa4ef0,6,200,104679,1156.308,1213.325,86274
1787904621542,b22108c2-3e1c-3fb6-ab64-c0e8f18baa13,/p/0/27aec31d73c67904,7,200,422314,659.392,5076.608,83188
1787904626355,65d214dc-e787-2aae-26a6-d901ba3321b1,/p/1/2762b7a77171cb87,8,200,104990,45.055,334.054,314291
1787904622981,dd3108d0-e672-b95a-87a3-0f6387f152c9,/p/0/f778e89a4195cd71,3,200,404515,142.254,3950.470,102397
1787904624068,b22108c2-3e1c-3fb6-ab64-c0e8f18baa13,/p/0/3ec70f8dae80b60b,8,200,169785,233.289,3128.279,54274
1787904625907,1b2a4302-396a-16af-5c92-03547010d29c,/p/12/88e08e3592b82420,3,200,125780,243.060,1322.954,95075
1787904613287,7111757e-9931-d305-b6ca-1f889120056e,/?crawl=216,0,200,418876,881.803,13990.499,29940
1787904607287,9a14ab57-6136-a861-9270-530d55827fd8,/?crawl=208,0,200,5604723,125.351,20000.741,280226
1787904620409,8ccb28f3-443e-efa1-9857-60d42e2a4b7b,/p/2/f084a7822bbe7075,3,200,508066,388.844,6919.273,73428
1787904621003,94ecf158-1b8f-bebe-971a-8f3ad16157a7,/p/0/83743e1380f02232,10,200,2653814,250.970,6553.634,404938
1787904625069,9caa87a6-63f9-182e-5f14-b59782e63fbe,/p/4/27b03fa979fa5256,6,200,292876,1463.798,2543.781,115134
1787904627230,1b2a4302-396a-16af-5c92-03547010d29c,/p/0/943a952bdb923548,4,200,22919,435.880,607.167,37747
1787904624068,b22108c2-3e1c-3fb6-ab64-c0e8f18baa13,/p/3/3ec7118dae80b971,8,200,296993,233.292,4108.998,72279
1787904625325,20bed0a1-3b3f-3aa7-097e-0ad416139e92,/p/2/cea01a48e0cc240e,4,200,210941,80.470,2858.680,73790
1787904624445,857f40eb-84f8-f761-93f4-421390c88b0a,/p/0/1aeaff8c209a20f1,3,200,422172,134.708,3779.725,111694
1787904625042,bdc3760a-7816-6e4e-660f-cc91c678b82f,/p/4/b46c20377149d40,11,200,205079,253.092,3228.396,63523
1787904589376,202ca0a9-969d-e337-18b0-a8a1c747a4a6,/p/0/ecfded908df49833,12,200,5924243,173.287,39044.171,151732
1787904628177,b22108c2-3e1c-3fb6-ab64-c0e8f18baa13,/p/0/cdf737353dded731,9,200,16763,215.796,450.828,37183
1787904624068,b22108c2-3e1c-3fb6-ab64-c0e8f18baa13,/p/0/3ec7108dae80b7be,8,200,438083,360.348,4865.173,90045
1787904624612,391c7ee1-f35b-4d3d-ec71-dfe97bb470c3,/p/0/4d2bd84ab058f5ee,4,0,0,4397.890,0.000,0
1787904583356,33f2dd45-81ad-d997-f2a2-edc92faf1430,/p/0/f851c8951830058a,4,200,5890132,282.345,45905.986,128309
1787904584301,92fc7929-54a8-b7cf-82d7-0ca1e3ebc787,/p/0/9fe43e62a299219,4,200,2962145,294.930,45052.726,65748
1787904611182,2f842279-d3ac-7494-7aab-4c4029ba93c4,/p/23/e77fcc0c461317cd,1,200,377638,1550.917,18245.718,20697
1787904624612,391c7ee1-f35b-4d3d-ec71-dfe97bb470c3,/p/0/4d2bd94ab058f7a1,4,200,6157,4397.313,4820.494,1277
1787904607044,2f620a10-e898-7df5-5c5d-d659db1f523c,/p/0/79850d332338f4eb,1,200,5065093,30.274,22556.086,224555
1787904592807,64133af4-6f42-146b-9035-94218e38dbc9,/p/1/36cbc59f4a99a497,4,200,3618319,211.943,37020.386,97739
1787904627328,8ccb28f3-443e-efa1-9857-60d42e2a4b7b,/p/0/e782d7bc10c5adb8,4,200,142323,460.562,2550.094,55811
1787904624373,2ee20978-8e84-b243-63bc-68d509852845,/p/15/fd76c0f25a6890f8,2,200,306239,84.715,5577.051,54911
1787904621003,94ecf158-1b8f-bebe-971a-8f3ad16157a7,/p/0/83743c1380f01ecc,10,200,5588658,220.515,8999.237,621015
1787904629828,64133af4-6f42-146b-9035-94218e38dbc9,/p/0/cca7c466356164a4,5,200,14295,284.607,485.923,29418
1787904625325,20bed0a1-3b3f-3aa7-097e-0ad416139e92,/p/0/cea01b48e0cc25c1,4,200,291173,118.184,5246.634,55497
1787904628184,20bed0a1-3b3f-3aa7-097e-0ad416139e92,/p/1/546c2edecac54ef5,5,200,57038,429.226,2388.018,23885
1787904613321,bdc3760a-7816-6e4e-660f-cc91c678b82f,/p/0/8e71e7ac89f85ad7,9,200,4767715,420.223,17276.959,275958
1787904610688,d32b69ad-48c7-59f9-dfdd-8241e725234c,/p/0/ed5d6410328c8dd7,2,200,2955868,260.948,19925.149,148349
1787904616109,d32b69ad-48c7-59f9-dfdd-8241e725234c,/p/0/73683397be1cd804,4,200,2972254,192.724,14627.721,203193
1787904616521,202ca0a9-969d-e337-18b0-a8a1c747a4a6,/p/0/c358507349d97bb7,14,200,2423272,173.418,14630.765,165629
1787904624373,2ee20978-8e84-b243-63bc-68d509852845,/p/0/fd76c2f25a68945e,2,200,312577,562.436,6905.046,45268
1787904625325,20bed0a1-3b3f-3aa7-097e-0ad416139e92,/p/0/cea01848e0cc20a8,4,200,292655,555.789,6247.071,46847
1787904627328,8ccb28f3-443e-efa1-9857-60d42e2a4b7b,/p/1/e782d9bc10c5b11e,4,200,215252,353.980,4327.536,49740
1787904624805,bc400b67-5e11-4908-8113-215b7eb51394,/p/0/a7dc22055953948d,9,200,3354157,27.202,6957.997,482058
1787904607044,2f620a10-e898-7df5-5c5d-d659db1f523c,/p/0/79850c332338f338,1,200,6147000,170.467,24774.971,248113
1787904602184,391c7ee1-f35b-4d3d-ec71-dfe97bb470c3,/p/0/5741dbd717bb6b82,3,200,509253,3332.757,29677.975,17159
1787904616359,c3233af3-6798-cd10-58ca-164c2e53f97b,/p/0/155599e9c56a23af,1,200,3654698,105.975,15600.939,234261
1787904629950,2ee20978-8e84-b243-63bc-68d509852845,/p/14/fbc2bc33b8535705,3,200,62410,559.165,2070.065,30149
1787904628270,bdc3760a-7816-6e4e-660f-cc91c678b82f,/p/0/b32c4b83225c1e8b,12,200,202484,334.386,3759.542,53859
1787904529331,391c7ee1-f35b-4d3d-ec71-dfe97bb470c3,/p/0/c07b0feaf18cdfc4,2,0,852763,4318.635,103079.841,8273
1787904577651,92fc7929-54a8-b7cf-82d7-0ca1e3ebc787,/p/0/3648dd4988b5bf20,2,200,3541514,313.111,55212.952,64143
1787904628184,20bed0a1-3b3f-3aa7-097e-0ad416139e92,/p/0/546c2ddecac54d42,5,200,294175,390.088,4715.448,62385
1787904625907,1b2a4302-396a-16af-5c92-03547010d29c,/p/0/88e0903592b82786,3,200,415183,343.309,7123.546,58283
1787904627230,1b2a4302-396a-16af-5c92-03547010d29c,/p/0/943a982bdb923a61,4,200,335548,266.622,5800.434,57849
1787904616359,c3233af3-6798-cd10-58ca-164c2e53f97b,/p/0/15559be9c56a2715,1,200,5999539,35.360,16777.066,357604
1787904627277,7111757e-9931-d305-b6ca-1f889120056e,/p/0/f66942bdac70eea8,1,200,67871,1464.927,5927.532,11450
1787904628177,b22108c2-3e1c-3fb6-ab64-c0e8f18baa13,/p/0/cdf734353dded218,9,200,522882,345.269,5116.679,102192
1787904627613,9caa87a6-63f9-182e-5f14-b59782e63fbe,/p/0/747611a390f0329f,7,200,240013,909.658,5836.732,41121
1787904625907,1b2a4302-396a-16af-5c92-03547010d29c,/p/0/88e08f3592b825d3,3,200,446553,267.178,7585.937,58866
1787904626355,65d214dc-e787-2aae-26a6-d901ba3321b1,/p/0/2762b9a77171ceed,8,200,457282,354.075,7176.765,63717
1787904628177,b22108c2-3e1c-3fb6-ab64-c0e8f18baa13,/p/2/cdf736353dded57e,9,200,457740,345.220,5372.388,85202
1787904629828,64133af4-6f42-146b-9035-94218e38dbc9,/p/0/cca7c56635616657,5,200,452457,304.040,3876.955,116704
1787904596404,64133af4-6f42-146b-9035-94218e38dbc9,/p/0/36cbc79f4a99a7fd,4,200,3777317,194.483,37339.471,101162
1787904620011,dd3108d0-e672-b95a-87a3-0f6387f152c9,/p/0/65c34f630fa3d276,1,200,4544931,182.899,13764.658,330188
1787904626689,65d214dc-e787-2aae-26a6-d901ba3321b1,/p/0/2df00e5f644b6933,9,200,445306,226.038,7275.792,61204
1787904627613,9caa87a6-63f9-182e-5f14-b59782e63fbe,/p/0/747612a390f03452,7,200,348234,775.384,6488.963,53666
1787904627230,1b2a4302-396a-16af-5c92-03547010d29c,/p/11/943a972bdb9238ae,4,200,500468,242.606,7041.290,71076
1787904630572,20bed0a1-3b3f-3aa7-097e-0ad416139e92,/p/0/4ef6e5abe846cfab,6,200,306999,191.951,3907.827,78560
1787904620554,feb73dc3-f420-7e6b-b3f9-395fbdb5cc29,/p/0/2002507bcd74b662,1,200,4070835,56.815,13998.232,290811
1787904621476,5a867274-6461-6cfd-5377-f43c304d3564,/p/5/27eaa60addb170e7,1,200,4244948,323.906,13168.656,322352
1787904610736,df481320-7ae2-be0a-5a04-81fa7d9caa24,/p/5/d77cef919377c06d,1,200,5244096,62.161,23975.565,218727
1787904634645,5a867274-6461-6cfd-5377-f43c304d3564,/p/0/638930a9b019c8fa,2,200,15294,37.896,75.447,202713
1787904633550,b22108c2-3e1c-3fb6-ab64-c0e8f18baa13,/p/1/aef2782239524f06,10,200,139161,212.771,1757.345,79188
1787904634645,5a867274-6461-6cfd-5377-f43c304d3564,/p/0/63892fa9b019c747,2,200,161933,75.441,734.580,220443
1787904605255,3b749c58-6ab7-9e3a-6b7d-15a638eaf40e,/p/5/84fe10617d1733f5,7,200,2176387,240.967,30137.110,72216
1787904621799,bd92841b-61bc-ac51-d538-a7b4a7fe8e31,/p/2/17773de49856d1bc,2,200,4593118,102.044,13597.907,337781
1787904580362,6f9c5d35-2792-1d60-554c-5c1ca4bb4050,/p/0/9bc49da1dbb6a5a3,4,200,4239036,195.124,55121.087,76904
1787904634271,1b2a4302-396a-16af-5c92-03547010d29c,/p/10/955b1d31aa9c609f,5,200,67919,267.964,1266.646,53621
1787904630572,20bed0a1-3b3f-3aa7-097e-0ad416139e92,/p/0/4ef6e6abe846d15e,6,200,496735,308.236,5010.191,99145
1787904628270,bdc3760a-7816-6e4e-660f-cc91c678b82f,/p/3/b32c4a83225c1cd8,12,200,321843,362.275,7348.885,43795
1787904634271,1b2a4302-396a-16af-5c92-03547010d29c,/p/0/955b1c31aa9c5eec,5,200,89357,291.718,1389.046,64330
1787904635397,bd92841b-61bc-ac51-d538-a7b4a7fe8e31,/p/0/d2f78fca7a9c11c4,3,200,88093,34.161,584.204,150791
1787904614781,202ca0a9-969d-e337-18b0-a8a1c747a4a6,/p/0/cf2ac3a8853e86c8,13,0,4420283,183.356,21505.434,205543
1787904616521,202ca0a9-969d-e337-18b0-a8a1c747a4a6,/p/0/c358527349d97f1d,14,0,4044883,228.465,19766.142,204637
1787904631656,8ccb28f3-443e-efa1-9857-60d42e2a4b7b,/p/0/7e1612a0bf28f9d8,5,200,109173,386.688,4688.696,23284
1787904634645,5a867274-6461-6cfd-5377-f43c304d3564,/p/4/63892ea9b019c594,2,200,485571,75.450,1737.966,279390
1787904634711,df481320-7ae2-be0a-5a04-81fa7d9caa24,/p/0/3b3550ad559db270,2,200,177912,58.081,1763.077,100910
1787904636383,5a867274-6461-6cfd-5377-f43c304d3564,/p/0/89b7b571a299edb2,3,200,72258,38.067,378.055,191131
1787904635397,bd92841b-61bc-ac51-d538-a7b4a7fe8e31,/p/1/d2f791ca7a9c152a,3,200,274257,34.160,1439.245,190556
1787904627328,8ccb28f3-443e-efa1-9857-60d42e2a4b7b,/p/0/e782dabc10c5b2d1,4,200,482695,354.012,9717.579,49672
1787904624445,857f40eb-84f8-f761-93f4-421390c88b0a,/p/0/1aeafd8c209a1d8b,3,200,3395379,267.442,12784.103,265594
1787904624612,391c7ee1-f35b-4d3d-ec71-dfe97bb470c3,/p/0/4d2bd64ab058f288,4,0,84146,7536.529,12678.024,6637
1787904636383,5a867274-6461-6cfd-5377-f43c304d3564,/p/0/89b7b471a299ebff,3,200,168384,170.788,1213.291,138783
1787904634711,df481320-7ae2-be0a-5a04-81fa7d9caa24,/p/4/3b3552ad559db5d6,2,200,311010,148.427,3237.654,96060
1787904636383,5a867274-6461-6cfd-5377-f43c304d3564,/p/3/89b7b371a299ea4c,3,200,375232,113.058,1627.776,230518
1787904634711,df481320-7ae2-be0a-5a04-81fa7d9caa24,/p/0/3b3553ad559db789,2,200,318876,148.446,3300.157,96624
1787904635397,bd92841b-61bc-ac51-d538-a7b4a7fe8e31,/p/0/d2f792ca7a9c16dd,3,200,408735,102.726,2675.961,152743
1787904612914,34551a5a-115c-9b17-89bc-e0783571b8b4,/p/0/2eb2a408bb8997b,15,200,2431092,159.345,25611.010,94924
1787904631656,8ccb28f3-443e-efa1-9857-60d42e2a4b7b,/p/0/7e1615a0bf28fef1,5,200,280696,493.085,6907.467,40637
1787904637949,df481320-7ae2-be0a-5a04-81fa7d9caa24,/p/3/5f0f0bec40045d8d,3,200,38371,269.535,656.473,58450
1787904635619,bdc3760a-7816-6e4e-660f-cc91c678b82f,/p/2/939a986fb3443dff,13,200,147681,259.540,3202.588,46113
1787904576573,6f9c5d35-2792-1d60-554c-5c1ca4bb4050,/p/0/9bc49ea1dbb6a756,4,200,5503355,215.859,62376.513,88228
1787904636836,bd92841b-61bc-ac51-d538-a7b4a7fe8e31,/p/0/2f01f2186bd1955,4,200,296564,190.575,2333.054,127114
1787904636836,bd92841b-61bc-ac51-d538-a7b4a7fe8e31,/p/0/2f01d2186bd15ef,4,200,275264,190.443,2418.555,113813
1787904635392,3b749c58-6ab7-9e3a-6b7d-15a638eaf40e,/p/4/dcdcdadd61e51f5a,8,200,201642,267.891,3956.907,50960
1787904636836,bd92841b-61bc-ac51-d538-a7b4a7fe8e31,/p/0/2f01c2186bd143c,4,200,326230,173.632,2521.230,129393
1787904635392,3b749c58-6ab7-9e3a-6b7d-15a638eaf40e,/p/0/dcdcd8dd61e51bf4,8,200,173916,267.742,4076.997,42658
1787904620981,d831c348-5458-dc01-9f31-fa5f61ba72df,/p/1/948050ad49167ad4,1,200,3556375,142.585,18553.875,191678
1787904614142,e09a31d1-a55b-5bee-97eb-fdbb3e7de301,/p/0/d8f31ea05a46b638,4,200,2718353,191.369,25960.111,104713
1787904633550,b22108c2-3e1c-3fb6-ab64-c0e8f18baa13,/p/0/aef2762239524ba0,10,200,396586,360.731,6554.032,60510
1787904571369,6f9c5d35-2792-1d60-554c-5c1ca4bb4050,/p/0/a26c33098aeef333,3,200,6280113,268.317,68739.374,91361
1787904631656,8ccb28f3-443e-efa1-9857-60d42e2a4b7b,/p/0/7e1613a0bf28fb8b,5,200,492142,458.072,8601.469,57216
1787904635307,b22108c2-3e1c-3fb6-ab64-c0e8f18baa13,/p/0/512b2a14e1c19b6e,11,200,362567,277.944,5119.599,70819
1787904582061,b22108c2-3e1c-3fb6-ab64-c0e8f18baa13,/p/0/70e59a11553943a0,4,200,6289364,255.872,58406.414,107683
1787904611182,2f842279-d3ac-7494-7aab-4c4029ba93c4,/p/0/e77fca0c46131467,1,200,479262,1550.880,29327.715,16342
1787904635619,bdc3760a-7816-6e4e-660f-cc91c678b82f,/p/0/939a976fb3443c4c,13,200,237651,359.593,5034.536,47204
1787904637949,df481320-7ae2-be0a-5a04-81fa7d9caa24,/p/0/5f0f0aec40045bda,3,200,159276,180.508,2912.471,54688
1787904639535,d831c348-5458-dc01-9f31-fa5f61ba72df,/p/0/9c884dab1c6c8a88,2,200,230256,129.486,1809.835,127225
1787904638011,5a867274-6461-6cfd-5377-f43c304d3564,/p/2/4bb4710289ba2b9c,4,200,369229,188.255,3366.037,109692
1787904610988,8ccb28f3-443e-efa1-9857-60d42e2a4b7b,/p/0/b0a846d66a41d7ad,1,200,2205232,175.266,30612.754,72036
1787904638605,df481320-7ae2-be0a-5a04-81fa7d9caa24,/p/0/6505375ca9d666c9,4,200,175465,294.690,3012.783,58240
1787904638605,df481320-7ae2-be0a-5a04-81fa7d9caa24,/p/2/6505355ca9d66363,4,200,250669,353.056,3014.141,83164
1787904629428,2f842279-d3ac-7494-7aab-4c4029ba93c4,/p/22/1dd49a7c83bc8dfa,2,200,118047,1418.526,12228.098,9654
1787904638011,5a867274-6461-6cfd-5377-f43c304d3564,/p/0/4bb4720289ba2d4f,4,200,393694,131.364,3686.515,106793
1787904641377,5a867274-6461-6cfd-5377-f43c304d3564,/p/1/6944bfedb9314990,5,200,7271,206.993,358.422,20286
1787904639535,d831c348-5458-dc01-9f31-fa5f61ba72df,/p/0/9c884fab1c6c8dee,2,200,255574,142.623,2324.905,109929
1787904638606,df481320-7ae2-be0a-5a04-81fa7d9caa24,/p/0/6505345ca9d661b0,4,200,224724,323.123,3322.120,67645
1787904637949,df481320-7ae2-be0a-5a04-81fa7d9caa24,/p/0/5f0f09ec40045a27,3,200,498880,90.779,3982.920,125255
1787904641620,df481320-7ae2-be0a-5a04-81fa7d9caa24,/p/1/97ecb914a1f66e62,5,200,64693,312.626,314.340,205806
1787904635538,1b2a4302-396a-16af-5c92-03547010d29c,/p/0/d2a4d1fb0f83daa6,6,200,173739,268.877,6411.748,27097
1787904634271,1b2a4302-396a-16af-5c92-03547010d29c,/p/0/955b1f31aa9c6405,5,200,332565,243.490,7799.345,42640
1787904641620,df481320-7ae2-be0a-5a04-81fa7d9caa24,/p/0/97ecba14a1f67015,5,200,408421,312.933,527.463,774312
1787904641620,df481320-7ae2-be0a-5a04-81fa7d9caa24,/p/0/97ecb714a1f66afc,5,200,388473,312.184,541.755,717065
1787904629950,2ee20978-8e84-b243-63bc-68d509852845,/p/0/fbc2bb33b8535552,3,200,382355,471.373,12279.888,31137
1787904625042,bdc3760a-7816-6e4e-660f-cc91c678b82f,/p/0/b46c30377149ef3,11,0,1054611,303.212,17244.796,61155
1787904635619,bdc3760a-7816-6e4e-660f-cc91c678b82f,/p/0/939a9a6fb3444165,13,0,306466,259.604,6667.503,45964
1787904640654,bdc3760a-7816-6e4e-660f-cc91c678b82f,/p/0/72e592aea3515b54,14,0,54802,310.681,1632.921,33561
1787904638822,bdc3760a-7816-6e4e-660f-cc91c678b82f,/p/1/72e593aea3515d07,14,0,107336,1127.816,3464.889,30978
1787904628270,bdc3760a-7816-6e4e-660f-cc91c678b82f,/p/0/b32c4c83225c203e,12,0,810283,309.947,14016.428,57810
1787904642287,bdc3760a-7816-6e4e-660f-cc91c678b82f,/p/0/72e595aea351606d,14,0,0,0.018,0.000,0
1787904625042,bdc3760a-7816-6e4e-660f-cc91c678b82f,/p/0/b46c4037714a0a6,11,0,1015407,277.957,17244.873,58882
1787904633550,b22108c2-3e1c-3fb6-ab64-c0e8f18baa13,/p/0/aef27922395250b9,10,200,3415547,255.361,8745.635,390543
1787904641735,5a867274-6461-6cfd-5377-f43c304d3564,/p/0/30c6f6a9a9ed51ae,6,200,40875,207.903,622.080,65707
1787904632020,2ee20978-8e84-b243-63bc-68d509852845,/p/13/4a35b6e693b21df2,4,200,425672,596.442,10390.225,40969
1787904632020,2ee20978-8e84-b243-63bc-68d509852845,/p/0/4a35b7e693b21fa5,4,200,509125,555.926,10405.704,48927
1787904641934,df481320-7ae2-be0a-5a04-81fa7d9caa24,/p/0/89928731917c1347,6,200,356597,227.303,571.216,624277
1787904641934,df481320-7ae2-be0a-5a04-81fa7d9caa24,/p/0/89928631917c1194,6,200,381952,228.119,575.871,663260
1787904635307,b22108c2-3e1c-3fb6-ab64-c0e8f18baa13,/p/0/512b2b14e1c19d21,11,200,3429819,235.138,7231.657,474278
1787904642411,2ee20978-8e84-b243-63bc-68d509852845,/p/0/17dd4679c188df7a,5,200,32532,169.103,181.072,179663
1787904642426,2ee20978-8e84-b243-63bc-68d509852845,/p/0/17dd4579c188ddc7,5,200,64583,525.131,528.424,122218
1787904635307,b22108c2-3e1c-3fb6-ab64-c0e8f18baa13,/p/0/512b2914e1c199bb,11,200,5343249,214.636,7680.271,695711
1787904601655,34551a5a-115c-9b17-89bc-e0783571b8b4,/p/0/92f558abd3189f8d,9,200,5091648,143.704,41390.433,123015
1787904639469,3b749c58-6ab7-9e3a-6b7d-15a638eaf40e,/p/0/7dd5348d9cc3e6c,9,200,425165,269.555,3919.163,108484
1787904635392,3b749c58-6ab7-9e3a-6b7d-15a638eaf40e,/p/0/dcdcdbdd61e5210d,8,200,518895,293.151,7996.233,64892
1787904598074,3b749c58-6ab7-9e3a-6b7d-15a638eaf40e,/p/0/226344e1bcadf5b4,5,200,3514993,47.102,45629.734,77033
1787904598951,3b749c58-6ab7-9e3a-6b7d-15a638eaf40e,/p/0/1bc53cc92e6536b3,6,200,3301368,305.040,44755.895,73764
1787904639349,3b749c58-6ab7-9e3a-6b7d-15a638eaf40e,/p/3/7dd5448d9cc401f,9,200,504559,293.307,4358.420,115766
1787904629950,2ee20978-8e84-b243-63bc-68d509852845,/p/0/fbc2ba33b853539f,3,200,2414542,515.189,13840.566,174454
1787904635538,1b2a4302-396a-16af-5c92-03547010d29c,/p/9/d2a4cffb0f83d740,6,200,305392,268.760,8308.763,36755
1787904615788,34551a5a-115c-9b17-89bc-e0783571b8b4,/p/3/1d98998e74dc8a55,16,200,3482363,171.110,28093.345,123957
1787904620981,d831c348-5458-dc01-9f31-fa5f61ba72df,/p/0/948051ad49167c87,1,200,4364765,26.051,22976.190,189969
1787904643389,3b749c58-6ab7-9e3a-6b7d-15a638eaf40e,/p/0/7dd5648d9cc4385,9,200,54872,637.780,689.658,79564
1787904643708,3b749c58-6ab7-9e3a-6b7d-15a638eaf40e,/p/2/82b5a26b8055d2c9,10,200,506261,318.640,550.859,919039
1787904641934,df481320-7ae2-be0a-5a04-81fa7d9caa24,/p/0/89928831917c14fa,6,200,5622253,267.770,2418.823,2324375
1787904643708,3b749c58-6ab7-9e3a-6b7d-15a638eaf40e,/p/0/82b5a06b8055cf63,10,200,480219,414.467,695.614,690352
1787904605255,3b749c58-6ab7-9e3a-6b7d-15a638eaf40e,/p/0/84fe0f617d173242,7,200,5330143,360.750,39321.025,135555
1787904644259,3b749c58-6ab7-9e3a-6b7d-15a638eaf40e,/p/0/5bfd8635a0e6d752,11,200,217143,24.067,334.271,649602
1787904644259,3b749c58-6ab7-9e3a-6b7d-15a638eaf40e,/p/0/5bfd8535a0e6d59f,11,200,274356,21.964,434.497,631434
1787904644259,3b749c58-6ab7-9e3a-6b7d-15a638eaf40e,/p/1/5bfd8435a0e6d3ec,11,200,431925,21.969,466.331,926220
1787904632020,2ee20978-8e84-b243-63bc-68d509852845,/p/0/4a35b4e693b21a8c,4,200,3470299,425.524,12863.171,269786
1787904614558,e691194e-b4c1-a929-59bd-337dec07dcd6,/p/0/89d3981b410be4bb,1,200,3854109,45.522,30384.420,126845
1787904626689,65d214dc-e787-2aae-26a6-d901ba3321b1,/p/0/2df0105f644b6c99,9,200,2873468,246.259,18677.893,153843
1787904600565,53461352-1ef1-cff3-5064-81b8e3b79826,/p/0/b9406f1007293315,5,200,3810518,140.927,44917.943,84833
1787904643881,34551a5a-115c-9b17-89bc-e0783571b8b4,/p/2/362cf231b8e6af3b,17,200,163098,139.382,2078.758,78459
1787904613252,9caa87a6-63f9-182e-5f14-b59782e63fbe,/p/0/560a4cefdad707ce,4,200,3917259,237.969,32725.268,119701
1787904643881,34551a5a-115c-9b17-89bc-e0783571b8b4,/p/0/362cf131b8e6ad88,17,200,196532,167.493,2161.362,90930
1787904641377,5a867274-6461-6cfd-5377-f43c304d3564,/p/0/6944c0edb9314b43,5,200,388072,206.976,4828.221,80376
1787904626355,65d214dc-e787-2aae-26a6-d901ba3321b1,/p/0/2762b6a77171c9d4,8,200,3578080,45.075,19924.871,179579
1787904624373,2ee20978-8e84-b243-63bc-68d509852845,/p/0/fd76c1f25a6892ab,2,200,6005027,473.870,21911.817,274054
1787904642411,2ee20978-8e84-b243-63bc-68d509852845,/p/12/17dd4779c188e12d,5,200,5676380,157.360,3876.875,1464164
1787904626689,65d214dc-e787-2aae-26a6-d901ba3321b1,/p/0/2df00d5f644b6780,9,200,5193708,209.124,19940.454,260461
1787904646288,2ee20978-8e84-b243-63bc-68d509852845,/p/0/2e6a9d44c4fb0fa7,6,200,64646,94.284,415.984,155405
1787904646288,2ee20978-8e84-b243-63bc-68d509852845,/p/0/2e6a9e44c4fb115a,6,200,123013,95.275,416.414,295410
1787904617287,abfee969-8d18-cdc7-e5fe-f732f4016a26,/?crawl=220,0,200,4953204,230.945,29460.220,168132
1787904597289,7cfcc10e-7cf4-e553-a2b5-7d69bb55a7f9,/?crawl=196,0,200,6248313,199.543,49658.372,125826
1787904627277,7111757e-9931-d305-b6ca-1f889120056e,/p/0/f66945bdac70f3c1,1,200,467183,288.888,20012.074,23345
1787904646288,2ee20978-8e84-b243-63bc-68d509852845,/p/11/2e6a9c44c4fb0df4,6,200,2896692,95.138,1258.954,2300873
1787904647547,2ee20978-8e84-b243-63bc-68d509852845,/p/0/2167639a80a2cd90,7,200,198365,2.265,24.587,8068032
1787904647547,2ee20978-8e84-b243-63bc-68d509852845,/p/10/2167649a80a2cf43,7,200,416321,4.040,125.779,3309930
1787904647547,2ee20978-8e84-b243-63bc-68d509852845,/p/0/2167669a80a2d2a9,7,200,424940,3.185,126.266,3365444
1787904647672,2ee20978-8e84-b243-63bc-68d509852845,/p/0/69443f872b06be19,8,200,59650,12.076,23.787,2507653
1787904646947,7cfcc10e-7cf4-e553-a2b5-7d69bb55a7f9,/p/0/3eb29a78234f5931,1,200,164521,11.278,854.083,192629
1787904647672,2ee20978-8e84-b243-63bc-68d509852845,/p/9/69443e872b06bc66,8,200,239028,12.389,129.555,1844999
1787904647672,2ee20978-8e84-b243-63bc-68d509852845,/p/0/69443c872b06b900,8,200,521577,12.579,133.546,3905611
1787904646747,abfee969-8d18-cdc7-e5fe-f732f4016a26,/p/0/8c97fb1e38d9c04f,1,200,86366,115.296,1113.311,77576
1787904645960,34551a5a-115c-9b17-89bc-e0783571b8b4,/p/1/f3efcd87a2de9e71,18,200,156635,165.844,2011.118,77885
1787904647802,2ee20978-8e84-b243-63bc-68d509852845,/p/8/8db6ea9a34524bc6,9,200,69738,4.218,321.947,216613
1787904647802,2ee20978-8e84-b243-63bc-68d509852845,/p/0/8db6eb9a34524d79,9,200,249344,313.538,326.299,764158
1787904646947,7cfcc10e-7cf4-e553-a2b5-7d69bb55a7f9,/p/3/3eb29878234f55cb,1,200,397671,113.376,1223.431,325046
1787904586483,7e10bbab-f605-815d-df81-10b3ba79674b,/p/0/9950bcea44785571,3,200,5318377,221.095,61722.328,86166
1787904647971,34551a5a-115c-9b17-89bc-e0783571b8b4,/p/0/e29dc01444b24f17,19,200,38297,155.107,435.051,88029
1787904648171,7cfcc10e-7cf4-e553-a2b5-7d69bb55a7f9,/p/0/db92ca954877df8a,2,200,41469,109.416,340.020,121961
1787904614558,e691194e-b4c1-a929-59bd-337dec07dcd6,/p/0/89d3991b410be66e,1,200,5304293,251.252,34160.458,155276
1787904641735,5a867274-6461-6cfd-5377-f43c304d3564,/p/0/30c6f4a9a9ed4e48,6,200,505353,188.619,7048.891,71693
1787904609233,7e10bbab-f605-815d-df81-10b3ba79674b,/p/0/efb5762649769c28,6,200,3574183,341.423,39618.741,90214
1787904644725,3b749c58-6ab7-9e3a-6b7d-15a638eaf40e,/p/0/178d8780e33fbd53,12,200,133022,2445.698,4130.380,32206
1787904645960,34551a5a-115c-9b17-89bc-e0783571b8b4,/p/0/f3efcc87a2de9cbe,18,200,246150,152.587,2923.480,84198
1787904629828,64133af4-6f42-146b-9035-94218e38dbc9,/p/0/cca7c6663561680a,5,200,6094697,328.891,19122.536,318718
1787904600027,7e10bbab-f605-815d-df81-10b3ba79674b,/p/0/e6a4d8af2b30aa87,4,200,4737101,447.486,49011.501,96653
1787904643847,1b2a4302-396a-16af-5c92-03547010d29c,/p/8/91b7bded9821313b,7,200,287146,294.852,5234.604,54855
1787904646043,34551a5a-115c-9b17-89bc-e0783571b8b4,/p/0/f3efcb87a2de9b0b,18,200,300756,154.186,3166.787,94972
1787904607856,7e10bbab-f605-815d-df81-10b3ba79674b,/p/1/efb5782649769f8e,6,200,4910630,373.130,41413.910,118574
1787904648171,7cfcc10e-7cf4-e553-a2b5-7d69bb55a7f9,/p/2/db92cb954877e13d,2,200,258972,109.454,1211.456,213769
1787904648171,7cfcc10e-7cf4-e553-a2b5-7d69bb55a7f9,/p/0/db92c9954877ddd7,2,200,297367,118.405,1222.347,243275
1787904649270,7e10bbab-f605-815d-df81-10b3ba79674b,/p/0/e85d11215e00c96a,7,200,210544,1.681,127.316,1653713
1787904649270,7e10bbab-f605-815d-df81-10b3ba79674b,/p/0/e85d10215e00c7b7,7,200,218160,13.677,160.226,1361575
1787904643847,1b2a4302-396a-16af-5c92-03547010d29c,/p/0/91b7bced98212f88,7,200,272705,343.671,5671.262,48085
1787904649382,7cfcc10e-7cf4-e553-a2b5-7d69bb55a7f9,/p/1/479cc2431fc59b89,3,200,19023,99.299,207.557,91652
1787904649590,7cfcc10e-7cf4-e553-a2b5-7d69bb55a7f9,/p/0/78ff80b18b73fb45,4,200,7000,100.851,145.412,48139
1787904646747,abfee969-8d18-cdc7-e5fe-f732f4016a26,/p/0/8c97fd1e38d9c3b5,1,200,203296,229.954,3035.816,66966
1787904649382,7cfcc10e-7cf4-e553-a2b5-7d69bb55a7f9,/p/0/479cc0431fc59823,3,200,83712,108.326,670.737,124806
1787904649270,7e10bbab-f605-815d-df81-10b3ba79674b,/p/0/e85d0f215e00c604,7,200,2808973,13.741,1157.121,2427553
1787904620980,d831c348-5458-dc01-9f31-fa5f61ba72df,/p/0/948052ad49167e3a,1,200,5800828,142.744,29880.984,194131
1787904649590,7cfcc10e-7cf4-e553-a2b5-7d69bb55a7f9,/p/0/78ff7fb18b73f992,4,200,233296,100.844,1308.970,178229
1787904628184,20bed0a1-3b3f-3aa7-097e-0ad416139e92,/p/0/546c2cdecac54b8f,5,200,4228938,566.160,22754.915,185847
1787904648124,2ee20978-8e84-b243-63bc-68d509852845,/p/0/33016dff5f1a8842,10,200,90219,1192.174,2945.396,30631
1787904630572,20bed0a1-3b3f-3aa7-097e-0ad416139e92,/p/0/4ef6e7abe846d311,6,200,4175498,191.900,20675.625,201953
1787904649081,1b2a4302-396a-16af-5c92-03547010d29c,/p/0/f6c7bd5a4dffcb52,8,200,114369,388.783,2325.728,49176
1787904649590,7cfcc10e-7cf4-e553-a2b5-7d69bb55a7f9,/p/0/78ff7eb18b73f7df,4,200,392644,100.834,2170.277,180919
1787904648406,34551a5a-115c-9b17-89bc-e0783571b8b4,/p/0/e29dbf1444b24d64,19,200,356949,137.479,3387.138,105384
1787904648124,2ee20978-8e84-b243-63bc-68d509852845,/p/7/33016eff5f1a89f5,10,200,98212,1192.238,4089.471,24016
1787904644725,3b749c58-6ab7-9e3a-6b7d-15a638eaf40e,/p/0/178d8980e33fc0b9,12,0,436063,2324.864,7561.596,57668
1787904643708,3b749c58-6ab7-9e3a-6b7d-15a638eaf40e,/p/0/82b5a16b8055d116,10,0,3106271,318.519,8578.951,362081
1787904644725,3b749c58-6ab7-9e3a-6b7d-15a638eaf40e,/p/0/178d8880e33fbf06,12,0,432919,2373.514,7561.628,57252
1787904614143,e09a31d1-a55b-5bee-97eb-fdbb3e7de301,/p/0/d8f321a05a46bb51,4,200,5422208,173.941,38163.501,142078
1787904611010,e09a31d1-a55b-5bee-97eb-fdbb3e7de301,/p/0/c638ea289f8e44dd,2,200,5893319,190.704,41329.907,142592
1787904618685,e09a31d1-a55b-5bee-97eb-fdbb3e7de301,/p/0/50727709d9cb3dfe,5,200,6135130,155.322,33670.888,182209
1787904648883,34551a5a-115c-9b17-89bc-e0783571b8b4,/p/0/e29dc21444b2527d,19,200,479859,156.807,4945.694,97026
1787904643847,1b2a4302-396a-16af-5c92-03547010d29c,/p/0/91b7bfed982134a1,7,200,510241,270.035,10395.460,49083
1787904639535,d831c348-5458-dc01-9f31-fa5f61ba72df,/p/0/9c8850ab1c6c8fa1,2,200,4431283,142.593,14710.116,301241
1787904606772,34551a5a-115c-9b17-89bc-e0783571b8b4,/p/0/d159446fdbbbd3d4,12,200,5357156,149.565,47875.294,111898
1787904648124,2ee20978-8e84-b243-63bc-68d509852845,/p/0/33016cff5f1a868f,10,200,287930,1065.080,6529.321,44098
1787904601563,53461352-1ef1-cff3-5064-81b8e3b79826,/p/0/907e5006fd17a05f,6,200,4287276,224.549,53095.239,80747
1787904652214,2ee20978-8e84-b243-63bc-68d509852845,/p/0/7cb650309cb97d3c,11,200,93369,547.944,3126.730,29862
1787904573798,92fc7929-54a8-b7cf-82d7-0ca1e3ebc787,/p/0/d27c41873fb2d03,1,200,6170795,248.812,82988.801,74357
1787904586311,92fc7929-54a8-b7cf-82d7-0ca1e3ebc787,/p/0/9fe40e62a298d00,4,200,5941566,359.734,71594.491,82989
1787904652214,2ee20978-8e84-b243-63bc-68d509852845,/p/6/7cb652309cb980a2,11,200,264228,425.688,6511.454,40579
1787904582049,92fc7929-54a8-b7cf-82d7-0ca1e3ebc787,/p/6/9fe42e62a299066,4,200,6165218,267.184,76714.619,80366
1787904627613,9caa87a6-63f9-182e-5f14-b59782e63fbe,/p/3/747613a390f03605,7,200,3031328,852.672,31575.689,96002
1787904658764,92fc7929-54a8-b7cf-82d7-0ca1e3ebc787,/p/5/7b65773e6612256e,5,200,62956,113.862,671.927,93695
1787904574164,50d5a221-da53-01cf-bc86-7ed6a9a23477,/p/0/e56b8f36eb68908e,2,0,3450099,217.774,86122.511,40060
1787904576008,50d5a221-da53-01cf-bc86-7ed6a9a23477,/p/6/e5c2aabc6045992e,3,0,3269831,1171.091,84278.823,38798
1787904615788,34551a5a-115c-9b17-89bc-e0783571b8b4,/p/0/1d98978e74dc86ef,16,200,6074393,156.412,46220.617,131422
1787904641656,2f842279-d3ac-7494-7aab-4c4029ba93c4,/p/21/f6c60142bd7a1cbe,3,200,278979,1239.034,20669.998,13497
1787904658764,92fc7929-54a8-b7cf-82d7-0ca1e3ebc787,/p/0/7b65753e66122208,5,200,260360,45.593,3869.335,67288
1787904659189,9caa87a6-63f9-182e-5f14-b59782e63fbe,/p/2/4361d11d07039e0e,8,200,224255,222.252,3652.858,61392
1787904600565,53461352-1ef1-cff3-5064-81b8e3b79826,/p/0/b9406c1007292dfc,5,200,5901736,37.184,62538.078,94370
1787904646747,abfee969-8d18-cdc7-e5fe-f732f4016a26,/p/0/8c97fa1e38d9be9c,1,200,5523916,77.182,16612.641,332513
1787904601563,53461352-1ef1-cff3-5064-81b8e3b79826,/p/0/907e5106fd17a212,6,200,6085775,224.520,61839.573,98412
1787904622327,1b2a4302-396a-16af-5c92-03547010d29c,/p/0/e0db719dc59ef96a,2,200,3067495,147.530,41488.441,73936
1787904659436,92fc7929-54a8-b7cf-82d7-0ca1e3ebc787,/p/0/e55902c68d81f03d,6,200,253979,224.164,4398.192,57746
1787904601563,53461352-1ef1-cff3-5064-81b8e3b79826,/p/2/907e4f06fd179eac,6,200,5605499,206.830,62447.458,89763
1787904659436,92fc7929-54a8-b7cf-82d7-0ca1e3ebc787,/p/0/e558ffc68d81eb24,6,200,323322,268.396,4668.494,69256
1787904659436,92fc7929-54a8-b7cf-82d7-0ca1e3ebc787,/p/4/e55901c68d81ee8a,6,200,303678,246.218,4893.264,62060
1787904664010,53461352-1ef1-cff3-5064-81b8e3b79826,/p/0/5b1c44c58658433a,7,200,38808,35.406,323.763,119866
1787904658764,92fc7929-54a8-b7cf-82d7-0ca1e3ebc787,/p/0/7b65783e66122721,5,200,496059,45.530,5859.674,84656
1787904658725,2ee20978-8e84-b243-63bc-68d509852845,/p/0/878701df8ffe01ca,12,200,170312,853.462,6115.284,27850
1787904664010,53461352-1ef1-cff3-5064-81b8e3b79826,/p/1/5b1c45c5865844ed,7,200,223927,35.347,1247.380,179518
1787904659189,9caa87a6-63f9-182e-5f14-b59782e63fbe,/p/0/4361d21d07039fc1,8,200,376279,222.191,6282.348,59895
1787904664329,92fc7929-54a8-b7cf-82d7-0ca1e3ebc787,/p/0/60bf8601cd7216f1,7,200,98473,228.223,1294.111,76093
1787904643881,34551a5a-115c-9b17-89bc-e0783571b8b4,/p/0/362cf431b8e6b2a1,17,200,5224079,153.998,22461.023,232584
1787904610839,9caa87a6-63f9-182e-5f14-b59782e63fbe,/p/0/a70e128090674b0a,3,200,6103798,237.728,56160.461,108685
1787904665258,53461352-1ef1-cff3-5064-81b8e3b79826,/p/0/6edecc7de19cd29f,8,200,207382,224.947,2167.343,95685
1787904641656,2f842279-d3ac-7494-7aab-4c4029ba93c4,/p/0/f6c5ff42bd7a1958,3,200,221680,1140.863,26013.369,8522
1787904662842,9caa87a6-63f9-182e-5f14-b59782e63fbe,/p/1/fdd2d518037923e3,9,200,290414,218.479,4906.847,59185
1787904665258,53461352-1ef1-cff3-5064-81b8e3b79826,/p/0/6edecd7de19cd452,8,200,268864,172.548,2617.454,102720
1787904664329,92fc7929-54a8-b7cf-82d7-0ca1e3ebc787,/p/3/60bf8501cd72153e,7,200,519129,250.016,3822.254,135818
1787904665471,9caa87a6-63f9-182e-5f14-b59782e63fbe,/p/0/fdd2d71803792749,9,200,239661,192.147,3485.682,68756
1787904665258,53461352-1ef1-cff3-5064-81b8e3b79826,/p/0/6edece7de19cd605,8,200,519101,206.105,3762.657,137961
1787904638011,5a867274-6461-6cfd-5377-f43c304d3564,/p/0/4bb4730289ba2f02,4,200,3784984,37.617,32232.942,117426
1787904658725,2ee20978-8e84-b243-63bc-68d509852845,/p/5/8786ffdf8ffdfe64,12,200,362570,767.008,11600.753,31254
1787904664010,53461352-1ef1-cff3-5064-81b8e3b79826,/p/0/5b1c43c586584187,7,200,2123154,52.867,7752.798,273856
1787904668151,92fc7929-54a8-b7cf-82d7-0ca1e3ebc787,/p/2/82c66fd80187773,8,200,313679,247.345,4193.522,74801
1787904668957,9caa87a6-63f9-182e-5f14-b59782e63fbe,/p/0/6d32595295d0431d,10,200,265616,196.876,4599.680,57747
1787904670326,2ee20978-8e84-b243-63bc-68d509852845,/p/4/c8a1801bfa9a69e5,13,200,65627,518.355,3238.601,20264
1787904667749,9caa87a6-63f9-182e-5f14-b59782e63fbe,/p/0/6d32565295d03e04,10,200,414564,233.425,6869.262,60351
1787904627277,7111757e-9931-d305-b6ca-1f889120056e,/p/1/f66944bdac70f20e,1,200,4623135,1609.677,49792.926,92847
1787904677070,7111757e-9931-d305-b6ca-1f889120056e,/p/0/653b972daf25a6b,2,200,229092,39.341,722.537,317066
1787904677070,7111757e-9931-d305-b6ca-1f889120056e,/p/0/653b872daf258b8,2,200,330995,8.545,787.482,420321
1787904677070,7111757e-9931-d305-b6ca-1f889120056e,/p/0/653ba72daf25c1e,2,200,443887,4.830,947.179,468641
1787904641377,5a867274-6461-6cfd-5377-f43c304d3564,/p/0/6944c1edb9314cf6,5,200,4845210,188.367,36711.112,131982
1787904670326,2ee20978-8e84-b243-63bc-68d509852845,/p/0/c8a17f1bfa9a6832,13,200,225718,518.325,8132.700,27754
1787904672345,92fc7929-54a8-b7cf-82d7-0ca1e3ebc787,/p/0/3ec42c739a5df7db,9,200,366060,290.306,6473.292,56549
1787904668151,92fc7929-54a8-b7cf-82d7-0ca1e3ebc787,/p/0/82c68fd80187ad9,8,0,706739,225.268,11135.518,63467
1787904672345,92fc7929-54a8-b7cf-82d7-0ca1e3ebc787,/p/1/3ec42b739a5df628,9,0,349505,245.720,6941.920,50347
1787904672345,92fc7929-54a8-b7cf-82d7-0ca1e3ebc787,/p/0/3ec42d739a5df98e,9,0,387722,245.715,6941.941,55852
1787904664329,92fc7929-54a8-b7cf-82d7-0ca1e3ebc787,/p/0/60bf8301cd7211d8,7,0,1313611,228.220,14957.839,87821
1787904668151,92fc7929-54a8-b7cf-82d7-0ca1e3ebc787,/p/0/82c65fd801875c0,8,0,650915,225.204,11135.473,58454
1787904670326,2ee20978-8e84-b243-63bc-68d509852845,/p/0/c8a17e1bfa9a667f,13,200,303951,559.168,10702.449,28400
1787904641735,5a867274-6461-6cfd-5377-f43c304d3564,/p/0/30c6f5a9a9ed4ffb,6,200,5957841,207.830,39915.662,149261
1787904635538,1b2a4302-396a-16af-5c92-03547010d29c,/p/0/d2a4d0fb0f83d8f3,6,200,3423739,268.859,46770.292,73203
1787904649518,1b2a4302-396a-16af-5c92-03547010d29c,/p/0/f6c7bc5a4dffc99f,8,200,3117234,244.142,35773.682,87138
1787904625069,9caa87a6-63f9-182e-5f14-b59782e63fbe,/p/0/27b040a979fa5409,6,200,6210392,1476.076,61346.873,101234
1787904649081,1b2a4302-396a-16af-5c92-03547010d29c,/p/7/f6c7be5a4dffcd05,8,200,3804443,243.424,37848.338,100518
1787904667749,9caa87a6-63f9-182e-5f14-b59782e63fbe,/p/0/6d32575295d03fb7,10,200,2541731,233.411,19351.053,131348
1787904659189,9caa87a6-63f9-182e-5f14-b59782e63fbe,/p/0/4361cf1d07039aa8,8,200,3876113,241.597,28270.418,137108
1787904662842,9caa87a6-63f9-182e-5f14-b59782e63fbe,/p/0/fdd2d41803792230,9,200,4682422,218.529,25343.536,184758
1787904686930,1b2a4302-396a-16af-5c92-03547010d29c,/p/6/b0fdd6d634f17298,9,200,238168,55.159,2523.519,94379
1787904689453,1b2a4302-396a-16af-5c92-03547010d29c,/p/0/6b732d9a433c0cdd,10,200,294106,269.485,5616.988,52360
1787904689453,1b2a4302-396a-16af-5c92-03547010d29c,/p/0/6b732a9a433c07c4,10,200,362012,269.487,5936.263,60983
1787904689453,1b2a4302-396a-16af-5c92-03547010d29c,/p/5/6b732c9a433c0b2a,10,200,393345,245.190,6183.028,63617
1787904695636,1b2a4302-396a-16af-5c92-03547010d29c,/p/0/f4f801b7a2e2c4c6,11,200,6153,292.703,389.768,15786
1787904646947,7cfcc10e-7cf4-e553-a2b5-7d69bb55a7f9,/p/0/3eb29778234f5418,1,200,4192243,11.262,50837.634,82463
1787904681028,2ee20978-8e84-b243-63bc-68d509852845,/p/0/29ff19e94d91dd36,14,200,448476,419.356,16971.002,26426
1787904695636,1b2a4302-396a-16af-5c92-03547010d29c,/p/0/f4f800b7a2e2c313,11,200,393288,268.157,5265.581,74690
1787904641656,2f842279-d3ac-7494-7aab-4c4029ba93c4,/p/0/f6c60242bd7a1e71,3,200,480917,1031.443,62729.393,7667
1787904704386,2f842279-d3ac-7494-7aab-4c4029ba93c4,/p/0/b10e379ba75a7796,4,0,0,1901.394,0.000,0
1787904611182,2f842279-d3ac-7494-7aab-4c4029ba93c4,/p/0/e77fcb0c4613161a,1,0,1091851,397.842,95104.776,11481
1787904667669,2f842279-d3ac-7494-7aab-4c4029ba93c4,/p/0/b10e369ba75a75e3,4,0,175114,1544.788,38617.466,4535
1787904629428,2f842279-d3ac-7494-7aab-4c4029ba93c4,/p/0/1dd4987c83bc8a94,2,0,547223,1120.302,76859.114,7120
1787904662326,2f842279-d3ac-7494-7aab-4c4029ba93c4,/p/20/b10e359ba75a7430,4,0,217387,1379.851,43960.877,4945
1787904629428,2f842279-d3ac-7494-7aab-4c4029ba93c4,/p/0/1dd49b7c83bc8fad,2,0,550367,1630.974,76858.928,7161
1787904647802,2ee20978-8e84-b243-63bc-68d509852845,/p/0/8db6e89a34524860,9,200,5229979,3.992,62756.322,83338
1787904649382,7cfcc10e-7cf4-e553-a2b5-7d69bb55a7f9,/p/0/479cc1431fc599d6,3,200,5691022,108.289,64439.399,88316
1787904652214,2ee20978-8e84-b243-63bc-68d509852845,/p/0/7cb653309cb98255,11,200,4190579,466.597,73305.672,57166
1787904686930,1b2a4302-396a-16af-5c92-03547010d29c,/p/0/b0fdd8d634f175fe,9,200,3797664,73.545,38657.847,98238
1787904695636,1b2a4302-396a-16af-5c92-03547010d29c,/p/4/f4f7ffb7a2e2c160,11,0,3169650,243.897,31650.643,100145
1787904686930,1b2a4302-396a-16af-5c92-03547010d29c,/p/0/b0fdd7d634f1744b,9,0,4097695,173.674,40357.239,101536
1787904678459,2ee20978-8e84-b243-63bc-68d509852845,/p/0/29ff18e94d91db83,14,0,3438011,427.733,56829.334,60497
1787904673564,2ee20978-8e84-b243-63bc-68d509852845,/p/3/29ff17e94d91d9d0,14,0,3902634,478.999,61723.489,63228
1787904658725,2ee20978-8e84-b243-63bc-68d509852845,/p/0/878700df8ffe0017,12,0,4540595,940.732,76562.887,59305
