t_start_ms,client,path,depth,status,bytes,ttfb_ms,total_ms,bytes_per_s
1787810358483,34b69e21-870e-7b51-cd5c-c6d7ebc990e9,/?crawl=1,0,200,428359,15.229,465.369,920472
1787810358483,3e340235-a476-afef-4a40-4f38df10a537,/?crawl=0,0,200,339781,38.147,846.722,401290
1787810358949,34b69e21-870e-7b51-cd5c-c6d7ebc990e9,/p/0/7f494e02caaea287,1,200,138427,48.581,522.679,264841
1787810358949,34b69e21-870e-7b51-cd5c-c6d7ebc990e9,/p/2/7f495002caaea5ed,1,200,144912,48.559,538.991,268858
1787810358949,34b69e21-870e-7b51-cd5c-c6d7ebc990e9,/p/0/7f494f02caaea43a,1,200,293707,16.604,696.946,421420
1787810359483,161b30d4-dbe2-5052-5dcb-0f971f676399,/?crawl=3,0,200,174981,19.081,196.548,890269
1787810359679,161b30d4-dbe2-5052-5dcb-0f971f676399,/p/0/5874a747a178bd2d,1,200,197932,17.329,558.085,354663
1787810359483,e6643b89-1dd1-2310-bf50-2a904aaa6e86,/?crawl=2,0,200,216354,53.436,804.152,269046
1787810359679,161b30d4-dbe2-5052-5dcb-0f971f676399,/p/0/5874a447a178b814,1,200,365297,80.091,984.159,371177
1787810359679,161b30d4-dbe2-5052-5dcb-0f971f676399,/p/3/5874a547a178b9c7,1,200,509165,80.105,1131.347,450052
1787810360287,e6643b89-1dd1-2310-bf50-2a904aaa6e86,/p/0/c50a51ea0cddc71a,1,200,121158,52.531,1136.152,106639
1787810359330,3e340235-a476-afef-4a40-4f38df10a537,/p/0/ebdefba53613b18d,1,200,257456,35.738,2101.393,122517
1787810359330,3e340235-a476-afef-4a40-4f38df10a537,/p/1/ebdefaa53613afda,1,200,381670,35.709,2383.870,160105
1787810361714,3e340235-a476-afef-4a40-4f38df10a537,/p/0/928700abba78355f,2,200,7853,177.357,211.851,37068
1787810360287,e6643b89-1dd1-2310-bf50-2a904aaa6e86,/p/0/c50a50ea0cddc567,1,200,366648,129.689,1921.684,190795
1787810360811,161b30d4-dbe2-5052-5dcb-0f971f676399,/p/2/f31fea218144672f,2,200,485076,74.126,1474.935,328879
1787810362286,161b30d4-dbe2-5052-5dcb-0f971f676399,/p/0/bc0c70547536d455,3,200,31386,96.890,258.575,121381
1787810360287,e6643b89-1dd1-2310-bf50-2a904aaa6e86,/p/1/c50a4fea0cddc3b4,1,200,423749,129.705,2267.704,186863
1787810361714,3e340235-a476-afef-4a40-4f38df10a537,/p/0/928701abba783712,2,200,78181,177.465,866.237,90254
1787810362286,161b30d4-dbe2-5052-5dcb-0f971f676399,/p/0/bc0c6d547536cf3c,3,200,87158,80.638,529.550,164589
1787810362483,a3113622-153a-4853-9f4b-e682800ffcd5,/?crawl=4,0,200,201501,36.338,480.161,419653
1787810361714,3e340235-a476-afef-4a40-4f38df10a537,/p/0/9286ffabba7833ac,2,200,267056,177.262,1615.363,165323
1787810363483,ed42c88f-4aa9-7d0f-7e68-53c544c4dfb3,/?crawl=7,0,200,56756,13.918,50.887,1115343
1787810363534,ed42c88f-4aa9-7d0f-7e68-53c544c4dfb3,/p/0/acb51d14f0ce4e1,1,200,10437,10.835,16.758,622793
1787810363483,553b9ccc-860b-52b9-85ef-0d28103041fa,/?crawl=6,0,200,45942,72.764,236.624,194156
1787810363483,452971bf-e875-1435-2f47-7f6c6fe20dea,/?crawl=8,0,200,175181,22.070,237.590,737324
1787810362964,a3113622-153a-4853-9f4b-e682800ffcd5,/p/0/9e35a62ee3a7d941,1,200,121254,34.735,814.942,148789
1787810363534,ed42c88f-4aa9-7d0f-7e68-53c544c4dfb3,/p/0/acb4fd14f0ce17b,1,200,311799,53.682,524.757,594177
1787810363534,ed42c88f-4aa9-7d0f-7e68-53c544c4dfb3,/p/0/acb4ed14f0cdfc8,1,200,457032,16.686,608.700,750833
1787810363721,452971bf-e875-1435-2f47-7f6c6fe20dea,/p/0/508c50b8913c00f5,1,200,239464,96.635,1082.081,221300
1787810363720,553b9ccc-860b-52b9-85ef-0d28103041fa,/p/0/7760fb73ba71ed1b,1,200,88843,235.306,1224.561,72551
1787810363721,452971bf-e875-1435-2f47-7f6c6fe20dea,/p/8/508c4fb8913bff42,1,200,342045,96.687,1246.660,274369
1787810362964,a3113622-153a-4853-9f4b-e682800ffcd5,/p/0/9e35a52ee3a7d78e,1,200,358342,121.202,2008.253,178435
1787810362963,a3113622-153a-4853-9f4b-e682800ffcd5,/p/0/9e35a32ee3a7d428,1,200,404616,87.292,2074.125,195078
1787810363483,9fdb75b2-e53e-03fe-6b2c-ae349e1d4f9c,/?crawl=5,0,200,430217,60.510,1711.453,251375
1787810364967,452971bf-e875-1435-2f47-7f6c6fe20dea,/p/0/1e712e84d5666890,2,200,75744,100.036,382.839,197848
1787810363720,553b9ccc-860b-52b9-85ef-0d28103041fa,/p/0/7760fc73ba71eece,1,200,203215,65.381,2173.868,93481
1787810364967,452971bf-e875-1435-2f47-7f6c6fe20dea,/p/0/1e713184d5666da9,2,200,264543,119.961,1449.424,182516
1787810364967,452971bf-e875-1435-2f47-7f6c6fe20dea,/p/7/1e713084d5666bf6,2,200,422624,119.849,1677.498,251937
1787810366483,28cc50e5-3465-4b99-2b80-02383cb906cd,/?crawl=12,0,200,44359,56.543,190.730,232575
1787810364483,b93bd898-c1c5-1dfb-d880-2d01ea6e3184,/?crawl=9,0,200,374828,90.798,2220.267,168821
1787810362555,e6643b89-1dd1-2310-bf50-2a904aaa6e86,/p/0/e8863b11efa7e04c,2,200,200603,355.130,4509.644,44483
1787810359488,34b69e21-870e-7b51-cd5c-c6d7ebc990e9,/p/0/6c7444d39f053166,2,200,2406683,98.438,7582.298,317408
1787810362555,e6643b89-1dd1-2310-bf50-2a904aaa6e86,/p/0/e8863d11efa7e3b2,2,200,209838,119.306,4588.661,45730
1787810363720,553b9ccc-860b-52b9-85ef-0d28103041fa,/p/3/7760fa73ba71eb68,1,200,477895,235.332,3510.679,136126
1787810366674,28cc50e5-3465-4b99-2b80-02383cb906cd,/p/0/c2fd8c056d07fe07,1,200,45497,51.914,589.115,77229
1787810367230,553b9ccc-860b-52b9-85ef-0d28103041fa,/p/2/77757d36acfce723,2,200,17499,67.682,232.804,75166
1787810367230,553b9ccc-860b-52b9-85ef-0d28103041fa,/p/0/77757f36acfcea89,2,200,29531,67.674,435.990,67733
1787810367483,0749ca82-1e65-8f0a-ba8a-b79b9d25deac,/?crawl=13,0,200,189286,27.500,352.465,537035
1787810366645,452971bf-e875-1435-2f47-7f6c6fe20dea,/p/0/3792e4aa8682a89c,3,200,245122,98.777,1345.566,182170
1787810362555,e6643b89-1dd1-2310-bf50-2a904aaa6e86,/p/0/e8863c11efa7e1ff,2,200,511793,591.877,5803.154,88192
1787810366645,452971bf-e875-1435-2f47-7f6c6fe20dea,/p/0/3792e7aa8682adb5,3,200,419759,98.720,1919.075,218730
1787810368484,e74dc3e9-9b81-1c67-b868-f59eb1ef8038,/?crawl=14,0,200,102706,84.410,568.332,180715
1787810359330,3e340235-a476-afef-4a40-4f38df10a537,/p/0/ebdef8a53613ac74,1,200,4623134,54.315,10394.883,444751
1787810366674,28cc50e5-3465-4b99-2b80-02383cb906cd,/p/0/c2fd8d056d07ffba,1,200,373483,215.467,3248.904,114957
1787810367463,553b9ccc-860b-52b9-85ef-0d28103041fa,/p/1/c88446e088c7df71,3,200,161383,373.094,2460.466,65590
1787810360811,161b30d4-dbe2-5052-5dcb-0f971f676399,/p/0/f31fec2181446a95,2,200,2997076,17.729,9410.419,318485
1787810369053,e74dc3e9-9b81-1c67-b868-f59eb1ef8038,/p/0/4e7f8cd3f1663b48,1,200,72451,73.112,1320.187,54879
1787810367836,0749ca82-1e65-8f0a-ba8a-b79b9d25deac,/p/15/2f9338a7d86d0b5a,1,200,501123,157.304,2730.237,183546
1787810369483,63c575a9-d481-947a-51d7-c87f17963167,/?crawl=16,0,200,416840,44.773,1184.196,352003
1787810367835,0749ca82-1e65-8f0a-ba8a-b79b9d25deac,/p/0/2f9336a7d86d07f4,1,200,510897,143.735,2843.775,179655
1787810360811,161b30d4-dbe2-5052-5dcb-0f971f676399,/p/0/f31fe9218144657c,2,200,3435019,42.872,10526.098,326334
1787810369483,1ff3bcd1-0da7-cd02-1374-522545639cba,/?crawl=15,0,200,253138,148.031,2256.821,112166
1787810371483,3281b132-3631-e78d-6f4e-faac523fc3a0,/?crawl=18,0,200,93626,37.919,261.642,357840
1787810371745,3281b132-3631-e78d-6f4e-faac523fc3a0,/p/3/d6385d9efa64af,1,200,94642,38.299,642.564,147288
1787810370566,0749ca82-1e65-8f0a-ba8a-b79b9d25deac,/p/14/a0c121534132ac98,2,200,75937,125.316,2375.550,31966
1787810372483,ba000cd4-e548-1dc6-ed04-22483848222c,/?crawl=22,0,200,381516,24.928,628.203,607313
1787810369924,553b9ccc-860b-52b9-85ef-0d28103041fa,/p/0/b310c0b95819ac25,4,200,132319,335.358,3236.605,40882
1787810373111,ba000cd4-e548-1dc6-ed04-22483848222c,/p/0/312e25e328fb500c,1,200,48041,24.201,130.524,368062
1787810366703,b93bd898-c1c5-1dfb-d880-2d01ea6e3184,/p/0/e3f6a41625d6f3a2,1,200,345850,251.528,6556.872,52746
1787810370566,0749ca82-1e65-8f0a-ba8a-b79b9d25deac,/p/0/a0c123534132affe,2,200,379794,125.319,2869.341,132363
1787810367463,553b9ccc-860b-52b9-85ef-0d28103041fa,/p/0/c88445e088c7ddbe,3,200,206233,338.567,6111.751,33744
1787810373111,ba000cd4-e548-1dc6-ed04-22483848222c,/p/0/312e28e328fb5525,1,200,115159,71.878,476.692,241579
1787810371740,1ff3bcd1-0da7-cd02-1374-522545639cba,/p/0/bb153a765ccb4a4e,1,200,130243,73.260,1925.431,67644
1787810372942,0749ca82-1e65-8f0a-ba8a-b79b9d25deac,/p/13/fff7c9fdfee5ac87,3,200,80718,161.642,860.994,93750
1787810373111,ba000cd4-e548-1dc6-ed04-22483848222c,/p/0/312e27e328fb5372,1,200,430256,71.858,1001.008,429823
1787810369053,e74dc3e9-9b81-1c67-b868-f59eb1ef8038,/p/13/4e7f8dd3f1663cfb,1,200,492286,73.084,5077.658,96951
1787810359488,34b69e21-870e-7b51-cd5c-c6d7ebc990e9,/p/1/6c7445d39f053319,2,200,5347595,82.055,14670.506,364513
1787810359488,34b69e21-870e-7b51-cd5c-c6d7ebc990e9,/p/0/6c7443d39f052fb3,2,200,5872440,82.122,14673.960,400195
1787810362286,161b30d4-dbe2-5052-5dcb-0f971f676399,/p/1/bc0c6f547536d2a2,3,200,5627805,96.849,11969.087,470195
1787810365483,8992b43b-4174-a0c1-16dc-9bd47c511dd8,/?crawl=10,0,200,3638840,70.219,9108.942,399480
1787810372942,0749ca82-1e65-8f0a-ba8a-b79b9d25deac,/p/0/fff7cbfdfee5afed,3,200,209611,136.270,1722.904,121661
1787810374158,34b69e21-870e-7b51-cd5c-c6d7ebc990e9,/p/0/a623967e298e8ed0,3,200,163673,91.531,598.984,273251
1787810374483,5d605fca-a4ff-8fee-584e-47beb8f0c9b4,/?crawl=25,0,200,53759,75.188,302.605,177654
1787810373483,fd5674f4-7e92-846e-8aca-195ffeced01e,/?crawl=23,0,200,479752,26.692,1309.149,366461
1787810374255,161b30d4-dbe2-5052-5dcb-0f971f676399,/p/0/b74763373d29667b,4,200,151809,16.736,565.512,268445
1787810374592,8992b43b-4174-a0c1-16dc-9bd47c511dd8,/p/0/9c28e54a43d218ad,1,200,197803,2.198,331.313,597028
1787810374592,8992b43b-4174-a0c1-16dc-9bd47c511dd8,/p/0/9c28e24a43d21394,1,200,484523,2.495,374.955,1292216
1787810374255,161b30d4-dbe2-5052-5dcb-0f971f676399,/p/0/b74765373d2969e1,4,200,335449,16.677,797.026,420876
1787810374255,161b30d4-dbe2-5052-5dcb-0f971f676399,/p/0/b74764373d29682e,4,200,395693,73.712,927.009,426849
1787810374158,34b69e21-870e-7b51-cd5c-c6d7ebc990e9,/p/0/a623987e298e9236,3,200,490579,42.798,1185.317,413880
1787810365483,63feb0eb-2564-8058-5024-1e4cb93e9190,/?crawl=11,0,200,4393792,82.799,10028.382,438136
1787810371744,3281b132-3631-e78d-6f4e-faac523fc3a0,/p/0/d63a5d9efa6815,1,200,342741,113.073,3940.994,86968
1787810374592,8992b43b-4174-a0c1-16dc-9bd47c511dd8,/p/1/9c28e34a43d21547,1,200,3101523,2.684,1379.987,2247501
1787810375972,8992b43b-4174-a0c1-16dc-9bd47c511dd8,/p/0/5b6ca4d17cfeda20,2,200,257263,3.843,291.693,881965
1787810375483,fe9f5242-1dee-d8c5-2769-78aba5955fb8,/?crawl=28,0,200,286360,43.652,897.969,318897
1787810372483,ed827d04-f232-b34f-a621-d4ff29686646,/?crawl=21,0,200,163763,285.235,3899.123,42000
1787810375972,8992b43b-4174-a0c1-16dc-9bd47c511dd8,/p/0/5b6ca5d17cfedbd3,2,200,395136,7.206,448.994,880048
1787810371483,6ecd8cf8-f9e4-22fd-ee79-91329d872865,/?crawl=19,0,200,3882478,21.685,5171.187,750790
1787810374792,fd5674f4-7e92-846e-8aca-195ffeced01e,/p/0/c4987c40bd9647d2,1,200,313190,144.588,1900.989,164751
1787810374792,fd5674f4-7e92-846e-8aca-195ffeced01e,/p/0/c4987b40bd96461f,1,200,330016,159.460,1901.041,173597
1787810374792,fd5674f4-7e92-846e-8aca-195ffeced01e,/p/3/c4987d40bd964985,1,200,313812,28.054,1930.452,162559
1787810372387,3281b132-3631-e78d-6f4e-faac523fc3a0,/p/2/a4f0d44f7ac2882e,2,200,373296,242.781,4555.096,81951
1787810376483,d8034ba6-4789-5f97-4360-1ea481a9ca9b,/?crawl=29,0,200,350234,29.675,729.425,480151
1787810367230,553b9ccc-860b-52b9-85ef-0d28103041fa,/p/0/77757c36acfce570,2,200,472450,67.657,10284.629,45937
1787810375972,8992b43b-4174-a0c1-16dc-9bd47c511dd8,/p/0/5b6ca7d17cfedf39,2,200,2977947,35.029,1553.701,1916680
1787810372387,3281b132-3631-e78d-6f4e-faac523fc3a0,/p/0/a4f0d24f7ac284c8,2,200,433631,242.919,5273.471,82229
1787810377213,d8034ba6-4789-5f97-4360-1ea481a9ca9b,/p/0/39167c7239380c44,1,200,82454,73.077,697.791,118164
1787810376723,fd5674f4-7e92-846e-8aca-195ffeced01e,/p/0/a02e33edd5666543,2,200,208380,42.779,1355.394,153741
1787810376942,3281b132-3631-e78d-6f4e-faac523fc3a0,/p/0/e280f72fd1470076,3,200,53102,201.961,1239.099,42855
1787810377483,29a6f688-2430-d1d8-66fa-7a8c858c2805,/?crawl=31,0,200,502144,28.477,893.496,561999
1787810378376,29a6f688-2430-d1d8-66fa-7a8c858c2805,/p/0/fcdef48081d955e2,1,200,24271,25.720,64.561,375942
1787810375511,63feb0eb-2564-8058-5024-1e4cb93e9190,/p/6/8be8decaf371f34,1,200,131833,536.242,2975.046,44313
1787810378376,29a6f688-2430-d1d8-66fa-7a8c858c2805,/p/0/fcdef58081d95795,1,200,34226,64.541,140.295,243958
1787810363721,452971bf-e875-1435-2f47-7f6c6fe20dea,/p/0/508c4db8913bfbdc,1,200,5290288,17.954,14891.794,355249
1787810374158,34b69e21-870e-7b51-cd5c-c6d7ebc990e9,/p/0/a623977e298e9083,3,200,3541739,91.549,4469.618,792403
1787810376381,fe9f5242-1dee-d8c5-2769-78aba5955fb8,/p/0/a5ac2a14a49d1b4a,1,200,257923,43.001,2265.890,113829
1787810378376,29a6f688-2430-d1d8-66fa-7a8c858c2805,/p/0/fcdef28081d9527c,1,200,178198,64.565,434.861,409781
1787810369924,553b9ccc-860b-52b9-85ef-0d28103041fa,/p/0/b310bdb95819a70c,4,200,418646,365.232,8911.936,46976
1787810376722,fd5674f4-7e92-846e-8aca-195ffeced01e,/p/0/a02e34edd56666f6,2,200,453965,28.895,2194.939,206824
1787810374131,e74dc3e9-9b81-1c67-b868-f59eb1ef8038,/p/12/2059daba701f765b,2,200,151430,366.999,4862.037,31145
1787810374131,e74dc3e9-9b81-1c67-b868-f59eb1ef8038,/p/0/2059d9ba701f74a8,2,200,246754,442.451,5015.290,49200
1787810373803,0749ca82-1e65-8f0a-ba8a-b79b9d25deac,/p/0/15e11fa3b744dba3,4,200,497153,141.614,5560.255,89412
1787810373483,c5aa0efa-81cb-c472-cc06-ea5a979bd993,/?crawl=24,0,200,2356356,39.803,6073.421,387978
1787810376381,fe9f5242-1dee-d8c5-2769-78aba5955fb8,/p/12/a5ac2814a49d17e4,1,200,410851,218.531,3464.160,118600
1787810379556,c5aa0efa-81cb-c472-cc06-ea5a979bd993,/p/0/bcb028b1ad5990b3,1,200,28432,131.758,320.086,88826
1787810378993,e74dc3e9-9b81-1c67-b868-f59eb1ef8038,/p/0/e30b01233a62e9f9,3,200,28191,379.319,1138.846,24754
1787810379556,c5aa0efa-81cb-c472-cc06-ea5a979bd993,/p/0/bcb029b1ad599266,1,200,173214,37.647,805.768,214968
1787810378993,e74dc3e9-9b81-1c67-b868-f59eb1ef8038,/p/11/e30b00233a62e846,3,200,72945,415.363,1399.659,52116
1787810380483,331385a9-7318-219a-59f0-3ebce55bbba8,/?crawl=36,0,200,12255,37.714,54.358,225448
1787810378993,e74dc3e9-9b81-1c67-b868-f59eb1ef8038,/p/0/e30afe233a62e4e0,3,200,72564,415.374,1673.251,43367
1787810379556,c5aa0efa-81cb-c472-cc06-ea5a979bd993,/p/5/bcb027b1ad598f00,1,200,284201,37.629,1273.091,223237
1787810366645,452971bf-e875-1435-2f47-7f6c6fe20dea,/p/6/3792e6aa8682ac02,3,200,6210318,108.567,14713.551,422082
1787810366703,b93bd898-c1c5-1dfb-d880-2d01ea6e3184,/p/0/e3f6a31625d6f1ef,1,200,4811686,83.111,14931.804,322244
1787810375483,09982139-5e76-f214-cc24-4e66c50bbb4e,/?crawl=26,0,200,258138,292.458,6225.753,41463
1787810381359,452971bf-e875-1435-2f47-7f6c6fe20dea,/p/0/acb955fee764e855,4,200,127334,102.783,460.874,276288
1787810366703,b93bd898-c1c5-1dfb-d880-2d01ea6e3184,/p/4/e3f6a51625d6f555,1,200,5949736,295.273,15152.663,392653
1787810381359,452971bf-e875-1435-2f47-7f6c6fe20dea,/p/0/acb952fee764e33c,4,200,144849,63.188,542.799,266856
1787810381856,b93bd898-c1c5-1dfb-d880-2d01ea6e3184,/p/3/8cd090aa5dba8d96,2,200,121674,1.704,70.479,1726397
1787810376942,3281b132-3631-e78d-6f4e-faac523fc3a0,/p/1/e280f52fd146fd10,3,200,451877,202.021,5076.331,89016
1787810381856,b93bd898-c1c5-1dfb-d880-2d01ea6e3184,/p/0/8cd091aa5dba8f49,2,200,234865,8.514,192.295,1221375
1787810380829,c5aa0efa-81cb-c472-cc06-ea5a979bd993,/p/0/b26c67d8fdf15643,2,200,179185,92.527,1253.867,142906
1787810381856,b93bd898-c1c5-1dfb-d880-2d01ea6e3184,/p/0/8cd08eaa5dba8a30,2,200,199277,20.018,229.852,866981
1787810381926,b93bd898-c1c5-1dfb-d880-2d01ea6e3184,/p/2/38ae8088b93b4961,3,200,337800,18.137,253.792,1331012
1787810381926,b93bd898-c1c5-1dfb-d880-2d01ea6e3184,/p/0/38ae7f88b93b47ae,3,200,328049,18.981,310.408,1056830
1787810381926,b93bd898-c1c5-1dfb-d880-2d01ea6e3184,/p/0/38ae7e88b93b45fb,3,200,419481,23.987,346.054,1212182
1787810380829,c5aa0efa-81cb-c472-cc06-ea5a979bd993,/p/4/b26c66d8fdf15490,2,200,178721,37.783,1459.470,122456
1787810382180,b93bd898-c1c5-1dfb-d880-2d01ea6e3184,/p/0/8f813f011f1064d8,4,200,204932,21.486,177.071,1157344
1787810382180,b93bd898-c1c5-1dfb-d880-2d01ea6e3184,/p/0/8f8142011f1069f1,4,200,216627,19.382,191.431,1131622
1787810381359,452971bf-e875-1435-2f47-7f6c6fe20dea,/p/5/acb953fee764e4ef,4,200,516785,20.303,1051.888,491293
1787810380392,e74dc3e9-9b81-1c67-b868-f59eb1ef8038,/p/10/66e9600c0de4b787,4,200,84736,419.509,2302.635,36800
1787810382410,452971bf-e875-1435-2f47-7f6c6fe20dea,/p/0/e9f47ca9d222ec90,5,200,110076,20.993,375.605,293063
1787810381483,8932535e-9b64-cb37-fd14-1d68673e7fd8,/?crawl=37,0,200,487981,44.252,1469.522,332068
1787810375511,63feb0eb-2564-8058-5024-1e4cb93e9190,/p/0/8be8fecaf37229a,1,200,329130,177.940,7468.435,44069
1787810382410,452971bf-e875-1435-2f47-7f6c6fe20dea,/p/4/e9f47ea9d222eff6,5,200,166390,42.089,604.474,275264
1787810379483,321a4300-0258-0b4e-ecc7-17716e887cda,/?crawl=33,0,200,5223422,15.342,3627.007,1440147
1787810380537,331385a9-7318-219a-59f0-3ebce55bbba8,/p/4/1bcb49ac9ad28783,1,200,405157,37.490,2645.671,153140
1787810382180,b93bd898-c1c5-1dfb-d880-2d01ea6e3184,/p/1/8f8141011f10683e,4,200,3910841,23.443,1006.362,3886116
1787810383187,b93bd898-c1c5-1dfb-d880-2d01ea6e3184,/p/0/a418ebfe0c7404bd,5,200,444513,2.252,254.581,1746058
1787810383187,b93bd898-c1c5-1dfb-d880-2d01ea6e3184,/p/0/a418e8fe0c73ffa4,5,200,376791,20.183,273.356,1378391
1787810383187,b93bd898-c1c5-1dfb-d880-2d01ea6e3184,/p/0/a418e9fe0c740157,5,200,453073,15.264,284.459,1592751
1787810383483,9faa9546-7464-257f-611f-fdcf1ef233cd,/?crawl=41,0,200,14089,39.645,57.976,243014
1787810382953,8932535e-9b64-cb37-fd14-1d68673e7fd8,/p/0/8860f64f063794d6,1,200,84442,42.311,710.564,118838
1787810383483,d23f0858-b1f7-bef1-1fdf-a9606a32322a,/?crawl=42,0,200,302146,23.413,450.383,670865
1787810378486,63feb0eb-2564-8058-5024-1e4cb93e9190,/p/5/43bc1612a805cedf,2,200,212024,445.512,5464.141,38803
1787810382483,29e71566-23fb-c266-6f70-fdb259fb1808,/?crawl=38,0,200,433136,63.589,1884.277,229869
1787810376483,a1600f92-0f69-ec40-9031-91960e1644b6,/?crawl=30,0,200,4441882,25.640,7898.329,562382
1787810383933,d23f0858-b1f7-bef1-1fdf-a9606a32322a,/p/0/fa1a957d8a0b811a,1,200,131026,22.604,655.218,199973
1787810383541,9faa9546-7464-257f-611f-fdcf1ef233cd,/p/0/b459919647dc5c87,1,200,155945,38.825,1068.152,145995
1787810384381,a1600f92-0f69-ec40-9031-91960e1644b6,/p/0/904949de16744bf5,1,200,99892,24.225,481.774,207342
1787810383483,7d9bd299-f439-b81d-f69e-7c44eab037c8,/?crawl=40,0,200,379301,55.287,1396.920,271527
1787810382019,3281b132-3631-e78d-6f4e-faac523fc3a0,/p/0/924b6b83966a9e92,4,200,152539,218.309,2881.483,52938
1787810383483,f8d57306-52e3-084e-5070-0ace3c1af0f2,/?crawl=43,0,200,402987,51.990,1431.857,281444
1787810382019,3281b132-3631-e78d-6f4e-faac523fc3a0,/p/0/924b6c83966aa045,4,200,196667,236.634,2918.544,67385
1787810384381,a1600f92-0f69-ec40-9031-91960e1644b6,/p/0/904947de1674488f,1,200,140338,24.296,605.738,231681
1787810378486,63feb0eb-2564-8058-5024-1e4cb93e9190,/p/0/43bc1812a805d245,2,200,205020,405.241,6679.656,30693
1787810384381,a1600f92-0f69-ec40-9031-91960e1644b6,/p/0/904948de16744a42,1,200,312102,48.398,951.656,327957
1787810383933,d23f0858-b1f7-bef1-1fdf-a9606a32322a,/p/8/fa1a937d8a0b7db4,1,200,448000,55.697,1400.164,319963
1787810383933,d23f0858-b1f7-bef1-1fdf-a9606a32322a,/p/0/fa1a947d8a0b7f67,1,200,406802,55.699,1443.505,281815
1787810382953,8932535e-9b64-cb37-fd14-1d68673e7fd8,/p/0/8860f54f06379323,1,200,394850,150.292,2468.257,159971
1787810383951,63feb0eb-2564-8058-5024-1e4cb93e9190,/p/4/f2e85ca86133d7a0,3,200,58297,444.517,1498.381,38907
1787810385333,d23f0858-b1f7-bef1-1fdf-a9606a32322a,/p/0/e25f0b3e4386c61,2,200,41499,54.147,119.705,346677
1787810382953,8932535e-9b64-cb37-fd14-1d68673e7fd8,/p/4/8860f44f06379170,1,200,351840,128.972,2511.753,140077
1787810383541,9faa9546-7464-257f-611f-fdcf1ef233cd,/p/0/b459929647dc5e3a,1,200,256477,118.623,1959.054,130919
1787810379845,fe9f5242-1dee-d8c5-2769-78aba5955fb8,/p/0/4374c74c414db74d,2,200,438095,275.740,5725.731,76513
1787810382483,e51c2ccc-530c-0524-fc27-87f81183ca9e,/?crawl=39,0,200,3528037,16.489,3238.844,1089289
1787810379845,fe9f5242-1dee-d8c5-2769-78aba5955fb8,/p/0/4374c44c414db234,2,200,453574,263.718,6015.211,75405
1787810383015,452971bf-e875-1435-2f47-7f6c6fe20dea,/p/0/b72c9caae1376c42,6,200,505883,101.263,3009.140,168115
1787810385333,d23f0858-b1f7-bef1-1fdf-a9606a32322a,/p/7/e25eeb3e43868fb,2,200,256864,130.525,815.921,314815
1787810381709,09982139-5e76-f214-cc24-4e66c50bbb4e,/p/5/e384d26cd68f7b26,1,200,57571,443.446,4497.881,12800
1787810376382,ed827d04-f232-b34f-a621-d4ff29686646,/p/0/9dc3d485946060c5,1,200,133453,277.355,9870.631,13520
1787810383183,331385a9-7318-219a-59f0-3ebce55bbba8,/p/0/c772907fd1d8d475,2,200,252612,220.816,3100.229,81482
1787810384880,7d9bd299-f439-b81d-f69e-7c44eab037c8,/p/0/20ef3f38b3416b8d,1,200,150889,157.655,1679.501,89842
1787810377212,d8034ba6-4789-5f97-4360-1ea481a9ca9b,/p/9/39167d7239380df7,1,200,2240689,30.767,9527.239,235188
1787810383183,331385a9-7318-219a-59f0-3ebce55bbba8,/p/3/c7728f7fd1d8d2c2,2,200,306158,184.565,3576.349,85606
1787810386483,8f2e4d7d-498d-7300-494d-d801cfe79269,/?crawl=46,0,200,92097,49.060,333.596,276074
1787810385722,e51c2ccc-530c-0524-fc27-87f81183ca9e,/p/5/98319f6d26b1067a,1,200,301344,68.555,1113.892,270532
1787810385722,e51c2ccc-530c-0524-fc27-87f81183ca9e,/p/0/98319d6d26b10314,1,200,433275,15.091,1120.436,386702
1787810382289,c5aa0efa-81cb-c472-cc06-ea5a979bd993,/p/0/7c18913206f69804,3,200,519999,187.520,4749.488,109485
1787810386483,0cac6aae-1489-56e0-7461-86608a6b60d9,/?crawl=47,0,200,341122,29.413,720.015,473771
1787810385465,8932535e-9b64-cb37-fd14-1d68673e7fd8,/p/0/ab82372466b7ef82,2,200,205247,43.502,1753.177,117071
1787810382695,e74dc3e9-9b81-1c67-b868-f59eb1ef8038,/p/9/85b840dab4ace62a,5,200,139431,405.665,4619.477,30183
1787810384880,7d9bd299-f439-b81d-f69e-7c44eab037c8,/p/0/20ef3c38b3416674,1,200,284313,51.759,2464.707,115354
1787810386149,d23f0858-b1f7-bef1-1fdf-a9606a32322a,/p/0/4c37f4e496d83649,3,200,190425,131.984,1201.124,158539
1787810384880,7d9bd299-f439-b81d-f69e-7c44eab037c8,/p/5/20ef3e38b34169da,1,200,268259,288.946,2567.797,104470
1787810382019,3281b132-3631-e78d-6f4e-faac523fc3a0,/p/0/924b6983966a9b2c,4,200,479606,218.341,5447.365,88044
1787810386740,d8034ba6-4789-5f97-4360-1ea481a9ca9b,/p/8/4cd715588c21e05f,2,200,51811,149.288,825.798,62741
1787810386836,e51c2ccc-530c-0524-fc27-87f81183ca9e,/p/4/b76f83b21eb862c9,2,200,168733,76.111,775.433,217598
1787810386149,d23f0858-b1f7-bef1-1fdf-a9606a32322a,/p/6/4c37f2e496d832e3,3,200,282044,143.106,1506.012,187279
1787810379483,63135859-d311-aab9-b4d2-e0ee12621def,/?crawl=34,0,200,2521812,47.083,8180.813,308259
1787810387664,63135859-d311-aab9-b4d2-e0ee12621def,/p/0/429ff267c4087043,1,200,58227,47.911,470.573,123736
1787810387611,e51c2ccc-530c-0524-fc27-87f81183ca9e,/p/0/cbfe66d857bce706,3,200,47767,78.161,568.228,84063
1787810386759,331385a9-7318-219a-59f0-3ebce55bbba8,/p/0/e563c547388ae806,3,200,130504,209.029,1634.713,79833
1787810387483,65e643b8-1fe4-00ce-db24-fee708c914ce,/?crawl=50,0,200,497095,27.983,940.975,528277
1787810387611,e51c2ccc-530c-0524-fc27-87f81183ca9e,/p/3/cbfe67d857bce8b9,3,200,119904,71.395,829.102,144619
1787810387483,1e6d9d81-8b6c-6e3a-7184-79ceb2af2878,/?crawl=49,0,200,362573,47.134,1208.544,300008
1787810387656,d23f0858-b1f7-bef1-1fdf-a9606a32322a,/p/0/b58a6fa41cbb146a,4,200,146259,109.297,1118.817,130726
1787810388483,d179d41e-b523-39e2-94e1-1eb7aef09fe5,/?crawl=51,0,200,177660,26.183,316.926,560572
1787810385465,8932535e-9b64-cb37-fd14-1d68673e7fd8,/p/0/ab82362466b7edcf,2,200,447395,86.859,3372.096,132676
1787810367463,553b9ccc-860b-52b9-85ef-0d28103041fa,/p/0/c88444e088c7dc0b,3,200,2181335,503.055,21396.686,101947
1787810376723,fd5674f4-7e92-846e-8aca-195ffeced01e,/p/2/a02e32edd5666390,2,200,6216127,114.764,12209.490,509123
1787810385465,8932535e-9b64-cb37-fd14-1d68673e7fd8,/p/3/ab82352466b7ec1c,2,200,510694,237.860,3480.290,146739
1787810386836,e51c2ccc-530c-0524-fc27-87f81183ca9e,/p/0/b76f82b21eb86116,2,200,439395,76.043,2317.585,189592
1787810383183,331385a9-7318-219a-59f0-3ebce55bbba8,/p/0/c7728d7fd1d8cf5c,2,200,486296,200.648,5976.136,81373
1787810386836,e51c2ccc-530c-0524-fc27-87f81183ca9e,/p/0/b76f81b21eb85f63,2,200,522483,76.181,2324.396,224782
1787810388440,e51c2ccc-530c-0524-fc27-87f81183ca9e,/p/2/62db96fd3af5dcb4,4,200,72189,114.487,748.706,96418
1787810386149,d23f0858-b1f7-bef1-1fdf-a9606a32322a,/p/0/4c37f1e496d83130,3,200,451136,121.030,3043.184,148245
1787810387448,7d9bd299-f439-b81d-f69e-7c44eab037c8,/p/0/90e8f72529b72fed,2,200,173583,78.217,1751.988,99078
1787810388424,65e643b8-1fe4-00ce-db24-fee708c914ce,/p/0/3994613c36918f89,1,200,278317,149.794,799.041,348314
1787810388424,65e643b8-1fe4-00ce-db24-fee708c914ce,/p/5/39945f3c36918c23,1,200,491615,27.338,800.414,614201
1787810388424,65e643b8-1fe4-00ce-db24-fee708c914ce,/p/0/39945e3c36918a70,1,200,420932,149.755,800.987,525517
1787810386817,8f2e4d7d-498d-7300-494d-d801cfe79269,/p/0/ac713e07379fa568,1,200,188678,275.772,2420.949,77936
1787810386740,d8034ba6-4789-5f97-4360-1ea481a9ca9b,/p/0/4cd717588c21e3c5,2,200,251300,164.360,2555.016,98356
1787810379483,8cb74705-6b91-38bf-1a7e-0901efe0c132,/?crawl=35,0,200,2714540,57.102,9838.921,275898
1787810388691,1e6d9d81-8b6c-6e3a-7184-79ceb2af2878,/p/0/1906e8a9a304af55,1,200,64621,46.066,788.154,81990
1787810388800,d179d41e-b523-39e2-94e1-1eb7aef09fe5,/p/3/a62a09dea1f69610,1,200,168256,26.478,745.383,225731
1787810387611,e51c2ccc-530c-0524-fc27-87f81183ca9e,/p/0/cbfe65d857bce553,3,200,407752,78.194,1960.581,207975
1787810389224,65e643b8-1fe4-00ce-db24-fee708c914ce,/p/0/fdc6c6e4b6a795a0,2,200,160317,53.391,401.074,399719
1787810387203,0cac6aae-1489-56e0-7461-86608a6b60d9,/p/0/3fdb9264cc3a99c8,1,200,385843,75.866,2442.479,157972
1787810387655,d23f0858-b1f7-bef1-1fdf-a9606a32322a,/p/5/b58a70a41cbb161d,4,200,294905,109.397,1997.796,147615
1787810382695,e74dc3e9-9b81-1c67-b868-f59eb1ef8038,/p/0/85b841dab4ace7dd,5,200,411124,444.076,7002.171,58714
1787810369924,553b9ccc-860b-52b9-85ef-0d28103041fa,/p/0/b310bfb95819aa72,4,200,5158746,399.034,19778.103,260831
1787810388932,fd5674f4-7e92-846e-8aca-195ffeced01e,/p/0/2042e80a7a355eaa,3,200,264332,2.595,815.704,324054
1787810386740,d8034ba6-4789-5f97-4360-1ea481a9ca9b,/p/0/4cd714588c21deac,2,200,212764,149.219,3010.866,70665
1787810389224,65e643b8-1fe4-00ce-db24-fee708c914ce,/p/4/fdc6c7e4b6a79753,2,200,284633,363.428,546.918,520430
1787810389224,65e643b8-1fe4-00ce-db24-fee708c914ce,/p/0/fdc6c9e4b6a79ab9,2,200,518091,53.884,553.911,935333
1787810389771,65e643b8-1fe4-00ce-db24-fee708c914ce,/p/0/1bb79050c982bf18,3,200,25873,15.215,37.238,694799
1787810389322,8cb74705-6b91-38bf-1a7e-0901efe0c132,/p/0/af359d0a2f6d7a30,1,200,57628,52.207,500.584,115121
1787810389771,65e643b8-1fe4-00ce-db24-fee708c914ce,/p/3/1bb79150c982c0cb,3,200,81916,11.449,71.238,1149900
1787810388932,fd5674f4-7e92-846e-8aca-195ffeced01e,/p/0/2042e70a7a355cf7,3,200,317033,315.146,963.210,329142
1787810388932,fd5674f4-7e92-846e-8aca-195ffeced01e,/p/1/2042e60a7a355b44,3,200,398640,2.500,963.527,413730
1787810388945,8932535e-9b64-cb37-fd14-1d68673e7fd8,/p/0/439933622bbe042b,3,200,126064,214.904,1034.490,121861
1787810388800,d179d41e-b523-39e2-94e1-1eb7aef09fe5,/p/0/a62a0bdea1f69976,1,200,236000,125.105,1278.572,184581
1787810389653,d23f0858-b1f7-bef1-1fdf-a9606a32322a,/p/4/e15a51e902f613d8,5,200,54771,163.975,494.724,110710
1787810378483,e07ca8dd-a6fc-0448-1afb-13a11a268b28,/?crawl=32,0,200,5198691,36.021,11694.148,444555
1787810387203,0cac6aae-1489-56e0-7461-86608a6b60d9,/p/0/3fdb9564cc3a9ee1,1,200,484867,150.897,2994.355,161927
1787810385449,63feb0eb-2564-8058-5024-1e4cb93e9190,/p/3/6ab17e0ffc671114,4,200,80702,608.760,4818.658,16748
1787810366674,28cc50e5-3465-4b99-2b80-02383cb906cd,/p/1/c2fd8e056d08016d,1,200,6079367,107.869,23831.051,255103
1787810390483,6989ced1-4e36-73a0-d057-df18438d76d0,/?crawl=52,0,200,22829,26.731,51.426,443922
1787810390505,28cc50e5-3465-4b99-2b80-02383cb906cd,/p/0/1af64c81ce9ddb1d,2,200,14266,56.284,110.193,129463
1787810389189,e51c2ccc-530c-0524-fc27-87f81183ca9e,/p/1/32fd7fbd491b4424,5,200,213353,112.389,1663.143,128283
1787810384367,29e71566-23fb-c266-6f70-fdb259fb1808,/p/0/2b9bf2cabb4bf927,1,200,513599,62.753,6494.934,79077
1787810386817,8f2e4d7d-498d-7300-494d-d801cfe79269,/p/0/ac714007379fa8ce,1,200,499440,48.823,4060.966,122986
1787810371745,3281b132-3631-e78d-6f4e-faac523fc3a0,/p/0/d6375d9efa62fc,1,200,2507139,150.006,19134.282,131029
1787810370483,0478c1ea-68e1-75c7-cddd-a5d083df15bb,/?crawl=17,0,200,279501,708.190,20418.160,13689
1787810387664,63135859-d311-aab9-b4d2-e0ee12621def,/p/1/429ff467c40873a9,1,200,439098,141.063,3253.661,134955
1787810387448,7d9bd299-f439-b81d-f69e-7c44eab037c8,/p/4/90e8f62529b72e3a,2,200,416715,51.396,3499.047,119094
1787810388440,e51c2ccc-530c-0524-fc27-87f81183ca9e,/p/0/62db97fd3af5de67,4,200,398253,72.638,2532.436,157261
1787810380829,c5aa0efa-81cb-c472-cc06-ea5a979bd993,/p/0/b26c68d8fdf157f6,2,200,3015364,112.229,10157.600,296858
1787810384367,29e71566-23fb-c266-6f70-fdb259fb1808,/p/0/2b9bf4cabb4bfc8d,1,200,521961,314.360,6622.365,78818
1787810386817,8f2e4d7d-498d-7300-494d-d801cfe79269,/p/0/ac713f07379fa71b,1,200,507953,275.765,4184.672,121384
1787810389771,65e643b8-1fe4-00ce-db24-fee708c914ce,/p/0/1bb79350c982c431,3,200,349776,12.240,1232.614,283768
1787810390483,d32de357-8cc0-e20a-ebf9-a4cc09761d0b,/?crawl=53,0,200,283664,30.319,536.932,528305
1787810387448,7d9bd299-f439-b81d-f69e-7c44eab037c8,/p/0/90e8f42529b72ad4,2,200,388921,184.194,3576.347,108748
1787810382289,c5aa0efa-81cb-c472-cc06-ea5a979bd993,/p/3/7c18923206f699b7,3,200,2694476,224.295,8823.317,305381
1787810387566,d8034ba6-4789-5f97-4360-1ea481a9ca9b,/p/0/c0bd8789a7d76ee5,3,200,345532,261.840,3616.512,95543
1787810389653,d23f0858-b1f7-bef1-1fdf-a9606a32322a,/p/0/e15a52e902f6158b,5,200,157836,186.022,1534.345,102869
1787810387655,d23f0858-b1f7-bef1-1fdf-a9606a32322a,/p/0/b58a6ea41cbb12b7,4,200,505050,142.220,3532.270,142982
1787810389843,65e643b8-1fe4-00ce-db24-fee708c914ce,/p/0/db5ebfbac7df721,4,200,216521,1161.486,1424.113,152039
1787810391112,c5aa0efa-81cb-c472-cc06-ea5a979bd993,/p/2/c7d7bc560abfede2,4,200,90652,46.983,179.905,503888
1787810372387,3281b132-3631-e78d-6f4e-faac523fc3a0,/p/0/a4f0d54f7ac289e1,2,200,3302002,280.069,18911.085,174607
1787810390148,d23f0858-b1f7-bef1-1fdf-a9606a32322a,/p/3/7013a703d53e8e21,6,200,109501,147.301,1150.475,95179
1787810389697,e74dc3e9-9b81-1c67-b868-f59eb1ef8038,/p/8/cf92057e18a4b638,6,200,507489,43.947,1608.832,315439
1787810376942,3281b132-3631-e78d-6f4e-faac523fc3a0,/p/0/e280f62fd146fec3,3,200,3675508,183.654,14366.821,255833
1787810389653,d23f0858-b1f7-bef1-1fdf-a9606a32322a,/p/0/e15a53e902f6173e,5,200,233765,131.448,1678.553,139266
1787810390483,9be8c8ed-4ea5-2062-ff35-3b8a81f1f7ed,/?crawl=54,0,200,312601,42.558,867.167,360485
1787810390268,63feb0eb-2564-8058-5024-1e4cb93e9190,/p/0/6ab1800ffc67147a,4,200,25215,444.270,1090.356,23125
1787810390917,63135859-d311-aab9-b4d2-e0ee12621def,/p/0/5652738044150d4e,2,200,17663,234.697,468.908,37668
1787810391112,c5aa0efa-81cb-c472-cc06-ea5a979bd993,/p/0/c7d7ba560abfea7c,4,200,146061,40.873,279.314,522927
1787810391292,c5aa0efa-81cb-c472-cc06-ea5a979bd993,/p/1/7705d126e48d5ad3,5,200,81677,64.927,237.602,343756
1787810389322,8cb74705-6b91-38bf-1a7e-0901efe0c132,/p/0/af35a00a2f6d7f49,1,200,286245,156.533,2238.318,127884
1787810391020,d32de357-8cc0-e20a-ebf9-a4cc09761d0b,/p/0/ccfeb299cb2c7ed0,1,200,115979,92.790,585.725,198009
1787810391020,d32de357-8cc0-e20a-ebf9-a4cc09761d0b,/p/0/ccfeb499cb2c8236,1,200,110098,39.654,678.334,162306
1787810390148,d23f0858-b1f7-bef1-1fdf-a9606a32322a,/p/0/7013a603d53e8c6e,6,200,176464,125.525,1567.344,112588
1787810387566,d8034ba6-4789-5f97-4360-1ea481a9ca9b,/p/7/c0bd8689a7d76d32,3,200,462895,247.581,4161.676,111228
1787810391350,9be8c8ed-4ea5-2062-ff35-3b8a81f1f7ed,/p/0/873db3b288fd62bc,1,200,44001,155.947,386.421,113868
1787810388945,8932535e-9b64-cb37-fd14-1d68673e7fd8,/p/2/439932622bbe0278,3,200,339586,128.794,2815.841,120598
1787810388945,8932535e-9b64-cb37-fd14-1d68673e7fd8,/p/0/439934622bbe05de,3,200,470616,42.298,2815.911,167127
1787810389322,8cb74705-6b91-38bf-1a7e-0901efe0c132,/p/1/af359f0a2f6d7d96,1,200,327084,237.456,2448.657,133577
1787810386483,470096c7-fd9e-c4f0-2fd2-4cde63612b99,/?crawl=45,0,200,287386,234.920,5324.393,53975
1787810391483,0680c16d-18ab-b5a6-fb8a-c7d863e58fa9,/?crawl=55,0,200,101427,49.195,359.296,282294
1787810387566,d8034ba6-4789-5f97-4360-1ea481a9ca9b,/p/0/c0bd8489a7d769cc,3,200,511210,174.486,4294.223,119046
1787810388691,1e6d9d81-8b6c-6e3a-7184-79ceb2af2878,/p/0/1906e7a9a304ada2,1,200,499454,46.057,3207.100,155734
1787810391306,e74dc3e9-9b81-1c67-b868-f59eb1ef8038,/p/0/cf92067e18a4b7eb,6,200,223889,44.209,655.962,341314
1787810388691,1e6d9d81-8b6c-6e3a-7184-79ceb2af2878,/p/0/1906e6a9a304abef,1,200,497189,69.545,3439.428,144556
1787810391188,d23f0858-b1f7-bef1-1fdf-a9606a32322a,/p/0/7013a503d53e8abb,6,200,160442,121.756,1131.070,141850
1787810391292,c5aa0efa-81cb-c472-cc06-ea5a979bd993,/p/0/7705d326e48d5e39,5,200,458865,49.122,1100.023,417141
1787810391808,470096c7-fd9e-c4f0-2fd2-4cde63612b99,/p/0/66b03c1ff570843b,1,200,25032,264.948,668.793,37429
1787810391530,c5aa0efa-81cb-c472-cc06-ea5a979bd993,/p/0/d4f65822f63382a5,6,200,393911,40.199,963.194,408963
1787810386759,331385a9-7318-219a-59f0-3ebce55bbba8,/p/2/e563c347388ae4a0,3,200,482039,188.661,5809.352,82976
1787810391727,d8034ba6-4789-5f97-4360-1ea481a9ca9b,/p/0/80b608eddd171e75,4,200,102542,162.285,955.884,107275
1787810389896,fd5674f4-7e92-846e-8aca-195ffeced01e,/p/0/63d2c3ddf0b41e26,4,200,249095,3.916,2850.390,87390
1787810389896,fd5674f4-7e92-846e-8aca-195ffeced01e,/p/0/63d2c2ddf0b41c73,4,200,389197,2.450,2853.106,136412
1787810392392,c5aa0efa-81cb-c472-cc06-ea5a979bd993,/p/0/d4f65522f6337d8c,6,200,181261,34.078,372.080,487156
1787810383950,63feb0eb-2564-8058-5024-1e4cb93e9190,/p/0/f2e85ea86133db06,3,200,259827,444.540,8897.925,29201
1787810369053,e74dc3e9-9b81-1c67-b868-f59eb1ef8038,/p/0/4e7f8fd3f1664061,1,200,3155709,113.417,23806.185,132558
1787810391299,d23f0858-b1f7-bef1-1fdf-a9606a32322a,/p/2/1c15702535b53adf,7,200,190299,121.375,1611.075,118119
1787810376382,ed827d04-f232-b34f-a621-d4ff29686646,/p/0/9dc3d18594605bac,1,200,296073,832.002,16556.723,17882
1787810392859,e74dc3e9-9b81-1c67-b868-f59eb1ef8038,/p/7/16ba097405eb8b41,7,200,121061,13.207,109.405,1106535
1787810392968,e74dc3e9-9b81-1c67-b868-f59eb1ef8038,/p/0/16ba087405eb898e,7,200,43384,13.004,52.088,832904
1787810390917,63135859-d311-aab9-b4d2-e0ee12621def,/p/0/5652728044150b9b,2,200,188830,258.269,2164.634,87234
1787810380392,e74dc3e9-9b81-1c67-b868-f59eb1ef8038,/p/0/66e9620c0de4baed,4,200,2786293,456.103,12714.741,219139
1787810389545,d179d41e-b523-39e2-94e1-1eb7aef09fe5,/p/0/27c2282683a35831,2,200,486863,161.569,3629.969,134123
1787810389572,e51c2ccc-530c-0524-fc27-87f81183ca9e,/p/0/32fd81bd491b478a,5,200,512745,70.392,3622.026,141563
1787810389545,d179d41e-b523-39e2-94e1-1eb7aef09fe5,/p/2/27c2272683a3567e,2,200,383802,148.047,3655.691,104988
1787810375483,71d51f65-0f4a-4aae-f6b2-ad04f139a00e,/?crawl=27,0,200,5525799,48.997,17756.469,311199
1787810391727,d8034ba6-4789-5f97-4360-1ea481a9ca9b,/p/6/80b607eddd171cc2,4,200,205940,147.616,1577.116,130580
1787810393021,e74dc3e9-9b81-1c67-b868-f59eb1ef8038,/p/0/16ba077405eb87db,7,200,367158,18.103,293.074,1252781
1787810393314,e74dc3e9-9b81-1c67-b868-f59eb1ef8038,/p/0/5eee5e692e9ace44,8,200,169590,13.041,189.005,897278
1787810390917,63135859-d311-aab9-b4d2-e0ee12621def,/p/0/5652748044150f01,2,200,271270,258.208,2609.605,103951
1787810390505,28cc50e5-3465-4b99-2b80-02383cb906cd,/p/0/1af64981ce9dd604,2,200,373173,110.203,3052.805,122239
1787810374131,e74dc3e9-9b81-1c67-b868-f59eb1ef8038,/p/0/2059dcba701f79c1,2,200,3764686,478.843,19427.711,193779
1787810391350,9be8c8ed-4ea5-2062-ff35-3b8a81f1f7ed,/p/0/873db6b288fd67d5,1,200,391965,40.074,2212.149,177187
1787810393239,71d51f65-0f4a-4aae-f6b2-ad04f139a00e,/p/2/76ef27ca6b2a7139,1,200,64409,47.482,369.047,174528
1787810367836,0749ca82-1e65-8f0a-ba8a-b79b9d25deac,/p/0/2f9339a7d86d0d0d,1,200,3440419,25.743,25861.093,133035
1787810391808,470096c7-fd9e-c4f0-2fd2-4cde63612b99,/p/1/66b03e1ff57087a1,1,200,52331,668.946,1955.520,26761
1787810380392,e74dc3e9-9b81-1c67-b868-f59eb1ef8038,/p/0/66e95f0c0de4b5d4,4,200,3746150,492.177,13380.216,279977
1787810392569,331385a9-7318-219a-59f0-3ebce55bbba8,/p/0/324a6570f63f3760,4,200,26088,230.460,1228.980,21227
1787810390947,7d9bd299-f439-b81d-f69e-7c44eab037c8,/p/3/43a41dfd26e24099,3,200,312491,102.949,3135.873,99650
1787810382289,c5aa0efa-81cb-c472-cc06-ea5a979bd993,/p/0/7c18943206f69d1d,3,200,4576023,187.621,11816.617,387253
1787810391962,e74dc3e9-9b81-1c67-b868-f59eb1ef8038,/p/0/cf92077e18a4b99e,6,200,2851486,35.538,2245.344,1269955
1787810390947,7d9bd299-f439-b81d-f69e-7c44eab037c8,/p/0/43a41cfd26e23ee6,3,200,282366,102.919,3343.317,84457
1787810376382,ed827d04-f232-b34f-a621-d4ff29686646,/p/0/9dc3d28594605d5f,1,200,348179,1663.463,17938.804,19409
1787810393304,d8034ba6-4789-5f97-4360-1ea481a9ca9b,/p/0/2ee4a6d3c5962f16,5,200,62814,256.089,1033.939,60752
1787810387315,e74dc3e9-9b81-1c67-b868-f59eb1ef8038,/p/0/85b83edab4ace2c4,5,200,4320478,448.429,7063.977,611621
1787810389896,fd5674f4-7e92-846e-8aca-195ffeced01e,/p/0/63d2c4ddf0b41fd9,4,200,2326533,13.906,4565.427,509598
1787810387203,0cac6aae-1489-56e0-7461-86608a6b60d9,/p/11/3fdb9364cc3a9b7b,1,200,2683765,30.650,7266.052,369357
1787810391332,d23f0858-b1f7-bef1-1fdf-a9606a32322a,/p/0/1c15722535b53e45,7,200,375255,109.613,3143.881,119360
1787810391761,8932535e-9b64-cb37-fd14-1d68673e7fd8,/p/0/38d4cda8eb10640,4,200,292879,127.643,2818.286,103921
1787810394483,e0d036c2-b593-f2f7-d9b7-9fae6a22b46f,/?crawl=60,0,200,32761,44.147,109.411,299431
1787810393503,e74dc3e9-9b81-1c67-b868-f59eb1ef8038,/p/0/5eee61692e9ad35d,8,200,2382302,15.850,1148.727,2073863
1787810372483,ed44bc0f-ef2d-a9ce-7a2d-62863ae567a0,/?crawl=20,0,200,5225825,63.735,22191.128,235492
1787810392910,d23f0858-b1f7-bef1-1fdf-a9606a32322a,/p/0/d720af9c4159d1b8,8,200,155561,121.986,1795.475,86641
1787810393107,e74dc3e9-9b81-1c67-b868-f59eb1ef8038,/p/6/5eee5f692e9acff7,8,200,4093455,16.587,1730.270,2365789
1787810394837,e74dc3e9-9b81-1c67-b868-f59eb1ef8038,/p/0/f7d9d284e1ac9e68,9,200,310169,4.686,103.781,2988694
1787810394837,e74dc3e9-9b81-1c67-b868-f59eb1ef8038,/p/5/f7d9d484e1aca1ce,9,200,510060,2.605,170.928,2984064
1787810394837,e74dc3e9-9b81-1c67-b868-f59eb1ef8038,/p/0/f7d9d584e1aca381,9,200,449707,17.274,210.320,2138200
1787810395008,e74dc3e9-9b81-1c67-b868-f59eb1ef8038,/p/0/474742302d00b984,10,200,76704,13.810,54.468,1408235
1787810395008,e74dc3e9-9b81-1c67-b868-f59eb1ef8038,/p/0/474745302d00be9d,10,200,139356,14.265,65.412,2130446
1787810393194,e51c2ccc-530c-0524-fc27-87f81183ca9e,/p/0/8e70b8eba2a9b956,6,200,371418,69.829,1919.000,193548
1787810395008,e74dc3e9-9b81-1c67-b868-f59eb1ef8038,/p/4/474744302d00bcea,10,200,416520,13.633,111.514,3735153
1787810386207,09982139-5e76-f214-cc24-4e66c50bbb4e,/p/0/6b54c514d4dd6a68,2,200,60916,1879.692,8934.324,6818
1787810395120,e74dc3e9-9b81-1c67-b868-f59eb1ef8038,/p/0/37392cdcf50c1905,11,200,168400,7.251,75.376,2234138
1787810394592,e0d036c2-b593-f2f7-d9b7-9fae6a22b46f,/p/0/150fa5cc85e3a23b,1,200,66319,218.477,610.398,108649
1787810394483,ce64557d-453a-515f-e207-e2cc57208192,/?crawl=57,0,200,211263,48.422,725.541,291180
1787810394483,1cf52f86-b72d-b329-7e9f-ab00fc76d7b0,/?crawl=59,0,200,219273,25.708,784.417,279536
1787810395120,e74dc3e9-9b81-1c67-b868-f59eb1ef8038,/p/0/373929dcf50c13ec,11,200,512026,1.949,170.484,3003373
1787810390901,0478c1ea-68e1-75c7-cddd-a5d083df15bb,/p/0/e1e9e13186012fa8,1,200,63235,1363.352,4433.085,14264
1787810391292,c5aa0efa-81cb-c472-cc06-ea5a979bd993,/p/0/7705d026e48d5920,5,200,2390839,33.302,4068.021,587715
1787810391761,8932535e-9b64-cb37-fd14-1d68673e7fd8,/p/0/38d4fda8eb10b59,4,200,439548,213.537,3613.024,121657
1787810391112,c5aa0efa-81cb-c472-cc06-ea5a979bd993,/p/0/c7d7bd560abfef95,4,200,2471355,36.869,4267.780,579073
1787810393239,71d51f65-0f4a-4aae-f6b2-ad04f139a00e,/p/0/76ef25ca6b2a6dd3,1,200,196793,232.028,2148.286,91605
1787810393239,71d51f65-0f4a-4aae-f6b2-ad04f139a00e,/p/0/76ef26ca6b2a6f86,1,200,282678,182.738,2152.306,131337
1787810391727,d8034ba6-4789-5f97-4360-1ea481a9ca9b,/p/0/80b605eddd17195c,4,200,468107,147.614,3672.804,127452
1787810394592,e0d036c2-b593-f2f7-d9b7-9fae6a22b46f,/p/2/150fa4cc85e3a088,1,200,46530,218.531,812.914,57239
1787810393608,71d51f65-0f4a-4aae-f6b2-ad04f139a00e,/p/0/a37d99b870c95f7f,2,200,468406,234.556,1812.306,258459
1787810393608,71d51f65-0f4a-4aae-f6b2-ad04f139a00e,/p/0/a37d9ab870c96132,2,200,408581,234.483,1813.796,225263
1787810391761,8932535e-9b64-cb37-fd14-1d68673e7fd8,/p/1/38d4dda8eb107f3,4,200,500115,42.716,3677.813,135982
1787810390947,7d9bd299-f439-b81d-f69e-7c44eab037c8,/p/0/43a41bfd26e23d33,3,200,380958,103.015,4497.513,84704
1787810395120,e74dc3e9-9b81-1c67-b868-f59eb1ef8038,/p/3/37392adcf50c159f,11,200,2551337,7.324,482.631,5286306
1787810394483,108c8b66-9697-13f3-c04b-5ad9afcac289,/?crawl=58,0,200,318835,51.096,1139.394,279829
1787810395603,e74dc3e9-9b81-1c67-b868-f59eb1ef8038,/p/0/598ed42c622a80b4,12,200,381648,2.475,137.466,2776305
1787810395603,e74dc3e9-9b81-1c67-b868-f59eb1ef8038,/p/0/598ed72c622a85cd,12,200,356817,10.760,188.799,1889932
1787810393201,d179d41e-b523-39e2-94e1-1eb7aef09fe5,/p/1/f13507a7df43c12,3,200,330198,137.762,2624.459,125816
1787810393201,d179d41e-b523-39e2-94e1-1eb7aef09fe5,/p/0/f134e7a7df438ac,3,200,246661,125.348,2771.625,88995
1787810394469,0cac6aae-1489-56e0-7461-86608a6b60d9,/p/0/ecdaf16a234cf506,2,200,213541,121.289,1524.127,140107
1787810382410,452971bf-e875-1435-2f47-7f6c6fe20dea,/p/0/e9f47fa9d222f1a9,5,200,3240178,69.479,13592.429,238381
1787810394469,0cac6aae-1489-56e0-7461-86608a6b60d9,/p/10/ecdaef6a234cf1a0,2,200,296140,28.751,1740.118,170184
1787810391530,c5aa0efa-81cb-c472-cc06-ea5a979bd993,/p/0/d4f65722f63380f2,6,200,4391074,34.049,4817.487,911486
1787810391771,8cb74705-6b91-38bf-1a7e-0901efe0c132,/p/0/bf70d315b4b55f10,2,200,446285,182.631,4781.371,93338
1787810391771,8cb74705-6b91-38bf-1a7e-0901efe0c132,/p/0/bf70d415b4b560c3,2,200,444476,182.663,4888.711,90919
1787810383541,9faa9546-7464-257f-611f-fdcf1ef233cd,/p/2/b459939647dc5fed,1,200,5954293,118.604,13215.849,450542
1787810393304,d8034ba6-4789-5f97-4360-1ea481a9ca9b,/p/0/2ee4a5d3c5962d63,5,200,482853,182.194,3482.658,138645
1787810394674,ed44bc0f-ef2d-a9ce-7a2d-62863ae567a0,/p/10/a597d27ffc5674c,1,200,245047,296.640,2220.284,110367
1787810396210,0cac6aae-1489-56e0-7461-86608a6b60d9,/p/9/c8f316cd38f2c68f,3,200,21853,274.315,932.528,23434
1787810395267,1cf52f86-b72d-b329-7e9f-ab00fc76d7b0,/p/9/417cb4cb46ce46a8,1,200,373796,180.097,1903.773,196345
1787810396757,9faa9546-7464-257f-611f-fdcf1ef233cd,/p/1/f774e12897280ba4,2,200,39523,195.738,464.620,85065
1787810383015,452971bf-e875-1435-2f47-7f6c6fe20dea,/p/0/b72c9baae1376a8f,6,200,3728026,119.748,14248.140,261650
1787810370566,0749ca82-1e65-8f0a-ba8a-b79b9d25deac,/p/0/a0c122534132ae4b,2,200,3030184,138.162,26760.792,113232
1787810395825,d179d41e-b523-39e2-94e1-1eb7aef09fe5,/p/0/1e251430257da14a,4,200,108414,348.430,1603.120,67627
1787810395439,8932535e-9b64-cb37-fd14-1d68673e7fd8,/p/0/f806d175c1da177f,5,200,203362,43.385,2238.478,90848
1787810383015,452971bf-e875-1435-2f47-7f6c6fe20dea,/p/3/b72c9aaae13768dc,6,200,3720986,101.096,14801.863,251386
1787810392483,12028cc7-a6cb-1a51-d45d-d5f675c8e8a9,/?crawl=56,0,200,2958822,64.836,5377.690,550203
1787810396895,ed44bc0f-ef2d-a9ce-7a2d-62863ae567a0,/p/0/4192951ef5e9be6d,2,200,26852,355.418,1126.476,23837
1787810397143,0cac6aae-1489-56e0-7461-86608a6b60d9,/p/0/70a15c83998d8fc1,4,200,67294,277.033,882.434,76260
1787810395603,e74dc3e9-9b81-1c67-b868-f59eb1ef8038,/p/2/598ed52c622a8267,12,200,5459916,5.498,2440.121,2237559
1787810397861,12028cc7-a6cb-1a51-d45d-d5f675c8e8a9,/p/0/ae125e6db2334ee2,1,200,45086,24.271,280.287,160856
1787810394592,e0d036c2-b593-f2f7-d9b7-9fae6a22b46f,/p/0/150fa6cc85e3a3ee,1,200,439825,42.418,3585.885,122655
1787810392569,331385a9-7318-219a-59f0-3ebce55bbba8,/p/1/324a6670f63f3913,4,200,398251,247.897,5642.560,70580
1787810394674,ed44bc0f-ef2d-a9ce-7a2d-62863ae567a0,/p/0/a597f27ffc56ab2,1,200,283455,61.719,3558.178,79663
1787810397817,452971bf-e875-1435-2f47-7f6c6fe20dea,/p/0/dd7ad63ca58ff8f8,7,200,117763,57.421,448.483,262581
1787810395268,1cf52f86-b72d-b329-7e9f-ab00fc76d7b0,/p/0/417cb5cb46ce485b,1,200,426049,163.815,3025.941,140799
1787810398043,e74dc3e9-9b81-1c67-b868-f59eb1ef8038,/p/1/7f4194d054f6a900,13,200,142570,4.376,327.029,435955
1787810396757,9faa9546-7464-257f-611f-fdcf1ef233cd,/p/0/f774e32897280f0a,2,200,146302,40.155,1637.154,89364
1787810394083,7d9bd299-f439-b81d-f69e-7c44eab037c8,/p/0/b4fef7c0936130f0,4,200,416886,259.153,4338.190,96097
1787810397171,1cf52f86-b72d-b329-7e9f-ab00fc76d7b0,/p/0/f81c94914362db0e,2,200,113993,276.350,1284.357,88755
1787810398043,e74dc3e9-9b81-1c67-b868-f59eb1ef8038,/p/0/7f4195d054f6aab3,13,200,63039,324.337,656.904,95964
1787810374664,0749ca82-1e65-8f0a-ba8a-b79b9d25deac,/p/0/15e120a3b744dd56,4,200,2918848,130.134,24157.303,120827
1787810397171,1cf52f86-b72d-b329-7e9f-ab00fc76d7b0,/p/0/f81c93914362d95b,2,200,133796,261.105,1657.843,80705
1787810392848,63feb0eb-2564-8058-5024-1e4cb93e9190,/p/0/9bc31b0448fc693e,5,200,178876,401.819,5983.264,29896
1787810396757,9faa9546-7464-257f-611f-fdcf1ef233cd,/p/0/f774e22897280d57,2,200,187501,195.674,2080.391,90128
1787810395622,108c8b66-9697-13f3-c04b-5ad9afcac289,/p/0/d4e70c28db694021,1,200,266081,256.955,3292.869,80805
1787810397817,452971bf-e875-1435-2f47-7f6c6fe20dea,/p/0/dd7ad93ca58ffe11,7,200,381090,20.495,1190.267,320172
1787810386483,7c1e49a5-1a38-8625-e86a-7a995365ad59,/?crawl=48,0,200,5809357,33.819,12567.767,462243
1787810395208,ce64557d-453a-515f-e207-e2cc57208192,/p/0/1aa80b101d985c35,1,200,366096,267.906,4061.753,90133
1787810397171,1cf52f86-b72d-b329-7e9f-ab00fc76d7b0,/p/8/f81c95914362dcc1,2,200,289990,325.893,2114.597,137137
1787810397221,9faa9546-7464-257f-611f-fdcf1ef233cd,/p/0/d4939662b8ed1a1c,3,200,111010,194.633,2083.212,53288
1787810398370,e74dc3e9-9b81-1c67-b868-f59eb1ef8038,/p/0/b0155d5ccc0af770,14,200,7536,915.383,935.439,8056
1787810391020,d32de357-8cc0-e20a-ebf9-a4cc09761d0b,/p/0/ccfeb599cb2c83e9,1,200,4253653,26.680,8286.133,513346
1787810394083,7d9bd299-f439-b81d-f69e-7c44eab037c8,/p/2/b4fef9c093613456,4,200,523352,285.641,5519.772,94814
1787810399286,1cf52f86-b72d-b329-7e9f-ab00fc76d7b0,/p/0/c4ba408c6355951b,3,200,38609,164.641,392.402,98392
1787810395405,e0d036c2-b593-f2f7-d9b7-9fae6a22b46f,/p/1/9fad1ee20bb18108,2,200,322035,217.339,4298.998,74909
1787810395208,ce64557d-453a-515f-e207-e2cc57208192,/p/1/1aa80a101d985a82,1,200,383767,267.887,4538.532,84558
1787810398370,e74dc3e9-9b81-1c67-b868-f59eb1ef8038,/p/0/b015605ccc0afc89,14,200,131146,913.751,1474.197,88961
1787810385449,63feb0eb-2564-8058-5024-1e4cb93e9190,/p/0/6ab17f0ffc6712c7,4,200,515928,405.781,14647.645,35223
1787810395622,108c8b66-9697-13f3-c04b-5ad9afcac289,/p/5/d4e70a28db693cbb,1,200,465075,51.609,4480.367,103803
1787810396483,fc97bfa7-235d-3fc5-1122-8ebed5c0cde0,/?crawl=62,0,200,359764,158.238,3754.664,95818
1787810399603,7d9bd299-f439-b81d-f69e-7c44eab037c8,/p/0/5c98bf71152e0742,5,200,25793,378.257,748.410,34464
1787810398370,e74dc3e9-9b81-1c67-b868-f59eb1ef8038,/p/0/b0155f5ccc0afad6,14,200,431272,891.927,1992.897,216405
1787810398043,e74dc3e9-9b81-1c67-b868-f59eb1ef8038,/p/0/7f4196d054f6ac66,13,200,3017196,4.144,2326.933,1296641
1787810399286,1cf52f86-b72d-b329-7e9f-ab00fc76d7b0,/p/0/c4ba418c635596ce,3,200,77362,194.771,1206.461,64123
1787810400483,5bf49a11-3401-a7a4-7d34-f0e4ab04e2d3,/?crawl=67,0,200,113776,31.189,224.064,507783
1787810400707,5bf49a11-3401-a7a4-7d34-f0e4ab04e2d3,/p/17/1cf7fa5b96205b0d,1,200,18713,27.869,54.599,342737
1787810387664,63135859-d311-aab9-b4d2-e0ee12621def,/p/0/429ff367c40871f6,1,200,2905234,164.467,13121.408,221412
1787810399286,1cf52f86-b72d-b329-7e9f-ab00fc76d7b0,/p/7/c4ba428c63559881,3,200,270318,179.491,1543.988,175078
1787810377212,d8034ba6-4789-5f97-4360-1ea481a9ca9b,/p/0/39167f723938115d,1,200,4777865,30.999,23669.352,201859
1787810390973,e51c2ccc-530c-0524-fc27-87f81183ca9e,/p/0/8e70b7eba2a9b7a3,6,200,2166688,97.013,10086.390,214813
1787810396210,0cac6aae-1489-56e0-7461-86608a6b60d9,/p/0/c8f315cd38f2c4dc,3,200,482069,245.865,5005.926,96300
1787810400483,a7d0117f-003c-b893-d416-ea849f48a0e9,/?crawl=68,0,200,291097,41.169,758.490,383785
1787810397143,0cac6aae-1489-56e0-7461-86608a6b60d9,/p/8/70a15b83998d8e0e,4,200,479985,158.000,4165.491,115229
1787810389153,e51c2ccc-530c-0524-fc27-87f81183ca9e,/p/0/62db98fd3af5e01a,4,200,2668645,74.384,12277.858,217354
1787810401308,0cac6aae-1489-56e0-7461-86608a6b60d9,/p/7/ab7c2c504b32abf6,5,200,16020,147.831,280.617,57088
1787810394674,ed44bc0f-ef2d-a9ce-7a2d-62863ae567a0,/p/0/a597e27ffc568ff,1,200,437155,326.789,7195.244,60756
1787810396895,ed44bc0f-ef2d-a9ce-7a2d-62863ae567a0,/p/0/4192921ef5e9b954,2,200,420787,325.358,4982.375,84455
1787810401308,0cac6aae-1489-56e0-7461-86608a6b60d9,/p/0/ab7c2d504b32ada9,5,200,48201,161.979,711.961,67702
1787810400103,108c8b66-9697-13f3-c04b-5ad9afcac289,/p/4/f74611d0f70c1966,2,200,118165,546.131,2040.247,57917
1787810402483,0fb30b2c-7f00-9973-50c9-e1a66649e8ac,/?crawl=69,0,200,478548,17.165,427.940,1118260
1787810400238,fc97bfa7-235d-3fc5-1122-8ebed5c0cde0,/p/0/3be45087af198e61,1,200,54423,756.500,2946.696,18469
1787810390505,28cc50e5-3465-4b99-2b80-02383cb906cd,/p/0/1af64b81ce9dd96a,2,200,2938020,137.945,12882.815,228057
1787810376381,fe9f5242-1dee-d8c5-2769-78aba5955fb8,/p/0/a5ac2914a49d1997,1,200,3714884,150.740,27110.111,137029
1787810402911,0fb30b2c-7f00-9973-50c9-e1a66649e8ac,/p/5/d274f3d75a6e603,1,200,185415,29.146,613.461,302244
1787810399747,ce64557d-453a-515f-e207-e2cc57208192,/p/0/ef15028250f16298,2,200,408538,270.502,3832.211,106606
1787810391808,470096c7-fd9e-c4f0-2fd2-4cde63612b99,/p/0/66b03d1ff57085ee,1,200,141558,1047.760,11806.477,11990
1787810393304,d8034ba6-4789-5f97-4360-1ea481a9ca9b,/p/5/2ee4a4d3c5962bb0,5,200,2774933,151.769,10457.769,265347
1787810402911,0fb30b2c-7f00-9973-50c9-e1a66649e8ac,/p/0/d27513d75a6e969,1,200,297628,68.162,890.461,334240
1787810403483,18a30cde-efa9-2e06-c7ee-862256ca2fbd,/?crawl=73,0,200,504921,18.447,499.796,1010254
1787810403983,18a30cde-efa9-2e06-c7ee-862256ca2fbd,/p/0/e0c07369dec1a65e,1,200,33941,14.671,51.718,656264
1787810403983,18a30cde-efa9-2e06-c7ee-862256ca2fbd,/p/0/e0c07269dec1a4ab,1,200,193025,29.413,395.436,488132
1787810398211,331385a9-7318-219a-59f0-3ebce55bbba8,/p/0/57db927da3657e8e,5,200,328487,190.992,6197.319,53005
1787810383483,a350c9e6-f13c-9da5-e0ca-0ad0e8044e1a,/?crawl=44,0,200,4423219,67.419,21059.661,210033
1787810396895,ed44bc0f-ef2d-a9ce-7a2d-62863ae567a0,/p/9/4192931ef5e9bb07,2,200,5507781,296.344,7690.225,716205
1787810403983,18a30cde-efa9-2e06-c7ee-862256ca2fbd,/p/1/e0c07169dec1a2f8,1,200,397564,59.741,624.009,637112
1787810404607,18a30cde-efa9-2e06-c7ee-862256ca2fbd,/p/0/8ac1ecb4a77c5f64,2,200,7585,14.719,22.102,343181
1787810398211,331385a9-7318-219a-59f0-3ebce55bbba8,/p/0/57db937da3658041,5,200,450559,171.804,6419.876,70182
1787810403483,a5349b38-cbfc-4df3-d9e0-7f93099f73d0,/?crawl=72,0,200,521681,34.776,1182.169,441291
1787810402483,0583420b-7232-d146-2f4b-1142cd2b8778,/?crawl=70,0,200,482689,69.711,2193.085,220096
1787810391350,9be8c8ed-4ea5-2062-ff35-3b8a81f1f7ed,/p/3/873db4b288fd646f,1,200,4316323,117.347,13390.536,322341
1787810403525,0fb30b2c-7f00-9973-50c9-e1a66649e8ac,/p/0/9e2cab445ebe0d12,2,200,360794,106.623,1268.483,284429
1787810404607,18a30cde-efa9-2e06-c7ee-862256ca2fbd,/p/0/8ac1efb4a77c647d,2,200,122690,22.093,254.490,482101
1787810403524,0fb30b2c-7f00-9973-50c9-e1a66649e8ac,/p/4/9e2cac445ebe0ec5,2,200,321605,66.860,1370.538,234656
1787810397817,452971bf-e875-1435-2f47-7f6c6fe20dea,/p/2/dd7ad73ca58ffaab,7,200,4894050,20.479,7100.233,689280
1787810400483,5da666f7-3930-edb3-8a37-ce435aa8f714,/?crawl=66,0,200,4666522,23.364,4545.000,1026738
1787810404676,0583420b-7232-d146-2f4b-1142cd2b8778,/p/0/9aff6f829c9281cb,1,200,36612,65.685,361.106,101388
1787810404607,18a30cde-efa9-2e06-c7ee-862256ca2fbd,/p/0/8ac1edb4a77c6117,2,200,373048,22.052,494.843,753872
1787810393763,470096c7-fd9e-c4f0-2fd2-4cde63612b99,/p/0/fb6ecd0e9b4fde91,2,200,93835,1251.742,11343.687,8272
1787810404917,452971bf-e875-1435-2f47-7f6c6fe20dea,/p/0/7d4cd78f775d0642,8,200,76233,18.075,192.718,395568
1787810399747,ce64557d-453a-515f-e207-e2cc57208192,/p/0/ef15058250f167b1,2,200,410139,241.151,5401.066,75937
1787810383951,63feb0eb-2564-8058-5024-1e4cb93e9190,/p/0/f2e85da86133d953,3,200,491221,403.843,21200.405,23170
1787810389843,65e643b8-1fe4-00ce-db24-fee708c914ce,/p/0/db5e8fbac7df208,4,200,4567660,1161.457,15361.844,297338
1787810404895,0fb30b2c-7f00-9973-50c9-e1a66649e8ac,/p/3/37850116db983566,3,200,76125,75.612,364.833,208657
1787810405028,5da666f7-3930-edb3-8a37-ce435aa8f714,/p/4/898da4fe018564fa,1,200,146268,15.232,367.083,398461
1787810397483,7f448789-bd91-b2b9-e95f-95b6d3b2cce0,/?crawl=64,0,200,2635860,44.563,8034.384,328072
1787810404917,452971bf-e875-1435-2f47-7f6c6fe20dea,/p/1/7d4cd58f775d02dc,8,200,311508,57.911,820.962,379443
1787810405483,6f0efafe-e89d-5630-efce-78caa6d5edb0,/?crawl=76,0,200,125803,32.847,260.881,482224
1787810405744,6f0efafe-e89d-5630-efce-78caa6d5edb0,/p/0/c1d41e3dc5c874bd,1,200,8524,29.019,43.283,196937
1787810404895,0fb30b2c-7f00-9973-50c9-e1a66649e8ac,/p/0/3784ff16db983200,3,200,184141,75.620,1044.501,176296
1787810399603,7d9bd299-f439-b81d-f69e-7c44eab037c8,/p/1/5c98c071152e08f5,5,200,433963,351.736,6365.683,68172
1787810399704,e0d036c2-b593-f2f7-d9b7-9fae6a22b46f,/p/0/2d7d57403e81de7,3,200,370215,474.550,6374.629,58076
1787810405517,7f448789-bd91-b2b9-e95f-95b6d3b2cce0,/p/0/62b8fb42d84f7a87,1,200,101017,43.860,612.083,165038
1787810399704,e0d036c2-b593-f2f7-d9b7-9fae6a22b46f,/p/0/2d7d77403e8214d,3,200,341437,474.356,6440.249,53016
1787810397861,12028cc7-a6cb-1a51-d45d-d5f675c8e8a9,/p/2/ae125f6db2335095,1,200,2320365,73.424,8316.642,279003
1787810403762,d8034ba6-4789-5f97-4360-1ea481a9ca9b,/p/4/9a492d9b7597bc0b,6,200,320463,161.650,2441.570,131253
1787810405968,7d9bd299-f439-b81d-f69e-7c44eab037c8,/p/0/4aa630609338e771,6,200,7113,266.461,292.474,24320
1787810393763,470096c7-fd9e-c4f0-2fd2-4cde63612b99,/p/0/fb6eca0e9b4fd978,2,200,152575,1500.527,12698.791,12015
1787810404585,ed44bc0f-ef2d-a9ce-7a2d-62863ae567a0,/p/0/63b2fbd322013220,3,200,48987,537.483,1918.945,25528
1787810404895,0fb30b2c-7f00-9973-50c9-e1a66649e8ac,/p/0/37850216db983719,3,200,311900,68.379,1623.173,192154
1787810371740,1ff3bcd1-0da7-cd02-1374-522545639cba,/p/0/bb1539765ccb489b,1,200,3127900,108.711,34862.459,89721
1787810405260,0fb30b2c-7f00-9973-50c9-e1a66649e8ac,/p/0/ce414c9e48988a49,4,200,286096,67.591,1443.092,198252
1787810406483,2a2268c8-9112-1d57-fb69-190a46be0fff,/?crawl=78,0,200,74769,43.186,223.511,334521
1787810403762,d8034ba6-4789-5f97-4360-1ea481a9ca9b,/p/0/9a492c9b7597ba58,6,200,453836,28.510,2954.521,153607
1787810379845,fe9f5242-1dee-d8c5-2769-78aba5955fb8,/p/11/4374c64c414db59a,2,200,4432203,234.263,26875.349,164917
1787810400103,108c8b66-9697-13f3-c04b-5ad9afcac289,/p/0/f7460fd0f70c1600,2,200,367594,347.375,6643.872,55328
1787810404917,452971bf-e875-1435-2f47-7f6c6fe20dea,/p/0/7d4cd68f775d048f,8,200,447026,57.918,1892.055,236265
1787810405517,7f448789-bd91-b2b9-e95f-95b6d3b2cce0,/p/1/62b8fa42d84f78d4,1,200,179815,152.861,1463.104,122900
1787810405483,eb7e981e-236e-e62e-fcbd-039d90b367ca,/?crawl=77,0,200,368286,73.012,1533.437,240170
1787810400103,108c8b66-9697-13f3-c04b-5ad9afcac289,/p/0/f74612d0f70c1b19,2,200,339102,371.221,6945.434,48824
1787810405260,0fb30b2c-7f00-9973-50c9-e1a66649e8ac,/p/2/ce414b9e48988896,4,200,409701,74.124,1830.137,223864
1787810405028,5da666f7-3930-edb3-8a37-ce435aa8f714,/p/0/898da5fe018566ad,1,200,514780,42.459,2077.002,247848
1787810405395,5da666f7-3930-edb3-8a37-ce435aa8f714,/p/0/eae79ce7711d10a4,2,200,376242,85.776,1732.123,217214
1787810401308,0cac6aae-1489-56e0-7461-86608a6b60d9,/p/0/ab7c2a504b32a890,5,200,521133,162.013,5965.097,87364
1787810392910,d23f0858-b1f7-bef1-1fdf-a9606a32322a,/p/1/d720b19c4159d51e,8,200,2282965,121.988,14446.875,158025
1787810395483,16864d94-b0b1-7c67-8072-6515eeb7838a,/?crawl=61,0,200,4140516,42.380,11907.726,347717
1787810407483,1e46a455-56c8-91fa-0560-77e275a2328b,/?crawl=80,0,200,16457,44.424,64.193,256368
1787810405395,5da666f7-3930-edb3-8a37-ce435aa8f714,/p/0/eae79fe7711d15bd,2,200,476883,71.832,2157.617,221023
1787810407391,16864d94-b0b1-7c67-8072-6515eeb7838a,/p/0/a879fc2a1a7e9a01,1,200,39332,40.881,221.987,177181
1787810389843,65e643b8-1fe4-00ce-db24-fee708c914ce,/p/2/db5e9fbac7df3bb,4,200,5167969,1161.282,17781.072,290644
1787810403762,d8034ba6-4789-5f97-4360-1ea481a9ca9b,/p/0/9a492f9b7597bf71,6,200,517200,147.746,3882.464,133214
1787810404543,a350c9e6-f13c-9da5-e0ca-0ad0e8044e1a,/p/0/d345e9c260d59341,1,200,205461,334.474,3178.871,64633
1787810402020,0cac6aae-1489-56e0-7461-86608a6b60d9,/p/0/cf85096fb93321a4,6,200,371037,205.898,5771.151,64292
1787810404676,0583420b-7232-d146-2f4b-1142cd2b8778,/p/0/9aff70829c92837e,1,200,347004,131.522,3149.737,110169
1787810404741,9be8c8ed-4ea5-2062-ff35-3b8a81f1f7ed,/p/0/24a46cefcfd2fb53,2,200,332043,216.881,3094.085,107315
1787810405738,452971bf-e875-1435-2f47-7f6c6fe20dea,/p/0/8e84f71c7df01aed,9,200,448362,102.614,2116.990,211792
1787810390901,0478c1ea-68e1-75c7-cddd-a5d083df15bb,/p/3/e1e9e3318601330e,1,200,403277,266.599,17012.283,23705
1787810392910,d23f0858-b1f7-bef1-1fdf-a9606a32322a,/p/0/d720b29c4159d6d1,8,200,3022106,132.757,15058.999,200684
1787810391299,d23f0858-b1f7-bef1-1fdf-a9606a32322a,/p/0/1c156f2535b5392c,7,200,3833574,153.875,16684.639,229767
1787810385334,d23f0858-b1f7-bef1-1fdf-a9606a32322a,/p/0/e25edb3e4386748,2,200,5092360,108.787,22658.872,224740
1787810406177,12028cc7-a6cb-1a51-d45d-d5f675c8e8a9,/p/0/434d5edef1eeb1ab,2,200,230185,131.979,1861.039,123686
1787810407391,16864d94-b0b1-7c67-8072-6515eeb7838a,/p/0/a879f92a1a7e94e8,1,200,129397,80.666,768.925,168283
1787810405940,0fb30b2c-7f00-9973-50c9-e1a66649e8ac,/p/0/ce41499e48988530,4,200,407326,87.120,2227.312,182878
1787810390901,0478c1ea-68e1-75c7-cddd-a5d083df15bb,/p/0/e1e9e431860134c1,1,200,403049,266.544,17297.137,23301
1787810406177,12028cc7-a6cb-1a51-d45d-d5f675c8e8a9,/p/1/434d5ddef1eeaff8,2,200,360842,132.006,2096.106,172149
1787810405517,7f448789-bd91-b2b9-e95f-95b6d3b2cce0,/p/0/62b8fc42d84f7c3a,1,200,343582,43.894,2778.419,123661
1787810407357,d23f0858-b1f7-bef1-1fdf-a9606a32322a,/p/0/45a48b0ccb66e0f8,9,200,44789,635.531,948.605,47216
1787810404741,9be8c8ed-4ea5-2062-ff35-3b8a81f1f7ed,/p/0/24a46defcfd2fd06,2,200,521080,41.144,3591.025,145106
1787810407483,ef03f431-9299-2706-2fa0-625d62315506,/?crawl=81,0,200,175649,72.511,885.156,198439
1787810407624,65e643b8-1fe4-00ce-db24-fee708c914ce,/p/1/1e8a6abdf407c74c,5,200,128094,136.952,754.059,169873
1787810404741,9be8c8ed-4ea5-2062-ff35-3b8a81f1f7ed,/p/2/24a46befcfd2f9a0,2,200,508692,120.746,3709.055,137149
1787810404676,0583420b-7232-d146-2f4b-1142cd2b8778,/p/5/9aff71829c928531,1,200,444842,230.038,3776.718,117785
1787810385722,e51c2ccc-530c-0524-fc27-87f81183ca9e,/p/0/9831a06d26b1082d,1,200,5944080,68.530,22830.462,260357
1787810407483,cf6b0c32-d027-3b38-e2ca-a9d4c3aeba8a,/?crawl=79,0,200,308634,54.648,1115.531,276670
1787810404409,331385a9-7318-219a-59f0-3ebce55bbba8,/p/0/57db907da3657b28,5,200,424977,222.469,4306.155,98691
1787810390852,e51c2ccc-530c-0524-fc27-87f81183ca9e,/p/0/8e70b6eba2a9b5f0,6,200,4745600,72.093,17906.737,265018
1787810408599,cf6b0c32-d027-3b38-e2ca-a9d4c3aeba8a,/p/0/6c427238631fe039,1,200,42463,51.103,207.287,204851
1787810408378,65e643b8-1fe4-00ce-db24-fee708c914ce,/p/0/f05dc1226ba2ba80,6,200,48230,162.957,548.857,87874
1787810389189,e51c2ccc-530c-0524-fc27-87f81183ca9e,/p/0/32fd80bd491b45d7,5,200,5494964,119.035,19778.143,277830
1787810407624,65e643b8-1fe4-00ce-db24-fee708c914ce,/p/0/1e8a6bbdf407c8ff,5,200,247659,26.850,1384.963,178820
1787810408378,65e643b8-1fe4-00ce-db24-fee708c914ce,/p/0/f05dc2226ba2bc33,6,200,36311,149.528,671.432,54080
1787810373803,0749ca82-1e65-8f0a-ba8a-b79b9d25deac,/p/12/15e11ea3b744d9f0,4,200,5463121,129.663,35286.709,154821
1787810407357,d23f0858-b1f7-bef1-1fdf-a9606a32322a,/p/0/45a48d0ccb66e45e,9,200,494430,635.500,1747.293,282969
1787810407016,eb7e981e-236e-e62e-fcbd-039d90b367ca,/p/0/2e69c7e0312d7cf7,1,200,139575,241.479,2137.831,65288
1787810407391,16864d94-b0b1-7c67-8072-6515eeb7838a,/p/3/a879fa2a1a7e969b,1,200,475694,241.307,1817.475,261733
1787810407016,eb7e981e-236e-e62e-fcbd-039d90b367ca,/p/8/2e69c6e0312d7b44,1,200,233285,113.021,2239.663,104161
1787810402483,90b20640-f595-53b4-cafb-11365dc0d2d0,/?crawl=71,0,200,361806,250.804,6841.729,52882
1787810408274,12028cc7-a6cb-1a51-d45d-d5f675c8e8a9,/p/0/2d12df64221b42ec,3,200,92574,159.219,1258.137,73580
1787810408378,65e643b8-1fe4-00ce-db24-fee708c914ce,/p/0/f05dc3226ba2bde6,6,200,196107,162.954,1227.289,159789
1787810407624,65e643b8-1fe4-00ce-db24-fee708c914ce,/p/0/1e8a6cbdf407cab2,5,200,400523,41.468,1995.515,200712
1787810406720,fe9f5242-1dee-d8c5-2769-78aba5955fb8,/p/0/d54ea5396dd9b1c5,3,200,301202,45.327,3022.095,99667
1787810407090,0fb30b2c-7f00-9973-50c9-e1a66649e8ac,/p/0/1552855cdc7f04a3,5,200,481601,69.599,2684.406,179407
1787810407090,0fb30b2c-7f00-9973-50c9-e1a66649e8ac,/p/1/1552845cdc7f02f0,5,200,476861,69.564,2685.478,177570
1787810407274,0cac6aae-1489-56e0-7461-86608a6b60d9,/p/0/cf850c6fb93326bd,6,200,240860,144.705,2664.028,90412
1787810371740,1ff3bcd1-0da7-cd02-1374-522545639cba,/p/10/bb1538765ccb46e8,1,200,4106896,73.268,38233.732,107416
1787810404585,ed44bc0f-ef2d-a9ce-7a2d-62863ae567a0,/p/8/63b2fdd322013586,3,200,434671,1319.041,5486.348,79228
1787810404585,ed44bc0f-ef2d-a9ce-7a2d-62863ae567a0,/p/0/63b2fed322013739,3,200,416161,173.673,5545.879,75040
1787810407016,eb7e981e-236e-e62e-fcbd-039d90b367ca,/p/0/2e69c8e0312d7eaa,1,200,234502,101.105,3149.979,74446
1787810404543,a350c9e6-f13c-9da5-e0ca-0ad0e8044e1a,/p/1/d345e8c260d5918e,1,200,460997,368.359,5655.615,81511
1787810408274,12028cc7-a6cb-1a51-d45d-d5f675c8e8a9,/p/0/2d12e264221b4805,3,200,250593,147.605,1941.906,129045
1787810406720,fe9f5242-1dee-d8c5-2769-78aba5955fb8,/p/10/d54ea3396dd9ae5f,3,200,446068,224.882,3534.753,126195
1787810409256,eb7e981e-236e-e62e-fcbd-039d90b367ca,/p/0/37923309f3d5df42,2,200,80804,382.404,1117.032,72338
1787810408599,cf6b0c32-d027-3b38-e2ca-a9d4c3aeba8a,/p/0/6c426f38631fdb20,1,200,216521,51.223,1790.820,120906
1787810407547,1e46a455-56c8-91fa-0560-77e275a2328b,/p/0/be5ab82aa600dd50,1,200,374147,125.744,2903.816,128847
1787810408483,548a7f9d-41e4-e529-50a4-b4a5553f5aa5,/?crawl=83,0,200,438163,60.828,2064.345,212253
1787810406980,7f448789-bd91-b2b9-e95f-95b6d3b2cce0,/p/0/14e0d11427383138,2,200,401794,239.694,3641.082,110350
1787810399483,13609c2b-27bd-5493-5ad2-09fe17a82ecd,/?crawl=65,0,200,5452081,32.608,11227.250,485611
1787810384367,29e71566-23fb-c266-6f70-fdb259fb1808,/p/0/2b9bf3cabb4bfada,1,200,4882985,314.352,26372.165,185157
1787810406980,7f448789-bd91-b2b9-e95f-95b6d3b2cce0,/p/0/14e0d41427383651,2,200,387981,283.245,3838.967,101064
1787810406980,7f448789-bd91-b2b9-e95f-95b6d3b2cce0,/p/0/14e0d3142738349e,2,200,360389,283.257,3905.784,92271
1787810408483,d66568bc-db56-b020-ae6e-bd870e82c002,/?crawl=82,0,200,441412,83.221,2439.098,180973
1787810409256,eb7e981e-236e-e62e-fcbd-039d90b367ca,/p/7/37923109f3d5dbdc,2,200,105473,282.746,1681.147,62739
1787810395439,8932535e-9b64-cb37-fd14-1d68673e7fd8,/p/0/f806d075c1da15cc,5,200,2426367,43.282,15623.744,155300
1787810410255,fe9f5242-1dee-d8c5-2769-78aba5955fb8,/p/0/6df29844d4bbbd2,4,200,46273,303.786,851.211,54361
1787810405968,7d9bd299-f439-b81d-f69e-7c44eab037c8,/p/0/4aa62d609338e258,6,200,303178,398.287,5267.763,57553
1787810408450,9be8c8ed-4ea5-2062-ff35-3b8a81f1f7ed,/p/1/1c4556fa4aab22f2,3,200,381252,61.726,2790.399,136630
1787810393763,470096c7-fd9e-c4f0-2fd2-4cde63612b99,/p/0/fb6ecc0e9b4fdcde,2,200,446106,1371.761,17610.499,25332
1787810408274,12028cc7-a6cb-1a51-d45d-d5f675c8e8a9,/p/0/2d12e064221b449f,3,200,387519,159.220,3125.442,123989
1787810395439,8932535e-9b64-cb37-fd14-1d68673e7fd8,/p/0/f806d275c1da1932,5,200,3232463,86.044,15996.433,202074
1787810410198,a350c9e6-f13c-9da5-e0ca-0ad0e8044e1a,/p/0/433e6c48b2e63e72,2,200,30588,334.504,1267.254,24137
1787810405395,5da666f7-3930-edb3-8a37-ce435aa8f714,/p/3/eae79de7711d1257,2,200,2644661,71.751,6126.779,431656
1787810405968,7d9bd299-f439-b81d-f69e-7c44eab037c8,/p/0/4aa62f609338e5be,6,200,414183,371.735,5582.604,74192
1787810408453,0583420b-7232-d146-2f4b-1142cd2b8778,/p/0/955fc3f5425b1d0c,2,200,244856,66.122,3250.092,75338
1787810411522,5da666f7-3930-edb3-8a37-ce435aa8f714,/p/0/715063b24f1468de,3,200,206230,96.769,648.469,318026
1787810410937,eb7e981e-236e-e62e-fcbd-039d90b367ca,/p/0/84b32410d798fac2,3,200,90608,178.059,1425.629,63557
1787810410922,d66568bc-db56-b020-ae6e-bd870e82c002,/p/0/9786116f7ccaf7f6,1,200,88791,400.347,1562.832,56814
1787810409208,16864d94-b0b1-7c67-8072-6515eeb7838a,/p/0/bae9211e6de3b0dd,2,200,363233,118.730,3354.840,108271
1787810405738,452971bf-e875-1435-2f47-7f6c6fe20dea,/p/0/8e84f61c7df0193a,9,200,2294513,112.619,6992.145,328156
1787810410255,fe9f5242-1dee-d8c5-2769-78aba5955fb8,/p/9/6df27844d4bb86c,4,200,210681,217.638,2561.796,82240
1787810408450,9be8c8ed-4ea5-2062-ff35-3b8a81f1f7ed,/p/0/1c4554fa4aab1f8c,3,200,454985,39.938,4400.369,103397
1787810388800,d179d41e-b523-39e2-94e1-1eb7aef09fe5,/p/0/a62a0adea1f697c3,1,200,3209146,76.910,24059.923,133381
1787810411522,5da666f7-3930-edb3-8a37-ce435aa8f714,/p/2/715064b24f146a91,3,200,413002,89.087,1556.077,265412
1787810407357,d23f0858-b1f7-bef1-1fdf-a9606a32322a,/p/0/45a48c0ccb66e2ab,9,200,3376934,635.472,5741.098,588203
1787810386207,09982139-5e76-f214-cc24-4e66c50bbb4e,/p/0/6b54c814d4dd6f81,2,200,213108,1589.015,27051.473,7878
1787810409974,1ff3bcd1-0da7-cd02-1374-522545639cba,/p/0/daf1cf7ff8aec429,2,200,269936,91.003,3387.728,79681
1787810410937,eb7e981e-236e-e62e-fcbd-039d90b367ca,/p/0/84b32310d798f90f,3,200,140701,178.205,2450.989,57406
1787810409256,eb7e981e-236e-e62e-fcbd-039d90b367ca,/p/0/37923209f3d5dd8f,2,200,330046,269.923,4274.562,77212
1787810412483,14d2fd6b-98b5-376a-463f-21c8ff0d7c36,/?crawl=84,0,200,460207,37.722,1120.321,410781
1787810413078,5da666f7-3930-edb3-8a37-ce435aa8f714,/p/0/ac08596cecba8da1,4,200,102595,69.661,528.223,194227
1787810413483,6d5e3f1b-7395-7ddd-5bb8-9ccd5b8cb14e,/?crawl=86,0,200,88009,37.869,200.750,438402
1787810409776,0fb30b2c-7f00-9973-50c9-e1a66649e8ac,/p/0/45baeeaed084268,6,200,429184,1227.189,4173.706,102830
1787810410548,548a7f9d-41e4-e529-50a4-b4a5553f5aa5,/p/7/2af064cd1165eaa3,1,200,306139,100.643,3473.011,88148
1787810413684,6d5e3f1b-7395-7ddd-5bb8-9ccd5b8cb14e,/p/0/e52f65e5cf36ce8f,1,200,149295,21.992,406.247,367498
1787810410922,d66568bc-db56-b020-ae6e-bd870e82c002,/p/7/97860f6f7ccaf490,1,200,274885,79.288,3328.641,82582
1787810413078,5da666f7-3930-edb3-8a37-ce435aa8f714,/p/0/ac08566cecba8888,4,200,254397,77.559,1322.183,192407
1787810410198,a350c9e6-f13c-9da5-e0ca-0ad0e8044e1a,/p/0/433e6a48b2e63b0c,2,200,379061,367.218,4202.716,90194
1787810410198,a350c9e6-f13c-9da5-e0ca-0ad0e8044e1a,/p/0/433e6b48b2e63cbf,2,200,334920,399.965,4203.320,79680
1787810405483,1ab85c26-3c31-03fe-56cf-9e345653fe8a,/?crawl=75,0,200,153089,732.241,8953.607,17098
1787810414483,fff1ea97-b6b4-3164-10bb-35abbc98d713,/?crawl=89,0,200,19831,42.367,83.018,238875
1787810414021,548a7f9d-41e4-e529-50a4-b4a5553f5aa5,/p/6/ba53e505ef329f5b,2,200,32300,411.018,559.259,57755
1787810414483,f96cf050-1440-7233-cad8-3abef4e2a5ef,/?crawl=88,0,200,53438,31.669,117.295,455588
1787810414600,f96cf050-1440-7233-cad8-3abef4e2a5ef,/p/0/59ad63174ad88de8,1,200,15629,29.281,59.448,262904
1787810413483,82028ba3-52a7-a42a-a64e-e0cd50293bb1,/?crawl=85,0,200,338388,57.268,1229.663,275188
1787810413483,4a600044-b824-75ce-64cc-0ee37bb6476e,/?crawl=87,0,200,457209,49.519,1237.975,369320
1787810414566,fff1ea97-b6b4-3164-10bb-35abbc98d713,/p/12/ed17ba74df738761,1,200,64849,37.415,210.163,308565
1787810413684,6d5e3f1b-7395-7ddd-5bb8-9ccd5b8cb14e,/p/0/e52f66e5cf36d042,1,200,172694,22.593,1267.339,136265
1787810413078,5da666f7-3930-edb3-8a37-ce435aa8f714,/p/1/ac08586cecba8bee,4,200,459105,85.221,2008.561,228574
1787810402911,0fb30b2c-7f00-9973-50c9-e1a66649e8ac,/p/0/d274e3d75a6e450,1,200,3065443,14.901,12256.326,250111
1787810409089,0749ca82-1e65-8f0a-ba8a-b79b9d25deac,/p/0/aef29ec7089a81ed,5,200,294703,192.747,6097.486,48332
1787810409974,1ff3bcd1-0da7-cd02-1374-522545639cba,/p/0/daf1cc7ff8aebf10,2,200,413788,164.159,5327.191,77675
1787810408368,ef03f431-9299-2706-2fa0-625d62315506,/p/0/51c50d883a9bd363,1,200,427063,68.902,7069.437,60410
1787810397221,9faa9546-7464-257f-611f-fdcf1ef233cd,/p/0/d4939962b8ed1f35,3,200,2943581,269.265,18297.220,160876
1787810407090,0fb30b2c-7f00-9973-50c9-e1a66649e8ac,/p/0/1552865cdc7f0656,5,200,2158931,76.551,8448.057,255554
1787810414600,f96cf050-1440-7233-cad8-3abef4e2a5ef,/p/5/59ad65174ad8914e,1,200,202289,29.329,940.041,215192
1787810414021,548a7f9d-41e4-e529-50a4-b4a5553f5aa5,/p/0/ba53e705ef32a2c1,2,200,36849,351.803,1618.773,22764
1787810396483,df4ac379-8e22-4164-6bfd-c5879d5cd9b5,/?crawl=63,0,200,6172004,57.874,19269.963,320291
1787810408368,ef03f431-9299-2706-2fa0-625d62315506,/p/0/51c50f883a9bd6c9,1,200,440289,387.858,7450.229,59097
1787810411240,9be8c8ed-4ea5-2062-ff35-3b8a81f1f7ed,/p/0/b30088b120152e0,4,200,443536,279.101,4768.911,93006
1787810414721,4a600044-b824-75ce-64cc-0ee37bb6476e,/p/0/7899bc4363d1c655,1,200,169705,116.555,1389.486,122135
1787810395208,ce64557d-453a-515f-e207-e2cc57208192,/p/0/1aa808101d98571c,1,200,2625687,48.330,20952.160,125318
1787810409089,0749ca82-1e65-8f0a-ba8a-b79b9d25deac,/p/0/aef29bc7089a7cd4,5,200,481971,269.940,7096.964,67912
1787810410071,ed44bc0f-ef2d-a9ce-7a2d-62863ae567a0,/p/7/6f828b6fd6b1ddfe,4,200,411123,334.448,6165.372,66683
1787810404483,0bc6c343-fd5b-3b3e-37e3-d1d8563349f9,/?crawl=74,0,200,6269328,30.134,11848.297,529133
1787810389545,d179d41e-b523-39e2-94e1-1eb7aef09fe5,/p/0/27c2252683a35318,2,200,3210561,123.647,26817.342,119720
1787810404542,a350c9e6-f13c-9da5-e0ca-0ad0e8044e1a,/p/0/d345e6c260d58e28,1,200,3750770,67.565,11835.569,316907
1787810415753,df4ac379-8e22-4164-6bfd-c5879d5cd9b5,/p/0/cf4ea2e543b47f5b,1,200,58720,173.651,638.517,91963
1787810414566,fff1ea97-b6b4-3164-10bb-35abbc98d713,/p/0/ed17b874df7383fb,1,200,203047,190.245,1998.971,101576
1787810394469,0cac6aae-1489-56e0-7461-86608a6b60d9,/p/0/ecdaf06a234cf353,2,200,2281619,28.792,22114.248,103174
1787810414776,fff1ea97-b6b4-3164-10bb-35abbc98d713,/p/0/9c51850e14ae2b57,2,200,135067,386.957,1829.364,73833
1787810415483,19626a39-cfe2-b4f2-9bee-f6b505059680,/?crawl=90,0,200,288955,60.785,1139.046,253682
1787810405028,5da666f7-3930-edb3-8a37-ce435aa8f714,/p/0/898da2fe01856194,1,200,4381179,29.100,11625.241,376868
1787810410548,548a7f9d-41e4-e529-50a4-b4a5553f5aa5,/p/0/2af063cd1165e8f0,1,200,405158,504.944,6181.609,65542
1787810416483,6a276a8c-84f2-66fc-21c1-b3663e7b234f,/?crawl=93,0,200,114372,43.039,334.096,342333
1787810416817,6a276a8c-84f2-66fc-21c1-b3663e7b234f,/p/0/228a2b7403cfae8c,1,200,14222,38.132,73.413,193725
1787810412817,fe9f5242-1dee-d8c5-2769-78aba5955fb8,/p/0/7ff8d4f6f4ff3d89,5,200,279170,240.180,4130.210,67592
1787810415540,f96cf050-1440-7233-cad8-3abef4e2a5ef,/p/0/208acacdfa1df214,2,200,167417,182.230,1409.398,118786
1787810416622,19626a39-cfe2-b4f2-9bee-f6b505059680,/p/11/8f1fd8166f34bbdf,1,200,4298,311.575,339.779,12649
1787810415753,df4ac379-8e22-4164-6bfd-c5879d5cd9b5,/p/0/cf4ea3e543b4810e,1,200,166145,43.479,1338.152,124160
1787810415087,5da666f7-3930-edb3-8a37-ce435aa8f714,/p/0/58f3288a1701feeb,5,200,436245,87.006,2055.592,212223
1787810405738,452971bf-e875-1435-2f47-7f6c6fe20dea,/p/0/8e84f51c7df01787,9,200,5688101,112.721,11405.890,498699
1787810416483,48566d99-8687-1c66-c262-45eb68f9fd83,/?crawl=92,0,200,64062,382.320,665.735,96227
1787810416483,c0c10915-3471-79f2-0f28-e98cd9c13848,/?crawl=91,0,200,328949,37.394,795.063,413739
1787810397221,9faa9546-7464-257f-611f-fdcf1ef233cd,/p/0/d4939762b8ed1bcf,3,200,4120003,213.300,20196.175,203999
1787810415087,5da666f7-3930-edb3-8a37-ce435aa8f714,/p/0/58f32a8a17020251,5,200,472535,80.355,2337.523,202152
1787810415753,df4ac379-8e22-4164-6bfd-c5879d5cd9b5,/p/5/cf4ea4e543b482c1,1,200,366387,64.174,1797.230,203862
1787810414776,fff1ea97-b6b4-3164-10bb-35abbc98d713,/p/0/9c51860e14ae2d0a,2,200,274412,252.090,3015.205,91009
1787810417483,ab20e2c6-17bf-e321-abcd-e30c10aef1f9,/?crawl=94,0,200,161222,32.674,373.705,431415
1787810372942,0749ca82-1e65-8f0a-ba8a-b79b9d25deac,/p/0/fff7c8fdfee5aad4,3,200,5750140,149.297,45214.103,127176
1787810381709,09982139-5e76-f214-cc24-4e66c50bbb4e,/p/0/e384d36cd68f7cd9,1,200,498813,298.821,36504.702,13664
1787810399747,ce64557d-453a-515f-e207-e2cc57208192,/p/0/ef15038250f1644b,2,200,4105203,270.468,18543.303,221385
1787810417279,c0c10915-3471-79f2-0f28-e98cd9c13848,/p/0/fbb583b8da99c77f,1,200,192791,32.027,1034.804,186307
1787810412817,fe9f5242-1dee-d8c5-2769-78aba5955fb8,/p/0/7ff8d1f6f4ff3870,5,200,257801,218.134,5532.961,46594
1787810414776,fff1ea97-b6b4-3164-10bb-35abbc98d713,/p/11/9c51870e14ae2ebd,2,200,397741,193.828,3683.405,107982
1787810415540,f96cf050-1440-7233-cad8-3abef4e2a5ef,/p/0/208acdcdfa1df72d,2,200,430270,182.070,2961.184,145303
1787810414566,fff1ea97-b6b4-3164-10bb-35abbc98d713,/p/0/ed17b974df7385ae,1,200,397478,210.257,3947.681,100686
1787810417278,c0c10915-3471-79f2-0f28-e98cd9c13848,/p/2/fbb582b8da99c5cc,1,200,235101,168.686,1330.089,176756
1787810413684,6d5e3f1b-7395-7ddd-5bb8-9ccd5b8cb14e,/p/0/e52f64e5cf36ccdc,1,200,2208311,187.119,5004.802,441238
1787810417857,ab20e2c6-17bf-e321-abcd-e30c10aef1f9,/p/0/417684a01cc8e6f9,1,200,159294,163.037,916.021,173898
1787810381709,09982139-5e76-f214-cc24-4e66c50bbb4e,/p/0/e384d06cd68f77c0,1,200,403060,298.981,37084.652,10869
1787810416817,6a276a8c-84f2-66fc-21c1-b3663e7b234f,/p/0/228a2d7403cfb1f2,1,200,368635,38.111,2092.158,176198
1787810418460,fff1ea97-b6b4-3164-10bb-35abbc98d713,/p/0/5836b1a83244f47f,3,200,65854,73.903,569.637,115607
1787810403524,0fb30b2c-7f00-9973-50c9-e1a66649e8ac,/p/0/9e2caa445ebe0b5f,2,200,4094138,73.462,15831.790,258602
1787810411522,5da666f7-3930-edb3-8a37-ce435aa8f714,/p/0/715062b24f14672b,3,200,2882301,97.024,7967.523,361756
1787810397861,12028cc7-a6cb-1a51-d45d-d5f675c8e8a9,/p/0/ae125d6db2334d2f,1,200,5567750,127.849,21629.666,257413
1787810416622,19626a39-cfe2-b4f2-9bee-f6b505059680,/p/0/8f1fda166f34bf45,1,200,226066,56.160,2986.184,75704
1787810414251,d66568bc-db56-b020-ae6e-bd870e82c002,/p/0/c11cbd535691298f,2,200,221319,403.048,5554.945,39842
1787810408453,0583420b-7232-d146-2f4b-1142cd2b8778,/p/4/955fc5f5425b2072,2,200,2569145,325.709,11372.819,225902
1787810414251,d66568bc-db56-b020-ae6e-bd870e82c002,/p/0/c11cbe5356912b42,2,200,234052,442.474,5880.604,39801
1787810391770,8cb74705-6b91-38bf-1a7e-0901efe0c132,/p/0/bf70d615b4b56429,2,200,6266385,52.331,28392.982,220702
1787810409776,0fb30b2c-7f00-9973-50c9-e1a66649e8ac,/p/0/45bafeaed08441b,6,200,2759571,1275.612,10421.304,264801
1787810408453,0583420b-7232-d146-2f4b-1142cd2b8778,/p/0/955fc6f5425b2225,2,200,3828045,195.608,11867.527,322565
1787810419826,0583420b-7232-d146-2f4b-1142cd2b8778,/p/3/22dff7f3a589b521,3,200,93289,170.886,496.501,187893
1787810417551,df4ac379-8e22-4164-6bfd-c5879d5cd9b5,/p/0/8bcb73de09de1bbd,2,200,326305,42.647,2774.485,117609
1787810419826,0583420b-7232-d146-2f4b-1142cd2b8778,/p/0/22dff6f3a589b36e,3,200,225819,170.559,499.598,452001
1787810419826,0583420b-7232-d146-2f4b-1142cd2b8778,/p/0/22dff5f3a589b1bb,3,200,522898,142.890,533.174,980726
1787810417857,ab20e2c6-17bf-e321-abcd-e30c10aef1f9,/p/8/417682a01cc8e393,1,200,444057,230.542,2576.229,172367
1787810417551,df4ac379-8e22-4164-6bfd-c5879d5cd9b5,/p/4/8bcb72de09de1a0a,2,200,297361,130.099,2972.091,100051
1787810418460,fff1ea97-b6b4-3164-10bb-35abbc98d713,/p/10/5836b3a83244f7e5,3,200,384216,205.374,2087.470,184058
1787810420483,dc1bc04f-82e3-aae1-b398-98a3731896a3,/?crawl=100,0,200,37957,36.451,101.209,375036
1787810420322,0583420b-7232-d146-2f4b-1142cd2b8778,/p/2/627a3c3eb041dd03,4,200,297949,36.672,304.436,978693
1787810420322,0583420b-7232-d146-2f4b-1142cd2b8778,/p/0/627a3b3eb041db50,4,200,466138,36.619,315.855,1475796
1787810406177,12028cc7-a6cb-1a51-d45d-d5f675c8e8a9,/p/0/434d5fdef1eeb35e,2,200,3789175,154.865,14461.083,262026
1787810416237,ed44bc0f-ef2d-a9ce-7a2d-62863ae567a0,/p/0/6111ce5803995cec,5,200,189385,329.338,4449.034,42568
1787810418460,fff1ea97-b6b4-3164-10bb-35abbc98d713,/p/0/5836b2a83244f632,3,200,386707,53.954,2259.601,171139
1787810420322,0583420b-7232-d146-2f4b-1142cd2b8778,/p/0/627a3e3eb041e069,4,200,480002,36.636,469.057,1023335
1787810420627,0583420b-7232-d146-2f4b-1142cd2b8778,/p/0/a2497dbf8ad31dfc,5,200,146494,40.204,219.927,666103
1787810420433,ab20e2c6-17bf-e321-abcd-e30c10aef1f9,/p/0/758ed841e240778f,2,200,26282,157.947,417.157,63003
1787810420433,ab20e2c6-17bf-e321-abcd-e30c10aef1f9,/p/0/758ed941e2407942,2,200,93433,61.973,421.044,221908
1787810414580,548a7f9d-41e4-e529-50a4-b4a5553f5aa5,/p/0/b79e003b464c150,3,200,285874,323.188,6341.983,45076
1787810420483,3e71326f-e416-3c5e-6236-7bd18a29c656,/?crawl=98,0,200,86312,73.090,478.949,180211
1787810414437,1ab85c26-3c31-03fe-56cf-9e345653fe8a,/p/0/553e729b5a63691d,1,200,90526,247.631,6676.101,13560
1787810416962,19626a39-cfe2-b4f2-9bee-f6b505059680,/p/0/aaa3e78a419e301,2,200,264924,371.372,4408.817,60090
1787810420483,19391e0a-3e31-7406-f722-99624c645e62,/?crawl=99,0,200,404780,33.866,914.460,442644
1787810394083,7d9bd299-f439-b81d-f69e-7c44eab037c8,/p/0/b4fefac093613609,4,200,3608538,259.108,27328.834,132041
1787810406204,d8034ba6-4789-5f97-4360-1ea481a9ca9b,/p/0/73e1b25bdcb06b6c,7,200,2651554,424.741,15398.827,172192
1787810421397,19391e0a-3e31-7406-f722-99624c645e62,/p/0/97082ea57f717817,1,200,66156,32.418,246.216,268691
1787810420584,dc1bc04f-82e3-aae1-b398-98a3731896a3,/p/0/f4ea2657f44ac30f,1,200,153139,34.218,1064.205,143900
1787810416237,ed44bc0f-ef2d-a9ce-7a2d-62863ae567a0,/p/0/6111d15803996205,5,200,211049,361.271,5436.847,38818
1787810420523,df4ac379-8e22-4164-6bfd-c5879d5cd9b5,/p/0/9afb5576d1d42ae8,3,200,120684,224.648,1156.796,104326
1787810399602,7d9bd299-f439-b81d-f69e-7c44eab037c8,/p/0/5c98be71152e058f,5,200,4583409,378.375,22232.846,206155
1787810420584,dc1bc04f-82e3-aae1-b398-98a3731896a3,/p/0/f4ea2757f44ac4c2,1,200,221257,68.016,1403.283,157671
1787810420584,dc1bc04f-82e3-aae1-b398-98a3731896a3,/p/3/f4ea2857f44ac675,1,200,293236,103.248,1574.052,186294
1787810417149,48566d99-8687-1c66-c262-45eb68f9fd83,/p/6/b5f482d1986aa805,1,200,350132,112.258,5088.439,68809
1787810420433,ab20e2c6-17bf-e321-abcd-e30c10aef1f9,/p/7/758eda41e2407af5,2,200,366398,157.892,1853.741,197653
1787810420483,63a2f736-a599-8f16-6df1-716b89ede193,/?crawl=97,0,200,333593,79.536,1809.199,184387
1787810421483,d74fc138-801b-2556-1caa-0b8c6881304b,/?crawl=101,0,200,431149,27.496,838.518,514180
1787810420627,0583420b-7232-d146-2f4b-1142cd2b8778,/p/0/a24980bf8ad32315,5,200,3839385,40.209,1702.141,2255621
1787810415087,5da666f7-3930-edb3-8a37-ce435aa8f714,/p/0/58f3298a1702009e,5,200,4783988,73.567,7319.916,653558
1787810421483,8d3a41de-125a-6e14-905a-7e4ffe51442b,/?crawl=102,0,200,494783,57.558,946.117,522962
1787810409776,0fb30b2c-7f00-9973-50c9-e1a66649e8ac,/p/0/45bb1eaed084781,6,200,5331028,1227.320,12666.203,420886
1787810395973,d179d41e-b523-39e2-94e1-1eb7aef09fe5,/p/0/1e251330257d9f97,4,200,3644187,156.578,26528.210,137370
1787810416962,19626a39-cfe2-b4f2-9bee-f6b505059680,/p/0/aaa3b78a419dde8,2,200,351330,399.690,5691.651,61727
1787810416237,ed44bc0f-ef2d-a9ce-7a2d-62863ae567a0,/p/6/6111d05803996052,5,200,357411,390.945,6455.876,55362
1787810416962,19626a39-cfe2-b4f2-9bee-f6b505059680,/p/10/aaa3d78a419e14e,2,200,309468,399.733,5777.700,53562
1787810420627,0583420b-7232-d146-2f4b-1142cd2b8778,/p/1/a2497ebf8ad31faf,5,200,5973316,28.533,2212.437,2699881
1787810418608,c0c10915-3471-79f2-0f28-e98cd9c13848,/p/1/dcf14ad54e724d8f,2,200,492799,172.072,4299.451,114619
1787810422839,0583420b-7232-d146-2f4b-1142cd2b8778,/p/0/6e9ebe37e07c354b,6,200,225813,9.179,107.165,2107161
1787810422839,0583420b-7232-d146-2f4b-1142cd2b8778,/p/0/6e9ebd37e07c3398,6,200,238919,3.018,126.892,1882847
1787810422839,0583420b-7232-d146-2f4b-1142cd2b8778,/p/0/6e9ebf37e07c36fe,6,200,474797,15.140,188.461,2519332
1787810422287,ab20e2c6-17bf-e321-abcd-e30c10aef1f9,/p/0/b205a0cdb142437b,3,200,95859,162.642,964.371,99401
1787810422237,48566d99-8687-1c66-c262-45eb68f9fd83,/p/5/1ca9644d4b7f9b31,2,200,28648,358.446,1031.447,27775
1787810422908,c0c10915-3471-79f2-0f28-e98cd9c13848,/p/0/89de52d43609eea2,3,200,14134,206.792,396.720,35627
1787810405744,6f0efafe-e89d-5630-efce-78caa6d5edb0,/p/0/c1d41b3dc5c86fa4,1,200,4158169,43.313,17710.414,234787
1787810405744,6f0efafe-e89d-5630-efce-78caa6d5edb0,/p/2/c1d41c3dc5c87157,1,200,4674297,86.273,17754.563,263273
1787810423483,734b25fb-d87c-a41b-9c0b-2584b6aa4c78,/?crawl=108,0,200,15673,24.741,35.957,435880
1787810420547,fff1ea97-b6b4-3164-10bb-35abbc98d713,/p/9/b4dea288b7effe22,4,200,253729,192.214,2983.175,85053
1787810423498,6f0efafe-e89d-5630-efce-78caa6d5edb0,/p/0/8d9e9741b1651832,2,200,35533,28.814,87.961,403965
1787810408599,cf6b0c32-d027-3b38-e2ca-a9d4c3aeba8a,/p/5/6c427138631fde86,1,200,3956738,207.367,15003.126,263728
1787810422158,dc1bc04f-82e3-aae1-b398-98a3731896a3,/p/0/8abfc8a30bae3909,2,200,222093,33.436,1518.996,146210
1787810420547,fff1ea97-b6b4-3164-10bb-35abbc98d713,/p/0/b4dea088b7effabc,4,200,409830,172.146,3153.385,129965
1787810422287,ab20e2c6-17bf-e321-abcd-e30c10aef1f9,/p/6/b205a2cdb14246e1,3,200,345515,62.642,1441.982,239611
1787810421483,d9b27d91-0fa9-612c-4b18-86aa6c1a66d6,/?crawl=103,0,200,422227,83.202,2452.167,172185
1787810422321,d74fc138-801b-2556-1caa-0b8c6881304b,/p/0/617fd3fa5fafd215,1,200,271293,53.174,1680.830,161404
1787810423483,fcc71696-59c9-cb76-035c-e8d211ab173b,/?crawl=106,0,200,464772,20.319,596.115,779668
1787810423483,7e3c1cd0-0bdb-f00a-7159-a3e2c48d65fc,/?crawl=107,0,200,238347,41.806,651.294,365959
1787810423483,10282b25-88d2-49b4-dc6b-7ab3b875e9e4,/?crawl=105,0,200,349264,25.903,661.278,528165
1787810417149,48566d99-8687-1c66-c262-45eb68f9fd83,/p/0/b5f481d1986aa652,1,200,372743,82.328,7047.260,52892
1787810422158,dc1bc04f-82e3-aae1-b398-98a3731896a3,/p/0/8abfc5a30bae33f0,2,200,380766,33.439,2147.816,177281
1787810422321,d74fc138-801b-2556-1caa-0b8c6881304b,/p/1/617fd2fa5fafd062,1,200,420482,53.213,2049.601,205153
1787810406204,d8034ba6-4789-5f97-4360-1ea481a9ca9b,/p/0/73e1b55bdcb07085,7,200,3605633,455.784,18297.483,197056
1787810423729,ab20e2c6-17bf-e321-abcd-e30c10aef1f9,/p/0/3e8a362611c63813,4,200,214518,59.782,893.904,239979
1787810420547,fff1ea97-b6b4-3164-10bb-35abbc98d713,/p/0/b4dea388b7efffd5,4,200,384511,192.272,4171.039,92186
1787810421397,19391e0a-3e31-7406-f722-99624c645e62,/p/0/97082fa57f7179ca,1,200,362368,32.441,3390.487,106878
1787810424144,10282b25-88d2-49b4-dc6b-7ab3b875e9e4,/p/4/13d67d840d43f816,1,200,96869,90.019,740.563,130805
1787810380537,331385a9-7318-219a-59f0-3ebce55bbba8,/p/0/1bcb4bac9ad28ae9,1,200,4033608,115.100,44407.394,90832
1787810414021,548a7f9d-41e4-e529-50a4-b4a5553f5aa5,/p/0/ba53e405ef329da8,2,200,521518,321.972,11023.117,47311
1787810424079,fcc71696-59c9-cb76-035c-e8d211ab173b,/p/0/806c272678a90050,1,200,207799,118.094,971.363,213925
1787810422693,ed44bc0f-ef2d-a9ce-7a2d-62863ae567a0,/p/5/6059ac7bc28e122d,6,200,107006,323.456,2472.796,43273
1787810420962,3e71326f-e416-3c5e-6236-7bd18a29c656,/p/9/2a728303140c6c77,1,200,290015,107.672,4221.617,68698
1787810423729,ab20e2c6-17bf-e321-abcd-e30c10aef1f9,/p/0/3e8a372611c639c6,4,200,141846,174.413,1458.048,97285
1787810423602,cf6b0c32-d027-3b38-e2ca-a9d4c3aeba8a,/p/0/39541c369e570072,2,200,127405,156.530,1635.619,77894
1787810414600,f96cf050-1440-7233-cad8-3abef4e2a5ef,/p/0/59ad66174ad89301,1,200,2427685,59.367,10704.338,226795
1787810424079,fcc71696-59c9-cb76-035c-e8d211ab173b,/p/0/806c2a2678a90569,1,200,411500,20.394,1243.545,330909
1787810424371,d74fc138-801b-2556-1caa-0b8c6881304b,/p/0/868fdab2571ad03b,2,200,118527,132.101,965.832,122720
1787810424885,10282b25-88d2-49b4-dc6b-7ab3b875e9e4,/p/0/86e70f3ae6ec1d88,2,200,36845,191.349,550.834,66889
1787810424079,fcc71696-59c9-cb76-035c-e8d211ab173b,/p/0/806c282678a90203,1,200,510009,97.957,1428.328,357067
1787810422908,c0c10915-3471-79f2-0f28-e98cd9c13848,/p/0/89de50d43609eb3c,3,200,238814,172.912,2676.341,89232
1787810424885,10282b25-88d2-49b4-dc6b-7ab3b875e9e4,/p/3/86e7113ae6ec20ee,2,200,80736,152.831,767.331,105217
1787810423602,cf6b0c32-d027-3b38-e2ca-a9d4c3aeba8a,/p/0/39541b369e56febf,2,200,268302,156.616,2118.329,126657
1787810393201,d179d41e-b523-39e2-94e1-1eb7aef09fe5,/p/0/f13517a7df43dc5,3,200,4708460,137.634,32520.984,144782
1787810424145,10282b25-88d2-49b4-dc6b-7ab3b875e9e4,/p/0/13d67e840d43f9c9,1,200,241097,65.916,1586.779,151941
1787810400707,5bf49a11-3401-a7a4-7d34-f0e4ab04e2d3,/p/0/1cf7f95b9620595a,1,200,3436419,67.374,25361.060,135500
1787810423519,734b25fb-d87c-a41b-9c0b-2584b6aa4c78,/p/0/903cd144992273a7,1,200,501382,139.246,2654.498,188880
1787810422739,19626a39-cfe2-b4f2-9bee-f6b505059680,/p/9/7efba44c16008f07,3,200,216096,309.618,3466.865,62332
1787810423602,cf6b0c32-d027-3b38-e2ca-a9d4c3aeba8a,/p/4/39541d369e570225,2,200,340519,49.367,2662.499,127895
1787810424145,10282b25-88d2-49b4-dc6b-7ab3b875e9e4,/p/0/13d67b840d43f4b0,1,200,400759,28.787,2170.970,184599
1787810422292,63a2f736-a599-8f16-6df1-716b89ede193,/p/21/d4e0d7fdb163d9a6,1,200,191355,386.322,4120.117,46444
1787810407913,0478c1ea-68e1-75c7-cddd-a5d083df15bb,/p/0/d6ca26eaec9be3bb,2,200,243600,1378.914,18519.995,13153
1787810425652,10282b25-88d2-49b4-dc6b-7ab3b875e9e4,/p/2/5aa937427eba4bc3,3,200,88763,149.633,838.826,105818
1787810414436,1ab85c26-3c31-03fe-56cf-9e345653fe8a,/p/0/553e6f9b5a636404,1,200,257019,627.875,12216.529,21039
1787810424371,d74fc138-801b-2556-1caa-0b8c6881304b,/p/0/868fdbb2571ad1ee,2,200,397810,157.989,2321.613,171351
1787810422237,48566d99-8687-1c66-c262-45eb68f9fd83,/p/0/1ca9624d4b7f97cb,2,200,160394,430.219,4460.827,35956
1787810424371,d74fc138-801b-2556-1caa-0b8c6881304b,/p/0/868fdcb2571ad3a1,2,200,341066,183.794,2374.394,143643
1787810406720,fe9f5242-1dee-d8c5-2769-78aba5955fb8,/p/0/d54ea2396dd9acac,3,200,2463361,45.288,20165.731,122156
1787810397143,0cac6aae-1489-56e0-7461-86608a6b60d9,/p/0/70a15983998d8aa8,4,200,3600180,247.556,29917.929,120335
1787810423729,ab20e2c6-17bf-e321-abcd-e30c10aef1f9,/p/5/3e8a382611c63b79,4,200,438305,157.276,3531.787,124103
1787810426265,cf6b0c32-d027-3b38-e2ca-a9d4c3aeba8a,/p/0/fc079155b91edfd5,3,200,101584,157.423,1052.419,96524
1787810425184,3e71326f-e416-3c5e-6236-7bd18a29c656,/p/0/f047287a34f2e28,2,200,94273,442.942,2174.586,43352
1787810426265,cf6b0c32-d027-3b38-e2ca-a9d4c3aeba8a,/p/3/fc078f55b91edc6f,3,200,119289,53.787,1257.195,94885
1787810427483,14083928-4f13-aa04-3e54-8c263b088cb1,/?crawl=111,0,200,42323,16.676,47.664,887937
1787810395826,d179d41e-b523-39e2-94e1-1eb7aef09fe5,/p/0/1e251530257da2fd,4,200,5813340,282.093,31890.551,182290
1787810423530,fff1ea97-b6b4-3164-10bb-35abbc98d713,/p/0/ec530ca5254931e6,5,200,490985,248.879,4228.437,116115
1787810416817,6a276a8c-84f2-66fc-21c1-b3663e7b234f,/p/0/228a2e7403cfb3a5,1,200,3671490,187.017,10964.582,334850
1787810408368,ef03f431-9299-2706-2fa0-625d62315506,/p/0/51c50e883a9bd516,1,200,4699635,68.672,19477.461,241286
1787810425652,10282b25-88d2-49b4-dc6b-7ab3b875e9e4,/p/0/5aa939427eba4f29,3,200,162053,244.020,2379.513,68103
1787810426491,10282b25-88d2-49b4-dc6b-7ab3b875e9e4,/p/0/d623f17522339ff7,4,200,141567,150.315,1570.445,90145
1787810424885,10282b25-88d2-49b4-dc6b-7ab3b875e9e4,/p/0/86e7123ae6ec22a1,2,200,348697,152.816,3204.822,108804
1787810426483,b65c0c64-3b12-5a25-dd6f-f7450caa3086,/?crawl=109,0,200,458176,53.164,1634.822,280260
1787810423269,48566d99-8687-1c66-c262-45eb68f9fd83,/p/4/8916c7c8ba634782,3,200,210631,429.608,4863.703,43307
1787810425652,10282b25-88d2-49b4-dc6b-7ab3b875e9e4,/p/0/5aa936427eba4a10,3,200,241838,191.401,2603.454,92891
1787810424134,7e3c1cd0-0bdb-f00a-7159-a3e2c48d65fc,/p/0/ed01d4c8e40e0f56,1,200,514679,42.804,4261.477,120775
1787810427531,14083928-4f13-aa04-3e54-8c263b088cb1,/p/0/264afff7236d62c,1,200,413449,11.821,888.630,465266
1787810428118,b65c0c64-3b12-5a25-dd6f-f7450caa3086,/p/0/fcd27ee7048782ad,1,200,24592,282.970,357.809,68729
1787810392569,331385a9-7318-219a-59f0-3ebce55bbba8,/p/0/324a6870f63f3c79,4,200,3698437,230.547,35930.739,102932
1787810422908,c0c10915-3471-79f2-0f28-e98cd9c13848,/p/0/89de53d43609f055,3,200,443641,224.880,5592.933,79322
1787810380537,331385a9-7318-219a-59f0-3ebce55bbba8,/p/0/1bcb48ac9ad285d0,1,200,4788856,37.492,47971.578,99827
1787810427531,14083928-4f13-aa04-3e54-8c263b088cb1,/p/0/264b2ff7236db45,1,200,364662,74.995,1038.356,351192
1787810407547,1e46a455-56c8-91fa-0560-77e275a2328b,/p/18/be5aba2aa600e0b6,1,200,4353884,42.041,21089.892,206444
1787810428118,b65c0c64-3b12-5a25-dd6f-f7450caa3086,/p/0/fcd27be704877d94,1,200,83328,255.887,787.657,105792
1787810423935,d9b27d91-0fa9-612c-4b18-86aa6c1a66d6,/p/8/3aab283f3679e43c,1,200,246533,460.895,5271.893,46764
1787810409089,0749ca82-1e65-8f0a-ba8a-b79b9d25deac,/p/11/aef29dc7089a803a,5,200,3530074,192.738,20332.647,173616
1787810406204,d8034ba6-4789-5f97-4360-1ea481a9ca9b,/p/3/73e1b45bdcb06ed2,7,200,5873804,470.069,23379.939,251233
1787810429490,1444af44-e257-f0a8-290f-fb91f3b658e2,/?crawl=113,0,200,39988,107.994,196.929,203058
1787810386759,331385a9-7318-219a-59f0-3ebce55bbba8,/p/0/e563c447388ae653,3,200,5243346,173.038,43060.594,121767
1787810393608,71d51f65-0f4a-4aae-f6b2-ad04f139a00e,/p/1/a37d9bb870c962e5,2,0,2027236,259.049,36266.445,55898
1787810429490,e006d3a4-893c-ecdd-0350-87bafabb266c,/?crawl=112,0,200,107274,181.800,427.531,250915
1787810429584,d8034ba6-4789-5f97-4360-1ea481a9ca9b,/p/0/58f174906c4cef16,8,200,41299,466.557,467.382,88362
1787810429688,1444af44-e257-f0a8-290f-fb91f3b658e2,/p/0/29395aba9b6cc252,1,200,135316,107.834,368.575,367133
1787810429687,1444af44-e257-f0a8-290f-fb91f3b658e2,/p/5/29395bba9b6cc405,1,200,18531,298.708,459.816,40301
1787810429422,0749ca82-1e65-8f0a-ba8a-b79b9d25deac,/p/0/184bbfa34b147068,6,200,102503,139.316,766.608,133710
1787810427531,14083928-4f13-aa04-3e54-8c263b088cb1,/p/7/264b0ff7236d7df,1,200,2163965,74.872,2660.434,813388
1787810396210,0cac6aae-1489-56e0-7461-86608a6b60d9,/p/0/c8f318cd38f2c9f5,3,200,4753597,274.959,34042.962,139635
1787810429687,1444af44-e257-f0a8-290f-fb91f3b658e2,/p/0/293959ba9b6cc09f,1,200,85886,368.734,597.083,143843
1787810426491,10282b25-88d2-49b4-dc6b-7ab3b875e9e4,/p/0/d623f2752233a1aa,4,200,409592,163.154,3925.440,104343
1787810419483,e42a0fc0-fbc0-f549-8686-3f7bff440e94,/?crawl=96,0,200,4694796,35.916,10964.088,428198
1787810429490,9bf2b6df-b71f-4735-ded7-322fbe959fbf,/?crawl=114,0,200,170424,117.875,973.963,174980
1787810429918,e006d3a4-893c-ecdd-0350-87bafabb266c,/p/13/95cf065d06d1cdf2,1,200,160816,44.127,719.882,223392
1787810425184,3e71326f-e416-3c5e-6236-7bd18a29c656,/p/8/f047387a34f2fdb,2,200,234887,370.960,5474.778,42903
1787810430191,14083928-4f13-aa04-3e54-8c263b088cb1,/p/0/2402e9f8119129a6,2,200,273593,105.219,584.712,467910
1787810429584,d8034ba6-4789-5f97-4360-1ea481a9ca9b,/p/2/58f175906c4cf0c9,8,200,339021,115.120,1202.071,282031
1787810430191,14083928-4f13-aa04-3e54-8c263b088cb1,/p/0/2402e8f8119127f3,2,200,197951,101.481,611.286,323827
1787810414436,1ab85c26-3c31-03fe-56cf-9e345653fe8a,/p/2/553e719b5a63676a,1,200,489793,247.763,16385.882,29891
1787810400762,5bf49a11-3401-a7a4-7d34-f0e4ab04e2d3,/p/0/8ea7da918a1689be,2,200,4347242,139.290,30083.112,144508
1787810427522,cf6b0c32-d027-3b38-e2ca-a9d4c3aeba8a,/p/0/a5036d9b28a4405b,4,200,165915,286.792,3502.655,47368
1787810426265,cf6b0c32-d027-3b38-e2ca-a9d4c3aeba8a,/p/0/fc078e55b91edabc,3,200,388342,282.761,4759.889,81586
1787810427261,ab20e2c6-17bf-e321-abcd-e30c10aef1f9,/p/0/e1fd199ca12f4492,5,200,437612,266.543,3793.369,115362
1787810430483,4b473034-07dc-a01a-2c10-98e499d69fba,/?crawl=115,0,200,143324,80.667,718.094,199590
1787810407547,1e46a455-56c8-91fa-0560-77e275a2328b,/p/0/be5abb2aa600e269,1,200,4241121,145.599,23658.503,179264
1787810422158,dc1bc04f-82e3-aae1-b398-98a3731896a3,/p/2/8abfc7a30bae3756,2,200,3189953,168.984,9135.618,349178
1787810430147,1444af44-e257-f0a8-290f-fb91f3b658e2,/p/0/7a7fb0964b3247ea,2,200,139665,258.222,1330.571,104966
1787810431483,23087d11-f88e-3bd5-56d4-52d133194380,/?crawl=116,0,200,11521,125.201,216.911,53114
1787810400830,1cf52f86-b72d-b329-7e9f-ab00fc76d7b0,/p/6/7933a7c80ad1879e,4,200,3505255,208.588,30905.177,113420
1787810428637,1e46a455-56c8-91fa-0560-77e275a2328b,/p/0/1bb2f2720bffa4ca,2,200,235094,315.026,3223.164,72939
1787810429422,0749ca82-1e65-8f0a-ba8a-b79b9d25deac,/p/0/184bc2a34b147581,6,200,336734,511.899,2622.882,128383
1787810430147,1444af44-e257-f0a8-290f-fb91f3b658e2,/p/0/7a7faf964b324637,2,200,346074,246.964,2139.212,161776
1787810429918,e006d3a4-893c-ecdd-0350-87bafabb266c,/p/0/95cf045d06d1ca8c,1,200,444621,142.799,2500.675,177800
1787810422739,19626a39-cfe2-b4f2-9bee-f6b505059680,/p/0/7efba34c16008d54,3,200,520110,338.115,9731.158,53448
1787810431294,dc1bc04f-82e3-aae1-b398-98a3731896a3,/p/0/8b74b2a71f46112f,3,200,149355,201.584,1188.245,125694
1787810431294,dc1bc04f-82e3-aae1-b398-98a3731896a3,/p/1/8b74b4a71f461495,3,200,207897,33.637,1238.072,167920
1787810429422,0749ca82-1e65-8f0a-ba8a-b79b9d25deac,/p/10/184bc1a34b1473ce,6,200,435697,261.750,3148.952,138363
1787810427522,cf6b0c32-d027-3b38-e2ca-a9d4c3aeba8a,/p/2/a5036c9b28a43ea8,4,200,497339,312.773,5154.123,96493
1787810409974,1ff3bcd1-0da7-cd02-1374-522545639cba,/p/9/daf1ce7ff8aec276,2,200,5858500,220.246,22765.666,257339
1787810428637,1e46a455-56c8-91fa-0560-77e275a2328b,/p/0/1bb2f1720bffa317,2,200,423260,272.252,4262.350,99302
1787810432739,1ff3bcd1-0da7-cd02-1374-522545639cba,/p/0/4d79c23b05096333,3,200,127155,2.751,247.526,513703
1787810432571,0749ca82-1e65-8f0a-ba8a-b79b9d25deac,/p/0/2bcb9c861a2c03d8,7,200,24644,343.086,436.470,56462
1787810430658,3e71326f-e416-3c5e-6236-7bd18a29c656,/p/0/64b578e8b3f2aa0f,3,200,52344,514.735,2495.818,20973
1787810411240,9be8c8ed-4ea5-2062-ff35-3b8a81f1f7ed,/p/0/b30098b12015493,4,200,2302169,199.775,22054.203,104387
1787810431294,dc1bc04f-82e3-aae1-b398-98a3731896a3,/p/0/8b74b3a71f4612e2,3,200,307316,33.652,2059.609,149211
1787810423519,734b25fb-d87c-a41b-9c0b-2584b6aa4c78,/p/2/903cd3449922770d,1,200,2847775,23.066,9838.987,289438
1787810423519,734b25fb-d87c-a41b-9c0b-2584b6aa4c78,/p/0/903cd2449922755a,1,200,3055210,70.455,9855.650,309996
1787810410937,eb7e981e-236e-e62e-fcbd-039d90b367ca,/p/6/84b32510d798fc75,3,200,5353115,178.126,22461.111,238328
1787810433358,734b25fb-d87c-a41b-9c0b-2584b6aa4c78,/p/0/a87bd60c3a5d8e44,2,200,22713,16.822,43.167,526160
1787810432676,cf6b0c32-d027-3b38-e2ca-a9d4c3aeba8a,/p/0/92ed67fc9caf456,5,200,21910,369.912,784.708,27921
1787810430786,d8034ba6-4789-5f97-4360-1ea481a9ca9b,/p/1/aa71d77648c02de0,9,200,335703,207.224,2707.809,123976
1787810415540,f96cf050-1440-7233-cad8-3abef4e2a5ef,/p/4/208acccdfa1df57a,2,200,6064911,165.493,18023.595,336498
1787810431735,1cf52f86-b72d-b329-7e9f-ab00fc76d7b0,/p/0/d1b57e48e9216930,5,200,113309,192.692,1853.739,61125
1787810432739,1ff3bcd1-0da7-cd02-1374-522545639cba,/p/0/4d79c33b050964e6,3,200,462564,3.521,888.337,520708
1787810422693,ed44bc0f-ef2d-a9ce-7a2d-62863ae567a0,/p/0/6059aa7bc28e0ec7,6,200,472668,353.957,10937.349,43216
1787810433358,734b25fb-d87c-a41b-9c0b-2584b6aa4c78,/p/1/a87bd70c3a5d8ff7,2,200,166290,16.574,356.543,466395
1787810430638,e006d3a4-893c-ecdd-0350-87bafabb266c,/p/12/48bea53d8c0801dd,2,200,456084,202.004,3087.623,147714
1787810433564,f96cf050-1440-7233-cad8-3abef4e2a5ef,/p/0/641f205f69f6c3d0,3,200,72805,29.470,276.610,263204
1787810432483,0c39296c-9d09-a3b9-cfb4-8e11142eafe6,/?crawl=117,0,200,468071,47.206,1456.229,321427
1787810433358,734b25fb-d87c-a41b-9c0b-2584b6aa4c78,/p/0/a87bd90c3a5d935d,2,200,364886,16.602,669.775,544789
1787810429207,d9b27d91-0fa9-612c-4b18-86aa6c1a66d6,/p/0/e9cc9d95c5c275ce,2,200,176832,516.532,4826.091,36641
1787810425166,ed44bc0f-ef2d-a9ce-7a2d-62863ae567a0,/p/0/121b125ad404f4ff,7,200,306462,327.507,8881.573,34505
1787810422739,19626a39-cfe2-b4f2-9bee-f6b505059680,/p/0/7efba64c1600926d,3,200,494845,281.801,11344.647,43619
1787810433398,eb7e981e-236e-e62e-fcbd-039d90b367ca,/p/0/7e683d278579db6,4,200,67262,127.169,695.923,96651
1787810433715,734b25fb-d87c-a41b-9c0b-2584b6aa4c78,/p/0/7f81a4fc114047e0,3,200,168875,313.176,405.198,416771
1787810400762,5bf49a11-3401-a7a4-7d34-f0e4ab04e2d3,/p/16/8ea7d8918a168658,2,200,4505241,167.587,33385.493,134946
1787810433715,734b25fb-d87c-a41b-9c0b-2584b6aa4c78,/p/0/7f81a7fc11404cf9,3,200,190359,314.461,531.829,357933
1787810433715,734b25fb-d87c-a41b-9c0b-2584b6aa4c78,/p/0/7f81a6fc11404b46,3,200,482626,314.955,533.773,904179
1787810421397,19391e0a-3e31-7406-f722-99624c645e62,/p/3/97082da57f717664,1,200,4705571,114.635,12931.631,363881
1787810432739,1ff3bcd1-0da7-cd02-1374-522545639cba,/p/8/4d79c43b05096699,3,200,4583786,2.289,1636.063,2801717
1787810402143,108c8b66-9697-13f3-c04b-5ad9afcac289,/p/0/917797234a71c49b,3,200,2120989,275.622,32253.784,65759
1787810414721,4a600044-b824-75ce-64cc-0ee37bb6476e,/p/0/7899b94363d1c13c,1,200,3822598,39.074,19688.484,194154
1787810401589,0cac6aae-1489-56e0-7461-86608a6b60d9,/p/6/cf850a6fb9332357,6,200,5819800,176.431,33142.560,175599
1787810426206,19626a39-cfe2-b4f2-9bee-f6b505059680,/p/0/dfff0cff435fbd34,4,200,324934,283.106,8587.258,37839
1787810423498,6f0efafe-e89d-5630-efce-78caa6d5edb0,/p/1/8d9e9841b16519e5,2,200,2962942,87.938,11331.609,261476
1787810434732,0cac6aae-1489-56e0-7461-86608a6b60d9,/p/0/136f580077b48386,7,200,42232,29.761,103.419,408356
1787810434375,1ff3bcd1-0da7-cd02-1374-522545639cba,/p/0/d761b2d51095b084,4,200,508044,8.857,486.890,1043446
1787810422693,ed44bc0f-ef2d-a9ce-7a2d-62863ae567a0,/p/0/6059ab7bc28e107a,6,200,445090,292.652,12184.243,36530
1787810433483,a55038e8-f907-c643-c309-eef4df21ca8a,/?crawl=118,0,200,334276,61.935,1404.285,238040
1787810430191,14083928-4f13-aa04-3e54-8c263b088cb1,/p/6/2402eaf811912b59,2,200,5607880,57.022,4791.846,1170296
1787810433398,eb7e981e-236e-e62e-fcbd-039d90b367ca,/p/5/7e684d278579f69,4,200,170818,187.862,1760.685,97018
1787810433564,f96cf050-1440-7233-cad8-3abef4e2a5ef,/p/0/641f235f69f6c8e9,3,200,412444,56.463,1617.183,255039
1787810434983,14083928-4f13-aa04-3e54-8c263b088cb1,/p/0/c04c3523aa1f7324,3,200,137243,59.436,270.959,506509
1787810432532,dc1bc04f-82e3-aae1-b398-98a3731896a3,/p/0/510bc9c398c7e7f1,4,200,406476,201.357,2902.686,140034
1787810430464,9bf2b6df-b71f-4735-ded7-322fbe959fbf,/p/0/2151062b8b300980,1,200,266669,440.211,4973.492,53618
1787810430464,9bf2b6df-b71f-4735-ded7-322fbe959fbf,/p/0/2151082b8b300ce6,1,200,92827,401.610,5013.090,18517
1787810433564,f96cf050-1440-7233-cad8-3abef4e2a5ef,/p/3/641f225f69f6c736,3,200,485275,160.194,1923.044,252347
1787810435483,48aed0f1-d51c-f9ee-d3dc-d8ab6c4698fb,/?crawl=121,0,200,24733,15.290,28.328,873102
1787810434983,14083928-4f13-aa04-3e54-8c263b088cb1,/p/5/c04c3623aa1f74d7,3,200,252395,59.361,554.282,455355
1787810434732,0cac6aae-1489-56e0-7461-86608a6b60d9,/p/0/136f570077b481d3,7,200,185976,176.700,815.339,228096
1787810422237,48566d99-8687-1c66-c262-45eb68f9fd83,/p/0/1ca9634d4b7f997e,2,200,450381,394.770,13335.641,33773
1787810433939,0c39296c-9d09-a3b9-cfb4-8e11142eafe6,/p/0/db9005444900ea06,1,200,260535,43.679,1644.577,158421
1787810426412,63a2f736-a599-8f16-6df1-716b89ede193,/p/0/effe8a39a2533d53,2,200,254393,797.529,9212.764,27613
1787810433494,d8034ba6-4789-5f97-4360-1ea481a9ca9b,/p/0/16fc9a4589bc28f7,10,200,196769,179.071,2206.326,89184
1787810426206,19626a39-cfe2-b4f2-9bee-f6b505059680,/p/8/dfff0eff435fc09a,4,200,496317,396.017,9525.229,52106
1787810434483,86ebf542-ef38-601a-6982-dd2a1767e854,/?crawl=120,0,200,521281,34.474,1249.663,417137
1787810432532,dc1bc04f-82e3-aae1-b398-98a3731896a3,/p/0/510bc6c398c7e2d8,4,200,433414,184.649,3272.208,132453
1787810434983,14083928-4f13-aa04-3e54-8c263b088cb1,/p/0/c04c3823aa1f783d,3,200,480552,10.975,862.875,556920
1787810432676,cf6b0c32-d027-3b38-e2ca-a9d4c3aeba8a,/p/1/92ed47fc9caf0f0,5,200,499972,395.605,3180.089,157219
1787810434830,6f0efafe-e89d-5630-efce-78caa6d5edb0,/p/0/cac379b520043f3d,3,200,118845,157.145,1067.162,111365
1787810435511,48aed0f1-d51c-f9ee-d3dc-d8ab6c4698fb,/p/0/6d5f6e668d0d9d1a,1,200,188477,14.823,392.216,480544
1787810426491,10282b25-88d2-49b4-dc6b-7ab3b875e9e4,/p/1/d623f07522339e44,4,200,4645980,137.789,9481.657,489997
1787810434329,19391e0a-3e31-7406-f722-99624c645e62,/p/0/350f87bcdd102369,2,200,332603,32.777,1694.409,196294
1787810431735,1cf52f86-b72d-b329-7e9f-ab00fc76d7b0,/p/0/d1b58148e9216e49,5,200,405014,208.188,4303.065,94122
1787810433494,d8034ba6-4789-5f97-4360-1ea481a9ca9b,/p/0/16fc9b4589bc2aaa,10,200,189448,193.496,2545.296,74431
1787810430786,d8034ba6-4789-5f97-4360-1ea481a9ca9b,/p/0/aa71d97648c03146,9,200,518679,221.818,5297.216,97915
1787810433494,d8034ba6-4789-5f97-4360-1ea481a9ca9b,/p/0/16fc994589bc2744,10,200,275625,149.433,2935.750,93886
1787810435511,48aed0f1-d51c-f9ee-d3dc-d8ab6c4698fb,/p/0/6d5f6c668d0d99b4,1,200,421327,66.412,920.568,457681
1787810435537,14083928-4f13-aa04-3e54-8c263b088cb1,/p/4/5402b8cb0c9c2355,4,200,465351,72.293,957.801,485854
1787810433398,eb7e981e-236e-e62e-fcbd-039d90b367ca,/p/0/7e682d278579c03,4,200,348581,139.867,3131.244,111323
1787810414721,4a600044-b824-75ce-64cc-0ee37bb6476e,/p/1/7899ba4363d1c2ef,1,200,3915390,116.498,21876.810,178974
1787810422321,d74fc138-801b-2556-1caa-0b8c6881304b,/p/0/617fd0fa5fafccfc,1,200,6060773,26.030,14408.302,420644
1787810425183,3e71326f-e416-3c5e-6236-7bd18a29c656,/p/0/f047587a34f3341,2,200,357115,408.333,11583.272,30830
1787810435856,cf6b0c32-d027-3b38-e2ca-a9d4c3aeba8a,/p/0/3afc0c63d405648f,6,200,9427,935.987,959.326,9827
1787810434147,5bf49a11-3401-a7a4-7d34-f0e4ab04e2d3,/p/0/6c406f237583f713,3,200,260435,220.845,2674.655,97371
1787810435973,10282b25-88d2-49b4-dc6b-7ab3b875e9e4,/p/0/215f2ea0ded4b0d7,5,200,138099,3.370,905.749,152469
1787810427261,ab20e2c6-17bf-e321-abcd-e30c10aef1f9,/p/0/e1fd189ca12f42df,5,200,2169107,63.115,9632.698,225182
1787810435537,14083928-4f13-aa04-3e54-8c263b088cb1,/p/0/5402b6cb0c9c1fef,4,200,322635,72.245,1379.289,233914
1787810432571,0749ca82-1e65-8f0a-ba8a-b79b9d25deac,/p/9/2bcb9e861a2c073e,7,200,361874,566.522,4356.201,83071
1787810433726,e006d3a4-893c-ecdd-0350-87bafabb266c,/p/11/a3ba37f0b0638fa8,3,200,383681,105.694,3204.094,119747
1787810434329,19391e0a-3e31-7406-f722-99624c645e62,/p/0/350f84bcdd101e50,2,200,486249,177.656,2623.076,185374
1787810431735,1cf52f86-b72d-b329-7e9f-ab00fc76d7b0,/p/5/d1b57f48e9216ae3,5,200,476983,208.163,5290.098,90165
1787810435856,cf6b0c32-d027-3b38-e2ca-a9d4c3aeba8a,/p/0/3afc0d63d4056642,6,200,155075,971.673,1267.047,122391
1787810416331,0bc6c343-fd5b-3b3e-37e3-d1d8563349f9,/p/4/e8a8c6f8eefe5d7d,1,200,3654806,54.436,20838.226,175389
1787810434329,19391e0a-3e31-7406-f722-99624c645e62,/p/2/350f86bcdd1021b6,2,200,452445,96.562,2889.844,156564
1787810435732,19626a39-cfe2-b4f2-9bee-f6b505059680,/p/0/844d4b1e1097783f,5,200,38759,368.225,1540.411,25161
1787810435732,19626a39-cfe2-b4f2-9bee-f6b505059680,/p/0/844d4c1e109779f2,5,200,140470,339.961,1540.714,91172
1787810423498,6f0efafe-e89d-5630-efce-78caa6d5edb0,/p/0/8d9e9641b165167f,2,200,3237991,101.521,13782.777,234930
1787810435732,19626a39-cfe2-b4f2-9bee-f6b505059680,/p/7/844d4d1e10977ba5,5,200,366146,368.214,1564.800,233989
1787810435733,86ebf542-ef38-601a-6982-dd2a1767e854,/p/0/c9c0c421a88e14,1,200,195902,34.077,1609.716,121700
1787810434147,5bf49a11-3401-a7a4-7d34-f0e4ab04e2d3,/p/0/6c4070237583f8c6,3,200,428624,151.867,3223.634,132963
1787810430147,1444af44-e257-f0a8-290f-fb91f3b658e2,/p/4/7a7fb1964b32499d,2,200,2548272,137.106,7265.996,350712
1787810434887,a55038e8-f907-c643-c309-eef4df21ca8a,/p/0/a4d088e827395ca,1,200,208306,59.696,2542.792,81920
1787810400238,fc97bfa7-235d-3fc5-1122-8ebed5c0cde0,/p/6/3be44f87af198cae,1,200,3573252,756.436,37194.494,96069
1787810435487,f96cf050-1440-7233-cad8-3abef4e2a5ef,/p/2/7a8d2a20ce411ccc,4,200,289323,31.685,1976.013,146418
1787810436930,e006d3a4-893c-ecdd-0350-87bafabb266c,/p/10/1cfc62d278cbd722,4,200,107901,196.220,545.708,197727
1787810435487,f96cf050-1440-7233-cad8-3abef4e2a5ef,/p/0/7a8d2c20ce412032,4,200,366469,87.091,1988.958,184252
1787810430658,3e71326f-e416-3c5e-6236-7bd18a29c656,/p/0/64b579e8b3f2abc2,3,200,367827,477.343,6926.548,53104
1787810434375,1ff3bcd1-0da7-cd02-1374-522545639cba,/p/0/d761b5d51095b59d,4,200,5469039,11.365,3270.788,1672086
1787810434375,1ff3bcd1-0da7-cd02-1374-522545639cba,/p/7/d761b3d51095b237,4,200,5560372,1.833,3279.338,1695578
1787810437433,fc97bfa7-235d-3fc5-1122-8ebed5c0cde0,/p/5/671bff86e08a3a0,2,200,74675,75.324,225.030,331845
1787810434147,5bf49a11-3401-a7a4-7d34-f0e4ab04e2d3,/p/15/6c406e237583f560,3,200,379690,138.061,3542.673,107176
1787810436928,0749ca82-1e65-8f0a-ba8a-b79b9d25deac,/p/0/1a5d85930302dfac,8,200,39885,267.923,763.381,52248
1787810437655,1ff3bcd1-0da7-cd02-1374-522545639cba,/p/0/8fcf8a36f0572e8b,5,200,212572,44.004,90.580,2346777
1787810426412,63a2f736-a599-8f16-6df1-716b89ede193,/p/0/effe8b39a2533f06,2,200,473804,797.638,11463.508,41332
1787810433939,0c39296c-9d09-a3b9-cfb4-8e11142eafe6,/p/0/db9004444900e853,1,200,518936,177.959,3948.786,131417
1787810434830,6f0efafe-e89d-5630-efce-78caa6d5edb0,/p/0/cac376b520043a24,3,200,487078,143.016,3074.549,158423
1787810430822,1ab85c26-3c31-03fe-56cf-9e345653fe8a,/p/0/accdd6742e0a37ac,2,200,159482,376.220,7090.567,22492
1787810436598,4a600044-b824-75ce-64cc-0ee37bb6476e,/p/0/cae5ffb6e181b275,2,200,141461,76.565,1384.559,102170
1787810426412,63a2f736-a599-8f16-6df1-716b89ede193,/p/20/effe8939a2533ba0,2,200,480589,797.480,11574.530,41521
1787810437296,19626a39-cfe2-b4f2-9bee-f6b505059680,/p/0/8cc8b506290d8346,6,200,84593,453.078,723.574,116910
1787810437690,5bf49a11-3401-a7a4-7d34-f0e4ab04e2d3,/p/14/58d19a20a18b14da,4,200,53578,252.181,471.142,113720
1787810430822,1ab85c26-3c31-03fe-56cf-9e345653fe8a,/p/0/accdd9742e0a3cc5,2,200,114927,252.178,7346.514,15644
1787810435733,86ebf542-ef38-601a-6982-dd2a1767e854,/p/0/c9c1c421a88fc7,1,200,483892,121.916,2484.650,194753
1787810436495,14083928-4f13-aa04-3e54-8c263b088cb1,/p/0/ce365182943c2768,5,200,518568,67.587,1835.518,282519
1787810436495,14083928-4f13-aa04-3e54-8c263b088cb1,/p/3/ce365282943c291b,5,200,420714,81.792,1903.872,220978
1787810435973,10282b25-88d2-49b4-dc6b-7ab3b875e9e4,/p/0/215f2fa0ded4b28a,5,200,428258,2.194,2463.921,173812
1787810409208,16864d94-b0b1-7c67-8072-6515eeb7838a,/p/0/bae91e1e6de3abc4,2,200,5385117,40.367,29231.787,184221
1787810437658,fc97bfa7-235d-3fc5-1122-8ebed5c0cde0,/p/4/3567c9b8d3cb6206,3,200,203460,54.691,784.096,259483
1787810437658,fc97bfa7-235d-3fc5-1122-8ebed5c0cde0,/p/0/3567cab8d3cb63b9,3,200,279366,54.707,789.047,354055
1787810435511,48aed0f1-d51c-f9ee-d3dc-d8ab6c4698fb,/p/0/6d5f6d668d0d9b67,1,200,2690811,59.721,2948.215,912692
1787810437463,f96cf050-1440-7233-cad8-3abef4e2a5ef,/p/1/e532ece8c98cfcd7,5,200,151739,178.189,1052.714,144141
1787810425166,ed44bc0f-ef2d-a9ce-7a2d-62863ae567a0,/p/4/121b115ad404f34c,7,200,487321,327.419,13370.352,36448
1787810434887,a55038e8-f907-c643-c309-eef4df21ca8a,/p/0/a4d068e82739264,1,200,375973,329.884,3695.771,101731
1787810438399,14083928-4f13-aa04-3e54-8c263b088cb1,/p/2/d8272b80f808f285,6,200,95695,83.223,382.838,249962
1787810438447,fc97bfa7-235d-3fc5-1122-8ebed5c0cde0,/p/0/b3c07f2686a9677,4,200,50772,104.226,335.089,151518
1787810435159,eb7e981e-236e-e62e-fcbd-039d90b367ca,/p/0/4eca3f8e999f5260,5,200,240213,283.477,3644.909,65904
1787810435573,48566d99-8687-1c66-c262-45eb68f9fd83,/p/0/76b8168ba158fad9,4,200,52187,428.638,3260.695,16005
1787810437476,e006d3a4-893c-ecdd-0350-87bafabb266c,/p/0/1cfc63d278cbd8d5,4,200,191959,141.985,1371.412,139972
1787810437297,19626a39-cfe2-b4f2-9bee-f6b505059680,/p/0/8cc8b406290d8193,6,200,204473,453.821,1558.184,131225
1787810416622,19626a39-cfe2-b4f2-9bee-f6b505059680,/p/0/8f1fd7166f34ba2c,1,200,2796143,339.740,22270.160,125556
1787810437655,1ff3bcd1-0da7-cd02-1374-522545639cba,/p/6/8fcf8c36f05731f1,5,200,3102477,8.580,1266.074,2450471
1787810437219,19391e0a-3e31-7406-f722-99624c645e62,/p/0/8c3504e1ab89be50,3,200,170842,276.983,1728.952,98812
1787810438921,1ff3bcd1-0da7-cd02-1374-522545639cba,/p/5/24e5cacc8be26a1d,6,200,33303,20.315,28.235,1179495
1787810436495,14083928-4f13-aa04-3e54-8c263b088cb1,/p/0/ce365482943c2c81,5,200,482522,61.750,2492.649,193578
1787810438921,1ff3bcd1-0da7-cd02-1374-522545639cba,/p/0/24e5c8cc8be266b7,6,200,98193,28.794,83.121,1181319
1787810437987,63a2f736-a599-8f16-6df1-716b89ede193,/p/0/85178d621b2a41cd,3,200,13136,393.900,1045.497,12564
1787810437658,fc97bfa7-235d-3fc5-1122-8ebed5c0cde0,/p/0/3567c7b8d3cb5ea0,3,200,422147,63.091,1441.706,292811
1787810438950,1ff3bcd1-0da7-cd02-1374-522545639cba,/p/4/3f6f05711607ac71,7,200,218085,19.862,153.407,1421606
1787810438950,1ff3bcd1-0da7-cd02-1374-522545639cba,/p/0/3f6f04711607aabe,7,200,175185,26.792,170.796,1025696
1787810435483,e4c8a592-ef20-dddc-e06d-c3bb2884d28d,/?crawl=122,0,200,386080,121.996,3643.063,105977
1787810439103,1ff3bcd1-0da7-cd02-1374-522545639cba,/p/3/a40bc520493e5203,8,200,86140,20.331,108.684,792574
1787810400707,5bf49a11-3401-a7a4-7d34-f0e4ab04e2d3,/p/0/1cf7f85b962057a7,1,200,5455808,54.649,38538.624,141567
1787810436598,4a600044-b824-75ce-64cc-0ee37bb6476e,/p/0/cae5fdb6e181af0f,2,200,331197,219.252,2674.034,123857
1787810423530,fff1ea97-b6b4-3164-10bb-35abbc98d713,/p/8/ec530da525493399,5,200,3343264,211.245,15781.572,211846
1787810438442,fc97bfa7-235d-3fc5-1122-8ebed5c0cde0,/p/3/b3c06f2686a94c4,4,200,205543,112.455,928.989,221255
1787810409208,16864d94-b0b1-7c67-8072-6515eeb7838a,/p/2/bae91f1e6de3ad77,2,200,5947997,59.173,30177.842,197098
1787810439212,1ff3bcd1-0da7-cd02-1374-522545639cba,/p/2/d9806960d9de78c0,9,200,277223,20.108,175.665,1578136
1787810417551,df4ac379-8e22-4164-6bfd-c5879d5cd9b5,/p/0/8bcb70de09de16a4,2,200,2633870,42.814,21899.254,120272
1787810439103,1ff3bcd1-0da7-cd02-1374-522545639cba,/p/0/a40bc420493e5050,8,200,205897,26.030,406.676,506293
1787810438950,1ff3bcd1-0da7-cd02-1374-522545639cba,/p/0/3f6f03711607a90b,7,200,439425,27.909,566.211,776079
1787810438161,5bf49a11-3401-a7a4-7d34-f0e4ab04e2d3,/p/13/a8745d91a32ca938,5,200,137986,272.931,1371.977,100575
1787810436927,0749ca82-1e65-8f0a-ba8a-b79b9d25deac,/p/8/1a5d86930302e15f,8,200,180123,214.101,2649.623,67981
1787810438782,14083928-4f13-aa04-3e54-8c263b088cb1,/p/1/e151dd368ce4436f,7,200,197928,62.324,862.187,229565
1787810439386,16864d94-b0b1-7c67-8072-6515eeb7838a,/p/1/b1c1c38653e8e862,3,200,48090,39.974,374.077,128556
1787810439387,1ff3bcd1-0da7-cd02-1374-522545639cba,/p/0/d9806a60d9de7a73,9,200,378370,21.476,381.128,992763
1787810437987,63a2f736-a599-8f16-6df1-716b89ede193,/p/19/85178b621b2a3e67,3,200,69593,662.909,1783.075,39030
1787810439769,1ff3bcd1-0da7-cd02-1374-522545639cba,/p/0/9743cddfa5c2faea,10,200,54121,23.858,55.648,972555
1787810438536,ed44bc0f-ef2d-a9ce-7a2d-62863ae567a0,/p/0/68eb46bbfcf45237,8,200,10768,1084.026,1295.927,8309
1787810437413,1444af44-e257-f0a8-290f-fb91f3b658e2,/p/3/e815bac5050f42f5,3,200,379228,165.797,2461.718,154050
1787810437219,19391e0a-3e31-7406-f722-99624c645e62,/p/0/8c3507e1ab89c369,3,200,508521,32.518,2674.721,190121
1787810439371,fc97bfa7-235d-3fc5-1122-8ebed5c0cde0,/p/0/b036649e67672744,5,200,229856,47.604,551.507,416778
1787810437413,1444af44-e257-f0a8-290f-fb91f3b658e2,/p/0/e815b9c5050f4142,3,200,364145,71.534,2546.838,142979
1787810430658,3e71326f-e416-3c5e-6236-7bd18a29c656,/p/7/64b577e8b3f2a85c,3,200,394544,441.153,9522.420,41433
1787810437025,1cf52f86-b72d-b329-7e9f-ab00fc76d7b0,/p/0/660b135b1075c0e1,6,200,283142,178.010,3349.528,84532
1787810429207,d9b27d91-0fa9-612c-4b18-86aa6c1a66d6,/p/0/e9cc9c95c5c2741b,2,200,386205,755.511,11197.760,34489
1787810395405,e0d036c2-b593-f2f7-d9b7-9fae6a22b46f,/p/0/9fad20e20bb1846e,2,200,5112126,286.763,45166.380,113184
1787810430822,1ab85c26-3c31-03fe-56cf-9e345653fe8a,/p/1/accdd7742e0a395f,2,200,276334,502.921,9753.856,28331
1787810439824,1ff3bcd1-0da7-cd02-1374-522545639cba,/p/0/9743ccdfa5c2f937,10,200,493351,18.596,872.187,565648
1787810437413,1444af44-e257-f0a8-290f-fb91f3b658e2,/p/0/e815b8c5050f3f8f,3,200,471012,34.824,3313.772,142138
1787810438161,5bf49a11-3401-a7a4-7d34-f0e4ab04e2d3,/p/0/a8745e91a32caaeb,5,200,121546,158.380,2573.702,47226
1787810439246,5bf49a11-3401-a7a4-7d34-f0e4ab04e2d3,/p/0/a8745f91a32cac9e,5,200,123367,189.266,1516.360,81357
1787810375511,63feb0eb-2564-8058-5024-1e4cb93e9190,/p/0/8be8eecaf3720e7,1,200,4355940,177.898,65330.350,66676
1787810427483,5dc1e98b-e944-26bb-e977-30c41b3bf4a0,/?crawl=110,0,200,425905,667.071,13477.971,31600
1787810398832,63feb0eb-2564-8058-5024-1e4cb93e9190,/p/0/9bc31a0448fc678b,5,200,4254007,606.565,42131.922,100969
1787810439577,0749ca82-1e65-8f0a-ba8a-b79b9d25deac,/p/0/778c572464a26f3a,9,200,34685,167.631,1466.115,23658
1787810437170,0bc6c343-fd5b-3b3e-37e3-d1d8563349f9,/p/0/d67c126ac398b086,2,200,392675,165.207,3968.459,98949
1787810439386,16864d94-b0b1-7c67-8072-6515eeb7838a,/p/0/b1c1c48653e8ea15,3,200,155838,145.163,1776.633,87715
1787810428133,48566d99-8687-1c66-c262-45eb68f9fd83,/p/0/76b8138ba158f5c0,4,200,478830,406.841,13062.887,36656
1787810428133,48566d99-8687-1c66-c262-45eb68f9fd83,/p/3/76b8148ba158f773,4,200,422238,584.042,13097.853,32237
1787810435159,eb7e981e-236e-e62e-fcbd-039d90b367ca,/p/4/4eca408e999f5413,5,200,521568,297.072,6079.954,85785
1787810412817,fe9f5242-1dee-d8c5-2769-78aba5955fb8,/p/8/7ff8d3f6f4ff3bd6,5,200,4893865,240.102,28474.692,171867
1787810378486,63feb0eb-2564-8058-5024-1e4cb93e9190,/p/0/43bc1512a805cd2c,2,200,4941536,526.422,62842.358,78634
1787810437690,5bf49a11-3401-a7a4-7d34-f0e4ab04e2d3,/p/0/58d19b20a18b168d,4,200,347737,221.858,3716.390,93568
1787810437655,1ff3bcd1-0da7-cd02-1374-522545639cba,/p/0/8fcf8b36f057303e,5,200,5821763,8.229,3762.230,1547423
1787810438847,e006d3a4-893c-ecdd-0350-87bafabb266c,/p/0/1cfc60d278cbd3bc,4,200,164905,250.540,2621.035,62916
1787810428637,1e46a455-56c8-91fa-0560-77e275a2328b,/p/17/1bb2f3720bffa67d,2,200,3516982,272.147,12866.463,273345
1787810438782,14083928-4f13-aa04-3e54-8c263b088cb1,/p/0/e151dc368ce441bc,7,200,498131,62.368,2835.939,175649
1787810438988,14083928-4f13-aa04-3e54-8c263b088cb1,/p/0/e151df368ce446d5,7,200,501352,100.828,2643.086,189684
1787810391358,63feb0eb-2564-8058-5024-1e4cb93e9190,/p/2/9bc31c0448fc6af1,5,200,5907534,483.633,50332.900,117369
1787810438921,1ff3bcd1-0da7-cd02-1374-522545639cba,/p/0/24e5c9cc8be2686a,6,200,2808539,20.944,2889.088,972120
1787810439516,1ff3bcd1-0da7-cd02-1374-522545639cba,/p/1/9743cedfa5c2fc9d,10,200,2558814,19.158,2494.916,1025611
1787810439760,16864d94-b0b1-7c67-8072-6515eeb7838a,/p/0/d1b1ac1c0e3ede8,4,200,162999,302.559,2294.967,71025
1787810416331,0bc6c343-fd5b-3b3e-37e3-d1d8563349f9,/p/0/e8a8c5f8eefe5bca,1,200,4076171,27.006,25758.652,158245
1787810439760,16864d94-b0b1-7c67-8072-6515eeb7838a,/p/0/d1b1dc1c0e3f301,4,200,196053,202.379,2354.412,83270
1787810441631,14083928-4f13-aa04-3e54-8c263b088cb1,/p/0/9f1006bd28cfd7c4,8,200,102106,58.839,599.772,170241
1787810441239,eb7e981e-236e-e62e-fcbd-039d90b367ca,/p/3/f259bc3d657b3947,6,200,54262,383.986,1037.076,52322
1787810399704,e0d036c2-b593-f2f7-d9b7-9fae6a22b46f,/p/0/2d7d67403e81f9a,3,200,5732257,364.725,42589.807,134592
1787810442011,1ff3bcd1-0da7-cd02-1374-522545639cba,/p/0/4d30a839ef62c507,11,200,307477,20.467,284.873,1079346
1787810427522,cf6b0c32-d027-3b38-e2ca-a9d4c3aeba8a,/p/0/a5036e9b28a4420e,4,200,3714065,286.800,14776.428,251351
1787810439533,5bf49a11-3401-a7a4-7d34-f0e4ab04e2d3,/p/12/8a4f260d9a63a710,6,200,251528,179.133,2788.864,90190
1787810442011,1ff3bcd1-0da7-cd02-1374-522545639cba,/p/0/4d30a739ef62c354,11,200,456019,20.267,380.668,1197945
1787810441618,14083928-4f13-aa04-3e54-8c263b088cb1,/p/0/9f1009bd28cfdcdd,8,200,140351,59.558,828.818,169339
1787810439875,1444af44-e257-f0a8-290f-fb91f3b658e2,/p/2/66dd1e289177a010,4,200,279514,247.137,2612.043,107010
1787810439386,16864d94-b0b1-7c67-8072-6515eeb7838a,/p/0/b1c1c18653e8e4fc,3,200,318176,125.189,3113.797,102183
1787810439770,63a2f736-a599-8f16-6df1-716b89ede193,/p/0/88d9dff4a70eab97,4,200,62879,471.347,2831.089,22210
1787810439312,fff1ea97-b6b4-3164-10bb-35abbc98d713,/p/0/7efa1af38f49d514,6,200,111747,803.002,3326.420,33594
1787810439312,fff1ea97-b6b4-3164-10bb-35abbc98d713,/p/0/7efa1df38f49da2d,6,200,306824,802.886,3329.210,92161
1787810441691,63feb0eb-2564-8058-5024-1e4cb93e9190,/p/0/4aacd8ed63ced014,6,200,265058,4.489,965.147,274630
1787810441691,63feb0eb-2564-8058-5024-1e4cb93e9190,/p/0/4aacdbed63ced52d,6,200,320946,4.524,971.210,330460
1787810439760,16864d94-b0b1-7c67-8072-6515eeb7838a,/p/0/d1b1bc1c0e3ef9b,4,200,308184,302.622,2939.834,104830
1787810441230,48566d99-8687-1c66-c262-45eb68f9fd83,/p/2/e8040c3d23e7edd6,5,200,48637,1172.837,1496.592,32498
1787810434732,0cac6aae-1489-56e0-7461-86608a6b60d9,/p/5/136f560077b48020,7,200,3380380,103.403,8058.994,419454
1787810423530,fff1ea97-b6b4-3164-10bb-35abbc98d713,/p/0/ec530ba525493033,5,200,5531070,191.482,19316.280,286342
1787810440762,5bf49a11-3401-a7a4-7d34-f0e4ab04e2d3,/p/0/8a4f280d9a63aa76,6,200,166188,259.360,2092.282,79429
1787810410255,fe9f5242-1dee-d8c5-2769-78aba5955fb8,/p/0/6df28844d4bba1f,4,200,5385455,238.293,32684.380,164772
1787810437463,f96cf050-1440-7233-cad8-3abef4e2a5ef,/p/0/e532ebe8c98cfb24,5,200,411766,144.638,5514.018,74676
1787810395405,e0d036c2-b593-f2f7-d9b7-9fae6a22b46f,/p/0/9fad1fe20bb182bb,2,200,5854688,309.708,47588.597,123027
1787810439126,e4c8a592-ef20-dddc-e06d-c3bb2884d28d,/p/5/279e6c7f4ade7bed,1,200,139585,121.549,3892.284,35862
1787810439510,1ff3bcd1-0da7-cd02-1374-522545639cba,/p/0/d9806b60d9de7c26,9,200,4191845,16.347,3561.389,1177025
1787810439120,1ff3bcd1-0da7-cd02-1374-522545639cba,/p/0/a40bc720493e5569,8,200,4940408,16.288,3960.629,1247380
1787810442487,1444af44-e257-f0a8-290f-fb91f3b658e2,/p/0/eee91896d8776e73,5,200,56993,188.112,767.129,74294
1787810439126,e4c8a592-ef20-dddc-e06d-c3bb2884d28d,/p/0/279e6b7f4ade7a3a,1,200,329843,121.671,4158.130,79325
1787810422483,0259e658-774f-d392-9487-017f5735e0f8,/?crawl=104,0,200,4346628,70.873,20809.270,208879
1787810441504,1e46a455-56c8-91fa-0560-77e275a2328b,/p/0/3c069b017e492b83,3,200,245884,63.497,1828.856,134447
1787810439126,e4c8a592-ef20-dddc-e06d-c3bb2884d28d,/p/0/279e6a7f4ade7887,1,200,462832,233.312,4246.513,108991
1787810402143,108c8b66-9697-13f3-c04b-5ad9afcac289,/p/0/917798234a71c64e,3,200,2948675,350.357,41402.222,71220
1787810417278,c0c10915-3471-79f2-0f28-e98cd9c13848,/p/0/fbb584b8da99c932,1,200,3393367,168.779,26319.852,128928
1787810437025,1cf52f86-b72d-b329-7e9f-ab00fc76d7b0,/p/4/660b115b1075bd7b,6,200,502989,162.234,6693.341,75148
1787810434483,e433120d-9660-b149-3ae2-ab6d26b5c37e,/?crawl=119,0,200,451105,296.879,9246.332,48787
1787810443018,e4c8a592-ef20-dddc-e06d-c3bb2884d28d,/p/0/d6bc51d282368f7f,2,200,168689,354.196,802.723,210146
1787810441691,63feb0eb-2564-8058-5024-1e4cb93e9190,/p/1/4aacd9ed63ced1c7,6,200,5299476,4.493,2305.065,2299057
1787810441230,48566d99-8687-1c66-c262-45eb68f9fd83,/p/0/e8040d3d23e7ef89,5,200,335835,1171.523,2836.352,118404
1787810441468,e006d3a4-893c-ecdd-0350-87bafabb266c,/p/9/c6a06022d877cda2,5,200,112756,1427.921,2632.755,42828
1787810441504,1e46a455-56c8-91fa-0560-77e275a2328b,/p/0/3c069c017e492d36,3,200,364339,235.489,2621.502,138981
1787810437219,19391e0a-3e31-7406-f722-99624c645e62,/p/1/8c3506e1ab89c1b6,3,200,2427353,228.938,6965.287,348493
1787810443018,e4c8a592-ef20-dddc-e06d-c3bb2884d28d,/p/0/d6bc52d282369132,2,200,233147,355.144,1172.394,198864
1787810442487,1444af44-e257-f0a8-290f-fb91f3b658e2,/p/1/eee91a96d87771d9,5,200,135148,188.009,1715.359,78787
1787810443729,e433120d-9660-b149-3ae2-ab6d26b5c37e,/p/0/9db75dec170e8bdd,1,200,21108,290.443,587.672,35918
1787810441504,1e46a455-56c8-91fa-0560-77e275a2328b,/p/16/3c069a017e4929d0,3,200,376375,41.956,2849.224,132097
1787810410548,548a7f9d-41e4-e529-50a4-b4a5553f5aa5,/p/0/2af066cd1165ee09,1,200,2393237,533.978,33914.421,70567
1787810438516,f96cf050-1440-7233-cad8-3abef4e2a5ef,/p/0/ca9fd995a60e0acf,6,200,493691,203.548,5947.555,83007
1787810443719,1cf52f86-b72d-b329-7e9f-ab00fc76d7b0,/p/0/8e4815b6dbace719,7,200,43663,159.337,946.697,46121
1787810420523,df4ac379-8e22-4164-6bfd-c5879d5cd9b5,/p/0/9afb5876d1d43001,3,200,2736109,268.363,24181.199,113150
1787810424134,7e3c1cd0-0bdb-f00a-7159-a3e2c48d65fc,/p/0/ed01d2c8e40e0bf0,1,200,3534446,262.681,20741.015,170409
1787810443996,63feb0eb-2564-8058-5024-1e4cb93e9190,/p/0/c5d7cfb32d41f14b,7,200,283188,3.973,973.417,290921
1787810432532,dc1bc04f-82e3-aae1-b398-98a3731896a3,/p/0/510bc7c398c7e48b,4,200,4354734,168.682,12454.450,349653
1787810444184,19391e0a-3e31-7406-f722-99624c645e62,/p/0/d60415b644442273,4,200,104793,33.071,833.748,125689
1787810444483,fc04e8ae-bcfa-a7e8-fa67-69e77ae9c9a2,/?crawl=126,0,200,411282,26.925,608.493,675903
1787810442322,5bf49a11-3401-a7a4-7d34-f0e4ab04e2d3,/p/0/f23364f5078b4fd0,7,200,269053,170.334,2835.451,94889
1787810429918,e006d3a4-893c-ecdd-0350-87bafabb266c,/p/0/95cf075d06d1cfa5,1,200,2152676,79.275,15293.782,140755
1787810441292,fe9f5242-1dee-d8c5-2769-78aba5955fb8,/p/0/9dce05ded2bfbbf,6,200,341410,306.035,4014.731,85039
1787810443292,0259e658-774f-d392-9487-017f5735e0f8,/p/0/a740d1e1a1deec76,1,200,138889,417.192,2050.353,67739
1787810444203,1444af44-e257-f0a8-290f-fb91f3b658e2,/p/0/ef26778357af8975,6,200,74216,228.533,1311.521,56588
1787810444184,19391e0a-3e31-7406-f722-99624c645e62,/p/0/d60414b6444420c0,4,200,260994,113.816,1502.560,173700
1787810442791,0cac6aae-1489-56e0-7461-86608a6b60d9,/p/0/592e3049eca1f31c,8,200,328512,60.228,2926.237,112264
1787810444483,44fb2a9d-e797-8d90-5530-e491304695c9,/?crawl=125,0,200,399349,51.471,1400.603,285126
1787810444184,19391e0a-3e31-7406-f722-99624c645e62,/p/0/d60417b6444425d9,4,200,428154,49.613,1792.731,238828
1787810444353,1e46a455-56c8-91fa-0560-77e275a2328b,/p/0/d0a461616b6f9a6e,4,200,209956,42.885,1634.709,128436
1787810441230,48566d99-8687-1c66-c262-45eb68f9fd83,/p/0/e8040a3d23e7ea70,5,200,425433,1171.646,4762.236,89335
1787810423269,48566d99-8687-1c66-c262-45eb68f9fd83,/p/0/8916c8c8ba634935,3,200,2219867,358.435,22733.004,97650
1787810442727,48566d99-8687-1c66-c262-45eb68f9fd83,/p/1/b3978e4b0003cd9e,6,200,482630,1343.698,3281.727,147066
1787810440576,1ab85c26-3c31-03fe-56cf-9e345653fe8a,/p/0/501624f987dff028,3,200,67424,1532.492,5458.186,12353
1787810442487,1444af44-e257-f0a8-290f-fb91f3b658e2,/p/0/eee91996d8777026,5,200,296345,168.276,3608.720,82119
1787810440735,5bf49a11-3401-a7a4-7d34-f0e4ab04e2d3,/p/0/8a4f270d9a63a8c3,6,200,487220,178.389,5627.620,86577
1787810428118,b65c0c64-3b12-5a25-dd6f-f7450caa3086,/p/12/fcd27de7048780fa,1,200,5055000,51.656,18455.822,273897
1787810408450,9be8c8ed-4ea5-2062-ff35-3b8a81f1f7ed,/p/0/1c4557fa4aab24a5,3,200,4768474,39.896,38188.701,124866
1787810400762,5bf49a11-3401-a7a4-7d34-f0e4ab04e2d3,/p/0/8ea7d9918a16880b,2,200,6247375,139.331,45923.585,136038
1787810440181,3e71326f-e416-3c5e-6236-7bd18a29c656,/p/0/15e6c6c0c617a135,4,200,302978,928.913,6702.349,45205
1787810442791,0cac6aae-1489-56e0-7461-86608a6b60d9,/p/4/592e3149eca1f4cf,8,200,505830,87.224,4131.357,122437
1787810444067,48566d99-8687-1c66-c262-45eb68f9fd83,/p/0/b3978f4b0003cf51,6,200,174649,1944.344,2905.019,60120
1787810441239,eb7e981e-236e-e62e-fcbd-039d90b367ca,/p/0/f259be3d657b3cad,6,200,374751,179.460,5897.855,63540
1787810445884,44fb2a9d-e797-8d90-5530-e491304695c9,/p/0/1fb617f03aa1c31b,1,200,80267,50.778,1292.222,62116
1787810445884,44fb2a9d-e797-8d90-5530-e491304695c9,/p/0/1fb618f03aa1c4ce,1,200,200325,124.399,1491.694,134294
1787810435973,10282b25-88d2-49b4-dc6b-7ab3b875e9e4,/p/0/215f30a0ded4b43d,5,200,6188535,412.104,11442.603,540833
1787810444353,1e46a455-56c8-91fa-0560-77e275a2328b,/p/0/d0a460616b6f98bb,4,200,511063,218.014,3094.208,165168
1787810434830,6f0efafe-e89d-5630-efce-78caa6d5edb0,/p/0/cac378b520043d8a,3,200,5264786,157.145,12819.925,410672
1787810440576,1ab85c26-3c31-03fe-56cf-9e345653fe8a,/p/0/501627f987dff541,3,200,180770,253.587,7119.466,25391
1787810437987,63a2f736-a599-8f16-6df1-716b89ede193,/p/0/85178a621b2a3cb4,3,200,384986,430.013,9887.693,38936
1787810443719,1cf52f86-b72d-b329-7e9f-ab00fc76d7b0,/p/3/8e4814b6dbace566,7,200,424192,175.646,4253.630,99725
1787810395267,1cf52f86-b72d-b329-7e9f-ab00fc76d7b0,/p/0/417cb6cb46ce4a0e,1,200,5894120,49.289,52705.621,111831
1787810435537,14083928-4f13-aa04-3e54-8c263b088cb1,/p/0/5402b7cb0c9c21a2,4,200,3596672,85.134,12524.539,287170
1787810438536,ed44bc0f-ef2d-a9ce-7a2d-62863ae567a0,/p/3/68eb48bbfcf4559d,8,200,396148,722.345,9531.678,41561
1787810411240,9be8c8ed-4ea5-2062-ff35-3b8a81f1f7ed,/p/0/b300b8b120157f9,4,200,6119461,257.291,36831.669,166147
1787810438536,ed44bc0f-ef2d-a9ce-7a2d-62863ae567a0,/p/0/68eb47bbfcf453ea,8,200,415993,690.444,9619.459,43245
1787810441239,eb7e981e-236e-e62e-fcbd-039d90b367ca,/p/0/f259bb3d657b3794,6,200,325183,245.251,7003.345,46433
1787810440181,3e71326f-e416-3c5e-6236-7bd18a29c656,/p/6/15e6c5c0c6179f82,4,200,266181,806.065,8210.195,32421
1787810447483,07441853-5a0b-0fea-263f-0b9c1a49df63,/?crawl=128,0,200,321463,46.082,980.494,327858
1787810430786,d8034ba6-4789-5f97-4360-1ea481a9ca9b,/p/0/aa71d87648c02f93,9,200,3446816,163.910,17978.884,191715
1787810395622,108c8b66-9697-13f3-c04b-5ad9afcac289,/p/0/d4e70928db693b08,1,200,5576578,51.599,53436.513,104359
1787810424134,7e3c1cd0-0bdb-f00a-7159-a3e2c48d65fc,/p/0/ed01d3c8e40e0da3,1,200,4966127,61.739,25050.419,198245
1787810446922,0cac6aae-1489-56e0-7461-86608a6b60d9,/p/3/7b178aa9dcab6f9a,9,200,275085,148.578,2500.871,109996
1787810430464,9bf2b6df-b71f-4735-ded7-322fbe959fbf,/p/0/2151072b8b300b33,1,200,4317620,81.125,18993.460,227321
1787810448483,365440e8-3b12-d7b5-07b9-ad55baa9c2da,/?crawl=130,0,200,491367,33.465,983.017,499856
1787810446491,e05bb7f6-272b-355e-0d2c-78db980475ad,/?crawl=127,0,200,2915944,21.735,3046.194,957242
1787810402143,108c8b66-9697-13f3-c04b-5ad9afcac289,/p/3/917796234a71c2e8,3,200,6110169,252.073,47484.688,128677
1787810449483,702b7d66-0ccc-7dff-26e7-1a1bb8b4a3ab,/?crawl=134,0,200,158237,19.260,157.254,1006253
1787810443996,63feb0eb-2564-8058-5024-1e4cb93e9190,/p/0/c5d7d1b32d41f4b1,7,200,2524193,3.608,5660.057,445966
1787810449466,365440e8-3b12-d7b5-07b9-ad55baa9c2da,/p/0/7ad9f60e0af9acd1,1,200,39801,29.551,217.048,183374
1787810449628,108c8b66-9697-13f3-c04b-5ad9afcac289,/p/2/f17ccb7c51bbf327,4,200,120672,2.155,335.471,359709
1787810443292,0259e658-774f-d392-9487-017f5735e0f8,/p/0/a740d0e1a1deeac3,1,200,444825,417.220,6790.035,65511
1787810446922,0cac6aae-1489-56e0-7461-86608a6b60d9,/p/0/7b1788a9dcab6c34,9,200,417694,148.627,3223.561,129575
1787810437170,0bc6c343-fd5b-3b3e-37e3-d1d8563349f9,/p/3/d67c136ac398b239,2,200,2118896,165.306,12993.103,163079
1787810439483,f9ac92eb-1252-5f06-7cc4-1f45fa8220a1,/?crawl=124,0,200,4485429,35.372,10724.651,418235
1787810444203,1444af44-e257-f0a8-290f-fb91f3b658e2,/p/0/ef26768357af87c2,6,200,491933,228.592,6007.172,81891
1787810449640,702b7d66-0ccc-7dff-26e7-1a1bb8b4a3ab,/p/16/c8834a845d65836a,1,200,258080,41.682,577.101,447201
1787810446574,b65c0c64-3b12-5a25-dd6f-f7450caa3086,/p/11/8e9c2f2d5c975cfc,2,200,414229,54.220,3659.127,113204
1787810449423,0cac6aae-1489-56e0-7461-86608a6b60d9,/p/2/71bf79b50b28289c,10,200,55338,266.645,816.200,67800
1787810449423,0cac6aae-1489-56e0-7461-86608a6b60d9,/p/0/71bf7ab50b282a4f,10,200,93680,178.036,1120.535,83603
1787810450208,f9ac92eb-1252-5f06-7cc4-1f45fa8220a1,/p/0/b3206b4dcf3cb5c8,1,200,60079,34.951,387.097,155204
1787810442276,eb7e981e-236e-e62e-fcbd-039d90b367ca,/p/2/459dccc1d5f91203,7,200,318560,282.855,8348.222,38159
1787810450483,25cff348-5e81-98b4-fafc-1d1ec23b7b1a,/?crawl=135,0,200,158163,26.143,284.403,556123
1787810436598,4a600044-b824-75ce-64cc-0ee37bb6476e,/p/0/cae5feb6e181b0c2,2,200,4783879,37.944,14175.323,337479
1787810449466,365440e8-3b12-d7b5-07b9-ad55baa9c2da,/p/0/7ad9f30e0af9a7b8,1,200,329835,86.285,1398.387,235868
1787810449466,365440e8-3b12-d7b5-07b9-ad55baa9c2da,/p/1/7ad9f50e0af9ab1e,1,200,338930,143.417,1426.584,237582
1787810449628,108c8b66-9697-13f3-c04b-5ad9afcac289,/p/0/f17cca7c51bbf174,4,200,522258,2.805,1273.904,409966
1787810449963,108c8b66-9697-13f3-c04b-5ad9afcac289,/p/1/3143ded2760f9987,5,200,8832,970.970,971.133,9095
1787810449963,108c8b66-9697-13f3-c04b-5ad9afcac289,/p/0/3143e0d2760f9ced,5,200,32310,971.140,974.426,33158
1787810449963,108c8b66-9697-13f3-c04b-5ad9afcac289,/p/0/3143ddd2760f97d4,5,200,158857,982.691,1033.909,153647
1787810449537,e05bb7f6-272b-355e-0d2c-78db980475ad,/p/2/468ac1ab63d7ad8e,1,200,520967,80.074,1515.151,343838
1787810449537,e05bb7f6-272b-355e-0d2c-78db980475ad,/p/0/468ac2ab63d7af41,1,200,414821,96.432,1563.255,265357
1787810400830,1cf52f86-b72d-b329-7e9f-ab00fc76d7b0,/p/0/7933a5c80ad18438,4,200,5510856,176.692,50294.861,109571
1787810447973,1cf52f86-b72d-b329-7e9f-ab00fc76d7b0,/p/0/d3685d70a263cccd,8,200,201375,1341.940,3154.128,63845
1787810447973,1cf52f86-b72d-b329-7e9f-ab00fc76d7b0,/p/2/d3685c70a263cb1a,8,200,313857,1775.867,3164.822,99171
1787810449641,702b7d66-0ccc-7dff-26e7-1a1bb8b4a3ab,/p/0/c8834b845d65851d,1,200,423048,12.771,1549.506,273021
1787810439770,63a2f736-a599-8f16-6df1-716b89ede193,/p/18/88d9e1f4a70eaefd,4,200,440472,736.200,11420.418,38569
1787810450208,f9ac92eb-1252-5f06-7cc4-1f45fa8220a1,/p/0/b3206e4dcf3cbae1,1,200,207324,90.716,1248.401,166072
1787810435732,86ebf542-ef38-601a-6982-dd2a1767e854,/p/0/c9c3c421a8932d,1,200,6027097,53.118,15831.773,380696
1787810451052,e05bb7f6-272b-355e-0d2c-78db980475ad,/p/1/1651036c310ad003,2,200,115502,103.453,557.244,207273
1787810450218,702b7d66-0ccc-7dff-26e7-1a1bb8b4a3ab,/p/0/cbfdb5903632e514,2,200,315768,84.420,1401.432,225318
1787810450892,365440e8-3b12-d7b5-07b9-ad55baa9c2da,/p/0/b56a1ced9c8b4ecc,2,200,241139,89.832,777.891,309991
1787810449423,0cac6aae-1489-56e0-7461-86608a6b60d9,/p/0/71bf7bb50b282c02,10,200,163233,252.476,2329.238,70080
1787810429584,d8034ba6-4789-5f97-4360-1ea481a9ca9b,/p/0/58f173906c4ced63,8,200,5416562,466.867,22221.416,243754
1787810440961,5dc1e98b-e944-26bb-e977-30c41b3bf4a0,/p/8/6efa5ba1dd9be1cc,1,200,133658,746.283,10891.279,12272
1787810435856,cf6b0c32-d027-3b38-e2ca-a9d4c3aeba8a,/p/0/3afc0e63d40567f5,6,200,3222771,996.668,16018.563,201190
1787810451609,e05bb7f6-272b-355e-0d2c-78db980475ad,/p/0/167c01f3eadf9fa9,3,200,27714,108.742,279.059,99312
1787810451483,fdf0536c-6a54-53be-3866-39099ef4d3ab,/?crawl=136,0,200,418395,19.196,448.446,932989
1787810450935,108c8b66-9697-13f3-c04b-5ad9afcac289,/p/0/11c0c75e11e2f4ba,6,200,10489,1012.547,1013.829,10346
1787810450935,108c8b66-9697-13f3-c04b-5ad9afcac289,/p/0/11c0c55e11e2f154,6,200,127245,1012.564,1019.266,124840
1787810450935,108c8b66-9697-13f3-c04b-5ad9afcac289,/p/0/11c0c85e11e2f66d,6,200,318500,1012.417,1024.707,310820
1787810445884,44fb2a9d-e797-8d90-5530-e491304695c9,/p/2/1fb616f03aa1c168,1,200,2340219,151.964,6097.978,383770
1787810433939,0c39296c-9d09-a3b9-cfb4-8e11142eafe6,/p/13/db9006444900ebb9,1,200,5002263,134.273,18209.614,274705
1787810450892,365440e8-3b12-d7b5-07b9-ad55baa9c2da,/p/0/b56a1eed9c8b5232,2,200,440964,31.511,1398.833,315237
1787810451982,44fb2a9d-e797-8d90-5530-e491304695c9,/p/1/b298fe6366a64763,2,200,93371,4.407,314.526,296862
1787810430638,e006d3a4-893c-ecdd-0350-87bafabb266c,/p/0/48bea43d8c08002a,2,200,2822366,170.033,21710.942,129997
1787810440181,3e71326f-e416-3c5e-6236-7bd18a29c656,/p/0/15e6c3c0c6179c1c,4,200,393417,883.159,12191.745,32269
1787810449628,108c8b66-9697-13f3-c04b-5ad9afcac289,/p/0/f17ccd7c51bbf68d,4,200,4955569,2.032,2958.398,1675085
1787810451982,44fb2a9d-e797-8d90-5530-e491304695c9,/p/0/b298fd6366a645b0,2,200,62499,314.184,641.004,97502
1787810451982,44fb2a9d-e797-8d90-5530-e491304695c9,/p/0/b299006366a64ac9,2,200,403175,4.854,642.810,627207
1787810450233,b65c0c64-3b12-5a25-dd6f-f7450caa3086,/p/0/15dd47fe3736ff70,3,200,125685,402.139,2443.176,51443
1787810422287,ab20e2c6-17bf-e321-abcd-e30c10aef1f9,/p/0/b205a1cdb142452e,3,200,4307053,214.287,30450.566,141444
1787810452483,35ac03d0-51a9-63b9-a4a8-48ace02c60be,/?crawl=137,0,200,131890,33.800,295.228,446739
1787810420523,df4ac379-8e22-4164-6bfd-c5879d5cd9b5,/p/3/9afb5676d1d42c9b,3,200,5368101,224.680,32500.581,165169
1787810450239,0cac6aae-1489-56e0-7461-86608a6b60d9,/p/0/f212d381843d5fb1,11,200,275282,141.233,2851.009,96556
1787810452778,35ac03d0-51a9-63b9-a4a8-48ace02c60be,/p/0/3518f426c8ca8ba4,1,200,72821,30.156,403.640,180411
1787810439312,fff1ea97-b6b4-3164-10bb-35abbc98d713,/p/7/7efa1bf38f49d6c7,6,200,4078221,803.516,13892.197,293562
1787810452297,44fb2a9d-e797-8d90-5530-e491304695c9,/p/0/2326cd0dfb63fd7a,3,200,198682,328.263,990.701,200547
1787810452297,44fb2a9d-e797-8d90-5530-e491304695c9,/p/0/2326cb0dfb63fa14,3,200,161500,328.204,997.921,161836
1787810453204,fff1ea97-b6b4-3164-10bb-35abbc98d713,/p/0/40bf47bd6c71bc6,7,200,31783,38.727,113.183,280810
1787810446009,48566d99-8687-1c66-c262-45eb68f9fd83,/p/0/dc5dadcf7f2506ff,7,200,228108,1786.154,7327.374,31131
1787810407913,0478c1ea-68e1-75c7-cddd-a5d083df15bb,/p/2/d6ca25eaec9be208,2,200,2838942,425.522,45627.252,62220
1787810434887,a55038e8-f907-c643-c309-eef4df21ca8a,/p/0/a4d078e82739417,1,200,4250236,329.916,18672.054,227626
1787810438399,14083928-4f13-aa04-3e54-8c263b088cb1,/p/0/d8272980f808ef1f,6,200,5071127,88.539,15169.396,334300
1787810407913,0478c1ea-68e1-75c7-cddd-a5d083df15bb,/p/0/d6ca27eaec9be56e,2,200,2493237,972.658,45700.168,54556
1787810417857,ab20e2c6-17bf-e321-abcd-e30c10aef1f9,/p/0/417681a01cc8e1e0,1,200,5650430,31.979,35783.967,157904
1787810451609,e05bb7f6-272b-355e-0d2c-78db980475ad,/p/0/167bfef3eadf9a90,3,200,390182,94.377,2031.564,192060
1787810451931,fdf0536c-6a54-53be-3866-39099ef4d3ab,/p/0/a1aea1c9342f9aaa,1,200,246285,16.800,1728.012,142525
1787810452778,35ac03d0-51a9-63b9-a4a8-48ace02c60be,/p/0/3518f726c8ca90bd,1,200,215478,30.219,916.771,235040
1787810432676,cf6b0c32-d027-3b38-e2ca-a9d4c3aeba8a,/p/0/92ed57fc9caf2a3,5,200,4434608,290.632,21030.816,210862
1787810400830,1cf52f86-b72d-b329-7e9f-ab00fc76d7b0,/p/0/7933a8c80ad18951,4,200,5769477,176.717,52906.852,109050
1787810452149,0c39296c-9d09-a3b9-cfb4-8e11142eafe6,/p/12/9cb336fbd996209f,2,200,142742,225.544,1746.425,81734
1787810450893,365440e8-3b12-d7b5-07b9-ad55baa9c2da,/p/0/b56a1ded9c8b507f,2,200,5310536,46.735,3026.664,1754584
1787810450163,0bc6c343-fd5b-3b3e-37e3-d1d8563349f9,/p/0/fcbf5780d98e5bc,3,200,405991,130.622,3854.020,105342
1787810451931,fdf0536c-6a54-53be-3866-39099ef4d3ab,/p/0/a1aea0c9342f98f7,1,200,509162,32.934,2161.031,235611
1787810443996,63feb0eb-2564-8058-5024-1e4cb93e9190,/p/0/c5d7d0b32d41f2fe,7,200,3890462,4.923,10116.953,384549
1787810438399,14083928-4f13-aa04-3e54-8c263b088cb1,/p/0/d8272a80f808f0d2,6,200,5553380,61.681,15802.328,351428
1787810423935,d9b27d91-0fa9-612c-4b18-86aa6c1a66d6,/p/0/3aab293f3679e5ef,1,200,2407332,419.922,30406.929,79171
1787810418608,c0c10915-3471-79f2-0f28-e98cd9c13848,/p/0/dcf14cd54e7250f5,2,200,5414667,172.055,35979.927,150491
1787810453541,0478c1ea-68e1-75c7-cddd-a5d083df15bb,/p/0/c9f7e6818846fadf,3,200,80883,329.071,1102.966,73332
1787810452297,44fb2a9d-e797-8d90-5530-e491304695c9,/p/0/2326cc0dfb63fbc7,3,200,4085433,328.342,2583.435,1581395
1787810450163,0bc6c343-fd5b-3b3e-37e3-d1d8563349f9,/p/2/fcbf7780d98e922,3,200,502326,143.690,4791.475,104837
1787810439644,14083928-4f13-aa04-3e54-8c263b088cb1,/p/0/9f1008bd28cfdb2a,8,200,6139747,83.835,15403.075,398605
1787810451190,63a2f736-a599-8f16-6df1-716b89ede193,/p/0/fbf7f98e0375b60a,5,200,144335,503.299,4136.045,34897
1787810433726,e006d3a4-893c-ecdd-0350-87bafabb266c,/p/0/a3ba38f0b063915b,3,200,2468213,105.734,21669.915,113900
1787810453541,0478c1ea-68e1-75c7-cddd-a5d083df15bb,/p/0/c9f7e7818846fc92,3,200,203175,246.314,1982.272,102496
1787810452149,0c39296c-9d09-a3b9-cfb4-8e11142eafe6,/p/0/9cb335fbd9961eec,2,200,291647,247.937,3380.341,86277
1787810453895,0c39296c-9d09-a3b9-cfb4-8e11142eafe6,/p/11/1fa893c4ad579ce5,3,200,76766,265.654,1633.879,46984
1787810418608,c0c10915-3471-79f2-0f28-e98cd9c13848,/p/0/dcf149d54e724bdc,2,200,5556061,188.141,36924.711,150470
1787810453204,fff1ea97-b6b4-3164-10bb-35abbc98d713,/p/6/40bf27bd6c71860,7,200,345487,173.676,2379.272,145207
1787810453895,0c39296c-9d09-a3b9-cfb4-8e11142eafe6,/p/0/1fa892c4ad579b32,3,200,102899,288.773,1701.903,60461
1787810448392,3e71326f-e416-3c5e-6236-7bd18a29c656,/p/0/20bbb1bceaeecc48,5,200,189242,588.029,7215.704,26226
1787810453737,1cf52f86-b72d-b329-7e9f-ab00fc76d7b0,/p/0/f6befdd120e92674,9,200,99866,160.792,1881.461,53079
1787810453204,fff1ea97-b6b4-3164-10bb-35abbc98d713,/p/0/40bf37bd6c71a13,7,200,415234,113.103,2588.140,160437
1787810447483,1360ae5a-bf91-0db1-25fb-3c3e7a9c795c,/?crawl=129,0,200,125878,5903.479,8515.876,14782
1787810452149,0c39296c-9d09-a3b9-cfb4-8e11142eafe6,/p/0/9cb338fbd9962405,2,200,478997,46.316,3877.194,123542
1787810452349,e006d3a4-893c-ecdd-0350-87bafabb266c,/p/8/5b477a97fe41dd56,6,200,487957,128.178,3686.973,132346
1787810430638,e006d3a4-893c-ecdd-0350-87bafabb266c,/p/0/48bea33d8c07fe77,2,200,2935546,135.923,25408.974,115532
1787810446972,48566d99-8687-1c66-c262-45eb68f9fd83,/p/0/dc5daecf7f2508b2,7,200,261251,1181.658,9120.653,28644
1787810451852,5dc1e98b-e944-26bb-e977-30c41b3bf4a0,/p/0/f2d08b96f08b5eb3,2,200,23755,2211.139,4263.692,5571
1787810448391,3e71326f-e416-3c5e-6236-7bd18a29c656,/p/0/20bbb4bceaeed161,5,200,270870,365.898,7811.974,34674
1787810450233,b65c0c64-3b12-5a25-dd6f-f7450caa3086,/p/0/15dd4afe37370489,3,200,380629,502.190,5983.302,63615
1787810451931,fdf0536c-6a54-53be-3866-39099ef4d3ab,/p/0/a1ae9fc9342f9744,1,200,2415316,65.455,4291.910,562760
1787810450233,b65c0c64-3b12-5a25-dd6f-f7450caa3086,/p/10/15dd48fe37370123,3,200,396119,327.661,6110.841,64822
1787810441292,fe9f5242-1dee-d8c5-2769-78aba5955fb8,/p/7/9dcdf5ded2bfa0c,6,200,2122993,306.033,15070.683,140869
1787810448156,ed44bc0f-ef2d-a9ce-7a2d-62863ae567a0,/p/0/60923926049f99,9,200,219794,421.937,8355.885,26304
1787810453024,df4ac379-8e22-4164-6bfd-c5879d5cd9b5,/p/0/8dc25757bb668ca0,4,200,336620,64.441,3594.526,93648
1787810455483,74679cd6-51a6-def2-fd41-4cc0c75826dd,/?crawl=139,0,200,445819,41.885,1165.180,382618
1787810455583,fff1ea97-b6b4-3164-10bb-35abbc98d713,/p/0/5cae962114d8066c,8,200,127283,189.567,1099.445,115770
1787810423935,d9b27d91-0fa9-612c-4b18-86aa6c1a66d6,/p/0/3aab2a3f3679e7a2,1,200,4682488,85.685,32757.752,142943
1787810454954,0bc6c343-fd5b-3b3e-37e3-d1d8563349f9,/p/0/c77dfad3a810c8c,4,200,225870,178.235,1743.671,129537
1787810438516,f96cf050-1440-7233-cad8-3abef4e2a5ef,/p/0/ca9fd895a60e091c,6,200,2352950,304.362,18309.066,128513
1787810442011,1ff3bcd1-0da7-cd02-1374-522545639cba,/p/0/4d30a939ef62c6ba,11,200,4892522,16.147,14856.644,329315
1787810455529,0c39296c-9d09-a3b9-cfb4-8e11142eafe6,/p/0/eb9ba77ab688d760,4,200,58759,247.520,1338.489,43899
1787810455583,fff1ea97-b6b4-3164-10bb-35abbc98d713,/p/0/5cae992114d80b85,8,200,159253,208.848,1414.275,112604
1787810416331,0bc6c343-fd5b-3b3e-37e3-d1d8563349f9,/p/0/e8a8c4f8eefe5a17,1,200,6241247,27.025,40716.366,153286
1787810429207,d9b27d91-0fa9-612c-4b18-86aa6c1a66d6,/p/7/e9cc9e95c5c27781,2,200,4678135,516.678,27876.615,167816
1787810455529,0c39296c-9d09-a3b9-cfb4-8e11142eafe6,/p/0/eb9baa7ab688dc79,4,200,128891,247.548,1630.705,79040
1787810454954,0bc6c343-fd5b-3b3e-37e3-d1d8563349f9,/p/0/c77e2ad3a8111a5,4,200,423463,163.844,2231.087,189801
1787810453023,df4ac379-8e22-4164-6bfd-c5879d5cd9b5,/p/0/8dc25a57bb6691b9,4,200,496490,64.471,4326.804,114748
1787810451125,1cf52f86-b72d-b329-7e9f-ab00fc76d7b0,/p/0/d3685a70a263c7b4,8,200,318683,1516.688,6225.965,51186
1787810450624,eb7e981e-236e-e62e-fcbd-039d90b367ca,/p/1/7c20d3bec0731945,8,200,263436,336.679,6736.690,39105
1787810457084,d9b27d91-0fa9-612c-4b18-86aa6c1a66d6,/p/6/70ac6eaaa297346c,3,200,64128,4.202,320.909,199833
1787810442854,5bf49a11-3401-a7a4-7d34-f0e4ab04e2d3,/p/0/f23367f5078b54e9,7,200,2330934,184.725,14621.823,159415
1787810418483,dac67aa3-6e0a-202f-e278-dd7cbc66cb98,/?crawl=95,0,200,2991767,643.465,39052.470,76609
1787810439875,1444af44-e257-f0a8-290f-fb91f3b658e2,/p/0/66dd1f289177a1c3,4,200,2336422,247.141,17662.351,132283
1787810438516,f96cf050-1440-7233-cad8-3abef4e2a5ef,/p/0/ca9fdb95a60e0e35,6,200,2631454,189.203,19051.493,138123
1787810448392,3e71326f-e416-3c5e-6236-7bd18a29c656,/p/5/20bbb2bceaeecdfb,5,200,380346,551.622,9297.993,40906
1787810456047,e006d3a4-893c-ecdd-0350-87bafabb266c,/p/7/e5bb532a85aa507c,7,200,174247,129.572,1667.025,104526
1787810427261,ab20e2c6-17bf-e321-abcd-e30c10aef1f9,/p/4/e1fd179ca12f412c,5,200,5781570,200.128,30483.162,189664
1787810450625,eb7e981e-236e-e62e-fcbd-039d90b367ca,/p/0/7c20d2bec0731792,8,200,255530,299.160,7265.895,35168
1787810457084,d9b27d91-0fa9-612c-4b18-86aa6c1a66d6,/p/0/70ac6faaa297361f,3,200,334392,322.247,1002.150,333674
1787810457084,d9b27d91-0fa9-612c-4b18-86aa6c1a66d6,/p/0/70ac70aaa29737d2,3,200,506348,321.050,1004.699,503980
1787810457405,d9b27d91-0fa9-612c-4b18-86aa6c1a66d6,/p/5/1e5cd8f96afad516,4,200,111249,683.605,685.149,162372
1787810457405,d9b27d91-0fa9-612c-4b18-86aa6c1a66d6,/p/0/1e5cd9f96afad6c9,4,200,19681,685.012,685.288,28719
1787810451137,1cf52f86-b72d-b329-7e9f-ab00fc76d7b0,/p/1/f6beffd120e929da,9,200,414267,1456.828,7167.313,57799
1787810457535,dac67aa3-6e0a-202f-e278-dd7cbc66cb98,/p/2/ae0c2d42882ded80,1,200,36646,479.842,822.195,44571
1787810440961,5dc1e98b-e944-26bb-e977-30c41b3bf4a0,/p/0/6efa5da1dd9be532,1,200,221625,746.349,17657.483,12551
1787810457483,d1011d9f-5343-c4b8-8767-7499047217b7,/?crawl=143,0,200,295841,57.067,1180.631,250579
1787810456344,b65c0c64-3b12-5a25-dd6f-f7450caa3086,/p/9/57c09d2dd7e3c183,4,200,140999,303.876,2386.033,59093
1787810457744,ab20e2c6-17bf-e321-abcd-e30c10aef1f9,/p/0/733c7fe47c50f736,6,200,180807,50.649,1168.976,154671
1787810457483,8e551002-bf5c-1717-e281-4fa00d9030bd,/?crawl=145,0,200,402200,56.900,1440.437,279221
1787810457714,e006d3a4-893c-ecdd-0350-87bafabb266c,/p/0/e5bb542a85aa522f,7,200,113352,138.334,1222.613,92713
1787810457744,ab20e2c6-17bf-e321-abcd-e30c10aef1f9,/p/3/733c80e47c50f8e9,6,200,222025,36.408,1580.569,140472
1787810442322,5bf49a11-3401-a7a4-7d34-f0e4ab04e2d3,/p/11/f23365f5078b5183,7,200,2640734,291.826,17015.858,155193
1787810414251,d66568bc-db56-b020-ae6e-bd870e82c002,/p/6/c11cbf5356912cf5,2,200,3711086,563.038,45108.869,82270
1787810457744,ab20e2c6-17bf-e321-abcd-e30c10aef1f9,/p/0/733c7ee47c50f583,6,200,334877,96.332,1695.415,197519
1787810458664,d1011d9f-5343-c4b8-8767-7499047217b7,/p/5/45614fe3bc981d78,1,200,84580,55.839,787.478,107406
1787810455529,0c39296c-9d09-a3b9-cfb4-8e11142eafe6,/p/10/eb9ba87ab688d913,4,200,440403,224.788,3957.725,111277
1787810456036,e006d3a4-893c-ecdd-0350-87bafabb266c,/p/0/5b477897fe41d9f0,6,200,360168,130.040,3467.470,103871
1787810458090,d9b27d91-0fa9-612c-4b18-86aa6c1a66d6,/p/0/f993bd796be73802,5,200,523560,758.645,1498.164,349468
1787810455396,e006d3a4-893c-ecdd-0350-87bafabb266c,/p/0/5b477b97fe41df09,6,200,408843,108.377,4236.178,96512
1787810459483,50a6f0fa-e0b7-dd57-0c37-c9b4125c792b,/?crawl=147,0,200,157379,40.465,430.266,365771
1787810459483,f3b91457-307d-d26c-a23a-f070dcbd30a4,/?crawl=146,0,200,176730,38.526,446.243,396040
1787810457405,d9b27d91-0fa9-612c-4b18-86aa6c1a66d6,/p/0/1e5cd6f96afad1b0,4,200,2434704,685.370,2566.418,948678
1787810458305,1cf52f86-b72d-b329-7e9f-ab00fc76d7b0,/p/0/ca8a56ad50ec95e1,10,200,75653,240.103,1686.754,44851
1787810459913,50a6f0fa-e0b7-dd57-0c37-c9b4125c792b,/p/0/930aa75a0f03f92a,1,200,29070,38.582,106.858,272044
1787810439875,1444af44-e257-f0a8-290f-fb91f3b658e2,/p/0/66dd20289177a376,4,200,2447803,203.907,20214.041,121094
1787810451190,63a2f736-a599-8f16-6df1-716b89ede193,/p/17/fbf7f78e0375b2a4,5,200,342806,464.261,9249.981,37060
1787810440961,5dc1e98b-e944-26bb-e977-30c41b3bf4a0,/p/0/6efa5ca1dd9be37f,1,200,384254,295.831,19517.544,19688
1787810459338,5bf49a11-3401-a7a4-7d34-f0e4ab04e2d3,/p/0/23317fa69ae23ae0,8,200,106968,276.761,1140.835,93763
1787810459325,ab20e2c6-17bf-e321-abcd-e30c10aef1f9,/p/0/eebd884bde20a011,7,200,286863,62.486,1188.791,241306
1787810448068,ed44bc0f-ef2d-a9ce-7a2d-62863ae567a0,/p/2/60903926049c33,9,200,471488,804.474,12501.369,37715
1787810444353,1e46a455-56c8-91fa-0560-77e275a2328b,/p/15/d0a462616b6f9c21,4,200,4703804,239.233,16248.918,289484
1787810460602,1e46a455-56c8-91fa-0560-77e275a2328b,/p/14/c9660203b51f301c,5,200,20891,66.256,120.736,173030
1787810456363,fe9f5242-1dee-d8c5-2769-78aba5955fb8,/p/0/e047304baf346d43,7,200,509173,242.697,4569.412,111431
1787810456648,74679cd6-51a6-def2-fd41-4cc0c75826dd,/p/2/72f19f7efabcf099,1,200,353414,190.002,4303.863,82116
1787810459338,5bf49a11-3401-a7a4-7d34-f0e4ab04e2d3,/p/0/233182a69ae23ff9,8,200,231237,223.063,1762.407,131205
1787810444203,1444af44-e257-f0a8-290f-fb91f3b658e2,/p/0/ef26748357af845c,6,200,2549958,194.354,17104.259,149083
1787810437463,f96cf050-1440-7233-cad8-3abef4e2a5ef,/p/0/e532eee8c98d003d,5,200,4398658,159.732,23854.203,184398
1787810456648,74679cd6-51a6-def2-fd41-4cc0c75826dd,/p/0/72f19e7efabceee6,1,200,482618,189.919,4788.283,100791
1787810439371,fc97bfa7-235d-3fc5-1122-8ebed5c0cde0,/p/2/b036659e676728f7,5,200,438973,47.944,22085.350,19876
1787810459632,e006d3a4-893c-ecdd-0350-87bafabb266c,/p/0/515591e12dfb0e0e,8,200,253111,194.628,1841.117,137477
1787810459483,233fe5c1-26ef-36ac-99d4-512b9764450e,/?crawl=148,0,200,354509,82.305,2036.562,174072
1787810415639,548a7f9d-41e4-e529-50a4-b4a5553f5aa5,/p/0/b79e303b464c669,3,200,3984785,353.511,45982.049,86660
1787810459338,5bf49a11-3401-a7a4-7d34-f0e4ab04e2d3,/p/10/233180a69ae23c93,8,200,265450,250.521,2325.592,114143
1787810446009,48566d99-8687-1c66-c262-45eb68f9fd83,/p/0/dc5daccf7f25054c,7,200,456895,1786.125,15688.408,29123
1787810437690,5bf49a11-3401-a7a4-7d34-f0e4ab04e2d3,/p/0/58d19820a18b1174,4,200,3603197,221.899,24045.385,149850
1787810459487,0c39296c-9d09-a3b9-cfb4-8e11142eafe6,/p/0/43b276149ab57e9,5,200,246693,239.589,2282.140,108097
1787810450624,eb7e981e-236e-e62e-fcbd-039d90b367ca,/p/0/7c20d1bec07315df,8,200,351347,279.588,11248.195,31236
1787810459325,ab20e2c6-17bf-e321-abcd-e30c10aef1f9,/p/2/eebd874bde209e5e,7,200,373231,162.388,2739.962,136218
1787810460952,74679cd6-51a6-def2-fd41-4cc0c75826dd,/p/0/e0f3c0ad979e05ae,2,200,65035,595.060,1366.248,47601
1787810458305,1cf52f86-b72d-b329-7e9f-ab00fc76d7b0,/p/0/ca8a55ad50ec942e,10,200,247301,454.455,4018.015,61548
1787810435487,f96cf050-1440-7233-cad8-3abef4e2a5ef,/p/0/7a8d2b20ce411e7f,4,200,5720762,74.172,27098.447,211110
1787810459451,d1011d9f-5343-c4b8-8767-7499047217b7,/p/4/76ecee079914a49a,2,200,161920,442.813,3163.557,51183
1787810458924,8e551002-bf5c-1717-e281-4fa00d9030bd,/p/4/b9df50153839e1ea,1,200,298544,331.662,3804.023,78481
1787810459504,e006d3a4-893c-ecdd-0350-87bafabb266c,/p/6/515592e12dfb0fc1,8,200,360201,204.345,3500.603,102897
1787810457690,3e71326f-e416-3c5e-6236-7bd18a29c656,/p/4/bddda24509499754,6,200,141866,562.896,5318.896,26672
1787810459360,d66568bc-db56-b020-ae6e-bd870e82c002,/p/5/2299f65ff3ac08ca,3,200,167338,397.265,3701.458,45209
1787810458305,1cf52f86-b72d-b329-7e9f-ab00fc76d7b0,/p/0/ca8a53ad50ec90c8,10,200,447741,159.945,4776.151,93745
1787810459929,f3b91457-307d-d26c-a23a-f070dcbd30a4,/p/0/2674fcb7a39eef3d,1,200,250423,35.751,3298.732,75915
1787810443292,0259e658-774f-d392-9487-017f5735e0f8,/p/4/a740d2e1a1deee29,1,200,3305483,69.929,20024.194,165074
1787810452778,35ac03d0-51a9-63b9-a4a8-48ace02c60be,/p/5/3518f526c8ca8d57,1,200,4180901,91.667,10548.064,396367
1787810458664,d1011d9f-5343-c4b8-8767-7499047217b7,/p/0/456150e3bc981f2b,1,200,320200,314.066,4678.410,68442
1787810460952,74679cd6-51a6-def2-fd41-4cc0c75826dd,/p/1/e0f3bead979e0248,2,200,188090,633.519,2421.992,77659
1787810460952,74679cd6-51a6-def2-fd41-4cc0c75826dd,/p/0/e0f3bfad979e03fb,2,200,258632,745.580,2515.676,102808
1787810453023,df4ac379-8e22-4164-6bfd-c5879d5cd9b5,/p/2/8dc25857bb668e53,4,200,2413146,42.801,10464.135,230611
1787810460602,1e46a455-56c8-91fa-0560-77e275a2328b,/p/0/c9660403b51f3382,5,200,257273,119.948,2886.720,89123
1787810459487,0c39296c-9d09-a3b9-cfb4-8e11142eafe6,/p/9/43b266149ab5636,5,200,378301,239.594,4006.552,94421
1787810451609,e05bb7f6-272b-355e-0d2c-78db980475ad,/p/0/167bfff3eadf9c43,3,200,2596520,94.281,11893.944,218306
1787810449483,ab26aace-a219-cdc4-0c38-30c83d8f2c44,/?crawl=133,0,200,3347617,66.218,14216.432,235475
1787810450218,702b7d66-0ccc-7dff-26e7-1a1bb8b4a3ab,/p/15/cbfdb6903632e6c7,2,200,4584461,77.546,13562.369,338028
1787810461664,5bf49a11-3401-a7a4-7d34-f0e4ab04e2d3,/p/0/e4c6b2b76ecce240,9,200,337160,208.383,2173.339,155135
1787810463780,702b7d66-0ccc-7dff-26e7-1a1bb8b4a3ab,/p/0/6e5352e2f2b82555,3,200,7169,84.400,115.485,62078
1787810461664,5bf49a11-3401-a7a4-7d34-f0e4ab04e2d3,/p/0/e4c6b5b76ecce759,9,200,427485,167.003,2338.031,182840
1787810461664,5bf49a11-3401-a7a4-7d34-f0e4ab04e2d3,/p/9/e4c6b3b76ecce3f3,9,200,439795,71.661,2379.586,184820
1787810462065,ab20e2c6-17bf-e321-abcd-e30c10aef1f9,/p/1/ea88666fae6bfeb,8,200,486367,62.106,2030.161,239571
1787810460440,63a2f736-a599-8f16-6df1-716b89ede193,/p/0/40564d3f3cc81913,6,200,90978,707.235,3676.518,24746
1787810457690,3e71326f-e416-3c5e-6236-7bd18a29c656,/p/0/bddda34509499907,6,200,155119,490.956,6469.932,23975
1787810460602,1e46a455-56c8-91fa-0560-77e275a2328b,/p/0/c9660303b51f31cf,5,200,208133,412.560,3573.425,58245
1787810458730,b65c0c64-3b12-5a25-dd6f-f7450caa3086,/p/8/94db860e7bf49506,5,200,288866,1015.822,5470.270,52807
1787810448483,07bdf8ac-ffaa-2064-c3ca-f25896e9c5f4,/?crawl=132,0,200,3183768,73.251,15720.551,202523
1787810462065,ab20e2c6-17bf-e321-abcd-e30c10aef1f9,/p/0/ea88566fae6be38,8,200,239979,224.552,2148.227,111710
1787810464043,5bf49a11-3401-a7a4-7d34-f0e4ab04e2d3,/p/0/9991df599b0e8181,10,200,66801,55.687,264.755,252313
1787810450208,f9ac92eb-1252-5f06-7cc4-1f45fa8220a1,/p/4/b3206c4dcf3cb77b,1,200,5372518,71.931,14193.166,378529
1787810463780,702b7d66-0ccc-7dff-26e7-1a1bb8b4a3ab,/p/14/6e5351e2f2b823a2,3,200,148728,76.697,699.242,212699
1787810464095,ab20e2c6-17bf-e321-abcd-e30c10aef1f9,/p/0/fd2b14e4134463f5,9,200,109004,60.477,477.198,228425
1787810443729,e433120d-9660-b149-3ae2-ab6d26b5c37e,/p/1/9db75bec170e8877,1,200,409276,587.562,20848.401,19631
1787810462615,d1011d9f-5343-c4b8-8767-7499047217b7,/p/3/93afa4e07ff5f631,3,200,199738,174.190,2023.531,98708
1787810464095,ab20e2c6-17bf-e321-abcd-e30c10aef1f9,/p/0/fd2b12e41344608f,9,200,73005,147.726,584.819,124833
1787810462615,d1011d9f-5343-c4b8-8767-7499047217b7,/p/0/93afa3e07ff5f47e,3,200,225511,124.705,2212.680,101918
1787810464483,cc7fa748-2c8b-1e14-ec06-f6218b33d4ac,/?crawl=150,0,200,158759,33.641,372.760,425901
1787810464483,9a32b0ef-c270-6f9f-10f8-32b2894067a2,/?crawl=151,0,200,173947,30.379,377.579,460690
1787810459451,d1011d9f-5343-c4b8-8767-7499047217b7,/p/0/76ecec079914a134,2,200,317097,391.192,5464.597,58028
1787810463316,0259e658-774f-d392-9487-017f5735e0f8,/p/0/f7f3edf4e97822ca,2,200,102267,242.171,1631.856,62669
1787810464479,702b7d66-0ccc-7dff-26e7-1a1bb8b4a3ab,/p/13/180397b70d0e547a,4,200,102784,75.437,541.876,189682
1787810456483,047dd541-b4bc-30bf-7e87-81328c8d9396,/?crawl=142,0,200,3000787,39.479,8544.107,351211
1787810462483,1ba5a7f7-e26e-549d-91f2-076824ecdff3,/?crawl=149,0,200,485609,76.607,2546.820,190673
1787810464043,5bf49a11-3401-a7a4-7d34-f0e4ab04e2d3,/p/8/9991de599b0e7fce,10,200,308128,26.380,1262.549,244052
1787810463326,35ac03d0-51a9-63b9-a4a8-48ace02c60be,/p/0/955890bec7c38fc6,2,200,347089,33.520,2036.607,170425
1787810463326,35ac03d0-51a9-63b9-a4a8-48ace02c60be,/p/4/955891bec7c39179,2,200,281021,200.666,2082.335,134955
1787810463326,35ac03d0-51a9-63b9-a4a8-48ace02c60be,/p/0/95588fbec7c38e13,2,200,364828,216.574,2128.752,171381
1787810463488,df4ac379-8e22-4164-6bfd-c5879d5cd9b5,/p/1/82b68528f1ad306a,5,200,273225,216.703,2007.766,136084
1787810460723,1e46a455-56c8-91fa-0560-77e275a2328b,/p/0/bda81d05ef4c6cc8,6,200,443317,257.680,4815.469,92061
1787810463488,df4ac379-8e22-4164-6bfd-c5879d5cd9b5,/p/0/82b68328f1ad2d04,5,200,173860,43.563,2051.790,84736
1787810463494,0c39296c-9d09-a3b9-cfb4-8e11142eafe6,/p/8/b14474ae7c990ed8,6,200,122031,225.594,2077.631,58736
1787810463494,0c39296c-9d09-a3b9-cfb4-8e11142eafe6,/p/0/b14475ae7c99108b,6,200,102062,316.962,2100.718,48584
1787810450218,702b7d66-0ccc-7dff-26e7-1a1bb8b4a3ab,/p/0/cbfdb8903632ea2d,2,200,5088922,77.596,15415.137,330125
1787810433726,e006d3a4-893c-ecdd-0350-87bafabb266c,/p/0/a3ba39f0b063930e,3,200,4020758,116.297,31910.693,126000
1787810463004,e006d3a4-893c-ecdd-0350-87bafabb266c,/p/5/e77063ad892ac7c4,9,200,292042,130.707,2686.215,108719
1787810464401,f9ac92eb-1252-5f06-7cc4-1f45fa8220a1,/p/0/75323dd046187743,2,200,191337,132.881,1326.737,144216
1787810464401,f9ac92eb-1252-5f06-7cc4-1f45fa8220a1,/p/3/75323cd046187590,2,200,157721,99.474,1416.040,111382
1787810463316,0259e658-774f-d392-9487-017f5735e0f8,/p/0/f7f3ecf4e9782117,2,200,163863,242.251,2502.759,65473
1787810465483,5da4b05c-7bb2-0b7f-fe15-0f7ec7728840,/?crawl=152,0,200,122552,52.624,453.934,269977
1787810463316,0259e658-774f-d392-9487-017f5735e0f8,/p/3/f7f3eef4e978247d,2,200,255364,207.190,2678.318,95345
1787810464043,5bf49a11-3401-a7a4-7d34-f0e4ab04e2d3,/p/0/9991dc599b0e7c68,10,200,409159,83.229,1983.592,206272
1787810465409,35ac03d0-51a9-63b9-a4a8-48ace02c60be,/p/3/a52a917ffa016245,3,200,93832,74.674,619.619,151435
1787810464160,3e71326f-e416-3c5e-6236-7bd18a29c656,/p/0/fa9e0cb0378a8fae,7,200,38879,549.869,1913.151,20322
1787810464095,ab20e2c6-17bf-e321-abcd-e30c10aef1f9,/p/0/fd2b11e413445edc,9,200,280211,176.318,1996.910,140322
1787810460724,1e46a455-56c8-91fa-0560-77e275a2328b,/p/13/bda81f05ef4c702e,6,200,378332,416.255,5378.163,70346
1787810464639,d1011d9f-5343-c4b8-8767-7499047217b7,/p/2/527855dce58865c7,4,200,166916,127.934,1467.307,113757
1787810465027,047dd541-b4bc-30bf-7e87-81328c8d9396,/p/1/d8cba5415133138b,1,200,182275,123.895,1194.283,152623
1787810458924,8e551002-bf5c-1717-e281-4fa00d9030bd,/p/0/b9df4e153839de84,1,200,476463,49.112,7392.654,64451
1787810455583,fff1ea97-b6b4-3164-10bb-35abbc98d713,/p/5/5cae972114d8081f,8,200,3756084,208.846,10858.856,345901
1787810465571,0c39296c-9d09-a3b9-cfb4-8e11142eafe6,/p/0/3966eec184af39ff,7,200,21898,274.027,941.030,23270
1787810457690,3e71326f-e416-3c5e-6236-7bd18a29c656,/p/0/bddda44509499aba,6,200,421367,376.809,8827.678,47732
1787810451191,63a2f736-a599-8f16-6df1-716b89ede193,/p/0/fbf7f88e0375b457,5,200,401437,735.807,15358.399,26138
1787810466483,c646942c-ed5a-0fb7-d9a0-14e1ac87f778,/?crawl=153,0,200,55558,27.021,103.241,538137
1787810465937,5da4b05c-7bb2-0b7f-fe15-0f7ec7728840,/p/0/a0852c018cf003c8,1,200,71967,52.227,682.047,105516
1787810466483,721d2a18-d5d4-9573-5d6a-dfab11b899dc,/?crawl=156,0,200,27861,81.599,202.107,137853
1787810465633,702b7d66-0ccc-7dff-26e7-1a1bb8b4a3ab,/p/0/2528e8cd3a7feec5,5,200,202741,89.458,1058.094,191610
1787810466106,d1011d9f-5343-c4b8-8767-7499047217b7,/p/1/9e655ccbc10ed7f,5,200,60316,212.023,607.369,99307
1787810465306,5bf49a11-3401-a7a4-7d34-f0e4ab04e2d3,/p/7/b7fbe39e34df6d93,11,200,201650,153.357,1433.912,140629
1787810466483,d3f3f40b-c3ea-f844-52ad-3f984808282f,/?crawl=154,0,200,106883,44.979,328.655,325213
1787810441292,fe9f5242-1dee-d8c5-2769-78aba5955fb8,/p/0/9dce15ded2bfd72,6,200,3187119,243.682,25711.461,123957
1787810465409,35ac03d0-51a9-63b9-a4a8-48ace02c60be,/p/0/a52a907ffa016092,3,200,165857,89.997,1647.141,100694
1787810464200,b65c0c64-3b12-5a25-dd6f-f7450caa3086,/p/0/94db840e7bf491a0,5,200,100618,252.828,2927.002,34376
1787810466028,35ac03d0-51a9-63b9-a4a8-48ace02c60be,/p/2/68e0bf3b78997b5,4,200,87603,187.865,1119.575,78247
1787810465571,0c39296c-9d09-a3b9-cfb4-8e11142eafe6,/p/7/3966edc184af384c,7,200,97338,250.917,1611.862,60389
1787810464828,d1011d9f-5343-c4b8-8767-7499047217b7,/p/0/527854dce5886414,4,200,230306,163.263,2373.998,97012
1787810465021,702b7d66-0ccc-7dff-26e7-1a1bb8b4a3ab,/p/12/2528e7cd3a7fed12,5,200,436893,124.531,2298.793,190053
1787810466028,35ac03d0-51a9-63b9-a4a8-48ace02c60be,/p/0/68e0af3b7899602,4,200,143047,155.575,1344.495,106395
1787810463009,3e71326f-e416-3c5e-6236-7bd18a29c656,/p/3/fa9e0ab0378a8c48,7,200,185894,445.954,4393.753,42309
1787810465937,5da4b05c-7bb2-0b7f-fe15-0f7ec7728840,/p/2/a0852e018cf0072e,1,200,177872,154.169,1516.834,117265
1787810467483,068c83ac-685f-09a7-5056-92f63c6ceb4a,/?crawl=157,0,200,25955,26.439,63.933,405971
1787810464860,9a32b0ef-c270-6f9f-10f8-32b2894067a2,/p/0/d1adaa3f8551481,1,200,325235,152.472,2813.754,115588
1787810463488,df4ac379-8e22-4164-6bfd-c5879d5cd9b5,/p/0/82b68628f1ad321d,5,200,463805,43.507,4205.411,110288
1787810463700,ab26aace-a219-cdc4-0c38-30c83d8f2c44,/p/0/e76f9eb0765eb358,1,200,298941,307.528,4010.129,74546
1787810454954,0bc6c343-fd5b-3b3e-37e3-d1d8563349f9,/p/1/c77e0ad3a810e3f,4,200,2183094,135.678,12762.842,171051
1787810462728,8e551002-bf5c-1717-e281-4fa00d9030bd,/p/0/f8750d5b71e26be,2,200,272491,275.505,5030.200,54171
1787810466221,047dd541-b4bc-30bf-7e87-81328c8d9396,/p/0/f5e842a519193352,2,200,153010,190.465,1583.916,96602
1787810467148,35ac03d0-51a9-63b9-a4a8-48ace02c60be,/p/0/d5033d3707e66494,5,200,74190,196.377,756.095,98123
1787810463374,74679cd6-51a6-def2-fd41-4cc0c75826dd,/p/0/f4c9595670a8f943,3,200,396427,226.730,4542.267,87275
1787810467148,35ac03d0-51a9-63b9-a4a8-48ace02c60be,/p/1/d5033f3707e667fa,5,200,78186,239.325,773.391,101095
1787810465030,1ba5a7f7-e26e-549d-91f2-076824ecdff3,/p/0/d0e34fb240f65906,1,200,227951,75.381,2915.651,78182
1787810466691,702b7d66-0ccc-7dff-26e7-1a1bb8b4a3ab,/p/0/2528e5cd3a7fe9ac,5,200,229550,79.091,1255.288,182866
1787810449640,702b7d66-0ccc-7dff-26e7-1a1bb8b4a3ab,/p/0/c88348845d658004,1,200,5579687,75.448,18318.148,304599
1787810465594,0c39296c-9d09-a3b9-cfb4-8e11142eafe6,/p/0/3966efc184af3bb2,7,200,160868,251.012,2377.185,67672
1787810466483,3210135b-09a8-2ca1-46dc-bdbd37136c45,/?crawl=155,0,200,464433,47.224,1511.387,307289
1787810463342,d1011d9f-5343-c4b8-8767-7499047217b7,/p/0/93afa2e07ff5f2cb,3,200,505779,160.006,4654.718,108659
1787810414580,548a7f9d-41e4-e529-50a4-b4a5553f5aa5,/p/5/b79e103b464c303,3,200,5730866,293.888,53426.785,107266
1787810465690,e006d3a4-893c-ecdd-0350-87bafabb266c,/p/0/e77065ad892acb2a,9,200,227547,126.754,2319.335,98109
1787810464860,9a32b0ef-c270-6f9f-10f8-32b2894067a2,/p/0/d1ad7a3f8550f68,1,200,360224,152.413,3194.038,112780
1787810464860,9a32b0ef-c270-6f9f-10f8-32b2894067a2,/p/7/d1ad8a3f855111b,1,200,514937,31.785,3206.282,160603
1787810468007,548a7f9d-41e4-e529-50a4-b4a5553f5aa5,/p/0/8fbe8d0627aacd3b,4,200,8738,58.429,88.822,98376
1787810467320,702b7d66-0ccc-7dff-26e7-1a1bb8b4a3ab,/p/11/e15685e9b5a9c0fd,6,200,125869,99.202,800.135,157310
1787810465030,1ba5a7f7-e26e-549d-91f2-076824ecdff3,/p/0/d0e350b240f65ab9,1,200,83644,75.316,3104.122,26946
1787810460569,ed44bc0f-ef2d-a9ce-7a2d-62863ae567a0,/p/1/85463f84c55c358c,10,200,491162,734.052,7672.415,64017
1787810468067,9a32b0ef-c270-6f9f-10f8-32b2894067a2,/p/0/d5fd9a68fe89fe38,2,200,94948,20.120,251.086,378150
1787810465030,1ba5a7f7-e26e-549d-91f2-076824ecdff3,/p/0/d0e34db240f655a0,1,200,159733,341.791,3339.433,47832
1787810448483,5516d01a-6676-68dc-29bf-584c13ffbfaa,/?crawl=131,0,200,5790896,50.451,19903.615,290947
1787810465027,047dd541-b4bc-30bf-7e87-81328c8d9396,/p/0/d8cba741513316f1,1,200,380567,177.385,3447.913,110376
1787810466102,1e46a455-56c8-91fa-0560-77e275a2328b,/p/12/e788d5f07e754a5c,7,200,179671,206.504,2436.440,73743
1787810465495,df4ac379-8e22-4164-6bfd-c5879d5cd9b5,/p/0/a049f77d1fce3bad,6,200,277709,221.514,3057.427,90831
1787810465495,df4ac379-8e22-4164-6bfd-c5879d5cd9b5,/p/0/a049f57d1fce3847,6,200,256715,243.902,3080.086,83347
1787810466442,fff1ea97-b6b4-3164-10bb-35abbc98d713,/p/0/ed12b2b9290a1345,9,200,291353,40.975,2175.251,133940
1787810466442,fff1ea97-b6b4-3164-10bb-35abbc98d713,/p/4/ed12b0b9290a0fdf,9,200,272650,119.301,2269.855,120118
1787810466586,c646942c-ed5a-0fb7-d9a0-14e1ac87f778,/p/0/33ef825f218afb8e,1,200,210618,36.889,2127.938,98978
1787810467717,0bc6c343-fd5b-3b3e-37e3-d1d8563349f9,/p/0/b2db9a702a0d180e,5,200,127456,137.781,1020.755,124864
1787810468067,9a32b0ef-c270-6f9f-10f8-32b2894067a2,/p/6/d5fd9b68fe89ffeb,2,200,319577,20.558,694.559,460115
1787810466102,1e46a455-56c8-91fa-0560-77e275a2328b,/p/0/e788d7f07e754dc2,7,200,237392,246.832,2669.929,88913
1787810466586,c646942c-ed5a-0fb7-d9a0-14e1ac87f778,/p/0/33ef815f218af9db,1,200,274112,24.928,2213.892,123815
1787810466028,35ac03d0-51a9-63b9-a4a8-48ace02c60be,/p/0/68e09f3b789944f,4,200,286949,155.512,2826.411,101524
1787810465027,047dd541-b4bc-30bf-7e87-81328c8d9396,/p/0/d8cba441513311d8,1,200,431044,34.960,3851.096,111928
1787810468120,702b7d66-0ccc-7dff-26e7-1a1bb8b4a3ab,/p/10/b9928583fe65d7a3,7,200,197930,81.865,813.255,243380
1787810463494,0c39296c-9d09-a3b9-cfb4-8e11142eafe6,/p/0/b14476ae7c99123e,6,200,317864,225.627,5549.351,57279
1787810468242,ed44bc0f-ef2d-a9ce-7a2d-62863ae567a0,/p/0/85464184c55c38f2,10,200,98458,357.311,804.277,122418
1787810458730,b65c0c64-3b12-5a25-dd6f-f7450caa3086,/p/0/94db870e7bf496b9,5,200,493595,302.454,10343.685,47719
1787810468067,9a32b0ef-c270-6f9f-10f8-32b2894067a2,/p/0/d5fd9d68fe8a0351,2,200,345592,3.068,1010.504,342000
1787810426206,19626a39-cfe2-b4f2-9bee-f6b505059680,/p/0/dfff0fff435fc24d,4,200,6085875,283.008,42901.007,141859
1787810468483,455fa536-9bd1-c34a-d685-a2f8bbac7925,/?crawl=158,0,200,287204,35.500,641.970,447379
1787810465937,5da4b05c-7bb2-0b7f-fe15-0f7ec7728840,/p/0/a0852f018cf008e1,1,200,286658,204.509,3240.304,88466
1787810467148,35ac03d0-51a9-63b9-a4a8-48ace02c60be,/p/0/d503403707e669ad,5,200,386777,268.779,2029.861,190544
1787810467921,35ac03d0-51a9-63b9-a4a8-48ace02c60be,/p/0/d9346e6e66bb2c98,6,200,21745,1259.892,1261.315,17240
1787810467921,35ac03d0-51a9-63b9-a4a8-48ace02c60be,/p/0/d9346f6e66bb2e4b,6,200,100293,1260.383,1261.499,79503
1787810467946,702b7d66-0ccc-7dff-26e7-1a1bb8b4a3ab,/p/0/e15684e9b5a9bf4a,6,200,259495,64.867,1301.718,199348
1787810437169,0bc6c343-fd5b-3b3e-37e3-d1d8563349f9,/p/0/d67c116ac398aed3,2,200,5098403,179.578,32092.927,158864
1787810468538,1e46a455-56c8-91fa-0560-77e275a2328b,/p/0/3c2e5700072e4e0a,8,200,72980,315.614,731.375,99785
1787810442791,0cac6aae-1489-56e0-7461-86608a6b60d9,/p/0/592e3349eca1f835,8,200,3151437,278.329,26482.145,119002
1787810462728,8e551002-bf5c-1717-e281-4fa00d9030bd,/p/0/f874fd5b71e250b,2,200,477700,251.023,6561.040,72809
1787810465495,df4ac379-8e22-4164-6bfd-c5879d5cd9b5,/p/0/a049f47d1fce3694,6,200,470216,243.821,3810.794,123391
1787810467921,35ac03d0-51a9-63b9-a4a8-48ace02c60be,/p/0/d934716e66bb31b1,6,200,521835,1261.448,1542.857,338226
1787810451052,e05bb7f6-272b-355e-0d2c-78db980475ad,/p/0/1651026c310ace50,2,200,4802640,103.369,18499.486,259609
1787810466102,1e46a455-56c8-91fa-0560-77e275a2328b,/p/0/e788d6f07e754c0f,7,200,223135,226.963,3561.428,62653
1787810466713,d1011d9f-5343-c4b8-8767-7499047217b7,/p/0/9e654ccbc10ebcc,5,200,285316,149.990,2956.921,96491
1787810451052,e05bb7f6-272b-355e-0d2c-78db980475ad,/p/0/1651056c310ad369,2,200,4895960,95.917,18671.903,262210
1787810465817,f9ac92eb-1252-5f06-7cc4-1f45fa8220a1,/p/2/ed2cdfc388f8cb8d,3,200,351946,179.753,3909.584,90021
1787810468538,1e46a455-56c8-91fa-0560-77e275a2328b,/p/0/3c2e5600072e4c57,8,200,86599,233.400,1189.738,72788
1787810469483,dfb72c95-9df6-a302-4f7f-eb28eb530616,/?crawl=160,0,200,373822,18.096,398.149,938900
1787810466221,047dd541-b4bc-30bf-7e87-81328c8d9396,/p/0/f5e840a519192fec,2,200,455275,173.524,3716.001,122517
1787810468712,fff1ea97-b6b4-3164-10bb-35abbc98d713,/p/3/7c979e8669f2b324,10,200,116446,305.372,1238.294,94037
1787810465817,f9ac92eb-1252-5f06-7cc4-1f45fa8220a1,/p/0/ed2cdec388f8c9da,3,200,498521,179.721,4195.174,118832
1787810465817,f9ac92eb-1252-5f06-7cc4-1f45fa8220a1,/p/0/ed2cddc388f8c827,3,200,493961,301.566,4321.379,114306
1787810466221,047dd541-b4bc-30bf-7e87-81328c8d9396,/p/0/f5e841a51919319f,2,200,512621,207.594,3959.790,129457
1787810468387,5516d01a-6676-68dc-29bf-584c13ffbfaa,/p/0/e44496b9f949f7e,1,200,191627,288.358,1918.053,99907
1787810468933,702b7d66-0ccc-7dff-26e7-1a1bb8b4a3ab,/p/0/b9928483fe65d5f0,7,200,197776,123.333,1413.774,139892
1787810457361,eb7e981e-236e-e62e-fcbd-039d90b367ca,/p/0/793b0ece8732a24e,9,200,456217,337.306,12987.396,35128
1787810466442,fff1ea97-b6b4-3164-10bb-35abbc98d713,/p/0/ed12afb9290a0e2c,9,200,506273,119.429,3962.302,127772
1787810467202,d1011d9f-5343-c4b8-8767-7499047217b7,/p/0/9e657ccbc10f0e5,5,200,404544,165.206,3425.082,118112
1787810468762,9a32b0ef-c270-6f9f-10f8-32b2894067a2,/p/5/44f95f62106b99f8,3,200,445979,315.795,1907.236,233835
1787810469483,22d12676-3c4b-bc77-5504-3e3ba727582d,/?crawl=159,0,200,425500,43.899,1191.094,357235
1787810468762,9a32b0ef-c270-6f9f-10f8-32b2894067a2,/p/0/44f96062106b9bab,3,200,405852,315.809,1915.794,211845
1787810468386,5516d01a-6676-68dc-29bf-584c13ffbfaa,/p/0/e444a6b9f94a131,1,200,209766,264.928,2324.841,90228
1787810468712,fff1ea97-b6b4-3164-10bb-35abbc98d713,/p/0/7c979f8669f2b4d7,10,200,154721,287.099,2002.424,77267
1787810449537,e05bb7f6-272b-355e-0d2c-78db980475ad,/p/0/468abfab63d7aa28,1,200,6267898,17.513,21187.009,295837
1787810467995,3210135b-09a8-2ca1-46dc-bdbd37136c45,/p/0/5ac42d1a4ac0e7b4,1,200,296477,45.640,2801.277,105836
1787810457483,b3a23f41-af11-6422-808e-1c535d4af12f,/?crawl=144,0,200,3295074,72.154,13394.221,246007
1787810470674,22d12676-3c4b-bc77-5504-3e3ba727582d,/p/0/71c82db7537d6083,1,200,7718,39.964,216.549,35641
1787810459360,d66568bc-db56-b020-ae6e-bd870e82c002,/p/0/2299f75ff3ac0a7d,3,200,218497,517.450,11546.589,18923
1787810467717,0bc6c343-fd5b-3b3e-37e3-d1d8563349f9,/p/0/b2db98702a0d14a8,5,200,473959,151.499,3226.323,146904
1787810466812,d3f3f40b-c3ea-f844-52ad-3f984808282f,/p/0/c759d9bcb625f507,1,200,411299,153.353,4180.320,98389
1787810437026,1cf52f86-b72d-b329-7e9f-ab00fc76d7b0,/p/0/660b105b1075bbc8,6,200,4404607,340.234,33985.858,129601
1787810469248,702b7d66-0ccc-7dff-26e7-1a1bb8b4a3ab,/p/0/b9928783fe65db09,7,200,307335,86.810,1830.384,167907
1787810466740,5bf49a11-3401-a7a4-7d34-f0e4ab04e2d3,/p/0/3e2f260428fc4d05,12,200,462647,220.479,4544.725,101799
1787810470878,b3a23f41-af11-6422-808e-1c535d4af12f,/p/0/4d49a472ccd4d64a,1,200,107798,3.151,419.068,257233
1787810469881,dfb72c95-9df6-a302-4f7f-eb28eb530616,/p/11/9e353db6146806a3,1,200,142976,98.401,1436.862,99506
1787810470674,22d12676-3c4b-bc77-5504-3e3ba727582d,/p/0/71c82cb7537d5ed0,1,200,102293,39.905,679.266,150593
1787810468386,5516d01a-6676-68dc-29bf-584c13ffbfaa,/p/0/e44486b9f949dcb,1,200,499342,47.221,2988.909,167065
1787810467454,5da4b05c-7bb2-0b7f-fe15-0f7ec7728840,/p/0/90986485d6b27a3c,2,200,250692,380.774,3960.826,63293
1787810468712,fff1ea97-b6b4-3164-10bb-35abbc98d713,/p/0/7c97a08669f2b68a,10,200,199235,266.651,2714.347,73401
1787810466685,721d2a18-d5d4-9573-5d6a-dfab11b899dc,/p/0/ee2e8477df5be12d,1,200,234620,82.491,4833.698,48538
1787810466740,5bf49a11-3401-a7a4-7d34-f0e4ab04e2d3,/p/0/3e2f230428fc47ec,12,200,512901,165.227,4843.694,105890
1787810470878,b3a23f41-af11-6422-808e-1c535d4af12f,/p/0/4d49a372ccd4d497,1,200,292766,4.362,786.500,372239
1787810468007,548a7f9d-41e4-e529-50a4-b4a5553f5aa5,/p/0/8fbe8e0627aaceee,4,200,408626,299.584,3764.455,108549
1787810467183,0c39296c-9d09-a3b9-cfb4-8e11142eafe6,/p/6/21605e5ae5bd26f0,8,200,194556,314.822,4680.397,41568
1787810469881,dfb72c95-9df6-a302-4f7f-eb28eb530616,/p/0/9e353fb614680a09,1,200,313138,16.062,1985.423,157719
1787810470669,9a32b0ef-c270-6f9f-10f8-32b2894067a2,/p/0/97a58e39b2a936c7,4,200,77328,330.691,1361.947,56778
1787810459929,f3b91457-307d-d26c-a23a-f070dcbd30a4,/p/6/2674fab7a39eebd7,1,200,5783417,154.079,12119.045,477217
1787810459929,f3b91457-307d-d26c-a23a-f070dcbd30a4,/p/0/2674f9b7a39eea24,1,200,5380594,224.286,12125.463,443743
1787810466685,721d2a18-d5d4-9573-5d6a-dfab11b899dc,/p/4/ee2e8377df5bdf7a,1,200,349259,120.797,5483.922,63688
1787810467454,5da4b05c-7bb2-0b7f-fe15-0f7ec7728840,/p/0/90986785d6b27f55,2,200,358299,380.728,4798.654,74667
1787810460441,63a2f736-a599-8f16-6df1-716b89ede193,/p/16/40564c3f3cc81760,6,200,387537,783.386,11836.512,32741
1787810466685,721d2a18-d5d4-9573-5d6a-dfab11b899dc,/p/0/ee2e8177df5bdc14,1,200,302388,436.637,5680.773,53230
1787810437297,19626a39-cfe2-b4f2-9bee-f6b505059680,/p/6/8cc8b306290d7fe0,6,200,5895051,453.748,35091.799,167989
1787810467454,5da4b05c-7bb2-0b7f-fe15-0f7ec7728840,/p/1/90986685d6b27da2,2,200,427569,533.085,4949.881,86380
1787810465995,0259e658-774f-d392-9487-017f5735e0f8,/p/2/a3537e0f2b79aae0,3,200,522402,70.472,6422.472,81340
1787810464117,63a2f736-a599-8f16-6df1-716b89ede193,/p/0/40564e3f3cc81ac6,6,200,275737,923.708,8391.393,32860
1787810472483,3952e698-9ec0-461c-370f-3bcdd2b0f130,/?crawl=162,0,200,27045,32.483,79.120,341824
1787810470669,9a32b0ef-c270-6f9f-10f8-32b2894067a2,/p/4/97a59039b2a93a2d,4,200,242195,313.035,1905.976,127071
1787810471483,60d6c10a-b45d-5e48-b604-04773a6e6ae0,/?crawl=161,0,200,412695,40.914,1108.558,372281
1787810471318,dfb72c95-9df6-a302-4f7f-eb28eb530616,/p/0/3edb83a456f0a38f,2,200,266771,89.443,1277.543,208816
1787810468538,1e46a455-56c8-91fa-0560-77e275a2328b,/p/11/3c2e5500072e4aa4,8,200,475609,355.185,4119.823,115444
1787810469951,fff1ea97-b6b4-3164-10bb-35abbc98d713,/p/0/d3ad0f8bb2f025b1,11,200,372202,233.034,3046.563,122171
1787810471318,dfb72c95-9df6-a302-4f7f-eb28eb530616,/p/10/3edb85a456f0a6f5,2,200,357390,89.476,1708.024,209242
1787810467995,3210135b-09a8-2ca1-46dc-bdbd37136c45,/p/0/5ac4301a4ac0eccd,1,200,437349,262.875,5145.778,84992
1787810472388,19626a39-cfe2-b4f2-9bee-f6b505059680,/p/0/3bfab4bcc03e34f4,7,200,92868,56.424,767.536,120995
1787810472169,721d2a18-d5d4-9573-5d6a-dfab11b899dc,/p/0/fd890c0202d0734e,2,200,60294,236.832,997.641,60437
1787810473026,dfb72c95-9df6-a302-4f7f-eb28eb530616,/p/9/40c63b99852f72e3,3,200,20840,98.776,147.779,141022
1787810472575,9a32b0ef-c270-6f9f-10f8-32b2894067a2,/p/0/7bd12cfc57eaaa97,5,200,64287,212.709,665.262,96634
1787810472404,5da4b05c-7bb2-0b7f-fe15-0f7ec7728840,/p/0/8866256a037744e7,3,200,111040,50.274,880.946,126046
1787810471078,702b7d66-0ccc-7dff-26e7-1a1bb8b4a3ab,/p/0/89f85fd4f3b343be,8,200,281422,84.288,2212.752,127182
1787810467997,d1011d9f-5343-c4b8-8767-7499047217b7,/p/0/f758dde860646c3c,6,200,399821,280.284,5307.286,75334
1787810470627,d1011d9f-5343-c4b8-8767-7499047217b7,/p/0/f758dfe860646fa2,6,200,241728,150.349,2737.724,88295
1787810469951,fff1ea97-b6b4-3164-10bb-35abbc98d713,/p/2/d3ad0e8bb2f023fe,11,200,350560,297.284,3484.102,100617
1787810470347,702b7d66-0ccc-7dff-26e7-1a1bb8b4a3ab,/p/9/89f860d4f3b34571,8,200,503841,80.964,3095.295,162776
1787810444666,1cf52f86-b72d-b329-7e9f-ab00fc76d7b0,/p/0/8e4812b6dbace200,7,200,4423420,193.151,28879.747,153167
1787810469727,f9ac92eb-1252-5f06-7cc4-1f45fa8220a1,/p/0/5ab23266c07a4d93,4,200,445364,207.582,3921.336,113575
1787810450544,0cac6aae-1489-56e0-7461-86608a6b60d9,/p/0/f212d081843d5a98,11,200,2792579,224.894,23105.607,120862
1787810472562,3952e698-9ec0-461c-370f-3bcdd2b0f130,/p/0/c509e6713d9def63,1,200,206203,28.622,1093.694,188538
1787810456483,f290b8bb-2495-d3c8-2b2d-93e36d7a784f,/?crawl=141,0,200,4864796,52.683,17308.172,281069
1787810472048,f3b91457-307d-d26c-a23a-f070dcbd30a4,/p/5/e55ebcddb23c8f30,2,200,210584,311.634,1784.934,117979
1787810472048,f3b91457-307d-d26c-a23a-f070dcbd30a4,/p/0/e55ebdddb23c90e3,2,200,255704,257.747,1859.033,137547
1787810467972,0c39296c-9d09-a3b9-cfb4-8e11142eafe6,/p/0/2160605ae5bd2a56,8,200,381173,257.271,6057.255,62928
1787810471864,0c39296c-9d09-a3b9-cfb4-8e11142eafe6,/p/5/5c8f3cc91cbc6d44,9,200,124578,266.594,2189.396,56901
1787810470669,9a32b0ef-c270-6f9f-10f8-32b2894067a2,/p/0/97a58f39b2a9387a,4,200,406561,312.984,3389.987,119930
1787810473833,f3b91457-307d-d26c-a23a-f070dcbd30a4,/p/0/8ad102f1c5156df4,3,200,14702,218.760,289.225,50832
1787810463062,d66568bc-db56-b020-ae6e-bd870e82c002,/p/4/af135a88ee451b38,4,200,97074,8044.927,11117.700,8731
1787810467402,3e71326f-e416-3c5e-6236-7bd18a29c656,/p/2/44b87e47a93faf1e,8,200,103808,479.744,6784.774,15300
1787810451137,1cf52f86-b72d-b329-7e9f-ab00fc76d7b0,/p/0/f6bf00d120e92b8d,9,200,2804339,1391.133,23147.312,121152
1787810469670,d1011d9f-5343-c4b8-8767-7499047217b7,/p/0/f758dee860646def,6,200,504184,186.737,4697.167,107338
1787810437483,8b7b632e-92c1-abff-df12-ea19e08d1599,/?crawl=123,0,200,448689,1151.390,37016.067,12121
1787810472404,5da4b05c-7bb2-0b7f-fe15-0f7ec7728840,/p/0/8866276a0377484d,3,200,289025,75.270,2151.978,134307
1787810473026,dfb72c95-9df6-a302-4f7f-eb28eb530616,/p/0/40c63d99852f7649,3,200,217934,82.786,1554.758,140172
1787810473443,702b7d66-0ccc-7dff-26e7-1a1bb8b4a3ab,/p/8/57101ccff403eeda,9,200,275998,100.378,1363.709,202388
1787810472388,19626a39-cfe2-b4f2-9bee-f6b505059680,/p/5/3bfab5bcc03e36a7,7,200,261144,255.958,2445.659,106779
1787810469727,f9ac92eb-1252-5f06-7cc4-1f45fa8220a1,/p/1/5ab23166c07a4be0,4,200,497642,174.928,5294.405,93994
1787810465409,35ac03d0-51a9-63b9-a4a8-48ace02c60be,/p/0/a52a8f7ffa015edf,3,200,5043932,60.440,9689.271,520569
1787810472592,60d6c10a-b45d-5e48-b604-04773a6e6ae0,/p/2/acae8587fcd1090,1,200,236549,112.954,2514.050,94091
1787810473483,c73dac6e-70cd-a441-9567-fe760f466832,/?crawl=163,0,200,336436,75.370,1743.593,192956
1787810473435,fff1ea97-b6b4-3164-10bb-35abbc98d713,/p/0/a177a5d84f9d29ce,12,200,188248,246.988,1817.058,103600
1787810468007,548a7f9d-41e4-e529-50a4-b4a5553f5aa5,/p/4/8fbe8c0627aacb88,4,200,4454079,88.767,7304.793,609747
1787810472404,5da4b05c-7bb2-0b7f-fe15-0f7ec7728840,/p/0/8866246a03774334,3,200,429348,149.555,2913.335,147373
1787810472048,f3b91457-307d-d26c-a23a-f070dcbd30a4,/p/0/e55ebeddb23c9296,2,200,422287,189.076,3279.793,128754
1787810475226,c73dac6e-70cd-a441-9567-fe760f466832,/p/0/319f9113a902f950,1,200,14311,73.512,147.029,97334
1787810472562,3952e698-9ec0-461c-370f-3bcdd2b0f130,/p/0/c509e7713d9df116,1,200,369611,72.103,2821.303,131007
1787810473026,dfb72c95-9df6-a302-4f7f-eb28eb530616,/p/0/40c63a99852f7130,3,200,419449,82.774,2409.630,174072
1787810463061,d66568bc-db56-b020-ae6e-bd870e82c002,/p/0/af135c88ee451e9e,4,200,168641,8084.432,12433.842,13563
1787810467127,b65c0c64-3b12-5a25-dd6f-f7450caa3086,/p/7/4c53ec603b393572,6,200,347898,278.029,8617.881,40369
1787810472575,9a32b0ef-c270-6f9f-10f8-32b2894067a2,/p/3/7bd12bfc57eaa8e4,5,200,465312,165.273,3278.638,141922
1787810472575,9a32b0ef-c270-6f9f-10f8-32b2894067a2,/p/0/7bd12dfc57eaac4a,5,200,414908,198.691,3385.205,122565
1787810472658,1e46a455-56c8-91fa-0560-77e275a2328b,/p/0/15a99e8b10ab15fc,9,200,330992,210.784,3325.977,99517
1787810472591,60d6c10a-b45d-5e48-b604-04773a6e6ae0,/p/0/acaea587fcd13f6,1,200,285830,36.957,3393.120,84238
1787810473833,f3b91457-307d-d26c-a23a-f070dcbd30a4,/p/0/8ad105f1c515730d,3,200,328380,184.711,2171.447,151226
1787810474834,19626a39-cfe2-b4f2-9bee-f6b505059680,/p/0/e87f538e0fa666a8,8,200,36526,283.805,1278.347,28573
1787810473833,f3b91457-307d-d26c-a23a-f070dcbd30a4,/p/4/8ad104f1c515715a,3,200,364486,271.745,2315.290,157426
1787810473291,702b7d66-0ccc-7dff-26e7-1a1bb8b4a3ab,/p/0/89f85ed4f3b3420b,8,200,499366,79.671,2865.734,174254
1787810473174,dfb72c95-9df6-a302-4f7f-eb28eb530616,/p/8/b8ca051cfdc1ec1e,4,200,464902,79.281,3078.130,151034
1787810473435,fff1ea97-b6b4-3164-10bb-35abbc98d713,/p/1/a177a3d84f9d2668,12,200,272896,191.414,2821.189,96731
1787810475226,c73dac6e-70cd-a441-9567-fe760f466832,/p/6/319f9313a902fcb6,1,200,108023,73.497,1072.321,100738
1787810443018,e4c8a592-ef20-dddc-e06d-c3bb2884d28d,/p/4/d6bc53d2823692e5,2,0,1256591,354.612,33330.847,37701
1787810476252,dfb72c95-9df6-a302-4f7f-eb28eb530616,/p/0/eb125c99fdf9deb9,5,200,4743,97.013,111.818,42417
1787810474053,0c39296c-9d09-a3b9-cfb4-8e11142eafe6,/p/4/b13cab9653d597d3,10,200,152343,246.841,2645.716,57581
1787810445212,e006d3a4-893c-ecdd-0350-87bafabb266c,/p/0/c6a05e22d877ca3c,5,200,3615620,140.156,31491.138,114814
1787810476157,702b7d66-0ccc-7dff-26e7-1a1bb8b4a3ab,/p/0/57101acff403eb74,9,200,110462,81.010,547.707,201681
1787810476483,8e7a01ec-a46f-8fd1-cdff-5aa0b89c8aab,/?crawl=165,0,200,164380,35.916,375.156,438164
1787810476252,dfb72c95-9df6-a302-4f7f-eb28eb530616,/p/7/eb125b99fdf9dd06,5,200,101997,106.616,634.108,160851
1787810472169,721d2a18-d5d4-9573-5d6a-dfab11b899dc,/p/0/fd890b0202d0719b,2,200,363615,554.805,4882.697,74470
1787810472277,63a2f736-a599-8f16-6df1-716b89ede193,/p/15/9ee0a4f954883e9e,7,200,70755,422.786,4784.961,14787
1787810472169,721d2a18-d5d4-9573-5d6a-dfab11b899dc,/p/3/fd890a0202d06fe8,2,200,447392,395.867,5050.325,88587
1787810475106,60d6c10a-b45d-5e48-b604-04773a6e6ae0,/p/0/5f60a3d7372b721d,2,200,216391,230.595,2125.053,101829
1787810475312,548a7f9d-41e4-e529-50a4-b4a5553f5aa5,/p/0/ecb6799b62f30230,5,200,116378,117.850,1948.555,59725
1787810476858,8e7a01ec-a46f-8fd1-cdff-5aa0b89c8aab,/p/0/58743fced238ec42,1,200,39274,210.068,539.670,72774
1787810474806,702b7d66-0ccc-7dff-26e7-1a1bb8b4a3ab,/p/0/57101dcff403f08d,9,200,510954,87.373,2672.383,191198
1787810457535,dac67aa3-6e0a-202f-e278-dd7cbc66cb98,/p/0/ae0c2e42882def33,1,200,428723,687.951,20104.411,21325
1787810475106,60d6c10a-b45d-5e48-b604-04773a6e6ae0,/p/1/5f60a2d7372b706a,2,200,265292,211.071,2553.864,103879
1787810472658,1e46a455-56c8-91fa-0560-77e275a2328b,/p/10/15a9a08b10ab1962,9,200,477872,272.621,5021.879,95158
1787810477483,ae73129a-f067-5805-ca89-9ca050b023cd,/?crawl=167,0,200,51389,52.237,208.364,246631
1787810472417,0259e658-774f-d392-9487-017f5735e0f8,/p/0/69d81a307ddc3ee7,4,200,186180,348.362,5358.478,34745
1787810476149,f3b91457-307d-d26c-a23a-f070dcbd30a4,/p/0/58cd6ecdf9f7ad69,4,200,306014,54.217,1627.582,188018
1787810472658,1e46a455-56c8-91fa-0560-77e275a2328b,/p/0/15a9a18b10ab1b15,9,200,447471,231.730,5145.150,86969
1787810477483,5a1c49f5-5c65-54f7-6847-117810ebe534,/?crawl=168,0,200,168136,40.095,439.480,382579
1787810474179,d66568bc-db56-b020-ae6e-bd870e82c002,/p/3/580b932eb3f702a3,5,200,117266,597.629,3795.495,30896
1787810476149,f3b91457-307d-d26c-a23a-f070dcbd30a4,/p/3/58cd6dcdf9f7abb6,4,200,238801,35.146,1855.455,128702
1787810472277,63a2f736-a599-8f16-6df1-716b89ede193,/p/0/9ee0a5f954884051,7,200,411480,460.756,5737.826,71714
1787810477062,63a2f736-a599-8f16-6df1-716b89ede193,/p/14/7131eab5cb27cd39,8,200,283186,329.400,953.826,296895
1787810467717,0bc6c343-fd5b-3b3e-37e3-d1d8563349f9,/p/0/b2db99702a0d165b,5,200,2348732,151.450,10349.975,226931
1787810477483,a6935384-2c16-f0dc-d435-47058514eb2e,/?crawl=169,0,200,500155,22.055,658.569,759457
1787810477691,ae73129a-f067-5805-ca89-9ca050b023cd,/p/3/7f48e889fb6ed502,1,200,38067,53.308,512.497,74277
1787810450163,0bc6c343-fd5b-3b3e-37e3-d1d8563349f9,/p/0/fcbf8780d98ead5,3,200,5829522,143.650,28042.644,207881
1787810476886,dfb72c95-9df6-a302-4f7f-eb28eb530616,/p/6/4d1d3dc3254536a8,6,200,211736,87.600,1384.673,152914
1787810477483,c1f0de7f-b6b0-74a5-0ef3-ec37baba2fe8,/?crawl=166,0,200,265218,43.780,840.674,315483
1787810466586,c646942c-ed5a-0fb7-d9a0-14e1ac87f778,/p/11/33ef835f218afd41,1,200,5832408,127.263,11783.219,494976
1787810477922,5a1c49f5-5c65-54f7-6847-117810ebe534,/p/1/3987e8a2b93fb73b,1,200,58176,158.858,550.756,105629
1787810478370,c646942c-ed5a-0fb7-d9a0-14e1ac87f778,/p/0/23da9c7c82ec0f1e,2,200,50204,148.657,360.172,139389
1787810478271,dfb72c95-9df6-a302-4f7f-eb28eb530616,/p/0/4d1d3ec32545385b,6,200,40986,81.042,563.852,72689
1787810476364,dfb72c95-9df6-a302-4f7f-eb28eb530616,/p/0/eb125999fdf9d9a0,5,200,363608,110.201,2502.616,145291
1787810450239,0cac6aae-1489-56e0-7461-86608a6b60d9,/p/1/f212d281843d5dfe,11,200,4031331,157.517,28649.179,140714
1787810477680,1e46a455-56c8-91fa-0560-77e275a2328b,/p/9/15410bdaeda9473b,10,200,62475,249.214,1216.078,51374
1787810422292,63a2f736-a599-8f16-6df1-716b89ede193,/p/0/d4e0d8fdb163db59,1,200,3197247,76.823,56627.248,56461
1787810469074,b65c0c64-3b12-5a25-dd6f-f7450caa3086,/p/0/4c53ed603b393725,6,200,508991,276.104,9979.093,51006
1787810474834,19626a39-cfe2-b4f2-9bee-f6b505059680,/p/0/e87f568e0fa66bc1,8,200,178363,311.920,4220.991,42256
1787810477922,5a1c49f5-5c65-54f7-6847-117810ebe534,/p/0/3987e7a2b93fb588,1,200,117940,36.047,1177.909,100127
1787810478016,63a2f736-a599-8f16-6df1-716b89ede193,/p/0/7131e8b5cb27c9d3,8,200,420328,683.420,1303.312,322508
1787810478324,c1f0de7f-b6b0-74a5-0ef3-ec37baba2fe8,/p/0/12b33de79009cb15,1,200,113874,137.125,1127.086,101034
1787810466812,d3f3f40b-c3ea-f844-52ad-3f984808282f,/p/0/c759d8bcb625f354,1,200,4836885,131.455,12662.245,381993
1787810478370,c646942c-ed5a-0fb7-d9a0-14e1ac87f778,/p/0/23da9b7c82ec0d6b,2,200,341079,25.665,1120.719,304339
1787810476858,8e7a01ec-a46f-8fd1-cdff-5aa0b89c8aab,/p/0/58743eced238ea8f,1,200,336429,160.646,2640.772,127398
1787810475106,60d6c10a-b45d-5e48-b604-04773a6e6ae0,/p/0/5f60a0d7372b6d04,2,200,322025,192.546,4449.161,72379
1787810475854,9a32b0ef-c270-6f9f-10f8-32b2894067a2,/p/0/f82fd98b87d2629c,6,200,446821,154.217,3766.871,118619
1787810464479,702b7d66-0ccc-7dff-26e7-1a1bb8b4a3ab,/p/0/180398b70d0e562d,4,200,3014735,104.656,15167.547,198762
1787810478141,a6935384-2c16-f0dc-d435-47058514eb2e,/p/0/a61d954524a4c48e,1,200,174099,21.597,1545.522,112647
1787810477219,721d2a18-d5d4-9573-5d6a-dfab11b899dc,/p/0/afc8211c7084d549,3,200,155192,70.960,2476.576,62664
1787810478141,a6935384-2c16-f0dc-d435-47058514eb2e,/p/0/a61d944524a4c2db,1,200,163818,99.682,1628.833,100574
1787810479483,7e68917e-d5ce-540a-17e4-1d60dcdc2790,/?crawl=173,0,200,77572,55.703,300.234,258372
1787810410922,d66568bc-db56-b020-ae6e-bd870e82c002,/p/0/9786106f7ccaf643,1,200,5022970,79.153,68884.309,72919
1787810469046,ed44bc0f-ef2d-a9ce-7a2d-62863ae567a0,/p/0/5c2dacadab1c6f43,11,200,244252,6422.903,10884.776,22440
1787810458937,e006d3a4-893c-ecdd-0350-87bafabb266c,/p/0/e5bb552a85aa53e2,7,200,2146669,150.037,21011.378,102167
1787810475021,f9ac92eb-1252-5f06-7cc4-1f45fa8220a1,/p/0/b0139c2fc1b9a296,5,200,468985,195.858,5094.860,92051
1787810479948,e006d3a4-893c-ecdd-0350-87bafabb266c,/p/0/6cfd6e2ee878660e,10,200,12945,197.496,276.252,46859
1787810478141,a6935384-2c16-f0dc-d435-47058514eb2e,/p/0/a61d934524a4c128,1,200,506563,126.917,2096.980,241568
1787810453483,ef9ba657-0067-9096-2382-ba2d211b55c7,/?crawl=138,0,200,4445433,85.157,26808.632,165821
1787810474834,19626a39-cfe2-b4f2-9bee-f6b505059680,/p/4/e87f558e0fa66a0e,8,200,432578,341.297,5473.330,79034
1787810478866,dfb72c95-9df6-a302-4f7f-eb28eb530616,/p/5/c63add599f7483ef,7,200,275538,162.401,1546.214,178202
1787810479647,702b7d66-0ccc-7dff-26e7-1a1bb8b4a3ab,/p/0/42769d76a5049463,10,200,146349,87.008,773.337,189243
1787810477659,60d6c10a-b45d-5e48-b604-04773a6e6ae0,/p/0/5811b53d7b95133f,3,200,197360,310.912,2971.837,66410
1787810475021,f9ac92eb-1252-5f06-7cc4-1f45fa8220a1,/p/0/b0139a2fc1b99f30,5,200,502290,195.851,5613.100,89485
1787810475021,f9ac92eb-1252-5f06-7cc4-1f45fa8220a1,/p/0/b0139b2fc1b9a0e3,5,200,393289,231.172,5613.140,70066
1787810477660,60d6c10a-b45d-5e48-b604-04773a6e6ae0,/p/0/5811b73d7b9516a5,3,200,353783,311.160,3022.279,117058
1787810478324,c1f0de7f-b6b0-74a5-0ef3-ec37baba2fe8,/p/0/12b33ce79009c962,1,200,218751,68.986,2509.201,87180
1787810463009,3e71326f-e416-3c5e-6236-7bd18a29c656,/p/0/fa9e0bb0378a8dfb,7,200,454590,446.028,17829.952,25496
1787810474187,3e71326f-e416-3c5e-6236-7bd18a29c656,/p/1/37e241e4e907ef58,9,200,417059,471.290,6686.164,62376
1787810440576,1ab85c26-3c31-03fe-56cf-9e345653fe8a,/p/0/501626f987dff38e,3,200,3967446,1532.464,40354.012,98316
1787810478889,0cac6aae-1489-56e0-7461-86608a6b60d9,/p/0/c391ee3ca70bb26d,12,200,202300,167.626,2068.462,97802
1787810480307,19626a39-cfe2-b4f2-9bee-f6b505059680,/p/0/bee7f24d0677c7ee,9,200,61709,343.348,683.250,90317
1787810480483,9b756a86-8abd-2ab1-135b-50a13ba82815,/?crawl=174,0,200,201656,79.569,521.346,386798
1787810420962,3e71326f-e416-3c5e-6236-7bd18a29c656,/p/0/2a728203140c6ac4,1,200,2804282,72.035,60058.183,46693
1787810478204,ae73129a-f067-5805-ca89-9ca050b023cd,/p/0/8fe4002173529f30,2,200,119212,279.316,2859.528,41689
1787810478919,63a2f736-a599-8f16-6df1-716b89ede193,/p/13/8a6815fd8f3a902,9,200,432785,410.048,2267.934,190828
1787810478473,5a1c49f5-5c65-54f7-6847-117810ebe534,/p/0/b6e506c1a66dc47c,2,200,171106,198.000,2728.648,62707
1787810477922,5a1c49f5-5c65-54f7-6847-117810ebe534,/p/0/3987eaa2b93fbaa1,1,200,311923,89.967,3294.048,94693
1787810479483,9f954951-59a6-5661-8c03-9a01a0565f38,/?crawl=172,0,200,504342,57.632,1788.620,281973
1787810472417,0259e658-774f-d392-9487-017f5735e0f8,/p/0/69d81b307ddc409a,4,200,379962,382.793,8999.487,42220
1787810471864,0c39296c-9d09-a3b9-cfb4-8e11142eafe6,/p/0/5c8f3dc91cbc6ef7,9,200,443586,266.591,9570.209,46351
1787810472417,0259e658-774f-d392-9487-017f5735e0f8,/p/1/69d819307ddc3d34,4,200,387151,382.748,9033.837,42856
1787810477975,d66568bc-db56-b020-ae6e-bd870e82c002,/p/2/306dd078169cd304,6,200,125899,478.286,3519.166,35775
1787810476256,fff1ea97-b6b4-3164-10bb-35abbc98d713,/p/0/d51a5cf51cd549c4,13,200,381225,234.361,5348.211,71281
1787810462065,ab20e2c6-17bf-e321-abcd-e30c10aef1f9,/p/0/ea88866fae6c351,8,200,3583688,176.937,19582.783,183002
1787810478896,1e46a455-56c8-91fa-0560-77e275a2328b,/p/0/576324f9e7ad40a2,11,200,156635,332.322,2781.942,56304
1787810476699,0c39296c-9d09-a3b9-cfb4-8e11142eafe6,/p/0/b13caa9653d59620,10,200,270086,544.129,4982.706,54205
1787810477219,721d2a18-d5d4-9573-5d6a-dfab11b899dc,/p/0/afc81e1c7084d030,3,200,284626,395.480,4472.483,63639
1787810478896,1e46a455-56c8-91fa-0560-77e275a2328b,/p/8/576325f9e7ad4255,11,200,126567,456.271,2904.862,43571
1787810477691,ae73129a-f067-5805-ca89-9ca050b023cd,/p/0/7f48e989fb6ed6b5,1,200,281323,361.768,4162.919,67578
1787810457535,dac67aa3-6e0a-202f-e278-dd7cbc66cb98,/p/0/ae0c2f42882df0e6,1,200,500908,127.086,24348.078,20573
1787810466812,d3f3f40b-c3ea-f844-52ad-3f984808282f,/p/0/c759dabcb625f6ba,1,200,4515161,43.669,15456.708,292117
1787810462728,8e551002-bf5c-1717-e281-4fa00d9030bd,/p/3/f874ed5b71e2358,2,200,2274721,300.317,19589.786,116118
1787810478483,51428ba2-52a8-8af3-b7cf-b484e83bda78,/?crawl=170,0,200,517099,77.670,3993.027,129501
1787810480307,19626a39-cfe2-b4f2-9bee-f6b505059680,/p/0/bee7f14d0677c63b,9,200,221633,372.874,2337.502,94816
1787810480292,ef9ba657-0067-9096-2382-ba2d211b55c7,/p/3/df874a216621fa86,1,200,103443,79.703,2462.934,42000
1787810456363,fe9f5242-1dee-d8c5-2769-78aba5955fb8,/p/6/e0472f4baf346b90,7,200,3522293,289.052,26397.473,133433
1787810478473,5a1c49f5-5c65-54f7-6847-117810ebe534,/p/0/b6e507c1a66dc62f,2,200,502837,179.963,4499.124,111763
1787810475745,b65c0c64-3b12-5a25-dd6f-f7450caa3086,/p/0/4c53ea603b39320c,6,200,285455,274.351,7270.407,39263
1787810481004,9b756a86-8abd-2ab1-135b-50a13ba82815,/p/5/37e6c73c3eac0c0e,1,200,200388,266.201,2347.469,85363
1787810467995,3210135b-09a8-2ca1-46dc-bdbd37136c45,/p/2/5ac42e1a4ac0e967,1,200,4176329,262.943,15470.487,269955
1787810480413,dfb72c95-9df6-a302-4f7f-eb28eb530616,/p/0/c63adc599f74823c,7,200,410255,88.910,3285.815,124856
1787810481272,9f954951-59a6-5661-8c03-9a01a0565f38,/p/0/5ebb72f767e1f9e7,1,200,174244,288.171,2463.181,70739
1787810478204,ae73129a-f067-5805-ca89-9ca050b023cd,/p/2/8fe401217352a0e3,2,200,329615,354.737,5567.181,59207
1787810461473,e006d3a4-893c-ecdd-0350-87bafabb266c,/p/0/515590e12dfb0c5b,8,200,2806259,272.035,22454.148,124977
1787810483698,dfb72c95-9df6-a302-4f7f-eb28eb530616,/p/0/c63adf599f748755,7,200,53290,83.594,380.836,139929
1787810483483,4cc59da5-43fd-bad1-f6e4-04780c37b1b1,/?crawl=177,0,200,188935,47.951,627.836,300931
1787810481451,0259e658-774f-d392-9487-017f5735e0f8,/p/0/4114b91a7b4eb198,5,200,104345,416.269,2705.702,38565
1787810463062,d66568bc-db56-b020-ae6e-bd870e82c002,/p/0/af135b88ee451ceb,4,200,454562,8044.913,21225.401,21416
1787810477691,ae73129a-f067-5805-ca89-9ca050b023cd,/p/0/7f48e689fb6ed19c,1,200,442185,154.608,6736.980,65635
1787810464578,e433120d-9660-b149-3ae2-ab6d26b5c37e,/p/0/a14a6116b213e016,2,200,239883,1475.438,19861.436,12078
1787810477680,1e46a455-56c8-91fa-0560-77e275a2328b,/p/0/15410adaeda94588,10,200,454096,207.458,6846.210,66328
1787810478896,1e46a455-56c8-91fa-0560-77e275a2328b,/p/0/576323f9e7ad3eef,11,200,276455,371.098,5633.878,49070
1787810463700,ab26aace-a219-cdc4-0c38-30c83d8f2c44,/p/0/e76fa1b0765eb871,1,200,2600944,61.940,21029.058,123683
1787810484079,dfb72c95-9df6-a302-4f7f-eb28eb530616,/p/4/fb85772b3bbd826b,8,200,120081,91.802,682.421,175963
1787810458358,dac67aa3-6e0a-202f-e278-dd7cbc66cb98,/p/0/993a1ea75f6afb02,2,200,500450,747.464,26459.009,18914
1787810482760,fe9f5242-1dee-d8c5-2769-78aba5955fb8,/p/0/9987289ede516490,8,200,177804,244.578,2068.396,85962
1787810481272,9f954951-59a6-5661-8c03-9a01a0565f38,/p/0/5ebb73f767e1fb9a,1,200,338070,53.220,3683.061,91791
1787810481682,0c39296c-9d09-a3b9-cfb4-8e11142eafe6,/p/3/82e92090f329c366,11,200,377593,220.446,3323.944,113598
1787810459325,ab20e2c6-17bf-e321-abcd-e30c10aef1f9,/p/0/eebd854bde209af8,7,200,6144364,131.496,25796.551,238185
1787810460724,1e46a455-56c8-91fa-0560-77e275a2328b,/p/0/bda82005ef4c71e1,6,200,3133918,275.076,24438.678,128236
1787810481801,1e46a455-56c8-91fa-0560-77e275a2328b,/p/0/97c1b45ca06365e,12,200,431291,231.196,3362.356,128270
1787810480307,19626a39-cfe2-b4f2-9bee-f6b505059680,/p/3/bee7f34d0677c9a1,9,200,474482,373.058,4899.946,96834
1787810470878,b3a23f41-af11-6422-808e-1c535d4af12f,/p/11/4d49a572ccd4d7fd,1,200,6028999,4.054,14382.444,419192
1787810479320,63a2f736-a599-8f16-6df1-716b89ede193,/p/0/8a6825fd8f3aab5,9,200,239556,1878.010,6308.780,37972
1787810484483,3f54556b-7cfd-672f-2970-b78642394a5b,/?crawl=179,0,200,317839,59.927,1215.112,261572
1787810478370,c646942c-ed5a-0fb7-d9a0-14e1ac87f778,/p/10/23da9d7c82ec10d1,2,200,3915503,136.408,7374.974,530918
1787810481004,9b756a86-8abd-2ab1-135b-50a13ba82815,/p/0/37e6c83c3eac0dc1,1,200,369257,55.886,4836.878,76342
1787810481272,9f954951-59a6-5661-8c03-9a01a0565f38,/p/0/5ebb71f767e1f834,1,200,516689,53.235,4585.009,112691
1787810483465,3210135b-09a8-2ca1-46dc-bdbd37136c45,/p/1/c6fa63c1fb49fa96,2,200,161380,382.929,2396.096,67351
1787810481451,0259e658-774f-d392-9487-017f5735e0f8,/p/0/4114ba1a7b4eb34b,5,200,175804,416.241,4419.228,39782
1787810484762,dfb72c95-9df6-a302-4f7f-eb28eb530616,/p/0/fb85762b3bbd80b8,8,200,232159,159.110,1154.807,201037
1787810468761,9a32b0ef-c270-6f9f-10f8-32b2894067a2,/p/0/44f96162106b9d5e,3,200,4044512,321.951,17336.833,233290
1787810446922,0cac6aae-1489-56e0-7461-86608a6b60d9,/p/0/7b178ba9dcab714d,9,200,5656907,217.380,39189.745,144347
1787810476483,c5bb65ff-e22e-415f-b69a-1a96c2e4d6b1,/?crawl=164,0,200,3691702,46.654,9635.701,383127
1787810463700,ab26aace-a219-cdc4-0c38-30c83d8f2c44,/p/2/e76f9fb0765eb50b,1,200,5907058,183.730,22467.631,262914
1787810486167,ab26aace-a219-cdc4-0c38-30c83d8f2c44,/p/0/884d471a03ab4bcb,2,200,105126,2.780,6.267,16774298
1787810485628,63a2f736-a599-8f16-6df1-716b89ede193,/p/12/8dbaac48fbfce711,10,200,22602,503.313,619.377,36492
1787810485745,c646942c-ed5a-0fb7-d9a0-14e1ac87f778,/p/9/f61ab2767bcd2cfb,3,200,82410,92.285,506.791,162611
1787810485208,19626a39-cfe2-b4f2-9bee-f6b505059680,/p/0/932d7c276074010f,10,200,58430,281.316,1141.582,51183
1787810481004,9b756a86-8abd-2ab1-135b-50a13ba82815,/p/0/37e6c53c3eac08a8,1,200,444203,40.768,5385.280,82485
1787810464578,e433120d-9660-b149-3ae2-ab6d26b5c37e,/p/0/a14a6216b213e1c9,2,200,513892,1921.363,21888.800,23477
1787810464916,d1011d9f-5343-c4b8-8767-7499047217b7,/p/0/527857dce588692d,4,200,3359774,120.882,21557.138,155854
1787810482755,ef9ba657-0067-9096-2382-ba2d211b55c7,/p/0/1c71d31666fc1a54,2,200,110277,639.874,3797.923,29036
1787810474499,8b7b632e-92c1-abff-df12-ea19e08d1599,/p/0/94341521b6438274,1,200,207063,743.094,12097.869,17116
1787810478204,ae73129a-f067-5805-ca89-9ca050b023cd,/p/0/8fe403217352a449,2,200,508260,406.179,8445.954,60178
1787810486167,ab26aace-a219-cdc4-0c38-30c83d8f2c44,/p/1/884d461a03ab4a18,2,200,516324,6.290,529.277,975527
1787810486167,ab26aace-a219-cdc4-0c38-30c83d8f2c44,/p/0/884d481a03ab4d7e,2,200,290389,6.261,529.533,548387
1787810456648,74679cd6-51a6-def2-fd41-4cc0c75826dd,/p/0/72f19d7efabced33,1,200,3424637,38.212,30050.521,113963
1787810483352,9b756a86-8abd-2ab1-135b-50a13ba82815,/p/0/2d12190c5d1e7ad7,2,200,302140,209.977,3402.556,88798
1787810484111,4cc59da5-43fd-bad1-f6e4-04780c37b1b1,/p/8/a47c71deaa1115fb,1,200,189433,211.999,2742.457,69074
1787810484111,4cc59da5-43fd-bad1-f6e4-04780c37b1b1,/p/0/a47c70deaa111448,1,200,190023,43.542,2742.469,69289
1787810463780,702b7d66-0ccc-7dff-26e7-1a1bb8b4a3ab,/p/0/6e534fe2f2b8203c,3,200,4414917,70.060,23200.468,190294
1787810478324,c1f0de7f-b6b0-74a5-0ef3-ec37baba2fe8,/p/0/12b33be79009c7af,1,200,2203945,45.747,8862.867,248672
1787810486251,c646942c-ed5a-0fb7-d9a0-14e1ac87f778,/p/0/f0095193d3e5563f,4,200,118834,151.441,991.917,119802
1787810486853,4cc59da5-43fd-bad1-f6e4-04780c37b1b1,/p/0/63c2e33f99b198e2,2,200,12521,256.305,425.193,29448
1787810486697,ab26aace-a219-cdc4-0c38-30c83d8f2c44,/p/0/9b2b484c7e1ec79,3,200,186604,3.013,626.612,297798
1787810485861,3210135b-09a8-2ca1-46dc-bdbd37136c45,/p/0/285fcc6a10c65787,3,200,107264,386.974,1502.164,71406
1787810439577,0749ca82-1e65-8f0a-ba8a-b79b9d25deac,/p/7/778c552464a26bd4,9,0,3103127,255.704,47905.828,64776
1787810439577,0749ca82-1e65-8f0a-ba8a-b79b9d25deac,/p/0/778c562464a26d87,9,0,2850415,344.725,47906.030,59500
1787810436927,0749ca82-1e65-8f0a-ba8a-b79b9d25deac,/p/0/1a5d88930302e4c5,8,0,3172723,319.987,50555.847,62757
1787810432571,0749ca82-1e65-8f0a-ba8a-b79b9d25deac,/p/0/2bcb9f861a2c08f1,7,0,3826119,436.400,54912.071,69677
1787810469727,f9ac92eb-1252-5f06-7cc4-1f45fa8220a1,/p/0/5ab23366c07a4f46,4,200,2527696,191.004,17802.442,141986
1787810478483,9e0fba65-906f-29ac-85bf-db388693d2aa,/?crawl=171,0,200,2523796,50.868,9127.139,276516
1787810482755,ef9ba657-0067-9096-2382-ba2d211b55c7,/p/2/1c71d41666fc1c07,2,200,249797,519.583,4879.968,51188
1787810424196,48566d99-8687-1c66-c262-45eb68f9fd83,/p/0/8916c5c8ba63441c,3,200,4910434,464.750,63442.408,77400
1787810483352,9b756a86-8abd-2ab1-135b-50a13ba82815,/p/0/2d121a0c5d1e7c8a,2,200,474398,229.980,4309.987,110069
1787810481451,0259e658-774f-d392-9487-017f5735e0f8,/p/0/4114bb1a7b4eb4fe,5,200,386933,451.312,6302.782,61391
1787810458925,8e551002-bf5c-1717-e281-4fa00d9030bd,/p/0/b9df51153839e39d,1,200,2959854,277.082,28910.816,102379
1787810486251,c646942c-ed5a-0fb7-d9a0-14e1ac87f778,/p/0/f0095293d3e557f2,4,200,236664,227.090,1643.164,144029
1787810483352,9b756a86-8abd-2ab1-135b-50a13ba82815,/p/4/2d121b0c5d1e7e3d,2,200,474038,191.084,4565.050,103841
1787810481187,63a2f736-a599-8f16-6df1-716b89ede193,/p/0/8a67f5fd8f3a59c,9,200,112923,2776.291,6761.614,16701
1787810465306,5bf49a11-3401-a7a4-7d34-f0e4ab04e2d3,/p/0/b7fbe29e34df6be0,11,200,4824952,139.746,22652.931,212995
1787810485745,c646942c-ed5a-0fb7-d9a0-14e1ac87f778,/p/0/f61ab4767bcd3061,3,200,334109,25.893,2228.524,149924
1787810480873,3e71326f-e416-3c5e-6236-7bd18a29c656,/p/0/37e243e4e907f2be,9,200,227835,1052.003,7131.255,31949
1787810477479,702b7d66-0ccc-7dff-26e7-1a1bb8b4a3ab,/p/0/42769e76a5049616,10,200,2503444,69.900,10542.124,237471
1787810480291,ef9ba657-0067-9096-2382-ba2d211b55c7,/p/0/df8748216621f720,1,200,442213,79.923,7787.190,56787
1787810482318,8e551002-bf5c-1717-e281-4fa00d9030bd,/p/2/b9a25f302bcdd4b4,3,200,353054,302.153,5815.155,60713
1787810482760,fe9f5242-1dee-d8c5-2769-78aba5955fb8,/p/5/99872a9ede5167f6,8,200,491939,244.549,5452.456,90223
1787810485745,c646942c-ed5a-0fb7-d9a0-14e1ac87f778,/p/0/f61ab1767bcd2b48,3,200,344984,25.761,2482.791,138950
1787810474499,8b7b632e-92c1-abff-df12-ea19e08d1599,/p/0/94341821b643878d,1,200,251242,2101.254,13765.094,18252
1787810472562,3952e698-9ec0-461c-370f-3bcdd2b0f130,/p/3/c509e8713d9df2c9,1,200,6222920,87.433,15704.676,396246
1787810487489,76867539-874f-9317-5aab-6d0421d2a69c,/?crawl=181,0,200,338647,44.997,783.077,432457
1787810482318,8e551002-bf5c-1717-e281-4fa00d9030bd,/p/0/b9a260302bcdd667,3,200,505354,252.730,6093.566,82932
1787810456483,29d0d395-37bb-0d0c-b54a-f56f7894572c,/?crawl=140,0,200,5026065,6222.615,31942.856,157346
1787810488267,3952e698-9ec0-461c-370f-3bcdd2b0f130,/p/2/873fbb14e023c1dc,2,200,42073,92.209,284.218,148031
1787810475495,d66568bc-db56-b020-ae6e-bd870e82c002,/p/0/580b952eb3f70609,5,200,442672,401.578,13130.679,33713
1787810483771,ae73129a-f067-5805-ca89-9ca050b023cd,/p/0/862bc603d15d258f,3,200,310910,304.070,5042.713,61655
1787810488483,fb058f7a-53f7-c86f-c2ee-289ac5d682aa,/?crawl=182,0,200,127531,106.565,561.369,227178
1787810486853,4cc59da5-43fd-bad1-f6e4-04780c37b1b1,/p/7/63c2e43f99b19a95,2,200,247331,328.511,2503.690,98787
1787810484111,4cc59da5-43fd-bad1-f6e4-04780c37b1b1,/p/0/a47c73deaa111961,1,200,519005,139.439,5360.398,96822
1787810485260,b3a23f41-af11-6422-808e-1c535d4af12f,/p/0/8d2f0702d48797a,2,200,375021,67.256,4279.630,87629
1787810479053,b65c0c64-3b12-5a25-dd6f-f7450caa3086,/p/6/26e850c6c3f2bf67,7,200,330801,251.185,10534.778,31401
1787810465636,e006d3a4-893c-ecdd-0350-87bafabb266c,/p/0/e77064ad892ac977,9,200,3117755,116.908,23967.505,130083
1787810487610,9e0fba65-906f-29ac-85bf-db388693d2aa,/p/9/18fa721025b2da6d,1,200,195785,45.726,1997.515,98014
1787810483465,3210135b-09a8-2ca1-46dc-bdbd37136c45,/p/0/c6fa64c1fb49fc49,2,200,486130,347.884,6234.162,77978
1787810488267,3952e698-9ec0-461c-370f-3bcdd2b0f130,/p/0/873fbc14e023c38f,2,200,211710,30.925,1578.738,134101
1787810459451,d1011d9f-5343-c4b8-8767-7499047217b7,/p/0/76ecef079914a64d,2,200,4711400,1271.746,30464.046,154654
1787810470674,22d12676-3c4b-bc77-5504-3e3ba727582d,/p/0/71c82fb7537d63e9,1,200,5813309,59.261,19262.307,301797
1787810485861,3210135b-09a8-2ca1-46dc-bdbd37136c45,/p/0/285fcb6a10c655d4,3,200,312979,410.213,4312.505,72575
1787810485260,b3a23f41-af11-6422-808e-1c535d4af12f,/p/10/8d2ee702d487614,2,200,330663,133.945,4928.583,67091
1787810487917,9b756a86-8abd-2ab1-135b-50a13ba82815,/p/0/e626e08735a96522,3,200,308473,39.433,2330.221,132379
1787810485006,0c39296c-9d09-a3b9-cfb4-8e11142eafe6,/p/0/82e92190f329c519,11,200,217075,957.061,5247.596,41367
1787810483465,3210135b-09a8-2ca1-46dc-bdbd37136c45,/p/0/c6fa61c1fb49f730,2,200,508863,66.567,6789.889,74944
1787810486248,63a2f736-a599-8f16-6df1-716b89ede193,/p/0/8dbaab48fbfce55e,10,200,87096,470.957,4023.067,21649
1787810485207,19626a39-cfe2-b4f2-9bee-f6b505059680,/p/2/932d7b276073ff5c,10,200,355607,478.841,5092.589,69828
1787810476858,8e7a01ec-a46f-8fd1-cdff-5aa0b89c8aab,/p/9/58743dced238e8dc,1,200,5243881,32.941,13477.559,389082
1787810472592,60d6c10a-b45d-5e48-b604-04773a6e6ae0,/p/0/acae9587fcd1243,1,200,2505332,192.858,17761.829,141051
1787810459913,50a6f0fa-e0b7-dd57-0c37-c9b4125c792b,/p/0/930aa65a0f03f777,1,200,5510151,106.271,30504.437,180634
1787810490336,8e7a01ec-a46f-8fd1-cdff-5aa0b89c8aab,/p/0/445c83b5f9079438,2,200,26110,32.343,95.167,274359
1787810453541,0478c1ea-68e1-75c7-cddd-a5d083df15bb,/p/1/c9f7e5818846f92c,3,0,1779831,72.853,36942.221,48179
1787810444101,e006d3a4-893c-ecdd-0350-87bafabb266c,/p/0/c6a06122d877cf55,5,200,6226629,118.271,46475.736,133976
1787810488133,8e551002-bf5c-1717-e281-4fa00d9030bd,/p/0/9317bb89fa8697dc,4,200,104173,302.208,2451.374,42496
1787810490483,de489acb-a1f2-3b88-37a4-73b1b11cf59c,/?crawl=185,0,200,77616,42.089,231.183,335734
1787810481020,3e71326f-e416-3c5e-6236-7bd18a29c656,/p/0/423df9c0d3308004,10,200,341772,833.991,9702.340,35226
1787810488551,3952e698-9ec0-461c-370f-3bcdd2b0f130,/p/1/c40bc346897c43df,3,200,180569,288.213,2198.190,82144
1787810489483,e7d3915d-16bf-ba53-2385-c6194eacdb65,/?crawl=183,0,200,247455,82.255,1389.619,178074
1787810445993,48566d99-8687-1c66-c262-45eb68f9fd83,/p/0/b3978c4b0003ca38,6,200,2664335,1729.367,44963.456,59256
1787810490714,de489acb-a1f2-3b88-37a4-73b1b11cf59c,/p/4/2942cccd19806a8e,1,200,46436,44.503,321.796,144303
1787810480292,ef9ba657-0067-9096-2382-ba2d211b55c7,/p/0/df874b216621fc39,1,200,417612,402.456,10766.642,38788
1787810488267,3952e698-9ec0-461c-370f-3bcdd2b0f130,/p/0/873fbd14e023c542,2,200,341462,189.361,2863.656,119240
1787810478889,0cac6aae-1489-56e0-7461-86608a6b60d9,/p/0/c391eb3ca70bad54,12,200,2114176,197.216,12505.589,169058
1787810489608,9e0fba65-906f-29ac-85bf-db388693d2aa,/p/0/a8d3b157673b71b0,2,200,148169,264.787,1916.825,77299
1787810490483,82415893-2ab4-7ff9-5c23-674ddf0978c6,/?crawl=184,0,200,225509,66.857,1058.645,213017
1787810491483,c49809ce-1e0b-10d9-6024-9dfc810efd11,/?crawl=188,0,200,47661,18.995,68.821,692540
1787810490336,8e7a01ec-a46f-8fd1-cdff-5aa0b89c8aab,/p/0/445c86b5f9079951,2,200,278482,32.302,1306.779,213106
1787810490336,8e7a01ec-a46f-8fd1-cdff-5aa0b89c8aab,/p/8/445c85b5f907979e,2,200,219541,95.157,1322.764,165971
1787810490749,3952e698-9ec0-461c-370f-3bcdd2b0f130,/p/0/37f7790b9da242f2,4,200,70012,153.163,934.243,74940
1787810481494,d66568bc-db56-b020-ae6e-bd870e82c002,/p/0/306dd278169cd66a,6,200,320202,517.765,10246.014,31251
1787810463374,74679cd6-51a6-def2-fd41-4cc0c75826dd,/p/0/f4c9585670a8f790,3,200,3990797,207.450,28474.566,140153
1787810489044,fb058f7a-53f7-c86f-c2ee-289ac5d682aa,/p/0/e381cce5d7514cc7,1,200,85074,2864.983,2868.410,29659
1787810488213,fe9f5242-1dee-d8c5-2769-78aba5955fb8,/p/0/7d327422860fc162,9,200,273321,387.609,3704.579,73779
1787810488213,fe9f5242-1dee-d8c5-2769-78aba5955fb8,/p/4/7d327222860fbdfc,9,200,371647,327.453,3706.245,100276
1787810490749,3952e698-9ec0-461c-370f-3bcdd2b0f130,/p/0/37f7780b9da2413f,4,200,94867,214.716,1186.017,79988
1787810490300,19626a39-cfe2-b4f2-9bee-f6b505059680,/p/0/fb17800061dcb1fe,11,200,64158,311.091,1674.726,38310
1787810490483,8c4b883f-7af1-ae8c-c101-a1f478818567,/?crawl=187,0,200,513273,46.354,1659.001,309387
1787810490749,3952e698-9ec0-461c-370f-3bcdd2b0f130,/p/0/37f77a0b9da244a5,4,200,124306,214.811,1491.967,83317
1787810488213,fe9f5242-1dee-d8c5-2769-78aba5955fb8,/p/0/7d327322860fbfaf,9,200,438026,543.703,4038.320,108467
1787810487489,56cfadbd-66c1-9860-600b-c47552cd4177,/?crawl=180,0,200,5387518,18.104,4771.677,1129062
1787810488272,76867539-874f-9317-5aab-6d0421d2a69c,/p/0/76ec23436bec448d,1,200,413430,258.019,4063.583,101740
1787810487635,ef9ba657-0067-9096-2382-ba2d211b55c7,/p/0/8869c10c4252cea6,3,200,232642,443.954,4754.968,48926
1787810488272,76867539-874f-9317-5aab-6d0421d2a69c,/p/1/76ec22436bec42da,1,200,354115,433.957,4138.998,85556
1787810478889,0cac6aae-1489-56e0-7461-86608a6b60d9,/p/0/c391ec3ca70baf07,12,200,2984327,197.227,13589.609,219604
1787810460569,ed44bc0f-ef2d-a9ce-7a2d-62863ae567a0,/p/0/85464084c55c373f,10,0,2242307,734.113,31914.921,70259
1787810410071,ed44bc0f-ef2d-a9ce-7a2d-62863ae567a0,/p/0/6f82896fd6b1da98,4,0,5230671,303.802,82412.818,63469
1787810448068,ed44bc0f-ef2d-a9ce-7a2d-62863ae567a0,/p/0/608f3926049a80,9,0,2926859,954.797,44416.487,65896
1787810492484,ed44bc0f-ef2d-a9ce-7a2d-62863ae567a0,/p/0/5c2daeadab1c72a9,11,0,0,0.017,0.000,0
1787810410072,ed44bc0f-ef2d-a9ce-7a2d-62863ae567a0,/p/0/6f828c6fd6b1dfb1,4,0,5024631,75.779,82412.894,60969
1787810479931,ed44bc0f-ef2d-a9ce-7a2d-62863ae567a0,/p/0/5c2dabadab1c6d90,11,0,452979,300.579,12553.576,36084
1787810433630,ed44bc0f-ef2d-a9ce-7a2d-62863ae567a0,/p/0/121b135ad404f6b2,7,0,3000779,417.047,58854.310,50987
1787810458664,d1011d9f-5343-c4b8-8767-7499047217b7,/p/0/456151e3bc9820de,1,200,6114467,367.212,33865.625,180551
1787810492261,56cfadbd-66c1-9860-600b-c47552cd4177,/p/0/a5676a10087373a,1,200,278365,49.123,449.324,619519
1787810465306,5bf49a11-3401-a7a4-7d34-f0e4ab04e2d3,/p/0/b7fbe59e34df70f9,11,200,5598304,139.807,27413.864,204214
1787810491658,8e7a01ec-a46f-8fd1-cdff-5aa0b89c8aab,/p/7/4fc4b0fd76900877,3,200,47175,218.345,1124.785,41941
1787810487635,ef9ba657-0067-9096-2382-ba2d211b55c7,/p/0/8869c00c4252ccf3,3,200,199636,444.082,5161.591,38677
1787810491658,8e7a01ec-a46f-8fd1-cdff-5aa0b89c8aab,/p/0/4fc4affd769006c4,3,200,142041,302.983,1141.395,124445
1787810479807,d66568bc-db56-b020-ae6e-bd870e82c002,/p/0/306dd178169cd4b7,6,200,267291,445.249,13010.464,20544
1787810464479,702b7d66-0ccc-7dff-26e7-1a1bb8b4a3ab,/p/0/180395b70d0e5114,4,200,6211234,67.941,28388.783,218792
1787810482755,ef9ba657-0067-9096-2382-ba2d211b55c7,/p/0/1c71d61666fc1f6d,2,200,387484,598.511,10202.278,37980
1787810466740,5bf49a11-3401-a7a4-7d34-f0e4ab04e2d3,/p/6/3e2f250428fc4b52,12,200,5938165,165.284,26216.948,226501
1787810492957,5bf49a11-3401-a7a4-7d34-f0e4ab04e2d3,/p/0/d3db0a5f56aedebf,13,200,17607,27.479,53.903,326643
1787810435159,eb7e981e-236e-e62e-fcbd-039d90b367ca,/p/0/4eca428e999f5779,5,200,3382616,209.202,57886.008,58436
1787810490873,e7d3915d-16bf-ba53-2385-c6194eacdb65,/p/0/5017788842b65867,1,200,137293,160.296,2181.334,62940
1787810492261,56cfadbd-66c1-9860-600b-c47552cd4177,/p/1/a5677a1008738ed,1,200,510546,53.922,946.304,539516
1787810490873,e7d3915d-16bf-ba53-2385-c6194eacdb65,/p/0/5017778842b656b4,1,200,143653,279.179,2338.056,61441
1787810491552,c49809ce-1e0b-10d9-6024-9dfc810efd11,/p/7/6f03ccb45baf8855,1,200,222392,109.769,1742.415,127634
1787810489044,fb058f7a-53f7-c86f-c2ee-289ac5d682aa,/p/0/e381cee5d751502d,1,200,481254,2867.779,4314.653,111539
1787810464401,f9ac92eb-1252-5f06-7cc4-1f45fa8220a1,/p/0/75323ed0461878f6,2,200,5336761,31.877,29014.139,183937
1787810492957,5bf49a11-3401-a7a4-7d34-f0e4ab04e2d3,/p/5/d3db095f56aedd0c,13,200,116643,68.187,469.224,248587
1787810467959,702b7d66-0ccc-7dff-26e7-1a1bb8b4a3ab,/p/0/e15683e9b5a9bd97,6,200,5859244,70.476,25481.353,229942
1787810483483,e887db64-7e3f-9785-193f-e045cbf09f14,/?crawl=175,0,200,5139232,33.151,10041.235,511813
1787810492411,76867539-874f-9317-5aab-6d0421d2a69c,/p/0/f6c98d22972828a7,2,200,116014,212.766,1143.282,101474
1787810493426,5bf49a11-3401-a7a4-7d34-f0e4ab04e2d3,/p/4/d99e59f8d6e0f565,14,200,10071,138.805,290.530,34664
1787810493524,e887db64-7e3f-9785-193f-e045cbf09f14,/p/0/cb511a99d346febb,1,200,29371,88.828,261.997,112104
1787810484287,d66568bc-db56-b020-ae6e-bd870e82c002,/p/1/4627860a744e9b9d,7,200,366775,758.232,9727.990,37703
1787810477660,60d6c10a-b45d-5e48-b604-04773a6e6ae0,/p/0/5811b63d7b9514f2,3,200,3255219,252.119,16383.615,198687
1787810489357,4cc59da5-43fd-bad1-f6e4-04780c37b1b1,/p/0/68130d41919e6c1e,3,200,423829,234.485,4712.022,89946
1787810491552,c49809ce-1e0b-10d9-6024-9dfc810efd11,/p/0/6f03cab45baf84ef,1,200,382235,109.840,2528.019,151199
1787810469881,dfb72c95-9df6-a302-4f7f-eb28eb530616,/p/0/9e353cb6146804f0,1,200,3995281,105.634,24299.894,164416
1787810492957,5bf49a11-3401-a7a4-7d34-f0e4ab04e2d3,/p/0/d3db0b5f56aee072,13,200,216018,27.508,1235.850,174793
1787810487610,9e0fba65-906f-29ac-85bf-db388693d2aa,/p/0/18fa711025b2d8ba,1,200,486681,508.050,6602.758,73709
1787810476705,702b7d66-0ccc-7dff-26e7-1a1bb8b4a3ab,/p/7/42769f76a50497c9,10,200,5323622,99.877,17533.331,303629
1787810417149,48566d99-8687-1c66-c262-45eb68f9fd83,/p/0/b5f480d1986aa49f,1,200,5984566,254.202,77115.872,77605
1787810491740,d66568bc-db56-b020-ae6e-bd870e82c002,/p/0/4627840a744e9837,7,200,37557,641.283,2552.726,14713
1787810493483,408306b2-68ef-a9fd-3d97-035da486e75e,/?crawl=191,0,200,447225,30.463,848.380,527152
1787810489608,9e0fba65-906f-29ac-85bf-db388693d2aa,/p/0/a8d3b457673b76c9,2,200,413260,288.774,4745.749,87080
1787810487610,9e0fba65-906f-29ac-85bf-db388693d2aa,/p/0/18fa701025b2d707,1,200,516513,357.122,6766.445,76334
1787810489608,9e0fba65-906f-29ac-85bf-db388693d2aa,/p/8/a8d3b357673b7516,2,200,428078,264.652,4769.051,89762
1787810468010,e006d3a4-893c-ecdd-0350-87bafabb266c,/p/4/6cfd6c2ee87862a8,10,200,4488155,132.459,26377.555,170151
1787810491658,8e7a01ec-a46f-8fd1-cdff-5aa0b89c8aab,/p/0/4fc4b2fd76900bdd,3,200,394586,33.096,2869.269,137521
1787810493294,c49809ce-1e0b-10d9-6024-9dfc810efd11,/p/0/c9f27544f2434238,2,200,225708,113.604,1278.546,176535
1787810489357,4cc59da5-43fd-bad1-f6e4-04780c37b1b1,/p/0/68130c41919e6a6b,3,200,359037,234.505,5314.073,67563
1787810493524,e887db64-7e3f-9785-193f-e045cbf09f14,/p/2/cb511c99d3470221,1,200,289898,42.622,1150.211,252039
1787810494377,9e0fba65-906f-29ac-85bf-db388693d2aa,/p/7/b695246034efe2a1,3,200,82484,313.834,317.580,259727
1787810494377,9e0fba65-906f-29ac-85bf-db388693d2aa,/p/0/b695226034efdf3b,3,200,152837,3.265,317.860,480831
1787810494238,702b7d66-0ccc-7dff-26e7-1a1bb8b4a3ab,/p/0/e31ec67fb6d82f78,11,200,151457,89.313,490.324,308891
1787810494483,4c48e9e8-5a19-c03d-3947-95518656d187,/?crawl=192,0,200,141097,31.566,303.249,465284
1787810489357,4cc59da5-43fd-bad1-f6e4-04780c37b1b1,/p/6/68130e41919e6dd1,3,200,508947,326.598,5454.856,93302
1787810494786,4c48e9e8-5a19-c03d-3947-95518656d187,/p/0/ab3b56a6130e421d,1,200,42706,29.094,163.205,261671
1787810458090,d9b27d91-0fa9-612c-4b18-86aa6c1a66d6,/p/0/f993bc796be7364f,5,200,4448468,774.439,36873.316,120642
1787810494181,dfb72c95-9df6-a302-4f7f-eb28eb530616,/p/3/6ad34672b0c88fdf,9,200,131934,120.958,851.214,154995
1787810492783,8e7a01ec-a46f-8fd1-cdff-5aa0b89c8aab,/p/0/f658c1c9cbc0111,4,200,238034,294.099,2299.746,103504
1787810478473,5a1c49f5-5c65-54f7-6847-117810ebe534,/p/0/b6e509c1a66dc995,2,200,5293515,216.515,16722.073,316559
1787810474499,8b7b632e-92c1-abff-df12-ea19e08d1599,/p/1/94341721b64385da,1,200,468388,2857.519,20729.967,22595
1787810492783,8e7a01ec-a46f-8fd1-cdff-5aa0b89c8aab,/p/6/f658a1c9cbbfdab,4,200,335577,192.415,2475.955,135534
1787810494238,702b7d66-0ccc-7dff-26e7-1a1bb8b4a3ab,/p/0/e31ec97fb6d83491,11,200,518601,13.692,1063.825,487487
1787810494238,702b7d66-0ccc-7dff-26e7-1a1bb8b4a3ab,/p/6/e31ec77fb6d8312b,11,200,505271,95.999,1071.337,471626
1787810493294,c49809ce-1e0b-10d9-6024-9dfc810efd11,/p/6/c9f27644f24343eb,2,200,475670,104.345,2067.377,230084
1787810494675,e887db64-7e3f-9785-193f-e045cbf09f14,/p/0/df0610dd96219354,2,200,26917,221.692,760.589,35390
1787810491919,fe9f5242-1dee-d8c5-2769-78aba5955fb8,/p/0/8305912d0611ddb,10,0,0,3563.887,0.000,0
1787810491919,fe9f5242-1dee-d8c5-2769-78aba5955fb8,/p/3/8305b12d0612141,10,0,0,3563.878,0.000,0
1787810386207,09982139-5e76-f214-cc24-4e66c50bbb4e,/p/4/6b54c714d4dd6dce,2,0,3606455,1589.035,109276.287,33003
1787810491919,fe9f5242-1dee-d8c5-2769-78aba5955fb8,/p/0/8305a12d0611f8e,10,0,0,3563.866,0.000,0
1787810482760,fe9f5242-1dee-d8c5-2769-78aba5955fb8,/p/0/99872b9ede5169a9,8,0,1283987,266.303,12722.759,100920
1787810456363,fe9f5242-1dee-d8c5-2769-78aba5955fb8,/p/0/e047314baf346ef6,7,0,5058727,219.816,39120.427,129312
1787810483483,19fafd0a-eb0b-5405-6877-f611ae66cc46,/?crawl=176,0,200,3048800,57.521,12072.379,252543
1787810492142,8c4b883f-7af1-ae8c-c101-a1f478818567,/p/6/26e2211f04a7e68,1,200,288150,44.530,3463.381,83199
1787810495362,c49809ce-1e0b-10d9-6024-9dfc810efd11,/p/0/78f98f4291968d00,3,200,49858,138.794,409.225,121835
1787810493717,5bf49a11-3401-a7a4-7d34-f0e4ab04e2d3,/p/0/c36d30ba73fafb5f,15,200,187535,182.669,2079.733,90173
1787810487949,63a2f736-a599-8f16-6df1-716b89ede193,/p/0/8dbaaa48fbfce3ab,10,200,163172,1428.630,7884.003,20697
1787810490873,e7d3915d-16bf-ba53-2385-c6194eacdb65,/p/0/5017798842b65a1a,1,200,426067,83.894,5001.301,85191
1787810459913,50a6f0fa-e0b7-dd57-0c37-c9b4125c792b,/p/0/930aa55a0f03f5c4,1,200,6094755,130.910,35979.530,169395
1787810463374,74679cd6-51a6-def2-fd41-4cc0c75826dd,/p/0/f4c95a5670a8faf6,3,200,5214994,226.791,32525.725,160334
1787810495309,702b7d66-0ccc-7dff-26e7-1a1bb8b4a3ab,/p/0/381eb32cf982d12e,12,200,243598,14.060,594.208,409954
1787810494812,4cc59da5-43fd-bad1-f6e4-04780c37b1b1,/p/0/d4f22e39a27af35d,4,200,49224,234.704,1131.302,43511
1787810494483,4a6c49a8-b979-6363-6b9f-5b92c5c2687b,/?crawl=193,0,200,519822,43.293,1463.294,355241
1787810480838,3e71326f-e416-3c5e-6236-7bd18a29c656,/p/0/37e242e4e907f10b,9,200,487023,1051.332,15225.002,31988
1787810483483,f6f4b872-79f0-4f30-c47e-5518c872138a,/?crawl=178,0,200,515241,1053.737,12655.293,40713
1787810495362,c49809ce-1e0b-10d9-6024-9dfc810efd11,/p/5/78f9904291968eb3,3,200,205100,131.492,776.873,264007
1787810493426,5bf49a11-3401-a7a4-7d34-f0e4ab04e2d3,/p/0/d99e58f8d6e0f3b2,14,200,331216,138.837,2735.876,121064
1787810494675,e887db64-7e3f-9785-193f-e045cbf09f14,/p/0/df0613dd9621986d,2,200,221816,175.802,1500.766,147802
1787810495309,702b7d66-0ccc-7dff-26e7-1a1bb8b4a3ab,/p/5/381eb12cf982cdc8,12,200,358265,14.051,935.167,383103
1787810495483,94ddeec8-4713-1ccc-0771-93b0a7c1f7b0,/?crawl=194,0,200,288264,42.235,778.432,370314
1787810492411,76867539-874f-9317-5aab-6d0421d2a69c,/p/0/f6c98f2297282c0d,2,200,507123,294.782,3865.782,131182
1787810494675,e887db64-7e3f-9785-193f-e045cbf09f14,/p/1/df0611dd96219507,2,200,240464,221.919,1652.814,145488
1787810495362,c49809ce-1e0b-10d9-6024-9dfc810efd11,/p/0/78f9924291969219,3,200,111145,95.832,1002.480,110870
1787810485861,3210135b-09a8-2ca1-46dc-bdbd37136c45,/p/0/285fcd6a10c6593a,3,200,2221440,297.047,10586.558,209836
1787810496327,e887db64-7e3f-9785-193f-e045cbf09f14,/p/0/25a3c53b40f3fb5a,3,200,21432,170.383,227.125,94362
1787810490300,19626a39-cfe2-b4f2-9bee-f6b505059680,/p/0/fb177f0061dcb04b,11,200,331002,423.407,6544.194,50579
1787810442276,eb7e981e-236e-e62e-fcbd-039d90b367ca,/p/0/459dcec1d5f91569,7,200,3086222,230.279,54788.446,56330
1787810496139,c49809ce-1e0b-10d9-6024-9dfc810efd11,/p/0/b4fed135d89341d4,4,200,112142,102.511,931.102,120440
1787810474581,dfb72c95-9df6-a302-4f7f-eb28eb530616,/p/0/b8ca031cfdc1e8b8,4,200,3490617,118.759,22582.696,154570
1787810489588,b65c0c64-3b12-5a25-dd6f-f7450caa3086,/p/0/26e852c6c3f2c2cd,7,200,336673,444.906,7611.322,44233
1787810496327,e887db64-7e3f-9785-193f-e045cbf09f14,/p/0/25a3c43b40f3f9a7,3,200,109971,186.500,881.072,124815
1787810495605,8c4b883f-7af1-ae8c-c101-a1f478818567,/p/5/881919401a8fc01d,2,200,120618,241.072,1720.128,70122
1787810495555,19fafd0a-eb0b-5405-6877-f611ae66cc46,/p/2/11121c8115761fe8,1,200,200566,82.147,1793.724,111815
1787810488551,3952e698-9ec0-461c-370f-3bcdd2b0f130,/p/0/c40bc546897c4745,3,200,2662755,228.656,8827.881,301630
1787810490189,b3a23f41-af11-6422-808e-1c535d4af12f,/p/0/6da7abb05f43fa6,3,200,268073,595.096,7237.945,37037
1787810494293,d66568bc-db56-b020-ae6e-bd870e82c002,/p/0/bcc7650ba7923782,8,200,84285,641.004,3151.775,26742
1787810496327,e887db64-7e3f-9785-193f-e045cbf09f14,/p/0/25a3c63b40f3fd0d,3,200,189126,186.419,1260.088,150089
1787810496139,c49809ce-1e0b-10d9-6024-9dfc810efd11,/p/0/b4fed435d89346ed,4,200,300135,102.395,1702.531,176288
1787810497483,984a07c8-a759-6177-8955-ffd038d5104d,/?crawl=196,0,200,39276,124.730,371.742,105654
1787810494786,4c48e9e8-5a19-c03d-3947-95518656d187,/p/0/ab3b53a6130e3d04,1,200,458931,148.142,3089.466,148547
1787810497483,440d284a-4e1e-ee1c-2872-92f3eb9b00c6,/?crawl=197,0,200,445972,19.037,457.230,975377
1787810494812,4cc59da5-43fd-bad1-f6e4-04780c37b1b1,/p/5/d4f22d39a27af1aa,4,200,222624,280.387,3141.005,70877
1787810495032,dfb72c95-9df6-a302-4f7f-eb28eb530616,/p/0/6ad34572b0c88e2c,9,200,506754,122.664,2927.695,173090
1787810493717,5bf49a11-3401-a7a4-7d34-f0e4ab04e2d3,/p/3/c36d32ba73fafec5,15,200,454190,182.616,4260.015,106617
1787810488551,3952e698-9ec0-461c-370f-3bcdd2b0f130,/p/0/c40bc246897c422c,3,200,5499779,320.018,9429.919,583227
1787810496244,702b7d66-0ccc-7dff-26e7-1a1bb8b4a3ab,/p/4/a1eccde505607a6a,13,200,425119,84.212,1763.443,241073
1787810496244,702b7d66-0ccc-7dff-26e7-1a1bb8b4a3ab,/p/0/a1eccee505607c1d,13,200,424658,99.555,1770.447,239859
1787810496139,c49809ce-1e0b-10d9-6024-9dfc810efd11,/p/4/b4fed335d893453a,4,200,381148,188.509,1882.875,202429
1787810498022,c49809ce-1e0b-10d9-6024-9dfc810efd11,/p/0/2d767ea02dc897d4,5,200,30849,117.975,257.298,119896
1787810497163,dfb72c95-9df6-a302-4f7f-eb28eb530616,/p/0/6ad34872b0c89345,9,200,175246,106.226,1117.382,156836
1787810486251,c646942c-ed5a-0fb7-d9a0-14e1ac87f778,/p/8/f0095093d3e5548c,4,200,6088435,163.615,12103.234,503042
1787810498022,c49809ce-1e0b-10d9-6024-9dfc810efd11,/p/3/2d7680a02dc89b3a,5,200,71016,109.527,368.192,192877
1787810491542,82415893-2ab4-7ff9-5c23-674ddf0978c6,/p/0/bcad212aae1b5eee,1,200,487544,202.996,6909.219,70564
1787810498008,702b7d66-0ccc-7dff-26e7-1a1bb8b4a3ab,/p/3/6822b7bf76e0b924,14,200,136628,94.584,557.559,245047
1787810494694,9e0fba65-906f-29ac-85bf-db388693d2aa,/p/6/28822581901e947,4,200,34640,3898.719,3899.472,8883
1787810494694,9e0fba65-906f-29ac-85bf-db388693d2aa,/p/0/28821581901e794,4,200,287456,3898.266,3913.349,73455
1787810490189,b3a23f41-af11-6422-808e-1c535d4af12f,/p/9/6da7bbb05f44159,3,200,472423,528.278,8428.366,56052
1787810471318,dfb72c95-9df6-a302-4f7f-eb28eb530616,/p/0/3edb84a456f0a542,2,200,5113096,81.445,27446.058,186296
1787810497953,4cc59da5-43fd-bad1-f6e4-04780c37b1b1,/p/0/2dbff3df4aa58e82,5,200,22719,279.809,816.419,27828
1787810498566,702b7d66-0ccc-7dff-26e7-1a1bb8b4a3ab,/p/0/a5beca56a3ad47bd,15,200,38823,95.311,304.836,127357
1787810498281,dfb72c95-9df6-a302-4f7f-eb28eb530616,/p/0/84528b8faee045d1,10,200,43299,88.636,608.803,71122
1787810491036,de489acb-a1f2-3b88-37a4-73b1b11cf59c,/p/0/3ee05e5775766b6,2,200,512783,258.788,7996.651,64125
1787810498355,c646942c-ed5a-0fb7-d9a0-14e1ac87f778,/p/7/53a37ab9cf4eac0,5,200,85534,24.203,690.700,123837
1787810498355,c646942c-ed5a-0fb7-d9a0-14e1ac87f778,/p/0/53a39ab9cf4ee26,5,200,193631,73.316,803.276,241052
1787810496261,94ddeec8-4713-1ccc-0771-93b0a7c1f7b0,/p/0/36bd5674976c7dab,1,200,248230,38.392,2948.943,84176
1787810498008,702b7d66-0ccc-7dff-26e7-1a1bb8b4a3ab,/p/0/6822b9bf76e0bc8a,14,200,293982,86.789,1233.827,238268
1787810495259,8e7a01ec-a46f-8fd1-cdff-5aa0b89c8aab,/p/0/706a091a0fb93014,5,200,423713,162.952,4048.283,104665
1787810498870,702b7d66-0ccc-7dff-26e7-1a1bb8b4a3ab,/p/0/a5bec756a3ad42a4,15,200,110157,74.512,489.768,224917
1787810498390,c49809ce-1e0b-10d9-6024-9dfc810efd11,/p/0/4db6cdf3e4b8f756,6,200,116533,103.119,1041.498,111890
1787810498566,702b7d66-0ccc-7dff-26e7-1a1bb8b4a3ab,/p/2/a5bec956a3ad460a,15,200,182939,75.667,872.702,209624
1787810488626,d66568bc-db56-b020-ae6e-bd870e82c002,/p/0/4627850a744e99ea,7,200,247311,519.656,10904.165,22680
1787810495946,4a6c49a8-b979-6363-6b9f-5b92c5c2687b,/p/0/3ea5a903a7a93317,1,200,446667,40.858,3685.502,121196
1787810492261,56cfadbd-66c1-9860-600b-c47552cd4177,/p/0/a5675a100873587,1,200,3062533,14.844,7434.184,411953
1787810499438,702b7d66-0ccc-7dff-26e7-1a1bb8b4a3ab,/p/1/f2632ebdbeeb8671,16,200,30205,72.273,262.302,115154
1787810490189,b3a23f41-af11-6422-808e-1c535d4af12f,/p/0/6da79bb05f43df3,3,200,474012,595.141,9517.814,49803
1787810495946,4a6c49a8-b979-6363-6b9f-5b92c5c2687b,/p/2/3ea5ab03a7a9367d,1,200,314614,363.409,3828.372,82180
1787810497855,984a07c8-a759-6177-8955-ffd038d5104d,/p/3/5d92002fc0a2681e,1,200,124483,185.972,1925.617,64646
1787810495259,8e7a01ec-a46f-8fd1-cdff-5aa0b89c8aab,/p/5/706a0b1a0fb9337a,5,200,515791,211.665,4556.313,113204
1787810493207,56cfadbd-66c1-9860-600b-c47552cd4177,/p/0/a91e4dc819ed6fbe,2,200,2409492,75.824,6675.444,360949
1787810495259,8e7a01ec-a46f-8fd1-cdff-5aa0b89c8aab,/p/0/706a0c1a0fb9352d,5,200,482769,195.129,4685.335,103038
1787810497940,440d284a-4e1e-ee1c-2872-92f3eb9b00c6,/p/0/f0fc548d553d5c7e,1,200,334489,13.301,2041.100,163877
1787810499701,702b7d66-0ccc-7dff-26e7-1a1bb8b4a3ab,/p/0/b502ea65bb1ad5ea,17,200,63228,127.425,445.262,142002
1787810491036,de489acb-a1f2-3b88-37a4-73b1b11cf59c,/p/0/3ee04e577576503,2,200,493835,280.372,9118.449,54158
1787810495946,4a6c49a8-b979-6363-6b9f-5b92c5c2687b,/p/0/3ea5aa03a7a934ca,1,200,361711,202.364,4455.298,81187
1787810497349,19fafd0a-eb0b-5405-6877-f611ae66cc46,/p/1/be34ed34aac50676,2,200,174110,290.417,3087.450,56393
1787810472508,63a2f736-a599-8f16-6df1-716b89ede193,/p/0/9ee0a2f954883b38,7,200,2208229,461.629,28023.720,78799
1787810497977,5bf49a11-3401-a7a4-7d34-f0e4ab04e2d3,/p/0/c0ab4cebe83198bc,16,200,229487,148.287,2558.968,89679
1787810499483,4a9a9b40-5bdd-8b68-01de-b1e076285221,/?crawl=199,0,200,426936,32.902,1149.768,371324
1787810500488,e6643b89-1dd1-2310-bf50-2a904aaa6e86,/?crawl=202,0,200,10650,133.169,157.824,67480
1787810458090,d9b27d91-0fa9-612c-4b18-86aa6c1a66d6,/p/4/f993be796be739b5,5,200,4991069,774.292,42656.638,117006
1787810451852,5dc1e98b-e944-26bb-e977-30c41b3bf4a0,/p/7/f2d08d96f08b6219,2,0,254128,1775.903,48970.251,5189
1787810451852,5dc1e98b-e944-26bb-e977-30c41b3bf4a0,/p/0/f2d08c96f08b6066,2,0,227927,2357.529,48970.274,4654
1787810498022,c49809ce-1e0b-10d9-6024-9dfc810efd11,/p/0/2d7681a02dc89ced,5,200,480186,101.882,2884.833,166452
1787810497960,dfb72c95-9df6-a302-4f7f-eb28eb530616,/p/2/84528a8faee0441e,10,200,352846,102.127,2952.122,119523
1787810495555,19fafd0a-eb0b-5405-6877-f611ae66cc46,/p/0/11121e811576234e,1,200,342639,56.828,5366.791,63844
1787810499438,702b7d66-0ccc-7dff-26e7-1a1bb8b4a3ab,/p/0/f2632cbdbeeb830b,16,200,118927,72.264,1578.724,75331
1787810498355,c646942c-ed5a-0fb7-d9a0-14e1ac87f778,/p/0/53a38ab9cf4ec73,5,200,388000,24.180,2676.374,144972
1787810499775,4a6c49a8-b979-6363-6b9f-5b92c5c2687b,/p/0/bb0676b7ac6eb5a6,2,200,60506,202.883,1285.956,47051
1787810500437,19fafd0a-eb0b-5405-6877-f611ae66cc46,/p/0/3654663f0a044d70,3,200,13965,588.599,640.826,21792
1787810499775,4a6c49a8-b979-6363-6b9f-5b92c5c2687b,/p/1/bb0677b7ac6eb759,2,200,172717,565.887,1386.571,124564
1787810493207,56cfadbd-66c1-9860-600b-c47552cd4177,/p/0/a91e4ec819ed7171,2,200,3042310,54.758,7988.340,380844
1787810499775,4a6c49a8-b979-6363-6b9f-5b92c5c2687b,/p/0/bb0675b7ac6eb3f3,2,200,126103,269.079,1490.278,84617
1787810498764,dfb72c95-9df6-a302-4f7f-eb28eb530616,/p/0/8452888faee040b8,10,200,437603,78.969,2539.678,172306
1787810478835,dfb72c95-9df6-a302-4f7f-eb28eb530616,/p/0/4d1d3fc325453a0e,6,200,3471626,83.939,22469.123,154507
1787810497977,5bf49a11-3401-a7a4-7d34-f0e4ab04e2d3,/p/2/c0ab4eebe8319c22,16,200,340258,204.337,3374.950,100819
1787810493207,56cfadbd-66c1-9860-600b-c47552cd4177,/p/0/a91e4cc819ed6e0b,2,200,3427658,91.649,8221.413,416918
1787810465995,0259e658-774f-d392-9487-017f5735e0f8,/p/0/a3537f0f2b79ac93,3,200,2564239,209.141,35445.685,72343
1787810499438,702b7d66-0ccc-7dff-26e7-1a1bb8b4a3ab,/p/0/f2632dbdbeeb84be,16,200,377843,101.774,2008.466,188125
1787810498390,c49809ce-1e0b-10d9-6024-9dfc810efd11,/p/0/4db6ccf3e4b8f5a3,6,200,416748,103.044,3272.035,127367
1787810499045,c646942c-ed5a-0fb7-d9a0-14e1ac87f778,/p/0/d5ede350f17a32a3,6,200,281263,125.488,2665.485,105520
1787810500647,e6643b89-1dd1-2310-bf50-2a904aaa6e86,/p/0/263ba43ea2b2978d,1,200,66291,341.385,1221.818,54256
1787810483771,ae73129a-f067-5805-ca89-9ca050b023cd,/p/1/862bc503d15d23dc,3,200,2215236,252.625,18201.065,121709
1787810500747,d9b27d91-0fa9-612c-4b18-86aa6c1a66d6,/p/0/2f29f32c89e1e564,6,200,134383,81.062,1238.164,108534
1787810491483,419ec04a-3ac5-43e5-eb84-bca38d6ad0bc,/?crawl=189,0,200,3214937,294.952,10551.272,304697
1787810499816,8e7a01ec-a46f-8fd1-cdff-5aa0b89c8aab,/p/4/e8211fa4598a2cf1,6,200,231779,228.147,2343.799,98890
1787810495555,19fafd0a-eb0b-5405-6877-f611ae66cc46,/p/0/11121d811576219b,1,200,439276,56.817,6729.593,65275
1787810495229,8b7b632e-92c1-abff-df12-ea19e08d1599,/p/0/195b767c4f9486c3,2,200,131167,298.815,7107.639,18454
1787810497349,19fafd0a-eb0b-5405-6877-f611ae66cc46,/p/0/be34eb34aac50310,2,200,294562,317.530,4991.628,59011
1787810500146,702b7d66-0ccc-7dff-26e7-1a1bb8b4a3ab,/p/0/b502eb65bb1ad79d,17,200,265002,1091.547,2270.238,116729
1787810501483,161b30d4-dbe2-5052-5dcb-0f971f676399,/?crawl=203,0,200,413781,47.025,962.296,429994
1787810502445,161b30d4-dbe2-5052-5dcb-0f971f676399,/p/0/b9a5f79c374d8a3a,1,200,32049,47.937,112.093,285915
1787810476149,f3b91457-307d-d26c-a23a-f070dcbd30a4,/p/0/58cd6bcdf9f7a850,4,200,2817762,35.210,26474.825,106432
1787810476703,e006d3a4-893c-ecdd-0350-87bafabb266c,/p/0/6cfd6d2ee878645b,10,200,4993272,139.347,25924.139,192611
1787810501161,4a6c49a8-b979-6363-6b9f-5b92c5c2687b,/p/0/3c55e879191aa97,3,200,175984,247.119,1643.507,107078
1787810501161,4a6c49a8-b979-6363-6b9f-5b92c5c2687b,/p/0/3c55f879191ac4a,3,200,145985,207.460,1664.190,87721
1787810465995,0259e658-774f-d392-9487-017f5735e0f8,/p/0/a353800f2b79ae46,3,200,2772249,209.179,36834.079,75263
1787810495605,8c4b883f-7af1-ae8c-c101-a1f478818567,/p/0/881917401a8fbcb7,2,200,433501,508.864,7313.773,59272
1787810475853,9a32b0ef-c270-6f9f-10f8-32b2894067a2,/p/0/f82fdc8b87d267b5,6,200,5316952,183.356,27102.795,196177
1787810500490,34b69e21-870e-7b51-cd5c-c6d7ebc990e9,/?crawl=201,0,200,2176628,181.694,2473.635,879931
1787810501304,dfb72c95-9df6-a302-4f7f-eb28eb530616,/p/0/a9ef5e9b357a5be8,11,200,126949,89.825,1689.219,75152
1787810502483,a3113622-153a-4853-9f4b-e682800ffcd5,/?crawl=204,0,200,223413,35.606,522.136,427883
1787810478004,f3b91457-307d-d26c-a23a-f070dcbd30a4,/p/0/d87469923e092669,5,200,2395276,286.977,25092.329,95458
1787810503005,a3113622-153a-4853-9f4b-e682800ffcd5,/p/14/b1bda30d2710d168,1,200,22042,141.147,198.083,111276
1787810500646,e6643b89-1dd1-2310-bf50-2a904aaa6e86,/p/1/263ba33ea2b295da,1,200,377781,95.451,2586.432,146063
1787810498594,9e0fba65-906f-29ac-85bf-db388693d2aa,/p/5/1b69ef16c25212ee,5,200,117228,4680.645,4684.036,25027
1787810498594,9e0fba65-906f-29ac-85bf-db388693d2aa,/p/0/1b69f016c25214a1,5,200,39635,4680.653,4684.662,8461
1787810478004,f3b91457-307d-d26c-a23a-f070dcbd30a4,/p/0/d87466923e092150,5,200,2615237,199.869,25276.234,103466
1787810498594,9e0fba65-906f-29ac-85bf-db388693d2aa,/p/0/1b69ed16c2520f88,5,200,93157,4680.616,4688.551,19869
1787810499816,8e7a01ec-a46f-8fd1-cdff-5aa0b89c8aab,/p/0/e8211ea4598a2b3e,6,200,269653,250.286,3522.408,76554
1787810501161,4a6c49a8-b979-6363-6b9f-5b92c5c2687b,/p/0/3c560879191adfd,3,200,425113,124.861,2192.760,193871
1787810500912,dfb72c95-9df6-a302-4f7f-eb28eb530616,/p/1/a9ef609b357a5f4e,11,200,306938,185.827,2447.123,125428
1787810500747,d9b27d91-0fa9-612c-4b18-86aa6c1a66d6,/p/3/2f29f52c89e1e8ca,6,200,198849,488.348,2624.812,75757
1787810497855,984a07c8-a759-6177-8955-ffd038d5104d,/p/0/5d91fe2fc0a264b8,1,200,360194,492.296,5548.909,64913
1787810497349,19fafd0a-eb0b-5405-6877-f611ae66cc46,/p/0/be34ee34aac50829,2,200,297798,317.513,6089.776,48901
1787810502963,34b69e21-870e-7b51-cd5c-c6d7ebc990e9,/p/1/92d14de10e179fc7,1,200,161888,21.983,515.773,313875
1787810502445,161b30d4-dbe2-5052-5dcb-0f971f676399,/p/0/b9a5f69c374d8887,1,200,187164,88.057,1038.681,180194
1787810491552,c49809ce-1e0b-10d9-6024-9dfc810efd11,/p/0/6f03cbb45baf86a2,1,200,2210527,20.401,11932.596,185251
1787810478004,f3b91457-307d-d26c-a23a-f070dcbd30a4,/p/2/d87468923e0924b6,5,200,2523493,235.027,25576.663,98664
1787810502483,553b9ccc-860b-52b9-85ef-0d28103041fa,/?crawl=206,0,200,237882,70.056,1143.440,208041
1787810500532,63a2f736-a599-8f16-6df1-716b89ede193,/p/0/5f2329d098219e9c,11,200,151534,820.702,3136.017,48321
1787810487917,9b756a86-8abd-2ab1-135b-50a13ba82815,/p/3/e626de8735a961bc,3,200,2732836,56.356,15782.849,173152
1787810497199,b65c0c64-3b12-5a25-dd6f-f7450caa3086,/p/5/1c19fffdb3c0f381,8,200,303966,378.986,6556.432,46361
1787810477219,721d2a18-d5d4-9573-5d6a-dfab11b899dc,/p/2/afc81f1c7084d1e3,3,200,3902658,395.562,26580.379,146825
1787810503581,f3b91457-307d-d26c-a23a-f070dcbd30a4,/p/1/ec7499449b43907e,6,200,73335,37.722,339.733,215861
1787810503479,34b69e21-870e-7b51-cd5c-c6d7ebc990e9,/p/0/b8a9e3e6c096ec25,2,200,128690,121.843,497.398,258727
1787810497855,984a07c8-a759-6177-8955-ffd038d5104d,/p/0/5d92012fc0a269d1,1,200,311798,738.737,6183.893,50421
1787810501972,ae73129a-f067-5805-ca89-9ca050b023cd,/p/0/1a04abeb7222b667,4,200,213340,250.874,2074.835,102823
1787810472388,19626a39-cfe2-b4f2-9bee-f6b505059680,/p/0/3bfab7bcc03e3a0d,7,200,5154365,85.072,31689.995,162650
1787810503479,34b69e21-870e-7b51-cd5c-c6d7ebc990e9,/p/0/b8a9e2e6c096ea72,2,200,120283,81.969,693.036,173559
1787810502963,34b69e21-870e-7b51-cd5c-c6d7ebc990e9,/p/0/92d14fe10e17a32d,1,200,209635,75.651,1217.066,172246
1787810499816,8e7a01ec-a46f-8fd1-cdff-5aa0b89c8aab,/p/0/e8211da4598a298b,6,200,301418,161.849,4382.171,68783
1787810503479,34b69e21-870e-7b51-cd5c-c6d7ebc990e9,/p/0/b8a9e0e6c096e70c,2,200,118361,121.884,735.985,160820
1787810503921,f3b91457-307d-d26c-a23a-f070dcbd30a4,/p/0/27b1889c98cc4803,7,200,12935,266.731,315.365,41016
1787810475853,9a32b0ef-c270-6f9f-10f8-32b2894067a2,/p/2/f82fda8b87d2644f,6,200,5822789,154.241,28384.668,205139
1787810494786,4c48e9e8-5a19-c03d-3947-95518656d187,/p/3/ab3b55a6130e406a,1,200,4923101,101.656,9507.697,517802
1787810497953,4cc59da5-43fd-bad1-f6e4-04780c37b1b1,/p/0/2dbff2df4aa58ccf,5,200,464051,233.005,6443.460,72019
1787810500747,d9b27d91-0fa9-612c-4b18-86aa6c1a66d6,/p/0/2f29f62c89e1ea7d,6,200,212362,447.680,3835.399,55369
1787810502034,419ec04a-3ac5-43e5-eb84-bca38d6ad0bc,/p/0/db997856c71493f5,1,200,316095,202.523,2599.067,121619
1787810467183,0c39296c-9d09-a3b9-cfb4-8e11142eafe6,/p/0/21605f5ae5bd28a3,8,200,3187539,335.729,37481.428,85043
1787810504483,ed42c88f-4aa9-7d0f-7e68-53c544c4dfb3,/?crawl=207,0,200,282738,16.828,228.970,1234826
1787810504483,452971bf-e875-1435-2f47-7f6c6fe20dea,/?crawl=208,0,200,213938,25.571,284.041,753195
1787810503278,9e0fba65-906f-29ac-85bf-db388693d2aa,/p/4/105a0f194b8be8d3,6,200,87500,143.964,1556.952,56200
1787810503921,f3b91457-307d-d26c-a23a-f070dcbd30a4,/p/0/27b1899c98cc49b6,7,200,111206,213.106,916.899,121285
1787810498617,b3a23f41-af11-6422-808e-1c535d4af12f,/p/8/6f6b342ad53eadc2,4,200,273908,444.034,6221.075,44029
1787810504294,4c48e9e8-5a19-c03d-3947-95518656d187,/p/2/68d498f15b0ef029,2,200,94284,29.650,545.751,172760
1787810497326,8c4b883f-7af1-ae8c-c101-a1f478818567,/p/4/c94a16939c61bf40,3,200,421194,308.078,7546.681,55812
1787810503626,553b9ccc-860b-52b9-85ef-0d28103041fa,/p/11/d8924dc85046bd8e,1,200,175772,66.088,1388.783,126566
1787810501352,5bf49a11-3401-a7a4-7d34-f0e4ab04e2d3,/p/0/82f6d1c504a27ef,17,200,334433,153.443,3770.236,88703
1787810503921,f3b91457-307d-d26c-a23a-f070dcbd30a4,/p/0/27b1879c98cc4650,7,200,113990,230.064,1220.070,93429
1787810499780,984a07c8-a759-6177-8955-ffd038d5104d,/p/2/72c1ad67f4511ea2,2,200,276278,304.808,5417.150,51001
1787810504294,4c48e9e8-5a19-c03d-3947-95518656d187,/p/0/68d497f15b0eee76,2,200,138112,119.227,912.614,151337
1787810502160,8e7a01ec-a46f-8fd1-cdff-5aa0b89c8aab,/p/3/97fcfbb21b4d99ee,7,200,244006,190.906,3093.730,78871
1787810490300,19626a39-cfe2-b4f2-9bee-f6b505059680,/p/1/fb17810061dcb3b1,11,200,3129501,423.367,15036.809,208123
1787810504767,452971bf-e875-1435-2f47-7f6c6fe20dea,/p/0/64144e96d4a4facf,1,200,138708,85.871,605.449,229099
1787810503800,721d2a18-d5d4-9573-5d6a-dfab11b899dc,/p/1/87e8e984d26f06a2,4,200,107519,439.018,1680.876,63966
1787810497326,8c4b883f-7af1-ae8c-c101-a1f478818567,/p/0/c94a17939c61c0f3,3,200,318854,308.189,8163.285,39060
1787810499780,984a07c8-a759-6177-8955-ffd038d5104d,/p/0/72c1ae67f4512055,2,200,263472,410.999,5781.731,45570
1787810503005,a3113622-153a-4853-9f4b-e682800ffcd5,/p/0/b1bda40d2710d31b,1,200,162802,198.076,2601.984,62568
1787810485207,19626a39-cfe2-b4f2-9bee-f6b505059680,/p/0/932d7d27607402c2,10,200,4023077,309.550,20452.509,196703
1787810493524,e887db64-7e3f-9785-193f-e045cbf09f14,/p/0/cb511b99d347006e,1,200,4718483,26.308,12140.999,388640
1787810505483,b93bd898-c1c5-1dfb-d880-2d01ea6e3184,/?crawl=209,0,200,27068,91.195,220.848,122564
1787810503279,9e0fba65-906f-29ac-85bf-db388693d2aa,/p/0/105a11194b8bec39,6,200,117101,143.424,2455.376,47692
1787810505337,19626a39-cfe2-b4f2-9bee-f6b505059680,/p/0/1f5c2bbbf1f9e3a3,12,200,105702,322.814,493.284,214282
1787810497940,440d284a-4e1e-ee1c-2872-92f3eb9b00c6,/p/0/f0fc538d553d5acb,1,200,3217428,103.579,7977.904,403292
1787810503581,f3b91457-307d-d26c-a23a-f070dcbd30a4,/p/0/ec749a449b439231,6,200,312200,37.605,2357.886,132407
1787810504767,452971bf-e875-1435-2f47-7f6c6fe20dea,/p/0/64144d96d4a4f91c,1,200,465347,56.491,1360.308,342089
1787810503233,e6643b89-1dd1-2310-bf50-2a904aaa6e86,/p/0/10c0d0b351bd2596,2,200,136427,328.548,2895.842,47111
1787810505337,19626a39-cfe2-b4f2-9bee-f6b505059680,/p/0/1f5c2abbf1f9e1f0,12,200,214434,323.288,812.900,263789
1787810504712,ed42c88f-4aa9-7d0f-7e68-53c544c4dfb3,/p/1/6bfca325e4e1b3a1,1,200,237577,12.057,1598.775,148599
1787810503700,9b756a86-8abd-2ab1-135b-50a13ba82815,/p/0/862afe4a0621dc67,4,200,203839,206.240,2648.071,76976
1787810501352,5bf49a11-3401-a7a4-7d34-f0e4ab04e2d3,/p/1/82f6c1c504a263c,17,200,506373,168.220,5054.722,100178
1787810487635,ef9ba657-0067-9096-2382-ba2d211b55c7,/p/1/8869bf0c4252cb40,3,200,2444175,677.389,18775.177,130181
1787810504767,452971bf-e875-1435-2f47-7f6c6fe20dea,/p/0/64144f96d4a4fc82,1,200,398004,23.323,1650.374,241160
1787810504238,9a32b0ef-c270-6f9f-10f8-32b2894067a2,/p/1/f48a47fdb40a2f09,7,200,381188,36.401,2309.342,165063
1787810506410,ef9ba657-0067-9096-2382-ba2d211b55c7,/p/0/7d8a14db55d628e5,4,200,19595,80.213,160.524,122069
1787810506311,ed42c88f-4aa9-7d0f-7e68-53c544c4dfb3,/p/0/ad5cca95490cb63c,2,200,43149,66.598,281.731,153157
1787810506483,e74dc3e9-9b81-1c67-b868-f59eb1ef8038,/?crawl=214,0,200,14402,76.395,112.745,127739
1787810505198,984a07c8-a759-6177-8955-ffd038d5104d,/p/0/249600507aaf7aa0,3,200,96855,295.011,1435.519,67470
1787810506483,1ff3bcd1-0da7-cd02-1374-522545639cba,/?crawl=215,0,200,20222,76.049,152.317,132763
1787810504840,4c48e9e8-5a19-c03d-3947-95518656d187,/p/0/a8bac10788415cca,3,200,198304,164.666,1842.974,107600
1787810498617,b3a23f41-af11-6422-808e-1c535d4af12f,/p/0/6f6b322ad53eaa5c,4,200,412754,377.511,8157.063,50601
1787810495229,8b7b632e-92c1-abff-df12-ea19e08d1599,/p/0/195b757c4f948510,2,200,110152,1508.455,11588.478,9505
1787810483771,ae73129a-f067-5805-ca89-9ca050b023cd,/p/0/862bc703d15d2742,3,200,4849826,353.417,23087.857,210060
1787810501972,ae73129a-f067-5805-ca89-9ca050b023cd,/p/0/1a04adeb7222b9cd,4,200,2533307,528.425,4914.079,515520
1787810503700,9b756a86-8abd-2ab1-135b-50a13ba82815,/p/0/862aff4a0621de1a,4,200,308931,206.296,3234.064,95524
1787810469951,fff1ea97-b6b4-3164-10bb-35abbc98d713,/p/0/d3ad0c8bb2f02098,11,200,3309333,490.474,37031.249,89366
1787810505254,8e7a01ec-a46f-8fd1-cdff-5aa0b89c8aab,/p/0/d55bb88b23eeff8f,8,200,228526,162.767,1789.312,127717
1787810503359,dfb72c95-9df6-a302-4f7f-eb28eb530616,/p/0/354bee449db15bd1,12,200,250537,132.684,3710.923,67513
1787810503700,9b756a86-8abd-2ab1-135b-50a13ba82815,/p/2/862b004a0621dfcd,4,200,297323,187.319,3401.136,87419
1787810502160,8e7a01ec-a46f-8fd1-cdff-5aa0b89c8aab,/p/0/97fcfcb21b4d9ba1,7,200,438955,190.674,4963.697,88433
1787810504840,4c48e9e8-5a19-c03d-3947-95518656d187,/p/0/a8bac00788415b17,3,200,357842,144.129,2393.588,149500
1787810502963,34b69e21-870e-7b51-cd5c-c6d7ebc990e9,/p/0/92d14ce10e179e14,1,200,3382688,14.736,4368.048,774416
1787810503359,dfb72c95-9df6-a302-4f7f-eb28eb530616,/p/0/354beb449db156b8,12,200,271480,108.682,3984.639,68132
1787810504835,9e0fba65-906f-29ac-85bf-db388693d2aa,/p/3/2a7011edc3404d64,7,200,79184,236.012,2538.853,31189
1787810505337,19626a39-cfe2-b4f2-9bee-f6b505059680,/p/0/1f5c2dbbf1f9e709,12,200,397009,323.202,2041.789,194442
1787810501972,ae73129a-f067-5805-ca89-9ca050b023cd,/p/0/1a04aceb7222b81a,4,200,4251319,275.690,5410.166,785802
1787810504840,4c48e9e8-5a19-c03d-3947-95518656d187,/p/1/a8babf0788415964,3,200,332722,220.989,2649.044,125601
1787810476256,fff1ea97-b6b4-3164-10bb-35abbc98d713,/p/0/d51a5df51cd54b77,13,200,3474735,213.888,31284.465,111069
1787810503359,dfb72c95-9df6-a302-4f7f-eb28eb530616,/p/0/354bed449db15a1e,12,200,369653,203.381,4195.043,88117
1787810506635,1ff3bcd1-0da7-cd02-1374-522545639cba,/p/0/ef186c9b5ba9b831,1,200,26035,451.925,976.986,26648
1787810506483,0749ca82-1e65-8f0a-ba8a-b79b9d25deac,/?crawl=213,0,200,291189,73.657,1220.884,238507
1787810501352,5bf49a11-3401-a7a4-7d34-f0e4ab04e2d3,/p/0/82f6e1c504a29a2,17,200,483536,181.523,6396.748,75591
1787810506596,e74dc3e9-9b81-1c67-b868-f59eb1ef8038,/p/0/8282bef8f044a92b,1,200,90740,190.192,1171.825,77435
1787810503233,e6643b89-1dd1-2310-bf50-2a904aaa6e86,/p/0/10c0d1b351bd2749,2,200,393220,302.938,4671.208,84180
1787810502160,8e7a01ec-a46f-8fd1-cdff-5aa0b89c8aab,/p/0/97fcf9b21b4d9688,7,200,418246,175.860,5799.336,72120
1787810507101,9b756a86-8abd-2ab1-135b-50a13ba82815,/p/0/5d3f30dd4389bdbd,5,200,46530,198.914,882.462,52727
1787810505253,8e7a01ec-a46f-8fd1-cdff-5aa0b89c8aab,/p/2/d55bb78b23eefddc,8,200,237540,375.614,2739.942,86695
1787810493294,c49809ce-1e0b-10d9-6024-9dfc810efd11,/p/0/c9f27844f2434751,2,200,4039883,93.887,14847.974,272083
1787810503203,a3113622-153a-4853-9f4b-e682800ffcd5,/p/13/4b1338b75494c158,2,200,522736,196.401,5064.273,103220
1787810475312,548a7f9d-41e4-e529-50a4-b4a5553f5aa5,/p/3/ecb67a9b62f303e3,5,200,3731988,264.673,32976.343,113172
1787810496261,94ddeec8-4713-1ccc-0771-93b0a7c1f7b0,/p/4/36bd5574976c7bf8,1,200,4180788,38.450,12069.620,346389
1787810505198,984a07c8-a759-6177-8955-ffd038d5104d,/p/0/249603507aaf7fb9,3,200,261251,433.000,3256.215,80231
1787810506407,5bf49a11-3401-a7a4-7d34-f0e4ab04e2d3,/p/0/ccf852d5ee37d392,18,200,223527,175.605,2075.852,107680
1787810497940,440d284a-4e1e-ee1c-2872-92f3eb9b00c6,/p/11/f0fc558d553d5e31,1,200,5743570,13.362,10545.842,544629
1787810506635,1ff3bcd1-0da7-cd02-1374-522545639cba,/p/0/ef18699b5ba9b318,1,200,238074,72.425,2040.637,116667
1787810478015,63a2f736-a599-8f16-6df1-716b89ede193,/p/0/7131e9b5cb27cb86,8,200,2104585,684.457,30680.131,68598
1787810503372,d9b27d91-0fa9-612c-4b18-86aa6c1a66d6,/p/0/1b72f1be00decc01,7,200,319223,713.163,5371.966,59424
1787810503372,d9b27d91-0fa9-612c-4b18-86aa6c1a66d6,/p/0/1b72eebe00dec6e8,7,200,294180,754.011,5497.322,53513
1787810506596,e74dc3e9-9b81-1c67-b868-f59eb1ef8038,/p/0/8282bff8f044aade,1,200,224371,74.925,2345.098,95677
1787810461873,eb7e981e-236e-e62e-fcbd-039d90b367ca,/p/0/793b0cce87329ee8,9,200,4273909,244.238,47164.155,90618
1787810508486,440d284a-4e1e-ee1c-2872-92f3eb9b00c6,/p/10/ffb9665fbf5cc559,2,200,153653,130.579,573.253,268037
1787810505481,721d2a18-d5d4-9573-5d6a-dfab11b899dc,/p/0/680e0eee9898cc49,5,200,52376,482.330,3754.687,13949
1787810509059,440d284a-4e1e-ee1c-2872-92f3eb9b00c6,/p/0/16de26a531d0f052,3,200,81316,114.905,392.561,207142
1787810505015,553b9ccc-860b-52b9-85ef-0d28103041fa,/p/10/79259cb377aae8cf,2,200,207306,420.877,4615.608,44914
1787810503203,a3113622-153a-4853-9f4b-e682800ffcd5,/p/0/4b1339b75494c30b,2,200,378069,196.287,6458.528,58538
1787810473174,dfb72c95-9df6-a302-4f7f-eb28eb530616,/p/0/b8ca061cfdc1edd1,4,200,5429338,95.286,36539.711,148587
1787810488272,76867539-874f-9317-5aab-6d0421d2a69c,/p/0/76ec20436bec3f74,1,200,4270108,35.696,21538.637,198253
1787810507101,9b756a86-8abd-2ab1-135b-50a13ba82815,/p/0/5d3f2ddd4389b8a4,5,200,363585,199.034,2741.333,132631
1787810506548,9a32b0ef-c270-6f9f-10f8-32b2894067a2,/p/0/46c56239c907f28e,8,200,203457,213.700,3330.135,61096
1787810508486,440d284a-4e1e-ee1c-2872-92f3eb9b00c6,/p/0/ffb9645fbf5cc1f3,2,200,419476,77.476,1475.318,284329
1787810505253,8e7a01ec-a46f-8fd1-cdff-5aa0b89c8aab,/p/0/d55bb98b23ef0142,8,200,476379,358.178,4739.367,100515
1787810508486,440d284a-4e1e-ee1c-2872-92f3eb9b00c6,/p/0/ffb9655fbf5cc3a6,2,200,465227,20.573,1530.381,303994
1787810507489,4c48e9e8-5a19-c03d-3947-95518656d187,/p/0/2ddec2d9f16f0c2b,4,200,209847,175.893,2600.908,80682
1787810506635,1ff3bcd1-0da7-cd02-1374-522545639cba,/p/11/ef186b9b5ba9b67e,1,200,411022,451.962,3511.038,117066
1787810503626,553b9ccc-860b-52b9-85ef-0d28103041fa,/p/0/d8924ec85046bf41,1,200,297333,494.945,6551.746,45382
1787810487917,9b756a86-8abd-2ab1-135b-50a13ba82815,/p/0/e626df8735a9636f,3,200,3561480,92.195,22271.014,159915
1787810507101,9b756a86-8abd-2ab1-135b-50a13ba82815,/p/1/5d3f2fdd4389bc0a,5,200,360277,237.463,3106.087,115991
1787810507704,0749ca82-1e65-8f0a-ba8a-b79b9d25deac,/p/0/15ed175684dfa457,1,200,226866,345.680,2506.757,90502
1787810492483,aff4d4dc-1a12-25d9-4afe-e55be64bd77d,/?crawl=190,0,200,2956641,280.908,17767.412,166408
1787810509059,440d284a-4e1e-ee1c-2872-92f3eb9b00c6,/p/0/16de25a531d0ee9f,3,200,342357,99.183,1201.066,285044
1787810509631,553b9ccc-860b-52b9-85ef-0d28103041fa,/p/0/86719b59e5398849,3,200,6492,355.538,677.044,9589
1787810490483,168b7fc3-923a-2dbb-aa94-6b747403f3df,/?crawl=186,0,200,3756059,75.552,19924.930,188511
1787810509059,440d284a-4e1e-ee1c-2872-92f3eb9b00c6,/p/9/16de24a531d0ecec,3,200,483194,106.463,1362.334,354681
1787810506410,ef9ba657-0067-9096-2382-ba2d211b55c7,/p/0/7d8a11db55d623cc,4,200,354541,160.574,4056.539,87400
1787810504838,b3a23f41-af11-6422-808e-1c535d4af12f,/p/0/52c0dc8d98ea7b84,5,200,227587,374.168,5631.369,40414
1787810506596,e74dc3e9-9b81-1c67-b868-f59eb1ef8038,/p/6/8282c0f8f044ac91,1,200,462421,374.015,4078.442,113382
1787810504838,b3a23f41-af11-6422-808e-1c535d4af12f,/p/7/52c0de8d98ea7eea,5,200,247670,340.814,5976.181,41443
1787810442276,eb7e981e-236e-e62e-fcbd-039d90b367ca,/p/0/459dcbc1d5f91050,7,200,5322721,256.832,68652.464,77531
1787810502919,8c4b883f-7af1-ae8c-c101-a1f478818567,/p/0/c94a18939c61c2a6,3,200,473376,310.648,8145.953,58112
1787810510422,440d284a-4e1e-ee1c-2872-92f3eb9b00c6,/p/0/6a828bf4f9af7a51,4,200,297887,15.024,793.635,375345
1787810507993,8e7a01ec-a46f-8fd1-cdff-5aa0b89c8aab,/p/1/c64acb535a57caa2,9,200,296792,186.180,3228.594,91926
1787810508267,a3113622-153a-4853-9f4b-e682800ffcd5,/p/12/855580c00ea516a4,3,200,240933,229.206,3011.104,80015
1787810503581,f3b91457-307d-d26c-a23a-f070dcbd30a4,/p/0/ec7497449b438d18,6,200,2538538,91.225,7720.683,328797
1787810506410,ef9ba657-0067-9096-2382-ba2d211b55c7,/p/0/7d8a13db55d62732,4,200,516216,160.599,4895.488,105447
1787810506407,5bf49a11-3401-a7a4-7d34-f0e4ab04e2d3,/p/0/ccf853d5ee37d545,18,200,421206,148.709,4900.564,85951
1787810504835,9e0fba65-906f-29ac-85bf-db388693d2aa,/p/0/2a7012edc3404f17,7,200,352246,305.783,6515.875,54060
1787810510422,440d284a-4e1e-ee1c-2872-92f3eb9b00c6,/p/0/6a8288f4f9af7538,4,200,410560,88.816,1015.388,404338
1787810510250,aff4d4dc-1a12-25d9-4afe-e55be64bd77d,/p/0/8466abeae9d855f7,1,200,485379,10.649,1444.534,336011
1787810510250,aff4d4dc-1a12-25d9-4afe-e55be64bd77d,/p/0/8466aceae9d857aa,1,200,499104,8.092,1451.185,343928
1787810498390,c49809ce-1e0b-10d9-6024-9dfc810efd11,/p/2/4db6cbf3e4b8f3f0,6,200,6039606,94.921,13393.323,450942
1787810505015,553b9ccc-860b-52b9-85ef-0d28103041fa,/p/0/79259bb377aae71c,2,200,364691,387.395,6772.494,53849
1787810508267,a3113622-153a-4853-9f4b-e682800ffcd5,/p/0/855582c00ea51a0a,3,200,285828,173.584,3545.689,80613
1787810507749,5bf49a11-3401-a7a4-7d34-f0e4ab04e2d3,/p/0/ccf851d5ee37d1df,18,200,377678,405.645,4071.808,92754
1787810502445,161b30d4-dbe2-5052-5dcb-0f971f676399,/p/0/b9a5f89c374d8bed,1,200,3879999,96.843,9419.756,411900
1787810507704,0749ca82-1e65-8f0a-ba8a-b79b9d25deac,/p/0/15ed185684dfa60a,1,200,472753,218.078,4468.067,105807
1787810505015,553b9ccc-860b-52b9-85ef-0d28103041fa,/p/0/79259eb377aaec35,2,200,345000,387.593,7192.855,47964
1787810508288,548a7f9d-41e4-e529-50a4-b4a5553f5aa5,/p/2/cf70814d8c69c821,6,200,148736,385.470,3930.362,37843
1787810510207,9b756a86-8abd-2ab1-135b-50a13ba82815,/p/0/fff7e3977abfd95f,6,200,250427,37.502,2013.185,124393
1787810508331,94ddeec8-4713-1ccc-0771-93b0a7c1f7b0,/p/0/6745e268b407980e,2,200,268666,1277.443,3970.530,67665
1787810507994,8e7a01ec-a46f-8fd1-cdff-5aa0b89c8aab,/p/0/c64ac9535a57c73c,9,200,405220,186.120,4421.233,91653
1787810507704,0749ca82-1e65-8f0a-ba8a-b79b9d25deac,/p/16/15ed165684dfa2a4,1,200,473108,87.409,4734.720,99923
1787810495229,8b7b632e-92c1-abff-df12-ea19e08d1599,/p/0/195b777c4f948876,2,200,346332,298.927,17221.316,20111
1787810503626,553b9ccc-860b-52b9-85ef-0d28103041fa,/p/0/d8924bc85046ba28,1,200,377176,359.514,8909.191,42336
1787810511783,c49809ce-1e0b-10d9-6024-9dfc810efd11,/p/0/37135d3bcd40d216,7,200,200341,115.199,757.877,264345
1787810512483,3281b132-3631-e78d-6f4e-faac523fc3a0,/?crawl=218,0,200,20593,38.732,75.960,271104
1787810512439,0749ca82-1e65-8f0a-ba8a-b79b9d25deac,/p/0/c5bc1c9992e4826a,2,200,23557,85.827,199.991,117790
1787810510674,e74dc3e9-9b81-1c67-b868-f59eb1ef8038,/p/0/a4fec5c3164f802f,2,200,156105,74.632,1965.369,79428
1787810511783,c49809ce-1e0b-10d9-6024-9dfc810efd11,/p/1/37135e3bcd40d3c9,7,200,207097,98.070,861.469,240400
1787810476256,fff1ea97-b6b4-3164-10bb-35abbc98d713,/p/0/d51a5ff51cd54edd,13,200,5109705,194.358,36509.929,139954
1787810477680,1e46a455-56c8-91fa-0560-77e275a2328b,/p/0/15410ddaeda94aa1,10,200,5174460,270.054,35127.787,147304
1787810505481,721d2a18-d5d4-9573-5d6a-dfab11b899dc,/p/0/680e0bee9898c730,5,200,313003,523.939,7361.381,42520
1787810510815,b3a23f41-af11-6422-808e-1c535d4af12f,/p/0/41fd1c9667cd8671,6,200,97523,446.800,2309.187,42233
1787810492411,76867539-874f-9317-5aab-6d0421d2a69c,/p/0/f6c98c22972826f4,2,200,4832301,261.574,20746.586,232920
1787810510815,b3a23f41-af11-6422-808e-1c535d4af12f,/p/0/41fd199667cd8158,6,200,99245,583.734,2343.792,42344
1787810485917,dfb72c95-9df6-a302-4f7f-eb28eb530616,/p/0/fb85792b3bbd85d1,8,200,4283467,85.984,27259.562,157136
1787810508331,94ddeec8-4713-1ccc-0771-93b0a7c1f7b0,/p/3/6745e368b40799c1,2,200,367829,1277.964,4851.087,75824
1787810511783,c49809ce-1e0b-10d9-6024-9dfc810efd11,/p/0/37135c3bcd40d063,7,200,497023,22.462,1404.730,353821
1787810512645,c49809ce-1e0b-10d9-6024-9dfc810efd11,/p/0/827a932157525896,8,200,69870,97.589,580.961,120266
1787810473435,fff1ea97-b6b4-3164-10bb-35abbc98d713,/p/0/a177a4d84f9d281b,12,200,5445416,191.419,39907.112,136452
1787810400238,fc97bfa7-235d-3fc5-1122-8ebed5c0cde0,/p/0/3be44d87af198948,1,200,6217381,150.936,113129.499,54958
1787810510207,9b756a86-8abd-2ab1-135b-50a13ba82815,/p/0/fff7e2977abfd7ac,6,200,478790,75.454,3220.972,148648
1787810511483,63c575a9-d481-947a-51d7-c87f17963167,/?crawl=216,0,200,369365,41.999,1960.423,188411
1787810511279,a3113622-153a-4853-9f4b-e682800ffcd5,/p/11/6b792fd20db41653,4,200,116384,263.603,2226.752,52266
1787810509631,553b9ccc-860b-52b9-85ef-0d28103041fa,/p/9/86719a59e5398696,3,200,199086,449.683,3885.735,51235
1787810512439,0749ca82-1e65-8f0a-ba8a-b79b9d25deac,/p/15/c5bc1d9992e4841d,2,200,144379,212.906,1187.318,121601
1787810475312,548a7f9d-41e4-e529-50a4-b4a5553f5aa5,/p/0/ecb67c9b62f30749,5,200,4395692,58.329,38347.834,114627
1787810512645,c49809ce-1e0b-10d9-6024-9dfc810efd11,/p/0/827a942157525a49,8,200,276979,114.267,1021.821,271064
1787810484526,1e46a455-56c8-91fa-0560-77e275a2328b,/p/0/97c1a45ca0634ab,12,200,4360494,652.004,29158.199,149546
1787810513368,fc97bfa7-235d-3fc5-1122-8ebed5c0cde0,/p/0/a5df1b6525c1219b,6,200,81782,55.690,317.659,257452
1787810512439,0749ca82-1e65-8f0a-ba8a-b79b9d25deac,/p/0/c5bc1b9992e480b7,2,200,128555,263.565,1248.699,102951
1787810512559,3281b132-3631-e78d-6f4e-faac523fc3a0,/p/0/34d96b829dd8d445,1,200,89758,316.619,1151.522,77947
1787810513483,ed827d04-f232-b34f-a621-d4ff29686646,/?crawl=221,0,200,197095,33.878,269.909,730229
1787810437433,fc97bfa7-235d-3fc5-1122-8ebed5c0cde0,/p/0/671c0f86e08a553,2,200,2815428,78.222,76406.546,36848
1787810512645,c49809ce-1e0b-10d9-6024-9dfc810efd11,/p/0/827a9221575256e3,8,200,478950,97.545,1223.554,391442
1787810505483,28cc50e5-3465-4b99-2b80-02383cb906cd,/?crawl=212,0,200,2306613,57.338,8469.888,272331
1787810495483,4e7fcad3-e4b7-ed53-7182-51c2cf84d8e9,/?crawl=195,0,200,5058109,53.325,18499.392,273420
1787810513483,6ecd8cf8-f9e4-22fd-ee79-91329d872865,/?crawl=219,0,200,421912,20.202,567.617,743304
1787810514050,6ecd8cf8-f9e4-22fd-ee79-91329d872865,/p/0/a16f1425093ddacc,1,200,7656,30.417,34.356,222844
1787810513953,28cc50e5-3465-4b99-2b80-02383cb906cd,/p/0/a9576ab4197a9704,1,200,35352,50.603,213.553,165542
1787810510146,1ff3bcd1-0da7-cd02-1374-522545639cba,/p/10/30ee489bfc829899,2,200,244671,286.286,4033.161,60665
1787810508331,94ddeec8-4713-1ccc-0771-93b0a7c1f7b0,/p/0/6745e168b407965b,2,200,501436,1277.850,5849.927,85717
1787810439922,fc97bfa7-235d-3fc5-1122-8ebed5c0cde0,/p/0/b036679e67672c5d,5,200,2306033,47.671,74371.557,31007
1787810501017,702b7d66-0ccc-7dff-26e7-1a1bb8b4a3ab,/p/0/b502e865bb1ad284,17,200,3555617,299.862,13372.228,265896
1787810513953,28cc50e5-3465-4b99-2b80-02383cb906cd,/p/0/a9576db4197a9c1d,1,200,55197,106.706,454.000,121579
1787810513982,4e7fcad3-e4b7-ed53-7182-51c2cf84d8e9,/p/4/ca27aad22c07720b,1,200,61336,47.984,431.479,142153
1787810499046,c646942c-ed5a-0fb7-d9a0-14e1ac87f778,/p/6/d5ede550f17a3609,6,200,4690101,125.203,15383.432,304880
1787810512559,3281b132-3631-e78d-6f4e-faac523fc3a0,/p/0/34d969829dd8d0df,1,200,393591,37.120,1876.188,209782
1787810508268,a3113622-153a-4853-9f4b-e682800ffcd5,/p/0/855581c00ea51857,3,200,412834,349.883,6261.621,65931
1787810513685,fc97bfa7-235d-3fc5-1122-8ebed5c0cde0,/p/0/a5df1c6525c1234e,6,200,309378,65.805,926.932,333766
1787810500489,3e340235-a476-afef-4a40-4f38df10a537,/?crawl=200,0,200,5861370,187.332,14434.013,406080
1787810504838,b3a23f41-af11-6422-808e-1c535d4af12f,/p/0/52c0df8d98ea809d,5,200,485707,374.104,10094.067,48118
1787810457890,eb7e981e-236e-e62e-fcbd-039d90b367ca,/p/0/793b0fce8732a401,9,200,5947375,424.809,57067.440,104217
1787810513982,4e7fcad3-e4b7-ed53-7182-51c2cf84d8e9,/p/0/ca27a9d22c077058,1,200,88735,145.204,1029.996,86151
1787810514180,1ff3bcd1-0da7-cd02-1374-522545639cba,/p/0/fb04bc0f476155fa,3,200,5772,447.597,888.272,6498
1787810510815,b3a23f41-af11-6422-808e-1c535d4af12f,/p/6/41fd1b9667cd84be,6,200,133161,411.813,4326.255,30780
1787810514429,c646942c-ed5a-0fb7-d9a0-14e1ac87f778,/p/0/74b8317c283ecfa5,7,200,68165,126.946,718.296,94898
1787810508288,548a7f9d-41e4-e529-50a4-b4a5553f5aa5,/p/0/cf707f4d8c69c4bb,6,200,498921,414.522,6910.988,72192
1787810513626,0749ca82-1e65-8f0a-ba8a-b79b9d25deac,/p/14/a47c7a09d3d7e2ea,3,200,197105,87.907,1587.658,124148
1787810481801,1e46a455-56c8-91fa-0560-77e275a2328b,/p/7/97c1c45ca063811,12,200,5547860,210.242,33433.931,165935
1787810514051,6ecd8cf8-f9e4-22fd-ee79-91329d872865,/p/0/a16f1725093ddfe5,1,200,519168,134.029,1408.467,368605
1787810514414,4e7fcad3-e4b7-ed53-7182-51c2cf84d8e9,/p/0/d3ca052e213ac487,2,200,53008,262.133,1080.363,49065
1787810511065,8c4b883f-7af1-ae8c-c101-a1f478818567,/p/0/42a807d9f4234d34,4,200,185072,330.056,4434.835,41731
1787810513982,4e7fcad3-e4b7-ed53-7182-51c2cf84d8e9,/p/0/ca27acd22c077571,1,200,138476,145.170,1535.745,90169
1787810514051,6ecd8cf8-f9e4-22fd-ee79-91329d872865,/p/9/a16f1625093dde32,1,200,429222,34.217,1499.981,286152
1787810511222,8e7a01ec-a46f-8fd1-cdff-5aa0b89c8aab,/p/0/a63a6e5a7860bf23,10,200,483090,335.599,4330.283,111561
1787810515551,6ecd8cf8-f9e4-22fd-ee79-91329d872865,/p/0/8e61648ad9e13c4e,2,200,4510,19.974,20.051,224926
1787810515551,6ecd8cf8-f9e4-22fd-ee79-91329d872865,/p/0/8e61638ad9e13a9b,2,200,11029,29.901,39.526,279032
1787810513182,94ddeec8-4713-1ccc-0771-93b0a7c1f7b0,/p/0/e5c91735ae8fce70,3,200,139068,215.930,2413.847,57613
1787810494387,e006d3a4-893c-ecdd-0350-87bafabb266c,/p/0/2092dee8e1ac1c08,11,200,5294197,160.888,21457.393,246731
1787810503372,d9b27d91-0fa9-612c-4b18-86aa6c1a66d6,/p/2/1b72efbe00dec89b,7,200,3655590,466.639,12494.005,292588
1787810514429,c646942c-ed5a-0fb7-d9a0-14e1ac87f778,/p/0/74b82e7c283eca8c,7,200,177877,151.691,1464.505,121459
1787810495309,702b7d66-0ccc-7dff-26e7-1a1bb8b4a3ab,/p/0/381eb22cf982cf7b,12,200,5556279,41.514,20758.594,267662
1787810490714,de489acb-a1f2-3b88-37a4-73b1b11cf59c,/p/0/2942cacd19806728,1,200,2446525,170.934,25465.132,96074
1787810515866,d9b27d91-0fa9-612c-4b18-86aa6c1a66d6,/p/0/82337fd63e9940dd,8,200,10322,325.630,409.263,25221
1787810511279,a3113622-153a-4853-9f4b-e682800ffcd5,/p/0/6b792ed20db414a0,4,200,350866,182.444,5000.749,70163
1787810515551,6ecd8cf8-f9e4-22fd-ee79-91329d872865,/p/8/8e61628ad9e138e8,2,200,516724,39.729,731.714,706183
1787810497977,5bf49a11-3401-a7a4-7d34-f0e4ab04e2d3,/p/0/c0ab4febe8319dd5,16,200,2193583,161.931,18330.436,119669
1787810496244,702b7d66-0ccc-7dff-26e7-1a1bb8b4a3ab,/p/0/a1eccbe505607704,13,200,5092623,72.033,20109.652,253243
1787810461456,fc97bfa7-235d-3fc5-1122-8ebed5c0cde0,/p/1/a5df1a6525c11fe8,6,200,3524310,1050.784,54948.886,64138
1787810510178,553b9ccc-860b-52b9-85ef-0d28103041fa,/p/0/86719859e5398330,3,200,427929,429.413,6243.585,68539
1787810438782,fc97bfa7-235d-3fc5-1122-8ebed5c0cde0,/p/0/b3c08f2686a982a,4,0,3861899,65.499,77701.355,49702
1787810516405,fc97bfa7-235d-3fc5-1122-8ebed5c0cde0,/p/0/f09acd696098e7fc,7,0,12359,56.303,78.185,158074
1787810516405,fc97bfa7-235d-3fc5-1122-8ebed5c0cde0,/p/0/f09acf696098eb62,7,0,5024,46.503,78.114,64316
1787810516405,fc97bfa7-235d-3fc5-1122-8ebed5c0cde0,/p/0/f09ad0696098ed15,7,0,8264,51.268,78.091,105825
1787810437433,fc97bfa7-235d-3fc5-1122-8ebed5c0cde0,/p/0/671c1f86e08a706,2,0,4764583,46.383,79050.802,60272
1787810504712,ed42c88f-4aa9-7d0f-7e68-53c544c4dfb3,/p/0/6bfca225e4e1b1ee,1,200,3738207,12.107,11772.176,317546
1787810506311,ed42c88f-4aa9-7d0f-7e68-53c544c4dfb3,/p/0/ad5ccd95490cbb55,2,200,3150487,158.495,10180.079,309476
1787810491541,82415893-2ab4-7ff9-5c23-674ddf0978c6,/p/0/bcad202aae1b5d3b,1,200,4857730,65.721,24953.276,194673
1787810453895,0c39296c-9d09-a3b9-cfb4-8e11142eafe6,/p/0/1fa891c4ad57997f,3,200,5220363,288.791,62665.911,83305
1787810515214,0749ca82-1e65-8f0a-ba8a-b79b9d25deac,/p/0/2d78c205405d1726,4,200,159154,302.180,1434.647,110936
1787810498008,702b7d66-0ccc-7dff-26e7-1a1bb8b4a3ab,/p/0/6822b8bf76e0bad7,14,200,5305927,115.245,18641.339,284632
1787810507374,9e0fba65-906f-29ac-85bf-db388693d2aa,/p/2/b01b113011a6c50d,8,200,500667,317.436,9277.440,53966
1787810515235,1e46a455-56c8-91fa-0560-77e275a2328b,/p/6/7531b1271c303d29,13,200,204453,41.456,1425.998,143375
1787810515214,0749ca82-1e65-8f0a-ba8a-b79b9d25deac,/p/0/2d78c105405d1573,4,200,192154,166.467,1581.097,121532
1787810500912,dfb72c95-9df6-a302-4f7f-eb28eb530616,/p/0/a9ef619b357a6101,11,200,5688371,186.956,15917.492,357366
1787810514414,4e7fcad3-e4b7-ed53-7182-51c2cf84d8e9,/p/3/d3ca072e213ac7ed,2,200,299589,238.525,2436.776,122945
1787810491542,82415893-2ab4-7ff9-5c23-674ddf0978c6,/p/4/bcad222aae1b60a1,1,200,5709742,537.251,25333.264,225385
1787810510422,440d284a-4e1e-ee1c-2872-92f3eb9b00c6,/p/8/6a828af4f9af789e,4,200,5947725,22.595,6561.232,906495
1787810516282,6ecd8cf8-f9e4-22fd-ee79-91329d872865,/p/0/d34b1df93a9d1adf,3,200,152183,119.908,762.748,199519
1787810516282,6ecd8cf8-f9e4-22fd-ee79-91329d872865,/p/0/d34b1ef93a9d1c92,3,200,224448,59.613,806.356,278349
1787810516483,fd5674f4-7e92-846e-8aca-195ffeced01e,/?crawl=223,0,200,304326,33.942,640.593,475069
1787810515214,0749ca82-1e65-8f0a-ba8a-b79b9d25deac,/p/13/2d78c305405d18d9,4,200,238831,191.606,1939.356,123150
1787810500438,19fafd0a-eb0b-5405-6877-f611ae66cc46,/p/0/3654673f0a044f23,3,200,4051880,433.490,16802.425,241149
1787810505481,721d2a18-d5d4-9573-5d6a-dfab11b899dc,/p/0/680e0cee9898c8e3,5,200,439703,524.028,11766.876,37368
1787810505483,63feb0eb-2564-8058-5024-1e4cb93e9190,/?crawl=211,0,200,2111228,87.029,11809.853,178768
1787810510146,1ff3bcd1-0da7-cd02-1374-522545639cba,/p/0/30ee479bfc8296e6,2,200,451194,63.800,7281.989,61960
1787810517293,63feb0eb-2564-8058-5024-1e4cb93e9190,/p/0/3cc1c211ae15907d,1,200,42200,80.435,286.119,147491
1787810513517,553b9ccc-860b-52b9-85ef-0d28103041fa,/p/8/f1980268211e0f43,4,200,161817,362.919,4187.275,38645
1787810515866,d9b27d91-0fa9-612c-4b18-86aa6c1a66d6,/p/0/82337cd63e993bc4,8,200,177684,75.589,1880.535,94486
1787810516661,1e46a455-56c8-91fa-0560-77e275a2328b,/p/0/89e542d33d8950b1,14,200,98390,229.162,1205.571,81613
1787810516983,440d284a-4e1e-ee1c-2872-92f3eb9b00c6,/p/0/263a1bd2a4bb35ed,5,200,328696,42.881,951.338,345509
1787810515866,d9b27d91-0fa9-612c-4b18-86aa6c1a66d6,/p/1/82337ed63e993f2a,8,200,166887,365.895,2091.905,79778
1787810486697,ab26aace-a219-cdc4-0c38-30c83d8f2c44,/p/0/9b2b384c7e1eac6,3,200,4345433,2.812,31281.570,138914
1787810422292,63a2f736-a599-8f16-6df1-716b89ede193,/p/0/d4e0d5fdb163d640,1,200,5393966,115.741,95722.360,56350
1787810510146,1ff3bcd1-0da7-cd02-1374-522545639cba,/p/0/30ee469bfc829533,2,200,514784,394.581,7956.203,64702
1787810500922,19fafd0a-eb0b-5405-6877-f611ae66cc46,/p/0/3654693f0a045289,3,200,5918519,469.633,17317.186,341771
1787810516983,440d284a-4e1e-ee1c-2872-92f3eb9b00c6,/p/0/263a18d2a4bb30d4,5,200,369195,15.100,1308.077,282243
1787810517153,0749ca82-1e65-8f0a-ba8a-b79b9d25deac,/p/0/f3f29862154568bf,5,200,205604,137.716,1162.728,176829
1787810517153,0749ca82-1e65-8f0a-ba8a-b79b9d25deac,/p/0/f3f2996215456a72,5,200,144982,152.237,1162.855,124678
1787810516483,c5aa0efa-81cb-c472-cc06-ea5a979bd993,/?crawl=224,0,200,347337,82.670,1905.644,182268
1787810502034,419ec04a-3ac5-43e5-eb84-bca38d6ad0bc,/p/2/db997756c7149242,1,200,4611530,143.508,16413.857,280953
1787810502034,419ec04a-3ac5-43e5-eb84-bca38d6ad0bc,/p/0/db997556c7148edc,1,200,4762953,42.038,16415.543,290149
1787810516875,82415893-2ab4-7ff9-5c23-674ddf0978c6,/p/0/e5ad9c723a168dc6,2,200,363360,2.966,1591.129,228366
1787810516983,440d284a-4e1e-ee1c-2872-92f3eb9b00c6,/p/7/263a1ad2a4bb343a,5,200,521833,15.135,1519.503,343423
1787810518503,440d284a-4e1e-ee1c-2872-92f3eb9b00c6,/p/6/cc7f0e8e01a2812a,6,200,47233,15.977,65.308,723234
1787810518448,419ec04a-3ac5-43e5-eb84-bca38d6ad0bc,/p/0/3c6af405e4058569,2,200,10945,84.807,122.332,89469
1787810516851,4e7fcad3-e4b7-ed53-7182-51c2cf84d8e9,/p/0/fa89e2b072aea119,3,200,123765,244.398,1742.620,71022
1787810512559,3281b132-3631-e78d-6f4e-faac523fc3a0,/p/0/34d96a829dd8d292,1,200,2925756,444.430,6139.378,476556
1787810517958,d9b27d91-0fa9-612c-4b18-86aa6c1a66d6,/p/0/f9ba59017d5c864c,9,200,43113,84.024,756.399,56998
1787810514414,4e7fcad3-e4b7-ed53-7182-51c2cf84d8e9,/p/0/d3ca062e213ac63a,2,200,455903,261.969,4322.684,105468
1787810439770,63a2f736-a599-8f16-6df1-716b89ede193,/p/0/88d9e0f4a70ead4a,4,200,4794649,1237.803,79020.319,60676
1787810504712,ed42c88f-4aa9-7d0f-7e68-53c544c4dfb3,/p/0/6bfca125e4e1b03b,1,200,4920769,34.415,14183.680,346932
1787810512219,548a7f9d-41e4-e529-50a4-b4a5553f5aa5,/p/0/6371e34737003fdd,7,200,272782,469.372,6680.235,40834
1787810498483,8b6d1fd9-ed01-e254-8a8a-4186bf8c9e5b,/?crawl=198,0,200,4831231,63.795,20572.828,234836
1787810515235,1e46a455-56c8-91fa-0560-77e275a2328b,/p/0/7531af271c3039c3,13,200,374790,61.616,3857.106,97169
1787810513517,553b9ccc-860b-52b9-85ef-0d28103041fa,/p/0/f1980168211e0d90,4,200,417474,362.903,5773.563,72308
1787810517958,d9b27d91-0fa9-612c-4b18-86aa6c1a66d6,/p/0/f9ba5c017d5c8b65,9,200,56143,542.069,1335.904,42026
1787810515235,1e46a455-56c8-91fa-0560-77e275a2328b,/p/0/7531b0271c303b76,13,200,337004,275.583,4083.849,82521
1787810517958,d9b27d91-0fa9-612c-4b18-86aa6c1a66d6,/p/0/f9ba5b017d5c89b2,9,200,131819,83.865,1377.381,95703
1787810486697,ab26aace-a219-cdc4-0c38-30c83d8f2c44,/p/0/9b2b184c7e1e760,3,200,5731292,622.961,32737.521,175068
1787810517124,fd5674f4-7e92-846e-8aca-195ffeced01e,/p/0/5566e1153165af60,1,200,493085,105.957,2419.058,203833
1787810515141,b3a23f41-af11-6422-808e-1c535d4af12f,/p/0/bab22d4c322a61bf,7,200,123943,370.563,4458.587,27799
1787810502483,9fdb75b2-e53e-03fe-6b2c-ae349e1d4f9c,/?crawl=205,0,200,4183086,59.596,17220.593,242912
1787810494387,e006d3a4-893c-ecdd-0350-87bafabb266c,/p/3/2092dfe8e1ac1dbb,11,200,5579145,117.911,25810.673,216157
1787810516851,4e7fcad3-e4b7-ed53-7182-51c2cf84d8e9,/p/0/fa89dfb072ae9c00,3,200,319643,361.287,3597.131,88861
1787810489044,fb058f7a-53f7-c86f-c2ee-289ac5d682aa,/p/0/e381cbe5d7514b14,1,200,6188169,4.153,31416.652,196971
1787810496261,94ddeec8-4713-1ccc-0771-93b0a7c1f7b0,/p/0/36bd5774976c7f5e,1,200,6066656,194.410,24201.163,250676
1787810493426,5bf49a11-3401-a7a4-7d34-f0e4ab04e2d3,/p/0/d99e57f8d6e0f1ff,14,0,3884319,152.782,27057.195,143560
1787810493717,5bf49a11-3401-a7a4-7d34-f0e4ab04e2d3,/p/0/c36d31ba73fafd12,15,0,3719151,182.552,26766.756,138947
1787810514483,ba000cd4-e548-1dc6-ed04-22483848222c,/?crawl=222,0,200,3108912,25.112,6000.798,518083
1787810516279,a3113622-153a-4853-9f4b-e682800ffcd5,/p/0/7194608b749e1db4,5,200,150626,209.116,4216.372,35724
1787810516851,4e7fcad3-e4b7-ed53-7182-51c2cf84d8e9,/p/2/fa89e0b072ae9db3,3,200,435336,388.120,3718.488,117073
1787810518568,440d284a-4e1e-ee1c-2872-92f3eb9b00c6,/p/0/e2af702201478b62,7,200,332295,152.154,2099.667,158261
1787810518503,440d284a-4e1e-ee1c-2872-92f3eb9b00c6,/p/0/cc7f0c8e01a27dc4,6,200,290384,65.424,2166.628,134026
1787810518503,440d284a-4e1e-ee1c-2872-92f3eb9b00c6,/p/0/cc7f0f8e01a282dd,6,200,517132,15.977,2298.815,224956
1787810511351,9e0fba65-906f-29ac-85bf-db388693d2aa,/p/0/b01b103011a6c35a,8,200,487642,262.854,9462.061,51537
1787810519483,5d605fca-a4ff-8fee-584e-47beb8f0c9b4,/?crawl=225,0,200,235628,78.115,1330.207,177136
1787810499046,c646942c-ed5a-0fb7-d9a0-14e1ac87f778,/p/0/d5ede450f17a3456,6,200,5539341,138.604,21818.707,253880
1787810494387,e006d3a4-893c-ecdd-0350-87bafabb266c,/p/0/2092e1e8e1ac2121,11,200,6093551,129.056,26566.895,229366
1787810510207,9b756a86-8abd-2ab1-135b-50a13ba82815,/p/0/fff7e4977abfdb12,6,200,3363445,37.579,10753.119,312788
1787810506311,ed42c88f-4aa9-7d0f-7e68-53c544c4dfb3,/p/0/ad5ccc95490cb9a2,2,200,6180550,62.422,14658.887,421625
1787810512483,0478c1ea-68e1-75c7-cddd-a5d083df15bb,/?crawl=217,0,200,423248,268.569,8489.482,49856
1787810519056,8b6d1fd9-ed01-e254-8a8a-4186bf8c9e5b,/p/3/e913fffe4500a3ac,1,200,294671,57.801,2171.680,135688
1787810490714,de489acb-a1f2-3b88-37a4-73b1b11cf59c,/p/0/2942cdcd19806c41,1,200,3293641,128.161,30699.749,107286
1787810518388,c5aa0efa-81cb-c472-cc06-ea5a979bd993,/p/0/367a8ae9186c7c0c,1,200,501984,82.591,3809.550,131770
1787810520198,e006d3a4-893c-ecdd-0350-87bafabb266c,/p/0/b19a4672b3cef96b,12,200,416333,402.515,2010.088,207122
1787810519483,71d51f65-0f4a-4aae-f6b2-ad04f139a00e,/?crawl=227,0,200,286239,366.204,3054.176,93721
1787810520569,4e7fcad3-e4b7-ed53-7182-51c2cf84d8e9,/p/0/a34cd81737df1356,4,200,220658,59.461,2059.862,107123
1787810520569,4e7fcad3-e4b7-ed53-7182-51c2cf84d8e9,/p/1/a34cd91737df1509,4,200,185705,322.182,2059.950,90150
1787810520569,4e7fcad3-e4b7-ed53-7182-51c2cf84d8e9,/p/0/a34cd71737df11a3,4,200,208573,298.953,2084.070,100080
1787810520198,e006d3a4-893c-ecdd-0350-87bafabb266c,/p/0/b19a4772b3cefb1e,12,200,494187,401.962,2498.113,197824
1787810522483,a1600f92-0f69-ec40-9031-91960e1644b6,/?crawl=230,0,200,80636,60.139,257.411,313258
1787810459360,d66568bc-db56-b020-ae6e-bd870e82c002,/p/0/2299f45ff3ac0564,3,200,3220210,437.607,63480.226,50728
1787810517293,63feb0eb-2564-8058-5024-1e4cb93e9190,/p/0/3cc1bf11ae158b64,1,200,380901,446.130,5764.197,66080
1787810488134,8e551002-bf5c-1717-e281-4fa00d9030bd,/p/0/9317be89fa869cf5,4,200,4356574,499.365,34933.499,124710
1787810519056,8b6d1fd9-ed01-e254-8a8a-4186bf8c9e5b,/p/0/e91401fe4500a712,1,200,243824,349.883,4247.705,57401
1787810515141,b3a23f41-af11-6422-808e-1c535d4af12f,/p/5/bab22f4c322a6525,7,200,406218,370.499,8447.780,48086
1787810522629,4e7fcad3-e4b7-ed53-7182-51c2cf84d8e9,/p/0/f28f703a089190e2,5,200,136811,48.584,961.471,142293
1787810476299,c73dac6e-70cd-a441-9567-fe760f466832,/p/0/a74ee8b02ec1d81b,2,200,2560525,370.955,47385.139,54036
1787810475226,c73dac6e-70cd-a441-9567-fe760f466832,/p/0/319f9413a902fe69,1,200,3137680,221.668,48464.248,64742
1787810522537,71d51f65-0f4a-4aae-f6b2-ad04f139a00e,/p/0/a310368b83d187ac,1,200,21116,510.229,1161.292,18183
1787810505198,984a07c8-a759-6177-8955-ffd038d5104d,/p/1/249601507aaf7c53,3,200,2818345,226.162,19017.962,148194
1787810523483,29a6f688-2430-d1d8-66fa-7a8c858c2805,/?crawl=231,0,200,456588,27.960,816.761,559023
1787810523589,b3a23f41-af11-6422-808e-1c535d4af12f,/p/0/2b1653fba16c9649,8,200,32957,379.303,787.938,41827
1787810516282,6ecd8cf8-f9e4-22fd-ee79-91329d872865,/p/7/d34b1ff93a9d1e45,3,200,5521505,20.480,8216.180,672028
1787810523483,e07ca8dd-a6fc-0448-1afb-13a11a268b28,/?crawl=232,0,200,461964,34.064,1058.759,436326
1787810524483,321a4300-0258-0b4e-ecc7-17716e887cda,/?crawl=233,0,200,483346,110.955,427.636,1130274
1787810524542,e07ca8dd-a6fc-0448-1afb-13a11a268b28,/p/0/9595ade405e57642,1,200,123945,64.324,749.865,165290
1787810516561,0c39296c-9d09-a3b9-cfb4-8e11142eafe6,/p/0/3138d1137acc62a0,12,200,493149,284.847,8747.622,56375
1787810524911,321a4300-0258-0b4e-ecc7-17716e887cda,/p/0/22b5786714a7e7c,1,200,175647,34.220,414.752,423499
1787810522741,a1600f92-0f69-ec40-9031-91960e1644b6,/p/3/6ec10428dcaf8bcf,1,200,325203,38.832,2588.038,125656
1787810517704,553b9ccc-860b-52b9-85ef-0d28103041fa,/p/0/ea853e3181d50eac,5,200,204692,831.187,7715.451,26530
1787810522741,a1600f92-0f69-ec40-9031-91960e1644b6,/p/0/6ec10628dcaf8f35,1,200,344195,38.920,2733.314,125926
1787810517704,553b9ccc-860b-52b9-85ef-0d28103041fa,/p/0/ea85413181d513c5,5,200,275472,394.112,7779.016,35412
1787810524216,984a07c8-a759-6177-8955-ffd038d5104d,/p/0/6a0034c37579ab07,4,200,86776,273.323,1272.289,68205
1787810524499,6ecd8cf8-f9e4-22fd-ee79-91329d872865,/p/0/111ed5108e6fd38a,4,200,265286,21.093,995.627,266451
1787810524911,321a4300-0258-0b4e-ecc7-17716e887cda,/p/0/22b5a86714a8395,1,200,482724,34.089,794.939,607247
1787810517704,553b9ccc-860b-52b9-85ef-0d28103041fa,/p/7/ea853f3181d5105f,5,200,346004,560.244,8341.505,41480
1787810522629,4e7fcad3-e4b7-ed53-7182-51c2cf84d8e9,/p/0/f28f6f3a08918f2f,5,200,496870,271.481,3429.429,144884
1787810520198,e006d3a4-893c-ecdd-0350-87bafabb266c,/p/2/b19a4872b3cefcd1,12,200,2988851,402.899,5894.081,507094
1787810517124,fd5674f4-7e92-846e-8aca-195ffeced01e,/p/13/5566e2153165b113,1,200,2179636,155.450,9004.847,242051
1787810522537,71d51f65-0f4a-4aae-f6b2-ad04f139a00e,/p/2/a310378b83d1895f,1,200,176147,560.130,3602.140,48901
1787810524499,6ecd8cf8-f9e4-22fd-ee79-91329d872865,/p/6/111ed6108e6fd53d,4,200,471682,121.444,1692.221,278736
1787810514429,c646942c-ed5a-0fb7-d9a0-14e1ac87f778,/p/5/74b82f7c283ecc3f,7,200,4702032,139.205,11829.809,397473
1787810494015,d66568bc-db56-b020-ae6e-bd870e82c002,/p/0/bcc7640ba79235cf,8,200,3533419,718.103,32298.902,109397
1787810494015,d66568bc-db56-b020-ae6e-bd870e82c002,/p/0/bcc7630ba792341c,8,200,3731312,637.886,32306.140,115499
1787810525483,63135859-d311-aab9-b4d2-e0ee12621def,/?crawl=234,0,200,251602,49.595,843.259,298369
1787810522629,4e7fcad3-e4b7-ed53-7182-51c2cf84d8e9,/p/0/f28f713a08919295,5,200,520744,320.425,3833.411,135844
1787810520813,9e0fba65-906f-29ac-85bf-db388693d2aa,/p/1/815115e1e28424ac,9,200,240732,259.652,5707.578,42178
1787810526092,e006d3a4-893c-ecdd-0350-87bafabb266c,/p/0/dd88e54a894fda4b,13,200,172202,21.114,531.880,323761
1787810526483,e51c2ccc-530c-0524-fc27-87f81183ca9e,/?crawl=239,0,200,138570,15.623,141.662,978172
1787810525329,a1600f92-0f69-ec40-9031-91960e1644b6,/p/2/b20829e588ac47b6,2,200,163671,193.967,1322.233,123784
1787810519704,9fdb75b2-e53e-03fe-6b2c-ae349e1d4f9c,/p/23/4527f86abbabc77b,1,200,420800,472.669,6993.410,60171
1787810526483,331385a9-7318-219a-59f0-3ebce55bbba8,/?crawl=236,0,200,109325,37.355,280.169,390210
1787810526483,8932535e-9b64-cb37-fd14-1d68673e7fd8,/?crawl=237,0,200,111671,45.567,348.512,320422
1787810526191,6ecd8cf8-f9e4-22fd-ee79-91329d872865,/p/0/fab9860fb3a9de63,5,200,233734,322.412,656.043,356279
1787810526259,c646942c-ed5a-0fb7-d9a0-14e1ac87f778,/p/0/63962d369fbad9cb,8,200,92037,24.185,605.455,152013
1787810526625,e51c2ccc-530c-0524-fc27-87f81183ca9e,/p/8/76a959b7ecec4654,1,200,123000,14.821,332.979,369392
1787810525329,a1600f92-0f69-ec40-9031-91960e1644b6,/p/0/b20827e588ac4450,2,200,248886,157.711,1655.660,150324
1787810526092,e006d3a4-893c-ecdd-0350-87bafabb266c,/p/0/dd88e64a894fdbfe,13,200,204052,86.501,919.351,221952
1787810524542,e07ca8dd-a6fc-0448-1afb-13a11a268b28,/p/13/9595aee405e577f5,1,200,459985,97.716,2471.810,186092
1787810491036,de489acb-a1f2-3b88-37a4-73b1b11cf59c,/p/3/3ee06e577576869,2,200,4643417,693.707,36007.593,128957
1787810526191,6ecd8cf8-f9e4-22fd-ee79-91329d872865,/p/0/fab9870fb3a9e016,5,200,389508,41.200,929.169,419201
1787810526259,c646942c-ed5a-0fb7-d9a0-14e1ac87f778,/p/0/63962e369fbadb7e,8,200,199588,76.420,869.304,229595
1787810526092,e006d3a4-893c-ecdd-0350-87bafabb266c,/p/1/dd88e44a894fd898,13,200,446508,64.841,1176.983,379366
1787810519483,09982139-5e76-f214-cc24-4e66c50bbb4e,/?crawl=226,0,200,368252,337.074,7837.784,46984
1787810516661,1e46a455-56c8-91fa-0560-77e275a2328b,/p/0/89e53fd33d894b98,14,0,1534455,229.500,10821.975,141791
1787810516661,1e46a455-56c8-91fa-0560-77e275a2328b,/p/5/89e541d33d894efe,14,0,1702207,207.530,10822.010,157291
1787810526259,c646942c-ed5a-0fb7-d9a0-14e1ac87f778,/p/4/63962c369fbad818,8,200,444318,51.264,1275.780,348272
1787810497953,4cc59da5-43fd-bad1-f6e4-04780c37b1b1,/p/4/2dbff1df4aa58b1c,5,200,2899734,233.134,29608.890,97935
1787810520484,fe9f5242-1dee-d8c5-2769-78aba5955fb8,/?crawl=228,0,200,2223476,80.190,7224.736,307759
1787810503233,e6643b89-1dd1-2310-bf50-2a904aaa6e86,/p/0/10c0cfb351bd23e3,2,200,2585519,303.021,24536.985,105372
1787810524216,984a07c8-a759-6177-8955-ffd038d5104d,/p/0/6a0033c37579a954,4,200,331800,295.140,3609.417,91926
1787810527043,de489acb-a1f2-3b88-37a4-73b1b11cf59c,/p/2/f8274b38100ec156,3,200,90996,85.497,849.041,107175
1787810527321,09982139-5e76-f214-cc24-4e66c50bbb4e,/p/0/fa5e42def3696b2,1,200,21085,289.891,576.234,36591
1787810526483,29e71566-23fb-c266-6f70-fdb259fb1808,/?crawl=238,0,200,245008,35.626,1550.394,158030
1787810526958,e51c2ccc-530c-0524-fc27-87f81183ca9e,/p/0/2ebb163e87f337bd,2,200,231073,110.113,1132.990,203950
1787810526625,e51c2ccc-530c-0524-fc27-87f81183ca9e,/p/0/76a95ab7ecec4807,1,200,444764,14.836,1544.745,287921
1787810526483,8cb74705-6b91-38bf-1a7e-0901efe0c132,/?crawl=235,0,200,457307,59.638,1698.148,269298
1787810526625,e51c2ccc-530c-0524-fc27-87f81183ca9e,/p/0/76a95bb7ecec49ba,1,200,467630,23.299,1599.133,292427
1787810526651,a1600f92-0f69-ec40-9031-91960e1644b6,/p/1/1892607559fc254f,3,200,177344,135.502,1593.057,111323
1787810527535,c646942c-ed5a-0fb7-d9a0-14e1ac87f778,/p/3/afcb6bd69346097e,9,200,162547,24.439,755.644,215111
1787810527269,e006d3a4-893c-ecdd-0350-87bafabb266c,/p/0/9cdbd4174056b310,14,200,164753,162.223,1042.219,158079
1787810513626,0749ca82-1e65-8f0a-ba8a-b79b9d25deac,/p/0/a47c7809d3d7df84,3,200,2417763,278.315,14696.145,164517
1787810526958,e51c2ccc-530c-0524-fc27-87f81183ca9e,/p/7/2ebb153e87f3360a,2,200,316602,76.047,1394.038,227111
1787810527535,c646942c-ed5a-0fb7-d9a0-14e1ac87f778,/p/0/afcb6cd693460b31,9,200,107672,36.596,845.858,127293
1787810526831,8932535e-9b64-cb37-fd14-1d68673e7fd8,/p/0/b48202101edea630,1,200,189800,44.480,1558.389,121792
1787810527483,7d9bd299-f439-b81d-f69e-7c44eab037c8,/?crawl=240,0,200,250300,58.880,924.784,270658
1787810526326,63135859-d311-aab9-b4d2-e0ee12621def,/p/0/2117b0b28a43b6e9,1,200,291787,140.459,2087.334,139789
1787810526129,fd5674f4-7e92-846e-8aca-195ffeced01e,/p/12/1337023ad9c847dc,2,200,202300,245.360,2315.703,87360
1787810526651,a1600f92-0f69-ec40-9031-91960e1644b6,/p/0/1892627559fc28b5,3,200,170937,185.454,1829.022,93458
1787810508288,548a7f9d-41e4-e529-50a4-b4a5553f5aa5,/p/0/cf70804d8c69c66e,6,0,1423295,385.455,20194.900,70478
1787810512219,548a7f9d-41e4-e529-50a4-b4a5553f5aa5,/p/0/6371e04737003ac4,7,0,1056839,469.447,16264.532,64978
1787810512219,548a7f9d-41e4-e529-50a4-b4a5553f5aa5,/p/1/6371e24737003e2a,7,0,1134951,557.774,16264.543,69781
1787810474179,d66568bc-db56-b020-ae6e-bd870e82c002,/p/0/580b922eb3f700f0,5,0,4123895,557.698,54303.964,75941
1787810526139,71d51f65-0f4a-4aae-f6b2-ad04f139a00e,/p/0/4413020b5e8dbdf5,2,200,59183,1501.545,2381.521,24851
1787810518568,440d284a-4e1e-ee1c-2872-92f3eb9b00c6,/p/0/e2af6f22014789af,7,200,3735946,82.449,9958.968,375134
1787810524216,984a07c8-a759-6177-8955-ffd038d5104d,/p/0/6a0035c37579acba,4,200,389280,273.383,4378.546,88906
1787810527043,de489acb-a1f2-3b88-37a4-73b1b11cf59c,/p/0/f8274938100ebdf0,3,200,149550,43.646,1562.647,95703
1787810528033,29e71566-23fb-c266-6f70-fdb259fb1808,/p/0/a13af1581873c67,1,200,22179,312.346,626.542,35399
1787810526697,9fdb75b2-e53e-03fe-6b2c-ae349e1d4f9c,/p/0/5b515d2bfec5a9b7,2,200,113099,513.557,1983.344,57024
1787810526326,63135859-d311-aab9-b4d2-e0ee12621def,/p/0/2117adb28a43b1d0,1,200,208865,46.450,2481.261,84177
1787810528181,8cb74705-6b91-38bf-1a7e-0901efe0c132,/p/0/8dad5b54f5a8c0d6,1,200,79497,282.889,790.735,100536
1787810524911,321a4300-0258-0b4e-ecc7-17716e887cda,/p/6/22b5986714a81e2,1,200,5414225,11.643,4123.048,1313161
1787810521228,8b6d1fd9-ed01-e254-8a8a-4186bf8c9e5b,/p/0/e7f6a2004eef8b6f,2,200,164950,323.059,7848.623,21016
1787810519056,8b6d1fd9-ed01-e254-8a8a-4186bf8c9e5b,/p/0/e91400fe4500a55f,1,200,495314,173.507,10023.993,49413
1787810521228,8b6d1fd9-ed01-e254-8a8a-4186bf8c9e5b,/p/0/e7f6a3004eef8d22,2,200,407411,410.809,7854.505,51870
1787810521228,8b6d1fd9-ed01-e254-8a8a-4186bf8c9e5b,/p/2/e7f6a1004eef89bc,2,200,449138,352.515,7858.500,57153
1787810528291,c646942c-ed5a-0fb7-d9a0-14e1ac87f778,/p/0/73c3e627e5a0c61a,10,200,197693,126.877,901.282,219346
1787810517153,0749ca82-1e65-8f0a-ba8a-b79b9d25deac,/p/12/f3f297621545670c,5,200,2277095,152.087,12044.973,189049
1787810528483,9faa9546-7464-257f-611f-fdcf1ef233cd,/?crawl=241,0,200,274292,40.443,733.203,374101
1787810528483,d23f0858-b1f7-bef1-1fdf-a9606a32322a,/?crawl=242,0,200,503494,23.632,739.657,680713
1787810527269,e006d3a4-893c-ecdd-0350-87bafabb266c,/p/0/9cdbd5174056b4c3,14,200,505900,172.742,1973.359,256365
1787810529034,321a4300-0258-0b4e-ecc7-17716e887cda,/p/5/dce4e58a8435d936,2,200,150297,12.460,243.438,617394
1787810529034,321a4300-0258-0b4e-ecc7-17716e887cda,/p/0/dce4e38a8435d5d0,2,200,139314,31.249,293.053,475389
1787810518568,440d284a-4e1e-ee1c-2872-92f3eb9b00c6,/p/5/e2af6e22014787fc,7,200,6170973,120.532,10795.700,571614
1787810527535,c646942c-ed5a-0fb7-d9a0-14e1ac87f778,/p/0/afcb69d693460618,9,200,371597,61.235,1834.948,202511
1787810529198,0749ca82-1e65-8f0a-ba8a-b79b9d25deac,/p/0/22a4411c0d2c9191,6,200,8242,140.233,206.923,39831
1787810528352,e51c2ccc-530c-0524-fc27-87f81183ca9e,/p/6/e13fd3deb97c15ef,3,200,412870,77.589,1309.479,315293
1787810528352,e51c2ccc-530c-0524-fc27-87f81183ca9e,/p/0/e13fd2deb97c143c,3,200,310019,77.677,1368.325,226568
1787810527014,e07ca8dd-a6fc-0448-1afb-13a11a268b28,/p/0/2dadcd9c9e121141,2,200,280339,162.474,2754.751,101766
1787810528244,a1600f92-0f69-ec40-9031-91960e1644b6,/p/0/4149220691c19017,4,200,79324,162.330,1551.158,51139
1787810525329,a1600f92-0f69-ec40-9031-91960e1644b6,/p/0/b2082ae588ac4969,2,200,447723,145.169,4515.669,99149
1787810529277,321a4300-0258-0b4e-ecc7-17716e887cda,/p/0/6aff69643ce947c2,3,200,168867,64.338,605.706,278794
1787810528291,c646942c-ed5a-0fb7-d9a0-14e1ac87f778,/p/0/73c3e527e5a0c467,10,200,315762,127.008,1645.440,191901
1787810488134,8e551002-bf5c-1717-e281-4fa00d9030bd,/p/1/9317bd89fa869b42,4,200,5168111,359.775,41847.955,123497
1787810527013,e07ca8dd-a6fc-0448-1afb-13a11a268b28,/p/12/2dadcc9c9e120f8e,2,200,381265,162.501,3075.925,123951
1787810510674,e74dc3e9-9b81-1c67-b868-f59eb1ef8038,/p/5/a4fec4c3164f7e7c,2,200,4212697,567.328,19457.269,216510
1787810526128,fd5674f4-7e92-846e-8aca-195ffeced01e,/p/0/1337043ad9c84b42,2,200,425763,230.864,4041.275,105354
1787810527044,de489acb-a1f2-3b88-37a4-73b1b11cf59c,/p/0/f8274c38100ec309,3,200,345891,43.542,3181.216,108729
1787810528352,e51c2ccc-530c-0524-fc27-87f81183ca9e,/p/0/e13fd5deb97c1955,3,200,488102,99.766,1887.929,258538
1787810529277,321a4300-0258-0b4e-ecc7-17716e887cda,/p/4/6aff6a643ce94975,3,200,486012,54.859,984.435,493696
1787810529034,321a4300-0258-0b4e-ecc7-17716e887cda,/p/0/dce4e68a8435dae9,2,200,427260,36.712,1248.420,342241
1787810528291,c646942c-ed5a-0fb7-d9a0-14e1ac87f778,/p/2/73c3e727e5a0c7cd,10,200,437066,178.848,1996.148,218955
1787810529277,321a4300-0258-0b4e-ecc7-17716e887cda,/p/0/6aff68643ce9460f,3,200,455828,59.896,1018.121,447715
1787810526697,9fdb75b2-e53e-03fe-6b2c-ae349e1d4f9c,/p/0/5b515e2bfec5ab6a,2,200,132298,513.406,3615.737,36589
1787810504238,9a32b0ef-c270-6f9f-10f8-32b2894067a2,/p/0/f48a45fdb40a2ba3,7,200,3358817,190.186,26089.394,128743
1787810513953,28cc50e5-3465-4b99-2b80-02383cb906cd,/p/9/a9576bb4197a98b7,1,200,4096189,213.573,16452.147,248976
1787810530262,321a4300-0258-0b4e-ecc7-17716e887cda,/p/0/aebcc0e638f319f1,4,200,55956,33.561,149.460,374389
1787810529364,440d284a-4e1e-ee1c-2872-92f3eb9b00c6,/p/0/3cd75d177b5df60d,8,200,361421,49.670,1077.503,335425
1787810529364,440d284a-4e1e-ee1c-2872-92f3eb9b00c6,/p/4/3cd75b177b5df2a7,8,200,457336,58.611,1147.768,398457
1787810529982,8e551002-bf5c-1717-e281-4fa00d9030bd,/p/0/1b4078a825955445,5,200,20871,255.727,578.445,36081
1787810530262,321a4300-0258-0b4e-ecc7-17716e887cda,/p/0/aebcbde638f314d8,4,200,155766,40.112,310.570,501548
1787810529364,440d284a-4e1e-ee1c-2872-92f3eb9b00c6,/p/0/3cd75a177b5df0f4,8,200,386618,21.171,1218.635,317255
1787810530483,a350c9e6-f13c-9da5-e0ca-0ad0e8044e1a,/?crawl=244,0,200,10362,68.948,101.197,102394
1787810527709,fe9f5242-1dee-d8c5-2769-78aba5955fb8,/p/6/8423e25f6ad857be,1,200,320970,272.873,2877.793,111533
1787810529198,0749ca82-1e65-8f0a-ba8a-b79b9d25deac,/p/0/22a43e1c0d2c8c78,6,200,234227,193.702,1486.203,157601
1787810529223,d23f0858-b1f7-bef1-1fdf-a9606a32322a,/p/0/c3a7203095720e69,1,200,340459,89.726,1501.359,226767
1787810494694,9e0fba65-906f-29ac-85bf-db388693d2aa,/p/0/28824581901ecad,4,200,2766957,1419.219,36032.320,76791
1787810528408,7d9bd299-f439-b81d-f69e-7c44eab037c8,/p/0/9cd275756c3c2243,1,200,220304,183.979,2329.197,94584
1787810528408,7d9bd299-f439-b81d-f69e-7c44eab037c8,/p/0/9cd274756c3c2090,1,200,242597,51.987,2407.492,100768
1787810526651,a1600f92-0f69-ec40-9031-91960e1644b6,/p/0/18925f7559fc239c,3,200,484493,123.503,4173.443,116090
1787810530512,440d284a-4e1e-ee1c-2872-92f3eb9b00c6,/p/0/a37bbc540b17deb4,9,200,68897,77.358,363.086,189754
1787810499780,984a07c8-a759-6177-8955-ffd038d5104d,/p/0/72c1ab67f4511b3c,2,200,4429900,534.115,31136.357,142274
1787810529223,d23f0858-b1f7-bef1-1fdf-a9606a32322a,/p/0/c3a71d3095720950,1,200,405586,56.939,1697.654,238910
1787810529223,d23f0858-b1f7-bef1-1fdf-a9606a32322a,/p/5/c3a71f3095720cb6,1,200,413460,23.598,1708.784,241962
1787810527709,fe9f5242-1dee-d8c5-2769-78aba5955fb8,/p/0/8423e05f6ad85458,1,200,406672,46.849,3255.534,124917
1787810529216,9faa9546-7464-257f-611f-fdcf1ef233cd,/p/0/303cc8d300d714f0,1,200,216174,233.744,1754.396,123218
1787810530587,fe9f5242-1dee-d8c5-2769-78aba5955fb8,/p/0/fe749869926e6870,2,200,9745,269.686,400.427,24337
1787810527562,4cc59da5-43fd-bad1-f6e4-04780c37b1b1,/p/0/21fa9922a7dac69b,6,200,296213,325.095,3496.970,84706
1787810529662,e51c2ccc-530c-0524-fc27-87f81183ca9e,/p/5/5f55ac4cd1f4b14e,4,200,316900,73.286,1510.640,209779
1787810530287,c646942c-ed5a-0fb7-d9a0-14e1ac87f778,/p/1/18e75ed957de5120,11,200,249136,25.121,893.885,278711
1787810528181,8cb74705-6b91-38bf-1a7e-0901efe0c132,/p/0/8dad5a54f5a8bf23,1,200,370093,52.016,3002.286,123270
1787810526191,6ecd8cf8-f9e4-22fd-ee79-91329d872865,/p/5/fab9880fb3a9e1c9,5,200,3432870,322.431,5010.568,685126
1787810529661,e51c2ccc-530c-0524-fc27-87f81183ca9e,/p/0/5f55aa4cd1f4ade8,4,200,406650,81.494,1595.050,254945
1787810482318,8e551002-bf5c-1717-e281-4fa00d9030bd,/p/0/b9a261302bcdd81a,3,200,5686257,252.836,48998.963,116049
1787810531202,6ecd8cf8-f9e4-22fd-ee79-91329d872865,/p/4/2aec1ec35efef4b,6,200,64473,34.442,171.042,376942
1787810531172,e51c2ccc-530c-0524-fc27-87f81183ca9e,/p/4/90fb1c8493151559,5,200,29946,84.197,218.516,137043
1787810531172,e51c2ccc-530c-0524-fc27-87f81183ca9e,/p/0/90fb1b84931513a6,5,200,47717,76.673,245.606,194283
1787810528408,7d9bd299-f439-b81d-f69e-7c44eab037c8,/p/0/9cd276756c3c23f6,1,200,364844,157.438,3012.261,121120
1787810531373,6ecd8cf8-f9e4-22fd-ee79-91329d872865,/p/0/bd02068950ccf16d,7,200,58966,33.782,153.878,383200
1787810527709,fe9f5242-1dee-d8c5-2769-78aba5955fb8,/p/0/8423e35f6ad85971,1,200,403347,272.814,3832.483,105244
1787810529216,9faa9546-7464-257f-611f-fdcf1ef233cd,/p/0/303cc9d300d716a3,1,200,250629,194.453,2356.587,106353
1787810527013,e07ca8dd-a6fc-0448-1afb-13a11a268b28,/p/0/2dadca9c9e120c28,2,200,486324,229.406,4561.363,106618
1787810531391,e51c2ccc-530c-0524-fc27-87f81183ca9e,/p/3/bf80c196ae151d60,6,200,21646,83.500,215.086,100639
1787810528444,fd5674f4-7e92-846e-8aca-195ffeced01e,/p/0/13d18b09d55691d8,3,200,272737,157.625,3431.709,79476
1787810528480,a1600f92-0f69-ec40-9031-91960e1644b6,/p/0/4149230691c191ca,4,200,417505,122.486,3485.708,119776
1787810527562,4cc59da5-43fd-bad1-f6e4-04780c37b1b1,/p/3/21fa9b22a7daca01,6,200,303504,300.611,4462.988,68005
1787810527562,4cc59da5-43fd-bad1-f6e4-04780c37b1b1,/p/0/21fa9a22a7dac84e,6,200,517679,231.852,4463.490,115981
1787810527893,de489acb-a1f2-3b88-37a4-73b1b11cf59c,/p/0/c2556ddfc5a928fa,4,200,371021,234.933,4223.185,87853
1787810531201,6ecd8cf8-f9e4-22fd-ee79-91329d872865,/p/0/2aec3ec35eff2b1,6,200,187842,112.111,1048.511,179151
1787810492783,8e7a01ec-a46f-8fd1-cdff-5aa0b89c8aab,/p/0/f65891c9cbbfbf8,4,200,6216663,225.691,39496.629,157397
1787810522537,71d51f65-0f4a-4aae-f6b2-ad04f139a00e,/p/0/a310398b83d18cc5,1,200,504499,145.654,9779.655,51587
1787810528033,29e71566-23fb-c266-6f70-fdb259fb1808,/p/0/a13ae1581873ab4,1,200,468167,344.735,4292.719,109061
1787810517293,63feb0eb-2564-8058-5024-1e4cb93e9190,/p/2/3cc1c111ae158eca,1,200,2190784,286.245,15040.449,145659
1787810486853,4cc59da5-43fd-bad1-f6e4-04780c37b1b1,/p/0/63c2e23f99b1972f,2,200,4829549,280.869,45491.654,106163
1787810527893,de489acb-a1f2-3b88-37a4-73b1b11cf59c,/p/0/c2556cdfc5a92747,4,200,360737,256.475,4457.314,80931
1787810531181,c646942c-ed5a-0fb7-d9a0-14e1ac87f778,/p/0/e8618941091b302f,12,200,109005,163.010,1345.927,80989
1787810530587,fe9f5242-1dee-d8c5-2769-78aba5955fb8,/p/0/fe749b69926e6d89,2,200,222990,488.206,1941.634,114847
1787810531181,c646942c-ed5a-0fb7-d9a0-14e1ac87f778,/p/0/e8618b41091b3395,12,200,137023,137.714,1371.813,99885
1787810505483,8992b43b-4174-a0c1-16dc-9bd47c511dd8,/?crawl=210,0,200,5287905,188.601,27151.066,194759
1787810530262,321a4300-0258-0b4e-ecc7-17716e887cda,/p/3/aebcbfe638f3183e,4,200,3233738,40.107,2378.106,1359795
1787810530132,e74dc3e9-9b81-1c67-b868-f59eb1ef8038,/p/0/d84ae4f9331f77eb,3,200,119407,435.595,2526.311,47265
1787810530587,fe9f5242-1dee-d8c5-2769-78aba5955fb8,/p/5/fe749a69926e6bd6,2,200,234778,532.189,2077.234,113024
1787810531172,e51c2ccc-530c-0524-fc27-87f81183ca9e,/p/0/90fb1a84931511f3,5,200,241824,70.396,1499.841,161233
1787810530287,c646942c-ed5a-0fb7-d9a0-14e1ac87f778,/p/0/18e75fd957de52d3,11,200,339324,86.243,2417.090,140385
1787810531606,e51c2ccc-530c-0524-fc27-87f81183ca9e,/p/2/f2c702531ba62d9c,7,200,144988,106.468,1153.755,125666
1787810532025,4cc59da5-43fd-bad1-f6e4-04780c37b1b1,/p/2/d7f5629b99296363,7,200,167450,360.895,742.677,225468
1787810529086,8b6d1fd9-ed01-e254-8a8a-4186bf8c9e5b,/p/0/694d9e24dfcdf091,3,200,481903,192.049,3842.549,125412
1787810504238,9a32b0ef-c270-6f9f-10f8-32b2894067a2,/p/0/f48a46fdb40a2d56,7,200,4533629,159.775,28729.248,157805
1787810531391,e51c2ccc-530c-0524-fc27-87f81183ca9e,/p/0/bf80c296ae151f13,6,200,354716,75.229,1615.950,219509
1787810527269,e006d3a4-893c-ecdd-0350-87bafabb266c,/p/0/9cdbd6174056b676,14,200,3405633,21.955,5769.092,590324
1787810532483,8f2e4d7d-498d-7300-494d-d801cfe79269,/?crawl=246,0,200,154249,54.291,558.276,276295
1787810485260,b3a23f41-af11-6422-808e-1c535d4af12f,/p/0/8d2ef702d4877c7,2,200,2261967,67.207,47789.235,47332
1787810531202,6ecd8cf8-f9e4-22fd-ee79-91329d872865,/p/0/2aec0ec35efed98,6,200,330099,101.175,1905.059,173275
1787810530287,c646942c-ed5a-0fb7-d9a0-14e1ac87f778,/p/0/18e760d957de5486,11,200,497935,37.141,3097.289,160765
1787810513483,ed44bc0f-ef2d-a9ce-7a2d-62863ae567a0,/?crawl=220,0,200,4919985,94.344,19905.032,247173
1787810530405,28cc50e5-3465-4b99-2b80-02383cb906cd,/p/8/c28c5a81be201e0a,2,200,258310,80.944,3040.704,84951
1787810530089,e07ca8dd-a6fc-0448-1afb-13a11a268b28,/p/0/105ad11ba59f91,3,200,361605,188.017,3385.475,106811
1787810513626,0749ca82-1e65-8f0a-ba8a-b79b9d25deac,/p/0/a47c7b09d3d7e49d,3,200,3123033,377.590,19943.550,156594
1787810532634,8992b43b-4174-a0c1-16dc-9bd47c511dd8,/p/0/d02c156f42b0832a,1,200,109096,68.528,990.880,110100
1787810524498,6ecd8cf8-f9e4-22fd-ee79-91329d872865,/p/0/111ed4108e6fd1d7,4,200,5170833,62.171,9132.466,566203
1787810530090,e07ca8dd-a6fc-0448-1afb-13a11a268b28,/p/0/1057d11ba59a78,3,200,302489,173.073,3565.413,84840
1787810532640,321a4300-0258-0b4e-ecc7-17716e887cda,/p/0/f868e6a483c71730,5,200,505875,72.681,1051.928,480903
1787810533388,ed44bc0f-ef2d-a9ce-7a2d-62863ae567a0,/p/0/e8d13872c600a8d9,1,200,67442,329.336,331.384,203516
1787810533388,ed44bc0f-ef2d-a9ce-7a2d-62863ae567a0,/p/12/e8d13772c600a726,1,200,100196,329.189,332.991,300897
1787810495833,63a2f736-a599-8f16-6df1-716b89ede193,/p/0/5f232cd09821a3b5,11,200,2502264,576.504,37903.617,66016
1787810529982,8e551002-bf5c-1717-e281-4fa00d9030bd,/p/0/1b4076a8259550df,5,200,398004,354.182,3865.864,102953
1787810523589,b3a23f41-af11-6422-808e-1c535d4af12f,/p/4/2b1652fba16c9496,8,200,441005,379.419,10317.233,42745
1787810532768,4cc59da5-43fd-bad1-f6e4-04780c37b1b1,/p/1/9f4aa12d06468a09,8,200,198055,814.236,1145.997,172823
1787810521483,d8034ba6-4789-5f97-4360-1ea481a9ca9b,/?crawl=229,0,200,5878440,32.119,12435.672,472708
1787810532768,4cc59da5-43fd-bad1-f6e4-04780c37b1b1,/p/0/9f4a9f2d064686a3,8,200,118778,814.248,1150.840,103210
1787810532760,e51c2ccc-530c-0524-fc27-87f81183ca9e,/p/0/f2c704531ba63102,7,200,185598,77.853,1215.513,152691
1787810530405,28cc50e5-3465-4b99-2b80-02383cb906cd,/p/0/c28c5881be201aa4,2,200,310101,53.130,3578.891,86647
1787810525309,0c39296c-9d09-a3b9-cfb4-8e11142eafe6,/p/0/3138d4137acc67b9,12,200,440923,259.888,8708.804,50630
1787810532664,fe9f5242-1dee-d8c5-2769-78aba5955fb8,/p/4/8c43a40c9be0de63,3,200,97154,42.107,1380.375,70382
1787810474029,0c39296c-9d09-a3b9-cfb4-8e11142eafe6,/p/0/5c8f3ec91cbc70aa,9,200,4130063,248.691,60034.501,68795
1787810506548,9a32b0ef-c270-6f9f-10f8-32b2894067a2,/p/0/46c56339c907f441,8,200,3590318,242.681,27525.640,130435
1787810530584,a350c9e6-f13c-9da5-e0ca-0ad0e8044e1a,/p/0/ea7bcbebbea7fc42,1,200,204635,100.768,3543.865,57743
1787810533919,d8034ba6-4789-5f97-4360-1ea481a9ca9b,/p/0/178e35bcff734a6b,1,200,87908,30.246,211.975,414710
1787810533483,0cac6aae-1489-56e0-7461-86608a6b60d9,/?crawl=247,0,200,375704,31.393,785.743,478151
1787810526697,9fdb75b2-e53e-03fe-6b2c-ae349e1d4f9c,/p/22/5b515f2bfec5ad1d,2,200,468286,484.207,7594.770,61659
1787810532672,e51c2ccc-530c-0524-fc27-87f81183ca9e,/p/0/f2c703531ba62f4f,7,200,396884,87.708,1683.882,235696
1787810532768,4cc59da5-43fd-bad1-f6e4-04780c37b1b1,/p/0/9f4aa02d06468856,8,200,372098,814.271,1692.966,219791
1787810533919,d8034ba6-4789-5f97-4360-1ea481a9ca9b,/p/0/178e36bcff734c1e,1,200,98855,149.556,610.312,161974
1787810533721,ed44bc0f-ef2d-a9ce-7a2d-62863ae567a0,/p/0/9b5beec30aff6b88,2,200,267150,162.225,872.573,306164
1787810533721,ed44bc0f-ef2d-a9ce-7a2d-62863ae567a0,/p/11/9b5bf0c30aff6eee,2,200,360543,162.290,874.472,412298
1787810533483,7c1e49a5-1a38-8625-e86a-7a995365ad59,/?crawl=248,0,200,507707,33.576,1114.189,455674
1787810533388,ed44bc0f-ef2d-a9ce-7a2d-62863ae567a0,/p/0/e8d13572c600a3c0,1,200,2825115,4.438,1237.244,2283394
1787810530405,28cc50e5-3465-4b99-2b80-02383cb906cd,/p/0/c28c5b81be201fbd,2,200,395860,106.732,4233.084,93516
1787810533721,ed44bc0f-ef2d-a9ce-7a2d-62863ae567a0,/p/0/9b5bf1c30aff70a1,2,200,437011,903.987,926.943,471454
1787810507489,4c48e9e8-5a19-c03d-3947-95518656d187,/p/0/2ddec1d9f16f0a78,4,200,4046406,245.993,27162.994,148968
1787810533007,e51c2ccc-530c-0524-fc27-87f81183ca9e,/p/1/1551c68beea37cb7,8,200,264765,82.615,1666.200,158903
1787810533446,28cc50e5-3465-4b99-2b80-02383cb906cd,/p/0/ba9641ec178091a2,3,200,65321,287.730,1273.790,51281
1787810518389,c5aa0efa-81cb-c472-cc06-ea5a979bd993,/p/2/367a8ce9186c7f72,1,200,2623272,556.058,16363.950,160308
1787810534292,9fdb75b2-e53e-03fe-6b2c-ae349e1d4f9c,/p/0/3aeec50b38d4383a,3,200,22290,370.047,482.811,46167
1787810530584,a350c9e6-f13c-9da5-e0ca-0ad0e8044e1a,/p/0/ea7bcaebbea7fa8f,1,200,362674,66.720,4406.167,82311
1787810529086,8b6d1fd9-ed01-e254-8a8a-4186bf8c9e5b,/p/1/694d9c24dfcded2b,3,200,454578,162.815,5943.853,76479
1787810533919,d8034ba6-4789-5f97-4360-1ea481a9ca9b,/p/1/178e37bcff734dd1,1,200,377161,149.598,1154.457,326700
1787810504294,4c48e9e8-5a19-c03d-3947-95518656d187,/p/0/68d496f15b0eecc3,2,200,5360443,90.895,30854.804,173731
1787810530727,9e0fba65-906f-29ac-85bf-db388693d2aa,/p/0/815117e1e2842812,9,200,150976,308.608,4504.742,33515
1787810534596,ed44bc0f-ef2d-a9ce-7a2d-62863ae567a0,/p/0/133fd7f7b84a517,3,200,326183,52.789,687.277,474602
1787810534596,ed44bc0f-ef2d-a9ce-7a2d-62863ae567a0,/p/10/133ff7f7b84a87d,3,200,509329,52.743,689.746,738430
1787810534596,ed44bc0f-ef2d-a9ce-7a2d-62863ae567a0,/p/0/133fe7f7b84a6ca,3,200,291085,689.719,693.919,419480
1787810534356,e51c2ccc-530c-0524-fc27-87f81183ca9e,/p/0/1551c88beea3801d,8,200,213207,71.208,1218.410,174988
1787810535285,ed44bc0f-ef2d-a9ce-7a2d-62863ae567a0,/p/9/6163ffd0ecca2813,4,200,67320,4.827,331.869,202851
1787810490271,63a2f736-a599-8f16-6df1-716b89ede193,/p/11/5f232bd09821a202,11,200,2517063,658.685,45347.123,55507
1787810534597,7c1e49a5-1a38-8625-e86a-7a995365ad59,/p/0/382521621113d48e,1,200,191000,92.818,1051.812,181591
1787810534753,c5aa0efa-81cb-c472-cc06-ea5a979bd993,/p/0/da19c4a541c34443,2,200,105375,222.173,912.586,115469
1787810494812,4cc59da5-43fd-bad1-f6e4-04780c37b1b1,/p/0/d4f22b39a27aee44,4,200,5887083,234.690,40865.937,144058
1787810533446,28cc50e5-3465-4b99-2b80-02383cb906cd,/p/0/ba9640ec17808fef,3,200,230689,287.613,2281.628,101107
1787810534753,c5aa0efa-81cb-c472-cc06-ea5a979bd993,/p/0/da19c5a541c345f6,2,200,51609,222.093,1024.603,50370
1787810532634,8992b43b-4174-a0c1-16dc-9bd47c511dd8,/p/0/d02c146f42b08177,1,200,318656,203.498,3149.737,101169
1787810534044,fe9f5242-1dee-d8c5-2769-78aba5955fb8,/p/0/5c011e617ba2d9fb,4,200,96137,261.255,1741.669,55198
1787810534753,c5aa0efa-81cb-c472-cc06-ea5a979bd993,/p/1/da19c6a541c347a9,2,200,89866,294.811,1136.003,79107
1787810533919,4cc59da5-43fd-bad1-f6e4-04780c37b1b1,/p/0/6e7dd5184e671171,9,200,354176,1442.646,2007.106,176461
1787810526046,553b9ccc-860b-52b9-85ef-0d28103041fa,/p/6/998343e0f4fb775e,6,200,210177,5185.001,9922.579,21182
1787810533446,28cc50e5-3465-4b99-2b80-02383cb906cd,/p/7/ba963fec17808e3c,3,200,275400,314.803,2629.518,104734
1787810534597,7c1e49a5-1a38-8625-e86a-7a995365ad59,/p/1/38251f621113d128,1,200,213457,92.849,1574.422,135578
1787810531181,c646942c-ed5a-0fb7-d9a0-14e1ac87f778,/p/0/e8618a41091b31e2,12,200,2110085,150.160,5020.672,420279
1787810534045,fe9f5242-1dee-d8c5-2769-78aba5955fb8,/p/0/5c011f617ba2dbae,4,200,147231,282.565,2216.105,66437
1787810533914,4cc59da5-43fd-bad1-f6e4-04780c37b1b1,/p/0/6e7dd4184e670fbe,9,200,474410,1447.382,2349.964,201880
1787810535285,ed44bc0f-ef2d-a9ce-7a2d-62863ae567a0,/p/0/616401d0ecca2b79,4,200,463057,4.037,979.317,472837
1787810523589,b3a23f41-af11-6422-808e-1c535d4af12f,/p/0/2b1650fba16c9130,8,200,467969,344.283,12741.313,36728
1787810534269,0cac6aae-1489-56e0-7461-86608a6b60d9,/p/0/a4bac8047c78d7af,1,200,372550,32.760,2097.747,177595
1787810535574,e51c2ccc-530c-0524-fc27-87f81183ca9e,/p/0/f5f4cb1aa3f5f335,9,200,80027,102.452,815.458,98137
1787810534044,fe9f5242-1dee-d8c5-2769-78aba5955fb8,/p/3/5c0120617ba2dd61,4,200,121559,261.188,2370.325,51284
1787810533975,e51c2ccc-530c-0524-fc27-87f81183ca9e,/p/0/1551c58beea37b04,8,200,416144,100.202,2444.699,170223
1787810534269,0cac6aae-1489-56e0-7461-86608a6b60d9,/p/0/a4bac9047c78d962,1,200,377008,32.602,2266.001,166376
1787810534673,e51c2ccc-530c-0524-fc27-87f81183ca9e,/p/0/f5f4ca1aa3f5f182,9,200,483533,73.824,1891.945,255575
1787810534461,4cc59da5-43fd-bad1-f6e4-04780c37b1b1,/p/0/6e7dd2184e670c58,9,200,370868,1225.914,2128.510,174238
1787810506548,9a32b0ef-c270-6f9f-10f8-32b2894067a2,/p/0/46c56039c907ef28,8,200,5079545,152.744,30058.970,168986
1787810532025,4cc59da5-43fd-bad1-f6e4-04780c37b1b1,/p/0/d7f5619b992961b0,7,200,2776278,360.569,4597.602,603854
1787810518389,c5aa0efa-81cb-c472-cc06-ea5a979bd993,/p/0/367a8de9186c8125,1,200,3252619,398.505,18321.249,177533
1787810535073,d8034ba6-4789-5f97-4360-1ea481a9ca9b,/p/0/148fe5711167b027,2,200,207724,103.141,1642.784,126446
1787810533041,8f2e4d7d-498d-7300-494d-d801cfe79269,/p/0/115072a6e7dde19c,1,200,191889,256.699,3691.737,51978
1787810507489,4c48e9e8-5a19-c03d-3947-95518656d187,/p/0/2ddec3d9f16f0dde,4,200,5355360,159.461,29385.570,182245
1787810530512,440d284a-4e1e-ee1c-2872-92f3eb9b00c6,/p/3/a37bbd540b17e067,9,200,3116815,99.559,6425.310,485084
1787810481434,0c39296c-9d09-a3b9-cfb4-8e11142eafe6,/p/0/b13cad9653d59b39,10,200,4682438,247.666,55597.688,84220
1787810535889,c5aa0efa-81cb-c472-cc06-ea5a979bd993,/p/0/151a525ee1071e8e,3,200,146496,224.389,1254.860,116743
1787810536937,440d284a-4e1e-ee1c-2872-92f3eb9b00c6,/p/0/9db300affa7bae60,10,200,46997,92.098,208.976,224892
1787810534597,7c1e49a5-1a38-8625-e86a-7a995365ad59,/p/0/382520621113d2db,1,200,493104,31.232,2581.961,190980
1787810536415,fe9f5242-1dee-d8c5-2769-78aba5955fb8,/p/2/df8b572a1cb3b5b3,5,200,27980,232.172,782.706,35748
1787810535617,ed44bc0f-ef2d-a9ce-7a2d-62863ae567a0,/p/8/e310d133a0964032,5,200,362791,962.573,1605.033,226033
1787810532640,321a4300-0258-0b4e-ecc7-17716e887cda,/p/0/f868e9a483c71c49,5,200,2985627,83.738,4587.329,650842
1787810535073,d8034ba6-4789-5f97-4360-1ea481a9ca9b,/p/0/148fe7711167b38d,2,200,445969,30.063,2206.623,202105
1787810530483,470096c7-fd9e-c4f0-2fd2-4cde63612b99,/?crawl=245,0,200,64718,922.832,6906.200,9371
1787810535073,d8034ba6-4789-5f97-4360-1ea481a9ca9b,/p/0/148fe6711167b1da,2,200,511570,88.149,2383.016,214673
1787810532334,63feb0eb-2564-8058-5024-1e4cb93e9190,/p/1/96f1ecabefca85b6,2,200,294010,401.679,5139.451,57206
1787810530132,e74dc3e9-9b81-1c67-b868-f59eb1ef8038,/p/4/d84ae3f9331f7638,3,200,497836,399.400,7345.014,67779
1787810535618,63a2f736-a599-8f16-6df1-716b89ede193,/p/0/dbc313c5d74693ce,12,200,126896,78.291,1886.408,67269
1787810536390,e51c2ccc-530c-0524-fc27-87f81183ca9e,/p/0/f5f4c81aa3f5ee1c,9,200,265671,90.735,1233.084,215452
1787810533041,8f2e4d7d-498d-7300-494d-d801cfe79269,/p/0/115075a6e7dde6b5,1,200,400592,76.901,4596.783,87146
1787810446574,b65c0c64-3b12-5a25-dd6f-f7450caa3086,/p/0/8e9c302d5c975eaf,2,200,4710751,297.158,91111.072,51703
1787810532640,321a4300-0258-0b4e-ecc7-17716e887cda,/p/2/f868e7a483c718e3,5,200,3993975,9.969,5111.277,781404
1787810526046,553b9ccc-860b-52b9-85ef-0d28103041fa,/p/0/998341e0f4fb73f8,6,200,330978,5154.655,11999.382,27583
1787810536075,28cc50e5-3465-4b99-2b80-02383cb906cd,/p/0/d587f9f4c2173e75,4,200,300816,54.518,2214.816,135820
1787810530512,440d284a-4e1e-ee1c-2872-92f3eb9b00c6,/p/0/a37bbf540b17e3cd,9,200,3790240,70.917,7794.451,486274
1787810536172,7c1e49a5-1a38-8625-e86a-7a995365ad59,/p/0/4a5da096303911ae,2,200,302251,154.446,2143.896,140982
1787810537685,b65c0c64-3b12-5a25-dd6f-f7450caa3086,/p/0/1c19fdfdb3c0f01b,8,200,22935,248.270,651.287,35215
1787810526326,63135859-d311-aab9-b4d2-e0ee12621def,/p/3/2117aeb28a43b383,1,200,3213400,163.896,12018.026,267382
1787810536937,440d284a-4e1e-ee1c-2872-92f3eb9b00c6,/p/0/9db303affa7bb379,10,200,444300,76.143,1452.672,305850
1787810458358,dac67aa3-6e0a-202f-e278-dd7cbc66cb98,/p/1/993a1fa75f6afcb5,2,0,4254967,1058.458,80125.582,53104
1787810458358,dac67aa3-6e0a-202f-e278-dd7cbc66cb98,/p/0/993a1da75f6af94f,2,0,4683327,747.588,80125.679,58450
1787810533906,b3a23f41-af11-6422-808e-1c535d4af12f,/p/0/8a8b8f18a9c5b73f,9,200,393062,410.366,4802.436,81846
1787810537751,321a4300-0258-0b4e-ecc7-17716e887cda,/p/0/697b31a694b4433d,6,200,414029,15.226,986.434,419723
1787810511222,8e7a01ec-a46f-8fd1-cdff-5aa0b89c8aab,/p/0/a63a6d5a7860bd70,10,200,4819008,207.641,27831.171,173151
1787810535030,8b6d1fd9-ed01-e254-8a8a-4186bf8c9e5b,/p/0/a0dc86360ace2f3b,4,200,279092,380.077,4051.868,68880
1787810528181,8cb74705-6b91-38bf-1a7e-0901efe0c132,/p/4/8dad5954f5a8bd70,1,200,2306225,310.276,11090.874,207939
1787810535618,63a2f736-a599-8f16-6df1-716b89ede193,/p/0/dbc312c5d746921b,12,200,311375,382.974,3667.168,84909
1787810507994,8e7a01ec-a46f-8fd1-cdff-5aa0b89c8aab,/p/0/c64acc535a57cc55,9,200,5265760,218.644,31368.152,167870
1787810536172,7c1e49a5-1a38-8625-e86a-7a995365ad59,/p/0/4a5d9e9630390e48,2,200,487033,201.245,3203.345,152039
1787810535030,8b6d1fd9-ed01-e254-8a8a-4186bf8c9e5b,/p/0/a0dc87360ace30ee,4,200,171665,322.594,4356.472,39405
1787810532333,63feb0eb-2564-8058-5024-1e4cb93e9190,/p/0/96f1eaabefca8250,2,200,312278,442.203,7330.937,42597
1787810530131,e74dc3e9-9b81-1c67-b868-f59eb1ef8038,/p/0/d84ae5f9331f799e,3,200,430214,702.505,9541.302,45090
1787810538344,63135859-d311-aab9-b4d2-e0ee12621def,/p/2/d3b2dead4587152f,2,200,131132,51.991,1340.898,97794
1787810529198,0749ca82-1e65-8f0a-ba8a-b79b9d25deac,/p/11/22a4401c0d2c8fde,6,200,4429060,181.632,10558.212,419490
1787810535618,63a2f736-a599-8f16-6df1-716b89ede193,/p/10/dbc311c5d7469068,12,200,344642,192.175,4202.039,82018
1787810513753,ed827d04-f232-b34f-a621-d4ff29686646,/p/0/7c3b8ad05a9b99d3,1,200,63744,31.756,26073.423,2445
1787810536075,28cc50e5-3465-4b99-2b80-02383cb906cd,/p/0/d587f6f4c217395c,4,200,328220,54.536,4008.201,81887
1787810537477,e74dc3e9-9b81-1c67-b868-f59eb1ef8038,/p/0/88e6dfcd9b8c6121,4,200,141609,458.072,2767.768,51164
1787810513182,94ddeec8-4713-1ccc-0771-93b0a7c1f7b0,/p/0/e5c91a35ae8fd389,3,200,4398680,253.983,27076.752,162452
1787810539820,63a2f736-a599-8f16-6df1-716b89ede193,/p/0/c186f9cfdbceeb55,13,200,93407,115.410,449.968,207586
1787810539820,63a2f736-a599-8f16-6df1-716b89ede193,/p/0/c186f6cfdbcee63c,13,200,20165,77.440,461.127,43730
1787810539757,0749ca82-1e65-8f0a-ba8a-b79b9d25deac,/p/0/f3407ab5d4d460d9,7,200,115782,24.688,662.309,174816
1787810420962,3e71326f-e416-3c5e-6236-7bd18a29c656,/p/0/2a728503140c6fdd,1,0,5031067,72.068,119521.121,42094
1787810539820,63a2f736-a599-8f16-6df1-716b89ede193,/p/9/c186f8cfdbcee9a2,13,0,74785,77.447,662.923,112811
1787810490722,3e71326f-e416-3c5e-6236-7bd18a29c656,/p/0/423dfbc0d330836a,10,0,2301891,402.794,49760.519,46259
1787810467402,3e71326f-e416-3c5e-6236-7bd18a29c656,/p/0/44b87c47a93fabb8,8,0,3554543,370.878,73080.688,48639
1787810467402,3e71326f-e416-3c5e-6236-7bd18a29c656,/p/0/44b87f47a93fb0d1,8,0,3485863,407.398,73080.656,47699
1787810488005,3e71326f-e416-3c5e-6236-7bd18a29c656,/p/0/423dfac0d33081b7,10,0,2606087,414.134,52478.457,49660
1787810537223,ed44bc0f-ef2d-a9ce-7a2d-62863ae567a0,/p/0/6b6a64c9ee6eb7ab,6,200,51584,3108.620,3317.728,15548
1787810536937,440d284a-4e1e-ee1c-2872-92f3eb9b00c6,/p/2/9db302affa7bb1c6,10,200,2606249,92.067,3638.134,716370
1787810540575,440d284a-4e1e-ee1c-2872-92f3eb9b00c6,/p/0/fe65be1f0b7e27a5,11,200,13417,15.160,22.955,584491
1787810535617,ed44bc0f-ef2d-a9ce-7a2d-62863ae567a0,/p/0/e310d233a09641e5,5,200,477235,962.616,5008.074,95293
1787810534292,9fdb75b2-e53e-03fe-6b2c-ae349e1d4f9c,/p/0/3aeec40b38d43687,3,200,321504,510.430,6338.219,50725
1787810533906,b3a23f41-af11-6422-808e-1c535d4af12f,/p/0/8a8b9018a9c5b8f2,9,200,438939,445.054,6813.810,64419
1787810532025,4cc59da5-43fd-bad1-f6e4-04780c37b1b1,/p/0/d7f5649b992966c9,7,200,5802871,368.071,8719.912,665474
1787810535285,ed44bc0f-ef2d-a9ce-7a2d-62863ae567a0,/p/0/6163fed0ecca2660,4,200,2635914,4.033,5492.403,479920
1787810537223,ed44bc0f-ef2d-a9ce-7a2d-62863ae567a0,/p/7/6b6a63c9ee6eb5f8,6,200,42437,3557.154,3557.980,11927
1787810539272,8cb74705-6b91-38bf-1a7e-0901efe0c132,/p/0/ad42117b0f0a79bb,2,200,205988,62.970,1664.138,123781
1787810535968,553b9ccc-860b-52b9-85ef-0d28103041fa,/p/5/c76d00af8789c8bc,7,200,169361,402.201,5042.539,33586
1787810526831,8932535e-9b64-cb37-fd14-1d68673e7fd8,/p/0/b48205101edeab49,1,200,2589191,109.769,14209.079,182221
1787810533906,b3a23f41-af11-6422-808e-1c535d4af12f,/p/3/8a8b8e18a9c5b58c,9,200,495568,480.660,7139.239,69415
1787810526831,8932535e-9b64-cb37-fd14-1d68673e7fd8,/p/12/b48204101edea996,1,200,2669805,194.549,14214.668,187820
1787810537477,e74dc3e9-9b81-1c67-b868-f59eb1ef8038,/p/0/88e6dccd9b8c5c08,4,200,142869,532.986,3614.650,39525
1787810476299,c73dac6e-70cd-a441-9567-fe760f466832,/p/0/a74ee9b02ec1d9ce,2,200,5256822,370.716,64834.455,81081
1787810535231,9e0fba65-906f-29ac-85bf-db388693d2aa,/p/0/146daeb5063cf05a,10,200,224064,278.476,5909.088,37919
1787810511222,8e7a01ec-a46f-8fd1-cdff-5aa0b89c8aab,/p/0/a63a6f5a7860c0d6,10,200,6181241,271.712,29957.763,206332
1787810459487,0c39296c-9d09-a3b9-cfb4-8e11142eafe6,/p/0/43b246149ab52d0,5,200,5852853,260.937,81703.957,71635
1787810540575,440d284a-4e1e-ee1c-2872-92f3eb9b00c6,/p/1/fe65bd1f0b7e25f2,11,200,358605,22.950,700.675,511799
1787810540575,440d284a-4e1e-ee1c-2872-92f3eb9b00c6,/p/0/fe65bb1f0b7e228c,11,200,386355,73.191,769.689,501962
1787810541276,440d284a-4e1e-ee1c-2872-92f3eb9b00c6,/p/0/cbab270219f40687,12,200,23270,69.003,101.076,230222
1787810541046,8932535e-9b64-cb37-fd14-1d68673e7fd8,/p/11/6ee339570a76145f,2,200,19123,238.769,365.256,52355
1787810498617,b3a23f41-af11-6422-808e-1c535d4af12f,/p/0/6f6b352ad53eaf75,4,200,3105329,409.775,42873.391,72430
1787810513182,94ddeec8-4713-1ccc-0771-93b0a7c1f7b0,/p/2/e5c91835ae8fd023,3,200,4965423,310.847,28499.338,174229
1787810539756,0749ca82-1e65-8f0a-ba8a-b79b9d25deac,/p/0/f34077b5d4d45bc0,7,200,429814,112.950,1965.864,218639
1787810503800,721d2a18-d5d4-9573-5d6a-dfab11b899dc,/p/0/87e8e784d26f033c,4,200,2979349,120.060,37959.468,78488
1787810541682,94ddeec8-4713-1ccc-0771-93b0a7c1f7b0,/p/0/10fb18ac80ffad27,4,200,19096,37.846,96.829,197214
1787810515141,b3a23f41-af11-6422-808e-1c535d4af12f,/p/0/bab22e4c322a6372,7,200,2725041,370.485,26686.021,102115
1787810541412,8932535e-9b64-cb37-fd14-1d68673e7fd8,/p/0/b9173b9657e1b17f,3,200,8377,374.089,531.137,15772
1787810541045,b3a23f41-af11-6422-808e-1c535d4af12f,/p/0/e017614ef21da597,10,200,172564,782.295,1029.346,167644
1787810538336,b65c0c64-3b12-5a25-dd6f-f7450caa3086,/p/4/c5d12a7b74a66bee,9,200,179842,328.849,3745.003,48022
1787810541682,94ddeec8-4713-1ccc-0771-93b0a7c1f7b0,/p/1/10fb1aac80ffb08d,4,200,119768,77.376,545.885,219402
1787810541276,440d284a-4e1e-ee1c-2872-92f3eb9b00c6,/p/0/cbab280219f4083a,12,200,394876,69.041,984.865,400944
1787810518448,419ec04a-3ac5-43e5-eb84-bca38d6ad0bc,/p/0/3c6af105e4058050,2,200,4129854,406.810,23866.896,173037
1787810527321,09982139-5e76-f214-cc24-4e66c50bbb4e,/p/0/fa5e32def3694ff,1,200,389212,1455.736,14994.741,25957
1787810518448,419ec04a-3ac5-43e5-eb84-bca38d6ad0bc,/p/1/3c6af305e40583b6,2,200,4122802,122.388,23984.511,171894
1787810527321,09982139-5e76-f214-cc24-4e66c50bbb4e,/p/0/fa5e22def36934c,1,200,408831,717.794,15366.712,26605
1787810541045,b3a23f41-af11-6422-808e-1c535d4af12f,/p/2/e017634ef21da8fd,10,200,451650,782.027,1829.685,246846
1787810510674,e74dc3e9-9b81-1c67-b868-f59eb1ef8038,/p/0/a4fec6c3164f81e2,2,200,4981158,493.799,32217.158,154612
1787810537751,321a4300-0258-0b4e-ecc7-17716e887cda,/p/1/697b30a694b4418a,6,200,2617847,10.168,5143.342,508978
1787810542433,419ec04a-3ac5-43e5-eb84-bca38d6ad0bc,/p/0/5e92a50daea881d4,3,200,73902,59.072,491.413,150387
1787810537477,e74dc3e9-9b81-1c67-b868-f59eb1ef8038,/p/3/88e6decd9b8c5f6e,4,200,352226,494.665,5527.412,63723
1787810542895,321a4300-0258-0b4e-ecc7-17716e887cda,/p/0/ffb3cc73360935ae,7,200,37165,52.731,131.714,282163
1787810537198,fe9f5242-1dee-d8c5-2769-78aba5955fb8,/p/0/5aaaec4bbd7a4ff6,6,200,311272,229.285,5895.889,52795
1787810531373,6ecd8cf8-f9e4-22fd-ee79-91329d872865,/p/0/bd02038950ccec54,7,200,3670176,163.545,11808.561,310806
1787810535968,553b9ccc-860b-52b9-85ef-0d28103041fa,/p/0/c76d02af8789cc22,7,200,312402,301.380,7269.755,42973
1787810536415,fe9f5242-1dee-d8c5-2769-78aba5955fb8,/p/0/df8b592a1cb3b919,5,200,359458,302.460,6885.427,52206
1787810542895,321a4300-0258-0b4e-ecc7-17716e887cda,/p/0/ffb3cb73360933fb,7,200,289666,53.081,558.142,518982
1787810500646,e6643b89-1dd1-2310-bf50-2a904aaa6e86,/p/0/263ba13ea2b29274,1,200,4713491,97.063,42838.821,110028
1787810530932,d23f0858-b1f7-bef1-1fdf-a9606a32322a,/p/0/93ecc2414f066b51,2,200,4955815,32.616,12792.031,387414
1787810542895,321a4300-0258-0b4e-ecc7-17716e887cda,/p/0/ffb3cd7336093761,7,200,461197,59.445,970.946,474998
1787810531373,6ecd8cf8-f9e4-22fd-ee79-91329d872865,/p/3/bd02048950ccee07,7,200,4150313,97.679,12527.375,331299
1787810530931,d23f0858-b1f7-bef1-1fdf-a9606a32322a,/p/0/93ecbf414f066638,2,200,5886185,21.873,13160.514,447261
1787810536075,28cc50e5-3465-4b99-2b80-02383cb906cd,/p/6/d587f8f4c2173cc2,4,200,2269490,82.070,8055.707,281725
1787810528033,29e71566-23fb-c266-6f70-fdb259fb1808,/p/0/a13b11581873fcd,1,200,3248151,61.598,16105.329,201682
1787810536415,fe9f5242-1dee-d8c5-2769-78aba5955fb8,/p/0/df8b562a1cb3b400,5,200,508650,279.492,7769.757,65465
1787810530931,d23f0858-b1f7-bef1-1fdf-a9606a32322a,/p/4/93ecc1414f06699e,2,200,6223499,136.311,13260.931,469311
1787810528244,a1600f92-0f69-ec40-9031-91960e1644b6,/p/0/4149210691c18e64,4,200,3903225,187.378,15980.321,244252
1787810537751,321a4300-0258-0b4e-ecc7-17716e887cda,/p/0/697b2ea694b43e24,6,200,4266332,15.234,6544.461,651900
1787810535483,1e6d9d81-8b6c-6e3a-7184-79ceb2af2878,/?crawl=249,0,200,2574606,47.865,8892.864,289514
1787810542875,b3a23f41-af11-6422-808e-1c535d4af12f,/p/0/65e777ae8c7ed394,11,200,420660,24.494,1566.760,268490
1787810542875,b3a23f41-af11-6422-808e-1c535d4af12f,/p/1/65e779ae8c7ed6fa,11,200,467841,24.767,1568.958,298186
1787810542228,94ddeec8-4713-1ccc-0771-93b0a7c1f7b0,/p/0/81a22b65c4236694,5,200,227471,207.662,2218.262,102545
1787810533041,8f2e4d7d-498d-7300-494d-d801cfe79269,/p/1/115074a6e7dde502,1,200,5616928,50.405,11475.527,489470
1787810543900,6ecd8cf8-f9e4-22fd-ee79-91329d872865,/p/2/246ed5e522bbc0f3,8,200,216865,121.559,724.098,299497
1787810544517,8f2e4d7d-498d-7300-494d-d801cfe79269,/p/0/9e8b1965958d040e,2,200,59149,2.171,109.943,537997
1787810539685,63135859-d311-aab9-b4d2-e0ee12621def,/p/0/da4e145330fae84,3,200,273473,233.960,4942.852,55327
1787810541046,8932535e-9b64-cb37-fd14-1d68673e7fd8,/p/0/6ee338570a7612ac,2,200,178211,238.651,3658.638,48710
1787810539685,63135859-d311-aab9-b4d2-e0ee12621def,/p/1/da4e345330fb1ea,3,200,304988,280.822,5107.620,59712
1787810534269,0cac6aae-1489-56e0-7461-86608a6b60d9,/p/2/a4baca047c78db15,1,200,4334352,106.674,10594.132,409128
1787810538344,63135859-d311-aab9-b4d2-e0ee12621def,/p/0/d3b2ddad4587137c,2,200,495064,51.872,6518.653,75946
1787810537473,63feb0eb-2564-8058-5024-1e4cb93e9190,/p/0/3a8978700c0bbdbb,3,200,290292,444.435,7453.284,38948
1787810543238,553b9ccc-860b-52b9-85ef-0d28103041fa,/p/0/8069fa623f232305,8,200,61928,354.286,1840.818,33642
1787810544444,b3a23f41-af11-6422-808e-1c535d4af12f,/p/0/574036d6d9f4cd0,12,200,138462,332.892,653.566,211856
1787810541045,b3a23f41-af11-6422-808e-1c535d4af12f,/p/0/e017624ef21da74a,10,200,4022717,781.953,4055.381,991946
1787810544193,d23f0858-b1f7-bef1-1fdf-a9606a32322a,/p/0/86732d9921664384,3,200,496707,5.562,1002.625,495406
1787810529216,9faa9546-7464-257f-611f-fdcf1ef233cd,/p/0/303ccbd300d71a09,1,200,5519970,37.672,15987.297,345272
1787810529662,e51c2ccc-530c-0524-fc27-87f81183ca9e,/p/0/5f55ad4cd1f4b301,4,200,4484830,101.286,15642.039,286716
1787810511813,a3113622-153a-4853-9f4b-e682800ffcd5,/p/0/6b7931d20db419b9,4,200,2836360,166.476,33559.970,84516
1787810544444,b3a23f41-af11-6422-808e-1c535d4af12f,/p/0/574066d6d9f51e9,12,200,290957,332.890,990.943,293616
1787810541046,8932535e-9b64-cb37-fd14-1d68673e7fd8,/p/0/6ee33b570a7617c5,2,200,304857,427.595,4392.113,69410
1787810544444,b3a23f41-af11-6422-808e-1c535d4af12f,/p/0/574046d6d9f4e83,12,200,433590,333.083,1016.650,426489
1787810544376,1e6d9d81-8b6c-6e3a-7184-79ceb2af2878,/p/0/cb8f76bfa5aecaa1,1,200,135988,262.635,1113.030,122178
1787810544863,0cac6aae-1489-56e0-7461-86608a6b60d9,/p/0/dc389e663da36b57,2,200,148187,26.898,672.244,220436
1787810542875,b3a23f41-af11-6422-808e-1c535d4af12f,/p/0/65e77aae8c7ed8ad,11,200,2142551,343.949,2672.556,801686
1787810540781,ed44bc0f-ef2d-a9ce-7a2d-62863ae567a0,/p/6/c7440c51a7663fb2,7,200,269586,355.859,4789.009,56293
1787810544517,8f2e4d7d-498d-7300-494d-d801cfe79269,/p/0/9e8b1a65958d05c1,2,200,79596,6.671,1099.708,72379
1787810544517,8f2e4d7d-498d-7300-494d-d801cfe79269,/p/0/9e8b1865958d025b,2,200,127832,3.268,1099.760,116236
1787810543004,e74dc3e9-9b81-1c67-b868-f59eb1ef8038,/p/0/5cd61092881a8250,5,200,155720,379.531,2758.519,56451
1787810522741,a1600f92-0f69-ec40-9031-91960e1644b6,/p/0/6ec10328dcaf8a1c,1,200,6144152,58.119,23083.384,266172
1787810544624,6ecd8cf8-f9e4-22fd-ee79-91329d872865,/p/0/a2fc5b919de9c7e0,9,200,142287,171.806,1206.636,117920
1787810544131,28cc50e5-3465-4b99-2b80-02383cb906cd,/p/5/f574d45ef859f185,5,200,180765,52.929,1822.052,99210
1787810544793,63135859-d311-aab9-b4d2-e0ee12621def,/p/0/d96e9b90b36bfad8,4,200,101058,231.873,1173.617,86108
1787810503005,a3113622-153a-4853-9f4b-e682800ffcd5,/p/0/b1bda50d2710d4ce,1,200,4172498,33.985,43031.336,96964
1787810513506,a3113622-153a-4853-9f4b-e682800ffcd5,/p/10/7194628b749e211a,5,200,3493156,235.134,32556.042,107297
1787810544376,1e6d9d81-8b6c-6e3a-7184-79ceb2af2878,/p/0/cb8f73bfa5aec588,1,200,132841,284.570,1703.921,77962
1787810542081,b65c0c64-3b12-5a25-dd6f-f7450caa3086,/p/0/c5d12b7b74a66da1,9,200,187446,329.198,3998.921,46874
1787810544131,28cc50e5-3465-4b99-2b80-02383cb906cd,/p/0/f574d25ef859ee1f,5,200,170668,350.491,1953.629,87359
1787810504665,0c39296c-9d09-a3b9-cfb4-8e11142eafe6,/p/2/3138d2137acc6453,12,200,2859990,225.110,41478.956,68950
1787810544793,63135859-d311-aab9-b4d2-e0ee12621def,/p/0/d96e9c90b36bfc8b,4,200,243451,256.800,1354.527,179731
1787810539686,63135859-d311-aab9-b4d2-e0ee12621def,/p/0/da4e445330fb39d,3,200,476421,304.588,6463.833,73706
1787810544793,63135859-d311-aab9-b4d2-e0ee12621def,/p/0/d96e9e90b36bfff1,4,200,514599,327.147,1369.666,375711
1787810544863,0cac6aae-1489-56e0-7461-86608a6b60d9,/p/0/dc389f663da36d0a,2,200,297905,42.308,1385.486,215018
1787810543900,6ecd8cf8-f9e4-22fd-ee79-91329d872865,/p/0/246ed7e522bbc459,8,200,476453,21.676,2455.809,194011
1787810543900,6ecd8cf8-f9e4-22fd-ee79-91329d872865,/p/0/246ed4e522bbbf40,8,200,422238,142.012,2485.893,169854
1787810544863,0cac6aae-1489-56e0-7461-86608a6b60d9,/p/1/dc389d663da369a4,2,200,332303,26.953,1608.580,206582
1787810446574,b65c0c64-3b12-5a25-dd6f-f7450caa3086,/p/0/8e9c312d5c976062,2,0,5044543,397.602,99909.313,50491
1787810456344,b65c0c64-3b12-5a25-dd6f-f7450caa3086,/p/0/57c09c2dd7e3bfd0,4,0,4874695,253.100,90139.056,54080
1787810483016,b65c0c64-3b12-5a25-dd6f-f7450caa3086,/p/0/26e84fc6c3f2bdb4,7,0,2995111,5070.503,63467.345,47191
1787810456344,b65c0c64-3b12-5a25-dd6f-f7450caa3086,/p/0/57c09f2dd7e3c4e9,4,0,4377035,253.180,90139.126,48559
1787810546080,b65c0c64-3b12-5a25-dd6f-f7450caa3086,/p/0/c5d1287b74a66888,9,0,0,402.780,0.000,0
1787810546483,b65c0c64-3b12-5a25-dd6f-f7450caa3086,/p/3/b6d4a7beec4c2066,10,0,0,0.019,0.000,0
1787810503756,b65c0c64-3b12-5a25-dd6f-f7450caa3086,/p/0/1c19fefdb3c0f1ce,8,0,2307411,328.997,42727.688,54003
1787810503203,a3113622-153a-4853-9f4b-e682800ffcd5,/p/0/4b133ab75494c4be,2,200,4526351,231.238,43404.290,104283
1787810514529,a3113622-153a-4853-9f4b-e682800ffcd5,/p/0/7194638b749e22cd,5,200,3883307,220.945,32181.864,120668
1787810541412,8932535e-9b64-cb37-fd14-1d68673e7fd8,/p/10/b9173a9657e1afcc,3,200,445467,311.610,5360.249,83106
1787810513517,553b9ccc-860b-52b9-85ef-0d28103041fa,/p/0/f1980468211e12a9,4,200,2508386,329.785,33432.188,75029
1787810543093,fe9f5242-1dee-d8c5-2769-78aba5955fb8,/p/0/5aaaeb4bbd7a4e43,6,200,193688,317.985,3889.228,49801
1787810519704,9fdb75b2-e53e-03fe-6b2c-ae349e1d4f9c,/p/0/4527f76abbabc5c8,1,200,2498388,65.786,27355.159,91332
1787810544376,1e6d9d81-8b6c-6e3a-7184-79ceb2af2878,/p/9/cb8f74bfa5aec73b,1,200,521668,166.506,2710.681,192449
1787810504872,8c4b883f-7af1-ae8c-c101-a1f478818567,/p/3/42a809d9f423509a,4,200,3404077,239.625,42286.358,80501
1787810526958,e51c2ccc-530c-0524-fc27-87f81183ca9e,/p/0/2ebb133e87f332a4,2,200,6031369,75.911,20201.661,298558
1787810539756,0749ca82-1e65-8f0a-ba8a-b79b9d25deac,/p/10/f34079b5d4d45f26,7,200,3731450,36.408,7434.798,501890
1787810537473,63feb0eb-2564-8058-5024-1e4cb93e9190,/p/0/3a897a700c0bc121,3,200,492383,485.082,9922.117,49625
1787810546062,a3113622-153a-4853-9f4b-e682800ffcd5,/p/0/cd4b88c940929552,6,200,506226,649.667,1403.700,360637
1787810547191,0749ca82-1e65-8f0a-ba8a-b79b9d25deac,/p/0/75afed1023a02c96,8,200,58457,116.289,422.729,138285
1787810527893,de489acb-a1f2-3b88-37a4-73b1b11cf59c,/p/1/c2556bdfc5a92594,4,200,5703758,318.022,19758.187,288678
1787810541276,440d284a-4e1e-ee1c-2872-92f3eb9b00c6,/p/0/cbab260219f404d4,12,200,6068038,107.403,6541.274,927654
1787810536172,7c1e49a5-1a38-8625-e86a-7a995365ad59,/p/0/4a5d9f9630390ffb,2,200,4474048,217.880,11725.210,381575
1787810543004,e74dc3e9-9b81-1c67-b868-f59eb1ef8038,/p/0/5cd61392881a8769,5,200,353551,379.491,4896.701,72202
1787810547159,8c4b883f-7af1-ae8c-c101-a1f478818567,/p/2/b338f5f77e959fd5,5,200,253796,69.119,934.949,271454
1787810547087,1e6d9d81-8b6c-6e3a-7184-79ceb2af2878,/p/0/9be2cc8def5a74a,2,200,83854,51.019,1074.713,78025
1787810476299,c73dac6e-70cd-a441-9567-fe760f466832,/p/5/a74eeab02ec1db81,2,200,6200188,481.419,71991.179,86124
1787810547159,8c4b883f-7af1-ae8c-c101-a1f478818567,/p/0/b338f4f77e959e22,5,200,347254,58.160,1190.395,291713
1787810531418,e51c2ccc-530c-0524-fc27-87f81183ca9e,/p/0/bf80c396ae1520c6,6,200,6059432,70.988,16953.223,357421
1787810546144,0c39296c-9d09-a3b9-cfb4-8e11142eafe6,/p/0/34baeaaf1ae7422f,13,200,180705,289.301,2321.902,77826
1787810530584,a350c9e6-f13c-9da5-e0ca-0ad0e8044e1a,/p/2/ea7bc9ebbea7f8dc,1,200,5225756,432.921,17914.930,291698
1787810547651,de489acb-a1f2-3b88-37a4-73b1b11cf59c,/p/0/b7c4b1cd6681d863,5,200,129530,63.888,1032.714,125427
1787810519703,9fdb75b2-e53e-03fe-6b2c-ae349e1d4f9c,/p/0/4527fa6abbabcae1,1,200,3062755,472.585,29078.065,105329
1787810540781,ed44bc0f-ef2d-a9ce-7a2d-62863ae567a0,/p/0/c7440a51a7663c4c,7,200,402134,293.806,8038.110,50028
1787810548094,8c4b883f-7af1-ae8c-c101-a1f478818567,/p/0/b338f3f77e959c6f,5,200,287132,62.251,748.997,383355
1787810545953,28cc50e5-3465-4b99-2b80-02383cb906cd,/p/0/ad41b008a09ac49f,6,200,139859,321.960,2949.652,47415
1787810546144,0c39296c-9d09-a3b9-cfb4-8e11142eafe6,/p/0/34baebaf1ae743e2,13,200,258617,266.809,2783.773,92902
1787810492142,8c4b883f-7af1-ae8c-c101-a1f478818567,/p/0/26e2311f04a801b,1,200,4860816,216.752,56826.495,85538
1787810548969,8c4b883f-7af1-ae8c-c101-a1f478818567,/p/0/6373ec431cb48943,6,200,61194,34.413,138.118,443056
1787810524542,e07ca8dd-a6fc-0448-1afb-13a11a268b28,/p/0/9595ace405e5748f,1,200,4686088,31.153,24567.940,190740
1787810505489,8c4b883f-7af1-ae8c-c101-a1f478818567,/p/0/42a80ad9f423524d,4,200,4204884,303.685,43641.858,96350
1787810548843,8c4b883f-7af1-ae8c-c101-a1f478818567,/p/0/6373ed431cb48af6,6,200,203899,33.220,395.574,515451
1787810546144,0c39296c-9d09-a3b9-cfb4-8e11142eafe6,/p/1/34bae9af1ae7407c,13,200,299114,313.863,3100.400,96476
1787810548349,8c4b883f-7af1-ae8c-c101-a1f478818567,/p/1/6373ee431cb48ca9,6,200,432060,39.069,1027.132,420647
1787810549376,8c4b883f-7af1-ae8c-c101-a1f478818567,/p/0/7683a5b99d37ab66,7,200,40252,33.042,93.378,431065
1787810549376,8c4b883f-7af1-ae8c-c101-a1f478818567,/p/0/7683a4b99d37a9b3,7,200,55352,30.217,133.990,413106
1787810530483,f8d57306-52e3-084e-5070-0ace3c1af0f2,/?crawl=243,0,200,4939077,54.802,19044.433,259345
1787810548290,c73dac6e-70cd-a441-9567-fe760f466832,/p/0/8b903d4fbaed9602,3,200,110268,74.286,1259.415,87555
1787810547651,de489acb-a1f2-3b88-37a4-73b1b11cf59c,/p/0/b7c4b3cd6681dbc9,5,200,295235,128.317,1982.588,148914
1787810517123,fd5674f4-7e92-846e-8aca-195ffeced01e,/p/0/5566e4153165b479,1,200,4730625,31.093,32634.336,144959
1787810545953,28cc50e5-3465-4b99-2b80-02383cb906cd,/p/0/ad41b108a09ac652,6,200,220469,293.951,3832.207,57531
1787810548499,a350c9e6-f13c-9da5-e0ca-0ad0e8044e1a,/p/0/f902e310ae9cca2d,2,200,135016,2.818,1314.602,102705
1787810548499,a350c9e6-f13c-9da5-e0ca-0ad0e8044e1a,/p/1/f902e110ae9cc6c7,2,200,466413,5.310,1320.264,353272
1787810547651,de489acb-a1f2-3b88-37a4-73b1b11cf59c,/p/0/b7c4b2cd6681da16,5,200,322674,41.162,2221.468,145253
1787810549244,0c39296c-9d09-a3b9-cfb4-8e11142eafe6,/p/0/27589bd088b615e5,14,200,36897,344.864,648.828,56867
1787810544192,d23f0858-b1f7-bef1-1fdf-a9606a32322a,/p/0/867330992166489d,3,200,4505754,3.710,5701.033,790340
1787810549244,0c39296c-9d09-a3b9-cfb4-8e11142eafe6,/p/0/27589ad088b61432,14,200,67500,480.438,649.215,103972
1787810490253,0c39296c-9d09-a3b9-cfb4-8e11142eafe6,/p/0/82e91e90f329c000,11,200,6267880,661.262,59653.832,105071
1787810547086,1e6d9d81-8b6c-6e3a-7184-79ceb2af2878,/p/0/9be2bc8def5a597,2,200,389538,325.094,2874.615,135510
1787810544131,28cc50e5-3465-4b99-2b80-02383cb906cd,/p/0/f574d35ef859efd2,5,200,443529,79.768,5867.790,75587
1787810549244,0c39296c-9d09-a3b9-cfb4-8e11142eafe6,/p/0/275899d088b6127f,14,200,391090,345.126,812.002,481637
1787810548290,c73dac6e-70cd-a441-9567-fe760f466832,/p/4/8b903e4fbaed97b5,3,200,96632,372.239,1905.443,50714
1787810547087,1e6d9d81-8b6c-6e3a-7184-79ceb2af2878,/p/8/9be2dc8def5a8fd,2,200,508328,50.972,3226.565,157545
1787810529086,8b6d1fd9-ed01-e254-8a8a-4186bf8c9e5b,/p/0/694d9b24dfcdeb78,3,200,2146769,192.037,21365.697,100477
1787810545953,28cc50e5-3465-4b99-2b80-02383cb906cd,/p/4/ad41af08a09ac2ec,6,200,374058,321.890,4498.803,83146
1787810495606,8c4b883f-7af1-ae8c-c101-a1f478818567,/p/0/881918401a8fbe6a,2,200,5767018,373.303,54908.205,105030
1787810549528,f8d57306-52e3-084e-5070-0ace3c1af0f2,/p/0/5711738e2a0d0116,1,200,96476,282.277,1079.849,89342
1787810549527,f8d57306-52e3-084e-5070-0ace3c1af0f2,/p/6/5711748e2a0d02c9,1,200,135298,52.542,1131.981,119523
1787810546062,a3113622-153a-4853-9f4b-e682800ffcd5,/p/9/cd4b89c940929705,6,200,2204876,649.831,4722.242,466913
1787810544192,d23f0858-b1f7-bef1-1fdf-a9606a32322a,/p/3/86732e9921664537,3,200,5308297,3.583,6668.901,795978
1787810541011,553b9ccc-860b-52b9-85ef-0d28103041fa,/p/4/8069f8623f231f9f,8,200,404295,388.309,9899.974,40838
1787810550784,a3113622-153a-4853-9f4b-e682800ffcd5,/p/0/a8c28b3a3566125e,7,200,4807,179.410,230.666,20840
1787810550861,d23f0858-b1f7-bef1-1fdf-a9606a32322a,/p/2/7c562e1697c3a8b7,4,200,115429,98.558,454.134,254174
1787810492142,8c4b883f-7af1-ae8c-c101-a1f478818567,/p/0/26e2411f04a81ce,1,200,6233508,258.572,59290.619,105135
1787810546772,8932535e-9b64-cb37-fd14-1d68673e7fd8,/p/9/609852f4d5e6df65,4,200,311722,242.222,4708.272,66207
1787810529982,8e551002-bf5c-1717-e281-4fa00d9030bd,/p/0/1b4077a825955292,5,200,5581125,303.913,21547.827,259011
1787810549820,a350c9e6-f13c-9da5-e0ca-0ad0e8044e1a,/p/0/c69343646417fbe8,3,200,451675,711.226,1828.936,246961
1787810550784,a3113622-153a-4853-9f4b-e682800ffcd5,/p/0/a8c28a3a356610ab,7,200,171205,163.601,1182.976,144724
1787810550196,c73dac6e-70cd-a441-9567-fe760f466832,/p/0/b7fb0386a72cad28,4,200,85171,440.733,1850.463,46027
1787810549528,f8d57306-52e3-084e-5070-0ace3c1af0f2,/p/0/5711728e2a0cff63,1,200,233817,256.825,2522.519,92692
1787810548290,c73dac6e-70cd-a441-9567-fe760f466832,/p/0/8b903c4fbaed944f,3,200,332896,225.111,3829.914,86920
1787810550313,1e6d9d81-8b6c-6e3a-7184-79ceb2af2878,/p/0/1fa91079fa865650,3,200,276990,45.047,1924.496,143929
1787810550911,553b9ccc-860b-52b9-85ef-0d28103041fa,/p/0/73e59f4b02ec90,9,200,51402,325.462,1413.551,36364
1787810538344,63135859-d311-aab9-b4d2-e0ee12621def,/p/0/d3b2e0ad45871895,2,200,4000794,144.217,13993.583,285902
1787810545570,ed44bc0f-ef2d-a9ce-7a2d-62863ae567a0,/p/0/3777557a2e6eba9a,8,200,418524,293.997,7147.529,58555
1787810535030,8b6d1fd9-ed01-e254-8a8a-4186bf8c9e5b,/p/0/a0dc88360ace32a1,4,200,2338499,468.130,17793.711,131423
1787810516875,82415893-2ab4-7ff9-5c23-674ddf0978c6,/p/0/e5ad9b723a168c13,2,200,5854836,2.775,36093.014,162215
1787810550784,a3113622-153a-4853-9f4b-e682800ffcd5,/p/8/a8c2893a35660ef8,7,200,353765,179.444,2282.218,155009
1787810541011,553b9ccc-860b-52b9-85ef-0d28103041fa,/p/0/8069f7623f231dec,8,200,481574,419.674,12218.511,39413
1787810534292,9fdb75b2-e53e-03fe-6b2c-ae349e1d4f9c,/p/21/3aeec30b38d434d4,3,200,3475519,482.728,18943.518,183467
1787810544624,6ecd8cf8-f9e4-22fd-ee79-91329d872865,/p/0/a2fc5e919de9ccf9,9,200,2805962,202.803,8764.653,320145
1787810550195,c73dac6e-70cd-a441-9567-fe760f466832,/p/0/b7fb0686a72cb241,4,200,191564,440.826,3372.652,56799
1787810503800,721d2a18-d5d4-9573-5d6a-dfab11b899dc,/p/0/87e8ea84d26f0855,4,200,4951281,400.253,49897.094,99230
1787810532634,8992b43b-4174-a0c1-16dc-9bd47c511dd8,/p/7/d02c166f42b084dd,1,200,4083343,414.091,21199.339,192617
1787810546062,a3113622-153a-4853-9f4b-e682800ffcd5,/p/0/cd4b87c94092939f,6,200,3719380,649.434,7895.271,471090
1787810530090,e07ca8dd-a6fc-0448-1afb-13a11a268b28,/p/11/1058d11ba59c2b,3,200,5920408,271.658,24171.301,244935
1787810546772,8932535e-9b64-cb37-fd14-1d68673e7fd8,/p/0/609851f4d5e6ddb2,4,200,451363,219.996,7669.665,58850
1787810464578,e433120d-9660-b149-3ae2-ab6d26b5c37e,/p/0/a14a5f16b213dcb0,2,0,2007879,1775.148,89905.352,22333
1787810443729,e433120d-9660-b149-3ae2-ab6d26b5c37e,/p/0/9db75aec170e86c4,1,0,2738207,1318.061,110753.699,24723
1787810550196,c73dac6e-70cd-a441-9567-fe760f466832,/p/3/b7fb0486a72caedb,4,200,375660,478.187,4374.159,85882
1787810516875,82415893-2ab4-7ff9-5c23-674ddf0978c6,/p/3/e5ad9d723a168f79,2,200,5361858,3.904,37921.622,141393
1787810553066,a3113622-153a-4853-9f4b-e682800ffcd5,/p/0/f110b6d7273a61ae,8,200,230524,165.610,1803.402,127827
1787810550659,f8d57306-52e3-084e-5070-0ace3c1af0f2,/p/0/f1d928b93ebb83ae,2,200,296206,255.205,4215.468,70266
1787810553066,a3113622-153a-4853-9f4b-e682800ffcd5,/p/7/f110b7d7273a6361,8,200,239509,182.225,1890.202,126711
1787810550861,d23f0858-b1f7-bef1-1fdf-a9606a32322a,/p/0/7c56301697c3ac1d,4,200,503817,54.979,4129.733,121997
1787810551480,8932535e-9b64-cb37-fd14-1d68673e7fd8,/p/8/9df9f2ac1cc82297,5,200,201388,236.057,3586.482,56152
1787810550452,28cc50e5-3465-4b99-2b80-02383cb906cd,/p/0/9f51227ad89d8397,7,200,383373,52.607,4628.734,82825
1787810550313,1e6d9d81-8b6c-6e3a-7184-79ceb2af2878,/p/7/1fa91179fa865803,3,200,484755,237.395,4821.243,100546
1787810550861,d23f0858-b1f7-bef1-1fdf-a9606a32322a,/p/0/7c562d1697c3a704,4,200,497936,21.807,4403.266,113083
1787810550659,f8d57306-52e3-084e-5070-0ace3c1af0f2,/p/0/f1d927b93ebb81fb,2,200,315208,281.163,4621.758,68201
1787810551316,d23f0858-b1f7-bef1-1fdf-a9606a32322a,/p/1/588adaaa69733c82,5,200,459730,110.213,4003.775,114824
1787810554957,a3113622-153a-4853-9f4b-e682800ffcd5,/p/6/3e4a7fdc29e00483,9,200,26432,162.774,415.993,63539
1787810555319,d23f0858-b1f7-bef1-1fdf-a9606a32322a,/p/0/722dfcba316b7dd1,6,200,7824,119.602,195.842,39950
1787810555319,d23f0858-b1f7-bef1-1fdf-a9606a32322a,/p/0/722df9ba316b78b8,6,200,22597,119.721,283.884,79600
1787810551316,d23f0858-b1f7-bef1-1fdf-a9606a32322a,/p/0/588ad8aa6973391c,5,200,466533,110.279,4590.653,101627
1787810553066,a3113622-153a-4853-9f4b-e682800ffcd5,/p/0/f110b5d7273a5ffb,8,200,344023,182.274,2866.245,120026
1787810554797,82415893-2ab4-7ff9-5c23-674ddf0978c6,/p/0/5e5343dbdbbe21d8,3,200,80703,68.673,1312.603,61483
1787810553236,9fdb75b2-e53e-03fe-6b2c-ae349e1d4f9c,/p/0/e1d12717c194925d,4,200,269972,56.319,3107.050,86890
1787810544624,6ecd8cf8-f9e4-22fd-ee79-91329d872865,/p/1/a2fc5c919de9c993,9,200,5330498,193.380,12149.579,438739
1787810554262,e07ca8dd-a6fc-0448-1afb-13a11a268b28,/p/0/87cb6d260ffd0118,4,200,452562,68.061,2742.927,164992
1787810554570,c73dac6e-70cd-a441-9567-fe760f466832,/p/0/6081163806b4bba1,5,200,113102,332.870,2517.650,44924
1787810553236,9fdb75b2-e53e-03fe-6b2c-ae349e1d4f9c,/p/20/e1d12617c19490aa,4,200,376755,257.563,3988.813,94453
1787810514180,1ff3bcd1-0da7-cd02-1374-522545639cba,/p/9/fb04ba0f47615294,3,200,4066678,483.677,43074.985,94409
1787810553833,8992b43b-4174-a0c1-16dc-9bd47c511dd8,/p/0/e87f2c368016f46,2,200,143997,67.352,3626.689,39705
1787810556774,6ecd8cf8-f9e4-22fd-ee79-91329d872865,/p/0/7eda733bb07127ec,10,200,202188,100.639,955.213,211668
1787810555134,1e6d9d81-8b6c-6e3a-7184-79ceb2af2878,/p/0/a0fa08824ccf816,4,200,188655,231.934,2618.916,72036
1787810556774,6ecd8cf8-f9e4-22fd-ee79-91329d872865,/p/0/7eda743bb071299f,10,200,369292,20.381,1148.802,321458
1787810557255,1ff3bcd1-0da7-cd02-1374-522545639cba,/p/0/4984619cfb474415,4,200,8626,408.770,706.700,12206
1787810555373,a3113622-153a-4853-9f4b-e682800ffcd5,/p/0/138ad265f4f3365c,10,200,221201,206.583,2613.467,84639
1787810556774,6ecd8cf8-f9e4-22fd-ee79-91329d872865,/p/0/7eda763bb0712d05,10,200,396642,50.919,1294.708,306356
1787810548819,ed44bc0f-ef2d-a9ce-7a2d-62863ae567a0,/p/0/3777547a2e6eb8e7,8,200,423788,290.631,9252.063,45805
1787810554797,82415893-2ab4-7ff9-5c23-674ddf0978c6,/p/0/5e5346dbdbbe26f1,3,200,341658,165.748,3512.897,97258
1787810494377,9e0fba65-906f-29ac-85bf-db388693d2aa,/p/0/b695236034efe0ee,3,200,6267284,1.311,63962.220,97984
1787810555134,1e6d9d81-8b6c-6e3a-7184-79ceb2af2878,/p/0/a0f9f8824ccf663,4,200,248292,231.871,3228.193,76914
1787810557224,9fdb75b2-e53e-03fe-6b2c-ae349e1d4f9c,/p/0/5a652264195dac85,5,200,90687,285.604,1198.581,75662
1787810555373,a3113622-153a-4853-9f4b-e682800ffcd5,/p/5/138ad365f4f3380f,10,200,303077,240.290,3130.302,96820
1787810554570,c73dac6e-70cd-a441-9567-fe760f466832,/p/0/6081133806b4b688,5,200,270773,110.485,4150.675,65236
1787810551480,8932535e-9b64-cb37-fd14-1d68673e7fd8,/p/0/9df9f1ac1cc820e4,5,200,454758,257.990,7349.624,61875
1787810554570,c73dac6e-70cd-a441-9567-fe760f466832,/p/2/6081153806b4b9ee,5,200,303731,147.026,4299.814,70638
1787810526139,71d51f65-0f4a-4aae-f6b2-ad04f139a00e,/p/1/4413010b5e8dbc42,2,200,4050080,1630.431,32772.210,123583
1787810553833,8992b43b-4174-a0c1-16dc-9bd47c511dd8,/p/6/e87f0c368016be0,2,200,333366,67.379,5182.956,64320
1787810555373,a3113622-153a-4853-9f4b-e682800ffcd5,/p/0/138ad565f4f33b75,10,200,256641,187.876,3647.874,70354
1787810555067,8932535e-9b64-cb37-fd14-1d68673e7fd8,/p/7/d3d2ca289a7e3244,6,200,213493,397.428,3956.949,53954
1787810535889,c5aa0efa-81cb-c472-cc06-ea5a979bd993,/p/0/151a505ee1071b28,3,200,3975019,261.870,23304.774,170567
1787810557255,1ff3bcd1-0da7-cd02-1374-522545639cba,/p/0/49845e9cfb473efc,4,200,98815,373.308,2109.566,46841
1787810558339,9e0fba65-906f-29ac-85bf-db388693d2aa,/p/0/146dacb5063cecf4,10,200,181184,356.643,1247.719,145212
1787810558912,71d51f65-0f4a-4aae-f6b2-ad04f139a00e,/p/0/27ac29500922584f,3,200,62603,259.585,1118.992,55946
1787810550911,553b9ccc-860b-52b9-85ef-0d28103041fa,/p/0/73e89f4b02f1a9,9,200,503441,357.227,9121.007,55196
1787810555134,1e6d9d81-8b6c-6e3a-7184-79ceb2af2878,/p/6/a0f9e8824ccf4b0,4,200,488325,255.166,4909.071,99474
1787810554956,a3113622-153a-4853-9f4b-e682800ffcd5,/p/0/3e4a81dc29e007e9,9,200,452857,179.715,5183.653,87363
1787810558503,a3113622-153a-4853-9f4b-e682800ffcd5,/p/4/981f4d1557c3fc1d,11,200,143641,215.265,1739.029,82598
1787810503278,9e0fba65-906f-29ac-85bf-db388693d2aa,/p/0/105a0e194b8be720,6,200,4445536,287.984,57022.592,77961
1787810526521,9e0fba65-906f-29ac-85bf-db388693d2aa,/p/0/815116e1e284265f,9,200,3304364,281.547,34166.864,96713
1787810558503,a3113622-153a-4853-9f4b-e682800ffcd5,/p/0/981f4c1557c3fa6a,11,200,236228,164.307,2589.434,91228
1787810560242,a3113622-153a-4853-9f4b-e682800ffcd5,/p/3/6ade54ce24208eff,12,200,47514,199.166,935.366,50797
1787810559016,8992b43b-4174-a0c1-16dc-9bd47c511dd8,/p/5/b53f4da76904c43d,3,200,82517,437.440,2259.473,36520
1787810505734,9e0fba65-906f-29ac-85bf-db388693d2aa,/p/0/2a7013edc34050ca,7,200,5311660,238.158,55635.435,95473
1787810558912,71d51f65-0f4a-4aae-f6b2-ad04f139a00e,/p/0/27ac28500922569c,3,200,175864,311.158,2534.338,69392
1787810559024,8932535e-9b64-cb37-fd14-1d68673e7fd8,/p/6/ba66693c0670136e,7,200,128656,322.993,2664.243,48290
1787810532664,fe9f5242-1dee-d8c5-2769-78aba5955fb8,/p/0/8c43a30c9be0dcb0,3,200,2242604,42.130,29041.467,77221
1787810560242,a3113622-153a-4853-9f4b-e682800ffcd5,/p/0/6ade53ce24208d4c,12,200,120669,166.423,1594.089,75698
1787810514180,1ff3bcd1-0da7-cd02-1374-522545639cba,/p/0/fb04bb0f47615447,3,200,4478939,447.559,47665.566,93966
1787810516651,9e0fba65-906f-29ac-85bf-db388693d2aa,/p/0/b01b0f3011a6c1a7,8,200,6153194,337.014,45354.011,135670
1787810561688,8932535e-9b64-cb37-fd14-1d68673e7fd8,/p/0/ba666a3c06701521,7,200,14218,217.136,346.035,41088
1787810549376,8c4b883f-7af1-ae8c-c101-a1f478818567,/p/0/7683a6b99d37ad19,7,200,4620990,33.108,12688.731,364181
1787810535889,c5aa0efa-81cb-c472-cc06-ea5a979bd993,/p/0/151a535ee1072041,3,200,5653798,224.257,26202.715,215771
1787810557255,1ff3bcd1-0da7-cd02-1374-522545639cba,/p/8/49845f9cfb4740af,4,200,380944,373.303,4847.661,78583
1787810541141,9e0fba65-906f-29ac-85bf-db388693d2aa,/p/0/146dafb5063cf20d,10,200,5939347,328.532,21247.281,279534
1787810561836,a3113622-153a-4853-9f4b-e682800ffcd5,/p/0/217c704930314e9e,13,200,86614,201.827,1347.744,64266
1787810558912,71d51f65-0f4a-4aae-f6b2-ad04f139a00e,/p/0/27ac2a5009225a02,3,200,462688,285.220,4285.441,107967
1787810547191,0749ca82-1e65-8f0a-ba8a-b79b9d25deac,/p/9/75afee1023a02e49,8,200,4389257,24.978,16042.890,273595
1787810562102,1ff3bcd1-0da7-cd02-1374-522545639cba,/p/0/d01ad1159e8af00f,5,200,368455,403.256,1132.194,325434
1787810562102,1ff3bcd1-0da7-cd02-1374-522545639cba,/p/7/d01ad3159e8af375,5,200,341755,367.892,1134.278,301297
1787810561276,8992b43b-4174-a0c1-16dc-9bd47c511dd8,/p/0/491130be41db6f31,4,200,63888,471.744,2228.867,28664
1787810560044,1e6d9d81-8b6c-6e3a-7184-79ceb2af2878,/p/0/f11a22d8e83ceb06,5,200,291821,250.887,3601.989,81017
1787810543004,e74dc3e9-9b81-1c67-b868-f59eb1ef8038,/p/2/5cd61192881a8403,5,200,3484836,76.201,20716.225,168218
1787810560044,1e6d9d81-8b6c-6e3a-7184-79ceb2af2878,/p/5/f11a20d8e83ce7a0,5,200,228986,250.735,3860.355,59317
1787810562102,1ff3bcd1-0da7-cd02-1374-522545639cba,/p/0/d01ad2159e8af1c2,5,200,2712882,76.672,1853.970,1463282
1787810563234,0749ca82-1e65-8f0a-ba8a-b79b9d25deac,/p/0/4c97884697d7bd25,9,200,96845,137.649,808.854,119731
1787810563234,0749ca82-1e65-8f0a-ba8a-b79b9d25deac,/p/0/4c97854697d7b80c,9,200,122991,162.217,834.806,147329
1787810550659,f8d57306-52e3-084e-5070-0ace3c1af0f2,/p/5/f1d926b93ebb8048,2,200,2853520,255.155,13425.913,212538
1787810563237,1ff3bcd1-0da7-cd02-1374-522545639cba,/p/6/edc56301409bd597,6,200,363139,714.828,891.856,407172
1787810551316,d23f0858-b1f7-bef1-1fdf-a9606a32322a,/p/0/588adbaa69733e35,5,200,3397032,110.115,12843.073,264503
1787810563237,1ff3bcd1-0da7-cd02-1374-522545639cba,/p/0/edc56201409bd3e4,6,200,498482,715.016,936.974,532012
1787810564129,1ff3bcd1-0da7-cd02-1374-522545639cba,/p/0/3c32073e1f698422,7,200,9425,31.685,50.870,185275
1787810563720,e74dc3e9-9b81-1c67-b868-f59eb1ef8038,/p/0/1bbcef095248e317,6,200,41703,77.607,493.285,84541
1787810557224,9fdb75b2-e53e-03fe-6b2c-ae349e1d4f9c,/p/19/5a652164195daad2,5,200,454050,400.050,7056.975,64341
1787810558870,c73dac6e-70cd-a441-9567-fe760f466832,/p/1/fa254b5fab020766,6,200,333068,408.801,5420.598,61445
1787810558870,c73dac6e-70cd-a441-9567-fe760f466832,/p/0/fa254c5fab020919,6,200,374145,74.145,5531.491,67639
1787810532334,63feb0eb-2564-8058-5024-1e4cb93e9190,/p/0/96f1edabefca8769,2,200,3144871,80.033,32114.359,97927
1787810564129,1ff3bcd1-0da7-cd02-1374-522545639cba,/p/5/3c32053e1f6980bc,7,200,448784,28.822,449.922,997470
1787810542433,419ec04a-3ac5-43e5-eb84-bca38d6ad0bc,/p/0/5e92a70daea8853a,3,200,3957704,40.406,22188.098,178371
1787810564579,1ff3bcd1-0da7-cd02-1374-522545639cba,/p/4/e9bbe61a619e1db,8,200,61925,30.232,129.457,478345
1787810563720,e74dc3e9-9b81-1c67-b868-f59eb1ef8038,/p/1/1bbcf1095248e67d,6,200,81268,156.031,1096.491,74116
1787810564708,1ff3bcd1-0da7-cd02-1374-522545639cba,/p/0/c27b314d849b826b,9,200,99972,32.175,175.448,569809
1787810542433,419ec04a-3ac5-43e5-eb84-bca38d6ad0bc,/p/0/5e92a80daea886ed,3,200,3724138,222.248,22515.024,165407
1787810564883,1ff3bcd1-0da7-cd02-1374-522545639cba,/p/0/c27b324d849b841e,9,200,33123,35.862,110.080,300900
1787810564579,1ff3bcd1-0da7-cd02-1374-522545639cba,/p/0/e9bc061a619e541,8,200,228492,32.608,473.381,482681
1787810564579,1ff3bcd1-0da7-cd02-1374-522545639cba,/p/0/e9bbd61a619e028,8,200,241204,27.117,492.853,489404
1787810537473,63feb0eb-2564-8058-5024-1e4cb93e9190,/p/0/3a8977700c0bbc08,3,200,5105484,566.674,27632.486,184764
1787810546472,0cac6aae-1489-56e0-7461-86608a6b60d9,/p/0/89b83d518594df61,3,200,2975408,205.734,19073.066,156001
1787810561177,a3113622-153a-4853-9f4b-e682800ffcd5,/p/0/217c6f4930314ceb,13,200,283951,201.515,4479.476,63389
1787810558503,a3113622-153a-4853-9f4b-e682800ffcd5,/p/0/981f4b1557c3f8b7,11,200,496397,180.942,7287.454,68117
1787810558870,c73dac6e-70cd-a441-9567-fe760f466832,/p/0/fa25495fab020400,6,200,483924,111.607,7014.577,68988
1787810526129,fd5674f4-7e92-846e-8aca-195ffeced01e,/p/0/1337033ad9c8498f,2,200,5213735,305.653,39875.333,130751
1787810542228,94ddeec8-4713-1ccc-0771-93b0a7c1f7b0,/p/0/81a22c65c4236847,5,200,4340829,226.521,23997.035,180890
1787810546472,0cac6aae-1489-56e0-7461-86608a6b60d9,/p/0/89b83c518594ddae,3,200,3291953,220.958,19906.570,165370
1787810547191,0749ca82-1e65-8f0a-ba8a-b79b9d25deac,/p/0/75afec1023a02ae3,8,200,5331700,39.613,19193.732,277783
1787810555319,d23f0858-b1f7-bef1-1fdf-a9606a32322a,/p/0/722dfbba316b7c1e,6,200,4380041,108.957,11090.934,394921
1787810564085,f8d57306-52e3-084e-5070-0ace3c1af0f2,/p/0/a4ec3dd8bc5e4677,3,200,209493,280.823,2383.475,87894
1787810563904,1e6d9d81-8b6c-6e3a-7184-79ceb2af2878,/p/4/659ddc9841a31c1d,6,200,122526,329.871,2669.871,45892
1787810564281,9fdb75b2-e53e-03fe-6b2c-ae349e1d4f9c,/p/0/7ce29e56b5eaf89,6,200,74225,313.360,2389.226,31067
1787810559017,8992b43b-4174-a0c1-16dc-9bd47c511dd8,/p/0/b53f4ca76904c28a,3,200,280926,470.417,7755.471,36223
1787810560044,1e6d9d81-8b6c-6e3a-7184-79ceb2af2878,/p/0/f11a21d8e83ce953,5,200,519015,226.173,6955.472,74620
1787810528444,fd5674f4-7e92-846e-8aca-195ffeced01e,/p/0/13d18e09d55696f1,3,200,5417654,172.831,38730.541,139881
1787810564085,f8d57306-52e3-084e-5070-0ace3c1af0f2,/p/4/a4ec3fd8bc5e49dd,3,200,364074,49.955,3103.614,117306
1787810561276,8992b43b-4174-a0c1-16dc-9bd47c511dd8,/p/0/49112dbe41db6a18,4,200,285118,403.642,5952.497,47899
1787810561276,8992b43b-4174-a0c1-16dc-9bd47c511dd8,/p/4/49112ebe41db6bcb,4,200,421804,370.125,5955.345,70828
1787810554262,e07ca8dd-a6fc-0448-1afb-13a11a268b28,/p/0/87cb70260ffd0631,4,200,4607627,34.740,12990.614,354689
1787810528444,fd5674f4-7e92-846e-8aca-195ffeced01e,/p/11/13d18d09d556953e,3,200,5144910,215.323,38818.896,132536
1787810542228,94ddeec8-4713-1ccc-0771-93b0a7c1f7b0,/p/0/81a22e65c4236bad,5,200,5897838,207.827,25043.672,235502
1787810541682,94ddeec8-4713-1ccc-0771-93b0a7c1f7b0,/p/0/10fb19ac80ffaeda,4,200,6273674,37.774,25590.444,245157
1787810526139,71d51f65-0f4a-4aae-f6b2-ad04f139a00e,/p/0/4412ff0b5e8db8dc,2,200,5354420,2022.045,41262.851,129764
1787810567263,fd5674f4-7e92-846e-8aca-195ffeced01e,/p/0/c7a1d41398bad6a8,4,200,101637,27.862,293.160,346695
1787810564708,1ff3bcd1-0da7-cd02-1374-522545639cba,/p/3/c27b304d849b80b8,9,200,2920670,29.174,3110.727,938903
1787810545570,ed44bc0f-ef2d-a9ce-7a2d-62863ae567a0,/p/5/3777567a2e6ebc4d,8,200,4578454,71.081,22269.536,205593
1787810564129,1ff3bcd1-0da7-cd02-1374-522545639cba,/p/0/3c32063e1f69826f,7,200,3459047,26.928,3769.644,917606
1787810567819,1ff3bcd1-0da7-cd02-1374-522545639cba,/p/2/2c0322e38e881c0e,10,200,41761,32.371,89.628,465936
1787810567908,1ff3bcd1-0da7-cd02-1374-522545639cba,/p/0/900ce0489d00f015,11,200,96159,19.795,125.629,765418
1787810553834,8992b43b-4174-a0c1-16dc-9bd47c511dd8,/p/0/e87f1c368016d93,2,200,2183530,133.968,14310.160,152586
1787810567909,1ff3bcd1-0da7-cd02-1374-522545639cba,/p/0/900cdd489d00eafc,11,200,354368,15.555,355.066,998034
1787810567909,1ff3bcd1-0da7-cd02-1374-522545639cba,/p/1/900cde489d00ecaf,11,200,446922,15.590,461.638,968121
1787810567231,8992b43b-4174-a0c1-16dc-9bd47c511dd8,/p/0/ceb409f1d912bd80,5,200,367256,726.829,1210.887,303295
1787810567263,fd5674f4-7e92-846e-8aca-195ffeced01e,/p/0/c7a1d71398badbc1,4,200,243338,145.787,1226.441,198410
1787810567231,8992b43b-4174-a0c1-16dc-9bd47c511dd8,/p/0/ceb40cf1d912c299,5,200,386048,691.505,1268.506,304333
1787810564085,f8d57306-52e3-084e-5070-0ace3c1af0f2,/p/0/a4ec3ed8bc5e482a,3,200,483226,49.886,4438.168,108880
1787810567231,8992b43b-4174-a0c1-16dc-9bd47c511dd8,/p/3/ceb40bf1d912c0e6,5,200,448310,761.845,1323.687,338683
1787810568370,1ff3bcd1-0da7-cd02-1374-522545639cba,/p/0/652f8c3dbab4b711,12,200,295511,17.000,304.133,971652
1787810568370,1ff3bcd1-0da7-cd02-1374-522545639cba,/p/0/652f893dbab4b1f8,12,200,393510,16.920,407.096,966626
1787810564290,c73dac6e-70cd-a441-9567-fe760f466832,/p/0/8cdfe539b70c408c,7,200,288107,407.053,4633.645,62177
1787810567839,ed44bc0f-ef2d-a9ce-7a2d-62863ae567a0,/p/0/944be9474861d874,9,200,367980,71.248,1784.108,206254
1787810563237,1ff3bcd1-0da7-cd02-1374-522545639cba,/p/0/edc56501409bd8fd,6,200,6139266,714.789,6468.608,949086
1787810559016,8992b43b-4174-a0c1-16dc-9bd47c511dd8,/p/0/b53f4ba76904c0d7,3,200,3205738,504.541,11252.214,284898
1787810554262,e07ca8dd-a6fc-0448-1afb-13a11a268b28,/p/10/87cb6e260ffd02cb,4,200,6084276,148.516,16369.516,371683
1787810564290,c73dac6e-70cd-a441-9567-fe760f466832,/p/0/8cdfe839b70c45a5,7,200,352365,370.202,6529.550,53965
1787810526046,553b9ccc-860b-52b9-85ef-0d28103041fa,/p/0/998344e0f4fb7911,6,200,2097812,5154.580,44818.514,46807
1787810539272,8cb74705-6b91-38bf-1a7e-0901efe0c132,/p/3/ad42107b0f0a7808,2,200,4268210,611.506,31826.358,134109
1787810546471,0cac6aae-1489-56e0-7461-86608a6b60d9,/p/0/89b83a518594da48,3,200,6177018,29.945,24672.918,250356
1787810568555,8992b43b-4174-a0c1-16dc-9bd47c511dd8,/p/2/a119720d97137cf1,6,200,2125832,36.711,2754.354,771808
1787810567819,1ff3bcd1-0da7-cd02-1374-522545639cba,/p/0/2c0323e38e881dc1,10,200,5226679,32.402,3545.463,1474188
1787810571310,8992b43b-4174-a0c1-16dc-9bd47c511dd8,/p/1/aa40932055782ce7,7,200,60590,16.036,63.305,957108
1787810571310,8992b43b-4174-a0c1-16dc-9bd47c511dd8,/p/0/aa40922055782b34,7,200,72035,16.006,106.278,677795
1787810571373,8992b43b-4174-a0c1-16dc-9bd47c511dd8,/p/0/ef03219c4b985cb8,8,200,146319,15.554,172.122,850090
1787810548499,a350c9e6-f13c-9da5-e0ca-0ad0e8044e1a,/p/0/f902e010ae9cc514,2,200,5153480,4.458,23050.686,223572
1787810563720,e74dc3e9-9b81-1c67-b868-f59eb1ef8038,/p/0/1bbcf0095248e4ca,6,200,470613,230.149,7893.963,59617
1787810571416,8992b43b-4174-a0c1-16dc-9bd47c511dd8,/p/0/ef03239c4b98601e,8,200,267160,16.715,261.782,1020546
1787810567819,1ff3bcd1-0da7-cd02-1374-522545639cba,/p/0/2c0320e38e8818a8,10,200,6204892,39.838,3903.964,1589382
1787810564281,9fdb75b2-e53e-03fe-6b2c-ae349e1d4f9c,/p/18/7ce28e56b5eadd6,6,200,444330,370.384,7487.452,59343
1787810571373,8992b43b-4174-a0c1-16dc-9bd47c511dd8,/p/0/ef03229c4b985e6b,8,200,398550,18.705,439.998,905799
1787810568370,1ff3bcd1-0da7-cd02-1374-522545639cba,/p/0/652f8a3dbab4b3ab,12,200,6276774,21.441,3477.347,1805047
1787810566574,1e6d9d81-8b6c-6e3a-7184-79ceb2af2878,/p/0/f809e75d17a42272,7,200,261327,261.129,5362.552,48732
1787810564817,e74dc3e9-9b81-1c67-b868-f59eb1ef8038,/p/0/e2ca7d09566bf9d,7,200,370093,383.262,7178.221,51558
1787810568555,8992b43b-4174-a0c1-16dc-9bd47c511dd8,/p/0/a119700d9713798b,6,200,3560505,33.307,3658.047,973335
1787810564817,e74dc3e9-9b81-1c67-b868-f59eb1ef8038,/p/0/e2ca5d09566bc37,7,200,315533,383.326,7436.180,42432
1787810563904,1e6d9d81-8b6c-6e3a-7184-79ceb2af2878,/p/0/659dda9841a318b7,6,200,492021,329.920,8405.164,58538
1787810567263,fd5674f4-7e92-846e-8aca-195ffeced01e,/p/10/c7a1d51398bad85b,4,200,2749294,145.752,5154.515,533376
1787810572418,fd5674f4-7e92-846e-8aca-195ffeced01e,/p/0/1c1a22babf22038a,5,200,295713,4.482,327.357,903335
1787810567189,f8d57306-52e3-084e-5070-0ace3c1af0f2,/p/0/c40eac99a37fccd7,4,200,500504,307.896,5672.008,88241
1787810568555,8992b43b-4174-a0c1-16dc-9bd47c511dd8,/p/0/a119710d97137b3e,6,200,5905956,33.287,4512.531,1308790
1787810571309,8992b43b-4174-a0c1-16dc-9bd47c511dd8,/p/0/aa4095205578304d,7,200,3948760,17.254,1851.679,2132530
1787810572418,fd5674f4-7e92-846e-8aca-195ffeced01e,/p/9/1c1a20babf220024,5,200,395154,4.168,802.769,492238
1787810573221,fd5674f4-7e92-846e-8aca-195ffeced01e,/p/8/1dde5a95d4705a1d,6,200,239045,49.921,373.635,639782
1787810573221,fd5674f4-7e92-846e-8aca-195ffeced01e,/p/0/1dde5995d470586a,6,200,234963,50.974,376.623,623868
1787810535617,ed44bc0f-ef2d-a9ce-7a2d-62863ae567a0,/p/0/e310cf33a0963ccc,5,200,2814710,1000.284,38103.120,73871
1787810567839,ed44bc0f-ef2d-a9ce-7a2d-62863ae567a0,/p/4/944beb474861dbda,9,200,328248,356.315,6143.296,53432
1787810570631,e07ca8dd-a6fc-0448-1afb-13a11a268b28,/p/0/60dc0daba3afc759,5,200,490503,99.220,3361.169,145932
1787810571099,8cb74705-6b91-38bf-1a7e-0901efe0c132,/p/0/fddbfb8a7b865c7f,3,200,226301,290.353,2956.182,76552
1787810570631,e07ca8dd-a6fc-0448-1afb-13a11a268b28,/p/9/60dc0caba3afc5a6,5,200,474664,132.729,3428.108,138462
1787810573594,fd5674f4-7e92-846e-8aca-195ffeced01e,/p/0/d13911e5e13bed46,7,200,201620,333.687,665.920,302769
1787810573594,fd5674f4-7e92-846e-8aca-195ffeced01e,/p/0/d13910e5e13beb93,7,200,227818,332.336,666.775,341671
1787810539272,8cb74705-6b91-38bf-1a7e-0901efe0c132,/p/0/ad42127b0f0a7b6e,2,200,4417833,375.407,35123.095,125781
1787810571099,8cb74705-6b91-38bf-1a7e-0901efe0c132,/p/2/fddbfd8a7b865fe5,3,200,257342,264.692,3639.956,70699
1787810573983,ed44bc0f-ef2d-a9ce-7a2d-62863ae567a0,/p/0/6b9353a6ff604c31,10,200,170472,70.877,846.479,201389
1787810566574,1e6d9d81-8b6c-6e3a-7184-79ceb2af2878,/p/3/f809e85d17a42425,7,200,427860,285.537,8367.562,51133
1787810554797,82415893-2ab4-7ff9-5c23-674ddf0978c6,/p/2/5e5345dbdbbe253e,3,200,3849899,68.708,20284.243,189798
1787810574059,e07ca8dd-a6fc-0448-1afb-13a11a268b28,/p/8/1d1d90162e0a3e0f,6,200,113349,166.671,1178.818,96155
1787810571769,9fdb75b2-e53e-03fe-6b2c-ae349e1d4f9c,/p/0/edb3e1642d80e98b,7,200,132524,341.349,3577.090,37048
1787810563234,0749ca82-1e65-8f0a-ba8a-b79b9d25deac,/p/8/4c97874697d7bb72,9,200,6273195,137.653,12866.690,487553
1787810576101,0749ca82-1e65-8f0a-ba8a-b79b9d25deac,/p/0/73953117210ae6d2,10,200,130750,98.952,811.656,161090
1787810575081,82415893-2ab4-7ff9-5c23-674ddf0978c6,/p/0/ddd2c2799abf0e27,4,200,191024,65.003,1864.137,102473
1787810576101,0749ca82-1e65-8f0a-ba8a-b79b9d25deac,/p/0/73953017210ae51f,10,200,222138,25.506,874.272,254083
1787810575081,82415893-2ab4-7ff9-5c23-674ddf0978c6,/p/1/ddd2c1799abf0c74,4,200,136941,364.723,1997.128,68569
1787810576101,0749ca82-1e65-8f0a-ba8a-b79b9d25deac,/p/7/73953217210ae885,10,200,276284,161.135,1121.252,246407
1787810577222,0749ca82-1e65-8f0a-ba8a-b79b9d25deac,/p/0/f5838a5d3b12ef1f,11,200,63420,27.299,307.646,206146
1787810574059,e07ca8dd-a6fc-0448-1afb-13a11a268b28,/p/0/1d1d8f162e0a3c5c,6,200,275859,183.021,3515.160,78477
1787810574942,1e6d9d81-8b6c-6e3a-7184-79ceb2af2878,/p/2/10e2a8ea4c35f9eb,8,200,127423,236.993,2809.342,45357
1787810574739,8cb74705-6b91-38bf-1a7e-0901efe0c132,/p/1/80faa4c03fc80b42,4,200,198141,316.315,3166.019,62584
1787810577222,0749ca82-1e65-8f0a-ba8a-b79b9d25deac,/p/0/f5838b5d3b12f0d2,11,200,223309,27.206,784.792,284545
1787810577078,82415893-2ab4-7ff9-5c23-674ddf0978c6,/p/0/cc30b16328260402,5,200,68819,330.441,1487.036,46279
1787810574739,8cb74705-6b91-38bf-1a7e-0901efe0c132,/p/0/80faa5c03fc80cf5,4,200,272946,291.141,4114.185,66343
1787810560242,a3113622-153a-4853-9f4b-e682800ffcd5,/p/0/6ade56ce24209265,12,200,2302146,183.504,18660.581,123369
1787810574942,1e6d9d81-8b6c-6e3a-7184-79ceb2af2878,/p/0/10e2aaea4c35fd51,8,200,251149,284.234,4452.733,56403
1787810577078,82415893-2ab4-7ff9-5c23-674ddf0978c6,/p/0/cc30af632826009c,5,200,119869,398.418,2543.200,47133
1787810532664,fe9f5242-1dee-d8c5-2769-78aba5955fb8,/p/0/8c43a60c9be0e1c9,3,200,5240670,63.469,47011.898,111475
1787810549819,a350c9e6-f13c-9da5-e0ca-0ad0e8044e1a,/p/0/c693466464180101,3,200,3951838,711.416,29879.711,132258
1787810575238,e07ca8dd-a6fc-0448-1afb-13a11a268b28,/p/7/9498ec82ff1a1741,7,200,330007,180.507,4610.550,71576
1787810575081,82415893-2ab4-7ff9-5c23-674ddf0978c6,/p/0/ddd2c3799abf0fda,4,200,496544,400.003,4884.257,101662
1787810574942,1e6d9d81-8b6c-6e3a-7184-79ceb2af2878,/p/0/10e2a7ea4c35f838,8,200,283837,284.188,5304.265,53511
1787810575238,e07ca8dd-a6fc-0448-1afb-13a11a268b28,/p/0/9498ea82ff1a13db,7,200,427618,180.650,5010.205,85349
1787810577078,82415893-2ab4-7ff9-5c23-674ddf0978c6,/p/0/cc30b0632826024f,5,200,2163926,398.313,3265.367,662690
1787810571769,9fdb75b2-e53e-03fe-6b2c-ae349e1d4f9c,/p/17/edb3e0642d80e7d8,7,200,433340,370.211,8731.198,49631
1787810537198,fe9f5242-1dee-d8c5-2769-78aba5955fb8,/p/1/5aaaed4bbd7a51a9,6,200,5044253,576.694,43423.814,116163
1787810575238,e07ca8dd-a6fc-0448-1afb-13a11a268b28,/p/0/9498eb82ff1a158e,7,200,522674,180.601,5459.085,95744
1787810577905,8cb74705-6b91-38bf-1a7e-0901efe0c132,/p/0/a9ddb7d9be2f4e7d,5,200,137676,291.470,2948.632,46691
1787810571769,9fdb75b2-e53e-03fe-6b2c-ae349e1d4f9c,/p/0/edb3e2642d80eb3e,7,200,471761,341.333,9185.902,51357
1787810510250,aff4d4dc-1a12-25d9-4afe-e55be64bd77d,/p/0/8466aaeae9d85444,1,0,4084071,4.358,70716.593,57753
1787810564817,e74dc3e9-9b81-1c67-b868-f59eb1ef8038,/p/0/e2ca4d09566ba84,7,200,4466255,383.260,16354.376,273092
1787810580500,9fdb75b2-e53e-03fe-6b2c-ae349e1d4f9c,/p/16/9e6bc867a35ec6f0,8,200,18040,340.681,765.917,23553
1787810580622,fe9f5242-1dee-d8c5-2769-78aba5955fb8,/p/0/cf434ab1038cdc5f,7,200,66839,187.313,835.282,80020
1787810579849,e07ca8dd-a6fc-0448-1afb-13a11a268b28,/p/6/2866bb0206f66d93,8,200,145006,199.801,1894.475,76542
1787810580622,fe9f5242-1dee-d8c5-2769-78aba5955fb8,/p/0/cf4349b1038cdaac,7,200,213346,46.971,1739.718,122632
1787810577905,8cb74705-6b91-38bf-1a7e-0901efe0c132,/p/0/a9ddb4d9be2f4964,5,200,259581,468.194,4744.973,54707
1787810564290,c73dac6e-70cd-a441-9567-fe760f466832,/p/0/8cdfe639b70c423f,7,200,5902640,370.167,18584.080,317618
1787810573983,ed44bc0f-ef2d-a9ce-7a2d-62863ae567a0,/p/3/6b9352a6ff604a7e,10,200,417591,334.224,9250.830,45141
1787810577222,0749ca82-1e65-8f0a-ba8a-b79b9d25deac,/p/6/f5838c5d3b12f285,11,200,3203610,65.045,6082.193,526720
1787810583305,0749ca82-1e65-8f0a-ba8a-b79b9d25deac,/p/5/6683159638253704,12,200,54005,25.300,140.710,383804
1787810583234,ed44bc0f-ef2d-a9ce-7a2d-62863ae567a0,/p/2/b5da60ff56888455,11,200,55115,72.251,282.767,194913
1787810579394,1e6d9d81-8b6c-6e3a-7184-79ceb2af2878,/p/0/f4ec9b766cc63778,9,200,252603,307.698,4908.386,51464
1787810550452,28cc50e5-3465-4b99-2b80-02383cb906cd,/p/0/9f51237ad89d854a,7,200,4033779,133.880,33875.289,119077
1787810573983,ed44bc0f-ef2d-a9ce-7a2d-62863ae567a0,/p/0/6b9350a6ff604718,10,200,429912,334.261,10380.345,41416
1787810580248,e07ca8dd-a6fc-0448-1afb-13a11a268b28,/p/0/2866bd0206f670f9,8,200,284050,247.247,4162.354,68243
1787810583445,0749ca82-1e65-8f0a-ba8a-b79b9d25deac,/p/0/938c5dcb9fc46d19,13,200,143738,127.469,1814.252,79227
1787810577751,1e6d9d81-8b6c-6e3a-7184-79ceb2af2878,/p/1/f4ec9c766cc6392b,9,200,285094,237.367,7539.464,37814
1787810583445,0749ca82-1e65-8f0a-ba8a-b79b9d25deac,/p/4/938c5ccb9fc46b66,13,200,158454,152.893,1865.107,84957
1787810584411,e07ca8dd-a6fc-0448-1afb-13a11a268b28,/p/0/8c657eeb4cc392af,9,200,24481,531.551,1039.647,23547
1787810583445,0749ca82-1e65-8f0a-ba8a-b79b9d25deac,/p/0/938c5acb9fc46800,13,200,230826,166.254,2514.752,91789
1787810579849,e07ca8dd-a6fc-0448-1afb-13a11a268b28,/p/0/2866ba0206f66be0,8,200,465273,170.639,6290.660,73963
1787810549820,a350c9e6-f13c-9da5-e0ca-0ad0e8044e1a,/p/0/c69344646417fd9b,3,200,5042598,711.423,36388.470,138577
1787810585310,0749ca82-1e65-8f0a-ba8a-b79b9d25deac,/p/0/c99a347dedab3e15,14,200,80352,129.883,901.851,89097
1787810585310,0749ca82-1e65-8f0a-ba8a-b79b9d25deac,/p/3/c99a327dedab3aaf,14,200,119023,129.818,1052.740,113060
1787810550911,553b9ccc-860b-52b9-85ef-0d28103041fa,/p/3/73e79f4b02eff6,9,200,3146175,325.417,35458.562,88728
1787810585310,0749ca82-1e65-8f0a-ba8a-b79b9d25deac,/p/0/c99a317dedab38fc,14,200,86332,300.471,1139.628,75755
1787810535968,553b9ccc-860b-52b9-85ef-0d28103041fa,/p/0/c76d01af8789ca6f,7,200,5312888,501.993,50488.421,105230
1787810586370,553b9ccc-860b-52b9-85ef-0d28103041fa,/p/0/5f4850fde511eb0d,10,200,12922,87.374,87.468,147734
1787810586370,553b9ccc-860b-52b9-85ef-0d28103041fa,/p/2/5f484ffde511e95a,10,200,30220,87.553,87.875,343898
1787810586370,553b9ccc-860b-52b9-85ef-0d28103041fa,/p/0/5f484dfde511e5f4,10,200,134935,87.275,401.430,336136
1787810586457,553b9ccc-860b-52b9-85ef-0d28103041fa,/p/0/1066125e7a44d334,11,200,168586,313.725,320.567,525899
1787810586457,553b9ccc-860b-52b9-85ef-0d28103041fa,/p/1/1066145e7a44d69a,11,200,199430,314.548,322.178,619006
1787810586457,553b9ccc-860b-52b9-85ef-0d28103041fa,/p/0/1066155e7a44d84d,11,200,467435,313.872,324.720,1439500
1787810586780,553b9ccc-860b-52b9-85ef-0d28103041fa,/p/0/d9471d7edfb1657f,12,200,176767,15.344,337.871,523179
1787810586363,0749ca82-1e65-8f0a-ba8a-b79b9d25deac,/p/0/8cb4158469cf39aa,15,200,70688,123.680,815.499,86681
1787810583305,0749ca82-1e65-8f0a-ba8a-b79b9d25deac,/p/0/6683179638253a6a,12,200,513097,62.435,3999.350,128295
1787810580500,9fdb75b2-e53e-03fe-6b2c-ae349e1d4f9c,/p/0/9e6bc967a35ec8a3,8,200,293768,340.688,6921.401,42443
1787810586363,0749ca82-1e65-8f0a-ba8a-b79b9d25deac,/p/0/8cb4148469cf37f7,15,200,159325,136.703,1581.525,100741
1787810537222,ed44bc0f-ef2d-a9ce-7a2d-62863ae567a0,/p/0/6b6a65c9ee6eb95e,6,200,2912887,3558.102,50854.946,57278
1787810586363,0749ca82-1e65-8f0a-ba8a-b79b9d25deac,/p/2/8cb4168469cf3b5d,15,200,340178,123.536,1889.512,180035
1787810581266,9fdb75b2-e53e-03fe-6b2c-ae349e1d4f9c,/p/15/d14e88185f5ae39d,9,200,275501,344.696,7125.878,38662
1787810572418,fd5674f4-7e92-846e-8aca-195ffeced01e,/p/0/1c1a21babf2201d7,5,200,6104279,313.550,16710.506,365296
1787810550452,28cc50e5-3465-4b99-2b80-02383cb906cd,/p/3/9f51217ad89d81e4,7,200,5795048,188.238,38893.794,148997
1787810588253,0749ca82-1e65-8f0a-ba8a-b79b9d25deac,/p/0/a47b1285f3500792,16,200,153977,128.361,1164.840,132187
1787810550313,1e6d9d81-8b6c-6e3a-7184-79ceb2af2878,/p/0/1fa91379fa865b69,3,200,3020114,237.419,39158.597,77125
1787810580246,1e6d9d81-8b6c-6e3a-7184-79ceb2af2878,/p/0/f4ec9e766cc63c91,9,200,437796,255.378,9390.493,46621
1787810589346,28cc50e5-3465-4b99-2b80-02383cb906cd,/p/0/e2b2939a92fe9a58,8,200,24782,54.751,316.301,78349
1787810588253,0749ca82-1e65-8f0a-ba8a-b79b9d25deac,/p/1/a47b1385f3500945,16,200,246694,152.774,1727.743,142784
1787810587422,9fdb75b2-e53e-03fe-6b2c-ae349e1d4f9c,/p/0/d14e87185f5ae1ea,9,200,106154,313.291,2761.206,38445
1787810588253,0749ca82-1e65-8f0a-ba8a-b79b9d25deac,/p/0/a47b1185f35005df,16,200,304950,140.575,1987.752,153414
1787810589981,0749ca82-1e65-8f0a-ba8a-b79b9d25deac,/p/0/57544e70f490f5ed,17,200,141541,196.106,1034.371,136838
1787810554957,a3113622-153a-4853-9f4b-e682800ffcd5,/p/0/3e4a7edc29e002d0,9,200,5349480,179.660,36178.721,147863
1787810580621,fe9f5242-1dee-d8c5-2769-78aba5955fb8,/p/0/cf434cb1038cdfc5,7,200,3059373,47.051,10837.071,282306
1787810583233,ed44bc0f-ef2d-a9ce-7a2d-62863ae567a0,/p/0/b5da5fff568882a2,11,200,365433,330.534,8331.034,43864
1787810589346,28cc50e5-3465-4b99-2b80-02383cb906cd,/p/0/e2b2969a92fe9f71,8,200,290653,54.716,2313.688,125623
1787810561177,a3113622-153a-4853-9f4b-e682800ffcd5,/p/2/217c6e4930314b38,13,200,5372469,167.741,30898.901,173872
1787810589346,28cc50e5-3465-4b99-2b80-02383cb906cd,/p/2/e2b2949a92fe9c0b,8,200,464476,80.445,2875.546,161526
1787810589981,0749ca82-1e65-8f0a-ba8a-b79b9d25deac,/p/0/57544b70f490f0d4,17,200,386998,132.570,2324.669,166474
1787810592221,28cc50e5-3465-4b99-2b80-02383cb906cd,/p/0/7f532df17cce2dfe,9,200,50880,55.014,292.464,173970
1787810592076,a3113622-153a-4853-9f4b-e682800ffcd5,/p/0/d8e0b5c1b82ef270,14,200,157207,119.879,1032.100,152318
1787810585290,1e6d9d81-8b6c-6e3a-7184-79ceb2af2878,/p/0/600c064be6d38333,10,200,489565,264.807,7865.407,62243
1787810589472,1e6d9d81-8b6c-6e3a-7184-79ceb2af2878,/p/0/600c084be6d38699,10,200,204032,284.880,3707.435,55033
1787810573221,fd5674f4-7e92-846e-8aca-195ffeced01e,/p/0/1dde5895d47056b7,6,200,4773302,50.636,20118.941,237254
1787810573594,fd5674f4-7e92-846e-8aca-195ffeced01e,/p/7/d13912e5e13beef9,7,200,4009210,332.916,19818.815,202293
1787810593413,fd5674f4-7e92-846e-8aca-195ffeced01e,/p/0/6dacca6d3f4c97b5,8,200,8125,29.482,44.282,183482
1787810588392,9fdb75b2-e53e-03fe-6b2c-ae349e1d4f9c,/p/0/d14e86185f5ae037,9,200,192936,282.413,5545.383,34792
1787810592221,28cc50e5-3465-4b99-2b80-02383cb906cd,/p/0/7f532cf17cce2c4b,9,200,270522,156.834,2032.325,133110
1787810593413,fd5674f4-7e92-846e-8aca-195ffeced01e,/p/6/6dacc96d3f4c9602,8,200,226354,44.250,1021.115,221673
1787810592076,a3113622-153a-4853-9f4b-e682800ffcd5,/p/1/d8e0b7c1b82ef5d6,14,200,497313,33.243,2646.739,187897
1787810592076,a3113622-153a-4853-9f4b-e682800ffcd5,/p/0/d8e0b8c1b82ef789,14,200,486332,119.825,2712.989,179261
1787810593413,fd5674f4-7e92-846e-8aca-195ffeced01e,/p/0/6dacc76d3f4c929c,8,200,367733,58.128,1473.788,249516
1787810594434,fd5674f4-7e92-846e-8aca-195ffeced01e,/p/0/2516cba4ec60c012,9,200,65886,147.255,594.219,110878
1787810592221,28cc50e5-3465-4b99-2b80-02383cb906cd,/p/1/7f532ef17cce2fb1,9,200,447041,156.861,2860.525,156279
1787810567189,f8d57306-52e3-084e-5070-0ace3c1af0f2,/p/0/c40ead99a37fce8a,4,200,4104340,307.810,27917.616,147016
1787810588077,ed44bc0f-ef2d-a9ce-7a2d-62863ae567a0,/p/0/20cfc9e28d9ebdfb,12,200,293530,415.219,7226.709,40617
1787810594434,fd5674f4-7e92-846e-8aca-195ffeced01e,/p/0/2516caa4ec60be5f,9,200,235050,176.983,1233.143,190610
1787810594434,fd5674f4-7e92-846e-8aca-195ffeced01e,/p/5/2516c9a4ec60bcac,9,200,344751,147.256,1493.034,230906
1787810594723,a3113622-153a-4853-9f4b-e682800ffcd5,/p/0/3f3f186c8a83be1b,15,200,261177,82.728,1715.211,152271
1787810594723,a3113622-153a-4853-9f4b-e682800ffcd5,/p/0/3f3f176c8a83bc68,15,200,238465,117.492,1732.131,137671
1787810591565,ed44bc0f-ef2d-a9ce-7a2d-62863ae567a0,/p/0/20cfcae28d9ebfae,12,200,219121,303.822,5113.897,42848
1787810567189,f8d57306-52e3-084e-5070-0ace3c1af0f2,/p/3/c40eae99a37fd03d,4,200,5555449,282.346,29664.963,187273
1787810595927,fd5674f4-7e92-846e-8aca-195ffeced01e,/p/4/105d5b8a01060284,10,200,166392,115.880,964.166,172576
1787810596854,f8d57306-52e3-084e-5070-0ace3c1af0f2,/p/2/948ffaa3a09efd46,5,200,18411,50.938,153.146,120219
1787810595082,28cc50e5-3465-4b99-2b80-02383cb906cd,/p/0/6f953a06cd41525c,10,200,199179,107.082,1942.408,102542
1787810594723,a3113622-153a-4853-9f4b-e682800ffcd5,/p/0/3f3f196c8a83bfce,15,200,485061,101.159,2358.064,205703
1787810595927,fd5674f4-7e92-846e-8aca-195ffeced01e,/p/0/105d5c8a01060437,10,200,224743,28.949,1360.736,165163
1787810595927,fd5674f4-7e92-846e-8aca-195ffeced01e,/p/0/105d5d8a010605ea,10,200,235040,85.913,1754.704,133949
1787810597007,f8d57306-52e3-084e-5070-0ace3c1af0f2,/p/0/7788c8243695fe,6,200,24762,306.233,793.614,31202
1787810595082,28cc50e5-3465-4b99-2b80-02383cb906cd,/p/0/6f953b06cd41540f,10,200,306091,298.127,3125.151,97944
1787810596854,f8d57306-52e3-084e-5070-0ace3c1af0f2,/p/0/948ff8a3a09ef9e0,5,200,139101,100.715,1641.088,84761
1787810596891,fd5674f4-7e92-846e-8aca-195ffeced01e,/p/0/747067c8c909a6ea,11,200,270186,146.296,1725.776,156559
1787810596891,fd5674f4-7e92-846e-8aca-195ffeced01e,/p/0/747066c8c909a537,11,200,301418,160.964,2005.136,150323
1787810597007,f8d57306-52e3-084e-5070-0ace3c1af0f2,/p/1/7786c824369298,6,200,121866,306.201,2000.614,60914
1787810596891,fd5674f4-7e92-846e-8aca-195ffeced01e,/p/3/747065c8c909a384,11,200,485353,146.198,2448.689,198209
1787810513753,ed827d04-f232-b34f-a621-d4ff29686646,/p/0/7c3b8cd05a9b9d39,1,0,124103,65.779,86255.827,1439
1787810513753,ed827d04-f232-b34f-a621-d4ff29686646,/p/0/7c3b8bd05a9b9b86,1,0,145624,3095.434,86255.807,1688
1787810599340,fd5674f4-7e92-846e-8aca-195ffeced01e,/p/2/19fc916e316a6931,12,200,309443,118.165,1944.176,159164
1787810599008,f8d57306-52e3-084e-5070-0ace3c1af0f2,/p/0/a9eac681b4f84e97,7,200,125924,388.235,2391.692,52651
1787810540781,ed44bc0f-ef2d-a9ce-7a2d-62863ae567a0,/p/0/c7440d51a7664165,7,200,5113507,384.976,61020.690,83800
1787810567839,ed44bc0f-ef2d-a9ce-7a2d-62863ae567a0,/p/0/944bec474861dd8d,9,200,4004675,387.938,34346.675,116596
1787810566999,1e6d9d81-8b6c-6e3a-7184-79ceb2af2878,/p/0/f809e65d17a420bf,7,200,2585684,259.752,35225.238,73404
1787810583305,0749ca82-1e65-8f0a-ba8a-b79b9d25deac,/p/0/66831696382538b7,12,200,4177718,50.421,19054.631,219249
1787810583516,ed44bc0f-ef2d-a9ce-7a2d-62863ae567a0,/p/0/b5da5eff568880ef,11,200,3741945,69.418,18863.725,198367
1787810584363,ed44bc0f-ef2d-a9ce-7a2d-62863ae567a0,/p/1/20cfc8e28d9ebc48,12,200,6161142,328.327,18370.110,335390
1787810563904,1e6d9d81-8b6c-6e3a-7184-79ceb2af2878,/p/0/659ddb9841a31a6a,6,200,4194485,445.132,38942.322,107710
1787810585290,1e6d9d81-8b6c-6e3a-7184-79ceb2af2878,/p/0/600c054be6d38180,10,200,4019378,287.231,17577.900,228661
1787810602733,ed44bc0f-ef2d-a9ce-7a2d-62863ae567a0,/p/0/7d0177fc3aa511e7,13,200,193739,1.658,263.859,734253
1787810602733,ed44bc0f-ef2d-a9ce-7a2d-62863ae567a0,/p/0/7d0178fc3aa5139a,13,200,294651,2.117,319.894,921088
1787810589981,0749ca82-1e65-8f0a-ba8a-b79b9d25deac,/p/0/57544c70f490f287,17,200,3677354,132.493,13168.998,279243
1787810601284,fd5674f4-7e92-846e-8aca-195ffeced01e,/p/0/5fb62d263231d758,13,200,189929,146.069,2094.888,90663
1787810599008,f8d57306-52e3-084e-5070-0ace3c1af0f2,/p/0/a9eac781b4f8504a,7,200,307037,309.320,5084.093,60392
1787810601284,fd5674f4-7e92-846e-8aca-195ffeced01e,/p/0/5fb630263231dc71,13,200,319477,189.910,3210.314,99516
1787810571099,8cb74705-6b91-38bf-1a7e-0901efe0c132,/p/0/fddbfc8a7b865e32,3,200,5111055,264.648,34531.566,148011
1787810593937,9fdb75b2-e53e-03fe-6b2c-ae349e1d4f9c,/p/0/39addc3b93996ecf,10,200,506630,313.474,11910.692,42536
1787810599008,f8d57306-52e3-084e-5070-0ace3c1af0f2,/p/0/a9eac581b4f84ce4,7,200,503865,258.058,6855.664,73496
1787810574739,8cb74705-6b91-38bf-1a7e-0901efe0c132,/p/0/80faa2c03fc807dc,4,200,4050642,265.039,31314.034,129355
1787810595082,28cc50e5-3465-4b99-2b80-02383cb906cd,/p/0/6f953c06cd4155c2,10,200,4787729,52.618,13189.029,363008
1787810605848,9fdb75b2-e53e-03fe-6b2c-ae349e1d4f9c,/p/0/39addd3b93997082,10,200,481302,314.537,4047.144,118924
1787810586780,553b9ccc-860b-52b9-85ef-0d28103041fa,/p/0/d9471c7edfb163cc,12,200,3650035,14.914,24553.738,148655
1787810577905,8cb74705-6b91-38bf-1a7e-0901efe0c132,/p/0/a9ddb5d9be2f4b17,5,200,5733862,259.957,34045.494,168418
1787810601284,fd5674f4-7e92-846e-8aca-195ffeced01e,/p/1/5fb62e263231d90b,13,200,2165243,146.075,14730.664,146989
1787810602733,ed44bc0f-ef2d-a9ce-7a2d-62863ae567a0,/p/0/7d0176fc3aa51034,13,200,2845321,71.540,13710.314,207531
1787810574059,e07ca8dd-a6fc-0448-1afb-13a11a268b28,/p/0/1d1d92162e0a4175,6,200,4618187,166.679,44564.210,103630
1787810553235,9fdb75b2-e53e-03fe-6b2c-ae349e1d4f9c,/p/0/e1d12417c1948d44,4,200,3856178,56.279,67554.719,57082
1787810586780,553b9ccc-860b-52b9-85ef-0d28103041fa,/p/0/d9471e7edfb16732,12,200,5564088,326.317,34237.392,162515
1787810616015,fd5674f4-7e92-846e-8aca-195ffeced01e,/p/0/a3cf9ec56ef0f2ab,14,200,460555,147.395,5108.685,90151
1787810616015,fd5674f4-7e92-846e-8aca-195ffeced01e,/p/0/a3cf9fc56ef0f45e,14,200,461333,161.708,5544.237,83209
1787810590183,9fdb75b2-e53e-03fe-6b2c-ae349e1d4f9c,/p/14/39addb3b93996d1c,10,0,1560107,544.163,32300.213,48300
1787810580955,9fdb75b2-e53e-03fe-6b2c-ae349e1d4f9c,/p/0/9e6bca67a35eca56,8,0,2058743,339.462,41528.215,49575
1787810564281,9fdb75b2-e53e-03fe-6b2c-ae349e1d4f9c,/p/0/7ce26e56b5eaa70,6,0,2927907,284.812,58201.640,50306
1787810557224,9fdb75b2-e53e-03fe-6b2c-ae349e1d4f9c,/p/0/5a651f64195da76c,5,0,3400283,313.786,65258.618,52105
1787810570631,e07ca8dd-a6fc-0448-1afb-13a11a268b28,/p/0/60dc0aaba3afc240,5,200,6074704,34.981,55282.842,109884
1787810581743,e07ca8dd-a6fc-0448-1afb-13a11a268b28,/p/5/8c6580eb4cc39615,9,200,4878756,159.732,44503.068,109627
1787810626246,e07ca8dd-a6fc-0448-1afb-13a11a268b28,/p/0/93d96012253fa481,10,200,191782,165.421,1720.421,111474
1787810626246,e07ca8dd-a6fc-0448-1afb-13a11a268b28,/p/0/93d95d12253f9f68,10,200,476736,197.855,3876.798,122972
1787810546772,8932535e-9b64-cb37-fd14-1d68673e7fd8,/p/0/609850f4d5e6dbff,4,200,4725543,219.975,83421.950,56646
1787810599340,fd5674f4-7e92-846e-8aca-195ffeced01e,/p/0/19fc906e316a677e,12,200,4722966,44.714,31680.054,149083
1787810616015,fd5674f4-7e92-846e-8aca-195ffeced01e,/p/0/a3cf9dc56ef0f0f8,14,200,2391063,161.724,16237.533,147255
1787810597007,f8d57306-52e3-084e-5070-0ace3c1af0f2,/p/0/7787c82436944b,6,200,4349861,254.464,35650.883,122013
1787810581743,e07ca8dd-a6fc-0448-1afb-13a11a268b28,/p/0/8c657feb4cc39462,9,200,6123831,193.805,51047.914,119962
1787810599340,fd5674f4-7e92-846e-8aca-195ffeced01e,/p/0/19fc8f6e316a65cb,12,200,5603803,29.782,33968.962,164968
1787810596854,f8d57306-52e3-084e-5070-0ace3c1af0f2,/p/0/948ffba3a09efef9,5,200,4631139,100.667,36701.779,126183
1787810541412,8932535e-9b64-cb37-fd14-1d68673e7fd8,/p/0/b9173c9657e1b332,3,200,5888474,311.669,94003.768,62641
1787810630194,8932535e-9b64-cb37-fd14-1d68673e7fd8,/p/5/81cdcab8e03c9bcf,8,200,357215,240.394,7137.555,50047
1787810635415,8932535e-9b64-cb37-fd14-1d68673e7fd8,/p/0/81cdc9b8e03c9a1c,8,200,220269,238.099,4385.988,50221
1787810626246,e07ca8dd-a6fc-0448-1afb-13a11a268b28,/p/4/93d95e12253fa11b,10,200,4217706,165.406,13628.443,309478
1787810639875,e07ca8dd-a6fc-0448-1afb-13a11a268b28,/p/3/9544becd0f8519c,11,200,133670,31.853,596.677,224024
1787810640472,e07ca8dd-a6fc-0448-1afb-13a11a268b28,/p/0/82e6d853ea83bb17,12,200,41226,198.768,571.522,72134
1787810639801,8932535e-9b64-cb37-fd14-1d68673e7fd8,/p/4/524a22f1718b26e9,9,200,107240,246.760,2536.782,42274
1787810640472,e07ca8dd-a6fc-0448-1afb-13a11a268b28,/p/2/82e6d753ea83b964,12,200,293323,181.176,2798.523,104814
1787810640472,e07ca8dd-a6fc-0448-1afb-13a11a268b28,/p/0/82e6d953ea83bcca,12,0,333995,164.456,3011.377,110911
1787810643270,e07ca8dd-a6fc-0448-1afb-13a11a268b28,/p/0/b29cf4f3de20c81f,13,0,928,184.397,212.855,4360
1787810643270,e07ca8dd-a6fc-0448-1afb-13a11a268b28,/p/1/b29cf6f3de20cb85,13,0,928,167.551,212.806,4361
1787810639875,e07ca8dd-a6fc-0448-1afb-13a11a268b28,/p/0/9544cecd0f8534f,11,0,397155,173.819,3608.079,110074
1787810643270,e07ca8dd-a6fc-0448-1afb-13a11a268b28,/p/0/b29cf5f3de20c9d2,13,0,1976,184.309,212.792,9286
1787810639875,e07ca8dd-a6fc-0448-1afb-13a11a268b28,/p/0/9544decd0f85502,11,0,381007,98.865,3608.209,105595
1787810637331,8932535e-9b64-cb37-fd14-1d68673e7fd8,/p/0/81cdccb8e03c9f35,8,200,366785,237.130,6800.976,53931
1787810551480,8932535e-9b64-cb37-fd14-1d68673e7fd8,/p/0/9df9f4ac1cc825fd,5,200,5198340,258.078,93195.665,55779
1787810555067,8932535e-9b64-cb37-fd14-1d68673e7fd8,/p/0/d3d2cb289a7e33f7,6,200,5181846,376.309,90975.653,56959
1787810642338,8932535e-9b64-cb37-fd14-1d68673e7fd8,/p/0/524a21f1718b2536,9,0,224931,238.125,4144.864,54267
1787810646483,8932535e-9b64-cb37-fd14-1d68673e7fd8,/p/0/46b04294394ca778,10,0,0,0.014,0.000,0
1787810644132,8932535e-9b64-cb37-fd14-1d68673e7fd8,/p/0/524a20f1718b2383,9,0,125151,239.345,2350.598,53242
1787810646042,8932535e-9b64-cb37-fd14-1d68673e7fd8,/p/0/46b04594394cac91,10,0,7120,216.647,440.651,16158
1787810644676,8932535e-9b64-cb37-fd14-1d68673e7fd8,/p/3/46b04494394caade,10,0,85546,347.430,1807.143,47338
1787810558830,8932535e-9b64-cb37-fd14-1d68673e7fd8,/p/0/d3d2cc289a7e35aa,6,0,5210139,279.507,87653.115,59440
1787810562034,8932535e-9b64-cb37-fd14-1d68673e7fd8,/p/0/ba66673c06701008,7,0,5041547,238.230,84449.008,59699
