t_start_ms,client,path,depth,status,bytes,ttfb_ms,total_ms,bytes_per_s
1787812517867,3e340235-a476-afef-4a40-4f38df10a537,/?crawl=0,0,200,339781,32.923,731.391,464569
1787812518867,161b30d4-dbe2-5052-5dcb-0f971f676399,/?crawl=3,0,200,174981,21.613,243.353,719041
1787812517867,34b69e21-870e-7b51-cd5c-c6d7ebc990e9,/?crawl=1,0,200,428359,62.273,1801.608,237765
1787812518598,3e340235-a476-afef-4a40-4f38df10a537,/p/0/ebdefba53613b18d,1,200,257456,81.813,1612.131,159699
1787812519110,161b30d4-dbe2-5052-5dcb-0f971f676399,/p/0/5874a747a178bd2d,1,200,197932,60.936,1114.749,177557
1787812519110,161b30d4-dbe2-5052-5dcb-0f971f676399,/p/0/5874a447a178b814,1,200,365297,21.017,1252.944,291551
1787812519110,161b30d4-dbe2-5052-5dcb-0f971f676399,/p/3/5874a547a178b9c7,1,200,509165,51.250,1634.533,311505
1787812518867,e6643b89-1dd1-2310-bf50-2a904aaa6e86,/?crawl=2,0,200,216354,121.608,2164.666,99948
1787812518598,3e340235-a476-afef-4a40-4f38df10a537,/p/1/ebdefaa53613afda,1,200,381670,112.800,2465.181,154824
1787812519669,34b69e21-870e-7b51-cd5c-c6d7ebc990e9,/p/0/7f494e02caaea287,1,200,138427,60.714,1525.339,90752
1787812521064,3e340235-a476-afef-4a40-4f38df10a537,/p/0/928700abba78355f,2,200,7853,215.571,371.530,21137
1787812519669,34b69e21-870e-7b51-cd5c-c6d7ebc990e9,/p/2/7f495002caaea5ed,1,200,144912,330.462,1853.838,78169
1787812521064,3e340235-a476-afef-4a40-4f38df10a537,/p/0/928701abba783712,2,200,78181,184.592,810.716,96434
1787812521866,a3113622-153a-4853-9f4b-e682800ffcd5,/?crawl=4,0,200,201501,30.915,400.376,503279
1787812521064,3e340235-a476-afef-4a40-4f38df10a537,/p/0/9286ffabba7833ac,2,200,267056,215.550,1602.161,166685
1787812520745,161b30d4-dbe2-5052-5dcb-0f971f676399,/p/2/f31fea218144672f,2,200,485076,39.729,1941.934,249790
1787812522866,ed42c88f-4aa9-7d0f-7e68-53c544c4dfb3,/?crawl=7,0,200,56756,8.825,28.111,2018981
1787812522894,ed42c88f-4aa9-7d0f-7e68-53c544c4dfb3,/p/0/acb51d14f0ce4e1,1,200,10437,6.971,10.007,1042967
1787812522687,161b30d4-dbe2-5052-5dcb-0f971f676399,/p/0/bc0c70547536d455,3,200,31386,108.513,236.611,132648
1787812522866,553b9ccc-860b-52b9-85ef-0d28103041fa,/?crawl=6,0,200,45942,29.692,98.183,467924
1787812519669,34b69e21-870e-7b51-cd5c-c6d7ebc990e9,/p/0/7f494f02caaea43a,1,200,293707,300.099,3376.623,86982
1787812522266,a3113622-153a-4853-9f4b-e682800ffcd5,/p/0/9e35a62ee3a7d941,1,200,121254,42.836,821.712,147563
1787812522894,ed42c88f-4aa9-7d0f-7e68-53c544c4dfb3,/p/0/acb4fd14f0ce17b,1,200,311799,9.971,239.534,1301688
1787812522894,ed42c88f-4aa9-7d0f-7e68-53c544c4dfb3,/p/0/acb4ed14f0cdfc8,1,200,457032,25.034,313.233,1459078
1787812522686,161b30d4-dbe2-5052-5dcb-0f971f676399,/p/0/bc0c6d547536cf3c,3,200,87158,108.566,526.227,165628
1787812522964,553b9ccc-860b-52b9-85ef-0d28103041fa,/p/0/7760fb73ba71ed1b,1,200,88843,27.757,464.986,191066
1787812521031,e6643b89-1dd1-2310-bf50-2a904aaa6e86,/p/0/c50a51ea0cddc71a,1,200,121158,296.622,2665.129,45460
1787812522266,a3113622-153a-4853-9f4b-e682800ffcd5,/p/0/9e35a52ee3a7d78e,1,200,358342,28.332,1645.787,217733
1787812522964,553b9ccc-860b-52b9-85ef-0d28103041fa,/p/0/7760fc73ba71eece,1,200,203215,55.093,1012.834,200640
1787812522266,a3113622-153a-4853-9f4b-e682800ffcd5,/p/0/9e35a32ee3a7d428,1,200,404616,86.718,1771.256,228435
1787812523867,b93bd898-c1c5-1dfb-d880-2d01ea6e3184,/?crawl=9,0,200,374828,16.135,339.242,1104900
1787812522964,553b9ccc-860b-52b9-85ef-0d28103041fa,/p/3/7760fa73ba71eb68,1,200,477895,42.188,1521.214,314154
1787812522866,452971bf-e875-1435-2f47-7f6c6fe20dea,/?crawl=8,0,200,175181,56.034,1627.328,107649
1787812524486,553b9ccc-860b-52b9-85ef-0d28103041fa,/p/0/77757f36acfcea89,2,200,29531,26.959,68.798,429245
1787812524486,553b9ccc-860b-52b9-85ef-0d28103041fa,/p/2/77757d36acfce723,2,200,17499,125.315,166.047,105386
1787812522866,9fdb75b2-e53e-03fe-6b2c-ae349e1d4f9c,/?crawl=5,0,200,430217,69.075,1976.747,217639
1787812524206,b93bd898-c1c5-1dfb-d880-2d01ea6e3184,/p/0/e3f6a41625d6f3a2,1,200,345850,20.204,969.547,356713
1787812525866,28cc50e5-3465-4b99-2b80-02383cb906cd,/?crawl=12,0,200,44359,54.755,182.492,243074
1787812524652,553b9ccc-860b-52b9-85ef-0d28103041fa,/p/1/c88446e088c7df71,3,200,161383,150.051,1445.584,111639
1787812526049,28cc50e5-3465-4b99-2b80-02383cb906cd,/p/0/c2fd8c056d07fe07,1,200,45497,50.098,330.739,137562
1787812524652,553b9ccc-860b-52b9-85ef-0d28103041fa,/p/0/c88445e088c7ddbe,3,200,206233,150.077,1900.731,108502
1787812521031,e6643b89-1dd1-2310-bf50-2a904aaa6e86,/p/0/c50a50ea0cddc567,1,200,366648,118.929,6199.562,59141
1787812524486,553b9ccc-860b-52b9-85ef-0d28103041fa,/p/0/77757c36acfce570,2,200,472450,82.865,2773.495,170345
1787812526097,553b9ccc-860b-52b9-85ef-0d28103041fa,/p/0/b310c0b95819ac25,4,200,132319,152.769,1163.261,113748
1787812526097,553b9ccc-860b-52b9-85ef-0d28103041fa,/p/0/b310bdb95819a70c,4,200,418646,139.022,1176.847,355735
1787812521031,e6643b89-1dd1-2310-bf50-2a904aaa6e86,/p/1/c50a4fea0cddc3b4,1,200,423749,237.030,6305.831,67200
1787812526866,0749ca82-1e65-8f0a-ba8a-b79b9d25deac,/?crawl=13,0,200,189286,61.406,919.190,205927
1787812527866,e74dc3e9-9b81-1c67-b868-f59eb1ef8038,/?crawl=14,0,200,102706,21.590,140.591,730529
1787812524493,452971bf-e875-1435-2f47-7f6c6fe20dea,/p/0/508c50b8913c00f5,1,200,239464,73.928,3533.361,67772
1787812528007,e74dc3e9-9b81-1c67-b868-f59eb1ef8038,/p/0/4e7f8cd3f1663b48,1,200,72451,19.060,176.764,409874
1787812526049,28cc50e5-3465-4b99-2b80-02383cb906cd,/p/0/c2fd8d056d07ffba,1,200,373483,150.724,2701.479,138251
1787812524493,452971bf-e875-1435-2f47-7f6c6fe20dea,/p/8/508c4fb8913bff42,1,200,342045,73.967,4445.769,76937
1787812528007,e74dc3e9-9b81-1c67-b868-f59eb1ef8038,/p/13/4e7f8dd3f1663cfb,1,200,492286,56.481,1391.556,353766
1787812528866,1ff3bcd1-0da7-cd02-1374-522545639cba,/?crawl=15,0,200,253138,29.596,535.333,472861
1787812529866,0478c1ea-68e1-75c7-cddd-a5d083df15bb,/?crawl=17,0,200,279501,14.965,245.745,1137364
1787812529401,1ff3bcd1-0da7-cd02-1374-522545639cba,/p/0/bb153a765ccb4a4e,1,200,130243,53.140,715.987,181907
1787812530112,0478c1ea-68e1-75c7-cddd-a5d083df15bb,/p/0/e1e9e13186012fa8,1,200,63235,83.918,193.519,326763
1787812528866,63c575a9-d481-947a-51d7-c87f17963167,/?crawl=16,0,200,416840,52.237,1444.226,288625
1787812529398,e74dc3e9-9b81-1c67-b868-f59eb1ef8038,/p/12/2059daba701f765b,2,200,151430,116.144,1003.303,150931
1787812530112,0478c1ea-68e1-75c7-cddd-a5d083df15bb,/p/3/e1e9e3318601330e,1,200,403277,26.129,657.750,613116
1787812530402,e74dc3e9-9b81-1c67-b868-f59eb1ef8038,/p/0/e30b01233a62e9f9,3,200,28191,107.916,376.784,74820
1787812530112,0478c1ea-68e1-75c7-cddd-a5d083df15bb,/p/0/e1e9e431860134c1,1,200,403049,90.223,735.121,548275
1787812529398,e74dc3e9-9b81-1c67-b868-f59eb1ef8038,/p/0/2059d9ba701f74a8,2,200,246754,116.092,1468.905,167985
1787812528939,452971bf-e875-1435-2f47-7f6c6fe20dea,/p/0/1e712e84d5666890,2,200,75744,471.745,2016.969,37553
1787812518598,3e340235-a476-afef-4a40-4f38df10a537,/p/0/ebdef8a53613ac74,1,200,4623134,32.671,12373.305,373638
1787812530402,e74dc3e9-9b81-1c67-b868-f59eb1ef8038,/p/0/e30afe233a62e4e0,3,200,72564,97.241,583.267,124410
1787812530402,e74dc3e9-9b81-1c67-b868-f59eb1ef8038,/p/11/e30b00233a62e846,3,200,72945,108.013,603.958,120778
1787812530866,3281b132-3631-e78d-6f4e-faac523fc3a0,/?crawl=18,0,200,93626,35.125,245.471,381414
1787812530770,0478c1ea-68e1-75c7-cddd-a5d083df15bb,/p/0/d6ca26eaec9be3bb,2,200,243600,70.539,569.717,427580
1787812527337,e6643b89-1dd1-2310-bf50-2a904aaa6e86,/p/0/e8863d11efa7e3b2,2,200,209838,106.578,4175.898,50250
1787812527337,e6643b89-1dd1-2310-bf50-2a904aaa6e86,/p/0/e8863b11efa7e04c,2,200,200603,288.078,4421.657,45368
1787812531006,e74dc3e9-9b81-1c67-b868-f59eb1ef8038,/p/10/66e9600c0de4b787,4,200,84736,109.412,869.964,97402
1787812531112,3281b132-3631-e78d-6f4e-faac523fc3a0,/p/3/d6385d9efa64af,1,200,94642,122.564,809.058,116978
1787812531866,ed827d04-f232-b34f-a621-d4ff29686646,/?crawl=21,0,200,163763,22.760,236.300,693029
1787812520745,161b30d4-dbe2-5052-5dcb-0f971f676399,/p/0/f31fec2181446a95,2,200,2997076,39.728,11710.691,255926
1787812532102,ed827d04-f232-b34f-a621-d4ff29686646,/p/0/9dc3d485946060c5,1,200,133453,20.469,386.781,345035
1787812527337,e6643b89-1dd1-2310-bf50-2a904aaa6e86,/p/0/e8863c11efa7e1ff,2,200,511793,70.423,5444.350,94004
1787812531876,e74dc3e9-9b81-1c67-b868-f59eb1ef8038,/p/9/85b840dab4ace62a,5,200,139431,98.425,905.858,153921
1787812527785,0749ca82-1e65-8f0a-ba8a-b79b9d25deac,/p/0/2f9336a7d86d07f4,1,200,510897,61.248,5288.643,96603
1787812532102,ed827d04-f232-b34f-a621-d4ff29686646,/p/0/9dc3d28594605d5f,1,200,348179,113.349,1075.821,323640
1787812532103,ed827d04-f232-b34f-a621-d4ff29686646,/p/0/9dc3d18594605bac,1,200,296073,103.348,1096.897,269919
1787812528939,452971bf-e875-1435-2f47-7f6c6fe20dea,/p/0/1e713184d5666da9,2,200,264543,471.743,4316.495,61287
1787812532866,fd5674f4-7e92-846e-8aca-195ffeced01e,/?crawl=23,0,200,479752,18.065,463.929,1034107
1787812524206,b93bd898-c1c5-1dfb-d880-2d01ea6e3184,/p/0/e3f6a31625d6f1ef,1,200,4811686,13.576,9233.602,521106
1787812520745,161b30d4-dbe2-5052-5dcb-0f971f676399,/p/0/f31fe9218144657c,2,200,3435019,20.418,12720.233,270044
1787812533866,5d605fca-a4ff-8fee-584e-47beb8f0c9b4,/?crawl=25,0,200,53759,8.531,25.286,2126056
1787812533330,fd5674f4-7e92-846e-8aca-195ffeced01e,/p/0/c4987b40bd96461f,1,200,330016,15.441,650.778,507110
1787812533330,fd5674f4-7e92-846e-8aca-195ffeced01e,/p/3/c4987d40bd964985,1,200,313812,73.179,872.924,359495
1787812524206,b93bd898-c1c5-1dfb-d880-2d01ea6e3184,/p/4/e3f6a51625d6f555,1,200,5949736,46.952,10021.768,593681
1787812533330,fd5674f4-7e92-846e-8aca-195ffeced01e,/p/0/c4987c40bd9647d2,1,200,313190,73.240,909.452,344372
1787812524652,553b9ccc-860b-52b9-85ef-0d28103041fa,/p/0/c88444e088c7dc0b,3,200,2181335,136.992,9734.631,224080
1787812527785,0749ca82-1e65-8f0a-ba8a-b79b9d25deac,/p/15/2f9338a7d86d0b5a,1,200,501123,311.967,6694.843,74852
1787812534228,b93bd898-c1c5-1dfb-d880-2d01ea6e3184,/p/3/8cd090aa5dba8d96,2,200,121674,49.856,321.675,378251
1787812534203,fd5674f4-7e92-846e-8aca-195ffeced01e,/p/0/a02e33edd5666543,2,200,208380,43.933,592.144,351908
1787812534228,b93bd898-c1c5-1dfb-d880-2d01ea6e3184,/p/0/8cd091aa5dba8f49,2,200,234865,35.660,653.985,359129
1787812531112,3281b132-3631-e78d-6f4e-faac523fc3a0,/p/0/d63a5d9efa6815,1,200,342741,106.155,3774.240,90811
1787812534228,b93bd898-c1c5-1dfb-d880-2d01ea6e3184,/p/0/8cd08eaa5dba8a30,2,200,199277,14.793,660.736,301598
1787812530770,0478c1ea-68e1-75c7-cddd-a5d083df15bb,/p/0/d6ca27eaec9be56e,2,200,2493237,70.753,4246.072,587187
1787812531876,e74dc3e9-9b81-1c67-b868-f59eb1ef8038,/p/0/85b841dab4ace7dd,5,200,411124,108.689,3363.725,122223
1787812534203,fd5674f4-7e92-846e-8aca-195ffeced01e,/p/0/a02e34edd56666f6,2,200,453965,72.759,1134.985,399974
1787812530770,0478c1ea-68e1-75c7-cddd-a5d083df15bb,/p/2/d6ca25eaec9be208,2,200,2838942,99.278,4634.287,612595
1787812535404,0478c1ea-68e1-75c7-cddd-a5d083df15bb,/p/0/c9f7e6818846fadf,3,200,80883,12.525,87.846,920740
1787812528939,452971bf-e875-1435-2f47-7f6c6fe20dea,/p/7/1e713084d5666bf6,2,200,422624,399.283,6562.492,64400
1787812534549,b93bd898-c1c5-1dfb-d880-2d01ea6e3184,/p/0/38ae7f88b93b47ae,3,200,328049,80.921,1029.361,318692
1787812534866,fe9f5242-1dee-d8c5-2769-78aba5955fb8,/?crawl=28,0,200,286360,37.486,713.470,401362
1787812534549,b93bd898-c1c5-1dfb-d880-2d01ea6e3184,/p/2/38ae8088b93b4961,3,200,337800,66.894,1050.559,321543
1787812534480,0749ca82-1e65-8f0a-ba8a-b79b9d25deac,/p/14/a0c121534132ac98,2,200,75937,299.871,1176.940,64521
1787812534866,09982139-5e76-f214-cc24-4e66c50bbb4e,/?crawl=26,0,200,258138,46.236,791.735,326041
1787812534549,b93bd898-c1c5-1dfb-d880-2d01ea6e3184,/p/0/38ae7e88b93b45fb,3,200,419481,66.949,1139.077,368264
1787812535404,0478c1ea-68e1-75c7-cddd-a5d083df15bb,/p/0/c9f7e7818846fc92,3,200,203175,87.866,400.209,507672
1787812531921,3281b132-3631-e78d-6f4e-faac523fc3a0,/p/2/a4f0d44f7ac2882e,2,200,373296,174.461,4037.312,92462
1787812534480,0749ca82-1e65-8f0a-ba8a-b79b9d25deac,/p/0/a0c123534132affe,2,200,379794,331.334,1506.452,252112
1787812535600,b93bd898-c1c5-1dfb-d880-2d01ea6e3184,/p/0/8f8142011f1069f1,4,200,216627,68.161,575.721,376271
1787812531866,ba000cd4-e548-1dc6-ed04-22483848222c,/?crawl=22,0,200,381516,158.565,4357.721,87549
1787812535600,b93bd898-c1c5-1dfb-d880-2d01ea6e3184,/p/0/8f813f011f1064d8,4,200,204932,88.430,667.096,307200
1787812535657,0749ca82-1e65-8f0a-ba8a-b79b9d25deac,/p/13/fff7c9fdfee5ac87,3,200,80718,341.444,652.387,123727
1787812535657,0749ca82-1e65-8f0a-ba8a-b79b9d25deac,/p/0/fff7cbfdfee5afed,3,200,209611,341.516,655.516,319765
1787812535658,09982139-5e76-f214-cc24-4e66c50bbb4e,/p/5/e384d26cd68f7b26,1,200,57571,218.236,960.660,59929
1787812535866,d8034ba6-4789-5f97-4360-1ea481a9ca9b,/?crawl=29,0,200,350234,44.546,965.219,362855
1787812535958,3281b132-3631-e78d-6f4e-faac523fc3a0,/p/0/e280f72fd1470076,3,200,53102,238.988,918.267,57828
1787812532866,c5aa0efa-81cb-c472-cc06-ea5a979bd993,/?crawl=24,0,200,2356356,28.748,4063.952,579819
1787812522687,161b30d4-dbe2-5052-5dcb-0f971f676399,/p/1/bc0c6f547536d2a2,3,200,5627805,98.559,14300.204,393547
1787812536930,c5aa0efa-81cb-c472-cc06-ea5a979bd993,/p/0/bcb028b1ad5990b3,1,200,28432,24.052,61.061,465635
1787812536224,ba000cd4-e548-1dc6-ed04-22483848222c,/p/0/312e25e328fb500c,1,200,48041,156.969,887.306,54143
1787812535580,fe9f5242-1dee-d8c5-2769-78aba5955fb8,/p/0/a5ac2a14a49d1b4a,1,200,257923,36.241,1805.954,142818
1787812531921,3281b132-3631-e78d-6f4e-faac523fc3a0,/p/0/a4f0d24f7ac284c8,2,200,433631,190.425,5496.627,78890
1787812536831,d8034ba6-4789-5f97-4360-1ea481a9ca9b,/p/0/39167c7239380c44,1,200,82454,37.935,610.485,135063
1787812529401,1ff3bcd1-0da7-cd02-1374-522545639cba,/p/0/bb1539765ccb489b,1,200,3127900,211.035,8204.273,381253
1787812536930,c5aa0efa-81cb-c472-cc06-ea5a979bd993,/p/0/bcb029b1ad599266,1,200,173214,98.584,694.394,249446
1787812536987,161b30d4-dbe2-5052-5dcb-0f971f676399,/p/0/b74763373d29667b,4,200,151809,38.879,642.401,236315
1787812536930,c5aa0efa-81cb-c472-cc06-ea5a979bd993,/p/5/bcb027b1ad598f00,1,200,284201,61.078,842.875,337180
1787812536987,161b30d4-dbe2-5052-5dcb-0f971f676399,/p/0/b74765373d2969e1,4,200,335449,18.947,1030.264,325595
1787812536619,09982139-5e76-f214-cc24-4e66c50bbb4e,/p/0/6b54c514d4dd6a68,2,200,60916,215.159,1481.284,41124
1787812536987,161b30d4-dbe2-5052-5dcb-0f971f676399,/p/0/b74764373d29682e,4,200,395693,66.934,1147.624,344793
1787812535580,fe9f5242-1dee-d8c5-2769-78aba5955fb8,/p/12/a5ac2814a49d17e4,1,200,410851,89.672,2616.257,157038
1787812536309,0749ca82-1e65-8f0a-ba8a-b79b9d25deac,/p/0/15e11fa3b744dba3,4,200,497153,906.445,2126.020,233842
1787812529401,1ff3bcd1-0da7-cd02-1374-522545639cba,/p/10/bb1538765ccb46e8,1,200,4106896,210.991,9198.556,446472
1787812537773,c5aa0efa-81cb-c472-cc06-ea5a979bd993,/p/4/b26c66d8fdf15490,2,200,178721,74.644,884.325,202099
1787812537773,c5aa0efa-81cb-c472-cc06-ea5a979bd993,/p/0/b26c67d8fdf15643,2,200,179185,25.482,896.783,199809
1787812536866,29a6f688-2430-d1d8-66fa-7a8c858c2805,/?crawl=31,0,200,502144,54.118,1861.751,269716
1787812530866,6ecd8cf8-f9e4-22fd-ee79-91329d872865,/?crawl=19,0,200,3882478,30.962,7936.037,489221
1787812538728,29a6f688-2430-d1d8-66fa-7a8c858c2805,/p/0/fcdef58081d95795,1,200,34226,53.659,186.742,183279
1787812535658,09982139-5e76-f214-cc24-4e66c50bbb4e,/p/0/e384d06cd68f77c0,1,200,403060,45.280,3266.483,123393
1787812538728,29a6f688-2430-d1d8-66fa-7a8c858c2805,/p/0/fcdef48081d955e2,1,200,24271,160.662,266.116,91205
1787812527785,0749ca82-1e65-8f0a-ba8a-b79b9d25deac,/p/0/2f9339a7d86d0d0d,1,200,3440419,311.915,11376.663,302410
1787812536224,ba000cd4-e548-1dc6-ed04-22483848222c,/p/0/312e28e328fb5525,1,200,115159,405.338,3156.705,36481
1787812538600,1ff3bcd1-0da7-cd02-1374-522545639cba,/p/0/daf1cf7ff8aec429,2,200,269936,86.571,838.899,321774
1787812535600,b93bd898-c1c5-1dfb-d880-2d01ea6e3184,/p/1/8f8141011f10683e,4,200,3910841,74.599,3866.564,1011451
1787812535239,e74dc3e9-9b81-1c67-b868-f59eb1ef8038,/p/8/cf92057e18a4b638,6,200,507489,98.841,4309.500,117761
1787812535502,452971bf-e875-1435-2f47-7f6c6fe20dea,/p/0/3792e4aa8682a89c,3,200,245122,366.310,4080.670,60069
1787812524866,8992b43b-4174-a0c1-16dc-9bd47c511dd8,/?crawl=10,0,200,3638840,60.361,14775.876,246269
1787812538728,29a6f688-2430-d1d8-66fa-7a8c858c2805,/p/0/fcdef28081d9527c,1,200,178198,240.226,921.057,193471
1787812538600,1ff3bcd1-0da7-cd02-1374-522545639cba,/p/0/daf1cc7ff8aebf10,2,200,413788,86.802,1161.146,356362
1787812536619,09982139-5e76-f214-cc24-4e66c50bbb4e,/p/0/6b54c814d4dd6f81,2,200,213108,215.112,3156.899,67505
1787812539866,331385a9-7318-219a-59f0-3ebce55bbba8,/?crawl=36,0,200,12255,32.550,48.959,250312
1787812524866,63feb0eb-2564-8058-5024-1e4cb93e9190,/?crawl=11,0,200,4393792,50.167,15131.854,290367
1787812535404,0478c1ea-68e1-75c7-cddd-a5d083df15bb,/p/1/c9f7e5818846f92c,3,200,5333989,31.425,4681.381,1139405
1787812534480,0749ca82-1e65-8f0a-ba8a-b79b9d25deac,/p/0/a0c122534132ae4b,2,200,3030184,299.746,5970.948,507488
1787812535958,3281b132-3631-e78d-6f4e-faac523fc3a0,/p/1/e280f52fd146fd10,3,200,451877,188.995,4501.599,100381
1787812526097,553b9ccc-860b-52b9-85ef-0d28103041fa,/p/0/b310bfb95819aa72,4,200,5158746,209.260,14393.463,358409
1787812539467,b93bd898-c1c5-1dfb-d880-2d01ea6e3184,/p/0/a418e9fe0c740157,5,200,453073,28.573,1104.433,410231
1787812535658,09982139-5e76-f214-cc24-4e66c50bbb4e,/p/0/e384d36cd68f7cd9,1,200,498813,239.035,4962.477,100517
1787812539467,b93bd898-c1c5-1dfb-d880-2d01ea6e3184,/p/0/a418e8fe0c73ffa4,5,200,376791,14.944,1189.539,316754
1787812540086,0478c1ea-68e1-75c7-cddd-a5d083df15bb,/p/0/90fbb70a41ad08ac,4,200,116542,157.215,573.861,203084
1787812539467,b93bd898-c1c5-1dfb-d880-2d01ea6e3184,/p/0/a418ebfe0c7404bd,5,200,444513,21.454,1275.061,348621
1787812540086,0478c1ea-68e1-75c7-cddd-a5d083df15bb,/p/0/90fbb90a41ad0c12,4,200,415688,157.463,815.750,509578
1787812534203,fd5674f4-7e92-846e-8aca-195ffeced01e,/p/2/a02e32edd5666390,2,200,6216127,72.746,6709.834,926420
1787812540086,0478c1ea-68e1-75c7-cddd-a5d083df15bb,/p/0/90fbb80a41ad0a5f,4,200,339243,419.279,891.826,380392
1787812540460,3281b132-3631-e78d-6f4e-faac523fc3a0,/p/0/924b6c83966aa045,4,200,196667,196.213,518.681,379168
1787812540460,3281b132-3631-e78d-6f4e-faac523fc3a0,/p/0/924b6b83966a9e92,4,200,152539,196.419,521.006,292778
1787812535502,452971bf-e875-1435-2f47-7f6c6fe20dea,/p/0/3792e7aa8682adb5,3,200,419759,366.168,5736.833,73169
1787812540460,3281b132-3631-e78d-6f4e-faac523fc3a0,/p/0/924b6983966a9b2c,4,200,479606,196.071,1148.482,417600
1787812539642,8992b43b-4174-a0c1-16dc-9bd47c511dd8,/p/0/9c28e54a43d218ad,1,200,197803,283.009,1977.605,100021
1787812539549,e74dc3e9-9b81-1c67-b868-f59eb1ef8038,/p/0/cf92067e18a4b7eb,6,200,223889,163.929,2256.187,99233
1787812540913,fd5674f4-7e92-846e-8aca-195ffeced01e,/p/0/2042e70a7a355cf7,3,200,317033,14.926,1046.246,303020
1787812540913,fd5674f4-7e92-846e-8aca-195ffeced01e,/p/0/2042e80a7a355eaa,3,200,264332,36.371,1161.643,227550
1787812538196,fe9f5242-1dee-d8c5-2769-78aba5955fb8,/p/0/4374c44c414db234,2,200,453574,177.596,3893.946,116482
1787812540913,fd5674f4-7e92-846e-8aca-195ffeced01e,/p/1/2042e60a7a355b44,3,200,398640,29.369,1270.556,313752
1787812538866,8cb74705-6b91-38bf-1a7e-0901efe0c132,/?crawl=35,0,200,2714540,21.486,3391.437,800410
1787812539998,63feb0eb-2564-8058-5024-1e4cb93e9190,/p/6/8be8decaf371f34,1,200,131833,293.837,2336.500,56423
1787812538196,fe9f5242-1dee-d8c5-2769-78aba5955fb8,/p/0/4374c74c414db74d,2,200,438095,231.040,4251.745,103039
1787812542258,8cb74705-6b91-38bf-1a7e-0901efe0c132,/p/0/af359d0a2f6d7a30,1,200,57628,20.305,260.384,221319
1787812538658,c5aa0efa-81cb-c472-cc06-ea5a979bd993,/p/0/7c18913206f69804,3,200,519999,199.632,4016.859,129454
1787812539915,331385a9-7318-219a-59f0-3ebce55bbba8,/p/4/1bcb49ac9ad28783,1,200,405157,30.021,2936.251,137984
1787812542866,9faa9546-7464-257f-611f-fdcf1ef233cd,/?crawl=41,0,200,14089,12.258,19.275,730933
1787812542184,fd5674f4-7e92-846e-8aca-195ffeced01e,/p/0/63d2c3ddf0b41e26,4,200,249095,51.547,727.186,342547
1787812536224,ba000cd4-e548-1dc6-ed04-22483848222c,/p/0/312e27e328fb5372,1,200,430256,405.396,6705.321,64166
1787812531112,3281b132-3631-e78d-6f4e-faac523fc3a0,/p/0/d6375d9efa62fc,1,200,2507139,35.735,11859.360,211406
1787812542258,8cb74705-6b91-38bf-1a7e-0901efe0c132,/p/0/af35a00a2f6d7f49,1,200,286245,38.187,795.075,360023
1787812542258,8cb74705-6b91-38bf-1a7e-0901efe0c132,/p/1/af359f0a2f6d7d96,1,200,327084,29.037,803.953,406845
1787812542184,fd5674f4-7e92-846e-8aca-195ffeced01e,/p/0/63d2c2ddf0b41c73,4,200,389197,15.674,963.462,403957
1787812542885,9faa9546-7464-257f-611f-fdcf1ef233cd,/p/0/b459919647dc5c87,1,200,155945,61.421,462.631,337083
1787812531921,3281b132-3631-e78d-6f4e-faac523fc3a0,/p/0/a4f0d54f7ac289e1,2,200,3302002,190.552,11504.034,287030
1787812535958,3281b132-3631-e78d-6f4e-faac523fc3a0,/p/0/e280f62fd146fec3,3,200,3675508,189.035,7494.171,490449
1787812540866,8932535e-9b64-cb37-fd14-1d68673e7fd8,/?crawl=37,0,200,487981,79.176,2608.794,187052
1787812539998,63feb0eb-2564-8058-5024-1e4cb93e9190,/p/0/8be8fecaf37229a,1,200,329130,294.066,3481.940,94525
1787812542885,9faa9546-7464-257f-611f-fdcf1ef233cd,/p/0/b459929647dc5e3a,1,200,256477,69.058,623.547,411320
1787812541866,29e71566-23fb-c266-6f70-fdb259fb1808,/?crawl=38,0,200,433136,64.009,1849.145,234236
1787812535866,a1600f92-0f69-ec40-9031-91960e1644b6,/?crawl=30,0,200,4441882,28.681,7888.252,563101
1787812543754,a1600f92-0f69-ec40-9031-91960e1644b6,/p/0/904949de16744bf5,1,200,99892,24.836,532.955,187430
1787812543754,a1600f92-0f69-ec40-9031-91960e1644b6,/p/0/904947de1674488f,1,200,140338,24.885,647.235,216827
1787812539642,8992b43b-4174-a0c1-16dc-9bd47c511dd8,/p/0/9c28e24a43d21394,1,200,484523,63.829,4820.395,100515
1787812542866,d23f0858-b1f7-bef1-1fdf-a9606a32322a,/?crawl=42,0,200,302146,76.031,1613.544,187256
1787812543062,8cb74705-6b91-38bf-1a7e-0901efe0c132,/p/0/bf70d315b4b55f10,2,200,446285,93.032,1575.307,283300
1787812542866,f8d57306-52e3-084e-5070-0ace3c1af0f2,/?crawl=43,0,200,402987,77.196,1795.176,224483
1787812543062,8cb74705-6b91-38bf-1a7e-0901efe0c132,/p/0/bf70d415b4b560c3,2,200,444476,92.914,1667.915,266486
1787812543754,a1600f92-0f69-ec40-9031-91960e1644b6,/p/0/904948de16744a42,1,200,312102,78.853,996.953,313056
1787812543475,8932535e-9b64-cb37-fd14-1d68673e7fd8,/p/0/8860f64f063794d6,1,200,84442,73.582,1410.530,59865
1787812542184,fd5674f4-7e92-846e-8aca-195ffeced01e,/p/0/63d2c4ddf0b41fd9,4,200,2326533,43.981,2823.554,823973
1787812542866,7d9bd299-f439-b81d-f69e-7c44eab037c8,/?crawl=40,0,200,379301,243.174,2224.508,170510
1787812538600,1ff3bcd1-0da7-cd02-1374-522545639cba,/p/9/daf1ce7ff8aec276,2,200,5858500,14.977,6891.073,850158
1787812542851,331385a9-7318-219a-59f0-3ebce55bbba8,/p/0/c772907fd1d8d475,2,200,252612,196.224,2743.215,92086
1787812542335,63feb0eb-2564-8058-5024-1e4cb93e9190,/p/5/43bc1612a805cedf,2,200,212024,239.191,3318.871,63884
1787812545491,1ff3bcd1-0da7-cd02-1374-522545639cba,/p/0/4d79c23b05096333,3,200,127155,15.321,447.666,284040
1787812545866,8f2e4d7d-498d-7300-494d-d801cfe79269,/?crawl=46,0,200,92097,56.162,363.144,253610
1787812542851,331385a9-7318-219a-59f0-3ebce55bbba8,/p/3/c7728f7fd1d8d2c2,2,200,306158,180.818,3464.726,88364
1787812542335,63feb0eb-2564-8058-5024-1e4cb93e9190,/p/0/43bc1812a805d245,2,200,205020,334.190,4058.733,50513
1787812544480,d23f0858-b1f7-bef1-1fdf-a9606a32322a,/p/0/fa1a957d8a0b811a,1,200,131026,75.535,1969.849,66516
1787812545491,1ff3bcd1-0da7-cd02-1374-522545639cba,/p/0/4d79c33b050964e6,3,200,462564,15.308,1008.345,458736
1787812545654,63feb0eb-2564-8058-5024-1e4cb93e9190,/p/4/f2e85ca86133d7a0,3,200,58297,286.127,1285.695,45343
1787812545866,470096c7-fd9e-c4f0-2fd2-4cde63612b99,/?crawl=45,0,200,287386,57.785,1135.724,253042
1787812545091,7d9bd299-f439-b81d-f69e-7c44eab037c8,/p/0/20ef3f38b3416b8d,1,200,150889,36.815,1960.547,76963
1787812547002,470096c7-fd9e-c4f0-2fd2-4cde63612b99,/p/0/66b03c1ff570843b,1,200,25032,57.568,142.621,175514
1787812538866,321a4300-0258-0b4e-ecc7-17716e887cda,/?crawl=33,0,200,5223422,26.061,8605.991,606952
1787812547002,470096c7-fd9e-c4f0-2fd2-4cde63612b99,/p/1/66b03e1ff57087a1,1,200,52331,198.821,596.645,87709
1787812531866,ed44bc0f-ef2d-a9ce-7a2d-62863ae567a0,/?crawl=20,0,200,5225825,43.140,15814.129,330453
1787812543475,8932535e-9b64-cb37-fd14-1d68673e7fd8,/p/4/8860f44f06379170,1,200,351840,304.261,4224.076,83294
1787812528007,e74dc3e9-9b81-1c67-b868-f59eb1ef8038,/p/0/4e7f8fd3f1664061,1,200,3155709,56.477,19865.912,158850
1787812546867,1e6d9d81-8b6c-6e3a-7184-79ceb2af2878,/?crawl=49,0,200,362573,52.671,1026.951,353058
1787812546867,65e643b8-1fe4-00ce-db24-fee708c914ce,/?crawl=50,0,200,497095,33.192,1047.213,474684
1787812543475,8932535e-9b64-cb37-fd14-1d68673e7fd8,/p/0/8860f54f06379323,1,200,394850,149.492,4452.564,88679
1787812542851,331385a9-7318-219a-59f0-3ebce55bbba8,/p/0/c7728d7fd1d8cf5c,2,200,486296,151.027,5100.488,95343
1787812547002,470096c7-fd9e-c4f0-2fd2-4cde63612b99,/p/0/66b03d1ff57085ee,1,200,141558,142.725,1022.384,138459
1787812545091,7d9bd299-f439-b81d-f69e-7c44eab037c8,/p/0/20ef3c38b3416674,1,200,284313,36.817,2933.742,96911
1787812545091,7d9bd299-f439-b81d-f69e-7c44eab037c8,/p/5/20ef3e38b34169da,1,200,268259,36.764,2948.803,90972
1787812542885,9faa9546-7464-257f-611f-fdcf1ef233cd,/p/2/b459939647dc5fed,1,200,5954293,12.822,5169.465,1151820
1787812546316,331385a9-7318-219a-59f0-3ebce55bbba8,/p/0/e563c547388ae806,3,200,130504,193.632,1846.592,70673
1787812548055,9faa9546-7464-257f-611f-fdcf1ef233cd,/p/1/f774e12897280ba4,2,200,39523,11.963,132.246,298859
1787812548055,9faa9546-7464-257f-611f-fdcf1ef233cd,/p/0/f774e32897280f0a,2,200,146302,11.984,237.714,615455
1787812547894,1e6d9d81-8b6c-6e3a-7184-79ceb2af2878,/p/0/1906e8a9a304af55,1,200,64621,89.365,428.124,150940
1787812547866,d179d41e-b523-39e2-94e1-1eb7aef09fe5,/?crawl=51,0,200,177660,58.706,712.464,249360
1787812548187,9faa9546-7464-257f-611f-fdcf1ef233cd,/p/0/d4939662b8ed1a1c,3,200,111010,62.778,505.807,219471
1787812548055,9faa9546-7464-257f-611f-fdcf1ef233cd,/p/0/f774e22897280d57,2,200,187501,37.977,687.733,272636
1787812546229,8f2e4d7d-498d-7300-494d-d801cfe79269,/p/0/ac713e07379fa568,1,200,188678,86.382,2522.685,74793
1787812547873,e74dc3e9-9b81-1c67-b868-f59eb1ef8038,/p/7/16ba097405eb8b41,7,200,121061,131.341,948.752,127600
1787812547599,470096c7-fd9e-c4f0-2fd2-4cde63612b99,/p/0/fb6ecd0e9b4fde91,2,200,93835,312.528,1248.485,75159
1787812546939,63feb0eb-2564-8058-5024-1e4cb93e9190,/p/3/6ab17e0ffc671114,4,200,80702,262.195,2121.565,38039
1787812526049,28cc50e5-3465-4b99-2b80-02383cb906cd,/p/1/c2fd8e056d08016d,1,200,6079367,100.635,23047.699,263773
1787812544480,d23f0858-b1f7-bef1-1fdf-a9606a32322a,/p/0/fa1a947d8a0b7f67,1,200,406802,191.519,4704.676,86468
1787812549096,28cc50e5-3465-4b99-2b80-02383cb906cd,/p/0/1af64c81ce9ddb1d,2,200,14266,52.024,103.177,138267
1787812548821,e74dc3e9-9b81-1c67-b868-f59eb1ef8038,/p/0/16ba087405eb898e,7,200,43384,111.051,460.423,94226
1787812543715,29e71566-23fb-c266-6f70-fdb259fb1808,/p/0/2b9bf2cabb4bf927,1,200,513599,60.612,5720.414,89784
1787812547599,470096c7-fd9e-c4f0-2fd2-4cde63612b99,/p/0/fb6eca0e9b4fd978,2,200,152575,283.595,1843.665,82756
1787812549061,63feb0eb-2564-8058-5024-1e4cb93e9190,/p/0/6ab1800ffc67147a,4,200,25215,263.006,454.591,55467
1787812547680,ed44bc0f-ef2d-a9ce-7a2d-62863ae567a0,/p/0/a597f27ffc56ab2,1,200,283455,151.758,1970.172,143873
1787812544480,d23f0858-b1f7-bef1-1fdf-a9606a32322a,/p/8/fa1a937d8a0b7db4,1,200,448000,269.936,5285.974,84753
1787812536831,d8034ba6-4789-5f97-4360-1ea481a9ca9b,/p/9/39167d7239380df7,1,200,2240689,117.668,12987.195,172531
1787812547680,ed44bc0f-ef2d-a9ce-7a2d-62863ae567a0,/p/10/a597d27ffc5674c,1,200,245047,87.166,2157.408,113584
1787812547914,65e643b8-1fe4-00ce-db24-fee708c914ce,/p/0/3994613c36918f89,1,200,278317,30.142,1938.921,143542
1787812547894,1e6d9d81-8b6c-6e3a-7184-79ceb2af2878,/p/0/1906e6a9a304abef,1,200,497189,30.155,2047.905,242779
1787812549866,6989ced1-4e36-73a0-d057-df18438d76d0,/?crawl=52,0,200,22829,48.548,94.247,242225
1787812545866,7c1e49a5-1a38-8625-e86a-7a995365ad59,/?crawl=48,0,200,5809357,13.060,4157.187,1397425
1787812549766,d23f0858-b1f7-bef1-1fdf-a9606a32322a,/p/0/e25f0b3e4386c61,2,200,41499,76.327,272.328,152386
1787812547894,1e6d9d81-8b6c-6e3a-7184-79ceb2af2878,/p/0/1906e7a9a304ada2,1,200,499454,103.392,2168.468,230326
1787812548039,7d9bd299-f439-b81d-f69e-7c44eab037c8,/p/0/90e8f72529b72fed,2,200,173583,234.259,2054.497,84489
1787812547914,65e643b8-1fe4-00ce-db24-fee708c914ce,/p/5/39945f3c36918c23,1,200,491615,45.030,2341.417,209965
1787812549819,d8034ba6-4789-5f97-4360-1ea481a9ca9b,/p/8/4cd715588c21e05f,2,200,51811,305.890,477.478,108510
1787812543715,29e71566-23fb-c266-6f70-fdb259fb1808,/p/0/2b9bf4cabb4bfc8d,1,200,521961,184.003,6619.791,78849
1787812548579,d179d41e-b523-39e2-94e1-1eb7aef09fe5,/p/3/a62a09dea1f69610,1,200,168256,168.915,1799.054,93525
1787812546229,8f2e4d7d-498d-7300-494d-d801cfe79269,/p/0/ac714007379fa8ce,1,200,499440,57.110,4183.610,119380
1787812547680,ed44bc0f-ef2d-a9ce-7a2d-62863ae567a0,/p/0/a597e27ffc568ff,1,200,437155,43.820,2776.086,157472
1787812549838,ed44bc0f-ef2d-a9ce-7a2d-62863ae567a0,/p/0/4192951ef5e9be6d,2,200,26852,618.727,618.894,43387
1787812549838,ed44bc0f-ef2d-a9ce-7a2d-62863ae567a0,/p/0/4192921ef5e9b954,2,200,420787,618.886,630.279,667621
1787812547914,65e643b8-1fe4-00ce-db24-fee708c914ce,/p/0/39945e3c36918a70,1,200,420932,30.163,2566.963,163981
1787812547599,470096c7-fd9e-c4f0-2fd2-4cde63612b99,/p/0/fb6ecc0e9b4fdcde,2,200,446106,397.667,3007.597,148326
1787812545654,63feb0eb-2564-8058-5024-1e4cb93e9190,/p/0/f2e85ea86133db06,3,200,259827,262.353,4985.269,52119
1787812545491,1ff3bcd1-0da7-cd02-1374-522545639cba,/p/8/4d79c43b05096699,3,200,4583786,47.101,5259.683,871495
1787812549866,9be8c8ed-4ea5-2062-ff35-3b8a81f1f7ed,/?crawl=54,0,200,312601,45.191,943.609,331282
1787812546316,331385a9-7318-219a-59f0-3ebce55bbba8,/p/2/e563c347388ae4a0,3,200,482039,178.559,4500.879,107099
1787812546229,8f2e4d7d-498d-7300-494d-d801cfe79269,/p/0/ac713f07379fa71b,1,200,507953,170.187,4655.965,109097
1787812547699,8932535e-9b64-cb37-fd14-1d68673e7fd8,/p/0/ab82372466b7ef82,2,200,205247,228.569,3271.730,62733
1787812550866,0680c16d-18ab-b5a6-fb8a-c7d863e58fa9,/?crawl=55,0,200,101427,35.778,247.345,410063
1787812538658,c5aa0efa-81cb-c472-cc06-ea5a979bd993,/p/3/7c18923206f699b7,3,200,2694476,150.351,12514.938,215301
1787812549866,d32de357-8cc0-e20a-ebf9-a4cc09761d0b,/?crawl=53,0,200,283664,73.117,1429.322,198461
1787812550810,9be8c8ed-4ea5-2062-ff35-3b8a81f1f7ed,/p/0/873db3b288fd62bc,1,200,44001,230.358,572.481,76860
1787812550817,331385a9-7318-219a-59f0-3ebce55bbba8,/p/0/324a6570f63f3760,4,200,26088,164.524,616.795,42296
1787812550256,65e643b8-1fe4-00ce-db24-fee708c914ce,/p/0/fdc6c6e4b6a795a0,2,200,160317,195.438,1213.255,132138
1787812543062,8cb74705-6b91-38bf-1a7e-0901efe0c132,/p/0/bf70d615b4b56429,2,200,6266385,18.104,8439.374,742518
1787812548039,7d9bd299-f439-b81d-f69e-7c44eab037c8,/p/4/90e8f62529b72e3a,2,200,416715,172.827,3672.898,113457
1787812539642,8992b43b-4174-a0c1-16dc-9bd47c511dd8,/p/1/9c28e34a43d21547,1,200,3101523,611.900,12206.987,254078
1787812549096,28cc50e5-3465-4b99-2b80-02383cb906cd,/p/0/1af64981ce9dd604,2,200,373173,103.221,2784.603,134013
1787812550256,65e643b8-1fe4-00ce-db24-fee708c914ce,/p/4/fdc6c7e4b6a79753,2,200,284633,195.509,1687.022,168719
1787812548579,d179d41e-b523-39e2-94e1-1eb7aef09fe5,/p/0/a62a0bdea1f69976,1,200,236000,168.990,3549.981,66479
1787812551849,8992b43b-4174-a0c1-16dc-9bd47c511dd8,/p/0/5b6ca4d17cfeda20,2,200,257263,2.707,336.451,764638
1787812551849,8992b43b-4174-a0c1-16dc-9bd47c511dd8,/p/0/5b6ca5d17cfedbd3,2,200,395136,3.467,339.719,1163125
1787812531006,e74dc3e9-9b81-1c67-b868-f59eb1ef8038,/p/0/66e9620c0de4baed,4,200,2786293,99.474,21197.810,131442
1787812550751,1ff3bcd1-0da7-cd02-1374-522545639cba,/p/0/d761b2d51095b084,4,200,508044,71.880,1505.528,337452
1787812551943,65e643b8-1fe4-00ce-db24-fee708c914ce,/p/0/1bb79050c982bf18,3,200,25873,168.053,349.671,73992
1787812549282,e74dc3e9-9b81-1c67-b868-f59eb1ef8038,/p/0/16ba077405eb87db,7,200,367158,98.696,3108.805,118103
1787812537773,c5aa0efa-81cb-c472-cc06-ea5a979bd993,/p/0/b26c68d8fdf157f6,2,200,3015364,99.528,14773.909,204101
1787812548039,7d9bd299-f439-b81d-f69e-7c44eab037c8,/p/0/90e8f42529b72ad4,2,200,388921,36.353,4517.370,86095
1787812537866,e07ca8dd-a6fc-0448-1afb-13a11a268b28,/?crawl=32,0,200,5198691,41.598,14746.323,352542
1787812551943,65e643b8-1fe4-00ce-db24-fee708c914ce,/p/3/1bb79150c982c0cb,3,200,81916,153.021,822.807,99557
1787812549766,d23f0858-b1f7-bef1-1fdf-a9606a32322a,/p/7/e25eeb3e43868fb,2,200,256864,272.222,3157.003,81363
1787812551712,7d9bd299-f439-b81d-f69e-7c44eab037c8,/p/0/43a41cfd26e23ee6,3,200,282366,358.811,1232.845,229036
1787812550256,65e643b8-1fe4-00ce-db24-fee708c914ce,/p/0/fdc6c9e4b6a79ab9,2,200,518091,149.963,2704.352,191577
1787812551295,d32de357-8cc0-e20a-ebf9-a4cc09761d0b,/p/0/ccfeb299cb2c7ed0,1,200,115979,71.692,1666.066,69613
1787812551295,d32de357-8cc0-e20a-ebf9-a4cc09761d0b,/p/0/ccfeb499cb2c8236,1,200,110098,249.293,1702.023,64687
1787812551712,7d9bd299-f439-b81d-f69e-7c44eab037c8,/p/0/43a41bfd26e23d33,3,200,380958,331.735,1318.059,289030
1787812551712,7d9bd299-f439-b81d-f69e-7c44eab037c8,/p/3/43a41dfd26e24099,3,200,312491,305.170,1337.668,233609
1787812551173,c5aa0efa-81cb-c472-cc06-ea5a979bd993,/p/2/c7d7bc560abfede2,4,200,90652,1402.373,1932.994,46897
1787812538657,c5aa0efa-81cb-c472-cc06-ea5a979bd993,/p/0/7c18943206f69d1d,3,200,4576023,150.323,14565.828,314162
1787812550810,9be8c8ed-4ea5-2062-ff35-3b8a81f1f7ed,/p/0/873db6b288fd67d5,1,200,391965,252.819,2440.863,160585
1787812548187,9faa9546-7464-257f-611f-fdcf1ef233cd,/p/0/d4939962b8ed1f35,3,200,2943581,81.317,5133.371,573421
1787812551849,8992b43b-4174-a0c1-16dc-9bd47c511dd8,/p/0/5b6ca7d17cfedf39,2,200,2977947,3.345,1658.019,1796088
1787812549819,d8034ba6-4789-5f97-4360-1ea481a9ca9b,/p/0/4cd717588c21e3c5,2,200,251300,291.163,3968.394,63325
1787812552391,e74dc3e9-9b81-1c67-b868-f59eb1ef8038,/p/0/5eee5e692e9ace44,8,200,169590,97.962,1409.547,120315
1787812549819,d8034ba6-4789-5f97-4360-1ea481a9ca9b,/p/0/4cd714588c21deac,2,200,212764,291.181,4064.708,52344
1787812553050,7d9bd299-f439-b81d-f69e-7c44eab037c8,/p/0/b4fef7c0936130f0,4,200,416886,23.795,837.268,497912
1787812553050,7d9bd299-f439-b81d-f69e-7c44eab037c8,/p/2/b4fef9c093613456,4,200,523352,4.955,874.446,598495
1787812541866,e51c2ccc-530c-0524-fc27-87f81183ca9e,/?crawl=39,0,200,3528037,53.024,12105.669,291437
1787812550817,331385a9-7318-219a-59f0-3ebce55bbba8,/p/1/324a6670f63f3913,4,200,398251,149.440,3167.796,125719
1787812553925,7d9bd299-f439-b81d-f69e-7c44eab037c8,/p/0/5c98bf71152e0742,5,200,25793,47.779,86.041,299775
1787812551172,c5aa0efa-81cb-c472-cc06-ea5a979bd993,/p/0/c7d7ba560abfea7c,4,200,146061,1402.883,2891.856,50508
1787812547699,8932535e-9b64-cb37-fd14-1d68673e7fd8,/p/3/ab82352466b7ec1c,2,200,510694,305.176,6388.492,79940
1787812547699,8932535e-9b64-cb37-fd14-1d68673e7fd8,/p/0/ab82362466b7edcf,2,200,447395,305.156,6388.475,70032
1787812553866,e0d036c2-b593-f2f7-d9b7-9fae6a22b46f,/?crawl=60,0,200,32761,121.465,305.779,107139
1787812548187,9faa9546-7464-257f-611f-fdcf1ef233cd,/p/0/d4939762b8ed1bcf,3,200,4120003,68.449,6019.994,684387
1787812553106,c5aa0efa-81cb-c472-cc06-ea5a979bd993,/p/1/7705d126e48d5ad3,5,200,81677,235.431,1408.814,57976
1787812553866,ce64557d-453a-515f-e207-e2cc57208192,/?crawl=57,0,200,211263,43.272,863.821,244568
1787812553925,7d9bd299-f439-b81d-f69e-7c44eab037c8,/p/1/5c98c071152e08f5,5,200,433963,47.786,816.041,531791
1787812554741,7d9bd299-f439-b81d-f69e-7c44eab037c8,/p/0/4aa630609338e771,6,200,7113,46.071,60.604,117368
1787812552766,65e643b8-1fe4-00ce-db24-fee708c914ce,/p/0/db5ebfbac7df721,4,200,216521,149.626,2075.354,104330
1787812550639,63feb0eb-2564-8058-5024-1e4cb93e9190,/p/0/9bc31b0448fc693e,5,200,178876,265.092,4230.804,42279
1787812550296,d8034ba6-4789-5f97-4360-1ea481a9ca9b,/p/0/c0bd8789a7d76ee5,3,200,345532,198.108,4614.086,74886
1787812545654,63feb0eb-2564-8058-5024-1e4cb93e9190,/p/0/f2e85da86133d953,3,200,491221,238.612,9287.707,52889
1787812551943,65e643b8-1fe4-00ce-db24-fee708c914ce,/p/0/1bb79350c982c431,3,200,349776,168.188,3035.863,115215
1787812521523,34b69e21-870e-7b51-cd5c-c6d7ebc990e9,/p/0/6c7444d39f053166,2,200,2406683,329.470,33557.072,71719
1787812550378,d179d41e-b523-39e2-94e1-1eb7aef09fe5,/p/2/27c2272683a3567e,2,200,383802,274.696,4952.009,77504
1787812553985,331385a9-7318-219a-59f0-3ebce55bbba8,/p/0/57db927da3657e8e,5,200,328487,666.041,1348.744,243550
1787812550378,d179d41e-b523-39e2-94e1-1eb7aef09fe5,/p/0/27c2282683a35831,2,200,486863,305.477,5205.496,93529
1787812553985,331385a9-7318-219a-59f0-3ebce55bbba8,/p/0/57db937da3658041,5,200,450559,666.259,1671.837,269499
1787812553866,108c8b66-9697-13f3-c04b-5ad9afcac289,/?crawl=58,0,200,318835,80.598,1815.036,175663
1787812538866,63135859-d311-aab9-b4d2-e0ee12621def,/?crawl=34,0,200,2521812,206.183,16879.681,149399
1787812554172,e0d036c2-b593-f2f7-d9b7-9fae6a22b46f,/p/2/150fa4cc85e3a088,1,200,46530,241.184,1655.538,28106
1787812554172,e0d036c2-b593-f2f7-d9b7-9fae6a22b46f,/p/0/150fa5cc85e3a23b,1,200,66319,298.858,1675.935,39571
1787812546939,63feb0eb-2564-8058-5024-1e4cb93e9190,/p/0/6ab17f0ffc6712c7,4,200,515928,239.134,9026.132,57159
1787812554514,c5aa0efa-81cb-c472-cc06-ea5a979bd993,/p/0/d4f65522f6337d8c,6,200,181261,197.219,1639.244,110576
1787812550296,d8034ba6-4789-5f97-4360-1ea481a9ca9b,/p/7/c0bd8689a7d76d32,3,200,462895,217.182,5955.956,77720
1787812554088,8932535e-9b64-cb37-fd14-1d68673e7fd8,/p/0/439933622bbe042b,3,200,126064,229.214,2418.681,52121
1787812555746,63135859-d311-aab9-b4d2-e0ee12621def,/p/0/429ff267c4087043,1,200,58227,73.527,818.691,71122
1787812555866,fc97bfa7-235d-3fc5-1122-8ebed5c0cde0,/?crawl=62,0,200,359764,38.301,852.697,421913
1787812549838,ed44bc0f-ef2d-a9ce-7a2d-62863ae567a0,/p/9/4192931ef5e9bb07,2,200,5507781,618.895,6910.578,797007
1787812535580,fe9f5242-1dee-d8c5-2769-78aba5955fb8,/p/0/a5ac2914a49d1997,1,200,3714884,53.150,21302.077,174391
1787812553972,e51c2ccc-530c-0524-fc27-87f81183ca9e,/p/5/98319f6d26b1067a,1,200,301344,299.171,2953.913,102015
1787812550296,d8034ba6-4789-5f97-4360-1ea481a9ca9b,/p/0/c0bd8489a7d769cc,3,200,511210,217.193,6651.799,76853
1787812556748,ed44bc0f-ef2d-a9ce-7a2d-62863ae567a0,/p/0/63b2fbd322013220,3,200,48987,64.366,365.916,133875
1787812556719,fc97bfa7-235d-3fc5-1122-8ebed5c0cde0,/p/0/3be45087af198e61,1,200,54423,34.237,402.743,135131
1787812531006,e74dc3e9-9b81-1c67-b868-f59eb1ef8038,/p/0/66e95f0c0de4b5d4,4,200,3746150,118.006,26343.577,142204
1787812552923,d23f0858-b1f7-bef1-1fdf-a9606a32322a,/p/0/4c37f4e496d83649,3,200,190425,462.967,4629.094,41137
1787812553106,c5aa0efa-81cb-c472-cc06-ea5a979bd993,/p/0/7705d326e48d5e39,5,200,458865,196.094,4573.049,100341
1787812555334,331385a9-7318-219a-59f0-3ebce55bbba8,/p/0/57db907da3657b28,5,200,424977,328.224,2350.882,180773
1787812555330,d179d41e-b523-39e2-94e1-1eb7aef09fe5,/p/0/f134e7a7df438ac,3,200,246661,150.152,2414.368,102164
1787812556252,d8034ba6-4789-5f97-4360-1ea481a9ca9b,/p/0/80b608eddd171e75,4,200,102542,196.127,1553.391,66012
1787812554730,ce64557d-453a-515f-e207-e2cc57208192,/p/1/1aa80a101d985a82,1,200,383767,300.155,3263.135,117607
1787812554730,ce64557d-453a-515f-e207-e2cc57208192,/p/0/1aa80b101d985c35,1,200,366096,122.440,3263.398,112182
1787812536619,09982139-5e76-f214-cc24-4e66c50bbb4e,/p/4/6b54c714d4dd6dce,2,200,6233660,237.402,21432.708,290848
1787812555330,d179d41e-b523-39e2-94e1-1eb7aef09fe5,/p/1/f13507a7df43c12,3,200,330198,225.709,2744.940,120293
1787812554514,c5aa0efa-81cb-c472-cc06-ea5a979bd993,/p/0/d4f65822f63382a5,6,200,393911,216.423,3880.617,101507
1787812529398,e74dc3e9-9b81-1c67-b868-f59eb1ef8038,/p/0/2059dcba701f79c1,2,200,3764686,96.548,29065.191,129526
1787812556252,d8034ba6-4789-5f97-4360-1ea481a9ca9b,/p/6/80b607eddd171cc2,4,200,205940,215.449,2259.268,91153
1787812553866,1cf52f86-b72d-b329-7e9f-ab00fc76d7b0,/?crawl=59,0,200,219273,305.761,4654.543,47109
1787812554088,8932535e-9b64-cb37-fd14-1d68673e7fd8,/p/2/439932622bbe0278,3,200,339586,191.154,4449.491,76320
1787812552923,d23f0858-b1f7-bef1-1fdf-a9606a32322a,/p/6/4c37f2e496d832e3,3,200,282044,423.623,5671.193,49733
1787812554088,8932535e-9b64-cb37-fd14-1d68673e7fd8,/p/0/439934622bbe05de,3,200,470616,76.578,4983.985,94426
1787812558075,d179d41e-b523-39e2-94e1-1eb7aef09fe5,/p/0/1e251430257da14a,4,200,108414,186.879,1131.009,95856
1787812538196,fe9f5242-1dee-d8c5-2769-78aba5955fb8,/p/11/4374c64c414db59a,2,200,4432203,255.217,21056.722,210489
1787812555828,e0d036c2-b593-f2f7-d9b7-9fae6a22b46f,/p/1/9fad1ee20bb18108,2,200,322035,235.572,3449.227,93364
1787812556748,ed44bc0f-ef2d-a9ce-7a2d-62863ae567a0,/p/0/63b2fed322013739,3,200,416161,42.866,2615.811,159094
1787812556748,ed44bc0f-ef2d-a9ce-7a2d-62863ae567a0,/p/8/63b2fdd322013586,3,200,434671,236.055,2690.449,161561
1787812551866,12028cc7-a6cb-1a51-d45d-d5f675c8e8a9,/?crawl=56,0,200,2958822,37.131,7577.528,390473
1787812553972,e51c2ccc-530c-0524-fc27-87f81183ca9e,/p/0/98319d6d26b10314,1,200,433275,52.880,5555.300,77993
1787812556866,7f448789-bd91-b2b9-e95f-95b6d3b2cce0,/?crawl=64,0,200,2635860,252.192,2989.061,881836
1787812559444,12028cc7-a6cb-1a51-d45d-d5f675c8e8a9,/p/0/ae125e6db2334ee2,1,200,45086,240.729,481.665,93604
1787812559855,7f448789-bd91-b2b9-e95f-95b6d3b2cce0,/p/0/62b8fb42d84f7a87,1,200,101017,55.353,205.466,491648
1787812556926,e51c2ccc-530c-0524-fc27-87f81183ca9e,/p/4/b76f83b21eb862c9,2,200,168733,321.835,3266.363,51658
1787812559855,7f448789-bd91-b2b9-e95f-95b6d3b2cce0,/p/1/62b8fa42d84f78d4,1,200,179815,6.544,347.626,517266
1787812555681,108c8b66-9697-13f3-c04b-5ad9afcac289,/p/0/d4e70c28db694021,1,200,266081,74.444,4590.744,57960
1787812555746,63135859-d311-aab9-b4d2-e0ee12621def,/p/1/429ff467c40873a9,1,200,439098,259.393,4531.537,96898
1787812558511,d8034ba6-4789-5f97-4360-1ea481a9ca9b,/p/0/2ee4a6d3c5962f16,5,200,62814,238.006,1773.908,35410
1787812559855,7f448789-bd91-b2b9-e95f-95b6d3b2cce0,/p/0/62b8fc42d84f7c3a,1,200,343582,49.308,486.959,705566
1787812559868,5bf49a11-3401-a7a4-7d34-f0e4ab04e2d3,/?crawl=67,0,200,113776,92.031,609.306,186731
1787812557993,ce64557d-453a-515f-e207-e2cc57208192,/p/0/ef15028250f16298,2,200,408538,971.070,2603.980,156890
1787812560477,5bf49a11-3401-a7a4-7d34-f0e4ab04e2d3,/p/17/1cf7fa5b96205b0d,1,200,18713,264.525,373.830,50058
1787812536313,0749ca82-1e65-8f0a-ba8a-b79b9d25deac,/p/0/15e120a3b744dd56,4,200,2918848,901.237,24565.809,118817
1787812560278,63135859-d311-aab9-b4d2-e0ee12621def,/p/0/5652738044150d4e,2,200,17663,504.459,616.212,28664
1787812554172,e0d036c2-b593-f2f7-d9b7-9fae6a22b46f,/p/0/150fa6cc85e3a3ee,1,200,439825,116.869,6749.032,65169
1787812560204,7f448789-bd91-b2b9-e95f-95b6d3b2cce0,/p/0/14e0d3142738349e,2,200,360389,138.804,810.431,444688
1787812559867,a7d0117f-003c-b893-d416-ea849f48a0e9,/?crawl=68,0,200,291097,74.284,1259.749,231075
1787812560204,7f448789-bd91-b2b9-e95f-95b6d3b2cce0,/p/0/14e0d41427383651,2,200,387981,138.978,1175.039,330186
1787812560203,7f448789-bd91-b2b9-e95f-95b6d3b2cce0,/p/0/14e0d11427383138,2,200,401794,139.230,1192.097,337048
1787812549096,28cc50e5-3465-4b99-2b80-02383cb906cd,/p/0/1af64b81ce9dd96a,2,200,2938020,103.218,12334.818,238189
1787812556252,d8034ba6-4789-5f97-4360-1ea481a9ca9b,/p/0/80b605eddd17195c,4,200,468107,255.923,5336.497,87718
1787812559253,fe9f5242-1dee-d8c5-2769-78aba5955fb8,/p/0/d54ea5396dd9b1c5,3,200,301202,38.261,2336.836,128893
1787812555681,108c8b66-9697-13f3-c04b-5ad9afcac289,/p/5/d4e70a28db693cbb,1,200,465075,268.605,5910.990,78680
1787812545866,0cac6aae-1489-56e0-7461-86608a6b60d9,/?crawl=47,0,200,341122,776.235,16007.221,21311
1787812552923,d23f0858-b1f7-bef1-1fdf-a9606a32322a,/p/0/4c37f1e496d83130,3,200,451136,386.536,8956.224,50371
1787812559253,fe9f5242-1dee-d8c5-2769-78aba5955fb8,/p/10/d54ea3396dd9ae5f,3,200,446068,113.596,2664.097,167437
1787812534866,71d51f65-0f4a-4aae-f6b2-ad04f139a00e,/?crawl=27,0,200,5525799,71.808,27123.802,203725
1787812558594,d23f0858-b1f7-bef1-1fdf-a9606a32322a,/p/0/b58a6fa41cbb146a,4,200,146259,460.434,3556.576,41124
1787812541805,e74dc3e9-9b81-1c67-b868-f59eb1ef8038,/p/0/cf92077e18a4b99e,6,200,2851486,120.766,20413.716,139685
1787812561866,0fb30b2c-7f00-9973-50c9-e1a66649e8ac,/?crawl=69,0,200,478548,13.330,390.204,1226405
1787812551296,d32de357-8cc0-e20a-ebf9-a4cc09761d0b,/p/0/ccfeb599cb2c83e9,1,200,4253653,71.612,11038.446,385349
1787812560192,e51c2ccc-530c-0524-fc27-87f81183ca9e,/p/0/cbfe66d857bce706,3,200,47767,724.188,2160.826,22106
1787812561866,0583420b-7232-d146-2f4b-1142cd2b8778,/?crawl=70,0,200,482689,17.415,529.012,912435
1787812557993,ce64557d-453a-515f-e207-e2cc57208192,/p/0/ef15058250f167b1,2,200,410139,972.825,4416.653,92862
1787812554730,ce64557d-453a-515f-e207-e2cc57208192,/p/0/1aa808101d98571c,1,200,2625687,40.530,7682.848,341760
1787812562395,0583420b-7232-d146-2f4b-1142cd2b8778,/p/0/9aff6f829c9281cb,1,200,36612,17.554,59.821,612027
1787812550751,1ff3bcd1-0da7-cd02-1374-522545639cba,/p/7/d761b3d51095b237,4,200,5560372,71.898,11865.484,468617
1787812562256,0fb30b2c-7f00-9973-50c9-e1a66649e8ac,/p/5/d274f3d75a6e603,1,200,185415,39.657,533.744,347386
1787812539915,331385a9-7318-219a-59f0-3ebce55bbba8,/p/0/1bcb4bac9ad28ae9,1,200,4033608,168.399,22944.298,175800
1787812560192,e51c2ccc-530c-0524-fc27-87f81183ca9e,/p/3/cbfe67d857bce8b9,3,200,119904,374.144,2740.054,43760
1787812562256,0fb30b2c-7f00-9973-50c9-e1a66649e8ac,/p/0/d27513d75a6e969,1,200,297628,15.044,789.733,376872
1787812561917,fe9f5242-1dee-d8c5-2769-78aba5955fb8,/p/0/6df29844d4bbbd2,4,200,46273,282.588,1138.408,40647
1787812561990,71d51f65-0f4a-4aae-f6b2-ad04f139a00e,/p/2/76ef27ca6b2a7139,1,200,64409,69.980,1107.881,58137
1787812562395,0583420b-7232-d146-2f4b-1142cd2b8778,/p/0/9aff70829c92837e,1,200,347004,59.777,778.612,445670
1787812562395,0583420b-7232-d146-2f4b-1142cd2b8778,/p/5/9aff71829c928531,1,200,444842,17.444,906.132,490924
1787812559439,ed44bc0f-ef2d-a9ce-7a2d-62863ae567a0,/p/7/6f828b6fd6b1ddfe,4,200,411123,76.179,3891.751,105640
1787812550751,1ff3bcd1-0da7-cd02-1374-522545639cba,/p/0/d761b5d51095b59d,4,200,5469039,16.433,12593.607,434271
1787812562616,1ff3bcd1-0da7-cd02-1374-522545639cba,/p/0/8fcf8a36f0572e8b,5,200,212572,77.701,924.003,230056
1787812561917,fe9f5242-1dee-d8c5-2769-78aba5955fb8,/p/9/6df27844d4bb86c,4,200,210681,318.650,1636.309,128754
1787812562866,18a30cde-efa9-2e06-c7ee-862256ca2fbd,/?crawl=73,0,200,504921,26.750,782.286,645443
1787812563648,18a30cde-efa9-2e06-c7ee-862256ca2fbd,/p/0/e0c07369dec1a65e,1,200,33941,21.602,70.051,484520
1787812561866,90b20640-f595-53b4-cafb-11365dc0d2d0,/?crawl=71,0,200,361806,79.788,1950.615,185483
1787812562790,0fb30b2c-7f00-9973-50c9-e1a66649e8ac,/p/4/9e2cac445ebe0ec5,2,200,321605,79.130,1028.404,312722
1787812558511,d8034ba6-4789-5f97-4360-1ea481a9ca9b,/p/0/2ee4a5d3c5962d63,5,200,482853,202.630,5437.182,88806
1787812563819,0fb30b2c-7f00-9973-50c9-e1a66649e8ac,/p/3/37850116db983566,3,200,76125,95.168,303.731,250633
1787812563301,0583420b-7232-d146-2f4b-1142cd2b8778,/p/0/955fc3f5425b1d0c,2,200,244856,18.885,862.990,283730
1787812562790,0fb30b2c-7f00-9973-50c9-e1a66649e8ac,/p/0/9e2cab445ebe0d12,2,200,360794,73.041,1444.026,249853
1787812560277,63135859-d311-aab9-b4d2-e0ee12621def,/p/0/5652728044150b9b,2,200,188830,430.417,4019.099,46983
1787812563648,18a30cde-efa9-2e06-c7ee-862256ca2fbd,/p/0/e0c07269dec1a4ab,1,200,193025,112.920,666.385,289660
1787812562932,e51c2ccc-530c-0524-fc27-87f81183ca9e,/p/2/62db96fd3af5dcb4,4,200,72189,300.644,1442.066,50059
1787812539915,331385a9-7318-219a-59f0-3ebce55bbba8,/p/0/1bcb48ac9ad285d0,1,200,4788856,168.294,24460.503,195779
1787812542866,a350c9e6-f13c-9da5-e0ca-0ad0e8044e1a,/?crawl=44,0,200,4423219,67.743,21573.951,205026
1787812559277,e0d036c2-b593-f2f7-d9b7-9fae6a22b46f,/p/0/2d7d77403e8214d,3,200,341437,348.381,5170.138,66040
1787812558537,8932535e-9b64-cb37-fd14-1d68673e7fd8,/p/0/38d4cda8eb10640,4,200,292879,609.610,5981.905,48961
1787812563553,fe9f5242-1dee-d8c5-2769-78aba5955fb8,/p/0/7ff8d1f6f4ff3870,5,200,257801,329.531,966.309,266789
1787812562866,a5349b38-cbfc-4df3-d9e0-7f93099f73d0,/?crawl=72,0,200,521681,48.966,1671.436,312115
1787812559277,e0d036c2-b593-f2f7-d9b7-9fae6a22b46f,/p/0/2d7d57403e81de7,3,200,370215,348.497,5316.099,69640
1787812563648,18a30cde-efa9-2e06-c7ee-862256ca2fbd,/p/1/e0c07169dec1a2f8,1,200,397564,69.988,951.548,417808
1787812564600,18a30cde-efa9-2e06-c7ee-862256ca2fbd,/p/0/8ac1ecb4a77c5f64,2,200,7585,21.767,34.457,220128
1787812554866,16864d94-b0b1-7c67-8072-6515eeb7838a,/?crawl=61,0,200,4140516,44.358,9810.254,422060
1787812564676,16864d94-b0b1-7c67-8072-6515eeb7838a,/p/0/a879fc2a1a7e9a01,1,200,39332,41.281,145.550,270230
1787812563553,fe9f5242-1dee-d8c5-2769-78aba5955fb8,/p/0/7ff8d4f6f4ff3d89,5,200,279170,330.086,1309.670,213161
1787812564600,18a30cde-efa9-2e06-c7ee-862256ca2fbd,/p/0/8ac1efb4a77c647d,2,200,122690,45.614,378.641,324027
1787812532782,e74dc3e9-9b81-1c67-b868-f59eb1ef8038,/p/0/85b83edab4ace2c4,5,200,4320478,119.219,32210.306,134133
1787812564866,1ab85c26-3c31-03fe-56cf-9e345653fe8a,/?crawl=75,0,200,153089,16.122,136.587,1120814
1787812564866,6f0efafe-e89d-5630-efce-78caa6d5edb0,/?crawl=76,0,200,125803,24.221,167.175,752522
1787812563819,0fb30b2c-7f00-9973-50c9-e1a66649e8ac,/p/0/3784ff16db983200,3,200,184141,65.045,1231.314,149548
1787812565034,6f0efafe-e89d-5630-efce-78caa6d5edb0,/p/0/c1d41e3dc5c874bd,1,200,8524,18.525,27.521,309731
1787812561990,71d51f65-0f4a-4aae-f6b2-ad04f139a00e,/p/0/76ef25ca6b2a6dd3,1,200,196793,138.694,3148.500,62504
1787812550810,9be8c8ed-4ea5-2062-ff35-3b8a81f1f7ed,/p/3/873db4b288fd646f,1,200,4316323,44.059,14342.014,300957
1787812565003,1ab85c26-3c31-03fe-56cf-9e345653fe8a,/p/0/553e729b5a63691d,1,200,90526,22.089,162.263,557897
1787812563819,0fb30b2c-7f00-9973-50c9-e1a66649e8ac,/p/0/37850216db983719,3,200,311900,64.940,1514.739,205910
1787812556926,e51c2ccc-530c-0524-fc27-87f81183ca9e,/p/0/b76f82b21eb86116,2,200,439395,321.849,8440.279,52059
1787812558594,d23f0858-b1f7-bef1-1fdf-a9606a32322a,/p/5/b58a70a41cbb161d,4,200,294905,535.251,6774.432,43532
1787812558594,d23f0858-b1f7-bef1-1fdf-a9606a32322a,/p/0/b58a6ea41cbb12b7,4,200,505050,422.139,6779.486,74497
1787812564600,18a30cde-efa9-2e06-c7ee-862256ca2fbd,/p/0/8ac1edb4a77c6117,2,200,373048,34.377,795.399,469007
1787812565003,1ab85c26-3c31-03fe-56cf-9e345653fe8a,/p/0/553e6f9b5a636404,1,200,257019,14.463,433.562,592808
1787812564234,0fb30b2c-7f00-9973-50c9-e1a66649e8ac,/p/0/ce414c9e48988a49,4,200,286096,60.346,1227.125,233143
1787812565369,d23f0858-b1f7-bef1-1fdf-a9606a32322a,/p/0/e15a52e902f6158b,5,200,157836,127.312,238.020,663121
1787812561593,108c8b66-9697-13f3-c04b-5ad9afcac289,/p/4/f74611d0f70c1966,2,200,118165,440.810,4014.248,29436
1787812565368,d23f0858-b1f7-bef1-1fdf-a9606a32322a,/p/0/e15a53e902f6173e,5,200,233765,127.393,252.079,927347
1787812565369,d23f0858-b1f7-bef1-1fdf-a9606a32322a,/p/4/e15a51e902f613d8,5,200,54771,127.239,265.179,206543
1787812565003,1ab85c26-3c31-03fe-56cf-9e345653fe8a,/p/2/553e719b5a63676a,1,200,489793,40.136,670.525,730462
1787812560277,63135859-d311-aab9-b4d2-e0ee12621def,/p/0/5652748044150f01,2,200,271270,467.720,5403.118,50206
1787812564676,16864d94-b0b1-7c67-8072-6515eeb7838a,/p/0/a879f92a1a7e94e8,1,200,129397,207.313,1077.965,120038
1787812565674,1ab85c26-3c31-03fe-56cf-9e345653fe8a,/p/0/accdd9742e0a3cc5,2,200,114927,56.363,265.544,432799
1787812564122,0fb30b2c-7f00-9973-50c9-e1a66649e8ac,/p/2/ce414b9e48988896,4,200,409701,61.910,1844.156,222162
1787812565674,1ab85c26-3c31-03fe-56cf-9e345653fe8a,/p/0/accdd6742e0a37ac,2,200,159482,24.369,300.283,531106
1787812565866,2a2268c8-9112-1d57-fb69-190a46be0fff,/?crawl=78,0,200,74769,34.732,182.748,409138
1787812563331,ed44bc0f-ef2d-a9ce-7a2d-62863ae567a0,/p/0/6111ce5803995cec,5,200,189385,297.009,2729.076,69395
1787812565674,1ab85c26-3c31-03fe-56cf-9e345653fe8a,/p/1/accdd7742e0a395f,2,200,276334,11.477,455.303,606924
1787812564866,eb7e981e-236e-e62e-fcbd-039d90b367ca,/?crawl=77,0,200,368286,53.534,1368.314,269153
1787812566129,1ab85c26-3c31-03fe-56cf-9e345653fe8a,/p/0/501624f987dff028,3,200,67424,11.040,122.068,552349
1787812565050,0fb30b2c-7f00-9973-50c9-e1a66649e8ac,/p/0/ce41499e48988530,4,200,407326,103.854,1280.561,318084
1787812558537,8932535e-9b64-cb37-fd14-1d68673e7fd8,/p/1/38d4dda8eb107f3,4,200,500115,496.645,7822.386,63934
1787812558537,8932535e-9b64-cb37-fd14-1d68673e7fd8,/p/0/38d4fda8eb10b59,4,200,439548,573.314,7822.637,56189
1787812565634,d23f0858-b1f7-bef1-1fdf-a9606a32322a,/p/3/7013a703d53e8e21,6,200,109501,858.151,861.028,127175
1787812565634,d23f0858-b1f7-bef1-1fdf-a9606a32322a,/p/0/7013a503d53e8abb,6,200,160442,857.876,864.297,185633
1787812565634,d23f0858-b1f7-bef1-1fdf-a9606a32322a,/p/0/7013a603d53e8c6e,6,200,176464,857.606,865.668,203847
1787812559867,5da666f7-3930-edb3-8a37-ce435aa8f714,/?crawl=66,0,200,4666522,30.867,6634.808,703339
1787812559253,fe9f5242-1dee-d8c5-2769-78aba5955fb8,/p/0/d54ea2396dd9acac,3,200,2463361,240.527,7290.801,337872
1787812564676,16864d94-b0b1-7c67-8072-6515eeb7838a,/p/3/a879fa2a1a7e969b,1,200,475694,145.483,1872.554,254035
1787812566129,1ab85c26-3c31-03fe-56cf-9e345653fe8a,/p/0/501627f987dff541,3,200,180770,35.725,420.386,430009
1787812563331,ed44bc0f-ef2d-a9ce-7a2d-62863ae567a0,/p/0/6111d15803996205,5,200,211049,254.210,3373.601,62559
1787812549766,d23f0858-b1f7-bef1-1fdf-a9606a32322a,/p/0/e25edb3e4386748,2,200,5092360,271.867,17063.734,298432
1787812561990,71d51f65-0f4a-4aae-f6b2-ad04f139a00e,/p/0/76ef26ca6b2a6f86,1,200,282678,207.705,4931.553,57320
1787812566866,1e46a455-56c8-91fa-0560-77e275a2328b,/?crawl=80,0,200,16457,56.369,82.471,199549
1787812566495,d23f0858-b1f7-bef1-1fdf-a9606a32322a,/p/2/1c15702535b53adf,7,200,190299,334.445,484.928,392427
1787812566495,d23f0858-b1f7-bef1-1fdf-a9606a32322a,/p/0/1c15722535b53e45,7,200,375255,342.411,488.587,768042
1787812566502,5da666f7-3930-edb3-8a37-ce435aa8f714,/p/4/898da4fe018564fa,1,200,146268,98.983,529.198,276396
1787812553800,e74dc3e9-9b81-1c67-b868-f59eb1ef8038,/p/0/5eee61692e9ad35d,8,200,2382302,96.063,13231.327,180050
1787812566360,8932535e-9b64-cb37-fd14-1d68673e7fd8,/p/0/f806d175c1da177f,5,200,203362,2.533,748.040,271860
1787812551173,c5aa0efa-81cb-c472-cc06-ea5a979bd993,/p/0/c7d7bd560abfef95,4,200,2471355,1620.976,15961.803,154829
1787812566235,eb7e981e-236e-e62e-fcbd-039d90b367ca,/p/0/2e69c7e0312d7cf7,1,200,139575,49.157,1062.358,131382
1787812563331,ed44bc0f-ef2d-a9ce-7a2d-62863ae567a0,/p/6/6111d05803996052,5,200,357411,317.481,4094.604,87288
1787812553106,c5aa0efa-81cb-c472-cc06-ea5a979bd993,/p/0/7705d026e48d5920,5,200,2390839,215.404,14424.575,165748
1787812566980,d23f0858-b1f7-bef1-1fdf-a9606a32322a,/p/0/d720af9c4159d1b8,8,200,155561,644.529,647.459,240264
1787812561592,108c8b66-9697-13f3-c04b-5ad9afcac289,/p/0/f7460fd0f70c1600,2,200,367594,565.636,6121.975,60045
1787812561593,108c8b66-9697-13f3-c04b-5ad9afcac289,/p/0/f74612d0f70c1b19,2,200,339102,722.020,6146.494,55170
1787812563098,71d51f65-0f4a-4aae-f6b2-ad04f139a00e,/p/0/a37d9ab870c96132,2,200,408581,345.530,4646.626,87931
1787812565967,0fb30b2c-7f00-9973-50c9-e1a66649e8ac,/p/1/1552845cdc7f02f0,5,200,476861,73.625,1937.075,246176
1787812565152,9be8c8ed-4ea5-2062-ff35-3b8a81f1f7ed,/p/0/24a46cefcfd2fb53,2,200,332043,212.311,2824.950,117539
1787812550817,331385a9-7318-219a-59f0-3ebce55bbba8,/p/0/324a6870f63f3c79,4,200,3698437,179.032,17203.357,214983
1787812563098,71d51f65-0f4a-4aae-f6b2-ad04f139a00e,/p/0/a37d99b870c95f7f,2,200,468406,484.674,4963.193,94376
1787812556926,e51c2ccc-530c-0524-fc27-87f81183ca9e,/p/0/b76f81b21eb85f63,2,200,522483,321.795,11179.640,46735
1787812564440,a350c9e6-f13c-9da5-e0ca-0ad0e8044e1a,/p/0/d345e9c260d59341,1,200,205461,342.813,3805.109,53996
1787812566234,eb7e981e-236e-e62e-fcbd-039d90b367ca,/p/8/2e69c6e0312d7b44,1,200,233285,276.894,2095.884,111306
1787812566234,eb7e981e-236e-e62e-fcbd-039d90b367ca,/p/0/2e69c8e0312d7eaa,1,200,234502,251.793,2146.306,109258
1787812560192,e51c2ccc-530c-0524-fc27-87f81183ca9e,/p/0/cbfe65d857bce553,3,200,407752,349.006,8267.640,49319
1787812565366,e51c2ccc-530c-0524-fc27-87f81183ca9e,/p/1/32fd7fbd491b4424,5,200,213353,273.644,3120.704,68367
1787812566866,cf6b0c32-d027-3b38-e2ca-a9d4c3aeba8a,/?crawl=79,0,200,308634,80.736,1677.999,183930
1787812552203,e74dc3e9-9b81-1c67-b868-f59eb1ef8038,/p/6/5eee5f692e9acff7,8,200,4093455,137.523,16349.576,250371
1787812566360,8932535e-9b64-cb37-fd14-1d68673e7fd8,/p/0/f806d075c1da15cc,5,200,2426367,2.254,2337.560,1037991
1787812567866,548a7f9d-41e4-e529-50a4-b4a5553f5aa5,/?crawl=83,0,200,438163,29.157,849.912,515539
1787812568544,cf6b0c32-d027-3b38-e2ca-a9d4c3aeba8a,/p/0/6c427238631fe039,1,200,42463,78.563,280.584,151338
1787812566359,8932535e-9b64-cb37-fd14-1d68673e7fd8,/p/0/f806d275c1da1932,5,200,3232463,2.184,2552.427,1266427
1787812565967,0fb30b2c-7f00-9973-50c9-e1a66649e8ac,/p/0/1552855cdc7f04a3,5,200,481601,73.592,2970.126,162148
1787812536831,d8034ba6-4789-5f97-4360-1ea481a9ca9b,/p/0/39167f723938115d,1,200,4777865,37.960,32153.474,148596
1787812563301,0583420b-7232-d146-2f4b-1142cd2b8778,/p/4/955fc5f5425b2072,2,200,2569145,27.039,5718.014,449307
1787812565152,9be8c8ed-4ea5-2062-ff35-3b8a81f1f7ed,/p/2/24a46befcfd2f9a0,2,200,508692,39.307,3875.085,131272
1787812563098,71d51f65-0f4a-4aae-f6b2-ad04f139a00e,/p/1/a37d9bb870c962e5,2,200,4162147,380.646,6012.897,692203
1787812562616,1ff3bcd1-0da7-cd02-1374-522545639cba,/p/6/8fcf8c36f05731f1,5,200,3102477,85.047,6508.485,476682
1787812565152,9be8c8ed-4ea5-2062-ff35-3b8a81f1f7ed,/p/0/24a46defcfd2fd06,2,200,521080,234.176,4002.576,130186
1787812543715,29e71566-23fb-c266-6f70-fdb259fb1808,/p/0/2b9bf3cabb4bfada,1,200,4882985,153.283,25468.769,191724
1787812539998,63feb0eb-2564-8058-5024-1e4cb93e9190,/p/0/8be8eecaf3720e7,1,200,4355940,113.122,29247.752,148932
1787812567866,d66568bc-db56-b020-ae6e-bd870e82c002,/?crawl=82,0,200,441412,46.823,1386.537,318356
1787812568330,eb7e981e-236e-e62e-fcbd-039d90b367ca,/p/7/37923109f3d5dbdc,2,200,105473,76.226,932.311,113131
1787812569125,1ff3bcd1-0da7-cd02-1374-522545639cba,/p/5/24e5cacc8be26a1d,6,200,33303,117.491,146.381,227510
1787812566549,16864d94-b0b1-7c67-8072-6515eeb7838a,/p/0/bae9211e6de3b0dd,2,200,363233,210.677,2737.929,132667
1787812555866,df4ac379-8e22-4164-6bfd-c5879d5cd9b5,/?crawl=63,0,200,6172004,33.659,13438.464,459279
1787812569305,df4ac379-8e22-4164-6bfd-c5879d5cd9b5,/p/0/cf4ea2e543b47f5b,1,200,58720,29.570,151.689,387108
1787812568330,eb7e981e-236e-e62e-fcbd-039d90b367ca,/p/0/37923309f3d5df42,2,200,80804,254.192,1129.051,71568
1787812569019,0583420b-7232-d146-2f4b-1142cd2b8778,/p/3/22dff7f3a589b521,3,200,93289,85.453,441.388,211354
1787812546316,331385a9-7318-219a-59f0-3ebce55bbba8,/p/0/e563c447388ae653,3,200,5243346,163.487,23153.416,226461
1787812568553,e74dc3e9-9b81-1c67-b868-f59eb1ef8038,/p/0/f7d9d284e1ac9e68,9,200,310169,85.682,980.702,316273
1787812567904,0fb30b2c-7f00-9973-50c9-e1a66649e8ac,/p/0/45baeeaed084268,6,200,429184,63.334,1630.449,263231
1787812567425,ed44bc0f-ef2d-a9ce-7a2d-62863ae567a0,/p/5/6059ac7bc28e122d,6,200,107006,257.189,2112.633,50651
1787812567032,5da666f7-3930-edb3-8a37-ce435aa8f714,/p/0/eae79ce7711d10a4,2,200,376242,112.423,2511.178,149827
1787812569111,71d51f65-0f4a-4aae-f6b2-ad04f139a00e,/p/0/d842180214fcc5,3,200,123287,1.572,459.672,268206
1787812566502,5da666f7-3930-edb3-8a37-ce435aa8f714,/p/0/898da5fe018566ad,1,200,514780,21.295,3185.838,161584
1787812554870,63feb0eb-2564-8058-5024-1e4cb93e9190,/p/0/9bc31a0448fc678b,5,200,4254007,285.401,14901.867,285468
1787812566129,1ab85c26-3c31-03fe-56cf-9e345653fe8a,/p/0/501626f987dff38e,3,200,3967446,35.922,3642.941,1089078
1787812569111,71d51f65-0f4a-4aae-f6b2-ad04f139a00e,/p/0/d840180214f95f,3,200,432351,1.418,682.420,633556
1787812568553,e74dc3e9-9b81-1c67-b868-f59eb1ef8038,/p/0/f7d9d584e1aca381,9,200,449707,18.529,1548.065,290496
1787812569125,1ff3bcd1-0da7-cd02-1374-522545639cba,/p/0/24e5c8cc8be266b7,6,200,98193,201.684,1003.337,97866
1787812564440,a350c9e6-f13c-9da5-e0ca-0ad0e8044e1a,/p/1/d345e8c260d5918e,1,200,460997,342.770,5709.842,80737
1787812569305,df4ac379-8e22-4164-6bfd-c5879d5cd9b5,/p/0/cf4ea3e543b4810e,1,200,166145,166.745,859.353,193337
1787812568553,e74dc3e9-9b81-1c67-b868-f59eb1ef8038,/p/5/f7d9d484e1aca1ce,9,200,510060,94.451,1641.390,310749
1787812568716,548a7f9d-41e4-e529-50a4-b4a5553f5aa5,/p/7/2af064cd1165eaa3,1,200,306139,27.268,1532.400,199778
1787812567032,5da666f7-3930-edb3-8a37-ce435aa8f714,/p/0/eae79fe7711d15bd,2,200,476883,152.088,3349.748,142364
1787812566980,d23f0858-b1f7-bef1-1fdf-a9606a32322a,/p/1/d720b19c4159d51e,8,200,2282965,647.573,3412.680,668965
1787812542335,63feb0eb-2564-8058-5024-1e4cb93e9190,/p/0/43bc1512a805cd2c,2,200,4941536,310.152,28068.842,176051
1787812566980,d23f0858-b1f7-bef1-1fdf-a9606a32322a,/p/0/d720b29c4159d6d1,8,200,3022106,647.518,3454.717,874777
1787812569253,d66568bc-db56-b020-ae6e-bd870e82c002,/p/0/9786116f7ccaf7f6,1,200,88791,250.660,1213.565,73165
1787812569305,df4ac379-8e22-4164-6bfd-c5879d5cd9b5,/p/5/cf4ea4e543b482c1,1,200,366387,106.091,1210.352,302711
1787812569019,0583420b-7232-d146-2f4b-1142cd2b8778,/p/0/22dff6f3a589b36e,3,200,225819,104.389,1501.320,150414
1787812569272,1ff3bcd1-0da7-cd02-1374-522545639cba,/p/0/3f6f04711607aabe,7,200,175185,85.577,1276.340,137256
1787812568544,cf6b0c32-d027-3b38-e2ca-a9d4c3aeba8a,/p/0/6c426f38631fdb20,1,200,216521,280.717,2010.950,107671
1787812570195,e74dc3e9-9b81-1c67-b868-f59eb1ef8038,/p/0/474745302d00be9d,10,200,139356,29.816,407.586,341906
1787812559444,12028cc7-a6cb-1a51-d45d-d5f675c8e8a9,/p/2/ae125f6db2335095,1,200,2320365,34.212,11209.639,206997
1787812570249,548a7f9d-41e4-e529-50a4-b4a5553f5aa5,/p/6/ba53e505ef329f5b,2,200,32300,195.678,406.186,79520
1787812570195,e74dc3e9-9b81-1c67-b868-f59eb1ef8038,/p/0/474742302d00b984,10,200,76704,118.517,472.860,162213
1787812569271,1ff3bcd1-0da7-cd02-1374-522545639cba,/p/4/3f6f05711607ac71,7,200,218085,172.881,1416.155,153998
1787812569111,71d51f65-0f4a-4aae-f6b2-ad04f139a00e,/p/0/d841180214fb12,3,200,2664057,2.962,1598.997,1666081
1787812570393,d23f0858-b1f7-bef1-1fdf-a9606a32322a,/p/0/45a48b0ccb66e0f8,9,200,44789,349.575,351.722,127342
1787812558866,13609c2b-27bd-5493-5ad2-09fe17a82ecd,/?crawl=65,0,200,5452081,34.931,11944.477,456452
1787812569263,eb7e981e-236e-e62e-fcbd-039d90b367ca,/p/0/84b32410d798fac2,3,200,90608,246.337,1652.619,54827
1787812570249,548a7f9d-41e4-e529-50a4-b4a5553f5aa5,/p/0/ba53e705ef32a2c1,2,200,36849,224.515,681.786,54048
1787812562932,e51c2ccc-530c-0524-fc27-87f81183ca9e,/p/0/62db97fd3af5de67,4,200,398253,300.710,8001.049,49775
1787812569253,d66568bc-db56-b020-ae6e-bd870e82c002,/p/7/97860f6f7ccaf490,1,200,274885,43.748,1713.985,160378
1787812570195,e74dc3e9-9b81-1c67-b868-f59eb1ef8038,/p/4/474744302d00bcea,10,200,416520,19.624,827.145,503563
1787812570515,df4ac379-8e22-4164-6bfd-c5879d5cd9b5,/p/4/8bcb72de09de1a0a,2,200,297361,349.596,752.194,395325
1787812570688,1ff3bcd1-0da7-cd02-1374-522545639cba,/p/3/a40bc520493e5203,8,200,86140,103.873,580.473,148396
1787812570515,df4ac379-8e22-4164-6bfd-c5879d5cd9b5,/p/0/8bcb73de09de1bbd,2,200,326305,29.534,753.652,432965
1787812570393,d23f0858-b1f7-bef1-1fdf-a9606a32322a,/p/0/45a48d0ccb66e45e,9,200,494430,349.746,970.549,509433
1787812569271,1ff3bcd1-0da7-cd02-1374-522545639cba,/p/0/3f6f03711607a90b,7,200,439425,93.870,2155.198,203891
1787812569263,eb7e981e-236e-e62e-fcbd-039d90b367ca,/p/0/84b32310d798f90f,3,200,140701,349.785,2185.013,64394
1787812570150,a350c9e6-f13c-9da5-e0ca-0ad0e8044e1a,/p/0/433e6c48b2e63e72,2,200,30588,365.087,1318.530,23199
1787812557993,ce64557d-453a-515f-e207-e2cc57208192,/p/0/ef15038250f1644b,2,200,4105203,972.746,13483.651,304458
1787812571022,e74dc3e9-9b81-1c67-b868-f59eb1ef8038,/p/0/37392cdcf50c1905,11,200,168400,19.026,456.639,368782
1787812569461,0583420b-7232-d146-2f4b-1142cd2b8778,/p/2/627a3c3eb041dd03,4,200,297949,136.339,2065.278,144266
1787812568330,eb7e981e-236e-e62e-fcbd-039d90b367ca,/p/0/37923209f3d5dd8f,2,200,330046,204.604,3218.619,102543
1787812554514,c5aa0efa-81cb-c472-cc06-ea5a979bd993,/p/0/d4f65722f63380f2,6,200,4391074,216.556,17079.869,257091
1787812569027,9be8c8ed-4ea5-2062-ff35-3b8a81f1f7ed,/p/1/1c4556fa4aab22f2,3,200,381252,127.239,2882.385,132270
1787812571267,df4ac379-8e22-4164-6bfd-c5879d5cd9b5,/p/0/9afb5576d1d42ae8,3,200,120684,545.230,726.531,166110
1787812566495,d23f0858-b1f7-bef1-1fdf-a9606a32322a,/p/0/1c156f2535b5392c,7,200,3833574,341.918,5506.504,696190
1787812570688,1ff3bcd1-0da7-cd02-1374-522545639cba,/p/0/a40bc420493e5050,8,200,205897,95.255,1347.540,152795
1787812571866,14d2fd6b-98b5-376a-463f-21c8ff0d7c36,/?crawl=84,0,200,460207,15.342,350.595,1312645
1787812571526,0583420b-7232-d146-2f4b-1142cd2b8778,/p/0/a2497dbf8ad31dfc,5,200,146494,83.940,885.900,165362
1787812569019,0583420b-7232-d146-2f4b-1142cd2b8778,/p/0/22dff5f3a589b1bb,3,200,522898,85.417,3584.748,145867
1787812558511,d8034ba6-4789-5f97-4360-1ea481a9ca9b,/p/5/2ee4a4d3c5962bb0,5,200,2774933,356.025,14147.568,196142
1787812566949,1e46a455-56c8-91fa-0560-77e275a2328b,/p/0/be5ab82aa600dd50,1,200,374147,54.333,5726.140,65340
1787812569461,0583420b-7232-d146-2f4b-1142cd2b8778,/p/0/627a3e3eb041e069,4,200,480002,136.198,3227.249,148734
1787812570654,12028cc7-a6cb-1a51-d45d-d5f675c8e8a9,/p/0/434d5edef1eeb1ab,2,200,230185,207.972,2046.083,112500
1787812558051,09982139-5e76-f214-cc24-4e66c50bbb4e,/p/0/717b63874330707d,3,200,2291527,127.465,14709.347,155787
1787812571022,e74dc3e9-9b81-1c67-b868-f59eb1ef8038,/p/0/373929dcf50c13ec,11,200,512026,28.047,1772.857,288814
1787812568716,548a7f9d-41e4-e529-50a4-b4a5553f5aa5,/p/0/2af063cd1165e8f0,1,200,405158,169.291,4146.587,97709
1787812569461,0583420b-7232-d146-2f4b-1142cd2b8778,/p/0/627a3b3eb041db50,4,200,466138,144.389,3482.621,133847
1787812552766,65e643b8-1fe4-00ce-db24-fee708c914ce,/p/0/db5e8fbac7df208,4,200,4567660,194.270,20358.261,224364
1787812549515,63feb0eb-2564-8058-5024-1e4cb93e9190,/p/2/9bc31c0448fc6af1,5,200,5907534,285.285,23633.507,249964
1787812571268,1ff3bcd1-0da7-cd02-1374-522545639cba,/p/2/d9806960d9de78c0,9,200,277223,165.487,2025.363,136876
1787812570653,12028cc7-a6cb-1a51-d45d-d5f675c8e8a9,/p/1/434d5ddef1eeaff8,2,200,360842,224.663,2773.297,130113
1787812556719,fc97bfa7-235d-3fc5-1122-8ebed5c0cde0,/p/6/3be44f87af198cae,1,200,3573252,51.182,16712.058,213813
1787812570393,d23f0858-b1f7-bef1-1fdf-a9606a32322a,/p/0/45a48c0ccb66e2ab,9,200,3376934,352.110,3042.751,1109829
1787812569027,9be8c8ed-4ea5-2062-ff35-3b8a81f1f7ed,/p/0/1c4554fa4aab1f8c,3,200,454985,195.325,4435.037,102589
1787812570515,df4ac379-8e22-4164-6bfd-c5879d5cd9b5,/p/0/8bcb70de09de16a4,2,200,2633870,29.698,3012.572,874293
1787812567425,ed44bc0f-ef2d-a9ce-7a2d-62863ae567a0,/p/0/6059aa7bc28e0ec7,6,200,472668,277.769,6127.538,77138
1787812572866,4a600044-b824-75ce-64cc-0ee37bb6476e,/?crawl=87,0,200,457209,28.392,752.486,607598
1787812570655,548a7f9d-41e4-e529-50a4-b4a5553f5aa5,/p/0/b79e003b464c150,3,200,285874,190.928,3085.468,92652
1787812552766,65e643b8-1fe4-00ce-db24-fee708c914ce,/p/2/db5e9fbac7df3bb,4,200,5167969,194.366,21178.613,244018
1787812573866,fff1ea97-b6b4-3164-10bb-35abbc98d713,/?crawl=89,0,200,19831,68.351,133.356,148707
1787812573866,f96cf050-1440-7233-cad8-3abef4e2a5ef,/?crawl=88,0,200,53438,45.157,175.401,304662
1787812572866,82028ba3-52a7-a42a-a64e-e0cd50293bb1,/?crawl=85,0,200,338388,55.647,1201.432,281654
1787812573431,fc97bfa7-235d-3fc5-1122-8ebed5c0cde0,/p/5/671bff86e08a3a0,2,200,74675,167.516,796.637,93738
1787812572866,6d5e3f1b-7395-7ddd-5bb8-9ccd5b8cb14e,/?crawl=86,0,200,88009,217.794,1403.815,62693
1787812570967,d66568bc-db56-b020-ae6e-bd870e82c002,/p/0/c11cbd535691298f,2,200,221319,222.570,3315.003,66763
1787812570967,d66568bc-db56-b020-ae6e-bd870e82c002,/p/0/c11cbe5356912b42,2,200,234052,384.368,3381.437,69217
1787812574042,f96cf050-1440-7233-cad8-3abef4e2a5ef,/p/0/59ad63174ad88de8,1,200,15629,213.375,322.458,48468
1787812571427,1ff3bcd1-0da7-cd02-1374-522545639cba,/p/0/d9806a60d9de7a73,9,200,378370,88.555,2983.941,126802
1787812573619,4a600044-b824-75ce-64cc-0ee37bb6476e,/p/0/7899bc4363d1c655,1,200,169705,144.061,828.417,204854
1787812565967,0fb30b2c-7f00-9973-50c9-e1a66649e8ac,/p/0/1552865cdc7f0656,5,200,2158931,73.690,8504.042,253871
1787812573427,12028cc7-a6cb-1a51-d45d-d5f675c8e8a9,/p/0/2d12df64221b42ec,3,200,92574,222.803,1047.270,88396
1787812569538,ed44bc0f-ef2d-a9ce-7a2d-62863ae567a0,/p/0/121b125ad404f4ff,7,200,306462,212.303,5046.761,60724
1787812558051,09982139-5e76-f214-cc24-4e66c50bbb4e,/p/0/717b608743306b64,3,200,5368476,42.028,16586.025,323675
1787812558051,09982139-5e76-f214-cc24-4e66c50bbb4e,/p/3/717b618743306d17,3,200,6117699,218.043,16672.617,366931
1787812573999,fff1ea97-b6b4-3164-10bb-35abbc98d713,/p/12/ed17ba74df738761,1,200,64849,199.508,726.846,89220
1787812574724,09982139-5e76-f214-cc24-4e66c50bbb4e,/p/0/c237bba8dbe38e72,4,200,115786,22.516,60.013,1929349
1787812574724,09982139-5e76-f214-cc24-4e66c50bbb4e,/p/2/c237bca8dbe39025,4,200,123533,4.158,70.770,1745566
1787812574724,09982139-5e76-f214-cc24-4e66c50bbb4e,/p/0/c237baa8dbe38cbf,4,200,288051,4.039,109.622,2627674
1787812574411,1ff3bcd1-0da7-cd02-1374-522545639cba,/p/0/9743cddfa5c2faea,10,200,54121,88.258,576.219,93924
1787812562256,0fb30b2c-7f00-9973-50c9-e1a66649e8ac,/p/0/d274e3d75a6e450,1,200,3065443,45.636,12792.473,239629
1787812574866,19626a39-cfe2-b4f2-9bee-f6b505059680,/?crawl=90,0,200,288955,17.847,283.523,1019159
1787812571022,e74dc3e9-9b81-1c67-b868-f59eb1ef8038,/p/3/37392adcf50c159f,11,200,2551337,18.965,4139.080,616402
1787812568460,e51c2ccc-530c-0524-fc27-87f81183ca9e,/p/0/32fd81bd491b478a,5,200,512745,480.936,6710.806,76406
1787812574041,f96cf050-1440-7233-cad8-3abef4e2a5ef,/p/5/59ad65174ad8914e,1,200,202289,42.479,1148.991,176058
1787812575150,19626a39-cfe2-b4f2-9bee-f6b505059680,/p/11/8f1fd8166f34bbdf,1,200,4298,49.327,57.990,74116
1787812574228,fc97bfa7-235d-3fc5-1122-8ebed5c0cde0,/p/4/3567c9b8d3cb6206,3,200,203460,189.272,981.342,207328
1787812574228,fc97bfa7-235d-3fc5-1122-8ebed5c0cde0,/p/0/3567cab8d3cb63b9,3,200,279366,206.452,981.354,284674
1787812563866,0bc6c343-fd5b-3b3e-37e3-d1d8563349f9,/?crawl=74,0,200,6269328,38.581,11434.688,548273
1787812563301,0583420b-7232-d146-2f4b-1142cd2b8778,/p/0/955fc6f5425b2225,2,200,3828045,52.300,12039.577,317955
1787812574795,09982139-5e76-f214-cc24-4e66c50bbb4e,/p/1/9644957186d43aea,5,200,217064,38.745,616.605,352031
1787812574795,09982139-5e76-f214-cc24-4e66c50bbb4e,/p/0/9644937186d43784,5,200,512560,39.201,626.341,818341
1787812574795,09982139-5e76-f214-cc24-4e66c50bbb4e,/p/0/9644967186d43c9d,5,200,501461,39.321,627.508,799131
1787812575411,09982139-5e76-f214-cc24-4e66c50bbb4e,/p/0/a389fdcc75606ba3,6,200,29619,10.921,11.139,2659000
1787812574228,fc97bfa7-235d-3fc5-1122-8ebed5c0cde0,/p/0/3567c7b8d3cb5ea0,3,200,422147,189.547,1301.804,324278
1787812570150,a350c9e6-f13c-9da5-e0ca-0ad0e8044e1a,/p/0/433e6b48b2e63cbf,2,200,334920,468.028,5416.004,61839
1787812567032,5da666f7-3930-edb3-8a37-ce435aa8f714,/p/3/eae79de7711d1257,2,200,2644661,121.899,8570.554,308575
1787812565034,6f0efafe-e89d-5630-efce-78caa6d5edb0,/p/0/c1d41b3dc5c86fa4,1,200,4158169,27.482,10589.236,392679
1787812573944,65e643b8-1fe4-00ce-db24-fee708c914ce,/p/1/1e8a6abdf407c74c,5,200,128094,291.057,1777.617,72059
1787812572659,d8034ba6-4789-5f97-4360-1ea481a9ca9b,/p/4/9a492d9b7597bc0b,6,200,320463,116.700,3082.106,103975
1787812567425,ed44bc0f-ef2d-a9ce-7a2d-62863ae567a0,/p/0/6059ab7bc28e107a,6,200,445090,257.210,8582.676,51859
1787812561917,fe9f5242-1dee-d8c5-2769-78aba5955fb8,/p/0/6df28844d4bba1f,4,200,5385455,353.171,14116.257,381507
1787812575866,48566d99-8687-1c66-c262-45eb68f9fd83,/?crawl=92,0,200,64062,39.817,180.766,354392
1787812575866,6a276a8c-84f2-66fc-21c1-b3663e7b234f,/?crawl=93,0,200,114372,30.063,203.071,563213
1787812573149,63feb0eb-2564-8058-5024-1e4cb93e9190,/p/0/4aacd8ed63ced014,6,200,265058,142.061,2963.743,89434
1787812576069,6a276a8c-84f2-66fc-21c1-b3663e7b234f,/p/0/228a2b7403cfae8c,1,200,14222,23.401,47.990,296351
1787812570249,548a7f9d-41e4-e529-50a4-b4a5553f5aa5,/p/0/ba53e405ef329da8,2,200,521518,182.852,5902.438,88356
1787812575411,09982139-5e76-f214-cc24-4e66c50bbb4e,/p/0/a389fccc756069f0,6,200,236109,11.646,812.601,290560
1787812575150,19626a39-cfe2-b4f2-9bee-f6b505059680,/p/0/8f1fda166f34bf45,1,200,226066,78.429,1077.476,209811
1787812575722,65e643b8-1fe4-00ce-db24-fee708c914ce,/p/0/f05dc2226ba2bc33,6,200,36311,295.444,560.729,64757
1787812571909,9be8c8ed-4ea5-2062-ff35-3b8a81f1f7ed,/p/0/b30088b120152e0,4,200,443536,261.528,4416.909,100418
1787812573149,63feb0eb-2564-8058-5024-1e4cb93e9190,/p/0/4aacdbed63ced52d,6,200,320946,355.164,3210.464,99969
1787812575208,19626a39-cfe2-b4f2-9bee-f6b505059680,/p/0/aaa3e78a419e301,2,200,264924,116.139,1155.090,229353
1787812575209,fc97bfa7-235d-3fc5-1122-8ebed5c0cde0,/p/0/b3c07f2686a9677,4,200,50772,952.718,1200.705,42285
1787812572659,d8034ba6-4789-5f97-4360-1ea481a9ca9b,/p/0/9a492c9b7597ba58,6,200,453836,116.767,3766.404,120496
1787812575602,5da666f7-3930-edb3-8a37-ce435aa8f714,/p/0/715063b24f1468de,3,200,206230,138.450,849.122,242874
1787812575171,e51c2ccc-530c-0524-fc27-87f81183ca9e,/p/0/8e70b8eba2a9b956,6,200,371418,650.678,1281.274,289882
1787812575161,e74dc3e9-9b81-1c67-b868-f59eb1ef8038,/p/0/598ed42c622a80b4,12,200,381648,61.274,1394.725,273637
1787812575208,19626a39-cfe2-b4f2-9bee-f6b505059680,/p/0/aaa3b78a419dde8,2,200,351330,88.917,1369.130,256608
1787812555746,63135859-d311-aab9-b4d2-e0ee12621def,/p/0/429ff367c40871f6,1,200,2905234,184.760,20848.267,139351
1787812575208,19626a39-cfe2-b4f2-9bee-f6b505059680,/p/10/aaa3d78a419e14e,2,200,309468,69.428,1401.771,220769
1787812570150,a350c9e6-f13c-9da5-e0ca-0ad0e8044e1a,/p/0/433e6a48b2e63b0c,2,200,379061,331.889,6474.586,58546
1787812572659,d8034ba6-4789-5f97-4360-1ea481a9ca9b,/p/0/9a492f9b7597bf71,6,200,517200,39.098,4000.738,129276
1787812573427,12028cc7-a6cb-1a51-d45d-d5f675c8e8a9,/p/0/2d12e064221b449f,3,200,387519,205.411,3267.565,118596
1787812573427,12028cc7-a6cb-1a51-d45d-d5f675c8e8a9,/p/0/2d12e264221b4805,3,200,250593,171.426,3392.569,73865
1787812575866,c0c10915-3471-79f2-0f28-e98cd9c13848,/?crawl=91,0,200,328949,49.799,1003.920,327665
1787812565034,6f0efafe-e89d-5630-efce-78caa6d5edb0,/p/2/c1d41c3dc5c87157,1,200,4674297,57.249,11871.741,393733
1787812575722,65e643b8-1fe4-00ce-db24-fee708c914ce,/p/0/f05dc1226ba2ba80,6,200,48230,355.112,1268.289,38028
1787812575209,fc97bfa7-235d-3fc5-1122-8ebed5c0cde0,/p/3/b3c06f2686a94c4,4,200,205543,952.713,1809.872,113568
1787812563553,fe9f5242-1dee-d8c5-2769-78aba5955fb8,/p/8/7ff8d3f6f4ff3bd6,5,200,4893865,329.402,13480.811,363025
1787812576906,6f0efafe-e89d-5630-efce-78caa6d5edb0,/p/0/8d9e9741b1651832,2,200,35533,27.622,138.823,255959
1787812575161,e74dc3e9-9b81-1c67-b868-f59eb1ef8038,/p/0/598ed72c622a85cd,12,200,356817,36.483,1919.092,185930
1787812576866,ab20e2c6-17bf-e321-abcd-e30c10aef1f9,/?crawl=94,0,200,161222,31.428,355.540,453456
1787812576069,6a276a8c-84f2-66fc-21c1-b3663e7b234f,/p/0/228a2d7403cfb1f2,1,200,368635,95.963,1252.869,294233
1787812573944,65e643b8-1fe4-00ce-db24-fee708c914ce,/p/0/1e8a6bbdf407c8ff,5,200,247659,57.183,3425.263,72304
1787812576610,19626a39-cfe2-b4f2-9bee-f6b505059680,/p/9/7efba44c16008f07,3,200,216096,69.526,808.656,267229
1787812574987,1ff3bcd1-0da7-cd02-1374-522545639cba,/p/0/9743ccdfa5c2f937,10,200,493351,149.581,2452.254,201183
1787812562790,0fb30b2c-7f00-9973-50c9-e1a66649e8ac,/p/0/9e2caa445ebe0b5f,2,200,4094138,67.297,14713.593,278255
1787812573999,fff1ea97-b6b4-3164-10bb-35abbc98d713,/p/0/ed17b874df7383fb,1,200,203047,66.165,3507.431,57891
1787812575190,f96cf050-1440-7233-cad8-3abef4e2a5ef,/p/0/208acacdfa1df214,2,200,167417,215.101,2386.894,70140
1787812575602,5da666f7-3930-edb3-8a37-ce435aa8f714,/p/2/715064b24f146a91,3,200,413002,177.929,2117.902,195005
1787812575722,65e643b8-1fe4-00ce-db24-fee708c914ce,/p/0/f05dc3226ba2bde6,6,200,196107,383.954,2291.925,85564
1787812573944,65e643b8-1fe4-00ce-db24-fee708c914ce,/p/0/1e8a6cbdf407cab2,5,200,400523,291.181,4303.969,93059
1787812567904,0fb30b2c-7f00-9973-50c9-e1a66649e8ac,/p/0/45bafeaed08441b,6,200,2759571,99.700,10373.885,266011
1787812566866,ef03f431-9299-2706-2fa0-625d62315506,/?crawl=81,0,200,175649,1013.168,11424.948,15374
1787812576610,19626a39-cfe2-b4f2-9bee-f6b505059680,/p/0/7efba64c1600926d,3,200,494845,69.417,1710.763,289254
1787812577720,5da666f7-3930-edb3-8a37-ce435aa8f714,/p/0/ac08596cecba8da1,4,200,102595,103.524,614.578,166936
1787812569538,ed44bc0f-ef2d-a9ce-7a2d-62863ae567a0,/p/4/121b115ad404f34c,7,200,487321,233.582,8853.353,55044
1787812577222,ab20e2c6-17bf-e321-abcd-e30c10aef1f9,/p/0/417684a01cc8e6f9,1,200,159294,112.092,1187.616,134129
1787812577019,fc97bfa7-235d-3fc5-1122-8ebed5c0cde0,/p/0/b036649e67672744,5,200,229856,1521.642,1537.477,149502
1787812576047,48566d99-8687-1c66-c262-45eb68f9fd83,/p/6/b5f482d1986aa805,1,200,350132,69.481,2677.999,130744
1787812576870,c0c10915-3471-79f2-0f28-e98cd9c13848,/p/0/fbb583b8da99c77f,1,200,192791,237.072,1877.465,102687
1787812577418,19626a39-cfe2-b4f2-9bee-f6b505059680,/p/0/dfff0cff435fbd34,4,200,324934,67.027,1382.464,235040
1787812575411,09982139-5e76-f214-cc24-4e66c50bbb4e,/p/0/a389ffcc75606f09,6,200,5418504,11.080,3471.870,1560688
1787812576870,c0c10915-3471-79f2-0f28-e98cd9c13848,/p/2/fbb582b8da99c5cc,1,200,235101,216.201,2041.317,115171
1787812574726,fff1ea97-b6b4-3164-10bb-35abbc98d713,/p/0/9c51850e14ae2b57,2,200,135067,364.467,4215.880,32038
1787812578392,ed44bc0f-ef2d-a9ce-7a2d-62863ae567a0,/p/0/68eb46bbfcf45237,8,200,10768,219.491,573.696,18770
1787812548579,d179d41e-b523-39e2-94e1-1eb7aef09fe5,/p/0/a62a0adea1f697c3,1,200,3209146,54.271,30772.847,104285
1787812574726,fff1ea97-b6b4-3164-10bb-35abbc98d713,/p/0/9c51860e14ae2d0a,2,200,274412,465.881,4681.527,58616
1787812577222,ab20e2c6-17bf-e321-abcd-e30c10aef1f9,/p/8/417682a01cc8e393,1,200,444057,30.708,2377.251,186794
1787812571267,df4ac379-8e22-4164-6bfd-c5879d5cd9b5,/p/0/9afb5876d1d43001,3,200,2736109,545.383,8399.324,325753
1787812576610,19626a39-cfe2-b4f2-9bee-f6b505059680,/p/0/7efba34c16008d54,3,200,520110,138.441,3268.148,159145
1787812577418,19626a39-cfe2-b4f2-9bee-f6b505059680,/p/8/dfff0eff435fc09a,4,200,496317,106.697,2459.978,201757
1787812577034,fe9f5242-1dee-d8c5-2769-78aba5955fb8,/p/0/9dce05ded2bfbbf,6,200,341410,177.752,2933.058,116401
1787812550378,d179d41e-b523-39e2-94e1-1eb7aef09fe5,/p/0/27c2252683a35318,2,200,3210561,305.425,29690.635,108134
1787812579866,dc1bc04f-82e3-aae1-b398-98a3731896a3,/?crawl=100,0,200,37957,83.514,271.095,140013
1787812578725,48566d99-8687-1c66-c262-45eb68f9fd83,/p/5/1ca9644d4b7f9b31,2,200,28648,230.722,1443.266,19849
1787812579866,3e71326f-e416-3c5e-6236-7bd18a29c656,/?crawl=98,0,200,86312,55.239,322.293,267806
1787812578725,48566d99-8687-1c66-c262-45eb68f9fd83,/p/0/1ca9624d4b7f97cb,2,200,160394,230.973,1495.256,107269
1787812579879,19626a39-cfe2-b4f2-9bee-f6b505059680,/p/0/844d4c1e109779f2,5,200,140470,97.794,446.625,314515
1787812577720,5da666f7-3930-edb3-8a37-ce435aa8f714,/p/0/ac08566cecba8888,4,200,254397,129.001,2620.906,97065
1787812579878,19626a39-cfe2-b4f2-9bee-f6b505059680,/p/0/844d4b1e1097783f,5,200,38759,93.491,507.695,76343
1787812577866,dac67aa3-6e0a-202f-e278-dd7cbc66cb98,/?crawl=95,0,200,2991767,13.403,2573.487,1162535
1787812579599,ab20e2c6-17bf-e321-abcd-e30c10aef1f9,/p/0/758ed841e240778f,2,200,26282,449.349,844.386,31126
1787812571909,9be8c8ed-4ea5-2062-ff35-3b8a81f1f7ed,/p/0/b30098b12015493,4,200,2302169,261.490,8545.423,269404
1787812579599,ab20e2c6-17bf-e321-abcd-e30c10aef1f9,/p/0/758ed941e2407942,2,200,93433,430.766,901.838,103603
1787812574726,fff1ea97-b6b4-3164-10bb-35abbc98d713,/p/11/9c51870e14ae2ebd,2,200,397741,331.357,5796.670,68615
1787812580440,dac67aa3-6e0a-202f-e278-dd7cbc66cb98,/p/2/ae0c2d42882ded80,1,200,36646,67.050,143.163,255975
1787812573999,fff1ea97-b6b4-3164-10bb-35abbc98d713,/p/0/ed17b974df7385ae,1,200,397478,331.838,6721.165,59138
1787812579866,63a2f736-a599-8f16-6df1-716b89ede193,/?crawl=97,0,200,333593,45.647,941.386,354364
1787812568937,0fb30b2c-7f00-9973-50c9-e1a66649e8ac,/p/0/45bb1eaed084781,6,200,5331028,112.468,12037.308,442875
1787812521523,34b69e21-870e-7b51-cd5c-c6d7ebc990e9,/p/0/6c7443d39f052fb3,2,200,5872440,329.699,59642.578,98461
1787812579878,19626a39-cfe2-b4f2-9bee-f6b505059680,/p/7/844d4d1e10977ba5,5,200,366146,105.469,1290.205,283789
1787812580523,fff1ea97-b6b4-3164-10bb-35abbc98d713,/p/0/5836b1a83244f47f,3,200,65854,197.605,724.223,90931
1787812577720,5da666f7-3930-edb3-8a37-ce435aa8f714,/p/1/ac08586cecba8bee,4,200,459105,128.944,3622.866,126724
1787812565607,108c8b66-9697-13f3-c04b-5ad9afcac289,/p/0/917797234a71c49b,3,200,2120989,520.873,15793.496,134295
1787812554741,7d9bd299-f439-b81d-f69e-7c44eab037c8,/p/0/4aa62d609338e258,6,200,303178,46.088,26862.048,11286
1787812572412,0583420b-7232-d146-2f4b-1142cd2b8778,/p/0/a24980bf8ad32315,5,200,3839385,109.212,9216.842,416562
1787812581169,19626a39-cfe2-b4f2-9bee-f6b505059680,/p/0/8cc8b506290d8346,6,200,84593,115.212,495.277,170799
1787812580440,dac67aa3-6e0a-202f-e278-dd7cbc66cb98,/p/0/ae0c2f42882df0e6,1,200,500908,13.151,1283.195,390360
1787812564374,e51c2ccc-530c-0524-fc27-87f81183ca9e,/p/0/62db98fd3af5e01a,4,200,2668645,300.224,17396.232,153404
1787812579599,ab20e2c6-17bf-e321-abcd-e30c10aef1f9,/p/7/758eda41e2407af5,2,200,366398,393.101,2310.474,158581
1787812580440,dac67aa3-6e0a-202f-e278-dd7cbc66cb98,/p/0/ae0c2e42882def33,1,200,428723,13.084,1492.288,287292
1787812536310,0749ca82-1e65-8f0a-ba8a-b79b9d25deac,/p/12/15e11ea3b744d9f0,4,200,5463121,904.270,45630.787,119724
1787812581169,19626a39-cfe2-b4f2-9bee-f6b505059680,/p/0/8cc8b406290d8193,6,200,204473,108.943,786.361,260024
1787812580866,d9b27d91-0fa9-612c-4b18-86aa6c1a66d6,/?crawl=103,0,200,422227,39.863,1123.588,375784
1787812521523,34b69e21-870e-7b51-cd5c-c6d7ebc990e9,/p/1/6c7445d39f053319,2,200,5347595,300.390,60471.217,88432
1787812574270,6d5e3f1b-7395-7ddd-5bb8-9ccd5b8cb14e,/p/0/e52f66e5cf36d042,1,200,172694,767.644,7726.322,22351
1787812580866,d74fc138-801b-2556-1caa-0b8c6881304b,/?crawl=101,0,200,431149,40.553,1205.286,357715
1787812579866,19391e0a-3e31-7406-f722-99624c645e62,/?crawl=99,0,200,404780,97.905,2272.314,178136
1787812577019,fc97bfa7-235d-3fc5-1122-8ebed5c0cde0,/p/2/b036659e676728f7,5,200,438973,1521.632,5207.755,84292
1787812535657,0749ca82-1e65-8f0a-ba8a-b79b9d25deac,/p/0/fff7c8fdfee5aad4,3,200,5750140,340.628,46651.423,123258
1787812580808,63a2f736-a599-8f16-6df1-716b89ede193,/p/21/d4e0d7fdb163d9a6,1,200,191355,61.408,1528.998,125151
1787812580583,dac67aa3-6e0a-202f-e278-dd7cbc66cb98,/p/0/993a1ea75f6afb02,2,200,500450,60.654,1784.479,280446
1787812580188,3e71326f-e416-3c5e-6236-7bd18a29c656,/p/9/2a728303140c6c77,1,200,290015,46.065,2321.870,124906
1787812580866,8d3a41de-125a-6e14-905a-7e4ffe51442b,/?crawl=102,0,200,494783,53.410,1667.778,296672
1787812576047,48566d99-8687-1c66-c262-45eb68f9fd83,/p/0/b5f481d1986aa652,1,200,372743,174.478,6499.529,57349
1787812581910,ab20e2c6-17bf-e321-abcd-e30c10aef1f9,/p/0/b205a0cdb142437b,3,200,95859,161.358,739.887,129559
1787812580137,dc1bc04f-82e3-aae1-b398-98a3731896a3,/p/0/f4ea2657f44ac30f,1,200,153139,571.944,2684.519,57045
1787812582866,734b25fb-d87c-a41b-9c0b-2584b6aa4c78,/?crawl=108,0,200,15673,20.762,30.006,522328
1787812582139,19391e0a-3e31-7406-f722-99624c645e62,/p/0/97082ea57f717817,1,200,66156,54.844,775.341,85325
1787812575161,e74dc3e9-9b81-1c67-b868-f59eb1ef8038,/p/2/598ed52c622a8267,12,200,5459916,19.065,7997.907,682668
1787812580168,48566d99-8687-1c66-c262-45eb68f9fd83,/p/4/8916c7c8ba634782,3,200,210631,264.881,3045.776,69155
1787812576069,6a276a8c-84f2-66fc-21c1-b3663e7b234f,/p/0/228a2e7403cfb3a5,1,200,3671490,47.866,7258.818,505797
1787812583159,e74dc3e9-9b81-1c67-b868-f59eb1ef8038,/p/0/7f4195d054f6aab3,13,200,63039,39.659,282.247,223347
1787812582510,3e71326f-e416-3c5e-6236-7bd18a29c656,/p/0/f047287a34f2e28,2,200,94273,153.668,931.528,101203
1787812582866,10282b25-88d2-49b4-dc6b-7ab3b875e9e4,/?crawl=105,0,200,349264,26.090,580.900,601247
1787812580137,dc1bc04f-82e3-aae1-b398-98a3731896a3,/p/0/f4ea2757f44ac4c2,1,200,221257,534.599,3403.916,65001
1787812574270,6d5e3f1b-7395-7ddd-5bb8-9ccd5b8cb14e,/p/0/e52f65e5cf36ce8f,1,200,149295,215.581,9347.707,15971
1787812580137,dc1bc04f-82e3-aae1-b398-98a3731896a3,/p/3/f4ea2857f44ac675,1,200,293236,82.885,3517.865,83356
1787812583159,e74dc3e9-9b81-1c67-b868-f59eb1ef8038,/p/1/7f4194d054f6a900,13,200,142570,19.635,528.308,269861
1787812578912,c0c10915-3471-79f2-0f28-e98cd9c13848,/p/1/dcf14ad54e724d8f,2,200,492799,335.477,4880.759,100968
1787812581994,34b69e21-870e-7b51-cd5c-c6d7ebc990e9,/p/0/a623967e298e8ed0,3,200,163673,59.535,1816.009,90128
1787812583687,e74dc3e9-9b81-1c67-b868-f59eb1ef8038,/p/0/b0155d5ccc0af770,14,200,7536,127.668,156.986,48004
1787812569125,1ff3bcd1-0da7-cd02-1374-522545639cba,/p/0/24e5c9cc8be2686a,6,200,2808539,215.348,14748.575,190428
1787812583447,10282b25-88d2-49b4-dc6b-7ab3b875e9e4,/p/4/13d67d840d43f816,1,200,96869,147.422,461.227,210024
1787812582071,d74fc138-801b-2556-1caa-0b8c6881304b,/p/0/617fd3fa5fafd215,1,200,271293,39.740,1987.606,136492
1787812581990,d9b27d91-0fa9-612c-4b18-86aa6c1a66d6,/p/8/3aab283f3679e43c,1,200,246533,55.969,2072.606,118948
1787812571526,0583420b-7232-d146-2f4b-1142cd2b8778,/p/1/a2497ebf8ad31faf,5,200,5973316,83.923,12576.889,474944
1787812568716,548a7f9d-41e4-e529-50a4-b4a5553f5aa5,/p/0/2af066cd1165ee09,1,200,2393237,99.169,15405.994,155345
1787812582866,7e3c1cd0-0bdb-f00a-7159-a3e2c48d65fc,/?crawl=107,0,200,238347,79.470,1295.736,183947
1787812578392,ed44bc0f-ef2d-a9ce-7a2d-62863ae567a0,/p/3/68eb48bbfcf4559d,8,200,396148,282.800,5824.566,68013
1787812581343,5da666f7-3930-edb3-8a37-ce435aa8f714,/p/0/58f3288a1701feeb,5,200,436245,125.220,2911.377,149841
1787812583793,c0c10915-3471-79f2-0f28-e98cd9c13848,/p/0/89de52d43609eea2,3,200,14134,275.242,464.311,30441
1787812583687,e74dc3e9-9b81-1c67-b868-f59eb1ef8038,/p/0/b015605ccc0afc89,14,200,131146,108.588,597.936,219331
1787812578392,ed44bc0f-ef2d-a9ce-7a2d-62863ae567a0,/p/0/68eb47bbfcf453ea,8,200,415993,438.071,5931.348,70135
1787812554741,7d9bd299-f439-b81d-f69e-7c44eab037c8,/p/0/4aa62f609338e5be,6,200,414183,46.006,29605.937,13990
1787812583908,10282b25-88d2-49b4-dc6b-7ab3b875e9e4,/p/0/86e70f3ae6ec1d88,2,200,36845,143.300,470.919,78241
1787812581910,ab20e2c6-17bf-e321-abcd-e30c10aef1f9,/p/6/b205a2cdb14246e1,3,200,345515,148.650,2523.012,136945
1787812575150,19626a39-cfe2-b4f2-9bee-f6b505059680,/p/0/8f1fd7166f34ba2c,1,200,2796143,15.192,9292.315,300909
1787812582866,fcc71696-59c9-cb76-035c-e8d211ab173b,/?crawl=106,0,200,464772,50.855,1603.942,289769
1787812583908,10282b25-88d2-49b4-dc6b-7ab3b875e9e4,/p/3/86e7113ae6ec20ee,2,200,80736,170.139,567.919,142161
1787812580523,fff1ea97-b6b4-3164-10bb-35abbc98d713,/p/0/5836b2a83244f632,3,200,386707,329.038,3995.551,96784
1787812580523,fff1ea97-b6b4-3164-10bb-35abbc98d713,/p/10/5836b3a83244f7e5,3,200,384216,329.175,4028.250,95380
1787812570933,e51c2ccc-530c-0524-fc27-87f81183ca9e,/p/0/8e70b7eba2a9b7a3,6,200,2166688,301.480,13749.312,157585
1787812581343,5da666f7-3930-edb3-8a37-ce435aa8f714,/p/0/58f32a8a17020251,5,200,472535,136.173,3339.689,141491
1787812575191,f96cf050-1440-7233-cad8-3abef4e2a5ef,/p/0/208acdcdfa1df72d,2,200,430270,237.738,9524.879,45173
1787812576905,6f0efafe-e89d-5630-efce-78caa6d5edb0,/p/1/8d9e9841b16519e5,2,200,2962942,19.680,7816.035,379085
1787812582510,3e71326f-e416-3c5e-6236-7bd18a29c656,/p/8/f047387a34f2fdb,2,200,234887,139.787,2216.326,105980
1787812582896,734b25fb-d87c-a41b-9c0b-2584b6aa4c78,/p/0/903cd144992273a7,1,200,501382,19.443,1831.627,273736
1787812584103,0583420b-7232-d146-2f4b-1142cd2b8778,/p/0/6e9ebe37e07c354b,6,200,225813,18.189,682.562,330831
1787812584103,0583420b-7232-d146-2f4b-1142cd2b8778,/p/0/6e9ebd37e07c3398,6,200,238919,43.493,800.415,298494
1787812558521,1cf52f86-b72d-b329-7e9f-ab00fc76d7b0,/p/9/417cb4cb46ce46a8,1,200,373796,304.526,26580.447,14063
1787812584103,0583420b-7232-d146-2f4b-1142cd2b8778,/p/0/6e9ebf37e07c36fe,6,200,474797,51.972,1038.355,457259
1787812583687,e74dc3e9-9b81-1c67-b868-f59eb1ef8038,/p/0/b0155f5ccc0afad6,14,200,431272,147.695,1496.042,288275
1787812582139,19391e0a-3e31-7406-f722-99624c645e62,/p/0/97082fa57f7179ca,1,200,362368,82.786,3056.795,118545
1787812583447,10282b25-88d2-49b4-dc6b-7ab3b875e9e4,/p/0/13d67e840d43f9c9,1,200,241097,24.534,1750.827,137705
1787812584476,10282b25-88d2-49b4-dc6b-7ab3b875e9e4,/p/2/5aa937427eba4bc3,3,200,88763,188.157,733.200,121063
1787812584722,6f0efafe-e89d-5630-efce-78caa6d5edb0,/p/0/cac379b520043f3d,3,200,118845,103.675,562.484,211286
1787812582071,d74fc138-801b-2556-1caa-0b8c6881304b,/p/1/617fd2fa5fafd062,1,200,420482,225.371,3251.832,129306
1787812576905,6f0efafe-e89d-5630-efce-78caa6d5edb0,/p/0/8d9e9641b165167f,2,200,3237991,27.709,8520.476,380025
1787812584727,3e71326f-e416-3c5e-6236-7bd18a29c656,/p/0/64b578e8b3f2aa0f,3,200,52344,213.878,710.223,73701
1787812571267,df4ac379-8e22-4164-6bfd-c5879d5cd9b5,/p/3/9afb5676d1d42c9b,3,200,5368101,544.382,14371.671,373520
1787812581940,0749ca82-1e65-8f0a-ba8a-b79b9d25deac,/p/0/aef29ec7089a81ed,5,200,294703,368.076,3699.425,79662
1787812582337,63a2f736-a599-8f16-6df1-716b89ede193,/p/0/effe8a39a2533d53,2,200,254393,389.255,3349.699,75945
1787812584476,10282b25-88d2-49b4-dc6b-7ab3b875e9e4,/p/0/5aa939427eba4f29,3,200,162053,164.779,1365.070,118714
1787812578725,48566d99-8687-1c66-c262-45eb68f9fd83,/p/0/1ca9634d4b7f997e,2,200,450381,231.570,7144.619,63038
1787812566502,5da666f7-3930-edb3-8a37-ce435aa8f714,/p/0/898da2fe01856194,1,200,4381179,71.776,19468.004,225045
1787812581994,34b69e21-870e-7b51-cd5c-c6d7ebc990e9,/p/0/a623987e298e9236,3,200,490579,267.454,4114.564,119230
1787812584470,fcc71696-59c9-cb76-035c-e8d211ab173b,/p/0/806c272678a90050,1,200,207799,50.812,1649.936,125944
1787812562616,1ff3bcd1-0da7-cd02-1374-522545639cba,/p/0/8fcf8b36f057303e,5,200,5821763,85.110,23561.465,247088
1787812584722,6f0efafe-e89d-5630-efce-78caa6d5edb0,/p/0/cac376b520043a24,3,200,487078,122.580,1487.401,327469
1787812584433,ab20e2c6-17bf-e321-abcd-e30c10aef1f9,/p/0/3e8a372611c639c6,4,200,141846,158.149,1850.181,76666
1787812583447,10282b25-88d2-49b4-dc6b-7ab3b875e9e4,/p/0/13d67b840d43f4b0,1,200,400759,147.394,2932.382,136667
1787812582510,3e71326f-e416-3c5e-6236-7bd18a29c656,/p/0/f047587a34f3341,2,200,357115,139.888,3895.517,91673
1787812573294,1ff3bcd1-0da7-cd02-1374-522545639cba,/p/1/9743cedfa5c2fc9d,10,200,2558814,91.871,13135.050,194808
1787812585210,10282b25-88d2-49b4-dc6b-7ab3b875e9e4,/p/0/d623f17522339ff7,4,200,141567,184.493,1389.495,101884
1787812583655,dc1bc04f-82e3-aae1-b398-98a3731896a3,/p/0/8abfc8a30bae3909,2,200,222093,115.550,3003.449,73946
1787812584433,ab20e2c6-17bf-e321-abcd-e30c10aef1f9,/p/0/3e8a362611c63813,4,200,214518,189.574,2241.316,95711
1787812584162,7e3c1cd0-0bdb-f00a-7159-a3e2c48d65fc,/p/0/ed01d4c8e40e0f56,1,200,514679,78.900,2566.093,200569
1787812573619,4a600044-b824-75ce-64cc-0ee37bb6476e,/p/1/7899ba4363d1c2ef,1,200,3915390,24.515,13188.208,296886
1787812558521,1cf52f86-b72d-b329-7e9f-ab00fc76d7b0,/p/0/417cb5cb46ce485b,1,200,426049,2155.605,28437.543,14982
1787812581940,0749ca82-1e65-8f0a-ba8a-b79b9d25deac,/p/0/aef29bc7089a7cd4,5,200,481971,306.050,5049.924,95441
1787812555330,d179d41e-b523-39e2-94e1-1eb7aef09fe5,/p/0/f13517a7df43dc5,3,200,4708460,138.602,31664.661,148698
1787812586868,14083928-4f13-aa04-3e54-8c263b088cb1,/?crawl=111,0,200,42323,52.229,175.083,241731
1787812583908,10282b25-88d2-49b4-dc6b-7ab3b875e9e4,/p/0/86e7123ae6ec22a1,2,200,348697,143.402,3162.430,110262
1787812584476,10282b25-88d2-49b4-dc6b-7ab3b875e9e4,/p/0/5aa936427eba4a10,3,200,241838,276.605,2717.832,88982
1787812585323,d74fc138-801b-2556-1caa-0b8c6881304b,/p/0/868fdab2571ad03b,2,200,118527,205.318,1932.133,61345
1787812585866,b65c0c64-3b12-5a25-dd6f-f7450caa3086,/?crawl=109,0,200,458176,44.803,1393.872,328707
1787812585870,48566d99-8687-1c66-c262-45eb68f9fd83,/p/0/76b8168ba158fad9,4,200,52187,191.330,1422.975,36675
1787812583214,48566d99-8687-1c66-c262-45eb68f9fd83,/p/0/76b8138ba158f5c0,4,200,478830,243.090,4091.698,117025
1787812583214,48566d99-8687-1c66-c262-45eb68f9fd83,/p/3/76b8148ba158f773,4,200,422238,172.644,4094.152,103132
1787812558075,d179d41e-b523-39e2-94e1-1eb7aef09fe5,/p/0/1e251330257d9f97,4,200,3644187,125.239,29238.172,124638
1787812573619,4a600044-b824-75ce-64cc-0ee37bb6476e,/p/0/7899b94363d1c13c,1,200,3822598,24.521,13737.381,278263
1787812587260,b65c0c64-3b12-5a25-dd6f-f7450caa3086,/p/0/fcd27ee7048782ad,1,200,24592,41.568,106.025,231946
1787812584062,d9b27d91-0fa9-612c-4b18-86aa6c1a66d6,/p/0/e9cc9d95c5c275ce,2,200,176832,245.785,3335.679,53012
1787812585639,df4ac379-8e22-4164-6bfd-c5879d5cd9b5,/p/0/8dc25757bb668ca0,4,200,336620,155.606,1818.198,185139
1787812584727,3e71326f-e416-3c5e-6236-7bd18a29c656,/p/0/64b579e8b3f2abc2,3,200,367827,256.194,2740.123,134237
1787812587260,b65c0c64-3b12-5a25-dd6f-f7450caa3086,/p/0/fcd27be704877d94,1,200,83328,106.036,533.219,156274
1787812586807,4a600044-b824-75ce-64cc-0ee37bb6476e,/p/0/cae5ffb6e181b275,2,200,141461,118.885,1008.189,140312
1787812586429,1ff3bcd1-0da7-cd02-1374-522545639cba,/p/0/4d30a839ef62c507,11,200,307477,93.284,1391.476,220972
1787812584323,ed44bc0f-ef2d-a9ce-7a2d-62863ae567a0,/p/0/60923926049f99,9,200,219794,277.428,3538.409,62117
1787812584470,fcc71696-59c9-cb76-035c-e8d211ab173b,/p/0/806c2a2678a90569,1,200,411500,256.495,3528.993,116606
1787812583159,e74dc3e9-9b81-1c67-b868-f59eb1ef8038,/p/0/7f4196d054f6ac66,13,200,3017196,68.025,4875.538,618844
1787812583793,c0c10915-3471-79f2-0f28-e98cd9c13848,/p/0/89de50d43609eb3c,3,200,238814,275.181,4250.762,56181
1787812585841,10282b25-88d2-49b4-dc6b-7ab3b875e9e4,/p/0/d623f2752233a1aa,4,200,409592,132.865,2261.563,181110
1787812585639,df4ac379-8e22-4164-6bfd-c5879d5cd9b5,/p/0/8dc25a57bb6691b9,4,200,496490,30.098,2529.315,196294
1787812586807,4a600044-b824-75ce-64cc-0ee37bb6476e,/p/0/cae5fdb6e181af0f,2,200,331197,190.088,1365.875,242480
1787812582337,63a2f736-a599-8f16-6df1-716b89ede193,/p/0/effe8b39a2533f06,2,200,473804,306.830,5925.325,79963
1787812574041,f96cf050-1440-7233-cad8-3abef4e2a5ef,/p/0/59ad66174ad89301,1,200,2427685,213.459,14281.578,169987
1787812524493,452971bf-e875-1435-2f47-7f6c6fe20dea,/p/0/508c4db8913bfbdc,1,200,5290288,334.780,63839.693,82868
1787812584470,fcc71696-59c9-cb76-035c-e8d211ab173b,/p/0/806c282678a90203,1,200,510009,172.359,3935.646,129587
1787812577034,fe9f5242-1dee-d8c5-2769-78aba5955fb8,/p/7/9dcdf5ded2bfa0c,6,200,2122993,177.755,11398.964,186244
1787812584551,fff1ea97-b6b4-3164-10bb-35abbc98d713,/p/0/b4dea088b7effabc,4,200,409830,65.077,3904.689,104958
1787812584433,ab20e2c6-17bf-e321-abcd-e30c10aef1f9,/p/5/3e8a382611c63b79,4,200,438305,189.617,4107.015,106721
1787812565607,108c8b66-9697-13f3-c04b-5ad9afcac289,/p/0/917798234a71c64e,3,200,2948675,561.376,22964.475,128402
1787812584727,3e71326f-e416-3c5e-6236-7bd18a29c656,/p/7/64b577e8b3f2a85c,3,200,394544,227.957,3959.947,99634
1787812575602,5da666f7-3930-edb3-8a37-ce435aa8f714,/p/0/715062b24f14672b,3,200,2882301,106.523,13089.389,220201
1787812582337,63a2f736-a599-8f16-6df1-716b89ede193,/p/20/effe8939a2533ba0,2,200,480589,204.670,6387.319,75241
1787812583655,dc1bc04f-82e3-aae1-b398-98a3731896a3,/p/0/8abfc5a30bae33f0,2,200,380766,78.434,5148.836,73952
1787812588866,1444af44-e257-f0a8-290f-fb91f3b658e2,/?crawl=113,0,200,39988,28.287,79.743,501460
1787812580583,dac67aa3-6e0a-202f-e278-dd7cbc66cb98,/p/1/993a1fa75f6afcb5,2,200,4963945,65.313,8373.344,592827
1787812585323,d74fc138-801b-2556-1caa-0b8c6881304b,/p/0/868fdbb2571ad1ee,2,200,397810,263.812,3679.736,108108
1787812586868,5dc1e98b-e944-26bb-e977-30c41b3bf4a0,/?crawl=110,0,200,425905,74.959,2180.319,195341
1787812582896,734b25fb-d87c-a41b-9c0b-2584b6aa4c78,/p/2/903cd3449922770d,1,200,2847775,117.570,6156.268,462581
1787812588866,e006d3a4-893c-ecdd-0350-87bafabb266c,/?crawl=112,0,200,107274,30.628,232.144,462101
1787812588946,1444af44-e257-f0a8-290f-fb91f3b658e2,/p/5/29395bba9b6cc405,1,200,18531,78.390,156.985,118043
1787812588946,1444af44-e257-f0a8-290f-fb91f3b658e2,/p/0/293959ba9b6cc09f,1,200,85886,26.032,233.750,367426
1787812588956,dac67aa3-6e0a-202f-e278-dd7cbc66cb98,/p/0/52bc05294c2511d4,3,200,75107,102.681,235.086,319488
1787812584551,fff1ea97-b6b4-3164-10bb-35abbc98d713,/p/9/b4dea288b7effe22,4,200,253729,397.673,4672.885,54298
1787812589053,734b25fb-d87c-a41b-9c0b-2584b6aa4c78,/p/0/a87bd60c3a5d8e44,2,200,22713,185.888,222.912,101892
1787812588724,63a2f736-a599-8f16-6df1-716b89ede193,/p/0/85178d621b2a41cd,3,200,13136,241.246,574.168,22878
1787812588956,dac67aa3-6e0a-202f-e278-dd7cbc66cb98,/p/0/52bc08294c2516ed,3,200,114064,102.602,390.033,292447
1787812584552,fff1ea97-b6b4-3164-10bb-35abbc98d713,/p/0/b4dea388b7efffd5,4,200,384511,397.676,4805.424,80016
1787812585323,d74fc138-801b-2556-1caa-0b8c6881304b,/p/0/868fdcb2571ad3a1,2,200,341066,225.383,4065.262,83898
1787812588724,63a2f736-a599-8f16-6df1-716b89ede193,/p/19/85178b621b2a3e67,3,200,69593,241.464,702.294,99094
1787812564440,a350c9e6-f13c-9da5-e0ca-0ad0e8044e1a,/p/0/d345e6c260d58e28,1,200,3750770,68.433,25038.321,149801
1787812589103,1444af44-e257-f0a8-290f-fb91f3b658e2,/p/0/7a7fb0964b3247ea,2,200,139665,148.130,453.196,308178
1787812588866,9bf2b6df-b71f-4735-ded7-322fbe959fbf,/?crawl=114,0,200,170424,61.270,736.877,231279
1787812586429,1ff3bcd1-0da7-cd02-1374-522545639cba,/p/0/4d30a739ef62c354,11,200,456019,101.260,3228.809,141234
1787812561873,0cac6aae-1489-56e0-7461-86608a6b60d9,/p/0/3fdb9264cc3a99c8,1,200,385843,291.929,27809.026,13875
1787812588946,1444af44-e257-f0a8-290f-fb91f3b658e2,/p/0/29395aba9b6cc252,1,200,135316,92.077,740.968,182620
1787812589098,e006d3a4-893c-ecdd-0350-87bafabb266c,/p/13/95cf065d06d1cdf2,1,200,160816,157.474,592.437,271448
1787812584062,d9b27d91-0fa9-612c-4b18-86aa6c1a66d6,/p/0/e9cc9c95c5c2741b,2,200,386205,190.136,5805.763,66521
1787812589053,734b25fb-d87c-a41b-9c0b-2584b6aa4c78,/p/1/a87bd70c3a5d8ff7,2,200,166290,261.251,833.337,199547
1787812589866,4b473034-07dc-a01a-2c10-98e499d69fba,/?crawl=115,0,200,143324,41.193,407.411,351792
1787812569263,eb7e981e-236e-e62e-fcbd-039d90b367ca,/p/6/84b32510d798fc75,3,200,5353115,321.904,21099.255,253711
1787812587308,48566d99-8687-1c66-c262-45eb68f9fd83,/p/2/e8040c3d23e7edd6,5,200,48637,3206.727,3213.366,15136
1787812558075,d179d41e-b523-39e2-94e1-1eb7aef09fe5,/p/0/1e251530257da2fd,4,200,5813340,149.453,32463.524,179073
1787812589426,63a2f736-a599-8f16-6df1-716b89ede193,/p/0/88d9dff4a70eab97,4,200,62879,240.065,1204.112,52220
1787812582896,734b25fb-d87c-a41b-9c0b-2584b6aa4c78,/p/0/903cd2449922755a,1,200,3055210,108.319,7735.771,394946
1787812587043,14083928-4f13-aa04-3e54-8c263b088cb1,/p/0/264b2ff7236db45,1,200,364662,221.111,3595.673,101417
1787812590362,eb7e981e-236e-e62e-fcbd-039d90b367ca,/p/0/7e683d278579db6,4,200,67262,48.676,277.777,242144
1787812589886,734b25fb-d87c-a41b-9c0b-2584b6aa4c78,/p/0/7f81a4fc114047e0,3,200,168875,105.369,913.437,184879
1787812583793,c0c10915-3471-79f2-0f28-e98cd9c13848,/p/0/89de53d43609f055,3,200,443641,231.613,7008.181,63303
1787812589603,9bf2b6df-b71f-4735-ded7-322fbe959fbf,/p/0/2151082b8b300ce6,1,200,92827,346.550,1212.569,76554
1787812589886,734b25fb-d87c-a41b-9c0b-2584b6aa4c78,/p/0/7f81a7fc11404cf9,3,200,190359,95.779,946.036,201217
1787812589103,1444af44-e257-f0a8-290f-fb91f3b658e2,/p/0/7a7faf964b324637,2,200,346074,233.135,1737.833,199141
1787812590866,23087d11-f88e-3bd5-56d4-52d133194380,/?crawl=116,0,200,11521,26.306,37.205,309666
1787812589052,734b25fb-d87c-a41b-9c0b-2584b6aa4c78,/p/0/a87bd90c3a5d935d,2,200,364886,186.043,1893.510,192704
1787812588687,3e71326f-e416-3c5e-6236-7bd18a29c656,/p/6/15e6c5c0c6179f82,4,200,266181,155.349,2262.833,117632
1787812577418,19626a39-cfe2-b4f2-9bee-f6b505059680,/p/0/dfff0fff435fc24d,4,200,6085875,67.002,13686.948,444648
1787812587043,14083928-4f13-aa04-3e54-8c263b088cb1,/p/0/264afff7236d62c,1,200,413449,51.233,4100.472,100830
1787812568544,cf6b0c32-d027-3b38-e2ca-a9d4c3aeba8a,/p/5/6c427138631fde86,1,200,3956738,516.429,22634.334,174811
1787812589886,734b25fb-d87c-a41b-9c0b-2584b6aa4c78,/p/0/7f81a6fc11404b46,3,200,482626,105.357,1486.069,324767
1787812570930,548a7f9d-41e4-e529-50a4-b4a5553f5aa5,/p/0/b79e303b464c669,3,200,3984785,220.997,20485.017,194522
1787812590362,eb7e981e-236e-e62e-fcbd-039d90b367ca,/p/5/7e684d278579f69,4,200,170818,252.483,1107.264,154270
1787812559444,12028cc7-a6cb-1a51-d45d-d5f675c8e8a9,/p/0/ae125d6db2334d2f,1,200,5567750,107.550,32076.239,173579
1787812573431,fc97bfa7-235d-3fc5-1122-8ebed5c0cde0,/p/0/671c0f86e08a553,2,200,2815428,200.861,18151.440,155108
1787812580583,dac67aa3-6e0a-202f-e278-dd7cbc66cb98,/p/0/993a1da75f6af94f,2,200,6163517,60.620,11036.990,558442
1787812556719,fc97bfa7-235d-3fc5-1122-8ebed5c0cde0,/p/0/3be44d87af198948,1,200,6217381,101.609,34929.530,177998
1787812570653,12028cc7-a6cb-1a51-d45d-d5f675c8e8a9,/p/0/434d5fdef1eeb35e,2,200,3789175,208.054,21177.972,178921
1787812581169,19626a39-cfe2-b4f2-9bee-f6b505059680,/p/6/8cc8b306290d7fe0,6,200,5895051,181.439,10877.983,541925
1787812589048,5dc1e98b-e944-26bb-e977-30c41b3bf4a0,/p/8/6efa5ba1dd9be1cc,1,200,133658,664.556,3132.627,42666
1787812589604,9bf2b6df-b71f-4735-ded7-322fbe959fbf,/p/0/2151062b8b300980,1,200,266669,53.871,2618.400,101844
1787812588687,3e71326f-e416-3c5e-6236-7bd18a29c656,/p/0/15e6c6c0c617a135,4,200,302978,303.453,3535.865,85687
1787812592047,19626a39-cfe2-b4f2-9bee-f6b505059680,/p/0/3bfab4bcc03e34f4,7,200,92868,75.119,186.800,497153
1787812572035,1ff3bcd1-0da7-cd02-1374-522545639cba,/p/0/d9806b60d9de7c26,9,200,4191845,101.109,20397.535,205507
1787812588433,fe9f5242-1dee-d8c5-2769-78aba5955fb8,/p/0/e047304baf346d43,7,200,509173,194.584,4016.867,126759
1787812588687,3e71326f-e416-3c5e-6236-7bd18a29c656,/p/0/15e6c3c0c6179c1c,4,200,393417,155.412,3804.236,103415
1787812575741,d8034ba6-4789-5f97-4360-1ea481a9ca9b,/p/0/73e1b25bdcb06b6c,7,200,2651554,199.751,16803.830,157795
1787812585639,df4ac379-8e22-4164-6bfd-c5879d5cd9b5,/p/2/8dc25857bb668e53,4,200,2413146,30.041,6967.070,346365
1787812592047,19626a39-cfe2-b4f2-9bee-f6b505059680,/p/5/3bfab5bcc03e36a7,7,200,261144,75.157,636.111,410532
1787812584722,6f0efafe-e89d-5630-efce-78caa6d5edb0,/p/0/cac378b520043d8a,3,200,5264786,113.418,7962.574,661191
1787812569027,9be8c8ed-4ea5-2062-ff35-3b8a81f1f7ed,/p/0/1c4557fa4aab24a5,3,200,4768474,220.897,23698.713,201212
1787812581343,5da666f7-3930-edb3-8a37-ce435aa8f714,/p/0/58f3298a1702009e,5,200,4783988,104.148,11539.391,414579
1787812592683,19626a39-cfe2-b4f2-9bee-f6b505059680,/p/0/e87f538e0fa666a8,8,200,36526,69.898,223.442,163470
1787812575741,d8034ba6-4789-5f97-4360-1ea481a9ca9b,/p/0/73e1b55bdcb07085,7,200,3605633,199.652,17197.053,209666
1787812590950,3e71326f-e416-3c5e-6236-7bd18a29c656,/p/0/20bbb1bceaeecc48,5,200,189242,159.255,1992.209,94991
1787812589048,5dc1e98b-e944-26bb-e977-30c41b3bf4a0,/p/0/6efa5da1dd9be532,1,200,221625,185.575,3900.719,56816
1787812589048,5dc1e98b-e944-26bb-e977-30c41b3bf4a0,/p/0/6efa5ca1dd9be37f,1,200,384254,77.802,4092.732,93887
1787812592181,5dc1e98b-e944-26bb-e977-30c41b3bf4a0,/p/0/f2d08b96f08b5eb3,2,200,23755,400.850,992.136,23943
1787812589098,e006d3a4-893c-ecdd-0350-87bafabb266c,/p/0/95cf045d06d1ca8c,1,200,444621,28.726,4110.385,108170
1787812591582,fc97bfa7-235d-3fc5-1122-8ebed5c0cde0,/p/0/a5df1b6525c1219b,6,200,81782,169.026,1841.105,44420
1787812592683,19626a39-cfe2-b4f2-9bee-f6b505059680,/p/0/e87f568e0fa66bc1,8,200,178363,76.634,760.447,234550
1787812592866,a55038e8-f907-c643-c309-eef4df21ca8a,/?crawl=118,0,200,334276,31.103,591.026,565586
1787812591179,cf6b0c32-d027-3b38-e2ca-a9d4c3aeba8a,/p/0/39541c369e570072,2,200,127405,387.782,2450.006,52002
1787812573149,63feb0eb-2564-8058-5024-1e4cb93e9190,/p/1/4aacd9ed63ced1c7,6,200,5299476,355.145,20550.748,257873
1787812591866,0c39296c-9d09-a3b9-cfb4-8e11142eafe6,/?crawl=117,0,200,468071,53.953,1859.622,251702
1787812584216,ed44bc0f-ef2d-a9ce-7a2d-62863ae567a0,/p/2/60903926049c33,9,200,471488,213.171,9511.672,49569
1787812588540,ab20e2c6-17bf-e321-abcd-e30c10aef1f9,/p/0/e1fd199ca12f4492,5,200,437612,301.749,5279.777,82885
1787812592606,df4ac379-8e22-4164-6bfd-c5879d5cd9b5,/p/0/82b68328f1ad2d04,5,200,173860,91.315,1280.639,135760
1787812592606,df4ac379-8e22-4164-6bfd-c5879d5cd9b5,/p/1/82b68528f1ad306a,5,200,273225,31.148,1325.623,206111
1787812592683,19626a39-cfe2-b4f2-9bee-f6b505059680,/p/4/e87f558e0fa66a0e,8,200,432578,76.768,1300.054,332738
1787812590950,3e71326f-e416-3c5e-6236-7bd18a29c656,/p/5/20bbb2bceaeecdfb,5,200,380346,159.194,3208.086,118559
1787812588956,dac67aa3-6e0a-202f-e278-dd7cbc66cb98,/p/0/52bc06294c251387,3,200,4677583,94.277,5286.402,884833
1787812587308,48566d99-8687-1c66-c262-45eb68f9fd83,/p/0/e8040d3d23e7ef89,5,200,335835,3209.595,7012.350,47892
1787812589691,e006d3a4-893c-ecdd-0350-87bafabb266c,/p/12/48bea53d8c0801dd,2,200,456084,214.537,4650.400,98074
1787812588724,63a2f736-a599-8f16-6df1-716b89ede193,/p/0/85178a621b2a3cb4,3,200,384986,241.097,5725.400,67242
1787812589103,1444af44-e257-f0a8-290f-fb91f3b658e2,/p/4/7a7fb1964b32499d,2,200,2548272,148.216,5414.688,470622
1787812561873,0cac6aae-1489-56e0-7461-86608a6b60d9,/p/0/3fdb9564cc3a9ee1,1,200,484867,1310.719,32666.854,14843
1787812593457,a55038e8-f907-c643-c309-eef4df21ca8a,/p/0/a4d088e827395ca,1,200,208306,29.796,1260.937,165199
1787812570688,1ff3bcd1-0da7-cd02-1374-522545639cba,/p/0/a40bc720493e5569,8,200,4940408,87.913,24152.127,204554
1787812585210,10282b25-88d2-49b4-dc6b-7ab3b875e9e4,/p/1/d623f07522339e44,4,200,4645980,122.982,9760.168,476014
1787812594867,48aed0f1-d51c-f9ee-d3dc-d8ab6c4698fb,/?crawl=121,0,200,24733,74.634,146.277,169084
1787812583655,dc1bc04f-82e3-aae1-b398-98a3731896a3,/p/2/8abfc7a30bae3756,2,200,3189953,228.703,11392.705,280000
1787812590362,eb7e981e-236e-e62e-fcbd-039d90b367ca,/p/0/7e682d278579c03,4,200,348581,252.588,4914.253,70933
1787812591470,eb7e981e-236e-e62e-fcbd-039d90b367ca,/p/0/4eca3f8e999f5260,5,200,240213,328.569,3808.279,63077
1787812593457,a55038e8-f907-c643-c309-eef4df21ca8a,/p/0/a4d068e82739264,1,200,375973,148.186,1821.895,206364
1787812570655,548a7f9d-41e4-e529-50a4-b4a5553f5aa5,/p/5/b79e103b464c303,3,200,5730866,190.860,24626.169,232714
1787812591469,eb7e981e-236e-e62e-fcbd-039d90b367ca,/p/4/4eca408e999f5413,5,200,521568,276.801,3816.512,136661
1787812581866,0259e658-774f-d392-9487-017f5735e0f8,/?crawl=104,0,200,4346628,41.961,13433.542,323565
1787812595281,548a7f9d-41e4-e529-50a4-b4a5553f5aa5,/p/0/8fbe8d0627aacd3b,4,200,8738,29.065,44.111,198090
1787812595048,dc1bc04f-82e3-aae1-b398-98a3731896a3,/p/1/8b74b4a71f461495,3,200,207897,2.326,321.780,646084
1787812586807,4a600044-b824-75ce-64cc-0ee37bb6476e,/p/0/cae5feb6e181b0c2,2,200,4783879,202.093,8605.567,555905
1787812587308,48566d99-8687-1c66-c262-45eb68f9fd83,/p/0/e8040a3d23e7ea70,5,200,425433,3206.472,8119.943,52394
1787812595048,dc1bc04f-82e3-aae1-b398-98a3731896a3,/p/0/8b74b2a71f46112f,3,200,149355,3.285,392.195,380818
1787812585101,1cf52f86-b72d-b329-7e9f-ab00fc76d7b0,/p/0/f81c94914362db0e,2,200,113993,2779.716,10355.670,11008
1787812594158,3e71326f-e416-3c5e-6236-7bd18a29c656,/p/4/bddda24509499754,6,200,141866,156.617,1305.090,108702
1787812593867,86ebf542-ef38-601a-6982-dd2a1767e854,/?crawl=120,0,200,521281,60.082,1619.022,321973
1787812591648,fc97bfa7-235d-3fc5-1122-8ebed5c0cde0,/p/0/a5df1c6525c1234e,6,200,309378,324.180,3854.536,80263
1787812595048,dc1bc04f-82e3-aae1-b398-98a3731896a3,/p/0/8b74b3a71f4612e2,3,200,307316,3.097,505.364,608108
1787812591179,cf6b0c32-d027-3b38-e2ca-a9d4c3aeba8a,/p/0/39541b369e56febf,2,200,268302,388.014,4465.523,60083
1787812594970,10282b25-88d2-49b4-dc6b-7ab3b875e9e4,/p/0/215f2ea0ded4b0d7,5,200,138099,122.021,731.102,188891
1787812595370,dc1bc04f-82e3-aae1-b398-98a3731896a3,/p/0/510bc9c398c7e7f1,4,200,406476,183.556,394.175,1031208
1787812593983,19626a39-cfe2-b4f2-9bee-f6b505059680,/p/0/bee7f24d0677c7ee,9,200,61709,1692.272,1904.195,32407
1787812595286,eb7e981e-236e-e62e-fcbd-039d90b367ca,/p/3/f259bc3d657b3947,6,200,54262,638.308,648.170,83716
1787812593868,e433120d-9660-b149-3ae2-ab6d26b5c37e,/?crawl=119,0,200,451105,95.237,2074.814,217420
1787812577034,fe9f5242-1dee-d8c5-2769-78aba5955fb8,/p/0/9dce15ded2bfd72,6,200,3187119,35.120,18926.877,168391
1787812592606,df4ac379-8e22-4164-6bfd-c5879d5cd9b5,/p/0/82b68628f1ad321d,5,200,463805,135.221,3461.186,134002
1787812585101,1cf52f86-b72d-b329-7e9f-ab00fc76d7b0,/p/0/f81c93914362d95b,2,200,133796,2174.304,10990.603,12174
1787812591179,cf6b0c32-d027-3b38-e2ca-a9d4c3aeba8a,/p/4/39541d369e570225,2,200,340519,78.176,4937.593,68965
1787812595943,e433120d-9660-b149-3ae2-ab6d26b5c37e,/p/0/9db75dec170e8bdd,1,200,21108,131.821,195.861,107770
1787812585101,1cf52f86-b72d-b329-7e9f-ab00fc76d7b0,/p/8/f81c95914362dcc1,2,200,289990,2017.812,11104.852,26114
1787812595370,dc1bc04f-82e3-aae1-b398-98a3731896a3,/p/0/510bc6c398c7e2d8,4,200,433414,394.282,867.044,499875
1787812594158,3e71326f-e416-3c5e-6236-7bd18a29c656,/p/0/bddda34509499907,6,200,155119,156.713,2096.737,73981
1787812593932,df4ac379-8e22-4164-6bfd-c5879d5cd9b5,/p/0/a049f77d1fce3bad,6,200,277709,210.319,2324.292,119481
1787812593700,63feb0eb-2564-8058-5024-1e4cb93e9190,/p/0/c5d7cfb32d41f14b,7,200,283188,141.590,2579.209,109796
1787812593983,19626a39-cfe2-b4f2-9bee-f6b505059680,/p/0/bee7f14d0677c63b,9,200,221633,1692.289,2296.329,96516
1787812595300,0259e658-774f-d392-9487-017f5735e0f8,/p/0/a740d1e1a1deec76,1,200,138889,41.220,1040.520,133480
1787812595286,eb7e981e-236e-e62e-fcbd-039d90b367ca,/p/0/f259bb3d657b3794,6,200,325183,647.076,1102.595,294925
1787812593932,df4ac379-8e22-4164-6bfd-c5879d5cd9b5,/p/0/a049f57d1fce3847,6,200,256715,255.030,2503.746,102532
1787812595286,eb7e981e-236e-e62e-fcbd-039d90b367ca,/p/0/f259be3d657b3cad,6,200,374751,647.114,1168.589,320687
1787812594867,e4c8a592-ef20-dddc-e06d-c3bb2884d28d,/?crawl=122,0,200,386080,64.441,1650.597,233903
1787812581990,d9b27d91-0fa9-612c-4b18-86aa6c1a66d6,/p/0/3aab293f3679e5ef,1,200,2407332,189.185,14610.421,164768
1787812594970,10282b25-88d2-49b4-dc6b-7ab3b875e9e4,/p/0/215f2fa0ded4b28a,5,200,428258,121.873,1656.919,258467
1787812593932,df4ac379-8e22-4164-6bfd-c5879d5cd9b5,/p/0/a049f47d1fce3694,6,200,470216,151.084,2742.343,171465
1787812592223,3e71326f-e416-3c5e-6236-7bd18a29c656,/p/0/20bbb4bceaeed161,5,200,270870,167.853,4533.237,59752
1787812594518,1444af44-e257-f0a8-290f-fb91f3b658e2,/p/3/e815bac5050f42f5,3,200,379228,48.294,2238.125,169440
1787812593727,0c39296c-9d09-a3b9-cfb4-8e11142eafe6,/p/0/db9005444900ea06,1,200,260535,447.576,3079.862,84593
1787812594518,1444af44-e257-f0a8-290f-fb91f3b658e2,/p/0/e815b9c5050f4142,3,200,364145,150.726,2304.120,158041
1787812595281,548a7f9d-41e4-e529-50a4-b4a5553f5aa5,/p/0/8fbe8e0627aaceee,4,200,408626,100.947,1573.399,259709
1787812593726,0c39296c-9d09-a3b9-cfb4-8e11142eafe6,/p/0/db9004444900e853,1,200,518936,496.710,3150.869,164696
1787812594518,1444af44-e257-f0a8-290f-fb91f3b658e2,/p/0/e815b8c5050f3f8f,3,200,471012,23.485,2366.058,199070
1787812535502,452971bf-e875-1435-2f47-7f6c6fe20dea,/p/6/3792e6aa8682ac02,3,200,6210318,366.203,61387.025,101167
1787812594321,48566d99-8687-1c66-c262-45eb68f9fd83,/p/0/b3978f4b0003cf51,6,200,174649,231.348,2641.047,66129
1787812575301,0bc6c343-fd5b-3b3e-37e3-d1d8563349f9,/p/4/e8a8c6f8eefe5d7d,1,200,3654806,3.095,21674.606,168622
1787812589426,63a2f736-a599-8f16-6df1-716b89ede193,/p/18/88d9e1f4a70eaefd,4,200,440472,395.732,7581.591,58098
1787812590522,48566d99-8687-1c66-c262-45eb68f9fd83,/p/1/b3978e4b0003cd9e,6,200,482630,458.274,6644.541,72636
1787812570967,d66568bc-db56-b020-ae6e-bd870e82c002,/p/6/c11cbf5356912cf5,2,200,3711086,222.490,26242.806,141413
1787812593983,19626a39-cfe2-b4f2-9bee-f6b505059680,/p/3/bee7f34d0677c9a1,9,200,474482,1707.415,3248.222,146074
1787812586429,1ff3bcd1-0da7-cd02-1374-522545639cba,/p/0/4d30a939ef62c6ba,11,200,4892522,85.654,10809.211,452625
1787812595486,86ebf542-ef38-601a-6982-dd2a1767e854,/p/0/c9c0c421a88e14,1,200,195902,294.503,1790.280,109425
1787812596756,3e71326f-e416-3c5e-6236-7bd18a29c656,/p/0/fa9e0cb0378a8fae,7,200,38879,185.647,627.280,61980
1787812595934,eb7e981e-236e-e62e-fcbd-039d90b367ca,/p/2/459dccc1d5f91203,7,200,318560,831.756,1481.617,215008
1787812595463,3e71326f-e416-3c5e-6236-7bd18a29c656,/p/3/fa9e0ab0378a8c48,7,200,185894,227.485,2004.936,92718
1787812597231,19626a39-cfe2-b4f2-9bee-f6b505059680,/p/0/932d7c276074010f,10,200,58430,75.568,241.931,241515
1787812596116,cf6b0c32-d027-3b38-e2ca-a9d4c3aeba8a,/p/3/fc078f55b91edc6f,3,200,119289,86.086,1373.473,86852
1787812596206,1cf52f86-b72d-b329-7e9f-ab00fc76d7b0,/p/0/c4ba408c6355951b,3,200,38609,1307.544,1309.868,29475
1787812596206,1cf52f86-b72d-b329-7e9f-ab00fc76d7b0,/p/0/c4ba418c635596ce,3,200,77362,1307.365,1311.496,58988
1787812596206,1cf52f86-b72d-b329-7e9f-ab00fc76d7b0,/p/7/c4ba428c63559881,3,200,270318,1307.598,1317.419,205188
1787812595370,dc1bc04f-82e3-aae1-b398-98a3731896a3,/p/0/510bc7c398c7e48b,4,200,4354734,394.014,2336.684,1863638
1787812591469,eb7e981e-236e-e62e-fcbd-039d90b367ca,/p/0/4eca428e999f5779,5,200,3382616,301.599,6265.519,539878
1787812596866,8b7b632e-92c1-abff-df12-ea19e08d1599,/?crawl=123,0,200,448689,30.737,893.494,502174
1787812595013,48aed0f1-d51c-f9ee-d3dc-d8ab6c4698fb,/p/0/6d5f6e668d0d9d1a,1,200,188477,320.382,2747.116,68609
1787812571909,9be8c8ed-4ea5-2062-ff35-3b8a81f1f7ed,/p/0/b300b8b120157f9,4,200,6119461,219.685,25938.322,235924
1787812589224,fff1ea97-b6b4-3164-10bb-35abbc98d713,/p/0/ec530ca5254931e6,5,200,490985,165.210,8628.838,56900
1787812587043,14083928-4f13-aa04-3e54-8c263b088cb1,/p/7/264b0ff7236d7df,1,200,2163965,149.247,10902.352,198486
1787812597231,19626a39-cfe2-b4f2-9bee-f6b505059680,/p/2/932d7b276073ff5c,10,200,355607,92.178,860.132,413433
1787812596889,452971bf-e875-1435-2f47-7f6c6fe20dea,/p/0/acb952fee764e33c,4,200,144849,76.996,1302.812,111182
1787812595486,86ebf542-ef38-601a-6982-dd2a1767e854,/p/0/c9c1c421a88fc7,1,200,483892,49.197,2794.483,173160
1787812578869,e42a0fc0-fbc0-f549-8686-3f7bff440e94,/?crawl=96,0,200,4694796,155.580,19452.767,241343
1787812596756,1444af44-e257-f0a8-290f-fb91f3b658e2,/p/2/66dd1e289177a010,4,200,279514,176.639,1630.603,171418
1787812593727,0c39296c-9d09-a3b9-cfb4-8e11142eafe6,/p/13/db9006444900ebb9,1,200,5002263,35.557,4661.993,1072988
1787812595300,0259e658-774f-d392-9487-017f5735e0f8,/p/0/a740d0e1a1deeac3,1,200,444825,109.053,3234.828,137511
1787812592181,5dc1e98b-e944-26bb-e977-30c41b3bf4a0,/p/7/f2d08d96f08b6219,2,200,519409,474.875,6354.982,81733
1787812598092,19626a39-cfe2-b4f2-9bee-f6b505059680,/p/0/fb17800061dcb1fe,11,200,64158,93.669,512.594,125163
1787812598389,0c39296c-9d09-a3b9-cfb4-8e11142eafe6,/p/12/9cb336fbd996209f,2,200,142742,5.789,318.919,447581
1787812578291,ef03f431-9299-2706-2fa0-625d62315506,/p/0/51c50f883a9bd6c9,1,200,440289,1377.339,20504.166,21473
1787812596517,e4c8a592-ef20-dddc-e06d-c3bb2884d28d,/p/5/279e6c7f4ade7bed,1,200,139585,61.116,2344.987,59525
1787812596116,cf6b0c32-d027-3b38-e2ca-a9d4c3aeba8a,/p/0/fc079155b91edfd5,3,200,101584,595.991,2747.183,36978
1787812598387,1444af44-e257-f0a8-290f-fb91f3b658e2,/p/0/eee91896d8776e73,5,200,56993,174.286,580.327,98208
1787812597008,63a2f736-a599-8f16-6df1-716b89ede193,/p/0/fbf7f98e0375b60a,5,200,144335,262.016,1989.758,72539
1787812597416,eb7e981e-236e-e62e-fcbd-039d90b367ca,/p/1/7c20d3bec0731945,8,200,263436,374.060,1606.127,164019
1787812597416,eb7e981e-236e-e62e-fcbd-039d90b367ca,/p/0/7c20d2bec0731792,8,200,255530,397.385,1607.994,158912
1787812594341,e006d3a4-893c-ecdd-0350-87bafabb266c,/p/11/a3ba37f0b0638fa8,3,200,383681,172.440,4757.048,80655
1787812597760,8b7b632e-92c1-abff-df12-ea19e08d1599,/p/0/94341521b6438274,1,200,207063,155.565,1371.385,150988
1787812596889,452971bf-e875-1435-2f47-7f6c6fe20dea,/p/0/acb955fee764e855,4,200,127334,486.415,2259.124,56364
1787812596517,e4c8a592-ef20-dddc-e06d-c3bb2884d28d,/p/0/279e6b7f4ade7a3a,1,200,329843,92.689,2646.111,124652
1787812597468,3e71326f-e416-3c5e-6236-7bd18a29c656,/p/2/44b87e47a93faf1e,8,200,103808,238.011,1705.408,60870
1787812594158,3e71326f-e416-3c5e-6236-7bd18a29c656,/p/0/bddda44509499aba,6,200,421367,170.307,5031.392,83748
1787812581994,34b69e21-870e-7b51-cd5c-c6d7ebc990e9,/p/0/a623977e298e9083,3,200,3541739,297.640,17240.251,205434
1787812598387,1444af44-e257-f0a8-290f-fb91f3b658e2,/p/1/eee91a96d87771d9,5,200,135148,137.335,866.624,155948
1787812597416,eb7e981e-236e-e62e-fcbd-039d90b367ca,/p/0/7c20d1bec07315df,8,200,351347,351.906,1930.643,181984
1787812597760,8b7b632e-92c1-abff-df12-ea19e08d1599,/p/0/94341821b643878d,1,200,251242,134.479,1667.787,150644
1787812595943,e433120d-9660-b149-3ae2-ab6d26b5c37e,/p/1/9db75bec170e8877,1,200,409276,64.650,3547.988,115354
1787812581940,0749ca82-1e65-8f0a-ba8a-b79b9d25deac,/p/11/aef29dc7089a803a,5,200,3530074,368.064,17638.657,200133
1787812597760,8b7b632e-92c1-abff-df12-ea19e08d1599,/p/1/94341721b64385da,1,200,468388,29.908,1858.616,252009
1787812595013,48aed0f1-d51c-f9ee-d3dc-d8ab6c4698fb,/p/0/6d5f6c668d0d99b4,1,200,421327,105.845,4610.164,91391
1787812584062,d9b27d91-0fa9-612c-4b18-86aa6c1a66d6,/p/7/e9cc9e95c5c27781,2,200,4678135,227.221,15687.760,298203
1787812581990,d9b27d91-0fa9-612c-4b18-86aa6c1a66d6,/p/0/3aab2a3f3679e7a2,1,200,4682488,37.419,17871.993,262001
1787812597210,d66568bc-db56-b020-ae6e-bd870e82c002,/p/0/2299f75ff3ac0a7d,3,200,218497,254.446,2675.147,81677
1787812566949,1e46a455-56c8-91fa-0560-77e275a2328b,/p/18/be5aba2aa600e0b6,1,200,4353884,186.115,32989.899,131976
1787812598091,19626a39-cfe2-b4f2-9bee-f6b505059680,/p/0/fb177f0061dcb04b,11,200,331002,121.689,1874.287,176602
1787812597210,d66568bc-db56-b020-ae6e-bd870e82c002,/p/5/2299f65ff3ac08ca,3,200,167338,230.794,2865.645,58395
1787812599618,8b7b632e-92c1-abff-df12-ea19e08d1599,/p/0/195b757c4f948510,2,200,110152,113.876,530.399,207678
1787812599750,d9b27d91-0fa9-612c-4b18-86aa6c1a66d6,/p/6/70ac6eaaa297346c,3,200,64128,111.605,398.901,160762
1787812599254,1444af44-e257-f0a8-290f-fb91f3b658e2,/p/0/ef26778357af8975,6,200,74216,170.128,930.951,79721
1787812599618,8b7b632e-92c1-abff-df12-ea19e08d1599,/p/0/195b767c4f9486c3,2,200,131167,52.381,603.713,217267
1787812597945,14083928-4f13-aa04-3e54-8c263b088cb1,/p/0/2402e9f8119129a6,2,200,273593,50.329,2332.935,117274
1787812566549,16864d94-b0b1-7c67-8072-6515eeb7838a,/p/0/bae91e1e6de3abc4,2,200,5385117,292.457,33793.431,159354
1787812597945,14083928-4f13-aa04-3e54-8c263b088cb1,/p/0/2402e8f8119127f3,2,200,197951,147.961,2508.199,78922
1787812599098,e006d3a4-893c-ecdd-0350-87bafabb266c,/p/10/1cfc62d278cbd722,4,200,107901,386.211,1361.678,79241
1787812580168,48566d99-8687-1c66-c262-45eb68f9fd83,/p/0/8916c8c8ba634935,3,200,2219867,264.975,20306.512,109318
1787812599579,0749ca82-1e65-8f0a-ba8a-b79b9d25deac,/p/0/184bbfa34b147068,6,200,102503,319.328,1035.730,98967
1787812599579,0749ca82-1e65-8f0a-ba8a-b79b9d25deac,/p/0/184bc2a34b147581,6,200,336734,2.688,1037.431,324585
1787812597166,48566d99-8687-1c66-c262-45eb68f9fd83,/p/0/dc5dadcf7f2506ff,7,200,228108,218.995,3489.330,65373
1787812599022,eb7e981e-236e-e62e-fcbd-039d90b367ca,/p/0/793b0ece8732a24e,9,200,456217,331.320,1637.995,278522
1787812599618,8b7b632e-92c1-abff-df12-ea19e08d1599,/p/0/195b777c4f948876,2,200,346332,30.603,1160.156,298522
1787812600149,d9b27d91-0fa9-612c-4b18-86aa6c1a66d6,/p/0/1e5cd9f96afad6c9,4,200,19681,301.963,665.360,29579
1787812596889,452971bf-e875-1435-2f47-7f6c6fe20dea,/p/5/acb953fee764e4ef,4,200,516785,227.970,4049.113,127629
1787812598387,1444af44-e257-f0a8-290f-fb91f3b658e2,/p/0/eee91996d8777026,5,200,296345,162.081,2658.717,111462
1787812566549,16864d94-b0b1-7c67-8072-6515eeb7838a,/p/2/bae91f1e6de3ad77,2,200,5947997,47.777,34503.156,172390
1787812599579,0749ca82-1e65-8f0a-ba8a-b79b9d25deac,/p/10/184bc1a34b1473ce,6,200,435697,2.381,1489.899,292434
1787812555828,e0d036c2-b593-f2f7-d9b7-9fae6a22b46f,/p/0/9fad20e20bb1846e,2,200,5112126,255.836,45455.588,112464
1787812578291,ef03f431-9299-2706-2fa0-625d62315506,/p/0/51c50d883a9bd363,1,200,427063,231.114,23051.452,18527
1787812596975,0bc6c343-fd5b-3b3e-37e3-d1d8563349f9,/p/0/d67c126ac398b086,2,200,392675,234.126,4481.374,87624
1787812601069,0749ca82-1e65-8f0a-ba8a-b79b9d25deac,/p/0/2bcb9c861a2c03d8,7,200,24644,174.287,435.176,56630
1787812601052,16864d94-b0b1-7c67-8072-6515eeb7838a,/p/1/b1c1c38653e8e862,3,200,48090,39.839,551.650,87175
1787812597490,cf6b0c32-d027-3b38-e2ca-a9d4c3aeba8a,/p/0/a5036d9b28a4405b,4,200,165915,441.936,4142.616,40051
1787812596116,cf6b0c32-d027-3b38-e2ca-a9d4c3aeba8a,/p/0/fc078e55b91edabc,3,200,388342,555.349,5597.704,69375
1787812596255,3e71326f-e416-3c5e-6236-7bd18a29c656,/p/0/fa9e0bb0378a8dfb,7,200,454590,172.647,5506.859,82550
1787812600149,d9b27d91-0fa9-612c-4b18-86aa6c1a66d6,/p/5/1e5cd8f96afad516,4,200,111249,263.794,1660.547,66995
1787812598862,e4c8a592-ef20-dddc-e06d-c3bb2884d28d,/p/0/d6bc51d282368f7f,2,200,168689,393.446,2949.255,57197
1787812600076,d66568bc-db56-b020-ae6e-bd870e82c002,/p/4/af135a88ee451b38,4,200,97074,275.588,1744.306,55652
1787812593457,a55038e8-f907-c643-c309-eef4df21ca8a,/p/0/a4d078e82739417,1,200,4250236,29.534,8363.903,508164
1787812566949,1e46a455-56c8-91fa-0560-77e275a2328b,/p/0/be5abb2aa600e269,1,200,4241121,54.371,34940.231,121382
1787812597008,63a2f736-a599-8f16-6df1-716b89ede193,/p/17/fbf7f78e0375b2a4,5,200,342806,425.445,4920.095,69675
1787812601052,16864d94-b0b1-7c67-8072-6515eeb7838a,/p/0/b1c1c48653e8ea15,3,200,155838,39.830,949.991,164042
1787812600938,452971bf-e875-1435-2f47-7f6c6fe20dea,/p/0/e9f47ca9d222ec90,5,200,110076,74.868,1110.017,99166
1787812592047,19626a39-cfe2-b4f2-9bee-f6b505059680,/p/0/3bfab7bcc03e3a0d,7,200,5154365,13.308,10088.630,510908
1787812575741,d8034ba6-4789-5f97-4360-1ea481a9ca9b,/p/3/73e1b45bdcb06ed2,7,200,5873804,220.866,26443.616,222126
1787812575191,f96cf050-1440-7233-cad8-3abef4e2a5ef,/p/4/208acccdfa1df57a,2,200,6064911,365.319,27097.189,223821
1787812599254,1444af44-e257-f0a8-290f-fb91f3b658e2,/p/0/ef26768357af87c2,6,200,491933,182.407,3038.784,161885
1787812602185,d8034ba6-4789-5f97-4360-1ea481a9ca9b,/p/0/58f174906c4cef16,8,200,41299,37.073,134.709,306580
1787812597166,48566d99-8687-1c66-c262-45eb68f9fd83,/p/0/dc5daccf7f25054c,7,200,456895,199.922,5275.484,86607
1787812602288,f96cf050-1440-7233-cad8-3abef4e2a5ef,/p/0/641f205f69f6c3d0,3,200,72805,43.264,345.313,210837
1787812597008,63a2f736-a599-8f16-6df1-716b89ede193,/p/0/fbf7f88e0375b457,5,200,401437,241.637,5633.394,71260
1787812582139,19391e0a-3e31-7406-f722-99624c645e62,/p/3/97082da57f717664,1,200,4705571,54.867,20529.021,229216
1787812575301,0bc6c343-fd5b-3b3e-37e3-d1d8563349f9,/p/0/e8a8c5f8eefe5bca,1,200,4076171,308.486,27430.339,148601
1787812598862,e4c8a592-ef20-dddc-e06d-c3bb2884d28d,/p/0/d6bc52d282369132,2,200,233147,544.811,3954.327,58960
1787812595934,eb7e981e-236e-e62e-fcbd-039d90b367ca,/p/0/459dcec1d5f91569,7,200,3086222,832.058,7157.399,431193
1787812600460,e006d3a4-893c-ecdd-0350-87bafabb266c,/p/0/1cfc63d278cbd8d5,4,200,191959,202.149,2758.336,69592
1787812596517,e4c8a592-ef20-dddc-e06d-c3bb2884d28d,/p/0/279e6a7f4ade7887,1,200,462832,92.394,6725.284,68820
1787812598536,5dc1e98b-e944-26bb-e977-30c41b3bf4a0,/p/0/3a3930142dba381e,3,200,195310,511.863,4775.839,40895
1787812598536,5dc1e98b-e944-26bb-e977-30c41b3bf4a0,/p/0/3a392f142dba366b,3,200,225651,401.776,5032.151,44842
1787812596756,1444af44-e257-f0a8-290f-fb91f3b658e2,/p/0/66dd1f289177a1c3,4,200,2336422,127.819,6823.974,342384
1787812596756,1444af44-e257-f0a8-290f-fb91f3b658e2,/p/0/66dd20289177a376,4,200,2447803,203.233,6841.438,357791
1787812600475,48566d99-8687-1c66-c262-45eb68f9fd83,/p/0/dc5daecf7f2508b2,7,200,261251,199.558,3130.950,83441
1787812600938,452971bf-e875-1435-2f47-7f6c6fe20dea,/p/4/e9f47ea9d222eff6,5,200,166390,374.713,2696.561,61705
1787812599750,d9b27d91-0fa9-612c-4b18-86aa6c1a66d6,/p/0/70ac6faaa297361f,3,200,334392,227.470,3888.307,85999
1787812599253,1444af44-e257-f0a8-290f-fb91f3b658e2,/p/0/ef26748357af845c,6,200,2549958,133.631,4405.742,578781
1787812593728,ed44bc0f-ef2d-a9ce-7a2d-62863ae567a0,/p/1/85463f84c55c358c,10,200,491162,381.918,10024.950,48994
1787812601604,16864d94-b0b1-7c67-8072-6515eeb7838a,/p/0/d1b1ac1c0e3ede8,4,200,162999,273.453,2158.178,75526
1787812598389,0c39296c-9d09-a3b9-cfb4-8e11142eafe6,/p/0/9cb338fbd9962405,2,200,478997,3.160,5438.060,88082
1787812598389,0c39296c-9d09-a3b9-cfb4-8e11142eafe6,/p/0/9cb335fbd9961eec,2,200,291647,5.677,5438.781,53624
1787812598708,0c39296c-9d09-a3b9-cfb4-8e11142eafe6,/p/11/1fa893c4ad579ce5,3,200,76766,5120.898,5122.991,14985
1787812598708,0c39296c-9d09-a3b9-cfb4-8e11142eafe6,/p/0/1fa892c4ad579b32,3,200,102899,5121.407,5124.151,20081
1787812601928,63a2f736-a599-8f16-6df1-716b89ede193,/p/0/40564d3f3cc81913,6,200,90978,246.601,2015.082,45149
1787812582071,d74fc138-801b-2556-1caa-0b8c6881304b,/p/0/617fd0fa5fafccfc,1,200,6060773,205.182,21874.323,277072
1787812599189,3e71326f-e416-3c5e-6236-7bd18a29c656,/p/1/37e241e4e907ef58,9,200,417059,275.336,4825.554,86427
1787812601604,16864d94-b0b1-7c67-8072-6515eeb7838a,/p/0/d1b1dc1c0e3f301,4,200,196053,252.059,2426.109,80810
1787812595486,86ebf542-ef38-601a-6982-dd2a1767e854,/p/0/c9c3c421a8932d,1,200,6027097,316.891,8570.559,703233
1787812600076,d66568bc-db56-b020-ae6e-bd870e82c002,/p/0/af135c88ee451e9e,4,200,168641,393.088,3989.255,42274
1787812601820,d66568bc-db56-b020-ae6e-bd870e82c002,/p/3/580b932eb3f702a3,5,200,117266,248.547,2267.863,51708
1787812599938,1e46a455-56c8-91fa-0560-77e275a2328b,/p/0/1bb2f2720bffa4ca,2,200,235094,370.207,4225.899,55632
1787812587260,b65c0c64-3b12-5a25-dd6f-f7450caa3086,/p/12/fcd27de7048780fa,1,200,5055000,126.124,16912.127,298898
1787812602185,d8034ba6-4789-5f97-4360-1ea481a9ca9b,/p/2/58f175906c4cf0c9,8,200,339021,193.378,2131.150,159079
1787812601052,16864d94-b0b1-7c67-8072-6515eeb7838a,/p/0/b1c1c18653e8e4fc,3,200,318176,122.170,3408.649,93344
1787812601604,16864d94-b0b1-7c67-8072-6515eeb7838a,/p/0/d1b1bc1c0e3ef9b,4,200,308184,273.441,2856.986,107870
1787812603866,fc04e8ae-bcfa-a7e8-fa67-69e77ae9c9a2,/?crawl=126,0,200,411282,26.945,713.106,576747
1787812599491,e433120d-9660-b149-3ae2-ab6d26b5c37e,/p/0/a14a6116b213e016,2,200,239883,627.331,5300.027,45261
1787812603866,44fb2a9d-e797-8d90-5530-e491304695c9,/?crawl=125,0,200,399349,37.621,969.079,412091
1787812598092,19626a39-cfe2-b4f2-9bee-f6b505059680,/p/1/fb17810061dcb3b1,11,200,3129501,100.918,6834.327,457909
1787812595281,548a7f9d-41e4-e529-50a4-b4a5553f5aa5,/p/4/8fbe8c0627aacb88,4,200,4454079,44.136,9653.152,461412
1787812603831,0c39296c-9d09-a3b9-cfb4-8e11142eafe6,/p/0/eb9ba77ab688d760,4,200,58759,388.345,1116.442,52631
1787812602288,f96cf050-1440-7233-cad8-3abef4e2a5ef,/p/0/641f235f69f6c8e9,3,200,412444,213.223,2757.527,149570
1787812603218,e006d3a4-893c-ecdd-0350-87bafabb266c,/p/0/1cfc60d278cbd3bc,4,200,164905,167.832,1868.744,88244
1787812599938,1e46a455-56c8-91fa-0560-77e275a2328b,/p/0/1bb2f1720bffa317,2,200,423260,370.260,5211.725,81213
1787812602288,f96cf050-1440-7233-cad8-3abef4e2a5ef,/p/3/641f225f69f6c736,3,200,485275,259.471,2913.419,166565
1787812584162,7e3c1cd0-0bdb-f00a-7159-a3e2c48d65fc,/p/0/ed01d2c8e40e0bf0,1,200,3534446,118.185,21076.315,167698
1787812603753,ed44bc0f-ef2d-a9ce-7a2d-62863ae567a0,/p/0/85464184c55c38f2,10,200,98458,235.986,1648.510,59725
1787812603831,0c39296c-9d09-a3b9-cfb4-8e11142eafe6,/p/0/eb9baa7ab688dc79,4,200,128891,315.716,1601.168,80498
1787812604926,19626a39-cfe2-b4f2-9bee-f6b505059680,/p/0/1f5c2bbbf1f9e3a3,12,200,105702,74.671,558.267,189339
1787812558521,1cf52f86-b72d-b329-7e9f-ab00fc76d7b0,/p/0/417cb6cb46ce4a0e,1,200,5894120,304.490,46967.167,125494
1787812580189,3e71326f-e416-3c5e-6236-7bd18a29c656,/p/0/2a728203140c6ac4,1,200,2804282,412.171,25307.760,110807
1787812604934,548a7f9d-41e4-e529-50a4-b4a5553f5aa5,/p/0/ecb6799b62f30230,5,200,116378,164.787,568.621,204667
1787812604835,44fb2a9d-e797-8d90-5530-e491304695c9,/p/0/1fb617f03aa1c31b,1,200,80267,185.068,771.515,104038
1787812604926,19626a39-cfe2-b4f2-9bee-f6b505059680,/p/0/1f5c2abbf1f9e1f0,12,200,214434,89.387,818.725,261912
1787812594970,10282b25-88d2-49b4-dc6b-7ab3b875e9e4,/p/0/215f30a0ded4b43d,5,200,6188535,25.379,10814.180,572261
1787812597945,14083928-4f13-aa04-3e54-8c263b088cb1,/p/6/2402eaf811912b59,2,200,5607880,250.790,7847.669,714592
1787812597490,cf6b0c32-d027-3b38-e2ca-a9d4c3aeba8a,/p/2/a5036c9b28a43ea8,4,200,497339,403.122,8340.818,59627
1787812604926,19626a39-cfe2-b4f2-9bee-f6b505059680,/p/0/1f5c2dbbf1f9e709,12,200,397009,67.517,968.456,409940
1787812605793,14083928-4f13-aa04-3e54-8c263b088cb1,/p/0/c04c3523aa1f7324,3,200,137243,2.975,229.840,597123
1787812601069,0749ca82-1e65-8f0a-ba8a-b79b9d25deac,/p/9/2bcb9e861a2c073e,7,200,361874,435.094,5031.172,71926
1787812599750,d9b27d91-0fa9-612c-4b18-86aa6c1a66d6,/p/0/70ac70aaa29737d2,3,200,506348,187.178,6354.280,79686
1787812605793,14083928-4f13-aa04-3e54-8c263b088cb1,/p/5/c04c3623aa1f74d7,3,200,252395,3.236,375.147,672790
1787812605793,14083928-4f13-aa04-3e54-8c263b088cb1,/p/0/c04c3823aa1f783d,3,200,480552,11.682,377.438,1273196
1787812604835,44fb2a9d-e797-8d90-5530-e491304695c9,/p/0/1fb618f03aa1c4ce,1,200,200325,100.533,1336.843,149849
1787812605087,e006d3a4-893c-ecdd-0350-87bafabb266c,/p/9/c6a06022d877cda2,5,200,112756,157.293,1289.048,87472
1787812602641,63a2f736-a599-8f16-6df1-716b89ede193,/p/0/40564e3f3cc81ac6,6,200,275737,219.862,3861.300,71410
1787812597231,19626a39-cfe2-b4f2-9bee-f6b505059680,/p/0/932d7d27607402c2,10,200,4023077,87.135,9293.522,432890
1787812606168,14083928-4f13-aa04-3e54-8c263b088cb1,/p/0/5402b6cb0c9c1fef,4,200,322635,5.075,468.290,688965
1787812606168,14083928-4f13-aa04-3e54-8c263b088cb1,/p/4/5402b8cb0c9c2355,4,200,465351,318.860,548.733,848046
1787812605831,cf6b0c32-d027-3b38-e2ca-a9d4c3aeba8a,/p/0/92ed67fc9caf456,5,200,21910,466.462,918.114,23864
1787812604015,3e71326f-e416-3c5e-6236-7bd18a29c656,/p/0/37e243e4e907f2be,9,200,227835,158.817,2754.774,82706
1787812595300,0259e658-774f-d392-9487-017f5735e0f8,/p/4/a740d2e1a1deee29,1,200,3305483,41.154,11514.054,287082
1787812599491,e433120d-9660-b149-3ae2-ab6d26b5c37e,/p/0/a14a6216b213e1c9,2,200,513892,398.355,7378.839,69644
1787812604088,d66568bc-db56-b020-ae6e-bd870e82c002,/p/2/306dd078169cd304,6,200,125899,252.783,2971.171,42374
1787812602668,19391e0a-3e31-7406-f722-99624c645e62,/p/2/350f86bcdd1021b6,2,200,452445,55.997,4449.259,101690
1787812597524,1cf52f86-b72d-b329-7e9f-ab00fc76d7b0,/p/6/7933a7c80ad1879e,4,200,3505255,264.781,9615.791,364531
1787812602668,19391e0a-3e31-7406-f722-99624c645e62,/p/0/350f87bcdd102369,2,200,332603,165.713,4476.775,74295
1787812606100,0749ca82-1e65-8f0a-ba8a-b79b9d25deac,/p/0/1a5d85930302dfac,8,200,39885,328.643,1137.778,35055
1787812588540,ab20e2c6-17bf-e321-abcd-e30c10aef1f9,/p/0/e1fd189ca12f42df,5,200,2169107,253.925,18809.166,115322
1787812601761,3e71326f-e416-3c5e-6236-7bd18a29c656,/p/0/37e242e4e907f10b,9,200,487023,157.407,5638.439,86375
1787812606866,1360ae5a-bf91-0db1-25fb-3c3e7a9c795c,/?crawl=129,0,200,125878,77.353,663.934,189594
1787812604316,d8034ba6-4789-5f97-4360-1ea481a9ca9b,/p/1/aa71d77648c02de0,9,200,335703,279.810,3215.521,104401
1787812604172,b65c0c64-3b12-5a25-dd6f-f7450caa3086,/p/11/8e9c2f2d5c975cfc,2,200,414229,42.990,3381.925,122483
1787812605201,f96cf050-1440-7233-cad8-3abef4e2a5ef,/p/2/7a8d2a20ce411ccc,4,200,289323,43.013,2374.410,121850
1787812607139,1cf52f86-b72d-b329-7e9f-ab00fc76d7b0,/p/0/d1b57e48e9216930,5,200,113309,56.064,452.493,250410
1787812606866,07441853-5a0b-0fea-263f-0b9c1a49df63,/?crawl=128,0,200,321463,42.425,862.549,372690
1787812606814,0259e658-774f-d392-9487-017f5735e0f8,/p/0/f7f3edf4e97822ca,2,200,102267,43.074,979.509,104406
1787812603831,0c39296c-9d09-a3b9-cfb4-8e11142eafe6,/p/10/eb9ba87ab688d913,4,200,440403,339.433,3998.977,110129
1787812600076,d66568bc-db56-b020-ae6e-bd870e82c002,/p/0/af135b88ee451ceb,4,200,454562,251.467,7774.489,58468
1787812606814,0259e658-774f-d392-9487-017f5735e0f8,/p/0/f7f3ecf4e9782117,2,200,163863,43.094,1171.829,139835
1787812606717,14083928-4f13-aa04-3e54-8c263b088cb1,/p/3/ce365282943c291b,5,200,420714,315.342,1274.626,330069
1787812606717,14083928-4f13-aa04-3e54-8c263b088cb1,/p/0/ce365182943c2768,5,200,518568,315.574,1278.749,405528
1787812606717,14083928-4f13-aa04-3e54-8c263b088cb1,/p/0/ce365482943c2c81,5,200,482522,317.305,1280.978,376682
1787812601810,d9b27d91-0fa9-612c-4b18-86aa6c1a66d6,/p/0/f993bd796be73802,5,200,523560,288.393,6365.247,82253
1787812602668,19391e0a-3e31-7406-f722-99624c645e62,/p/0/350f84bcdd101e50,2,200,486249,193.990,5592.817,86942
1787812569253,d66568bc-db56-b020-ae6e-bd870e82c002,/p/0/9786106f7ccaf643,1,200,5022970,319.360,39050.563,128627
1787812606814,0259e658-774f-d392-9487-017f5735e0f8,/p/3/f7f3eef4e978247d,2,200,255364,148.566,1549.875,164764
1787812607139,1cf52f86-b72d-b329-7e9f-ab00fc76d7b0,/p/5/d1b57f48e9216ae3,5,200,476983,56.062,1235.804,385970
1787812578557,fc97bfa7-235d-3fc5-1122-8ebed5c0cde0,/p/0/b036679e67672c5d,5,200,2306033,3683.673,30028.339,76795
1787812601928,63a2f736-a599-8f16-6df1-716b89ede193,/p/16/40564c3f3cc81760,6,200,387537,265.654,6683.607,57983
1787812607992,14083928-4f13-aa04-3e54-8c263b088cb1,/p/2/d8272b80f808f285,6,200,95695,342.751,669.998,142829
1787812605866,e05bb7f6-272b-355e-0d2c-78db980475ad,/?crawl=127,0,200,2915944,51.494,2938.757,992237
1787812606168,14083928-4f13-aa04-3e54-8c263b088cb1,/p/0/5402b7cb0c9c21a2,4,200,3596672,4.792,2661.146,1351550
1787812605201,f96cf050-1440-7233-cad8-3abef4e2a5ef,/p/0/7a8d2c20ce412032,4,200,366469,107.056,3659.041,100154
1787812607139,1cf52f86-b72d-b329-7e9f-ab00fc76d7b0,/p/0/d1b58148e9216e49,5,200,405014,59.370,1734.820,233462
1787812588433,fe9f5242-1dee-d8c5-2769-78aba5955fb8,/p/6/e0472f4baf346b90,7,200,3522293,229.469,20521.915,171636
1787812573431,fc97bfa7-235d-3fc5-1122-8ebed5c0cde0,/p/0/671c1f86e08a706,2,200,5165114,184.795,35679.806,144763
1787812568487,e51c2ccc-530c-0524-fc27-87f81183ca9e,/p/0/8e70b6eba2a9b5f0,6,200,4745600,404.338,40933.535,115934
1787812559277,e0d036c2-b593-f2f7-d9b7-9fae6a22b46f,/p/0/2d7d67403e81f9a,3,200,5732257,393.654,50196.787,114196
1787812607554,b65c0c64-3b12-5a25-dd6f-f7450caa3086,/p/0/15dd47fe3736ff70,3,200,125685,255.246,1920.165,65455
1787812555828,e0d036c2-b593-f2f7-d9b7-9fae6a22b46f,/p/0/9fad1fe20bb182bb,2,200,5854688,215.467,53689.366,109047
1787812589604,9bf2b6df-b71f-4735-ded7-322fbe959fbf,/p/0/2151072b8b300b33,1,200,4317620,227.495,20049.145,215352
1787812608866,702b7d66-0ccc-7dff-26e7-1a1bb8b4a3ab,/?crawl=134,0,200,158237,73.821,792.355,199705
1787812553972,e51c2ccc-530c-0524-fc27-87f81183ca9e,/p/0/9831a06d26b1082d,1,200,5944080,77.312,55687.020,106741
1787812608375,1cf52f86-b72d-b329-7e9f-ab00fc76d7b0,/p/0/660b135b1075c0e1,6,200,283142,55.770,1353.119,209251
1787812607866,365440e8-3b12-d7b5-07b9-ad55baa9c2da,/?crawl=130,0,200,491367,111.478,1899.596,258669
1787812606100,0749ca82-1e65-8f0a-ba8a-b79b9d25deac,/p/8/1a5d86930302e15f,8,200,180123,328.657,3777.551,47682
1787812607117,19391e0a-3e31-7406-f722-99624c645e62,/p/0/8c3504e1ab89be50,3,200,170842,278.795,2848.482,59977
1787812609766,365440e8-3b12-d7b5-07b9-ad55baa9c2da,/p/0/7ad9f60e0af9acd1,1,200,39801,150.961,307.365,129491
1787812598866,f9ac92eb-1252-5f06-7cc4-1f45fa8220a1,/?crawl=124,0,200,4485429,38.095,11296.842,397052
1787812608612,63a2f736-a599-8f16-6df1-716b89ede193,/p/15/9ee0a4f954883e9e,7,200,70755,202.117,1627.773,43467
1787812589098,e006d3a4-893c-ecdd-0350-87bafabb266c,/p/0/95cf075d06d1cfa5,1,200,2152676,157.439,21141.178,101824
1787812609868,25cff348-5e81-98b4-fafc-1d1ec23b7b1a,/?crawl=135,0,200,158163,164.777,448.983,352270
1787812610164,f9ac92eb-1252-5f06-7cc4-1f45fa8220a1,/p/0/b3206b4dcf3cb5c8,1,200,60079,124.234,203.636,295032
1787812605496,3e71326f-e416-3c5e-6236-7bd18a29c656,/p/0/423df9c0d3308004,10,200,341772,170.336,4898.328,69773
1787812607576,f96cf050-1440-7233-cad8-3abef4e2a5ef,/p/1/e532ece8c98cfcd7,5,200,151739,233.228,2845.713,53322
1787812605401,ed44bc0f-ef2d-a9ce-7a2d-62863ae567a0,/p/0/5c2dacadab1c6f43,11,200,244252,470.219,5040.029,48462
1787812609878,0749ca82-1e65-8f0a-ba8a-b79b9d25deac,/p/0/778c572464a26f3a,9,200,34685,556.207,709.006,48921
1787812607532,d8034ba6-4789-5f97-4360-1ea481a9ca9b,/p/0/16fc9a4589bc28f7,10,200,196769,214.275,3118.329,63101
1787812607532,d8034ba6-4789-5f97-4360-1ea481a9ca9b,/p/0/16fc9b4589bc2aaa,10,200,189448,214.357,3201.425,59176
1787812575301,0bc6c343-fd5b-3b3e-37e3-d1d8563349f9,/p/0/e8a8c4f8eefe5a17,1,200,6241247,308.487,35502.504,175797
1787812604835,44fb2a9d-e797-8d90-5530-e491304695c9,/p/2/1fb616f03aa1c168,1,200,2340219,32.258,6144.029,380893
1787812610163,f9ac92eb-1252-5f06-7cc4-1f45fa8220a1,/p/0/b3206e4dcf3cbae1,1,200,207324,203.858,969.240,213904
1787812609766,365440e8-3b12-d7b5-07b9-ad55baa9c2da,/p/0/7ad9f30e0af9a7b8,1,200,329835,47.613,1540.131,214160
1787812610979,44fb2a9d-e797-8d90-5530-e491304695c9,/p/0/b298fd6366a645b0,2,200,62499,33.150,412.282,151593
1787812608955,fe9f5242-1dee-d8c5-2769-78aba5955fb8,/p/0/9987289ede516490,8,200,177804,234.796,2442.172,72806
1787812607830,0c39296c-9d09-a3b9-cfb4-8e11142eafe6,/p/9/43b266149ab5636,5,200,378301,267.196,3594.477,105245
1787812604316,d8034ba6-4789-5f97-4360-1ea481a9ca9b,/p/0/aa71d97648c03146,9,200,518679,241.610,7237.011,71670
1787812610979,44fb2a9d-e797-8d90-5530-e491304695c9,/p/1/b298fe6366a64763,2,200,93371,33.241,581.683,160519
1787812607830,0c39296c-9d09-a3b9-cfb4-8e11142eafe6,/p/0/43b276149ab57e9,5,200,246693,291.443,3739.836,65964
1787812576870,c0c10915-3471-79f2-0f28-e98cd9c13848,/p/0/fbb584b8da99c932,1,200,3393367,42.470,34819.243,97457
1787812609766,365440e8-3b12-d7b5-07b9-ad55baa9c2da,/p/1/7ad9f50e0af9ab1e,1,200,338930,291.050,1938.802,174814
1787812593700,63feb0eb-2564-8058-5024-1e4cb93e9190,/p/0/c5d7d1b32d41f4b1,7,200,2524193,303.270,18102.808,139437
1787812608805,e05bb7f6-272b-355e-0d2c-78db980475ad,/p/0/468ac2ab63d7af41,1,200,414821,2.518,3139.225,132141
1787812608805,e05bb7f6-272b-355e-0d2c-78db980475ad,/p/2/468ac1ab63d7ad8e,1,200,520967,3.074,3144.297,165686
1787812607532,d8034ba6-4789-5f97-4360-1ea481a9ca9b,/p/0/16fc994589bc2744,10,200,275625,235.721,4544.159,60655
1787812595013,48aed0f1-d51c-f9ee-d3dc-d8ab6c4698fb,/p/0/6d5f6d668d0d9b67,1,200,2690811,69.961,17119.881,157175
1787812608364,0259e658-774f-d392-9487-017f5735e0f8,/p/2/a3537e0f2b79aae0,3,200,522402,65.238,3890.648,134271
1787812607117,19391e0a-3e31-7406-f722-99624c645e62,/p/0/8c3507e1ab89c369,3,200,508521,305.308,5148.635,98768
1787812604065,d66568bc-db56-b020-ae6e-bd870e82c002,/p/0/580b952eb3f70609,5,200,442672,409.677,8217.554,53869
1787812607059,d66568bc-db56-b020-ae6e-bd870e82c002,/p/0/306dd178169cd4b7,6,200,267291,268.109,5408.687,49419
1787812611866,35ac03d0-51a9-63b9-a4a8-48ace02c60be,/?crawl=137,0,200,131890,87.462,823.353,160186
1787812608662,14083928-4f13-aa04-3e54-8c263b088cb1,/p/1/e151dd368ce4436f,7,200,197928,3778.475,4081.409,48495
1787812607554,b65c0c64-3b12-5a25-dd6f-f7450caa3086,/p/0/15dd4afe37370489,3,200,380629,277.068,5372.105,70853
1787812608955,fe9f5242-1dee-d8c5-2769-78aba5955fb8,/p/5/99872a9ede5167f6,8,200,491939,181.842,4051.186,121431
1787812611561,44fb2a9d-e797-8d90-5530-e491304695c9,/p/0/2326cb0dfb63fa14,3,200,161500,190.841,1449.887,111388
1787812612468,d66568bc-db56-b020-ae6e-bd870e82c002,/p/0/4627840a744e9837,7,200,37557,221.025,631.403,59482
1787812607554,b65c0c64-3b12-5a25-dd6f-f7450caa3086,/p/10/15dd48fe37370123,3,200,396119,277.042,5545.610,71429
1787812605831,cf6b0c32-d027-3b38-e2ca-a9d4c3aeba8a,/p/1/92ed47fc9caf0f0,5,200,499972,392.105,7490.824,66745
1787812608866,ab26aace-a219-cdc4-0c38-30c83d8f2c44,/?crawl=133,0,200,3347617,20.083,4501.442,743677
1787812568105,e51c2ccc-530c-0524-fc27-87f81183ca9e,/p/0/32fd80bd491b45d7,5,200,5494964,301.076,45273.736,121372
1787812611424,0c39296c-9d09-a3b9-cfb4-8e11142eafe6,/p/0/b14475ae7c99108b,6,200,102062,242.821,2018.745,50557
1787812611561,44fb2a9d-e797-8d90-5530-e491304695c9,/p/0/2326cd0dfb63fd7a,3,200,198682,171.387,1892.221,104999
1787812611705,365440e8-3b12-d7b5-07b9-ad55baa9c2da,/p/0/b56a1ced9c8b4ecc,2,200,241139,42.835,1752.603,137589
1787812607850,d66568bc-db56-b020-ae6e-bd870e82c002,/p/0/306dd278169cd66a,6,200,320202,293.699,5676.911,56404
1787812609659,702b7d66-0ccc-7dff-26e7-1a1bb8b4a3ab,/p/16/c8834a845d65836a,1,200,258080,63.600,3971.073,64990
1787812611424,0c39296c-9d09-a3b9-cfb4-8e11142eafe6,/p/8/b14474ae7c990ed8,6,200,122031,438.105,2285.119,53402
1787812610979,44fb2a9d-e797-8d90-5530-e491304695c9,/p/0/b299006366a64ac9,2,200,403175,117.724,2813.310,143310
1787812613321,cf6b0c32-d027-3b38-e2ca-a9d4c3aeba8a,/p/0/3afc0c63d405648f,6,200,9427,432.645,548.522,17186
1787812603635,452971bf-e875-1435-2f47-7f6c6fe20dea,/p/0/b72c9caae1376c42,6,200,505883,373.948,10368.528,48790
1787812608304,d66568bc-db56-b020-ae6e-bd870e82c002,/p/1/4627860a744e9b9d,7,200,366775,383.929,5718.673,64136
1787812611950,e05bb7f6-272b-355e-0d2c-78db980475ad,/p/1/1651036c310ad003,2,200,115502,254.948,2095.853,55110
1787812575529,fc97bfa7-235d-3fc5-1122-8ebed5c0cde0,/p/0/b3c08f2686a982a,4,200,4627110,1503.301,38619.680,119812
1787812612689,35ac03d0-51a9-63b9-a4a8-48ace02c60be,/p/0/3518f426c8ca8ba4,1,200,72821,333.550,1654.010,44027
1787812613368,ab26aace-a219-cdc4-0c38-30c83d8f2c44,/p/0/e76f9eb0765eb358,1,200,298941,61.291,984.159,303753
1787812596975,0bc6c343-fd5b-3b3e-37e3-d1d8563349f9,/p/3/d67c136ac398b239,2,200,2118896,250.954,17387.949,121860
1787812582227,fc97bfa7-235d-3fc5-1122-8ebed5c0cde0,/p/1/a5df1a6525c11fe8,6,200,3524310,440.130,32361.945,108903
1787812613710,0c39296c-9d09-a3b9-cfb4-8e11142eafe6,/p/0/3966eec184af39ff,7,200,21898,267.772,897.882,24389
1787812611705,365440e8-3b12-d7b5-07b9-ad55baa9c2da,/p/0/b56a1eed9c8b5232,2,200,440964,42.794,3066.162,143816
1787812614045,e05bb7f6-272b-355e-0d2c-78db980475ad,/p/0/167c01f3eadf9fa9,3,200,27714,316.568,1040.051,26647
1787812610240,63a2f736-a599-8f16-6df1-716b89ede193,/p/14/7131eab5cb27cd39,8,200,283186,375.250,4941.180,57311
1787812612255,0259e658-774f-d392-9487-017f5735e0f8,/p/0/69d81a307ddc3ee7,4,200,186180,250.220,3035.855,61327
1787812613710,0c39296c-9d09-a3b9-cfb4-8e11142eafe6,/p/7/3966edc184af384c,7,200,97338,316.418,1650.784,58965
1787812593700,63feb0eb-2564-8058-5024-1e4cb93e9190,/p/0/c5d7d0b32d41f2fe,7,200,3890462,43.100,22001.794,176825
1787812608612,63a2f736-a599-8f16-6df1-716b89ede193,/p/0/9ee0a5f954884051,7,200,411480,221.225,7104.362,57919
1787812607576,f96cf050-1440-7233-cad8-3abef4e2a5ef,/p/0/e532ebe8c98cfb24,5,200,411766,277.849,8237.019,49990
1787812614022,d66568bc-db56-b020-ae6e-bd870e82c002,/p/0/bcc7650ba7923782,8,200,84285,272.280,1839.693,45815
1787812612689,35ac03d0-51a9-63b9-a4a8-48ace02c60be,/p/0/3518f726c8ca90bd,1,200,215478,84.212,3218.879,66942
1787812614589,fc97bfa7-235d-3fc5-1122-8ebed5c0cde0,/p/0/f09ad0696098ed15,7,200,215819,99.735,1333.831,161804
1787812614866,74679cd6-51a6-def2-fd41-4cc0c75826dd,/?crawl=139,0,200,445819,37.598,1067.284,417714
1787812614589,fc97bfa7-235d-3fc5-1122-8ebed5c0cde0,/p/0/f09acf696098eb62,7,200,176586,32.753,1368.471,129039
1787812613100,b65c0c64-3b12-5a25-dd6f-f7450caa3086,/p/9/57c09d2dd7e3c183,4,200,140999,259.706,2991.017,47141
1787812612743,14083928-4f13-aa04-3e54-8c263b088cb1,/p/0/9f1009bd28cfdcdd,8,200,140351,266.729,3656.778,38381
1787812555681,108c8b66-9697-13f3-c04b-5ad9afcac289,/p/0/d4e70928db693b08,1,200,5576578,74.215,60737.710,91814
1787812613709,0c39296c-9d09-a3b9-cfb4-8e11142eafe6,/p/0/3966efc184af3bb2,7,200,160868,243.015,2832.296,56798
1787812581910,ab20e2c6-17bf-e321-abcd-e30c10aef1f9,/p/0/b205a1cdb142452e,3,200,4307053,161.511,34723.395,124039
1787812577222,ab20e2c6-17bf-e321-abcd-e30c10aef1f9,/p/0/417681a01cc8e1e0,1,200,5650430,94.861,39504.006,143034
1787812613006,fe9f5242-1dee-d8c5-2769-78aba5955fb8,/p/0/7d327422860fc162,9,200,273321,197.053,3725.098,73373
1787812599938,1e46a455-56c8-91fa-0560-77e275a2328b,/p/17/1bb2f3720bffa67d,2,200,3516982,452.139,16838.768,208862
1787812612282,d66568bc-db56-b020-ae6e-bd870e82c002,/p/0/4627850a744e99ea,7,200,247311,362.848,4810.068,51415
1787812604934,548a7f9d-41e4-e529-50a4-b4a5553f5aa5,/p/3/ecb67a9b62f303e3,5,200,3731988,206.590,12256.945,304479
1787812612254,0259e658-774f-d392-9487-017f5735e0f8,/p/0/69d81b307ddc409a,4,200,379962,272.656,4948.222,76788
1787812608662,14083928-4f13-aa04-3e54-8c263b088cb1,/p/0/e151dc368ce441bc,7,200,498131,3778.351,8617.067,57807
1787812613322,cf6b0c32-d027-3b38-e2ca-a9d4c3aeba8a,/p/0/3afc0d63d4056642,6,200,155075,432.627,3997.409,38794
1787812616866,d1011d9f-5343-c4b8-8767-7499047217b7,/?crawl=143,0,200,295841,25.038,492.219,601035
1787812616866,8e551002-bf5c-1717-e281-4fa00d9030bd,/?crawl=145,0,200,402200,23.443,599.488,670906
1787812611424,0c39296c-9d09-a3b9-cfb4-8e11142eafe6,/p/0/b14476ae7c99123e,6,200,317864,242.941,6230.443,51018
1787812617358,d1011d9f-5343-c4b8-8767-7499047217b7,/p/5/45614fe3bc981d78,1,200,84580,24.268,323.676,261311
1787812604934,548a7f9d-41e4-e529-50a4-b4a5553f5aa5,/p/0/ecb67c9b62f30749,5,200,4395692,27.408,12916.649,340312
1787812612254,0259e658-774f-d392-9487-017f5735e0f8,/p/1/69d819307ddc3d34,4,200,387151,230.515,5662.338,68373
1787812617191,548a7f9d-41e4-e529-50a4-b4a5553f5aa5,/p/2/cf70814d8c69c821,6,200,148736,659.693,768.182,193621
1787812617191,548a7f9d-41e4-e529-50a4-b4a5553f5aa5,/p/0/cf707f4d8c69c4bb,6,200,498921,659.636,771.551,646647
1787812613006,fe9f5242-1dee-d8c5-2769-78aba5955fb8,/p/4/7d327222860fbdfc,9,200,371647,196.960,4998.529,74351
1787812613006,fe9f5242-1dee-d8c5-2769-78aba5955fb8,/p/0/7d327322860fbfaf,9,200,438026,178.593,5017.276,87304
1787812615933,74679cd6-51a6-def2-fd41-4cc0c75826dd,/p/2/72f19f7efabcf099,1,200,353414,33.975,2235.541,158089
1787812616400,14083928-4f13-aa04-3e54-8c263b088cb1,/p/0/9f1006bd28cfd7c4,8,200,102106,325.929,1890.205,54018
1787812595428,48566d99-8687-1c66-c262-45eb68f9fd83,/p/0/b3978c4b0003ca38,6,200,2664335,198.873,23086.965,115404
1787812615360,0c39296c-9d09-a3b9-cfb4-8e11142eafe6,/p/6/21605e5ae5bd26f0,8,200,194556,311.343,3309.205,58792
1787812609659,702b7d66-0ccc-7dff-26e7-1a1bb8b4a3ab,/p/0/c8834b845d65851d,1,200,423048,471.631,9357.914,45208
1787812618169,74679cd6-51a6-def2-fd41-4cc0c75826dd,/p/0/e0f3c0ad979e05ae,2,200,65035,206.434,1026.383,63363
1787812618868,f3b91457-307d-d26c-a23a-f070dcbd30a4,/?crawl=146,0,200,176730,27.080,344.183,513477
1787812618868,50a6f0fa-e0b7-dd57-0c37-c9b4125c792b,/?crawl=147,0,200,157379,42.642,438.664,358769
1787812584162,7e3c1cd0-0bdb-f00a-7159-a3e2c48d65fc,/p/0/ed01d3c8e40e0da3,1,200,4966127,78.832,35155.467,141262
1787812616777,1e46a455-56c8-91fa-0560-77e275a2328b,/p/0/3c069b017e492b83,3,200,245884,52.558,2573.982,95527
1787812619307,50a6f0fa-e0b7-dd57-0c37-c9b4125c792b,/p/0/930aa75a0f03f92a,1,200,29070,37.623,97.634,297743
1787812617917,0259e658-774f-d392-9487-017f5735e0f8,/p/0/4114b91a7b4eb198,5,200,104345,498.509,1500.227,69553
1787812607117,19391e0a-3e31-7406-f722-99624c645e62,/p/1/8c3506e1ab89c1b6,3,200,2427353,305.323,12333.105,196816
1787812617466,8e551002-bf5c-1717-e281-4fa00d9030bd,/p/4/b9df50153839e1ea,1,200,298544,83.798,2002.167,149110
1787812610422,f96cf050-1440-7233-cad8-3abef4e2a5ef,/p/0/ca9fd995a60e0acf,6,200,493691,220.751,9078.611,54380
1787812618867,233fe5c1-26ef-36ac-99d4-512b9764450e,/?crawl=148,0,200,354509,28.369,640.915,553129
1787812616777,1e46a455-56c8-91fa-0560-77e275a2328b,/p/16/3c069a017e4929d0,3,200,376375,52.571,2835.086,132756
1787812616777,1e46a455-56c8-91fa-0560-77e275a2328b,/p/0/3c069c017e492d36,3,200,364339,52.609,2855.258,127603
1787812617682,d1011d9f-5343-c4b8-8767-7499047217b7,/p/4/76ecee079914a49a,2,200,161920,131.213,1956.674,82753
1787812613368,ab26aace-a219-cdc4-0c38-30c83d8f2c44,/p/0/e76fa1b0765eb871,1,200,2600944,87.533,6272.123,414683
1787812608662,14083928-4f13-aa04-3e54-8c263b088cb1,/p/0/e151df368ce446d5,7,200,501352,4077.403,11059.048,45334
1787812580220,48566d99-8687-1c66-c262-45eb68f9fd83,/p/0/8916c5c8ba63441c,3,200,4910434,283.672,39691.758,123714
1787812617917,0259e658-774f-d392-9487-017f5735e0f8,/p/0/4114ba1a7b4eb34b,5,200,175804,323.835,2041.596,86111
1787812616091,b65c0c64-3b12-5a25-dd6f-f7450caa3086,/p/8/94db860e7bf49506,5,200,288866,237.777,4144.528,69698
1787812594341,e006d3a4-893c-ecdd-0350-87bafabb266c,/p/0/a3ba38f0b063915b,3,200,2468213,257.719,25949.343,95117
1787812617960,548a7f9d-41e4-e529-50a4-b4a5553f5aa5,/p/0/6371e34737003fdd,7,200,272782,1771.090,2407.770,113292
1787812615716,63a2f736-a599-8f16-6df1-716b89ede193,/p/0/7131e8b5cb27c9d3,8,200,420328,220.922,4725.004,88958
1787812610866,fdf0536c-6a54-53be-3866-39099ef4d3ab,/?crawl=136,0,200,418395,8846.787,9690.434,43176
1787812618169,74679cd6-51a6-def2-fd41-4cc0c75826dd,/p/1/e0f3bead979e0248,2,200,188090,189.784,2426.335,77520
1787812615933,74679cd6-51a6-def2-fd41-4cc0c75826dd,/p/0/72f19e7efabceee6,1,200,482618,169.809,4799.261,100561
1787812607866,5516d01a-6676-68dc-29bf-584c13ffbfaa,/?crawl=131,0,200,5790896,33.697,12867.345,450046
1787812619613,1e46a455-56c8-91fa-0560-77e275a2328b,/p/0/d0a461616b6f9a6e,4,200,209956,20.054,1182.180,177601
1787812619612,1e46a455-56c8-91fa-0560-77e275a2328b,/p/0/d0a460616b6f98bb,4,200,511063,19.916,1189.756,429553
1787812614046,e05bb7f6-272b-355e-0d2c-78db980475ad,/p/0/167bfef3eadf9a90,3,200,390182,339.763,6806.073,57329
1787812617466,8e551002-bf5c-1717-e281-4fa00d9030bd,/p/0/b9df4e153839de84,1,200,476463,22.110,3388.679,140604
1787812617358,d1011d9f-5343-c4b8-8767-7499047217b7,/p/0/456150e3bc981f2b,1,200,320200,35.446,3594.030,89092
1787812619450,19391e0a-3e31-7406-f722-99624c645e62,/p/0/d60415b644442273,4,200,104793,60.750,1521.032,68896
1787812574270,6d5e3f1b-7395-7ddd-5bb8-9ccd5b8cb14e,/p/0/e52f64e5cf36ccdc,1,200,2208311,215.590,46752.334,47234
1787812619639,d1011d9f-5343-c4b8-8767-7499047217b7,/p/0/93afa3e07ff5f47e,3,200,225511,293.649,1433.372,157329
1787812619468,8e551002-bf5c-1717-e281-4fa00d9030bd,/p/0/f8750d5b71e26be,2,200,272491,224.173,1705.214,159799
1787812553050,7d9bd299-f439-b81d-f69e-7c44eab037c8,/p/0/b4fefac093613609,4,200,3608538,23.897,68224.041,52892
1787812588540,ab20e2c6-17bf-e321-abcd-e30c10aef1f9,/p/4/e1fd179ca12f412c,5,200,5781570,180.180,32962.513,175398
1787812618169,74679cd6-51a6-def2-fd41-4cc0c75826dd,/p/0/e0f3bfad979e03fb,2,200,258632,241.368,3345.246,77313
1787812576047,48566d99-8687-1c66-c262-45eb68f9fd83,/p/0/b5f480d1986aa49f,1,200,5984566,34.085,45603.173,131231
1787812617682,d1011d9f-5343-c4b8-8767-7499047217b7,/p/0/76ecec079914a134,2,200,317097,143.940,4029.979,78685
1787812619212,f3b91457-307d-d26c-a23a-f070dcbd30a4,/p/0/2674fcb7a39eef3d,1,200,250423,57.294,2509.899,99774
1787812613630,702b7d66-0ccc-7dff-26e7-1a1bb8b4a3ab,/p/0/cbfdb5903632e514,2,200,315768,385.287,8134.680,38818
1787812598536,5dc1e98b-e944-26bb-e977-30c41b3bf4a0,/p/6/3a3931142dba39d1,3,200,2636384,474.748,23261.020,113339
1787812618670,0c39296c-9d09-a3b9-cfb4-8e11142eafe6,/p/5/5c8f3cc91cbc6d44,9,200,124578,415.997,3160.149,39422
1787812620734,5516d01a-6676-68dc-29bf-584c13ffbfaa,/p/0/e444a6b9f94a131,1,200,209766,93.746,1127.237,186089
1787812589224,fff1ea97-b6b4-3164-10bb-35abbc98d713,/p/8/ec530da525493399,5,200,3343264,372.391,32709.780,102210
1787812561873,0cac6aae-1489-56e0-7461-86608a6b60d9,/p/11/3fdb9364cc3a9b7b,1,200,2683765,291.998,60154.858,44614
1787812620734,5516d01a-6676-68dc-29bf-584c13ffbfaa,/p/0/e44496b9f949f7e,1,200,191627,143.512,1310.141,146264
1787812614589,fc97bfa7-235d-3fc5-1122-8ebed5c0cde0,/p/0/f09acd696098e7fc,7,200,2621914,66.470,7455.772,351662
1787812592181,5dc1e98b-e944-26bb-e977-30c41b3bf4a0,/p/0/f2d08c96f08b6066,2,200,2973462,437.316,29981.445,99177
1787812619450,19391e0a-3e31-7406-f722-99624c645e62,/p/0/d60414b6444420c0,4,200,260994,147.439,2718.036,96023
1787812619468,8e551002-bf5c-1717-e281-4fa00d9030bd,/p/0/f874fd5b71e250b,2,200,477700,111.768,2778.986,171897
1787812619639,d1011d9f-5343-c4b8-8767-7499047217b7,/p/3/93afa4e07ff5f631,3,200,199738,386.951,2611.430,76486
1787812621797,5dc1e98b-e944-26bb-e977-30c41b3bf4a0,/p/0/4dec8b527a5922a3,4,200,12557,402.081,511.557,24547
1787812620235,b65c0c64-3b12-5a25-dd6f-f7450caa3086,/p/0/94db840e7bf491a0,5,200,100618,408.861,2193.653,45868
1787812621503,ab20e2c6-17bf-e321-abcd-e30c10aef1f9,/p/0/733c7fe47c50f736,6,200,180807,164.667,1017.791,177646
1787812619450,19391e0a-3e31-7406-f722-99624c645e62,/p/0/d60417b6444425d9,4,200,428154,117.364,3084.183,138823
1787812620557,fdf0536c-6a54-53be-3866-39099ef4d3ab,/p/0/a1aea1c9342f9aaa,1,200,246285,33.705,2017.497,122075
1787812615866,29d0d395-37bb-0d0c-b54a-f56f7894572c,/?crawl=140,0,200,5026065,22.676,6815.194,737479
1787812617917,0259e658-774f-d392-9487-017f5735e0f8,/p/0/4114bb1a7b4eb4fe,5,200,386933,391.995,4779.041,80965
1787812621502,ab20e2c6-17bf-e321-abcd-e30c10aef1f9,/p/3/733c80e47c50f8e9,6,200,222025,241.302,1222.512,181614
1787812620733,5516d01a-6676-68dc-29bf-584c13ffbfaa,/p/0/e44486b9f949dcb,1,200,499342,29.221,2002.254,249390
1787812618005,fe9f5242-1dee-d8c5-2769-78aba5955fb8,/p/3/8305b12d0612141,10,200,378672,194.561,4772.410,79346
1787812616866,b3a23f41-af11-6422-808e-1c535d4af12f,/?crawl=144,0,200,3295074,23.726,5969.866,551951
1787812600149,d9b27d91-0fa9-612c-4b18-86aa6c1a66d6,/p/0/1e5cd6f96afad1b0,4,200,2434704,244.207,22906.774,106288
1787812589691,e006d3a4-893c-ecdd-0350-87bafabb266c,/p/0/48bea43d8c08002a,2,200,2822366,256.155,33501.760,84245
1787812622777,fe9f5242-1dee-d8c5-2769-78aba5955fb8,/p/0/7500e50d47b060cf,11,200,48832,177.721,461.494,105813
1787812621502,ab20e2c6-17bf-e321-abcd-e30c10aef1f9,/p/0/733c7ee47c50f583,6,200,334877,29.579,1752.720,191061
1787812598862,e4c8a592-ef20-dddc-e06d-c3bb2884d28d,/p/4/d6bc53d2823692e5,2,200,4999115,422.474,24397.320,204904
1787812611561,44fb2a9d-e797-8d90-5530-e491304695c9,/p/0/2326cc0dfb63fbc7,3,200,4085433,292.262,11718.599,348628
1787812622777,fe9f5242-1dee-d8c5-2769-78aba5955fb8,/p/2/7500e40d47b05f1c,11,200,25705,212.731,530.905,48417
1787812622836,b3a23f41-af11-6422-808e-1c535d4af12f,/p/0/4d49a472ccd4d64a,1,200,107798,21.800,506.878,212671
1787812613368,ab26aace-a219-cdc4-0c38-30c83d8f2c44,/p/2/e76f9fb0765eb50b,1,200,5907058,18.091,10086.305,585651
1787812578911,c0c10915-3471-79f2-0f28-e98cd9c13848,/p/0/dcf14cd54e7250f5,2,200,5414667,479.876,44560.354,121513
1787812621797,5dc1e98b-e944-26bb-e977-30c41b3bf4a0,/p/5/4dec8a527a5920f0,4,200,163262,402.183,1980.172,82448
1787812622836,b3a23f41-af11-6422-808e-1c535d4af12f,/p/0/4d49a372ccd4d497,1,200,292766,21.912,1078.879,271361
1787812623454,ab26aace-a219-cdc4-0c38-30c83d8f2c44,/p/0/884d471a03ab4bcb,2,200,105126,89.053,463.883,226622
1787812620557,fdf0536c-6a54-53be-3866-39099ef4d3ab,/p/0/a1aea0c9342f98f7,1,200,509162,221.678,3516.328,144799
1787812600938,452971bf-e875-1435-2f47-7f6c6fe20dea,/p/0/e9f47fa9d222f1a9,5,200,3240178,150.083,23157.535,139919
1787812589691,e006d3a4-893c-ecdd-0350-87bafabb266c,/p/0/48bea33d8c07fe77,2,200,2935546,186.104,34410.718,85309
1787812603635,452971bf-e875-1435-2f47-7f6c6fe20dea,/p/3/b72c9aaae13768dc,6,200,3720986,373.928,20473.693,181745
1787812603635,452971bf-e875-1435-2f47-7f6c6fe20dea,/p/0/b72c9baae1376a8f,6,200,3728026,483.407,20480.895,182025
1787812621866,1ba5a7f7-e26e-549d-91f2-076824ecdff3,/?crawl=149,0,200,485609,76.402,2324.020,208952
1787812578912,c0c10915-3471-79f2-0f28-e98cd9c13848,/p/0/dcf149d54e724bdc,2,200,5556061,494.447,45515.708,122069
1787812623454,ab26aace-a219-cdc4-0c38-30c83d8f2c44,/p/0/884d481a03ab4d7e,2,200,290389,89.094,1003.576,289354
1787812623454,ab26aace-a219-cdc4-0c38-30c83d8f2c44,/p/1/884d461a03ab4a18,2,200,516324,19.116,1047.070,493113
1787812622250,d1011d9f-5343-c4b8-8767-7499047217b7,/p/2/527855dce58865c7,4,200,166916,229.945,2258.226,73915
1787812623866,9a32b0ef-c270-6f9f-10f8-32b2894067a2,/?crawl=151,0,200,173947,45.509,744.764,233560
1787812622725,ab20e2c6-17bf-e321-abcd-e30c10aef1f9,/p/0/eebd884bde20a011,7,200,286863,202.220,1892.806,151554
1787812619612,1e46a455-56c8-91fa-0560-77e275a2328b,/p/15/d0a462616b6f9c21,4,200,4703804,108.637,5089.572,924204
1787812622250,d1011d9f-5343-c4b8-8767-7499047217b7,/p/0/527854dce5886414,4,200,230306,310.802,2488.100,92563
1787812565607,108c8b66-9697-13f3-c04b-5ad9afcac289,/p/3/917796234a71c2e8,3,200,6110169,520.851,59156.704,103288
1787812624108,452971bf-e875-1435-2f47-7f6c6fe20dea,/p/0/dd7ad63ca58ff8f8,7,200,117763,328.499,687.443,171306
1787812620952,d1011d9f-5343-c4b8-8767-7499047217b7,/p/0/93afa2e07ff5f2cb,3,200,505779,119.645,3930.413,128683
1787812610163,f9ac92eb-1252-5f06-7cc4-1f45fa8220a1,/p/4/b3206c4dcf3cb77b,1,200,5372518,361.536,14721.948,364933
1787812614363,0bc6c343-fd5b-3b3e-37e3-d1d8563349f9,/p/2/fcbf7780d98e922,3,200,502326,342.176,10542.865,47646
1787812624702,1e46a455-56c8-91fa-0560-77e275a2328b,/p/14/c9660203b51f301c,5,200,20891,132.831,239.602,87190
1787812624108,452971bf-e875-1435-2f47-7f6c6fe20dea,/p/0/dd7ad93ca58ffe11,7,200,381090,10.069,848.500,449134
1787812624501,ab26aace-a219-cdc4-0c38-30c83d8f2c44,/p/0/9b2b484c7e1ec79,3,200,186604,51.585,601.045,310466
1787812624509,d1011d9f-5343-c4b8-8767-7499047217b7,/p/1/9e655ccbc10ed7f,5,200,60316,157.369,746.381,80811
1787812616542,0c39296c-9d09-a3b9-cfb4-8e11142eafe6,/p/0/2160605ae5bd2a56,8,200,381173,338.779,8714.232,43741
1787812615866,f290b8bb-2495-d3c8-2b2d-93e36d7a784f,/?crawl=141,0,200,4864796,29.791,9517.264,511155
1787812622725,ab20e2c6-17bf-e321-abcd-e30c10aef1f9,/p/2/eebd874bde209e5e,7,200,373231,202.239,2659.168,140356
1787812620595,74679cd6-51a6-def2-fd41-4cc0c75826dd,/p/0/f4c9595670a8f943,3,200,396427,312.794,4906.965,80789
1787812599491,e433120d-9660-b149-3ae2-ab6d26b5c37e,/p/0/a14a5f16b213dcb0,2,200,2521980,462.362,26027.562,96897
1787812616091,b65c0c64-3b12-5a25-dd6f-f7450caa3086,/p/0/94db870e7bf496b9,5,200,493595,302.522,9530.242,51792
1787812560477,5bf49a11-3401-a7a4-7d34-f0e4ab04e2d3,/p/0/1cf7f95b9620595a,1,200,3436419,373.960,65183.607,52719
1787812623777,5dc1e98b-e944-26bb-e977-30c41b3bf4a0,/p/4/5b4aee89c4cb0d90,5,200,94823,363.512,2006.878,47249
1787812614363,0bc6c343-fd5b-3b3e-37e3-d1d8563349f9,/p/0/fcbf5780d98e5bc,3,200,405991,305.503,11588.914,35033
1787812623239,fe9f5242-1dee-d8c5-2769-78aba5955fb8,/p/0/7500e60d47b06282,11,200,165554,214.132,2716.084,60953
1787812625876,721d2a18-d5d4-9573-5d6a-dfab11b899dc,/?crawl=156,0,200,27861,96.631,124.125,224459
1787812624885,f9ac92eb-1252-5f06-7cc4-1f45fa8220a1,/p/3/75323cd046187590,2,200,157721,198.903,1139.339,138432
1787812625877,c646942c-ed5a-0fb7-d9a0-14e1ac87f778,/?crawl=153,0,200,55558,114.357,196.348,282957
1787812608375,1cf52f86-b72d-b329-7e9f-ab00fc76d7b0,/p/4/660b115b1075bd7b,6,200,502989,72.215,17781.745,28287
1787812624885,f9ac92eb-1252-5f06-7cc4-1f45fa8220a1,/p/0/75323dd046187743,2,200,191337,35.800,1325.460,144355
1787812625877,d3f3f40b-c3ea-f844-52ad-3f984808282f,/?crawl=154,0,200,106883,117.539,384.984,277630
1787812580808,63a2f736-a599-8f16-6df1-716b89ede193,/p/0/d4e0d8fdb163db59,1,200,3197247,143.297,45483.467,70295
1787812620291,e006d3a4-893c-ecdd-0350-87bafabb266c,/p/8/5b477a97fe41dd56,6,200,487957,217.263,6176.211,79006
1787812624190,1ba5a7f7-e26e-549d-91f2-076824ecdff3,/p/0/d0e34fb240f65906,1,200,227951,68.138,2629.119,86702
1787812620441,63a2f736-a599-8f16-6df1-716b89ede193,/p/13/8a6815fd8f3a902,9,200,432785,252.695,6445.788,67142
1787812624738,d1011d9f-5343-c4b8-8767-7499047217b7,/p/0/9e654ccbc10ebcc,5,200,285316,133.107,2273.917,125473
1787812624190,1ba5a7f7-e26e-549d-91f2-076824ecdff3,/p/0/d0e350b240f65ab9,1,200,83644,447.287,2836.825,29485
1787812626866,068c83ac-685f-09a7-5056-92f63c6ceb4a,/?crawl=157,0,200,25955,105.400,230.517,112595
1787812618670,0c39296c-9d09-a3b9-cfb4-8e11142eafe6,/p/0/5c8f3dc91cbc6ef7,9,200,443586,291.603,8446.412,52518
1787812623193,e006d3a4-893c-ecdd-0350-87bafabb266c,/p/0/5b477b97fe41df09,6,200,408843,162.595,4038.054,101248
1787812625878,3210135b-09a8-2ca1-46dc-bdbd37136c45,/?crawl=155,0,200,464433,133.868,1361.067,341227
1787812626073,c646942c-ed5a-0fb7-d9a0-14e1ac87f778,/p/0/33ef825f218afb8e,1,200,210618,34.289,1184.665,177787
1787812623260,e4c8a592-ef20-dddc-e06d-c3bb2884d28d,/p/0/f396893d374161d,3,200,333830,62.386,4022.052,83000
1787812619468,8e551002-bf5c-1717-e281-4fa00d9030bd,/p/3/f874ed5b71e2358,2,200,2274721,486.483,7822.243,290802
1787812623308,fe9f5242-1dee-d8c5-2769-78aba5955fb8,/p/1/bee0767bacfe8f40,12,200,437929,500.545,3984.629,109905
1787812624190,1ba5a7f7-e26e-549d-91f2-076824ecdff3,/p/0/d0e34db240f655a0,1,200,159733,378.303,3114.402,51288
1787812625955,fe9f5242-1dee-d8c5-2769-78aba5955fb8,/p/0/bee0777bacfe90f3,12,200,331910,327.503,1414.054,234722
1787812624702,1e46a455-56c8-91fa-0560-77e275a2328b,/p/0/c9660303b51f31cf,5,200,208133,53.366,2709.366,76820
1787812588433,fe9f5242-1dee-d8c5-2769-78aba5955fb8,/p/0/e047314baf346ef6,7,200,5416406,266.291,39003.851,138868
1787812627369,fe9f5242-1dee-d8c5-2769-78aba5955fb8,/p/0/2a5d06857dc61845,13,200,68861,399.965,413.983,166338
1787812604316,d8034ba6-4789-5f97-4360-1ea481a9ca9b,/p/0/aa71d87648c02f93,9,200,3446816,241.514,23488.481,146745
1787812626467,e006d3a4-893c-ecdd-0350-87bafabb266c,/p/7/e5bb532a85aa507c,7,200,174247,206.916,1547.922,112568
1787812626001,721d2a18-d5d4-9573-5d6a-dfab11b899dc,/p/0/ee2e8477df5be12d,1,200,234620,146.834,2018.216,116251
1787812626001,721d2a18-d5d4-9573-5d6a-dfab11b899dc,/p/4/ee2e8377df5bdf7a,1,200,349259,26.878,2101.939,166160
1787812627293,fe9f5242-1dee-d8c5-2769-78aba5955fb8,/p/0/bee0787bacfe92a6,12,200,280759,152.685,902.986,310923
1787812624764,108c8b66-9697-13f3-c04b-5ad9afcac289,/p/2/f17ccb7c51bbf327,4,200,120672,485.980,3450.943,34968
1787812624611,9a32b0ef-c270-6f9f-10f8-32b2894067a2,/p/0/d1adaa3f8551481,1,200,325235,42.648,3632.128,89544
1787812626000,721d2a18-d5d4-9573-5d6a-dfab11b899dc,/p/0/ee2e8177df5bdc14,1,200,302388,222.396,2261.885,133689
1787812625256,0c39296c-9d09-a3b9-cfb4-8e11142eafe6,/p/4/b13cab9653d597d3,10,200,152343,704.183,3220.039,47311
1787812622429,b65c0c64-3b12-5a25-dd6f-f7450caa3086,/p/7/4c53ec603b393572,6,200,347898,305.212,6064.235,57369
1787812624702,1e46a455-56c8-91fa-0560-77e275a2328b,/p/0/c9660403b51f3382,5,200,257273,53.394,3801.521,67676
1787812628103,721d2a18-d5d4-9573-5d6a-dfab11b899dc,/p/0/fd890c0202d0734e,2,200,60294,105.366,404.740,148970
1787812625384,ab20e2c6-17bf-e321-abcd-e30c10aef1f9,/p/0/ea88566fae6be38,8,200,239979,164.108,3220.412,74518
1787812621934,fff1ea97-b6b4-3164-10bb-35abbc98d713,/p/0/7efa1af38f49d514,6,200,111747,6676.347,6678.946,16731
1787812625384,ab20e2c6-17bf-e321-abcd-e30c10aef1f9,/p/1/ea88666fae6bfeb,8,200,486367,147.548,3233.038,150437
1787812589224,fff1ea97-b6b4-3164-10bb-35abbc98d713,/p/0/ec530ba525493033,5,200,5531070,199.036,39393.458,140406
1787812620557,fdf0536c-6a54-53be-3866-39099ef4d3ab,/p/0/a1ae9fc9342f9744,1,200,2415316,221.779,8104.530,298020
1787812627231,e006d3a4-893c-ecdd-0350-87bafabb266c,/p/0/e5bb542a85aa522f,7,200,113352,171.282,1438.413,78804
1787812611705,365440e8-3b12-d7b5-07b9-ad55baa9c2da,/p/0/b56a1ded9c8b507f,2,200,5310536,141.671,16983.300,312692
1787812617466,8e551002-bf5c-1717-e281-4fa00d9030bd,/p/0/b9df51153839e39d,1,200,2959854,122.983,11464.100,258185
1787812626073,c646942c-ed5a-0fb7-d9a0-14e1ac87f778,/p/0/33ef815f218af9db,1,200,274112,296.658,2879.033,95210
1787812624611,9a32b0ef-c270-6f9f-10f8-32b2894067a2,/p/0/d1ad7a3f8550f68,1,200,360224,143.051,4357.932,82659
1787812628215,108c8b66-9697-13f3-c04b-5ad9afcac289,/p/1/3143ded2760f9987,5,200,8832,605.044,813.545,10856
1787812626887,63a2f736-a599-8f16-6df1-716b89ede193,/p/0/8a67f5fd8f3a59c,9,200,112923,263.917,2262.890,49902
1787812628103,721d2a18-d5d4-9573-5d6a-dfab11b899dc,/p/0/fd890b0202d0719b,2,200,363615,127.059,1107.186,328414
1787812624883,d1011d9f-5343-c4b8-8767-7499047217b7,/p/0/9e657ccbc10f0e5,5,200,404544,155.207,4417.100,91586
1787812627290,8e551002-bf5c-1717-e281-4fa00d9030bd,/p/2/b9a25f302bcdd4b4,3,200,353054,144.979,2019.438,174828
1787812624611,9a32b0ef-c270-6f9f-10f8-32b2894067a2,/p/7/d1ad8a3f855111b,1,200,514937,496.663,4719.746,109103
1787812628103,721d2a18-d5d4-9573-5d6a-dfab11b899dc,/p/3/fd890a0202d06fe8,2,200,447392,137.516,1359.656,329048
1787812629331,9a32b0ef-c270-6f9f-10f8-32b2894067a2,/p/0/d5fd9a68fe89fe38,2,200,94948,46.411,300.705,315752
1787812628866,dfb72c95-9df6-a302-4f7f-eb28eb530616,/?crawl=160,0,200,373822,32.799,768.285,486567
1787812629150,63a2f736-a599-8f16-6df1-716b89ede193,/p/12/8dbaac48fbfce711,10,200,22602,377.541,598.720,37751
1787812621934,fff1ea97-b6b4-3164-10bb-35abbc98d713,/p/0/7efa1df38f49da2d,6,200,306824,6676.391,7823.312,39219
1787812628866,22d12676-3c4b-bc77-5504-3e3ba727582d,/?crawl=159,0,200,425500,23.669,927.675,458674
1787812629794,22d12676-3c4b-bc77-5504-3e3ba727582d,/p/0/71c82db7537d6083,1,200,7718,20.295,31.154,247737
1787812629794,22d12676-3c4b-bc77-5504-3e3ba727582d,/p/0/71c82cb7537d5ed0,1,200,102293,31.183,169.562,603279
1787812624102,e006d3a4-893c-ecdd-0350-87bafabb266c,/p/0/5b477897fe41d9f0,6,200,360168,201.015,5981.695,60212
1787812629462,721d2a18-d5d4-9573-5d6a-dfab11b899dc,/p/0/afc8211c7084d549,3,200,155192,31.464,639.921,242518
1787812628617,ab20e2c6-17bf-e321-abcd-e30c10aef1f9,/p/0/fd2b12e41344608f,9,200,73005,1047.772,1501.621,48617
1787812627290,8e551002-bf5c-1717-e281-4fa00d9030bd,/p/0/b9a260302bcdd667,3,200,505354,100.876,2866.597,176291
1787812626026,f9ac92eb-1252-5f06-7cc4-1f45fa8220a1,/p/0/ed2cdec388f8c9da,3,200,498521,258.751,4293.883,116100
1787812626025,f9ac92eb-1252-5f06-7cc4-1f45fa8220a1,/p/2/ed2cdfc388f8cb8d,3,200,351946,241.013,4382.283,80311
1787812560851,5bf49a11-3401-a7a4-7d34-f0e4ab04e2d3,/p/16/8ea7d8918a168658,2,200,4505241,399.523,69585.966,64744
1787812624942,1e46a455-56c8-91fa-0560-77e275a2328b,/p/13/bda81f05ef4c702e,6,200,378332,375.144,5518.619,68556
1787812629462,721d2a18-d5d4-9573-5d6a-dfab11b899dc,/p/0/afc81e1c7084d030,3,200,284626,105.770,1010.987,281533
1787812627239,3210135b-09a8-2ca1-46dc-bdbd37136c45,/p/0/5ac42d1a4ac0e7b4,1,200,296477,119.510,3263.710,90840
1787812625255,d1011d9f-5343-c4b8-8767-7499047217b7,/p/0/f758dde860646c3c,6,200,399821,154.491,5262.299,75978
1787812628215,108c8b66-9697-13f3-c04b-5ad9afcac289,/p/0/3143e0d2760f9ced,5,200,32310,813.639,2314.937,13957
1787812629310,8e551002-bf5c-1717-e281-4fa00d9030bd,/p/0/9317bb89fa8697dc,4,200,104173,122.517,1226.307,84949
1787812608364,0259e658-774f-d392-9487-017f5735e0f8,/p/0/a3537f0f2b79ac93,3,200,2564239,271.273,22354.810,114706
1787812624108,452971bf-e875-1435-2f47-7f6c6fe20dea,/p/2/dd7ad73ca58ffaab,7,200,4894050,7.757,6707.265,729664
1787812628617,ab20e2c6-17bf-e321-abcd-e30c10aef1f9,/p/0/fd2b14e4134463f5,9,200,109004,1048.159,2260.523,48221
1787812608364,0259e658-774f-d392-9487-017f5735e0f8,/p/0/a353800f2b79ae46,3,200,2772249,42.426,22630.784,122499
1787812626263,d3f3f40b-c3ea-f844-52ad-3f984808282f,/p/0/c759d9bcb625f507,1,200,411299,213.801,4809.648,85515
1787812629028,108c8b66-9697-13f3-c04b-5ad9afcac289,/p/0/11c0c75e11e2f4ba,6,200,10489,1101.609,2058.923,5094
1787812626025,f9ac92eb-1252-5f06-7cc4-1f45fa8220a1,/p/0/ed2cddc388f8c827,3,200,493961,204.061,5178.755,95382
1787812627239,3210135b-09a8-2ca1-46dc-bdbd37136c45,/p/0/5ac4301a4ac0eccd,1,200,437349,38.917,4021.352,108757
1787812629635,dfb72c95-9df6-a302-4f7f-eb28eb530616,/p/11/9e353db6146806a3,1,200,142976,163.504,1740.383,82152
1787812629331,9a32b0ef-c270-6f9f-10f8-32b2894067a2,/p/0/d5fd9d68fe8a0351,2,200,345592,324.286,2046.376,168880
1787812624866,5da4b05c-7bb2-0b7f-fe15-0f7ec7728840,/?crawl=152,0,200,122552,496.947,6621.234,18509
1787812630816,452971bf-e875-1435-2f47-7f6c6fe20dea,/p/0/7d4cd78f775d0642,8,200,76233,74.605,690.403,110418
1787812615866,047dd541-b4bc-30bf-7e87-81328c8d9396,/?crawl=142,0,200,3000787,71.623,15668.562,191516
1787812627012,d1011d9f-5343-c4b8-8767-7499047217b7,/p/0/f758dee860646def,6,200,504184,118.387,4526.946,111374
1787812629749,63a2f736-a599-8f16-6df1-716b89ede193,/p/0/8dbaab48fbfce55e,10,200,87096,305.022,1813.780,48019
1787812629331,9a32b0ef-c270-6f9f-10f8-32b2894067a2,/p/6/d5fd9b68fe89ffeb,2,200,319577,300.790,2239.586,142695
1787812624942,1e46a455-56c8-91fa-0560-77e275a2328b,/p/0/bda81d05ef4c6cc8,6,200,443317,322.200,6691.952,66246
1787812626291,63a2f736-a599-8f16-6df1-716b89ede193,/p/0/8a6825fd8f3aab5,9,200,239556,296.619,5353.266,44750
1787812559439,ed44bc0f-ef2d-a9ce-7a2d-62863ae567a0,/p/0/6f82896fd6b1da98,4,200,5335939,76.173,72238.367,73866
1787812602185,d8034ba6-4789-5f97-4360-1ea481a9ca9b,/p/0/58f173906c4ced63,8,200,5416562,37.198,29745.759,182095
1787812627116,0c39296c-9d09-a3b9-cfb4-8e11142eafe6,/p/0/b13caa9653d59620,10,200,270086,268.769,4841.251,55788
1787812629300,d1011d9f-5343-c4b8-8767-7499047217b7,/p/0/f758dfe860646fa2,6,200,241728,205.121,2669.652,90547
1787812631866,3952e698-9ec0-461c-370f-3bcdd2b0f130,/?crawl=162,0,200,27045,68.369,169.297,159748
1787812628617,ab20e2c6-17bf-e321-abcd-e30c10aef1f9,/p/0/fd2b11e413445edc,9,200,280211,1047.711,3424.943,81815
1787812630866,60d6c10a-b45d-5e48-b604-04773a6e6ae0,/?crawl=161,0,200,412695,47.648,1335.307,309064
1787812629634,dfb72c95-9df6-a302-4f7f-eb28eb530616,/p/0/9e353fb614680a09,1,200,313138,88.864,2880.174,108722
1787812617191,548a7f9d-41e4-e529-50a4-b4a5553f5aa5,/p/0/cf70804d8c69c66e,6,200,3764953,755.414,15333.099,245544
1787812624906,0bc6c343-fd5b-3b3e-37e3-d1d8563349f9,/p/0/c77dfad3a810c8c,4,200,225870,565.368,7821.739,28877
1787812631562,63a2f736-a599-8f16-6df1-716b89ede193,/p/0/8dbaaa48fbfce3ab,10,200,163172,296.607,1583.909,103019
1787812623777,5dc1e98b-e944-26bb-e977-30c41b3bf4a0,/p/0/5b4af089c4cb10f6,5,200,321939,506.914,9455.082,34049
1787812607400,3e71326f-e416-3c5e-6236-7bd18a29c656,/p/0/423dfbc0d330836a,10,200,2635108,143.354,25859.833,101900
1787812630460,1e46a455-56c8-91fa-0560-77e275a2328b,/p/12/e788d5f07e754a5c,7,200,179671,289.774,2805.985,64031
1787812630083,e006d3a4-893c-ecdd-0350-87bafabb266c,/p/0/515591e12dfb0e0e,8,200,253111,231.493,3292.830,76867
1787812628669,e006d3a4-893c-ecdd-0350-87bafabb266c,/p/6/515592e12dfb0fc1,8,200,360201,158.100,4721.166,76295
1787812622836,b3a23f41-af11-6422-808e-1c535d4af12f,/p/11/4d49a572ccd4d7fd,1,200,6028999,33.281,10632.956,567011
1787812632866,c73dac6e-70cd-a441-9567-fe760f466832,/?crawl=163,0,200,336436,37.140,807.648,416563
1787812595934,eb7e981e-236e-e62e-fcbd-039d90b367ca,/p/0/459dcbc1d5f91050,7,200,5322721,832.005,37741.950,141029
1787812633674,c73dac6e-70cd-a441-9567-fe760f466832,/p/0/319f9113a902f950,1,200,14311,34.419,51.513,277816
1787812631375,dfb72c95-9df6-a302-4f7f-eb28eb530616,/p/0/3edb83a456f0a38f,2,200,266771,207.899,2403.055,111013
1787812628215,108c8b66-9697-13f3-c04b-5ad9afcac289,/p/0/3143ddd2760f97d4,5,200,158857,688.599,5719.477,27775
1787812615933,74679cd6-51a6-def2-fd41-4cc0c75826dd,/p/0/72f19d7efabced33,1,200,3424637,186.744,18053.080,189698
1787812631375,dfb72c95-9df6-a302-4f7f-eb28eb530616,/p/10/3edb85a456f0a6f5,2,200,357390,177.283,2786.928,128238
1787812630408,f9ac92eb-1252-5f06-7cc4-1f45fa8220a1,/p/1/5ab23166c07a4be0,4,200,497642,199.783,3765.984,132141
1787812633674,c73dac6e-70cd-a441-9567-fe760f466832,/p/6/319f9313a902fcb6,1,200,108023,170.614,783.934,137796
1787812624501,ab26aace-a219-cdc4-0c38-30c83d8f2c44,/p/0/9b2b384c7e1eac6,3,200,4345433,85.528,10032.631,433130
1787812631677,ed44bc0f-ef2d-a9ce-7a2d-62863ae567a0,/p/0/5c2daeadab1c72a9,11,200,142469,214.382,2893.278,49241
1787812630816,452971bf-e875-1435-2f47-7f6c6fe20dea,/p/1/7d4cd58f775d02dc,8,200,311508,224.469,3777.311,82468
1787812630530,108c8b66-9697-13f3-c04b-5ad9afcac289,/p/0/11c0c55e11e2f154,6,200,127245,959.804,4095.258,31071
1787812623866,cc7fa748-2c8b-1e14-ec06-f6218b33d4ac,/?crawl=150,0,200,158759,664.161,10910.298,14551
1787812632035,3952e698-9ec0-461c-370f-3bcdd2b0f130,/p/0/c509e6713d9def63,1,200,206203,71.305,2742.068,75200
1787812630460,1e46a455-56c8-91fa-0560-77e275a2328b,/p/0/e788d6f07e754c0f,7,200,223135,289.792,4359.952,51178
1787812634162,dfb72c95-9df6-a302-4f7f-eb28eb530616,/p/9/40c63b99852f72e3,3,200,20840,208.898,726.548,28684
1787812633469,b3a23f41-af11-6422-808e-1c535d4af12f,/p/10/8d2ee702d487614,2,200,330663,55.272,1600.149,206645
1787812578291,ef03f431-9299-2706-2fa0-625d62315506,/p/0/51c50e883a9bd516,1,200,4699635,1377.373,56809.409,82726
1787812633469,b3a23f41-af11-6422-808e-1c535d4af12f,/p/0/8d2f0702d48797a,2,200,375021,22.530,1634.512,229439
1787812625621,b65c0c64-3b12-5a25-dd6f-f7450caa3086,/p/0/4c53ed603b393725,6,200,508991,331.992,9644.188,52777
1787812608612,63a2f736-a599-8f16-6df1-716b89ede193,/p/0/9ee0a2f954883b38,7,200,2208229,263.208,26670.404,82797
1787812631571,9a32b0ef-c270-6f9f-10f8-32b2894067a2,/p/0/44f96062106b9bab,3,200,405852,41.737,3713.005,109306
1787812631571,9a32b0ef-c270-6f9f-10f8-32b2894067a2,/p/5/44f95f62106b99f8,3,200,445979,147.589,3734.862,119410
1787812631487,5da4b05c-7bb2-0b7f-fe15-0f7ec7728840,/p/0/a0852c018cf003c8,1,200,71967,794.816,3871.128,18591
1787812632201,60d6c10a-b45d-5e48-b604-04773a6e6ae0,/p/2/acae8587fcd1090,1,200,236549,115.961,3205.876,73786
1787812633267,1e46a455-56c8-91fa-0560-77e275a2328b,/p/0/3c2e5600072e4c57,8,200,86599,421.639,2143.264,40405
1787812628493,b65c0c64-3b12-5a25-dd6f-f7450caa3086,/p/0/4c53ea603b39320c,6,200,285455,280.899,6921.463,41242
1787812632201,60d6c10a-b45d-5e48-b604-04773a6e6ae0,/p/0/acaea587fcd13f6,1,200,285830,45.495,3228.729,88527
1787812601810,d9b27d91-0fa9-612c-4b18-86aa6c1a66d6,/p/4/f993be796be739b5,5,200,4991069,249.451,33668.496,148242
1787812629462,721d2a18-d5d4-9573-5d6a-dfab11b899dc,/p/2/afc81f1c7084d1e3,3,200,3902658,20.866,6044.260,645680
1787812601810,d9b27d91-0fa9-612c-4b18-86aa6c1a66d6,/p/0/f993bc796be7364f,5,200,4448468,288.414,33706.967,131975
1787812618005,fe9f5242-1dee-d8c5-2769-78aba5955fb8,/p/0/8305912d0611ddb,10,200,3177316,212.187,17565.273,180886
1787812633266,1e46a455-56c8-91fa-0560-77e275a2328b,/p/0/3c2e5700072e4e0a,8,200,72980,501.443,2379.887,30665
1787812623777,5dc1e98b-e944-26bb-e977-30c41b3bf4a0,/p/0/5b4aef89c4cb0f43,5,200,448338,471.132,11870.109,37770
1787812631535,047dd541-b4bc-30bf-7e87-81328c8d9396,/p/1/d8cba5415133138b,1,200,182275,212.342,4119.099,44251
1787812626157,1cf52f86-b72d-b329-7e9f-ab00fc76d7b0,/p/0/8e4815b6dbace719,7,200,43663,3013.119,9528.955,4582
1787812630816,452971bf-e875-1435-2f47-7f6c6fe20dea,/p/0/7d4cd68f775d048f,8,200,447026,258.471,4914.380,90963
1787812630460,1e46a455-56c8-91fa-0560-77e275a2328b,/p/0/e788d7f07e754dc2,7,200,237392,289.842,5375.250,44164
1787812560851,5bf49a11-3401-a7a4-7d34-f0e4ab04e2d3,/p/0/8ea7da918a1689be,2,200,4347242,473.997,75173.629,57829
1787812560477,5bf49a11-3401-a7a4-7d34-f0e4ab04e2d3,/p/0/1cf7f85b962057a7,1,200,5455808,75.723,75552.576,72212
1787812635507,721d2a18-d5d4-9573-5d6a-dfab11b899dc,/p/1/87e8e984d26f06a2,4,200,107519,63.577,582.030,184731
1787812624501,ab26aace-a219-cdc4-0c38-30c83d8f2c44,/p/0/9b2b184c7e1e760,3,200,5731292,17.263,11641.565,492313
1787812625784,5dc1e98b-e944-26bb-e977-30c41b3bf4a0,/p/0/5a4bcb828e66740a,6,200,319195,784.239,10449.114,30548
1787812635478,d9b27d91-0fa9-612c-4b18-86aa6c1a66d6,/p/0/2f29f32c89e1e564,6,200,134383,56.826,801.380,167689
1787812624764,108c8b66-9697-13f3-c04b-5ad9afcac289,/p/0/f17cca7c51bbf174,4,200,522258,485.953,11686.745,44688
1787812599024,eb7e981e-236e-e62e-fcbd-039d90b367ca,/p/0/793b0cce87329ee8,9,200,4273909,649.695,37429.619,114185
1787812636089,721d2a18-d5d4-9573-5d6a-dfab11b899dc,/p/0/680e0eee9898cc49,5,200,52376,126.213,504.233,103873
1787812635305,9a32b0ef-c270-6f9f-10f8-32b2894067a2,/p/0/97a58e39b2a936c7,4,200,77328,292.877,1413.838,54694
1787812635478,d9b27d91-0fa9-612c-4b18-86aa6c1a66d6,/p/3/2f29f52c89e1e8ca,6,200,198849,152.187,1259.255,157910
1787812635069,b3a23f41-af11-6422-808e-1c535d4af12f,/p/0/6da7abb05f43fa6,3,200,268073,133.735,1744.454,153672
1787812635866,8e7a01ec-a46f-8fd1-cdff-5aa0b89c8aab,/?crawl=165,0,200,164380,78.052,1112.511,147756
1787812636866,ae73129a-f067-5805-ca89-9ca050b023cd,/?crawl=167,0,200,51389,33.657,129.612,396485
1787812634162,dfb72c95-9df6-a302-4f7f-eb28eb530616,/p/0/40c63d99852f7649,3,200,217934,164.496,2846.984,76549
1787812632035,3952e698-9ec0-461c-370f-3bcdd2b0f130,/p/0/c509e7713d9df116,1,200,369611,449.874,4982.834,74177
1787812636866,5a1c49f5-5c65-54f7-6847-117810ebe534,/?crawl=168,0,200,168136,22.459,243.610,690186
1787812635478,d9b27d91-0fa9-612c-4b18-86aa6c1a66d6,/p/0/2f29f62c89e1ea7d,6,200,212362,170.895,1677.331,126607
1787812630408,f9ac92eb-1252-5f06-7cc4-1f45fa8220a1,/p/0/5ab23266c07a4d93,4,200,445364,181.405,6891.710,64623
1787812637110,5a1c49f5-5c65-54f7-6847-117810ebe534,/p/1/3987e8a2b93fb73b,1,200,58176,20.861,233.158,249513
1787812635069,b3a23f41-af11-6422-808e-1c535d4af12f,/p/9/6da7bbb05f44159,3,200,472423,122.769,2413.717,195724
1787812636996,ae73129a-f067-5805-ca89-9ca050b023cd,/p/3/7f48e889fb6ed502,1,200,38067,180.420,493.224,77180
1787812633390,e006d3a4-893c-ecdd-0350-87bafabb266c,/p/5/e77063ad892ac7c4,9,200,292042,154.511,4174.672,69956
1787812635069,b3a23f41-af11-6422-808e-1c535d4af12f,/p/0/6da79bb05f43df3,3,200,474012,111.801,2536.704,186861
1787812637110,5a1c49f5-5c65-54f7-6847-117810ebe534,/p/0/3987e7a2b93fb588,1,200,117940,62.161,506.206,232988
1787812636089,721d2a18-d5d4-9573-5d6a-dfab11b899dc,/p/0/680e0bee9898c730,5,200,313003,104.928,1527.369,204929
1787812631535,047dd541-b4bc-30bf-7e87-81328c8d9396,/p/0/d8cba741513316f1,1,200,380567,70.519,6129.904,62084
1787812635306,9a32b0ef-c270-6f9f-10f8-32b2894067a2,/p/4/97a59039b2a93a2d,4,200,242195,211.316,2429.387,99694
1787812629028,108c8b66-9697-13f3-c04b-5ad9afcac289,/p/0/11c0c85e11e2f66d,6,200,318500,1577.338,8709.678,36569
1787812634162,dfb72c95-9df6-a302-4f7f-eb28eb530616,/p/0/40c63a99852f7130,3,200,419449,208.962,3660.610,114584
1787812636979,8e7a01ec-a46f-8fd1-cdff-5aa0b89c8aab,/p/0/58743fced238ec42,1,200,39274,123.627,846.573,46392
1787812620595,74679cd6-51a6-def2-fd41-4cc0c75826dd,/p/0/f4c9585670a8f790,3,200,3990797,294.734,17268.483,231103
1787812624906,0bc6c343-fd5b-3b3e-37e3-d1d8563349f9,/p/0/c77e2ad3a8111a5,4,200,423463,475.835,13070.093,32399
1787812635282,63a2f736-a599-8f16-6df1-716b89ede193,/p/0/5f2329d098219e9c,11,200,151534,329.606,2866.600,52862
1787812636866,c1f0de7f-b6b0-74a5-0ef3-ec37baba2fe8,/?crawl=166,0,200,265218,72.862,1285.178,206367
1787812615181,63a2f736-a599-8f16-6df1-716b89ede193,/p/0/7131e9b5cb27cb86,8,200,2104585,200.922,22978.504,91589
1787812637866,51428ba2-52a8-8af3-b7cf-b484e83bda78,/?crawl=170,0,200,517099,18.454,535.937,964851
1787812599022,eb7e981e-236e-e62e-fcbd-039d90b367ca,/p/0/793b0fce8732a401,9,200,5947375,331.563,39475.241,150661
1787812629794,22d12676-3c4b-bc77-5504-3e3ba727582d,/p/0/71c82fb7537d63e9,1,200,5813309,159.024,8720.206,666648
1787812625784,5dc1e98b-e944-26bb-e977-30c41b3bf4a0,/p/3/5a4bcc828e6675bd,6,200,452721,443.640,12748.186,35513
1787812625784,5dc1e98b-e944-26bb-e977-30c41b3bf4a0,/p/0/5a4bca828e667257,6,200,470203,368.832,12748.251,36884
1787812636089,721d2a18-d5d4-9573-5d6a-dfab11b899dc,/p/0/680e0cee9898c8e3,5,200,439703,168.329,2459.275,178794
1787812633267,1e46a455-56c8-91fa-0560-77e275a2328b,/p/11/3c2e5500072e4aa4,8,200,475609,527.661,5379.439,88412
1787812635407,60d6c10a-b45d-5e48-b604-04773a6e6ae0,/p/0/5f60a3d7372b721d,2,200,216391,278.658,3264.445,66287
1787812631487,5da4b05c-7bb2-0b7f-fe15-0f7ec7728840,/p/2/a0852e018cf0072e,1,200,177872,3871.090,7438.977,23911
1787812637735,9a32b0ef-c270-6f9f-10f8-32b2894067a2,/p/0/7bd12cfc57eaaa97,5,200,64287,233.651,1247.456,51534
1787812638866,7e68917e-d5ce-540a-17e4-1d60dcdc2790,/?crawl=173,0,200,77572,20.711,117.509,660134
1787812635407,60d6c10a-b45d-5e48-b604-04773a6e6ae0,/p/1/5f60a2d7372b706a,2,200,265292,303.493,3620.019,73285
1787812635654,047dd541-b4bc-30bf-7e87-81328c8d9396,/p/0/f5e842a519193352,2,200,153010,434.533,3440.229,44477
1787812612866,ef9ba657-0067-9096-2382-ba2d211b55c7,/?crawl=138,0,200,4445433,126.737,26254.100,169323
1787812631957,0c39296c-9d09-a3b9-cfb4-8e11142eafe6,/p/3/82e92090f329c366,11,200,377593,267.231,7191.707,52504
1787812637343,5a1c49f5-5c65-54f7-6847-117810ebe534,/p/0/b6e506c1a66dc47c,2,200,171106,138.894,1906.023,89771
1787812580188,3e71326f-e416-3c5e-6236-7bd18a29c656,/p/0/2a728503140c6fdd,1,200,5508123,332.215,59083.234,93226
1787812607992,14083928-4f13-aa04-3e54-8c263b088cb1,/p/0/d8272980f808ef1f,6,200,5071127,343.621,31302.710,162003
1787812638866,9f954951-59a6-5661-8c03-9a01a0565f38,/?crawl=172,0,200,504342,18.042,547.368,921395
1787812637483,b3a23f41-af11-6422-808e-1c535d4af12f,/p/8/6f6b342ad53eadc2,4,200,273908,133.859,1930.994,141848
1787812636738,d9b27d91-0fa9-612c-4b18-86aa6c1a66d6,/p/0/1b72eebe00dec6e8,7,200,294180,247.296,2793.665,105303
1787812634889,dfb72c95-9df6-a302-4f7f-eb28eb530616,/p/8/b8ca051cfdc1ec1e,4,200,464902,210.313,4730.545,98277
1787812636737,d9b27d91-0fa9-612c-4b18-86aa6c1a66d6,/p/0/1b72f1be00decc01,7,200,319223,190.566,2907.694,109786
1787812635306,9a32b0ef-c270-6f9f-10f8-32b2894067a2,/p/0/97a58f39b2a9387a,4,200,406561,399.056,4346.324,93541
1787812639120,ef9ba657-0067-9096-2382-ba2d211b55c7,/p/3/df874a216621fa86,1,200,103443,142.119,558.382,185255
1787812595943,e433120d-9660-b149-3ae2-ab6d26b5c37e,/p/0/9db75aec170e86c4,1,200,5921781,263.496,43791.135,135228
1787812637110,5a1c49f5-5c65-54f7-6847-117810ebe534,/p/0/3987eaa2b93fbaa1,1,200,311923,73.071,2627.502,118715
1787812639120,ef9ba657-0067-9096-2382-ba2d211b55c7,/p/0/df874b216621fc39,1,200,417612,215.558,669.049,624188
1787812639120,ef9ba657-0067-9096-2382-ba2d211b55c7,/p/0/df8748216621f720,1,200,442213,215.639,682.215,648202
1787812639619,dfb72c95-9df6-a302-4f7f-eb28eb530616,/p/0/eb125c99fdf9deb9,5,200,4743,207.833,222.084,21357
1787812636996,ae73129a-f067-5805-ca89-9ca050b023cd,/p/0/7f48e989fb6ed6b5,1,200,281323,198.078,2862.933,98264
1787812612689,35ac03d0-51a9-63b9-a4a8-48ace02c60be,/p/5/3518f526c8ca8d57,1,200,4180901,333.675,27176.082,153845
1787812622028,0cac6aae-1489-56e0-7461-86608a6b60d9,/p/0/ecdaf16a234cf506,2,200,213541,71.110,17838.522,11971
1787812637483,b3a23f41-af11-6422-808e-1c535d4af12f,/p/0/6f6b322ad53eaa5c,4,200,412754,133.844,2435.600,169467
1787812638152,c1f0de7f-b6b0-74a5-0ef3-ec37baba2fe8,/p/0/12b33de79009cb15,1,200,113874,68.699,1869.729,60904
1787812635407,60d6c10a-b45d-5e48-b604-04773a6e6ae0,/p/0/5f60a0d7372b6d04,2,200,322025,349.086,4653.123,69206
1787812634174,f9ac92eb-1252-5f06-7cc4-1f45fa8220a1,/p/0/b0139b2fc1b9a0e3,5,200,393289,197.340,5893.573,66732
1787812634174,f9ac92eb-1252-5f06-7cc4-1f45fa8220a1,/p/0/b0139c2fc1b9a296,5,200,468985,181.030,5974.047,78504
1787812631535,047dd541-b4bc-30bf-7e87-81328c8d9396,/p/0/d8cba441513311d8,1,200,431044,70.461,8713.752,49467
1787812622028,0cac6aae-1489-56e0-7461-86608a6b60d9,/p/10/ecdaef6a234cf1a0,2,200,296140,71.281,18276.855,16203
1787812639866,9b756a86-8abd-2ab1-135b-50a13ba82815,/?crawl=174,0,200,201656,36.256,474.271,425191
1787812637489,ae73129a-f067-5805-ca89-9ca050b023cd,/p/0/8fe4002173529f30,2,200,119212,186.005,2909.934,40967
1787812630437,5bf49a11-3401-a7a4-7d34-f0e4ab04e2d3,/p/0/6c406f237583f713,3,200,260435,5598.760,10003.063,26036
1787812637343,5a1c49f5-5c65-54f7-6847-117810ebe534,/p/0/b6e507c1a66dc62f,2,200,502837,180.560,3182.409,158005
1787812617960,548a7f9d-41e4-e529-50a4-b4a5553f5aa5,/p/0/6371e04737003ac4,7,200,4548780,1771.950,22569.345,201547
1787812580807,63a2f736-a599-8f16-6df1-716b89ede193,/p/0/d4e0d5fdb163d640,1,200,5393966,40.866,59743.381,90286
1787812553925,7d9bd299-f439-b81d-f69e-7c44eab037c8,/p/0/5c98be71152e058f,5,200,4583409,51.366,86742.348,52839
1787812639679,ef9ba657-0067-9096-2382-ba2d211b55c7,/p/0/1c71d61666fc1f6d,2,200,387484,123.855,1012.995,382513
1787812639414,9f954951-59a6-5661-8c03-9a01a0565f38,/p/0/5ebb72f767e1f9e7,1,200,174244,49.342,1314.134,132592
1787812639679,ef9ba657-0067-9096-2382-ba2d211b55c7,/p/0/1c71d31666fc1a54,2,200,110277,1012.984,1057.367,104294
1787812639679,ef9ba657-0067-9096-2382-ba2d211b55c7,/p/2/1c71d41666fc1c07,2,200,249797,1012.750,1081.291,231017
1787812625384,ab20e2c6-17bf-e321-abcd-e30c10aef1f9,/p/0/ea88866fae6c351,8,200,3583688,164.145,15391.918,232829
1787812636996,ae73129a-f067-5805-ca89-9ca050b023cd,/p/0/7f48e689fb6ed19c,1,200,442185,32.743,3903.892,113268
1787812620595,74679cd6-51a6-def2-fd41-4cc0c75826dd,/p/0/f4c95a5670a8faf6,3,200,5214994,227.694,20379.450,255895
1787812634174,f9ac92eb-1252-5f06-7cc4-1f45fa8220a1,/p/0/b0139a2fc1b99f30,5,200,502290,180.919,6832.006,73520
1787812619212,f3b91457-307d-d26c-a23a-f070dcbd30a4,/p/0/2674f9b7a39eea24,1,200,5380594,171.485,21823.045,246556
1787812639619,dfb72c95-9df6-a302-4f7f-eb28eb530616,/p/7/eb125b99fdf9dd06,5,200,101997,207.750,1450.307,70328
1787812639414,b3a23f41-af11-6422-808e-1c535d4af12f,/p/0/52c0dc8d98ea7b84,5,200,227587,122.353,1763.223,129074
1787812619212,f3b91457-307d-d26c-a23a-f070dcbd30a4,/p/6/2674fab7a39eebd7,1,200,5783417,27.547,22033.759,262480
1787812640760,ef9ba657-0067-9096-2382-ba2d211b55c7,/p/0/8869c00c4252ccf3,3,200,199636,3.709,495.609,402809
1787812599173,3e71326f-e416-3c5e-6236-7bd18a29c656,/p/0/44b87c47a93fabb8,8,200,4098873,275.999,42118.274,97318
1787812639413,9f954951-59a6-5661-8c03-9a01a0565f38,/p/0/5ebb73f767e1fb9a,1,200,338070,16.782,1929.726,175191
1787812637489,ae73129a-f067-5805-ca89-9ca050b023cd,/p/2/8fe401217352a0e3,2,200,329615,185.994,3887.038,84799
1787812639414,9f954951-59a6-5661-8c03-9a01a0565f38,/p/0/5ebb71f767e1f834,1,200,516689,49.315,2088.188,247434
1787812637735,9a32b0ef-c270-6f9f-10f8-32b2894067a2,/p/0/7bd12dfc57eaac4a,5,200,414908,211.345,3785.577,109602
1787812635265,b65c0c64-3b12-5a25-dd6f-f7450caa3086,/p/6/26e850c6c3f2bf67,7,200,330801,302.737,6309.764,52427
1787812636979,8e7a01ec-a46f-8fd1-cdff-5aa0b89c8aab,/p/0/58743eced238ea8f,1,200,336429,520.947,4621.495,72797
1787812627239,3210135b-09a8-2ca1-46dc-bdbd37136c45,/p/2/5ac42e1a4ac0e967,1,200,4176329,119.622,14409.384,289834
1787812639027,60d6c10a-b45d-5e48-b604-04773a6e6ae0,/p/0/5811b53d7b95133f,3,200,197360,329.994,2688.369,73413
1787812638152,c1f0de7f-b6b0-74a5-0ef3-ec37baba2fe8,/p/0/12b33ce79009c962,1,200,218751,101.843,3592.396,60893
1787812640760,ef9ba657-0067-9096-2382-ba2d211b55c7,/p/0/8869c10c4252cea6,3,200,232642,316.001,1058.880,219706
1787812597210,d66568bc-db56-b020-ae6e-bd870e82c002,/p/0/2299f45ff3ac0564,3,200,3220210,275.985,44750.524,71959
1787812634593,452971bf-e875-1435-2f47-7f6c6fe20dea,/p/0/8e84f71c7df01aed,9,200,448362,436.720,7375.149,60794
1787812639414,b3a23f41-af11-6422-808e-1c535d4af12f,/p/7/52c0de8d98ea7eea,5,200,247670,122.262,2627.790,94250
1787812639866,35ac03d0-51a9-63b9-a4a8-48ace02c60be,/p/4/955891bec7c39179,2,200,281021,85.193,2295.908,122401
1787812596975,0bc6c343-fd5b-3b3e-37e3-d1d8563349f9,/p/0/d67c116ac398aed3,2,200,5098403,377.974,45238.440,112701
1787812624906,0bc6c343-fd5b-3b3e-37e3-d1d8563349f9,/p/1/c77e0ad3a810e3f,4,200,2183094,309.320,17307.498,126136
1787812641246,f3b91457-307d-d26c-a23a-f070dcbd30a4,/p/0/e55ebdddb23c90e3,2,200,255704,27.089,1126.052,227080
1787812618005,fe9f5242-1dee-d8c5-2769-78aba5955fb8,/p/0/8305a12d0611f8e,10,200,4044549,194.548,24371.269,165956
1787812641246,f3b91457-307d-d26c-a23a-f070dcbd30a4,/p/5/e55ebcddb23c8f30,2,200,210584,174.377,1162.748,181109
1787812639866,35ac03d0-51a9-63b9-a4a8-48ace02c60be,/p/0/955890bec7c38fc6,2,200,347089,187.833,2612.712,132846
1787812639865,35ac03d0-51a9-63b9-a4a8-48ace02c60be,/p/0/95588fbec7c38e13,2,200,364828,130.295,2613.035,139618
1787812640340,9b756a86-8abd-2ab1-135b-50a13ba82815,/p/5/37e6c73c3eac0c0e,1,200,200388,168.092,2184.250,91742
1787812635654,047dd541-b4bc-30bf-7e87-81328c8d9396,/p/0/f5e841a51919319f,2,200,512621,541.455,6928.596,73986
1787812637735,9a32b0ef-c270-6f9f-10f8-32b2894067a2,/p/3/7bd12bfc57eaa8e4,5,200,465312,211.314,4891.578,95125
1787812640305,0cac6aae-1489-56e0-7461-86608a6b60d9,/p/9/c8f316cd38f2c68f,3,200,21853,1464.246,2343.741,9324
1787812642409,f3b91457-307d-d26c-a23a-f070dcbd30a4,/p/0/8ad102f1c5156df4,3,200,14702,133.744,303.623,48422
1787812637489,ae73129a-f067-5805-ca89-9ca050b023cd,/p/0/8fe403217352a449,2,200,508260,170.980,5230.722,97168
1787812610422,f96cf050-1440-7233-cad8-3abef4e2a5ef,/p/0/ca9fd895a60e091c,6,200,2352950,220.751,32362.726,72706
1787812610422,f96cf050-1440-7233-cad8-3abef4e2a5ef,/p/0/ca9fdb95a60e0e35,6,200,2631454,243.129,32367.871,81298
1787812597468,3e71326f-e416-3c5e-6236-7bd18a29c656,/p/0/44b87f47a93fb0d1,8,200,5091901,140.740,45383.984,112196
1787812634593,452971bf-e875-1435-2f47-7f6c6fe20dea,/p/0/8e84f61c7df0193a,9,0,474351,364.609,8273.444,57334
1787812634593,452971bf-e875-1435-2f47-7f6c6fe20dea,/p/0/8e84f51c7df01787,9,0,621143,401.865,8273.631,75075
1787812642214,0bc6c343-fd5b-3b3e-37e3-d1d8563349f9,/p/0/b2db9a702a0d180e,5,200,127456,39.971,660.017,193110
1787812635654,047dd541-b4bc-30bf-7e87-81328c8d9396,/p/0/f5e840a519192fec,2,200,455275,364.443,7254.999,62753
1787812642042,b3a23f41-af11-6422-808e-1c535d4af12f,/p/0/41fd199667cd8158,6,200,99245,111.331,872.665,113726
1787812622250,d1011d9f-5343-c4b8-8767-7499047217b7,/p/0/527857dce588692d,4,200,3359774,121.881,20738.892,162004
1787812594341,e006d3a4-893c-ecdd-0350-87bafabb266c,/p/0/a3ba39f0b063930e,3,200,4020758,315.541,48727.576,82515
1787812607866,07bdf8ac-ffaa-2064-c3ca-f25896e9c5f4,/?crawl=132,0,200,3183768,299.618,35210.438,90421
1787812559439,ed44bc0f-ef2d-a9ce-7a2d-62863ae567a0,/p/0/6f828c6fd6b1dfb1,4,200,6111416,55.176,83665.025,73046
1787812642162,35ac03d0-51a9-63b9-a4a8-48ace02c60be,/p/3/a52a917ffa016245,3,200,93832,317.123,963.570,97380
1787812642162,35ac03d0-51a9-63b9-a4a8-48ace02c60be,/p/0/a52a907ffa016092,3,200,165857,317.519,967.835,171369
1787812641648,3210135b-09a8-2ca1-46dc-bdbd37136c45,/p/1/c6fa63c1fb49fa96,2,200,161380,41.932,1527.431,105655
1787812642042,b3a23f41-af11-6422-808e-1c535d4af12f,/p/6/41fd1b9667cd84be,6,200,133161,152.397,1143.200,116481
1787812641246,f3b91457-307d-d26c-a23a-f070dcbd30a4,/p/0/e55ebeddb23c9296,2,200,422287,134.739,1951.755,216363
1787812589426,63a2f736-a599-8f16-6df1-716b89ede193,/p/0/88d9e0f4a70ead4a,4,200,4794649,300.930,53783.740,89147
1787812636866,a6935384-2c16-f0dc-d435-47058514eb2e,/?crawl=169,0,200,500155,165.693,6356.031,78690
1787812641376,ae73129a-f067-5805-ca89-9ca050b023cd,/p/0/862bc603d15d258f,3,200,310910,181.706,2113.362,147116
1787812642042,b3a23f41-af11-6422-808e-1c535d4af12f,/p/0/41fd1c9667cd8671,6,200,97523,134.777,1501.921,64932
1787812639414,b3a23f41-af11-6422-808e-1c535d4af12f,/p/0/52c0df8d98ea809d,5,200,485707,122.336,4140.118,117317
1787812643125,35ac03d0-51a9-63b9-a4a8-48ace02c60be,/p/2/68e0bf3b78997b5,4,200,87603,357.094,472.631,185352
1787812642867,4cc59da5-43fd-bad1-f6e4-04780c37b1b1,/?crawl=177,0,200,188935,61.662,781.693,241700
1787812630437,5bf49a11-3401-a7a4-7d34-f0e4ab04e2d3,/p/15/6c406e237583f560,3,200,379690,5598.738,13222.295,28716
1787812606770,3e71326f-e416-3c5e-6236-7bd18a29c656,/p/0/423dfac0d33081b7,10,200,5900070,142.363,36901.690,159886
1787812642214,0bc6c343-fd5b-3b3e-37e3-d1d8563349f9,/p/0/b2db98702a0d14a8,5,200,473959,1274.292,1483.327,319524
1787812630437,5bf49a11-3401-a7a4-7d34-f0e4ab04e2d3,/p/0/6c4070237583f8c6,3,200,428624,5599.015,13331.316,32152
1787812639028,60d6c10a-b45d-5e48-b604-04773a6e6ae0,/p/0/5811b73d7b9516a5,3,200,353783,283.831,4746.898,74529
1787812641070,dfb72c95-9df6-a302-4f7f-eb28eb530616,/p/6/4d1d3dc3254536a8,6,200,211736,179.097,2847.162,74367
1787812639149,0c39296c-9d09-a3b9-cfb4-8e11142eafe6,/p/0/82e92190f329c519,11,200,217075,289.792,4828.840,44954
1787812643125,35ac03d0-51a9-63b9-a4a8-48ace02c60be,/p/0/68e0af3b7899602,4,200,143047,359.345,896.994,159474
1787812639841,dfb72c95-9df6-a302-4f7f-eb28eb530616,/p/0/eb125999fdf9d9a0,5,200,363608,167.090,4207.180,86426
1787812626073,c646942c-ed5a-0fb7-d9a0-14e1ac87f778,/p/11/33ef835f218afd41,1,200,5832408,338.261,18039.131,323320
1787812642409,f3b91457-307d-d26c-a23a-f070dcbd30a4,/p/0/8ad105f1c515730d,3,200,328380,159.784,1709.483,192093
1787812607576,f96cf050-1440-7233-cad8-3abef4e2a5ef,/p/0/e532eee8c98d003d,5,200,4398658,211.440,36550.708,120344
1787812642409,f3b91457-307d-d26c-a23a-f070dcbd30a4,/p/4/8ad104f1c515715a,3,200,364486,150.044,1734.358,210156
1787812638532,5dc1e98b-e944-26bb-e977-30c41b3bf4a0,/p/0/8302da5b66a71ae7,7,200,247829,441.649,5709.745,43405
1787812640760,ef9ba657-0067-9096-2382-ba2d211b55c7,/p/1/8869bf0c4252cb40,3,200,2444175,316.353,3540.541,690339
1787812643917,dfb72c95-9df6-a302-4f7f-eb28eb530616,/p/0/4d1d3ec32545385b,6,200,40986,191.292,512.729,79937
1787812643544,b3a23f41-af11-6422-808e-1c535d4af12f,/p/0/bab22d4c322a61bf,7,200,123943,123.441,929.187,133389
1787812640340,9b756a86-8abd-2ab1-135b-50a13ba82815,/p/0/37e6c83c3eac0dc1,1,200,369257,168.081,4134.445,89312
1787812617960,548a7f9d-41e4-e529-50a4-b4a5553f5aa5,/p/1/6371e24737003e2a,7,200,6115641,1770.991,26529.414,230523
1787812631487,5da4b05c-7bb2-0b7f-fe15-0f7ec7728840,/p/0/a0852f018cf008e1,1,200,286658,3871.133,13027.373,22004
1787812614363,0bc6c343-fd5b-3b3e-37e3-d1d8563349f9,/p/0/fcbf8780d98ead5,3,200,5829522,286.736,30154.774,193320
1787812642214,0bc6c343-fd5b-3b3e-37e3-d1d8563349f9,/p/0/b2db99702a0d165b,5,200,2348732,1274.272,2312.607,1015621
1787812644301,ef9ba657-0067-9096-2382-ba2d211b55c7,/p/0/7d8a14db55d628e5,4,200,19595,313.586,313.981,62408
1787812643125,35ac03d0-51a9-63b9-a4a8-48ace02c60be,/p/0/68e09f3b789944f,4,200,286949,358.872,1495.780,191839
1787812643866,3f54556b-7cfd-672f-2970-b78642394a5b,/?crawl=179,0,200,317839,36.226,769.911,412826
1787812644112,c646942c-ed5a-0fb7-d9a0-14e1ac87f778,/p/0/23da9c7c82ec0f1e,2,200,50204,235.441,667.353,75229
1787812638646,1e46a455-56c8-91fa-0560-77e275a2328b,/p/10/15a9a08b10ab1962,9,200,477872,294.883,6150.627,77695
1787812635507,721d2a18-d5d4-9573-5d6a-dfab11b899dc,/p/0/87e8e784d26f033c,4,200,2979349,74.686,9298.885,320399
1787812630408,f9ac92eb-1252-5f06-7cc4-1f45fa8220a1,/p/0/5ab23366c07a4f46,4,200,2527696,199.755,14454.129,174877
1787812643176,3210135b-09a8-2ca1-46dc-bdbd37136c45,/p/0/285fcc6a10c65787,3,200,107264,198.356,1760.221,60938
1787812643598,35ac03d0-51a9-63b9-a4a8-48ace02c60be,/p/0/d5033d3707e66494,5,200,74190,1386.423,1390.245,53365
1787812644301,ef9ba657-0067-9096-2382-ba2d211b55c7,/p/0/7d8a11db55d623cc,4,200,354541,2.482,704.510,503245
1787812643598,35ac03d0-51a9-63b9-a4a8-48ace02c60be,/p/1/d5033f3707e667fa,5,200,78186,1386.472,1704.716,45865
1787812643598,35ac03d0-51a9-63b9-a4a8-48ace02c60be,/p/0/d503403707e669ad,5,200,386777,1386.292,1714.751,225559
1787812622725,ab20e2c6-17bf-e321-abcd-e30c10aef1f9,/p/0/eebd854bde209af8,7,200,6144364,215.264,22649.140,271285
1787812643660,5bf49a11-3401-a7a4-7d34-f0e4ab04e2d3,/p/14/58d19a20a18b14da,4,200,53578,443.448,1738.934,30811
1787812644143,f3b91457-307d-d26c-a23a-f070dcbd30a4,/p/3/58cd6dcdf9f7abb6,4,200,238801,25.558,1258.412,189764
1787812644143,f3b91457-307d-d26c-a23a-f070dcbd30a4,/p/0/58cd6ecdf9f7ad69,4,200,306014,25.432,1378.478,221994
1787812624885,f9ac92eb-1252-5f06-7cc4-1f45fa8220a1,/p/0/75323ed0461878f6,2,200,5336761,35.805,20721.190,257551
1787812638646,1e46a455-56c8-91fa-0560-77e275a2328b,/p/0/15a99e8b10ab15fc,9,200,330992,294.923,7059.437,46886
1787812605201,f96cf050-1440-7233-cad8-3abef4e2a5ef,/p/0/7a8d2b20ce411e7f,4,200,5720762,213.353,40507.866,141226
1787812643648,4cc59da5-43fd-bad1-f6e4-04780c37b1b1,/p/8/a47c71deaa1115fb,1,200,189433,57.719,2091.821,90559
1787812644797,1e46a455-56c8-91fa-0560-77e275a2328b,/p/9/15410bdaeda9473b,10,200,62475,292.082,959.727,65097
1787812617682,d1011d9f-5343-c4b8-8767-7499047217b7,/p/0/76ecef079914a64d,2,200,4711400,143.759,28084.764,167756
1787812640340,9b756a86-8abd-2ab1-135b-50a13ba82815,/p/0/37e6c53c3eac08a8,1,200,444203,35.898,5511.815,80591
1787812608955,fe9f5242-1dee-d8c5-2769-78aba5955fb8,/p/0/99872b9ede5169a9,8,200,5763772,181.887,37016.996,155706
1787812633469,b3a23f41-af11-6422-808e-1c535d4af12f,/p/0/8d2ef702d4877c7,2,200,2261967,67.646,12532.662,180486
1787812645303,35ac03d0-51a9-63b9-a4a8-48ace02c60be,/p/0/d9346e6e66bb2c98,6,200,21745,710.269,724.522,30013
1787812642161,35ac03d0-51a9-63b9-a4a8-48ace02c60be,/p/0/a52a8f7ffa015edf,3,200,5043932,317.073,3889.168,1296918
1787812645303,35ac03d0-51a9-63b9-a4a8-48ace02c60be,/p/0/d9346f6e66bb2e4b,6,200,100293,746.359,758.377,132247
1787812645303,35ac03d0-51a9-63b9-a4a8-48ace02c60be,/p/0/d934716e66bb31b1,6,200,521835,724.782,820.655,635876
1787812644112,c646942c-ed5a-0fb7-d9a0-14e1ac87f778,/p/0/23da9b7c82ec0d6b,2,200,341079,117.237,2189.777,155760
1787812642525,9b756a86-8abd-2ab1-135b-50a13ba82815,/p/0/2d12190c5d1e7ad7,2,200,302140,166.741,3833.029,78825
1787812643185,b3a23f41-af11-6422-808e-1c535d4af12f,/p/5/bab22f4c322a6525,7,200,406218,264.352,3252.641,124889
1787812642525,9b756a86-8abd-2ab1-135b-50a13ba82815,/p/4/2d121b0c5d1e7e3d,2,200,474038,199.954,3929.391,120639
1787812623260,e4c8a592-ef20-dddc-e06d-c3bb2884d28d,/p/3/f396793d374146a,3,200,3468450,122.191,23256.036,149142
1787812623260,e4c8a592-ef20-dddc-e06d-c3bb2884d28d,/p/0/f396593d3741104,3,200,3252106,62.503,23256.511,139836
1787812597490,cf6b0c32-d027-3b38-e2ca-a9d4c3aeba8a,/p/0/a5036e9b28a4420e,4,200,3714065,403.191,49037.005,75740
1787812643176,3210135b-09a8-2ca1-46dc-bdbd37136c45,/p/0/285fcb6a10c655d4,3,200,312979,255.443,3357.460,93219
1787812642525,9b756a86-8abd-2ab1-135b-50a13ba82815,/p/0/2d121a0c5d1e7c8a,2,200,474398,216.302,4057.189,116928
1787812641648,3210135b-09a8-2ca1-46dc-bdbd37136c45,/p/0/c6fa64c1fb49fc49,2,200,486130,61.318,4957.508,98059
1787812621934,fff1ea97-b6b4-3164-10bb-35abbc98d713,/p/7/7efa1bf38f49d6c7,6,200,4078221,6676.126,24767.942,164657
1787812641648,3210135b-09a8-2ca1-46dc-bdbd37136c45,/p/0/c6fa61c1fb49f730,2,200,508863,102.027,5101.553,99747
1787812643648,4cc59da5-43fd-bad1-f6e4-04780c37b1b1,/p/0/a47c70deaa111448,1,200,190023,286.733,3172.926,59889
1787812646439,b3a23f41-af11-6422-808e-1c535d4af12f,/p/0/2b1653fba16c9649,8,200,32957,403.201,423.813,77763
1787812609878,0749ca82-1e65-8f0a-ba8a-b79b9d25deac,/p/0/778c562464a26d87,9,0,2202819,708.751,36988.086,59555
1787812601069,0749ca82-1e65-8f0a-ba8a-b79b9d25deac,/p/0/2bcb9f861a2c08f1,7,0,2958431,611.366,45797.126,64599
1787812606100,0749ca82-1e65-8f0a-ba8a-b79b9d25deac,/p/0/1a5d88930302e4c5,8,0,2521835,297.223,40765.981,61861
1787812609878,0749ca82-1e65-8f0a-ba8a-b79b9d25deac,/p/7/778c552464a26bd4,9,0,2148882,708.877,36988.221,58096
1787812644301,ef9ba657-0067-9096-2382-ba2d211b55c7,/p/0/7d8a13db55d62732,4,200,516216,2.835,2661.305,193971
1787812637866,9e0fba65-906f-29ac-85bf-db388693d2aa,/?crawl=171,0,200,2523796,49.015,9206.234,274140
1787812641575,b65c0c64-3b12-5a25-dd6f-f7450caa3086,/p/0/26e852c6c3f2c2cd,7,200,336673,213.881,5543.233,60736
1787812637343,5a1c49f5-5c65-54f7-6847-117810ebe534,/p/0/b6e509c1a66dc995,2,200,5293515,149.850,9784.204,541027
1787812644489,548a7f9d-41e4-e529-50a4-b4a5553f5aa5,/p/0/13368dcd134468f2,8,200,422909,41.447,2691.763,157112
1787812638646,1e46a455-56c8-91fa-0560-77e275a2328b,/p/0/15a9a18b10ab1b15,9,200,447471,348.149,8643.686,51769
1787812645740,4cc59da5-43fd-bad1-f6e4-04780c37b1b1,/p/0/63c2e33f99b198e2,2,200,12521,1165.733,1573.303,7958
1787812610442,ed44bc0f-ef2d-a9ce-7a2d-62863ae567a0,/p/0/5c2dabadab1c6d90,11,200,2710575,215.070,37180.028,72904
1787812646516,e4c8a592-ef20-dddc-e06d-c3bb2884d28d,/p/0/8a433efda6a3e1e4,4,200,390729,14.215,1137.110,343616
1787812646702,fff1ea97-b6b4-3164-10bb-35abbc98d713,/p/0/40bf47bd6c71bc6,7,200,31783,64.376,1095.068,29024
1787812635507,721d2a18-d5d4-9573-5d6a-dfab11b899dc,/p/0/87e8ea84d26f0855,4,200,4951281,21.623,12304.708,402389
1787812633146,63a2f736-a599-8f16-6df1-716b89ede193,/p/0/5f232cd09821a3b5,11,200,2502264,963.117,14695.011,170280
1787812629310,8e551002-bf5c-1717-e281-4fa00d9030bd,/p/0/9317be89fa869cf5,4,200,4356574,146.491,18579.435,234484
1787812646516,e4c8a592-ef20-dddc-e06d-c3bb2884d28d,/p/0/8a4341fda6a3e6fd,4,200,497114,14.398,1382.417,359598
1787812631644,63a2f736-a599-8f16-6df1-716b89ede193,/p/11/5f232bd09821a202,11,200,2517063,355.872,16277.408,154635
1787812646866,76867539-874f-9317-5aab-6d0421d2a69c,/?crawl=181,0,200,338647,56.653,1156.409,292844
1787812617358,d1011d9f-5343-c4b8-8767-7499047217b7,/p/0/456151e3bc9820de,1,200,6114467,35.548,30774.889,198684
1787812645756,1e46a455-56c8-91fa-0560-77e275a2328b,/p/8/576325f9e7ad4255,11,200,126567,343.021,2382.676,53120
1787812644429,dfb72c95-9df6-a302-4f7f-eb28eb530616,/p/5/c63add599f7483ef,7,200,275538,192.630,3715.763,74154
1787812636737,d9b27d91-0fa9-612c-4b18-86aa6c1a66d6,/p/2/1b72efbe00dec89b,7,200,3655590,228.220,11513.604,317502
1787812648251,d9b27d91-0fa9-612c-4b18-86aa6c1a66d6,/p/0/82337fd63e9940dd,8,200,10322,38.560,114.292,90312
1787812647866,fb058f7a-53f7-c86f-c2ee-289ac5d682aa,/?crawl=182,0,200,127531,65.465,570.031,223727
1787812638926,5da4b05c-7bb2-0b7f-fe15-0f7ec7728840,/p/0/90986485d6b27a3c,2,200,250692,776.171,9612.390,26080
1787812647073,9e0fba65-906f-29ac-85bf-db388693d2aa,/p/9/18fa721025b2da6d,1,200,195785,146.844,1595.212,122733
1787812645756,1e46a455-56c8-91fa-0560-77e275a2328b,/p/0/576324f9e7ad40a2,11,200,156635,264.406,2998.080,52245
1787812642627,9a32b0ef-c270-6f9f-10f8-32b2894067a2,/p/0/f82fd98b87d2629c,6,200,446821,338.633,6165.861,72467
1787812646454,9b756a86-8abd-2ab1-135b-50a13ba82815,/p/0/e626e08735a96522,3,200,308473,129.809,2345.868,131496
1787812647922,63a2f736-a599-8f16-6df1-716b89ede193,/p/0/dbc313c5d74693ce,12,200,126896,41.772,940.017,134993
1787812648251,d9b27d91-0fa9-612c-4b18-86aa6c1a66d6,/p/0/82337cd63e993bc4,8,200,177684,57.217,715.312,248401
1787812619307,50a6f0fa-e0b7-dd57-0c37-c9b4125c792b,/p/0/930aa65a0f03f777,1,200,5510151,291.823,29715.284,185432
1787812646438,b3a23f41-af11-6422-808e-1c535d4af12f,/p/4/2b1652fba16c9496,8,200,441005,226.698,2595.809,169891
1787812643222,a6935384-2c16-f0dc-d435-47058514eb2e,/p/0/a61d944524a4c2db,1,200,163818,694.509,5874.568,27886
1787812648251,d9b27d91-0fa9-612c-4b18-86aa6c1a66d6,/p/1/82337ed63e993f2a,8,200,166887,38.659,964.227,173079
1787812645398,5bf49a11-3401-a7a4-7d34-f0e4ab04e2d3,/p/13/a8745d91a32ca938,5,200,137986,511.402,3962.957,34819
1787812649215,d9b27d91-0fa9-612c-4b18-86aa6c1a66d6,/p/0/f9ba59017d5c864c,9,200,43113,39.744,234.300,184008
1787812629310,8e551002-bf5c-1717-e281-4fa00d9030bd,/p/1/9317bd89fa869b42,4,200,5168111,146.526,20174.708,256168
1787812645740,4cc59da5-43fd-bad1-f6e4-04780c37b1b1,/p/7/63c2e43f99b19a95,2,200,247331,1194.501,3815.741,64819
1787812646438,b3a23f41-af11-6422-808e-1c535d4af12f,/p/0/2b1650fba16c9130,8,200,467969,404.135,3254.146,143807
1787812649484,8e551002-bf5c-1717-e281-4fa00d9030bd,/p/0/1b4078a825955445,5,200,20871,210.871,247.932,84180
1787812649216,d9b27d91-0fa9-612c-4b18-86aa6c1a66d6,/p/0/f9ba5c017d5c8b65,9,200,56143,195.607,519.681,108034
1787812647922,63a2f736-a599-8f16-6df1-716b89ede193,/p/0/dbc312c5d746921b,12,200,311375,100.218,1916.934,162434
1787812649215,d9b27d91-0fa9-612c-4b18-86aa6c1a66d6,/p/0/f9ba5b017d5c89b2,9,200,131819,126.264,635.336,207479
1787812627783,fe9f5242-1dee-d8c5-2769-78aba5955fb8,/p/0/2a5d04857dc614df,13,200,3525224,576.277,22080.617,159652
1787812643069,e006d3a4-893c-ecdd-0350-87bafabb266c,/p/0/e77065ad892acb2a,9,200,227547,441.931,6857.750,33181
1787812646516,e4c8a592-ef20-dddc-e06d-c3bb2884d28d,/p/2/8a433ffda6a3e397,4,200,3833725,22.435,3477.955,1102293
1787812648436,fb058f7a-53f7-c86f-c2ee-289ac5d682aa,/p/0/e381cce5d7514cc7,1,200,85074,400.513,1602.442,53090
1787812638927,5da4b05c-7bb2-0b7f-fe15-0f7ec7728840,/p/0/90986785d6b27f55,2,200,358299,911.369,11142.092,32157
1787812647922,63a2f736-a599-8f16-6df1-716b89ede193,/p/10/dbc311c5d7469068,12,200,344642,180.515,2218.211,155369
1787812614045,e05bb7f6-272b-355e-0d2c-78db980475ad,/p/0/167bfff3eadf9c43,3,200,2596520,339.871,36112.816,71900
1787812643648,4cc59da5-43fd-bad1-f6e4-04780c37b1b1,/p/0/a47c73deaa111961,1,200,519005,57.688,6545.219,79295
1787812649866,de489acb-a1f2-3b88-37a4-73b1b11cf59c,/?crawl=185,0,200,77616,72.330,383.690,202288
1787812643660,5bf49a11-3401-a7a4-7d34-f0e4ab04e2d3,/p/0/58d19b20a18b168d,4,200,347737,368.112,6619.403,52533
1787812646702,fff1ea97-b6b4-3164-10bb-35abbc98d713,/p/6/40bf27bd6c71860,7,200,345487,367.926,3580.264,96498
1787812627437,fe9f5242-1dee-d8c5-2769-78aba5955fb8,/p/0/2a5d05857dc61692,13,200,3758434,920.039,22928.136,163922
1787812650140,63a2f736-a599-8f16-6df1-716b89ede193,/p/0/c186f6cfdbcee63c,13,200,20165,126.005,245.425,82164
1787812573553,ed44bc0f-ef2d-a9ce-7a2d-62863ae567a0,/p/0/121b135ad404f6b2,7,200,5127726,257.341,76833.668,66738
1787812645398,5bf49a11-3401-a7a4-7d34-f0e4ab04e2d3,/p/0/a8745f91a32cac9e,5,200,123367,439.550,4989.040,24728
1787812646702,fff1ea97-b6b4-3164-10bb-35abbc98d713,/p/0/40bf37bd6c71a13,7,200,415234,64.138,3747.342,110808
1787812650250,de489acb-a1f2-3b88-37a4-73b1b11cf59c,/p/4/2942cccd19806a8e,1,200,46436,68.413,274.539,169142
1787812627290,8e551002-bf5c-1717-e281-4fa00d9030bd,/p/0/b9a261302bcdd81a,3,200,5686257,111.706,23352.326,243499
1787812649866,82415893-2ab4-7ff9-5c23-674ddf0978c6,/?crawl=184,0,200,225509,58.647,899.283,250765
1787812650140,63a2f736-a599-8f16-6df1-716b89ede193,/p/0/c186f9cfdbceeb55,13,200,93407,125.933,626.850,149010
1787812626262,d3f3f40b-c3ea-f844-52ad-3f984808282f,/p/0/c759dabcb625f6ba,1,200,4515161,194.524,24672.431,183004
1787812649484,8e551002-bf5c-1717-e281-4fa00d9030bd,/p/0/1b4076a8259550df,5,200,398004,112.352,1485.217,267977
1787812650866,c49809ce-1e0b-10d9-6024-9dfc810efd11,/?crawl=188,0,200,47661,39.524,134.622,354035
1787812638151,c1f0de7f-b6b0-74a5-0ef3-ec37baba2fe8,/p/0/12b33be79009c7af,1,200,2203945,344.892,12888.386,171002
1787812626263,d3f3f40b-c3ea-f844-52ad-3f984808282f,/p/0/c759d8bcb625f354,1,200,4836885,38.859,24828.375,194813
1787812638927,5da4b05c-7bb2-0b7f-fe15-0f7ec7728840,/p/1/90986685d6b27da2,2,200,427569,836.090,12248.743,34907
1787812648145,dfb72c95-9df6-a302-4f7f-eb28eb530616,/p/0/c63adc599f74823c,7,200,410255,885.511,3077.158,133323
1787812650140,63a2f736-a599-8f16-6df1-716b89ede193,/p/9/c186f8cfdbcee9a2,13,200,286552,43.737,1125.225,254662
1787812619307,50a6f0fa-e0b7-dd57-0c37-c9b4125c792b,/p/0/930aa55a0f03f5c4,1,200,6094755,97.312,32134.155,189666
1787812649866,8c4b883f-7af1-ae8c-c101-a1f478818567,/?crawl=187,0,200,513273,73.467,1692.730,303222
1787812642866,f6f4b872-79f0-4f30-c47e-5518c872138a,/?crawl=178,0,200,515241,233.313,8704.235,59194
1787812645399,5bf49a11-3401-a7a4-7d34-f0e4ab04e2d3,/p/0/a8745e91a32caaeb,5,200,121546,475.042,6172.143,19693
1787812610240,e006d3a4-893c-ecdd-0350-87bafabb266c,/p/0/c6a05e22d877ca3c,5,200,3615620,273.495,41578.151,86960
1787812593728,ed44bc0f-ef2d-a9ce-7a2d-62863ae567a0,/p/0/85464084c55c373f,10,0,4268251,551.370,58138.347,73415
1787812584216,ed44bc0f-ef2d-a9ce-7a2d-62863ae567a0,/p/0/608f3926049a80,9,0,4664331,255.559,67650.113,68948
1787812648668,9e0fba65-906f-29ac-85bf-db388693d2aa,/p/0/a8d3b157673b71b0,2,200,148169,282.776,3221.924,45988
1787812643222,a6935384-2c16-f0dc-d435-47058514eb2e,/p/0/a61d954524a4c48e,1,200,174099,1183.077,8719.867,19966
1787812649556,4cc59da5-43fd-bad1-f6e4-04780c37b1b1,/p/6/68130e41919e6dd1,3,200,508947,432.911,2512.556,202561
1787812649556,4cc59da5-43fd-bad1-f6e4-04780c37b1b1,/p/0/68130d41919e6c1e,3,200,423829,432.852,2512.734,168672
1787812649556,4cc59da5-43fd-bad1-f6e4-04780c37b1b1,/p/0/68130c41919e6a6b,3,200,359037,401.935,2548.133,140902
1787812560851,5bf49a11-3401-a7a4-7d34-f0e4ab04e2d3,/p/0/8ea7d9918a16880b,2,200,6247375,450.159,91269.447,68450
1787812651265,63a2f736-a599-8f16-6df1-716b89ede193,/p/0/c9b28453f8e039ce,14,200,102295,103.337,926.042,110465
1787812647073,9e0fba65-906f-29ac-85bf-db388693d2aa,/p/0/18fa711025b2d8ba,1,200,486681,51.221,5250.806,92687
1787812641376,ae73129a-f067-5805-ca89-9ca050b023cd,/p/1/862bc503d15d23dc,3,200,2215236,232.574,10988.137,201603
1787812650283,fff1ea97-b6b4-3164-10bb-35abbc98d713,/p/0/5cae962114d8066c,8,200,127283,267.094,2090.914,60874
1787812643176,3210135b-09a8-2ca1-46dc-bdbd37136c45,/p/0/285fcd6a10c6593a,3,200,2221440,198.461,9369.103,237103
1787812648023,76867539-874f-9317-5aab-6d0421d2a69c,/p/0/76ec23436bec448d,1,200,413430,49.459,4545.461,90954
1787812648023,76867539-874f-9317-5aab-6d0421d2a69c,/p/1/76ec22436bec42da,1,200,354115,246.670,4545.587,77903
1787812632201,60d6c10a-b45d-5e48-b604-04773a6e6ae0,/p/0/acae9587fcd1243,1,200,2505332,253.989,20404.581,122783
1787812652069,4cc59da5-43fd-bad1-f6e4-04780c37b1b1,/p/0/d4f22e39a27af35d,4,200,49224,575.954,580.384,84813
1787812651001,c49809ce-1e0b-10d9-6024-9dfc810efd11,/p/7/6f03ccb45baf8855,1,200,222392,233.966,1689.080,131665
1787812614022,d66568bc-db56-b020-ae6e-bd870e82c002,/p/0/bcc7640ba79235cf,8,200,3533419,224.811,38678.608,91353
1787812649034,b3a23f41-af11-6422-808e-1c535d4af12f,/p/0/8a8b9018a9c5b8f2,9,200,438939,157.363,3734.182,117546
1787812651265,63a2f736-a599-8f16-6df1-716b89ede193,/p/8/c9b28253f8e03668,14,200,228163,40.427,1569.820,145343
1787812644112,c646942c-ed5a-0fb7-d9a0-14e1ac87f778,/p/10/23da9d7c82ec10d1,2,200,3915503,38.418,8770.151,446458
1787812650283,fff1ea97-b6b4-3164-10bb-35abbc98d713,/p/0/5cae992114d80b85,8,200,159253,200.020,2658.532,59903
1787812651222,dfb72c95-9df6-a302-4f7f-eb28eb530616,/p/0/c63adf599f748755,7,200,53290,372.216,1723.860,30913
1787812652069,4cc59da5-43fd-bad1-f6e4-04780c37b1b1,/p/5/d4f22d39a27af1aa,4,200,222624,576.029,903.959,246277
1787812651265,63a2f736-a599-8f16-6df1-716b89ede193,/p/0/c9b28353f8e0381b,14,200,326702,40.423,1852.300,176376
1787812649034,b3a23f41-af11-6422-808e-1c535d4af12f,/p/3/8a8b8e18a9c5b58c,9,200,495568,326.143,4123.597,120179
1787812648866,e7d3915d-16bf-ba53-2385-c6194eacdb65,/?crawl=183,0,200,247455,118.120,4511.759,54847
1787812649034,b3a23f41-af11-6422-808e-1c535d4af12f,/p/0/8a8b8f18a9c5b73f,9,200,393062,326.135,4448.316,88362
1787812648436,fb058f7a-53f7-c86f-c2ee-289ac5d682aa,/p/0/e381cee5d751502d,1,200,481254,62.892,5332.011,90258
1787812642866,19fafd0a-eb0b-5405-6877-f611ae66cc46,/?crawl=176,0,200,3048800,78.449,10935.746,278792
1787812652973,4cc59da5-43fd-bad1-f6e4-04780c37b1b1,/p/0/2dbff3df4aa58e82,5,200,22719,973.087,975.267,23295
1787812613322,cf6b0c32-d027-3b38-e2ca-a9d4c3aeba8a,/p/0/3afc0e63d40567f5,6,200,3222771,393.032,40697.879,79188
1787812647118,b65c0c64-3b12-5a25-dd6f-f7450caa3086,/p/5/1c19fffdb3c0f381,8,200,303966,365.527,6915.269,43956
1787812649994,e4c8a592-ef20-dddc-e06d-c3bb2884d28d,/p/0/2cce2a10a9ab5ef0,5,200,288516,117.802,4046.936,71292
1787812653158,b3a23f41-af11-6422-808e-1c535d4af12f,/p/0/e017614ef21da597,10,200,172564,133.841,960.794,179606
1787812647290,1e46a455-56c8-91fa-0560-77e275a2328b,/p/0/576323f9e7ad3eef,11,200,276455,318.137,6974.665,39637
1787812651559,8c4b883f-7af1-ae8c-c101-a1f478818567,/p/6/26e2211f04a7e68,1,200,288150,135.723,2745.393,104958
1787812652882,c646942c-ed5a-0fb7-d9a0-14e1ac87f778,/p/9/f61ab2767bcd2cfb,3,200,82410,393.999,1459.349,56470
1787812647073,9e0fba65-906f-29ac-85bf-db388693d2aa,/p/0/18fa701025b2d707,1,200,516513,409.971,7279.367,70956
1787812653866,4c48e9e8-5a19-c03d-3947-95518656d187,/?crawl=192,0,200,141097,51.700,521.915,270345
1787812648668,9e0fba65-906f-29ac-85bf-db388693d2aa,/p/8/a8d3b357673b7516,2,200,428078,329.338,5732.649,74674
1787812650388,5bf49a11-3401-a7a4-7d34-f0e4ab04e2d3,/p/0/8a4f280d9a63aa76,6,200,166188,629.725,4027.646,41262
1787812643222,a6935384-2c16-f0dc-d435-47058514eb2e,/p/0/a61d934524a4c128,1,200,506563,358.715,11229.552,45110
1787812652838,63a2f736-a599-8f16-6df1-716b89ede193,/p/0/5ad86081614401ef,15,200,166233,279.276,1665.065,99836
1787812652867,408306b2-68ef-a9fd-3d97-035da486e75e,/?crawl=191,0,200,447225,58.238,1645.740,271747
1787812652946,dfb72c95-9df6-a302-4f7f-eb28eb530616,/p/4/fb85772b3bbd826b,8,200,120081,164.913,1574.407,76271
1787812627866,455fa536-9bd1-c34a-d685-a2f8bbac7925,/?crawl=158,0,200,287204,3178.353,26683.377,10763
1787812648668,9e0fba65-906f-29ac-85bf-db388693d2aa,/p/0/a8d3b457673b76c9,2,200,413260,305.698,5945.858,69504
1787812652973,4cc59da5-43fd-bad1-f6e4-04780c37b1b1,/p/0/2dbff2df4aa58ccf,5,200,464051,971.605,1691.242,274385
1787812653866,4a6c49a8-b979-6363-6b9f-5b92c5c2687b,/?crawl=193,0,200,519822,28.172,1018.947,510156
1787812652364,ae73129a-f067-5805-ca89-9ca050b023cd,/p/0/1a04abeb7222b667,4,200,213340,262.360,2536.336,84113
1787812654388,4c48e9e8-5a19-c03d-3947-95518656d187,/p/0/ab3b56a6130e421d,1,200,42706,257.511,596.548,71588
1787812645740,4cc59da5-43fd-bad1-f6e4-04780c37b1b1,/p/0/63c2e23f99b1972f,2,200,4829549,1165.784,9289.213,519909
1787812642649,0cac6aae-1489-56e0-7461-86608a6b60d9,/p/0/70a15c83998d8fc1,4,200,67294,1599.767,12417.370,5419
1787812652569,76867539-874f-9317-5aab-6d0421d2a69c,/p/0/f6c98d22972828a7,2,200,116014,269.735,2515.692,46116
1787812649361,5bf49a11-3401-a7a4-7d34-f0e4ab04e2d3,/p/12/8a4f260d9a63a710,6,200,251528,847.068,6073.281,41416
1787812654401,9e0fba65-906f-29ac-85bf-db388693d2aa,/p/7/b695246034efe2a1,3,200,82484,213.238,1081.393,76276
1787812644797,1e46a455-56c8-91fa-0560-77e275a2328b,/p/0/15410adaeda94588,10,200,454096,292.002,10800.334,42045
1787812653158,b3a23f41-af11-6422-808e-1c535d4af12f,/p/2/e017634ef21da8fd,10,200,451650,123.030,2512.119,179788
1787812652838,63a2f736-a599-8f16-6df1-716b89ede193,/p/7/5ad8628161440555,15,200,390025,279.486,2846.582,137015
1787812651001,c49809ce-1e0b-10d9-6024-9dfc810efd11,/p/0/6f03cab45baf84ef,1,200,382235,39.234,4831.256,79117
1787812628015,e006d3a4-893c-ecdd-0350-87bafabb266c,/p/0/e5bb552a85aa53e2,7,200,2146669,169.766,27921.771,76882
1787812635866,c5bb65ff-e22e-415f-b69a-1a96c2e4d6b1,/?crawl=164,0,200,3691702,75.295,20185.703,182887
1787812642866,e887db64-7e3f-9785-193f-e045cbf09f14,/?crawl=175,0,200,5139232,38.486,13334.787,385400
1787812654304,8c4b883f-7af1-ae8c-c101-a1f478818567,/p/5/881919401a8fc01d,2,200,120618,276.198,1936.972,62271
1787812652882,c646942c-ed5a-0fb7-d9a0-14e1ac87f778,/p/0/f61ab4767bcd3061,3,200,334109,374.623,3405.813,98100
1787812656201,e887db64-7e3f-9785-193f-e045cbf09f14,/p/0/cb511a99d346febb,1,200,29371,34.455,87.257,336603
1787812655937,e006d3a4-893c-ecdd-0350-87bafabb266c,/p/0/6cfd6e2ee878660e,10,200,12945,201.414,357.434,36216
1787812654342,c646942c-ed5a-0fb7-d9a0-14e1ac87f778,/p/0/f0095193d3e5563f,4,200,118834,214.104,2105.300,56445
1787812652882,c646942c-ed5a-0fb7-d9a0-14e1ac87f778,/p/0/f61ab1767bcd2b48,3,200,344984,161.295,3819.318,90326
1787812652690,c49809ce-1e0b-10d9-6024-9dfc810efd11,/p/0/c9f27544f2434238,2,200,225708,1104.133,4115.389,54845
1787812651175,5da4b05c-7bb2-0b7f-fe15-0f7ec7728840,/p/0/8866256a037744e7,3,200,111040,624.213,5635.263,19704
1787812656866,984a07c8-a759-6177-8955-ffd038d5104d,/?crawl=196,0,200,39276,37.845,113.252,346801
1787812652838,63a2f736-a599-8f16-6df1-716b89ede193,/p/0/5ad86181614403a2,15,200,497114,338.353,4151.944,119730
1787812652973,4cc59da5-43fd-bad1-f6e4-04780c37b1b1,/p/4/2dbff1df4aa58b1c,5,200,2899734,973.054,4129.431,702211
1787812656866,440d284a-4e1e-ee1c-2872-92f3eb9b00c6,/?crawl=197,0,200,445972,14.696,405.319,1100299
1787812651175,5da4b05c-7bb2-0b7f-fe15-0f7ec7728840,/p/0/8866276a0377484d,3,200,289025,127.603,6099.653,47384
1787812654342,c646942c-ed5a-0fb7-d9a0-14e1ac87f778,/p/0/f0095293d3e557f2,4,200,236664,234.065,3023.144,78284
1787812654885,4a6c49a8-b979-6363-6b9f-5b92c5c2687b,/p/2/3ea5ab03a7a9367d,1,200,314614,84.321,2563.918,122708
1787812652068,4cc59da5-43fd-bad1-f6e4-04780c37b1b1,/p/0/d4f22b39a27aee44,4,200,5887083,575.947,5395.619,1091086
1787812654866,94ddeec8-4713-1ccc-0771-93b0a7c1f7b0,/?crawl=194,0,200,288264,400.066,2612.101,110357
1787812657102,4cc59da5-43fd-bad1-f6e4-04780c37b1b1,/p/3/21fa9b22a7daca01,6,200,303504,362.044,443.508,684325
1787812657102,4cc59da5-43fd-bad1-f6e4-04780c37b1b1,/p/0/21fa9922a7dac69b,6,200,296213,362.088,445.507,664889
1787812651866,aff4d4dc-1a12-25d9-4afe-e55be64bd77d,/?crawl=190,0,200,2956641,25.835,5684.076,520162
1787812640305,0cac6aae-1489-56e0-7461-86608a6b60d9,/p/0/c8f318cd38f2c9f5,3,0,133047,1608.120,17250.333,7713
1787812655482,9e0fba65-906f-29ac-85bf-db388693d2aa,/p/6/28822581901e947,4,200,34640,429.525,2088.727,16584
1787812650766,82415893-2ab4-7ff9-5c23-674ddf0978c6,/p/0/bcad212aae1b5eee,1,200,487544,334.391,6860.254,71068
1787812656979,984a07c8-a759-6177-8955-ffd038d5104d,/p/3/5d92002fc0a2681e,1,200,124483,35.804,653.654,190442
1787812655685,63a2f736-a599-8f16-6df1-716b89ede193,/p/0/90cdfa234d3a343a,16,200,165545,203.227,2027.332,81657
1787812648755,1e46a455-56c8-91fa-0560-77e275a2328b,/p/0/97c1b45ca06365e,12,200,431291,264.235,8982.612,48014
1787812607992,14083928-4f13-aa04-3e54-8c263b088cb1,/p/0/d8272a80f808f0d2,6,200,5553380,343.406,49802.009,111509
1787812656201,e887db64-7e3f-9785-193f-e045cbf09f14,/p/2/cb511c99d3470221,1,200,289898,104.037,1629.372,177920
1787812650866,419ec04a-3ac5-43e5-eb84-bca38d6ad0bc,/?crawl=189,0,200,3214937,29.548,6997.186,459461
1787812654885,4a6c49a8-b979-6363-6b9f-5b92c5c2687b,/p/0/3ea5aa03a7a934ca,1,200,361711,27.555,2985.528,121155
1787812657102,4cc59da5-43fd-bad1-f6e4-04780c37b1b1,/p/0/21fa9a22a7dac84e,6,200,517679,410.637,775.595,667461
1787812644489,548a7f9d-41e4-e529-50a4-b4a5553f5aa5,/p/0/13368ccd1344673f,8,200,3290966,27.929,13546.329,242942
1787812649484,8e551002-bf5c-1717-e281-4fa00d9030bd,/p/0/1b4077a825955292,5,200,5581125,112.213,8570.356,651213
1787812654521,dfb72c95-9df6-a302-4f7f-eb28eb530616,/p/0/fb85762b3bbd80b8,8,200,232159,205.714,3542.487,65536
1787812657831,e887db64-7e3f-9785-193f-e045cbf09f14,/p/0/df0610dd96219354,2,200,26917,192.451,333.493,80712
1787812646866,56cfadbd-66c1-9860-600b-c47552cd4177,/?crawl=180,0,200,5387518,45.365,11332.995,475383
1787812657546,4cc59da5-43fd-bad1-f6e4-04780c37b1b1,/p/2/d7f5629b99296363,7,200,167450,332.262,660.491,253524
1787812639027,60d6c10a-b45d-5e48-b604-04773a6e6ae0,/p/0/5811b63d7b9514f2,3,200,3255219,306.903,19266.096,168961
1787812658206,4cc59da5-43fd-bad1-f6e4-04780c37b1b1,/p/0/9f4a9f2d064686a3,8,200,118778,95.909,211.704,561056
1787812657449,4a6c49a8-b979-6363-6b9f-5b92c5c2687b,/p/0/bb0676b7ac6eb5a6,2,200,60506,179.879,991.312,61036
1787812654388,4c48e9e8-5a19-c03d-3947-95518656d187,/p/0/ab3b53a6130e3d04,1,200,458931,310.304,4059.675,113046
1787812657449,4a6c49a8-b979-6363-6b9f-5b92c5c2687b,/p/1/bb0677b7ac6eb759,2,200,172717,165.520,1104.493,156377
1787812658206,4cc59da5-43fd-bad1-f6e4-04780c37b1b1,/p/1/9f4aa12d06468a09,8,200,198055,96.647,353.327,560543
1787812658206,4cc59da5-43fd-bad1-f6e4-04780c37b1b1,/p/0/9f4aa02d06468856,8,200,372098,131.948,359.793,1034200
1787812657449,4a6c49a8-b979-6363-6b9f-5b92c5c2687b,/p/0/bb0675b7ac6eb3f3,2,200,126103,150.941,1152.146,109451
1787812637483,b3a23f41-af11-6422-808e-1c535d4af12f,/p/0/6f6b352ad53eaf75,4,200,3105329,112.105,21292.030,145845
1787812652569,76867539-874f-9317-5aab-6d0421d2a69c,/p/0/f6c98f2297282c0d,2,200,507123,269.776,6226.497,81446
1787812604172,b65c0c64-3b12-5a25-dd6f-f7450caa3086,/p/0/8e9c302d5c975eaf,2,200,4710751,217.231,54625.489,86237
1787812654885,4a6c49a8-b979-6363-6b9f-5b92c5c2687b,/p/0/3ea5a903a7a93317,1,200,446667,55.220,3984.499,112101
1787812653378,e7d3915d-16bf-ba53-2385-c6194eacdb65,/p/0/5017778842b656b4,1,200,143653,237.854,5659.246,25384
1787812658199,56cfadbd-66c1-9860-600b-c47552cd4177,/p/0/a5676a10087373a,1,200,278365,3.255,894.245,311285
1787812657271,440d284a-4e1e-ee1c-2872-92f3eb9b00c6,/p/0/f0fc548d553d5c7e,1,200,334489,80.232,1874.001,178489
1787812652690,c49809ce-1e0b-10d9-6024-9dfc810efd11,/p/6/c9f27644f24343eb,2,200,475670,1244.311,6509.801,73070
1787812634458,c73dac6e-70cd-a441-9567-fe760f466832,/p/0/a74ee8b02ec1d81b,2,200,2560525,1091.859,24800.065,103247
1787812651175,5da4b05c-7bb2-0b7f-fe15-0f7ec7728840,/p/0/8866246a03774334,3,200,429348,127.497,8131.738,52799
1787812658199,56cfadbd-66c1-9860-600b-c47552cd4177,/p/1/a5677a1008738ed,1,200,510546,6.588,1224.534,416931
1787812658554,4a6c49a8-b979-6363-6b9f-5b92c5c2687b,/p/0/3c55e879191aa97,3,200,175984,159.900,916.199,192081
1787812657863,419ec04a-3ac5-43e5-eb84-bca38d6ad0bc,/p/0/db997856c71493f5,1,200,316095,54.966,1680.412,188106
1787812655670,b3a23f41-af11-6422-808e-1c535d4af12f,/p/0/65e777ae8c7ed394,11,200,420660,122.335,3880.864,108393
1787812653378,e7d3915d-16bf-ba53-2385-c6194eacdb65,/p/0/5017788842b65867,1,200,137293,695.898,6244.844,21985
1787812657831,e887db64-7e3f-9785-193f-e045cbf09f14,/p/0/df0613dd9621986d,2,200,221816,174.052,1855.523,119544
1787812614022,d66568bc-db56-b020-ae6e-bd870e82c002,/p/0/bcc7630ba792341c,8,200,3731312,339.618,45673.302,81696
1787812658554,4a6c49a8-b979-6363-6b9f-5b92c5c2687b,/p/0/3c55f879191ac4a,3,200,145985,144.734,1143.562,127658
1787812657831,e887db64-7e3f-9785-193f-e045cbf09f14,/p/1/df0611dd96219507,2,200,240464,265.931,1872.264,128435
1787812657550,aff4d4dc-1a12-25d9-4afe-e55be64bd77d,/p/0/8466aceae9d857aa,1,200,499104,70.519,2212.193,225615
1787812659200,c49809ce-1e0b-10d9-6024-9dfc810efd11,/p/0/78f98f4291968d00,3,200,49858,339.300,573.173,86986
1787812657550,aff4d4dc-1a12-25d9-4afe-e55be64bd77d,/p/0/8466abeae9d855f7,1,200,485379,25.202,2222.827,218361
1787812650279,5bf49a11-3401-a7a4-7d34-f0e4ab04e2d3,/p/0/8a4f270d9a63a8c3,6,200,487220,404.116,9509.218,51237
1787812646454,9b756a86-8abd-2ab1-135b-50a13ba82815,/p/3/e626de8735a961bc,3,200,2732836,127.851,13583.324,201191
1787812649866,168b7fc3-923a-2dbb-aa94-6b747403f3df,/?crawl=186,0,200,3756059,36.444,10193.745,368467
1787812653802,19fafd0a-eb0b-5405-6877-f611ae66cc46,/p/2/11121c8115761fe8,1,200,200566,1087.440,6321.476,31728
1787812658554,4a6c49a8-b979-6363-6b9f-5b92c5c2687b,/p/0/3c560879191adfd,3,200,425113,174.171,1606.353,264645
1787812658866,4a9a9b40-5bdd-8b68-01de-b1e076285221,/?crawl=199,0,200,426936,47.416,1295.061,329665
1787812659703,e887db64-7e3f-9785-193f-e045cbf09f14,/p/0/25a3c53b40f3fb5a,3,200,21432,224.275,500.619,42811
1787812659866,e6643b89-1dd1-2310-bf50-2a904aaa6e86,/?crawl=202,0,200,10650,290.743,349.292,30490
1787812605831,cf6b0c32-d027-3b38-e2ca-a9d4c3aeba8a,/p/0/92ed57fc9caf2a3,5,200,4434608,392.112,54410.856,81502
1787812644489,548a7f9d-41e4-e529-50a4-b4a5553f5aa5,/p/0/13368bcd1344658c,8,200,4474984,27.966,15827.059,282743
1787812655670,b3a23f41-af11-6422-808e-1c535d4af12f,/p/1/65e779ae8c7ed6fa,11,200,467841,122.222,4690.646,99739
1787812643185,b3a23f41-af11-6422-808e-1c535d4af12f,/p/0/bab22e4c322a6372,7,200,2725041,160.239,17175.707,158657
1787812659703,e887db64-7e3f-9785-193f-e045cbf09f14,/p/0/25a3c43b40f3f9a7,3,200,109971,241.787,690.271,159316
1787812658798,b65c0c64-3b12-5a25-dd6f-f7450caa3086,/p/0/1c19fdfdb3c0f01b,8,200,22935,1397.136,1700.440,13488
1787812654304,8c4b883f-7af1-ae8c-c101-a1f478818567,/p/0/881917401a8fbcb7,2,200,433501,336.689,6225.827,69629
1787812613630,702b7d66-0ccc-7dff-26e7-1a1bb8b4a3ab,/p/15/cbfdb6903632e6c7,2,200,4584461,385.336,46947.734,97650
1787812658560,4cc59da5-43fd-bad1-f6e4-04780c37b1b1,/p/0/6e7dd2184e670c58,9,200,370868,1550.178,2193.031,169112
1787812656979,984a07c8-a759-6177-8955-ffd038d5104d,/p/0/5d92012fc0a269d1,1,200,311798,35.662,3854.734,80887
1787812659200,c49809ce-1e0b-10d9-6024-9dfc810efd11,/p/0/78f9924291969219,3,200,111145,281.401,1675.304,66343
1787812657571,9e0fba65-906f-29ac-85bf-db388693d2aa,/p/0/1b69f016c25214a1,5,200,39635,577.706,3362.260,11788
1787812659703,e887db64-7e3f-9785-193f-e045cbf09f14,/p/0/25a3c63b40f3fd0d,3,200,189126,241.774,1478.663,127903
1787812601820,d66568bc-db56-b020-ae6e-bd870e82c002,/p/0/580b922eb3f700f0,5,200,5149479,360.463,59442.363,86630
1787812660866,161b30d4-dbe2-5052-5dcb-0f971f676399,/?crawl=203,0,200,413781,22.548,555.101,745416
1787812656241,8c4b883f-7af1-ae8c-c101-a1f478818567,/p/0/c94a17939c61c0f3,3,200,318854,231.117,5206.783,61238
1787812657633,984a07c8-a759-6177-8955-ffd038d5104d,/p/0/72c1ae67f4512055,2,200,263472,222.685,3825.908,68865
1787812661421,161b30d4-dbe2-5052-5dcb-0f971f676399,/p/0/b9a5f79c374d8a3a,1,200,32049,19.760,59.150,541829
1787812660578,702b7d66-0ccc-7dff-26e7-1a1bb8b4a3ab,/p/0/6e5352e2f2b82555,3,200,7169,537.217,968.992,7398
1787812659200,c49809ce-1e0b-10d9-6024-9dfc810efd11,/p/5/78f9904291968eb3,3,200,205100,220.883,2387.142,85919
1787812654401,9e0fba65-906f-29ac-85bf-db388693d2aa,/p/0/b695226034efdf3b,3,200,152837,330.857,7231.725,21134
1787812660216,e6643b89-1dd1-2310-bf50-2a904aaa6e86,/p/0/263ba43ea2b2978d,1,200,66291,116.977,1426.165,46482
1787812660361,b3a23f41-af11-6422-808e-1c535d4af12f,/p/0/574036d6d9f4cd0,12,200,138462,110.384,1373.366,100819
1787812650524,de489acb-a1f2-3b88-37a4-73b1b11cf59c,/p/0/3ee04e577576503,2,200,493835,482.654,11445.274,43148
1787812650524,de489acb-a1f2-3b88-37a4-73b1b11cf59c,/p/0/3ee05e5775766b6,2,200,512783,345.225,11446.635,44798
1787812661421,161b30d4-dbe2-5052-5dcb-0f971f676399,/p/0/b9a5f69c374d8887,1,200,187164,69.237,596.746,313641
1787812612743,14083928-4f13-aa04-3e54-8c263b088cb1,/p/0/9f1008bd28cfdb2a,8,200,6139747,340.235,49372.162,124356
1787812655435,5bf49a11-3401-a7a4-7d34-f0e4ab04e2d3,/p/0/f23364f5078b4fd0,7,200,269053,370.952,6710.664,40093
1787812657571,9e0fba65-906f-29ac-85bf-db388693d2aa,/p/5/1b69ef16c25212ee,5,200,117228,430.754,4668.223,25112
1787812660361,b3a23f41-af11-6422-808e-1c535d4af12f,/p/0/574066d6d9f51e9,12,200,290957,143.714,1880.508,154723
1787812660037,9b756a86-8abd-2ab1-135b-50a13ba82815,/p/0/862afe4a0621dc67,4,200,203839,224.272,2220.626,91793
1787812661866,a3113622-153a-4853-9f4b-e682800ffcd5,/?crawl=204,0,200,223413,30.824,448.428,498213
1787812656979,984a07c8-a759-6177-8955-ffd038d5104d,/p/0/5d91fe2fc0a264b8,1,200,360194,184.090,5341.853,67429
1787812656241,8c4b883f-7af1-ae8c-c101-a1f478818567,/p/4/c94a16939c61bf40,3,200,421194,308.005,6112.848,68903
1787812662315,a3113622-153a-4853-9f4b-e682800ffcd5,/p/14/b1bda30d2710d168,1,200,22042,27.277,69.254,318276
1787812657633,984a07c8-a759-6177-8955-ffd038d5104d,/p/2/72c1ad67f4511ea2,2,200,276278,186.421,4763.335,58001
1787812660933,9e0fba65-906f-29ac-85bf-db388693d2aa,/p/0/1b69ed16c2520f88,5,200,93157,341.183,1478.346,63014
1787812624764,108c8b66-9697-13f3-c04b-5ad9afcac289,/p/0/f17ccd7c51bbf68d,4,200,4955569,81.725,37675.858,131532
1787812645402,f3b91457-307d-d26c-a23a-f070dcbd30a4,/p/2/d87468923e0924b6,5,200,2523493,172.788,17053.118,147978
1787812598708,0c39296c-9d09-a3b9-cfb4-8e11142eafe6,/p/0/1fa891c4ad57997f,3,200,5220363,5119.976,63945.709,81637
1787812660038,9b756a86-8abd-2ab1-135b-50a13ba82815,/p/2/862b004a0621dfcd,4,200,297323,207.381,2692.601,110422
1787812661866,553b9ccc-860b-52b9-85ef-0d28103041fa,/?crawl=206,0,200,237882,75.172,871.601,272925
1787812633674,c73dac6e-70cd-a441-9567-fe760f466832,/p/0/319f9413a902fe69,1,200,3137680,68.124,29202.030,107447
1787812615360,0c39296c-9d09-a3b9-cfb4-8e11142eafe6,/p/0/21605f5ae5bd28a3,8,200,3187539,359.289,47636.439,66914
1787812660578,702b7d66-0ccc-7dff-26e7-1a1bb8b4a3ab,/p/14/6e5351e2f2b823a2,3,200,148728,390.769,2470.449,60203
1787812632035,3952e698-9ec0-461c-370f-3bcdd2b0f130,/p/3/c509e8713d9df2c9,1,200,6222920,347.815,31013.394,200653
1787812662730,9b756a86-8abd-2ab1-135b-50a13ba82815,/p/0/5d3f30dd4389bdbd,5,200,46530,233.229,453.308,102645
1787812660361,b3a23f41-af11-6422-808e-1c535d4af12f,/p/0/574046d6d9f4e83,12,200,433590,122.292,2838.945,152729
1787812653802,19fafd0a-eb0b-5405-6877-f611ae66cc46,/p/0/11121e811576234e,1,200,342639,215.332,9476.450,36157
1787812658560,4cc59da5-43fd-bad1-f6e4-04780c37b1b1,/p/0/6e7dd5184e671171,9,200,354176,1550.061,4768.849,74269
1787812660038,9b756a86-8abd-2ab1-135b-50a13ba82815,/p/0/862aff4a0621de1a,4,200,308931,325.261,3362.060,91887
1787812655482,9e0fba65-906f-29ac-85bf-db388693d2aa,/p/0/28821581901e794,4,200,287456,454.436,7920.980,36290
1787812662455,f3b91457-307d-d26c-a23a-f070dcbd30a4,/p/1/ec7499449b43907e,6,200,73335,187.243,1101.285,66590
1787812662396,984a07c8-a759-6177-8955-ffd038d5104d,/p/0/249600507aaf7aa0,3,200,96855,262.116,1251.141,77413
1787812662738,553b9ccc-860b-52b9-85ef-0d28103041fa,/p/11/d8924dc85046bd8e,1,200,175772,26.179,1020.736,172201
1787812645401,f3b91457-307d-d26c-a23a-f070dcbd30a4,/p/0/d87466923e092150,5,200,2615237,135.567,18381.286,142277
1787812645402,f3b91457-307d-d26c-a23a-f070dcbd30a4,/p/0/d87469923e092669,5,200,2395276,172.801,18499.182,129480
1787812661587,c49809ce-1e0b-10d9-6024-9dfc810efd11,/p/0/b4fed135d89341d4,4,200,112142,275.430,2375.028,47217
1787812663867,ed42c88f-4aa9-7d0f-7e68-53c544c4dfb3,/?crawl=207,0,200,282738,15.082,142.999,1977201
1787812662738,553b9ccc-860b-52b9-85ef-0d28103041fa,/p/0/d8924ec85046bf41,1,200,297333,26.124,1293.385,229888
1787812663783,f3b91457-307d-d26c-a23a-f070dcbd30a4,/p/0/27b1889c98cc4803,7,200,12935,198.483,307.672,42042
1787812662997,0c39296c-9d09-a3b9-cfb4-8e11142eafe6,/p/0/3138d1137acc62a0,12,200,493149,88.392,1094.340,450636
1787812661587,c49809ce-1e0b-10d9-6024-9dfc810efd11,/p/0/b4fed435d89346ed,4,200,300135,351.166,2506.315,119752
1787812657271,440d284a-4e1e-ee1c-2872-92f3eb9b00c6,/p/0/f0fc538d553d5acb,1,200,3217428,14.823,7014.797,458663
1787812621830,0c39296c-9d09-a3b9-cfb4-8e11142eafe6,/p/0/5c8f3ec91cbc70aa,9,200,4130063,341.711,42542.295,97081
1787812658560,4cc59da5-43fd-bad1-f6e4-04780c37b1b1,/p/0/6e7dd4184e670fbe,9,200,474410,1554.384,5898.808,80425
1787812663049,3952e698-9ec0-461c-370f-3bcdd2b0f130,/p/2/873fbb14e023c1dc,2,200,42073,179.755,1592.543,26419
1787812657478,94ddeec8-4713-1ccc-0771-93b0a7c1f7b0,/p/0/36bd5674976c7dab,1,200,248230,286.498,7190.409,34522
1787812653802,19fafd0a-eb0b-5405-6877-f611ae66cc46,/p/0/11121d811576219b,1,200,439276,215.359,10869.443,40414
1787812664091,0c39296c-9d09-a3b9-cfb4-8e11142eafe6,/p/0/3138d4137acc67b9,12,200,440923,240.480,619.402,711853
1787812657546,4cc59da5-43fd-bad1-f6e4-04780c37b1b1,/p/0/d7f5619b992961b0,7,200,2776278,332.139,7254.133,382717
1787812633376,e006d3a4-893c-ecdd-0350-87bafabb266c,/p/0/515590e12dfb0c5b,8,200,2806259,168.769,31485.171,89130
1787812664866,b93bd898-c1c5-1dfb-d880-2d01ea6e3184,/?crawl=209,0,200,27068,20.126,39.935,677800
1787812663867,452971bf-e875-1435-2f47-7f6c6fe20dea,/?crawl=208,0,200,213938,78.619,1116.338,191643
1787812662396,984a07c8-a759-6177-8955-ffd038d5104d,/p/0/249603507aaf7fb9,3,200,261251,280.397,2603.965,100328
1787812662730,9b756a86-8abd-2ab1-135b-50a13ba82815,/p/0/5d3f2ddd4389b8a4,5,200,363585,250.556,2340.503,155345
1787812663901,f3b91457-307d-d26c-a23a-f070dcbd30a4,/p/0/27b1899c98cc49b6,7,200,111206,181.257,1196.880,92913
1787812660215,e6643b89-1dd1-2310-bf50-2a904aaa6e86,/p/1/263ba33ea2b295da,1,200,377781,174.518,4954.094,76256
1787812663556,f3b91457-307d-d26c-a23a-f070dcbd30a4,/p/0/27b1879c98cc4650,7,200,113990,254.571,1635.056,69716
1787812650250,de489acb-a1f2-3b88-37a4-73b1b11cf59c,/p/0/2942cacd19806728,1,200,2446525,274.594,15033.675,162736
1787812650250,de489acb-a1f2-3b88-37a4-73b1b11cf59c,/p/0/2942cdcd19806c41,1,200,3293641,342.319,15069.521,218563
1787812653378,e7d3915d-16bf-ba53-2385-c6194eacdb65,/p/0/5017798842b65a1a,1,200,426067,237.780,12025.628,35430
1787812662315,a3113622-153a-4853-9f4b-e682800ffcd5,/p/0/b1bda40d2710d31b,1,200,162802,111.650,3103.327,52460
1787812664010,ed42c88f-4aa9-7d0f-7e68-53c544c4dfb3,/p/1/6bfca325e4e1b3a1,1,200,237577,16.707,1410.548,168429
1787812663048,702b7d66-0ccc-7dff-26e7-1a1bb8b4a3ab,/p/13/180397b70d0e547a,4,200,102784,355.026,2380.446,43178
1787812662730,9b756a86-8abd-2ab1-135b-50a13ba82815,/p/1/5d3f2fdd4389bc0a,5,200,360277,200.219,2710.571,132916
1787812662738,553b9ccc-860b-52b9-85ef-0d28103041fa,/p/0/d8924bc85046ba28,1,200,377176,132.941,2727.022,138311
1787812660124,19fafd0a-eb0b-5405-6877-f611ae66cc46,/p/1/be34ed34aac50676,2,200,174110,365.865,5386.128,32326
1787812665420,ed42c88f-4aa9-7d0f-7e68-53c544c4dfb3,/p/0/ad5cca95490cb63c,2,200,43149,42.628,146.380,294774
1787812663759,553b9ccc-860b-52b9-85ef-0d28103041fa,/p/10/79259cb377aae8cf,2,200,207306,166.980,1881.880,110159
1787812607830,0c39296c-9d09-a3b9-cfb4-8e11142eafe6,/p/0/43b246149ab52d0,5,200,5852853,267.255,57858.741,101158
1787812621797,5dc1e98b-e944-26bb-e977-30c41b3bf4a0,/p/0/4dec8c527a592456,4,200,2631079,438.612,43947.076,59869
1787812644143,f3b91457-307d-d26c-a23a-f070dcbd30a4,/p/0/58cd6bcdf9f7a850,4,200,2817762,25.574,21680.110,129970
1787812642649,0cac6aae-1489-56e0-7461-86608a6b60d9,/p/8/70a15b83998d8e0e,4,0,130889,1890.123,23217.437,5638
1787812642649,0cac6aae-1489-56e0-7461-86608a6b60d9,/p/0/70a15983998d8aa8,4,0,179587,4831.653,23217.639,7735
1787812622028,0cac6aae-1489-56e0-7461-86608a6b60d9,/p/0/ecdaf06a234cf353,2,0,457451,11.814,43838.293,10435
1787812640305,0cac6aae-1489-56e0-7461-86608a6b60d9,/p/0/c8f315cd38f2c4dc,3,0,196488,1754.623,25561.409,7687
1787812628476,0c39296c-9d09-a3b9-cfb4-8e11142eafe6,/p/0/b13cad9653d59b39,10,200,4682438,314.422,37423.027,125122
1787812654388,4c48e9e8-5a19-c03d-3947-95518656d187,/p/3/ab3b55a6130e406a,1,200,4923101,52.860,11512.205,427642
1787812665867,e74dc3e9-9b81-1c67-b868-f59eb1ef8038,/?crawl=214,0,200,14402,23.385,34.033,423179
1787812662455,f3b91457-307d-d26c-a23a-f070dcbd30a4,/p/0/ec749a449b439231,6,200,312200,173.712,3447.211,90566
1787812665866,1ff3bcd1-0da7-cd02-1374-522545639cba,/?crawl=215,0,200,20222,21.004,39.619,510406
1787812660498,b65c0c64-3b12-5a25-dd6f-f7450caa3086,/p/4/c5d12a7b74a66bee,9,200,179842,239.675,5445.181,33028
1787812660124,19fafd0a-eb0b-5405-6877-f611ae66cc46,/p/0/be34ee34aac50829,2,200,297798,403.745,5845.576,50944
1787812662653,0c39296c-9d09-a3b9-cfb4-8e11142eafe6,/p/2/3138d2137acc6453,12,200,2859990,405.048,3327.929,859390
1787812665641,553b9ccc-860b-52b9-85ef-0d28103041fa,/p/0/86719b59e5398849,3,200,6492,303.336,345.689,18780
1787812661587,c49809ce-1e0b-10d9-6024-9dfc810efd11,/p/4/b4fed335d893453a,4,200,381148,275.461,4517.313,84375
1787812663759,553b9ccc-860b-52b9-85ef-0d28103041fa,/p/0/79259eb377aaec35,2,200,345000,141.851,2413.804,142928
1787812665906,1ff3bcd1-0da7-cd02-1374-522545639cba,/p/0/ef186c9b5ba9b831,1,200,26035,110.334,266.428,97719
1787812665981,0c39296c-9d09-a3b9-cfb4-8e11142eafe6,/p/0/34baebaf1ae743e2,13,200,258617,20.085,203.961,1267971
1787812665981,0c39296c-9d09-a3b9-cfb4-8e11142eafe6,/p/0/34baeaaf1ae7422f,13,200,180705,21.081,260.304,694208
1787812665981,0c39296c-9d09-a3b9-cfb4-8e11142eafe6,/p/1/34bae9af1ae7407c,13,200,299114,20.115,319.460,936312
1787812665901,e74dc3e9-9b81-1c67-b868-f59eb1ef8038,/p/0/8282bef8f044a92b,1,200,90740,59.234,415.959,218147
1787812666301,0c39296c-9d09-a3b9-cfb4-8e11142eafe6,/p/0/27589bd088b615e5,14,200,36897,23.372,38.839,949991
1787812666301,0c39296c-9d09-a3b9-cfb4-8e11142eafe6,/p/0/27589ad088b61432,14,200,67500,21.870,78.553,859295
1787812665906,1ff3bcd1-0da7-cd02-1374-522545639cba,/p/0/ef18699b5ba9b318,1,200,238074,14.871,582.664,408596
1787812666301,0c39296c-9d09-a3b9-cfb4-8e11142eafe6,/p/0/275899d088b6127f,14,200,391090,23.663,240.961,1623042
1787812665901,e74dc3e9-9b81-1c67-b868-f59eb1ef8038,/p/0/8282bff8f044aade,1,200,224371,40.883,668.490,335639
1787812665510,19fafd0a-eb0b-5405-6877-f611ae66cc46,/p/0/3654663f0a044d70,3,200,13965,383.254,1072.221,13024
1787812665906,1ff3bcd1-0da7-cd02-1374-522545639cba,/p/11/ef186b9b5ba9b67e,1,200,411022,102.618,700.348,586883
1787812657271,440d284a-4e1e-ee1c-2872-92f3eb9b00c6,/p/11/f0fc558d553d5e31,1,200,5743570,70.207,9383.356,612102
1787812661421,161b30d4-dbe2-5052-5dcb-0f971f676399,/p/0/b9a5f89c374d8bed,1,200,3879999,59.126,5243.514,739962
1787812655670,b3a23f41-af11-6422-808e-1c535d4af12f,/p/0/65e77aae8c7ed8ad,11,200,2142551,178.324,11025.173,194333
1787812660124,19fafd0a-eb0b-5405-6877-f611ae66cc46,/p/0/be34eb34aac50310,2,200,294562,441.752,6573.975,44807
1787812643978,0c39296c-9d09-a3b9-cfb4-8e11142eafe6,/p/0/82e91e90f329c000,11,200,6267880,265.070,22791.496,275010
1787812666104,c49809ce-1e0b-10d9-6024-9dfc810efd11,/p/0/2d767ea02dc897d4,5,200,30849,218.552,668.146,46171
1787812665901,4c48e9e8-5a19-c03d-3947-95518656d187,/p/2/68d498f15b0ef029,2,200,94284,1.766,891.916,105710
1787812665901,4c48e9e8-5a19-c03d-3947-95518656d187,/p/0/68d497f15b0eee76,2,200,138112,2.779,893.819,154519
1787812665641,553b9ccc-860b-52b9-85ef-0d28103041fa,/p/9/86719a59e5398696,3,200,199086,211.750,1185.393,167949
1787812663759,553b9ccc-860b-52b9-85ef-0d28103041fa,/p/0/79259bb377aae71c,2,200,364691,262.449,3110.836,117232
1787812654866,4e7fcad3-e4b7-ed53-7182-51c2cf84d8e9,/?crawl=195,0,200,5058109,34.456,12040.361,420096
1787812662384,a3113622-153a-4853-9f4b-e682800ffcd5,/p/0/4b1339b75494c30b,2,200,378069,182.339,4526.603,83522
1787812665901,e74dc3e9-9b81-1c67-b868-f59eb1ef8038,/p/6/8282c0f8f044ac91,1,200,462421,22.486,1021.971,452479
1787812636979,8e7a01ec-a46f-8fd1-cdff-5aa0b89c8aab,/p/9/58743dced238e8dc,1,200,5243881,315.041,29962.750,175013
1787812660530,8c4b883f-7af1-ae8c-c101-a1f478818567,/p/0/c94a18939c61c2a6,3,200,473376,238.834,6436.078,73550
1787812666104,c49809ce-1e0b-10d9-6024-9dfc810efd11,/p/3/2d7680a02dc89b3a,5,200,71016,199.938,880.596,80645
1787812666941,8e7a01ec-a46f-8fd1-cdff-5aa0b89c8aab,/p/0/445c83b5f9079438,2,200,26110,72.894,183.659,142166
1787812666655,440d284a-4e1e-ee1c-2872-92f3eb9b00c6,/p/10/ffb9665fbf5cc559,2,200,153653,69.253,509.620,301505
1787812666907,4e7fcad3-e4b7-ed53-7182-51c2cf84d8e9,/p/4/ca27aad22c07720b,1,200,61336,31.913,306.814,199913
1787812662384,a3113622-153a-4853-9f4b-e682800ffcd5,/p/13/4b1338b75494c158,2,200,522736,138.628,4961.835,105351
1787812665441,9b756a86-8abd-2ab1-135b-50a13ba82815,/p/0/fff7e3977abfd95f,6,200,250427,204.625,1927.910,129896
1787812664983,452971bf-e875-1435-2f47-7f6c6fe20dea,/p/0/64144e96d4a4facf,1,200,138708,399.282,2404.140,57695
1787812646454,9b756a86-8abd-2ab1-135b-50a13ba82815,/p/0/e626df8735a9636f,3,200,3561480,178.020,20980.566,169751
1787812666607,1ff3bcd1-0da7-cd02-1374-522545639cba,/p/10/30ee489bfc829899,2,200,244671,31.823,857.210,285427
1787812666923,e74dc3e9-9b81-1c67-b868-f59eb1ef8038,/p/0/a4fec5c3164f802f,2,200,156105,67.300,626.875,249021
1787812667464,1ff3bcd1-0da7-cd02-1374-522545639cba,/p/0/fb04bc0f476155fa,3,200,5772,135.761,144.782,39867
1787812667164,440d284a-4e1e-ee1c-2872-92f3eb9b00c6,/p/0/16de26a531d0f052,3,200,81316,96.832,505.634,160820
1787812666655,440d284a-4e1e-ee1c-2872-92f3eb9b00c6,/p/0/ffb9645fbf5cc1f3,2,200,419476,13.893,1190.285,352416
1787812666607,1ff3bcd1-0da7-cd02-1374-522545639cba,/p/0/30ee479bfc8296e6,2,200,451194,15.156,1257.546,358789
1787812667213,4e7fcad3-e4b7-ed53-7182-51c2cf84d8e9,/p/0/d3ca052e213ac487,2,200,53008,159.222,675.756,78443
1787812666985,c49809ce-1e0b-10d9-6024-9dfc810efd11,/p/0/4db6cdf3e4b8f756,6,200,116533,253.210,1056.487,110302
1787812666826,553b9ccc-860b-52b9-85ef-0d28103041fa,/p/8/f1980268211e0f43,4,200,161817,134.477,1247.835,129678
1787812666655,440d284a-4e1e-ee1c-2872-92f3eb9b00c6,/p/0/ffb9655fbf5cc3a6,2,200,465227,103.896,1458.609,318953
1787812665170,e6643b89-1dd1-2310-bf50-2a904aaa6e86,/p/0/10c0d0b351bd2596,2,200,136427,351.537,2969.429,45944
1787812666907,4e7fcad3-e4b7-ed53-7182-51c2cf84d8e9,/p/0/ca27acd22c077571,1,200,138476,129.026,1255.507,110295
1787812666907,4e7fcad3-e4b7-ed53-7182-51c2cf84d8e9,/p/0/ca27a9d22c077058,1,200,88735,31.825,1255.457,70679
1787812634458,c73dac6e-70cd-a441-9567-fe760f466832,/p/0/a74ee9b02ec1d9ce,2,200,5256822,1109.390,33705.847,155962
1787812666607,1ff3bcd1-0da7-cd02-1374-522545639cba,/p/0/30ee469bfc829533,2,200,514784,46.416,1586.086,324563
1787812666793,4c48e9e8-5a19-c03d-3947-95518656d187,/p/1/a8babf0788415964,3,200,332722,693.612,1446.454,230026
1787812666792,4c48e9e8-5a19-c03d-3947-95518656d187,/p/0/a8bac10788415cca,3,200,198304,693.470,1447.769,136972
1787812666793,4c48e9e8-5a19-c03d-3947-95518656d187,/p/0/a8bac00788415b17,3,200,357842,693.242,1451.674,246503
1787812667164,440d284a-4e1e-ee1c-2872-92f3eb9b00c6,/p/0/16de25a531d0ee9f,3,200,342357,81.765,1111.713,307955
1787812667164,440d284a-4e1e-ee1c-2872-92f3eb9b00c6,/p/9/16de24a531d0ecec,3,200,483194,68.849,1230.270,392754
1787812665641,553b9ccc-860b-52b9-85ef-0d28103041fa,/p/0/86719859e5398330,3,200,427929,141.038,2817.096,151904
1787812648023,76867539-874f-9317-5aab-6d0421d2a69c,/p/0/76ec20436bec3f74,1,200,4270108,397.714,20509.268,208204
1787812657550,aff4d4dc-1a12-25d9-4afe-e55be64bd77d,/p/0/8466aaeae9d85444,1,200,5894219,25.285,11081.269,531908
1787812634458,c73dac6e-70cd-a441-9567-fe760f466832,/p/5/a74eeab02ec1db81,2,200,6200188,1091.840,34194.842,181319
1787812668653,c73dac6e-70cd-a441-9567-fe760f466832,/p/0/8b903d4fbaed9602,3,200,110268,4.179,84.067,1311674
1787812653158,b3a23f41-af11-6422-808e-1c535d4af12f,/p/0/e017624ef21da74a,10,200,4022717,122.888,15651.263,257022
1787812665441,9b756a86-8abd-2ab1-135b-50a13ba82815,/p/0/fff7e2977abfd7ac,6,200,478790,255.267,3380.217,141645
1787812668653,c73dac6e-70cd-a441-9567-fe760f466832,/p/4/8b903e4fbaed97b5,3,200,96632,4.139,200.350,482316
1787812667214,4e7fcad3-e4b7-ed53-7182-51c2cf84d8e9,/p/3/d3ca072e213ac7ed,2,200,299589,208.733,1651.524,181401
1787812662239,9e0fba65-906f-29ac-85bf-db388693d2aa,/p/4/105a0f194b8be8d3,6,200,87500,700.287,6656.040,13146
1787812652569,76867539-874f-9317-5aab-6d0421d2a69c,/p/0/f6c98c22972826f4,2,200,4832301,269.662,16363.273,295314
1787812662412,9e0fba65-906f-29ac-85bf-db388693d2aa,/p/0/105a11194b8bec39,6,200,117101,550.785,6601.149,17739
1787812665866,0749ca82-1e65-8f0a-ba8a-b79b9d25deac,/?crawl=213,0,200,291189,175.348,3165.194,91997
1787812668395,440d284a-4e1e-ee1c-2872-92f3eb9b00c6,/p/0/6a828bf4f9af7a51,4,200,297887,46.841,711.626,418601
1787812629635,dfb72c95-9df6-a302-4f7f-eb28eb530616,/p/0/9e353cb6146804f0,1,200,3995281,29.394,39547.739,101024
1787812666941,8e7a01ec-a46f-8fd1-cdff-5aa0b89c8aab,/p/8/445c85b5f907979e,2,200,219541,183.652,2247.821,97668
1787812631570,9a32b0ef-c270-6f9f-10f8-32b2894067a2,/p/0/44f96162106b9d5e,3,200,4044512,41.985,37680.021,107338
1787812608805,e05bb7f6-272b-355e-0d2c-78db980475ad,/p/0/468abfab63d7aa28,1,200,6267898,317.910,60612.171,103410
1787812668653,c73dac6e-70cd-a441-9567-fe760f466832,/p/0/8b903c4fbaed944f,3,200,332896,4.897,813.180,409376
1787812659866,34b69e21-870e-7b51-cd5c-c6d7ebc990e9,/?crawl=201,0,200,2176628,61.216,9632.410,225969
1787812668395,440d284a-4e1e-ee1c-2872-92f3eb9b00c6,/p/0/6a8288f4f9af7538,4,200,410560,12.443,1104.181,371823
1787812611950,e05bb7f6-272b-355e-0d2c-78db980475ad,/p/0/1651026c310ace50,2,200,4802640,304.454,57612.212,83361
1787812668853,c73dac6e-70cd-a441-9567-fe760f466832,/p/0/b7fb0386a72cad28,4,200,85171,613.141,721.430,118059
1787812650283,fff1ea97-b6b4-3164-10bb-35abbc98d713,/p/5/5cae972114d8081f,8,200,3756084,332.443,19310.452,194510
1787812662455,f3b91457-307d-d26c-a23a-f070dcbd30a4,/p/0/ec7497449b438d18,6,200,2538538,147.462,7144.842,355297
1787812667214,4e7fcad3-e4b7-ed53-7182-51c2cf84d8e9,/p/0/d3ca062e213ac63a,2,200,455903,224.739,2411.511,189053
1787812664983,452971bf-e875-1435-2f47-7f6c6fe20dea,/p/0/64144d96d4a4f91c,1,200,465347,106.976,4755.102,97863
1787812637009,dfb72c95-9df6-a302-4f7f-eb28eb530616,/p/0/b8ca031cfdc1e8b8,4,200,3490617,163.306,32768.085,106525
1787812668853,c73dac6e-70cd-a441-9567-fe760f466832,/p/0/b7fb0686a72cb241,4,200,191564,613.366,977.740,195925
1787812668853,c73dac6e-70cd-a441-9567-fe760f466832,/p/3/b7fb0486a72caedb,4,200,375660,612.776,980.453,383149
1787812652364,ae73129a-f067-5805-ca89-9ca050b023cd,/p/0/1a04adeb7222b9cd,4,200,2533307,232.569,17481.898,144910
1787812667346,a3113622-153a-4853-9f4b-e682800ffcd5,/p/0/855582c00ea51a0a,3,200,285828,313.745,2633.648,108529
1787812666941,8e7a01ec-a46f-8fd1-cdff-5aa0b89c8aab,/p/0/445c86b5f9079951,2,200,278482,216.951,3083.475,90314
1787812637565,e006d3a4-893c-ecdd-0350-87bafabb266c,/p/0/e77064ad892ac977,9,200,3117755,170.074,32485.993,95972
1787812668074,553b9ccc-860b-52b9-85ef-0d28103041fa,/p/0/ea853e3181d50eac,5,200,204692,149.009,2001.505,102269
1787812668865,4e7fcad3-e4b7-ed53-7182-51c2cf84d8e9,/p/0/fa89e2b072aea119,3,200,123765,307.935,1213.309,102006
1787812664983,452971bf-e875-1435-2f47-7f6c6fe20dea,/p/0/64144f96d4a4fc82,1,200,398004,69.254,5096.960,78087
1787812669834,c73dac6e-70cd-a441-9567-fe760f466832,/p/0/6081163806b4bba1,5,200,113102,3.294,430.647,262633
1787812664641,3952e698-9ec0-461c-370f-3bcdd2b0f130,/p/1/c40bc346897c43df,3,200,180569,680.780,5639.908,32016
1787812611950,e05bb7f6-272b-355e-0d2c-78db980475ad,/p/0/1651056c310ad369,2,200,4895960,254.958,58388.335,83852
1787812624942,1e46a455-56c8-91fa-0560-77e275a2328b,/p/0/bda82005ef4c71e1,6,200,3133918,375.156,45483.418,68902
1787812669183,dfb72c95-9df6-a302-4f7f-eb28eb530616,/p/3/6ad34672b0c88fdf,9,200,131934,147.160,1258.953,104797
1787812668074,553b9ccc-860b-52b9-85ef-0d28103041fa,/p/0/ea85413181d513c5,5,200,275472,148.939,2458.238,112061
1787812656201,e887db64-7e3f-9785-193f-e045cbf09f14,/p/0/cb511b99d347006e,1,200,4718483,173.748,14416.595,327295
1787812666966,8c4b883f-7af1-ae8c-c101-a1f478818567,/p/0/42a807d9f4234d34,4,200,185072,258.787,3657.375,50602
1787812665421,ed42c88f-4aa9-7d0f-7e68-53c544c4dfb3,/p/0/ad5ccd95490cbb55,2,200,3150487,30.627,5259.285,599033
1787812666826,553b9ccc-860b-52b9-85ef-0d28103041fa,/p/0/f1980168211e0d90,4,200,417474,134.787,3952.327,105627
1787812667346,a3113622-153a-4853-9f4b-e682800ffcd5,/p/12/855580c00ea516a4,3,200,240933,186.646,3437.115,70097
1787812669191,8e7a01ec-a46f-8fd1-cdff-5aa0b89c8aab,/p/7/4fc4b0fd76900877,3,200,47175,646.557,1625.278,29026
1787812650524,de489acb-a1f2-3b88-37a4-73b1b11cf59c,/p/3/3ee06e577576869,2,200,4643417,657.406,20320.861,228505
1787812665943,b65c0c64-3b12-5a25-dd6f-f7450caa3086,/p/0/c5d12b7b74a66da1,9,200,187446,218.261,4970.786,37710
1787812664010,ed42c88f-4aa9-7d0f-7e68-53c544c4dfb3,/p/0/6bfca225e4e1b1ee,1,200,3738207,55.216,6935.809,538972
1787812669499,34b69e21-870e-7b51-cd5c-c6d7ebc990e9,/p/0/92d14fe10e17a32d,1,200,209635,60.785,1486.177,141057
1787812669499,34b69e21-870e-7b51-cd5c-c6d7ebc990e9,/p/1/92d14de10e179fc7,1,200,161888,354.830,1486.529,108903
1787812668074,553b9ccc-860b-52b9-85ef-0d28103041fa,/p/7/ea853f3181d5105f,5,200,346004,148.996,2937.522,117788
1787812669191,8e7a01ec-a46f-8fd1-cdff-5aa0b89c8aab,/p/0/4fc4affd769006c4,3,200,142041,431.384,1917.008,74095
1787812659866,3e340235-a476-afef-4a40-4f38df10a537,/?crawl=200,0,200,5861370,33.582,11271.450,520019
1787812665170,e6643b89-1dd1-2310-bf50-2a904aaa6e86,/p/0/10c0d1b351bd2749,2,200,393220,388.671,5995.862,65582
1787812641376,ae73129a-f067-5805-ca89-9ca050b023cd,/p/0/862bc703d15d2742,3,200,4849826,181.686,29824.669,162611
1787812668865,4e7fcad3-e4b7-ed53-7182-51c2cf84d8e9,/p/0/fa89dfb072ae9c00,3,200,319643,351.769,2339.291,136641
1787812668865,4e7fcad3-e4b7-ed53-7182-51c2cf84d8e9,/p/2/fa89e0b072ae9db3,3,200,435336,404.786,2416.934,180119
1787812661867,9fdb75b2-e53e-03fe-6b2c-ae349e1d4f9c,/?crawl=205,0,200,4183086,72.616,9443.769,442947
1787812635415,b65c0c64-3b12-5a25-dd6f-f7450caa3086,/p/0/26e84fc6c3f2bdb4,7,200,3706799,242.036,35901.904,103248
1787812670845,de489acb-a1f2-3b88-37a4-73b1b11cf59c,/p/2/f8274b38100ec156,3,200,90996,70.174,508.069,179102
1787812667346,a3113622-153a-4853-9f4b-e682800ffcd5,/p/0/855581c00ea51857,3,200,412834,227.169,4081.706,101143
1787812663049,3952e698-9ec0-461c-370f-3bcdd2b0f130,/p/0/873fbc14e023c38f,2,200,211710,593.344,8495.363,24921
1787812664010,ed42c88f-4aa9-7d0f-7e68-53c544c4dfb3,/p/0/6bfca125e4e1b03b,1,200,4920769,17.388,7592.302,648126
1787812668239,4c48e9e8-5a19-c03d-3947-95518656d187,/p/0/2ddec2d9f16f0c2b,4,200,209847,3371.163,3378.157,62119
1787812664866,63feb0eb-2564-8058-5024-1e4cb93e9190,/?crawl=211,0,200,2111228,51.452,6988.784,302088
1787812671866,3281b132-3631-e78d-6f4e-faac523fc3a0,/?crawl=218,0,200,20593,35.661,72.147,285430
1787812668896,9e0fba65-906f-29ac-85bf-db388693d2aa,/p/3/2a7011edc3404d64,7,200,79184,389.759,3075.698,25745
1787812670783,a3113622-153a-4853-9f4b-e682800ffcd5,/p/11/6b792fd20db41653,4,200,116384,159.909,1307.904,88985
1787812670985,34b69e21-870e-7b51-cd5c-c6d7ebc990e9,/p/0/b8a9e0e6c096e70c,2,200,118361,806.849,1121.617,105527
1787812670986,34b69e21-870e-7b51-cd5c-c6d7ebc990e9,/p/0/b8a9e3e6c096ec25,2,200,128690,808.663,1122.094,114687
1787812670985,34b69e21-870e-7b51-cd5c-c6d7ebc990e9,/p/0/b8a9e2e6c096ea72,2,200,120283,807.347,1122.555,107151
1787812638532,5dc1e98b-e944-26bb-e977-30c41b3bf4a0,/p/2/8302dc5b66a71e4d,7,200,3757984,663.631,33576.497,111923
1787812671282,4e7fcad3-e4b7-ed53-7182-51c2cf84d8e9,/p/1/a34cd91737df1509,4,200,185705,95.060,832.262,223133
1787812663049,3952e698-9ec0-461c-370f-3bcdd2b0f130,/p/0/873fbd14e023c542,2,200,341462,1493.544,9080.795,37603
1787812671866,0478c1ea-68e1-75c7-cddd-a5d083df15bb,/?crawl=217,0,200,423248,13.921,345.938,1223478
1787812665420,ed42c88f-4aa9-7d0f-7e68-53c544c4dfb3,/p/0/ad5ccc95490cb9a2,2,200,6180550,36.417,6825.613,905494
1787812671855,63feb0eb-2564-8058-5024-1e4cb93e9190,/p/0/3cc1c211ae15907d,1,200,42200,46.792,427.893,98623
1787812669834,c73dac6e-70cd-a441-9567-fe760f466832,/p/2/6081153806b4b9ee,5,200,303731,369.270,2481.736,122387
1787812666985,c49809ce-1e0b-10d9-6024-9dfc810efd11,/p/0/4db6ccf3e4b8f5a3,6,200,416748,272.508,5347.788,77929
1787812670442,dfb72c95-9df6-a302-4f7f-eb28eb530616,/p/0/6ad34872b0c89345,9,200,175246,146.584,1916.435,91444
1787812669834,c73dac6e-70cd-a441-9567-fe760f466832,/p/0/6081133806b4b688,5,200,270773,3.920,2566.877,105487
1787812655685,63a2f736-a599-8f16-6df1-716b89ede193,/p/0/90cdf9234d3a3287,16,200,3127260,203.282,16716.701,187074
1787812671310,9fdb75b2-e53e-03fe-6b2c-ae349e1d4f9c,/p/23/4527f86abbabc77b,1,200,420800,4.115,1123.113,374673
1787812638532,5dc1e98b-e944-26bb-e977-30c41b3bf4a0,/p/0/8302db5b66a71c9a,7,200,4439578,441.585,33906.440,130936
1787812669032,0749ca82-1e65-8f0a-ba8a-b79b9d25deac,/p/0/15ed175684dfa457,1,200,226866,737.481,3411.916,66492
1787812671012,553b9ccc-860b-52b9-85ef-0d28103041fa,/p/6/998343e0f4fb775e,6,200,210177,162.169,1470.650,142914
1787812666104,c49809ce-1e0b-10d9-6024-9dfc810efd11,/p/0/2d7681a02dc89ced,5,200,480186,237.133,6388.386,75165
1787812669499,34b69e21-870e-7b51-cd5c-c6d7ebc990e9,/p/0/92d14ce10e179e14,1,200,3382688,384.598,3078.238,1098904
1787812671938,3281b132-3631-e78d-6f4e-faac523fc3a0,/p/0/34d96b829dd8d445,1,200,89758,103.047,711.915,126080
1787812669593,fff1ea97-b6b4-3164-10bb-35abbc98d713,/p/4/ed12b0b9290a0fdf,9,200,272650,236.592,3123.978,87277
1787812670914,b65c0c64-3b12-5a25-dd6f-f7450caa3086,/p/0/c5d1287b74a66888,9,200,39307,380.676,1875.882,20954
1787812671282,4e7fcad3-e4b7-ed53-7182-51c2cf84d8e9,/p/0/a34cd81737df1356,4,200,220658,31.467,1531.965,144036
1787812654342,c646942c-ed5a-0fb7-d9a0-14e1ac87f778,/p/8/f0095093d3e5548c,4,200,6088435,253.658,18523.768,328682
1787812672109,5dc1e98b-e944-26bb-e977-30c41b3bf4a0,/p/0/cae8d82fe62d143d,8,200,7274,809.235,831.146,8752
1787812670866,63c575a9-d481-947a-51d7-c87f17963167,/?crawl=216,0,200,369365,56.466,2183.735,169144
1787812664866,28cc50e5-3465-4b99-2b80-02383cb906cd,/?crawl=212,0,200,2306613,54.592,8188.747,281681
1787812606376,e006d3a4-893c-ecdd-0350-87bafabb266c,/p/0/c6a06122d877cf55,5,200,6226629,223.590,66711.690,93336
1787812672866,ed827d04-f232-b34f-a621-d4ff29686646,/?crawl=221,0,200,197095,22.378,284.724,692233
1787812672434,9fdb75b2-e53e-03fe-6b2c-ae349e1d4f9c,/p/0/5b515d2bfec5a9b7,2,200,113099,763.507,769.081,147057
1787812670845,de489acb-a1f2-3b88-37a4-73b1b11cf59c,/p/0/f8274938100ebdf0,3,200,149550,476.931,2395.776,62422
1787812670281,3952e698-9ec0-461c-370f-3bcdd2b0f130,/p/0/37f7790b9da242f2,4,200,70012,342.245,3058.699,22889
1787812672109,5dc1e98b-e944-26bb-e977-30c41b3bf4a0,/p/0/cae8d52fe62d0f24,8,200,186755,329.840,1257.049,148566
1787812672109,5dc1e98b-e944-26bb-e977-30c41b3bf4a0,/p/1/cae8d72fe62d128a,8,200,451110,329.770,1257.802,358649
1787812672114,4e7fcad3-e4b7-ed53-7182-51c2cf84d8e9,/p/0/f28f703a089190e2,5,200,136811,173.125,1265.694,108092
1787812669593,fff1ea97-b6b4-3164-10bb-35abbc98d713,/p/0/ed12b2b9290a1345,9,200,291353,66.578,3817.000,76330
1787812662396,984a07c8-a759-6177-8955-ffd038d5104d,/p/1/249601507aaf7c53,3,200,2818345,223.531,11017.018,255817
1787812671282,4e7fcad3-e4b7-ed53-7182-51c2cf84d8e9,/p/0/a34cd71737df11a3,4,200,208573,158.137,2145.763,97202
1787812672434,9fdb75b2-e53e-03fe-6b2c-ae349e1d4f9c,/p/0/5b515e2bfec5ab6a,2,200,132298,762.524,1088.015,121596
1787812673055,28cc50e5-3465-4b99-2b80-02383cb906cd,/p/0/a9576db4197a9c1d,1,200,55197,52.110,468.074,117924
1787812672434,9fdb75b2-e53e-03fe-6b2c-ae349e1d4f9c,/p/22/5b515f2bfec5ad1d,2,200,468286,762.756,1096.282,427158
1787812673151,ed827d04-f232-b34f-a621-d4ff29686646,/p/0/7c3b8ad05a9b99d3,1,200,63744,104.571,392.739,162306
1787812673055,28cc50e5-3465-4b99-2b80-02383cb906cd,/p/0/a9576ab4197a9704,1,200,35352,156.678,493.676,71610
1787812672866,c646942c-ed5a-0fb7-d9a0-14e1ac87f778,/p/7/53a37ab9cf4eac0,5,200,85534,39.482,840.441,101773
1787812671544,3952e698-9ec0-461c-370f-3bcdd2b0f130,/p/0/37f7780b9da2413f,4,200,94867,443.470,2172.688,43663
1787812670281,3952e698-9ec0-461c-370f-3bcdd2b0f130,/p/0/37f77a0b9da244a5,4,200,124306,342.195,3435.931,36178
1787812672866,6ecd8cf8-f9e4-22fd-ee79-91329d872865,/?crawl=219,0,200,421912,32.933,880.330,479266
1787812669032,0749ca82-1e65-8f0a-ba8a-b79b9d25deac,/p/16/15ed165684dfa2a4,1,200,473108,62.193,4733.681,99945
1787812673746,6ecd8cf8-f9e4-22fd-ee79-91329d872865,/p/0/a16f1425093ddacc,1,200,7656,30.718,46.207,165688
1787812597524,1cf52f86-b72d-b329-7e9f-ab00fc76d7b0,/p/0/7933a8c80ad18951,4,0,4971747,264.677,76342.616,65124
1787812597524,1cf52f86-b72d-b329-7e9f-ab00fc76d7b0,/p/0/7933a5c80ad18438,4,0,4558011,264.529,76342.705,59705
1787812626157,1cf52f86-b72d-b329-7e9f-ab00fc76d7b0,/p/0/8e4812b6dbace200,7,0,411959,2276.594,47709.299,8635
1787812608375,1cf52f86-b72d-b329-7e9f-ab00fc76d7b0,/p/0/660b105b1075bbc8,6,0,1014359,55.688,65491.070,15489
1787812626157,1cf52f86-b72d-b329-7e9f-ab00fc76d7b0,/p/3/8e4814b6dbace566,7,0,411897,3311.745,47709.170,8633
1787812671938,3281b132-3631-e78d-6f4e-faac523fc3a0,/p/0/34d969829dd8d0df,1,200,393591,32.798,2052.008,191808
1787812669032,0749ca82-1e65-8f0a-ba8a-b79b9d25deac,/p/0/15ed185684dfa60a,1,200,472753,212.262,4980.952,94912
1787812673413,984a07c8-a759-6177-8955-ffd038d5104d,/p/0/6a0034c37579ab07,4,200,86776,188.300,708.325,122509
1787812673765,0749ca82-1e65-8f0a-ba8a-b79b9d25deac,/p/0/c5bc1c9992e4826a,2,200,23557,308.215,525.784,44804
1787812671310,9fdb75b2-e53e-03fe-6b2c-ae349e1d4f9c,/p/0/4527fa6abbabcae1,1,200,3062755,2.145,3007.959,1018217
1787812673530,9fdb75b2-e53e-03fe-6b2c-ae349e1d4f9c,/p/0/3aeec50b38d4383a,3,200,22290,788.982,789.475,28234
1787812673367,5dc1e98b-e944-26bb-e977-30c41b3bf4a0,/p/0/26cc7da8ab07a88d,9,200,196243,2.452,970.794,202147
1787812668395,440d284a-4e1e-ee1c-2872-92f3eb9b00c6,/p/8/6a828af4f9af789e,4,200,5947725,80.238,5948.383,999889
1787812673367,5dc1e98b-e944-26bb-e977-30c41b3bf4a0,/p/0/26cc7ba8ab07a527,9,200,429028,2.925,979.748,437896
1787812673530,9fdb75b2-e53e-03fe-6b2c-ae349e1d4f9c,/p/0/3aeec40b38d43687,3,200,321504,766.174,830.837,386964
1787812671317,b65c0c64-3b12-5a25-dd6f-f7450caa3086,/p/3/b6d4a7beec4c2066,10,200,136301,268.606,3066.553,44448
1787812671310,9fdb75b2-e53e-03fe-6b2c-ae349e1d4f9c,/p/0/4527f76abbabc5c8,1,200,2498388,3.919,3161.538,790244
1787812672316,c73dac6e-70cd-a441-9567-fe760f466832,/p/1/fa254b5fab020766,6,200,333068,119.579,2159.704,154219
1787812671855,63feb0eb-2564-8058-5024-1e4cb93e9190,/p/0/3cc1bf11ae158b64,1,200,380901,70.226,2808.846,135608
1787812652364,ae73129a-f067-5805-ca89-9ca050b023cd,/p/0/1a04aceb7222b81a,4,200,4251319,232.512,22306.373,190588
1787812671012,553b9ccc-860b-52b9-85ef-0d28103041fa,/p/0/998341e0f4fb73f8,6,200,330978,230.594,3724.972,88854
1787812672717,fff1ea97-b6b4-3164-10bb-35abbc98d713,/p/3/7c979e8669f2b324,10,200,116446,328.950,2219.771,52459
1787812673765,0749ca82-1e65-8f0a-ba8a-b79b9d25deac,/p/0/c5bc1b9992e480b7,2,200,128555,279.724,1229.737,104539
1787812651001,c49809ce-1e0b-10d9-6024-9dfc810efd11,/p/0/6f03cbb45baf86a2,1,200,2210527,79.336,24077.422,91809
1787812672866,c646942c-ed5a-0fb7-d9a0-14e1ac87f778,/p/0/53a39ab9cf4ee26,5,200,193631,195.919,2231.266,86781
1787812672114,4e7fcad3-e4b7-ed53-7182-51c2cf84d8e9,/p/0/f28f6f3a08918f2f,5,200,496870,189.654,2997.250,165775
1787812674343,440d284a-4e1e-ee1c-2872-92f3eb9b00c6,/p/0/263a18d2a4bb30d4,5,200,369195,12.988,799.242,461931
1787812672114,4e7fcad3-e4b7-ed53-7182-51c2cf84d8e9,/p/0/f28f713a08919295,5,200,520744,253.125,3058.986,170234
1787812674343,440d284a-4e1e-ee1c-2872-92f3eb9b00c6,/p/0/263a1bd2a4bb35ed,5,200,328696,104.605,894.573,367433
1787812672483,553b9ccc-860b-52b9-85ef-0d28103041fa,/p/5/c76d00af8789c8bc,7,200,169361,151.338,2796.340,60565
1787812673765,0749ca82-1e65-8f0a-ba8a-b79b9d25deac,/p/15/c5bc1d9992e4841d,2,200,144379,553.689,1528.964,94429
1787812673746,6ecd8cf8-f9e4-22fd-ee79-91329d872865,/p/9/a16f1625093dde32,1,200,429222,104.609,1567.794,273774
1787812669189,8e7a01ec-a46f-8fd1-cdff-5aa0b89c8aab,/p/0/4fc4b2fd76900bdd,3,200,394586,360.265,6198.441,63659
1787812674343,440d284a-4e1e-ee1c-2872-92f3eb9b00c6,/p/7/263a1ad2a4bb343a,5,200,521833,104.694,1076.542,484731
1787812670783,a3113622-153a-4853-9f4b-e682800ffcd5,/p/0/6b792ed20db414a0,4,200,350866,146.318,4671.630,75106
1787812665441,9b756a86-8abd-2ab1-135b-50a13ba82815,/p/0/fff7e4977abfdb12,6,200,3363445,289.204,10048.517,334721
1787812675314,6ecd8cf8-f9e4-22fd-ee79-91329d872865,/p/0/8e61648ad9e13c4e,2,200,4510,177.527,218.946,20599
1787812675314,6ecd8cf8-f9e4-22fd-ee79-91329d872865,/p/0/8e61638ad9e13a9b,2,200,11029,164.217,218.944,50374
1787812672717,fff1ea97-b6b4-3164-10bb-35abbc98d713,/p/0/7c979f8669f2b4d7,10,200,154721,429.066,2882.483,53676
1787812675420,440d284a-4e1e-ee1c-2872-92f3eb9b00c6,/p/6/cc7f0e8e01a2812a,6,200,47233,69.601,180.714,261369
1787812673530,9fdb75b2-e53e-03fe-6b2c-ae349e1d4f9c,/p/21/3aeec30b38d434d4,3,200,3475519,789.134,2103.083,1652583
1787812673151,ed827d04-f232-b34f-a621-d4ff29686646,/p/0/7c3b8bd05a9b9b86,1,200,434104,20.434,2487.149,174539
1787812672316,c73dac6e-70cd-a441-9567-fe760f466832,/p/0/fa254c5fab020919,6,200,374145,221.397,3545.540,105526
1787812675633,9fdb75b2-e53e-03fe-6b2c-ae349e1d4f9c,/p/20/e1d12617c19490aa,4,200,376755,3.388,250.451,1504306
1787812675633,9fdb75b2-e53e-03fe-6b2c-ae349e1d4f9c,/p/0/e1d12717c194925d,4,200,269972,1.847,261.607,1031975
1787812609658,702b7d66-0ccc-7dff-26e7-1a1bb8b4a3ab,/p/0/c88348845d658004,1,200,5579687,235.352,66272.561,84193
1787812675884,9fdb75b2-e53e-03fe-6b2c-ae349e1d4f9c,/p/0/5a652264195dac85,5,200,90687,15.380,77.556,1169313
1787812673747,6ecd8cf8-f9e4-22fd-ee79-91329d872865,/p/0/a16f1725093ddfe5,1,200,519168,46.128,2274.623,228244
1787812675884,9fdb75b2-e53e-03fe-6b2c-ae349e1d4f9c,/p/19/5a652164195daad2,5,200,454050,11.731,157.053,2891054
1787812672866,c646942c-ed5a-0fb7-d9a0-14e1ac87f778,/p/0/53a38ab9cf4ec73,5,200,388000,39.420,3212.286,120786
1787812676041,9fdb75b2-e53e-03fe-6b2c-ae349e1d4f9c,/p/0/7ce29e56b5eaf89,6,200,74225,10.042,70.190,1057482
1787812672482,553b9ccc-860b-52b9-85ef-0d28103041fa,/p/0/c76d02af8789cc22,7,200,312402,151.434,3633.807,85971
1787812644048,dfb72c95-9df6-a302-4f7f-eb28eb530616,/p/0/4d1d3fc325453a0e,6,200,3471626,221.013,32076.082,108231
1787812675866,fd5674f4-7e92-846e-8aca-195ffeced01e,/?crawl=223,0,200,304326,21.000,305.943,994714
1787812676041,9fdb75b2-e53e-03fe-6b2c-ae349e1d4f9c,/p/18/7ce28e56b5eadd6,6,200,444330,13.147,269.327,1649781
1787812670816,8e7a01ec-a46f-8fd1-cdff-5aa0b89c8aab,/p/0/f658c1c9cbc0111,4,200,238034,365.019,5558.275,42825
1787812657863,419ec04a-3ac5-43e5-eb84-bca38d6ad0bc,/p/2/db997756c7149242,1,200,4611530,133.252,18539.256,248744
1787812676310,9fdb75b2-e53e-03fe-6b2c-ae349e1d4f9c,/p/0/edb3e1642d80e98b,7,200,132524,11.677,143.106,926052
1787812675866,c5aa0efa-81cb-c472-cc06-ea5a979bd993,/?crawl=224,0,200,347337,36.959,601.818,577146
1787812667464,1ff3bcd1-0da7-cd02-1374-522545639cba,/p/9/fb04ba0f47615294,3,200,4066678,87.545,9043.054,449702
1787812667464,1ff3bcd1-0da7-cd02-1374-522545639cba,/p/0/fb04bb0f47615447,3,200,4478939,87.569,9059.537,494389
1787812676507,1ff3bcd1-0da7-cd02-1374-522545639cba,/p/0/4984619cfb474415,4,200,8626,23.696,31.911,270315
1787812676116,553b9ccc-860b-52b9-85ef-0d28103041fa,/p/0/8069fa623f232305,8,200,61928,217.108,485.993,127426
1787812676310,9fdb75b2-e53e-03fe-6b2c-ae349e1d4f9c,/p/17/edb3e0642d80e7d8,7,200,433340,11.594,329.372,1315654
1787812676640,9fdb75b2-e53e-03fe-6b2c-ae349e1d4f9c,/p/16/9e6bc867a35ec6f0,8,200,18040,16.350,29.895,603446
1787812676403,419ec04a-3ac5-43e5-eb84-bca38d6ad0bc,/p/0/3c6af405e4058569,2,200,10945,168.659,286.223,38239
1787812676310,9fdb75b2-e53e-03fe-6b2c-ae349e1d4f9c,/p/0/edb3e2642d80eb3e,7,200,471761,12.725,396.124,1190942
1787812673413,984a07c8-a759-6177-8955-ffd038d5104d,/p/0/6a0033c37579a954,4,200,331800,188.325,3296.064,100666
1787812655685,63a2f736-a599-8f16-6df1-716b89ede193,/p/6/90cdfb234d3a35ed,16,200,4216195,222.306,21044.899,200343
1787812676124,dfb72c95-9df6-a302-4f7f-eb28eb530616,/p/0/84528b8faee045d1,10,200,43299,255.553,610.883,70879
1787812676507,1ff3bcd1-0da7-cd02-1374-522545639cba,/p/0/49845e9cfb473efc,4,200,98815,31.868,228.922,431654
1787812676730,63a2f736-a599-8f16-6df1-716b89ede193,/p/5/81c75ed96b9d2415,17,200,9539,41.353,60.192,158475
1787812675314,6ecd8cf8-f9e4-22fd-ee79-91329d872865,/p/8/8e61628ad9e138e8,2,200,516724,164.229,1485.377,347874
1787812669777,dfb72c95-9df6-a302-4f7f-eb28eb530616,/p/0/6ad34572b0c88e2c,9,200,506754,329.812,7044.568,71935
1787812673413,984a07c8-a759-6177-8955-ffd038d5104d,/p/0/6a0035c37579acba,4,200,389280,207.827,3426.810,113598
1787812675420,440d284a-4e1e-ee1c-2872-92f3eb9b00c6,/p/0/cc7f0c8e01a27dc4,6,200,290384,69.561,1461.209,198729
1787812676640,9fdb75b2-e53e-03fe-6b2c-ae349e1d4f9c,/p/0/9e6bc967a35ec8a3,8,200,293768,17.880,253.255,1159967
1787812675420,440d284a-4e1e-ee1c-2872-92f3eb9b00c6,/p/0/cc7f0f8e01a282dd,6,200,517132,14.804,1521.871,339800
1787812676706,9fdb75b2-e53e-03fe-6b2c-ae349e1d4f9c,/p/15/d14e88185f5ae39d,9,200,275501,14.345,241.660,1140034
1787812657863,419ec04a-3ac5-43e5-eb84-bca38d6ad0bc,/p/0/db997556c7148edc,1,200,4762953,26.228,19091.997,249474
1787812672358,dfb72c95-9df6-a302-4f7f-eb28eb530616,/p/2/84528a8faee0441e,10,200,352846,193.757,4610.495,76531
1787812676893,9fdb75b2-e53e-03fe-6b2c-ae349e1d4f9c,/p/0/d14e87185f5ae1ea,9,200,106154,12.276,94.751,1120342
1787812673706,c646942c-ed5a-0fb7-d9a0-14e1ac87f778,/p/0/d5ede350f17a32a3,6,200,281263,256.106,3290.292,85483
1787812676507,1ff3bcd1-0da7-cd02-1374-522545639cba,/p/8/49845f9cfb4740af,4,200,380944,31.890,509.823,747208
1787812670816,8e7a01ec-a46f-8fd1-cdff-5aa0b89c8aab,/p/6/f658a1c9cbbfdab,4,200,335577,401.482,6251.869,53676
1787812675455,a3113622-153a-4853-9f4b-e682800ffcd5,/p/0/7194608b749e1db4,5,200,150626,167.243,1621.828,92874
1787812676948,9fdb75b2-e53e-03fe-6b2c-ae349e1d4f9c,/p/0/d14e86185f5ae037,9,200,192936,10.482,134.634,1433036
1787812675600,440d284a-4e1e-ee1c-2872-92f3eb9b00c6,/p/0/e2af702201478b62,7,200,332295,98.346,1485.255,223729
1787812672315,c73dac6e-70cd-a441-9567-fe760f466832,/p/0/fa25495fab020400,6,200,483924,221.489,4823.555,100325
1787812674475,c73dac6e-70cd-a441-9567-fe760f466832,/p/0/8cdfe539b70c408c,7,200,288107,188.945,2819.576,102181
1787812676800,6ecd8cf8-f9e4-22fd-ee79-91329d872865,/p/0/d34b1df93a9d1adf,3,200,152183,30.194,507.374,299943
1787812672717,fff1ea97-b6b4-3164-10bb-35abbc98d713,/p/0/7c97a08669f2b68a,10,200,199235,362.014,4596.929,43341
1787812670845,de489acb-a1f2-3b88-37a4-73b1b11cf59c,/p/0/f8274c38100ec309,3,200,345891,70.247,6532.961,52946
1787812677083,9fdb75b2-e53e-03fe-6b2c-ae349e1d4f9c,/p/0/39addc3b93996ecf,10,200,506630,15.868,361.045,1403234
1787812604172,b65c0c64-3b12-5a25-dd6f-f7450caa3086,/p/0/8e9c312d5c976062,2,200,6120924,85.974,73299.623,83506
1787812675294,0749ca82-1e65-8f0a-ba8a-b79b9d25deac,/p/14/a47c7a09d3d7e2ea,3,200,197105,209.216,2394.088,82330
1787812676172,fd5674f4-7e92-846e-8aca-195ffeced01e,/p/0/5566e1153165af60,1,200,493085,86.127,1526.692,322976
1787812676730,63a2f736-a599-8f16-6df1-716b89ede193,/p/0/81c75cd96b9d20af,17,200,87035,100.474,999.072,87116
1787812674475,c73dac6e-70cd-a441-9567-fe760f466832,/p/0/8cdfe839b70c45a5,7,200,352365,206.349,3316.513,106246
1787812677444,9fdb75b2-e53e-03fe-6b2c-ae349e1d4f9c,/p/0/39addd3b93997082,10,200,481302,14.710,406.843,1183016
1787812673151,ed827d04-f232-b34f-a621-d4ff29686646,/p/0/7c3b8cd05a9b9d39,1,200,2733318,20.525,4706.283,580781
1787812676800,6ecd8cf8-f9e4-22fd-ee79-91329d872865,/p/0/d34b1ef93a9d1c92,3,200,224448,138.323,1207.876,185820
1787812666923,e74dc3e9-9b81-1c67-b868-f59eb1ef8038,/p/5/a4fec4c3164f7e7c,2,200,4212697,18.101,11085.690,380012
1787812676790,63a2f736-a599-8f16-6df1-716b89ede193,/p/0/796efd04f8ec06b0,18,200,75413,198.999,1297.296,58131
1787812677017,1ff3bcd1-0da7-cd02-1374-522545639cba,/p/0/d01ad1159e8af00f,5,200,368455,111.742,1126.490,327082
1787812675633,9fdb75b2-e53e-03fe-6b2c-ae349e1d4f9c,/p/0/e1d12417c1948d44,4,200,3856178,6.685,2634.939,1463479
1787812677017,1ff3bcd1-0da7-cd02-1374-522545639cba,/p/7/d01ad3159e8af375,5,200,341755,111.731,1367.620,249890
1787812678009,e74dc3e9-9b81-1c67-b868-f59eb1ef8038,/p/0/d84ae4f9331f77eb,3,200,119407,120.546,555.327,215021
1787812657546,4cc59da5-43fd-bad1-f6e4-04780c37b1b1,/p/0/d7f5649b992966c9,7,200,5802871,333.620,21118.120,274782
1787812676988,9fdb75b2-e53e-03fe-6b2c-ae349e1d4f9c,/p/14/39addb3b93996d1c,10,200,2624637,13.511,1722.036,1524148
1787812676670,9fdb75b2-e53e-03fe-6b2c-ae349e1d4f9c,/p/0/9e6bca67a35eca56,8,200,2956773,11.991,2065.554,1431467
1787812678710,9fdb75b2-e53e-03fe-6b2c-ae349e1d4f9c,/p/0/8f82bfb266518609,11,200,22273,13.842,29.016,767609
1787812671354,de489acb-a1f2-3b88-37a4-73b1b11cf59c,/p/0/c2556cdfc5a92747,4,200,360737,689.512,7399.380,48752
1787812676041,9fdb75b2-e53e-03fe-6b2c-ae349e1d4f9c,/p/0/7ce26e56b5eaa70,6,200,3716039,10.012,2739.082,1356673
1787812678710,9fdb75b2-e53e-03fe-6b2c-ae349e1d4f9c,/p/0/8f82bcb2665180f0,11,200,405991,18.069,175.107,2318529
1787812675884,9fdb75b2-e53e-03fe-6b2c-ae349e1d4f9c,/p/0/5a651f64195da76c,5,200,4527663,16.084,3020.288,1499083
1787812678866,5d605fca-a4ff-8fee-584e-47beb8f0c9b4,/?crawl=225,0,200,235628,9.357,90.500,2603627
1787812648436,fb058f7a-53f7-c86f-c2ee-289ac5d682aa,/p/0/e381cbe5d7514b14,1,200,6188169,62.952,30582.131,202346
1787812657633,984a07c8-a759-6177-8955-ffd038d5104d,/p/0/72c1ab67f4511b3c,2,200,4429900,186.500,21408.053,206927
1787812671353,de489acb-a1f2-3b88-37a4-73b1b11cf59c,/p/0/c2556ddfc5a928fa,4,200,371021,689.695,7711.319,48114
1787812676468,c5aa0efa-81cb-c472-cc06-ea5a979bd993,/p/0/367a8ae9186c7c0c,1,200,501984,96.926,2705.022,185575
1787812658199,56cfadbd-66c1-9860-600b-c47552cd4177,/p/0/a5675a100873587,1,200,3062533,3.316,20988.123,145917
1787812678385,1ff3bcd1-0da7-cd02-1374-522545639cba,/p/6/edc56301409bd597,6,200,363139,97.379,991.197,366364
1787812678710,9fdb75b2-e53e-03fe-6b2c-ae349e1d4f9c,/p/13/8f82beb266518456,11,200,4541354,14.004,771.742,5884549
1787812669593,fff1ea97-b6b4-3164-10bb-35abbc98d713,/p/0/ed12afb9290a0e2c,9,200,506273,236.388,9938.003,50943
1787812675279,553b9ccc-860b-52b9-85ef-0d28103041fa,/p/4/8069f8623f231f9f,8,200,404295,259.822,4347.928,92986
1787812679376,1ff3bcd1-0da7-cd02-1374-522545639cba,/p/0/3c32073e1f698422,7,200,9425,132.603,399.198,23610
1787812655435,5bf49a11-3401-a7a4-7d34-f0e4ab04e2d3,/p/0/f23367f5078b54e9,7,0,1421627,408.089,24433.071,58185
1787812655435,5bf49a11-3401-a7a4-7d34-f0e4ab04e2d3,/p/11/f23365f5078b5183,7,0,1537539,408.052,24433.276,62928
1787812643660,5bf49a11-3401-a7a4-7d34-f0e4ab04e2d3,/p/0/58d19820a18b1174,4,0,1773543,406.540,36208.553,48981
1787812679482,9fdb75b2-e53e-03fe-6b2c-ae349e1d4f9c,/p/0/9f19f0c0e1ca5cf4,12,200,442564,5.426,432.055,1024324
1787812679481,9fdb75b2-e53e-03fe-6b2c-ae349e1d4f9c,/p/0/9f19f3c0e1ca620d,12,200,393481,14.688,433.927,906790
1787812678866,09982139-5e76-f214-cc24-4e66c50bbb4e,/?crawl=226,0,200,368252,46.463,1125.695,327133
1787812678385,1ff3bcd1-0da7-cd02-1374-522545639cba,/p/0/edc56201409bd3e4,6,200,498482,97.369,1730.409,288072
1787812671938,3281b132-3631-e78d-6f4e-faac523fc3a0,/p/0/34d96a829dd8d292,1,200,2925756,102.908,8196.972,356931
1787812673367,5dc1e98b-e944-26bb-e977-30c41b3bf4a0,/p/0/26cc7aa8ab07a374,9,200,3689020,2.275,6867.351,537182
1787812678866,71d51f65-0f4a-4aae-f6b2-ad04f139a00e,/?crawl=227,0,200,286239,73.513,1396.413,204982
1787812679992,09982139-5e76-f214-cc24-4e66c50bbb4e,/p/0/fa5e42def3696b2,1,200,21085,242.584,306.299,68838
1787812678009,e74dc3e9-9b81-1c67-b868-f59eb1ef8038,/p/0/d84ae5f9331f799e,3,200,430214,131.239,2347.407,183272
1787812675279,553b9ccc-860b-52b9-85ef-0d28103041fa,/p/0/8069f7623f231dec,8,200,481574,138.308,5111.158,94220
1787812671855,63feb0eb-2564-8058-5024-1e4cb93e9190,/p/2/3cc1c111ae158eca,1,200,2190784,284.864,8674.949,252541
1787812652690,c49809ce-1e0b-10d9-6024-9dfc810efd11,/p/0/c9f27844f2434751,2,200,4039883,1122.651,27966.441,144455
1787812666923,e74dc3e9-9b81-1c67-b868-f59eb1ef8038,/p/0/a4fec6c3164f81e2,2,200,4981158,99.778,13822.291,360371
1787812678009,e74dc3e9-9b81-1c67-b868-f59eb1ef8038,/p/4/d84ae3f9331f7638,3,200,497836,101.537,2788.374,178540
1787812676969,dfb72c95-9df6-a302-4f7f-eb28eb530616,/p/1/a9ef609b357a5f4e,11,200,306938,161.078,3937.914,77944
1787812665900,4c48e9e8-5a19-c03d-3947-95518656d187,/p/0/68d496f15b0eecc3,2,200,5360443,3.102,15031.058,356624
1787812649927,e006d3a4-893c-ecdd-0350-87bafabb266c,/p/4/6cfd6c2ee87862a8,10,200,4488155,1999.084,31016.409,144703
1787812680390,553b9ccc-860b-52b9-85ef-0d28103041fa,/p/0/73e59f4b02ec90,9,200,51402,177.398,572.335,89811
1787812677689,0749ca82-1e65-8f0a-ba8a-b79b9d25deac,/p/0/2d78c105405d1573,4,200,192154,487.415,3457.798,55571
1787812680263,71d51f65-0f4a-4aae-f6b2-ad04f139a00e,/p/0/a310368b83d187ac,1,200,21116,348.151,934.722,22591
1787812631375,dfb72c95-9df6-a302-4f7f-eb28eb530616,/p/0/3edb84a456f0a542,2,200,5113096,207.602,49858.171,102553
1787812676172,fd5674f4-7e92-846e-8aca-195ffeced01e,/p/13/5566e2153165b113,1,200,2179636,21.395,5109.540,426582
1787812680797,e74dc3e9-9b81-1c67-b868-f59eb1ef8038,/p/0/88e6dccd9b8c5c08,4,200,142869,45.858,554.550,257631
1787812642627,9a32b0ef-c270-6f9f-10f8-32b2894067a2,/p/0/f82fdc8b87d267b5,6,200,5316952,252.667,38732.513,137274
1787812680797,e74dc3e9-9b81-1c67-b868-f59eb1ef8038,/p/0/88e6dfcd9b8c6121,4,200,141609,59.642,606.449,233505
1787812675931,702b7d66-0ccc-7dff-26e7-1a1bb8b4a3ab,/p/0/2528e8cd3a7feec5,5,200,202741,603.204,5634.113,35985
1787812674937,fff1ea97-b6b4-3164-10bb-35abbc98d713,/p/2/d3ad0e8bb2f023fe,11,200,350560,330.797,6647.765,52734
1787812680797,e74dc3e9-9b81-1c67-b868-f59eb1ef8038,/p/3/88e6decd9b8c5f6e,4,200,352226,21.954,860.214,409463
1787812677689,0749ca82-1e65-8f0a-ba8a-b79b9d25deac,/p/0/2d78c205405d1726,4,200,159154,858.039,4080.263,39006
1787812674383,b65c0c64-3b12-5a25-dd6f-f7450caa3086,/p/0/b6d4a5beec4c1d00,10,200,347052,262.527,7464.135,46496
1787812680907,dfb72c95-9df6-a302-4f7f-eb28eb530616,/p/0/a9ef5e9b357a5be8,11,200,126949,209.486,1018.517,124641
1787812680263,71d51f65-0f4a-4aae-f6b2-ad04f139a00e,/p/2/a310378b83d1895f,1,200,176147,382.935,1681.263,104771
1787812676735,dfb72c95-9df6-a302-4f7f-eb28eb530616,/p/0/8452888faee040b8,10,200,437603,158.438,5273.151,82987
1787812681866,a1600f92-0f69-ec40-9031-91960e1644b6,/?crawl=230,0,200,80636,58.356,175.268,460071
1787812677689,0749ca82-1e65-8f0a-ba8a-b79b9d25deac,/p/13/2d78c305405d18d9,4,200,238831,517.683,4356.268,54825
1787812681282,fd5674f4-7e92-846e-8aca-195ffeced01e,/p/12/1337023ad9c847dc,2,200,202300,132.522,832.609,242971
1787812679376,1ff3bcd1-0da7-cd02-1374-522545639cba,/p/5/3c32053e1f6980bc,7,200,448784,124.986,2806.586,159904
1787812681658,e74dc3e9-9b81-1c67-b868-f59eb1ef8038,/p/0/5cd61092881a8250,5,200,155720,28.267,566.409,274925
1787812679992,09982139-5e76-f214-cc24-4e66c50bbb4e,/p/0/fa5e32def3694ff,1,200,389212,52.469,2434.278,159888
1787812679992,09982139-5e76-f214-cc24-4e66c50bbb4e,/p/0/fa5e22def36934c,1,200,408831,52.495,2506.390,163115
1787812682183,1ff3bcd1-0da7-cd02-1374-522545639cba,/p/4/e9bbe61a619e1db,8,200,61925,98.912,365.846,169265
1787812659424,56cfadbd-66c1-9860-600b-c47552cd4177,/p/0/a91e4dc819ed6fbe,2,200,2409492,15.789,23204.154,103839
1787812649994,e4c8a592-ef20-dddc-e06d-c3bb2884d28d,/p/0/2cce2d10a9ab6409,5,200,3590215,303.521,32637.577,110002
1787812642627,9a32b0ef-c270-6f9f-10f8-32b2894067a2,/p/2/f82fda8b87d2644f,6,200,5822789,252.667,40050.606,145386
1787812681944,71d51f65-0f4a-4aae-f6b2-ad04f139a00e,/p/0/4413020b5e8dbdf5,2,200,59183,452.633,749.548,78958
1787812681657,e74dc3e9-9b81-1c67-b868-f59eb1ef8038,/p/0/5cd61392881a8769,5,200,353551,117.715,1253.050,282152
1787812665429,702b7d66-0ccc-7dff-26e7-1a1bb8b4a3ab,/p/12/2528e7cd3a7fed12,5,200,436893,461.923,17519.291,24938
1787812664866,8992b43b-4174-a0c1-16dc-9bd47c511dd8,/?crawl=210,0,200,5287905,56.449,18143.659,291446
1787812649994,e4c8a592-ef20-dddc-e06d-c3bb2884d28d,/p/1/2cce2b10a9ab60a3,5,200,3680523,303.443,33036.929,111406
1787812683010,8992b43b-4174-a0c1-16dc-9bd47c511dd8,/p/0/d02c156f42b0832a,1,200,109096,1.899,349.368,312267
1787812682041,a1600f92-0f69-ec40-9031-91960e1644b6,/p/3/6ec10428dcaf8bcf,1,200,325203,48.980,1330.799,244367
1787812675600,440d284a-4e1e-ee1c-2872-92f3eb9b00c6,/p/0/e2af6f22014789af,7,200,3735946,76.903,7773.114,480624
1787812682115,fd5674f4-7e92-846e-8aca-195ffeced01e,/p/0/13d18b09d55691d8,3,200,272737,139.105,1310.049,208188
1787812680530,63feb0eb-2564-8058-5024-1e4cb93e9190,/p/0/96f1eaabefca8250,2,200,312278,48.223,2899.443,107703
1787812674937,fff1ea97-b6b4-3164-10bb-35abbc98d713,/p/0/d3ad0f8bb2f025b1,11,200,372202,330.823,8573.842,43411
1787812677472,b65c0c64-3b12-5a25-dd6f-f7450caa3086,/p/2/ccd3a63b3573ecd6,11,200,283666,300.395,6123.537,46324
1787812681282,fd5674f4-7e92-846e-8aca-195ffeced01e,/p/0/1337043ad9c84b42,2,200,425763,88.522,2327.974,182890
1787812682183,1ff3bcd1-0da7-cd02-1374-522545639cba,/p/0/e9bbd61a619e028,8,200,241204,107.732,1609.880,149827
1787812682182,1ff3bcd1-0da7-cd02-1374-522545639cba,/p/0/e9bc061a619e541,8,200,228492,146.793,1792.304,127485
1787812682041,a1600f92-0f69-ec40-9031-91960e1644b6,/p/0/6ec10628dcaf8f35,1,200,344195,129.136,1957.200,175861
1787812683010,8992b43b-4174-a0c1-16dc-9bd47c511dd8,/p/0/d02c146f42b08177,1,200,318656,4.748,1015.854,313683
1787812680530,63feb0eb-2564-8058-5024-1e4cb93e9190,/p/1/96f1ecabefca85b6,2,200,294010,238.869,3593.385,81820
1787812683975,1ff3bcd1-0da7-cd02-1374-522545639cba,/p/0/c27b324d849b841e,9,200,33123,119.847,252.211,131331
1787812682866,e07ca8dd-a6fc-0448-1afb-13a11a268b28,/?crawl=232,0,200,461964,78.052,1536.322,300695
1787812683031,e4c8a592-ef20-dddc-e06d-c3bb2884d28d,/p/0/afd83a0087a1c105,6,200,74917,391.696,1393.708,53754
1787812683793,1ff3bcd1-0da7-cd02-1374-522545639cba,/p/0/c27b314d849b826b,9,200,99972,103.584,736.360,135765
1787812659424,56cfadbd-66c1-9860-600b-c47552cd4177,/p/0/a91e4ec819ed7171,2,200,3042310,15.954,25110.741,121156
1787812682866,29a6f688-2430-d1d8-66fa-7a8c858c2805,/?crawl=231,0,200,456588,55.503,1694.134,269511
1787812677068,8e7a01ec-a46f-8fd1-cdff-5aa0b89c8aab,/p/0/706a091a0fb93014,5,200,423713,434.490,7504.013,56465
1787812683866,321a4300-0258-0b4e-ecc7-17716e887cda,/?crawl=233,0,200,483346,28.573,807.396,598648
1787812683372,a1600f92-0f69-ec40-9031-91960e1644b6,/p/2/b20829e588ac47b6,2,200,163671,308.137,1607.023,101847
1787812679866,fe9f5242-1dee-d8c5-2769-78aba5955fb8,/?crawl=228,0,200,2223476,41.752,5402.117,411593
1787812675600,440d284a-4e1e-ee1c-2872-92f3eb9b00c6,/p/5/e2af6e22014787fc,7,200,6170973,64.703,9746.202,633167
1787812684673,321a4300-0258-0b4e-ecc7-17716e887cda,/p/0/22b5786714a7e7c,1,200,175647,46.827,803.748,218535
1787812682045,0749ca82-1e65-8f0a-ba8a-b79b9d25deac,/p/0/f3f29862154568bf,5,200,205604,468.017,3581.315,57410
1787812681233,dfb72c95-9df6-a302-4f7f-eb28eb530616,/p/0/354bed449db15a1e,12,200,369653,164.079,4425.575,83527
1787812679627,553b9ccc-860b-52b9-85ef-0d28103041fa,/p/0/73e89f4b02f1a9,9,200,503441,140.305,6206.824,81111
1787812682009,dfb72c95-9df6-a302-4f7f-eb28eb530616,/p/0/354beb449db156b8,12,200,271480,279.084,3828.580,70909
1787812683372,a1600f92-0f69-ec40-9031-91960e1644b6,/p/0/b20827e588ac4450,2,200,248886,204.725,2499.184,99587
1787812684403,e07ca8dd-a6fc-0448-1afb-13a11a268b28,/p/0/9595ade405e57642,1,200,123945,126.241,1518.009,81650
1787812682045,0749ca82-1e65-8f0a-ba8a-b79b9d25deac,/p/0/f3f2996215456a72,5,200,144982,759.109,3951.267,36693
1787812681585,fff1ea97-b6b4-3164-10bb-35abbc98d713,/p/0/a177a5d84f9d29ce,12,200,188248,665.685,4412.345,42664
1787812676468,c5aa0efa-81cb-c472-cc06-ea5a979bd993,/p/2/367a8ce9186c7f72,1,200,2623272,24.817,9605.210,273109
1787812681925,dfb72c95-9df6-a302-4f7f-eb28eb530616,/p/0/354bee449db15bd1,12,200,250537,238.931,4178.720,59955
1787812659424,56cfadbd-66c1-9860-600b-c47552cd4177,/p/0/a91e4cc819ed6e0b,2,200,3427658,335.303,26684.804,128450
1787812685866,331385a9-7318-219a-59f0-3ebce55bbba8,/?crawl=236,0,200,109325,38.846,249.228,438655
1787812685347,440d284a-4e1e-ee1c-2872-92f3eb9b00c6,/p/0/3cd75a177b5df0f4,8,200,386618,14.300,897.065,430981
1787812683031,e4c8a592-ef20-dddc-e06d-c3bb2884d28d,/p/0/afd8370087a1bbec,6,200,398135,57.028,3278.924,121422
1787812685347,440d284a-4e1e-ee1c-2872-92f3eb9b00c6,/p/0/3cd75d177b5df60d,8,200,361421,36.767,1016.022,355722
1787812685866,e51c2ccc-530c-0524-fc27-87f81183ca9e,/?crawl=239,0,200,138570,56.188,505.216,274278
1787812681848,b65c0c64-3b12-5a25-dd6f-f7450caa3086,/p/0/ccd3a73b3573ee89,11,200,237733,223.562,4573.296,51983
1787812686073,c5aa0efa-81cb-c472-cc06-ea5a979bd993,/p/0/da19c5a541c345f6,2,200,51609,123.388,349.673,147592
1787812651818,e006d3a4-893c-ecdd-0350-87bafabb266c,/p/0/6cfd6d2ee878645b,10,200,4993272,166.014,34605.848,144290
1787812685866,8cb74705-6b91-38bf-1a7e-0901efe0c132,/?crawl=235,0,200,457307,27.331,557.257,820640
1787812685347,440d284a-4e1e-ee1c-2872-92f3eb9b00c6,/p/4/3cd75b177b5df2a7,8,200,457336,57.497,1083.634,422039
1787812685867,8932535e-9b64-cb37-fd14-1d68673e7fd8,/?crawl=237,0,200,111671,81.392,615.775,181350
1787812683010,8992b43b-4174-a0c1-16dc-9bd47c511dd8,/p/7/d02c166f42b084dd,1,200,4083343,2.704,3497.130,1167627
1787812613100,b65c0c64-3b12-5a25-dd6f-f7450caa3086,/p/0/57c09c2dd7e3bfd0,4,200,5587282,238.246,73409.910,76111
1787812684673,321a4300-0258-0b4e-ecc7-17716e887cda,/p/0/22b5a86714a8395,1,200,482724,46.784,1849.838,260955
1787812686430,440d284a-4e1e-ee1c-2872-92f3eb9b00c6,/p/0/a37bbc540b17deb4,9,200,68897,14.834,119.227,577865
1787812684866,63135859-d311-aab9-b4d2-e0ee12621def,/?crawl=234,0,200,251602,61.433,1773.135,141897
1787812686073,c5aa0efa-81cb-c472-cc06-ea5a979bd993,/p/1/da19c6a541c347a9,2,200,89866,123.460,574.164,156516
1787812682677,9a32b0ef-c270-6f9f-10f8-32b2894067a2,/p/1/f48a47fdb40a2f09,7,200,381188,677.728,4022.778,94757
1787812682948,702b7d66-0ccc-7dff-26e7-1a1bb8b4a3ab,/p/11/e15685e9b5a9c0fd,6,200,125869,361.821,3775.356,33340
1787812686424,8cb74705-6b91-38bf-1a7e-0901efe0c132,/p/0/8dad5b54f5a8c0d6,1,200,79497,64.334,351.789,225979
1787812681658,e74dc3e9-9b81-1c67-b868-f59eb1ef8038,/p/2/5cd61192881a8403,5,200,3484836,117.309,5127.352,679656
1787812680262,71d51f65-0f4a-4aae-f6b2-ad04f139a00e,/p/0/a310398b83d18cc5,1,200,504499,68.543,6573.587,76746
1787812648139,1e46a455-56c8-91fa-0560-77e275a2328b,/p/7/97c1c45ca063811,12,0,3540858,348.455,38726.930,91431
1787812644797,1e46a455-56c8-91fa-0560-77e275a2328b,/p/0/15410ddaeda94aa1,10,0,3419147,400.115,42069.447,81274
1787812654264,1e46a455-56c8-91fa-0560-77e275a2328b,/p/0/97c1a45ca0634ab,12,0,2655283,264.807,32601.734,81446
1787812684979,a1600f92-0f69-ec40-9031-91960e1644b6,/p/1/1892607559fc254f,3,200,177344,148.586,1930.226,91877
1787812685867,29e71566-23fb-c266-6f70-fdb259fb1808,/?crawl=238,0,200,245008,70.496,1056.313,231946
1787812681565,702b7d66-0ccc-7dff-26e7-1a1bb8b4a3ab,/p/0/2528e5cd3a7fe9ac,5,200,229550,649.533,5372.175,42729
1787812686785,e74dc3e9-9b81-1c67-b868-f59eb1ef8038,/p/1/1bbcf1095248e67d,6,200,81268,19.600,289.682,280542
1787812686785,e74dc3e9-9b81-1c67-b868-f59eb1ef8038,/p/0/1bbcef095248e317,6,200,41703,19.608,289.831,143887
1787812654034,b65c0c64-3b12-5a25-dd6f-f7450caa3086,/p/0/1c19fefdb3c0f1ce,8,200,3183995,276.447,33054.372,96326
1787812677068,8e7a01ec-a46f-8fd1-cdff-5aa0b89c8aab,/p/0/706a0c1a0fb9352d,5,200,482769,470.551,10079.686,47895
1787812681585,fff1ea97-b6b4-3164-10bb-35abbc98d713,/p/1/a177a3d84f9d2668,12,200,272896,355.528,5567.720,49014
1787812686923,29e71566-23fb-c266-6f70-fdb259fb1808,/p/0/a13af1581873c67,1,200,22179,123.094,276.497,80214
1787812686073,c5aa0efa-81cb-c472-cc06-ea5a979bd993,/p/0/da19c4a541c34443,2,200,105375,138.289,1169.164,90129
1787812684979,a1600f92-0f69-ec40-9031-91960e1644b6,/p/0/1892627559fc28b5,3,200,170937,239.194,2355.420,72572
1787812672866,ed44bc0f-ef2d-a9ce-7a2d-62863ae567a0,/?crawl=220,0,200,4919985,47.649,14477.272,339842
1787812634888,dfb72c95-9df6-a302-4f7f-eb28eb530616,/p/0/b8ca061cfdc1edd1,4,200,5429338,178.782,52516.215,103384
1787812686424,8cb74705-6b91-38bf-1a7e-0901efe0c132,/p/0/8dad5a54f5a8bf23,1,200,370093,18.586,1063.235,348082
1787812684402,e07ca8dd-a6fc-0448-1afb-13a11a268b28,/p/13/9595aee405e577f5,1,200,459985,39.956,3103.415,148219
1787812685268,fe9f5242-1dee-d8c5-2769-78aba5955fb8,/p/6/8423e25f6ad857be,1,200,320970,106.018,2336.470,137374
1787812668896,9e0fba65-906f-29ac-85bf-db388693d2aa,/p/0/2a7012edc3404f17,7,200,352246,462.250,18758.679,18778
1787812666826,553b9ccc-860b-52b9-85ef-0d28103041fa,/p/0/f1980468211e12a9,4,200,2508386,135.095,20836.112,120386
1787812666985,c49809ce-1e0b-10d9-6024-9dfc810efd11,/p/2/4db6cbf3e4b8f3f0,6,200,6039606,253.146,20689.451,291917
1787812671971,9e0fba65-906f-29ac-85bf-db388693d2aa,/p/2/b01b113011a6c50d,8,200,500667,620.707,15712.026,31865
1787812685268,fe9f5242-1dee-d8c5-2769-78aba5955fb8,/p/0/8423e35f6ad85971,1,200,403347,35.941,2584.932,156038
1787812687605,fe9f5242-1dee-d8c5-2769-78aba5955fb8,/p/0/fe749869926e6870,2,200,9745,194.166,368.357,26455
1787812683595,b65c0c64-3b12-5a25-dd6f-f7450caa3086,/p/0/ccd3a43b3573e970,11,200,280913,239.504,4401.678,63820
1787812683372,a1600f92-0f69-ec40-9031-91960e1644b6,/p/0/b2082ae588ac4969,2,200,447723,244.777,4677.059,95727
1787812677017,1ff3bcd1-0da7-cd02-1374-522545639cba,/p/0/d01ad2159e8af1c2,5,200,2712882,16.922,11043.813,245647
1787812687866,9faa9546-7464-257f-611f-fdcf1ef233cd,/?crawl=241,0,200,274292,17.333,230.744,1188731
1787812686910,a1600f92-0f69-ec40-9031-91960e1644b6,/p/0/4149220691c19017,4,200,79324,140.080,1228.023,64595
1787812687343,ed44bc0f-ef2d-a9ce-7a2d-62863ae567a0,/p/0/e8d13872c600a8d9,1,200,67442,151.120,817.527,82495
1787812686647,c5aa0efa-81cb-c472-cc06-ea5a979bd993,/p/0/151a525ee1071e8e,3,200,146496,223.905,1590.797,92090
1787812679481,9fdb75b2-e53e-03fe-6b2c-ae349e1d4f9c,/p/12/9f19f1c0e1ca5ea7,12,200,4224946,3.865,8839.695,477952
1787812686372,e51c2ccc-530c-0524-fc27-87f81183ca9e,/p/8/76a959b7ecec4654,1,200,123000,50.985,1982.722,62036
1787812684123,63feb0eb-2564-8058-5024-1e4cb93e9190,/p/0/3a8978700c0bbdbb,3,200,290292,269.088,4264.003,68080
1787812677068,8e7a01ec-a46f-8fd1-cdff-5aa0b89c8aab,/p/5/706a0b1a0fb9337a,5,200,515791,507.068,11383.832,45309
1787812687075,e74dc3e9-9b81-1c67-b868-f59eb1ef8038,/p/0/e2ca5d09566bc37,7,200,315533,111.167,1402.390,224997
1787812673055,28cc50e5-3465-4b99-2b80-02383cb906cd,/p/9/a9576bb4197a98b7,1,200,4096189,156.665,15440.029,265297
1787812687343,ed44bc0f-ef2d-a9ce-7a2d-62863ae567a0,/p/12/e8d13772c600a726,1,200,100196,215.337,1310.888,76434
1787812688097,9faa9546-7464-257f-611f-fdcf1ef233cd,/p/0/303cc8d300d714f0,1,200,216174,19.361,582.516,371104
1787812685268,fe9f5242-1dee-d8c5-2769-78aba5955fb8,/p/0/8423e05f6ad85458,1,200,406672,36.028,3450.467,117860
1787812688097,9faa9546-7464-257f-611f-fdcf1ef233cd,/p/0/303cc9d300d716a3,1,200,250629,12.430,690.186,363132
1787812676800,6ecd8cf8-f9e4-22fd-ee79-91329d872865,/p/7/d34b1ff93a9d1e45,3,200,5521505,45.064,12151.848,454376
1787812687675,c49809ce-1e0b-10d9-6024-9dfc810efd11,/p/1/37135e3bcd40d3c9,7,200,207097,38.352,1290.389,160492
1787812687605,fe9f5242-1dee-d8c5-2769-78aba5955fb8,/p/0/fe749b69926e6d89,2,200,222990,193.972,1470.673,151625
1787812657478,94ddeec8-4713-1ccc-0771-93b0a7c1f7b0,/p/4/36bd5574976c7bf8,1,200,4180788,331.950,31636.693,132150
1787812684979,a1600f92-0f69-ec40-9031-91960e1644b6,/p/0/18925f7559fc239c,3,200,484493,188.813,4193.832,115525
1787812687605,fe9f5242-1dee-d8c5-2769-78aba5955fb8,/p/5/fe749a69926e6bd6,2,200,234778,248.402,1580.071,148587
1787812676468,c5aa0efa-81cb-c472-cc06-ea5a979bd993,/p/0/367a8de9186c8125,1,200,3252619,96.851,12723.445,255640
1787812613630,702b7d66-0ccc-7dff-26e7-1a1bb8b4a3ab,/p/0/cbfdb8903632ea2d,2,200,5088922,421.105,75608.307,67306
1787812684123,63feb0eb-2564-8058-5024-1e4cb93e9190,/p/0/3a897a700c0bc121,3,200,492383,245.629,5157.274,95474
1787812686507,8992b43b-4174-a0c1-16dc-9bd47c511dd8,/p/0/e87f2c368016f46,2,200,143997,435.019,3003.859,47937
1787812687675,c49809ce-1e0b-10d9-6024-9dfc810efd11,/p/0/37135d3bcd40d216,7,200,200341,214.657,1995.389,100402
1787812687654,9e0fba65-906f-29ac-85bf-db388693d2aa,/p/0/b01b103011a6c35a,8,200,487642,132.683,2022.724,241082
1787812686424,8cb74705-6b91-38bf-1a7e-0901efe0c132,/p/4/8dad5954f5a8bd70,1,200,2306225,91.520,3269.386,705400
1787812689115,94ddeec8-4713-1ccc-0771-93b0a7c1f7b0,/p/0/6745e268b407980e,2,200,268666,32.269,600.662,447283
1787812671012,553b9ccc-860b-52b9-85ef-0d28103041fa,/p/0/998344e0f4fb7911,6,200,2097812,149.188,18831.906,111397
1787812676172,fd5674f4-7e92-846e-8aca-195ffeced01e,/p/0/5566e4153165b479,1,200,4730625,14.057,13676.761,345888
1787812689115,94ddeec8-4713-1ccc-0771-93b0a7c1f7b0,/p/3/6745e368b40799c1,2,200,367829,27.999,780.333,471374
1787812687153,fff1ea97-b6b4-3164-10bb-35abbc98d713,/p/0/d51a5cf51cd549c4,13,200,381225,707.679,2743.050,138979
1787812689185,fe9f5242-1dee-d8c5-2769-78aba5955fb8,/p/4/8c43a40c9be0de63,3,200,97154,111.875,719.087,135107
1787812686482,8932535e-9b64-cb37-fd14-1d68673e7fd8,/p/0/b48202101edea630,1,200,189800,423.903,3427.407,55377
1787812689677,9e0fba65-906f-29ac-85bf-db388693d2aa,/p/1/815115e1e28424ac,9,200,240732,41.240,257.466,935006
1787812689866,a350c9e6-f13c-9da5-e0ca-0ad0e8044e1a,/?crawl=244,0,200,10362,71.313,104.522,99137
1787812688965,c49809ce-1e0b-10d9-6024-9dfc810efd11,/p/0/827a932157525896,8,200,69870,238.533,1101.294,63444
1787812689866,470096c7-fd9e-c4f0-2fd2-4cde63612b99,/?crawl=245,0,200,64718,58.737,313.921,206160
1787812689693,8cb74705-6b91-38bf-1a7e-0901efe0c132,/p/0/ad42117b0f0a79bb,2,200,205988,37.780,568.819,362133
1787812687335,a1600f92-0f69-ec40-9031-91960e1644b6,/p/0/4149230691c191ca,4,200,417505,140.583,2941.324,141945
1787812650765,82415893-2ab4-7ff9-5c23-674ddf0978c6,/p/0/bcad202aae1b5d3b,1,200,4857730,54.727,39574.738,122748
1787812688495,28cc50e5-3465-4b99-2b80-02383cb906cd,/p/8/c28c5a81be201e0a,2,200,258310,159.416,1877.319,137595
1787812689115,94ddeec8-4713-1ccc-0771-93b0a7c1f7b0,/p/0/6745e168b407965b,2,200,501436,28.121,1346.324,372448
1787812689896,94ddeec8-4713-1ccc-0771-93b0a7c1f7b0,/p/0/e5c91735ae8fce70,3,200,139068,32.937,596.004,233334
1787812686639,63135859-d311-aab9-b4d2-e0ee12621def,/p/0/2117adb28a43b1d0,1,200,208865,806.006,3875.195,53898
1787812687866,d23f0858-b1f7-bef1-1fdf-a9606a32322a,/?crawl=242,0,200,503494,77.593,2714.407,185490
1787812686701,9a32b0ef-c270-6f9f-10f8-32b2894067a2,/p/0/46c56239c907f28e,8,200,203457,565.511,3905.619,52093
1787812688321,9fdb75b2-e53e-03fe-6b2c-ae349e1d4f9c,/p/11/f2c9a13c996a6209,13,200,165004,591.757,2461.381,67037
1787812688321,9fdb75b2-e53e-03fe-6b2c-ae349e1d4f9c,/p/0/f2c99f3c996a5ea3,13,200,135160,362.811,2626.842,51453
1787812686923,29e71566-23fb-c266-6f70-fdb259fb1808,/p/0/a13ae1581873ab4,1,200,468167,214.532,4089.536,114479
1787812686507,8992b43b-4174-a0c1-16dc-9bd47c511dd8,/p/6/e87f0c368016be0,2,200,333366,1202.566,4529.903,73592
1787812674475,c73dac6e-70cd-a441-9567-fe760f466832,/p/0/8cdfe639b70c423f,7,200,5902640,189.055,16619.787,355157
1787812688355,e51c2ccc-530c-0524-fc27-87f81183ca9e,/p/0/2ebb163e87f337bd,2,200,231073,332.083,2767.374,83499
1787812687075,e74dc3e9-9b81-1c67-b868-f59eb1ef8038,/p/0/e2ca7d09566bf9d,7,200,370093,100.537,4088.904,90512
1787812686785,e74dc3e9-9b81-1c67-b868-f59eb1ef8038,/p/0/1bbcf0095248e4ca,6,200,470613,50.588,4379.676,107454
1787812686510,b65c0c64-3b12-5a25-dd6f-f7450caa3086,/p/0/3f53bc841fd5e843,12,200,219770,407.277,4712.490,46636
1787812686372,e51c2ccc-530c-0524-fc27-87f81183ca9e,/p/0/76a95ab7ecec4807,1,200,444764,245.931,4972.163,89451
1787812686639,63135859-d311-aab9-b4d2-e0ee12621def,/p/0/2117b0b28a43b6e9,1,200,291787,75.978,4846.046,60211
1787812687506,e07ca8dd-a6fc-0448-1afb-13a11a268b28,/p/0/2dadcd9c9e121141,2,200,280339,289.918,4184.278,66998
1787812688965,c49809ce-1e0b-10d9-6024-9dfc810efd11,/p/0/827a942157525a49,8,200,276979,296.562,2743.850,100945
1787812657478,94ddeec8-4713-1ccc-0771-93b0a7c1f7b0,/p/0/36bd5774976c7f5e,1,200,6066656,140.885,34333.491,176698
1787812687675,c49809ce-1e0b-10d9-6024-9dfc810efd11,/p/0/37135c3bcd40d063,7,200,497023,195.979,4160.783,119454
1787812655482,9e0fba65-906f-29ac-85bf-db388693d2aa,/p/0/28824581901ecad,4,200,2766957,406.603,36469.293,75871
1787812690783,9fdb75b2-e53e-03fe-6b2c-ae349e1d4f9c,/p/0/87fcc43d640907de,14,200,54609,431.053,1188.883,45933
1787812690372,28cc50e5-3465-4b99-2b80-02383cb906cd,/p/0/ba9641ec178091a2,3,200,65321,277.658,1658.795,39379
1787812613100,b65c0c64-3b12-5a25-dd6f-f7450caa3086,/p/0/57c09f2dd7e3c4e9,4,200,6012272,215.208,79049.732,76057
1787812687506,e07ca8dd-a6fc-0448-1afb-13a11a268b28,/p/12/2dadcc9c9e120f8e,2,200,381265,207.809,4755.314,80177
1787812691952,9e0fba65-906f-29ac-85bf-db388693d2aa,/p/0/815117e1e2842812,9,200,150976,44.228,313.251,481965
1787812686430,440d284a-4e1e-ee1c-2872-92f3eb9b00c6,/p/3/a37bbd540b17e067,9,200,3116815,49.647,5868.113,531144
1787812687506,e07ca8dd-a6fc-0448-1afb-13a11a268b28,/p/0/2dadca9c9e120c28,2,200,486324,228.391,4836.715,100548
1787812688965,c49809ce-1e0b-10d9-6024-9dfc810efd11,/p/0/827a9221575256e3,8,200,478950,257.271,3444.678,139041
1787812691866,8f2e4d7d-498d-7300-494d-d801cfe79269,/?crawl=246,0,200,154249,60.722,619.383,249037
1787812691037,8992b43b-4174-a0c1-16dc-9bd47c511dd8,/p/5/b53f4da76904c43d,3,200,82517,282.998,1462.205,56433
1787812688952,6ecd8cf8-f9e4-22fd-ee79-91329d872865,/p/0/111ed5108e6fd38a,4,200,265286,8.370,3621.003,73263
1787812692298,440d284a-4e1e-ee1c-2872-92f3eb9b00c6,/p/0/9db300affa7bae60,10,200,46997,92.120,277.085,169612
1787812688952,6ecd8cf8-f9e4-22fd-ee79-91329d872865,/p/6/111ed6108e6fd53d,4,200,471682,3306.649,3627.409,130033
1787812686372,e51c2ccc-530c-0524-fc27-87f81183ca9e,/p/0/76a95bb7ecec49ba,1,200,467630,51.124,6228.197,75083
1787812688355,e51c2ccc-530c-0524-fc27-87f81183ca9e,/p/7/2ebb153e87f3360a,2,200,316602,332.104,4369.172,72463
1787812689971,a350c9e6-f13c-9da5-e0ca-0ad0e8044e1a,/p/0/ea7bcbebbea7fc42,1,200,204635,94.333,2793.655,73250
1787812692265,9e0fba65-906f-29ac-85bf-db388693d2aa,/p/0/146daeb5063cf05a,10,200,224064,33.852,601.474,372525
1787812681944,71d51f65-0f4a-4aae-f6b2-ad04f139a00e,/p/1/4413010b5e8dbc42,2,200,4050080,453.530,11000.992,368156
1787812689904,fe9f5242-1dee-d8c5-2769-78aba5955fb8,/p/0/5c011e617ba2d9fb,4,200,96137,3166.090,3167.340,30353
1787812688097,9faa9546-7464-257f-611f-fdcf1ef233cd,/p/0/303ccbd300d71a09,1,200,5519970,37.678,5140.087,1073906
1787812692866,7c1e49a5-1a38-8625-e86a-7a995365ad59,/?crawl=248,0,200,507707,18.107,378.345,1341917
1787812688452,8e7a01ec-a46f-8fd1-cdff-5aa0b89c8aab,/p/4/e8211fa4598a2cf1,6,200,231779,1036.163,4814.079,48146
1787812684673,321a4300-0258-0b4e-ecc7-17716e887cda,/p/6/22b5986714a81e2,1,200,5414225,24.339,8647.918,626073
1787812681944,71d51f65-0f4a-4aae-f6b2-ad04f139a00e,/p/0/4412ff0b5e8db8dc,2,200,5354420,443.898,11387.532,470200
1787812688654,ed44bc0f-ef2d-a9ce-7a2d-62863ae567a0,/p/11/9b5bf0c30aff6eee,2,200,360543,233.444,4691.478,76851
1787812679376,1ff3bcd1-0da7-cd02-1374-522545639cba,/p/0/3c32063e1f69826f,7,200,3459047,124.943,14005.886,246971
1787812690372,28cc50e5-3465-4b99-2b80-02383cb906cd,/p/0/ba9640ec17808fef,3,200,230689,277.498,3031.781,76090
1787812692299,440d284a-4e1e-ee1c-2872-92f3eb9b00c6,/p/0/9db303affa7bb379,10,200,444300,91.976,1241.952,357743
1787812692945,71d51f65-0f4a-4aae-f6b2-ad04f139a00e,/p/0/27ac29500922584f,3,200,62603,385.936,615.295,101745
1787812689896,94ddeec8-4713-1ccc-0771-93b0a7c1f7b0,/p/0/e5c91a35ae8fd389,3,200,4398680,51.395,3689.804,1192118
1787812693321,321a4300-0258-0b4e-ecc7-17716e887cda,/p/0/dce4e38a8435d5d0,2,200,139314,3.955,316.648,439964
1787812693321,321a4300-0258-0b4e-ecc7-17716e887cda,/p/5/dce4e58a8435d936,2,200,150297,3.525,322.100,466616
1787812692945,71d51f65-0f4a-4aae-f6b2-ad04f139a00e,/p/0/27ac28500922569c,3,200,175864,614.925,738.356,238183
1787812692945,71d51f65-0f4a-4aae-f6b2-ad04f139a00e,/p/0/27ac2a5009225a02,3,200,462688,386.335,741.125,624305
1787812693245,7c1e49a5-1a38-8625-e86a-7a995365ad59,/p/0/382521621113d48e,1,200,191000,10.551,447.402,426910
1787812693245,7c1e49a5-1a38-8625-e86a-7a995365ad59,/p/1/38251f621113d128,1,200,213457,16.384,513.587,415620
1787812688453,8e7a01ec-a46f-8fd1-cdff-5aa0b89c8aab,/p/0/e8211ea4598a2b3e,6,200,269653,889.703,5319.795,50689
1787812687153,fff1ea97-b6b4-3164-10bb-35abbc98d713,/p/0/d51a5ff51cd54edd,13,0,1766695,707.682,6713.297,263164
1787812681585,fff1ea97-b6b4-3164-10bb-35abbc98d713,/p/0/a177a4d84f9d281b,12,0,1858859,423.168,12280.886,151362
1787812687153,fff1ea97-b6b4-3164-10bb-35abbc98d713,/p/0/d51a5df51cd54b77,13,0,1404431,395.778,6713.262,209202
1787812674937,fff1ea97-b6b4-3164-10bb-35abbc98d713,/p/0/d3ad0c8bb2f02098,11,0,2313699,365.363,18929.171,122229
1787812688495,28cc50e5-3465-4b99-2b80-02383cb906cd,/p/0/c28c5881be201aa4,2,200,310101,339.247,5399.460,57432
1787812690372,28cc50e5-3465-4b99-2b80-02383cb906cd,/p/7/ba963fec17808e3c,3,200,275400,329.422,3522.041,78193
1787812686430,440d284a-4e1e-ee1c-2872-92f3eb9b00c6,/p/0/a37bbf540b17e3cd,9,200,3790240,70.448,7471.229,507311
1787812682548,1ff3bcd1-0da7-cd02-1374-522545639cba,/p/3/c27b304d849b80b8,9,200,2920670,91.684,11366.162,256962
1787812690783,9fdb75b2-e53e-03fe-6b2c-ae349e1d4f9c,/p/10/87fcc53d64090991,14,200,210154,361.290,3157.058,66566
1787812689896,94ddeec8-4713-1ccc-0771-93b0a7c1f7b0,/p/2/e5c91835ae8fd023,3,200,4965423,58.355,4053.595,1224943
1787812693949,94ddeec8-4713-1ccc-0771-93b0a7c1f7b0,/p/0/10fb18ac80ffad27,4,200,19096,10.053,25.836,739129
1787812688495,28cc50e5-3465-4b99-2b80-02383cb906cd,/p/0/c28c5b81be201fbd,2,200,395860,52.092,5502.949,71936
1787812693949,94ddeec8-4713-1ccc-0771-93b0a7c1f7b0,/p/1/10fb1aac80ffb08d,4,200,119768,13.108,76.518,1565222
1787812689904,fe9f5242-1dee-d8c5-2769-78aba5955fb8,/p/0/5c011f617ba2dbae,4,200,147231,3165.143,4130.847,35642
1787812689904,fe9f5242-1dee-d8c5-2769-78aba5955fb8,/p/3/5c0120617ba2dd61,4,200,121559,3165.075,4148.015,29305
1787812686723,702b7d66-0ccc-7dff-26e7-1a1bb8b4a3ab,/p/0/e15684e9b5a9bf4a,6,200,259495,358.094,7359.702,35259
1787812693915,1ff3bcd1-0da7-cd02-1374-522545639cba,/p/2/2c0322e38e881c0e,10,200,41761,79.716,212.534,196491
1787812688654,ed44bc0f-ef2d-a9ce-7a2d-62863ae567a0,/p/0/9b5beec30aff6b88,2,200,267150,342.574,5543.662,48190
1787812688654,ed44bc0f-ef2d-a9ce-7a2d-62863ae567a0,/p/0/9b5bf1c30aff70a1,2,200,437011,233.336,5543.704,78830
1787812693245,7c1e49a5-1a38-8625-e86a-7a995365ad59,/p/0/382520621113d2db,1,200,493104,40.544,973.782,506380
1787812658063,dfb72c95-9df6-a302-4f7f-eb28eb530616,/p/0/fb85792b3bbd85d1,8,200,4283467,341.868,36260.170,118131
1787812694026,94ddeec8-4713-1ccc-0771-93b0a7c1f7b0,/p/0/81a22b65c4236694,5,200,227471,20.708,368.219,617760
1787812693322,321a4300-0258-0b4e-ecc7-17716e887cda,/p/0/dce4e68a8435dae9,2,200,427260,1.723,1233.400,346408
1787812693644,321a4300-0258-0b4e-ecc7-17716e887cda,/p/0/6aff69643ce947c2,3,200,168867,913.317,919.143,183722
1787812687075,e74dc3e9-9b81-1c67-b868-f59eb1ef8038,/p/0/e2ca4d09566ba84,7,200,4466255,100.374,7493.608,596009
1787812693758,7c1e49a5-1a38-8625-e86a-7a995365ad59,/p/0/4a5da096303911ae,2,200,302251,82.677,856.400,352932
1787812676403,419ec04a-3ac5-43e5-eb84-bca38d6ad0bc,/p/1/3c6af305e40583b6,2,200,4122802,168.737,18365.903,224481
1787812665170,e6643b89-1dd1-2310-bf50-2a904aaa6e86,/p/0/10c0cfb351bd23e3,2,200,2585519,388.730,29614.617,87306
1787812690581,d23f0858-b1f7-bef1-1fdf-a9606a32322a,/p/0/c3a7203095720e69,1,200,340459,233.703,4208.726,80894
1787812689971,a350c9e6-f13c-9da5-e0ca-0ad0e8044e1a,/p/0/ea7bcaebbea7fa8f,1,200,362674,419.312,4820.639,75234
1787812694127,1ff3bcd1-0da7-cd02-1374-522545639cba,/p/0/900ce0489d00f015,11,200,96159,112.908,670.207,143477
1787812693644,321a4300-0258-0b4e-ecc7-17716e887cda,/p/4/6aff6a643ce94975,3,200,486012,911.456,1186.629,409574
1787812693758,7c1e49a5-1a38-8625-e86a-7a995365ad59,/p/0/4a5d9e9630390e48,2,200,487033,87.978,1106.490,440160
1787812692499,8992b43b-4174-a0c1-16dc-9bd47c511dd8,/p/0/491130be41db6f31,4,200,63888,309.130,2403.723,26579
1787812690580,d23f0858-b1f7-bef1-1fdf-a9606a32322a,/p/5/c3a71f3095720cb6,1,200,413460,77.900,4330.934,95467
1787812686482,8932535e-9b64-cb37-fd14-1d68673e7fd8,/p/12/b48204101edea996,1,200,2669805,76.655,8562.393,311806
1787812692579,6ecd8cf8-f9e4-22fd-ee79-91329d872865,/p/0/fab9860fb3a9de63,5,200,233734,220.972,2470.313,94617
1787812686482,8932535e-9b64-cb37-fd14-1d68673e7fd8,/p/0/b48205101edeab49,1,200,2589191,76.616,8592.960,301315
1787812695045,8932535e-9b64-cb37-fd14-1d68673e7fd8,/p/11/6ee339570a76145f,2,200,19123,34.494,55.475,344713
1787812664641,3952e698-9ec0-461c-370f-3bcdd2b0f130,/p/0/c40bc546897c4745,3,200,2662755,504.261,30479.629,87362
1787812695100,8932535e-9b64-cb37-fd14-1d68673e7fd8,/p/0/b9173b9657e1b17f,3,200,8377,44.058,72.286,115887
1787812695045,8932535e-9b64-cb37-fd14-1d68673e7fd8,/p/0/6ee338570a7612ac,2,200,178211,36.830,163.265,1091544
1787812694052,fe9f5242-1dee-d8c5-2769-78aba5955fb8,/p/2/df8b572a1cb3b5b3,5,200,27980,247.793,1228.180,22782
1787812694769,419ec04a-3ac5-43e5-eb84-bca38d6ad0bc,/p/0/5e92a50daea881d4,3,200,73902,156.477,524.166,140990
1787812650765,82415893-2ab4-7ff9-5c23-674ddf0978c6,/p/4/bcad222aae1b60a1,1,200,5709742,306.745,44551.374,128161
1787812688452,8e7a01ec-a46f-8fd1-cdff-5aa0b89c8aab,/p/0/e8211da4598a298b,6,200,301418,1000.713,6886.828,43767
1787812695045,8932535e-9b64-cb37-fd14-1d68673e7fd8,/p/0/6ee33b570a7617c5,2,200,304857,49.606,427.447,713205
1787812692486,8f2e4d7d-498d-7300-494d-d801cfe79269,/p/0/115072a6e7dde19c,1,200,191889,56.368,2987.946,64221
1787812695100,8932535e-9b64-cb37-fd14-1d68673e7fd8,/p/10/b9173a9657e1afcc,3,200,445467,44.009,486.988,914738
1787812690580,d23f0858-b1f7-bef1-1fdf-a9606a32322a,/p/0/c3a71d3095720950,1,200,405586,539.373,5091.375,79661
1787812686866,7d9bd299-f439-b81d-f69e-7c44eab037c8,/?crawl=240,0,200,250300,894.950,8968.352,27909
1787812662239,9e0fba65-906f-29ac-85bf-db388693d2aa,/p/0/105a0e194b8be720,6,200,4445536,532.695,33669.184,132036
1787812694127,1ff3bcd1-0da7-cd02-1374-522545639cba,/p/0/900cdd489d00eafc,11,200,354368,97.282,1818.849,194831
1787812692579,6ecd8cf8-f9e4-22fd-ee79-91329d872865,/p/0/fab9870fb3a9e016,5,200,389508,220.988,3385.744,115044
1787812692299,440d284a-4e1e-ee1c-2872-92f3eb9b00c6,/p/2/9db302affa7bb1c6,10,200,2606249,91.909,3775.988,690217
1787812695587,8932535e-9b64-cb37-fd14-1d68673e7fd8,/p/9/609852f4d5e6df65,4,200,311722,43.937,518.784,600870
1787812696075,440d284a-4e1e-ee1c-2872-92f3eb9b00c6,/p/0/fe65be1f0b7e27a5,11,200,13417,78.473,91.870,146043
1787812691037,8992b43b-4174-a0c1-16dc-9bd47c511dd8,/p/0/b53f4ca76904c28a,3,200,280926,423.132,5154.818,54498
1787812692261,e07ca8dd-a6fc-0448-1afb-13a11a268b28,/p/0/105ad11ba59f91,3,200,361605,266.939,3951.280,91516
1787812695909,9e0fba65-906f-29ac-85bf-db388693d2aa,/p/0/146dacb5063cecf4,10,200,181184,35.698,363.208,498844
1787812693895,28cc50e5-3465-4b99-2b80-02383cb906cd,/p/0/d587f9f4c2173e75,4,200,300816,128.878,2465.666,122002
1787812695587,8932535e-9b64-cb37-fd14-1d68673e7fd8,/p/0/609851f4d5e6ddb2,4,200,451363,35.612,854.301,528342
1787812696106,8932535e-9b64-cb37-fd14-1d68673e7fd8,/p/8/9df9f2ac1cc82297,5,200,201388,49.028,392.417,513199
1787812693644,321a4300-0258-0b4e-ecc7-17716e887cda,/p/0/6aff68643ce9460f,3,200,455828,913.196,2868.445,158911
1787812694830,321a4300-0258-0b4e-ecc7-17716e887cda,/p/0/aebcc0e638f319f1,4,200,55956,1681.610,1682.867,33250
1787812694830,321a4300-0258-0b4e-ecc7-17716e887cda,/p/0/aebcbde638f314d8,4,200,155766,1681.847,1692.051,92058
1787812692261,e07ca8dd-a6fc-0448-1afb-13a11a268b28,/p/0/1057d11ba59a78,3,200,302489,205.553,4305.947,70249
1787812692724,e51c2ccc-530c-0524-fc27-87f81183ca9e,/p/0/e13fd2deb97c143c,3,200,310019,324.902,3896.756,79558
1787812693894,28cc50e5-3465-4b99-2b80-02383cb906cd,/p/0/d587f6f4c217395c,4,200,328220,363.032,2857.813,114850
1787812694127,1ff3bcd1-0da7-cd02-1374-522545639cba,/p/1/900cde489d00ecaf,11,200,446922,153.120,2677.171,166938
1787812696106,8932535e-9b64-cb37-fd14-1d68673e7fd8,/p/0/9df9f1ac1cc820e4,5,200,454758,36.633,759.512,598750
1787812696499,8932535e-9b64-cb37-fd14-1d68673e7fd8,/p/7/d3d2ca289a7e3244,6,200,213493,19.780,384.306,555529
1787812689934,9e0fba65-906f-29ac-85bf-db388693d2aa,/p/0/815116e1e284265f,9,200,3304364,23.794,7035.603,469663
1787812693346,ed44bc0f-ef2d-a9ce-7a2d-62863ae567a0,/p/0/133fd7f7b84a517,3,200,326183,235.615,3679.917,88639
1787812676403,419ec04a-3ac5-43e5-eb84-bca38d6ad0bc,/p/0/3c6af105e4058050,2,200,4129854,155.457,20631.516,200172
1787812690783,9fdb75b2-e53e-03fe-6b2c-ae349e1d4f9c,/p/0/87fcc33d6409062b,14,200,293622,392.887,6350.515,46236
1787812696883,8932535e-9b64-cb37-fd14-1d68673e7fd8,/p/6/ba66693c0670136e,7,200,128656,293.169,305.967,420489
1787812697189,8932535e-9b64-cb37-fd14-1d68673e7fd8,/p/0/ba666a3c06701521,7,200,14218,47.861,58.235,244150
1787812679627,553b9ccc-860b-52b9-85ef-0d28103041fa,/p/3/73e79f4b02eff6,9,200,3146175,196.154,17653.688,178216
1787812696075,440d284a-4e1e-ee1c-2872-92f3eb9b00c6,/p/1/fe65bd1f0b7e25f2,11,200,358605,91.803,1228.451,291916
1787812669013,9e0fba65-906f-29ac-85bf-db388693d2aa,/p/0/2a7013edc34050ca,7,200,5311660,441.936,28307.133,187644
1787812680866,d8034ba6-4789-5f97-4360-1ea481a9ca9b,/?crawl=229,0,200,5878440,41.704,16561.811,354939
1787812697281,553b9ccc-860b-52b9-85ef-0d28103041fa,/p/0/5f4850fde511eb0d,10,200,12922,195.585,224.885,57461
1787812689238,702b7d66-0ccc-7dff-26e7-1a1bb8b4a3ab,/p/10/b9928583fe65d7a3,7,200,197930,938.726,8290.543,23874
1787812697281,553b9ccc-860b-52b9-85ef-0d28103041fa,/p/2/5f484ffde511e95a,10,200,30220,166.556,320.894,94174
1787812693267,8e7a01ec-a46f-8fd1-cdff-5aa0b89c8aab,/p/3/97fcfbb21b4d99ee,7,200,244006,505.826,4394.442,55526
1787812693758,7c1e49a5-1a38-8625-e86a-7a995365ad59,/p/0/4a5d9f9630390ffb,2,200,4474048,82.510,3905.381,1145611
1787812692486,8f2e4d7d-498d-7300-494d-d801cfe79269,/p/0/115075a6e7dde6b5,1,200,400592,110.885,5180.685,77324
1787812696075,440d284a-4e1e-ee1c-2872-92f3eb9b00c6,/p/0/fe65bb1f0b7e228c,11,200,386355,161.549,1629.972,237032
1787812697303,440d284a-4e1e-ee1c-2872-92f3eb9b00c6,/p/0/cbab270219f40687,12,200,23270,273.408,443.499,52469
1787812654401,9e0fba65-906f-29ac-85bf-db388693d2aa,/p/0/b695236034efe0ee,3,200,6267284,330.750,43358.769,144545
1787812692499,8992b43b-4174-a0c1-16dc-9bd47c511dd8,/p/0/49112dbe41db6a18,4,200,285118,368.366,5265.301,54150
1787812693267,8e7a01ec-a46f-8fd1-cdff-5aa0b89c8aab,/p/0/97fcf9b21b4d9688,7,200,418246,540.417,4812.015,86917
1787812693346,ed44bc0f-ef2d-a9ce-7a2d-62863ae567a0,/p/0/133fe7f7b84a6ca,3,200,291085,555.203,4735.162,61473
1787812697428,d8034ba6-4789-5f97-4360-1ea481a9ca9b,/p/0/178e35bcff734a6b,1,200,87908,179.292,653.404,134538
1787812683031,e4c8a592-ef20-dddc-e06d-c3bb2884d28d,/p/0/afd8380087a1bd9f,6,200,2946613,452.145,15065.112,195592
1787812697428,d8034ba6-4789-5f97-4360-1ea481a9ca9b,/p/0/178e36bcff734c1e,1,200,98855,40.309,695.167,142203
1787812697281,553b9ccc-860b-52b9-85ef-0d28103041fa,/p/0/5f484dfde511e5f4,10,200,134935,224.949,850.764,158605
1787812694052,fe9f5242-1dee-d8c5-2769-78aba5955fb8,/p/0/df8b592a1cb3b919,5,200,359458,210.909,4184.048,85912
1787812694026,94ddeec8-4713-1ccc-0771-93b0a7c1f7b0,/p/0/81a22c65c4236847,5,200,4340829,23.239,4357.707,996127
1787812687684,9e0fba65-906f-29ac-85bf-db388693d2aa,/p/0/b01b0f3011a6c1a7,8,200,6153194,80.478,10975.799,560615
1787812692724,e51c2ccc-530c-0524-fc27-87f81183ca9e,/p/6/e13fd3deb97c15ef,3,200,412870,301.435,6086.722,67831
1787812692724,e51c2ccc-530c-0524-fc27-87f81183ca9e,/p/0/e13fd5deb97c1955,3,200,488102,324.912,6089.567,80154
1787812697303,440d284a-4e1e-ee1c-2872-92f3eb9b00c6,/p/0/cbab280219f4083a,12,200,394876,194.424,1557.350,253556
1787812681282,fd5674f4-7e92-846e-8aca-195ffeced01e,/p/0/1337033ad9c8498f,2,200,5213735,88.393,17594.027,296336
1787812693346,ed44bc0f-ef2d-a9ce-7a2d-62863ae567a0,/p/10/133ff7f7b84a87d,3,200,509329,491.784,5590.502,91106
1787812697602,553b9ccc-860b-52b9-85ef-0d28103041fa,/p/0/1066125e7a44d334,11,200,168586,156.369,1401.795,120264
1787812696804,1ff3bcd1-0da7-cd02-1374-522545639cba,/p/0/652f8c3dbab4b711,12,200,295511,115.911,2300.731,128442
1787812697602,553b9ccc-860b-52b9-85ef-0d28103041fa,/p/1/1066145e7a44d69a,11,200,199430,141.175,1521.434,131080
1787812697428,d8034ba6-4789-5f97-4360-1ea481a9ca9b,/p/1/178e37bcff734dd1,1,200,377161,220.080,1788.749,210852
1787812682115,fd5674f4-7e92-846e-8aca-195ffeced01e,/p/11/13d18d09d556953e,3,200,5144910,112.863,17104.842,300787
1787812692866,9e0fba65-906f-29ac-85bf-db388693d2aa,/p/0/146dafb5063cf20d,10,200,5939347,21.743,6382.872,930513
1787812694026,94ddeec8-4713-1ccc-0771-93b0a7c1f7b0,/p/0/81a22e65c4236bad,5,200,5897838,26.686,5387.022,1094824
1787812698936,ed44bc0f-ef2d-a9ce-7a2d-62863ae567a0,/p/9/6163ffd0ecca2813,4,200,67320,218.052,502.215,134046
1787812693949,94ddeec8-4713-1ccc-0771-93b0a7c1f7b0,/p/0/10fb19ac80ffaeda,4,200,6273674,27.037,5532.522,1133963
1787812670783,a3113622-153a-4853-9f4b-e682800ffcd5,/p/0/6b7931d20db419b9,4,200,2836360,186.415,28752.422,98648
1787812696805,1ff3bcd1-0da7-cd02-1374-522545639cba,/p/0/652f893dbab4b1f8,12,200,393510,115.974,3124.508,125943
1787812694830,321a4300-0258-0b4e-ecc7-17716e887cda,/p/3/aebcbfe638f3183e,4,200,3233738,1682.599,5161.457,626517
1787812693267,8e7a01ec-a46f-8fd1-cdff-5aa0b89c8aab,/p/0/97fcfcb21b4d9ba1,7,200,438955,400.819,6761.381,64921
1787812699220,fd5674f4-7e92-846e-8aca-195ffeced01e,/p/0/c7a1d41398bad6a8,4,200,101637,82.855,831.075,122296
1787812694866,1e6d9d81-8b6c-6e3a-7184-79ceb2af2878,/?crawl=249,0,200,2574606,30.375,5304.075,485402
1787812697661,8e7a01ec-a46f-8fd1-cdff-5aa0b89c8aab,/p/0/d55bb88b23eeff8f,8,200,228526,2446.097,2521.083,90646
1787812694083,702b7d66-0ccc-7dff-26e7-1a1bb8b4a3ab,/p/0/b9928483fe65d5f0,7,200,197776,429.496,6198.507,31907
1787812692499,8992b43b-4174-a0c1-16dc-9bd47c511dd8,/p/4/49112ebe41db6bcb,4,200,421804,279.519,7786.227,54173
1787812692866,0cac6aae-1489-56e0-7461-86608a6b60d9,/?crawl=247,0,200,375704,293.069,7421.588,50623
1787812676969,dfb72c95-9df6-a302-4f7f-eb28eb530616,/p/0/a9ef619b357a6101,11,200,5688371,147.073,23415.954,242927
1787812676790,63a2f736-a599-8f16-6df1-716b89ede193,/p/4/796efe04f8ec0863,18,0,4597818,219.128,23675.076,194205
1787812676730,63a2f736-a599-8f16-6df1-716b89ede193,/p/0/81c75dd96b9d2262,17,0,4053119,60.202,23735.553,170762
1787812676790,63a2f736-a599-8f16-6df1-716b89ede193,/p/0/796f0004f8ec0bc9,18,0,3521923,219.139,23675.341,148759
1787812698236,fe9f5242-1dee-d8c5-2769-78aba5955fb8,/p/0/5aaaeb4bbd7a4e43,6,200,193688,369.259,2269.094,85359
1787812673706,c646942c-ed5a-0fb7-d9a0-14e1ac87f778,/p/6/d5ede550f17a3609,6,200,4690101,236.478,26870.198,174547
1787812695317,82415893-2ab4-7ff9-5c23-674ddf0978c6,/p/0/e5ad9c723a168dc6,2,200,363360,221.304,5340.881,68034
1787812699220,fd5674f4-7e92-846e-8aca-195ffeced01e,/p/0/c7a1d71398badbc1,4,200,243338,83.068,1448.822,167956
1787812689693,8cb74705-6b91-38bf-1a7e-0901efe0c132,/p/3/ad42107b0f0a7808,2,200,4268210,18.019,10988.000,388443
1787812689693,8cb74705-6b91-38bf-1a7e-0901efe0c132,/p/0/ad42127b0f0a7b6e,2,200,4417833,54.346,10988.077,402057
1787812682115,fd5674f4-7e92-846e-8aca-195ffeced01e,/p/0/13d18e09d55696f1,3,200,5417654,164.230,18647.088,290536
1787812693940,9fdb75b2-e53e-03fe-6b2c-ae349e1d4f9c,/p/9/48402aeff8096d59,15,200,261853,361.851,6825.751,38363
1787812700170,1e6d9d81-8b6c-6e3a-7184-79ceb2af2878,/p/0/cb8f73bfa5aec588,1,200,132841,231.009,735.823,180534
1787812695280,fe9f5242-1dee-d8c5-2769-78aba5955fb8,/p/0/5aaaec4bbd7a4ff6,6,200,311272,197.708,5759.418,54046
1787812693940,9fdb75b2-e53e-03fe-6b2c-ae349e1d4f9c,/p/0/484029eff8096ba6,15,200,429689,328.422,7154.545,60058
1787812699123,553b9ccc-860b-52b9-85ef-0d28103041fa,/p/0/d9471d7edfb1657f,12,200,176767,181.883,2066.987,85519
1787812700170,1e6d9d81-8b6c-6e3a-7184-79ceb2af2878,/p/0/cb8f76bfa5aecaa1,1,200,135988,231.081,1057.565,128586
1787812700681,8cb74705-6b91-38bf-1a7e-0901efe0c132,/p/0/fddbfb8a7b865c7f,3,200,226301,19.485,622.440,363571
1787812697661,8e7a01ec-a46f-8fd1-cdff-5aa0b89c8aab,/p/2/d55bb78b23eefddc,8,200,237540,2446.040,3660.029,64901
1787812699217,d8034ba6-4789-5f97-4360-1ea481a9ca9b,/p/0/148fe5711167b027,2,200,207724,52.343,2163.121,96030
1787812694052,fe9f5242-1dee-d8c5-2769-78aba5955fb8,/p/0/df8b562a1cb3b400,5,200,508650,265.459,7354.666,69160
1787812700681,8cb74705-6b91-38bf-1a7e-0901efe0c132,/p/2/fddbfd8a7b865fe5,3,200,257342,93.221,844.411,304759
1787812700576,c646942c-ed5a-0fb7-d9a0-14e1ac87f778,/p/0/74b8317c283ecfa5,7,200,68165,206.906,1171.647,58179
1787812700170,1e6d9d81-8b6c-6e3a-7184-79ceb2af2878,/p/9/cb8f74bfa5aec73b,1,200,521668,135.876,1619.407,322135
1787812660215,e6643b89-1dd1-2310-bf50-2a904aaa6e86,/p/0/263ba13ea2b29274,1,200,4713491,472.541,41624.468,113238
1787812697602,553b9ccc-860b-52b9-85ef-0d28103041fa,/p/0/1066155e7a44d84d,11,200,467435,141.147,4270.280,109462
1787812701790,1e6d9d81-8b6c-6e3a-7184-79ceb2af2878,/p/0/9be2cc8def5a74a,2,200,83854,29.644,217.774,385051
1787812686647,c5aa0efa-81cb-c472-cc06-ea5a979bd993,/p/0/151a505ee1071b28,3,200,3975019,223.960,15397.216,258165
1787812680530,63feb0eb-2564-8058-5024-1e4cb93e9190,/p/0/96f1edabefca8769,2,200,3144871,238.883,21599.331,145600
1787812699217,d8034ba6-4789-5f97-4360-1ea481a9ca9b,/p/0/148fe6711167b1da,2,200,511570,52.415,2968.548,172330
1787812699992,321a4300-0258-0b4e-ecc7-17716e887cda,/p/0/f868e6a483c71730,5,200,505875,250.339,2267.280,223120
1787812700577,c646942c-ed5a-0fb7-d9a0-14e1ac87f778,/p/0/74b82e7c283eca8c,7,200,177877,283.932,1879.708,94630
1787812678385,1ff3bcd1-0da7-cd02-1374-522545639cba,/p/0/edc56501409bd8fd,6,200,6139266,97.548,24072.183,255036
1787812662315,a3113622-153a-4853-9f4b-e682800ffcd5,/p/0/b1bda50d2710d4ce,1,200,4172498,69.237,40154.229,103912
1787812699217,d8034ba6-4789-5f97-4360-1ea481a9ca9b,/p/0/148fe7711167b38d,2,200,445969,52.413,3304.677,134951
1787812701526,8cb74705-6b91-38bf-1a7e-0901efe0c132,/p/1/80faa4c03fc80b42,4,200,198141,104.118,1052.989,188170
1787812686910,a1600f92-0f69-ec40-9031-91960e1644b6,/p/0/4149210691c18e64,4,200,3903225,231.155,15717.731,248333
1787812699220,fd5674f4-7e92-846e-8aca-195ffeced01e,/p/10/c7a1d51398bad85b,4,200,2749294,88.580,3606.498,762317
1787812693940,9fdb75b2-e53e-03fe-6b2c-ae349e1d4f9c,/p/0/484028eff80969f3,15,200,433421,458.891,9163.110,47301
1787812701526,8cb74705-6b91-38bf-1a7e-0901efe0c132,/p/0/80faa5c03fc80cf5,4,200,272946,94.380,1677.975,162664
1787812668239,4c48e9e8-5a19-c03d-3947-95518656d187,/p/0/2ddec1d9f16f0a78,4,200,4046406,3371.235,35039.648,115481
1787812662384,a3113622-153a-4853-9f4b-e682800ffcd5,/p/0/4b133ab75494c4be,2,200,4526351,196.250,40968.546,110484
1787812686923,29e71566-23fb-c266-6f70-fdb259fb1808,/p/0/a13b11581873fcd,1,200,3248151,62.382,16534.094,196452
1787812702579,8cb74705-6b91-38bf-1a7e-0901efe0c132,/p/0/a9ddb7d9be2f4e7d,5,200,137676,119.113,935.290,147201
1787812702826,fd5674f4-7e92-846e-8aca-195ffeced01e,/p/0/1c1a22babf22038a,5,200,295713,28.221,720.360,410507
1787812701790,1e6d9d81-8b6c-6e3a-7184-79ceb2af2878,/p/0/9be2bc8def5a597,2,200,389538,58.291,1783.465,218416
1787812701790,1e6d9d81-8b6c-6e3a-7184-79ceb2af2878,/p/8/9be2dc8def5a8fd,2,200,508328,145.105,1991.926,255194
1787812702827,fd5674f4-7e92-846e-8aca-195ffeced01e,/p/9/1c1a20babf220024,5,200,395154,14.167,1056.158,374143
1787812672091,a3113622-153a-4853-9f4b-e682800ffcd5,/p/10/7194628b749e211a,5,200,3493156,167.787,31876.896,109583
1787812698811,e51c2ccc-530c-0524-fc27-87f81183ca9e,/p/5/5f55ac4cd1f4b14e,4,200,316900,3341.651,5174.792,61239
1787812697303,440d284a-4e1e-ee1c-2872-92f3eb9b00c6,/p/0/cbab260219f404d4,12,200,6068038,157.731,6747.631,899284
1787812702579,8cb74705-6b91-38bf-1a7e-0901efe0c132,/p/0/a9ddb4d9be2f4964,5,200,259581,109.478,1588.730,163389
1787812693895,28cc50e5-3465-4b99-2b80-02383cb906cd,/p/6/d587f8f4c2173cc2,4,200,2269490,415.363,10384.671,218542
1787812686647,c5aa0efa-81cb-c472-cc06-ea5a979bd993,/p/0/151a535ee1072041,3,200,5653798,235.948,17897.772,315894
1787812671354,de489acb-a1f2-3b88-37a4-73b1b11cf59c,/p/1/c2556bdfc5a92594,4,200,5703758,656.023,33397.614,170783
1787812689185,fe9f5242-1dee-d8c5-2769-78aba5955fb8,/p/0/8c43a30c9be0dcb0,3,200,2242604,232.765,15578.462,143955
1787812703883,fd5674f4-7e92-846e-8aca-195ffeced01e,/p/0/1dde5995d470586a,6,200,234963,93.329,940.386,249858
1787812703883,fd5674f4-7e92-846e-8aca-195ffeced01e,/p/8/1dde5a95d4705a1d,6,200,239045,86.362,969.314,246613
1787812703985,e51c2ccc-530c-0524-fc27-87f81183ca9e,/p/0/90fb1b84931513a6,5,200,47717,248.767,898.275,53121
1787812697661,8e7a01ec-a46f-8fd1-cdff-5aa0b89c8aab,/p/0/d55bb98b23ef0142,8,200,476379,2455.873,7258.198,65633
1787812703985,e51c2ccc-530c-0524-fc27-87f81183ca9e,/p/4/90fb1c8493151559,5,200,29946,347.800,1099.137,27245
1787812703782,1e6d9d81-8b6c-6e3a-7184-79ceb2af2878,/p/0/1fa91079fa865650,3,200,276990,30.205,1524.673,181672
1787812682042,a1600f92-0f69-ec40-9031-91960e1644b6,/p/0/6ec10328dcaf8a1c,1,200,6144152,211.353,23483.610,261636
1787812705085,e51c2ccc-530c-0524-fc27-87f81183ca9e,/p/3/bf80c196ae151d60,6,200,21646,300.582,525.227,41213
1787812672483,553b9ccc-860b-52b9-85ef-0d28103041fa,/p/0/c76d01af8789ca6f,7,200,5312888,138.168,33237.416,159847
1787812704279,28cc50e5-3465-4b99-2b80-02383cb906cd,/p/0/f574d25ef859ee1f,5,200,170668,127.975,1577.296,108203
1787812687088,b65c0c64-3b12-5a25-dd6f-f7450caa3086,/p/0/3f53bd841fd5e9f6,12,0,1887715,236.425,18778.058,100528
1787812686421,b65c0c64-3b12-5a25-dd6f-f7450caa3086,/p/1/3f53bb841fd5e690,12,0,1827210,238.390,19445.287,93967
1787812672790,b65c0c64-3b12-5a25-dd6f-f7450caa3086,/p/0/b6d4a8beec4c2219,10,0,2893811,278.246,33076.093,87490
1787812697529,702b7d66-0ccc-7dff-26e7-1a1bb8b4a3ab,/p/0/b9928783fe65db09,7,200,307335,582.865,8378.320,36682
1787812698811,e51c2ccc-530c-0524-fc27-87f81183ca9e,/p/0/5f55aa4cd1f4ade8,4,200,406650,3341.742,7096.864,57300
1787812704852,fd5674f4-7e92-846e-8aca-195ffeced01e,/p/0/d13910e5e13beb93,7,200,227818,72.641,1075.152,211894
1787812686639,63135859-d311-aab9-b4d2-e0ee12621def,/p/3/2117aeb28a43b383,1,200,3213400,806.101,19486.420,164905
1787812704852,fd5674f4-7e92-846e-8aca-195ffeced01e,/p/0/d13911e5e13bed46,7,200,201620,72.657,1301.952,154860
1787812704279,28cc50e5-3465-4b99-2b80-02383cb906cd,/p/5/f574d45ef859f185,5,200,180765,50.525,1913.224,94482
1787812699439,ed44bc0f-ef2d-a9ce-7a2d-62863ae567a0,/p/8/e310d133a0964032,5,200,362791,365.903,6765.410,53624
1787812703968,a3113622-153a-4853-9f4b-e682800ffcd5,/p/0/cd4b88c940929552,6,200,506226,141.247,2270.369,222971
1787812672091,a3113622-153a-4853-9f4b-e682800ffcd5,/p/0/7194638b749e22cd,5,200,3883307,236.465,34177.096,113623
1787812703782,1e6d9d81-8b6c-6e3a-7184-79ceb2af2878,/p/7/1fa91179fa865803,3,200,484755,148.649,2657.401,182417
1787812704751,de489acb-a1f2-3b88-37a4-73b1b11cf59c,/p/0/b7c4b1cd6681d863,5,200,129530,307.602,1963.431,65971
1787812700282,702b7d66-0ccc-7dff-26e7-1a1bb8b4a3ab,/p/9/89f860d4f3b34571,8,200,503841,971.219,6517.724,77303
1787812673706,c646942c-ed5a-0fb7-d9a0-14e1ac87f778,/p/0/d5ede450f17a3456,6,200,5539341,295.110,33405.974,165819
1787812703968,a3113622-153a-4853-9f4b-e682800ffcd5,/p/9/cd4b89c940929705,6,200,2204876,184.370,3192.676,690604
1787812668239,4c48e9e8-5a19-c03d-3947-95518656d187,/p/0/2ddec3d9f16f0dde,4,200,5355360,3371.589,39003.565,137304
1787812706126,63135859-d311-aab9-b4d2-e0ee12621def,/p/2/d3b2dead4587152f,2,200,131132,74.618,1157.135,113325
1787812706204,ed44bc0f-ef2d-a9ce-7a2d-62863ae567a0,/p/7/6b6a63c9ee6eb5f8,6,200,42437,214.257,1392.294,30480
1787812703968,a3113622-153a-4853-9f4b-e682800ffcd5,/p/0/cd4b87c94092939f,6,200,3719380,155.551,3629.054,1024890
1787812707161,a3113622-153a-4853-9f4b-e682800ffcd5,/p/0/a8c28b3a3566125e,7,200,4807,436.682,437.118,10997
1787812707161,a3113622-153a-4853-9f4b-e682800ffcd5,/p/0/a8c28a3a356610ab,7,200,171205,436.400,441.264,387988
1787812707161,a3113622-153a-4853-9f4b-e682800ffcd5,/p/8/a8c2893a35660ef8,7,200,353765,436.138,443.208,798192
1787812705907,702b7d66-0ccc-7dff-26e7-1a1bb8b4a3ab,/p/0/89f85fd4f3b343be,8,200,281422,928.530,2017.538,139488
1787812701321,8e7a01ec-a46f-8fd1-cdff-5aa0b89c8aab,/p/1/c64acb535a57caa2,9,200,296792,363.478,6623.275,44810
1787812704751,de489acb-a1f2-3b88-37a4-73b1b11cf59c,/p/0/b7c4b3cd6681dbc9,5,200,295235,66.989,3441.482,85787
1787812700286,8992b43b-4174-a0c1-16dc-9bd47c511dd8,/p/0/ceb40cf1d912c299,5,200,386048,567.080,7933.560,48660
1787812706439,1e6d9d81-8b6c-6e3a-7184-79ceb2af2878,/p/0/a0f9f8824ccf663,4,200,248292,161.738,1784.537,139135
1787812700766,9fdb75b2-e53e-03fe-6b2c-ae349e1d4f9c,/p/8/7e3e8718a5d94b85,16,200,402344,394.624,7503.407,53622
1787812707604,a3113622-153a-4853-9f4b-e682800ffcd5,/p/0/f110b5d7273a5ffb,8,200,344023,18.759,680.387,505629
1787812707604,a3113622-153a-4853-9f4b-e682800ffcd5,/p/0/f110b6d7273a61ae,8,200,230524,13.272,680.953,338531
1787812707604,a3113622-153a-4853-9f4b-e682800ffcd5,/p/7/f110b7d7273a6361,8,200,239509,13.258,682.345,351008
1787812708287,a3113622-153a-4853-9f4b-e682800ffcd5,/p/6/3e4a7fdc29e00483,9,200,26432,4.663,4.848,5451901
1787812704751,de489acb-a1f2-3b88-37a4-73b1b11cf59c,/p/0/b7c4b2cd6681da16,5,200,322674,66.934,3576.629,90217
1787812698936,ed44bc0f-ef2d-a9ce-7a2d-62863ae567a0,/p/0/616401d0ecca2b79,4,200,463057,305.165,9478.359,48854
1787812707596,ed44bc0f-ef2d-a9ce-7a2d-62863ae567a0,/p/0/6b6a64c9ee6eb7ab,6,200,51584,256.630,841.301,61315
1787812706439,1e6d9d81-8b6c-6e3a-7184-79ceb2af2878,/p/0/a0fa08824ccf816,4,200,188655,147.107,2005.866,94052
1787812706193,28cc50e5-3465-4b99-2b80-02383cb906cd,/p/0/ad41b008a09ac49f,6,200,139859,258.753,2267.504,61680
1787812684123,63feb0eb-2564-8058-5024-1e4cb93e9190,/p/0/3a8977700c0bbc08,3,200,5105484,491.998,24507.771,208321
1787812708292,a3113622-153a-4853-9f4b-e682800ffcd5,/p/0/138ad265f4f3365c,10,200,221201,316.756,360.476,613635
1787812705907,e51c2ccc-530c-0524-fc27-87f81183ca9e,/p/2/f2c702531ba62d9c,7,200,144988,249.837,2766.303,52412
1787812700285,8992b43b-4174-a0c1-16dc-9bd47c511dd8,/p/0/ceb409f1d912bd80,5,200,367256,456.364,8391.613,43765
1787812700286,8992b43b-4174-a0c1-16dc-9bd47c511dd8,/p/3/ceb40bf1d912c0e6,5,200,448310,513.315,8531.976,52545
1787812680943,e006d3a4-893c-ecdd-0350-87bafabb266c,/p/0/2092e1e8e1ac2121,11,0,4745719,333.682,27923.097,169957
1787812680943,e006d3a4-893c-ecdd-0350-87bafabb266c,/p/3/2092dfe8e1ac1dbb,11,0,4502439,321.165,27923.036,161245
1787812680943,e006d3a4-893c-ecdd-0350-87bafabb266c,/p/0/2092dee8e1ac1c08,11,0,4223395,212.352,27923.053,151251
1787812682045,0749ca82-1e65-8f0a-ba8a-b79b9d25deac,/p/12/f3f297621545670c,5,200,2277095,468.003,26862.795,84768
1787812706192,28cc50e5-3465-4b99-2b80-02383cb906cd,/p/0/ad41b108a09ac652,6,200,220469,258.713,2735.010,80610
1787812699439,ed44bc0f-ef2d-a9ce-7a2d-62863ae567a0,/p/0/e310d233a09641e5,5,200,477235,325.254,9532.009,50067
1787812692579,6ecd8cf8-f9e4-22fd-ee79-91329d872865,/p/5/fab9880fb3a9e1c9,5,200,3432870,266.036,16399.384,209329
1787812708291,a3113622-153a-4853-9f4b-e682800ffcd5,/p/0/138ad565f4f33b75,10,200,256641,6.777,777.403,330126
1787812704279,28cc50e5-3465-4b99-2b80-02383cb906cd,/p/0/f574d35ef859efd2,5,200,443529,154.023,4801.952,92364
1787812700766,9fdb75b2-e53e-03fe-6b2c-ae349e1d4f9c,/p/0/7e3e8618a5d949d2,16,200,431564,394.629,8389.305,51442
1787812708287,a3113622-153a-4853-9f4b-e682800ffcd5,/p/0/3e4a81dc29e007e9,9,200,452857,5.376,924.210,489993
1787812708269,9fdb75b2-e53e-03fe-6b2c-ae349e1d4f9c,/p/7/15b27a18b53a6c9b,17,200,53772,461.474,949.982,56603
1787812703985,e51c2ccc-530c-0524-fc27-87f81183ca9e,/p/0/90fb1a84931511f3,5,200,241824,347.856,5307.294,45564
1787812688952,6ecd8cf8-f9e4-22fd-ee79-91329d872865,/p/0/111ed4108e6fd1d7,4,200,5170833,8.767,20546.863,251660
1787812695835,7d9bd299-f439-b81d-f69e-7c44eab037c8,/p/0/9cd275756c3c2243,1,200,220304,1195.379,13724.047,16052
1787812707925,702b7d66-0ccc-7dff-26e7-1a1bb8b4a3ab,/p/8/57101ccff403eeda,9,200,275998,338.622,1643.385,167945
1787812663048,702b7d66-0ccc-7dff-26e7-1a1bb8b4a3ab,/p/0/180398b70d0e562d,4,200,3014735,578.924,46528.440,64793
1787812706439,1e6d9d81-8b6c-6e3a-7184-79ceb2af2878,/p/6/a0f9e8824ccf4b0,4,200,488325,147.152,3210.711,152092
1787812694769,419ec04a-3ac5-43e5-eb84-bca38d6ad0bc,/p/0/5e92a80daea886ed,3,200,3724138,138.753,14894.199,250039
1787812708979,6ecd8cf8-f9e4-22fd-ee79-91329d872865,/p/4/2aec1ec35efef4b,6,200,64473,176.287,770.589,83667
1787812706193,28cc50e5-3465-4b99-2b80-02383cb906cd,/p/4/ad41af08a09ac2ec,6,200,374058,258.719,3556.972,105162
1787812706799,702b7d66-0ccc-7dff-26e7-1a1bb8b4a3ab,/p/0/89f85ed4f3b3420b,8,200,499366,1129.246,3101.077,161030
1787812695834,7d9bd299-f439-b81d-f69e-7c44eab037c8,/p/0/9cd274756c3c2090,1,200,242597,237.499,14081.894,17228
1787812664641,3952e698-9ec0-461c-370f-3bcdd2b0f130,/p/0/c40bc246897c422c,3,200,5499779,647.177,45290.891,121432
1787812708908,0749ca82-1e65-8f0a-ba8a-b79b9d25deac,/p/0/22a4411c0d2c9191,6,200,8242,301.378,1039.677,7927
1787812694769,419ec04a-3ac5-43e5-eb84-bca38d6ad0bc,/p/0/5e92a70daea8853a,3,200,3957704,155.537,15261.322,259329
1787812662354,8c4b883f-7af1-ae8c-c101-a1f478818567,/p/3/42a809d9f423509a,4,200,3404077,298.347,47928.490,71024
1787812709749,6ecd8cf8-f9e4-22fd-ee79-91329d872865,/p/0/bd02068950ccf16d,7,200,58966,155.401,546.089,107979
1787812695317,82415893-2ab4-7ff9-5c23-674ddf0978c6,/p/3/e5ad9d723a168f79,2,200,5361858,55.003,14983.650,357847
1787812695834,7d9bd299-f439-b81d-f69e-7c44eab037c8,/p/0/9cd276756c3c23f6,1,200,364844,725.566,14797.502,24656
1787812708292,a3113622-153a-4853-9f4b-e682800ffcd5,/p/5/138ad365f4f3380f,10,200,303077,316.832,2361.280,128353
1787812695317,82415893-2ab4-7ff9-5c23-674ddf0978c6,/p/0/e5ad9b723a168c13,2,200,5854836,305.437,15344.569,381558
1787812675294,0749ca82-1e65-8f0a-ba8a-b79b9d25deac,/p/0/a47c7809d3d7df84,3,200,2417763,58.901,35693.637,67737
1787812699992,321a4300-0258-0b4e-ecc7-17716e887cda,/p/0/f868e9a483c71c49,5,200,2985627,145.818,11057.357,270013
1787812708979,6ecd8cf8-f9e4-22fd-ee79-91329d872865,/p/0/2aec0ec35efed98,6,200,330099,190.487,2267.239,145595
1787812710283,8c4b883f-7af1-ae8c-c101-a1f478818567,/p/2/b338f5f77e959fd5,5,200,253796,252.133,1026.689,247199
1787812651559,8c4b883f-7af1-ae8c-c101-a1f478818567,/p/0/26e2311f04a801b,1,200,4860816,115.445,59752.384,81349
1787812701321,8e7a01ec-a46f-8fd1-cdff-5aa0b89c8aab,/p/0/c64ac9535a57c73c,9,200,405220,363.494,10001.115,40517
1787812710283,8c4b883f-7af1-ae8c-c101-a1f478818567,/p/0/b338f4f77e959e22,5,200,347254,234.173,1073.883,323363
1787812708979,6ecd8cf8-f9e4-22fd-ee79-91329d872865,/p/0/2aec3ec35eff2b1,6,200,187842,176.308,2389.344,78617
1787812710301,82415893-2ab4-7ff9-5c23-674ddf0978c6,/p/0/5e5343dbdbbe21d8,3,200,80703,361.389,1361.466,59277
1787812710653,a3113622-153a-4853-9f4b-e682800ffcd5,/p/4/981f4d1557c3fc1d,11,200,143641,180.454,1031.393,139269
1787812708438,ed44bc0f-ef2d-a9ce-7a2d-62863ae567a0,/p/6/c7440c51a7663fb2,7,200,269586,404.577,3450.694,78125
1787812662354,8c4b883f-7af1-ae8c-c101-a1f478818567,/p/0/42a80ad9f423524d,4,200,4204884,201.783,49617.723,84746
1787812711357,8c4b883f-7af1-ae8c-c101-a1f478818567,/p/0/6373ed431cb48af6,6,200,203899,614.109,639.170,319006
1787812665510,19fafd0a-eb0b-5405-6877-f611ae66cc46,/p/0/3654673f0a044f23,3,200,4051880,383.193,46524.336,87092
1787812708908,0749ca82-1e65-8f0a-ba8a-b79b9d25deac,/p/0/22a43e1c0d2c8c78,6,200,234227,333.683,3403.596,68818
1787812711684,a3113622-153a-4853-9f4b-e682800ffcd5,/p/3/6ade54ce24208eff,12,200,47514,164.984,657.169,72301
1787812709650,1e6d9d81-8b6c-6e3a-7184-79ceb2af2878,/p/5/f11a20d8e83ce7a0,5,200,228986,203.337,2791.313,82035
1787812654304,8c4b883f-7af1-ae8c-c101-a1f478818567,/p/0/881918401a8fbe6a,2,200,5767018,315.868,58230.812,99037
1787812709293,e51c2ccc-530c-0524-fc27-87f81183ca9e,/p/0/f2c704531ba63102,7,200,185598,606.606,3250.125,57105
1787812699992,321a4300-0258-0b4e-ecc7-17716e887cda,/p/2/f868e7a483c718e3,5,200,3993975,90.056,12643.924,315881
1787812693915,1ff3bcd1-0da7-cd02-1374-522545639cba,/p/0/2c0323e38e881dc1,10,200,5226679,118.244,18975.095,275449
1787812709750,28cc50e5-3465-4b99-2b80-02383cb906cd,/p/0/9f51227ad89d8397,7,200,383373,301.401,3206.636,119556
1787812709650,1e6d9d81-8b6c-6e3a-7184-79ceb2af2878,/p/0/f11a22d8e83ceb06,5,200,291821,174.939,3335.991,87477
1787812709577,702b7d66-0ccc-7dff-26e7-1a1bb8b4a3ab,/p/0/57101acff403eb74,9,200,110462,968.122,3555.719,31066
1787812711310,8c4b883f-7af1-ae8c-c101-a1f478818567,/p/0/b338f3f77e959c6f,5,200,287132,660.333,1942.358,147826
1787812700577,c646942c-ed5a-0fb7-d9a0-14e1ac87f778,/p/5/74b82f7c283ecc3f,7,200,4702032,225.492,12696.589,370338
1787812711311,8c4b883f-7af1-ae8c-c101-a1f478818567,/p/1/6373ee431cb48ca9,6,200,432060,660.543,1968.314,219508
1787812710653,a3113622-153a-4853-9f4b-e682800ffcd5,/p/0/981f4c1557c3fa6a,11,200,236228,166.150,2740.251,86207
1787812711684,a3113622-153a-4853-9f4b-e682800ffcd5,/p/0/6ade53ce24208d4c,12,200,120669,151.676,1847.793,65304
1787812713274,c646942c-ed5a-0fb7-d9a0-14e1ac87f778,/p/0/63962d369fbad9cb,8,200,92037,4.471,314.771,292394
1787812705085,e51c2ccc-530c-0524-fc27-87f81183ca9e,/p/0/bf80c296ae151f13,6,200,354716,324.563,8510.764,41679
1787812651559,8c4b883f-7af1-ae8c-c101-a1f478818567,/p/0/26e2411f04a81ce,1,200,6233508,37.447,62080.399,100410
1787812711972,8c4b883f-7af1-ae8c-c101-a1f478818567,/p/0/6373ec431cb48943,6,200,61194,1667.208,1667.995,36687
1787812713280,8c4b883f-7af1-ae8c-c101-a1f478818567,/p/0/7683a5b99d37ab66,7,200,40252,360.177,383.663,104915
1787812713280,8c4b883f-7af1-ae8c-c101-a1f478818567,/p/0/7683a4b99d37a9b3,7,200,55352,360.420,386.863,143079
1787812707283,63135859-d311-aab9-b4d2-e0ee12621def,/p/0/da4e145330fae84,3,200,273473,410.471,6422.222,42582
1787812710301,82415893-2ab4-7ff9-5c23-674ddf0978c6,/p/0/5e5346dbdbbe26f1,3,200,341658,361.411,3478.278,98226
1787812709650,1e6d9d81-8b6c-6e3a-7184-79ceb2af2878,/p/0/f11a21d8e83ce953,5,200,519015,303.923,4245.029,122264
1787812713273,c646942c-ed5a-0fb7-d9a0-14e1ac87f778,/p/4/63962c369fbad818,8,200,444318,2.942,679.091,654283
1787812713273,c646942c-ed5a-0fb7-d9a0-14e1ac87f778,/p/0/63962e369fbadb7e,8,200,199588,2.694,690.850,288902
1787812712441,1e6d9d81-8b6c-6e3a-7184-79ceb2af2878,/p/4/659ddc9841a31c1d,6,200,122526,351.894,1527.482,80214
1787812713953,c646942c-ed5a-0fb7-d9a0-14e1ac87f778,/p/0/afcb6cd693460b31,9,200,107672,48.288,461.537,233290
1787812713953,c646942c-ed5a-0fb7-d9a0-14e1ac87f778,/p/0/afcb69d693460618,9,200,371597,12.045,554.181,670533
1787812713953,c646942c-ed5a-0fb7-d9a0-14e1ac87f778,/p/3/afcb6bd69346097e,9,200,162547,48.272,554.300,293247
1787812708674,e51c2ccc-530c-0524-fc27-87f81183ca9e,/p/0/f2c703531ba62f4f,7,200,396884,840.248,5863.600,67686
1787812710653,a3113622-153a-4853-9f4b-e682800ffcd5,/p/0/981f4b1557c3f8b7,11,200,496397,137.742,4078.447,121712
1787812712636,321a4300-0258-0b4e-ecc7-17716e887cda,/p/0/697b31a694b4433d,6,200,414029,83.916,2137.885,193663
1787812713532,a3113622-153a-4853-9f4b-e682800ffcd5,/p/0/217c704930314e9e,13,200,86614,218.642,1348.866,64212
1787812693915,1ff3bcd1-0da7-cd02-1374-522545639cba,/p/0/2c0320e38e8818a8,10,200,6204892,95.379,21324.199,290979
1787812657866,8b6d1fd9-ed01-e254-8a8a-4186bf8c9e5b,/?crawl=198,0,200,4831231,275.481,57392.402,84179
1787812714507,c646942c-ed5a-0fb7-d9a0-14e1ac87f778,/p/2/73c3e727e5a0c7cd,10,200,437066,1.725,1030.400,424171
1787812714507,c646942c-ed5a-0fb7-d9a0-14e1ac87f778,/p/0/73c3e627e5a0c61a,10,200,197693,3.626,1033.141,191351
1787812714507,c646942c-ed5a-0fb7-d9a0-14e1ac87f778,/p/0/73c3e527e5a0c467,10,200,315762,1.645,1033.301,305586
1787812709750,28cc50e5-3465-4b99-2b80-02383cb906cd,/p/0/9f51237ad89d854a,7,200,4033779,52.421,5903.091,683333
1787812696805,1ff3bcd1-0da7-cd02-1374-522545639cba,/p/0/652f8a3dbab4b3ab,12,200,6276774,202.022,19199.726,326920
1787812713393,a3113622-153a-4853-9f4b-e682800ffcd5,/p/0/217c6f4930314ceb,13,200,283951,184.097,2740.327,103619
1787812713280,8c4b883f-7af1-ae8c-c101-a1f478818567,/p/0/7683a6b99d37ad19,7,200,4620990,383.628,2995.412,1542689
1787812709750,28cc50e5-3465-4b99-2b80-02383cb906cd,/p/3/9f51217ad89d81e4,7,200,5795048,332.997,6632.728,873705
1787812707283,63135859-d311-aab9-b4d2-e0ee12621def,/p/1/da4e345330fb1ea,3,200,304988,634.491,9105.693,33494
1787812716382,28cc50e5-3465-4b99-2b80-02383cb906cd,/p/0/e2b2939a92fe9a58,8,200,24782,53.224,183.124,135329
1787812699123,553b9ccc-860b-52b9-85ef-0d28103041fa,/p/0/d9471c7edfb163cc,12,200,3650035,168.078,17518.853,208349
1787812684402,e07ca8dd-a6fc-0448-1afb-13a11a268b28,/p/0/9595ace405e5748f,1,200,4686088,59.541,32644.938,143547
1787812709568,702b7d66-0ccc-7dff-26e7-1a1bb8b4a3ab,/p/0/57101dcff403f08d,9,200,510954,1684.284,7496.040,68163
1787812689866,f8d57306-52e3-084e-5070-0ace3c1af0f2,/?crawl=243,0,200,4939077,79.520,27227.163,181403
1787812715258,8b6d1fd9-ed01-e254-8a8a-4186bf8c9e5b,/p/3/e913fffe4500a3ac,1,200,294671,35.710,2116.749,139209
1787812715258,8b6d1fd9-ed01-e254-8a8a-4186bf8c9e5b,/p/0/e91401fe4500a712,1,200,243824,201.137,2154.614,113164
1787812713969,1e6d9d81-8b6c-6e3a-7184-79ceb2af2878,/p/0/f809e75d17a42272,7,200,261327,191.561,3505.545,74547
1787812675294,0749ca82-1e65-8f0a-ba8a-b79b9d25deac,/p/0/a47c7b09d3d7e49d,3,200,3123033,209.227,42325.106,73787
1787812715537,c646942c-ed5a-0fb7-d9a0-14e1ac87f778,/p/1/18e75ed957de5120,11,200,249136,194.995,2136.200,116626
1787812692486,8f2e4d7d-498d-7300-494d-d801cfe79269,/p/1/115074a6e7dde502,1,200,5616928,283.485,25321.865,221821
1787812689971,a350c9e6-f13c-9da5-e0ca-0ad0e8044e1a,/p/2/ea7bc9ebbea7f8dc,1,200,5225756,215.265,28116.019,185864
1787812704852,fd5674f4-7e92-846e-8aca-195ffeced01e,/p/7/d13912e5e13beef9,7,200,4009210,87.817,13240.730,302794
1787812718093,fd5674f4-7e92-846e-8aca-195ffeced01e,/p/0/6dacca6d3f4c97b5,8,200,8125,72.478,79.129,102681
1787812701526,8cb74705-6b91-38bf-1a7e-0901efe0c132,/p/0/80faa2c03fc807dc,4,200,4050642,113.054,16823.871,240768
1787812712441,1e6d9d81-8b6c-6e3a-7184-79ceb2af2878,/p/0/659dda9841a318b7,6,200,492021,219.294,5988.390,82162
1787812713969,1e6d9d81-8b6c-6e3a-7184-79ceb2af2878,/p/3/f809e85d17a42425,7,200,427860,191.612,4546.588,94106
1787812717808,8f2e4d7d-498d-7300-494d-d801cfe79269,/p/0/9e8b1965958d040e,2,200,59149,281.035,756.809,78156
1787812706126,63135859-d311-aab9-b4d2-e0ee12621def,/p/0/d3b2ddad4587137c,2,200,495064,370.937,12464.943,39717
1787812715537,c646942c-ed5a-0fb7-d9a0-14e1ac87f778,/p/0/18e75fd957de52d3,11,200,339324,214.275,3130.310,108399
1787812716382,28cc50e5-3465-4b99-2b80-02383cb906cd,/p/0/e2b2969a92fe9f71,8,200,290653,130.789,2320.492,125255
1787812717808,8f2e4d7d-498d-7300-494d-d801cfe79269,/p/0/9e8b1865958d025b,2,200,127832,55.228,1010.192,126542
1787812714537,e51c2ccc-530c-0524-fc27-87f81183ca9e,/p/0/1551c88beea3801d,8,200,213207,275.226,4289.922,49700
1787812707283,63135859-d311-aab9-b4d2-e0ee12621def,/p/0/da4e445330fb39d,3,200,476421,447.507,11567.497,41186
1787812717808,8f2e4d7d-498d-7300-494d-d801cfe79269,/p/0/9e8b1a65958d05c1,2,200,79596,308.181,1067.513,74562
1787812665510,19fafd0a-eb0b-5405-6877-f611ae66cc46,/p/0/3654693f0a045289,3,200,5918519,383.329,53387.298,110860
1787812712543,e51c2ccc-530c-0524-fc27-87f81183ca9e,/p/1/1551c68beea37cb7,8,200,264765,398.000,6385.034,41466
1787812717673,c646942c-ed5a-0fb7-d9a0-14e1ac87f778,/p/0/e8618941091b302f,12,200,109005,271.135,1290.852,84444
1787812718093,fd5674f4-7e92-846e-8aca-195ffeced01e,/p/6/6dacc96d3f4c9602,8,200,226354,79.151,1018.345,222276
1787812716382,28cc50e5-3465-4b99-2b80-02383cb906cd,/p/2/e2b2949a92fe9c0b,8,200,464476,183.264,2784.488,166808
1787812717375,8b6d1fd9-ed01-e254-8a8a-4186bf8c9e5b,/p/0/e7f6a2004eef8b6f,2,200,164950,196.099,1830.095,90132
1787812711888,ed44bc0f-ef2d-a9ce-7a2d-62863ae567a0,/p/0/c7440a51a7663c4c,7,200,402134,236.507,7427.246,54143
1787812709219,9fdb75b2-e53e-03fe-6b2c-ae349e1d4f9c,/p/0/f9f36fa3fbe609ed,18,200,391779,425.409,10097.544,38799
1787812703883,fd5674f4-7e92-846e-8aca-195ffeced01e,/p/0/1dde5895d47056b7,6,200,4773302,93.287,15468.240,308587
1787812717674,c646942c-ed5a-0fb7-d9a0-14e1ac87f778,/p/0/e8618b41091b3395,12,200,137023,212.455,1740.442,78729
1787812719167,28cc50e5-3465-4b99-2b80-02383cb906cd,/p/0/7f532df17cce2dfe,9,200,50880,50.752,258.913,196514
1787812700681,8cb74705-6b91-38bf-1a7e-0901efe0c132,/p/0/fddbfc8a7b865e32,3,200,5111055,120.048,18817.697,271609
1787812718093,fd5674f4-7e92-846e-8aca-195ffeced01e,/p/0/6dacc76d3f4c929c,8,200,367733,86.949,1434.676,256318
1787812719111,fd5674f4-7e92-846e-8aca-195ffeced01e,/p/0/2516cba4ec60c012,9,200,65886,88.137,431.379,152733
1787812715258,8b6d1fd9-ed01-e254-8a8a-4186bf8c9e5b,/p/0/e91400fe4500a55f,1,200,495314,12.744,4456.682,111140
1787812699123,553b9ccc-860b-52b9-85ef-0d28103041fa,/p/0/d9471e7edfb16732,12,200,5564088,168.145,20662.903,269279
1787812715537,c646942c-ed5a-0fb7-d9a0-14e1ac87f778,/p/0/18e760d957de5486,11,200,497935,135.184,4250.875,117137
1787812719111,fd5674f4-7e92-846e-8aca-195ffeced01e,/p/0/2516caa4ec60be5f,9,200,235050,102.428,709.320,331374
1787812717093,f8d57306-52e3-084e-5070-0ace3c1af0f2,/p/0/5711738e2a0d0116,1,200,96476,305.106,2886.478,33423
1787812717093,f8d57306-52e3-084e-5070-0ace3c1af0f2,/p/6/5711748e2a0d02c9,1,200,135298,227.017,3072.802,44031
1787812689185,fe9f5242-1dee-d8c5-2769-78aba5955fb8,/p/0/8c43a60c9be0e1c9,3,200,5240670,35.421,31002.278,169041
1787812717093,f8d57306-52e3-084e-5070-0ace3c1af0f2,/p/0/5711728e2a0cff63,1,200,233817,75.748,3285.726,71161
1787812702579,8cb74705-6b91-38bf-1a7e-0901efe0c132,/p/0/a9ddb5d9be2f4b17,5,200,5733862,127.978,17833.578,321521
1787812719111,fd5674f4-7e92-846e-8aca-195ffeced01e,/p/5/2516c9a4ec60bcac,9,200,344751,88.132,1343.551,256597
1787812718515,1e6d9d81-8b6c-6e3a-7184-79ceb2af2878,/p/2/10e2a8ea4c35f9eb,8,200,127423,145.694,2173.767,58619
1787812718087,a350c9e6-f13c-9da5-e0ca-0ad0e8044e1a,/p/0/f902e310ae9cca2d,2,200,135016,341.900,2606.503,51800
1787812716389,63135859-d311-aab9-b4d2-e0ee12621def,/p/0/d96e9b90b36bfad8,4,200,101058,524.268,4386.440,23039
1787812717375,8b6d1fd9-ed01-e254-8a8a-4186bf8c9e5b,/p/0/e7f6a3004eef8d22,2,200,407411,196.118,3495.248,116561
1787812718515,1e6d9d81-8b6c-6e3a-7184-79ceb2af2878,/p/0/10e2aaea4c35fd51,8,200,251149,160.627,2454.439,102324
1787812717375,8b6d1fd9-ed01-e254-8a8a-4186bf8c9e5b,/p/2/e7f6a1004eef89bc,2,200,449138,196.099,3607.906,124487
1787812718928,e51c2ccc-530c-0524-fc27-87f81183ca9e,/p/0/f5f4cb1aa3f5f335,9,200,80027,321.463,2284.304,35033
1787812702827,fd5674f4-7e92-846e-8aca-195ffeced01e,/p/0/1c1a21babf2201d7,5,200,6104279,43.279,18490.738,330126
1787812720455,fd5674f4-7e92-846e-8aca-195ffeced01e,/p/4/105d5b8a01060284,10,200,166392,261.583,862.343,192953
1787812716389,63135859-d311-aab9-b4d2-e0ee12621def,/p/0/d96e9c90b36bfc8b,4,200,243451,412.237,5018.970,48506
1787812720455,fd5674f4-7e92-846e-8aca-195ffeced01e,/p/0/105d5c8a01060437,10,200,224743,304.946,1006.861,223212
1787812713595,e51c2ccc-530c-0524-fc27-87f81183ca9e,/p/0/1551c58beea37b04,8,200,416144,472.759,7889.209,52749
1787812719167,28cc50e5-3465-4b99-2b80-02383cb906cd,/p/0/7f532cf17cce2c4b,9,200,270522,50.797,2425.821,111518
1787812720455,fd5674f4-7e92-846e-8aca-195ffeced01e,/p/0/105d5d8a010605ea,10,200,235040,261.701,1163.043,202091
1787812695587,8932535e-9b64-cb37-fd14-1d68673e7fd8,/p/0/609850f4d5e6dbff,4,200,4725543,44.018,26157.017,180661
1787812712636,321a4300-0258-0b4e-ecc7-17716e887cda,/p/1/697b30a694b4418a,6,200,2617847,24.865,9283.338,281994
1787812692261,e07ca8dd-a6fc-0448-1afb-13a11a268b28,/p/11/1058d11ba59c2b,3,200,5920408,266.899,29673.518,199518
1787812719167,28cc50e5-3465-4b99-2b80-02383cb906cd,/p/1/7f532ef17cce2fb1,9,200,447041,181.723,2917.192,153244
1787812717064,702b7d66-0ccc-7dff-26e7-1a1bb8b4a3ab,/p/0/42769d76a5049463,10,200,146349,355.133,5151.250,28410
1787812721317,fd5674f4-7e92-846e-8aca-195ffeced01e,/p/0/747067c8c909a6ea,11,200,270186,81.147,906.361,298100
1787812721317,fd5674f4-7e92-846e-8aca-195ffeced01e,/p/0/747066c8c909a537,11,200,301418,81.038,956.622,315086
1787812721919,321a4300-0258-0b4e-ecc7-17716e887cda,/p/0/ffb3cc73360935ae,7,200,37165,145.257,424.407,87569
1787812718515,1e6d9d81-8b6c-6e3a-7184-79ceb2af2878,/p/0/10e2a7ea4c35f838,8,200,283837,206.042,3894.340,72884
1787812721317,fd5674f4-7e92-846e-8aca-195ffeced01e,/p/3/747065c8c909a384,11,200,485353,81.073,1156.425,419701
1787812695280,fe9f5242-1dee-d8c5-2769-78aba5955fb8,/p/1/5aaaed4bbd7a51a9,6,200,5044253,233.966,27721.476,181962
1787812718087,a350c9e6-f13c-9da5-e0ca-0ad0e8044e1a,/p/1/f902e110ae9cc6c7,2,200,466413,68.355,4969.586,93853
1787812686507,8992b43b-4174-a0c1-16dc-9bd47c511dd8,/p/0/e87f1c368016d93,2,200,2183530,875.746,36672.717,59541
1787812687343,ed44bc0f-ef2d-a9ce-7a2d-62863ae567a0,/p/0/e8d13572c600a3c0,1,200,2825115,43.450,36039.161,78390
1787812721919,321a4300-0258-0b4e-ecc7-17716e887cda,/p/0/ffb3cb73360933fb,7,200,289666,121.357,1607.430,180204
1787812723002,fe9f5242-1dee-d8c5-2769-78aba5955fb8,/p/0/cf434ab1038cdc5f,7,200,66839,173.040,649.733,102872
1787812708269,9fdb75b2-e53e-03fe-6b2c-ae349e1d4f9c,/p/0/15b27918b53a6ae8,17,200,478725,360.481,15407.682,31071
1787812722474,fd5674f4-7e92-846e-8aca-195ffeced01e,/p/2/19fc916e316a6931,12,200,309443,44.170,1254.240,246717
1787812720970,1e6d9d81-8b6c-6e3a-7184-79ceb2af2878,/p/0/f4ec9b766cc63778,9,200,252603,163.060,2981.426,84726
1787812721919,321a4300-0258-0b4e-ecc7-17716e887cda,/p/0/ffb3cd7336093761,7,200,461197,121.359,2150.005,214510
1787812707945,8e7a01ec-a46f-8fd1-cdff-5aa0b89c8aab,/p/0/a63a6e5a7860bf23,10,200,483090,606.118,16310.433,29618
1787812722084,28cc50e5-3465-4b99-2b80-02383cb906cd,/p/0/6f953a06cd41525c,10,200,199179,127.034,2239.725,88930
1787812709219,9fdb75b2-e53e-03fe-6b2c-ae349e1d4f9c,/p/6/f9f36ea3fbe6083a,18,200,522673,392.077,15111.773,34587
1787812723002,fe9f5242-1dee-d8c5-2769-78aba5955fb8,/p/0/cf4349b1038cdaac,7,200,213346,173.048,1336.061,159683
1787812720689,1e6d9d81-8b6c-6e3a-7184-79ceb2af2878,/p/1/f4ec9c766cc6392b,9,200,285094,235.731,3658.154,77934
1787812682677,9a32b0ef-c270-6f9f-10f8-32b2894067a2,/p/0/f48a45fdb40a2ba3,7,200,3358817,489.272,41692.931,80561
1787812723728,fd5674f4-7e92-846e-8aca-195ffeced01e,/p/0/5fb62d263231d758,13,200,189929,86.546,829.420,228990
1787812720983,8b6d1fd9-ed01-e254-8a8a-4186bf8c9e5b,/p/1/694d9c24dfcded2b,3,200,454578,34.187,3655.290,124362
1787812722084,28cc50e5-3465-4b99-2b80-02383cb906cd,/p/0/6f953b06cd41540f,10,200,306091,50.706,2681.078,114167
1787812720983,8b6d1fd9-ed01-e254-8a8a-4186bf8c9e5b,/p/0/694d9e24dfcdf091,3,200,481903,122.036,4001.863,120420
1787812716389,63135859-d311-aab9-b4d2-e0ee12621def,/p/0/d96e9e90b36bfff1,4,200,514599,412.287,8668.314,59366
1787812717674,c646942c-ed5a-0fb7-d9a0-14e1ac87f778,/p/0/e8618a41091b31e2,12,200,2110085,212.431,7404.704,284965
1787812720166,f8d57306-52e3-084e-5070-0ace3c1af0f2,/p/0/f1d928b93ebb83ae,2,200,296206,247.190,4963.157,59681
1787812724331,9fdb75b2-e53e-03fe-6b2c-ae349e1d4f9c,/p/0/ccd03b6aadfc4e86,19,200,18961,324.938,813.054,23321
1787812723728,fd5674f4-7e92-846e-8aca-195ffeced01e,/p/0/5fb630263231dc71,13,200,319477,86.584,1530.434,208749
1787812720167,f8d57306-52e3-084e-5070-0ace3c1af0f2,/p/0/f1d927b93ebb81fb,2,200,315208,466.280,5231.829,60248
1787812721935,e07ca8dd-a6fc-0448-1afb-13a11a268b28,/p/0/87cb6d260ffd0118,4,200,452562,41.661,3515.985,128716
1787812712636,321a4300-0258-0b4e-ecc7-17716e887cda,/p/0/697b2ea694b43e24,6,200,4266332,24.962,13403.524,318299
1787812709749,6ecd8cf8-f9e4-22fd-ee79-91329d872865,/p/0/bd02038950ccec54,7,200,3670176,169.486,16440.923,223234
1787812721212,e51c2ccc-530c-0524-fc27-87f81183ca9e,/p/0/f5f4c81aa3f5ee1c,9,200,265671,369.498,5129.520,51793
1787812724638,8b6d1fd9-ed01-e254-8a8a-4186bf8c9e5b,/p/0/a0dc87360ace30ee,4,200,171665,194.561,1945.519,88236
1787812673867,ba000cd4-e548-1dc6-ed04-22483848222c,/?crawl=222,0,200,3108912,691.535,52963.012,58700
1787812711684,a3113622-153a-4853-9f4b-e682800ffcd5,/p/0/6ade56ce24209265,12,200,2302146,221.790,15176.694,151690
1787812723057,a350c9e6-f13c-9da5-e0ca-0ad0e8044e1a,/p/0/c69343646417fbe8,3,200,451675,343.477,3821.699,118187
1787812709749,6ecd8cf8-f9e4-22fd-ee79-91329d872865,/p/3/bd02048950ccee07,7,200,4150313,316.236,17298.304,239926
1787812724638,8b6d1fd9-ed01-e254-8a8a-4186bf8c9e5b,/p/0/a0dc86360ace2f3b,4,200,279092,254.109,2753.765,101349
1787812710301,82415893-2ab4-7ff9-5c23-674ddf0978c6,/p/2/5e5345dbdbbe253e,3,200,3849899,360.868,17189.575,223967
1787812718928,e51c2ccc-530c-0524-fc27-87f81183ca9e,/p/0/f5f4ca1aa3f5f182,9,200,483533,295.793,9036.751,53507
1787812722410,1e6d9d81-8b6c-6e3a-7184-79ceb2af2878,/p/0/f4ec9e766cc63c91,9,200,437796,177.239,5815.831,75277
1787812727048,6ecd8cf8-f9e4-22fd-ee79-91329d872865,/p/2/246ed5e522bbc0f3,8,200,216865,28.800,1195.741,181365
1787812686701,9a32b0ef-c270-6f9f-10f8-32b2894067a2,/p/0/46c56339c907f441,8,200,3590318,478.946,41600.520,86305
1787812727490,82415893-2ab4-7ff9-5c23-674ddf0978c6,/p/1/ddd2c1799abf0c74,4,200,136941,55.294,1334.769,102595
1787812686937,702b7d66-0ccc-7dff-26e7-1a1bb8b4a3ab,/p/0/e15683e9b5a9bd97,6,0,3731523,428.965,41928.887,88996
1787812663048,702b7d66-0ccc-7dff-26e7-1a1bb8b4a3ab,/p/0/180395b70d0e5114,4,0,4236531,972.044,65818.226,64367
1787812660578,702b7d66-0ccc-7dff-26e7-1a1bb8b4a3ab,/p/0/6e534fe2f2b8203c,3,0,4240295,353.528,68288.760,62094
1787812709900,702b7d66-0ccc-7dff-26e7-1a1bb8b4a3ab,/p/7/42769f76a50497c9,10,0,678234,3476.711,18965.962,35761
1787812713132,702b7d66-0ccc-7dff-26e7-1a1bb8b4a3ab,/p/0/42769e76a5049616,10,0,543947,2478.928,15733.956,34572
1787812703782,1e6d9d81-8b6c-6e3a-7184-79ceb2af2878,/p/0/1fa91379fa865b69,3,200,3020114,148.670,25223.870,119732
1787812708908,0749ca82-1e65-8f0a-ba8a-b79b9d25deac,/p/11/22a4401c0d2c8fde,6,200,4429060,301.453,20695.200,214014
1787812720983,8b6d1fd9-ed01-e254-8a8a-4186bf8c9e5b,/p/0/694d9b24dfcdeb78,3,200,2146769,12.231,8620.492,249031
1787812723057,a350c9e6-f13c-9da5-e0ca-0ad0e8044e1a,/p/0/c693466464180101,3,200,3951838,376.870,6829.215,578667
1787812728243,6ecd8cf8-f9e4-22fd-ee79-91329d872865,/p/0/a2fc5b919de9c7e0,9,200,142287,143.657,1776.999,80072
1787812727048,6ecd8cf8-f9e4-22fd-ee79-91329d872865,/p/0/246ed4e522bbbf40,8,200,422238,43.919,3095.550,136402
1787812718087,a350c9e6-f13c-9da5-e0ca-0ad0e8044e1a,/p/0/f902e010ae9cc514,2,200,5153480,68.336,12145.491,424312
1787812723057,a350c9e6-f13c-9da5-e0ca-0ad0e8044e1a,/p/0/c69344646417fd9b,3,200,5042598,343.510,7177.237,702582
1787812724638,8b6d1fd9-ed01-e254-8a8a-4186bf8c9e5b,/p/0/a0dc88360ace32a1,4,200,2338499,213.749,5695.862,410561
1787812728226,1e6d9d81-8b6c-6e3a-7184-79ceb2af2878,/p/0/600c084be6d38699,10,200,204032,176.021,2135.705,95534
1787812724347,1e6d9d81-8b6c-6e3a-7184-79ceb2af2878,/p/0/600c064be6d38333,10,200,489565,221.659,6044.762,80990
1787812728825,82415893-2ab4-7ff9-5c23-674ddf0978c6,/p/0/cc30b16328260402,5,200,68819,335.174,1643.439,41875
1787812723728,fd5674f4-7e92-846e-8aca-195ffeced01e,/p/1/5fb62e263231d90b,13,200,2165243,101.251,6869.786,315183
1787812708287,a3113622-153a-4853-9f4b-e682800ffcd5,/p/0/3e4a7edc29e002d0,9,200,5349480,5.442,22416.197,238644
1787812727490,82415893-2ab4-7ff9-5c23-674ddf0978c6,/p/0/ddd2c2799abf0e27,4,200,191024,306.078,3255.925,58670
1787812728825,82415893-2ab4-7ff9-5c23-674ddf0978c6,/p/0/cc30af632826009c,5,200,119869,280.094,1921.165,62394
1787812727048,6ecd8cf8-f9e4-22fd-ee79-91329d872865,/p/0/246ed7e522bbc459,8,200,476453,88.712,3723.982,127942
1787812723383,ed44bc0f-ef2d-a9ce-7a2d-62863ae567a0,/p/0/3777557a2e6eba9a,8,200,418524,278.439,7652.455,54691
1787812723002,fe9f5242-1dee-d8c5-2769-78aba5955fb8,/p/0/cf434cb1038cdfc5,7,200,3059373,33.310,8140.876,375804
1787812725144,9fdb75b2-e53e-03fe-6b2c-ae349e1d4f9c,/p/0/ccd03a6aadfc4cd3,19,200,200342,393.495,6423.636,31188
1787812727490,82415893-2ab4-7ff9-5c23-674ddf0978c6,/p/0/ddd2c3799abf0fda,4,200,496544,55.208,4865.211,102060
1787812682678,9a32b0ef-c270-6f9f-10f8-32b2894067a2,/p/0/f48a46fdb40a2d56,7,200,4533629,245.459,49767.204,91097
1787812730598,fd5674f4-7e92-846e-8aca-195ffeced01e,/p/0/a3cf9fc56ef0f45e,14,200,461333,73.434,1937.253,238138
1787812730598,fd5674f4-7e92-846e-8aca-195ffeced01e,/p/0/a3cf9ec56ef0f2ab,14,200,460555,73.376,2241.862,205434
1787812729603,0749ca82-1e65-8f0a-ba8a-b79b9d25deac,/p/0/f3407ab5d4d460d9,7,200,115782,802.045,3433.674,33720
1787812731035,ed44bc0f-ef2d-a9ce-7a2d-62863ae567a0,/p/0/3777547a2e6eb8e7,8,200,423788,364.069,2038.116,207931
1787812724331,9fdb75b2-e53e-03fe-6b2c-ae349e1d4f9c,/p/5/ccd03c6aadfc5039,19,200,375617,357.441,8872.591,42335
1787812721744,8932535e-9b64-cb37-fd14-1d68673e7fd8,/p/5/81cdcab8e03c9bcf,8,200,357215,658.746,11474.706,31131
1787812686700,9a32b0ef-c270-6f9f-10f8-32b2894067a2,/p/0/46c56039c907ef28,8,200,5079545,334.695,47593.427,106728
1787812694911,d23f0858-b1f7-bef1-1fdf-a9606a32322a,/p/0/93ecc2414f066b51,2,200,4955815,761.256,39874.356,124286
1787812713969,1e6d9d81-8b6c-6e3a-7184-79ceb2af2878,/p/0/f809e65d17a420bf,7,200,2585684,176.785,21287.604,121464
1787812712342,a3113622-153a-4853-9f4b-e682800ffcd5,/p/2/217c6e4930314b38,13,200,5372469,264.548,23031.429,233267
1787812729603,0749ca82-1e65-8f0a-ba8a-b79b9d25deac,/p/0/f34077b5d4d45bc0,7,200,429814,176.568,5814.059,73927
1787812735373,a3113622-153a-4853-9f4b-e682800ffcd5,/p/0/d8e0b5c1b82ef270,14,200,157207,113.148,1077.752,145866
1787812706126,63135859-d311-aab9-b4d2-e0ee12621def,/p/0/d3b2e0ad45871895,2,200,4000794,112.528,31039.047,128896
1787812688354,e51c2ccc-530c-0524-fc27-87f81183ca9e,/p/0/2ebb133e87f332a4,2,200,6031369,257.071,48956.870,123198
1787812722474,fd5674f4-7e92-846e-8aca-195ffeced01e,/p/0/19fc906e316a677e,12,200,4722966,14.422,14906.422,316841
1787812735373,a3113622-153a-4853-9f4b-e682800ffcd5,/p/0/d8e0b8c1b82ef789,14,200,486332,28.009,2040.253,238368
1787812735373,a3113622-153a-4853-9f4b-e682800ffcd5,/p/1/d8e0b7c1b82ef5d6,14,200,497313,42.123,2122.793,234273
1787812733204,9fdb75b2-e53e-03fe-6b2c-ae349e1d4f9c,/p/0/a0dccaafe342ffbf,20,200,443478,326.012,4533.338,97826
1787812737737,9fdb75b2-e53e-03fe-6b2c-ae349e1d4f9c,/p/0/a0dccbafe3430172,20,200,15238,275.483,276.060,55198
1787812720167,f8d57306-52e3-084e-5070-0ace3c1af0f2,/p/5/f1d926b93ebb8048,2,200,2853520,246.690,17998.325,158544
1787812730598,fd5674f4-7e92-846e-8aca-195ffeced01e,/p/0/a3cf9dc56ef0f0f8,14,200,2391063,80.618,7634.681,313184
1787812722474,fd5674f4-7e92-846e-8aca-195ffeced01e,/p/0/19fc8f6e316a65cb,12,200,5603803,44.176,16124.633,347531
1787812737496,a3113622-153a-4853-9f4b-e682800ffcd5,/p/0/3f3f176c8a83bc68,15,200,238465,165.876,1564.227,152449
1787812708269,9fdb75b2-e53e-03fe-6b2c-ae349e1d4f9c,/p/0/15b27c18b53a7001,17,200,2384840,428.843,30812.759,77398
1787812737496,a3113622-153a-4853-9f4b-e682800ffcd5,/p/0/3f3f186c8a83be1b,15,200,261177,166.264,1593.788,163872
1787812688321,9fdb75b2-e53e-03fe-6b2c-ae349e1d4f9c,/p/0/f2c9a03c996a6056,13,200,3911405,65.354,50805.373,76988
1787812737496,a3113622-153a-4853-9f4b-e682800ffcd5,/p/0/3f3f196c8a83bfce,15,200,485061,206.593,2045.551,237130
1787812728825,82415893-2ab4-7ff9-5c23-674ddf0978c6,/p/0/cc30b0632826024f,5,200,2163926,391.606,10846.483,199505
1787812733204,9fdb75b2-e53e-03fe-6b2c-ae349e1d4f9c,/p/4/a0dcc9afe342fe0c,20,200,2567230,359.008,7152.922,358906
1787812740357,9fdb75b2-e53e-03fe-6b2c-ae349e1d4f9c,/p/0/a83c01f832a1420,21,200,216154,30.735,460.980,468901
1787812722084,28cc50e5-3465-4b99-2b80-02383cb906cd,/p/0/6f953c06cd4155c2,10,200,4787729,176.918,18815.355,254459
1787812728243,6ecd8cf8-f9e4-22fd-ee79-91329d872865,/p/0/a2fc5e919de9ccf9,9,200,2805962,189.428,12754.895,219991
1787812740357,9fdb75b2-e53e-03fe-6b2c-ae349e1d4f9c,/p/3/a83c21f832a1786,21,200,425531,30.691,747.914,568957
1787812741105,9fdb75b2-e53e-03fe-6b2c-ae349e1d4f9c,/p/0/e38869c9e44a7709,22,200,29780,33.174,94.404,315454
1787812712441,1e6d9d81-8b6c-6e3a-7184-79ceb2af2878,/p/0/659ddb9841a31a6a,6,200,4194485,308.239,29025.711,144509
1787812733219,8932535e-9b64-cb37-fd14-1d68673e7fd8,/p/0/81cdc9b8e03c9a1c,8,200,220269,385.031,8295.464,26553
1787812741105,9fdb75b2-e53e-03fe-6b2c-ae349e1d4f9c,/p/2/e38868c9e44a7556,22,200,174853,39.639,415.572,420753
1787812741520,9fdb75b2-e53e-03fe-6b2c-ae349e1d4f9c,/p/1/56881b28ab35fff6,23,200,117513,30.625,282.021,416681
1787812741803,9fdb75b2-e53e-03fe-6b2c-ae349e1d4f9c,/p/0/56881928ab35fc90,23,200,7300,45.302,63.971,114115
1787812698936,ed44bc0f-ef2d-a9ce-7a2d-62863ae567a0,/p/0/6163fed0ecca2660,4,200,2635914,326.823,43109.168,61145
1787812741520,9fdb75b2-e53e-03fe-6b2c-ae349e1d4f9c,/p/0/56881c28ab3601a9,23,200,334414,30.670,743.512,449776
1787812742264,9fdb75b2-e53e-03fe-6b2c-ae349e1d4f9c,/p/0/8e68970ae90db750,24,200,60294,33.811,168.871,357042
1787812741867,9fdb75b2-e53e-03fe-6b2c-ae349e1d4f9c,/p/0/8e68980ae90db903,24,200,365624,31.202,743.977,491445
1787812742433,9fdb75b2-e53e-03fe-6b2c-ae349e1d4f9c,/p/0/8e689a0ae90dbc69,24,200,286216,30.824,554.286,516369
1787812738165,f8d57306-52e3-084e-5070-0ace3c1af0f2,/p/0/a4ec3dd8bc5e4677,3,200,209493,153.839,4938.232,42423
1787812724347,1e6d9d81-8b6c-6e3a-7184-79ceb2af2878,/p/0/600c054be6d38180,10,200,4019378,163.184,18758.481,214270
1787812700288,0cac6aae-1489-56e0-7461-86608a6b60d9,/p/0/a4bac8047c78d7af,1,200,372550,2842.945,42867.105,8691
1787812700766,9fdb75b2-e53e-03fe-6b2c-ae349e1d4f9c,/p/0/7e3e8518a5d9481f,16,200,5727165,361.927,43089.557,132913
1787812700289,0cac6aae-1489-56e0-7461-86608a6b60d9,/p/0/a4bac9047c78d962,1,200,377008,11470.057,43590.795,8649
1787812719317,9fdb75b2-e53e-03fe-6b2c-ae349e1d4f9c,/p/0/f9f36ca3fbe604d4,18,200,5733249,330.905,24847.908,230734
1787812741105,9fdb75b2-e53e-03fe-6b2c-ae349e1d4f9c,/p/0/e38866c9e44a71f0,22,200,3022977,39.702,3255.509,928573
1787812699439,ed44bc0f-ef2d-a9ce-7a2d-62863ae567a0,/p/0/e310cf33a0963ccc,5,200,2814710,324.388,45114.601,62390
1787812740357,9fdb75b2-e53e-03fe-6b2c-ae349e1d4f9c,/p/0/a83c31f832a1939,21,200,5541307,30.736,4308.331,1286184
1787812708818,8992b43b-4174-a0c1-16dc-9bd47c511dd8,/p/2/a119720d97137cf1,6,200,2125832,474.674,36028.629,59004
1787812691037,8992b43b-4174-a0c1-16dc-9bd47c511dd8,/p/0/b53f4ba76904c0d7,3,200,3205738,310.004,53954.092,59416
1787812738165,f8d57306-52e3-084e-5070-0ace3c1af0f2,/p/4/a4ec3fd8bc5e49dd,3,200,364074,538.355,7497.055,48562
1787812744846,8992b43b-4174-a0c1-16dc-9bd47c511dd8,/p/0/aa40922055782b34,7,200,72035,294.596,1141.159,63124
1787812744846,8992b43b-4174-a0c1-16dc-9bd47c511dd8,/p/1/aa40932055782ce7,7,200,60590,316.830,1733.483,34953
1787812738165,f8d57306-52e3-084e-5070-0ace3c1af0f2,/p/0/a4ec3ed8bc5e482a,3,200,483226,538.345,8567.248,56404
1787812728243,6ecd8cf8-f9e4-22fd-ee79-91329d872865,/p/1/a2fc5c919de9c993,9,200,5330498,158.359,18530.601,287659
1787812694911,d23f0858-b1f7-bef1-1fdf-a9606a32322a,/p/4/93ecc1414f06699e,2,200,6223499,961.821,52604.934,118306
1787812694911,d23f0858-b1f7-bef1-1fdf-a9606a32322a,/p/0/93ecbf414f066638,2,200,5886185,760.428,52953.867,111157
1787812746580,8992b43b-4174-a0c1-16dc-9bd47c511dd8,/p/0/ef03219c4b985cb8,8,200,146319,305.376,1392.014,105113
1787812746580,8992b43b-4174-a0c1-16dc-9bd47c511dd8,/p/0/ef03239c4b98601e,8,200,267160,415.217,1415.469,188743
1787812746774,6ecd8cf8-f9e4-22fd-ee79-91329d872865,/p/0/7eda733bb07127ec,10,200,202188,151.031,1437.846,140619
1787812746580,8992b43b-4174-a0c1-16dc-9bd47c511dd8,/p/0/ef03229c4b985e6b,8,200,398550,387.012,1701.234,234271
1787812746774,6ecd8cf8-f9e4-22fd-ee79-91329d872865,/p/0/7eda743bb071299f,10,200,369292,31.247,1840.523,200645
1787812746774,6ecd8cf8-f9e4-22fd-ee79-91329d872865,/p/0/7eda763bb0712d05,10,200,396642,45.523,1989.738,199344
1787812708818,8992b43b-4174-a0c1-16dc-9bd47c511dd8,/p/0/a119700d9713798b,6,200,3560505,333.398,40126.966,88731
1787812721935,e07ca8dd-a6fc-0448-1afb-13a11a268b28,/p/0/87cb70260ffd0631,4,200,4607627,62.974,27312.624,168700
1787812729603,0749ca82-1e65-8f0a-ba8a-b79b9d25deac,/p/10/f34079b5d4d45f26,7,200,3731450,176.532,19861.187,187876
1787812708818,8992b43b-4174-a0c1-16dc-9bd47c511dd8,/p/0/a119710d97137b3e,6,200,5905956,585.816,41055.530,143853
1787812744846,8992b43b-4174-a0c1-16dc-9bd47c511dd8,/p/0/aa4095205578304d,7,200,3948760,294.948,5027.666,785406
1787812708415,ed44bc0f-ef2d-a9ce-7a2d-62863ae567a0,/p/0/6b6a65c9ee6eb95e,6,200,2912887,257.483,41678.048,69890
1787812749465,0749ca82-1e65-8f0a-ba8a-b79b9d25deac,/p/0/75afed1023a02c96,8,200,58457,61.353,679.009,86092
1787812698811,e51c2ccc-530c-0524-fc27-87f81183ca9e,/p/0/5f55ad4cd1f4b301,4,200,4484830,3341.829,53202.749,84297
1787812696106,8932535e-9b64-cb37-fd14-1d68673e7fd8,/p/0/9df9f4ac1cc825fd,5,200,5198340,36.700,57014.175,91176
1787812741515,8932535e-9b64-cb37-fd14-1d68673e7fd8,/p/0/81cdccb8e03c9f35,8,200,366785,530.259,12500.639,29341
1787812721935,e07ca8dd-a6fc-0448-1afb-13a11a268b28,/p/10/87cb6e260ffd02cb,4,200,6084276,247.430,32140.757,189301
1787812696499,8932535e-9b64-cb37-fd14-1d68673e7fd8,/p/0/d3d2cb289a7e33f7,6,200,5181846,20.245,58516.394,88554
1787812745662,f8d57306-52e3-084e-5070-0ace3c1af0f2,/p/0/c40eac99a37fccd7,4,200,500504,420.910,9981.185,50145
1787812701321,8e7a01ec-a46f-8fd1-cdff-5aa0b89c8aab,/p/0/c64acc535a57cc55,9,0,2496403,400.470,54544.875,45768
1787812707945,8e7a01ec-a46f-8fd1-cdff-5aa0b89c8aab,/p/0/a63a6f5a7860c0d6,10,0,2202391,459.866,47921.591,45958
1787812670816,8e7a01ec-a46f-8fd1-cdff-5aa0b89c8aab,/p/0/f65891c9cbbfbf8,4,0,5541583,401.505,85049.757,65157
1787812707945,8e7a01ec-a46f-8fd1-cdff-5aa0b89c8aab,/p/0/a63a6d5a7860bd70,10,0,2077511,459.775,47921.564,43352
1787812747516,d23f0858-b1f7-bef1-1fdf-a9606a32322a,/p/0/86732d9921664384,3,200,496707,348.925,9084.320,54677
1787812753120,8932535e-9b64-cb37-fd14-1d68673e7fd8,/p/4/524a22f1718b26e9,9,200,107240,543.247,3551.438,30196
1787812695100,8932535e-9b64-cb37-fd14-1d68673e7fd8,/p/0/b9173c9657e1b332,3,200,5888474,31.557,62781.232,93794
1787812754076,e07ca8dd-a6fc-0448-1afb-13a11a268b28,/p/9/60dc0caba3afc5a6,5,200,474664,82.322,4197.648,113079
1787812754076,e07ca8dd-a6fc-0448-1afb-13a11a268b28,/p/0/60dc0daba3afc759,5,200,490503,202.093,4365.171,112367
1787812705610,e51c2ccc-530c-0524-fc27-87f81183ca9e,/p/0/bf80c396ae1520c6,6,200,6059432,348.069,52848.664,114656
1787812758273,e07ca8dd-a6fc-0448-1afb-13a11a268b28,/p/8/1d1d90162e0a3e0f,6,200,113349,208.328,1644.437,68929
1787812758273,e07ca8dd-a6fc-0448-1afb-13a11a268b28,/p/0/1d1d8f162e0a3c5c,6,200,275859,228.612,3320.555,83076
1787812719316,ed44bc0f-ef2d-a9ce-7a2d-62863ae567a0,/p/5/3777567a2e6ebc4d,8,200,4578454,304.137,42815.712,106934
1787812708971,ed44bc0f-ef2d-a9ce-7a2d-62863ae567a0,/p/0/c7440d51a7664165,7,200,5113507,474.332,55891.986,91489
1787812759918,e07ca8dd-a6fc-0448-1afb-13a11a268b28,/p/7/9498ec82ff1a1741,7,200,330007,207.139,5132.448,64298
1787812759918,e07ca8dd-a6fc-0448-1afb-13a11a268b28,/p/0/9498ea82ff1a13db,7,200,427618,249.769,6189.182,69091
1787812762131,ed44bc0f-ef2d-a9ce-7a2d-62863ae567a0,/p/4/944beb474861dbda,9,200,328248,323.495,4551.494,72119
1787812762131,ed44bc0f-ef2d-a9ce-7a2d-62863ae567a0,/p/0/944be9474861d874,9,200,367980,302.451,4680.423,78621
1787812765050,e07ca8dd-a6fc-0448-1afb-13a11a268b28,/p/6/2866bb0206f66d93,8,200,145006,207.451,2815.392,51505
1787812766683,ed44bc0f-ef2d-a9ce-7a2d-62863ae567a0,/p/0/6b9353a6ff604c31,10,200,170472,214.296,2130.714,80007
1787812759918,e07ca8dd-a6fc-0448-1afb-13a11a268b28,/p/0/9498eb82ff1a158e,7,200,522674,207.168,8964.238,58307
1787812766107,e07ca8dd-a6fc-0448-1afb-13a11a268b28,/p/0/2866bd0206f670f9,8,200,284050,243.943,4300.415,66052
1787812757882,8932535e-9b64-cb37-fd14-1d68673e7fd8,/p/0/46b04594394cac91,10,200,292144,2304.906,12688.557,23024
1787812766683,ed44bc0f-ef2d-a9ce-7a2d-62863ae567a0,/p/3/6b9352a6ff604a7e,10,200,417591,236.180,3962.049,105398
1787812770407,e07ca8dd-a6fc-0448-1afb-13a11a268b28,/p/0/8c657eeb4cc392af,9,200,24481,307.922,777.902,31471
1787812770645,ed44bc0f-ef2d-a9ce-7a2d-62863ae567a0,/p/2/b5da60ff56888455,11,200,55115,239.370,841.358,65507
1787812747516,d23f0858-b1f7-bef1-1fdf-a9606a32322a,/p/0/867330992166489d,3,200,4505754,388.038,23999.236,187746
1787812766683,ed44bc0f-ef2d-a9ce-7a2d-62863ae567a0,/p/0/6b9350a6ff604718,10,200,429912,236.223,4889.387,87928
1787812765050,e07ca8dd-a6fc-0448-1afb-13a11a268b28,/p/0/2866ba0206f66be0,8,200,465273,207.527,8134.854,57195
1787812747516,d23f0858-b1f7-bef1-1fdf-a9606a32322a,/p/3/86732e9921664537,3,200,5308297,387.957,26479.614,200467
1787812771572,ed44bc0f-ef2d-a9ce-7a2d-62863ae567a0,/p/0/20cfcae28d9ebfae,12,200,219121,212.591,3991.663,54895
1787812773996,d23f0858-b1f7-bef1-1fdf-a9606a32322a,/p/2/7c562e1697c3a8b7,4,200,115429,75.790,1659.308,69565
1787812770645,ed44bc0f-ef2d-a9ce-7a2d-62863ae567a0,/p/0/b5da5fff568882a2,11,200,365433,239.373,6033.210,60570
1787812771486,ed44bc0f-ef2d-a9ce-7a2d-62863ae567a0,/p/0/20cfc9e28d9ebdfb,12,200,293530,214.157,5212.759,56310
1787812696866,8932535e-9b64-cb37-fd14-1d68673e7fd8,/p/0/d3d2cc289a7e35aa,6,200,5536021,67.900,86670.436,63874
1787812749465,0749ca82-1e65-8f0a-ba8a-b79b9d25deac,/p/9/75afee1023a02e49,8,0,4351394,187.419,36402.012,119537
1787812749465,0749ca82-1e65-8f0a-ba8a-b79b9d25deac,/p/0/75afec1023a02ae3,8,0,4198243,61.527,36402.048,115330
1787812773996,d23f0858-b1f7-bef1-1fdf-a9606a32322a,/p/0/7c56301697c3ac1d,4,200,503817,228.331,12874.751,39132
1787812773996,d23f0858-b1f7-bef1-1fdf-a9606a32322a,/p/0/7c562d1697c3a704,4,200,497936,75.769,13374.593,37230
1787812775655,d23f0858-b1f7-bef1-1fdf-a9606a32322a,/p/0/588ad8aa6973391c,5,200,466533,387.511,12255.119,38068
1787812775655,d23f0858-b1f7-bef1-1fdf-a9606a32322a,/p/1/588adaaa69733c82,5,200,459730,425.474,12369.315,37167
1787812788025,d23f0858-b1f7-bef1-1fdf-a9606a32322a,/p/0/722dfcba316b7dd1,6,200,7824,386.960,579.402,13504
1787812788025,d23f0858-b1f7-bef1-1fdf-a9606a32322a,/p/0/722df9ba316b78b8,6,200,22597,424.893,693.152,32600
1787812770645,ed44bc0f-ef2d-a9ce-7a2d-62863ae567a0,/p/0/b5da5eff568880ef,11,0,2117859,215.762,22222.183,95304
1787812771487,ed44bc0f-ef2d-a9ce-7a2d-62863ae567a0,/p/1/20cfc8e28d9ebc48,12,0,2136306,257.068,21380.743,99917
1787812762131,ed44bc0f-ef2d-a9ce-7a2d-62863ae567a0,/p/0/944bec474861dd8d,9,0,3042699,280.573,30735.775,98995
1787812745662,f8d57306-52e3-084e-5070-0ace3c1af0f2,/p/0/c40ead99a37fce8a,4,200,4104340,460.300,48329.506,84924
1787812697248,8932535e-9b64-cb37-fd14-1d68673e7fd8,/p/0/ba66673c06701008,7,200,5691639,56.407,98677.881,57679
1787812700289,0cac6aae-1489-56e0-7461-86608a6b60d9,/p/2/a4baca047c78db15,1,200,4334352,14892.175,96203.598,45054
1787812796493,0cac6aae-1489-56e0-7461-86608a6b60d9,/p/0/dc389e663da36b57,2,200,148187,55.770,3359.558,44109
1787812745662,f8d57306-52e3-084e-5070-0ace3c1af0f2,/p/3/c40eae99a37fd03d,4,200,5555449,460.354,55708.650,99723
1787812801371,f8d57306-52e3-084e-5070-0ace3c1af0f2,/p/2/948ffaa3a09efd46,5,200,18411,267.721,459.269,40088
1787812796493,0cac6aae-1489-56e0-7461-86608a6b60d9,/p/0/dc389f663da36d0a,2,200,297905,452.493,5369.340,55483
1787812796493,0cac6aae-1489-56e0-7461-86608a6b60d9,/p/1/dc389d663da369a4,2,200,332303,55.865,5662.163,58688
1787812801830,f8d57306-52e3-084e-5070-0ace3c1af0f2,/p/0/7788c8243695fe,6,200,24762,382.529,843.113,29370
1787812768882,e07ca8dd-a6fc-0448-1afb-13a11a268b28,/p/0/8c657feb4cc39462,9,0,2955155,228.629,33983.984,86957
1787812767866,e07ca8dd-a6fc-0448-1afb-13a11a268b28,/p/5/8c6580eb4cc39615,9,0,2838826,250.663,35000.354,81108
1787812754076,e07ca8dd-a6fc-0448-1afb-13a11a268b28,/p/0/60dc0aaba3afc240,5,0,4075555,41.094,48790.532,83532
1787812758273,e07ca8dd-a6fc-0448-1afb-13a11a268b28,/p/0/1d1d92162e0a4175,6,0,3550351,228.700,44592.786,79617
1787812801371,f8d57306-52e3-084e-5070-0ace3c1af0f2,/p/0/948ff8a3a09ef9e0,5,200,139101,75.366,1619.972,85866
1787812801830,f8d57306-52e3-084e-5070-0ace3c1af0f2,/p/1/7786c824369298,6,200,121866,382.554,1162.636,104819
1787812802993,f8d57306-52e3-084e-5070-0ace3c1af0f2,/p/0/a9eac681b4f84e97,7,200,125924,384.709,706.487,178240
1787812802993,f8d57306-52e3-084e-5070-0ace3c1af0f2,/p/0/a9eac781b4f8504a,7,200,307037,384.366,711.241,431692
1787812802993,f8d57306-52e3-084e-5070-0ace3c1af0f2,/p/0/a9eac581b4f84ce4,7,200,503865,384.394,726.887,693182
1787812801371,f8d57306-52e3-084e-5070-0ace3c1af0f2,/p/0/948ffba3a09efef9,5,200,4631139,382.710,3980.661,1163409
1787812801830,f8d57306-52e3-084e-5070-0ace3c1af0f2,/p/0/7787c82436944b,6,200,4349861,420.298,3523.501,1234528
1787812755015,8932535e-9b64-cb37-fd14-1d68673e7fd8,/p/0/524a20f1718b2383,9,0,2015643,389.054,50851.423,39638
1787812770570,8932535e-9b64-cb37-fd14-1d68673e7fd8,/p/0/46b04294394ca778,10,0,1323315,577.852,35296.360,37492
1787812754015,8932535e-9b64-cb37-fd14-1d68673e7fd8,/p/0/524a21f1718b2536,9,0,2226643,460.171,51851.268,42943
1787812756672,8932535e-9b64-cb37-fd14-1d68673e7fd8,/p/3/46b04494394caade,10,0,1957234,420.731,49194.675,39785
1787812788025,d23f0858-b1f7-bef1-1fdf-a9606a32322a,/p/0/722dfbba316b7c1e,6,0,1819035,424.917,19841.290,91679
1787812775655,d23f0858-b1f7-bef1-1fdf-a9606a32322a,/p/0/588adbaa69733e35,5,0,2355899,387.486,32210.640,73140
1787812802155,0cac6aae-1489-56e0-7461-86608a6b60d9,/p/0/89b83c518594ddae,3,0,354955,55.869,10711.675,33137
1787812802155,0cac6aae-1489-56e0-7461-86608a6b60d9,/p/0/89b83d518594df61,3,0,388343,509.358,10711.624,36254
1787812802155,0cac6aae-1489-56e0-7461-86608a6b60d9,/p/0/89b83a518594da48,3,0,387295,296.325,10711.691,36156
