t_start_ms,client,path,depth,status,bytes,ttfb_ms,total_ms,bytes_per_s
1787858906566,d2fe775f-397e-dd3c-e3aa-cf1472d5e6b1,/?crawl=0,0,200,54669,81.572,317.177,172361
1787858906883,d2fe775f-397e-dd3c-e3aa-cf1472d5e6b1,/p/0/f6dccb6e05d37ce5,1,200,36491,77.633,234.060,155904
1787858906566,c64abfb9-0f80-2244-326f-a6e75cc749f8,/?crawl=1,0,200,315215,59.498,1240.572,254088
1787858907566,7a7917fe-b550-bb84-f11d-8ec7baa0575b,/?crawl=2,0,200,129121,65.175,600.717,214945
1787858908567,155a8e6d-18ea-79a4-eb4c-7e275a9a25d1,/?crawl=5,0,200,24029,17.876,33.874,709371
1787858908567,f4aa5de6-495d-aaa1-8047-17ce3085fdb6,/?crawl=3,0,200,26942,31.810,70.547,381900
1787858908567,61f953fd-ddee-8f82-9969-a3c25d780ca0,/?crawl=6,0,200,46788,24.140,78.807,593706
1787858908646,61f953fd-ddee-8f82-9969-a3c25d780ca0,/p/0/825eca3c8a31b6c0,1,200,5569,21.413,32.250,172681
1787858907806,c64abfb9-0f80-2244-326f-a6e75cc749f8,/p/0/8a471dcb9a6e6ddf,1,200,75136,86.787,897.654,83703
1787858908601,155a8e6d-18ea-79a4-eb4c-7e275a9a25d1,/p/3/3c9dca55480298f9,1,200,40230,25.386,115.737,347599
1787858906883,d2fe775f-397e-dd3c-e3aa-cf1472d5e6b1,/p/0/f6dcc86e05d377cc,1,200,143015,273.186,1841.460,77664
1787858907806,c64abfb9-0f80-2244-326f-a6e75cc749f8,/p/2/8a471fcb9a6e7145,1,200,80973,115.135,924.693,87567
1787858907806,c64abfb9-0f80-2244-326f-a6e75cc749f8,/p/0/8a471ecb9a6e6f92,1,200,107974,57.684,1065.233,101362
1787858908716,155a8e6d-18ea-79a4-eb4c-7e275a9a25d1,/p/2/d96f60762cc20763,2,200,105083,97.724,610.865,172023
1787858908646,61f953fd-ddee-8f82-9969-a3c25d780ca0,/p/0/825ecc3c8a31ba26,1,200,397787,32.340,1243.958,319775
1787858908646,61f953fd-ddee-8f82-9969-a3c25d780ca0,/p/0/825ecb3c8a31b873,1,200,509084,32.282,1320.864,385417
1787858908601,155a8e6d-18ea-79a4-eb4c-7e275a9a25d1,/p/0/3c9dc95548029746,1,200,297878,66.404,1458.189,204279
1787858908731,c64abfb9-0f80-2244-326f-a6e75cc749f8,/p/0/17299163308978ef,2,200,124468,140.581,1394.775,89239
1787858908601,155a8e6d-18ea-79a4-eb4c-7e275a9a25d1,/p/0/3c9dc85548029593,1,200,269800,17.022,1733.419,155646
1787858908567,953461a2-4239-ade1-c67c-7dbb345a08ef,/?crawl=7,0,200,474619,56.095,1807.673,262558
1787858909327,155a8e6d-18ea-79a4-eb4c-7e275a9a25d1,/p/0/81b361490815ba82,3,200,223256,90.739,1309.860,170443
1787858909566,298c6f93-ed3a-eccd-2ec2-bbf1adc8cdd9,/?crawl=11,0,200,287884,57.209,1107.345,259977
1787858908637,f4aa5de6-495d-aaa1-8047-17ce3085fdb6,/p/0/637274107138836c,1,200,348724,134.705,2075.082,168053
1787858909566,c059e2ba-67b5-441d-83f3-96a164e9d07d,/?crawl=8,0,200,433703,42.461,1254.265,345783
1787858909327,155a8e6d-18ea-79a4-eb4c-7e275a9a25d1,/p/1/81b362490815bc35,3,200,311135,82.494,1629.728,190912
1787858910673,298c6f93-ed3a-eccd-2ec2-bbf1adc8cdd9,/p/12/9b3ca0c08b6020fc,1,200,47908,54.422,387.775,123546
1787858908716,155a8e6d-18ea-79a4-eb4c-7e275a9a25d1,/p/0/d96f5f762cc205b0,2,200,477324,81.126,2905.640,164275
1787858911061,298c6f93-ed3a-eccd-2ec2-bbf1adc8cdd9,/p/0/32cde3b90a2e7c5a,2,200,6897,412.853,607.408,11355
1787858908716,155a8e6d-18ea-79a4-eb4c-7e275a9a25d1,/p/0/d96f62762cc20ac9,2,200,503365,81.175,2972.236,169356
1787858910820,c059e2ba-67b5-441d-83f3-96a164e9d07d,/p/12/922f755aaaab2bca,1,200,127318,81.361,1132.985,112374
1787858910374,953461a2-4239-ade1-c67c-7dbb345a08ef,/p/4/15c91f9a1eccacd3,1,200,111669,268.518,1656.505,67412
1787858910374,953461a2-4239-ade1-c67c-7dbb345a08ef,/p/0/15c91e9a1eccab20,1,200,126381,240.844,1683.631,75065
1787858912566,5798b9b5-fd09-bc78-7cd4-ee89edc52918,/?crawl=13,0,200,20250,15.019,28.976,698865
1787858910059,155a8e6d-18ea-79a4-eb4c-7e275a9a25d1,/p/0/81b360490815b8cf,3,200,443648,119.387,2592.870,171103
1787858910957,155a8e6d-18ea-79a4-eb4c-7e275a9a25d1,/p/0/1406d500be44d460,4,200,482375,90.039,1971.110,244723
1787858912566,569b6c9a-0789-b5cd-df63-cf390ed61ae6,/?crawl=12,0,200,339532,20.585,374.737,906055
1787858912566,aea09ca6-707f-1c92-7474-d44d5c6cbed5,/?crawl=14,0,200,150305,40.214,395.100,380422
1787858910957,155a8e6d-18ea-79a4-eb4c-7e275a9a25d1,/p/0/1406d600be44d613,4,200,499703,81.654,2169.708,230309
1787858912961,aea09ca6-707f-1c92-7474-d44d5c6cbed5,/p/0/e0fd9fa7cd8f3d10,1,200,19935,94.871,263.246,75728
1787858910820,c059e2ba-67b5-441d-83f3-96a164e9d07d,/p/0/922f735aaaab2864,1,200,238822,81.398,2420.424,98669
1787858912595,5798b9b5-fd09-bc78-7cd4-ee89edc52918,/p/6/c2114b7bb4960d22,1,200,251883,67.763,813.350,309686
1787858912595,5798b9b5-fd09-bc78-7cd4-ee89edc52918,/p/0/c211497bb49609bc,1,200,417324,13.490,843.553,494722
1787858912031,953461a2-4239-ade1-c67c-7dbb345a08ef,/p/0/dbdef6c7c71bfa62,2,200,85953,357.784,1724.227,49850
1787858908731,c64abfb9-0f80-2244-326f-a6e75cc749f8,/p/0/1729926330897aa2,2,200,485355,283.576,5036.312,96371
1787858910673,298c6f93-ed3a-eccd-2ec2-bbf1adc8cdd9,/p/0/9b3ca1c08b6022af,1,200,124934,275.978,3215.117,38858
1787858912961,aea09ca6-707f-1c92-7474-d44d5c6cbed5,/p/2/e0fda0a7cd8f3ec3,1,200,202576,39.480,929.753,217881
1787858911953,c059e2ba-67b5-441d-83f3-96a164e9d07d,/p/11/fd88f28d4c5c370e,2,200,207621,205.240,2024.953,102531
1787858911953,c059e2ba-67b5-441d-83f3-96a164e9d07d,/p/0/fd88f08d4c5c33a8,2,200,130380,205.274,2034.874,64073
1787858912941,569b6c9a-0789-b5cd-df63-cf390ed61ae6,/p/12/557ba0d949310335,1,200,225022,108.968,1110.658,202602
1787858912941,569b6c9a-0789-b5cd-df63-cf390ed61ae6,/p/0/557b9ed94930ffcf,1,200,372249,17.881,1117.255,333182
1787858913411,5798b9b5-fd09-bc78-7cd4-ee89edc52918,/p/5/12d4919f3e10b440,2,200,172330,193.734,723.973,238034
1787858912941,569b6c9a-0789-b5cd-df63-cf390ed61ae6,/p/0/557b9fd949310182,1,200,495124,100.295,1232.958,401574
1787858914280,2067f70d-b46b-cb92-8f1f-5003b6fa7ea0,/?crawl=16,0,200,147106,63.167,168.984,870531
1787858913891,aea09ca6-707f-1c92-7474-d44d5c6cbed5,/p/1/4ff21e022447621c,2,200,14818,476.537,571.119,25946
1787858913408,5798b9b5-fd09-bc78-7cd4-ee89edc52918,/p/0/12d4939f3e10b7a6,2,200,175111,177.925,1103.933,158625
1787858914051,569b6c9a-0789-b5cd-df63-cf390ed61ae6,/p/0/5a11cb2dbe282f17,2,200,64049,122.217,479.298,133631
1787858914052,569b6c9a-0789-b5cd-df63-cf390ed61ae6,/p/0/5a11cc2dbe2830ca,2,200,198152,134.053,560.461,353552
1787858914135,5798b9b5-fd09-bc78-7cd4-ee89edc52918,/p/4/fcadcfb4868f09cb,3,200,250822,173.370,1187.781,211169
1787858914279,59668973-ab89-96a2-0ad0-d2d995c7597f,/?crawl=17,0,200,454495,91.336,1334.541,340563
1787858915566,2d0fa1df-41e4-0c83-3919-6a1727c45664,/?crawl=18,0,200,81083,55.947,319.077,254117
1787858914135,5798b9b5-fd09-bc78-7cd4-ee89edc52918,/p/0/fcadceb4868f0818,3,200,353115,101.831,1819.197,194105
1787858915885,2d0fa1df-41e4-0c83-3919-6a1727c45664,/p/1/c9f9a10ac4d2c7a7,1,200,5257,53.866,81.151,64781
1787858913891,aea09ca6-707f-1c92-7474-d44d5c6cbed5,/p/0/4ff21f02244763cf,2,200,138190,270.667,2207.972,62587
1787858911061,298c6f93-ed3a-eccd-2ec2-bbf1adc8cdd9,/p/0/32cde2b90a2e7aa7,2,200,279219,303.618,5243.218,53253
1787858913891,aea09ca6-707f-1c92-7474-d44d5c6cbed5,/p/0/4ff2200224476582,2,200,169730,270.947,2449.326,69297
1787858915614,59668973-ab89-96a2-0ad0-d2d995c7597f,/p/1/7467f605622a34d6,1,200,52862,183.089,794.905,66501
1787858910673,298c6f93-ed3a-eccd-2ec2-bbf1adc8cdd9,/p/0/9b3ca2c08b602462,1,200,484498,138.407,5767.930,83999
1787858915885,2d0fa1df-41e4-0c83-3919-6a1727c45664,/p/0/c9f9a00ac4d2c5f4,1,200,63421,81.198,607.342,104424
1787858915614,59668973-ab89-96a2-0ad0-d2d995c7597f,/p/0/7467f405622a3170,1,200,148743,40.392,894.733,166243
1787858914279,642626d0-983f-8a2d-45a6-c0fa444f3d26,/?crawl=15,0,200,508075,101.106,2282.615,222585
1787858916409,59668973-ab89-96a2-0ad0-d2d995c7597f,/p/0/ff5943e684dc3ae1,2,200,7203,197.535,258.366,27879
1787858910957,155a8e6d-18ea-79a4-eb4c-7e275a9a25d1,/p/0/1406d700be44d7c6,4,200,4000850,81.735,5843.636,684651
1787858914051,569b6c9a-0789-b5cd-df63-cf390ed61ae6,/p/11/5a11cd2dbe28327d,2,200,2307703,143.712,2814.321,819986
1787858914462,aea09ca6-707f-1c92-7474-d44d5c6cbed5,/p/0/ea2071db9c171de3,3,200,209090,203.615,2626.305,79614
1787858914462,aea09ca6-707f-1c92-7474-d44d5c6cbed5,/p/0/ea2073db9c172149,3,200,164228,259.211,2629.373,62459
1787858914462,aea09ca6-707f-1c92-7474-d44d5c6cbed5,/p/0/ea2070db9c171c30,3,200,234585,259.108,2630.741,89171
1787858915954,5798b9b5-fd09-bc78-7cd4-ee89edc52918,/p/0/ff76236f14a24d6e,4,200,217906,74.627,1143.611,190542
1787858916409,59668973-ab89-96a2-0ad0-d2d995c7597f,/p/0/ff5942e684dc392e,2,200,95821,217.925,914.475,104783
1787858916866,569b6c9a-0789-b5cd-df63-cf390ed61ae6,/p/10/96b5984659458669,3,200,162896,16.623,654.275,248972
1787858916562,642626d0-983f-8a2d-45a6-c0fa444f3d26,/p/0/4d934d4a38f44c16,1,200,70372,97.155,1072.506,65615
1787858911953,c059e2ba-67b5-441d-83f3-96a164e9d07d,/p/0/fd88f38d4c5c38c1,2,200,412020,225.274,5803.711,70993
1787858916866,569b6c9a-0789-b5cd-df63-cf390ed61ae6,/p/0/96b5964659458303,3,200,287847,33.458,901.634,319250
1787858912961,aea09ca6-707f-1c92-7474-d44d5c6cbed5,/p/0/e0fda2a7cd8f4229,1,200,4502033,132.747,4810.235,935928
1787858917520,569b6c9a-0789-b5cd-df63-cf390ed61ae6,/p/0/c74f742d40cbb270,4,200,49861,83.065,352.192,141573
1787858917566,9cdb4fbf-cd90-9a85-4f7b-90b2f4c395ba,/?crawl=20,0,200,151345,35.547,375.649,402889
1787858915323,5798b9b5-fd09-bc78-7cd4-ee89edc52918,/p/3/ff76216f14a24a08,4,200,499235,69.001,2698.967,184973
1787858917520,569b6c9a-0789-b5cd-df63-cf390ed61ae6,/p/0/c74f772d40cbb789,4,200,121267,83.049,569.134,213073
1787858916866,569b6c9a-0789-b5cd-df63-cf390ed61ae6,/p/0/96b59746594584b6,3,200,453253,16.610,1339.693,338326
1787858917520,569b6c9a-0789-b5cd-df63-cf390ed61ae6,/p/9/c74f752d40cbb423,4,200,211299,106.424,733.029,288255
1787858915966,2d0fa1df-41e4-0c83-3919-6a1727c45664,/p/0/6bb3a47ba360204b,2,200,161227,288.007,2391.823,67408
1787858908637,f4aa5de6-495d-aaa1-8047-17ce3085fdb6,/p/1/637275107138851f,1,200,2256924,119.746,9919.441,227525
1787858917566,25939a61-c9c5-3c66-5f02-c57839660af7,/?crawl=21,0,200,321487,50.737,1010.535,318135
1787858918576,25939a61-c9c5-3c66-5f02-c57839660af7,/p/0/52b741d651632e6d,1,200,12903,45.483,90.386,142754
1787858912031,953461a2-4239-ade1-c67c-7dbb345a08ef,/p/0/dbdef5c7c71bf8af,2,200,453644,301.034,6811.339,66601
1787858918566,50b2dcc6-0d1c-7927-7a8e-16e2a146d4f9,/?crawl=22,0,200,377863,22.822,507.035,745240
1787858915885,2d0fa1df-41e4-0c83-3919-6a1727c45664,/p/0/c9f9a30ac4d2cb0d,1,200,257625,133.642,3287.280,78370
1787858918253,569b6c9a-0789-b5cd-df63-cf390ed61ae6,/p/0/1bf1da627a92895b,5,200,306569,34.237,946.607,323861
1787858909566,a94699f5-2908-c51a-e3cb-3f8bef0d9f4f,/?crawl=10,0,200,4976137,28.939,9702.349,512880
1787858918253,569b6c9a-0789-b5cd-df63-cf390ed61ae6,/p/8/1bf1d9627a9287a8,5,200,384918,50.023,1076.856,357446
1787858918253,569b6c9a-0789-b5cd-df63-cf390ed61ae6,/p/0/1bf1db627a928b0e,5,200,338439,17.278,1092.806,309697
1787858918557,f4aa5de6-495d-aaa1-8047-17ce3085fdb6,/p/0/4a0c94e062ee174e,2,200,81056,134.604,855.969,94695
1787858918566,3a3baa8c-df43-ae9f-56fd-8ba3bf2dc386,/?crawl=24,0,200,353480,38.966,847.987,416846
1787858918566,870bcfa7-0714-e7a4-eda7-671f567f99aa,/?crawl=23,0,200,423779,32.403,919.528,460866
1787858918576,25939a61-c9c5-3c66-5f02-c57839660af7,/p/0/52b73ed651632954,1,200,145502,45.453,925.631,157192
1787858915966,2d0fa1df-41e4-0c83-3919-6a1727c45664,/p/0/6bb3a67ba36023b1,2,200,239893,287.968,3573.662,67128
1787858916409,59668973-ab89-96a2-0ad0-d2d995c7597f,/p/0/ff5941e684dc377b,2,200,504062,197.517,3297.029,152884
1787858919073,50b2dcc6-0d1c-7927-7a8e-16e2a146d4f9,/p/4/e6219533e5fe211a,1,200,195070,21.115,793.080,245965
1787858919073,50b2dcc6-0d1c-7927-7a8e-16e2a146d4f9,/p/0/e6219633e5fe22cd,1,200,252400,31.126,904.189,279145
1787858918557,f4aa5de6-495d-aaa1-8047-17ce3085fdb6,/p/0/4a0c95e062ee1901,2,200,286910,149.505,1691.562,169612
1787858916562,642626d0-983f-8a2d-45a6-c0fa444f3d26,/p/0/4d934c4a38f44a63,1,200,415518,64.531,3765.916,110337
1787858913978,c059e2ba-67b5-441d-83f3-96a164e9d07d,/p/0/d34b58c184f8a615,3,200,513286,276.612,6427.197,79862
1787858919330,569b6c9a-0789-b5cd-df63-cf390ed61ae6,/p/0/922b3ce9e158927b,6,200,399583,15.905,1087.826,367322
1787858913978,c059e2ba-67b5-441d-83f3-96a164e9d07d,/p/10/d34b56c184f8a2af,3,200,506464,320.561,6487.814,78064
1787858919268,a94699f5-2908-c51a-e3cb-3f8bef0d9f4f,/p/0/2ea6f51e1ffb155c,1,200,254291,26.963,1201.737,211603
1787858919330,569b6c9a-0789-b5cd-df63-cf390ed61ae6,/p/0/922b3de9e158942e,6,200,400593,79.496,1224.979,327020
1787858919330,569b6c9a-0789-b5cd-df63-cf390ed61ae6,/p/7/922b3ee9e15895e1,6,200,351992,79.511,1232.842,285513
1787858919073,50b2dcc6-0d1c-7927-7a8e-16e2a146d4f9,/p/0/e6219333e5fe1db4,1,200,360158,31.188,1604.249,224503
1787858919268,a94699f5-2908-c51a-e3cb-3f8bef0d9f4f,/p/0/2ea6f81e1ffb1a75,1,200,257312,26.969,1459.631,176286
1787858919414,3a3baa8c-df43-ae9f-56fd-8ba3bf2dc386,/p/0/71a396026a5c5e5b,1,200,239397,118.242,1462.608,163678
1787858919866,50b2dcc6-0d1c-7927-7a8e-16e2a146d4f9,/p/3/c1341c5a239cfc89,2,200,200251,101.231,1033.088,193837
1787858919414,3a3baa8c-df43-ae9f-56fd-8ba3bf2dc386,/p/6/71a395026a5c5ca8,1,200,249690,136.199,1705.405,146411
1787858920563,569b6c9a-0789-b5cd-df63-cf390ed61ae6,/p/0/3b06ed57d536e62d,7,200,227206,17.773,853.332,266258
1787858919485,870bcfa7-0714-e7a4-eda7-671f567f99aa,/p/14/798bea917a99172d,1,200,338727,32.145,2025.735,167212
1787858920563,569b6c9a-0789-b5cd-df63-cf390ed61ae6,/p/6/3b06ec57d536e47a,7,200,449019,25.238,1266.752,354465
1787858920466,c059e2ba-67b5-441d-83f3-96a164e9d07d,/p/9/baf11354c1d4b2aa,4,200,89327,204.567,1473.975,60603
1787858921830,569b6c9a-0789-b5cd-df63-cf390ed61ae6,/p/0/188c263a02b305fa,8,200,90165,100.169,408.610,220663
1787858921830,569b6c9a-0789-b5cd-df63-cf390ed61ae6,/p/0/188c253a02b30447,8,200,305071,92.167,544.074,560716
1787858919866,50b2dcc6-0d1c-7927-7a8e-16e2a146d4f9,/p/0/c1341b5a239cfad6,2,200,421296,121.401,2538.893,165937
1787858918566,bc665800-401c-dd5a-498a-b5a9317139d8,/?crawl=25,0,200,3125173,21.423,4040.219,773516
1787858920899,50b2dcc6-0d1c-7927-7a8e-16e2a146d4f9,/p/0/6e6a5287a3f9d879,3,200,198767,175.650,1828.304,108717
1787858920899,50b2dcc6-0d1c-7927-7a8e-16e2a146d4f9,/p/0/6e6a4f87a3f9d360,3,200,290178,135.310,2115.589,137162
1787858919485,870bcfa7-0714-e7a4-eda7-671f567f99aa,/p/0/798be8917a9913c7,1,200,505081,77.748,3636.100,138907
1787858911061,298c6f93-ed3a-eccd-2ec2-bbf1adc8cdd9,/p/11/32cde1b90a2e78f4,2,200,2165315,303.728,12189.955,177631
1787858922606,bc665800-401c-dd5a-498a-b5a9317139d8,/p/2/50dea5ffef752bb,1,200,150007,94.634,728.601,205884
1787858919485,870bcfa7-0714-e7a4-eda7-671f567f99aa,/p/0/798be9917a99157a,1,200,490020,61.499,3913.216,125222
1787858920899,50b2dcc6-0d1c-7927-7a8e-16e2a146d4f9,/p/2/6e6a5187a3f9d6c6,3,200,517672,145.326,2623.562,197316
1787858922566,ff74ef6c-9b66-a1c0-7684-511dfc19f972,/?crawl=26,0,200,302580,48.008,988.040,306243
1787858916562,642626d0-983f-8a2d-45a6-c0fa444f3d26,/p/23/4d934b4a38f448b0,1,200,4509082,64.498,7294.042,618187
1787858921511,870bcfa7-0714-e7a4-eda7-671f567f99aa,/p/0/3ea31bf80d9c4edc,2,200,292962,202.548,2505.955,116906
1787858923554,ff74ef6c-9b66-a1c0-7684-511dfc19f972,/p/0/98783fbd939248ce,1,200,28610,283.996,542.392,52748
1787858923856,642626d0-983f-8a2d-45a6-c0fa444f3d26,/p/22/a4beebfe3ec1a5f4,2,200,41822,7.687,255.396,163753
1787858921119,3a3baa8c-df43-ae9f-56fd-8ba3bf2dc386,/p/0/620fea2462b05846,2,200,285838,177.558,3001.406,95235
1787858923856,642626d0-983f-8a2d-45a6-c0fa444f3d26,/p/0/a4beedfe3ec1a95a,2,200,344196,3.133,278.932,1233979
1787858921511,870bcfa7-0714-e7a4-eda7-671f567f99aa,/p/0/3ea31ef80d9c53f5,2,200,316296,171.229,2630.078,120261
1787858923856,642626d0-983f-8a2d-45a6-c0fa444f3d26,/p/0/a4beecfe3ec1a7a7,2,200,403827,7.618,310.692,1299766
1787858923335,bc665800-401c-dd5a-498a-b5a9317139d8,/p/0/f0184935039b165f,2,200,152366,134.357,869.402,175254
1787858920563,569b6c9a-0789-b5cd-df63-cf390ed61ae6,/p/0/3b06ea57d536e114,7,200,2871086,25.296,3712.904,773272
1787858924112,642626d0-983f-8a2d-45a6-c0fa444f3d26,/p/21/6f966f4d24c1517d,3,200,166429,55.361,234.158,710756
1787858924112,642626d0-983f-8a2d-45a6-c0fa444f3d26,/p/0/6f966d4d24c14e17,3,200,207915,55.708,234.366,887138
1787858923566,2bee12fb-c85f-3ac1-509c-17e2e4d44b01,/?crawl=28,0,200,402639,35.581,953.453,422295
1787858923251,298c6f93-ed3a-eccd-2ec2-bbf1adc8cdd9,/p/0/b0954c5bb17fb020,3,200,175335,54.296,1291.927,135716
1787858921940,c059e2ba-67b5-441d-83f3-96a164e9d07d,/p/0/acf6fbe2e8593f56,5,200,218089,203.471,2768.625,78772
1787858924566,6e9273b2-380f-6f23-ded9-cddece31b094,/?crawl=29,0,200,63347,36.012,160.371,395002
1787858924346,642626d0-983f-8a2d-45a6-c0fa444f3d26,/p/0/bf60299b7567a3fb,4,200,296481,409.520,420.874,704442
1787858924346,642626d0-983f-8a2d-45a6-c0fa444f3d26,/p/20/bf60289b7567a248,4,200,248277,409.967,421.138,589539
1787858924346,642626d0-983f-8a2d-45a6-c0fa444f3d26,/p/0/bf602a9b7567a5ae,4,200,361124,410.768,421.162,857447
1787858924566,54b39338-2449-1e27-96eb-41c117ea6ba8,/?crawl=30,0,200,40644,77.918,228.913,177552
1787858924566,56bf00ae-dc5d-838c-018b-6801b733fec9,/?crawl=31,0,200,119585,30.862,236.226,506231
1787858923335,bc665800-401c-dd5a-498a-b5a9317139d8,/p/0/f0184a35039b1812,2,200,230895,134.284,1498.900,154043
1787858924802,56bf00ae-dc5d-838c-018b-6801b733fec9,/p/0/fca7b106f16116a4,1,200,18785,29.367,58.013,323808
1787858908637,f4aa5de6-495d-aaa1-8047-17ce3085fdb6,/p/0/6372771071388885,1,200,4291511,30.605,16457.382,260765
1787858921119,3a3baa8c-df43-ae9f-56fd-8ba3bf2dc386,/p/0/620fe92462b05693,2,200,390241,177.543,3976.345,98141
1787858922606,bc665800-401c-dd5a-498a-b5a9317139d8,/p/0/50de95ffef75108,1,200,502101,94.623,2514.095,199714
1787858921830,569b6c9a-0789-b5cd-df63-cf390ed61ae6,/p/5/188c273a02b307ad,8,200,4367555,100.125,3351.556,1303143
1787858923251,298c6f93-ed3a-eccd-2ec2-bbf1adc8cdd9,/p/10/b0954d5bb17fb1d3,3,200,235682,138.635,2256.442,104448
1787858923566,d4127861-a092-ef73-2dd4-ed0eed3228ea,/?crawl=27,0,200,363794,80.600,1980.794,183661
1787858924802,56bf00ae-dc5d-838c-018b-6801b733fec9,/p/0/fca7b306f1611a0a,1,200,166957,127.798,752.125,221980
1787858924795,54b39338-2449-1e27-96eb-41c117ea6ba8,/p/4/9012086485fc101d,1,200,47653,263.645,787.988,60474
1787858923523,50b2dcc6-0d1c-7927-7a8e-16e2a146d4f9,/p/1/228f9842cf15048,4,200,386506,132.371,2090.646,184874
1787858921940,c059e2ba-67b5-441d-83f3-96a164e9d07d,/p/8/acf6fce2e8594109,5,200,204951,223.478,4035.503,50787
1787858923554,ff74ef6c-9b66-a1c0-7684-511dfc19f972,/p/0/98783dbd93924568,1,200,418001,47.110,2564.298,163008
1787858924802,56bf00ae-dc5d-838c-018b-6801b733fec9,/p/0/fca7b406f1611bbd,1,200,464037,57.922,1337.883,346844
1787858918576,25939a61-c9c5-3c66-5f02-c57839660af7,/p/1/52b73fd651632b07,1,200,2316507,137.214,7712.373,300362
1787858925181,569b6c9a-0789-b5cd-df63-cf390ed61ae6,/p/4/d7edf12fd2d0b618,9,200,392792,91.192,1116.807,351710
1787858924709,c059e2ba-67b5-441d-83f3-96a164e9d07d,/p/0/acf6fae2e8593da3,5,200,131761,203.491,1748.015,75377
1787858920466,c059e2ba-67b5-441d-83f3-96a164e9d07d,/p/0/baf11154c1d4af44,4,200,518860,204.582,5990.916,86608
1787858916566,c3585e59-0c09-756a-7acb-79af838ae834,/?crawl=19,0,200,4259564,35.057,10076.061,422741
1787858926642,c3585e59-0c09-756a-7acb-79af838ae834,/p/0/368f4dad3037d4fa,1,200,14536,31.672,69.087,210402
1787858925976,c059e2ba-67b5-441d-83f3-96a164e9d07d,/p/7/d24a953525ddfe40,6,200,419616,145.392,814.834,514971
1787858926457,c059e2ba-67b5-441d-83f3-96a164e9d07d,/p/0/d24a963525ddfff3,6,200,146647,29.950,342.013,428776
1787858926457,c059e2ba-67b5-441d-83f3-96a164e9d07d,/p/0/d24a973525de01a6,6,200,159519,333.526,341.861,466620
1787858925181,569b6c9a-0789-b5cd-df63-cf390ed61ae6,/p/0/d7edf22fd2d0b7cb,9,200,447356,82.838,1832.012,244188
1787858926298,569b6c9a-0789-b5cd-df63-cf390ed61ae6,/p/3/c90663fba99817a5,10,200,153039,99.124,868.371,176237
1787858908731,c64abfb9-0f80-2244-326f-a6e75cc749f8,/p/1/1729936330897c55,2,200,3943201,254.263,18542.549,212657
1787858927567,d4629c40-d15a-7de0-a365-ef162f524d68,/?crawl=32,0,200,27543,40.969,100.124,275089
1787858925508,298c6f93-ed3a-eccd-2ec2-bbf1adc8cdd9,/p/9/1866656efb72c8f,4,200,127095,277.523,2209.088,57533
1787858927667,d4629c40-d15a-7de0-a365-ef162f524d68,/p/0/693d5ca95cc62244,1,200,26274,39.796,99.379,264381
1787858927167,569b6c9a-0789-b5cd-df63-cf390ed61ae6,/p/0/92d9819dc2a12506,11,200,61130,89.207,610.414,100145
1787858915966,2d0fa1df-41e4-0c83-3919-6a1727c45664,/p/0/6bb3a57ba36021fe,2,200,2587122,287.940,11908.175,217256
1787858925583,54b39338-2449-1e27-96eb-41c117ea6ba8,/p/3/f4b15b465f20ddff,2,200,71487,447.351,2406.118,29711
1787858927167,569b6c9a-0789-b5cd-df63-cf390ed61ae6,/p/0/92d9809dc2a12353,11,200,127300,80.703,846.614,150364
1787858926298,569b6c9a-0789-b5cd-df63-cf390ed61ae6,/p/0/c90662fba99815f2,10,200,364745,83.060,2004.202,181990
1787858927717,298c6f93-ed3a-eccd-2ec2-bbf1adc8cdd9,/p/0/9bb8b617a54677d2,5,200,22639,277.162,635.965,35598
1787858927167,569b6c9a-0789-b5cd-df63-cf390ed61ae6,/p/2/92d97f9dc2a121a0,11,200,306110,145.443,1354.932,225923
1787858926298,569b6c9a-0789-b5cd-df63-cf390ed61ae6,/p/0/c90661fba998143f,10,200,490965,99.096,2239.226,219257
1787858923251,298c6f93-ed3a-eccd-2ec2-bbf1adc8cdd9,/p/0/b0954f5bb17fb539,3,200,444478,496.597,5431.416,81835
1787858919268,a94699f5-2908-c51a-e3cb-3f8bef0d9f4f,/p/1/2ea6f61e1ffb170f,1,200,4578241,65.799,9440.274,484969
1787858925614,50b2dcc6-0d1c-7927-7a8e-16e2a146d4f9,/p/0/5c1ff3e514ad9cf3,5,200,395119,121.535,3177.531,124348
1787858926289,25939a61-c9c5-3c66-5f02-c57839660af7,/p/0/7f6f8334f7ae6b81,2,200,319473,43.607,2788.976,114548
1787858918557,f4aa5de6-495d-aaa1-8047-17ce3085fdb6,/p/0/4a0c92e062ee13e8,2,200,3717328,134.571,10636.988,349472
1787858927667,d4629c40-d15a-7de0-a365-ef162f524d68,/p/0/693d5da95cc623f7,1,200,266376,99.293,1570.811,169579
1787858915614,59668973-ab89-96a2-0ad0-d2d995c7597f,/p/0/7467f705622a3689,1,200,4663596,201.867,13770.585,338664
1787858928566,db465bc7-3c36-6c38-6cdc-56400ab10e94,/?crawl=34,0,200,433341,30.093,881.603,491537
1787858906883,d2fe775f-397e-dd3c-e3aa-cf1472d5e6b1,/p/8/f6dcca6e05d37b32,1,200,3890947,273.149,22789.519,170734
1787858924795,54b39338-2449-1e27-96eb-41c117ea6ba8,/p/0/9012076485fc0e6a,1,200,221971,337.615,4967.430,44685
1787858927667,d4629c40-d15a-7de0-a365-ef162f524d68,/p/0/693d5fa95cc6275d,1,200,472259,99.397,2127.900,221937
1787858918022,5798b9b5-fd09-bc78-7cd4-ee89edc52918,/p/0/2f7a73e44e7c2712,5,200,2233034,69.571,11941.489,186998
1787858923554,ff74ef6c-9b66-a1c0-7684-511dfc19f972,/p/0/987840bd93924a81,1,200,4659612,236.485,6521.834,714464
1787858927274,c64abfb9-0f80-2244-326f-a6e75cc749f8,/p/0/b8364057efa2e05e,3,200,187660,312.249,2824.076,66450
1787858928522,569b6c9a-0789-b5cd-df63-cf390ed61ae6,/p/0/a042071b49b1030c,12,200,373698,81.565,1579.619,236575
1787858926289,25939a61-c9c5-3c66-5f02-c57839660af7,/p/0/7f6f8234f7ae69ce,2,200,437142,179.628,3815.100,114582
1787858925508,298c6f93-ed3a-eccd-2ec2-bbf1adc8cdd9,/p/0/1866556efb72adc,4,200,286585,277.474,4609.554,62172
1787858929566,0c71003e-59f5-79c4-5e9c-a325c079c7b6,/?crawl=35,0,200,63032,128.416,569.806,110620
1787858928522,569b6c9a-0789-b5cd-df63-cf390ed61ae6,/p/1/a042091b49b10672,12,200,352066,89.160,1641.263,214509
1787858926791,c059e2ba-67b5-441d-83f3-96a164e9d07d,/p/6/f3f5cfeeb7ef5b17,7,200,10152,3117.280,3548.393,2861
1787858930566,2c587170-b79c-3489-392e-4ab6d67b5b39,/?crawl=37,0,200,47678,45.570,150.931,315893
1787858927274,c64abfb9-0f80-2244-326f-a6e75cc749f8,/p/0/b8363e57efa2dcf8,3,200,380181,56.309,3567.118,106579
1787858924795,54b39338-2449-1e27-96eb-41c117ea6ba8,/p/0/9012066485fc0cb7,1,200,351955,75.262,6094.153,57753
1787858929762,54b39338-2449-1e27-96eb-41c117ea6ba8,/p/0/f346768816b755b1,3,200,97292,412.500,1128.413,86220
1787858927989,54b39338-2449-1e27-96eb-41c117ea6ba8,/p/0/f346738816b75098,3,200,263186,375.284,2943.603,89409
1787858927989,54b39338-2449-1e27-96eb-41c117ea6ba8,/p/2/f346748816b7524b,3,200,323941,451.194,2976.418,108836
1787858922606,bc665800-401c-dd5a-498a-b5a9317139d8,/p/0/50dec5ffef75621,1,200,2919375,17.526,8371.781,348716
1787858925583,54b39338-2449-1e27-96eb-41c117ea6ba8,/p/0/f4b15d465f20e165,2,200,317173,372.809,5403.424,58699
1787858928709,a94699f5-2908-c51a-e3cb-3f8bef0d9f4f,/p/0/212b3d34424b660b,2,200,492621,27.371,2415.025,203982
1787858928709,a94699f5-2908-c51a-e3cb-3f8bef0d9f4f,/p/0/212b3c34424b6458,2,200,430268,27.402,2456.363,175165
1787858927274,c64abfb9-0f80-2244-326f-a6e75cc749f8,/p/0/b8363f57efa2deab,3,200,423966,312.251,3932.341,107815
1787858925583,54b39338-2449-1e27-96eb-41c117ea6ba8,/p/0/f4b15a465f20dc4c,2,200,445082,410.796,5700.208,78082
1787858930965,54b39338-2449-1e27-96eb-41c117ea6ba8,/p/1/27917e64c893071a,4,200,208834,317.605,327.371,637911
1787858930965,54b39338-2449-1e27-96eb-41c117ea6ba8,/p/0/27917f64c89308cd,4,200,482428,317.557,333.173,1447979
1787858928709,a94699f5-2908-c51a-e3cb-3f8bef0d9f4f,/p/0/212b3f34424b6971,2,200,504408,52.979,2661.017,189555
1787858929963,5798b9b5-fd09-bc78-7cd4-ee89edc52918,/p/0/2f7a72e44e7c255f,5,200,53672,78.313,1425.344,37655
1787858930163,569b6c9a-0789-b5cd-df63-cf390ed61ae6,/p/0/b24928b99592a6c4,13,200,236050,88.722,1232.433,191532
1787858930163,569b6c9a-0789-b5cd-df63-cf390ed61ae6,/p/0/b24929b99592a877,13,200,219627,105.676,1314.299,167106
1787858929448,db465bc7-3c36-6c38-6cdc-56400ab10e94,/p/0/4268b1ee3390361e,1,200,379060,29.384,2115.875,179150
1787858931293,54b39338-2449-1e27-96eb-41c117ea6ba8,/p/0/878fb08889ad4e2a,5,200,73663,318.339,325.827,226080
1787858931293,54b39338-2449-1e27-96eb-41c117ea6ba8,/p/0/878fb18889ad4fdd,5,200,224183,317.987,329.660,680043
1787858931293,54b39338-2449-1e27-96eb-41c117ea6ba8,/p/0/878faf8889ad4c77,5,200,288349,323.279,333.099,865656
1787858930163,569b6c9a-0789-b5cd-df63-cf390ed61ae6,/p/0/b2492ab99592aa2a,13,200,361946,97.643,1545.272,234228
1787858929448,db465bc7-3c36-6c38-6cdc-56400ab10e94,/p/14/4268b2ee339037d1,1,200,362439,57.447,2262.462,160197
1787858929566,56d38f00-128b-5c28-0b92-4d6d2d4b19d7,/?crawl=36,0,200,413660,80.565,2309.113,179142
1787858930717,2c587170-b79c-3489-392e-4ab6d67b5b39,/p/0/8829b4d575bf58fe,1,200,155233,41.051,1182.407,131286
1787858929673,d2fe775f-397e-dd3c-e3aa-cf1472d5e6b1,/p/0/d6bba26e23c6df2a,2,200,159213,77.432,2463.353,64633
1787858931566,993f30ac-2bf3-034e-618b-4a0b0c7f0b18,/?crawl=38,0,200,197034,44.832,580.686,339313
1787858930136,0c71003e-59f5-79c4-5e9c-a325c079c7b6,/p/0/aefe5b909ef53e58,1,200,91574,680.577,2369.793,38642
1787858918022,5798b9b5-fd09-bc78-7cd4-ee89edc52918,/p/2/2f7a74e44e7c28c5,5,200,2959193,69.480,14495.176,204150
1787858921511,870bcfa7-0714-e7a4-eda7-671f567f99aa,/p/13/3ea31df80d9c5242,2,200,4142436,171.219,11056.056,374676
1787858931710,db465bc7-3c36-6c38-6cdc-56400ab10e94,/p/0/c4ba8ac49b4cf66e,2,200,96880,161.638,911.375,106301
1787858925508,298c6f93-ed3a-eccd-2ec2-bbf1adc8cdd9,/p/0/1866856efb72ff5,4,200,469099,305.045,7117.625,65907
1787858932566,d89b0df7-d975-e9c8-6b36-24cb7ddfbe46,/?crawl=39,0,200,333278,26.336,465.391,716124
1787858930717,2c587170-b79c-3489-392e-4ab6d67b5b39,/p/0/8829b3d575bf574b,1,200,359670,41.054,2545.712,141285
1787858909566,99533c34-613f-fca8-39c6-179510e7eca7,/?crawl=9,0,200,4760258,71.427,24064.598,197812
1787858933567,9db87a8c-7367-8eb8-c13a-2321f9425a22,/?crawl=43,0,200,75157,25.426,112.184,669946
1787858932567,870bcfa7-0714-e7a4-eda7-671f567f99aa,/p/0/add42e4900d10eaa,3,200,213107,30.918,1122.394,189868
1787858923335,bc665800-401c-dd5a-498a-b5a9317139d8,/p/1/f0184835039b14ac,2,200,4687214,124.970,10417.990,449915
1787858932566,28ccfaac-4860-d877-6d39-8f1480e51491,/?crawl=41,0,200,415268,46.193,1270.439,326870
1787858932147,993f30ac-2bf3-034e-618b-4a0b0c7f0b18,/p/2/f4bf5d77e1245f85,1,200,234837,142.246,1774.305,132354
1787858933031,d89b0df7-d975-e9c8-6b36-24cb7ddfbe46,/p/0/6155061a4c89660c,1,200,242934,29.280,1015.405,239248
1787858927717,298c6f93-ed3a-eccd-2ec2-bbf1adc8cdd9,/p/0/9bb8b517a546761f,5,200,511907,387.993,6406.285,79907
1787858932567,870bcfa7-0714-e7a4-eda7-671f567f99aa,/p/12/add42f4900d1105d,3,200,315338,30.901,1573.948,200348
1787858933031,d89b0df7-d975-e9c8-6b36-24cb7ddfbe46,/p/0/6155091a4c896b25,1,200,291413,57.366,1146.851,254098
1787858933031,d89b0df7-d975-e9c8-6b36-24cb7ddfbe46,/p/5/6155081a4c896972,1,200,389504,18.347,1230.356,316578
1787858933567,fa582fd7-aacb-0337-b145-55fbdaa93e2a,/?crawl=44,0,200,85568,54.392,735.518,116337
1787858908567,d4e2a278-8eea-553a-b702-d193f80905dc,/?crawl=4,0,200,5167830,82.574,25908.649,199464
1787858933567,701f3cd0-0429-7076-94ab-7ca9c4aa7416,/?crawl=42,0,200,170966,78.345,927.857,184259
1787858934302,fa582fd7-aacb-0337-b145-55fbdaa93e2a,/p/0/65c3fc963cfe9509,1,200,11913,220.251,293.518,40587
1787858932517,5798b9b5-fd09-bc78-7cd4-ee89edc52918,/p/1/7d6933c7f2f4c9fc,6,200,438715,81.257,2182.125,201049
1787858934262,d89b0df7-d975-e9c8-6b36-24cb7ddfbe46,/p/0/664c61a0ec60d5cb,2,200,118209,19.599,442.032,267422
1787858929673,d2fe775f-397e-dd3c-e3aa-cf1472d5e6b1,/p/7/d6bba36e23c6e0dd,2,200,399778,399.634,5039.523,79329
1787858924767,642626d0-983f-8a2d-45a6-c0fa444f3d26,/p/0/dd67f87ad1611ef8,5,200,399717,1457.094,10075.891,39671
1787858921119,3a3baa8c-df43-ae9f-56fd-8ba3bf2dc386,/p/5/620feb2462b059f9,2,200,2487781,195.055,13778.826,180551
1787858930136,0c71003e-59f5-79c4-5e9c-a325c079c7b6,/p/22/aefe5d909ef541be,1,200,377593,615.458,4801.734,78637
1787858934566,ae4e5018-5a50-5d98-cfa0-61618e3ad560,/?crawl=47,0,200,187018,34.608,426.429,438568
1787858924767,642626d0-983f-8a2d-45a6-c0fa444f3d26,/p/19/dd67fa7ad161225e,5,200,391469,1369.154,10300.772,38004
1787858934262,d89b0df7-d975-e9c8-6b36-24cb7ddfbe46,/p/4/664c63a0ec60d931,2,200,236840,102.617,850.233,278559
1787858934141,870bcfa7-0714-e7a4-eda7-671f567f99aa,/p/11/2d9a4b9b974748db,4,200,86659,152.325,1061.862,81610
1787858934566,f0602d95-b6a7-b7a4-b286-ec67f83bcbe7,/?crawl=46,0,200,249696,40.172,685.545,364230
1787858934262,d89b0df7-d975-e9c8-6b36-24cb7ddfbe46,/p/0/664c62a0ec60d77e,2,200,376995,29.804,1091.758,345310
1787858919414,3a3baa8c-df43-ae9f-56fd-8ba3bf2dc386,/p/0/71a397026a5c600e,1,200,2786542,33.109,15945.181,174758
1787858931710,db465bc7-3c36-6c38-6cdc-56400ab10e94,/p/13/c4ba88c49b4cf308,2,200,468036,161.662,3702.360,126416
1787858926799,c059e2ba-67b5-441d-83f3-96a164e9d07d,/p/0/f3f5d1eeb7ef5e7d,7,200,296424,3108.865,8784.921,33742
1787858935112,d89b0df7-d975-e9c8-6b36-24cb7ddfbe46,/p/3/771b1b8facfc5855,3,200,101788,115.446,599.576,169767
1787858933921,993f30ac-2bf3-034e-618b-4a0b0c7f0b18,/p/1/67731392e39aa170,2,200,124240,202.362,1915.265,64868
1787858932147,993f30ac-2bf3-034e-618b-4a0b0c7f0b18,/p/0/f4bf5c77e1245dd2,1,200,386324,39.377,3693.781,104588
1787858934699,5798b9b5-fd09-bc78-7cd4-ee89edc52918,/p/0/7d6935c7f2f4cd62,6,200,256252,77.117,1170.092,219002
1787858934898,3a3baa8c-df43-ae9f-56fd-8ba3bf2dc386,/p/4/ab1553d6346aae64,3,200,116344,175.839,1190.863,97697
1787858930965,54b39338-2449-1e27-96eb-41c117ea6ba8,/p/0/27917c64c89303b4,4,200,5340458,317.606,5168.558,1033259
1787858926799,c059e2ba-67b5-441d-83f3-96a164e9d07d,/p/0/f3f5ceeeb7ef5964,7,200,351973,3026.577,9459.497,37208
1787858932567,870bcfa7-0714-e7a4-eda7-671f567f99aa,/p/0/add42d4900d10cf7,3,200,490305,30.908,3733.383,131330
1787858930339,c059e2ba-67b5-441d-83f3-96a164e9d07d,/p/5/b87e38850487f1d3,8,200,326897,225.900,5961.746,54832
1787858936089,3a3baa8c-df43-ae9f-56fd-8ba3bf2dc386,/p/0/d74dd7b919b36a01,4,200,64424,190.832,363.965,177006
1787858929673,d2fe775f-397e-dd3c-e3aa-cf1472d5e6b1,/p/0/d6bba16e23c6dd77,2,200,502388,271.694,6846.424,73380
1787858933836,28ccfaac-4860-d877-6d39-8f1480e51491,/p/4/46d7a66a240561b5,1,200,343713,42.765,2689.503,127798
1787858935712,d89b0df7-d975-e9c8-6b36-24cb7ddfbe46,/p/0/b6a649f438cd3b76,4,200,139325,98.282,1126.820,123644
1787858936301,c059e2ba-67b5-441d-83f3-96a164e9d07d,/p/4/de0964fbad448671,9,200,34283,203.058,633.776,54093
1787858934141,870bcfa7-0714-e7a4-eda7-671f567f99aa,/p/0/2d9a4d9b97474c41,4,200,212670,152.341,2907.633,73142
1787858935566,03d4462f-33cb-a352-2866-30a49c4382d7,/?crawl=48,0,200,464281,53.802,1682.578,275934
1787858934898,3a3baa8c-df43-ae9f-56fd-8ba3bf2dc386,/p/0/ab1554d6346ab017,3,200,231649,191.275,2390.443,96906
1787858915323,5798b9b5-fd09-bc78-7cd4-ee89edc52918,/p/0/ff76226f14a24bbb,4,200,4229936,88.341,22020.667,192089
1787858936089,3a3baa8c-df43-ae9f-56fd-8ba3bf2dc386,/p/0/d74dd4b919b364e8,4,200,176139,174.168,1340.428,131405
1787858934141,870bcfa7-0714-e7a4-eda7-671f567f99aa,/p/0/2d9a4a9b97474728,4,200,343697,167.745,3323.144,103425
1787858926289,25939a61-c9c5-3c66-5f02-c57839660af7,/p/0/7f6f8134f7ae681b,2,200,2890716,43.489,11323.067,255294
1787858936089,3a3baa8c-df43-ae9f-56fd-8ba3bf2dc386,/p/3/d74dd6b919b3684e,4,200,108737,174.084,1584.073,68644
1787858935251,f0602d95-b6a7-b7a4-b286-ec67f83bcbe7,/p/0/3eef52db13c8aa96,1,200,266867,115.696,2516.833,106033
1787858937673,3a3baa8c-df43-ae9f-56fd-8ba3bf2dc386,/p/0/d470c30182484a40,5,200,5293,166.867,185.232,28575
1787858934475,d4e2a278-8eea-553a-b702-d193f80905dc,/p/1/a93374f7b367a2e6,1,200,203329,80.769,3418.901,59472
1787858936526,28ccfaac-4860-d877-6d39-8f1480e51491,/p/0/9fb54ff6377af395,2,200,80664,260.000,1413.133,57082
1787858935112,d89b0df7-d975-e9c8-6b36-24cb7ddfbe46,/p/0/771b198facfc54ef,3,200,494666,104.588,3090.594,160055
1787858934992,ae4e5018-5a50-5d98-cfa0-61618e3ad560,/p/0/d259a838a863a0a9,1,200,430245,31.207,3217.861,133705
1787858935712,d89b0df7-d975-e9c8-6b36-24cb7ddfbe46,/p/2/b6a647f438cd3810,4,200,388271,109.088,2589.217,149957
1787858934712,d2fe775f-397e-dd3c-e3aa-cf1472d5e6b1,/p/6/f9d6418f085416cc,3,200,156335,510.019,3800.085,41140
1787858933836,28ccfaac-4860-d877-6d39-8f1480e51491,/p/0/46d7a46a24055e4f,1,200,481586,213.304,4812.103,100078
1787858933631,99533c34-613f-fca8-39c6-179510e7eca7,/p/0/2599c8b83f461e77,1,200,411914,70.848,5058.168,81435
1787858936526,28ccfaac-4860-d877-6d39-8f1480e51491,/p/0/9fb54cf6377aee7c,2,200,140617,237.652,2187.399,64285
1787858938301,d89b0df7-d975-e9c8-6b36-24cb7ddfbe46,/p/0/1e41fa402d9604c1,5,200,63632,101.724,462.601,137553
1787858926642,c3585e59-0c09-756a-7acb-79af838ae834,/p/0/368f4cad3037d347,1,200,2676868,69.070,12139.293,220513
1787858935413,db465bc7-3c36-6c38-6cdc-56400ab10e94,/p/12/eb81a2c50b9a506b,3,200,268367,161.975,3511.947,76415
1787858934938,0c71003e-59f5-79c4-5e9c-a325c079c7b6,/p/0/306d0f50666dd9c7,2,200,157220,351.080,4067.358,38654
1787858934302,fa582fd7-aacb-0337-b145-55fbdaa93e2a,/p/0/65c3f9963cfe8ff0,1,200,447916,220.319,4727.335,94750
1787858937248,03d4462f-33cb-a352-2866-30a49c4382d7,/p/0/4ebffcf934421ded,1,200,223370,51.569,1847.039,120934
1787858925181,569b6c9a-0789-b5cd-df63-cf390ed61ae6,/p/0/d7edf32fd2d0b97e,9,200,5113373,17.551,13920.570,367325
1787858933631,99533c34-613f-fca8-39c6-179510e7eca7,/p/3/2599cab83f4621dd,1,200,397750,348.468,5584.177,71228
1787858937566,34f44788-9e62-8236-d71a-0d7dea383207,/?crawl=49,0,200,335473,72.113,1675.704,200198
1787858934302,fa582fd7-aacb-0337-b145-55fbdaa93e2a,/p/6/65c3fb963cfe9356,1,200,483095,366.417,4946.412,97666
1787858933631,99533c34-613f-fca8-39c6-179510e7eca7,/p/0/2599c9b83f46202a,1,200,379683,314.515,5725.960,66309
1787858938301,d89b0df7-d975-e9c8-6b36-24cb7ddfbe46,/p/1/1e41f8402d96015b,5,200,178725,145.406,1166.009,153279
1787858938566,7f91333a-900e-0d17-eb19-800f3b192bba,/?crawl=54,0,200,395414,36.032,922.785,428501
1787858939242,34f44788-9e62-8236-d71a-0d7dea383207,/p/0/e22a5056c8dd109a,1,200,10095,216.328,251.576,40127
1787858927567,037c1d7a-c469-d69e-926b-a70f9312ec48,/?crawl=33,0,200,5061848,54.930,12108.157,418053
1787858926642,c3585e59-0c09-756a-7acb-79af838ae834,/p/10/368f4bad3037d194,1,200,6128134,69.063,13099.102,467829
1787858939489,7f91333a-900e-0d17-eb19-800f3b192bba,/p/0/87067238f88526e4,1,200,48286,33.593,282.716,170794
1787858939566,c3360970-09a0-e4cc-54ea-bf8e3658b8f4,/?crawl=55,0,200,222302,24.165,313.725,708588
1787858939249,fa582fd7-aacb-0337-b145-55fbdaa93e2a,/p/5/ae09b6b18ecff3bd,2,200,17492,402.316,693.571,25220
1787858912595,5798b9b5-fd09-bc78-7cd4-ee89edc52918,/p/0/c2114c7bb4960ed5,1,200,5963856,74.636,27397.391,217680
1787858937343,5798b9b5-fd09-bc78-7cd4-ee89edc52918,/p/0/c3716b5a9123c222,7,200,466380,80.645,2685.550,173663
1787858939242,34f44788-9e62-8236-d71a-0d7dea383207,/p/0/e22a4f56c8dd0ee7,1,200,87150,71.920,887.278,98222
1787858939467,d89b0df7-d975-e9c8-6b36-24cb7ddfbe46,/p/0/8baf3a44a00708dc,6,200,35587,98.414,668.180,53260
1787858939741,c3585e59-0c09-756a-7acb-79af838ae834,/p/9/881aa1c9c9eff7cf,2,200,235831,2.958,457.678,515277
1787858939489,7f91333a-900e-0d17-eb19-800f3b192bba,/p/3/87067338f8852897,1,200,172264,50.681,811.073,212390
1787858939880,c3360970-09a0-e4cc-54ea-bf8e3658b8f4,/p/4/f39c1ddb63ea3284,1,200,106919,82.269,431.825,247598
1787858934566,9159e2dc-2c75-cc04-05f6-7eb860d06c58,/?crawl=45,0,200,5287390,20.548,5759.277,918065
1787858940325,9159e2dc-2c75-cc04-05f6-7eb860d06c58,/p/0/f92e4ff3d19987b6,1,200,9301,18.176,26.773,347397
1787858940325,9159e2dc-2c75-cc04-05f6-7eb860d06c58,/p/0/f92e4ef3d1998603,1,200,16042,26.787,43.284,370624
1787858914135,5798b9b5-fd09-bc78-7cd4-ee89edc52918,/p/0/fcadd1b4868f0d31,3,200,5361004,102.096,26264.377,204117
1787858934494,701f3cd0-0429-7076-94ab-7ca9c4aa7416,/p/0/8c98a851663482e2,1,200,401402,75.161,6032.423,66541
1787858939566,66f12787-bc43-e24d-80a0-6d8734d05a10,/?crawl=56,0,200,347154,42.418,989.493,350840
1787858928522,569b6c9a-0789-b5cd-df63-cf390ed61ae6,/p/0/a0420a1b49b10825,12,200,5551049,81.527,12088.926,459185
1787858940312,c3360970-09a0-e4cc-54ea-bf8e3658b8f4,/p/0/b406cbe48a48be58,2,200,29793,176.184,446.156,66777
1787858939675,037c1d7a-c469-d69e-926b-a70f9312ec48,/p/0/d5d30a4bc82b314a,1,200,93089,293.871,1399.879,66498
1787858939215,99533c34-613f-fca8-39c6-179510e7eca7,/p/0/670400a553300389,2,200,457988,379.452,1943.432,235659
1787858939467,d89b0df7-d975-e9c8-6b36-24cb7ddfbe46,/p/0/8baf3c44a0070c42,6,200,230343,117.933,1696.672,135762
1787858938301,d89b0df7-d975-e9c8-6b36-24cb7ddfbe46,/p/0/1e41f7402d95ffa8,5,200,385810,101.683,2882.048,133867
1787858934938,0c71003e-59f5-79c4-5e9c-a325c079c7b6,/p/21/306d1150666ddd2d,2,200,406611,319.047,6306.496,64475
1787858939675,037c1d7a-c469-d69e-926b-a70f9312ec48,/p/22/d5d3084bc82b2de4,1,200,231523,73.494,1702.085,136023
1787858940312,c3360970-09a0-e4cc-54ea-bf8e3658b8f4,/p/0/b406cee48a48c371,2,200,208486,103.936,1153.871,180684
1787858941566,e2547c5c-53e1-e14d-5d2a-7c275c05a92b,/?crawl=57,0,200,29367,59.600,146.941,199855
1787858939880,c3360970-09a0-e4cc-54ea-bf8e3658b8f4,/p/0/f39c1edb63ea3437,1,200,446368,21.200,1914.982,233093
1787858935068,642626d0-983f-8a2d-45a6-c0fa444f3d26,/p/0/4ac5af6f967ef775,6,200,273478,375.727,6785.521,40303
1787858939215,99533c34-613f-fca8-39c6-179510e7eca7,/p/0/6703fda5532ffe70,2,200,2474780,176.653,2876.585,860319
1787858941566,27d33508-ae88-012b-c807-716d6f5c9682,/?crawl=58,0,200,494098,75.310,550.381,897738
1787858939215,99533c34-613f-fca8-39c6-179510e7eca7,/p/2/6703fea553300023,2,200,2808056,277.416,2934.366,956955
1787858938512,d2fe775f-397e-dd3c-e3aa-cf1472d5e6b1,/p/5/4f27ebcc8f81c80f,4,200,141158,428.957,3753.967,37602
1787858942149,99533c34-613f-fca8-39c6-179510e7eca7,/p/0/3890f56c0deaaea3,3,200,335759,2.647,210.744,1593206
1787858942149,99533c34-613f-fca8-39c6-179510e7eca7,/p/1/3890f46c0deaacf0,3,200,287795,10.453,224.866,1279854
1787858941713,e2547c5c-53e1-e14d-5d2a-7c275c05a92b,/p/0/1a70c9968d20205d,1,200,91130,111.642,940.133,96933
1787858942374,99533c34-613f-fca8-39c6-179510e7eca7,/p/0/b341f891d4c0746f,4,200,223403,34.917,279.346,799734
1787858940300,7f91333a-900e-0d17-eb19-800f3b192bba,/p/0/b99418657b872a6a,2,200,286222,166.726,2411.642,118683
1787858942374,99533c34-613f-fca8-39c6-179510e7eca7,/p/0/b341f991d4c07622,4,200,456623,28.351,353.736,1290856
1787858930717,2c587170-b79c-3489-392e-4ab6d67b5b39,/p/2/8829b2d575bf5598,1,200,3581439,125.506,12020.189,297952
1787858939741,c3585e59-0c09-756a-7acb-79af838ae834,/p/0/881aa3c9c9effb35,2,200,344832,397.757,3159.689,109135
1787858938924,db465bc7-3c36-6c38-6cdc-56400ab10e94,/p/0/75516684c51c5ce3,4,200,293451,144.984,4157.352,70586
1787858927717,298c6f93-ed3a-eccd-2ec2-bbf1adc8cdd9,/p/8/9bb8b717a5467985,5,200,2925401,304.549,15383.848,190161
1787858923523,50b2dcc6-0d1c-7927-7a8e-16e2a146d4f9,/p/0/228fb842cf153ae,4,200,2978330,132.438,19583.990,152080
1787858936935,c059e2ba-67b5-441d-83f3-96a164e9d07d,/p/0/de0963fbad4484be,9,200,497177,224.302,6207.208,80097
1787858940300,7f91333a-900e-0d17-eb19-800f3b192bba,/p/2/b99419657b872c1d,2,200,298714,200.151,2881.643,103661
1787858913411,5798b9b5-fd09-bc78-7cd4-ee89edc52918,/p/0/12d4929f3e10b5f3,2,200,5970602,175.242,30069.361,198561
1787858942149,99533c34-613f-fca8-39c6-179510e7eca7,/p/0/3890f66c0deab056,3,200,2507735,2.172,1462.277,1714952
1787858941244,0c71003e-59f5-79c4-5e9c-a325c079c7b6,/p/20/4edf48743883470a,3,200,82215,362.907,2404.463,34193
1787858943182,7f91333a-900e-0d17-eb19-800f3b192bba,/p/1/8438f8eb51e22b0c,3,200,28325,225.307,511.353,55392
1787858939675,037c1d7a-c469-d69e-926b-a70f9312ec48,/p/0/d5d3094bc82b2f97,1,200,389393,340.567,4066.359,95760
1787858942737,2c587170-b79c-3489-392e-4ab6d67b5b39,/p/0/200bd9eb0f06b3cb,2,200,73235,62.732,1036.569,70651
1787858940199,c3585e59-0c09-756a-7acb-79af838ae834,/p/0/4181a70e81bb3425,3,200,98917,2804.782,3579.340,27636
1787858935836,993f30ac-2bf3-034e-618b-4a0b0c7f0b18,/p/0/5d44c24ac9ad9c7c,3,200,288784,735.304,7959.480,36282
1787858942374,99533c34-613f-fca8-39c6-179510e7eca7,/p/0/b341fa91d4c077d5,4,200,3845995,42.594,1675.507,2295421
1787858936259,c059e2ba-67b5-441d-83f3-96a164e9d07d,/p/0/b87e3a850487f539,8,200,423435,390.061,7805.783,54246
1787858937566,b9812533-2d77-b84f-0925-c0db0347c0ec,/?crawl=50,0,200,5127977,23.074,6506.360,788148
1787858940325,9159e2dc-2c75-cc04-05f6-7eb860d06c58,/p/13/f92e50f3d1998969,1,200,3402913,43.213,3748.571,907789
1787858939249,fa582fd7-aacb-0337-b145-55fbdaa93e2a,/p/0/ae09b5b18ecff20a,2,200,243000,365.496,4878.525,49810
1787858944072,b9812533-2d77-b84f-0925-c0db0347c0ec,/p/0/395d1fc2a61953b1,1,200,67679,20.103,202.862,333621
1787858941377,037c1d7a-c469-d69e-926b-a70f9312ec48,/p/0/f02c60f279c332f1,2,200,160202,331.258,3066.399,52244
1787858944074,9159e2dc-2c75-cc04-05f6-7eb860d06c58,/p/0/ecbd51119436dc98,2,200,241966,18.568,607.807,398097
1787858944072,b9812533-2d77-b84f-0925-c0db0347c0ec,/p/0/395d1cc2a6194e98,1,200,249662,20.089,662.792,376682
1787858940199,c3585e59-0c09-756a-7acb-79af838ae834,/p/0/4181a40e81bb2f0c,3,200,161192,2769.079,4553.286,35401
1787858944566,7f61f88e-b574-07b9-934f-1259371ce50f,/?crawl=62,0,200,63061,47.318,213.937,294765
1787858941377,037c1d7a-c469-d69e-926b-a70f9312ec48,/p/21/f02c5ef279c32f8b,2,200,327620,354.988,3520.882,93051
1787858944072,b9812533-2d77-b84f-0925-c0db0347c0ec,/p/0/395d1dc2a619504b,1,200,444931,57.926,984.966,451722
1787858944780,7f61f88e-b574-07b9-934f-1259371ce50f,/p/0/838d0f25d8bd9490,1,200,22774,222.359,497.320,45793
1787858944074,9159e2dc-2c75-cc04-05f6-7eb860d06c58,/p/0/ecbd54119436e1b1,2,200,415812,50.644,1214.405,342400
1787858944074,9159e2dc-2c75-cc04-05f6-7eb860d06c58,/p/12/ecbd53119436dffe,2,200,500515,18.326,1297.050,385887
1787858945371,9159e2dc-2c75-cc04-05f6-7eb860d06c58,/p/0/dd45561093d5d90e,3,200,10262,16.485,24.780,414118
1787858939249,fa582fd7-aacb-0337-b145-55fbdaa93e2a,/p/0/ae09b4b18ecff057,2,200,425137,72.868,6713.654,63324
1787858938924,db465bc7-3c36-6c38-6cdc-56400ab10e94,/p/11/75516584c51c5b30,4,200,472746,160.133,7093.407,66646
1787858943101,298c6f93-ed3a-eccd-2ec2-bbf1adc8cdd9,/p/7/2e79057b11ca63da,6,200,156208,386.588,2959.672,52779
1787858942737,2c587170-b79c-3489-392e-4ab6d67b5b39,/p/0/200bdaeb0f06b57e,2,200,468548,41.117,3402.669,137700
1787858945371,9159e2dc-2c75-cc04-05f6-7eb860d06c58,/p/0/dd45551093d5d75b,3,200,438073,49.534,906.577,483217
1787858945371,9159e2dc-2c75-cc04-05f6-7eb860d06c58,/p/11/dd45571093d5dac1,3,200,378509,24.764,906.531,417536
1787858912031,953461a2-4239-ade1-c67c-7dbb345a08ef,/p/3/dbdef7c7c71bfc15,2,200,4206327,272.576,34249.050,122816
1787858944780,7f61f88e-b574-07b9-934f-1259371ce50f,/p/4/838d1125d8bd97f6,1,200,266803,46.318,1700.693,156879
1787858942266,d2fe775f-397e-dd3c-e3aa-cf1472d5e6b1,/p/0/b0bb93afc5861129,5,200,123969,432.544,4230.119,29306
1787858944064,c059e2ba-67b5-441d-83f3-96a164e9d07d,/p/3/3957195124a61c66,10,200,163879,346.774,2497.801,65609
1787858935068,642626d0-983f-8a2d-45a6-c0fa444f3d26,/p/18/4ac5ad6f967ef40f,6,200,487682,472.638,11539.356,42262
1787858935836,993f30ac-2bf3-034e-618b-4a0b0c7f0b18,/p/0/5d44c34ac9ad9e2f,3,200,469708,782.203,10832.934,43359
1787858935112,d89b0df7-d975-e9c8-6b36-24cb7ddfbe46,/p/0/771b1a8facfc56a2,3,200,2318803,133.650,11705.844,198089
1787858937566,0f8689d3-4546-5a63-a7e9-4d6438fc0476,/?crawl=51,0,200,2866511,46.908,9267.256,309316
1787858946278,9159e2dc-2c75-cc04-05f6-7eb860d06c58,/p/10/511abe6e14df994f,4,200,171079,82.589,611.029,279985
1787858944898,037c1d7a-c469-d69e-926b-a70f9312ec48,/p/0/169153fa196558dc,3,200,151511,255.415,2047.755,73989
1787858925613,50b2dcc6-0d1c-7927-7a8e-16e2a146d4f9,/p/0/5c1ff4e514ad9ea6,5,200,3585574,101.202,21485.036,166887
1787858944566,bbfa32a4-216e-8e4a-2ea4-db70fbde3213,/?crawl=61,0,200,519821,39.724,2537.794,204832
1787858934712,d2fe775f-397e-dd3c-e3aa-cf1472d5e6b1,/p/0/f9d6428f0854187f,3,200,460411,510.068,12410.412,37099
1787858946889,9159e2dc-2c75-cc04-05f6-7eb860d06c58,/p/9/d894836408925aaf,5,200,66392,94.393,383.296,173213
1787858946278,9159e2dc-2c75-cc04-05f6-7eb860d06c58,/p/0/511ac06e14df9cb5,4,200,281161,82.553,994.474,282723
1787858933753,bc665800-401c-dd5a-498a-b5a9317139d8,/p/0/4ab6a4eff327af1d,3,200,3328152,39.662,13637.261,244048
1787858947104,bbfa32a4-216e-8e4a-2ea4-db70fbde3213,/p/0/f022bdc84422a549,1,200,43603,82.895,308.301,141430
1787858946278,9159e2dc-2c75-cc04-05f6-7eb860d06c58,/p/0/511abd6e14df979c,4,200,327427,16.644,1136.701,288050
1787858943082,db465bc7-3c36-6c38-6cdc-56400ab10e94,/p/0/75516784c51c5e96,4,200,347566,313.340,4394.119,79098
1787858943101,298c6f93-ed3a-eccd-2ec2-bbf1adc8cdd9,/p/0/2e79037b11ca6074,6,200,244104,660.160,4425.448,55159
1787858943142,c059e2ba-67b5-441d-83f3-96a164e9d07d,/p/0/de0962fbad44830b,9,200,166844,225.096,4522.072,36895
1787858932517,5798b9b5-fd09-bc78-7cd4-ee89edc52918,/p/0/7d6934c7f2f4cbaf,6,200,3726985,74.244,15170.987,245665
1787858947566,0bc53f17-5e57-fd72-c9f2-ee6bc805913f,/?crawl=66,0,200,56040,48.391,207.228,270427
1787858938512,d2fe775f-397e-dd3c-e3aa-cf1472d5e6b1,/p/0/4f27eacc8f81c65c,4,200,307359,390.250,9276.462,33133
1787858945566,8aeac34c-1ff7-b1aa-4144-0d18237caf14,/?crawl=63,0,200,369101,53.131,2386.669,154651
1787858923523,50b2dcc6-0d1c-7927-7a8e-16e2a146d4f9,/p/0/228fa842cf151fb,4,200,4323790,101.635,24542.273,176177
1787858943182,7f91333a-900e-0d17-eb19-800f3b192bba,/p/0/8438faeb51e22e72,3,200,499947,275.913,5231.840,95559
1787858946566,6777470a-a7b0-ffa4-80a7-ec66f0d697ce,/?crawl=65,0,200,485332,56.676,1868.767,259707
1787858947272,9159e2dc-2c75-cc04-05f6-7eb860d06c58,/p/0/c71d03e82d1469e0,6,200,218001,150.552,1287.518,169319
1787858919866,50b2dcc6-0d1c-7927-7a8e-16e2a146d4f9,/p/0/c1341a5a239cf923,2,200,5718607,101.241,28720.053,199115
1787858933753,bc665800-401c-dd5a-498a-b5a9317139d8,/p/0/4ab6a3eff327ad6a,3,200,4158590,18.327,14920.191,278722
1787858933753,bc665800-401c-dd5a-498a-b5a9317139d8,/p/0/4ab6a1eff327aa04,3,200,4085194,78.495,14993.850,272458
1787858925613,50b2dcc6-0d1c-7927-7a8e-16e2a146d4f9,/p/0/5c1ff2e514ad9b40,5,200,5181245,111.344,23203.592,223295
1787858946280,953461a2-4239-ade1-c67c-7dbb345a08ef,/p/0/5240898ef5868c2a,3,200,508179,534.994,2554.502,198935
1787858910374,953461a2-4239-ade1-c67c-7dbb345a08ef,/p/0/15c9219a1eccb039,1,200,5015897,52.990,38463.376,130407
1787858946889,9159e2dc-2c75-cc04-05f6-7eb860d06c58,/p/0/d894856408925e15,5,200,393660,102.472,2013.019,195557
1787858935869,5798b9b5-fd09-bc78-7cd4-ee89edc52918,/p/0/c3716c5a9123c3d5,7,200,3950153,69.707,13057.630,302517
1787858947272,9159e2dc-2c75-cc04-05f6-7eb860d06c58,/p/0/c71d06e82d146ef9,6,200,358231,125.818,1687.150,212329
1787858947272,9159e2dc-2c75-cc04-05f6-7eb860d06c58,/p/8/c71d05e82d146d46,6,200,339117,133.934,1738.498,195063
1787858949011,9159e2dc-2c75-cc04-05f6-7eb860d06c58,/p/0/71fc0d320b6d7acb,7,200,30642,89.577,215.537,142166
1787858946889,9159e2dc-2c75-cc04-05f6-7eb860d06c58,/p/0/d8948264089258fc,5,200,517582,86.444,2466.051,209883
1787858949011,9159e2dc-2c75-cc04-05f6-7eb860d06c58,/p/0/71fc0e320b6d7c7e,7,200,85824,89.526,376.637,227869
1787858935712,d89b0df7-d975-e9c8-6b36-24cb7ddfbe46,/p/0/b6a648f438cd39c3,4,200,3484829,98.268,13706.977,254238
1787858947773,0bc53f17-5e57-fd72-c9f2-ee6bc805913f,/p/0/d136679c2b2971f5,1,200,214214,44.681,1749.390,122451
1787858948566,2e6a6fc4-43c9-302b-99ec-aa779cfd1e5e,/?crawl=67,0,200,416434,35.659,973.740,427665
1787858939467,d89b0df7-d975-e9c8-6b36-24cb7ddfbe46,/p/0/8baf3b44a0070a8f,6,200,2703648,108.610,10086.475,268047
1787858939992,5798b9b5-fd09-bc78-7cd4-ee89edc52918,/p/0/c3716a5a9123c06f,7,200,4240275,94.320,9563.214,443394
1787858939741,c3585e59-0c09-756a-7acb-79af838ae834,/p/0/881aa0c9c9eff61c,2,200,2624843,7.092,9941.132,264039
1787858949011,9159e2dc-2c75-cc04-05f6-7eb860d06c58,/p/7/71fc0f320b6d7e31,7,200,350345,89.565,689.178,508352
1787858946481,7f61f88e-b574-07b9-934f-1259371ce50f,/p/0/80617167acc1115,2,200,254314,236.842,3469.094,73308
1787858943182,7f91333a-900e-0d17-eb19-800f3b192bba,/p/0/8438f9eb51e22cbf,3,200,465386,243.712,6804.418,68395
1787858939942,fa582fd7-aacb-0337-b145-55fbdaa93e2a,/p/4/dee22b2081db6dd,3,200,508424,364.468,10198.073,49855
1787858947953,8aeac34c-1ff7-b1aa-4144-0d18237caf14,/p/1/16f766836d588e09,1,200,163817,75.732,2217.187,73885
1787858949566,f46b18aa-4bbf-d329-867e-592e665a06bb,/?crawl=68,0,200,264166,42.621,671.646,393311
1787858949540,2e6a6fc4-43c9-302b-99ec-aa779cfd1e5e,/p/0/64a0b9f9bfc462ef,1,200,131260,34.792,1272.077,103186
1787858946060,298c6f93-ed3a-eccd-2ec2-bbf1adc8cdd9,/p/0/6c43108021eed90f,7,200,358288,332.427,4772.588,75072
1787858946060,298c6f93-ed3a-eccd-2ec2-bbf1adc8cdd9,/p/6/6c43128021eedc75,7,200,272733,304.893,4827.367,56497
1787858949540,2e6a6fc4-43c9-302b-99ec-aa779cfd1e5e,/p/0/64a0bbf9bfc46655,1,200,258700,34.785,1421.181,182032
1787858943693,7f91333a-900e-0d17-eb19-800f3b192bba,/p/0/99085423dcaca9fc,4,200,507062,220.384,7329.786,69178
1787858947476,db465bc7-3c36-6c38-6cdc-56400ab10e94,/p/0/53e6a0581f8c8df9,5,200,336878,162.806,3606.288,93414
1787858937894,d4e2a278-8eea-553a-b702-d193f80905dc,/p/0/91a0b563ebbdfc3c,2,200,496239,435.652,13207.905,37571
1787858949700,9159e2dc-2c75-cc04-05f6-7eb860d06c58,/p/6/d56e573ac593d890,8,200,436497,17.666,1419.415,307519
1787858949700,9159e2dc-2c75-cc04-05f6-7eb860d06c58,/p/0/d56e593ac593dbf6,8,200,440056,26.402,1419.455,310018
1787858941244,0c71003e-59f5-79c4-5e9c-a325c079c7b6,/p/0/4edf4974388348bd,3,200,445631,493.677,10281.814,43342
1787858943649,0c71003e-59f5-79c4-5e9c-a325c079c7b6,/p/19/7bc238cef230c663,4,200,252426,896.953,7908.794,31917
1787858946280,953461a2-4239-ade1-c67c-7dbb345a08ef,/p/2/5240878ef58688c4,3,200,5002118,562.822,5342.580,936274
1787858947664,c059e2ba-67b5-441d-83f3-96a164e9d07d,/p/0/3957175124a61900,10,200,224792,203.684,3983.934,56425
1787858943649,0c71003e-59f5-79c4-5e9c-a325c079c7b6,/p/0/7bc237cef230c4b0,4,200,256098,352.375,8008.121,31980
1787858946481,7f61f88e-b574-07b9-934f-1259371ce50f,/p/3/80615167acc0daf,2,200,449145,236.700,5337.901,84143
1787858951566,a825f2c4-8aa3-f1da-381b-21464385611d,/?crawl=71,0,200,281515,15.944,270.215,1041818
1787858935252,f0602d95-b6a7-b7a4-b286-ec67f83bcbe7,/p/0/3eef51db13c8a8e3,1,200,2915183,115.603,16701.692,174544
1787858938512,d2fe775f-397e-dd3c-e3aa-cf1472d5e6b1,/p/0/4f27edcc8f81cb75,4,200,421512,390.276,13476.392,31278
1787858951083,db465bc7-3c36-6c38-6cdc-56400ab10e94,/p/0/53e69d581f8c88e0,5,200,84383,203.847,940.264,89744
1787858946562,c059e2ba-67b5-441d-83f3-96a164e9d07d,/p/0/39571a5124a61e19,10,200,380042,223.842,5564.079,68303
1787858947953,8aeac34c-1ff7-b1aa-4144-0d18237caf14,/p/0/16f764836d588aa3,1,200,225684,75.701,4811.468,46905
1787858946607,642626d0-983f-8a2d-45a6-c0fa444f3d26,/p/0/3cd756f01341690e,7,200,184217,354.059,6203.361,29696
1787858934992,ae4e5018-5a50-5d98-cfa0-61618e3ad560,/p/0/d259a538a8639b90,1,200,3784958,77.636,17892.480,211539
1787858951119,9159e2dc-2c75-cc04-05f6-7eb860d06c58,/p/0/ec292a10161afbd8,9,200,423919,83.041,1782.613,237808
1787858950170,8aeac34c-1ff7-b1aa-4144-0d18237caf14,/p/0/594a96124497aac0,2,200,130734,421.791,3406.029,38383
1787858951566,0778ef55-3de4-0cd3-a882-70bdab7c84af,/?crawl=72,0,200,357322,85.050,2109.297,169403
1787858938566,3fbc8591-e202-7ea4-8f37-a6f31a418513,/?crawl=53,0,200,4392882,51.983,15166.662,289641
1787858950238,f46b18aa-4bbf-d329-867e-592e665a06bb,/p/0/f80b1357545f5fce,1,200,496562,35.188,3553.447,139741
1787858953668,0de955da-bc4d-e84f-dab5-b9dd2e15be5d,/?crawl=74,0,200,37349,55.800,166.989,223662
1787858951648,c059e2ba-67b5-441d-83f3-96a164e9d07d,/p/2/1f67b55c825967e5,11,200,141279,245.461,2210.128,63923
1787858937248,03d4462f-33cb-a352-2866-30a49c4382d7,/p/0/4ebff9f9344218d4,1,200,2327488,203.069,16785.493,138661
1787858953676,0778ef55-3de4-0cd3-a882-70bdab7c84af,/p/0/6a8db9b4f859e39,1,200,35856,170.220,486.902,73641
1787858946060,298c6f93-ed3a-eccd-2ec2-bbf1adc8cdd9,/p/0/6c43118021eedac2,7,200,472491,304.925,8128.917,58125
1787858932566,e7a9c440-29ef-71ca-744c-3c6f8e53db1a,/?crawl=40,0,200,3748465,229.280,22007.509,170327
1787858946496,d2fe775f-397e-dd3c-e3aa-cf1472d5e6b1,/p/0/b0bb90afc5860c10,5,200,420547,470.265,8176.901,51431
1787858954574,e7a9c440-29ef-71ca-744c-3c6f8e53db1a,/p/0/b36d4f0c8f6a683c,1,200,88309,195.890,667.447,132309
1787858953675,0778ef55-3de4-0cd3-a882-70bdab7c84af,/p/5/6a8d99b4f859ad3,1,200,88864,82.117,1681.228,52857
1787858934712,d2fe775f-397e-dd3c-e3aa-cf1472d5e6b1,/p/0/f9d6438f08541a32,3,200,2261381,392.961,20828.151,108573
1787858950888,298c6f93-ed3a-eccd-2ec2-bbf1adc8cdd9,/p/5/55b8b998975143be,8,200,292190,412.578,4688.540,62320
1787858950140,fa582fd7-aacb-0337-b145-55fbdaa93e2a,/p/3/3b15b1cfb5afd746,4,200,211197,403.098,5541.259,38114
1787858950170,8aeac34c-1ff7-b1aa-4144-0d18237caf14,/p/0/594a97124497ac73,2,200,314609,382.535,5597.119,56209
1787858950566,44bed862-b14f-c185-ba4e-d9754c2e3394,/?crawl=69,0,200,461542,3296.883,5449.472,84695
1787858956015,44bed862-b14f-c185-ba4e-d9754c2e3394,/p/2/8b7566b4e8fa527b,1,200,7320,70.086,103.203,70928
1787858956015,44bed862-b14f-c185-ba4e-d9754c2e3394,/p/0/8b7565b4e8fa50c8,1,200,4686,103.230,139.049,33700
1787858951623,953461a2-4239-ade1-c67c-7dbb345a08ef,/p/0/ae8a7846778b28ae,4,200,294315,626.856,4655.229,63222
1787858953675,0778ef55-3de4-0cd3-a882-70bdab7c84af,/p/0/6a8d89b4f859920,1,200,265282,82.015,2892.052,91728
1787858956566,72963512-4baa-7709-f87c-739c4e0392ab,/?crawl=80,0,200,30637,28.854,68.550,446927
1787858940199,c3585e59-0c09-756a-7acb-79af838ae834,/p/8/4181a50e81bb30bf,3,200,4188507,2787.591,16527.308,253429
1787858942566,dc7fc29c-142a-e5e0-cc9c-697bb0a49e2f,/?crawl=60,0,200,4961145,42.116,14206.663,349213
1787858946280,953461a2-4239-ade1-c67c-7dbb345a08ef,/p/0/5240888ef5868a77,3,200,5650976,535.051,10623.732,531920
1787858942266,d2fe775f-397e-dd3c-e3aa-cf1472d5e6b1,/p/4/b0bb92afc5860f76,5,200,4122327,432.389,14639.503,281589
1787858956906,d2fe775f-397e-dd3c-e3aa-cf1472d5e6b1,/p/0/f349ce0072647c96,6,200,20882,2.488,3.719,5615482
1787858951819,7f61f88e-b574-07b9-934f-1259371ce50f,/p/0/41e34aa1dad2fdc8,3,200,371038,255.277,5136.860,72231
1787858940312,c3360970-09a0-e4cc-54ea-bf8e3658b8f4,/p/3/b406cce48a48c00b,2,200,5864205,165.481,16789.010,349288
1787858956906,d2fe775f-397e-dd3c-e3aa-cf1472d5e6b1,/p/3/f349cc0072647930,6,200,240323,2.690,335.251,716845
1787858951819,7f61f88e-b574-07b9-934f-1259371ce50f,/p/2/41e34ca1dad3012e,3,200,289247,280.325,5431.520,53253
1787858952566,4769c612-e4a8-db25-2e3c-3dc8564b2919,/?crawl=73,0,200,4726695,16.373,4857.366,973098
1787858957423,4769c612-e4a8-db25-2e3c-3dc8564b2919,/p/0/733e863dbaeaa826,1,200,36089,15.924,47.340,762329
1787858953835,0de955da-bc4d-e84f-dab5-b9dd2e15be5d,/p/0/7b26d7cccb275bdf,1,200,311280,447.700,3794.385,82037
1787858956773,dc7fc29c-142a-e5e0-cc9c-697bb0a49e2f,/p/4/5cb8666aaf87abd0,1,200,97413,62.825,913.581,106628
1787858956773,dc7fc29c-142a-e5e0-cc9c-697bb0a49e2f,/p/0/5cb8686aaf87af36,1,200,123168,143.552,972.470,126655
1787858951558,0c71003e-59f5-79c4-5e9c-a325c079c7b6,/p/18/a48cd2c704f95c77,5,200,247901,352.633,6249.370,39668
1787858934992,ae4e5018-5a50-5d98-cfa0-61618e3ad560,/p/1/d259a638a8639d43,1,200,6117384,61.567,22839.830,267838
1787858956726,c3585e59-0c09-756a-7acb-79af838ae834,/p/0/f3af7850be3672a5,4,200,160405,69.118,1157.664,138559
1787858939880,c3360970-09a0-e4cc-54ea-bf8e3658b8f4,/p/0/f39c1fdb63ea35ea,1,200,6187186,164.730,18213.512,339703
1787858950170,8aeac34c-1ff7-b1aa-4144-0d18237caf14,/p/0/594a98124497ae26,2,200,475864,421.854,7926.739,60033
1787858951623,953461a2-4239-ade1-c67c-7dbb345a08ef,/p/1/ae8a7646778b2548,4,200,369967,626.807,6529.591,56660
1787858953835,0de955da-bc4d-e84f-dab5-b9dd2e15be5d,/p/0/7b26d8cccb275d92,1,200,327605,471.854,4320.798,75820
1787858954566,85c9ec16-cdfd-55eb-3fc5-ab0e3fe6fecd,/?crawl=76,0,200,5209719,13.746,3715.432,1402184
1787858957423,4769c612-e4a8-db25-2e3c-3dc8564b2919,/p/9/733e843dbaeaa4c0,1,200,452878,47.321,877.875,515880
1787858955357,0778ef55-3de4-0cd3-a882-70bdab7c84af,/p/0/4fffa5ffd4bdcc78,2,200,140640,537.431,2968.392,47379
1787858954574,e7a9c440-29ef-71ca-744c-3c6f8e53db1a,/p/0/b36d520c8f6a6d55,1,200,257502,16.639,3816.120,67477
1787858958281,85c9ec16-cdfd-55eb-3fc5-ab0e3fe6fecd,/p/0/54522e11a1f1716c,1,200,101281,12.420,145.608,695574
1787858956726,c3585e59-0c09-756a-7acb-79af838ae834,/p/7/f3af7750be3670f2,4,200,282955,35.173,1760.341,160739
1787858951657,0c71003e-59f5-79c4-5e9c-a325c079c7b6,/p/0/a48cd1c704f95ac4,5,200,291159,447.044,6831.284,42621
1787858957101,c3360970-09a0-e4cc-54ea-bf8e3658b8f4,/p/0/cb6591b44033404e,3,200,254020,133.937,1388.909,182892
1787858958281,85c9ec16-cdfd-55eb-3fc5-ab0e3fe6fecd,/p/2/54522f11a1f1731f,1,200,147725,33.614,247.238,597501
1787858956726,c3585e59-0c09-756a-7acb-79af838ae834,/p/0/f3af7550be366d8c,4,200,337017,69.167,1865.569,180651
1787858957101,c3360970-09a0-e4cc-54ea-bf8e3658b8f4,/p/2/cb6592b440334201,3,200,327320,155.501,1576.787,207587
1787858957423,4769c612-e4a8-db25-2e3c-3dc8564b2919,/p/0/733e853dbaeaa673,1,200,491782,47.346,1288.840,381569
1787858958301,4769c612-e4a8-db25-2e3c-3dc8564b2919,/p/0/a2fa935558976ae8,2,200,77574,85.450,457.522,169553
1787858958529,85c9ec16-cdfd-55eb-3fc5-ab0e3fe6fecd,/p/0/87c4e39e3bdf2901,2,200,115916,52.807,251.398,461086
1787858956635,72963512-4baa-7709-f87c-739c4e0392ab,/p/0/b5c0359bdde98d81,1,200,399632,26.678,2150.310,185849
1787858957832,ae4e5018-5a50-5d98-cfa0-61618e3ad560,/p/0/b175d685996c2650,2,200,145372,172.349,957.551,151816
1787858956634,72963512-4baa-7709-f87c-739c4e0392ab,/p/0/b5c0329bdde98868,1,200,416771,135.514,2206.531,188881
1787858953733,3fbc8591-e202-7ea4-8f37-a6f31a418513,/p/0/ccc771203ab442f8,1,200,436983,47.650,5150.630,84841
1787858955576,298c6f93-ed3a-eccd-2ec2-bbf1adc8cdd9,/p/4/8607e18644267378,9,200,139310,271.843,3372.372,41309
1787858958487,c3585e59-0c09-756a-7acb-79af838ae834,/p/0/1e33a68d545ce14b,5,200,37144,227.969,486.313,76379
1787858942566,4935c39c-a4d3-e153-2058-6a632bc6e6ae,/?crawl=59,0,200,5974497,38.998,16505.514,361970
1787858958529,85c9ec16-cdfd-55eb-3fc5-ab0e3fe6fecd,/p/0/87c4e09e3bdf23e8,2,200,176656,52.816,600.622,294122
1787858946607,642626d0-983f-8a2d-45a6-c0fa444f3d26,/p/17/3cd757f013416ac1,7,200,463538,420.581,12525.845,37007
1787858959072,4935c39c-a4d3-e153-2058-6a632bc6e6ae,/p/2/aa01d786ca6a9a0,1,200,40863,36.542,171.340,238490
1787858958281,85c9ec16-cdfd-55eb-3fc5-ab0e3fe6fecd,/p/0/54523111a1f17685,1,200,504944,43.098,982.682,513843
1787858947953,8aeac34c-1ff7-b1aa-4144-0d18237caf14,/p/0/16f765836d588c56,1,200,4313905,302.955,11396.680,378523
1787858951119,9159e2dc-2c75-cc04-05f6-7eb860d06c58,/p/0/ec292d10161b00f1,9,200,2374295,82.966,8251.140,287754
1787858947104,bbfa32a4-216e-8e4a-2ea4-db70fbde3213,/p/3/f022bbc84422a1e3,1,200,3221354,225.108,12312.029,261643
1787858957832,ae4e5018-5a50-5d98-cfa0-61618e3ad560,/p/0/b175d885996c29b6,2,200,358317,32.592,1619.831,221206
1787858958487,c3585e59-0c09-756a-7acb-79af838ae834,/p/6/1e33a58d545cdf98,5,200,177219,121.449,966.230,183413
1787858958301,4769c612-e4a8-db25-2e3c-3dc8564b2919,/p/0/a2fa965558977001,2,200,472350,77.658,1205.115,391954
1787858959072,4935c39c-a4d3-e153-2058-6a632bc6e6ae,/p/0/aa01e786ca6ab53,1,200,69952,171.310,617.530,113277
1787858957832,ae4e5018-5a50-5d98-cfa0-61618e3ad560,/p/0/b175d785996c2803,2,200,329934,172.286,1864.601,176946
1787858958152,953461a2-4239-ade1-c67c-7dbb345a08ef,/p/0/1712e98cff1cb62b,5,200,115055,273.707,1671.445,68836
1787858954574,e7a9c440-29ef-71ca-744c-3c6f8e53db1a,/p/4/b36d510c8f6a6ba2,1,200,207074,152.609,5260.273,39366
1787858958677,c3360970-09a0-e4cc-54ea-bf8e3658b8f4,/p/0/8be7f9a4ce08c1c5,4,200,193825,113.711,1199.036,161651
1787858913979,c059e2ba-67b5-441d-83f3-96a164e9d07d,/p/0/d34b55c184f8a0fc,3,200,3733723,305.889,46152.248,80900
1787858958677,c3360970-09a0-e4cc-54ea-bf8e3658b8f4,/p/0/8be7f6a4ce08bcac,4,200,327592,104.455,1623.248,201813
1787858958152,953461a2-4239-ade1-c67c-7dbb345a08ef,/p/0/1712eb8cff1cb991,5,200,133170,328.298,2268.810,58696
1787858955682,fa582fd7-aacb-0337-b145-55fbdaa93e2a,/p/0/d21ec34d4f949a5d,5,200,143754,659.789,4782.078,30061
1787858935251,f0602d95-b6a7-b7a4-b286-ec67f83bcbe7,/p/1/3eef50db13c8a730,1,200,6203955,38.707,25407.609,244177
1787858960566,5905b163-daa6-e1a2-ed81-10ac4162110e,/?crawl=84,0,200,62251,35.923,143.102,435011
1787858957241,d2fe775f-397e-dd3c-e3aa-cf1472d5e6b1,/p/0/b1a6ef828b13d934,7,200,28566,3526.036,3528.319,8096
1787858955357,0778ef55-3de4-0cd3-a882-70bdab7c84af,/p/0/4fffa8ffd4bdd191,2,200,351412,413.802,5533.678,63504
1787858960131,c059e2ba-67b5-441d-83f3-96a164e9d07d,/p/1/c8aecba47fe25c4d,12,200,58176,248.320,760.539,76493
1787858950140,fa582fd7-aacb-0337-b145-55fbdaa93e2a,/p/0/3b15afcfb5afd3e0,4,200,361465,403.073,10981.705,32915
1787858959453,c3585e59-0c09-756a-7acb-79af838ae834,/p/0/7fa9f51a9db5ebdb,6,200,122672,178.543,1678.392,73089
1787858937248,03d4462f-33cb-a352-2866-30a49c4382d7,/p/2/4ebffbf934421c3a,1,200,6103504,76.446,23896.424,255415
1787858957687,dc7fc29c-142a-e5e0-cc9c-697bb0a49e2f,/p/3/4dc496fbd0ca0f99,2,200,246446,220.479,3580.646,68827
1787858949540,2e6a6fc4-43c9-302b-99ec-aa779cfd1e5e,/p/0/64a0baf9bfc464a2,1,200,4752754,52.931,11806.266,402562
1787858959416,bbfa32a4-216e-8e4a-2ea4-db70fbde3213,/p/0/5ea1fc5961897c60,2,200,135734,708.011,2051.286,66170
1787858949700,9159e2dc-2c75-cc04-05f6-7eb860d06c58,/p/0/d56e583ac593da43,8,200,3627540,51.515,11779.823,307945
1787858959453,c3585e59-0c09-756a-7acb-79af838ae834,/p/0/7fa9f61a9db5ed8e,6,200,256218,196.816,2120.806,120812
1787858939242,34f44788-9e62-8236-d71a-0d7dea383207,/p/1/e22a5156c8dd124d,1,200,4294141,107.822,22361.351,192034
1787858955576,298c6f93-ed3a-eccd-2ec2-bbf1adc8cdd9,/p/0/8607e2864426752b,9,200,209558,353.146,6053.433,34618
1787858939489,7f91333a-900e-0d17-eb19-800f3b192bba,/p/0/87067538f8852bfd,1,200,2250757,116.789,22486.777,100092
1787858956773,dc7fc29c-142a-e5e0-cc9c-697bb0a49e2f,/p/0/5cb8676aaf87ad83,1,200,501684,42.068,5219.328,96120
1787858959243,4935c39c-a4d3-e153-2058-6a632bc6e6ae,/p/1/bd0d667930fda30,2,200,279882,311.624,2794.301,100162
1787858935203,870bcfa7-0714-e7a4-eda7-671f567f99aa,/p/10/583d6d4121e6603,5,200,4309635,200.627,26850.915,160502
1787858959566,4b190559-7ff6-583f-0b79-4d66bc93ee25,/?crawl=83,0,200,520551,73.015,2635.275,197532
1787858935203,870bcfa7-0714-e7a4-eda7-671f567f99aa,/p/0/583d8d4121e6969,5,200,5414067,170.522,27021.599,200361
1787858962054,870bcfa7-0714-e7a4-eda7-671f567f99aa,/p/0/ea91ec1adb0fbcee,6,200,95046,83.801,235.713,403227
1787858951819,7f61f88e-b574-07b9-934f-1259371ce50f,/p/0/41e34da1dad302e1,3,200,505503,280.280,10518.946,48056
1787858957250,7f61f88e-b574-07b9-934f-1259371ce50f,/p/0/60dc0d23dc1321de,4,200,320422,517.708,5133.395,62419
1787858934898,3a3baa8c-df43-ae9f-56fd-8ba3bf2dc386,/p/0/ab1555d6346ab1ca,3,200,5152769,209.328,27500.676,187369
1787858960659,f0602d95-b6a7-b7a4-b286-ec67f83bcbe7,/p/0/2f718c9ccb741980,2,200,272858,38.902,1769.334,154215
1787858946566,36cc23e4-27ac-a9c4-ea70-3c778fcdd9ee,/?crawl=64,0,200,2356942,128.839,15906.194,148178
1787858958301,4769c612-e4a8-db25-2e3c-3dc8564b2919,/p/8/a2fa955558976e4e,2,200,3471681,85.449,4249.057,817047
1787858932147,993f30ac-2bf3-034e-618b-4a0b0c7f0b18,/p/0/f4bf5b77e1245c1f,1,200,2748054,101.218,30436.165,90289
1787858951526,0c71003e-59f5-79c4-5e9c-a325c079c7b6,/p/0/7bc23acef230c9c9,4,200,383985,353.464,11078.090,34662
1787858957687,dc7fc29c-142a-e5e0-cc9c-697bb0a49e2f,/p/0/4dc495fbd0ca0de6,2,200,506085,199.954,4956.586,102104
1787858960659,f0602d95-b6a7-b7a4-b286-ec67f83bcbe7,/p/0/2f718f9ccb741e99,2,200,242910,217.598,2064.187,117678
1787858962201,4b190559-7ff6-583f-0b79-4d66bc93ee25,/p/0/2255df3e494e95bb,1,200,20318,216.650,540.634,37582
1787858958529,85c9ec16-cdfd-55eb-3fc5-ab0e3fe6fecd,/p/1/87c4e19e3bdf259b,2,200,5239164,63.483,4243.382,1234667
1787858961566,779cff31-25dc-d8e4-0d14-72105051a994,/?crawl=86,0,200,372404,44.339,1208.246,308219
1787858962038,4935c39c-a4d3-e153-2058-6a632bc6e6ae,/p/0/532b004c0f4f27a0,3,200,39428,215.766,844.560,46685
1787858960659,f0602d95-b6a7-b7a4-b286-ec67f83bcbe7,/p/0/2f718e9ccb741ce6,2,200,315764,217.626,2234.988,141282
1787858959133,642626d0-983f-8a2d-45a6-c0fa444f3d26,/p/16/cff58a90be1a98a0,8,200,165360,378.298,3775.541,43798
1787858959453,c3585e59-0c09-756a-7acb-79af838ae834,/p/5/7fa9f71a9db5ef41,6,200,503969,178.462,3463.482,145509
1787858960566,850d6918-30bc-6eef-49c3-3e7df369c22b,/?crawl=85,0,200,405915,87.005,2372.968,171058
1787858937673,3a3baa8c-df43-ae9f-56fd-8ba3bf2dc386,/p/2/d470c50182484da6,5,200,5978749,185.169,25299.503,236319
1787858959072,4935c39c-a4d3-e153-2058-6a632bc6e6ae,/p/0/aa01f786ca6ad06,1,200,378935,36.537,4034.698,93919
1787858958153,953461a2-4239-ade1-c67c-7dbb345a08ef,/p/0/1712ea8cff1cb7de,5,200,510204,360.707,4957.232,102921
1787858962772,85c9ec16-cdfd-55eb-3fc5-ab0e3fe6fecd,/p/0/b481622238a8e2b,3,200,217742,46.832,510.220,426761
1787858962550,4769c612-e4a8-db25-2e3c-3dc8564b2919,/p/0/746c491234d21e48,3,200,226465,46.987,756.269,299450
1787858961267,dc7fc29c-142a-e5e0-cc9c-697bb0a49e2f,/p/2/95dc5ac52421e54,3,200,97708,238.638,2179.729,44826
1787858962772,85c9ec16-cdfd-55eb-3fc5-ab0e3fe6fecd,/p/0/b481822238a9191,3,200,414911,12.047,820.168,505885
1787858962772,85c9ec16-cdfd-55eb-3fc5-ab0e3fe6fecd,/p/0/b481722238a8fde,3,200,516235,12.032,843.116,612295
1787858924112,642626d0-983f-8a2d-45a6-c0fa444f3d26,/p/0/6f966e4d24c14fca,3,200,2752002,55.202,39560.445,69564
1787858933921,993f30ac-2bf3-034e-618b-4a0b0c7f0b18,/p/0/67731492e39aa323,2,200,2918657,244.684,29763.556,98061
1787858956119,44bed862-b14f-c185-ba4e-d9754c2e3394,/p/0/a8d20a9191928aa0,2,200,450774,519.033,7674.080,58740
1787858959243,4935c39c-a4d3-e153-2058-6a632bc6e6ae,/p/0/bd0d867930fdd96,2,200,389661,198.810,4565.576,85348
1787858962566,d08e6f96-c7d6-e9fc-7eb5-660f5df8dcb5,/?crawl=87,0,200,148699,60.090,1330.878,111730
1787858962774,779cff31-25dc-d8e4-0d14-72105051a994,/p/0/dc94e057071f79a7,1,200,82537,352.587,1124.304,73412
1787858935413,db465bc7-3c36-6c38-6cdc-56400ab10e94,/p/0/eb81a1c50b9a4eb8,3,200,2652620,147.380,28511.474,93037
1787858950238,f46b18aa-4bbf-d329-867e-592e665a06bb,/p/5/f80b1157545f5c68,1,200,2491437,35.096,13774.745,180870
1787858933921,993f30ac-2bf3-034e-618b-4a0b0c7f0b18,/p/0/67731592e39aa4d6,2,200,2836772,244.640,30224.905,93855
1787858935203,870bcfa7-0714-e7a4-eda7-671f567f99aa,/p/0/583d5d4121e6450,5,200,6217791,185.164,28985.880,214511
1787858956015,44bed862-b14f-c185-ba4e-d9754c2e3394,/p/0/8b7568b4e8fa55e1,1,200,478564,103.215,8190.874,58426
1787858957566,446d900f-a925-263c-fbe0-c867f04ae95b,/?crawl=82,0,200,370381,253.350,6864.794,53954
1787858955566,d6a91890-7ca9-e17a-ea13-7a62c4d1e898,/?crawl=78,0,200,5723848,24.030,8965.510,638430
1787858962774,779cff31-25dc-d8e4-0d14-72105051a994,/p/3/dc94df57071f77f4,1,200,158503,352.747,1766.368,89734
1787858962973,3a3baa8c-df43-ae9f-56fd-8ba3bf2dc386,/p/0/fa9a3c6df2da1a2b,6,200,135538,191.420,1601.321,84641
1787858951119,9159e2dc-2c75-cc04-05f6-7eb860d06c58,/p/5/ec292c10161aff3e,9,200,6043999,82.996,13479.503,448384
1787858937673,3a3baa8c-df43-ae9f-56fd-8ba3bf2dc386,/p/0/d470c60182484f59,5,200,5607072,201.404,26950.441,208051
1787858947104,bbfa32a4-216e-8e4a-2ea4-db70fbde3213,/p/0/f022bac84422a030,1,200,5602919,55.104,17525.905,319694
1787858963897,d08e6f96-c7d6-e9fc-7eb5-660f5df8dcb5,/p/0/6fff33b49bba6c54,1,200,19648,466.949,743.134,26439
1787858961145,03d4462f-33cb-a352-2866-30a49c4382d7,/p/0/8b3f012247cc400c,2,200,368741,103.592,3644.594,101175
1787858962201,4b190559-7ff6-583f-0b79-4d66bc93ee25,/p/0/2255de3e494e9408,1,200,216484,71.330,2592.402,83507
1787858953667,832b456c-268c-711b-e891-ba848b7ef9c2,/?crawl=75,0,200,3694127,48.267,11180.499,330408
1787858961267,dc7fc29c-142a-e5e0-cc9c-697bb0a49e2f,/p/0/95dc7ac524221ba,3,200,283259,238.648,3626.227,78114
1787858941713,e2547c5c-53e1-e14d-5d2a-7c275c05a92b,/p/0/1a70c6968d201b44,1,200,2705926,56.732,23214.925,116560
1787858955566,c37243fa-e732-7c66-caa7-67fd52c9e9fb,/?crawl=77,0,200,4126032,35.154,9376.372,440046
1787858962973,3a3baa8c-df43-ae9f-56fd-8ba3bf2dc386,/p/0/fa9a3d6df2da1bde,6,200,278645,208.417,2058.925,135335
1787858964599,9159e2dc-2c75-cc04-05f6-7eb860d06c58,/p/0/2ab13068fff0386f,10,200,93975,107.661,458.246,205075
1787858962201,4b190559-7ff6-583f-0b79-4d66bc93ee25,/p/0/2255e13e494e9921,1,200,342052,71.521,2915.642,117316
1787858964943,c37243fa-e732-7c66-caa7-67fd52c9e9fb,/p/0/c0e7dab40d567ebf,1,200,98510,48.059,342.730,287427
1787858950238,f46b18aa-4bbf-d329-867e-592e665a06bb,/p/0/f80b1257545f5e1b,1,200,4331377,35.060,15079.094,287244
1787858964532,d6a91890-7ca9-e17a-ea13-7a62c4d1e898,/p/0/c8d02d431d93342b,1,200,161040,23.684,833.673,193169
1787858937566,f425fcd3-622b-2b78-2e59-556f926f6ef7,/?crawl=52,0,200,4781517,86.907,27800.056,171997
1787858964942,c37243fa-e732-7c66-caa7-67fd52c9e9fb,/p/4/c0e7d9b40d567d0c,1,200,66214,31.880,474.702,139486
1787858959416,bbfa32a4-216e-8e4a-2ea4-db70fbde3213,/p/0/5ea1ff5961898179,2,200,491156,707.964,6032.605,81417
1787858941377,037c1d7a-c469-d69e-926b-a70f9312ec48,/p/0/f02c5df279c32dd8,2,200,2181580,252.643,24096.406,90535
1787858962038,4935c39c-a4d3-e153-2058-6a632bc6e6ae,/p/0/532b014c0f4f2953,3,200,270475,197.157,3490.294,77493
1787858961145,03d4462f-33cb-a352-2866-30a49c4382d7,/p/0/8b3f042247cc4525,2,200,455052,50.610,4383.256,103816
1787858964532,d6a91890-7ca9-e17a-ea13-7a62c4d1e898,/p/0/c8d02e431d9335de,1,200,226180,23.599,1097.794,206031
1787858942737,2c587170-b79c-3489-392e-4ab6d67b5b39,/p/1/200bd8eb0f06b218,2,200,5731693,41.053,22898.929,250304
1787858962917,c3585e59-0c09-756a-7acb-79af838ae834,/p/0/e1cb5b96d0c32f0b,7,200,244121,192.533,2739.227,89120
1787858958949,298c6f93-ed3a-eccd-2ec2-bbf1adc8cdd9,/p/3/cf9450f2227a76b9,10,200,309353,359.908,6713.280,46081
1787858964566,5a187efd-ff84-49cf-280f-8d6ee97cdfe6,/?crawl=88,0,200,484808,36.967,1133.201,427822
1787858956634,72963512-4baa-7709-f87c-739c4e0392ab,/p/3/b5c0349bdde98bce,1,200,3975544,81.175,9117.906,436015
1787858964012,f46b18aa-4bbf-d329-867e-592e665a06bb,/p/0/c823b32d34b29a7a,2,200,118855,1039.068,1777.902,66851
1787858963897,d08e6f96-c7d6-e9fc-7eb5-660f5df8dcb5,/p/0/6fff36b49bba716d,1,200,128615,389.073,1948.601,66004
1787858964599,9159e2dc-2c75-cc04-05f6-7eb860d06c58,/p/4/2ab12f68fff036bc,10,200,472102,16.457,1248.138,378245
1787858957250,7f61f88e-b574-07b9-934f-1259371ce50f,/p/0/60dc0c23dc13202b,4,200,503537,517.842,8650.727,58207
1787858964847,832b456c-268c-711b-e891-ba848b7ef9c2,/p/4/e7bc846f368c6932,1,200,177486,42.380,1271.394,139600
1787858962917,c3585e59-0c09-756a-7acb-79af838ae834,/p/0/e1cb5c96d0c330be,7,200,326576,174.959,3212.779,101649
1787858965752,72963512-4baa-7709-f87c-739c4e0392ab,/p/2/fe217efad8731916,2,200,39980,26.328,380.663,105027
1787858961267,dc7fc29c-142a-e5e0-cc9c-697bb0a49e2f,/p/0/95dc6ac52422007,3,200,434219,218.234,5117.718,84846
1787858962939,850d6918-30bc-6eef-49c3-3e7df369c22b,/p/0/96d3de6fc4f0587a,1,200,186689,248.798,3475.378,53718
1787858964012,f46b18aa-4bbf-d329-867e-592e665a06bb,/p/0/c823b22d34b298c7,2,200,238379,1058.455,2432.043,98016
1787858965417,c37243fa-e732-7c66-caa7-67fd52c9e9fb,/p/0/501fcebabbe29da7,2,200,122403,164.369,1131.669,108162
1787858965417,c37243fa-e732-7c66-caa7-67fd52c9e9fb,/p/0/501fcfbabbe29f5a,2,200,119234,180.883,1148.637,103805
1787858965752,72963512-4baa-7709-f87c-739c4e0392ab,/p/0/fe217cfad87315b0,2,200,180714,54.587,865.674,208755
1787858962054,870bcfa7-0714-e7a4-eda7-671f567f99aa,/p/9/ea91ea1adb0fb988,6,200,3920101,83.707,4570.860,857629
1787858964541,779cff31-25dc-d8e4-0d14-72105051a994,/p/0/13187443c8c89103,2,200,137000,246.923,2116.157,64740
1787858965847,9159e2dc-2c75-cc04-05f6-7eb860d06c58,/p/0/2dddc1fb4528a30a,11,200,205044,90.962,824.335,248739
1787858959834,e7a9c440-29ef-71ca-744c-3c6f8e53db1a,/p/3/448e0aed5c7068ed,2,200,148059,290.387,6916.835,21406
1787858966625,870bcfa7-0714-e7a4-eda7-671f567f99aa,/p/8/9a9b49754045043b,7,200,29181,40.823,135.139,215933
1787858966625,870bcfa7-0714-e7a4-eda7-671f567f99aa,/p/0/9a9b487540450288,7,200,37921,44.558,135.132,280622
1787858966566,315930b6-96ae-9318-7ee4-ced9de76082c,/?crawl=89,0,200,191368,22.300,246.805,775380
1787858966813,315930b6-96ae-9318-7ee4-ced9de76082c,/p/6/add7df0ccdacd149,1,200,20435,18.499,38.556,530003
1787858963897,d08e6f96-c7d6-e9fc-7eb5-660f5df8dcb5,/p/5/6fff34b49bba6e07,1,200,393906,77.553,2962.651,132957
1787858935840,993f30ac-2bf3-034e-618b-4a0b0c7f0b18,/p/0/5d44c54ac9ada195,3,200,3027923,999.864,31046.870,97527
1787858965636,2c587170-b79c-3489-392e-4ab6d67b5b39,/p/0/40f47bb73622acf,3,200,369259,3.161,1266.377,291587
1787858964541,779cff31-25dc-d8e4-0d14-72105051a994,/p/2/13187343c8c88f50,2,200,216506,227.078,2365.555,91524
1787858966851,315930b6-96ae-9318-7ee4-ced9de76082c,/p/0/8ab815a3d7351352,2,200,8770,100.133,109.614,80008
1787858962939,850d6918-30bc-6eef-49c3-3e7df369c22b,/p/1/96d3df6fc4f05a2d,1,200,262492,622.293,4049.354,64823
1787858965636,2c587170-b79c-3489-392e-4ab6d67b5b39,/p/0/40f48bb73622c82,3,200,386231,316.255,1378.726,280136
1787858966860,d08e6f96-c7d6-e9fc-7eb5-660f5df8dcb5,/p/4/69e9490474554f21,2,200,14208,78.853,156.889,90561
1787858957807,0c71003e-59f5-79c4-5e9c-a325c079c7b6,/p/0/a48cd4c704f95fdd,5,200,300369,389.206,9236.663,32519
1787858941713,e2547c5c-53e1-e14d-5d2a-7c275c05a92b,/p/3/1a70c8968d201eaa,1,200,3371236,165.907,25336.305,133059
1787858966813,315930b6-96ae-9318-7ee4-ced9de76082c,/p/0/add7dd0ccdaccde3,1,200,89208,38.551,243.676,366093
1787858965636,2c587170-b79c-3489-392e-4ab6d67b5b39,/p/0/40f46bb7362291c,3,200,523273,316.549,1435.071,364632
1787858964012,f46b18aa-4bbf-d329-867e-592e665a06bb,/p/4/c823b12d34b29714,2,200,474353,1022.835,3153.693,150412
1787858966760,870bcfa7-0714-e7a4-eda7-671f567f99aa,/p/0/c580757b05a18a10,8,200,190212,37.289,426.797,445674
1787858966760,870bcfa7-0714-e7a4-eda7-671f567f99aa,/p/7/c580767b05a18bc3,8,200,292954,44.894,559.109,523966
1787858965752,72963512-4baa-7709-f87c-739c4e0392ab,/p/0/fe217ffad8731ac9,2,200,260968,136.076,1633.719,159739
1787858965662,298c6f93-ed3a-eccd-2ec2-bbf1adc8cdd9,/p/0/cf944ef2227a7353,10,200,434958,763.185,1735.903,250566
1787858966133,72963512-4baa-7709-f87c-739c4e0392ab,/p/0/8a1bcb7e3605a158,3,200,120434,182.328,1281.785,93958
1787858961603,34f44788-9e62-8236-d71a-0d7dea383207,/p/0/f11619e72a1f6fff,2,200,435015,366.769,5847.577,74392
1787858966133,72963512-4baa-7709-f87c-739c4e0392ab,/p/0/8a1bce7e3605a671,3,200,129947,209.619,1363.164,95327
1787858966859,d08e6f96-c7d6-e9fc-7eb5-660f5df8dcb5,/p/0/69e9470474554bbb,2,200,51580,157.026,665.941,77454
1787858965699,5a187efd-ff84-49cf-280f-8d6ee97cdfe6,/p/0/1a6d87af3911d7d0,1,200,191609,184.224,1835.318,104401
1787858967319,870bcfa7-0714-e7a4-eda7-671f567f99aa,/p/0/a27984c18e1cf7c7,9,200,56374,40.942,223.244,252522
1787858964847,832b456c-268c-711b-e891-ba848b7ef9c2,/p/0/e7bc856f368c6ae5,1,200,205624,216.117,2699.486,76172
1787858956566,c06f552a-6f6e-bbea-3240-e8df2152d9a8,/?crawl=79,0,200,3725111,44.699,11049.701,337123
1787858967616,c06f552a-6f6e-bbea-3240-e8df2152d9a8,/p/0/3565dae588f84331,1,200,5592,45.099,45.179,123773
1787858967566,daf6f114-deeb-a359-1a40-ac282b8097ad,/?crawl=91,0,200,90889,16.669,98.097,926522
1787858967616,c06f552a-6f6e-bbea-3240-e8df2152d9a8,/p/0/3565d7e588f83e18,1,200,5845,65.284,65.335,89462
1787858959133,642626d0-983f-8a2d-45a6-c0fa444f3d26,/p/0/cff58b90be1a9a53,8,200,245950,503.484,8575.870,28679
1787858967664,daf6f114-deeb-a359-1a40-ac282b8097ad,/p/0/f31afe2a12827297,1,200,10849,37.530,80.976,133979
1787858966625,870bcfa7-0714-e7a4-eda7-671f567f99aa,/p/0/9a9b4b75404507a1,7,200,473939,38.782,1131.730,418774
1787858967319,870bcfa7-0714-e7a4-eda7-671f567f99aa,/p/6/a27986c18e1cfb2d,9,200,226630,37.356,453.574,499654
1787858966119,832b456c-268c-711b-e891-ba848b7ef9c2,/p/0/8195d26bf2cb1146,2,200,121632,263.071,1734.520,70124
1787858962909,642626d0-983f-8a2d-45a6-c0fa444f3d26,/p/0/cff58c90be1a9c06,8,200,188277,319.167,4959.817,37960
1787858961603,34f44788-9e62-8236-d71a-0d7dea383207,/p/0/f1161be72a1f7365,2,200,439603,217.434,6277.133,70032
1787858967773,870bcfa7-0714-e7a4-eda7-671f567f99aa,/p/5/dd9e719851eb6d1d,10,200,89883,21.176,127.448,705250
1787858967566,366782b9-b94f-5579-a16b-c8dd20449e42,/?crawl=92,0,200,139298,38.276,358.365,388704
1787858966133,72963512-4baa-7709-f87c-739c4e0392ab,/p/1/8a1bcc7e3605a30b,3,200,413719,140.631,1816.553,227749
1787858966860,d08e6f96-c7d6-e9fc-7eb5-660f5df8dcb5,/p/0/69e9480474554d6e,2,200,59607,156.951,1096.457,54363
1787858960891,c059e2ba-67b5-441d-83f3-96a164e9d07d,/p/0/c8aecaa47fe25a9a,12,200,421608,327.472,7089.746,59467
1787858967664,daf6f114-deeb-a359-1a40-ac282b8097ad,/p/0/f31afd2a128270e4,1,200,215289,16.344,409.314,525975
1787858967664,daf6f114-deeb-a359-1a40-ac282b8097ad,/p/0/f31aff2a1282744a,1,200,223420,75.463,423.548,527496
1787858967166,f46b18aa-4bbf-d329-867e-592e665a06bb,/p/3/6ef9dea7fbe5765a,3,200,118414,167.832,974.431,121521
1787858966851,315930b6-96ae-9318-7ee4-ced9de76082c,/p/5/8ab816a3d7351505,2,200,360635,128.965,1416.755,254550
1787858966851,315930b6-96ae-9318-7ee4-ced9de76082c,/p/0/8ab814a3d735119f,2,200,280685,100.149,1434.692,195641
1787858965699,5a187efd-ff84-49cf-280f-8d6ee97cdfe6,/p/10/1a6d89af3911db36,1,200,349389,184.142,2594.965,134641
1787858967773,870bcfa7-0714-e7a4-eda7-671f567f99aa,/p/0/dd9e709851eb6b6a,10,200,339979,24.476,546.782,621781
1787858967049,e2547c5c-53e1-e14d-5d2a-7c275c05a92b,/p/2/82bc8038b0d4c8d7,2,200,85981,56.744,1301.223,66077
1787858967398,298c6f93-ed3a-eccd-2ec2-bbf1adc8cdd9,/p/2/7dab394d8e8003b5,11,200,35185,1075.205,1075.672,32710
1787858968320,870bcfa7-0714-e7a4-eda7-671f567f99aa,/p/0/ca45945bbc0b97ec,11,200,111115,18.966,177.910,624556
1787858967950,72963512-4baa-7709-f87c-739c4e0392ab,/p/0/c2ce00b62f081b84,4,200,101524,27.092,593.170,171155
1787858968498,870bcfa7-0714-e7a4-eda7-671f567f99aa,/p/0/ca45975bbc0b9d05,11,200,16966,27.170,65.583,258694
1787858968268,315930b6-96ae-9318-7ee4-ced9de76082c,/p/4/bf1b95e52e3357d0,3,200,97740,91.688,532.937,183399
1787858967924,366782b9-b94f-5579-a16b-c8dd20449e42,/p/0/ad59fb42d0534fb7,1,200,131246,35.596,925.475,141815
1787858962054,870bcfa7-0714-e7a4-eda7-671f567f99aa,/p/0/ea91eb1adb0fbb3b,6,200,5565581,84.292,6823.932,815597
1787858964431,446d900f-a925-263c-fbe0-c867f04ae95b,/p/0/8eeb89e0b4b39fa8,1,200,108202,120.739,4599.892,23523
1787858967709,642626d0-983f-8a2d-45a6-c0fa444f3d26,/p/0/7d82e608705b9100,9,200,55930,317.894,1500.061,37285
1787858968141,f46b18aa-4bbf-d329-867e-592e665a06bb,/p/2/982fa2e0d8163d3a,4,200,61515,176.610,1072.528,57355
1787858968801,315930b6-96ae-9318-7ee4-ced9de76082c,/p/3/30b944e4114c17b,4,200,95925,99.065,484.911,197820
1787858955682,fa582fd7-aacb-0337-b145-55fbdaa93e2a,/p/2/d21ec24d4f9498aa,5,200,521611,439.449,13804.072,37787
1787858968801,315930b6-96ae-9318-7ee4-ced9de76082c,/p/0/30b934e4114bfc8,4,200,91211,154.310,769.331,118559
1787858966988,850d6918-30bc-6eef-49c3-3e7df369c22b,/p/0/658bd7579fe5866d,2,200,96220,415.993,2610.804,36855
1787858960464,fa582fd7-aacb-0337-b145-55fbdaa93e2a,/p/0/d21ec04d4f949544,5,200,433431,475.499,9247.922,46868
1787858962939,850d6918-30bc-6eef-49c3-3e7df369c22b,/p/0/96d3dd6fc4f056c7,1,200,427554,82.264,6866.579,62266
1787858948413,7f91333a-900e-0d17-eb19-800f3b192bba,/p/0/99085623dcacad62,4,200,3822306,165.917,21472.235,178012
1787858968474,298c6f93-ed3a-eccd-2ec2-bbf1adc8cdd9,/p/0/7dab384d8e800202,11,200,55302,1385.843,1445.440,38260
1787858963447,dc7fc29c-142a-e5e0-cc9c-697bb0a49e2f,/p/0/8b9f3830061779ac,4,200,486260,325.483,6472.921,75122
1787858933837,28ccfaac-4860-d877-6d39-8f1480e51491,/p/0/46d7a56a24056002,1,200,5764057,42.651,36118.579,159587
1787858967924,366782b9-b94f-5579-a16b-c8dd20449e42,/p/0/ad59fc42d053516a,1,200,390313,35.505,2188.176,178374
1787858953733,3fbc8591-e202-7ea4-8f37-a6f31a418513,/p/0/ccc774203ab44811,1,200,2153366,103.359,16474.913,130706
1787858967924,366782b9-b94f-5579-a16b-c8dd20449e42,/p/19/ad59fd42d053531d,1,200,407094,283.676,2309.143,176297
1787858968294,5a187efd-ff84-49cf-280f-8d6ee97cdfe6,/p/0/23e7d750295a899b,2,200,128927,168.672,2133.369,60434
1787858943693,7f91333a-900e-0d17-eb19-800f3b192bba,/p/0/99085523dcacabaf,4,200,4130831,220.269,26750.087,154423
1787858966760,870bcfa7-0714-e7a4-eda7-671f567f99aa,/p/0/c580787b05a18f29,8,200,2632842,37.381,3798.002,693218
1787858966906,779cff31-25dc-d8e4-0d14-72105051a994,/p/0/37d4e8f0f02bc1ff,3,200,268431,230.999,3722.912,72102
1787858936526,28ccfaac-4860-d877-6d39-8f1480e51491,/p/3/9fb54df6377af02f,2,200,5321784,280.320,34103.839,156046
1787858940300,7f91333a-900e-0d17-eb19-800f3b192bba,/p/0/b99417657b8728b7,2,200,6051983,183.432,30398.828,199086
1787858970566,25e73829-b516-14b9-7801-3f09e11db393,/?crawl=93,0,200,158506,28.765,263.567,601388
1787858966119,832b456c-268c-711b-e891-ba848b7ef9c2,/p/3/8195d06bf2cb0de0,2,200,508960,219.218,4930.599,103225
1787858968294,5a187efd-ff84-49cf-280f-8d6ee97cdfe6,/p/9/23e7d950295a8d01,2,200,356718,186.453,2770.061,128776
1787858971064,5a187efd-ff84-49cf-280f-8d6ee97cdfe6,/p/0/dcce12d5985c99e1,3,200,4667,186.776,238.182,19594
1787858970630,28ccfaac-4860-d877-6d39-8f1480e51491,/p/0/850c1dcbb0ecb645,3,200,108642,43.198,673.741,161252
1787858969486,fa582fd7-aacb-0337-b145-55fbdaa93e2a,/p/0/b98acdb4a2a4ed6f,6,200,79363,1822.450,1825.412,43477
1787858967017,d08e6f96-c7d6-e9fc-7eb5-660f5df8dcb5,/p/0/3ddcd4d8123b0dda,3,200,270303,586.925,4334.232,62365
1787858968268,315930b6-96ae-9318-7ee4-ced9de76082c,/p/0/bf1b97e52e335b36,3,200,479313,118.065,3348.770,143131
1787858967900,870bcfa7-0714-e7a4-eda7-671f567f99aa,/p/4/ca45955bbc0b999f,11,200,4244942,16.820,3860.908,1099467
1787858970630,28ccfaac-4860-d877-6d39-8f1480e51491,/p/2/850c1ccbb0ecb492,3,200,123767,214.934,1133.384,109201
1787858968141,f46b18aa-4bbf-d329-867e-592e665a06bb,/p/0/982fa3e0d8163eed,4,200,234412,193.332,4139.742,56625
1787858971763,28ccfaac-4860-d877-6d39-8f1480e51491,/p/0/b3016a41cb5f1a73,4,200,7918,298.772,539.970,14664
1787858966906,779cff31-25dc-d8e4-0d14-72105051a994,/p/1/37d4e7f0f02bc04c,3,200,402789,257.722,5568.531,72333
1787858968294,5a187efd-ff84-49cf-280f-8d6ee97cdfe6,/p/0/23e7d850295a8b4e,2,200,512799,168.596,4180.614,122661
1787858966988,850d6918-30bc-6eef-49c3-3e7df369c22b,/p/0/658bd5579fe58307,2,200,336703,501.440,5502.305,61193
1787858969286,315930b6-96ae-9318-7ee4-ced9de76082c,/p/2/b4ed1bac77480f0a,5,200,344623,124.076,3461.164,99569
1787858971617,315930b6-96ae-9318-7ee4-ced9de76082c,/p/0/b4ed19ac77480ba4,5,200,130829,105.710,1363.330,95963
1787858971764,28ccfaac-4860-d877-6d39-8f1480e51491,/p/1/b3016c41cb5f1dd9,4,200,65140,351.993,1369.110,47578
1787858967773,870bcfa7-0714-e7a4-eda7-671f567f99aa,/p/0/dd9e6f9851eb69b7,10,200,4917511,22.860,5481.398,897127
1787858967319,870bcfa7-0714-e7a4-eda7-671f567f99aa,/p/0/a27985c18e1cf97a,9,200,5506646,52.190,5939.411,927137
1787858971761,870bcfa7-0714-e7a4-eda7-671f567f99aa,/p/3/f020546c762e3f01,12,200,144111,1497.630,1501.671,95967
1787858971761,870bcfa7-0714-e7a4-eda7-671f567f99aa,/p/0/f020536c762e3d4e,12,200,145210,1498.616,1502.872,96622
1787858964431,446d900f-a925-263c-fbe0-c867f04ae95b,/p/0/8eeb8ae0b4b3a15b,1,200,165661,120.736,9033.654,18338
1787858967016,d08e6f96-c7d6-e9fc-7eb5-660f5df8dcb5,/p/0/3ddcd3d8123b0c27,3,200,447674,587.036,6805.495,65781
1787858968141,f46b18aa-4bbf-d329-867e-592e665a06bb,/p/0/982fa0e0d81639d4,4,200,380113,193.393,5696.106,66732
1787858972475,779cff31-25dc-d8e4-0d14-72105051a994,/p/0/b6ff96445177bf04,4,200,147683,231.778,1484.096,99510
1787858971049,832b456c-268c-711b-e891-ba848b7ef9c2,/p/2/5213be3668a6250d,3,200,193739,638.210,2945.597,65772
1787858969213,f46b18aa-4bbf-d329-867e-592e665a06bb,/p/1/6f4053d26b697d02,5,200,239682,509.851,4862.578,49291
1787858972475,779cff31-25dc-d8e4-0d14-72105051a994,/p/0/b6ff98445177c26a,4,200,74935,611.711,1670.867,44848
1787858957101,c3360970-09a0-e4cc-54ea-bf8e3658b8f4,/p/0/cb6590b440333e9b,3,200,5939491,145.417,17166.020,346003
1787858970830,25e73829-b516-14b9-7801-3f09e11db393,/p/0/19efa8e53bb85ebd,1,200,307825,23.767,3491.884,88154
1787858973568,d923f406-813e-9aec-d569-4d01f6751bf3,/?crawl=94,0,200,228359,65.015,820.482,278323
1787858970234,366782b9-b94f-5579-a16b-c8dd20449e42,/p/0/5a7cd39b0d37cd58,2,200,479853,191.724,4173.827,114967
1787858962973,3a3baa8c-df43-ae9f-56fd-8ba3bf2dc386,/p/1/fa9a3b6df2da1878,6,200,4268595,174.702,11552.675,369490
1787858967616,c06f552a-6f6e-bbea-3240-e8df2152d9a8,/p/0/3565d9e588f8417e,1,200,2334606,65.292,6961.012,335383
1787858971064,5a187efd-ff84-49cf-280f-8d6ee97cdfe6,/p/0/dcce0fd5985c94c8,3,200,375170,238.031,3533.850,106165
1787858971064,5a187efd-ff84-49cf-280f-8d6ee97cdfe6,/p/8/dcce10d5985c967b,3,200,371180,206.241,3634.515,102126
1787858964532,d6a91890-7ca9-e17a-ea13-7a62c4d1e898,/p/1/c8d02f431d933791,1,200,6160087,69.140,10188.254,604626
1787858962550,4769c612-e4a8-db25-2e3c-3dc8564b2919,/p/7/746c4b1234d221ae,3,200,5561140,15.651,12195.448,456001
1787858969571,315930b6-96ae-9318-7ee4-ced9de76082c,/p/0/b4ed1cac774810bd,5,200,501680,110.163,5324.320,94224
1787858967049,e2547c5c-53e1-e14d-5d2a-7c275c05a92b,/p/0/82bc8238b0d4cc3d,2,200,495591,171.830,8061.474,61476
1787858958677,c3360970-09a0-e4cc-54ea-bf8e3658b8f4,/p/1/8be7f7a4ce08be5f,4,200,5703913,104.403,16436.972,347017
1787858970234,366782b9-b94f-5579-a16b-c8dd20449e42,/p/18/5a7cd49b0d37cf0b,2,200,405109,209.336,4900.137,82673
1787858974746,4769c612-e4a8-db25-2e3c-3dc8564b2919,/p/0/21b78a9eefb91f00,4,200,163842,144.548,599.000,273526
1787858974525,3a3baa8c-df43-ae9f-56fd-8ba3bf2dc386,/p/0/3a603759de352791,7,200,127059,32.684,879.124,144529
1787858974746,4769c612-e4a8-db25-2e3c-3dc8564b2919,/p/6/21b78b9eefb920b3,4,200,217520,106.421,705.888,308151
1787858968350,e2547c5c-53e1-e14d-5d2a-7c275c05a92b,/p/0/11e8ce0b46f1cd00,3,200,343060,319.647,7117.788,48198
1787858962550,4769c612-e4a8-db25-2e3c-3dc8564b2919,/p/0/746c4c1234d22361,3,200,5695184,94.942,12932.872,440365
1787858967166,f46b18aa-4bbf-d329-867e-592e665a06bb,/p/0/6ef9dfa7fbe5780d,3,200,514147,26.976,8373.941,61398
1787858970630,28ccfaac-4860-d877-6d39-8f1480e51491,/p/0/850c1acbb0ecb12c,3,200,508640,214.955,5000.742,101713
1787858975452,4769c612-e4a8-db25-2e3c-3dc8564b2919,/p/0/e83eb4e17a6f207a,5,200,87289,94.836,273.836,318764
1787858974720,d6a91890-7ca9-e17a-ea13-7a62c4d1e898,/p/0/7eccf7f2ec805375,2,200,185780,163.641,1026.895,180914
1787858975114,c3360970-09a0-e4cc-54ea-bf8e3658b8f4,/p/0/de06000f0ae7915a,5,200,47687,116.898,657.648,72511
1787858972281,f46b18aa-4bbf-d329-867e-592e665a06bb,/p/0/6f4051d26b69799c,5,200,198470,1459.362,3569.171,55607
1787858951623,953461a2-4239-ade1-c67c-7dbb345a08ef,/p/0/ae8a7746778b26fb,4,200,4579764,573.536,24308.530,188402
1787858974699,5a187efd-ff84-49cf-280f-8d6ee97cdfe6,/p/0/5c853ef12aeb9619,4,200,119856,183.593,1323.822,90538
1787858961145,03d4462f-33cb-a352-2866-30a49c4382d7,/p/1/8b3f032247cc4372,2,200,3003346,153.377,14891.441,201683
1787858974389,d923f406-813e-9aec-d569-4d01f6751bf3,/p/0/38dbff1154b19211,1,200,228356,49.116,1675.640,136280
1787858972980,315930b6-96ae-9318-7ee4-ced9de76082c,/p/0/96e3b7eb8ca8ad35,6,200,349799,438.722,3130.078,111754
1787858957566,93440f8f-b383-0429-fe23-d20e1ad47905,/?crawl=81,0,200,4663830,57.969,18546.424,251468
1787858961603,34f44788-9e62-8236-d71a-0d7dea383207,/p/0/f1161ae72a1f71b2,2,200,2104869,72.026,14651.551,143662
1787858934495,701f3cd0-0429-7076-94ab-7ca9c4aa7416,/p/0/8c98a7516634812f,1,200,4050345,229.635,41778.469,96948
1787858975452,4769c612-e4a8-db25-2e3c-3dc8564b2919,/p/5/e83eb2e17a6f1d14,5,200,224377,79.159,940.251,238635
1787858974720,d6a91890-7ca9-e17a-ea13-7a62c4d1e898,/p/0/7eccf5f2ec80500f,2,200,487081,70.395,1915.037,254346
1787858976112,93440f8f-b383-0429-fe23-d20e1ad47905,/p/2/492a89f9728481e1,1,200,63507,55.315,558.115,113788
1787858974746,4769c612-e4a8-db25-2e3c-3dc8564b2919,/p/0/21b78d9eefb92419,4,200,522357,144.588,1960.348,266461
1787858976566,51b097b6-0df2-e5e6-10e9-54b720b9c47f,/?crawl=95,0,200,45507,54.782,190.818,238483
1787858975115,c3360970-09a0-e4cc-54ea-bf8e3658b8f4,/p/0/de05fe0f0ae78df4,5,200,433043,106.696,1661.541,260627
1787858934495,701f3cd0-0429-7076-94ab-7ca9c4aa7416,/p/10/8c98a65166347f7c,1,200,5630558,229.742,42440.364,132670
1787858956906,d2fe775f-397e-dd3c-e3aa-cf1472d5e6b1,/p/0/f349cd0072647ae3,6,200,3271685,3.662,20173.974,162174
1787858971049,832b456c-268c-711b-e891-ba848b7ef9c2,/p/0/5213bc3668a621a7,3,200,323588,352.438,6203.963,52158
1787858974389,d923f406-813e-9aec-d569-4d01f6751bf3,/p/2/38dbfd1154b18eab,1,200,262300,49.034,2866.656,91500
1787858973263,870bcfa7-0714-e7a4-eda7-671f567f99aa,/p/0/c1d30baf3da2b567,13,200,321532,576.945,4022.579,79932
1787858967950,72963512-4baa-7709-f87c-739c4e0392ab,/p/0/c2ce02b62f081eea,4,200,2539219,40.145,9515.189,266860
1787858959416,bbfa32a4-216e-8e4a-2ea4-db70fbde3213,/p/2/5ea1fd5961897e13,2,200,3492562,708.502,18076.397,193211
1787858944898,037c1d7a-c469-d69e-926b-a70f9312ec48,/p/0/169156fa19655df5,3,200,3690447,304.954,32608.780,113173
1787858976566,89ecd6c1-3226-1c92-b7b6-17e6ad07f18f,/?crawl=96,0,200,419537,33.970,945.685,443633
1787858977566,814f8b80-42a9-b2a8-3977-2279ccb181b1,/?crawl=99,0,200,8083,19.883,19.947,405222
1787858973134,28ccfaac-4860-d877-6d39-8f1480e51491,/p/0/ffcebc6a4aef0a7d,5,200,317527,235.726,4473.803,70975
1787858971764,28ccfaac-4860-d877-6d39-8f1480e51491,/p/0/b3016b41cb5f1c26,4,200,434362,298.548,5844.346,74322
1787858965847,9159e2dc-2c75-cc04-05f6-7eb860d06c58,/p/0/2dddc0fb4528a157,11,200,3697091,83.220,11789.494,313592
1787858973995,832b456c-268c-711b-e891-ba848b7ef9c2,/p/0/cd228d21854e38ed,4,200,226600,415.676,3655.319,61992
1787858976036,03d4462f-33cb-a352-2866-30a49c4382d7,/p/0/2f2081ebf0fce05,3,200,97017,52.342,1666.037,58232
1787858947773,0bc53f17-5e57-fd72-c9f2-ee6bc805913f,/p/0/d136649c2b296cdc,1,200,4442005,44.837,30057.023,147786
1787858974895,315930b6-96ae-9318-7ee4-ced9de76082c,/p/0/96e3b4eb8ca8a81c,6,200,430213,152.568,2977.955,144466
1787858974076,f46b18aa-4bbf-d329-867e-592e665a06bb,/p/0/ac5a261263fba20f,6,200,279880,280.174,4045.047,69191
1787858973133,28ccfaac-4860-d877-6d39-8f1480e51491,/p/0/ffceb96a4aef0564,5,200,317751,302.822,5021.739,63275
1787858976757,51b097b6-0df2-e5e6-10e9-54b720b9c47f,/p/0/a571a8b3c0169a4b,1,200,110862,270.287,1434.516,77282
1787858967868,642626d0-983f-8a2d-45a6-c0fa444f3d26,/p/0/7d82e908705b9619,9,200,484517,471.400,10364.673,46747
1787858973134,28ccfaac-4860-d877-6d39-8f1480e51491,/p/0/ffcebb6a4aef08ca,5,200,459438,236.281,5107.850,89947
1787858976392,4769c612-e4a8-db25-2e3c-3dc8564b2919,/p/0/350e68ed61a63347,6,200,380995,97.590,2059.784,184968
1787858929448,db465bc7-3c36-6c38-6cdc-56400ab10e94,/p/0/4268b0ee3390346b,1,200,5482833,57.450,49033.131,111819
1787858977256,d923f406-813e-9aec-d569-4d01f6751bf3,/p/0/5dd481e77f7af6e2,2,200,199904,273.292,1230.195,162498
1787858977256,d923f406-813e-9aec-d569-4d01f6751bf3,/p/1/5dd47fe77f7af37c,2,200,157203,273.243,1230.608,127744
1787858969486,fa582fd7-aacb-0337-b145-55fbdaa93e2a,/p/1/b98accb4a2a4ebbc,6,200,294543,1822.299,9018.095,32661
1787858978566,b13fe162-ca38-756e-4424-fa5660065be3,/?crawl=101,0,200,154025,15.401,116.125,1326375
1787858962038,4935c39c-a4d3-e153-2058-6a632bc6e6ae,/p/0/532b034c0f4f2cb9,3,200,3043512,254.305,16716.447,182067
1787858976757,51b097b6-0df2-e5e6-10e9-54b720b9c47f,/p/7/a571a7b3c0169898,1,200,238993,270.266,2216.288,107835
1787858953835,0de955da-bc4d-e84f-dab5-b9dd2e15be5d,/p/3/7b26d9cccb275f45,1,200,6248731,43.583,25143.051,248527
1787858910820,c059e2ba-67b5-441d-83f3-96a164e9d07d,/p/0/922f765aaaab2d7d,1,200,5501534,40.580,68173.073,80700
1787858964431,446d900f-a925-263c-fbe0-c867f04ae95b,/p/0/8eeb8be0b4b3a30e,1,200,471804,1260.351,14568.098,32386
1787858975134,366782b9-b94f-5579-a16b-c8dd20449e42,/p/17/99692404ca97043e,3,200,315645,266.571,3877.236,81410
1787858978682,b13fe162-ca38-756e-4424-fa5660065be3,/p/0/76bb99f9795dd8ed,1,200,177775,69.759,355.413,500192
1787858962604,0c71003e-59f5-79c4-5e9c-a325c079c7b6,/p/0/608325dc9d346cb0,6,200,522951,517.860,16478.268,31736
1787858975115,c3360970-09a0-e4cc-54ea-bf8e3658b8f4,/p/0/de05ff0f0ae78fa7,5,200,2552349,24.049,3996.820,638595
1787858972475,779cff31-25dc-d8e4-0d14-72105051a994,/p/0/b6ff99445177c41d,4,200,411608,769.545,6845.905,60125
1787858978682,b13fe162-ca38-756e-4424-fa5660065be3,/p/0/76bb96f9795dd3d4,1,200,437910,12.992,671.379,652255
1787858978486,d923f406-813e-9aec-d569-4d01f6751bf3,/p/0/38bd397a8b097905,3,200,322218,417.996,924.535,348519
1787858978486,d923f406-813e-9aec-d569-4d01f6751bf3,/p/0/38bd367a8b0973ec,3,200,205449,542.880,925.965,221876
1787858976036,03d4462f-33cb-a352-2866-30a49c4382d7,/p/0/2f2061ebf0fca9f,3,200,372116,77.795,3487.384,106703
1787858979566,f4b4669c-da87-dc1b-c571-136b8ec74682,/?crawl=102,0,200,7564,30.321,30.534,247723
1787858976670,93440f8f-b383-0429-fe23-d20e1ad47905,/p/0/fe29d80cbadb558b,2,200,152585,361.176,2943.955,51830
1787858976112,93440f8f-b383-0429-fe23-d20e1ad47905,/p/0/492a87f972847e7b,1,200,219616,447.249,3530.290,62209
1787858959834,e7a9c440-29ef-71ca-744c-3c6f8e53db1a,/p/0/448e08ed5c706587,2,200,302111,363.174,19834.477,15232
1787858969712,fa582fd7-aacb-0337-b145-55fbdaa93e2a,/p/0/b98aceb4a2a4ef22,6,200,515505,1599.493,10030.078,51396
1787858978486,d923f406-813e-9aec-d569-4d01f6751bf3,/p/0/38bd387a8b097752,3,200,410926,463.233,1326.195,309853
1787858964599,9159e2dc-2c75-cc04-05f6-7eb860d06c58,/p/0/2ab13168fff03a22,10,200,4924356,48.749,15558.067,316515
1787858975540,f46b18aa-4bbf-d329-867e-592e665a06bb,/p/0/ac5a271263fba3c2,6,200,392926,360.909,4851.020,80999
1787858976757,51b097b6-0df2-e5e6-10e9-54b720b9c47f,/p/0/a571a9b3c0169bfe,1,200,323250,53.900,3648.076,88608
1787858978973,51b097b6-0df2-e5e6-10e9-54b720b9c47f,/p/0/f8c44bff49772a0f,2,200,18880,270.532,1458.380,12946
1787858979566,43c563d2-1cfd-de87-1486-d0d5ff3cefdd,/?crawl=103,0,200,493717,30.433,923.763,534463
1787858947773,0bc53f17-5e57-fd72-c9f2-ee6bc805913f,/p/0/d136669c2b297042,1,200,5757930,132.807,32722.459,175963
1787858974720,d6a91890-7ca9-e17a-ea13-7a62c4d1e898,/p/0/7eccf6f2ec8051c2,2,200,2841560,23.509,5802.530,489711
1787858964942,c37243fa-e732-7c66-caa7-67fd52c9e9fb,/p/0/c0e7dbb40d568072,1,200,3247736,163.076,15604.187,208132
1787858953733,3fbc8591-e202-7ea4-8f37-a6f31a418513,/p/0/ccc773203ab4465e,1,200,4911309,47.524,26883.152,182691
1787858980566,83de5410-3870-4e73-8562-aaa9d388848e,/?crawl=107,0,200,14754,39.981,58.379,252727
1787858976112,93440f8f-b383-0429-fe23-d20e1ad47905,/p/0/492a88f97284802e,1,200,285083,112.662,4565.182,62447
1787858979596,f4b4669c-da87-dc1b-c571-136b8ec74682,/p/1/e351439be4c2e127,1,200,224505,68.113,1293.804,173523
1787858978682,b13fe162-ca38-756e-4424-fa5660065be3,/p/3/76bb98f9795dd73a,1,200,2638122,69.716,2235.029,1180352
1787858980917,b13fe162-ca38-756e-4424-fa5660065be3,/p/0/73433e049f79b85b,2,200,114935,53.515,388.359,295950
1787858978978,0de955da-bc4d-e84f-dab5-b9dd2e15be5d,/p/0/64bae82005b96975,2,200,411616,78.391,2436.142,168962
1787858980566,344c25b2-cc11-4b54-39a0-a4ac7e1c85da,/?crawl=105,0,200,265529,47.130,848.782,312835
1787858959243,4935c39c-a4d3-e153-2058-6a632bc6e6ae,/p/0/bd0d767930fdbe3,2,200,4084619,236.639,22182.061,184141
1787858965847,9159e2dc-2c75-cc04-05f6-7eb860d06c58,/p/3/2dddc2fb4528a4bd,11,200,6069272,83.188,15732.217,385786
1787858967950,72963512-4baa-7709-f87c-739c4e0392ab,/p/0/c2ce01b62f081d37,4,200,4328990,55.534,13631.417,317574
1787858955357,0778ef55-3de4-0cd3-a882-70bdab7c84af,/p/4/4fffa6ffd4bdce2b,2,200,4633357,537.412,26233.208,176622
1787858977493,bbfa32a4-216e-8e4a-2ea4-db70fbde3213,/p/0/394b355ae2aee129,3,200,327106,292.896,4241.349,77123
1787858977493,bbfa32a4-216e-8e4a-2ea4-db70fbde3213,/p/0/394b325ae2aedc10,3,200,283766,292.824,4241.258,66906
1787858980917,b13fe162-ca38-756e-4424-fa5660065be3,/p/2/734340049f79bbc1,2,200,479493,58.875,879.767,545023
1787858979742,fa582fd7-aacb-0337-b145-55fbdaa93e2a,/p/0/be707377dc35e118,7,200,69742,628.435,2061.743,33827
1787858977493,bbfa32a4-216e-8e4a-2ea4-db70fbde3213,/p/1/394b335ae2aeddc3,3,200,485502,55.541,4325.157,112251
1787858981415,344c25b2-cc11-4b54-39a0-a4ac7e1c85da,/p/0/2912418326f1fb88,1,200,107933,46.086,453.301,238105
1787858958487,c3585e59-0c09-756a-7acb-79af838ae834,/p/0/1e33a78d545ce2fe,5,200,4301563,227.855,23390.220,183904
1787858980566,0495a18b-73d3-e517-3c14-84856f9b16fa,/?crawl=106,0,200,513965,39.774,1314.102,391115
1787858980890,f4b4669c-da87-dc1b-c571-136b8ec74682,/p/0/5f1850866339ccbc,2,200,123493,155.964,1024.516,120538
1787858976670,93440f8f-b383-0429-fe23-d20e1ad47905,/p/1/fe29da0cbadb58f1,2,200,436182,388.868,5258.878,82942
1787858981797,b13fe162-ca38-756e-4424-fa5660065be3,/p/0/bc3c54be0bab9e1f,3,200,32903,64.476,148.182,222045
1787858981579,9159e2dc-2c75-cc04-05f6-7eb860d06c58,/p/2/796ef4ce5d2d8a5,12,200,139003,16.251,381.445,364411
1787858980490,43c563d2-1cfd-de87-1486-d0d5ff3cefdd,/p/0/4fe6f03e5027ee7a,1,200,368360,26.862,1541.312,238991
1787858978973,51b097b6-0df2-e5e6-10e9-54b720b9c47f,/p/6/f8c44dff49772d75,2,200,270554,1244.071,3133.939,86330
1787858935413,db465bc7-3c36-6c38-6cdc-56400ab10e94,/p/0/eb81a4c50b9a53d1,3,200,4640016,161.989,46815.918,99112
1787858979011,366782b9-b94f-5579-a16b-c8dd20449e42,/p/0/3b9a2d2ab6473998,4,200,177943,336.320,3217.746,55301
1787858978973,51b097b6-0df2-e5e6-10e9-54b720b9c47f,/p/0/f8c44cff49772bc2,2,200,298215,1244.090,3486.968,85523
1787858981415,344c25b2-cc11-4b54-39a0-a4ac7e1c85da,/p/4/2912438326f1feee,1,200,135315,246.241,1219.265,110981
1787858979596,f4b4669c-da87-dc1b-c571-136b8ec74682,/p/0/e351429be4c2df74,1,200,410864,139.840,3101.050,132492
1787858977253,832b456c-268c-711b-e891-ba848b7ef9c2,/p/0/cd228a21854e33d4,4,200,371924,264.466,5446.482,68287
1787858981797,b13fe162-ca38-756e-4424-fa5660065be3,/p/0/bc3c55be0bab9fd2,3,200,471634,59.268,902.981,522308
1787858982107,51b097b6-0df2-e5e6-10e9-54b720b9c47f,/p/0/5603c6ce0be82a3c,3,200,16437,270.932,594.865,27631
1787858967016,d08e6f96-c7d6-e9fc-7eb5-660f5df8dcb5,/p/3/3ddcd5d8123b0f8d,3,200,5964823,508.915,15867.931,375904
1787858981797,b13fe162-ca38-756e-4424-fa5660065be3,/p/1/bc3c56be0baba185,3,200,476652,54.674,1114.958,427507
1787858981961,9159e2dc-2c75-cc04-05f6-7eb860d06c58,/p/0/ec8480613f4a999b,13,200,149810,819.536,965.267,155201
1787858944780,7f61f88e-b574-07b9-934f-1259371ce50f,/p/0/838d1225d8bd99a9,1,200,3585268,222.196,38159.116,93956
1787858981579,9159e2dc-2c75-cc04-05f6-7eb860d06c58,/p/0/796ee4ce5d2d6f2,12,200,292005,83.311,1369.301,213251
1787858981566,d0f83465-c244-cb28-772b-8413ce56bb42,/?crawl=108,0,200,257976,76.787,1383.777,186429
1787858981961,9159e2dc-2c75-cc04-05f6-7eb860d06c58,/p/0/ec8481613f4a9b4e,13,200,315294,818.927,997.937,315946
1787858979011,366782b9-b94f-5579-a16b-c8dd20449e42,/p/16/3b9a2f2ab6473cfe,4,200,245355,229.246,3974.972,61725
1787858982912,b13fe162-ca38-756e-4424-fa5660065be3,/p/0/3da7c256ba55c1de,4,200,48064,54.686,122.389,392715
1787858980890,f4b4669c-da87-dc1b-c571-136b8ec74682,/p/0/5f1853866339d1d5,2,200,313074,142.343,2268.666,137999
1787858981818,bbfa32a4-216e-8e4a-2ea4-db70fbde3213,/p/0/a3f4c04e2e2d7ded,4,200,115384,57.528,1398.417,82510
1787858980890,f4b4669c-da87-dc1b-c571-136b8ec74682,/p/0/5f1851866339ce6f,2,200,232543,155.955,2367.220,98235
1787858982912,b13fe162-ca38-756e-4424-fa5660065be3,/p/0/3da7c356ba55c391,4,200,345558,54.711,582.212,593527
1787858931710,db465bc7-3c36-6c38-6cdc-56400ab10e94,/p/0/c4ba89c49b4cf4bb,2,200,6216553,146.804,51852.796,119888
1787858978504,fa582fd7-aacb-0337-b145-55fbdaa93e2a,/p/0/be707577dc35e47e,7,200,120832,578.740,5175.172,23348
1787858981818,bbfa32a4-216e-8e4a-2ea4-db70fbde3213,/p/0/a3f4be4e2e2d7a87,4,200,221833,225.336,2022.120,109703
1787858982986,366782b9-b94f-5579-a16b-c8dd20449e42,/p/15/8c0e82970844f9ae,5,200,33709,195.163,914.384,36865
1787858973995,832b456c-268c-711b-e891-ba848b7ef9c2,/p/1/cd228c21854e373a,4,200,513005,415.600,9968.804,51461
1787858981566,ca5bb66b-3adb-d4d5-d52e-3638d390fdcd,/?crawl=109,0,200,415644,83.429,2402.298,173019
1787858982107,51b097b6-0df2-e5e6-10e9-54b720b9c47f,/p/5/5603c7ce0be82bef,3,200,240321,270.917,1949.625,123265
1787858920466,c059e2ba-67b5-441d-83f3-96a164e9d07d,/p/0/baf11454c1d4b45d,4,200,4822779,225.238,63609.578,75818
1787858981590,0778ef55-3de4-0cd3-a882-70bdab7c84af,/p/0/a9ee6530f44856d7,3,200,195501,82.602,2516.014,77703
1787858966566,87c51e7c-53b9-7509-e269-fcfd2195cf4b,/?crawl=90,0,200,3646332,71.791,17774.377,205145
1787858976935,701f3cd0-0429-7076-94ab-7ca9c4aa7416,/p/9/4b2b3714e574bd09,2,200,404479,317.397,7463.870,54192
1787858981579,9159e2dc-2c75-cc04-05f6-7eb860d06c58,/p/0/796ed4ce5d2d53f,12,200,473687,24.308,3058.686,154866
1787858981961,9159e2dc-2c75-cc04-05f6-7eb860d06c58,/p/1/ec8482613f4a9d01,13,200,2284392,819.079,2722.088,839206
1787858981818,bbfa32a4-216e-8e4a-2ea4-db70fbde3213,/p/0/a3f4bd4e2e2d78d4,4,200,396597,57.479,2904.272,136556
1787858982884,d08e6f96-c7d6-e9fc-7eb5-660f5df8dcb5,/p/0/5d103db5c33c5d17,4,200,140772,159.901,2001.660,70328
1787858980917,b13fe162-ca38-756e-4424-fa5660065be3,/p/0/73433f049f79ba0e,2,200,2468889,10.843,3970.293,621840
1787858984057,51b097b6-0df2-e5e6-10e9-54b720b9c47f,/p/0/567b99963d5a1a15,4,200,18804,382.623,840.333,22377
1787858968268,315930b6-96ae-9318-7ee4-ced9de76082c,/p/0/bf1b96e52e335983,3,200,2893343,117.982,16770.248,172528
1787858957241,d2fe775f-397e-dd3c-e3aa-cf1472d5e6b1,/p/0/b1a6f2828b13de4d,7,200,2099679,3526.218,27800.065,75528
1787858984683,9159e2dc-2c75-cc04-05f6-7eb860d06c58,/p/0/805c6e96f60578ba,14,200,101799,25.401,379.765,268058
1787858983968,ca5bb66b-3adb-d4d5-d52e-3638d390fdcd,/p/0/db68ec0cd486233c,1,200,62827,463.541,1206.645,52068
1787858981415,344c25b2-cc11-4b54-39a0-a4ac7e1c85da,/p/0/2912448326f200a1,1,200,313721,337.808,3760.800,83419
1787858971761,870bcfa7-0714-e7a4-eda7-671f567f99aa,/p/0/f020526c762e3b9b,12,200,2965866,1498.615,13564.065,218656
1787858983968,ca5bb66b-3adb-d4d5-d52e-3638d390fdcd,/p/0/db68ef0cd4862855,1,200,134060,84.158,1366.172,98128
1787858984683,9159e2dc-2c75-cc04-05f6-7eb860d06c58,/p/0/805c6d96f6057707,14,200,173717,302.630,688.167,252434
1787858982634,344c25b2-cc11-4b54-39a0-a4ac7e1c85da,/p/0/cb14df5cec2abae8,2,200,152196,251.944,2749.199,55360
1787858981929,93440f8f-b383-0429-fe23-d20e1ad47905,/p/0/130d3e7f8f2cb285,3,200,231905,303.623,3543.649,65442
1787858984683,9159e2dc-2c75-cc04-05f6-7eb860d06c58,/p/0/805c6f96f6057a6d,14,200,448504,295.631,989.967,453050
1787858981590,0778ef55-3de4-0cd3-a882-70bdab7c84af,/p/3/a9ee6430f4485524,3,200,220230,380.152,4110.693,53575
1787858984340,87c51e7c-53b9-7509-e269-fcfd2195cf4b,/p/0/86855487a71d6a5d,1,200,43837,500.258,1372.067,31950
1787858976037,03d4462f-33cb-a352-2866-30a49c4382d7,/p/0/2f2051ebf0fc8ec,3,200,2292529,52.272,9785.707,234273
1787858944898,037c1d7a-c469-d69e-926b-a70f9312ec48,/p/20/169154fa19655a8f,3,200,5756193,304.909,41444.318,138890
1787858984400,701f3cd0-0429-7076-94ab-7ca9c4aa7416,/p/0/984bd5e17b2144f8,3,200,99660,745.033,1977.038,50409
1787858982107,51b097b6-0df2-e5e6-10e9-54b720b9c47f,/p/0/5603c9ce0be82f55,3,200,431121,297.705,4275.303,100840
1787858982634,344c25b2-cc11-4b54-39a0-a4ac7e1c85da,/p/0/cb14e25cec2ac001,2,200,285547,252.051,3859.489,73986
1787858982634,344c25b2-cc11-4b54-39a0-a4ac7e1c85da,/p/3/cb14e05cec2abc9b,2,200,322059,229.746,3926.595,82020
1787858985566,1befcab8-aafe-3b44-486f-962b6082eccd,/?crawl=110,0,200,307989,49.665,1038.011,296711
1787858983968,ca5bb66b-3adb-d4d5-d52e-3638d390fdcd,/p/13/db68ee0cd48626a2,1,200,130320,478.079,2738.780,47583
1787858962917,c3585e59-0c09-756a-7acb-79af838ae834,/p/4/e1cb5a96d0c32d58,7,200,5784040,289.673,23846.652,242551
1787858946018,db465bc7-3c36-6c38-6cdc-56400ab10e94,/p/10/53e69f581f8c8c46,5,200,5928129,173.907,40761.852,145433
1787858976392,4769c612-e4a8-db25-2e3c-3dc8564b2919,/p/0/350e69ed61a634fa,6,200,3264902,81.247,10715.100,304701
1787858965417,c37243fa-e732-7c66-caa7-67fd52c9e9fb,/p/3/501fcdbabbe29bf4,2,200,5691694,180.881,21730.680,261920
1787858983901,366782b9-b94f-5579-a16b-c8dd20449e42,/p/0/8c0e80970844f648,5,200,225907,177.753,3413.712,66176
1787858981929,93440f8f-b383-0429-fe23-d20e1ad47905,/p/0/130d3c7f8f2caf1f,3,200,306395,413.799,5487.582,55834
1787858966988,850d6918-30bc-6eef-49c3-3e7df369c22b,/p/0/658bd4579fe58154,2,200,5200457,458.338,20495.085,253742
1787858924767,642626d0-983f-8a2d-45a6-c0fa444f3d26,/p/0/dd67fb7ad1612411,5,200,2760182,1369.251,62916.046,43871
1787858956119,44bed862-b14f-c185-ba4e-d9754c2e3394,/p/1/a8d20b9191928c53,2,200,3493114,411.015,31650.512,110365
1787858986763,c3585e59-0c09-756a-7acb-79af838ae834,/p/0/6f91e2b3fe4acbdf,8,200,149886,31.844,1105.570,135574
1787858966813,315930b6-96ae-9318-7ee4-ced9de76082c,/p/0/add7de0ccdaccf96,1,200,4417275,93.783,21119.625,209155
1787858984057,51b097b6-0df2-e5e6-10e9-54b720b9c47f,/p/0/567b96963d5a14fc,4,200,389021,337.923,3917.201,99311
1787858984341,87c51e7c-53b9-7509-e269-fcfd2195cf4b,/p/2/86855287a71d66f7,1,200,385246,96.408,3694.857,104265
1787858979596,f4b4669c-da87-dc1b-c571-136b8ec74682,/p/0/e351459be4c2e48d,1,200,3060678,26.970,8449.288,362241
1787858986566,7042adee-fdad-5268-a08d-b65cb203d086,/?crawl=111,0,200,323944,69.464,1538.669,210535
1787858982912,b13fe162-ca38-756e-4424-fa5660065be3,/p/0/3da7c156ba55c02b,4,200,6178685,72.429,5229.964,1181401
1787858982986,366782b9-b94f-5579-a16b-c8dd20449e42,/p/0/8c0e83970844fb61,5,200,306263,214.260,5166.097,59283
1787858987148,c37243fa-e732-7c66-caa7-67fd52c9e9fb,/p/2/7811a9fbc09a6f32,3,200,120307,178.466,1012.656,118803
1787858957250,7f61f88e-b574-07b9-934f-1259371ce50f,/p/1/60dc0e23dc132391,4,200,3094976,590.637,30940.878,100029
1787858987148,c37243fa-e732-7c66-caa7-67fd52c9e9fb,/p/0/7811a7fbc09a6bcc,3,200,210892,32.010,1045.689,201678
1787858978978,0de955da-bc4d-e84f-dab5-b9dd2e15be5d,/p/0/64bae52005b9645c,2,200,5783082,52.609,9330.770,619786
1787858986342,037c1d7a-c469-d69e-926b-a70f9312ec48,/p/0/a7b473570b759850,4,200,219427,127.613,2157.980,101682
1787858963447,dc7fc29c-142a-e5e0-cc9c-697bb0a49e2f,/p/0/8b9f3b3006177ec5,4,200,2783133,201.496,25204.657,110421
1787858979566,9704073d-a912-8512-0e03-8f59e42619fc,/?crawl=104,0,200,2938093,44.917,9223.928,318529
1787858986780,db465bc7-3c36-6c38-6cdc-56400ab10e94,/p/0/1a3e12a2cadb4cb6,6,200,335879,27.812,2074.230,161929
1787858978504,fa582fd7-aacb-0337-b145-55fbdaa93e2a,/p/0/be707677dc35e631,7,200,376183,542.855,10390.600,36204
1787858986707,ca5bb66b-3adb-d4d5-d52e-3638d390fdcd,/p/0/e7aa0d15d9e5c7,2,200,123723,83.971,2239.598,55243
1787858968801,315930b6-96ae-9318-7ee4-ced9de76082c,/p/0/30b964e4114c4e1,4,200,3866463,164.275,20161.657,191773
1787858988191,7f61f88e-b574-07b9-934f-1259371ce50f,/p/0/848d6a5c7e96cb0f,5,200,25603,232.861,776.698,32964
1787858986566,f31664d8-bc72-c746-1247-90fcf0441222,/?crawl=112,0,200,114375,284.160,2405.290,47551
1787858987769,44bed862-b14f-c185-ba4e-d9754c2e3394,/p/0/6371a7b6d15210f9,3,200,412369,956.375,1303.593,316333
1787858982885,d08e6f96-c7d6-e9fc-7eb5-660f5df8dcb5,/p/0/5d103eb5c33c5eca,4,200,456775,78.596,6332.024,72137
1787858988790,9704073d-a912-8512-0e03-8f59e42619fc,/p/0/bc7c97e0bb8cf34e,1,200,79166,41.418,427.259,185288
1787858986780,db465bc7-3c36-6c38-6cdc-56400ab10e94,/p/9/1a3e10a2cadb4950,6,200,450296,159.938,2442.877,184330
1787858987769,44bed862-b14f-c185-ba4e-d9754c2e3394,/p/0/6371a5b6d1520d93,3,200,497855,956.198,1496.859,332600
1787858982950,d0f83465-c244-cb28-772b-8413ce56bb42,/p/0/6ed3436a69211cb5,1,200,317291,422.123,6323.549,50176
1787858973263,870bcfa7-0714-e7a4-eda7-671f567f99aa,/p/2/c1d30aaf3da2b3b4,13,200,2662878,671.167,16034.532,166071
1787858986763,c3585e59-0c09-756a-7acb-79af838ae834,/p/0/6f91e3b3fe4acd92,8,200,461008,65.851,2544.171,181202
1787858956119,44bed862-b14f-c185-ba4e-d9754c2e3394,/p/0/a8d20d9191928fb9,2,200,6087366,345.547,33196.113,183376
1787858984342,87c51e7c-53b9-7509-e269-fcfd2195cf4b,/p/0/86855187a71d6544,1,200,506384,398.283,5109.635,99104
1787858987148,c37243fa-e732-7c66-caa7-67fd52c9e9fb,/p/0/7811aafbc09a70e5,3,200,305174,162.156,2314.867,131832
1787858977566,c8d7b835-89ac-b572-f981-9b6adac0608b,/?crawl=98,0,200,5842059,31.063,12024.308,485854
1787858988036,87c51e7c-53b9-7509-e269-fcfd2195cf4b,/p/0/360bd278b58ea1ca,2,200,84488,514.454,1614.708,52324
1787858987769,44bed862-b14f-c185-ba4e-d9754c2e3394,/p/0/6371a6b6d1520f46,3,200,2771427,960.466,1925.218,1439540
1787858986561,344c25b2-cc11-4b54-39a0-a4ac7e1c85da,/p/0/a49e9924cafbc667,3,200,259652,232.516,3205.499,81002
1787858989223,db465bc7-3c36-6c38-6cdc-56400ab10e94,/p/0/6153280797a182a1,7,200,60990,162.734,547.049,111489
1787858965699,5a187efd-ff84-49cf-280f-8d6ee97cdfe6,/p/0/1a6d8aaf3911dce9,1,200,4646482,32.121,24136.657,192507
1787858970830,25e73829-b516-14b9-7801-3f09e11db393,/p/9/19efa7e53bb85d0a,1,200,5560038,129.268,19018.956,292342
1787858989566,646ce8ec-26e6-42d8-80fa-ac19f9daa2c9,/?crawl=116,0,200,235000,28.074,472.468,497388
1787858975452,4769c612-e4a8-db25-2e3c-3dc8564b2919,/p/0/e83eb3e17a6f1ec7,5,200,4668448,79.139,14683.438,317940
1787858990039,646ce8ec-26e6-42d8-80fa-ac19f9daa2c9,/p/4/5d6176e5ce13fc7e,1,200,11361,138.077,249.637,45510
1787858986342,037c1d7a-c469-d69e-926b-a70f9312ec48,/p/0/a7b476570b759d69,4,200,494437,51.843,3972.724,124458
1787858988161,c37243fa-e732-7c66-caa7-67fd52c9e9fb,/p/0/3acaaacd928ad4f4,4,200,308254,302.661,2170.186,142040
1787858986707,ca5bb66b-3adb-d4d5-d52e-3638d390fdcd,/p/12/e7ac0d15d9e92d,2,200,199429,170.996,3675.972,54252
1787858983964,832b456c-268c-711b-e891-ba848b7ef9c2,/p/0/bac1d468aabf309c,5,200,404237,240.323,6434.860,62820
1787858986561,344c25b2-cc11-4b54-39a0-a4ac7e1c85da,/p/2/a49e9824cafbc4b4,3,200,449936,232.199,3862.355,116493
1787858957687,dc7fc29c-142a-e5e0-cc9c-697bb0a49e2f,/p/0/4dc494fbd0ca0c33,2,200,3351135,241.237,32737.999,102362
1787858989566,27cdb0b8-4d52-8414-70ac-f0f2c221ca41,/?crawl=115,0,200,141403,89.464,906.172,156044
1787858978978,0de955da-bc4d-e84f-dab5-b9dd2e15be5d,/p/2/64bae72005b967c2,2,200,5550132,52.576,11572.674,479589
1787858976392,4769c612-e4a8-db25-2e3c-3dc8564b2919,/p/4/350e6aed61a636ad,6,200,5665758,89.360,14222.209,398374
1787858990289,646ce8ec-26e6-42d8-80fa-ac19f9daa2c9,/p/0/2ccfa18e13e54aa1,2,200,29038,136.577,409.262,70952
1787858988161,c37243fa-e732-7c66-caa7-67fd52c9e9fb,/p/0/3acaadcd928ada0d,4,200,355613,173.516,2691.527,132123
1787858988790,9704073d-a912-8512-0e03-8f59e42619fc,/p/4/bc7c98e0bb8cf501,1,200,363522,41.367,2159.234,168357
1787858972747,315930b6-96ae-9318-7ee4-ced9de76082c,/p/1/96e3b6eb8ca8ab82,6,200,5104193,157.373,18242.975,279790
1787858990990,315930b6-96ae-9318-7ee4-ced9de76082c,/p/0/f355a55e5d768ed9,7,200,50115,19.597,235.557,212751
1787858990614,4769c612-e4a8-db25-2e3c-3dc8564b2919,/p/0/4fb58bc555ad0e91,7,200,183488,23.055,718.646,255325
1787858989298,870bcfa7-0714-e7a4-eda7-671f567f99aa,/p/1/4012890e479700cd,14,200,209738,248.696,2042.135,102705
1787858990949,9704073d-a912-8512-0e03-8f59e42619fc,/p/3/a17c65d91975fff1,2,200,22199,209.805,396.579,55976
1787858990614,4769c612-e4a8-db25-2e3c-3dc8564b2919,/p/0/4fb588c555ad0978,7,200,344099,15.152,830.478,414338
1787858983964,832b456c-268c-711b-e891-ba848b7ef9c2,/p/0/bac1d768aabf35b5,5,200,439939,240.554,7555.901,58225
1787858989223,db465bc7-3c36-6c38-6cdc-56400ab10e94,/p/8/6153270797a180ee,7,200,241940,147.741,2322.909,104154
1787858970830,25e73829-b516-14b9-7801-3f09e11db393,/p/0/19efa5e53bb859a4,1,200,5620388,36.072,20850.133,269561
1787858990614,4769c612-e4a8-db25-2e3c-3dc8564b2919,/p/3/4fb58ac555ad0cde,7,200,502400,15.279,1068.368,470250
1787858984076,c059e2ba-67b5-441d-83f3-96a164e9d07d,/p/0/a2e010de2ff44de,13,200,449053,205.298,7635.436,58812
1787858991683,4769c612-e4a8-db25-2e3c-3dc8564b2919,/p/0/270aaa27c01dc063,8,200,34688,15.313,56.955,609037
1787858987314,366782b9-b94f-5579-a16b-c8dd20449e42,/p/14/63ac7c9d4aa0f806,6,200,338769,213.822,4521.145,74930
1787858989590,c8d7b835-89ac-b572-f981-9b6adac0608b,/p/0/eb32a69b0245b4ac,1,200,331503,91.873,2310.249,143492
1787858989590,c8d7b835-89ac-b572-f981-9b6adac0608b,/p/0/eb32a99b0245b9c5,1,200,462332,30.078,2325.619,198800
1787858989223,db465bc7-3c36-6c38-6cdc-56400ab10e94,/p/0/6153250797a17d88,7,200,215044,239.109,2720.784,79038
1787858990990,315930b6-96ae-9318-7ee4-ced9de76082c,/p/0/f355a25e5d7689c0,7,200,394409,48.902,995.821,396064
1787858990990,315930b6-96ae-9318-7ee4-ced9de76082c,/p/0/f355a35e5d768b73,7,200,459383,19.559,1089.230,421750
1787858951566,6cd8ad77-9ea8-92fb-3130-088c2dfa8024,/?crawl=70,0,200,6150508,313.731,40624.094,151400
1787858963447,dc7fc29c-142a-e5e0-cc9c-697bb0a49e2f,/p/1/8b9f393006177b5f,4,200,6058669,222.820,28805.480,210330
1787858989590,c8d7b835-89ac-b572-f981-9b6adac0608b,/p/1/eb32a79b0245b65f,1,200,498023,105.921,2687.281,185326
1787858990472,27cdb0b8-4d52-8414-70ac-f0f2c221ca41,/p/3/c9f721883979066b,1,200,95684,315.871,1856.256,51547
1787858984399,701f3cd0-0429-7076-94ab-7ca9c4aa7416,/p/0/984bd8e17b214a11,3,200,336894,626.306,8048.916,41856
1787858980490,43c563d2-1cfd-de87-1486-d0d5ff3cefdd,/p/0/4fe6ef3e5027ecc7,1,200,2900359,123.118,11971.117,242280
1787858992190,6cd8ad77-9ea8-92fb-3130-088c2dfa8024,/p/3/2d7d845678bb86f9,1,200,88227,15.059,355.523,248161
1787858988971,f31664d8-bc72-c746-1247-90fcf0441222,/p/0/ab0acd5c207fd67d,1,200,66432,435.761,3596.300,18472
1787858991546,db465bc7-3c36-6c38-6cdc-56400ab10e94,/p/7/6b5ec5b35db5a1e8,8,200,54056,264.651,1031.360,52412
1787858988105,7042adee-fdad-5268-a08d-b65cb203d086,/p/0/17a078fe8be4e21d,1,200,303535,67.514,4534.928,66933
1787858991683,4769c612-e4a8-db25-2e3c-3dc8564b2919,/p/0/270aab27c01dc216,8,200,441520,15.305,1020.055,432839
1787858990039,646ce8ec-26e6-42d8-80fa-ac19f9daa2c9,/p/0/5d6174e5ce13f918,1,200,207308,138.796,2749.605,75396
1787858992278,c8d7b835-89ac-b572-f981-9b6adac0608b,/p/0/3fc28d15a53a0091,2,200,77639,170.500,564.528,137529
1787858991340,870bcfa7-0714-e7a4-eda7-671f567f99aa,/p/0/96541b8c3e9a3ee3,15,200,112477,184.248,1511.560,74411
1787858992253,dc7fc29c-142a-e5e0-cc9c-697bb0a49e2f,/p/0/255f0ecd7a90de5b,5,200,113586,2.678,663.520,171187
1787858992253,dc7fc29c-142a-e5e0-cc9c-697bb0a49e2f,/p/0/255f0fcd7a90e00e,5,200,343058,1.300,669.935,512076
1787858974525,3a3baa8c-df43-ae9f-56fd-8ba3bf2dc386,/p/0/3a603559de35242b,7,200,3819183,101.240,18434.157,207180
1787858990472,27cdb0b8-4d52-8414-70ac-f0f2c221ca41,/p/0/c9f72388397909d1,1,200,140366,92.811,2570.230,54612
1787858992577,db465bc7-3c36-6c38-6cdc-56400ab10e94,/p/6/ea507894b5d20d22,9,200,17400,319.903,479.034,36323
1787858992546,6cd8ad77-9ea8-92fb-3130-088c2dfa8024,/p/0/d6c074450eb4493c,2,200,135909,99.416,710.769,191214
1787858991835,366782b9-b94f-5579-a16b-c8dd20449e42,/p/0/63ac7a9d4aa0f4a0,6,200,114589,178.102,1471.384,77878
1787858990289,646ce8ec-26e6-42d8-80fa-ac19f9daa2c9,/p/3/2ccf9f8e13e5473b,2,200,286533,148.421,3103.619,92322
1787858984400,701f3cd0-0429-7076-94ab-7ca9c4aa7416,/p/8/984bd6e17b2146ab,3,200,327479,779.504,9098.850,35991
1787858991346,9704073d-a912-8512-0e03-8f59e42619fc,/p/0/2779256e1dca274f,3,200,75778,358.947,2183.835,34700
1787858982950,d0f83465-c244-cb28-772b-8413ce56bb42,/p/0/6ed3416a6921194f,1,200,3454798,537.581,10627.441,325083
1787858991340,870bcfa7-0714-e7a4-eda7-671f567f99aa,/p/0/96541a8c3e9a3d30,15,200,251467,168.467,2403.701,104617
1787858992190,6cd8ad77-9ea8-92fb-3130-088c2dfa8024,/p/0/2d7d835678bb8546,1,200,415377,4.976,1567.643,264969
1787858992577,db465bc7-3c36-6c38-6cdc-56400ab10e94,/p/0/ea507694b5d209bc,9,200,58453,539.982,1182.694,49424
1787858988161,c37243fa-e732-7c66-caa7-67fd52c9e9fb,/p/1/3acaaccd928ad85a,4,200,2136841,173.467,5640.404,378845
1787858978566,ad9705d5-ffc2-85e2-dee5-28f9927d2f76,/?crawl=100,0,200,4653778,56.552,15341.820,303339
1787858991346,9704073d-a912-8512-0e03-8f59e42619fc,/p/0/2779266e1dca2902,3,200,162188,296.516,2631.575,61632
1787858990383,ca5bb66b-3adb-d4d5-d52e-3638d390fdcd,/p/11/44bd9b3417492113,3,200,141437,617.306,3651.172,38737
1787858990949,9704073d-a912-8512-0e03-8f59e42619fc,/p/0/a17c63d91975fc8b,2,200,197343,209.826,3132.728,62994
1787858976566,b18bd485-bff0-5bc2-bf72-1a9eee4e1c98,/?crawl=97,0,200,4021579,61.390,17568.870,228904
1787858988971,f31664d8-bc72-c746-1247-90fcf0441222,/p/0/ab0aca5c207fd164,1,200,68123,284.605,5322.598,12799
1787858993801,c37243fa-e732-7c66-caa7-67fd52c9e9fb,/p/0/181c7c233a5d5393,5,200,269167,324.039,567.866,473998
1787858992278,c8d7b835-89ac-b572-f981-9b6adac0608b,/p/0/3fc28b15a539fd2b,2,200,512045,32.386,2205.855,232130
1787858990423,344c25b2-cc11-4b54-39a0-a4ac7e1c85da,/p/0/bea605138cd100ef,4,200,319870,276.095,4371.988,73164
1787858993801,c37243fa-e732-7c66-caa7-67fd52c9e9fb,/p/0/181c7e233a5d56f9,5,200,428015,5.250,1010.759,423459
1787858982950,d0f83465-c244-cb28-772b-8413ce56bb42,/p/0/6ed3426a69211b02,1,200,5454285,81.051,11910.111,457954
1787858988105,7042adee-fdad-5268-a08d-b65cb203d086,/p/0/17a075fe8be4dd04,1,200,439712,348.485,6792.063,64739
1787858985701,0778ef55-3de4-0cd3-a882-70bdab7c84af,/p/0/dedf14a8407841c5,4,200,401857,411.949,9196.425,43697
1787858990550,0de955da-bc4d-e84f-dab5-b9dd2e15be5d,/p/1/1dee3f684f3e2dd8,3,200,484380,50.645,4414.348,109729
1787858991340,870bcfa7-0714-e7a4-eda7-671f567f99aa,/p/0/96541d8c3e9a4249,15,200,332901,184.446,3632.257,91651
1787858974526,3a3baa8c-df43-ae9f-56fd-8ba3bf2dc386,/p/0/3a603459de352278,7,200,4554134,239.229,20533.598,221789
1787858991683,4769c612-e4a8-db25-2e3c-3dc8564b2919,/p/2/270aac27c01dc3c9,8,200,3000785,56.836,3580.913,837994
1787858967166,f46b18aa-4bbf-d329-867e-592e665a06bb,/p/0/6ef9dca7fbe572f4,3,200,3202342,236.247,28137.704,113810
1787858992329,27cdb0b8-4d52-8414-70ac-f0f2c221ca41,/p/2/2707c232ea08eff8,2,200,87957,624.990,3074.746,28606
1787858990423,344c25b2-cc11-4b54-39a0-a4ac7e1c85da,/p/1/bea604138cd0ff3c,4,200,402593,253.291,5042.806,79835
1787858937894,d4e2a278-8eea-553a-b702-d193f80905dc,/p/0/91a0b863ebbe0155,2,200,2878272,674.689,57925.769,49689
1787858992253,dc7fc29c-142a-e5e0-cc9c-697bb0a49e2f,/p/0/255f0dcd7a90dca8,5,200,6236206,312.678,3684.263,1692660
1787858995264,4769c612-e4a8-db25-2e3c-3dc8564b2919,/p/1/d79f1bf512194f16,9,200,239564,85.119,716.105,334538
1787858991346,9704073d-a912-8512-0e03-8f59e42619fc,/p/2/2779276e1dca2ab5,3,200,376116,275.328,4726.463,79577
1787858967044,0c71003e-59f5-79c4-5e9c-a325c079c7b6,/p/0/608328dc9d3471c9,6,200,2511097,379.080,29035.934,86482
1787858934938,0c71003e-59f5-79c4-5e9c-a325c079c7b6,/p/0/306d1050666ddb7a,2,200,4324154,383.599,61175.837,70684
1787858995264,4769c612-e4a8-db25-2e3c-3dc8564b2919,/p/0/d79f19f512194bb0,9,200,312300,14.628,898.078,347743
1787858980490,43c563d2-1cfd-de87-1486-d0d5ff3cefdd,/p/1/4fe6ee3e5027eb14,1,200,5231109,123.036,15685.396,333502
1787858991546,db465bc7-3c36-6c38-6cdc-56400ab10e94,/p/0/6b5ec7b35db5a54e,8,200,203121,278.424,4659.136,43596
1787858996175,43c563d2-1cfd-de87-1486-d0d5ff3cefdd,/p/0/c394a8ef68b46c3,2,200,8285,26.729,40.264,205768
1787858995980,4769c612-e4a8-db25-2e3c-3dc8564b2919,/p/0/cd6f48267d45c4bc,10,200,44957,101.803,290.460,154779
1787858994034,ca5bb66b-3adb-d4d5-d52e-3638d390fdcd,/p/0/34a336f6bddb70e6,4,200,58764,414.795,2325.783,25266
1787858992566,7c6def46-a62a-4228-8d73-7c879ff1cecc,/?crawl=120,0,200,3182220,18.693,3951.839,805250
1787858930136,0c71003e-59f5-79c4-5e9c-a325c079c7b6,/p/0/aefe5e909ef54371,1,200,4918324,363.074,66506.954,73952
1787858993393,646ce8ec-26e6-42d8-80fa-ac19f9daa2c9,/p/0/4ba5f5b3a1d293c7,3,200,302365,192.687,3251.661,92988
1787858996175,43c563d2-1cfd-de87-1486-d0d5ff3cefdd,/p/0/c394c8ef68b4a29,2,200,192916,26.732,740.512,260517
1787858941244,0c71003e-59f5-79c4-5e9c-a325c079c7b6,/p/0/4edf4674388343a4,3,200,5229434,396.882,55718.207,93855
1787858995980,4769c612-e4a8-db25-2e3c-3dc8564b2919,/p/0/cd6f4b267d45c9d5,10,200,287235,117.314,1007.215,285177
1787858958488,0c71003e-59f5-79c4-5e9c-a325c079c7b6,/p/17/608326dc9d346e63,6,200,4971619,384.817,38568.474,128904
1787858997057,0c71003e-59f5-79c4-5e9c-a325c079c7b6,/p/0/dfadfc9d342ecbe2,7,200,16515,2.012,3.031,5449206
1787858997057,0c71003e-59f5-79c4-5e9c-a325c079c7b6,/p/0/dfadfb9d342eca2f,7,200,54747,5.548,18.959,2887660
1787858996518,7c6def46-a62a-4228-8d73-7c879ff1cecc,/p/0/a8badb10a7f7d28c,1,200,285299,15.874,583.071,489304
1787858994965,0de955da-bc4d-e84f-dab5-b9dd2e15be5d,/p/0/1b9e9b9b8c1c6060,4,200,102328,339.115,2145.404,47696
1787858997057,0c71003e-59f5-79c4-5e9c-a325c079c7b6,/p/16/dfadfd9d342ecd95,7,200,181921,10.351,54.991,3308220
1787858985701,0778ef55-3de4-0cd3-a882-70bdab7c84af,/p/2/dedf12a840783e5f,4,200,462593,498.312,11543.387,40074
1787858997112,0c71003e-59f5-79c4-5e9c-a325c079c7b6,/p/0/50658498dbb001fa,8,200,224427,1.685,142.814,1571459
1787858997112,0c71003e-59f5-79c4-5e9c-a325c079c7b6,/p/15/50658598dbb003ad,8,200,259183,9.566,160.508,1614770
1787858986763,c3585e59-0c09-756a-7acb-79af838ae834,/p/3/6f91e1b3fe4aca2c,8,200,3836354,97.921,10530.660,364303
1787858934475,d4e2a278-8eea-553a-b702-d193f80905dc,/p/0/a93375f7b367a499,1,200,4412165,160.180,62823.493,70231
1787858997272,0c71003e-59f5-79c4-5e9c-a325c079c7b6,/p/0/ec71b1b16f420e35,9,200,76213,18.113,65.834,1157646
1787858997112,0c71003e-59f5-79c4-5e9c-a325c079c7b6,/p/0/50658398dbb00047,8,200,428859,3.928,270.841,1583437
1787858996518,7c6def46-a62a-4228-8d73-7c879ff1cecc,/p/18/a8badc10a7f7d43f,1,200,309170,86.407,882.130,350481
1787858996175,43c563d2-1cfd-de87-1486-d0d5ff3cefdd,/p/0/c394b8ef68b4876,2,200,490384,53.255,1291.953,379568
1787858990566,d51cd5d8-e748-b5c2-b72c-3f43343495a4,/?crawl=117,0,200,2705856,32.089,6910.262,391571
1787858997272,0c71003e-59f5-79c4-5e9c-a325c079c7b6,/p/14/ec71afb16f420acf,9,200,456235,28.861,259.986,1754847
1787858957241,d2fe775f-397e-dd3c-e3aa-cf1472d5e6b1,/p/2/b1a6f1828b13dc9a,7,200,4266488,3525.909,40386.033,105643
1787858934475,d4e2a278-8eea-553a-b702-d193f80905dc,/p/0/a93372f7b3679f80,1,200,4720173,398.099,63234.547,74645
1787858937894,d4e2a278-8eea-553a-b702-d193f80905dc,/p/0/91a0b763ebbdffa2,2,200,5203189,395.783,59818.638,86983
1787858997532,0c71003e-59f5-79c4-5e9c-a325c079c7b6,/p/13/b5a929011d3b6fc6,10,200,135584,23.703,198.342,683587
1787858996518,7c6def46-a62a-4228-8d73-7c879ff1cecc,/p/0/a8bade10a7f7d7a5,1,200,516658,44.410,1301.510,396968
1787858996072,9704073d-a912-8512-0e03-8f59e42619fc,/p/0/be54ab5fb103304e,4,200,84014,276.944,1826.453,45998
1787858997294,c3585e59-0c09-756a-7acb-79af838ae834,/p/0/12a728fe86e9e60d,9,200,114148,32.308,623.581,183052
1787858997476,d51cd5d8-e748-b5c2-b72c-3f43343495a4,/p/2/f0cbcc4362aef291,1,200,64401,29.710,452.294,142388
1787858997532,0c71003e-59f5-79c4-5e9c-a325c079c7b6,/p/0/b5a92a011d3b7179,10,200,516650,18.672,453.973,1138063
1787858997532,0c71003e-59f5-79c4-5e9c-a325c079c7b6,/p/0/b5a927011d3b6c60,10,200,476308,23.745,535.719,889101
1787858993801,c37243fa-e732-7c66-caa7-67fd52c9e9fb,/p/0/181c7b233a5d51e0,5,200,4048888,324.052,4358.585,928946
1787858997400,7c6def46-a62a-4228-8d73-7c879ff1cecc,/p/0/1a9818ff7316eff5,2,200,295053,73.351,863.619,341647
1787858997731,0c71003e-59f5-79c4-5e9c-a325c079c7b6,/p/12/c237a519e3d4eba3,11,200,506533,17.428,566.047,894860
1787858998297,0c71003e-59f5-79c4-5e9c-a325c079c7b6,/p/0/2001b2efe9915228,12,200,15186,19.022,26.524,572537
1787858997731,0c71003e-59f5-79c4-5e9c-a325c079c7b6,/p/0/c237a419e3d4e9f0,11,200,497754,18.687,596.919,833872
1787858997566,a9c239c0-fb7d-8627-7696-46fb1231ceba,/?crawl=122,0,200,476284,24.907,812.646,586090
1787858997928,d51cd5d8-e748-b5c2-b72c-3f43343495a4,/p/1/13eba73b072efe99,2,200,47932,150.553,506.445,94644
1787858997400,7c6def46-a62a-4228-8d73-7c879ff1cecc,/p/17/1a9817ff7316ee42,2,200,329031,73.389,1043.856,315207
1787858998297,0c71003e-59f5-79c4-5e9c-a325c079c7b6,/p/0/2001b5efe9915741,12,200,166119,21.791,177.131,937831
1787858998297,0c71003e-59f5-79c4-5e9c-a325c079c7b6,/p/11/2001b4efe991558e,12,200,451980,19.135,329.470,1371842
1787858998379,a9c239c0-fb7d-8627-7696-46fb1231ceba,/p/0/cf8f85cbd12dbeb2,1,200,52296,123.703,381.186,137193
1787858961630,298c6f93-ed3a-eccd-2ec2-bbf1adc8cdd9,/p/0/cf944ff2227a7506,10,200,3158362,384.702,37191.346,84922
1787858998626,0c71003e-59f5-79c4-5e9c-a325c079c7b6,/p/0/58b07aac91ef33e2,13,200,308058,20.329,287.796,1070403
1787858974076,f46b18aa-4bbf-d329-867e-592e665a06bb,/p/0/ac5a251263fba05c,6,200,3223557,225.816,24846.292,129740
1787858995466,344c25b2-cc11-4b54-39a0-a4ac7e1c85da,/p/0/d0da4cfff4d1c7e3,5,200,167225,293.246,3635.059,46003
1787858998435,d51cd5d8-e748-b5c2-b72c-3f43343495a4,/p/0/28bd505ea8833a07,3,200,42116,220.121,781.174,53914
1787858990472,27cdb0b8-4d52-8414-70ac-f0f2c221ca41,/p/0/c9f72088397904b8,1,200,495644,181.401,8904.831,55660
1787858997294,c3585e59-0c09-756a-7acb-79af838ae834,/p/0/12a725fe86e9e0f4,9,200,437512,171.999,2136.210,204808
1787858997294,c3585e59-0c09-756a-7acb-79af838ae834,/p/2/12a727fe86e9e45a,9,200,400170,221.833,2252.090,177688
1787858990383,ca5bb66b-3adb-d4d5-d52e-3638d390fdcd,/p/0/44bd9a3417491f60,3,200,306865,534.522,9363.397,32773
1787858997627,d2fe775f-397e-dd3c-e3aa-cf1472d5e6b1,/p/0/670e730b54aa5766,8,200,123163,390.988,2228.911,55257
1787858992278,c8d7b835-89ac-b572-f981-9b6adac0608b,/p/0/3fc28c15a539fede,2,200,3099817,154.513,7668.807,404211
1787858994965,0de955da-bc4d-e84f-dab5-b9dd2e15be5d,/p/0/1b9e9d9b8c1c63c6,4,200,297051,338.902,5015.389,59228
1787858993307,366782b9-b94f-5579-a16b-c8dd20449e42,/p/13/4ef6b18ee0fa13a6,7,200,431051,211.311,6777.690,63599
1787858998444,7c6def46-a62a-4228-8d73-7c879ff1cecc,/p/16/d3a5ce5e6a125b91,3,200,438793,106.925,1747.889,251042
1787858996072,9704073d-a912-8512-0e03-8f59e42619fc,/p/0/be54aa5fb1032e9b,4,200,356554,213.506,4157.957,85752
1787858998444,7c6def46-a62a-4228-8d73-7c879ff1cecc,/p/0/d3a5cd5e6a1259de,3,200,514743,77.201,1801.540,285724
1787858999566,a19c010c-5f56-09b8-3c6a-59519a6d7e50,/?crawl=125,0,200,348663,30.760,721.937,482955
1787858998435,d51cd5d8-e748-b5c2-b72c-3f43343495a4,/p/0/28bd4f5ea8833854,3,200,141585,162.571,1866.187,75869
1787858992329,27cdb0b8-4d52-8414-70ac-f0f2c221ca41,/p/0/2707c332ea08f1ab,2,200,330095,582.074,8019.298,41163
1787858998379,a9c239c0-fb7d-8627-7696-46fb1231ceba,/p/0/cf8f84cbd12dbcff,1,200,200587,24.613,1992.458,100673
1787858998379,a9c239c0-fb7d-8627-7696-46fb1231ceba,/p/6/cf8f86cbd12dc065,1,200,452788,74.244,2150.983,210503
1787858974699,5a187efd-ff84-49cf-280f-8d6ee97cdfe6,/p/7/5c853cf12aeb92b3,4,200,5217992,183.599,25870.918,201693
1787858994965,0de955da-bc4d-e84f-dab5-b9dd2e15be5d,/p/0/1b9e9e9b8c1c6579,4,200,383315,312.383,5738.286,66800
1787858998566,485d9581-3b3f-a3d7-9069-f32a6d64daf0,/?crawl=124,0,200,370354,84.468,2146.555,172534
1787859000530,a9c239c0-fb7d-8627-7696-46fb1231ceba,/p/0/c30f1543616044f4,2,200,53677,24.395,233.564,229818
1787858997928,d51cd5d8-e748-b5c2-b72c-3f43343495a4,/p/0/13eba53b072efb33,2,200,218990,198.360,2873.763,76203
1787858998626,0c71003e-59f5-79c4-5e9c-a325c079c7b6,/p/10/58b078ac91ef307c,13,200,2195966,23.566,2208.751,994212
1787858992329,27cdb0b8-4d52-8414-70ac-f0f2c221ca41,/p/0/2707c432ea08f35e,2,200,392546,486.907,8510.275,46126
1787859000288,a19c010c-5f56-09b8-3c6a-59519a6d7e50,/p/1/c7a7313cc0f105e0,1,200,149547,44.819,579.278,258161
1787858997627,d2fe775f-397e-dd3c-e3aa-cf1472d5e6b1,/p/0/670e720b54aa55b3,8,200,264210,78.478,3287.061,80379
1787858999546,c3585e59-0c09-756a-7acb-79af838ae834,/p/1/475800fa0d5b2747,10,200,237519,33.351,1422.413,166983
1787859000193,7c6def46-a62a-4228-8d73-7c879ff1cecc,/p/15/10b143259ce8344c,4,200,162486,87.926,814.832,199410
1787858998626,0c71003e-59f5-79c4-5e9c-a325c079c7b6,/p/0/58b079ac91ef322f,13,200,2544473,20.369,2411.260,1055246
1787858995404,27cdb0b8-4d52-8414-70ac-f0f2c221ca41,/p/1/b9e23fdb355ca2c8,3,200,323671,252.518,5636.561,57423
1787859000712,485d9581-3b3f-a3d7-9069-f32a6d64daf0,/p/0/5b11889a558bff59,1,200,55973,84.163,371.982,150472
1787858993566,40a259a5-8f33-3933-31a5-ccbeecf26839,/?crawl=121,0,200,83476,7184.998,7583.715,11007
1787859000566,aa1419dc-d53b-44ef-468e-4c0fc507c144,/?crawl=126,0,200,190504,45.738,595.248,320041
1787859000193,7c6def46-a62a-4228-8d73-7c879ff1cecc,/p/0/10b144259ce835ff,4,200,191833,130.482,974.160,196922
1787859000192,7c6def46-a62a-4228-8d73-7c879ff1cecc,/p/0/10b145259ce837b2,4,200,187576,138.841,982.887,190842
1787859000570,5a187efd-ff84-49cf-280f-8d6ee97cdfe6,/p/0/1b05f9aae0da7318,5,200,38310,166.768,672.983,56926
1787858997272,0c71003e-59f5-79c4-5e9c-a325c079c7b6,/p/0/ec71aeb16f42091c,9,200,4925575,28.879,4006.046,1229535
1787858997627,d2fe775f-397e-dd3c-e3aa-cf1472d5e6b1,/p/1/670e740b54aa5919,8,200,284893,430.510,3676.778,77484
1787858990383,ca5bb66b-3adb-d4d5-d52e-3638d390fdcd,/p/0/44bd9d3417492479,3,200,321552,617.365,10929.946,29419
1787859001167,7c6def46-a62a-4228-8d73-7c879ff1cecc,/p/0/6b0a41a8e58ebee4,5,200,38966,78.488,259.931,149909
1787858966906,779cff31-25dc-d8e4-0d14-72105051a994,/p/0/37d4e9f0f02bc3b2,3,200,3824334,210.474,34581.025,110591
1787859000530,a9c239c0-fb7d-8627-7696-46fb1231ceba,/p/5/c30f17436160485a,2,200,256189,72.883,1068.954,239663
1787858986566,8bdba6bc-af6a-91a6-deef-b70df88047d5,/?crawl=113,0,200,465740,348.071,15058.523,30929
1787858973263,870bcfa7-0714-e7a4-eda7-671f567f99aa,/p/0/c1d30caf3da2b71a,13,200,4161396,687.297,28440.803,146318
1787858994034,ca5bb66b-3adb-d4d5-d52e-3638d390fdcd,/p/0/34a335f6bddb6f33,4,200,272301,582.143,7684.827,35434
1787859001040,27cdb0b8-4d52-8414-70ac-f0f2c221ca41,/p/0/7751ef9883250ee8,4,200,34534,280.004,775.596,44526
1787859000530,a9c239c0-fb7d-8627-7696-46fb1231ceba,/p/0/c30f184361604a0d,2,200,415068,24.425,1315.960,315411
1787858993499,701f3cd0-0429-7076-94ab-7ca9c4aa7416,/p/0/e482783d463e6d2b,4,200,359432,430.813,8458.594,42493
1787859001008,7c6def46-a62a-4228-8d73-7c879ff1cecc,/p/14/6b0a43a8e58ec24a,5,200,165245,129.864,1014.749,162843
1787858997476,d51cd5d8-e748-b5c2-b72c-3f43343495a4,/p/0/f0cbca4362aeef2b,1,200,491180,149.093,4561.287,107685
1787859000085,366782b9-b94f-5579-a16b-c8dd20449e42,/p/0/4ef6b28ee0fa1559,7,200,97658,334.570,1974.709,49454
1787858974699,5a187efd-ff84-49cf-280f-8d6ee97cdfe6,/p/0/5c853bf12aeb9100,4,200,5483188,166.650,27365.708,200367
1787859001304,d2fe775f-397e-dd3c-e3aa-cf1472d5e6b1,/p/0/c25c01a7af2a8c60,9,200,46257,79.018,781.458,59193
1787859002022,7c6def46-a62a-4228-8d73-7c879ff1cecc,/p/0/228c5fd87c06181e,6,200,8360,106.844,165.110,50633
1787858963672,642626d0-983f-8a2d-45a6-c0fa444f3d26,/p/15/7d82e708705b92b3,9,200,2897753,472.708,38571.326,75127
1787858966751,e7a9c440-29ef-71ca-744c-3c6f8e53db1a,/p/0/f2751a6e4ba57f7,3,200,370304,1833.021,35723.035,10366
1787858988971,f31664d8-bc72-c746-1247-90fcf0441222,/p/2/ab0acc5c207fd4ca,1,200,522887,862.271,13573.227,38523
1787858977256,d923f406-813e-9aec-d569-4d01f6751bf3,/p/0/5dd480e77f7af52f,2,200,5336584,249.537,25302.002,210915
1787858974389,d923f406-813e-9aec-d569-4d01f6751bf3,/p/0/38dbfc1154b18cf8,1,200,5693516,191.007,28190.058,201969
1787858997928,d51cd5d8-e748-b5c2-b72c-3f43343495a4,/p/0/13eba63b072efce6,2,200,503884,165.500,4692.083,107390
1787859002059,366782b9-b94f-5579-a16b-c8dd20449e42,/p/0/4ef6af8ee0fa1040,7,200,34162,247.522,622.274,54899
1787858969213,f46b18aa-4bbf-d329-867e-592e665a06bb,/p/0/6f4054d26b697eb5,5,200,5249421,247.231,33513.566,156636
1787858993760,db465bc7-3c36-6c38-6cdc-56400ab10e94,/p/0/84c07e0b8c26cc08,10,200,452141,282.686,9021.237,50120
1787859002626,5b3dfc9e-0855-ffd9-5fca-277881d761a4,/?crawl=129,0,200,52412,63.978,185.637,282335
1787859002022,7c6def46-a62a-4228-8d73-7c879ff1cecc,/p/13/228c5dd87c0614b8,6,200,185085,106.889,814.516,227233
1787858989849,25e73829-b516-14b9-7801-3f09e11db393,/p/0/de025eda2085c7db,2,200,2869969,116.516,13194.467,217513
1787859001599,a9c239c0-fb7d-8627-7696-46fb1231ceba,/p/4/bc6fa019d39a6ae,3,200,388732,147.483,1504.219,258428
1787859002244,642626d0-983f-8a2d-45a6-c0fa444f3d26,/p/0/ab89575fe63c0cb,10,200,41223,508.203,960.926,42899
1787859001599,a9c239c0-fb7d-8627-7696-46fb1231ceba,/p/0/bc6fb019d39a861,3,200,254921,147.402,1734.450,146975
1787859001008,7c6def46-a62a-4228-8d73-7c879ff1cecc,/p/0/6b0a44a8e58ec3fd,5,200,437834,71.971,2372.350,184557
1787859002837,7c6def46-a62a-4228-8d73-7c879ff1cecc,/p/12/45c127541f2506b4,7,200,163705,117.143,605.018,270579
1787859003103,a9c239c0-fb7d-8627-7696-46fb1231ceba,/p/3/78c8769cd2e0d72c,4,200,41997,231.177,413.703,101515
1787858990566,752bb213-7214-ebcb-4aa0-14c9717460c6,/?crawl=118,0,200,2613194,99.880,13012.748,200818
1787859003103,a9c239c0-fb7d-8627-7696-46fb1231ceba,/p/0/78c8789cd2e0da92,4,200,70234,231.220,670.146,104804
1787858995980,4769c612-e4a8-db25-2e3c-3dc8564b2919,/p/0/cd6f4a267d45c822,10,200,3241069,101.829,7921.372,409155
1787859000867,a19c010c-5f56-09b8-3c6a-59519a6d7e50,/p/0/c13d03676d4436dc,2,200,212482,1219.937,3045.235,69775
1787859002682,366782b9-b94f-5579-a16b-c8dd20449e42,/p/12/929cfbdbc8de11a5,8,200,89566,231.830,1250.428,71628
1787858962774,779cff31-25dc-d8e4-0d14-72105051a994,/p/0/dc94e157071f7b5a,1,200,4344027,61.142,41297.791,105188
1787859002837,7c6def46-a62a-4228-8d73-7c879ff1cecc,/p/0/45c128541f250867,7,200,243907,216.522,1457.749,167318
1787858995264,4769c612-e4a8-db25-2e3c-3dc8564b2919,/p/0/d79f1cf5121950c9,9,200,4157976,77.396,9201.315,451889
1787859003442,7c6def46-a62a-4228-8d73-7c879ff1cecc,/p/11/75c0519108a14731,8,200,202133,119.791,1060.118,190670
1787858946481,7f61f88e-b574-07b9-934f-1259371ce50f,/p/0/80614167acc0bfc,2,200,5688090,236.638,58046.123,97993
1787859004295,7c6def46-a62a-4228-8d73-7c879ff1cecc,/p/0/75c0509108a1457e,8,200,37788,94.374,243.388,155258
1787858984057,51b097b6-0df2-e5e6-10e9-54b720b9c47f,/p/4/567b98963d5a1862,4,200,4884841,338.020,20530.455,237931
1787858964541,779cff31-25dc-d8e4-0d14-72105051a994,/p/0/13187543c8c892b6,2,200,4151360,246.930,40049.887,103655
1787859003517,a9c239c0-fb7d-8627-7696-46fb1231ceba,/p/0/1b8d4f885c6db8da,5,200,76001,467.920,1179.623,64428
1787858999546,c3585e59-0c09-756a-7acb-79af838ae834,/p/0/4757fffa0d5b2594,10,200,408081,81.980,5171.845,78904
1787858999546,c3585e59-0c09-756a-7acb-79af838ae834,/p/0/475802fa0d5b2aad,10,200,442112,33.353,5174.471,85441
1787859000288,a19c010c-5f56-09b8-3c6a-59519a6d7e50,/p/0/c7a7333cc0f10946,1,200,408621,30.465,4520.176,90399
1787858997244,0778ef55-3de4-0cd3-a882-70bdab7c84af,/p/1/ef36300316075112,5,200,284699,418.709,7855.489,36242
1787858943101,298c6f93-ed3a-eccd-2ec2-bbf1adc8cdd9,/p/0/2e79067b11ca658d,6,200,4422916,54.910,62027.192,71306
1787859003103,a9c239c0-fb7d-8627-7696-46fb1231ceba,/p/0/78c8779cd2e0d8df,4,200,334144,231.054,2042.696,163580
1787858993499,701f3cd0-0429-7076-94ab-7ca9c4aa7416,/p/0/e482793d463e6ede,4,200,499669,546.909,11647.943,42898
1787859003517,a9c239c0-fb7d-8627-7696-46fb1231ceba,/p/0/1b8d4e885c6db727,5,200,281913,241.989,1704.777,165366
1787859004566,a70bec17-31d0-90b8-1cb4-d18d8c353966,/?crawl=131,0,200,365865,31.771,733.476,498810
1787859000288,a19c010c-5f56-09b8-3c6a-59519a6d7e50,/p/0/c7a7323cc0f10793,1,200,436497,30.339,5166.161,84492
1787859002626,197180e3-f131-ea18-1829-77abe8c6af59,/?crawl=130,0,200,367929,125.904,2913.059,126303
1787859003579,752bb213-7214-ebcb-4aa0-14c9717460c6,/p/10/e8e376b45272380c,1,200,119639,84.349,1987.559,60194
1787858989849,25e73829-b516-14b9-7801-3f09e11db393,/p/8/de025dda2085c628,2,200,3532376,128.509,16127.449,219029
1787859000867,a19c010c-5f56-09b8-3c6a-59519a6d7e50,/p/0/c13d05676d443a42,2,200,455420,214.758,5240.618,86902
1787859003579,752bb213-7214-ebcb-4aa0-14c9717460c6,/p/0/e8e377b4527239bf,1,200,182703,275.232,2567.757,71153
1787859000835,0c71003e-59f5-79c4-5e9c-a325c079c7b6,/p/9/aef392bc5115d9ac,14,200,149635,1854.301,5415.860,27629
1787858996205,db465bc7-3c36-6c38-6cdc-56400ab10e94,/p/0/84c0810b8c26d121,10,200,288591,411.097,10176.033,28360
1787859004587,51b097b6-0df2-e5e6-10e9-54b720b9c47f,/p/0/4ab826b064625549,5,200,170251,53.899,1815.289,93787
1787859005566,752bb213-7214-ebcb-4aa0-14c9717460c6,/p/9/fb707dc6ac078bd6,2,200,33072,324.968,889.484,37181
1787859000566,1bec5776-e246-578a-2a03-8a9d783aaee6,/?crawl=127,0,200,2804011,29.458,5941.050,471972
1787859002811,5b3dfc9e-0855-ffd9-5fca-277881d761a4,/p/0/b0a3339fb834922a,1,200,343066,356.142,3732.608,91911
1787859006566,1e17de67-9f08-b841-e8d8-75e45d039784,/?crawl=135,0,200,88071,18.466,81.604,1079254
1787859002812,5b3dfc9e-0855-ffd9-5fca-277881d761a4,/p/0/b0a3329fb8349077,1,200,180350,603.167,3836.394,47010
1787859005539,197180e3-f131-ea18-1829-77abe8c6af59,/p/0/22cb105a9148f149,1,200,67406,573.885,1114.229,60496
1787859002243,642626d0-983f-8a2d-45a6-c0fa444f3d26,/p/0/ab89675fe63c27e,10,200,240109,489.680,4532.261,52978
1787859005976,25e73829-b516-14b9-7801-3f09e11db393,/p/7/753942a18d0ad08a,3,200,81927,227.368,839.474,97593
1787859005539,197180e3-f131-ea18-1829-77abe8c6af59,/p/3/22cb0f5a9148ef96,1,200,70770,332.585,1292.999,54733
1787859006566,b29e1a14-d62a-3755-7e25-3128cd547bba,/?crawl=134,0,200,311050,22.977,370.296,840005
1787859001150,40a259a5-8f33-3933-31a5-ccbeecf26839,/p/0/155087b3135cdfdf,1,200,254399,713.882,5837.444,43581
1787859001624,8bdba6bc-af6a-91a6-deef-b70df88047d5,/p/0/3e751fb9b51ac777,1,200,71623,329.086,5546.116,12914
1787858986342,037c1d7a-c469-d69e-926b-a70f9312ec48,/p/19/a7b474570b759a03,4,200,5129389,152.873,20858.772,245910
1787859005300,a70bec17-31d0-90b8-1cb4-d18d8c353966,/p/0/b63563b825e3e3f6,1,200,179989,30.109,1915.481,93965
1787859001304,d2fe775f-397e-dd3c-e3aa-cf1472d5e6b1,/p/0/c25c03a7af2a8fc6,9,200,501114,234.517,5972.015,83910
1787859000712,485d9581-3b3f-a3d7-9069-f32a6d64daf0,/p/2/5b11869a558bfbf3,1,200,426509,372.002,6709.207,63571
1787859004587,51b097b6-0df2-e5e6-10e9-54b720b9c47f,/p/3/4ab824b0646251e3,5,200,241930,275.327,2847.556,84961
1787859005099,0778ef55-3de4-0cd3-a882-70bdab7c84af,/p/0/3baf94b3078d1022,6,200,56492,467.824,2348.687,24053
1787859006832,197180e3-f131-ea18-1829-77abe8c6af59,/p/2/1254508f4b2082c3,2,200,14923,537.224,631.498,23631
1787859001150,40a259a5-8f33-3933-31a5-ccbeecf26839,/p/0/155088b3135ce192,1,200,404385,80.175,6395.043,63234
1787859005300,a70bec17-31d0-90b8-1cb4-d18d8c353966,/p/0/b63564b825e3e5a9,1,200,304951,186.442,2571.246,118600
1787859001040,27cdb0b8-4d52-8414-70ac-f0f2c221ca41,/p/0/7751f29883251401,4,200,462105,279.991,6907.693,66897
1787859002545,f31664d8-bc72-c746-1247-90fcf0441222,/p/1/11e915b8371d4a6c,2,200,352093,2157.390,5500.152,64015
1787858989298,870bcfa7-0714-e7a4-eda7-671f567f99aa,/p/0/4012880e4796ff1a,14,200,3403538,154.465,19030.560,178846
1787859007201,037c1d7a-c469-d69e-926b-a70f9312ec48,/p/0/67104883eea1272a,5,200,116747,149.824,1142.591,102177
1787859006648,1e17de67-9f08-b841-e8d8-75e45d039784,/p/0/3deb82e784fba8f,1,200,452290,12.485,1866.241,242353
1787859002544,f31664d8-bc72-c746-1247-90fcf0441222,/p/0/11e917b8371d4dd2,2,200,294282,723.257,6042.914,48699
1787859006648,1e17de67-9f08-b841-e8d8-75e45d039784,/p/0/3deb92e784fbc42,1,200,468153,38.177,1982.781,236109
1787858998821,298c6f93-ed3a-eccd-2ec2-bbf1adc8cdd9,/p/1/c42559fff72ac7e6,12,200,475950,359.607,9812.762,48503
1787859004502,7c6def46-a62a-4228-8d73-7c879ff1cecc,/p/0/75c04f9108a143cb,8,200,505841,79.229,4185.727,120849
1787859006648,1e17de67-9f08-b841-e8d8-75e45d039784,/p/1/3deba2e784fbdf5,1,200,401485,87.920,2044.515,196372
1787859007435,51b097b6-0df2-e5e6-10e9-54b720b9c47f,/p/0/ec2f7ddb4513528f,6,200,83693,539.540,1295.307,64612
1787859008045,f31664d8-bc72-c746-1247-90fcf0441222,/p/0/7871c3a206a13e69,3,200,86045,551.764,742.601,115870
1787859003932,366782b9-b94f-5579-a16b-c8dd20449e42,/p/0/929cfadbc8de0ff2,8,200,241465,205.213,5062.232,47699
1787859008045,f31664d8-bc72-c746-1247-90fcf0441222,/p/0/7871c1a206a13b03,3,200,159865,552.639,990.934,161328
1787859008692,1e17de67-9f08-b841-e8d8-75e45d039784,/p/0/9015c88fe865f78,2,200,136654,13.151,360.327,379250
1787859006816,25e73829-b516-14b9-7801-3f09e11db393,/p/0/f5f1630e27d2f6d3,4,200,273830,140.831,2297.501,119186
1787858988191,7f61f88e-b574-07b9-934f-1259371ce50f,/p/0/848d6c5c7e96ce75,5,200,5250051,253.338,20950.858,250589
1787859002812,5b3dfc9e-0855-ffd9-5fca-277881d761a4,/p/2/b0a3319fb8348ec4,1,200,2476134,79.582,6335.268,390849
1787858981929,93440f8f-b383-0429-fe23-d20e1ad47905,/p/0/130d3b7f8f2cad6c,3,200,4033228,276.377,27231.379,148110
1787858976670,93440f8f-b383-0429-fe23-d20e1ad47905,/p/0/fe29d90cbadb573e,2,200,4730832,388.790,32495.132,145586
1787859006251,0c71003e-59f5-79c4-5e9c-a325c079c7b6,/p/0/4a33a8afc0a0fad7,15,200,64091,549.423,3016.714,21245
1787859008692,1e17de67-9f08-b841-e8d8-75e45d039784,/p/0/9015e88fe8662de,2,200,332773,18.866,600.571,554095
1787859006251,0c71003e-59f5-79c4-5e9c-a325c079c7b6,/p/0/4a33a9afc0a0fc8a,15,200,40657,1330.820,3050.039,13330
1787859009147,5b3dfc9e-0855-ffd9-5fca-277881d761a4,/p/0/bb3c6e97dbc55a03,2,200,10185,122.459,179.621,56703
1787858988191,7f61f88e-b574-07b9-934f-1259371ce50f,/p/0/848d6b5c7e96ccc2,5,200,6124675,318.112,21189.851,289038
1787859008045,f31664d8-bc72-c746-1247-90fcf0441222,/p/0/7871c2a206a13cb6,3,200,486617,552.395,1535.573,316896
1787859006832,197180e3-f131-ea18-1829-77abe8c6af59,/p/0/12544f8f4b208110,2,200,79743,481.914,2795.051,28530
1787859009567,b24d5426-e4b8-7023-d5e4-3f80031b593a,/?crawl=138,0,200,41235,45.768,156.214,263964
1787859002244,642626d0-983f-8a2d-45a6-c0fa444f3d26,/p/14/ab89475fe63bf18,10,200,270714,508.375,7503.266,36079
1787859009723,b24d5426-e4b8-7023-d5e4-3f80031b593a,/p/0/be1dbb473620a1e1,1,200,27529,46.032,111.297,247348
1787859007422,485d9581-3b3f-a3d7-9069-f32a6d64daf0,/p/0/ee8f30a0eab45e75,2,200,44037,892.857,2426.519,18148
1787859007201,037c1d7a-c469-d69e-926b-a70f9312ec48,/p/0/67104783eea12577,5,200,316889,199.476,2660.279,119119
1787858964847,832b456c-268c-711b-e891-ba848b7ef9c2,/p/0/e7bc826f368c65cc,1,200,4624091,261.114,45119.759,102485
1787859009723,b24d5426-e4b8-7023-d5e4-3f80031b593a,/p/1/be1dba473620a02e,1,200,28896,241.313,380.785,75885
1787859007201,037c1d7a-c469-d69e-926b-a70f9312ec48,/p/18/67104983eea128dd,5,200,417282,50.845,2985.128,139787
1787859005976,25e73829-b516-14b9-7801-3f09e11db393,/p/0/753943a18d0ad23d,3,200,406890,227.099,4249.697,95746
1787859005976,25e73829-b516-14b9-7801-3f09e11db393,/p/0/753940a18d0acd24,3,200,459470,214.723,4356.629,105465
1787858950140,fa582fd7-aacb-0337-b145-55fbdaa93e2a,/p/0/3b15b2cfb5afd8f9,4,200,4070599,475.760,60218.010,67598
1787858988566,2a8500ec-435d-e5bc-7258-76c4fb1ec3ce,/?crawl=114,0,200,4564958,66.997,21819.648,209213
1787858997476,d51cd5d8-e748-b5c2-b72c-3f43343495a4,/p/0/f0cbcb4362aef0de,1,200,2470137,29.668,12947.090,190787
1787859003579,752bb213-7214-ebcb-4aa0-14c9717460c6,/p/0/e8e378b452723b72,1,200,330405,442.658,6875.225,48057
1787859006816,25e73829-b516-14b9-7801-3f09e11db393,/p/6/f5f1620e27d2f520,4,200,408968,140.866,3656.314,111853
1787859007566,108e22eb-f060-ec1c-5c70-be60e1fde019,/?crawl=136,0,200,265873,199.704,3037.168,87540
1787859010566,240b6f00-3c04-e08b-3bb7-b4c0c22b9f00,/?crawl=140,0,200,35707,28.517,77.072,463294
1787859006456,752bb213-7214-ebcb-4aa0-14c9717460c6,/p/8/988d2098d5178cf6,3,200,157149,583.427,4191.469,37493
1787859008566,05d6ab71-19b6-5fdc-c436-80d0c3a790a6,/?crawl=137,0,200,498550,76.390,2204.797,226121
1787859010643,240b6f00-3c04-e08b-3bb7-b4c0c22b9f00,/p/0/a791684900b840c3,1,200,66781,24.709,349.027,191335
1787859000570,5a187efd-ff84-49cf-280f-8d6ee97cdfe6,/p/0/1b05fcaae0da7831,5,200,2103365,200.974,10450.533,201269
1787859000867,a19c010c-5f56-09b8-3c6a-59519a6d7e50,/p/0/c13d06676d443bf5,2,200,2997634,185.507,10211.045,293568
1787858975134,366782b9-b94f-5579-a16b-c8dd20449e42,/p/0/99692504ca9705f1,3,200,2828440,374.098,36084.519,78384
1787859001624,8bdba6bc-af6a-91a6-deef-b70df88047d5,/p/3/3e7521b9b51acadd,1,200,170941,985.260,9616.496,17776
1787859010643,240b6f00-3c04-e08b-3bb7-b4c0c22b9f00,/p/0/a7916a4900b84429,1,200,133379,37.157,636.047,209700
1787859000566,441567c6-1a2f-543c-5aa9-e898b4bdb07e,/?crawl=128,0,200,186194,494.551,10799.357,17241
1787859005539,197180e3-f131-ea18-1829-77abe8c6af59,/p/0/22cb0d5a9148ec30,1,200,221483,98.216,5849.099,37866
1787859007435,51b097b6-0df2-e5e6-10e9-54b720b9c47f,/p/2/ec2f7fdb451355f5,6,200,206191,566.171,4023.175,51251
1787858982885,d08e6f96-c7d6-e9fc-7eb5-660f5df8dcb5,/p/2/5d103fb5c33c607d,4,200,4584759,159.852,28718.417,159645
1787858999216,d51cd5d8-e748-b5c2-b72c-3f43343495a4,/p/0/28bd525ea8833d6d,3,200,3034775,160.626,12500.649,242769
1787859010643,240b6f00-3c04-e08b-3bb7-b4c0c22b9f00,/p/0/a791694900b84276,1,200,423690,123.453,1088.687,389175
1787859006251,0c71003e-59f5-79c4-5e9c-a325c079c7b6,/p/8/4a33a7afc0a0f924,15,200,188942,388.052,5539.563,34108
1787859009723,b24d5426-e4b8-7023-d5e4-3f80031b593a,/p/0/be1db84736209cc8,1,200,263234,111.304,2068.969,127230
1787858967981,c059e2ba-67b5-441d-83f3-96a164e9d07d,/p/0/c8aec9a47fe258e7,12,200,2361940,287.940,43866.615,53844
1787859000835,0c71003e-59f5-79c4-5e9c-a325c079c7b6,/p/0/aef394bc5115dd12,14,200,348043,1924.372,11023.605,31573
1787859001150,40a259a5-8f33-3933-31a5-ccbeecf26839,/p/0/155086b3135cde2c,1,200,5306491,636.915,10749.386,493655
1787859010186,037c1d7a-c469-d69e-926b-a70f9312ec48,/p/0/9e5a0957fa7c5028,6,200,142977,281.007,1872.708,76348
1787859010472,25e73829-b516-14b9-7801-3f09e11db393,/p/0/24f94684f2158a53,5,200,260054,149.218,1938.997,134118
1787858997244,0778ef55-3de4-0cd3-a882-70bdab7c84af,/p/0/ef362e0316074dac,5,200,447376,627.319,15168.183,29494
1787859011458,51b097b6-0df2-e5e6-10e9-54b720b9c47f,/p/0/a99b226fc5fa753d,7,200,22738,295.834,970.897,23420
1787858968350,e2547c5c-53e1-e14d-5d2a-7c275c05a92b,/p/1/11e8cf0b46f1ceb3,3,200,3834584,351.245,44203.168,86749
1787859010647,752bb213-7214-ebcb-4aa0-14c9717460c6,/p/7/dea82b5e8e00438f,4,200,60884,291.015,1976.425,30805
1787858997244,0778ef55-3de4-0cd3-a882-70bdab7c84af,/p/0/ef363103160752c5,5,200,480003,418.699,15588.308,30793
1787859010771,05d6ab71-19b6-5fdc-c436-80d0c3a790a6,/p/23/dd0a0f734f19d1cf,1,200,161747,126.708,2150.311,75220
1787859005566,752bb213-7214-ebcb-4aa0-14c9717460c6,/p/0/fb707ec6ac078d89,2,200,365632,415.898,7489.069,48822
1787859010771,05d6ab71-19b6-5fdc-c436-80d0c3a790a6,/p/0/dd0a0e734f19d01c,1,200,165857,42.614,2320.136,71486
1787859006566,137aa0c2-0231-c0f6-4478-25584296041c,/?crawl=133,0,200,487910,5299.116,6541.584,74586
1787859010603,108e22eb-f060-ec1c-5c70-be60e1fde019,/p/0/499fbc15ba7edf22,1,200,104084,737.382,2832.072,36752
1787859010472,25e73829-b516-14b9-7801-3f09e11db393,/p/5/24f94584f21588a0,5,200,352345,160.767,2966.131,118789
1787859009747,642626d0-983f-8a2d-45a6-c0fa444f3d26,/p/13/f0e7629db70feafb,11,200,131262,377.191,3743.400,35065
1787858967049,e2547c5c-53e1-e14d-5d2a-7c275c05a92b,/p/0/82bc7f38b0d4c724,2,200,3946129,86.451,46533.535,84802
1787859008692,1e17de67-9f08-b841-e8d8-75e45d039784,/p/0/9015f88fe866491,2,200,5721438,13.057,4904.101,1166664
1787858989298,870bcfa7-0714-e7a4-eda7-671f567f99aa,/p/0/4012870e4796fd67,14,200,5532373,154.496,24394.982,226783
1787859010386,2a8500ec-435d-e5bc-7258-76c4fb1ec3ce,/p/0/368ccc2aa4de1058,1,200,231683,226.561,3324.269,69694
1787859010186,037c1d7a-c469-d69e-926b-a70f9312ec48,/p/17/9e5a0b57fa7c538e,6,200,364225,281.027,3541.834,102835
1787859007435,51b097b6-0df2-e5e6-10e9-54b720b9c47f,/p/0/ec2f7edb45135442,6,200,458914,648.447,6317.285,72644
1787858971049,832b456c-268c-711b-e891-ba848b7ef9c2,/p/0/5213bd3668a6235a,3,200,5445759,660.435,42716.580,127486
1787859010566,523ba00a-8668-53fb-d5b4-eb1c308f443d,/?crawl=141,0,200,2968887,13.116,3208.647,925277
1787858991566,2e92c77f-8a7f-3330-cab7-1cfb3469bf76,/?crawl=119,0,200,2753754,6675.636,22381.471,123037
1787859012921,05d6ab71-19b6-5fdc-c436-80d0c3a790a6,/p/22/fe4d8ee73a7dd6b7,2,200,56221,276.094,1045.146,53792
1787858988105,7042adee-fdad-5268-a08d-b65cb203d086,/p/8/17a076fe8be4deb7,1,200,4344429,383.937,26039.049,166843
1787859010104,b24d5426-e4b8-7023-d5e4-3f80031b593a,/p/0/d4add065bc3c696,2,200,333505,236.356,4472.895,74561
1787858990289,646ce8ec-26e6-42d8-80fa-ac19f9daa2c9,/p/0/2ccf9e8e13e54588,2,200,2914588,136.524,24492.547,118999
1787858950888,298c6f93-ed3a-eccd-2ec2-bbf1adc8cdd9,/p/0/55b8ba9897514571,8,200,4590776,385.096,63901.093,71842
1787859009148,5b3dfc9e-0855-ffd9-5fca-277881d761a4,/p/0/bb3c6f97dbc55bb6,2,200,350832,179.574,5721.575,61317
1787859006832,197180e3-f131-ea18-1829-77abe8c6af59,/p/0/1254528f4b208629,2,200,170761,686.417,8083.346,21125
1787859013438,25e73829-b516-14b9-7801-3f09e11db393,/p/0/a5e1b655429d7217,6,200,190054,131.002,1487.654,127754
1787859014566,bd3485a7-64a0-3bd8-e269-af9e2cef3c0b,/?crawl=144,0,200,153355,35.792,384.008,399353
1787859010386,2a8500ec-435d-e5bc-7258-76c4fb1ec3ce,/p/0/368ccd2aa4de120b,1,200,423529,63.502,4586.181,92349
1787859014566,c950a419-ac8e-8ae5-3ea3-daace63e8347,/?crawl=146,0,200,162053,39.169,461.743,350960
1787859011566,e89e76a8-2a0c-4d48-b608-419e48785638,/?crawl=142,0,200,2565170,18.479,3558.416,720874
1787859011603,d08e6f96-c7d6-e9fc-7eb5-660f5df8dcb5,/p/0/eedec2979927d337,5,200,223342,116.117,3547.677,62954
1787859009148,5b3dfc9e-0855-ffd9-5fca-277881d761a4,/p/1/bb3c7097dbc55d69,2,200,472757,305.424,6074.547,77826
1787859000835,0c71003e-59f5-79c4-5e9c-a325c079c7b6,/p/0/aef393bc5115db5f,14,200,437528,1776.235,14393.613,30397
1787859014144,7042adee-fdad-5268-a08d-b65cb203d086,/p/7/85cc45ccb59f2b69,2,200,50761,69.628,1114.503,45546
1787859012921,05d6ab71-19b6-5fdc-c436-80d0c3a790a6,/p/0/fe4d90e73a7dda1d,2,200,210324,212.253,2466.329,85278
1787859010386,2a8500ec-435d-e5bc-7258-76c4fb1ec3ce,/p/0/368cce2aa4de13be,1,200,462164,63.662,5006.055,92321
1787859010603,108e22eb-f060-ec1c-5c70-be60e1fde019,/p/0/499fbb15ba7edd6f,1,200,351292,457.998,4811.194,73016
1787859010603,108e22eb-f060-ec1c-5c70-be60e1fde019,/p/0/499fba15ba7edbbc,1,200,235380,380.499,4928.541,47759
1787859001599,a9c239c0-fb7d-8627-7696-46fb1231ceba,/p/0/bc6f8019d39a348,3,200,3609762,135.503,13935.753,259029
1787859008634,298c6f93-ed3a-eccd-2ec2-bbf1adc8cdd9,/p/0/c42557fff72ac480,12,200,363019,387.454,7176.318,50586
1787858983964,832b456c-268c-711b-e891-ba848b7ef9c2,/p/0/bac1d568aabf324f,5,200,5459025,262.324,31873.019,171274
1787859007422,485d9581-3b3f-a3d7-9069-f32a6d64daf0,/p/0/ee8f2da0eab4595c,2,200,433872,892.740,8536.000,50828
1787859014144,7042adee-fdad-5268-a08d-b65cb203d086,/p/0/85cc44ccb59f29b6,2,200,141164,417.816,2082.335,67791
1787859011791,0c71003e-59f5-79c4-5e9c-a325c079c7b6,/p/0/7cec97c6d123adae,16,200,215670,322.565,4460.515,48351
1787859011603,d08e6f96-c7d6-e9fc-7eb5-660f5df8dcb5,/p/1/eedec1979927d184,5,200,401134,273.802,4679.552,85721
1787858966119,832b456c-268c-711b-e891-ba848b7ef9c2,/p/0/8195d16bf2cb0f93,2,200,6147796,350.905,50377.414,122035
1787859014566,9548f816-2119-6599-0872-67e5cf13231f,/?crawl=145,0,200,398852,71.423,1949.091,204635
1787859015566,5eed43c8-69df-53f9-5450-8261ffc9b8fd,/?crawl=147,0,200,277301,63.655,1220.959,227117
1787859016787,5eed43c8-69df-53f9-5450-8261ffc9b8fd,/p/0/3afbc1a695533da2,1,200,13077,60.948,123.629,105776
1787859008994,366782b9-b94f-5579-a16b-c8dd20449e42,/p/0/929cf9dbc8de0e3f,8,200,502620,194.986,7925.035,63422
1787859011458,51b097b6-0df2-e5e6-10e9-54b720b9c47f,/p/1/a99b216fc5fa738a,7,200,443456,268.995,5477.043,80966
1787858935068,642626d0-983f-8a2d-45a6-c0fa444f3d26,/p/0/4ac5ac6f967ef25c,6,200,4839545,375.681,81953.387,59052
1787859015258,7042adee-fdad-5268-a08d-b65cb203d086,/p/0/c9b835bdc5f2e2a8,3,200,61998,377.674,1932.788,32077
1787859010647,752bb213-7214-ebcb-4aa0-14c9717460c6,/p/0/dea82a5e8e0041dc,4,200,256978,216.223,6548.233,39244
1787859016566,42c99bba-ea15-db2a-80a1-4e745e33a3fa,/?crawl=148,0,200,484441,27.564,910.967,531787
1787859013438,25e73829-b516-14b9-7801-3f09e11db393,/p/4/a5e1b855429d757d,6,200,470846,144.175,4090.293,115113
1787859014950,bd3485a7-64a0-3bd8-e269-af9e2cef3c0b,/p/0/f53abebf53241ac2,1,200,232685,34.872,2618.642,88857
1787859013108,137aa0c2-0231-c0f6-4478-25584296041c,/p/0/8f60bbfcfcadfce9,1,200,459724,35.177,4496.825,102233
1787858988036,87c51e7c-53b9-7509-e269-fcfd2195cf4b,/p/1/360bd078b58e9e64,2,200,4179272,446.833,29822.768,140137
1787859005300,a70bec17-31d0-90b8-1cb4-d18d8c353966,/p/0/b63562b825e3e243,1,200,5428247,87.107,12568.617,431889
1787858955576,298c6f93-ed3a-eccd-2ec2-bbf1adc8cdd9,/p/0/8607e386442676de,9,200,4585774,299.003,62322.341,73582
1787858939942,fa582fd7-aacb-0337-b145-55fbdaa93e2a,/p/0/dee20b2081db377,3,200,4803236,400.850,78062.019,61531
1787859000570,5a187efd-ff84-49cf-280f-8d6ee97cdfe6,/p/6/1b05fbaae0da767e,5,200,4925191,183.922,17434.766,282493
1787859007463,197180e3-f131-ea18-1829-77abe8c6af59,/p/1/fd14264a3477dbe8,3,200,234453,2652.663,10562.631,22196
1787859016787,5eed43c8-69df-53f9-5450-8261ffc9b8fd,/p/0/3afbbfa695533a3c,1,200,144165,123.614,1334.082,108063
1787859014950,bd3485a7-64a0-3bd8-e269-af9e2cef3c0b,/p/13/f53abfbf53241c75,1,200,329315,52.119,3213.107,102491
1787859014950,bd3485a7-64a0-3bd8-e269-af9e2cef3c0b,/p/0/f53abdbf5324190f,1,200,423724,34.917,3300.871,128367
1787859015028,c950a419-ac8e-8ae5-3ea3-daace63e8347,/p/0/ce66140429ee2e9c,1,200,272273,40.992,3228.624,84331
1787859018005,5a187efd-ff84-49cf-280f-8d6ee97cdfe6,/p/0/eecf26b6f8179bd6,6,200,56186,33.550,318.915,176179
1787859016283,d08e6f96-c7d6-e9fc-7eb5-660f5df8dcb5,/p/0/876ccaa870315a4b,6,200,73135,428.066,2070.179,35328
1787859012554,e2547c5c-53e1-e14d-5d2a-7c275c05a92b,/p/0/6dd95f427d1b0a,4,200,400653,284.686,5808.288,68980
1787859009567,4bc2a350-802a-2a35-6149-005b93d6bdcd,/?crawl=139,0,200,3386355,36.218,8939.391,378813
1787859012921,05d6ab71-19b6-5fdc-c436-80d0c3a790a6,/p/0/fe4d8de73a7dd504,2,200,388700,255.643,5716.860,67992
1787859006456,752bb213-7214-ebcb-4aa0-14c9717460c6,/p/0/988d1e98d5178990,3,200,415363,255.567,12225.242,33976
1787858988036,87c51e7c-53b9-7509-e269-fcfd2195cf4b,/p/0/360bd178b58ea017,2,200,5371277,514.468,30793.283,174430
1787859018026,197180e3-f131-ea18-1829-77abe8c6af59,/p/0/7e5f88f8c69de72e,4,200,17065,781.039,875.462,19493
1787859017859,87c51e7c-53b9-7509-e269-fcfd2195cf4b,/p/0/feea8bad2f3d8e5c,3,200,327493,965.862,1143.341,286435
1787859009747,642626d0-983f-8a2d-45a6-c0fa444f3d26,/p/0/f0e7649db70fee61,11,200,374497,353.720,9364.260,39992
1787859015222,5b3dfc9e-0855-ffd9-5fca-277881d761a4,/p/0/5985c41ad34c0d5d,3,200,484769,37.734,3901.641,124247
1787859017529,25e73829-b516-14b9-7801-3f09e11db393,/p/3/c58ae5c6096e2873,7,200,131337,141.384,1714.600,76599
1787859017859,87c51e7c-53b9-7509-e269-fcfd2195cf4b,/p/0/feea8cad2f3d900f,3,200,393076,969.000,1452.220,270672
1787859013728,037c1d7a-c469-d69e-926b-a70f9312ec48,/p/16/922c3bd0166488fd,7,200,293150,330.813,5736.240,51105
1787859009747,642626d0-983f-8a2d-45a6-c0fa444f3d26,/p/0/f0e7619db70fe948,11,200,365193,377.182,9741.332,37489
1787859003517,a9c239c0-fb7d-8627-7696-46fb1231ceba,/p/2/1b8d4d885c6db574,5,200,5354517,256.241,16017.462,334292
1787859002022,7c6def46-a62a-4228-8d73-7c879ff1cecc,/p/0/228c5ed87c06166b,6,200,2912712,106.793,17544.783,166016
1787858990949,9704073d-a912-8512-0e03-8f59e42619fc,/p/0/a17c64d91975fe3e,2,200,2925985,230.789,28676.908,102033
1787859015222,5b3dfc9e-0855-ffd9-5fca-277881d761a4,/p/0/5985c21ad34c09f7,3,200,506303,197.042,4481.469,112977
1787858997731,0c71003e-59f5-79c4-5e9c-a325c079c7b6,/p/0/c237a719e3d4ef09,11,200,6048328,17.479,21973.537,275255
1787859018026,197180e3-f131-ea18-1829-77abe8c6af59,/p/0/7e5f87f8c69de57b,4,200,36113,680.266,1688.551,21387
1787859018005,5a187efd-ff84-49cf-280f-8d6ee97cdfe6,/p/0/eecf25b6f8179a23,6,200,336483,49.804,1717.942,195864
1787859019566,8ed81de0-ef3b-468d-6ce6-ca26405c456c,/?crawl=150,0,200,55442,44.753,170.276,325600
1787859016515,9548f816-2119-6599-0872-67e5cf13231f,/p/0/61d06b61be892815,1,200,175656,207.433,3268.692,53739
1787859019566,5dbb1d76-0c13-9689-29af-d6a7939dfe9e,/?crawl=151,0,200,239810,19.842,285.000,841439
1787859017477,42c99bba-ea15-db2a-80a1-4e745e33a3fa,/p/7/42e41535a58ff4c1,1,200,217808,185.848,2419.667,90016
1787859017477,42c99bba-ea15-db2a-80a1-4e745e33a3fa,/p/0/42e41335a58ff15b,1,200,285789,173.712,2500.353,114299
1787859011791,0c71003e-59f5-79c4-5e9c-a325c079c7b6,/p/0/7cec96c6d123abfb,16,200,503285,355.191,8196.561,61402
1787859013490,642626d0-983f-8a2d-45a6-c0fa444f3d26,/p/12/f82b9fe9c97269c3,12,200,260558,498.648,6548.668,39788
1787859018506,4bc2a350-802a-2a35-6149-005b93d6bdcd,/p/0/51880ea4cabb948e,1,200,233577,32.357,1681.375,138920
1787859017196,752bb213-7214-ebcb-4aa0-14c9717460c6,/p/0/58e1a676ab7d06bb,5,200,139885,341.095,3173.634,44077
1787859018506,4bc2a350-802a-2a35-6149-005b93d6bdcd,/p/2/51880fa4cabb9641,1,200,259355,181.021,1896.956,136722
1787859019736,8ed81de0-ef3b-468d-6ce6-ca26405c456c,/p/0/21a19e92ea096133,1,200,74277,39.526,733.967,101199
1787858939942,fa582fd7-aacb-0337-b145-55fbdaa93e2a,/p/0/dee21b2081db52a,3,200,5444490,583.371,80720.092,67449
1787859014144,7042adee-fdad-5268-a08d-b65cb203d086,/p/0/85cc43ccb59f2803,2,200,429716,69.626,6555.866,65547
1787859019566,c31f8dec-7f04-996f-4492-10677266d405,/?crawl=152,0,200,379308,34.188,1208.964,313746
1787859019897,42c99bba-ea15-db2a-80a1-4e745e33a3fa,/p/0/d7a5d7223d1f61f8,2,200,125964,335.087,890.878,141393
1787859018163,bd3485a7-64a0-3bd8-e269-af9e2cef3c0b,/p/0/b825964facf036ba,2,200,380744,105.503,2627.136,144927
1787859016515,9548f816-2119-6599-0872-67e5cf13231f,/p/1/61d06a61be892662,1,200,222948,68.615,4281.814,52069
1787859017528,25e73829-b516-14b9-7801-3f09e11db393,/p/0/c58ae4c6096e26c0,7,200,303864,129.340,3333.923,91143
1787859007463,197180e3-f131-ea18-1829-77abe8c6af59,/p/0/fd14284a3477df4e,3,200,472440,1489.886,13425.491,35190
1787859007463,197180e3-f131-ea18-1829-77abe8c6af59,/p/0/fd14274a3477dd9b,3,200,380344,2112.628,13425.456,28330
1787859013728,037c1d7a-c469-d69e-926b-a70f9312ec48,/p/0/922c3ad01664874a,7,200,382201,356.621,7171.111,53297
1787859019534,a9c239c0-fb7d-8627-7696-46fb1231ceba,/p/0/7679a5a9ac59de70,6,200,175976,73.201,1426.794,123337
1787859016935,51b097b6-0df2-e5e6-10e9-54b720b9c47f,/p/0/cb9f2480d5413c10,8,200,143898,296.738,4084.800,35228
1787859011365,441567c6-1a2f-543c-5aa9-e898b4bdb07e,/p/0/440d86fd4ccf84d7,1,200,97522,664.802,9757.677,9994
1787859012554,e2547c5c-53e1-e14d-5d2a-7c275c05a92b,/p/0/6dda5f427d1cbd,4,200,523611,400.224,8570.886,61092
1787859019534,a9c239c0-fb7d-8627-7696-46fb1231ceba,/p/1/7679a7a9ac59e1d6,6,200,280557,23.954,1643.639,170693
1787859013966,05d6ab71-19b6-5fdc-c436-80d0c3a790a6,/p/21/58b329f12970432f,3,200,395995,276.587,7334.698,53989
1787859020749,4f0c9d9e-ac09-4e27-9831-1d5a02a21fbb,/?crawl=153,0,200,250921,41.108,554.220,452746
1787859006456,752bb213-7214-ebcb-4aa0-14c9717460c6,/p/0/988d2198d5178ea9,3,200,491336,286.387,14856.945,33071
1787858994034,ca5bb66b-3adb-d4d5-d52e-3638d390fdcd,/p/10/34a337f6bddb7299,4,200,2128783,414.860,27300.473,77976
1787859015258,7042adee-fdad-5268-a08d-b65cb203d086,/p/0/c9b838bdc5f2e7c1,3,200,368767,377.705,6115.039,60305
1787859018506,4bc2a350-802a-2a35-6149-005b93d6bdcd,/p/0/51880da4cabb92db,1,200,410522,98.560,2872.076,142936
1787858993393,646ce8ec-26e6-42d8-80fa-ac19f9daa2c9,/p/2/4ba5f4b3a1d29214,3,200,3591445,192.752,28051.788,128029
1787858965366,f425fcd3-622b-2b78-2e59-556f926f6ef7,/p/8/6031c87dcf4f3c71,1,200,4803390,403.718,56149.886,85546
1787859019465,037c1d7a-c469-d69e-926b-a70f9312ec48,/p/0/29d25ff40a995512,8,200,96253,358.507,2077.411,46333
1787859021566,679d57e7-99c0-a841-a154-767b2985d822,/?crawl=155,0,200,46511,35.050,115.103,404082
1787859019851,5dbb1d76-0c13-9689-29af-d6a7939dfe9e,/p/0/b50bf1f07ea453e0,1,200,125355,18.565,1866.587,67157
1787859016919,366782b9-b94f-5579-a16b-c8dd20449e42,/p/0/ecb32aa1a234b1f0,9,200,259103,214.475,4926.853,52590
1787859019851,5dbb1d76-0c13-9689-29af-d6a7939dfe9e,/p/1/b50bf2f07ea45593,1,200,189874,35.577,2017.019,94136
1787859021178,a9c239c0-fb7d-8627-7696-46fb1231ceba,/p/0/37628f3f8ceda7ec,7,200,75844,122.192,715.217,106043
1787859019897,42c99bba-ea15-db2a-80a1-4e745e33a3fa,/p/0/d7a5da223d1f6711,2,200,200766,333.076,2060.669,97428
1787859019567,7c6def46-a62a-4228-8d73-7c879ff1cecc,/p/0/2e48f5377f0e30a7,9,200,394621,160.590,2692.780,146548
1787859021444,646ce8ec-26e6-42d8-80fa-ac19f9daa2c9,/p/1/fce8f24b4f289bca,4,200,120048,169.680,894.573,134196
1787859017566,b4044865-e040-33ed-4283-6a7bcceba864,/?crawl=149,0,200,4671630,14.788,4877.466,957799
1787859001624,8bdba6bc-af6a-91a6-deef-b70df88047d5,/p/0/3e7520b9b51ac92a,1,200,450745,1464.967,20878.174,21589
1787859020775,c31f8dec-7f04-996f-4492-10677266d405,/p/0/4876464e133f4840,1,200,169553,34.686,1749.405,96920
1787859004538,7c6def46-a62a-4228-8d73-7c879ff1cecc,/p/10/2e48f7377f0e340d,9,200,3087181,72.667,17991.115,171595
1787859019897,42c99bba-ea15-db2a-80a1-4e745e33a3fa,/p/6/d7a5d8223d1f63ab,2,200,417343,333.151,2637.618,158227
1787859016283,d08e6f96-c7d6-e9fc-7eb5-660f5df8dcb5,/p/0/876ccca870315db1,6,200,299304,545.069,6516.058,45933
1787859022566,4fa72d51-1a24-fa98-161b-88afde4d318f,/?crawl=158,0,200,441190,9.132,253.180,1742591
1787859021868,5dbb1d76-0c13-9689-29af-d6a7939dfe9e,/p/0/e68a0c376ec180b8,2,200,183974,86.418,1039.295,177018
1787859000969,c3585e59-0c09-756a-7acb-79af838ae834,/p/0/5bbee859ad9bc61e,11,200,3453482,170.441,21990.428,157045
1787859016935,51b097b6-0df2-e5e6-10e9-54b720b9c47f,/p/0/cb9f2780d5414129,8,200,368999,323.494,6056.844,60923
1787859021444,646ce8ec-26e6-42d8-80fa-ac19f9daa2c9,/p/0/fce8f34b4f289d7d,4,200,147483,154.480,1589.791,92769
1787859011241,8bdba6bc-af6a-91a6-deef-b70df88047d5,/p/2/1f2f330316e0532f,2,200,518844,2400.169,11828.414,43864
1787859020797,9548f816-2119-6599-0872-67e5cf13231f,/p/0/37e111dfd90aa89e,2,200,95115,351.282,2282.368,41674
1787859021178,a9c239c0-fb7d-8627-7696-46fb1231ceba,/p/0/3762903f8ceda99f,7,200,349911,147.284,1940.146,180353
1787859005567,4fd775b3-26bf-972d-b7c0-b9fa83c80ef4,/?crawl=132,0,200,6005360,34.394,17551.965,342147
1787859020775,c31f8dec-7f04-996f-4492-10677266d405,/p/0/4876494e133f4d59,1,200,216329,161.441,2360.327,91652
1787859021178,a9c239c0-fb7d-8627-7696-46fb1231ceba,/p/0/3762923f8cedad05,7,200,347530,122.194,2014.502,172514
1787859022566,73de6bb5-7c9d-a776-5e23-4f4f30addd80,/?crawl=157,0,200,319690,29.673,649.618,492120
1787859022444,b4044865-e040-33ed-4283-6a7bcceba864,/p/0/af79bdd810f4fb48,1,200,340868,56.715,815.154,418164
1787859019736,8ed81de0-ef3b-468d-6ce6-ca26405c456c,/p/2/21a19d92ea095f80,1,200,400705,80.850,3670.499,109169
1787859020403,4bc2a350-802a-2a35-6149-005b93d6bdcd,/p/1/d916d28cddcf8484,2,200,442930,396.876,3043.026,145556
1787859018026,197180e3-f131-ea18-1829-77abe8c6af59,/p/0/7e5f86f8c69de3c8,4,200,517049,487.754,5559.428,93004
1787859021303,4f0c9d9e-ac09-4e27-9831-1d5a02a21fbb,/p/0/dbe09daba7da41b9,1,200,237887,31.162,2309.734,102993
1787859023566,86512375-51b2-3a79-d081-a3954b8b47f7,/?crawl=160,0,200,5938,57.966,58.048,102295
1787859017859,87c51e7c-53b9-7509-e269-fcfd2195cf4b,/p/0/feea8dad2f3d91c2,3,200,4389858,965.341,5822.729,753918
1787859016787,5eed43c8-69df-53f9-5450-8261ffc9b8fd,/p/0/3afbc0a695533bef,1,200,5618038,60.959,7058.325,795945
1787859022529,7c6def46-a62a-4228-8d73-7c879ff1cecc,/p/0/853d8c9172a4476e,10,200,227435,71.336,1598.599,142271
1787859020039,642626d0-983f-8a2d-45a6-c0fa444f3d26,/p/0/5e535ec02f7a5855,13,200,141761,666.578,4101.112,34566
1787859021335,ca5bb66b-3adb-d4d5-d52e-3638d390fdcd,/p/9/d4eb8ac6ea2935b6,5,200,85474,417.989,3138.623,27233
1787859023069,8bdba6bc-af6a-91a6-deef-b70df88047d5,/p/0/74b1db0f9d8cad2d,3,200,167050,140.736,1425.760,117166
1787859022819,4fa72d51-1a24-fa98-161b-88afde4d318f,/p/0/bcf44a7f8ee1137e,1,200,456640,24.640,1702.228,268260
1787859022819,4fa72d51-1a24-fa98-161b-88afde4d318f,/p/0/bcf4497f8ee111cb,1,200,470183,28.118,1724.009,272727
1787859023566,714719f4-a32a-c3a8-94f0-3a141485e690,/?crawl=159,0,200,387790,36.154,986.369,393149
1787859022819,4fa72d51-1a24-fa98-161b-88afde4d318f,/p/11/bcf4487f8ee11018,1,200,416524,10.515,1740.992,239245
1787859020862,25e73829-b516-14b9-7801-3f09e11db393,/p/2/f33f3734e357f3ba,8,200,286464,128.649,3763.972,76107
1787859019243,25e73829-b516-14b9-7801-3f09e11db393,/p/0/c58ae7c6096e2bd9,7,200,469856,138.162,5388.258,87200
1787858989849,25e73829-b516-14b9-7801-3f09e11db393,/p/0/de025fda2085c98e,2,200,5512006,167.558,34787.153,158449
1787859013108,137aa0c2-0231-c0f6-4478-25584296041c,/p/3/8f60b9fcfcadf983,1,200,2164594,279.121,11604.204,186535
1787859024566,9bc1613d-84c4-c5a7-9fc5-d920f7d0ec2d,/?crawl=162,0,200,35432,49.437,152.211,232783
1787858950888,298c6f93-ed3a-eccd-2ec2-bbf1adc8cdd9,/p/0/55b8b79897514058,8,200,5161795,302.814,73845.886,69900
1787858990550,0de955da-bc4d-e84f-dab5-b9dd2e15be5d,/p/0/1dee41684f3e313e,3,200,3954018,283.940,34211.515,115576
1787859024128,7c6def46-a62a-4228-8d73-7c879ff1cecc,/p/0/853d8b9172a445bb,10,200,85078,73.116,640.768,132775
1787858968350,e2547c5c-53e1-e14d-5d2a-7c275c05a92b,/p/0/11e8d10b46f1d219,3,200,5423079,351.240,56429.061,96104
1787859018005,5a187efd-ff84-49cf-280f-8d6ee97cdfe6,/p/5/eecf24b6f8179870,6,200,2400420,116.367,6829.038,351502
1787859024566,6960ed4b-c766-07ae-b6d1-110eaacdfc71,/?crawl=161,0,200,287486,15.405,267.909,1073074
1787859020403,4bc2a350-802a-2a35-6149-005b93d6bdcd,/p/0/d916d38cddcf8637,2,200,461866,306.836,4438.182,104066
1787859024834,5a187efd-ff84-49cf-280f-8d6ee97cdfe6,/p/0/a172c90fde5a78c,7,200,5632,33.633,50.240,112102
1787859014789,298c6f93-ed3a-eccd-2ec2-bbf1adc8cdd9,/p/0/844397137ea4eaf5,13,200,336277,303.754,10109.641,33263
1787859013108,137aa0c2-0231-c0f6-4478-25584296041c,/p/0/8f60b8fcfcadf7d0,1,200,2236479,298.358,11955.220,187071
1787859013056,752bb213-7214-ebcb-4aa0-14c9717460c6,/p/6/58e1a576ab7d0508,5,200,512612,330.810,12126.028,42274
1787859024560,4fa72d51-1a24-fa98-161b-88afde4d318f,/p/0/c3c1f60b7edf544e,2,200,453337,13.783,722.805,627191
1787859024560,4fa72d51-1a24-fa98-161b-88afde4d318f,/p/10/c3c1f40b7edf50e8,2,200,462354,9.750,725.577,637223
1787859023624,86512375-51b2-3a79-d081-a3954b8b47f7,/p/0/b37102b52e160bc8,1,200,113860,299.045,1708.529,66642
1787859024560,4fa72d51-1a24-fa98-161b-88afde4d318f,/p/0/c3c1f50b7edf529b,2,200,465309,47.106,808.658,575409
1787859025286,4fa72d51-1a24-fa98-161b-88afde4d318f,/p/0/55a01558b62da5ae,3,200,144801,48.457,349.731,414035
1787859011365,441567c6-1a2f-543c-5aa9-e898b4bdb07e,/p/0/440d88fd4ccf883d,1,200,109590,3589.903,14358.529,7632
1787859024712,137aa0c2-0231-c0f6-4478-25584296041c,/p/0/a9e8474316555c42,2,200,366127,674.805,1065.684,343560
1787859021335,ca5bb66b-3adb-d4d5-d52e-3638d390fdcd,/p/0/d4eb8bc6ea293769,5,200,132974,540.378,4490.536,29612
1787859025286,4fa72d51-1a24-fa98-161b-88afde4d318f,/p/0/55a01458b62da3fb,3,200,377697,48.432,572.832,659350
1787859025286,4fa72d51-1a24-fa98-161b-88afde4d318f,/p/9/55a01358b62da248,3,200,462154,48.455,609.737,757956
1787859013567,7da8a4d7-e9a1-f028-1f66-434354dd650a,/?crawl=143,0,200,119279,706.603,12363.629,9648
1787859021444,646ce8ec-26e6-42d8-80fa-ac19f9daa2c9,/p/0/fce8f04b4f289864,4,200,408662,184.326,4526.718,90278
1787859025896,4fa72d51-1a24-fa98-161b-88afde4d318f,/p/8/db23cde796046f15,4,200,28542,42.123,90.765,314462
1787858990039,646ce8ec-26e6-42d8-80fa-ac19f9daa2c9,/p/0/5d6177e5ce13fe31,1,200,4597474,38.969,35991.855,127737
1787858997400,7c6def46-a62a-4228-8d73-7c879ff1cecc,/p/0/1a9815ff7316eadc,2,200,5859497,73.564,28719.853,204023
1787859015258,7042adee-fdad-5268-a08d-b65cb203d086,/p/6/c9b836bdc5f2e45b,3,200,4933800,345.063,10887.439,453164
1787859024712,137aa0c2-0231-c0f6-4478-25584296041c,/p/0/a9e8464316555a8f,2,200,232159,1442.549,1451.364,159959
1787859025896,4fa72d51-1a24-fa98-161b-88afde4d318f,/p/0/db23cbe796046baf,4,200,181049,9.742,290.729,622741
1787859023034,646ce8ec-26e6-42d8-80fa-ac19f9daa2c9,/p/0/88f5da08c0104e4b,5,200,273423,237.393,3167.873,86311
1787859021301,05d6ab71-19b6-5fdc-c436-80d0c3a790a6,/p/0/970ee7c2af1a8d4b,4,200,229251,275.537,5089.807,45041
1787859025986,4fa72d51-1a24-fa98-161b-88afde4d318f,/p/0/81f5d7db12cd3396,5,200,119665,54.244,457.695,261452
1787858990423,344c25b2-cc11-4b54-39a0-a4ac7e1c85da,/p/0/bea606138cd102a2,4,200,2568076,300.551,36079.234,71179
1787859001304,d2fe775f-397e-dd3c-e3aa-cf1472d5e6b1,/p/0/c25c02a7af2a8e13,9,0,3907523,78.942,25261.810,154681
1787859024834,5a187efd-ff84-49cf-280f-8d6ee97cdfe6,/p/4/a172d90fde5a93f,7,200,465803,50.297,1857.983,250704
1787859025987,4fa72d51-1a24-fa98-161b-88afde4d318f,/p/0/81f5d6db12cd31e3,5,200,324376,41.989,716.188,452920
1787858988790,9704073d-a912-8512-0e03-8f59e42619fc,/p/0/bc7c96e0bb8cf19b,1,200,4619318,126.569,38032.273,121458
1787859025896,4fa72d51-1a24-fa98-161b-88afde4d318f,/p/0/db23cce796046d62,4,200,427080,42.248,929.802,459324
1787859019534,a9c239c0-fb7d-8627-7696-46fb1231ceba,/p/0/7679a8a9ac59e389,6,200,2942016,36.057,7321.066,401856
1787859003380,7c6def46-a62a-4228-8d73-7c879ff1cecc,/p/0/45c129541f250a1a,7,200,4319088,111.203,23495.065,183830
1787859019465,037c1d7a-c469-d69e-926b-a70f9312ec48,/p/0/29d25ef40a99535f,8,200,480001,283.281,7429.528,64607
1787859023216,73de6bb5-7c9d-a776-5e23-4f4f30addd80,/p/10/2989f321fa461a05,1,200,422667,28.273,3717.638,113692
1787859023446,4bc2a350-802a-2a35-6149-005b93d6bdcd,/p/0/a53926148dd2e718,3,200,346690,316.518,3558.504,97426
1787859020797,9548f816-2119-6599-0872-67e5cf13231f,/p/0/37e110dfd90aa6eb,2,200,330046,419.488,6334.401,52104
1787859024712,137aa0c2-0231-c0f6-4478-25584296041c,/p/2/a9e84543165558dc,2,200,4935281,351.064,2438.778,2023670
1787859024834,5a187efd-ff84-49cf-280f-8d6ee97cdfe6,/p/0/a172f90fde5aca5,7,200,428693,116.955,2379.585,180155
1787859026566,9e364e47-4743-41c9-099e-bf4306a13c79,/?crawl=164,0,200,334445,33.948,674.722,495678
1787859021301,05d6ab71-19b6-5fdc-c436-80d0c3a790a6,/p/0/970ee8c2af1a8efe,4,200,320245,338.547,5977.391,53576
1787859021566,a6093349-a621-51b9-7e16-3b147bc7f65b,/?crawl=154,0,200,2545395,29.912,5792.135,439457
1787858990550,0de955da-bc4d-e84f-dab5-b9dd2e15be5d,/p/0/1dee40684f3e2f8b,3,200,4954208,283.923,36810.221,134588
1787859022444,b4044865-e040-33ed-4283-6a7bcceba864,/p/7/af79bfd810f4feae,1,200,3288931,16.451,5001.511,657588
1787859010104,b24d5426-e4b8-7023-d5e4-3f80031b593a,/p/0/d4ade065bc3c849,2,200,2491355,258.387,17344.131,143643
1787859010104,b24d5426-e4b8-7023-d5e4-3f80031b593a,/p/0/d4adc065bc3c4e3,2,200,3790728,214.157,17363.701,218313
1787858998444,7c6def46-a62a-4228-8d73-7c879ff1cecc,/p/0/d3a5cc5e6a12582b,3,200,5483219,70.374,29054.482,188722
1787859026566,5009bb9d-5136-0cb0-0c85-3cc9470ef3d8,/?crawl=165,0,200,171037,80.262,944.808,181028
1787859022339,646ce8ec-26e6-42d8-80fa-ac19f9daa2c9,/p/0/88f5dc08c01051b1,5,200,490247,228.449,5173.601,94759
1787859023446,4bc2a350-802a-2a35-6149-005b93d6bdcd,/p/0/a53928148dd2ea7e,3,200,419832,183.741,4121.301,101869
1787859027446,b4044865-e040-33ed-4283-6a7bcceba864,/p/6/67e28c895b5eabe3,2,200,41177,60.548,169.467,242980
1787859019465,037c1d7a-c469-d69e-926b-a70f9312ec48,/p/15/29d25df40a9951ac,8,200,524103,510.154,8159.316,64234
1787859023407,8ed81de0-ef3b-468d-6ce6-ca26405c456c,/p/0/43db26517cc67094,2,200,341263,253.609,4271.188,79899
1787859025566,b89c026c-5d1d-762f-d681-2f124bba4e06,/?crawl=163,0,200,154105,158.832,2130.007,72350
1787859024552,714719f4-a32a-c3a8-94f0-3a141485e690,/p/18/505e9ddd237c062b,1,200,385508,35.870,3148.630,122437
1787859026692,5a187efd-ff84-49cf-280f-8d6ee97cdfe6,/p/0/cf85f5dd020ff8dd,8,200,118671,168.535,1045.453,113512
1787859027615,b4044865-e040-33ed-4283-6a7bcceba864,/p/0/a87e5810a88b94e3,3,200,8631,67.336,125.954,68525
1787859023446,4bc2a350-802a-2a35-6149-005b93d6bdcd,/p/0/a53927148dd2e8cb,3,200,433604,215.309,4335.221,100019
1787859025986,4fa72d51-1a24-fa98-161b-88afde4d318f,/p/7/81f5d5db12cd3030,5,200,2223300,41.927,1841.701,1207199
1787859027615,b4044865-e040-33ed-4283-6a7bcceba864,/p/0/a87e5910a88b9696,3,200,48034,67.267,233.591,205633
1787859027446,b4044865-e040-33ed-4283-6a7bcceba864,/p/0/67e28e895b5eaf49,2,200,136461,77.155,549.421,248372
1787859027566,0040724b-e9fa-5ede-d947-053cddc9936d,/?crawl=166,0,200,76855,145.513,514.217,149460
1787859027828,4fa72d51-1a24-fa98-161b-88afde4d318f,/p/6/d9247b95cee289ff,6,200,100606,65.838,254.985,394557
1787859024718,9bc1613d-84c4-c5a7-9fc5-d920f7d0ec2d,/p/3/da45ae70574bf9a1,1,200,283130,52.361,3473.431,81513
1787859027828,4fa72d51-1a24-fa98-161b-88afde4d318f,/p/0/d9247a95cee2884c,6,200,244988,9.482,380.528,643811
1787859024631,25e73829-b516-14b9-7801-3f09e11db393,/p/0/f33f3534e357f054,8,200,334355,836.483,3627.840,92164
1787859025930,7da8a4d7-e9a1-f028-1f66-434354dd650a,/p/0/ed526c3042e76556,1,200,87366,125.332,2348.861,37195
1787859026146,7042adee-fdad-5268-a08d-b65cb203d086,/p/0/2beca630901225e0,4,200,117548,384.139,2152.100,54620
1787859023624,86512375-51b2-3a79-d081-a3954b8b47f7,/p/3/b37103b52e160d7b,1,200,393688,326.117,4689.710,83947
1787859024718,9bc1613d-84c4-c5a7-9fc5-d920f7d0ec2d,/p/0/da45ad70574bf7ee,1,200,238428,432.777,3610.018,66046
1787859026933,73de6bb5-7c9d-a776-5e23-4f4f30addd80,/p/9/3eac1e95c90dd99e,2,200,112742,184.949,1464.755,76970
1787859028083,4fa72d51-1a24-fa98-161b-88afde4d318f,/p/0/16794988b748e991,7,200,94481,52.171,377.675,250165
1787859021301,05d6ab71-19b6-5fdc-c436-80d0c3a790a6,/p/20/970ee9c2af1a90b1,4,200,522469,212.592,7194.989,72616
1787859028083,4fa72d51-1a24-fa98-161b-88afde4d318f,/p/5/16794788b748e62b,7,200,198287,57.348,427.081,464285
1787859028192,9bc1613d-84c4-c5a7-9fc5-d920f7d0ec2d,/p/2/1ad5d72b61871f58,2,200,105843,194.368,414.448,255383
1787859028083,4fa72d51-1a24-fa98-161b-88afde4d318f,/p/0/16794688b748e478,7,200,258137,65.923,683.098,377892
1787859028496,05d6ab71-19b6-5fdc-c436-80d0c3a790a6,/p/0/dd151ff42f13aa5a,5,200,7901,211.842,275.919,28635
1787859027701,714719f4-a32a-c3a8-94f0-3a141485e690,/p/0/dbca9d23da991326,2,200,101566,185.797,1122.758,90461
1787859027151,137aa0c2-0231-c0f6-4478-25584296041c,/p/0/d7d0754009e310ce,3,200,275044,2.573,1704.509,161363
1787859027151,137aa0c2-0231-c0f6-4478-25584296041c,/p/0/d7d0744009e30f1b,3,200,404444,4.258,1705.751,237106
1787859024718,9bc1613d-84c4-c5a7-9fc5-d920f7d0ec2d,/p/0/da45ac70574bf63b,1,200,489260,52.412,4154.507,117766
1787859024636,25e73829-b516-14b9-7801-3f09e11db393,/p/1/3b02b1fe8c44fa0,9,200,309182,930.460,4382.575,70548
1787859026146,7042adee-fdad-5268-a08d-b65cb203d086,/p/0/2beca93090122af9,4,200,196521,383.952,2877.529,68295
1787859026692,5a187efd-ff84-49cf-280f-8d6ee97cdfe6,/p/0/cf85f2dd020ff3c4,8,200,426702,218.656,2338.807,182444
1787859028192,9bc1613d-84c4-c5a7-9fc5-d920f7d0ec2d,/p/0/1ad5d82b6187210b,2,200,245220,194.245,913.644,268398
1787859028606,9bc1613d-84c4-c5a7-9fc5-d920f7d0ec2d,/p/0/3319d535ebc9c218,3,200,71433,500.463,503.087,141989
1787859028606,9bc1613d-84c4-c5a7-9fc5-d920f7d0ec2d,/p/1/3319d635ebc9c3cb,3,200,113484,500.309,504.303,225031
1787859023407,8ed81de0-ef3b-468d-6ce6-ca26405c456c,/p/0/43db29517cc675ad,2,200,468377,253.362,5754.390,81395
1787858996072,9704073d-a912-8512-0e03-8f59e42619fc,/p/1/be54ac5fb1033201,4,200,4912951,234.022,33100.300,148426
1787859029173,9704073d-a912-8512-0e03-8f59e42619fc,/p/0/46d1bd38ccd5f637,5,200,18963,3.317,11.762,1612278
1787859029173,9704073d-a912-8512-0e03-8f59e42619fc,/p/0/46d1bc38ccd5f484,5,200,78791,2.695,17.642,4466057
1787859026692,5a187efd-ff84-49cf-280f-8d6ee97cdfe6,/p/3/cf85f4dd020ff72a,8,200,432877,269.726,2572.824,168250
1787859028606,9bc1613d-84c4-c5a7-9fc5-d920f7d0ec2d,/p/0/3319d835ebc9c731,3,200,428520,499.838,708.532,604800
1787859028510,4fa72d51-1a24-fa98-161b-88afde4d318f,/p/0/1d9be4d5e006c6f2,8,200,224858,49.710,845.282,266015
1787859020775,c31f8dec-7f04-996f-4492-10677266d405,/p/1/4876484e133f4ba6,1,200,3082809,176.619,8599.751,358477
1787859028398,73de6bb5-7c9d-a776-5e23-4f4f30addd80,/p/8/ff3f9371836085af,3,200,57638,229.164,993.577,58011
1787859027696,b89c026c-5d1d-762f-d681-2f124bba4e06,/p/14/46db5912c2b1038e,1,200,82697,157.943,1734.090,47689
1787859028510,4fa72d51-1a24-fa98-161b-88afde4d318f,/p/0/1d9be3d5e006c53f,8,200,416837,46.623,920.270,452951
1787859029173,9704073d-a912-8512-0e03-8f59e42619fc,/p/0/46d1bf38ccd5f99d,5,200,267387,11.755,262.861,1017217
1787859029110,9bc1613d-84c4-c5a7-9fc5-d920f7d0ec2d,/p/0/482b4265d9125d5f,4,200,123609,208.614,325.769,379438
1787858935584,c059e2ba-67b5-441d-83f3-96a164e9d07d,/p/0/b87e37850487f020,8,0,5155435,245.885,93981.963,54856
1787859015810,298c6f93-ed3a-eccd-2ec2-bbf1adc8cdd9,/p/0/844396137ea4e942,13,0,1310467,273.696,13755.788,95267
1787859017899,298c6f93-ed3a-eccd-2ec2-bbf1adc8cdd9,/p/0/844395137ea4e78f,13,0,677115,359.529,11667.390,58035
1787859005128,298c6f93-ed3a-eccd-2ec2-bbf1adc8cdd9,/p/0/c4255afff72ac999,12,0,1374675,365.085,24438.247,56251
1787858969919,298c6f93-ed3a-eccd-2ec2-bbf1adc8cdd9,/p/0/7dab374d8e80004f,11,0,2621467,3269.803,59647.024,43950
1787858953858,c059e2ba-67b5-441d-83f3-96a164e9d07d,/p/0/1f67b35c8259647f,11,0,4517111,374.827,75707.967,59665
1787858952126,c059e2ba-67b5-441d-83f3-96a164e9d07d,/p/0/1f67b45c82596632,11,0,4561687,263.482,77439.845,58906
1787858978993,c059e2ba-67b5-441d-83f3-96a164e9d07d,/p/0/a2e020de2ff4691,13,0,3073223,204.226,50572.773,60768
1787858991711,c059e2ba-67b5-441d-83f3-96a164e9d07d,/p/0/a2e000de2ff432b,13,0,2618811,445.608,37854.730,69181
1787859027358,a6093349-a621-51b9-7e16-3b147bc7f65b,/p/0/6f4af3093c7537cc,1,200,445583,27.790,2225.761,200194
1787858979011,366782b9-b94f-5579-a16b-c8dd20449e42,/p/0/3b9a302ab6473eb1,4,200,3537428,354.797,50587.484,69927
1787859028259,25e73829-b516-14b9-7801-3f09e11db393,/p/0/3b02c1fe8c45153,9,200,141436,225.639,1364.939,103621
1787859027241,9e364e47-4743-41c9-099e-bf4306a13c79,/p/10/11a592b8081e5c7,1,200,247395,28.726,2409.886,102658
1787859028398,73de6bb5-7c9d-a776-5e23-4f4f30addd80,/p/0/ff3f9271836083fc,3,200,84342,142.643,1264.232,66714
1787859028314,86512375-51b2-3a79-d081-a3954b8b47f7,/p/0/e6f96346a3661032,2,200,35263,411.824,1369.387,25751
1787858997566,8b239d91-9028-c843-ee04-6fcad58954ca,/?crawl=123,0,200,5914533,75.660,32193.857,183716
1787859029375,c31f8dec-7f04-996f-4492-10677266d405,/p/0/940242e28afb2f86,2,200,65869,177.960,464.886,141689
1787859022566,f66824d7-5a6e-f9b4-9eae-e3bd8f0ea84d,/?crawl=156,0,200,2517360,38.493,7303.077,344699
1787859021846,366782b9-b94f-5579-a16b-c8dd20449e42,/p/0/ecb32da1a234b709,9,200,491410,237.757,8073.721,60865
1787859028566,fc2471ff-7be5-fa76-c056-b2f81b246539,/?crawl=167,0,200,239031,85.250,1368.680,174643
1787859029935,fc2471ff-7be5-fa76-c056-b2f81b246539,/p/0/9484af89151cdd8d,1,200,10843,84.848,128.581,84328
1787859008688,7c6def46-a62a-4228-8d73-7c879ff1cecc,/p/0/2e48f6377f0e325a,9,200,4911371,72.495,21475.684,228695
1787859027358,a6093349-a621-51b9-7e16-3b147bc7f65b,/p/0/6f4af4093c75397f,1,200,493042,27.802,3036.867,162352
1787859029375,c31f8dec-7f04-996f-4492-10677266d405,/p/0/940241e28afb2dd3,2,200,189879,162.727,1037.648,182990
1787859029566,650f1820-765c-4869-94a2-b1afa0f0c318,/?crawl=170,0,200,400507,35.710,897.218,446388
1787859022529,7c6def46-a62a-4228-8d73-7c879ff1cecc,/p/9/853d8d9172a44921,10,200,2974658,71.319,8010.026,371367
1787859029375,c31f8dec-7f04-996f-4492-10677266d405,/p/0/940240e28afb2c20,2,200,440700,31.248,1570.878,280544
1787859030539,7c6def46-a62a-4228-8d73-7c879ff1cecc,/p/8/26814040bbf128c2,11,200,192975,73.564,432.466,446220
1787859030972,7c6def46-a62a-4228-8d73-7c879ff1cecc,/p/0/3dfebcd1b33a3dc1,12,200,14004,80.789,116.037,120686
1787859027701,714719f4-a32a-c3a8-94f0-3a141485e690,/p/17/dbca9e23da9914d9,2,200,306162,204.234,3462.452,88423
1787859021868,5dbb1d76-0c13-9689-29af-d6a7939dfe9e,/p/0/e68a0e376ec1841e,2,200,2705609,86.440,9352.719,289286
1787859030539,7c6def46-a62a-4228-8d73-7c879ff1cecc,/p/0/26814140bbf12a75,11,200,186363,80.754,692.438,269141
1787859029651,9e364e47-4743-41c9-099e-bf4306a13c79,/p/9/3d716b74c30b71c4,2,200,217260,220.045,1636.143,132788
1787859030972,7c6def46-a62a-4228-8d73-7c879ff1cecc,/p/7/3dfebbd1b33a3c0e,12,200,77416,73.648,412.851,187516
1787859025182,752bb213-7214-ebcb-4aa0-14c9717460c6,/p/0/8fa79ab79e967aa0,6,200,230210,306.566,6273.083,36698
1787859028496,05d6ab71-19b6-5fdc-c436-80d0c3a790a6,/p/19/dd151df42f13a6f4,5,200,147673,232.990,2993.340,49334
1787859029869,f66824d7-5a6e-f9b4-9eae-e3bd8f0ea84d,/p/0/961f9bc465ab208c,1,200,140096,37.616,1626.640,86126
1787859027511,5009bb9d-5136-0cb0-0c85-3cc9470ef3d8,/p/0/6db004cdebe6f167,1,200,200292,117.449,4048.258,49476
1787859000969,c3585e59-0c09-756a-7acb-79af838ae834,/p/0/5bbee659ad9bc2b8,11,200,5868628,170.496,30797.605,190555
1787859031566,08ccfacb-4e69-adc0-7b17-ab9906bf75ac,/?crawl=173,0,200,106772,28.719,209.175,510444
1787859030972,7c6def46-a62a-4228-8d73-7c879ff1cecc,/p/0/3dfeb9d1b33a38a8,12,200,186771,73.631,820.403,227658
1787859031566,f8b95f22-53ca-5e7c-f873-164e182a3d9d,/?crawl=175,0,200,171595,23.194,333.116,515121
1787859025182,752bb213-7214-ebcb-4aa0-14c9717460c6,/p/5/8fa79cb79e967e06,6,200,272389,425.282,6754.511,40327
1787859029265,5a187efd-ff84-49cf-280f-8d6ee97cdfe6,/p/0/5c2d39197f47eca9,9,200,376732,34.014,2795.601,134759
1787859029018,25e73829-b516-14b9-7801-3f09e11db393,/p/0/3b02d1fe8c45306,9,200,314994,165.719,3046.140,103408
1787859000969,c3585e59-0c09-756a-7acb-79af838ae834,/p/0/5bbee959ad9bc7d1,11,200,5579121,203.415,31106.207,179357
1787859029869,f66824d7-5a6e-f9b4-9eae-e3bd8f0ea84d,/p/0/961f9ec465ab25a5,1,200,408516,162.621,2214.441,184478
1787859030539,7c6def46-a62a-4228-8d73-7c879ff1cecc,/p/0/26813e40bbf1255c,11,200,517627,14.332,1548.478,334281
1787859027624,037c1d7a-c469-d69e-926b-a70f9312ec48,/p/0/249a640c38d37e74,9,200,229019,454.270,4630.503,49459
1787859027828,4fa72d51-1a24-fa98-161b-88afde4d318f,/p/0/d9247d95cee28d65,6,200,3452963,46.343,4437.344,778160
1787859028314,86512375-51b2-3a79-d081-a3954b8b47f7,/p/2/e6f96146a3660ccc,2,200,342579,358.469,3963.325,86437
1787859029869,f66824d7-5a6e-f9b4-9eae-e3bd8f0ea84d,/p/15/961f9dc465ab23f2,1,200,396251,56.582,2418.140,163866
1787859027241,9e364e47-4743-41c9-099e-bf4306a13c79,/p/0/11a582b8081e414,1,200,443008,43.870,5184.554,85448
1787859031385,7c6def46-a62a-4228-8d73-7c879ff1cecc,/p/6/4dc12255d0ce2da3,13,200,273126,78.716,1052.320,259547
1787859029392,73de6bb5-7c9d-a776-5e23-4f4f30addd80,/p/0/ff3f957183608915,3,200,253239,199.344,3133.686,80812
1787859020403,4bc2a350-802a-2a35-6149-005b93d6bdcd,/p/0/d916d48cddcf87ea,2,200,3035581,366.734,12127.846,250298
1787859022444,b4044865-e040-33ed-4283-6a7bcceba864,/p/0/af79c0d810f50061,1,200,5248566,10.600,10189.115,515115
1787859028510,4fa72d51-1a24-fa98-161b-88afde4d318f,/p/4/1d9be2d5e006c38c,8,200,3691017,72.975,4166.613,885855
1787859032677,4fa72d51-1a24-fa98-161b-88afde4d318f,/p/0/f03e85db5f2bfec3,9,200,55333,8.294,114.240,484359
1787859032677,4fa72d51-1a24-fa98-161b-88afde4d318f,/p/3/f03e87db5f2c0229,9,200,169399,12.748,215.898,784625
1787859032677,4fa72d51-1a24-fa98-161b-88afde4d318f,/p/0/f03e86db5f2c0076,9,200,191072,25.978,237.057,806018
1787859024474,ca5bb66b-3adb-d4d5-d52e-3638d390fdcd,/p/8/e3169c13e2fc6b18,6,200,261324,452.206,8512.414,30699
1787859032277,86512375-51b2-3a79-d081-a3954b8b47f7,/p/1/c14a47564669270b,3,200,32556,273.058,761.525,42751
1787859031566,daeade3d-31ba-28a4-a108-39ecf577bd9f,/?crawl=176,0,200,285625,77.773,1488.416,191899
1787859032893,4fa72d51-1a24-fa98-161b-88afde4d318f,/p/2/b2ce942299800086,10,200,133887,21.222,222.205,602538
1787859032287,f66824d7-5a6e-f9b4-9eae-e3bd8f0ea84d,/p/0/bb449c0cc2f9adf9,2,200,149598,127.887,1015.075,147376
1787859030463,650f1820-765c-4869-94a2-b1afa0f0c318,/p/5/2d8136ff176728d2,1,200,254664,165.383,2853.636,89242
1787859027151,137aa0c2-0231-c0f6-4478-25584296041c,/p/1/d7d0764009e31281,3,200,3035551,4.145,6277.098,483591
1787859029935,fc2471ff-7be5-fa76-c056-b2f81b246539,/p/0/9484ae89151cdbda,1,200,254025,128.285,3664.743,69316
1787859033054,daeade3d-31ba-28a4-a108-39ecf577bd9f,/p/0/b90337cd9bc56613,1,200,84721,79.074,560.243,151222
1787859032437,7c6def46-a62a-4228-8d73-7c879ff1cecc,/p/0/269066b2281fdcce,14,200,281715,119.159,1262.609,223121
1787859033115,4fa72d51-1a24-fa98-161b-88afde4d318f,/p/1/9863dca47487ce50,11,200,192834,89.085,596.856,323083
1787859030463,650f1820-765c-4869-94a2-b1afa0f0c318,/p/0/2d8137ff17672a85,1,200,419864,31.003,3374.393,124427
1787859033115,4fa72d51-1a24-fa98-161b-88afde4d318f,/p/0/9863dea47487d1b6,11,200,269774,56.226,743.487,362850
1787859033115,4fa72d51-1a24-fa98-161b-88afde4d318f,/p/0/9863dda47487d003,11,200,267598,51.022,763.425,350523
1787858976935,701f3cd0-0429-7076-94ab-7ca9c4aa7416,/p/0/4b2b3614e574bb56,2,200,3685379,2.460,56970.736,64689
1787859021303,4f0c9d9e-ac09-4e27-9831-1d5a02a21fbb,/p/0/dbe09baba7da3e53,1,200,2478567,31.166,12661.493,195756
1787859033054,daeade3d-31ba-28a4-a108-39ecf577bd9f,/p/1/b90336cd9bc56460,1,200,75325,594.384,1014.215,74269
1787859033428,137aa0c2-0231-c0f6-4478-25584296041c,/p/0/687ba4bce5e85cb,4,200,53154,211.876,657.308,80866
1787859027446,b4044865-e040-33ed-4283-6a7bcceba864,/p/0/67e28b895b5eaa30,2,200,2958797,65.411,6749.078,438400
1787859020039,642626d0-983f-8a2d-45a6-c0fa444f3d26,/p/0/5e535bc02f7a533c,13,0,663623,666.430,14239.975,46603
1787858946607,642626d0-983f-8a2d-45a6-c0fa444f3d26,/p/0/3cd755f01341675b,7,0,4870651,354.116,87672.056,55555
1787859017021,642626d0-983f-8a2d-45a6-c0fa444f3d26,/p/0/f82ba1e9c9726d29,12,0,975451,405.174,17258.020,56522
1787859020039,642626d0-983f-8a2d-45a6-c0fa444f3d26,/p/11/5e535cc02f7a54ef,13,0,451234,736.421,14240.039,31688
1787859013490,642626d0-983f-8a2d-45a6-c0fa444f3d26,/p/0/f82b9ee9c9726810,12,0,767935,467.737,20788.840,36940
1787859029566,f0ab0b2e-2e29-16eb-2df4-192fa4568cfd,/?crawl=168,0,200,444706,122.459,4794.338,92756
1787859015222,5b3dfc9e-0855-ffd9-5fca-277881d761a4,/p/0/5985c31ad34c0baa,3,200,5665127,196.987,19245.592,294360
1787859029651,9e364e47-4743-41c9-099e-bf4306a13c79,/p/0/3d716c74c30b7377,2,200,500388,174.881,4835.121,103490
1787859031899,f8b95f22-53ca-5e7c-f873-164e182a3d9d,/p/0/734234e659964333,1,200,340086,21.292,2658.721,127913
1787859033712,4fa72d51-1a24-fa98-161b-88afde4d318f,/p/0/b729cf52377c73fb,12,200,327937,63.985,851.930,384934
1787858993393,646ce8ec-26e6-42d8-80fa-ac19f9daa2c9,/p/0/4ba5f6b3a1d2957a,3,200,6211428,247.530,41288.542,150440
1787858965366,f425fcd3-622b-2b78-2e59-556f926f6ef7,/p/0/6031c67dcf4f390b,1,200,6047129,81.076,69322.214,87232
1787859029760,8b239d91-9028-c843-ee04-6fcad58954ca,/p/3/3c25316e3c92ca52,1,200,400026,74.544,4981.695,80299
1787859021516,f425fcd3-622b-2b78-2e59-556f926f6ef7,/p/0/c0cbd70d6fa62086,2,200,440810,449.123,13252.855,33262
1787859033567,f826132f-ecc6-fa5f-718b-fc336e558002,/?crawl=177,0,200,519155,37.025,1229.984,422083
1787859033859,4fa72d51-1a24-fa98-161b-88afde4d318f,/p/0/b729d152377c7761,12,200,308715,97.110,940.956,328087
1787859024474,ca5bb66b-3adb-d4d5-d52e-3638d390fdcd,/p/0/e3169d13e2fc6ccb,6,200,366151,493.453,10460.231,35004
1787858992577,db465bc7-3c36-6c38-6cdc-56400ab10e94,/p/0/ea507994b5d20ed5,9,200,2098940,524.195,42400.586,49503
1787859031163,714719f4-a32a-c3a8-94f0-3a141485e690,/p/16/b0b40bf935c8e03b,3,200,223049,236.531,3816.648,58441
1787858986561,344c25b2-cc11-4b54-39a0-a4ac7e1c85da,/p/0/a49e9a24cafbc81a,3,200,4279714,48.884,48439.287,88352
1787859021868,5dbb1d76-0c13-9689-29af-d6a7939dfe9e,/p/0/e68a0d376ec1826b,2,200,4043565,86.330,13178.859,306822
1787859034069,daeade3d-31ba-28a4-a108-39ecf577bd9f,/p/0/d801a35c5f8c8447,2,200,44219,408.811,978.317,45199
1787859031899,f8b95f22-53ca-5e7c-f873-164e182a3d9d,/p/0/734235e6599644e6,1,200,453788,172.005,3393.561,133720
1787859033039,86512375-51b2-3a79-d081-a3954b8b47f7,/p/0/64e56b90b8b6c22e,4,200,95414,573.798,2312.634,41258
1787859027615,b4044865-e040-33ed-4283-6a7bcceba864,/p/5/a87e5a10a88b9849,3,200,4788485,61.204,7768.198,616422
1787859031490,05d6ab71-19b6-5fdc-c436-80d0c3a790a6,/p/18/375c536c54d23a81,6,200,293662,296.099,3916.393,74983
1787859032287,f66824d7-5a6e-f9b4-9eae-e3bd8f0ea84d,/p/14/bb449b0cc2f9ac46,2,200,410140,36.396,3128.466,131099
1787859035383,b4044865-e040-33ed-4283-6a7bcceba864,/p/0/ac4fb53b9226b7d7,4,200,83406,34.859,206.884,403153
1787859027624,037c1d7a-c469-d69e-926b-a70f9312ec48,/p/0/249a670c38d3838d,9,200,472603,304.797,7982.545,59205
1787859035383,b4044865-e040-33ed-4283-6a7bcceba864,/p/0/ac4fb63b9226b98a,4,200,108684,62.098,236.883,458809
1787859029651,9e364e47-4743-41c9-099e-bf4306a13c79,/p/0/3d716d74c30b752a,2,200,407342,190.717,6120.427,66555
1787859032277,86512375-51b2-3a79-d081-a3954b8b47f7,/p/0/c14a495646692a71,3,200,94024,409.681,3644.386,25800
1787859033428,137aa0c2-0231-c0f6-4478-25584296041c,/p/0/687bb4bce5e877e,4,200,319449,38.622,2497.512,127907
1787859035383,b4044865-e040-33ed-4283-6a7bcceba864,/p/4/ac4fb73b9226bb3d,4,200,211012,13.074,586.618,359710
1787859032437,7c6def46-a62a-4228-8d73-7c879ff1cecc,/p/0/269065b2281fdb1b,14,200,448087,76.619,3572.703,125420
1787859035970,b4044865-e040-33ed-4283-6a7bcceba864,/p/0/cb11e4301b116cbd,5,200,55755,12.380,169.208,329505
1787859019851,5dbb1d76-0c13-9689-29af-d6a7939dfe9e,/p/0/b50bf4f07ea458f9,1,200,5726014,18.579,16341.393,350399
1787859032437,7c6def46-a62a-4228-8d73-7c879ff1cecc,/p/5/269067b2281fde81,14,200,367514,146.576,3814.987,96334
1787858995403,27cdb0b8-4d52-8414-70ac-f0f2c221ca41,/p/0/b9e241db355ca62e,3,200,3596609,331.098,40976.518,87772
1787858988152,366782b9-b94f-5579-a16b-c8dd20449e42,/p/0/63ac7d9d4aa0f9b9,6,200,3660903,217.222,48281.249,75825
1787859035970,b4044865-e040-33ed-4283-6a7bcceba864,/p/0/cb11e1301b1167a4,5,200,219360,46.915,480.662,456370
1787859035406,05d6ab71-19b6-5fdc-c436-80d0c3a790a6,/p/0/375c516c54d2371b,6,200,70779,432.197,1239.969,57081
1787859032425,9e364e47-4743-41c9-099e-bf4306a13c79,/p/0/bf612e4e3d06b6fb,3,200,457652,248.055,4246.449,107773
1787859032526,73de6bb5-7c9d-a776-5e23-4f4f30addd80,/p/0/e64a474c00834466,4,200,247211,187.167,4183.172,59097
1787859032986,ca5bb66b-3adb-d4d5-d52e-3638d390fdcd,/p/0/8aaffba9ea33c5ee,7,200,51060,496.743,3772.604,13534
1787859024474,ca5bb66b-3adb-d4d5-d52e-3638d390fdcd,/p/0/e3169e13e2fc6e7e,6,200,396481,412.484,12285.190,32273
1787859035416,f66824d7-5a6e-f9b4-9eae-e3bd8f0ea84d,/p/0/b01ee3374ded06b6,3,200,92140,203.370,1359.850,67757
1787859027696,b89c026c-5d1d-762f-d681-2f124bba4e06,/p/0/46db5712c2b10028,1,200,265917,157.977,9116.844,29168
1787859034797,f826132f-ecc6-fa5f-718b-fc336e558002,/p/1/4c6d8c2b30605a73,1,200,333502,34.565,2033.801,163980
1787859034797,f826132f-ecc6-fa5f-718b-fc336e558002,/p/0/4c6d8e2b30605dd9,1,200,372500,252.135,2051.176,181603
1787858970233,366782b9-b94f-5579-a16b-c8dd20449e42,/p/0/5a7cd69b0d37d271,2,200,5362135,32.336,66718.389,80370
1787859033317,650f1820-765c-4869-94a2-b1afa0f0c318,/p/0/fa3157f02fb2a133,2,200,343477,274.783,3685.544,93196
1787859036252,7c6def46-a62a-4228-8d73-7c879ff1cecc,/p/0/e2bcdaef9a6e57aa,15,200,100811,404.085,799.062,126162
1787859036566,f57ad8a4-0903-3e86-d441-8af637d36673,/?crawl=180,0,200,130008,62.726,516.808,251560
1787859029760,8b239d91-9028-c843-ee04-6fcad58954ca,/p/0/3c252f6e3c92c6ec,1,200,457035,374.157,7422.820,61572
1787859034797,f826132f-ecc6-fa5f-718b-fc336e558002,/p/0/4c6d8b2b306058c0,1,200,403770,454.036,2493.592,161923
1787859036831,f826132f-ecc6-fa5f-718b-fc336e558002,/p/0/3dbde047dcf099fb,2,200,5647,460.094,460.130,12273
1787859033317,650f1820-765c-4869-94a2-b1afa0f0c318,/p/0/fa3158f02fb2a2e6,2,200,417260,309.031,3979.514,104852
1787859036566,9d22a23d-bb94-c16a-6103-d21f04120b14,/?crawl=181,0,200,314740,36.753,764.203,411854
1787858995466,344c25b2-cc11-4b54-39a0-a4ac7e1c85da,/p/0/d0da4efff4d1cb49,5,200,3613696,364.537,41953.686,86135
1787859030566,21745dd8-ab5f-da68-ed1b-8cb9347b065b,/?crawl=172,0,200,4199532,22.031,6886.634,609809
1787859032064,25e73829-b516-14b9-7801-3f09e11db393,/p/0/1dcd2fe25add5f3c,10,200,470258,149.331,5428.878,86622
1787859033317,650f1820-765c-4869-94a2-b1afa0f0c318,/p/4/fa3159f02fb2a499,2,200,414776,486.549,4211.941,98476
1787859037453,21745dd8-ab5f-da68-ed1b-8cb9347b065b,/p/0/6ac8c43ee313cac,1,200,51523,21.654,84.816,607468
1787859036252,7c6def46-a62a-4228-8d73-7c879ff1cecc,/p/4/e2bcdbef9a6e595d,15,200,279477,408.514,1322.891,211262
1787859036831,f826132f-ecc6-fa5f-718b-fc336e558002,/p/0/3dbde147dcf09bae,2,200,112117,460.076,745.871,150317
1787859036709,73de6bb5-7c9d-a776-5e23-4f4f30addd80,/p/0/e64a464c008342b3,4,200,52703,284.347,896.723,58773
1787859031490,05d6ab71-19b6-5fdc-c436-80d0c3a790a6,/p/0/375c526c54d238ce,6,200,459516,210.541,6163.560,74554
1787858995404,27cdb0b8-4d52-8414-70ac-f0f2c221ca41,/p/0/b9e240db355ca47b,3,200,3453018,252.479,42309.433,81613
1787858995466,344c25b2-cc11-4b54-39a0-a4ac7e1c85da,/p/0/d0da4bfff4d1c630,5,200,4397082,314.236,42553.397,103331
1787859023407,8ed81de0-ef3b-468d-6ce6-ca26405c456c,/p/1/43db28517cc673fa,2,200,2109795,318.428,14615.673,144352
1787859011365,441567c6-1a2f-543c-5aa9-e898b4bdb07e,/p/0/440d85fd4ccf8324,1,200,498829,2895.827,26746.538,18650
1787859032893,4fa72d51-1a24-fa98-161b-88afde4d318f,/p/0/b2ce9222997ffd20,10,200,2646623,48.107,5241.499,504936
1787859037453,21745dd8-ab5f-da68-ed1b-8cb9347b065b,/p/0/6ac8d43ee313e5f,1,200,214497,116.079,693.217,309423
1787859037330,9d22a23d-bb94-c16a-6103-d21f04120b14,/p/0/1679f97aba9c6ff5,1,200,163346,33.977,835.222,195572
1787859038023,8ed81de0-ef3b-468d-6ce6-ca26405c456c,/p/0/33383d153e29334e,3,200,24443,270.446,440.050,55546
1787859035416,f66824d7-5a6e-f9b4-9eae-e3bd8f0ea84d,/p/13/b01ee1374ded0350,3,200,350888,251.529,3050.498,115026
1787859035416,f66824d7-5a6e-f9b4-9eae-e3bd8f0ea84d,/p/0/b01ee2374ded0503,3,200,410456,222.704,3118.927,131602
1787859038023,8ed81de0-ef3b-468d-6ce6-ca26405c456c,/p/0/33383c153e29319b,3,200,18061,252.285,582.644,30998
1787859036831,f826132f-ecc6-fa5f-718b-fc336e558002,/p/0/3dbde247dcf09d61,2,200,317516,459.920,1888.872,168098
1787859022339,646ce8ec-26e6-42d8-80fa-ac19f9daa2c9,/p/0/88f5db08c0104ffe,5,200,4427808,214.785,16419.472,269668
1787859037083,f57ad8a4-0903-3e86-d441-8af637d36673,/p/0/a9e44cd84f3762a2,1,200,215419,53.271,1806.264,119262
1787859037575,7c6def46-a62a-4228-8d73-7c879ff1cecc,/p/0/40dab37bfd9c9014,16,200,164100,93.472,1327.446,123621
1787859037575,7c6def46-a62a-4228-8d73-7c879ff1cecc,/p/0/40dab67bfd9c952d,16,200,229156,107.081,1379.604,166103
1787859038612,687ca5a8-7c1b-ca08-aa90-e1155fa3b95d,/?crawl=182,0,200,71497,125.964,417.449,171271
1787859036252,7c6def46-a62a-4228-8d73-7c879ff1cecc,/p/0/e2bcd9ef9a6e55f7,15,200,505807,414.687,3146.463,160754
1787859037575,7c6def46-a62a-4228-8d73-7c879ff1cecc,/p/3/40dab57bfd9c937a,16,200,339133,100.342,1845.111,183801
1787858986707,ca5bb66b-3adb-d4d5-d52e-3638d390fdcd,/p/0/e7ab0d15d9e77a,2,200,4790068,289.936,52743.332,90818
1787859010472,25e73829-b516-14b9-7801-3f09e11db393,/p/0/24f94784f2158c06,5,200,3604065,127.169,29140.759,123678
1787859038466,f66824d7-5a6e-f9b4-9eae-e3bd8f0ea84d,/p/0/bed3c5247c1deac0,4,200,63279,190.946,1250.884,50587
1787859031899,f8b95f22-53ca-5e7c-f873-164e182a3d9d,/p/4/734236e659964699,1,200,3825351,172.022,7833.151,488354
1787859027358,a6093349-a621-51b9-7e16-3b147bc7f65b,/p/0/6f4af5093c753b32,1,200,5392180,96.303,12422.301,434073
1787858985701,0778ef55-3de4-0cd3-a882-70bdab7c84af,/p/0/dedf11a840783cac,4,200,2508160,411.953,54182.993,46291
1787859021303,4f0c9d9e-ac09-4e27-9831-1d5a02a21fbb,/p/0/dbe09caba7da4006,1,200,5349541,172.506,18582.086,287887
1787859039420,7c6def46-a62a-4228-8d73-7c879ff1cecc,/p/0/e81ba25fcc433e83,17,200,73580,78.867,477.099,154224
1787859038467,f66824d7-5a6e-f9b4-9eae-e3bd8f0ea84d,/p/12/bed3c7247c1dee26,4,200,178028,190.648,1455.634,122303
1787859033054,daeade3d-31ba-28a4-a108-39ecf577bd9f,/p/0/b90338cd9bc567c6,1,200,296025,451.084,7021.302,42161
1787859027696,b89c026c-5d1d-762f-d681-2f124bba4e06,/p/0/46db5a12c2b10541,1,200,461573,474.119,12414.828,37179
1787859034069,daeade3d-31ba-28a4-a108-39ecf577bd9f,/p/0/d801a55c5f8c87ad,2,200,404838,482.329,6307.235,64186
1787859037083,f57ad8a4-0903-3e86-d441-8af637d36673,/p/1/a9e44dd84f376455,1,200,328133,53.303,3295.850,99559
1787859037493,25e73829-b516-14b9-7801-3f09e11db393,/p/0/1dcd32e25add6455,10,200,299980,141.482,2910.725,103060
1787859039922,f66824d7-5a6e-f9b4-9eae-e3bd8f0ea84d,/p/0/4938536ad8d41221,5,200,18922,223.885,618.527,30592
1787859039420,7c6def46-a62a-4228-8d73-7c879ff1cecc,/p/2/e81ba45fcc4341e9,17,200,321001,85.919,1172.824,273699
1787859015028,c950a419-ac8e-8ae5-3ea3-daace63e8347,/p/0/ce66170429ee33b5,1,200,4189722,61.026,25611.534,163587
1787859037653,05d6ab71-19b6-5fdc-c436-80d0c3a790a6,/p/0/8d63138f8f0efcde,7,200,237461,299.979,2999.431,79169
1787859037330,9d22a23d-bb94-c16a-6103-d21f04120b14,/p/0/1679f67aba9c6adc,1,200,449110,254.732,3363.934,133507
1787859039922,f66824d7-5a6e-f9b4-9eae-e3bd8f0ea84d,/p/0/4938506ad8d40d08,5,200,39652,224.088,879.692,45075
1787859040593,7c6def46-a62a-4228-8d73-7c879ff1cecc,/p/1/31c0c058515fabc7,18,200,33912,94.038,217.276,156078
1787859035970,b4044865-e040-33ed-4283-6a7bcceba864,/p/3/cb11e2301b116957,5,200,5974809,46.867,4851.437,1231555
1787859038023,8ed81de0-ef3b-468d-6ce6-ca26405c456c,/p/0/33383e153e293501,3,200,468687,270.031,2801.661,167289
1787859032277,86512375-51b2-3a79-d081-a3954b8b47f7,/p/0/c14a465646692558,3,200,292861,354.371,8623.471,33961
1787859037529,650f1820-765c-4869-94a2-b1afa0f0c318,/p/0/b2981fc3596ac652,3,200,412083,231.455,3467.888,118828
1787859040566,7f3b57de-efa6-f6d4-59a0-5ff2caa060df,/?crawl=183,0,200,449569,15.835,434.352,1035035
1787859029760,8b239d91-9028-c843-ee04-6fcad58954ca,/p/0/3c25326e3c92cc05,1,200,475111,374.088,11344.696,41880
1787859034741,8b239d91-9028-c843-ee04-6fcad58954ca,/p/0/b5cb0c074799193b,2,200,262279,491.279,6365.151,41205
1787859039420,7c6def46-a62a-4228-8d73-7c879ff1cecc,/p/0/e81ba35fcc434036,17,200,391998,78.831,1770.606,221392
1787859019736,8ed81de0-ef3b-468d-6ce6-ca26405c456c,/p/0/21a19f92ea0962e6,1,200,3014122,60.318,21535.209,139963
1787859012554,e2547c5c-53e1-e14d-5d2a-7c275c05a92b,/p/0/6dd75f427d17a4,4,200,5783469,400.229,28724.450,201343
1787859031936,752bb213-7214-ebcb-4aa0-14c9717460c6,/p/4/c3aa6336fd7a9bac,7,200,181868,351.814,9477.084,19190
1787859025182,752bb213-7214-ebcb-4aa0-14c9717460c6,/p/0/8fa79db79e967fb9,6,200,465484,306.514,16236.074,28670
1787859034741,8b239d91-9028-c843-ee04-6fcad58954ca,/p/2/b5cb0b0747991788,2,200,484923,384.938,6708.978,72280
1787859040379,f57ad8a4-0903-3e86-d441-8af637d36673,/p/0/f58602184a269445,2,200,67068,287.900,1092.172,61408
1787859000712,485d9581-3b3f-a3d7-9069-f32a6d64daf0,/p/0/5b11859a558bfa40,1,200,4231680,371.984,40783.322,103760
1787859032893,4fa72d51-1a24-fa98-161b-88afde4d318f,/p/0/b2ce952299800239,10,200,5544171,47.992,8603.068,644441
1787859016283,d08e6f96-c7d6-e9fc-7eb5-660f5df8dcb5,/p/0/876ccba870315bfe,6,200,2178732,428.041,25255.840,86266
1787859039732,f8b95f22-53ca-5e7c-f873-164e182a3d9d,/p/3/6bf55958e8c03774,2,200,458315,42.840,1843.760,248576
1787858965366,f425fcd3-622b-2b78-2e59-556f926f6ef7,/p/0/6031c77dcf4f3abe,1,200,5873095,403.716,76379.358,76894
1787859040822,b4044865-e040-33ed-4283-6a7bcceba864,/p/0/5b309eef472696c,6,200,396217,62.255,1030.946,384324
1787859039732,f8b95f22-53ca-5e7c-f873-164e182a3d9d,/p/0/6bf55b58e8c03ada,2,200,449682,22.109,2130.740,211045
1787859040821,b4044865-e040-33ed-4283-6a7bcceba864,/p/0/5b30ceef4726e85,6,200,416479,92.326,1071.507,388685
1787859021335,ca5bb66b-3adb-d4d5-d52e-3638d390fdcd,/p/0/d4eb88c6ea293250,5,200,4619041,500.278,20613.498,224078
1787859034741,8b239d91-9028-c843-ee04-6fcad58954ca,/p/0/b5cb0d0747991aee,2,200,2260898,827.560,7219.974,313145
1787859033039,86512375-51b2-3a79-d081-a3954b8b47f7,/p/0/64e56c90b8b6c3e1,4,200,376265,687.256,8923.667,42165
1787859041450,8b239d91-9028-c843-ee04-6fcad58954ca,/p/1/a56d1aabb674e855,3,200,76467,511.753,539.664,141694
1787859041566,c2c984d8-0386-99d9-869e-2463572ac76a,/?crawl=184,0,200,192327,33.727,429.951,447323
1787859032986,ca5bb66b-3adb-d4d5-d52e-3638d390fdcd,/p/7/8aaffca9ea33c7a1,7,200,3957891,954.923,9096.106,435119
1787859039922,f66824d7-5a6e-f9b4-9eae-e3bd8f0ea84d,/p/11/4938516ad8d40ebb,5,200,244064,488.565,2174.071,112261
1787859033712,4fa72d51-1a24-fa98-161b-88afde4d318f,/p/0/b729ce52377c7248,12,200,6257750,66.242,8454.663,740154
1787859042082,ca5bb66b-3adb-d4d5-d52e-3638d390fdcd,/p/0/27dfca81f9552a7f,8,200,100939,29.707,121.238,832568
1787859042082,ca5bb66b-3adb-d4d5-d52e-3638d390fdcd,/p/6/27dfcc81f9552de5,8,200,236386,28.248,161.605,1462740
1787859041451,8b239d91-9028-c843-ee04-6fcad58954ca,/p/0/a56d19abb674e6a2,3,200,438419,510.924,862.804,508133
1787859030566,a6f7a6e8-0f21-bc50-23bc-f9dfcd03c9d5,/?crawl=171,0,200,5889371,27.307,11799.016,499141
1787859034934,ca5bb66b-3adb-d4d5-d52e-3638d390fdcd,/p/0/8aaffaa9ea33c43b,7,200,4827936,670.811,7456.942,647442
1787859041990,8b239d91-9028-c843-ee04-6fcad58954ca,/p/0/7854822b53b40f85,4,200,98154,394.456,433.581,226380
1787859037529,650f1820-765c-4869-94a2-b1afa0f0c318,/p/0/b2981ec3596ac49f,3,200,505387,198.382,4900.838,103123
1787859042244,ca5bb66b-3adb-d4d5-d52e-3638d390fdcd,/p/0/e4b1225bf478d269,9,200,210926,17.763,213.757,986757
1787859018163,bd3485a7-64a0-3bd8-e269-af9e2cef3c0b,/p/0/b825954facf03507,2,200,4619403,209.104,24432.380,189069
1787859042244,ca5bb66b-3adb-d4d5-d52e-3638d390fdcd,/p/5/e4b1215bf478d0b6,9,200,523358,17.742,431.205,1213711
1787859037453,21745dd8-ab5f-da68-ed1b-8cb9347b065b,/p/0/6ac8e43ee314012,1,200,3600397,84.862,5232.450,688090
1787859011791,0c71003e-59f5-79c4-5e9c-a325c079c7b6,/p/7/7cec95c6d123aa48,16,200,5542431,515.357,30939.634,179137
1787859040593,7c6def46-a62a-4228-8d73-7c879ff1cecc,/p/0/31c0bf58515faa14,18,200,313358,86.275,2141.341,146337
1787859034980,714719f4-a32a-c3a8-94f0-3a141485e690,/p/15/4629d743c882ec6e,4,200,466561,220.526,7772.315,60029
1787859041990,8b239d91-9028-c843-ee04-6fcad58954ca,/p/0/78547f2b53b40a6c,4,200,84390,393.445,777.562,108532
1787859042675,ca5bb66b-3adb-d4d5-d52e-3638d390fdcd,/p/0/6cf5110560b02657,10,200,99839,20.060,150.823,661960
1787859011603,d08e6f96-c7d6-e9fc-7eb5-660f5df8dcb5,/p/0/eedec3979927d4ea,5,200,5879311,77.514,31362.769,187461
1787859029566,7fb8cd2d-0eb8-e186-acc1-9e1dea96ecc0,/?crawl=169,0,200,2477615,77.089,13445.658,184269
1787859041990,8b239d91-9028-c843-ee04-6fcad58954ca,/p/0/7854802b53b40c1f,4,200,446956,393.511,1024.515,436261
1787859042676,ca5bb66b-3adb-d4d5-d52e-3638d390fdcd,/p/0/6cf5120560b0280a,10,200,367432,51.144,342.091,1074078
1787859041576,f8b95f22-53ca-5e7c-f873-164e182a3d9d,/p/0/14b0a7bc947cba1a,3,200,247390,104.981,1468.178,168501
1787859041996,c2c984d8-0386-99d9-869e-2463572ac76a,/p/0/5c3af761fccb8a56,1,200,110131,160.280,1056.695,104222
1787859035566,ac4c9173-8a3e-2c58-60a6-98482ffb5741,/?crawl=178,0,200,5434724,19.049,7514.990,723184
1787859042675,ca5bb66b-3adb-d4d5-d52e-3638d390fdcd,/p/4/6cf5130560b029bd,10,200,494271,20.114,418.588,1180805
1787859043094,ca5bb66b-3adb-d4d5-d52e-3638d390fdcd,/p/3/77aa7ddaf1c862a5,11,200,54318,52.921,98.583,550985
1787859040810,7c6def46-a62a-4228-8d73-7c879ff1cecc,/p/0/5e872edc7e9e300f,19,200,481163,91.549,2439.190,197263
1787859038467,f66824d7-5a6e-f9b4-9eae-e3bd8f0ea84d,/p/0/bed3c8247c1defd9,4,200,507802,314.705,4807.109,105636
1787858975134,366782b9-b94f-5579-a16b-c8dd20449e42,/p/0/99692204ca9700d8,3,200,5427121,322.979,68200.104,79576
1787859043081,ac4c9173-8a3e-2c58-60a6-98482ffb5741,/p/0/c8d3dfebbc3ed604,1,200,118818,18.850,305.000,389567
1787859029265,5a187efd-ff84-49cf-280f-8d6ee97cdfe6,/p/0/5c2d36197f47e790,9,200,3951758,251.244,14147.488,279326
1787859029265,5a187efd-ff84-49cf-280f-8d6ee97cdfe6,/p/2/5c2d38197f47eaf6,9,200,4369635,201.293,14160.978,308569
1787859043094,ca5bb66b-3adb-d4d5-d52e-3638d390fdcd,/p/0/77aa7cdaf1c860f2,11,200,275330,51.836,358.883,767187
1787859043453,ca5bb66b-3adb-d4d5-d52e-3638d390fdcd,/p/0/cd3afe826003956e,12,200,147108,20.754,113.702,1293800
1787859042365,a6f7a6e8-0f21-bc50-23bc-f9dfcd03c9d5,/p/0/c0eb8a5cac021b7f,1,200,245745,144.091,1279.260,192099
1787859043193,ca5bb66b-3adb-d4d5-d52e-3638d390fdcd,/p/2/cd3afc8260039208,12,200,458645,18.909,478.298,958912
1787859035351,86512375-51b2-3a79-d081-a3954b8b47f7,/p/0/64e56a90b8b6c07b,4,200,483231,570.174,8364.238,57773
1787859005100,0778ef55-3de4-0cd3-a882-70bdab7c84af,/p/0/3baf95b3078d11d5,6,200,2113206,507.325,38653.397,54671
1787859043566,5d449f4c-aebe-a6bf-c22a-483d218453e9,/?crawl=186,0,200,53466,46.973,196.517,272068
1787859039030,687ca5a8-7c1b-ca08-aa90-e1155fa3b95d,/p/2/830fa31d2601782f,1,200,324532,94.465,4744.913,68396
1787859043671,ca5bb66b-3adb-d4d5-d52e-3638d390fdcd,/p/1/3c0d32efeb459067,13,200,66242,21.751,172.151,384789
1787859042735,7c6def46-a62a-4228-8d73-7c879ff1cecc,/p/0/5e8730dc7e9e3375,19,200,224759,113.757,1109.339,202606
1787859043671,ca5bb66b-3adb-d4d5-d52e-3638d390fdcd,/p/0/3c0d31efeb458eb4,13,200,195400,25.695,215.736,905737
1787859043763,5d449f4c-aebe-a6bf-c22a-483d218453e9,/p/4/35664da6d3959fe3,1,200,44502,46.977,190.389,233742
1787859001040,27cdb0b8-4d52-8414-70ac-f0f2c221ca41,/p/0/7751f0988325109b,4,200,5056782,331.894,42923.408,117809
1787859043843,ca5bb66b-3adb-d4d5-d52e-3638d390fdcd,/p/0/3c0d34efeb4593cd,13,200,101482,15.942,122.823,826245
1787859043081,ac4c9173-8a3e-2c58-60a6-98482ffb5741,/p/0/c8d3e1ebbc3ed96a,1,200,261599,18.907,892.153,293222
1787859043081,ac4c9173-8a3e-2c58-60a6-98482ffb5741,/p/0/c8d3e2ebbc3edb1d,1,200,350830,109.555,911.593,384854
1787859042365,a6f7a6e8-0f21-bc50-23bc-f9dfcd03c9d5,/p/0/c0eb8b5cac021d32,1,200,274245,157.458,1630.185,168229
1787859016515,9548f816-2119-6599-0872-67e5cf13231f,/p/0/61d06861be8922fc,1,200,5153905,207.500,27519.019,187285
1787859041576,f8b95f22-53ca-5e7c-f873-164e182a3d9d,/p/2/14b0a8bc947cbbcd,3,200,474285,115.832,2472.247,191844
1787859043567,176e632c-5806-d046-15da-7248d16f572e,/?crawl=185,0,200,265611,28.150,484.754,547929
1787859042365,a6f7a6e8-0f21-bc50-23bc-f9dfcd03c9d5,/p/6/c0eb8c5cac021ee5,1,200,430194,29.468,1693.799,253982
1787859022535,42c99bba-ea15-db2a-80a1-4e745e33a3fa,/p/0/f96ea387ee7d57a1,3,200,2729797,345.777,21631.431,126196
1787859041576,f8b95f22-53ca-5e7c-f873-164e182a3d9d,/p/0/14b0a6bc947cb867,3,200,479176,180.130,2665.246,179787
1787859044051,176e632c-5806-d046-15da-7248d16f572e,/p/0/c8d0a304683095f6,1,200,45816,26.178,261.094,175477
1787859043966,ca5bb66b-3adb-d4d5-d52e-3638d390fdcd,/p/0/c3c875d6e74c5b1b,14,200,317034,19.803,383.849,825935
1787859020797,9548f816-2119-6599-0872-67e5cf13231f,/p/0/37e112dfd90aaa51,2,200,4923356,491.703,23590.768,208698
1787859044350,ca5bb66b-3adb-d4d5-d52e-3638d390fdcd,/p/0/c3c876d6e74c5cce,14,200,51703,20.726,45.101,1146380
1787859044051,176e632c-5806-d046-15da-7248d16f572e,/p/0/c8d0a10468309290,1,200,116485,26.282,468.961,248390
1787859042096,f66824d7-5a6e-f9b4-9eae-e3bd8f0ea84d,/p/0/e0494e1e94342f42,6,200,186838,238.412,2430.775,76864
1787859043426,5a187efd-ff84-49cf-280f-8d6ee97cdfe6,/p/1/5107454000709f7c,10,200,323738,326.091,1136.261,284915
1787859042244,ca5bb66b-3adb-d4d5-d52e-3638d390fdcd,/p/0/e4b11f5bf478cd50,9,200,2592405,23.712,2340.914,1107433
1787859044566,89590e3e-28d4-3367-bcae-0d9389a60fe2,/?crawl=189,0,200,54441,33.702,129.590,420103
1787859040379,f57ad8a4-0903-3e86-d441-8af637d36673,/p/0/f58601184a269292,2,200,265795,312.961,4341.233,61226
1787859043763,5d449f4c-aebe-a6bf-c22a-483d218453e9,/p/0/35664fa6d395a349,1,200,54233,46.911,999.665,54251
1787859044566,2cfc1560-7ff8-a466-b351-d5d63713d03e,/?crawl=188,0,200,466770,13.848,318.522,1465423
1787859043775,687ca5a8-7c1b-ca08-aa90-e1155fa3b95d,/p/0/cddf64497a341b81,2,200,24166,409.602,1144.168,21121
1787859033428,137aa0c2-0231-c0f6-4478-25584296041c,/p/0/687bc4bce5e8931,4,200,4024738,38.625,11516.179,349486
1787859044562,5a187efd-ff84-49cf-280f-8d6ee97cdfe6,/p/0/f83625317e69e670,11,200,65681,429.168,438.917,149643
1787859039030,687ca5a8-7c1b-ca08-aa90-e1155fa3b95d,/p/0/830fa21d2601767c,1,200,314257,519.851,6002.496,52354
1787859044048,f8b95f22-53ca-5e7c-f873-164e182a3d9d,/p/0/600ee90153177826,4,200,130995,107.206,1000.001,130995
1787859041996,c2c984d8-0386-99d9-869e-2463572ac76a,/p/0/5c3af861fccb8c09,1,200,384433,160.495,3163.936,121505
1787859042082,ca5bb66b-3adb-d4d5-d52e-3638d390fdcd,/p/0/27dfcb81f9552c32,8,200,3993663,38.261,3322.596,1201971
1787859041450,8b239d91-9028-c843-ee04-6fcad58954ca,/p/0/a56d18abb674e4ef,3,200,6000008,511.801,4071.533,1473648
1787859044059,a6f7a6e8-0f21-bc50-23bc-f9dfcd03c9d5,/p/0/b7d92972d76f4d09,2,200,295282,174.039,1568.725,188231
1787859044562,5a187efd-ff84-49cf-280f-8d6ee97cdfe6,/p/0/f83627317e69e9d6,11,200,212692,429.248,1112.886,191117
1787859044562,5a187efd-ff84-49cf-280f-8d6ee97cdfe6,/p/0/f83626317e69e823,11,200,496266,429.182,1127.261,440241
1787859042096,f66824d7-5a6e-f9b4-9eae-e3bd8f0ea84d,/p/0/e0494d1e94342d8f,6,200,397324,288.837,3659.175,108583
1787859018163,bd3485a7-64a0-3bd8-e269-af9e2cef3c0b,/p/12/b825944facf03354,2,200,6000822,192.253,27598.953,217429
1787859017477,42c99bba-ea15-db2a-80a1-4e745e33a3fa,/p/0/42e41435a58ff30e,1,200,4163918,29.401,28308.919,147089
1787859027241,9e364e47-4743-41c9-099e-bf4306a13c79,/p/0/11a5b2b8081e92d,1,200,2309576,86.653,18572.099,124357
1787859044048,f8b95f22-53ca-5e7c-f873-164e182a3d9d,/p/1/600ee701531774c0,4,200,312293,107.202,1790.539,174413
1787859044051,176e632c-5806-d046-15da-7248d16f572e,/p/0/c8d0a404683097a9,1,200,321106,130.360,1826.969,175759
1787859037330,9d22a23d-bb94-c16a-6103-d21f04120b14,/p/2/1679f87aba9c6e42,1,200,2701131,170.950,8618.518,313410
1787859015028,c950a419-ac8e-8ae5-3ea3-daace63e8347,/p/2/ce66150429ee304f,1,200,6272839,100.800,30932.654,202790
1787859040379,f57ad8a4-0903-3e86-d441-8af637d36673,/p/0/f58600184a2690df,2,200,491909,313.087,5600.123,87839
1787859043775,687ca5a8-7c1b-ca08-aa90-e1155fa3b95d,/p/0/cddf61497a341668,2,200,70340,373.522,2220.635,31676
1787859045566,1d9c27d3-9d88-b044-7379-e0f5e58b797a,/?crawl=190,0,200,102454,70.143,487.343,210230
1787859044048,f8b95f22-53ca-5e7c-f873-164e182a3d9d,/p/0/600ee80153177673,4,200,400693,150.063,2036.556,196750
1787859040822,b4044865-e040-33ed-4283-6a7bcceba864,/p/2/5b30aeef4726b1f,6,200,6159987,10.656,5276.704,1167393
1787859044885,2cfc1560-7ff8-a466-b351-d5d63713d03e,/p/0/4536f6c4f40f1187,1,200,114211,52.248,1227.361,93054
1787859046098,b4044865-e040-33ed-4283-6a7bcceba864,/p/0/dabf589ae6aad8f4,7,200,33738,11.165,37.893,890351
1787859046053,1d9c27d3-9d88-b044-7379-e0f5e58b797a,/p/0/23f4832238888312,1,200,9094,63.840,95.339,95386
1787859043887,ca5bb66b-3adb-d4d5-d52e-3638d390fdcd,/p/0/c3c874d6e74c5968,14,200,2961278,28.724,2272.582,1303045
1787859043094,ca5bb66b-3adb-d4d5-d52e-3638d390fdcd,/p/0/77aa7bdaf1c85f3f,11,200,4167293,17.428,3104.556,1342315
1787859045949,9d22a23d-bb94-c16a-6103-d21f04120b14,/p/0/c2778818797f617c,2,200,21572,167.301,270.050,79881
1787859045839,f8b95f22-53ca-5e7c-f873-164e182a3d9d,/p/0/84b3584785d43b1f,5,200,24754,138.528,384.385,64399
1787859043193,ca5bb66b-3adb-d4d5-d52e-3638d390fdcd,/p/0/cd3afd82600393bb,12,200,3508362,18.925,3048.616,1150805
1787859046098,b4044865-e040-33ed-4283-6a7bcceba864,/p/1/dabf5a9ae6aadc5a,7,200,91696,37.821,173.190,529455
1787859004587,51b097b6-0df2-e5e6-10e9-54b720b9c47f,/p/0/4ab823b064625030,5,200,3770589,301.893,41694.838,90433
1787859045949,9d22a23d-bb94-c16a-6103-d21f04120b14,/p/1/c2778a18797f64e2,2,200,85558,33.262,353.596,241965
1787859044885,2cfc1560-7ff8-a466-b351-d5d63713d03e,/p/0/4536f8c4f40f14ed,1,200,290258,32.734,1424.376,203779
1787859044059,a6f7a6e8-0f21-bc50-23bc-f9dfcd03c9d5,/p/0/b7d92672d76f47f0,2,200,508399,26.208,2263.166,224641
1787859044885,2cfc1560-7ff8-a466-b351-d5d63713d03e,/p/0/4536f7c4f40f133a,1,200,416603,12.055,1558.261,267351
1787859043012,7fb8cd2d-0eb8-e186-acc1-9e1dea96ecc0,/p/2/84b4036af4a366d0,1,200,205260,490.199,3470.723,59140
1787859016935,51b097b6-0df2-e5e6-10e9-54b720b9c47f,/p/0/cb9f2680d5413f76,8,200,3496202,270.314,29562.740,118264
1787859046566,4a4ae3ab-2ded-33bb-de19-4fcfad80ff3d,/?crawl=191,0,200,206741,13.311,172.613,1197714
1787859046098,b4044865-e040-33ed-4283-6a7bcceba864,/p/0/dabf5b9ae6aade0d,7,200,328626,45.437,799.069,411261
1787859046566,0f57728a-8036-8bda-be99-adf2eaf87454,/?crawl=192,0,200,283465,26.626,502.881,563682
1787859047069,0f57728a-8036-8bda-be99-adf2eaf87454,/p/0/4ac92cdd61be6d85,1,200,26296,25.242,63.702,412797
1787858991546,db465bc7-3c36-6c38-6cdc-56400ab10e94,/p/0/6b5ec6b35db5a39b,8,200,3177318,278.385,55661.110,57083
1787859046272,b4044865-e040-33ed-4283-6a7bcceba864,/p/0/d48fa971eaac82f9,8,200,339196,58.408,967.321,350655
1787859047069,0f57728a-8036-8bda-be99-adf2eaf87454,/p/0/4ac929dd61be686c,1,200,81774,63.765,247.788,330017
1787859046566,3c6f180a-10aa-4459-a4fe-ea4687fe124b,/?crawl=193,0,200,272635,41.151,752.843,362140
1787859046272,b4044865-e040-33ed-4283-6a7bcceba864,/p/0/d48fa771eaac7f93,8,200,514122,63.453,1170.403,439269
1787859044696,89590e3e-28d4-3367-bcae-0d9389a60fe2,/p/0/b1cca3675f741eda,1,200,286804,99.616,2762.019,103839
1787859046272,b4044865-e040-33ed-4283-6a7bcceba864,/p/0/d48fa671eaac7de0,8,200,488062,94.662,1186.640,411298
1787859042730,0c71003e-59f5-79c4-5e9c-a325c079c7b6,/p/6/f95539df7048d5bf,17,200,308822,326.821,4784.925,64541
1787859047069,0f57728a-8036-8bda-be99-adf2eaf87454,/p/5/4ac92bdd61be6bd2,1,200,161578,113.731,477.069,338689
1787859013728,037c1d7a-c469-d69e-926b-a70f9312ec48,/p/0/922c39d016648597,7,0,2374895,253.541,33838.539,70183
1787859027624,037c1d7a-c469-d69e-926b-a70f9312ec48,/p/14/249a660c38d381da,9,0,1793667,354.214,19942.942,89940
1787859010186,037c1d7a-c469-d69e-926b-a70f9312ec48,/p/0/9e5a0c57fa7c5541,6,0,3083083,49.921,37380.377,82479
1787859045949,9d22a23d-bb94-c16a-6103-d21f04120b14,/p/0/c2778b18797f6695,2,200,230901,84.739,1713.610,134745
1787859045839,f8b95f22-53ca-5e7c-f873-164e182a3d9d,/p/0/84b3594785d43cd2,5,200,329457,138.520,1833.220,179715
1787859040653,05d6ab71-19b6-5fdc-c436-80d0c3a790a6,/p/0/8d63128f8f0efb2b,7,200,287501,500.457,7024.734,40927
1787859043775,687ca5a8-7c1b-ca08-aa90-e1155fa3b95d,/p/1/cddf62497a34181b,2,200,291130,409.516,3928.193,74113
1787859045839,f8b95f22-53ca-5e7c-f873-164e182a3d9d,/p/0/84b3574785d4396c,5,200,421413,149.880,1899.223,221887
1787859039030,687ca5a8-7c1b-ca08-aa90-e1155fa3b95d,/p/0/830fa51d26017b95,1,200,520567,558.470,8785.503,59253
1787859044696,89590e3e-28d4-3367-bcae-0d9389a60fe2,/p/0/b1cca1675f741b74,1,200,407293,33.364,3219.568,126505
1787859011458,51b097b6-0df2-e5e6-10e9-54b720b9c47f,/p/0/a99b1f6fc5fa7024,7,200,4029151,322.908,36471.030,110475
1787859043426,5a187efd-ff84-49cf-280f-8d6ee97cdfe6,/p/0/510746400070a12f,10,200,2378289,11.044,4511.276,527188
1787859043953,5d449f4c-aebe-a6bf-c22a-483d218453e9,/p/0/41c09a3297c3fc2,2,200,232144,239.717,4006.704,57939
1787859023624,86512375-51b2-3a79-d081-a3954b8b47f7,/p/0/b37105b52e1610e1,1,200,2946911,54.683,24367.857,120934
1787859046739,4a4ae3ab-2ded-33bb-de19-4fcfad80ff3d,/p/0/b75ed57fcd23740c,1,200,230183,42.744,1545.941,148895
1787859046738,4a4ae3ab-2ded-33bb-de19-4fcfad80ff3d,/p/0/b75ed87fcd237925,1,200,265360,12.689,1629.945,162803
1787859045960,c950a419-ac8e-8ae5-3ea3-daace63e8347,/p/1/d7c022c5b32f97f1,2,200,303563,160.960,2420.837,125396
1787859024626,25e73829-b516-14b9-7801-3f09e11db393,/p/0/f33f3834e357f56d,8,200,3051048,963.185,23778.085,128313
1787859011218,366782b9-b94f-5579-a16b-c8dd20449e42,/p/11/ecb32ba1a234b3a3,9,200,5468350,1925.459,37290.246,146643
1787858993056,db465bc7-3c36-6c38-6cdc-56400ab10e94,/p/5/84c07f0b8c26cdbb,10,0,3157135,639.453,55509.815,56875
1787858986780,db465bc7-3c36-6c38-6cdc-56400ab10e94,/p/0/1a3e11a2cadb4b03,6,0,4479383,159.916,61786.148,72498
1787859045961,c950a419-ac8e-8ae5-3ea3-daace63e8347,/p/0/d7c021c5b32f963e,2,200,320834,40.820,2616.423,122623
1787859048509,366782b9-b94f-5579-a16b-c8dd20449e42,/p/0/798fd3e32e18fafc,10,200,38131,34.746,265.119,143826
1787859045762,bd3485a7-64a0-3bd8-e269-af9e2cef3c0b,/p/0/b1e1b3c935dfd33d,3,200,423242,139.736,3138.628,134849
1787859007448,0778ef55-3de4-0cd3-a882-70bdab7c84af,/p/0/3baf93b3078d0e6f,6,200,2251093,455.898,41506.931,54234
1787859048509,366782b9-b94f-5579-a16b-c8dd20449e42,/p/10/798fd4e32e18fcaf,10,200,99466,105.985,513.759,193604
1787859045762,bd3485a7-64a0-3bd8-e269-af9e2cef3c0b,/p/11/b1e1b1c935dfcfd7,3,200,458873,173.955,3277.317,140015
1787859006816,25e73829-b516-14b9-7801-3f09e11db393,/p/0/f5f1640e27d2f886,4,200,5713225,187.142,42305.896,135046
1787859043763,5d449f4c-aebe-a6bf-c22a-483d218453e9,/p/0/35664ca6d3959e30,1,200,370776,190.383,5413.292,68494
1787859042731,0c71003e-59f5-79c4-5e9c-a325c079c7b6,/p/0/f95538df7048d40c,17,0,482736,424.353,6835.672,70620
1787859047515,0c71003e-59f5-79c4-5e9c-a325c079c7b6,/p/0/dd02f4ad706275c3,18,0,53328,555.860,2050.803,26003
1787859047515,0c71003e-59f5-79c4-5e9c-a325c079c7b6,/p/5/dd02f3ad70627410,18,0,93712,392.990,2050.807,45695
1787859047515,0c71003e-59f5-79c4-5e9c-a325c079c7b6,/p/0/dd02f5ad70627776,18,0,74993,653.599,2050.881,36566
1787859042730,0c71003e-59f5-79c4-5e9c-a325c079c7b6,/p/0/f9553bdf7048d925,17,0,514323,63.647,6835.955,75238
1787859043953,5d449f4c-aebe-a6bf-c22a-483d218453e9,/p/3/41c07a3297c3c5c,2,200,360385,310.798,5627.349,64042
1787859042752,714719f4-a32a-c3a8-94f0-3a141485e690,/p/0/4629d843c882ee21,4,200,216185,4214.217,6882.404,31411
1787858993499,701f3cd0-0429-7076-94ab-7ca9c4aa7416,/p/7/e4827a3d463e7091,4,200,3461292,740.286,56159.217,61634
1787859022535,42c99bba-ea15-db2a-80a1-4e745e33a3fa,/p/0/f96ea087ee7d5288,3,200,4385497,179.560,27217.633,161127
1787859049566,0ee69b8d-bf50-b716-46e6-0b05fb1b5d2e,/?crawl=198,0,200,150425,21.937,216.469,694902
1787859049581,5d449f4c-aebe-a6bf-c22a-483d218453e9,/p/2/7b103eb17db1bb48,3,200,12642,265.561,336.732,37543
1787859047546,0f57728a-8036-8bda-be99-adf2eaf87454,/p/0/5d3b7df8cbe2c6cc,2,200,291031,25.129,2401.400,121192
1787859047546,0f57728a-8036-8bda-be99-adf2eaf87454,/p/4/5d3b7ef8cbe2c87f,2,200,365801,25.172,2450.648,149267
1787859047546,0f57728a-8036-8bda-be99-adf2eaf87454,/p/0/5d3b80f8cbe2cbe5,2,200,219922,90.002,2479.272,88704
1787859049997,0f57728a-8036-8bda-be99-adf2eaf87454,/p/0/edb9851b559af223,3,200,20224,44.580,68.355,295868
1787859022535,42c99bba-ea15-db2a-80a1-4e745e33a3fa,/p/5/f96ea287ee7d55ee,3,200,4579569,191.286,27578.458,166056
1787859049997,0f57728a-8036-8bda-be99-adf2eaf87454,/p/3/edb9871b559af589,3,200,29672,68.367,124.494,238340
1787859046302,9d22a23d-bb94-c16a-6103-d21f04120b14,/p/0/2967d293995b04b1,3,200,405095,185.717,3902.848,103795
1787859049566,a594eb79-25a7-9021-91bf-4b898cc6eba2,/?crawl=199,0,200,151261,62.068,644.755,234602
1787859010771,05d6ab71-19b6-5fdc-c436-80d0c3a790a6,/p/0/dd0a11734f19d535,1,200,2549687,42.697,39452.846,64626
1787859047566,baa20701-23f8-a561-e6b9-f2c4295926e6,/?crawl=196,0,200,521274,77.510,2668.399,195351
1787859049659,701f3cd0-0429-7076-94ab-7ca9c4aa7416,/p/0/3162cd59d49d8191,5,200,33661,398.258,584.235,57616
1787859048381,c950a419-ac8e-8ae5-3ea3-daace63e8347,/p/0/f5d70983cf2cdc38,3,200,161110,256.307,1866.844,86301
1787859049659,701f3cd0-0429-7076-94ab-7ca9c4aa7416,/p/6/3162cb59d49d7e2b,5,200,7983,584.165,621.208,12851
1787859049635,714719f4-a32a-c3a8-94f0-3a141485e690,/p/0/4629d543c882e908,4,200,49513,199.825,662.789,74704
1787859044059,a6f7a6e8-0f21-bc50-23bc-f9dfcd03c9d5,/p/5/b7d92872d76f4b56,2,200,2744553,132.739,6371.705,430741
1787859046739,4a4ae3ab-2ded-33bb-de19-4fcfad80ff3d,/p/5/b75ed67fcd2375bf,1,200,2983865,25.574,3711.976,803848
1787859050113,42c99bba-ea15-db2a-80a1-4e745e33a3fa,/p/0/e15d2b1f9fd5546,4,200,253772,19.165,343.443,738906
1787859047703,687ca5a8-7c1b-ca08-aa90-e1155fa3b95d,/p/0/6fba8d81bf5f78cf,3,200,160092,150.482,2808.779,56997
1787859043012,7fb8cd2d-0eb8-e186-acc1-9e1dea96ecc0,/p/0/84b4046af4a36883,1,200,466357,72.701,7527.059,61957
1787859049022,366782b9-b94f-5579-a16b-c8dd20449e42,/p/9/5fbc659a9bcb51f2,11,200,101185,177.312,1533.713,65974
1787859043012,7fb8cd2d-0eb8-e186-acc1-9e1dea96ecc0,/p/0/84b4056af4a36a36,1,200,411793,525.935,7560.651,54465
1787859049566,244696eb-e4e7-d49c-3b63-a0649df132e8,/?crawl=197,0,200,372228,39.537,1009.447,368744
1787859046053,1d9c27d3-9d88-b044-7379-e0f5e58b797a,/p/0/23f482223888815f,1,200,436135,95.262,4529.227,96293
1787859050575,244696eb-e4e7-d49c-3b63-a0649df132e8,/p/0/908a29c4a3ed8633,1,200,8787,37.898,56.918,154379
1787859049022,366782b9-b94f-5579-a16b-c8dd20449e42,/p/0/5fbc669a9bcb53a5,11,200,192942,177.286,1676.411,115092
1787859049022,366782b9-b94f-5579-a16b-c8dd20449e42,/p/0/5fbc639a9bcb4e8c,11,200,158047,300.971,1694.373,93278
1787859049581,5d449f4c-aebe-a6bf-c22a-483d218453e9,/p/0/7b103fb17db1bcfb,3,200,62465,310.165,1161.896,53761
1787859035566,782d4f4a-6b1d-b045-553a-5dc6c5b3356a,/?crawl=179,0,200,5073613,43.660,15193.309,333937
1787859050113,42c99bba-ea15-db2a-80a1-4e745e33a3fa,/p/4/e15d3b1f9fd56f9,4,200,293765,334.700,655.275,448308
1787859050113,42c99bba-ea15-db2a-80a1-4e745e33a3fa,/p/0/e15d1b1f9fd5393,4,200,445793,334.576,668.266,667089
1787859050768,42c99bba-ea15-db2a-80a1-4e745e33a3fa,/p/0/c5db5650eac1df4b,5,200,57273,12.841,28.492,2010113
1787859050451,4a4ae3ab-2ded-33bb-de19-4fcfad80ff3d,/p/0/2f8a7d6a6c69f18b,2,200,145021,13.622,347.803,416963
1787859031287,9e364e47-4743-41c9-099e-bf4306a13c79,/p/0/bf612f4e3d06b8ae,3,200,3366474,161.093,19619.628,171587
1787859046053,1d9c27d3-9d88-b044-7379-e0f5e58b797a,/p/1/23f4812238887fac,1,200,467667,95.295,4913.517,95180
1787859041418,752bb213-7214-ebcb-4aa0-14c9717460c6,/p/3/4d83b33a983f624c,8,200,438639,437.130,9551.385,45924
1787859048381,c950a419-ac8e-8ae5-3ea3-daace63e8347,/p/0/f5d70c83cf2ce151,3,200,234914,256.216,2605.935,90146
1787859044566,df1259b7-069d-e915-f981-ef2c1439923e,/?crawl=187,0,200,3388713,24.730,6458.860,524661
1787859047703,687ca5a8-7c1b-ca08-aa90-e1155fa3b95d,/p/0/6fba8f81bf5f7c35,3,200,276660,150.420,3323.371,83247
1787859050768,42c99bba-ea15-db2a-80a1-4e745e33a3fa,/p/3/c5db5850eac1e2b1,5,200,259062,12.820,317.750,815301
1787859027511,5009bb9d-5136-0cb0-0c85-3cc9470ef3d8,/p/0/6db005cdebe6f31a,1,200,2816178,78.169,23590.606,119377
1787859050121,0f57728a-8036-8bda-be99-adf2eaf87454,/p/0/36476412ff01b83,4,200,142288,177.533,992.564,143354
1787859050451,4a4ae3ab-2ded-33bb-de19-4fcfad80ff3d,/p/0/2f8a7e6a6c69f33e,2,200,425941,18.136,770.711,552660
1787859050759,782d4f4a-6b1d-b045-553a-5dc6c5b3356a,/p/0/5c3e354950d9cc17,1,200,48449,41.549,487.773,99327
1787859050431,a6f7a6e8-0f21-bc50-23bc-f9dfcd03c9d5,/p/0/7fd9e4dcdc8798ee,3,200,193936,40.144,898.883,215752
1787859050768,42c99bba-ea15-db2a-80a1-4e745e33a3fa,/p/0/c5db5750eac1e0fe,5,200,316201,27.308,649.509,486831
1787859051086,42c99bba-ea15-db2a-80a1-4e745e33a3fa,/p/0/53cd00967268e929,6,200,77505,331.809,336.853,230086
1787859048509,366782b9-b94f-5579-a16b-c8dd20449e42,/p/0/798fd6e32e190015,10,200,405158,70.565,2958.615,136942
1787859037529,650f1820-765c-4869-94a2-b1afa0f0c318,/p/3/b29820c3596ac805,3,200,2616472,182.969,14037.065,186397
1787859050431,a6f7a6e8-0f21-bc50-23bc-f9dfcd03c9d5,/p/0/7fd9e3dcdc87973b,3,200,251187,26.746,1138.114,220705
1787859046482,7fb8cd2d-0eb8-e186-acc1-9e1dea96ecc0,/p/0/a251c4add6b65afb,2,200,507915,380.685,5152.255,98581
1787859050556,366782b9-b94f-5579-a16b-c8dd20449e42,/p/0/2b7166124d6075e,12,200,79169,177.935,1124.624,70396
1787859049659,701f3cd0-0429-7076-94ab-7ca9c4aa7416,/p/0/3162ca59d49d7c78,5,200,52971,621.177,2049.183,25850
1787859049040,bd3485a7-64a0-3bd8-e269-af9e2cef3c0b,/p/0/eaef38f4e9aebef3,4,200,318622,173.876,2725.085,116922
1787859050431,a6f7a6e8-0f21-bc50-23bc-f9dfcd03c9d5,/p/4/7fd9e5dcdc879aa1,3,200,311855,172.984,1372.498,227217
1787859039732,f8b95f22-53ca-5e7c-f873-164e182a3d9d,/p/0/6bf55a58e8c03927,2,200,4971450,64.186,12277.051,404938
1787859013438,25e73829-b516-14b9-7801-3f09e11db393,/p/0/a5e1b755429d73ca,6,200,5047618,182.291,38578.976,130839
1787859051086,42c99bba-ea15-db2a-80a1-4e745e33a3fa,/p/2/53ccff967268e776,6,200,354186,332.395,936.208,378320
1787859034069,daeade3d-31ba-28a4-a108-39ecf577bd9f,/p/0/d801a25c5f8c8294,2,200,4765747,482.578,18046.712,264078
1787859043426,5a187efd-ff84-49cf-280f-8d6ee97cdfe6,/p/0/510747400070a2e2,10,200,4314392,327.694,9024.581,478071
1787859050759,782d4f4a-6b1d-b045-553a-5dc6c5b3356a,/p/0/5c3e364950d9cdca,1,200,355889,58.809,1783.464,199549
1787859050967,1d9c27d3-9d88-b044-7379-e0f5e58b797a,/p/0/4fa6dabe3c94121e,2,200,79571,482.015,1581.689,50308
1787858976935,701f3cd0-0429-7076-94ab-7ca9c4aa7416,/p/0/4b2b3514e574b9a3,2,200,5222453,318.182,75624.259,69058
1787858966751,e7a9c440-29ef-71ca-744c-3c6f8e53db1a,/p/0/f2752a6e4ba59aa,3,0,1584139,1266.008,85815.353,18460
1787858966751,e7a9c440-29ef-71ca-744c-3c6f8e53db1a,/p/2/f2753a6e4ba5b5d,3,0,1458378,1371.323,85815.375,16994
1787858959834,e7a9c440-29ef-71ca-744c-3c6f8e53db1a,/p/0/448e09ed5c70673a,2,0,1886239,856.409,92732.247,20341
1787859029624,25e73829-b516-14b9-7801-3f09e11db393,/p/0/1dcd30e25add60ef,10,200,3553716,225.091,22967.320,154729
1787859052022,42c99bba-ea15-db2a-80a1-4e745e33a3fa,/p/0/fa823d73e7e07909,7,200,84491,391.550,576.767,146491
1787859050234,baa20701-23f8-a561-e6b9-f2c4295926e6,/p/0/fd1fd4670f529020,1,200,58708,74.534,2380.055,24667
1787859027511,5009bb9d-5136-0cb0-0c85-3cc9470ef3d8,/p/13/6db003cdebe6efb4,1,200,3566452,471.546,25145.750,141831
1787859050121,0f57728a-8036-8bda-be99-adf2eaf87454,/p/2/36475412ff019d0,4,200,475930,126.368,2544.260,187060
1787859051803,a6f7a6e8-0f21-bc50-23bc-f9dfcd03c9d5,/p/0/af848d3fb10b1dc0,4,200,363538,27.054,910.212,399399
1787859051803,a6f7a6e8-0f21-bc50-23bc-f9dfcd03c9d5,/p/0/af84903fb10b22d9,4,200,260619,65.797,910.533,286227
1787859050556,366782b9-b94f-5579-a16b-c8dd20449e42,/p/0/2b7156124d605ab,12,200,391834,248.872,2361.784,165906
1787859050556,366782b9-b94f-5579-a16b-c8dd20449e42,/p/8/2b7176124d60911,12,200,322479,196.121,2379.597,135518
1787859050234,baa20701-23f8-a561-e6b9-f2c4295926e6,/p/0/fd1fd6670f529386,1,200,132344,186.258,2751.715,48095
1787859050121,0f57728a-8036-8bda-be99-adf2eaf87454,/p/0/36477412ff01d36,4,200,474525,165.218,2945.214,161117
1787859049997,0f57728a-8036-8bda-be99-adf2eaf87454,/p/0/edb9861b559af3d6,3,200,504340,124.306,3082.855,163595
1787859050759,782d4f4a-6b1d-b045-553a-5dc6c5b3356a,/p/0/5c3e374950d9cf7d,1,200,497828,41.506,2324.494,214166
1787859052665,0f57728a-8036-8bda-be99-adf2eaf87454,/p/0/378c8cca79a991b1,5,200,23432,140.065,467.035,50172
1787859050575,244696eb-e4e7-d49c-3b63-a0649df132e8,/p/0/908a2bc4a3ed8999,1,200,197189,152.253,2560.713,77005
1787859052936,366782b9-b94f-5579-a16b-c8dd20449e42,/p/7/20f754683b58f200,13,200,79057,35.388,263.528,299995
1787859051025,df1259b7-069d-e915-f981-ef2c1439923e,/p/0/a1fbf9493efaab83,1,200,431985,106.945,2224.297,194212
1787859052022,42c99bba-ea15-db2a-80a1-4e745e33a3fa,/p/1/fa823c73e7e07756,7,200,280789,407.681,1235.123,227337
1787859052022,42c99bba-ea15-db2a-80a1-4e745e33a3fa,/p/0/fa823a73e7e073f0,7,200,443793,429.953,1237.255,358692
1787859041191,7c6def46-a62a-4228-8d73-7c879ff1cecc,/p/0/5e872ddc7e9e2e5c,19,200,2997811,73.619,12081.807,248126
1787859046482,7fb8cd2d-0eb8-e186-acc1-9e1dea96ecc0,/p/1/a251c6add6b65e61,2,200,4026974,414.102,6793.054,592808
1787859051025,df1259b7-069d-e915-f981-ef2c1439923e,/p/0/a1fbfa493efaad36,1,200,477323,24.449,2295.927,207900
1787859053276,7fb8cd2d-0eb8-e186-acc1-9e1dea96ecc0,/p/0/4c1f0705a44e43e1,3,200,23869,29.469,68.654,347669
1787859051566,d2fe775f-397e-dd3c-e3aa-cf1472d5e6b1,/?crawl=200,0,200,330031,81.686,1800.331,183317
1787859050280,701f3cd0-0429-7076-94ab-7ca9c4aa7416,/p/0/a15d4c5d85488d20,6,0,130392,618.030,3287.537,39663
1787859050280,701f3cd0-0429-7076-94ab-7ca9c4aa7416,/p/5/a15d4d5d85488ed3,6,0,161344,579.170,3287.643,49076
1787859050280,701f3cd0-0429-7076-94ab-7ca9c4aa7416,/p/0/a15d4f5d85489239,6,0,160296,384.679,3287.661,48757
1787859053275,7fb8cd2d-0eb8-e186-acc1-9e1dea96ecc0,/p/0/4c1f0605a44e422e,3,200,361951,32.978,324.664,1114847
1787859026146,7042adee-fdad-5268-a08d-b65cb203d086,/p/5/2beca83090122946,4,200,5235441,70.773,27463.780,190631
1787859050575,244696eb-e4e7-d49c-3b63-a0649df132e8,/p/0/908a2ac4a3ed87e6,1,200,509148,56.857,3083.127,165140
1787859053275,7fb8cd2d-0eb8-e186-acc1-9e1dea96ecc0,/p/0/4c1f0405a44e3ec8,3,200,331895,33.027,427.163,776975
1787859053199,366782b9-b94f-5579-a16b-c8dd20449e42,/p/0/21e912947d319b64,14,200,41436,214.459,516.648,80202
1787859052665,0f57728a-8036-8bda-be99-adf2eaf87454,/p/0/378c89ca79a98c98,5,200,295293,149.399,1176.432,251007
1787859051803,a6f7a6e8-0f21-bc50-23bc-f9dfcd03c9d5,/p/3/af848f3fb10b2126,4,200,3329969,40.594,2130.055,1563326
1787859046482,7fb8cd2d-0eb8-e186-acc1-9e1dea96ecc0,/p/0/a251c5add6b65cae,2,200,3861672,343.990,7465.385,517277
1787859050234,baa20701-23f8-a561-e6b9-f2c4295926e6,/p/0/fd1fd7670f529539,1,200,390635,224.529,3821.641,102217
1787859052936,366782b9-b94f-5579-a16b-c8dd20449e42,/p/0/20f755683b58f3b3,13,200,166145,192.989,1137.381,146077
1787859031385,7c6def46-a62a-4228-8d73-7c879ff1cecc,/p/0/4dc12155d0ce2bf0,13,200,6199220,71.306,22720.501,272847
1787859051566,650f1820-765c-4869-94a2-b1afa0f0c318,/p/0/6a62ff2176b2ad90,4,200,324165,170.406,2566.160,126323
1787859053199,366782b9-b94f-5579-a16b-c8dd20449e42,/p/0/21e915947d31a07d,14,200,39463,214.362,963.052,40977
1787859052665,0f57728a-8036-8bda-be99-adf2eaf87454,/p/1/378c8aca79a98e4b,5,200,448292,127.021,1518.134,295292
1787859044696,89590e3e-28d4-3367-bcae-0d9389a60fe2,/p/0/b1cca4675f74208d,1,200,3114806,99.601,9499.286,327899
1787859031385,7c6def46-a62a-4228-8d73-7c879ff1cecc,/p/0/4dc12455d0ce3109,13,200,5890843,78.889,22833.614,257990
1787859028192,9bc1613d-84c4-c5a7-9fc5-d920f7d0ec2d,/p/0/1ad5d92b618722be,2,200,3663738,201.606,26030.683,140747
1787859041996,c2c984d8-0386-99d9-869e-2463572ac76a,/p/0/5c3af661fccb88a3,1,200,4714917,31.108,12267.805,384333
1787859053258,42c99bba-ea15-db2a-80a1-4e745e33a3fa,/p/0/419b2b48f28c742,8,200,60649,579.125,1128.172,53759
1787859030463,650f1820-765c-4869-94a2-b1afa0f0c318,/p/0/2d8134ff1767256c,1,200,3858315,165.442,24179.116,159572
1787859053258,42c99bba-ea15-db2a-80a1-4e745e33a3fa,/p/0/419b1b48f28c58f,8,200,121295,579.074,1580.620,76739
1787859021516,f425fcd3-622b-2b78-2e59-556f926f6ef7,/p/7/c0cbd50d6fa61d20,2,200,2155138,651.376,33558.232,64221
1787859050451,4a4ae3ab-2ded-33bb-de19-4fcfad80ff3d,/p/4/2f8a7c6a6c69efd8,2,200,5571345,36.283,4864.404,1145329
1787859049918,5d449f4c-aebe-a6bf-c22a-483d218453e9,/p/1/fb049b79f98a59ea,4,200,341024,317.053,5562.514,61308
1787859053566,7a7917fe-b550-bb84-f11d-8ec7baa0575b,/?crawl=202,0,200,447180,66.747,1941.617,230313
1787859028314,86512375-51b2-3a79-d081-a3954b8b47f7,/p/0/e6f96246a3660e7f,2,200,5664632,332.001,27214.029,208151
1787859031287,9e364e47-4743-41c9-099e-bf4306a13c79,/p/8/bf61304e3d06ba61,3,200,5803658,147.068,24294.409,238889
1787859050967,1d9c27d3-9d88-b044-7379-e0f5e58b797a,/p/0/4fa6dbbe3c9413d1,2,200,281857,386.607,4619.706,61012
1787859002545,f31664d8-bc72-c746-1247-90fcf0441222,/p/0/11e916b8371d4c1f,2,200,5206251,294.804,53057.695,98124
1787859055566,61f953fd-ddee-8f82-9969-a3c25d780ca0,/?crawl=206,0,200,20764,24.431,46.780,443866
1787859055581,9e364e47-4743-41c9-099e-bf4306a13c79,/p/0/9638fa962915ba99,4,200,12177,30.031,45.231,269219
1787859050969,752bb213-7214-ebcb-4aa0-14c9717460c6,/p/0/4d83b43a983f63ff,8,200,401770,149.645,4791.723,83847
1787859054184,0f57728a-8036-8bda-be99-adf2eaf87454,/p/0/d495228dc855f927,6,200,370702,122.766,1611.522,230032
1787859050211,a594eb79-25a7-9021-91bf-4b898cc6eba2,/p/0/52b1836c71fb29bd,1,200,306258,59.381,5611.580,54576
1787859055315,4a4ae3ab-2ded-33bb-de19-4fcfad80ff3d,/p/0/fe3d0295f895f49c,3,200,233538,19.366,520.750,448465
1787859055315,4a4ae3ab-2ded-33bb-de19-4fcfad80ff3d,/p/3/fe3d0495f895f802,3,200,276149,13.577,532.223,518860
1787859040593,7c6def46-a62a-4228-8d73-7c879ff1cecc,/p/0/31c0c258515faf2d,18,200,5485270,94.068,15321.842,358003
1787859054184,0f57728a-8036-8bda-be99-adf2eaf87454,/p/0/d495238dc855fada,6,200,429061,24.416,1905.390,225183
1787859055847,4a4ae3ab-2ded-33bb-de19-4fcfad80ff3d,/p/0/8a2b2fc5871894e2,4,200,68812,61.259,299.291,229917
1787859053199,366782b9-b94f-5579-a16b-c8dd20449e42,/p/6/21e914947d319eca,14,200,482851,196.833,3033.024,159198
1787859054184,0f57728a-8036-8bda-be99-adf2eaf87454,/p/0/d495248dc855fc8d,6,200,404639,135.420,2086.589,193924
1787859055847,4a4ae3ab-2ded-33bb-de19-4fcfad80ff3d,/p/0/8a2b2ec58718932f,4,200,146611,61.274,464.402,315699
1787859049918,5d449f4c-aebe-a6bf-c22a-483d218453e9,/p/0/fb049c79f98a5b9d,4,200,339031,464.747,6416.532,52837
1787859055480,5d449f4c-aebe-a6bf-c22a-483d218453e9,/p/0/3c9713c83ae8674f,5,200,24148,260.220,876.662,27545
1787859046302,9d22a23d-bb94-c16a-6103-d21f04120b14,/p/0/2967d093995b014b,3,200,2690398,168.475,10175.331,264404
1787859021516,f425fcd3-622b-2b78-2e59-556f926f6ef7,/p/0/c0cbd60d6fa61ed3,2,200,3409836,449.121,34987.889,97458
1787859055847,4a4ae3ab-2ded-33bb-de19-4fcfad80ff3d,/p/2/8a2b2dc58718917c,4,200,479583,61.189,1016.242,471918
1787859047566,c2fb83cc-0e36-09f9-1ada-a54b4ca103b4,/?crawl=194,0,200,5083840,47.683,9404.227,540591
1787859053933,a6f7a6e8-0f21-bc50-23bc-f9dfcd03c9d5,/p/0/42612d37ea683db5,5,200,314181,183.690,3061.965,102608
1787859056863,4a4ae3ab-2ded-33bb-de19-4fcfad80ff3d,/p/1/d7e262e44c975f80,5,200,9297,68.039,142.571,65210
1787859056863,4a4ae3ab-2ded-33bb-de19-4fcfad80ff3d,/p/0/d7e264e44c9762e6,5,200,66110,81.391,220.054,300427
1787859053933,a6f7a6e8-0f21-bc50-23bc-f9dfcd03c9d5,/p/2/42612c37ea683c02,5,200,407015,62.297,3271.326,124419
1787859055613,61f953fd-ddee-8f82-9969-a3c25d780ca0,/p/0/d22b3e1c1edec99,1,200,414046,107.045,1782.295,232311
1787859055566,d4e2a278-8eea-553a-b702-d193f80905dc,/?crawl=204,0,200,257310,203.394,1917.632,134181
1787859055613,61f953fd-ddee-8f82-9969-a3c25d780ca0,/p/0/d22b2e1c1edeae6,1,200,404640,19.343,1879.776,215260
1787859032287,f66824d7-5a6e-f9b4-9eae-e3bd8f0ea84d,/p/0/bb44990cc2f9a8e0,2,200,4047769,36.499,25256.908,160264
1787859055074,f425fcd3-622b-2b78-2e59-556f926f6ef7,/p/0/bd30701c896ad0e,3,0,507888,1429.599,2491.649,203836
1787859055074,f425fcd3-622b-2b78-2e59-556f926f6ef7,/p/0/bd30601c896ab5b,3,0,332800,1430.465,2491.766,133560
1787859055074,f425fcd3-622b-2b78-2e59-556f926f6ef7,/p/6/bd30801c896aec1,3,0,365288,1429.656,2491.751,146599
1787859057006,4a4ae3ab-2ded-33bb-de19-4fcfad80ff3d,/p/0/5c6ea7c1a37217ec,6,200,141556,65.326,573.973,246625
1787859046302,9d22a23d-bb94-c16a-6103-d21f04120b14,/p/0/2967cf93995aff98,3,200,6101763,185.619,11398.915,535293
1787858981590,0778ef55-3de4-0cd3-a882-70bdab7c84af,/p/0/a9ee6630f448588a,3,200,5339733,380.335,76311.745,69973
1787859056864,4a4ae3ab-2ded-33bb-de19-4fcfad80ff3d,/p/0/d7e263e44c976133,5,200,319112,61.745,1064.283,299838
1787859057205,a6f7a6e8-0f21-bc50-23bc-f9dfcd03c9d5,/p/0/ff500f695c4ca164,6,200,84023,157.229,738.861,113720
1787859055761,752bb213-7214-ebcb-4aa0-14c9717460c6,/p/0/4d83b53a983f65b2,8,200,140498,207.945,2299.774,61092
1787859049581,5d449f4c-aebe-a6bf-c22a-483d218453e9,/p/0/7b1040b17db1beae,3,200,438603,310.177,8748.145,50137
1787859051086,42c99bba-ea15-db2a-80a1-4e745e33a3fa,/p/0/53ccfd967268e410,6,200,5025249,332.209,7259.033,692275
1787859054566,f4aa5de6-495d-aaa1-8047-17ce3085fdb6,/?crawl=203,0,200,2235621,28.888,3985.517,560936
1787859055508,7a7917fe-b550-bb84-f11d-8ec7baa0575b,/p/0/5acc06581459bfcc,1,200,178452,60.236,3132.717,56964
1787859057205,a6f7a6e8-0f21-bc50-23bc-f9dfcd03c9d5,/p/1/ff5010695c4ca317,6,200,182004,132.628,1594.671,114133
1787859029935,fc2471ff-7be5-fa76-c056-b2f81b246539,/p/0/9484ac89151cd874,1,200,4562816,172.873,28866.294,158067
1787859050298,714719f4-a32a-c3a8-94f0-3a141485e690,/p/14/c6c56fd242e3b8fe,5,200,484774,292.912,8512.179,56951
1787859055566,155a8e6d-18ea-79a4-eb4c-7e275a9a25d1,/?crawl=205,0,200,3241763,19.685,3357.672,965479
1787859058551,f4aa5de6-495d-aaa1-8047-17ce3085fdb6,/p/7/ee365db5a8f4b945,1,200,60567,138.517,519.282,116636
1787859056232,366782b9-b94f-5579-a16b-c8dd20449e42,/p/0/26d05be1bbca12b9,15,200,268324,248.258,2894.574,92699
1787859058551,f4aa5de6-495d-aaa1-8047-17ce3085fdb6,/p/0/ee365bb5a8f4b5df,1,200,162089,23.471,629.292,257574
1787859056232,366782b9-b94f-5579-a16b-c8dd20449e42,/p/0/26d058e1bbca0da0,15,200,294607,176.731,3309.426,89021
1787859055508,7a7917fe-b550-bb84-f11d-8ec7baa0575b,/p/10/5acc08581459c332,1,200,356038,185.575,4613.827,77168
1787859059575,a94699f5-2908-c51a-e3cb-3f8bef0d9f4f,/?crawl=210,0,200,276201,29.109,563.459,490188
1787859059071,f4aa5de6-495d-aaa1-8047-17ce3085fdb6,/p/0/8b60bdf85ccb9528,2,200,119487,267.172,1137.711,105024
1787859029110,9bc1613d-84c4-c5a7-9fc5-d920f7d0ec2d,/p/0/482b4365d9125f12,4,200,3720543,216.664,31114.245,119577
1787859057205,a6f7a6e8-0f21-bc50-23bc-f9dfcd03c9d5,/p/0/ff5012695c4ca67d,6,200,447105,182.644,3042.169,146969
1787859029110,9bc1613d-84c4-c5a7-9fc5-d920f7d0ec2d,/p/0/482b4165d9125bac,4,200,4158246,211.205,31144.855,133513
1787859056232,366782b9-b94f-5579-a16b-c8dd20449e42,/p/5/26d059e1bbca0f53,15,200,415899,212.587,4036.602,103032
1787859058924,155a8e6d-18ea-79a4-eb4c-7e275a9a25d1,/p/0/79b85f842d52f839,1,200,301606,41.537,1374.509,219428
1787859058924,155a8e6d-18ea-79a4-eb4c-7e275a9a25d1,/p/2/79b85d842d52f4d3,1,200,443508,17.382,1379.165,321577
1787859058810,714719f4-a32a-c3a8-94f0-3a141485e690,/p/0/c6c570d242e3bab1,5,200,115730,236.809,1610.994,71838
1787859055581,9e364e47-4743-41c9-099e-bf4306a13c79,/p/0/9638f7962915b580,4,200,3624305,57.900,4958.374,730946
1787859059071,f4aa5de6-495d-aaa1-8047-17ce3085fdb6,/p/0/8b60c0f85ccb9a41,2,200,145433,342.961,1513.059,96119
1787859059071,f4aa5de6-495d-aaa1-8047-17ce3085fdb6,/p/6/8b60bff85ccb988e,2,200,154140,343.046,1715.455,89854
1787859051025,df1259b7-069d-e915-f981-ef2c1439923e,/p/4/a1fbf8493efaa9d0,1,200,5146893,133.897,9804.998,524925
1787859060303,155a8e6d-18ea-79a4-eb4c-7e275a9a25d1,/p/1/358ea24b1a539bcc,2,200,118346,84.635,531.278,222757
1787859053610,7042adee-fdad-5268-a08d-b65cb203d086,/p/0/f8598aaf0f4c077a,5,200,513059,455.724,7288.779,70390
1787859058799,a6f7a6e8-0f21-bc50-23bc-f9dfcd03c9d5,/p/0/b7e9e8e7343ea38d,7,200,226454,128.119,2200.594,102906
1787859053258,42c99bba-ea15-db2a-80a1-4e745e33a3fa,/p/0/419b3b48f28c8f5,8,200,2593178,578.942,7786.833,333021
1787859059575,99533c34-613f-fca8-39c6-179510e7eca7,/?crawl=209,0,200,311935,71.599,1511.634,206356
1787859060786,f4aa5de6-495d-aaa1-8047-17ce3085fdb6,/p/0/c73366529622207f,3,200,25597,155.923,307.159,83335
1787859060835,155a8e6d-18ea-79a4-eb4c-7e275a9a25d1,/p/0/d9b83c2ccc5cf73f,3,200,87843,96.509,536.661,163684
1787859060830,df1259b7-069d-e915-f981-ef2c1439923e,/p/0/e39691e2c6a46775,2,200,115695,60.772,545.192,212210
1787859060303,155a8e6d-18ea-79a4-eb4c-7e275a9a25d1,/p/0/358ea44b1a539f32,2,200,225435,123.025,1181.781,190759
1787859060269,366782b9-b94f-5579-a16b-c8dd20449e42,/p/4/d86483df633efc08,16,200,77840,327.460,1291.292,60281
1787859060830,df1259b7-069d-e915-f981-ef2c1439923e,/p/0/e3968ee2c6a4625c,2,200,156932,24.548,735.314,213422
1787859060269,366782b9-b94f-5579-a16b-c8dd20449e42,/p/0/d86485df633eff6e,16,200,105861,292.076,1345.209,78695
1787859060786,f4aa5de6-495d-aaa1-8047-17ce3085fdb6,/p/5/c733655296221ecc,3,200,190616,144.251,1364.680,139678
1787859052657,5009bb9d-5136-0cb0-0c85-3cc9470ef3d8,/p/0/9205ddce150398be,2,200,471354,1126.564,9622.008,48987
1787859060786,f4aa5de6-495d-aaa1-8047-17ce3085fdb6,/p/0/c733675296222232,3,200,249676,156.025,1505.843,165805
1787859045960,c950a419-ac8e-8ae5-3ea3-daace63e8347,/p/0/d7c020c5b32f948b,2,200,2519236,40.921,16371.554,153879
1787859061086,99533c34-613f-fca8-39c6-179510e7eca7,/p/0/62b45ce724967c04,1,200,221445,419.871,1445.038,153245
1787859061086,99533c34-613f-fca8-39c6-179510e7eca7,/p/0/62b45fe72496811d,1,200,344755,245.490,1446.662,238311
1787859061086,99533c34-613f-fca8-39c6-179510e7eca7,/p/0/62b45de724967db7,1,200,365430,69.924,1449.604,252090
1787859060270,366782b9-b94f-5579-a16b-c8dd20449e42,/p/0/d86484df633efdbb,16,200,210949,291.459,2365.154,89190
1787859058061,752bb213-7214-ebcb-4aa0-14c9717460c6,/p/2/375c47fc34001fdf,9,200,330166,231.658,4574.713,72172
1787859051566,650f1820-765c-4869-94a2-b1afa0f0c318,/p/0/6a63022176b2b2a9,4,200,2304643,188.308,11277.789,204352
1787859060835,155a8e6d-18ea-79a4-eb4c-7e275a9a25d1,/p/0/d9b83e2ccc5cfaa5,3,200,424990,80.260,2023.136,210065
1787859057006,4a4ae3ab-2ded-33bb-de19-4fcfad80ff3d,/p/0/5c6eaac1a3721d05,6,200,2109454,70.581,5997.070,351747
1787859047566,e50bf1bb-5d22-a020-4830-66b9bc5856e2,/?crawl=195,0,200,5733225,37.672,15484.532,370255
1787859062151,f4aa5de6-495d-aaa1-8047-17ce3085fdb6,/p/0/b3724c0f48a30324,4,200,159445,166.299,1124.255,141823
1787859057484,d4e2a278-8eea-553a-b702-d193f80905dc,/p/6/e64e082698b7fec0,1,200,345367,395.595,5878.458,58751
1787859062151,f4aa5de6-495d-aaa1-8047-17ce3085fdb6,/p/0/b3724f0f48a3083d,4,200,171679,179.134,1393.305,123217
1787859063566,5798b9b5-fd09-bc78-7cd4-ee89edc52918,/?crawl=213,0,200,174088,13.750,155.813,1117287
1787859063566,569b6c9a-0789-b5cd-df63-cf390ed61ae6,/?crawl=212,0,200,405483,17.801,448.986,903108
1787859062151,f4aa5de6-495d-aaa1-8047-17ce3085fdb6,/p/4/b3724d0f48a304d7,4,200,350852,140.990,1864.001,188225
1787859063722,5798b9b5-fd09-bc78-7cd4-ee89edc52918,/p/0/ffa82b3a4401db2f,1,200,192655,63.505,405.133,475535
1787859057006,4a4ae3ab-2ded-33bb-de19-4fcfad80ff3d,/p/0/5c6ea8c1a372199f,6,200,2994222,70.598,7141.912,419247
1787859063722,5798b9b5-fd09-bc78-7cd4-ee89edc52918,/p/3/ffa82a3a4401d97c,1,200,282152,70.484,859.316,328345
1787859063566,298c6f93-ed3a-eccd-2ec2-bbf1adc8cdd9,/?crawl=211,0,200,278679,57.540,1084.775,256900
1787859064566,aea09ca6-707f-1c92-7474-d44d5c6cbed5,/?crawl=214,0,200,26603,38.267,94.613,281177
1787859064566,2067f70d-b46b-cb92-8f1f-5003b6fa7ea0,/?crawl=216,0,200,134944,12.651,110.731,1218665
1787859064015,569b6c9a-0789-b5cd-df63-cf390ed61ae6,/p/0/93128197d89cd2f5,1,200,280983,65.053,721.429,389481
1787859057484,d4e2a278-8eea-553a-b702-d193f80905dc,/p/0/e64e0a2698b80226,1,200,500264,236.967,7427.633,67352
1787859057484,d4e2a278-8eea-553a-b702-d193f80905dc,/p/0/e64e092698b80073,1,200,380677,78.743,7466.904,50982
1787859029662,73de6bb5-7c9d-a776-5e23-4f4f30addd80,/p/7/e64a484c00834619,4,200,3446721,302.355,35299.800,97641
1787859064677,2067f70d-b46b-cb92-8f1f-5003b6fa7ea0,/p/0/456929218630f590,1,200,126690,60.458,323.055,392163
1787859060122,7a7917fe-b550-bb84-f11d-8ec7baa0575b,/p/0/7f4bd0a9e78e1487,2,200,308021,505.828,4957.720,62130
1787859063362,d4e2a278-8eea-553a-b702-d193f80905dc,/p/0/4debb3928d404c53,2,200,81040,438.362,1869.963,43338
1787859061561,366782b9-b94f-5579-a16b-c8dd20449e42,/p/0/5f4358c9122c6dfc,17,200,286067,214.993,3675.384,77833
1787859055315,4a4ae3ab-2ded-33bb-de19-4fcfad80ff3d,/p/0/fe3d0595f895f9b5,3,200,5584765,13.551,10025.505,557056
1787859055613,61f953fd-ddee-8f82-9969-a3c25d780ca0,/p/0/d22b0e1c1ede780,1,200,5904363,129.620,9800.132,602478
1787859064015,569b6c9a-0789-b5cd-df63-cf390ed61ae6,/p/3/93127f97d89ccf8f,1,200,487581,16.743,1461.588,333597
1787859064581,5798b9b5-fd09-bc78-7cd4-ee89edc52918,/p/0/a85c1a6eca402281,2,200,215367,78.020,940.297,229041
1787859064661,aea09ca6-707f-1c92-7474-d44d5c6cbed5,/p/0/6c3dd4dcaf66e369,1,200,105545,36.597,861.084,122572
1787859064651,298c6f93-ed3a-eccd-2ec2-bbf1adc8cdd9,/p/0/267cd5f56d37c755,1,200,48688,336.080,912.939,53331
1787859027701,714719f4-a32a-c3a8-94f0-3a141485e690,/p/0/dbca9c23da991173,2,200,2638463,274.811,37944.531,69535
1787859064566,642626d0-983f-8a2d-45a6-c0fa444f3d26,/?crawl=215,0,200,296532,65.575,1299.661,228161
1787859063363,d4e2a278-8eea-553a-b702-d193f80905dc,/p/0/4debb4928d404e06,2,200,106161,438.362,2543.615,41736
1787859064581,5798b9b5-fd09-bc78-7cd4-ee89edc52918,/p/2/a85c196eca4020ce,2,200,428964,69.914,1327.235,323201
1787859064661,aea09ca6-707f-1c92-7474-d44d5c6cbed5,/p/0/6c3dd3dcaf66e1b6,1,200,213017,36.514,1309.471,162674
1787859065567,c3585e59-0c09-756a-7acb-79af838ae834,/?crawl=219,0,200,233512,39.374,574.979,406123
1787859058566,c059e2ba-67b5-441d-83f3-96a164e9d07d,/?crawl=208,0,200,2685551,43.674,7592.503,353711
1787858992546,6cd8ad77-9ea8-92fb-3130-088c2dfa8024,/p/0/d6c077450eb44e55,2,200,3844807,107.430,73661.183,52196
1787859065908,5798b9b5-fd09-bc78-7cd4-ee89edc52918,/p/0/72e9660448717a4b,3,200,74467,84.260,361.068,206241
1787859065477,569b6c9a-0789-b5cd-df63-cf390ed61ae6,/p/0/9fe55be7d58143d6,2,200,136892,90.901,810.813,168833
1787859064677,2067f70d-b46b-cb92-8f1f-5003b6fa7ea0,/p/4/45692a218630f743,1,200,342875,60.561,1704.128,201203
1787859055581,9e364e47-4743-41c9-099e-bf4306a13c79,/p/7/9638f8962915b733,4,200,6085652,45.550,10799.829,563495
1787859064677,2067f70d-b46b-cb92-8f1f-5003b6fa7ea0,/p/0/45692c218630faa9,1,200,520075,11.475,1752.586,296747
1787859064015,f4aa5de6-495d-aaa1-8047-17ce3085fdb6,/p/0/9a4f6dbff4328e81,5,200,361489,145.825,2427.246,148930
1787859064660,aea09ca6-707f-1c92-7474-d44d5c6cbed5,/p/0/6c3dd2dcaf66e003,1,200,372758,186.359,1793.622,207824
1787859066158,c059e2ba-67b5-441d-83f3-96a164e9d07d,/p/0/cf4a0a898ffb8b0a,1,200,103201,40.812,307.090,336061
1787859065866,642626d0-983f-8a2d-45a6-c0fa444f3d26,/p/0/d8d37d7f1acbe9f0,1,200,14977,377.651,632.977,23661
1787859049783,0ee69b8d-bf50-b716-46e6-0b05fb1b5d2e,/p/11/bf472c0edd603044,1,200,4149032,99.088,16724.774,248077
1787859066381,2067f70d-b46b-cb92-8f1f-5003b6fa7ea0,/p/0/a86e161040dd2ec,2,200,93039,48.365,226.502,410765
1787859064015,f4aa5de6-495d-aaa1-8047-17ce3085fdb6,/p/3/9a4f6cbff4328cce,5,200,290940,130.722,2597.407,112012
1787859064962,73de6bb5-7c9d-a776-5e23-4f4f30addd80,/p/0/f2a4120b158fdffb,5,200,72594,163.165,1678.521,43249
1787859037083,f57ad8a4-0903-3e86-d441-8af637d36673,/p/0/a9e44bd84f3760ef,1,200,6210504,451.210,29614.199,209714
1787859066566,9cdb4fbf-cd90-9a85-4f7b-90b2f4c395ba,/?crawl=220,0,200,58822,34.364,153.158,384061
1787859042096,f66824d7-5a6e-f9b4-9eae-e3bd8f0ea84d,/p/10/e0494f1e943430f5,6,200,6170864,216.907,24739.695,249432
1787859065567,2d0fa1df-41e4-0c83-3919-6a1727c45664,/?crawl=218,0,200,345500,56.255,1269.239,272210
1787859066836,f66824d7-5a6e-f9b4-9eae-e3bd8f0ea84d,/p/9/87125387d3a85ab2,7,200,21309,34.952,90.082,236552
1787859065477,569b6c9a-0789-b5cd-df63-cf390ed61ae6,/p/2/9fe55ce7d5814589,2,200,426794,84.072,1531.344,278705
1787859052936,366782b9-b94f-5579-a16b-c8dd20449e42,/p/0/20f756683b58f566,13,200,2106769,192.914,14091.466,149507
1787859065908,5798b9b5-fd09-bc78-7cd4-ee89edc52918,/p/0/72e9670448717bfe,3,200,268114,134.050,1120.337,239316
1787859067008,569b6c9a-0789-b5cd-df63-cf390ed61ae6,/p/1/28bc398b12eda10,3,200,24872,80.345,163.914,151738
1787859048381,c950a419-ac8e-8ae5-3ea3-daace63e8347,/p/0/f5d70b83cf2cdf9e,3,200,4033016,256.253,18806.227,214451
1787859007422,485d9581-3b3f-a3d7-9069-f32a6d64daf0,/p/1/ee8f2ea0eab45b0f,2,200,5032530,851.449,59868.148,84060
1787859063363,d4e2a278-8eea-553a-b702-d193f80905dc,/p/5/4debb5928d404fb9,2,200,376029,397.584,3932.747,95615
1787859067172,569b6c9a-0789-b5cd-df63-cf390ed61ae6,/p/0/8f84c7c95021a79c,4,200,27787,147.627,186.109,149305
1787859065477,569b6c9a-0789-b5cd-df63-cf390ed61ae6,/p/0/9fe55ae7d5814223,2,200,487564,84.163,1965.815,248021
1787859065866,642626d0-983f-8a2d-45a6-c0fa444f3d26,/p/0/d8d37f7f1acbed56,1,200,217481,66.066,1717.939,126594
1787859066926,f66824d7-5a6e-f9b4-9eae-e3bd8f0ea84d,/p/8/89e2e3cb8cfcfc6f,8,200,33804,294.994,789.989,42790
1787859064651,298c6f93-ed3a-eccd-2ec2-bbf1adc8cdd9,/p/1/267cd4f56d37c5a2,1,200,399146,166.179,3259.433,122459
1787859066641,73de6bb5-7c9d-a776-5e23-4f4f30addd80,/p/0/f2a4130b158fe1ae,5,200,118956,172.095,1313.209,90584
1787859066158,c059e2ba-67b5-441d-83f3-96a164e9d07d,/p/0/cf4a09898ffb8957,1,200,278476,327.208,1897.983,146722
1787859064651,298c6f93-ed3a-eccd-2ec2-bbf1adc8cdd9,/p/0/267cd2f56d37c23c,1,200,432192,55.479,3451.777,125209
1787859013966,05d6ab71-19b6-5fdc-c436-80d0c3a790a6,/p/0/58b32bf129704695,3,200,3541952,255.793,54155.385,65404
1787859066158,c059e2ba-67b5-441d-83f3-96a164e9d07d,/p/3/cf4a08898ffb87a4,1,200,406069,472.027,2264.179,179345
1787859067358,569b6c9a-0789-b5cd-df63-cf390ed61ae6,/p/0/8f84cac95021acb5,4,200,188956,100.514,1108.280,170495
1787859066381,9e364e47-4743-41c9-099e-bf4306a13c79,/p/6/91e85b7fe562112f,5,200,276930,197.144,2140.805,129358
1787859062635,752bb213-7214-ebcb-4aa0-14c9717460c6,/p/0/375c46fc34001e2c,9,200,314555,205.381,5921.138,53124
1787859067295,d4e2a278-8eea-553a-b702-d193f80905dc,/p/4/8ee739271ab1dde4,3,200,48529,397.013,1271.332,38172
1787859023216,73de6bb5-7c9d-a776-5e23-4f4f30addd80,/p/0/2989f121fa46169f,1,200,4670720,28.336,45383.046,102918
1787859005566,752bb213-7214-ebcb-4aa0-14c9717460c6,/p/0/fb707bc6ac078870,2,200,3721828,265.353,63093.009,58990
1787859036646,05d6ab71-19b6-5fdc-c436-80d0c3a790a6,/p/17/8d63148f8f0efe91,7,200,2398517,342.428,32029.725,74884
1787859058924,155a8e6d-18ea-79a4-eb4c-7e275a9a25d1,/p/0/79b85c842d52f320,1,200,2695174,41.518,9763.847,276036
1787859067910,298c6f93-ed3a-eccd-2ec2-bbf1adc8cdd9,/p/0/e4dc745b07122182,2,200,97365,218.943,798.958,121865
1787859066613,f4aa5de6-495d-aaa1-8047-17ce3085fdb6,/p/0/96237650593696f7,6,200,211068,155.502,2158.368,97791
1787859060122,7a7917fe-b550-bb84-f11d-8ec7baa0575b,/p/9/7f4bd2a9e78e17ed,2,200,3647663,440.426,8710.217,418780
1787859068423,c059e2ba-67b5-441d-83f3-96a164e9d07d,/p/0/4e454d2ed6f5151,2,200,46872,40.748,432.835,108291
1787859065866,642626d0-983f-8a2d-45a6-c0fa444f3d26,/p/0/d8d3807f1acbef09,1,200,450402,377.680,3013.371,149468
1787859023216,73de6bb5-7c9d-a776-5e23-4f4f30addd80,/p/0/2989f221fa461852,1,200,4513609,143.720,45857.713,98426
1787859055508,7a7917fe-b550-bb84-f11d-8ec7baa0575b,/p/0/5acc09581459c4e5,1,200,4247294,185.543,13631.179,311587
1787859060122,7a7917fe-b550-bb84-f11d-8ec7baa0575b,/p/0/7f4bd1a9e78e163a,2,200,4231377,598.528,9051.842,467460
1787859068832,7a7917fe-b550-bb84-f11d-8ec7baa0575b,/p/0/91b7421c234ff7bd,3,200,24255,341.749,341.846,70953
1787859068832,7a7917fe-b550-bb84-f11d-8ec7baa0575b,/p/0/91b73f1c234ff2a4,3,200,71327,341.985,344.531,207027
1787859068832,7a7917fe-b550-bb84-f11d-8ec7baa0575b,/p/8/91b7401c234ff457,3,200,269066,341.887,346.203,777190
1787859068423,c059e2ba-67b5-441d-83f3-96a164e9d07d,/p/2/4e452d2ed6f4deb,2,200,136709,61.067,964.861,141688
1787859067008,569b6c9a-0789-b5cd-df63-cf390ed61ae6,/p/0/28bc598b12edd76,3,200,499854,88.086,2427.151,205943
1787859064962,73de6bb5-7c9d-a776-5e23-4f4f30addd80,/p/6/f2a4110b158fde48,5,200,402616,162.180,4485.921,89751
1787859068566,870bcfa7-0714-e7a4-eda7-671f567f99aa,/?crawl=223,0,200,412495,34.275,898.465,459111
1787859068423,c059e2ba-67b5-441d-83f3-96a164e9d07d,/p/0/4e451d2ed6f4c38,2,200,205991,122.646,1132.061,181961
1787859066836,f66824d7-5a6e-f9b4-9eae-e3bd8f0ea84d,/p/0/87125487d3a85c65,7,200,236550,34.889,2849.594,83012
1787859069566,ff74ef6c-9b66-a1c0-7684-511dfc19f972,/?crawl=226,0,200,35155,47.831,142.149,247311
1787859067716,f66824d7-5a6e-f9b4-9eae-e3bd8f0ea84d,/p/7/c8efe1135bc6cc1b,9,200,140504,184.120,2150.385,65339
1787859069179,7a7917fe-b550-bb84-f11d-8ec7baa0575b,/p/7/75276af46d9a46d,4,200,244819,745.641,753.163,325054
1787859069179,7a7917fe-b550-bb84-f11d-8ec7baa0575b,/p/0/75275af46d9a2ba,4,200,258061,11.322,755.791,341445
1787859067910,298c6f93-ed3a-eccd-2ec2-bbf1adc8cdd9,/p/0/e4dc755b07122335,2,200,195296,495.142,2133.256,91548
1787859068522,9e364e47-4743-41c9-099e-bf4306a13c79,/p/5/6609e4109ac6b0f8,6,200,129078,170.207,1695.485,76130
1787859069464,870bcfa7-0714-e7a4-eda7-671f567f99aa,/p/11/ac6ca1ab83e6aa4b,1,200,222376,137.536,955.648,232697
1787859051566,650f1820-765c-4869-94a2-b1afa0f0c318,/p/2/6a63012176b2b0f6,4,200,6211707,170.388,19036.972,326297
1787859049782,0ee69b8d-bf50-b716-46e6-0b05fb1b5d2e,/p/0/bf472e0edd6033aa,1,200,4361767,18.971,20863.626,209061
1787859066613,f4aa5de6-495d-aaa1-8047-17ce3085fdb6,/p/2/9623785059369a5d,6,200,499274,155.449,4098.129,121830
1787859066836,2d0fa1df-41e4-0c83-3919-6a1727c45664,/p/7/5539d53fa6aa6c4d,1,200,383055,51.374,3916.331,97810
1787859066836,f66824d7-5a6e-f9b4-9eae-e3bd8f0ea84d,/p/0/87125187d3a8574c,7,200,282438,144.983,3924.973,71959
1787859069566,3a3baa8c-df43-ae9f-56fd-8ba3bf2dc386,/?crawl=224,0,200,514751,36.847,1213.390,424226
1787859066507,0ee69b8d-bf50-b716-46e6-0b05fb1b5d2e,/p/10/9729aaca3d1b8c35,2,200,381525,127.730,4300.212,88722
1787859050967,1d9c27d3-9d88-b044-7379-e0f5e58b797a,/p/0/4fa6d8be3c940eb8,2,200,5881549,64.434,19914.438,295341
1787859067910,298c6f93-ed3a-eccd-2ec2-bbf1adc8cdd9,/p/0/e4dc725b07121e1c,2,200,517821,301.936,3199.226,161858
1787859068659,752bb213-7214-ebcb-4aa0-14c9717460c6,/p/1/f35cea949b92ca87,10,200,293942,144.106,2617.186,112312
1787859070779,3a3baa8c-df43-ae9f-56fd-8ba3bf2dc386,/p/0/8d804c7f6aed78aa,1,200,52923,221.697,583.408,90714
1787859069448,73de6bb5-7c9d-a776-5e23-4f4f30addd80,/p/0/4a8eddb67b3264fc,6,200,192662,158.771,1961.279,98233
1787859060830,df1259b7-069d-e915-f981-ef2c1439923e,/p/3/e3968fe2c6a4640f,2,200,6207686,24.554,10727.421,578675
1787859066507,0ee69b8d-bf50-b716-46e6-0b05fb1b5d2e,/p/0/9729a8ca3d1b88cf,2,200,447613,127.719,5056.652,88520
1787858992546,6cd8ad77-9ea8-92fb-3130-088c2dfa8024,/p/2/d6c076450eb44ca2,2,0,4842914,107.464,79020.265,61287
1787858992190,6cd8ad77-9ea8-92fb-3130-088c2dfa8024,/p/0/2d7d825678bb8393,1,0,5014151,15.244,79375.983,63170
1787859069708,ff74ef6c-9b66-a1c0-7684-511dfc19f972,/p/0/66aba2c441b78e37,1,200,191232,47.397,1907.147,100271
1787859071557,df1259b7-069d-e915-f981-ef2c1439923e,/p/0/9de3f09653201cb5,3,200,14320,100.528,188.216,76083
1787859068522,9e364e47-4743-41c9-099e-bf4306a13c79,/p/0/6609e6109ac6b45e,6,200,378992,258.884,3228.234,117399
1787859070753,2d0fa1df-41e4-0c83-3919-6a1727c45664,/p/0/43cda761419a55a8,2,200,42807,284.849,1009.518,42403
1787859053567,c64abfb9-0f80-2244-326f-a6e75cc749f8,/?crawl=201,0,200,4556533,57.756,18452.605,246932
1787859066926,f66824d7-5a6e-f9b4-9eae-e3bd8f0ea84d,/p/0/89e2e5cb8cfcffd5,8,200,303542,256.794,5132.043,59146
1787859067716,f66824d7-5a6e-f9b4-9eae-e3bd8f0ea84d,/p/0/c8efe0135bc6ca68,9,200,378041,200.997,4346.871,86969
1787859070761,f66824d7-5a6e-f9b4-9eae-e3bd8f0ea84d,/p/0/3420e8b87187f6f6,10,200,120531,277.600,1302.807,92516
1787859031163,714719f4-a32a-c3a8-94f0-3a141485e690,/p/0/b0b40df935c8e3a1,3,200,3214503,272.044,40959.340,78480
1787859066836,2d0fa1df-41e4-0c83-3919-6a1727c45664,/p/0/5539d43fa6aa6a9a,1,200,441837,316.162,5318.892,83069
1787859071566,2bee12fb-c85f-3ac1-509c-17e2e4d44b01,/?crawl=228,0,200,263095,36.876,630.528,417262
1787859012624,752bb213-7214-ebcb-4aa0-14c9717460c6,/p/0/dea82d5e8e0046f5,4,200,3544621,402.991,59637.219,59436
1787859060303,155a8e6d-18ea-79a4-eb4c-7e275a9a25d1,/p/0/358ea34b1a539d7f,2,200,4544967,107.783,11999.165,378774
1787859070779,3a3baa8c-df43-ae9f-56fd-8ba3bf2dc386,/p/0/8d804a7f6aed7544,1,200,268077,205.617,1544.736,173542
1787859070779,3a3baa8c-df43-ae9f-56fd-8ba3bf2dc386,/p/0/8d804d7f6aed7a5d,1,200,357532,33.274,1614.627,221433
1787859069686,f66824d7-5a6e-f9b4-9eae-e3bd8f0ea84d,/p/0/c8efe3135bc6cf81,9,200,377605,256.785,2726.467,138496
1787859069867,f66824d7-5a6e-f9b4-9eae-e3bd8f0ea84d,/p/6/3420e9b87187f8a9,10,200,351798,227.871,2546.106,138171
1787859070566,d4127861-a092-ef73-2dd4-ed0eed3228ea,/?crawl=227,0,200,349206,80.307,1891.260,184642
1787859069708,ff74ef6c-9b66-a1c0-7684-511dfc19f972,/p/11/66aba1c441b78c84,1,200,353014,47.520,2751.115,128317
1787859063722,5798b9b5-fd09-bc78-7cd4-ee89edc52918,/p/0/ffa82c3a4401dce2,1,200,3612100,14.218,8928.184,404573
1787859018681,752bb213-7214-ebcb-4aa0-14c9717460c6,/p/0/58e1a776ab7d086e,5,200,3120176,250.232,54078.101,57698
1787859056566,953461a2-4239-ade1-c67c-7dbb345a08ef,/?crawl=207,0,200,6174086,57.161,16321.490,378280
1787859071557,df1259b7-069d-e915-f981-ef2c1439923e,/p/0/9de3ed965320179c,3,200,435353,126.394,1367.697,318311
1787859072566,54b39338-2449-1e27-96eb-41c117ea6ba8,/?crawl=230,0,200,66000,83.442,382.294,172642
1787859071557,df1259b7-069d-e915-f981-ef2c1439923e,/p/2/9de3ef9653201b02,3,200,462555,25.310,1486.606,311148
1787859072261,752bb213-7214-ebcb-4aa0-14c9717460c6,/p/0/f35cec949b92cded,10,200,48631,159.043,803.611,60516
1787859072566,6e9273b2-380f-6f23-ded9-cddece31b094,/?crawl=229,0,200,212490,38.810,535.713,396649
1787859060835,155a8e6d-18ea-79a4-eb4c-7e275a9a25d1,/p/0/d9b83b2ccc5cf58c,3,200,4606865,96.422,12281.208,375115
1787859070603,650f1820-765c-4869-94a2-b1afa0f0c318,/p/0/c615b816d8852d3d,5,200,402102,32.801,2696.347,149128
1787859069388,c059e2ba-67b5-441d-83f3-96a164e9d07d,/p/0/45a19ca8d72b5eb6,3,200,458102,372.238,3967.061,115476
1787859070603,650f1820-765c-4869-94a2-b1afa0f0c318,/p/0/c615b516d8852824,5,200,422276,65.472,2761.991,152888
1787859072413,f66824d7-5a6e-f9b4-9eae-e3bd8f0ea84d,/p/5/7133836e826ec0ed,11,200,21402,976.292,986.574,21693
1787859058799,a6f7a6e8-0f21-bc50-23bc-f9dfcd03c9d5,/p/0/b7e9e7e7343ea1da,7,200,2342958,128.122,14610.478,160361
1787859070603,650f1820-765c-4869-94a2-b1afa0f0c318,/p/1/c615b716d8852b8a,5,200,454566,82.871,2843.730,159849
1787859066381,2067f70d-b46b-cb92-8f1f-5003b6fa7ea0,/p/0/a86e461040dd805,2,200,4659196,55.057,7294.688,638711
1787859072413,f66824d7-5a6e-f9b4-9eae-e3bd8f0ea84d,/p/0/7133826e826ebf3a,11,200,56601,987.589,1328.167,42616
1787859031936,752bb213-7214-ebcb-4aa0-14c9717460c6,/p/0/c3aa6436fd7a9d5f,7,200,3004500,380.481,41935.468,71646
1787859069464,870bcfa7-0714-e7a4-eda7-671f567f99aa,/p/0/ac6ca0ab83e6a898,1,200,478450,153.571,4471.391,107002
1787859069932,7a7917fe-b550-bb84-f11d-8ec7baa0575b,/p/0/5d7df5fed082e0a0,5,200,186984,305.939,4008.943,46642
1787859072413,f66824d7-5a6e-f9b4-9eae-e3bd8f0ea84d,/p/0/7133816e826ebd87,11,200,505468,999.539,1675.693,301647
1787859073400,f66824d7-5a6e-f9b4-9eae-e3bd8f0ea84d,/p/0/331fc7b1e9968076,12,200,22882,691.485,691.654,33083
1787859072196,2bee12fb-c85f-3ac1-509c-17e2e4d44b01,/p/0/a4844c1c73a9efc6,1,200,140954,34.202,1960.709,71889
1787859070420,870bcfa7-0714-e7a4-eda7-671f567f99aa,/p/10/b1d34ddeadcea805,2,200,355769,154.536,3762.614,94554
1787859069464,870bcfa7-0714-e7a4-eda7-671f567f99aa,/p/0/ac6ca3ab83e6adb1,1,200,500970,31.167,4765.373,105127
1787859072457,d4127861-a092-ef73-2dd4-ed0eed3228ea,/p/0/fa15f621d65280e4,1,200,31008,1506.103,1777.073,17449
1787859073044,df1259b7-069d-e915-f981-ef2c1439923e,/p/1/93a53772cba6726b,4,200,214895,88.607,1315.177,163396
1787859066381,2067f70d-b46b-cb92-8f1f-5003b6fa7ea0,/p/3/a86e361040dd652,2,200,5514814,113.609,8187.376,673575
1787859072019,c64abfb9-0f80-2244-326f-a6e75cc749f8,/p/0/c761b1fa7fbecb6c,1,200,226013,58.557,2558.607,88334
1787859074566,56bf00ae-dc5d-838c-018b-6801b733fec9,/?crawl=231,0,200,84156,36.681,174.762,481548
1787859074566,56d38f00-128b-5c28-0b92-4d6d2d4b19d7,/?crawl=236,0,200,41753,84.030,203.165,205513
1787859074566,037c1d7a-c469-d69e-926b-a70f9312ec48,/?crawl=233,0,200,72231,57.433,284.186,254168
1787859074568,2067f70d-b46b-cb92-8f1f-5003b6fa7ea0,/p/2/fd64bbf984428339,3,200,188612,68.317,399.640,471955
1787859074568,2067f70d-b46b-cb92-8f1f-5003b6fa7ea0,/p/0/fd64baf984428186,3,200,141379,68.418,418.469,337848
1787859072888,953461a2-4239-ade1-c67c-7dbb345a08ef,/p/0/a08d063f5688dd93,1,200,138294,323.407,2119.798,65239
1787859074359,df1259b7-069d-e915-f981-ef2c1439923e,/p/0/24f0ec6d5b3d1ab7,5,200,59042,143.924,685.933,86075
1787859074566,d4629c40-d15a-7de0-a365-ef162f524d68,/?crawl=232,0,200,169388,45.194,485.188,349118
1787859070711,f4aa5de6-495d-aaa1-8047-17ce3085fdb6,/p/0/c9322f5cc7b97ca1,7,200,379901,204.896,4378.049,86774
1787859073400,f66824d7-5a6e-f9b4-9eae-e3bd8f0ea84d,/p/4/331fc8b1e9968229,12,200,373804,691.568,1720.903,217214
1787859074741,56bf00ae-dc5d-838c-018b-6801b733fec9,/p/0/325c70619a95925a,1,200,75505,28.901,414.639,182098
1787859075051,d4629c40-d15a-7de0-a365-ef162f524d68,/p/0/ec9b6d7a58666f7a,1,200,14925,39.831,141.040,105821
1787859070711,f4aa5de6-495d-aaa1-8047-17ce3085fdb6,/p/0/c9322c5cc7b97788,7,200,325691,179.221,4510.747,72203
1787859068567,d4e2a278-8eea-553a-b702-d193f80905dc,/p/3/6f3976147c6b9a1d,4,200,213893,553.414,6657.101,32130
1787859072196,2bee12fb-c85f-3ac1-509c-17e2e4d44b01,/p/0/a4844d1c73a9f179,1,200,464471,34.130,3135.021,148156
1787859074968,2067f70d-b46b-cb92-8f1f-5003b6fa7ea0,/p/0/3c6debf3746f21b9,4,200,75278,90.245,376.575,199901
1787859074183,870bcfa7-0714-e7a4-eda7-671f567f99aa,/p/0/6842241a53bc1ff,3,200,110779,170.572,1206.332,91831
1787859074568,2067f70d-b46b-cb92-8f1f-5003b6fa7ea0,/p/0/fd64b9f984427fd3,3,200,416539,13.740,852.651,488522
1787859074968,2067f70d-b46b-cb92-8f1f-5003b6fa7ea0,/p/0/3c6de8f3746f1ca0,4,200,294665,84.346,702.522,419439
1787859072888,953461a2-4239-ade1-c67c-7dbb345a08ef,/p/0/a08d073f5688df46,1,200,293813,162.427,2903.044,101209
1787859072948,54b39338-2449-1e27-96eb-41c117ea6ba8,/p/0/c5c6c5bf2f30886d,1,200,197182,111.006,3004.378,65632
1787859073447,650f1820-765c-4869-94a2-b1afa0f0c318,/p/0/a61f501a9d473bda,6,200,424790,32.573,2514.752,168919
1787859073447,650f1820-765c-4869-94a2-b1afa0f0c318,/p/0/a61f4f1a9d473a27,6,200,379222,62.923,2548.514,148801
1787859069932,7a7917fe-b550-bb84-f11d-8ec7baa0575b,/p/6/5d7df7fed082e406,5,200,369967,305.930,6127.651,60377
1787859074769,56d38f00-128b-5c28-0b92-4d6d2d4b19d7,/p/0/9ef2180405fa972e,1,200,64112,3.032,1329.497,48223
1787859072457,d4127861-a092-ef73-2dd4-ed0eed3228ea,/p/0/fa15f721d6528297,1,200,246367,76.438,3668.128,67164
1787859069932,7a7917fe-b550-bb84-f11d-8ec7baa0575b,/p/0/5d7df8fed082e5b9,5,200,495640,525.556,6286.741,78839
1787859070218,9e364e47-4743-41c9-099e-bf4306a13c79,/p/4/5a9c7e0ceaf56512,7,200,467935,155.726,6140.313,76207
1787859069566,bc665800-401c-dd5a-498a-b5a9317139d8,/?crawl=225,0,200,5348569,21.039,6861.134,779546
1787859075121,f66824d7-5a6e-f9b4-9eae-e3bd8f0ea84d,/p/0/fb2551c62ed2abc1,13,200,174188,1305.533,1341.233,129872
1787859068676,05d6ab71-19b6-5fdc-c436-80d0c3a790a6,/p/0/bfd66205781d1ca7,8,200,202699,253.458,7898.542,25663
1787859068676,05d6ab71-19b6-5fdc-c436-80d0c3a790a6,/p/0/bfd66305781d1e5a,8,200,461512,274.482,7914.672,58311
1787859074769,56d38f00-128b-5c28-0b92-4d6d2d4b19d7,/p/0/9ef2170405fa957b,1,200,77589,3.370,1844.070,42075
1787859076427,bc665800-401c-dd5a-498a-b5a9317139d8,/p/5/20eaa1dcff886ebd,1,200,42819,108.796,210.168,203737
1787859067295,d4e2a278-8eea-553a-b702-d193f80905dc,/p/0/8ee73b271ab1e14a,3,200,303665,397.059,9356.246,32456
1787859050211,a594eb79-25a7-9021-91bf-4b898cc6eba2,/p/0/52b1816c71fb2657,1,200,2796857,298.005,26541.155,105378
1787859074566,db465bc7-3c36-6c38-6cdc-56400ab10e94,/?crawl=234,0,200,437922,97.966,2194.815,199526
1787859075121,f66824d7-5a6e-f9b4-9eae-e3bd8f0ea84d,/p/3/fb2550c62ed2aa0e,13,200,379267,1306.703,1667.630,227429
1787859024552,714719f4-a32a-c3a8-94f0-3a141485e690,/p/0/505e9cdd237c0478,1,200,3595055,187.380,52256.837,68796
1787859076427,bc665800-401c-dd5a-498a-b5a9317139d8,/p/0/20eaa0dcff886d0a,1,200,65259,108.800,426.650,152957
1787859074359,df1259b7-069d-e915-f981-ef2c1439923e,/p/0/24f0ed6d5b3d1c6a,5,200,373934,121.985,2538.573,147301
1787859076566,d89b0df7-d975-e9c8-6b36-24cb7ddfbe46,/?crawl=239,0,200,361485,24.020,492.253,734348
1787859067172,569b6c9a-0789-b5cd-df63-cf390ed61ae6,/p/0/8f84c8c95021a94f,4,200,2863896,78.932,9888.479,289619
1787859074741,56bf00ae-dc5d-838c-018b-6801b733fec9,/p/0/325c6f619a9590a7,1,200,254478,42.461,2331.498,109148
1787859077058,d89b0df7-d975-e9c8-6b36-24cb7ddfbe46,/p/0/9709c474f5bde00f,1,200,33198,18.463,98.960,335470
1787859072019,c64abfb9-0f80-2244-326f-a6e75cc749f8,/p/0/c761b4fa7fbed085,1,200,501324,256.407,5156.911,97214
1787859074359,df1259b7-069d-e915-f981-ef2c1439923e,/p/0/24f0eb6d5b3d1904,5,200,442405,157.252,2934.645,150752
1787859072459,ff74ef6c-9b66-a1c0-7684-511dfc19f972,/p/0/feed6686633e44dc,2,200,387061,329.862,4902.386,78954
1787859074183,870bcfa7-0714-e7a4-eda7-671f567f99aa,/p/0/6842341a53bc3b2,3,200,327342,186.456,3334.905,98156
1787859077058,d89b0df7-d975-e9c8-6b36-24cb7ddfbe46,/p/0/9709c374f5bdde5c,1,200,183161,57.700,587.600,311710
1787859075224,d4e2a278-8eea-553a-b702-d193f80905dc,/p/2/5ff71a2e28d15cf1,5,200,87675,396.848,2441.568,35909
1787859070808,0ee69b8d-bf50-b716-46e6-0b05fb1b5d2e,/p/9/479995ba89353d5e,3,200,376207,306.184,6858.363,54854
1787859029430,b89c026c-5d1d-762f-d681-2f124bba4e06,/p/0/d006cffe08627c71,2,200,2626023,398.519,48325.914,54340
1787859076809,714719f4-a32a-c3a8-94f0-3a141485e690,/p/0/2bdb813b34c304a0,6,200,80213,196.935,1009.422,79464
1787859047703,687ca5a8-7c1b-ca08-aa90-e1155fa3b95d,/p/0/6fba8e81bf5f7a82,3,200,5324981,296.598,30232.250,176136
1787859071277,752bb213-7214-ebcb-4aa0-14c9717460c6,/p/0/f35ce9949b92c8d4,10,200,480123,178.792,6672.630,71954
1787859064015,569b6c9a-0789-b5cd-df63-cf390ed61ae6,/p/0/93127e97d89ccddc,1,200,4480649,49.209,13994.603,320170
1787859050211,a594eb79-25a7-9021-91bf-4b898cc6eba2,/p/0/52b1806c71fb24a4,1,200,2882088,297.968,27823.681,103584
1787859061561,366782b9-b94f-5579-a16b-c8dd20449e42,/p/0/5f435bc9122c7315,17,200,4158988,196.522,16477.859,252399
1787859061561,366782b9-b94f-5579-a16b-c8dd20449e42,/p/3/5f435ac9122c7162,17,200,4111512,179.248,16481.832,249457
1787859076358,9e364e47-4743-41c9-099e-bf4306a13c79,/p/3/b526fcab8971794d,8,200,129491,203.647,1739.412,74445
1787859075051,d4629c40-d15a-7de0-a365-ef162f524d68,/p/0/ec9b6c7a58666dc7,1,200,495175,82.016,3332.268,148600
1787859078097,9e364e47-4743-41c9-099e-bf4306a13c79,/p/0/b526fbab8971779a,8,200,9876,304.202,318.407,31017
1787859068567,d4e2a278-8eea-553a-b702-d193f80905dc,/p/0/6f3975147c6b986a,4,200,339675,673.438,10113.008,33588
1787859073065,752bb213-7214-ebcb-4aa0-14c9717460c6,/p/0/859828c5dde07530,11,200,272021,164.776,5676.971,47917
1787859070808,0ee69b8d-bf50-b716-46e6-0b05fb1b5d2e,/p/0/479993ba893539f8,3,200,455266,192.831,8019.475,56770
1787859072123,714719f4-a32a-c3a8-94f0-3a141485e690,/p/0/2bdb843b34c309b9,6,200,394693,219.422,6706.900,58849
1787859078566,28ccfaac-4860-d877-6d39-8f1480e51491,/?crawl=241,0,200,136917,48.222,439.243,311711
1787859076638,bc665800-401c-dd5a-498a-b5a9317139d8,/p/4/670f829b54635416,2,200,419931,101.013,2380.875,176377
1787859066926,f66824d7-5a6e-f9b4-9eae-e3bd8f0ea84d,/p/0/89e2e2cb8cfcfabc,8,200,4444879,201.590,12155.986,365654
1787859072759,752bb213-7214-ebcb-4aa0-14c9717460c6,/p/0/859829c5dde076e3,11,200,352145,146.489,6394.248,55072
1787859076638,bc665800-401c-dd5a-498a-b5a9317139d8,/p/0/670f839b546355c9,2,200,424415,111.895,2562.316,165637
1787859078566,e7a9c440-29ef-71ca-744c-3c6f8e53db1a,/?crawl=240,0,200,36187,250.324,701.356,51596
1787859029430,b89c026c-5d1d-762f-d681-2f124bba4e06,/p/13/d006cdfe0862790b,2,200,2584618,398.526,49864.860,51832
1787859064581,5798b9b5-fd09-bc78-7cd4-ee89edc52918,/p/0/a85c176eca401d68,2,200,5984218,70.035,14837.786,403309
1787859078680,d4e2a278-8eea-553a-b702-d193f80905dc,/p/0/4157e39549455e39,6,200,10025,476.668,793.661,12631
1787859077666,0ee69b8d-bf50-b716-46e6-0b05fb1b5d2e,/p/0/830c76dd3bce352b,4,200,148949,268.463,1818.240,81919
1787859074968,2067f70d-b46b-cb92-8f1f-5003b6fa7ea0,/p/1/3c6de9f3746f1e53,4,200,5294362,61.036,4562.076,1160516
1787859067566,25939a61-c9c5-3c66-5f02-c57839660af7,/?crawl=221,0,200,3871565,48.316,12026.898,321909
1787859065908,5798b9b5-fd09-bc78-7cd4-ee89edc52918,/p/1/72e9680448717db1,3,200,5826836,97.995,13689.673,425637
1787859078416,9e364e47-4743-41c9-099e-bf4306a13c79,/p/0/b526faab897175e7,8,200,87438,172.660,1243.432,70320
1787859079530,2067f70d-b46b-cb92-8f1f-5003b6fa7ea0,/p/0/595c225858942e8a,5,200,137640,22.221,232.728,591420
1787859079530,2067f70d-b46b-cb92-8f1f-5003b6fa7ea0,/p/0/595c23585894303d,5,200,122994,11.413,233.053,527750
1787859076761,db465bc7-3c36-6c38-6cdc-56400ab10e94,/p/0/781d7048dcc4b021,1,200,289015,148.967,3035.161,95222
1787859079566,9db87a8c-7367-8eb8-c13a-2321f9425a22,/?crawl=243,0,200,332499,20.095,420.417,790878
1787859079986,9db87a8c-7367-8eb8-c13a-2321f9425a22,/p/23/f8ec855a2f12f281,1,200,28307,63.631,94.047,300989
1787859053933,a6f7a6e8-0f21-bc50-23bc-f9dfcd03c9d5,/p/0/42612a37ea68389c,5,200,5212243,62.355,26175.550,199126
1787859072196,2bee12fb-c85f-3ac1-509c-17e2e4d44b01,/p/0/a4844a1c73a9ec60,1,200,2428510,120.049,8013.978,303034
1787859070808,0ee69b8d-bf50-b716-46e6-0b05fb1b5d2e,/p/0/479996ba89353f11,3,200,466697,182.622,9416.186,49563
1787859079598,5798b9b5-fd09-bc78-7cd4-ee89edc52918,/p/0/3de30a14af884751,4,200,412941,19.855,760.188,543209
1787859045762,bd3485a7-64a0-3bd8-e269-af9e2cef3c0b,/p/0/b1e1b0c935dfce24,3,200,4623733,35.691,34645.583,133458
1787859079598,5798b9b5-fd09-bc78-7cd4-ee89edc52918,/p/0/3de30914af88459e,4,200,302488,13.563,902.610,335126
1787859079018,bc665800-401c-dd5a-498a-b5a9317139d8,/p/0/caa69ec1ca127dc0,3,200,211628,98.589,1499.766,141107
1787859067008,569b6c9a-0789-b5cd-df63-cf390ed61ae6,/p/0/28bc498b12edbc3,3,200,5840869,104.208,13668.243,427331
1787859078043,366782b9-b94f-5579-a16b-c8dd20449e42,/p/2/26e844dbd375e14,18,200,263932,167.387,2973.012,88776
1787859080082,9db87a8c-7367-8eb8-c13a-2321f9425a22,/p/0/cb0dd7d1e17b3686,2,200,53095,119.790,1391.800,38148
1787859076761,db465bc7-3c36-6c38-6cdc-56400ab10e94,/p/5/781d6e48dcc4acbb,1,200,444279,224.934,4863.416,91351
1787859080082,9db87a8c-7367-8eb8-c13a-2321f9425a22,/p/22/cb0dd8d1e17b3839,2,200,97593,187.654,1671.896,58373
1787859079986,9db87a8c-7367-8eb8-c13a-2321f9425a22,/p/0/f8ec835a2f12ef1b,1,200,165509,37.463,1787.955,92569
1787859080080,9db87a8c-7367-8eb8-c13a-2321f9425a22,/p/0/cb0dd6d1e17b34d3,2,200,121154,141.128,1711.983,70768
1787859076060,7a7917fe-b550-bb84-f11d-8ec7baa0575b,/p/5/85236e0c5be58520,6,200,280166,382.664,5867.165,47752
1787859079530,2067f70d-b46b-cb92-8f1f-5003b6fa7ea0,/p/0/595c205858942b24,5,200,3687700,57.669,2489.728,1481166
1787859013966,05d6ab71-19b6-5fdc-c436-80d0c3a790a6,/p/0/58b328f12970417c,3,200,4994903,340.004,68158.351,73284
1787859076060,7a7917fe-b550-bb84-f11d-8ec7baa0575b,/p/0/85236f0c5be586d3,6,200,436188,444.876,6147.545,70953
1787859058799,a6f7a6e8-0f21-bc50-23bc-f9dfcd03c9d5,/p/0/b7e9e5e7343e9e74,7,200,5669151,207.595,23771.539,238485
1787859081016,366782b9-b94f-5579-a16b-c8dd20449e42,/p/1/7f4dc0f9a31ad1fb,19,200,63594,416.764,1597.809,39801
1787859068567,d4e2a278-8eea-553a-b702-d193f80905dc,/p/0/6f3974147c6b96b7,4,200,380073,593.289,14049.907,27052
1787859067290,485d9581-3b3f-a3d7-9069-f32a6d64daf0,/p/0/3bbcc50cf397ce45,3,200,400478,371.692,15360.096,26073
1787859041413,752bb213-7214-ebcb-4aa0-14c9717460c6,/p/0/c3aa6536fd7a9f12,7,200,2552079,397.639,41258.998,61855
1787859079986,9db87a8c-7367-8eb8-c13a-2321f9425a22,/p/0/f8ec845a2f12f0ce,1,200,378243,40.062,2697.237,140233
1787859081566,fa582fd7-aacb-0337-b145-55fbdaa93e2a,/?crawl=244,0,200,242810,74.646,1240.878,195676
1787859026934,73de6bb5-7c9d-a776-5e23-4f4f30addd80,/p/0/3eac1f95c90ddb51,2,200,5522331,184.894,55905.232,98780
1787859067290,485d9581-3b3f-a3d7-9069-f32a6d64daf0,/p/0/3bbcc30cf397cadf,3,200,335682,498.942,15607.311,21508
1787859077666,0ee69b8d-bf50-b716-46e6-0b05fb1b5d2e,/p/8/830c75dd3bce3378,4,200,332399,481.863,5513.002,60294
1787859073872,752bb213-7214-ebcb-4aa0-14c9717460c6,/p/0/85982bc5dde07a49,11,200,511560,237.747,9340.007,54771
1787859081754,9db87a8c-7367-8eb8-c13a-2321f9425a22,/p/0/93dfdd45284f02c7,3,200,251523,114.075,1511.924,166360
1787859065567,59668973-ab89-96a2-0ad0-d2d995c7597f,/?crawl=217,0,200,5728559,116.827,17806.989,321703
1787859076788,f66824d7-5a6e-f9b4-9eae-e3bd8f0ea84d,/p/0/ebf99f5fe13a2924,14,200,499653,806.954,6591.033,75808
1787859081754,9db87a8c-7367-8eb8-c13a-2321f9425a22,/p/21/93dfdf45284f062d,3,200,470207,123.204,1666.441,282162
1787859082614,366782b9-b94f-5579-a16b-c8dd20449e42,/p/0/19c9a46563f9312c,20,200,36052,390.932,820.377,43946
1787859078043,366782b9-b94f-5579-a16b-c8dd20449e42,/p/0/26e854dbd375fc7,18,200,438458,51.648,5568.287,78742
1787859072888,953461a2-4239-ade1-c67c-7dbb345a08ef,/p/0/a08d083f5688e0f9,1,200,2433928,53.316,10765.271,226091
1787859081624,db465bc7-3c36-6c38-6cdc-56400ab10e94,/p/0/f3038a9b0dad5430,2,200,91053,189.798,2127.447,42799
1787859028496,05d6ab71-19b6-5fdc-c436-80d0c3a790a6,/p/0/dd151ef42f13a8a7,5,200,3825398,232.879,55282.259,69198
1787859081016,366782b9-b94f-5579-a16b-c8dd20449e42,/p/0/7f4dbff9a31ad048,19,200,131019,306.183,2812.333,46587
1787859082807,fa582fd7-aacb-0337-b145-55fbdaa93e2a,/p/0/8c56dbb7c3adea47,1,200,86045,292.949,1066.391,80688
1787859083566,9159e2dc-2c75-cc04-05f6-7eb860d06c58,/?crawl=245,0,200,279387,18.717,314.960,887055
1787859026933,73de6bb5-7c9d-a776-5e23-4f4f30addd80,/p/0/3eac1c95c90dd638,2,200,5604505,171.106,57097.780,98156
1787859083881,9159e2dc-2c75-cc04-05f6-7eb860d06c58,/p/0/1fc130155848dea7,1,200,35928,55.457,154.415,232671
1787859083567,f0602d95-b6a7-b7a4-b286-ec67f83bcbe7,/?crawl=246,0,200,200900,39.790,551.261,364437
1787859083881,9159e2dc-2c75-cc04-05f6-7eb860d06c58,/p/0/1fc132155848e20d,1,200,121345,19.816,306.013,396535
1787859069388,c059e2ba-67b5-441d-83f3-96a164e9d07d,/p/1/45a19da8d72b6069,3,200,2161615,167.175,14817.725,145880
1787859053610,7042adee-fdad-5268-a08d-b65cb203d086,/p/0/f85989af0f4c05c7,5,200,3145366,455.630,30810.038,102089
1787859075224,d4e2a278-8eea-553a-b702-d193f80905dc,/p/0/5ff7192e28d15b3e,5,200,286517,436.801,9223.271,31065
1787859083881,9159e2dc-2c75-cc04-05f6-7eb860d06c58,/p/0/1fc12f155848dcf4,1,200,367247,19.738,582.887,630048
1787859079598,5798b9b5-fd09-bc78-7cd4-ee89edc52918,/p/0/3de30814af8843eb,4,200,5056610,81.427,5107.513,990034
1787859079082,f66824d7-5a6e-f9b4-9eae-e3bd8f0ea84d,/p/0/ebf9a25fe13a2e3d,14,200,356071,269.158,5833.203,61042
1787859082807,fa582fd7-aacb-0337-b145-55fbdaa93e2a,/p/0/8c56dcb7c3adebfa,1,200,219111,73.430,2212.870,99017
1787859082614,366782b9-b94f-5579-a16b-c8dd20449e42,/p/0/19c9a56563f932df,20,200,208868,390.989,2455.514,85061
1787859084566,34f44788-9e62-8236-d71a-0d7dea383207,/?crawl=249,0,200,119478,70.484,601.401,198666
1787859083420,9db87a8c-7367-8eb8-c13a-2321f9425a22,/p/20/36148902d36cb9c7,4,200,373958,130.675,1755.780,212987
1787859049040,bd3485a7-64a0-3bd8-e269-af9e2cef3c0b,/p/10/eaef3af4e9aec259,4,200,5122643,173.838,36151.762,141698
1787859079295,b89c026c-5d1d-762f-d681-2f124bba4e06,/p/0/156ed630896cccaa,3,200,255939,436.036,5964.764,42908
1787859077058,d89b0df7-d975-e9c8-6b36-24cb7ddfbe46,/p/0/9709c574f5bde1c2,1,200,6036505,39.505,8279.670,729076
1787859073044,df1259b7-069d-e915-f981-ef2c1439923e,/p/0/93a53672cba670b8,4,200,3224930,23.888,12306.899,262042
1787859073447,650f1820-765c-4869-94a2-b1afa0f0c318,/p/0/a61f511a9d473d8d,6,200,4563592,47.467,11922.367,382776
1787859085176,9db87a8c-7367-8eb8-c13a-2321f9425a22,/p/19/8de50d51637c3cf1,5,200,28883,126.985,269.514,107167
1787859083420,9db87a8c-7367-8eb8-c13a-2321f9425a22,/p/0/36148802d36cb814,4,200,320218,130.648,2065.626,155022
1787859077666,d4e2a278-8eea-553a-b702-d193f80905dc,/p/1/4157e29549455c86,6,200,315730,581.045,8048.060,39231
1787859083420,9db87a8c-7367-8eb8-c13a-2321f9425a22,/p/0/36148b02d36cbd2d,4,200,488164,99.526,2383.487,204811
1787859085486,9db87a8c-7367-8eb8-c13a-2321f9425a22,/p/0/71589752e3042380,6,200,41557,123.201,395.961,104952
1787859085191,bd3485a7-64a0-3bd8-e269-af9e2cef3c0b,/p/9/f04330186602bec4,5,200,59075,191.132,777.553,75976
1787859049040,bd3485a7-64a0-3bd8-e269-af9e2cef3c0b,/p/0/eaef39f4e9aec0a6,4,200,5510925,259.741,37050.247,148742
1787859070420,870bcfa7-0714-e7a4-eda7-671f567f99aa,/p/0/b1d34cdeadcea652,2,200,2333557,247.867,15683.601,148790
1787859085191,bd3485a7-64a0-3bd8-e269-af9e2cef3c0b,/p/0/f04331186602c077,5,200,78104,191.064,915.126,85348
1787859079267,e7a9c440-29ef-71ca-744c-3c6f8e53db1a,/p/1/3ead854171421048,1,200,300348,327.225,7007.405,42862
1787859083434,366782b9-b94f-5579-a16b-c8dd20449e42,/p/0/19c9a66563f93492,20,200,325316,285.908,2958.716,109952
1787859081624,db465bc7-3c36-6c38-6cdc-56400ab10e94,/p/4/f3038b9b0dad55e3,2,200,370278,247.978,4799.891,77143
1787859085969,bd3485a7-64a0-3bd8-e269-af9e2cef3c0b,/p/8/6c9843f75c393433,6,200,35437,190.294,499.885,70890
1787859053610,7042adee-fdad-5268-a08d-b65cb203d086,/p/4/f8598baf0f4c092d,5,200,6005345,71.520,32903.419,182514
1787859085167,34f44788-9e62-8236-d71a-0d7dea383207,/p/0/36c531b261055929,1,200,82482,285.265,1353.926,60921
1787859085191,bd3485a7-64a0-3bd8-e269-af9e2cef3c0b,/p/0/f04332186602c22a,5,200,146486,208.751,1416.809,103391
1787859084118,f0602d95-b6a7-b7a4-b286-ec67f83bcbe7,/p/0/b32b8572ece3d4ba,1,200,359235,118.592,2728.483,131661
1787859083179,0ee69b8d-bf50-b716-46e6-0b05fb1b5d2e,/p/0/77a1a2de9347b3b8,5,200,178606,223.125,3690.727,48393
1787859085167,34f44788-9e62-8236-d71a-0d7dea383207,/p/2/36c52fb2610555c3,1,200,149700,72.417,1712.200,87431
1787859085714,d4e2a278-8eea-553a-b702-d193f80905dc,/p/0/7ac49e1a6684c008,7,200,39067,712.882,1184.762,32975
1787859058551,f4aa5de6-495d-aaa1-8047-17ce3085fdb6,/p/0/ee365cb5a8f4b792,1,200,4668515,138.516,28415.222,164296
1787859085804,9db87a8c-7367-8eb8-c13a-2321f9425a22,/p/0/71589a52e3042899,6,200,187590,145.332,1229.335,152595
1787859076566,993f30ac-2bf3-034e-618b-4a0b0c7f0b18,/?crawl=238,0,200,3839903,43.494,10581.238,362897
1787859067566,50b2dcc6-0d1c-7927-7a8e-16e2a146d4f9,/?crawl=222,0,200,6200679,55.563,19607.009,316248
1787859079267,e7a9c440-29ef-71ca-744c-3c6f8e53db1a,/p/0/3ead8741714213ae,1,200,215855,244.403,7980.486,27048
1787859073741,f66824d7-5a6e-f9b4-9eae-e3bd8f0ea84d,/p/0/331fc6b1e9967ec3,12,200,2932197,352.291,13516.354,216937
1787859086513,7042adee-fdad-5268-a08d-b65cb203d086,/p/3/d7a8ce230d105d10,6,200,73969,70.060,836.264,88452
1787859078042,366782b9-b94f-5579-a16b-c8dd20449e42,/p/0/26e864dbd37617a,18,0,935199,304.581,9523.505,98199
1787859081016,366782b9-b94f-5579-a16b-c8dd20449e42,/p/0/7f4dc2f9a31ad561,19,0,701779,361.280,6550.381,107136
1787859075566,2c587170-b79c-3489-392e-4ab6d67b5b39,/?crawl=237,0,200,4084308,47.736,12105.623,337389
1787859086424,db465bc7-3c36-6c38-6cdc-56400ab10e94,/p/0/d3a1a3aa89c27c3d,3,200,49285,309.607,1301.106,37879
1787859085446,9db87a8c-7367-8eb8-c13a-2321f9425a22,/p/18/71589852e3042533,6,200,411294,125.934,2309.679,178074
1787859087147,993f30ac-2bf3-034e-618b-4a0b0c7f0b18,/p/1/2a7418d28a58d46f,1,200,62015,145.744,627.799,98782
1787859087672,2c587170-b79c-3489-392e-4ab6d67b5b39,/p/0/b87c4a6715fa481,1,200,8863,70.624,106.481,83235
1787859081927,7a7917fe-b550-bb84-f11d-8ec7baa0575b,/p/0/a30da7038984b318,7,200,183226,311.755,5905.754,31025
1787859084118,f0602d95-b6a7-b7a4-b286-ec67f83bcbe7,/p/0/b32b8672ece3d66d,1,200,516743,99.474,3730.246,138528
1787859074741,56bf00ae-dc5d-838c-018b-6801b733fec9,/p/3/325c6e619a958ef4,1,200,5760003,142.628,13117.811,439098
1787859087349,7042adee-fdad-5268-a08d-b65cb203d086,/p/2/1d1fef85d08e1c3a,7,200,10984,416.077,554.647,19804
1787859084205,c059e2ba-67b5-441d-83f3-96a164e9d07d,/p/0/7d21ada2e891a1a2,4,200,333789,225.197,3713.633,89882
1787859087755,9db87a8c-7367-8eb8-c13a-2321f9425a22,/p/0/5347fd175b0a0f72,7,200,61481,105.017,434.442,141517
1787859086469,bd3485a7-64a0-3bd8-e269-af9e2cef3c0b,/p/0/ea82b41e845a4978,7,200,128053,192.679,1738.867,73642
1787859081927,7a7917fe-b550-bb84-f11d-8ec7baa0575b,/p/0/a30daa038984b831,7,200,280656,403.801,6346.240,44224
1787859073044,df1259b7-069d-e915-f981-ef2c1439923e,/p/0/93a53972cba675d1,4,200,5613005,43.975,15306.158,366715
1787859072019,c64abfb9-0f80-2244-326f-a6e75cc749f8,/p/2/c761b2fa7fbecd1f,1,200,3721534,172.959,16371.118,227323
1787859084205,c059e2ba-67b5-441d-83f3-96a164e9d07d,/p/0/7d21aea2e891a355,4,200,355506,225.229,4248.480,83678
1787859087859,56bf00ae-dc5d-838c-018b-6801b733fec9,/p/2/e05a9d8fd56c5340,2,200,158038,29.375,699.401,225962
1787859052657,5009bb9d-5136-0cb0-0c85-3cc9470ef3d8,/p/0/9205dcce1503970b,2,200,2825672,565.848,35972.433,78551
1787859011241,8bdba6bc-af6a-91a6-deef-b70df88047d5,/p/0/1f2f320316e0517c,2,200,2773080,2724.220,77513.796,35775
1787859087756,9db87a8c-7367-8eb8-c13a-2321f9425a22,/p/0/5347fc175b0a0dbf,7,200,167241,95.908,1002.047,166899
1787859087147,993f30ac-2bf3-034e-618b-4a0b0c7f0b18,/p/0/2a741ad28a58d7d5,1,200,184130,111.554,1839.395,100104
1787859072457,d4127861-a092-ef73-2dd4-ed0eed3228ea,/p/0/fa15f921d65285fd,1,200,2677041,1236.080,16540.461,161848
1787859087173,50b2dcc6-0d1c-7927-7a8e-16e2a146d4f9,/p/0/19024e4def4bb79e,1,200,236264,71.182,1891.467,124910
1787859025930,7da8a4d7-e9a1-f028-1f66-434354dd650a,/p/4/ed526a3042e761f0,1,200,5209235,821.343,63306.429,82286
1787859064015,f4aa5de6-495d-aaa1-8047-17ce3085fdb6,/p/0/9a4f6abff4328968,5,200,4789525,161.497,25241.476,189748
1787859079267,e7a9c440-29ef-71ca-744c-3c6f8e53db1a,/p/0/3ead8641714211fb,1,200,338610,1083.258,10067.790,33633
1787859079295,b89c026c-5d1d-762f-d681-2f124bba4e06,/p/0/156ed530896ccaf7,3,200,504688,475.102,10059.690,50169
1787859085969,bd3485a7-64a0-3bd8-e269-af9e2cef3c0b,/p/0/6c9845f75c393799,6,200,278684,207.338,3470.922,80291
1787859088390,c64abfb9-0f80-2244-326f-a6e75cc749f8,/p/0/dd6d18a94c19041c,2,200,238978,3.807,1051.277,227322
1787859088558,56bf00ae-dc5d-838c-018b-6801b733fec9,/p/1/20157eca296428c1,3,200,86064,201.799,888.079,96910
1787859088390,c64abfb9-0f80-2244-326f-a6e75cc749f8,/p/0/dd6d1ba94c190935,2,200,368843,14.104,1057.072,348929
1787859031566,e413d12a-c45c-a7e3-580e-d4f46635583e,/?crawl=174,0,200,5824152,220.509,57921.722,100552
1787859087859,56bf00ae-dc5d-838c-018b-6801b733fec9,/p/0/e05a9e8fd56c54f3,2,200,235588,134.848,1675.563,140602
1787859086275,e7a9c440-29ef-71ca-744c-3c6f8e53db1a,/p/0/4e9763de522c30eb,2,200,15653,2500.652,3307.186,4733
1787859087672,2c587170-b79c-3489-392e-4ab6d67b5b39,/p/5/b87c3a6715fa2ce,1,200,285950,106.439,2074.216,137859
1787859086275,e7a9c440-29ef-71ca-744c-3c6f8e53db1a,/p/0/4e9764de522c329e,2,200,155284,339.702,3582.468,43346
1787859089446,56bf00ae-dc5d-838c-018b-6801b733fec9,/p/0/f69556ba65fa4ea3,4,200,54058,155.282,583.152,92700
1787859087349,7042adee-fdad-5268-a08d-b65cb203d086,/p/0/1d1fed85d08e18d4,7,200,95511,343.798,2813.348,33949
1787859083179,0ee69b8d-bf50-b716-46e6-0b05fb1b5d2e,/p/7/77a1a3de9347b56b,5,200,453442,223.071,7093.030,63928
1787859086469,bd3485a7-64a0-3bd8-e269-af9e2cef3c0b,/p/7/ea82b61e845a4cde,7,200,381741,174.125,3824.480,99815
1787859031164,714719f4-a32a-c3a8-94f0-3a141485e690,/p/0/b0b40af935c8de88,3,200,4710540,236.413,59254.194,79497
1787859075051,d4629c40-d15a-7de0-a365-ef162f524d68,/p/0/ec9b6e7a5866712d,1,200,4771951,181.162,15396.117,309945
1787859087672,2c587170-b79c-3489-392e-4ab6d67b5b39,/p/0/b87c1a6715f9f68,1,200,295786,355.405,2801.877,105567
1787859083179,0ee69b8d-bf50-b716-46e6-0b05fb1b5d2e,/p/0/77a1a5de9347b8d1,5,200,401339,212.720,7333.212,54729
1787859090163,7042adee-fdad-5268-a08d-b65cb203d086,/p/0/ddcbaad44cc092d2,8,200,10705,379.644,414.727,25812
1787859066836,2d0fa1df-41e4-0c83-3919-6a1727c45664,/p/0/5539d33fa6aa68e7,1,200,2237387,263.787,23849.279,93814
1787859087147,993f30ac-2bf3-034e-618b-4a0b0c7f0b18,/p/0/2a7417d28a58d2bc,1,200,384367,39.442,3568.884,107699
1787859086880,34f44788-9e62-8236-d71a-0d7dea383207,/p/0/ee1554d1d134c114,2,200,175818,361.844,3988.216,44084
1787859089746,2c587170-b79c-3489-392e-4ab6d67b5b39,/p/0/78a6b5e579c3db5e,2,200,116836,217.538,1135.951,102853
1787859043953,5d449f4c-aebe-a6bf-c22a-483d218453e9,/p/0/41c08a3297c3e0f,2,200,3505461,265.479,46931.794,74693
1787859029430,b89c026c-5d1d-762f-d681-2f124bba4e06,/p/0/d006ccfe08627758,2,200,3625680,557.162,61564.626,58892
1787859086469,bd3485a7-64a0-3bd8-e269-af9e2cef3c0b,/p/0/ea82b71e845a4e91,7,200,395394,262.122,4589.266,86156
1787859024552,714719f4-a32a-c3a8-94f0-3a141485e690,/p/0/505e9fdd237c0991,1,200,5242662,91.485,66706.091,78593
1787859081927,7a7917fe-b550-bb84-f11d-8ec7baa0575b,/p/4/a30da9038984b67e,7,200,515338,433.768,9683.213,53220
1787859087858,56bf00ae-dc5d-838c-018b-6801b733fec9,/p/0/e05a9f8fd56c56a6,2,200,428813,134.915,3751.554,114303
1787859068676,05d6ab71-19b6-5fdc-c436-80d0c3a790a6,/p/16/bfd66405781d200d,8,200,4389068,211.673,22934.200,191377
1787859081624,db465bc7-3c36-6c38-6cdc-56400ab10e94,/p/0/f3038d9b0dad5949,2,200,487439,367.050,10284.549,47395
1787859079295,b89c026c-5d1d-762f-d681-2f124bba4e06,/p/12/156ed730896cce5d,3,200,4573173,475.075,12714.648,359678
1787859091610,05d6ab71-19b6-5fdc-c436-80d0c3a790a6,/p/0/32277889ee64da37,9,200,82487,42.427,594.041,138857
1787859023070,8bdba6bc-af6a-91a6-deef-b70df88047d5,/p/0/74b1d80f9d8ca814,3,200,2847189,154.505,69224.503,41130
1787859085167,34f44788-9e62-8236-d71a-0d7dea383207,/p/0/36c52eb261055410,1,200,507250,143.961,7271.518,69758
1787859086880,34f44788-9e62-8236-d71a-0d7dea383207,/p/1/ee1556d1d134c47a,2,200,241016,428.799,5668.155,42521
1787859086424,db465bc7-3c36-6c38-6cdc-56400ab10e94,/p/0/d3a1a0aa89c27724,3,200,290723,514.873,6186.606,46992
1787859086424,db465bc7-3c36-6c38-6cdc-56400ab10e94,/p/3/d3a1a1aa89c278d7,3,200,331834,324.686,6319.478,52510
1787859023069,8bdba6bc-af6a-91a6-deef-b70df88047d5,/p/1/74b1d90f9d8ca9c7,3,200,3070566,130.829,69689.875,44060
1787859079566,701f3cd0-0429-7076-94ab-7ca9c4aa7416,/?crawl=242,0,200,2478561,77.830,13195.684,187831
1787859066613,f4aa5de6-495d-aaa1-8047-17ce3085fdb6,/p/0/96237750593698aa,6,200,5091498,194.505,26255.395,193922
1787859086880,34f44788-9e62-8236-d71a-0d7dea383207,/p/0/ee1557d1d134c62d,2,200,413351,361.865,6026.351,68591
1787859087775,993f30ac-2bf3-034e-618b-4a0b0c7f0b18,/p/0/7d7ceb4ce13f0086,2,200,440123,234.351,5131.054,85776
1787859086513,7042adee-fdad-5268-a08d-b65cb203d086,/p/0/d7a8d0230d106076,6,200,302223,139.798,6456.615,46808
1787859092759,8bdba6bc-af6a-91a6-deef-b70df88047d5,/p/0/ae6a1f4e72300b46,4,200,16220,141.772,241.552,67149
1787859084118,f0602d95-b6a7-b7a4-b286-ec67f83bcbe7,/p/0/b32b8372ece3d154,1,200,2472339,39.577,8885.779,278235
1787859088558,56bf00ae-dc5d-838c-018b-6801b733fec9,/p/0/20157cca2964255b,3,200,479329,142.326,4499.064,106540
1787859089534,56bf00ae-dc5d-838c-018b-6801b733fec9,/p/0/f69558ba65fa5209,4,200,437697,192.416,3754.890,116567
1787859011241,8bdba6bc-af6a-91a6-deef-b70df88047d5,/p/0/1f2f350316e05695,2,200,3670450,1753.384,82119.987,44696
1787859091610,05d6ab71-19b6-5fdc-c436-80d0c3a790a6,/p/0/32277989ee64dbea,9,200,268168,127.812,1884.032,142337
1787859091610,7a7917fe-b550-bb84-f11d-8ec7baa0575b,/p/0/824d4f2c2c02bd50,8,200,74472,313.353,1885.428,39499
1787859060421,714719f4-a32a-c3a8-94f0-3a141485e690,/p/0/c6c56dd242e3b598,5,200,3195389,182.475,33084.746,96582
1787859092548,34f44788-9e62-8236-d71a-0d7dea383207,/p/0/85a3d0f8d8cd926,3,200,57693,499.179,1181.760,48820
1787859075120,f66824d7-5a6e-f9b4-9eae-e3bd8f0ea84d,/p/0/fb254ec62ed2a6a8,13,200,2522257,1306.664,18642.652,135295
1787859025930,7da8a4d7-e9a1-f028-1f66-434354dd650a,/p/0/ed526b3042e763a3,1,200,5513559,449.157,67862.123,81246
1787859091610,05d6ab71-19b6-5fdc-c436-80d0c3a790a6,/p/15/32277a89ee64dd9d,9,200,473437,170.125,2433.379,194559
1787859094044,05d6ab71-19b6-5fdc-c436-80d0c3a790a6,/p/0/f415e7bc71d8ad2b,10,200,5682,42.585,42.651,133220
1787859092759,8bdba6bc-af6a-91a6-deef-b70df88047d5,/p/0/ae6a1e4e72300993,4,200,304899,151.763,1370.651,222448
1787859069448,73de6bb5-7c9d-a776-5e23-4f4f30addd80,/p/5/4a8edeb67b3266af,6,200,4432589,144.222,24724.850,179277
1787859070711,f4aa5de6-495d-aaa1-8047-17ce3085fdb6,/p/1/c9322d5cc7b9793b,7,200,5043805,192.491,23595.394,213762
1787859076788,f66824d7-5a6e-f9b4-9eae-e3bd8f0ea84d,/p/2/ebf9a05fe13a2ad7,14,200,2188111,806.812,17524.348,124861
1787859090294,bd3485a7-64a0-3bd8-e269-af9e2cef3c0b,/p/0/658b5195f9df3cb9,8,200,461266,190.494,4065.470,113459
1787859090293,bd3485a7-64a0-3bd8-e269-af9e2cef3c0b,/p/0/658b4e95f9df37a0,8,200,433436,173.890,4151.828,104396
1787859092762,701f3cd0-0429-7076-94ab-7ca9c4aa7416,/p/0/658230fc9a77fe21,1,200,96858,75.939,1703.237,56867
1787859094306,f4aa5de6-495d-aaa1-8047-17ce3085fdb6,/p/0/6183d770dc2e73c0,8,200,50629,91.375,248.543,203704
1787859094306,f4aa5de6-495d-aaa1-8047-17ce3085fdb6,/p/0/6183da70dc2e78d9,8,200,69636,27.789,263.433,264341
1787859052657,5009bb9d-5136-0cb0-0c85-3cc9470ef3d8,/p/12/9205dbce15039558,2,200,4016562,187.976,42083.406,95443
1787859094313,f66824d7-5a6e-f9b4-9eae-e3bd8f0ea84d,/p/0/95c363662b578e5d,15,200,38746,186.962,536.940,72161
1787859089237,7da8a4d7-e9a1-f028-1f66-434354dd650a,/p/0/55054c172f4674ec,2,200,447509,35.386,5676.159,78840
1787859087904,7042adee-fdad-5268-a08d-b65cb203d086,/p/0/ddcba9d44cc0911f,8,200,288618,452.634,7076.868,40783
1787859089237,7da8a4d7-e9a1-f028-1f66-434354dd650a,/p/0/55054f172f467a05,2,200,491029,35.382,5759.205,85260
1787859094044,05d6ab71-19b6-5fdc-c436-80d0c3a790a6,/p/14/f415e9bc71d8b091,10,200,130405,64.044,956.155,136385
1787859092744,db465bc7-3c36-6c38-6cdc-56400ab10e94,/p/0/642898ce8fb52a7c,4,200,102738,247.665,2286.689,44929
1787859092744,db465bc7-3c36-6c38-6cdc-56400ab10e94,/p/0/64289bce8fb52f95,4,200,115489,247.695,2300.462,50203
1787859090293,bd3485a7-64a0-3bd8-e269-af9e2cef3c0b,/p/6/658b5095f9df3b06,8,200,489635,190.600,4756.542,102939
1787859083566,ae4e5018-5a50-5d98-cfa0-61618e3ad560,/?crawl=247,0,200,5446085,35.107,11815.085,460943
1787859072058,f66824d7-5a6e-f9b4-9eae-e3bd8f0ea84d,/p/0/3420e7b87187f543,10,200,5815824,361.807,23469.496,247804
1787859086513,7042adee-fdad-5268-a08d-b65cb203d086,/p/0/d7a8cf230d105ec3,6,200,464112,210.279,9242.219,50217
1787859094740,5009bb9d-5136-0cb0-0c85-3cc9470ef3d8,/p/11/c112ac426f36ce5c,3,200,74376,394.964,1063.767,69918
1787859092744,db465bc7-3c36-6c38-6cdc-56400ab10e94,/p/2/642899ce8fb52c2f,4,200,204502,275.955,3073.001,66548
1787859094173,73de6bb5-7c9d-a776-5e23-4f4f30addd80,/p/0/1e3078d348418e61,7,200,216996,199.607,2129.364,101906
1787859094313,f66824d7-5a6e-f9b4-9eae-e3bd8f0ea84d,/p/1/95c361662b578af7,15,200,230076,243.222,2060.914,111638
1787859094173,73de6bb5-7c9d-a776-5e23-4f4f30addd80,/p/0/1e3075d348418948,7,200,212135,142.273,2315.532,91614
1787859090272,0ee69b8d-bf50-b716-46e6-0b05fb1b5d2e,/p/0/cfc62e8a231bce2c,6,200,320255,149.200,6281.577,50983
1787859095381,ae4e5018-5a50-5d98-cfa0-61618e3ad560,/p/0/4695d8d0817ec767,1,200,208732,32.769,1238.843,168489
1787859095050,bd3485a7-64a0-3bd8-e269-af9e2cef3c0b,/p/5/93e33efad8a511bd,9,200,109974,174.291,1622.011,67801
1787859092759,8bdba6bc-af6a-91a6-deef-b70df88047d5,/p/0/ae6a204e72300cf9,4,200,2802919,141.795,4057.989,690716
1787859092548,34f44788-9e62-8236-d71a-0d7dea383207,/p/0/85a3c0f8d8cd773,3,200,345239,358.179,4284.942,80570
1787859087349,7042adee-fdad-5268-a08d-b65cb203d086,/p/0/1d1ff085d08e1ded,7,200,422348,451.275,9521.916,44355
1787859090513,0ee69b8d-bf50-b716-46e6-0b05fb1b5d2e,/p/0/cfc6318a231bd345,6,200,361765,183.242,6492.810,55718
1787859087904,7042adee-fdad-5268-a08d-b65cb203d086,/p/1/ddcba8d44cc08f6c,8,200,511576,383.506,9112.509,56140
1787859094173,73de6bb5-7c9d-a776-5e23-4f4f30addd80,/p/4/1e3077d348418cae,7,200,463121,185.699,3149.657,147039
1787859095817,db465bc7-3c36-6c38-6cdc-56400ab10e94,/p/1/399473b98df3b68b,5,200,135520,249.693,1532.415,88436
1787859074183,870bcfa7-0714-e7a4-eda7-671f567f99aa,/p/9/6842141a53bc04c,3,200,5114662,155.034,23363.887,218913
1787859070420,870bcfa7-0714-e7a4-eda7-671f567f99aa,/p/0/b1d34bdeadcea49f,2,200,6001426,154.545,27132.107,221193
1787859089488,e413d12a-c45c-a7e3-580e-d4f46635583e,/p/4/dfd7e188c4fb5086,1,200,230566,902.745,8243.801,27968
1787859096374,f66824d7-5a6e-f9b4-9eae-e3bd8f0ea84d,/p/0/73d84903d3427e67,16,200,178829,239.120,1538.829,116211
1787859082807,fa582fd7-aacb-0337-b145-55fbdaa93e2a,/p/4/8c56dab7c3ade894,1,200,2567832,367.542,15325.247,167556
1787859095804,5009bb9d-5136-0cb0-0c85-3cc9470ef3d8,/p/0/f2312810dc9a50af,4,200,101533,390.880,2332.003,43539
1787859088390,c64abfb9-0f80-2244-326f-a6e75cc749f8,/p/1/dd6d19a94c1905cf,2,200,3062904,23.249,9786.718,312965
1787859098132,fa582fd7-aacb-0337-b145-55fbdaa93e2a,/p/0/b83b341de079498,2,200,19247,72.169,146.637,131256
1787859049783,0ee69b8d-bf50-b716-46e6-0b05fb1b5d2e,/p/0/bf472d0edd6031f7,1,200,6269925,99.053,48581.261,129061
1787859092762,701f3cd0-0429-7076-94ab-7ca9c4aa7416,/p/3/65822ffc9a77fc6e,1,200,506235,113.898,5664.034,89377
1787859085714,d4e2a278-8eea-553a-b702-d193f80905dc,/p/0/7ac4a01a6684c36e,7,200,487908,435.633,12907.976,37799
1787859065646,714719f4-a32a-c3a8-94f0-3a141485e690,/p/13/2bdb833b34c30806,6,200,4563776,261.845,33229.961,137339
1787859095050,bd3485a7-64a0-3bd8-e269-af9e2cef3c0b,/p/0/93e33cfad8a50e57,9,200,321289,174.361,3945.815,81425
1787859066507,0ee69b8d-bf50-b716-46e6-0b05fb1b5d2e,/p/0/9729a9ca3d1b8a82,2,200,2221250,98.010,32769.672,67784
1787859098876,714719f4-a32a-c3a8-94f0-3a141485e690,/p/0/b02aee7347557214,7,200,92923,37.111,432.468,214867
1787859096672,bd3485a7-64a0-3bd8-e269-af9e2cef3c0b,/p/4/f4438a8082583b5,10,200,523054,368.599,2670.539,195861
1787859069448,73de6bb5-7c9d-a776-5e23-4f4f30addd80,/p/0/4a8ee0b67b326a15,6,200,6073867,172.701,29922.688,202985
1787859097323,73de6bb5-7c9d-a776-5e23-4f4f30addd80,/p/0/a52d5c48468c89d3,8,200,130603,2048.188,2051.263,63670
1787859097323,73de6bb5-7c9d-a776-5e23-4f4f30addd80,/p/3/a52d5e48468c8d39,8,200,120139,2047.836,2051.503,58561
1787859098426,701f3cd0-0429-7076-94ab-7ca9c4aa7416,/p/0/518c2660e839862d,2,200,5166,849.938,967.108,5342
1787859097017,7042adee-fdad-5268-a08d-b65cb203d086,/p/0/f80c9327ff2bfdc5,9,200,153060,356.015,2421.582,63207
1787859097547,870bcfa7-0714-e7a4-eda7-671f567f99aa,/p/0/89a3293ef816bff8,4,200,147105,5.307,1903.455,77283
1787859096672,bd3485a7-64a0-3bd8-e269-af9e2cef3c0b,/p/0/f4437a808258202,10,200,418990,260.586,2813.698,148911
1787859095000,05d6ab71-19b6-5fdc-c436-80d0c3a790a6,/p/0/d477226cf62c51cf,11,200,369856,340.769,4654.113,79469
1787859070753,2d0fa1df-41e4-0c83-3919-6a1727c45664,/p/6/43cda961419a590e,2,200,3586145,284.816,29010.659,123615
1787859098876,714719f4-a32a-c3a8-94f0-3a141485e690,/p/0/b02af1734755772d,7,200,144061,186.714,1005.600,143259
1787859072948,54b39338-2449-1e27-96eb-41c117ea6ba8,/p/0/c5c6c2bf2f308354,1,200,2649939,224.452,27089.768,97821
1787859068556,752bb213-7214-ebcb-4aa0-14c9717460c6,/p/0/375c49fc34002345,9,200,5616042,203.722,31591.955,177768
1787859094740,5009bb9d-5136-0cb0-0c85-3cc9470ef3d8,/p/0/c112ae426f36d1c2,3,200,376075,433.438,5455.156,68939
1787859096374,f66824d7-5a6e-f9b4-9eae-e3bd8f0ea84d,/p/0/73d84803d3427cb4,16,200,318807,219.761,3862.810,82532
1787859097017,7042adee-fdad-5268-a08d-b65cb203d086,/p/0/f80c9127ff2bfa5f,9,200,357514,68.066,3276.380,109119
1787859098132,fa582fd7-aacb-0337-b145-55fbdaa93e2a,/p/0/b83b641de0799b1,2,200,245182,146.426,2163.690,113317
1787859098177,c64abfb9-0f80-2244-326f-a6e75cc749f8,/p/0/899172e6d1005e3b,3,200,177919,348.207,2152.526,82656
1787859097547,870bcfa7-0714-e7a4-eda7-671f567f99aa,/p/0/89a32c3ef816c511,4,200,347209,6.485,2806.843,123701
1787859095817,db465bc7-3c36-6c38-6cdc-56400ab10e94,/p/0/399472b98df3b4d8,5,200,497176,323.605,4537.826,109563
1787859097547,870bcfa7-0714-e7a4-eda7-671f567f99aa,/p/8/89a32a3ef816c1ab,4,200,357594,13.009,2808.226,127338
1787859096374,f66824d7-5a6e-f9b4-9eae-e3bd8f0ea84d,/p/0/73d84b03d34281cd,16,200,478186,239.101,3988.261,119898
1787859091610,7a7917fe-b550-bb84-f11d-8ec7baa0575b,/p/0/824d522c2c02c269,8,200,465151,378.874,8760.401,53097
1787859074566,0c71003e-59f5-79c4-5e9c-a325c079c7b6,/?crawl=235,0,200,5841128,69.860,25926.307,225297
1787859095000,05d6ab71-19b6-5fdc-c436-80d0c3a790a6,/p/0/d477236cf62c5382,11,200,422617,234.483,5520.254,76558
1787859095000,05d6ab71-19b6-5fdc-c436-80d0c3a790a6,/p/13/d477246cf62c5535,11,200,484073,277.713,5583.037,86704
1787859081754,9db87a8c-7367-8eb8-c13a-2321f9425a22,/p/0/93dfde45284f047a,3,200,3725326,105.454,18879.283,197323
1787859099763,2d0fa1df-41e4-0c83-3919-6a1727c45664,/p/0/78fd5160c6afd95e,3,200,286616,999.079,1019.849,281038
1787859100492,0c71003e-59f5-79c4-5e9c-a325c079c7b6,/p/0/e4b31aeb4829ba0e,1,200,64567,62.892,321.689,200713
1787859098876,714719f4-a32a-c3a8-94f0-3a141485e690,/p/12/b02af0734755757a,7,200,523146,186.721,1966.876,265978
1787859098132,fa582fd7-aacb-0337-b145-55fbdaa93e2a,/p/3/b83b541de0797fe,2,200,268231,404.834,2752.417,97453
1787859092010,b89c026c-5d1d-762f-d681-2f124bba4e06,/p/0/f3a735b22510081,4,200,467581,157.881,9036.649,51743
1787859099764,2d0fa1df-41e4-0c83-3919-6a1727c45664,/p/5/78fd4f60c6afd5f8,3,200,408095,999.033,1333.381,306060
1787859056334,5d449f4c-aebe-a6bf-c22a-483d218453e9,/p/0/3c9715c83ae86ab5,5,200,3692271,306.260,44766.248,82479
1787859098177,c64abfb9-0f80-2244-326f-a6e75cc749f8,/p/0/899173e6d1005fee,3,200,231456,714.642,2972.229,77873
1787859092010,b89c026c-5d1d-762f-d681-2f124bba4e06,/p/11/f3a725b2250fece,4,200,340304,157.927,9314.953,36533
1787859076637,bc665800-401c-dd5a-498a-b5a9317139d8,/p/0/670f809b546350b0,2,200,4885421,111.834,24725.996,197582
1787859070753,2d0fa1df-41e4-0c83-3919-6a1727c45664,/p/0/43cdaa61419a5ac1,2,200,6145999,311.391,30694.189,200233
1787859100885,fa582fd7-aacb-0337-b145-55fbdaa93e2a,/p/0/49d737d3f06a7a59,3,200,107916,256.198,641.169,168311
1787859097017,7042adee-fdad-5268-a08d-b65cb203d086,/p/0/f80c9227ff2bfc12,9,200,422984,459.554,4532.654,93319
1787859100355,870bcfa7-0714-e7a4-eda7-671f567f99aa,/p/0/2866fb94ab7da438,5,200,26667,487.598,1223.064,21803
1787859095804,5009bb9d-5136-0cb0-0c85-3cc9470ef3d8,/p/10/f2312a10dc9a5415,4,200,165757,430.447,5891.497,28135
1787859100885,fa582fd7-aacb-0337-b145-55fbdaa93e2a,/p/0/49d734d3f06a7540,3,200,339787,70.940,1000.678,339557
1787859099343,bd3485a7-64a0-3bd8-e269-af9e2cef3c0b,/p/0/bf7194d25ad9dd3,11,200,235351,2380.034,2672.184,88074
1787859101097,2d0fa1df-41e4-0c83-3919-6a1727c45664,/p/0/90fdcef9d85853c3,4,200,231292,49.745,986.570,234440
1787859049918,5d449f4c-aebe-a6bf-c22a-483d218453e9,/p/0/fb049979f98a5684,4,200,4211752,244.844,52191.158,80699
1787859099375,73de6bb5-7c9d-a776-5e23-4f4f30addd80,/p/0/c9a398c99004cee2,9,200,218372,884.064,2735.142,79839
1787859101097,2d0fa1df-41e4-0c83-3919-6a1727c45664,/p/4/90fdcdf9d8585210,4,200,178393,347.915,1286.692,138645
1787859084566,03d4462f-33cb-a352-2866-30a49c4382d7,/?crawl=248,0,200,4735029,82.796,17846.464,265320
1787859097349,db465bc7-3c36-6c38-6cdc-56400ab10e94,/p/0/2e50aba68c0d1a6f,6,200,187746,3764.870,5115.746,36700
1787859100885,fa582fd7-aacb-0337-b145-55fbdaa93e2a,/p/2/49d736d3f06a78a6,3,200,351378,70.981,1656.836,212078
1787859071750,9e364e47-4743-41c9-099e-bf4306a13c79,/p/0/5a9c7c0ceaf561ac,7,200,2579566,168.451,30810.763,83723
1787859099375,73de6bb5-7c9d-a776-5e23-4f4f30addd80,/p/0/c9a397c99004cd2f,9,200,354223,869.905,3305.439,107164
1787859102384,2d0fa1df-41e4-0c83-3919-6a1727c45664,/p/3/8395d383249fd499,5,200,139858,335.189,340.315,410967
1787859099343,bd3485a7-64a0-3bd8-e269-af9e2cef3c0b,/p/3/bf7184d25ad9c20,11,200,187700,2380.831,3559.522,52732
1787859100355,870bcfa7-0714-e7a4-eda7-671f567f99aa,/p/0/2866fe94ab7da951,5,200,241802,487.639,2606.172,92781
1787859100583,05d6ab71-19b6-5fdc-c436-80d0c3a790a6,/p/0/b40055128e1091c2,12,200,190329,210.043,2417.376,78734
1787859099764,2d0fa1df-41e4-0c83-3919-6a1727c45664,/p/0/78fd5060c6afd7ab,3,200,2422370,999.463,3313.024,731166
1787859102384,2d0fa1df-41e4-0c83-3919-6a1727c45664,/p/0/8395d183249fd133,5,200,319970,335.279,752.923,424970
1787859102384,2d0fa1df-41e4-0c83-3919-6a1727c45664,/p/0/8395d283249fd2e6,5,200,283520,335.336,753.637,376202
1787859100843,714719f4-a32a-c3a8-94f0-3a141485e690,/p/0/829a7048bd15f679,8,200,323595,108.388,2614.894,123751
1787859102724,2d0fa1df-41e4-0c83-3919-6a1727c45664,/p/2/bfd7135e61e0d338,6,200,516838,481.980,809.796,638232
1787859102724,2d0fa1df-41e4-0c83-3919-6a1727c45664,/p/0/bfd7145e61e0d4eb,6,200,436049,482.416,814.496,535361
1787859100355,870bcfa7-0714-e7a4-eda7-671f567f99aa,/p/7/2866fc94ab7da5eb,5,200,463106,323.917,3185.258,145390
1787859097349,db465bc7-3c36-6c38-6cdc-56400ab10e94,/p/0/2e50ada68c0d1dd5,6,200,244485,3749.821,6350.678,38497
1787859055480,5d449f4c-aebe-a6bf-c22a-483d218453e9,/p/0/3c9712c83ae8659c,5,200,5418030,236.647,48293.712,112189
1787859102902,bd3485a7-64a0-3bd8-e269-af9e2cef3c0b,/p/0/3e1d60aa2fb9fc19,12,200,80933,192.272,873.530,92651
1787859100843,714719f4-a32a-c3a8-94f0-3a141485e690,/p/11/829a6f48bd15f4c6,8,200,437288,36.811,2946.583,148405
1787859102412,03d4462f-33cb-a352-2866-30a49c4382d7,/p/0/a35adc54cc6a6316,1,200,129691,51.495,1414.760,91670
1787859085176,9db87a8c-7367-8eb8-c13a-2321f9425a22,/p/0/8de50b51637c398b,5,200,3781691,117.573,18854.308,200574
1787859100492,0c71003e-59f5-79c4-5e9c-a325c079c7b6,/p/0/e4b319eb4829b85b,1,200,407579,321.652,3578.303,113903
1787859103776,bd3485a7-64a0-3bd8-e269-af9e2cef3c0b,/p/0/3e1d5daa2fb9f700,12,200,19233,239.315,308.833,62276
1787859097349,db465bc7-3c36-6c38-6cdc-56400ab10e94,/p/0/2e50aca68c0d1c22,6,200,278448,3780.202,6777.022,41087
1787859101097,2d0fa1df-41e4-0c83-3919-6a1727c45664,/p/0/90fdcff9d8585576,4,200,3075120,38.828,3081.206,998025
1787859103534,2d0fa1df-41e4-0c83-3919-6a1727c45664,/p/1/3b78eff3020589cc,7,200,76029,642.747,648.316,117272
1787859102412,03d4462f-33cb-a352-2866-30a49c4382d7,/p/5/a35ada54cc6a5fb0,1,200,187435,101.753,1772.314,105757
1787859103540,870bcfa7-0714-e7a4-eda7-671f567f99aa,/p/0/fc690ef951bdd71e,6,200,94024,136.048,756.012,124368
1787859094306,f4aa5de6-495d-aaa1-8047-17ce3085fdb6,/p/0/6183d870dc2e7573,8,200,5506004,120.376,10016.988,549667
1787859103789,714719f4-a32a-c3a8-94f0-3a141485e690,/p/10/8c341a02d38b30c2,9,200,35503,606.172,606.770,58511
1787859103789,714719f4-a32a-c3a8-94f0-3a141485e690,/p/0/8c341802d38b2d5c,9,200,314789,606.308,668.415,470949
1787859100492,0c71003e-59f5-79c4-5e9c-a325c079c7b6,/p/1/e4b318eb4829b6a8,1,200,422278,396.151,3995.468,105689
1787859104396,714719f4-a32a-c3a8-94f0-3a141485e690,/p/0/2a188a5f2266700c,10,200,57172,62.320,390.387,146450
1787859104396,714719f4-a32a-c3a8-94f0-3a141485e690,/p/9/2a188b5f226671bf,10,200,198596,62.373,483.263,410948
1787859099486,bd3485a7-64a0-3bd8-e269-af9e2cef3c0b,/p/0/bf71a4d25ad9f86,11,200,334100,2238.892,5399.629,61875
1787859104396,714719f4-a32a-c3a8-94f0-3a141485e690,/p/0/2a188d5f22667525,10,200,428229,62.437,517.287,827837
1787859100583,05d6ab71-19b6-5fdc-c436-80d0c3a790a6,/p/0/b40054128e10900f,12,200,436915,210.128,4423.148,98779
1787859104488,0c71003e-59f5-79c4-5e9c-a325c079c7b6,/p/0/2c38b3c6deec8392,2,200,75484,98.067,813.732,92763
1787859103540,870bcfa7-0714-e7a4-eda7-671f567f99aa,/p/6/fc690ff951bdd8d1,6,200,359037,28.859,1789.721,200611
1787859104879,714719f4-a32a-c3a8-94f0-3a141485e690,/p/8/8f9bb18dd2b87f77,11,200,43304,442.533,502.638,86153
1787859098426,701f3cd0-0429-7076-94ab-7ca9c4aa7416,/p/0/518c2360e8398114,2,200,342508,384.780,7024.775,48757
1787859094313,f66824d7-5a6e-f9b4-9eae-e3bd8f0ea84d,/p/0/95c360662b578944,15,200,2845318,223.807,11199.227,254064
1787859087173,50b2dcc6-0d1c-7927-7a8e-16e2a146d4f9,/p/0/19024d4def4bb5eb,1,200,2933493,163.690,18563.183,158027
1787859079018,bc665800-401c-dd5a-498a-b5a9317139d8,/p/0/caa6a1c1ca1282d9,3,200,5211646,119.018,26738.096,194915
1787859102412,03d4462f-33cb-a352-2866-30a49c4382d7,/p/0/a35adb54cc6a6163,1,200,359921,178.120,3346.169,107562
1787859076427,bc665800-401c-dd5a-498a-b5a9317139d8,/p/0/20ea9fdcff886b57,1,200,6061396,22.041,29336.030,206620
1787859079018,bc665800-401c-dd5a-498a-b5a9317139d8,/p/3/caa69fc1ca127f73,3,200,6165033,108.137,26749.778,230470
1787859104879,714719f4-a32a-c3a8-94f0-3a141485e690,/p/0/8f9bb38dd2b882dd,11,200,185133,386.760,1015.330,182338
1787859104879,714719f4-a32a-c3a8-94f0-3a141485e690,/p/0/8f9bb08dd2b87dc4,11,200,98996,386.698,1015.562,97479
1787859105330,870bcfa7-0714-e7a4-eda7-671f567f99aa,/p/0/d8756c57f2936329,7,200,92449,152.834,570.722,161986
1787859103789,714719f4-a32a-c3a8-94f0-3a141485e690,/p/0/8c341b02d38b3275,9,200,2653225,606.244,2118.443,1252441
1787859074769,56d38f00-128b-5c28-0b92-4d6d2d4b19d7,/p/3/9ef2190405fa98e1,1,200,5488250,2.412,31360.161,175007
1787859104185,03d4462f-33cb-a352-2866-30a49c4382d7,/p/4/f97ffe3ccd226d3c,2,200,122086,281.267,2006.813,60836
1787859105330,870bcfa7-0714-e7a4-eda7-671f567f99aa,/p/0/d8756957f2935e10,7,200,83955,200.646,864.457,97119
1787859102542,fa582fd7-aacb-0337-b145-55fbdaa93e2a,/p/0/8858ab3e8629b63a,4,200,178508,120.665,3826.799,46647
1787859104488,0c71003e-59f5-79c4-5e9c-a325c079c7b6,/p/0/2c38b1c6deec802c,2,200,179039,64.339,2068.073,86573
1787859070217,9e364e47-4743-41c9-099e-bf4306a13c79,/p/0/5a9c7f0ceaf566c5,7,200,3136339,240.882,36340.799,86304
1787859102902,bd3485a7-64a0-3bd8-e269-af9e2cef3c0b,/p/2/3e1d5faa2fb9fa66,12,200,373987,209.553,3692.555,101281
1787859092762,701f3cd0-0429-7076-94ab-7ca9c4aa7416,/p/0/65822dfc9a77f908,1,200,4046130,75.953,13992.258,289169
1787859087173,50b2dcc6-0d1c-7927-7a8e-16e2a146d4f9,/p/5/19024c4def4bb438,1,200,3636766,83.497,19731.431,184313
1787859105768,bc665800-401c-dd5a-498a-b5a9317139d8,/p/2/870dfab182c58a78,4,200,135402,212.221,1252.956,108066
1787859085176,9db87a8c-7367-8eb8-c13a-2321f9425a22,/p/0/8de50c51637c3b3e,5,200,5478240,136.190,22198.087,246789
1787859105768,bc665800-401c-dd5a-498a-b5a9317139d8,/p/0/870dfcb182c58dde,4,200,245930,31.208,1637.043,150228
1787859106558,9e364e47-4743-41c9-099e-bf4306a13c79,/p/0/b6c62fe3964bde18,9,200,97823,156.042,953.152,102631
1787859104488,0c71003e-59f5-79c4-5e9c-a325c079c7b6,/p/0/2c38b4c6deec8545,2,200,437899,64.272,3106.890,140945
1787859089746,2c587170-b79c-3489-392e-4ab6d67b5b39,/p/4/78a6b3e579c3d7f8,2,200,2649767,273.752,17855.159,148403
1787859069387,c059e2ba-67b5-441d-83f3-96a164e9d07d,/p/0/45a19ba8d72b5d03,3,200,6051560,209.069,38231.776,158286
1787859087755,9db87a8c-7367-8eb8-c13a-2321f9425a22,/p/17/5347fb175b0a0c0c,7,200,4958285,104.936,19877.743,249439
1787859084205,c059e2ba-67b5-441d-83f3-96a164e9d07d,/p/0/7d21aca2e8919fef,4,200,3742174,205.016,23455.275,159545
1787859105330,870bcfa7-0714-e7a4-eda7-671f567f99aa,/p/5/d8756a57f2935fc3,7,200,393646,169.187,2373.411,165857
1787859102561,9e364e47-4743-41c9-099e-bf4306a13c79,/p/0/b6c632e3964be331,9,200,510397,155.979,5166.245,98795
1787859107633,9db87a8c-7367-8eb8-c13a-2321f9425a22,/p/0/db60e9f9a7a4e6e5,8,200,40496,19.570,143.832,281551
1787859102542,fa582fd7-aacb-0337-b145-55fbdaa93e2a,/p/0/8858aa3e8629b487,4,200,278937,478.736,5370.652,51937
1787859107633,9db87a8c-7367-8eb8-c13a-2321f9425a22,/p/0/db60e6f9a7a4e1cc,8,200,91054,48.397,296.631,306960
1787859106904,50b2dcc6-0d1c-7927-7a8e-16e2a146d4f9,/p/0/42f4b6900361c031,2,200,146660,60.551,1184.299,123837
1787859105382,714719f4-a32a-c3a8-94f0-3a141485e690,/p/0/7814224b216e5487,12,200,290445,544.629,2731.022,106350
1787859105382,714719f4-a32a-c3a8-94f0-3a141485e690,/p/7/7814214b216e52d4,12,200,453799,544.655,2737.691,165760
1787859105895,714719f4-a32a-c3a8-94f0-3a141485e690,/p/0/7814234b216e563a,12,200,467422,48.095,2225.350,210044
1787859100842,714719f4-a32a-c3a8-94f0-3a141485e690,/p/0/829a6d48bd15f160,8,200,5903884,219.868,7280.508,810917
1787859107633,9db87a8c-7367-8eb8-c13a-2321f9425a22,/p/16/db60e8f9a7a4e532,8,200,340838,57.165,589.822,577866
1787859107601,2c587170-b79c-3489-392e-4ab6d67b5b39,/p/3/2323fae20fd4922f,3,200,39325,216.315,685.131,57398
1787859088558,56bf00ae-dc5d-838c-018b-6801b733fec9,/p/0/20157dca2964270e,3,200,4449095,142.286,19750.044,225270
1787859106192,03d4462f-33cb-a352-2866-30a49c4382d7,/p/3/9d15b7dd1decab,3,200,111156,304.068,2154.796,51585
1787859106595,bd3485a7-64a0-3bd8-e269-af9e2cef3c0b,/p/1/c7e8fe86c1034b9,13,200,125490,206.379,1894.499,66239
1787859104183,2d0fa1df-41e4-0c83-3919-6a1727c45664,/p/0/8344e2d169ac5af3,8,200,354802,978.353,4545.214,78061
1787859089446,56bf00ae-dc5d-838c-018b-6801b733fec9,/p/0/f69555ba65fa4cf0,4,200,4447139,140.936,19325.530,230117
1787859108223,9db87a8c-7367-8eb8-c13a-2321f9425a22,/p/15/56e3c425bb1930c8,9,200,119315,18.997,574.721,207605
1787859107021,bc665800-401c-dd5a-498a-b5a9317139d8,/p/0/8b2612a35b60149c,5,200,70550,198.514,1855.520,38022
1787859098426,701f3cd0-0429-7076-94ab-7ca9c4aa7416,/p/2/518c2560e839847a,2,200,5022226,423.377,10636.332,472177
1787859106904,50b2dcc6-0d1c-7927-7a8e-16e2a146d4f9,/p/0/42f4b3900361bb18,2,200,355408,143.028,2343.041,151687
1787859106904,50b2dcc6-0d1c-7927-7a8e-16e2a146d4f9,/p/4/42f4b4900361bccb,2,200,343187,92.215,2393.269,143397
1787859069179,7a7917fe-b550-bb84-f11d-8ec7baa0575b,/p/0/75274af46d9a107,4,200,4032082,11.472,40168.253,100380
1787859101325,b89c026c-5d1d-762f-d681-2f124bba4e06,/p/10/92b4f231a51ff3db,5,200,406435,438.272,8127.802,50006
1787859109298,50b2dcc6-0d1c-7927-7a8e-16e2a146d4f9,/p/0/930708533255d7e5,3,200,56879,63.216,455.428,124891
1787859106595,bd3485a7-64a0-3bd8-e269-af9e2cef3c0b,/p/0/c7e8ee86c103306,13,200,225636,190.418,3256.772,69282
1787859078827,0ee69b8d-bf50-b716-46e6-0b05fb1b5d2e,/p/0/830c77dd3bce36de,4,200,3325565,220.858,31047.036,107114
1787859105768,bc665800-401c-dd5a-498a-b5a9317139d8,/p/0/870dfbb182c58c2b,4,200,440150,118.568,4134.318,106463
1787859109298,50b2dcc6-0d1c-7927-7a8e-16e2a146d4f9,/p/0/930705533255d2cc,3,200,67573,204.290,647.647,104336
1787859098177,c64abfb9-0f80-2244-326f-a6e75cc749f8,/p/0/899174e6d10061a1,3,200,2516688,88.310,11771.715,213791
1787859104185,03d4462f-33cb-a352-2866-30a49c4382d7,/p/0/f980003ccd2270a2,2,200,390741,256.456,5895.478,66278
1787859066381,9e364e47-4743-41c9-099e-bf4306a13c79,/p/0/91e85d7fe5621495,5,200,3915632,143.140,43705.113,89592
1787859109298,50b2dcc6-0d1c-7927-7a8e-16e2a146d4f9,/p/3/930707533255d632,3,200,165181,63.209,886.788,186269
1787859107704,870bcfa7-0714-e7a4-eda7-671f567f99aa,/p/0/3b905740cecebf9,8,200,280680,154.802,2501.593,112200
1787859108120,714719f4-a32a-c3a8-94f0-3a141485e690,/p/0/dcedf8a1f28fe98c,13,200,244586,388.282,2098.598,116547
1787859106129,56d38f00-128b-5c28-0b92-4d6d2d4b19d7,/p/0/c845d01e6a3540cf,2,200,257731,79.663,4287.039,60119
1787859110185,50b2dcc6-0d1c-7927-7a8e-16e2a146d4f9,/p/0/a73d9cb1c5de624a,4,200,47966,60.339,352.501,136073
1787859109062,701f3cd0-0429-7076-94ab-7ca9c4aa7416,/p/0/cb86787731fdaf03,3,200,92586,98.646,1530.020,60513
1787859108223,9db87a8c-7367-8eb8-c13a-2321f9425a22,/p/0/56e3c625bb19342e,9,200,520634,38.165,2700.146,192817
1787859108798,9db87a8c-7367-8eb8-c13a-2321f9425a22,/p/14/7ae6a640c67bb486,10,200,355379,94.942,2238.306,158771
1787859095381,ae4e5018-5a50-5d98-cfa0-61618e3ad560,/p/9/4695dad0817ecacd,1,200,4008210,32.646,15714.975,255057
1787859107021,bc665800-401c-dd5a-498a-b5a9317139d8,/p/0/8b2615a35b6019b5,5,200,494254,218.708,4107.285,120336
1787859107021,bc665800-401c-dd5a-498a-b5a9317139d8,/p/1/8b2614a35b601802,5,200,523872,257.721,4155.847,126057
1787859108286,2c587170-b79c-3489-392e-4ab6d67b5b39,/p/0/95f6a87db35f73dd,4,200,145632,299.384,3124.469,46610
1787859108798,9db87a8c-7367-8eb8-c13a-2321f9425a22,/p/0/7ae6a440c67bb120,10,200,373103,94.918,2616.772,142581
1787859111177,bc665800-401c-dd5a-498a-b5a9317139d8,/p/0/8408034b5f9c887d,6,200,44522,69.931,240.118,185417
1787859095381,ae4e5018-5a50-5d98-cfa0-61618e3ad560,/p/0/4695d9d0817ec91a,1,200,5506033,109.679,16163.378,340649
1787859111097,ae4e5018-5a50-5d98-cfa0-61618e3ad560,/p/8/a08ade049d937189,2,200,254977,448.464,458.536,556067
1787859111096,ae4e5018-5a50-5d98-cfa0-61618e3ad560,/p/0/a08adc049d936e23,2,200,406967,449.120,461.739,881380
1787859108798,9db87a8c-7367-8eb8-c13a-2321f9425a22,/p/0/7ae6a740c67bb639,10,200,452307,123.218,2847.944,158819
1787859111177,bc665800-401c-dd5a-498a-b5a9317139d8,/p/0/8408004b5f9c8364,6,200,266521,18.251,698.925,381330
1787859106595,bd3485a7-64a0-3bd8-e269-af9e2cef3c0b,/p/0/c7e8de86c103153,13,200,417033,190.418,5337.678,78130
1787859076060,7a7917fe-b550-bb84-f11d-8ec7baa0575b,/p/0/8523700c5be58886,6,200,2467461,316.194,35910.424,68712
1787859106192,03d4462f-33cb-a352-2866-30a49c4382d7,/p/0/9d14b7dd1deaf8,3,200,280348,330.489,5888.579,47609
1787859094044,05d6ab71-19b6-5fdc-c436-80d0c3a790a6,/p/0/f415e8bc71d8aede,10,200,2291532,84.252,18191.226,125969
1787859087775,993f30ac-2bf3-034e-618b-4a0b0c7f0b18,/p/0/7d7cea4ce13efed3,2,200,3870213,234.531,24586.955,157409
1787859110185,50b2dcc6-0d1c-7927-7a8e-16e2a146d4f9,/p/0/a73d9bb1c5de6097,4,200,399536,80.905,2202.240,181423
1787859092548,34f44788-9e62-8236-d71a-0d7dea383207,/p/0/85a3e0f8d8cdad9,3,200,3400134,429.324,19845.815,171328
1787859111036,9db87a8c-7367-8eb8-c13a-2321f9425a22,/p/0/2d6e1db8c460d306,11,200,305238,96.224,1594.676,191411
1787859108286,2c587170-b79c-3489-392e-4ab6d67b5b39,/p/2/95f6a67db35f7077,4,200,201639,234.649,4349.711,46357
1787859111036,9db87a8c-7367-8eb8-c13a-2321f9425a22,/p/13/2d6e1bb8c460cfa0,11,200,334509,96.169,1698.801,196909
1787859110185,50b2dcc6-0d1c-7927-7a8e-16e2a146d4f9,/p/2/a73d9ab1c5de5ee4,4,200,443832,100.847,2569.064,172760
1787859112754,50b2dcc6-0d1c-7927-7a8e-16e2a146d4f9,/p/1/9106cf726c30396d,5,200,22993,62.431,111.819,205626
1787859111036,9db87a8c-7367-8eb8-c13a-2321f9425a22,/p/0/2d6e1cb8c460d153,11,200,379286,105.982,1942.933,195213
1787859101325,b89c026c-5d1d-762f-d681-2f124bba4e06,/p/0/92b4f431a51ff741,5,200,505701,398.324,11782.452,42920
1787859112735,9db87a8c-7367-8eb8-c13a-2321f9425a22,/p/0/9b21dcf70e3b7353,12,200,59200,131.897,439.327,134751
1787859097732,e413d12a-c45c-a7e3-580e-d4f46635583e,/p/0/6be22e41618792bc,2,200,85602,1481.084,15593.785,5489
1787859089488,e413d12a-c45c-a7e3-580e-d4f46635583e,/p/0/dfd7e288c4fb5239,1,200,415929,292.638,23963.241,17357
1787859111555,ae4e5018-5a50-5d98-cfa0-61618e3ad560,/p/0/7e019cc6ef7a7393,3,200,115349,738.630,1899.731,60719
1787859111555,ae4e5018-5a50-5d98-cfa0-61618e3ad560,/p/7/7e019bc6ef7a71e0,3,200,140876,702.557,2040.144,69052
1787859112636,2c587170-b79c-3489-392e-4ab6d67b5b39,/p/1/793d711ec97c8e5a,5,200,75793,232.833,1417.932,53453
1787859101695,5009bb9d-5136-0cb0-0c85-3cc9470ef3d8,/p/0/e6f28f3b9b6df32e,5,200,429364,473.171,12393.951,34643
1787859107601,2c587170-b79c-3489-392e-4ab6d67b5b39,/p/0/2323f9e20fd4907c,3,200,459102,239.217,6580.770,69764
1787859112865,50b2dcc6-0d1c-7927-7a8e-16e2a146d4f9,/p/0/68bfd59e6e5def02,6,200,84919,160.787,1447.411,58670
1787859109062,701f3cd0-0429-7076-94ab-7ca9c4aa7416,/p/0/cb86797731fdb0b6,3,200,497696,138.150,5329.392,93387
1787859112735,9db87a8c-7367-8eb8-c13a-2321f9425a22,/p/0/9b21ddf70e3b7506,12,200,440159,95.601,1700.740,258804
1787859087775,993f30ac-2bf3-034e-618b-4a0b0c7f0b18,/p/0/7d7cec4ce13f0239,2,200,4699516,314.455,26732.057,175801
1787859111555,ae4e5018-5a50-5d98-cfa0-61618e3ad560,/p/0/7e019dc6ef7a7546,3,200,217867,738.718,2980.035,73109
1787859112636,2c587170-b79c-3489-392e-4ab6d67b5b39,/p/0/793d721ec97c900d,5,200,132220,211.361,1937.174,68254
1787859112735,9db87a8c-7367-8eb8-c13a-2321f9425a22,/p/12/9b21dbf70e3b71a0,12,200,480781,121.951,1926.306,249587
1787859111933,bd3485a7-64a0-3bd8-e269-af9e2cef3c0b,/p/0/587cefd2d92aae52,14,200,205866,191.797,2904.620,70875
1787859101695,5009bb9d-5136-0cb0-0c85-3cc9470ef3d8,/p/9/e6f28d3b9b6defc8,5,200,502568,552.385,13222.662,38008
1787859067290,485d9581-3b3f-a3d7-9069-f32a6d64daf0,/p/0/3bbcc20cf397c92c,3,200,2810693,329.801,48220.358,58289
1787859109852,bd3485a7-64a0-3bd8-e269-af9e2cef3c0b,/p/0/587ceed2d92aac9f,14,200,365247,252.651,5663.925,64487
1787859097732,e413d12a-c45c-a7e3-580e-d4f46635583e,/p/0/6be23141618797d5,2,200,271746,862.452,18028.610,15073
1787859111177,bc665800-401c-dd5a-498a-b5a9317139d8,/p/0/8408014b5f9c8517,6,200,3415221,29.883,4739.790,720543
1787859108346,03d4462f-33cb-a352-2866-30a49c4382d7,/p/0/8da22fbe2dbe0de9,4,200,450115,259.526,7576.183,59412
1787859108489,bd3485a7-64a0-3bd8-e269-af9e2cef3c0b,/p/0/587cedd2d92aaaec,14,200,485409,208.800,7635.474,63573
1787859114918,5009bb9d-5136-0cb0-0c85-3cc9470ef3d8,/p/0/fdb51c1ebe53b43b,6,200,44301,434.288,1420.063,31197
1787859066381,9e364e47-4743-41c9-099e-bf4306a13c79,/p/0/91e85a7fe5620f7c,5,200,5295948,27.253,49962.980,105997
1787859113595,ae4e5018-5a50-5d98-cfa0-61618e3ad560,/p/6/a13d35d7f044da33,4,200,277313,377.515,2810.190,98681
1787859114661,9db87a8c-7367-8eb8-c13a-2321f9425a22,/p/0/8ae4e7bfee40d1,13,200,460863,142.266,2172.702,212115
1787859114662,9db87a8c-7367-8eb8-c13a-2321f9425a22,/p/0/8ae1e7bfee3bb8,13,200,360191,123.706,2172.449,165800
1787859106192,03d4462f-33cb-a352-2866-30a49c4382d7,/p/0/9d17b7dd1df011,3,200,507105,278.676,10682.012,47473
1787859114918,5009bb9d-5136-0cb0-0c85-3cc9470ef3d8,/p/8/fdb51e1ebe53b7a1,6,200,426994,434.177,2061.697,207108
1787859114918,5009bb9d-5136-0cb0-0c85-3cc9470ef3d8,/p/0/fdb51d1ebe53b5ee,6,200,438949,434.235,2066.256,212437
1787859108286,2c587170-b79c-3489-392e-4ab6d67b5b39,/p/0/95f6a57db35f6ec4,4,200,471240,385.213,8705.857,54129
1787859108346,03d4462f-33cb-a352-2866-30a49c4382d7,/p/2/8da22ebe2dbe0c36,4,200,406979,311.359,8759.047,46464
1787859116984,5009bb9d-5136-0cb0-0c85-3cc9470ef3d8,/p/0/a07cade8967e4412,7,200,37561,322.583,347.946,107951
1787859116980,5009bb9d-5136-0cb0-0c85-3cc9470ef3d8,/p/0/a07cace8967e425f,7,200,63624,326.351,352.576,180455
1787859116980,5009bb9d-5136-0cb0-0c85-3cc9470ef3d8,/p/7/a07cabe8967e40ac,7,200,69448,325.624,352.604,196957
1787859076761,db465bc7-3c36-6c38-6cdc-56400ab10e94,/p/0/781d6d48dcc4ab08,1,200,6064564,119.733,40572.655,149474
1787859113595,ae4e5018-5a50-5d98-cfa0-61618e3ad560,/p/0/a13d37d7f044dd99,4,200,375218,157.540,3855.287,97326
1787859102542,fa582fd7-aacb-0337-b145-55fbdaa93e2a,/p/1/8858a93e8629b2d4,4,200,2286736,299.449,15364.585,148832
1787859112866,50b2dcc6-0d1c-7927-7a8e-16e2a146d4f9,/p/0/68bfd49e6e5ded4f,6,200,364769,180.224,5106.258,71436
1787859112754,50b2dcc6-0d1c-7927-7a8e-16e2a146d4f9,/p/0/9106cd726c303607,5,200,437115,111.847,5252.564,83219
1787859117332,5009bb9d-5136-0cb0-0c85-3cc9470ef3d8,/p/0/11f329dbdae19450,8,200,127886,657.390,689.444,185491
1787859112754,50b2dcc6-0d1c-7927-7a8e-16e2a146d4f9,/p/0/9106ce726c3037ba,5,200,505504,121.389,5281.764,95707
1787859099375,73de6bb5-7c9d-a776-5e23-4f4f30addd80,/p/2/c9a399c99004d095,9,200,4229267,941.361,18722.668,225890
1787859112865,50b2dcc6-0d1c-7927-7a8e-16e2a146d4f9,/p/0/68bfd39e6e5deb9c,6,200,472969,180.318,5362.890,88193
1787859095804,5009bb9d-5136-0cb0-0c85-3cc9470ef3d8,/p/0/f2312910dc9a5262,4,200,2862072,430.263,22504.433,127178
1787859090272,0ee69b8d-bf50-b716-46e6-0b05fb1b5d2e,/p/6/cfc62f8a231bcfdf,6,200,5360015,169.109,28044.404,191126
1787859072948,54b39338-2449-1e27-96eb-41c117ea6ba8,/p/6/c5c6c3bf2f308507,1,200,6030695,73.833,45890.573,131415
1787859097323,73de6bb5-7c9d-a776-5e23-4f4f30addd80,/p/0/a52d5d48468c8b86,8,200,5141881,2051.541,21636.242,237651
1787859067295,d4e2a278-8eea-553a-b702-d193f80905dc,/p/0/8ee73a271ab1df97,3,200,3472418,79.059,51686.527,67182
1787859118317,0ee69b8d-bf50-b716-46e6-0b05fb1b5d2e,/p/0/27f14d37fdb389ca,7,200,200987,20.505,742.280,270770
1787859114054,2c587170-b79c-3489-392e-4ab6d67b5b39,/p/0/793d6f1ec97c8af4,5,200,301528,258.600,5127.051,58811
1787859101695,5009bb9d-5136-0cb0-0c85-3cc9470ef3d8,/p/0/e6f28e3b9b6df17b,5,200,3310442,630.555,17617.912,187902
1787859118098,73de6bb5-7c9d-a776-5e23-4f4f30addd80,/p/1/151935368b76ee74,10,200,188165,158.996,1426.694,131889
1787859069708,ff74ef6c-9b66-a1c0-7684-511dfc19f972,/p/0/66aba3c441b78fea,1,200,4947068,94.228,49924.049,99092
1787859072459,ff74ef6c-9b66-a1c0-7684-511dfc19f972,/p/0/feed6986633e49f5,2,200,4991921,423.982,47181.387,105803
1787859072459,ff74ef6c-9b66-a1c0-7684-511dfc19f972,/p/10/feed6886633e4842,2,200,5894189,329.821,47205.898,124861
1787859117106,03d4462f-33cb-a352-2866-30a49c4382d7,/p/1/bc5c3d0cb532b9f1,5,200,130430,283.102,2623.619,49714
1787859116992,2c587170-b79c-3489-392e-4ab6d67b5b39,/p/0/c4673f08ef92b2fe,6,200,219389,243.887,2902.215,75594
1787859118317,0ee69b8d-bf50-b716-46e6-0b05fb1b5d2e,/p/0/27f14c37fdb38817,7,200,458031,63.811,1595.255,287121
1787859117906,fa582fd7-aacb-0337-b145-55fbdaa93e2a,/p/0/4ece051223dcc70,5,200,133444,146.096,2335.834,57129
1787859095817,db465bc7-3c36-6c38-6cdc-56400ab10e94,/p/0/399475b98df3b9f1,5,200,5630746,235.266,24509.741,229735
1787859117906,fa582fd7-aacb-0337-b145-55fbdaa93e2a,/p/0/4ece251223dcfd6,5,200,160408,109.904,2540.327,63145
1787859068522,9e364e47-4743-41c9-099e-bf4306a13c79,/p/0/6609e5109ac6b2ab,6,200,5613393,143.133,51937.532,108080
1787859094740,5009bb9d-5136-0cb0-0c85-3cc9470ef3d8,/p/0/c112ad426f36d00f,3,200,4665300,79.300,25797.900,180840
1787859116405,ae4e5018-5a50-5d98-cfa0-61618e3ad560,/p/0/1be3782e49f98620,5,200,360985,156.105,4177.687,86408
1787859118098,73de6bb5-7c9d-a776-5e23-4f4f30addd80,/p/0/151937368b76f1da,10,200,294650,159.020,2644.552,111418
1787859119524,73de6bb5-7c9d-a776-5e23-4f4f30addd80,/p/0/742b82e73c84d82f,11,200,80627,143.632,1304.484,61808
1787859116406,ae4e5018-5a50-5d98-cfa0-61618e3ad560,/p/0/1be37b2e49f98b39,5,200,492828,188.095,4444.973,110873
1787859117333,5009bb9d-5136-0cb0-0c85-3cc9470ef3d8,/p/6/11f32bdbdae197b6,8,200,3200554,656.267,3549.861,901600
1787859117906,fa582fd7-aacb-0337-b145-55fbdaa93e2a,/p/0/4ece351223dd189,5,200,301922,73.491,3054.889,98832
1787859079659,9e364e47-4743-41c9-099e-bf4306a13c79,/p/2/b6c631e3964be17e,9,200,5994713,186.054,41554.961,144260
1787859120882,5009bb9d-5136-0cb0-0c85-3cc9470ef3d8,/p/0/cdeb17cb418037d1,9,200,424324,23.186,431.731,982844
1787859120882,5009bb9d-5136-0cb0-0c85-3cc9470ef3d8,/p/5/cdeb15cb4180346b,9,200,442893,21.038,462.537,957530
1787859121345,5009bb9d-5136-0cb0-0c85-3cc9470ef3d8,/p/0/6b9dc998890d582f,10,200,196772,11.781,94.461,2083096
1787859117333,5009bb9d-5136-0cb0-0c85-3cc9470ef3d8,/p/0/11f32cdbdae19969,8,200,4607663,656.614,4124.916,1117032
1787859121214,9e364e47-4743-41c9-099e-bf4306a13c79,/p/0/60ab172083b8cfe8,10,200,90844,2.489,323.196,281080
1787859121214,9e364e47-4743-41c9-099e-bf4306a13c79,/p/0/60ab1a2083b8d501,10,200,95623,2.143,324.676,294518
1787859121345,5009bb9d-5136-0cb0-0c85-3cc9470ef3d8,/p/4/6b9dcb98890d5b95,10,200,444121,10.864,208.829,2126717
1787859121554,5009bb9d-5136-0cb0-0c85-3cc9470ef3d8,/p/3/2a8a2255ea7a16d0,11,200,37528,11.924,25.283,1484297
1787859109453,b89c026c-5d1d-762f-d681-2f124bba4e06,/p/0/5967c7a6155a8e86,6,200,369697,515.829,12135.721,30464
1787859121554,5009bb9d-5136-0cb0-0c85-3cc9470ef3d8,/p/0/2a8a2455ea7a1a36,11,200,45899,11.157,38.811,1182635
1787859121579,5009bb9d-5136-0cb0-0c85-3cc9470ef3d8,/p/0/b220cc564b24ae1e,12,200,28729,9.711,30.776,933475
1787859121554,5009bb9d-5136-0cb0-0c85-3cc9470ef3d8,/p/0/2a8a2355ea7a1883,11,200,268134,11.872,129.013,2078343
1787859116406,ae4e5018-5a50-5d98-cfa0-61618e3ad560,/p/5/1be37a2e49f98986,5,200,451660,172.193,5321.809,84870
1787859114573,2c587170-b79c-3489-392e-4ab6d67b5b39,/p/0/c4673e08ef92b14b,6,200,362333,257.778,7155.317,50638
1787859121593,5009bb9d-5136-0cb0-0c85-3cc9470ef3d8,/p/0/b220cb564b24ac6b,12,200,442460,11.799,246.162,1797432
1787859120882,5009bb9d-5136-0cb0-0c85-3cc9470ef3d8,/p/0/cdeb14cb418032b8,9,200,2570646,21.194,1208.398,2127317
1787859119525,73de6bb5-7c9d-a776-5e23-4f4f30addd80,/p/0/742b83e73c84d9e2,11,200,460190,159.680,2953.254,155825
1787859121214,9e364e47-4743-41c9-099e-bf4306a13c79,/p/1/60ab182083b8d19b,10,200,4126831,1.700,1405.475,2936253
1787859117106,03d4462f-33cb-a352-2866-30a49c4382d7,/p/0/bc5c3b0cb532b68b,5,200,268726,257.449,6251.479,42986
1787859121727,ae4e5018-5a50-5d98-cfa0-61618e3ad560,/p/0/6632f1d035c16411,6,200,130587,236.497,1764.799,73995
1787859122620,9e364e47-4743-41c9-099e-bf4306a13c79,/p/0/1bbe0ed9ade80160,11,200,83828,397.771,1352.870,61963
1787859119665,ff74ef6c-9b66-a1c0-7684-511dfc19f972,/p/0/8a4446196d23c63,3,200,379585,3.836,4546.831,83483
1787859119665,ff74ef6c-9b66-a1c0-7684-511dfc19f972,/p/9/8a4466196d23fc9,3,200,136201,1355.718,4549.407,29938
1787859121727,ae4e5018-5a50-5d98-cfa0-61618e3ad560,/p/0/6632eed035c15ef8,6,200,214099,155.589,2517.528,85043
1787859100583,05d6ab71-19b6-5fdc-c436-80d0c3a790a6,/p/12/b40056128e109375,12,200,5861844,231.267,23673.945,247607
1787859108223,9db87a8c-7367-8eb8-c13a-2321f9425a22,/p/0/56e3c525bb19327b,9,200,4969884,28.915,16509.097,301039
1787859119729,03d4462f-33cb-a352-2866-30a49c4382d7,/p/0/3c07faf0edc3898f,6,200,216706,320.951,5065.379,42782
1787859122620,9e364e47-4743-41c9-099e-bf4306a13c79,/p/0/1bbe11d9ade80679,11,200,339410,80.237,2471.293,137341
1787859124257,05d6ab71-19b6-5fdc-c436-80d0c3a790a6,/p/11/9a2dfd4e518cc676,13,200,110345,128.526,932.924,118279
1787859119729,03d4462f-33cb-a352-2866-30a49c4382d7,/p/0/3c07f9f0edc387dc,6,200,370902,501.939,6372.404,58204
1787859121727,ae4e5018-5a50-5d98-cfa0-61618e3ad560,/p/4/6632efd035c160ab,6,200,476506,220.070,4465.226,106715
1787859124257,05d6ab71-19b6-5fdc-c436-80d0c3a790a6,/p/0/9a2dfb4e518cc310,13,200,192613,42.582,2034.139,94690
1787859124257,05d6ab71-19b6-5fdc-c436-80d0c3a790a6,/p/0/9a2dfe4e518cc829,13,200,257795,42.590,2394.571,107658
1787859124215,ff74ef6c-9b66-a1c0-7684-511dfc19f972,/p/8/85258ec5679f7ca4,4,200,178072,277.500,2602.010,68436
1787859118317,0ee69b8d-bf50-b716-46e6-0b05fb1b5d2e,/p/5/27f14e37fdb38b7d,7,200,5996613,43.194,8753.966,685017
1787859126193,ae4e5018-5a50-5d98-cfa0-61618e3ad560,/p/0/2d0e41ca7ee1ea1b,7,200,75564,155.814,1278.721,59093
1787859118839,54b39338-2449-1e27-96eb-41c117ea6ba8,/p/5/be23efc7027d7e37,2,200,515184,76.398,8637.711,59644
1787859127071,0ee69b8d-bf50-b716-46e6-0b05fb1b5d2e,/p/0/335425f220ca342a,8,200,79928,72.227,414.214,192963
1787859114661,9db87a8c-7367-8eb8-c13a-2321f9425a22,/p/11/8ae3e7bfee3f1e,13,200,5972752,113.968,13094.630,456122
1787859107704,870bcfa7-0714-e7a4-eda7-671f567f99aa,/p/4/3b904740cecea46,8,200,3056827,186.262,20282.989,150709
1787859127071,0ee69b8d-bf50-b716-46e6-0b05fb1b5d2e,/p/4/335426f220ca35dd,8,200,342431,32.263,1041.721,328717
1787859127756,9db87a8c-7367-8eb8-c13a-2321f9425a22,/p/0/ad97991bdb2c532d,14,200,96097,59.501,388.359,247443
1787859127071,0ee69b8d-bf50-b716-46e6-0b05fb1b5d2e,/p/0/335424f220ca3277,8,200,397962,21.611,1091.910,364464
1787859091610,7a7917fe-b550-bb84-f11d-8ec7baa0575b,/p/3/824d502c2c02bf03,8,200,5749595,313.349,36665.327,156813
1787859128275,7a7917fe-b550-bb84-f11d-8ec7baa0575b,/p/0/60643de74ea3afe2,9,200,64111,2.094,3.165,20253258
1787859128113,0ee69b8d-bf50-b716-46e6-0b05fb1b5d2e,/p/0/93422abe74946e0c,9,200,59222,50.211,270.991,218539
1787859127756,9db87a8c-7367-8eb8-c13a-2321f9425a22,/p/10/ad97971bdb2c4fc7,14,200,229149,18.506,662.252,346015
1787859127987,870bcfa7-0714-e7a4-eda7-671f567f99aa,/p/0/5c73f03bc98faaa0,9,200,25707,246.532,480.792,53468
1787859125190,05d6ab71-19b6-5fdc-c436-80d0c3a790a6,/p/0/eb0c8b760569e4fc,14,0,296608,342.392,3376.143,87854
1787859125190,05d6ab71-19b6-5fdc-c436-80d0c3a790a6,/p/0/eb0c8e760569ea15,14,0,304992,279.412,3376.164,90337
1787859125190,05d6ab71-19b6-5fdc-c436-80d0c3a790a6,/p/10/eb0c8c760569e6af,14,0,308136,237.091,3376.189,91267
1787859103534,2d0fa1df-41e4-0c83-3919-6a1727c45664,/p/0/3b78f0f302058b7f,7,200,2212752,641.763,25079.219,88230
1787859127756,9db87a8c-7367-8eb8-c13a-2321f9425a22,/p/0/ad97961bdb2c4e14,14,200,327956,38.715,1188.139,276025
1787859128275,7a7917fe-b550-bb84-f11d-8ec7baa0575b,/p/2/60643be74ea3ac7c,9,200,370304,3.102,676.907,547053
1787859124215,ff74ef6c-9b66-a1c0-7684-511dfc19f972,/p/0/852590c5679f800a,4,200,273977,231.157,4758.487,57576
1787859128113,0ee69b8d-bf50-b716-46e6-0b05fb1b5d2e,/p/0/93422dbe74947325,9,200,339053,90.237,938.181,361394
1787859128952,7a7917fe-b550-bb84-f11d-8ec7baa0575b,/p/0/f60d95367d4202db,10,200,55050,106.621,419.103,131352
1787859128952,7a7917fe-b550-bb84-f11d-8ec7baa0575b,/p/1/f60d97367d420641,10,200,165588,106.599,439.032,377166
1787859111097,ae4e5018-5a50-5d98-cfa0-61618e3ad560,/p/0/a08add049d936fd6,2,200,2651711,448.609,18689.266,141884
1787859128952,7a7917fe-b550-bb84-f11d-8ec7baa0575b,/p/0/f60d96367d42048e,10,200,518227,106.424,935.428,554000
1787859128418,9db87a8c-7367-8eb8-c13a-2321f9425a22,/p/9/7ff9ce8821d7f453,15,200,390932,107.248,1554.032,251560
1787859128418,9db87a8c-7367-8eb8-c13a-2321f9425a22,/p/0/7ff9d08821d7f7b9,15,200,448235,97.244,1640.045,273307
1787859127477,54b39338-2449-1e27-96eb-41c117ea6ba8,/p/4/fc0587a5f394ec2e,3,200,195116,378.750,2641.607,73863
1787859127477,54b39338-2449-1e27-96eb-41c117ea6ba8,/p/0/fc0585a5f394e8c8,3,200,174784,415.606,2643.149,66127
1787859129392,7a7917fe-b550-bb84-f11d-8ec7baa0575b,/p/0/f568756fdd00eb48,11,200,69114,837.778,850.052,81306
1787859096672,bd3485a7-64a0-3bd8-e269-af9e2cef3c0b,/p/0/f4436a80825804f,10,200,3997363,243.181,33685.977,118665
1787859128418,9db87a8c-7367-8eb8-c13a-2321f9425a22,/p/0/7ff9cd8821d7f2a0,15,200,399013,127.649,2000.556,199451
1787859127477,54b39338-2449-1e27-96eb-41c117ea6ba8,/p/0/fc0588a5f394ede1,3,200,383235,378.702,2960.685,129441
1787859129972,9db87a8c-7367-8eb8-c13a-2321f9425a22,/p/8/31556226a4d04bb0,16,200,76752,109.092,474.569,161730
1787859129391,7a7917fe-b550-bb84-f11d-8ec7baa0575b,/p/0/f568786fdd00f061,11,200,244099,837.813,1063.537,229516
1787859129391,7a7917fe-b550-bb84-f11d-8ec7baa0575b,/p/0/f568766fdd00ecfb,11,200,454757,837.811,1126.915,403542
1787859128275,7a7917fe-b550-bb84-f11d-8ec7baa0575b,/p/0/60643ce74ea3ae2f,9,200,5301961,3.061,2272.357,2333243
1787859127987,870bcfa7-0714-e7a4-eda7-671f567f99aa,/p/0/5c73f33bc98fafb9,9,200,324765,198.971,3178.547,102174
1787859130447,9db87a8c-7367-8eb8-c13a-2321f9425a22,/p/7/d403b2c95204334c,17,200,156560,133.543,1081.071,144819
1787859130118,54b39338-2449-1e27-96eb-41c117ea6ba8,/p/3/31ebc5871e66b623,4,200,263631,348.799,1716.923,153549
1787859130120,54b39338-2449-1e27-96eb-41c117ea6ba8,/p/0/31ebc7871e66b989,4,200,327086,347.253,1720.429,190119
1787859127987,870bcfa7-0714-e7a4-eda7-671f567f99aa,/p/3/5c73f13bc98fac53,9,200,521928,153.907,4241.406,123055
1787859124215,ff74ef6c-9b66-a1c0-7684-511dfc19f972,/p/0/85258fc5679f7e57,4,200,480519,231.099,8219.420,58461
1787859079473,d4e2a278-8eea-553a-b702-d193f80905dc,/p/0/4157e09549455920,6,200,4342758,438.470,53090.093,81800
1787859122620,9e364e47-4743-41c9-099e-bf4306a13c79,/p/0/1bbe0fd9ade80313,11,200,4204060,117.458,10386.549,404760
1787859126817,ff74ef6c-9b66-a1c0-7684-511dfc19f972,/p/0/1266f90da658f2f7,5,200,322978,421.406,6326.732,51050
1787859076652,d4e2a278-8eea-553a-b702-d193f80905dc,/p/0/5ff7182e28d1598b,5,200,4120139,443.585,56548.845,72860
1787859131528,9db87a8c-7367-8eb8-c13a-2321f9425a22,/p/0/ca9e0b182bcf353a,18,200,236894,96.564,1758.800,134691
1787859089237,7da8a4d7-e9a1-f028-1f66-434354dd650a,/p/3/55054e172f467852,2,0,3815639,35.429,44330.050,86073
1787859132228,870bcfa7-0714-e7a4-eda7-671f567f99aa,/p/2/60f27a14dc196ce8,10,200,125107,170.504,1840.712,67967
1787859085969,bd3485a7-64a0-3bd8-e269-af9e2cef3c0b,/p/0/6c9842f75c393280,6,200,6192022,224.588,48218.729,128415
1787859095050,bd3485a7-64a0-3bd8-e269-af9e2cef3c0b,/p/0/93e33dfad8a5100a,9,200,4991520,297.125,39365.449,126800
1787859113595,ae4e5018-5a50-5d98-cfa0-61618e3ad560,/p/0/a13d34d7f044d880,4,200,2450046,188.919,20912.539,117157
1787859126817,ff74ef6c-9b66-a1c0-7684-511dfc19f972,/p/0/1266fa0da658f4aa,5,200,514715,444.521,7827.411,65758
1787859126817,ff74ef6c-9b66-a1c0-7684-511dfc19f972,/p/7/1266fb0da658f65d,5,200,476353,280.381,7827.460,60857
1787859132228,870bcfa7-0714-e7a4-eda7-671f567f99aa,/p/0/60f27b14dc196e9b,10,200,231867,155.808,3117.588,74374
1787859108120,714719f4-a32a-c3a8-94f0-3a141485e690,/p/6/dcedfaa1f28fecf2,13,200,5273264,388.248,27703.432,190347
1787859128113,0ee69b8d-bf50-b716-46e6-0b05fb1b5d2e,/p/3/93422cbe74947172,9,200,5106162,99.879,7716.325,661735
1787859089746,2c587170-b79c-3489-392e-4ab6d67b5b39,/p/0/78a6b4e579c3d9ab,2,200,5697751,238.499,46416.077,122754
1787859106129,56d38f00-128b-5c28-0b92-4d6d2d4b19d7,/p/2/c845d21e6a354435,2,200,3933430,118.802,30427.326,129273
1787859106129,56d38f00-128b-5c28-0b92-4d6d2d4b19d7,/p/0/c845d11e6a354282,2,200,3936198,79.480,30430.804,129349
1787859136557,56d38f00-128b-5c28-0b92-4d6d2d4b19d7,/p/0/e8c5ab715b533433,3,200,91920,4.559,356.198,258059
1787859136557,56d38f00-128b-5c28-0b92-4d6d2d4b19d7,/p/1/e8c5aa715b533280,3,200,323791,5.180,359.884,899710
1787859136557,56d38f00-128b-5c28-0b92-4d6d2d4b19d7,/p/0/e8c5ac715b5335e6,3,200,432659,5.601,361.193,1197859
1787859132228,870bcfa7-0714-e7a4-eda7-671f567f99aa,/p/0/60f27c14dc19704e,10,200,429832,170.559,4690.673,91635
1787859135829,0ee69b8d-bf50-b716-46e6-0b05fb1b5d2e,/p/0/2aeb4720b9d0b9a0,10,200,158888,640.705,1144.697,138804
1787859135823,714719f4-a32a-c3a8-94f0-3a141485e690,/p/5/20c6b36b2a970678,14,200,88866,221.797,1222.712,72679
1787859135829,0ee69b8d-bf50-b716-46e6-0b05fb1b5d2e,/p/0/2aeb4a20b9d0beb9,10,200,163657,640.715,1235.550,132457
1787859135829,0ee69b8d-bf50-b716-46e6-0b05fb1b5d2e,/p/2/2aeb4820b9d0bb53,10,200,244973,600.327,1334.593,183556
1787859137164,0ee69b8d-bf50-b716-46e6-0b05fb1b5d2e,/p/0/9dcee84f389a091b,11,200,10210,21.782,31.735,321729
1787859137164,0ee69b8d-bf50-b716-46e6-0b05fb1b5d2e,/p/1/9dcee74f389a0768,11,200,45906,31.692,132.625,346133
1787859134644,ff74ef6c-9b66-a1c0-7684-511dfc19f972,/p/0/2245954efe8dcf3a,6,200,197408,305.669,2963.066,66623
1787859131835,54b39338-2449-1e27-96eb-41c117ea6ba8,/p/0/40bb1a350d40930,5,200,56713,2095.503,5955.347,9523
1787859137296,0ee69b8d-bf50-b716-46e6-0b05fb1b5d2e,/p/0/3a4b3bd79e9bf71d,12,200,108750,100.370,517.842,210006
1787859137164,0ee69b8d-bf50-b716-46e6-0b05fb1b5d2e,/p/0/9dcee94f389a0ace,11,200,256961,52.987,651.568,394374
1787859137296,0ee69b8d-bf50-b716-46e6-0b05fb1b5d2e,/p/0/3a4b38d79e9bf204,12,200,114682,100.357,518.939,220993
1787859137296,0ee69b8d-bf50-b716-46e6-0b05fb1b5d2e,/p/0/3a4b39d79e9bf3b7,12,200,175144,110.302,519.132,337379
1787859137046,714719f4-a32a-c3a8-94f0-3a141485e690,/p/0/27be5bb71f70cd40,15,200,44707,204.198,1030.794,43371
1787859134069,870bcfa7-0714-e7a4-eda7-671f567f99aa,/p/1/4f87bc70dd42bdb7,11,200,361424,167.583,4249.836,85044
1787859135823,714719f4-a32a-c3a8-94f0-3a141485e690,/p/0/20c6b56b2a9709de,14,200,243068,186.790,2773.869,87628
1787859138319,870bcfa7-0714-e7a4-eda7-671f567f99aa,/p/0/dec79d1ff4f55592,12,200,47915,167.298,585.121,81889
1787859137046,714719f4-a32a-c3a8-94f0-3a141485e690,/p/4/27be5db71f70d0a6,15,200,142689,204.147,1991.249,71658
1787859136917,56d38f00-128b-5c28-0b92-4d6d2d4b19d7,/p/0/de0b0680c6ca751c,4,200,189923,311.902,2732.312,69510
1787859134644,ff74ef6c-9b66-a1c0-7684-511dfc19f972,/p/0/2245944efe8dcd87,6,200,496683,235.798,5132.211,96778
1787859085714,d4e2a278-8eea-553a-b702-d193f80905dc,/p/0/7ac4a11a6684c521,7,200,5529699,395.598,54951.278,100629
1787859109062,701f3cd0-0429-7076-94ab-7ca9c4aa7416,/p/1/cb86777731fdad50,3,200,5437432,489.027,33018.972,164676
1787859136917,56d38f00-128b-5c28-0b92-4d6d2d4b19d7,/p/0/de0b0980c6ca7a35,4,200,409570,232.400,5206.824,78660
1787859119525,73de6bb5-7c9d-a776-5e23-4f4f30addd80,/p/0/742b84e73c84db95,11,200,5283128,159.738,22608.590,233678
1787859136917,56d38f00-128b-5c28-0b92-4d6d2d4b19d7,/p/0/de0b0780c6ca76cf,4,200,370690,390.384,5485.542,67576
1787859118098,73de6bb5-7c9d-a776-5e23-4f4f30addd80,/p/0/151936368b76f027,10,0,5698235,145.047,24468.701,232879
1787859103540,870bcfa7-0714-e7a4-eda7-671f567f99aa,/p/0/fc690df951bdd56b,6,200,5471071,152.192,39048.712,140109
1787859137046,714719f4-a32a-c3a8-94f0-3a141485e690,/p/0/27be5eb71f70d259,15,200,359428,240.029,5921.582,60698
1787859138904,870bcfa7-0714-e7a4-eda7-671f567f99aa,/p/0/dec79b1ff4f5522c,12,200,373461,152.373,4380.272,85260
1787859139037,714719f4-a32a-c3a8-94f0-3a141485e690,/p/0/a6905eca094ecf46,16,0,269506,259.063,4528.939,59508
1787859135823,714719f4-a32a-c3a8-94f0-3a141485e690,/p/0/20c6b46b2a97082b,14,0,611711,221.728,7743.001,79002
1787859108120,714719f4-a32a-c3a8-94f0-3a141485e690,/p/0/dcedfba1f28feea5,13,0,5900083,208.576,35446.489,166450
1787859139037,714719f4-a32a-c3a8-94f0-3a141485e690,/p/3/a6905cca094ecbe0,16,0,339026,184.917,4528.974,74857
1787859139037,714719f4-a32a-c3a8-94f0-3a141485e690,/p/0/a6905dca094ecd93,16,0,287323,222.029,4528.926,63442
1787859118839,54b39338-2449-1e27-96eb-41c117ea6ba8,/p/0/be23f1c7027d819d,2,200,2333008,152.982,25318.948,92145
1787859110080,03d4462f-33cb-a352-2866-30a49c4382d7,/p/0/8da22cbe2dbe08d0,4,200,2288616,329.763,34649.224,66051
1787859138319,870bcfa7-0714-e7a4-eda7-671f567f99aa,/p/0/dec79e1ff4f55745,12,200,519480,167.370,6430.625,80782
1787859109453,b89c026c-5d1d-762f-d681-2f124bba4e06,/p/0/5967c6a6155a8cd3,6,0,1441111,515.874,36113.261,39905
1787859092010,b89c026c-5d1d-762f-d681-2f124bba4e06,/p/0/f3a705b2250fb68,4,0,2356519,393.474,53556.346,44001
1787859101325,b89c026c-5d1d-762f-d681-2f124bba4e06,/p/0/92b4f131a51ff228,5,0,1811271,438.238,44241.012,40941
1787859109453,b89c026c-5d1d-762f-d681-2f124bba4e06,/p/9/5967c8a6155a9039,6,0,1527119,515.863,36113.257,42287
1787859131840,54b39338-2449-1e27-96eb-41c117ea6ba8,/p/0/40bb4a350d40e49,5,200,363377,2278.603,14023.962,25911
1787859142081,701f3cd0-0429-7076-94ab-7ca9c4aa7416,/p/0/ba1795a7f59dbbf7,4,200,227366,272.463,4057.611,56034
1787859121345,5009bb9d-5136-0cb0-0c85-3cc9470ef3d8,/p/0/6b9dca98890d59e2,10,0,5700834,10.919,25220.960,226036
1787859121579,5009bb9d-5136-0cb0-0c85-3cc9470ef3d8,/p/2/b220cd564b24afd1,12,0,5301681,9.360,24986.752,212180
1787859142081,701f3cd0-0429-7076-94ab-7ca9c4aa7416,/p/0/ba1794a7f59dba44,4,200,404163,77.397,5570.309,72557
1787859107704,870bcfa7-0714-e7a4-eda7-671f567f99aa,/p/0/3b902740cece6e0,8,200,5207097,170.972,40320.675,129142
1787859104185,03d4462f-33cb-a352-2866-30a49c4382d7,/p/0/f97fff3ccd226eef,2,200,4036419,281.229,44133.912,91458
1787859117106,03d4462f-33cb-a352-2866-30a49c4382d7,/p/0/bc5c3c0cb532b83e,5,200,3979832,333.346,31213.355,127504
1787859123357,03d4462f-33cb-a352-2866-30a49c4382d7,/p/0/3c07fcf0edc38cf5,6,200,5635368,391.360,25363.696,222182
1787859107601,2c587170-b79c-3489-392e-4ab6d67b5b39,/p/0/2323fce20fd49595,3,200,4739570,239.224,41704.263,113647
1787859114182,2c587170-b79c-3489-392e-4ab6d67b5b39,/p/0/c4673d08ef92af98,6,200,6107977,284.789,36266.028,168421
1787859129972,9db87a8c-7367-8eb8-c13a-2321f9425a22,/p/0/31556326a4d04d63,16,200,2880997,108.946,21473.380,134166
1787859097732,e413d12a-c45c-a7e3-580e-d4f46635583e,/p/3/6be2304161879622,2,0,3611634,820.725,53834.199,67088
1787859089488,e413d12a-c45c-a7e3-580e-d4f46635583e,/p/0/dfd7df88c4fb4d20,1,0,3592271,862.330,62078.454,57867
1787859103534,2d0fa1df-41e4-0c83-3919-6a1727c45664,/p/0/3b78f1f302058d32,7,200,3868217,642.437,49566.783,78041
1787859126193,ae4e5018-5a50-5d98-cfa0-61618e3ad560,/p/3/2d0e40ca7ee1e868,7,200,5347407,170.828,27415.921,195048
1787859153609,ae4e5018-5a50-5d98-cfa0-61618e3ad560,/p/0/8817294a93b32b6,8,200,32117,159.622,410.828,78176
1787859130447,9db87a8c-7367-8eb8-c13a-2321f9425a22,/p/0/d403b4c9520436b2,17,200,3483652,171.090,24673.249,141191
1787859135346,870bcfa7-0714-e7a4-eda7-671f567f99aa,/p/0/4f87be70dd42c11d,11,200,3074218,171.849,20089.390,153027
1787859126193,ae4e5018-5a50-5d98-cfa0-61618e3ad560,/p/0/2d0e42ca7ee1ebce,7,200,6011617,155.896,30079.374,199858
1787859129972,9db87a8c-7367-8eb8-c13a-2321f9425a22,/p/0/31556426a4d04f16,16,200,4150149,118.926,27795.408,149311
1787859133287,9db87a8c-7367-8eb8-c13a-2321f9425a22,/p/0/ca9e0a182bcf3387,18,200,3636337,512.164,25287.194,143802
1787859130447,9db87a8c-7367-8eb8-c13a-2321f9425a22,/p/0/d403b3c9520434ff,17,200,4365390,124.723,28737.332,151907
1787859134069,870bcfa7-0714-e7a4-eda7-671f567f99aa,/p/0/4f87bb70dd42bc04,11,200,5144548,167.612,25233.716,203876
1787859131528,9db87a8c-7367-8eb8-c13a-2321f9425a22,/p/6/ca9e0c182bcf36ed,18,200,4887512,106.859,28546.120,171215
1787859119665,ff74ef6c-9b66-a1c0-7684-511dfc19f972,/p/0/8a4456196d23e16,3,200,5845135,1355.193,40499.263,144327
1787859160074,9db87a8c-7367-8eb8-c13a-2321f9425a22,/p/0/556d47ea57659e4,19,200,173693,148.862,808.315,214883
1787859160074,9db87a8c-7367-8eb8-c13a-2321f9425a22,/p/0/556d77ea5765efd,19,200,245177,158.676,902.620,271628
1787859142081,701f3cd0-0429-7076-94ab-7ca9c4aa7416,/p/0/ba1797a7f59dbf5d,4,200,2938603,77.419,19029.862,154421
1787859160074,9db87a8c-7367-8eb8-c13a-2321f9425a22,/p/5/556d67ea5765d4a,19,200,468593,32.673,1103.625,424594
1787859161178,9db87a8c-7367-8eb8-c13a-2321f9425a22,/p/4/16d49de7af51f401,20,200,35745,29.459,136.634,261612
1787859134644,ff74ef6c-9b66-a1c0-7684-511dfc19f972,/p/6/2245934efe8dcbd4,6,200,3851516,259.242,27123.661,141998
1787859104183,2d0fa1df-41e4-0c83-3919-6a1727c45664,/p/0/8344e3d169ac5ca6,8,200,3920061,978.137,57659.865,67986
1787859161315,9db87a8c-7367-8eb8-c13a-2321f9425a22,/p/0/936cd67ca84917b,21,200,126201,107.430,926.834,136164
1787859161178,9db87a8c-7367-8eb8-c13a-2321f9425a22,/p/0/16d49ce7af51f24e,20,200,334565,19.494,1723.914,194073
1787859104183,2d0fa1df-41e4-0c83-3919-6a1727c45664,/p/0/8344e1d169ac5940,8,200,4419525,978.363,60115.803,73517
1787859103077,2d0fa1df-41e4-0c83-3919-6a1727c45664,/p/0/bfd7155e61e0d69e,6,200,6229694,459.277,61369.938,101511
1787859161315,9db87a8c-7367-8eb8-c13a-2321f9425a22,/p/3/936cf67ca8494e1,21,200,518615,97.560,3241.888,159973
1787859164557,9db87a8c-7367-8eb8-c13a-2321f9425a22,/p/2/5f4b14313d703647,22,200,43505,458.944,919.702,47303
1787859161768,ff74ef6c-9b66-a1c0-7684-511dfc19f972,/p/5/41fe882548677ab1,7,200,390115,165.531,4409.429,88473
1787859164557,9db87a8c-7367-8eb8-c13a-2321f9425a22,/p/0/5f4b13313d703494,22,200,398186,458.900,4013.353,99215
1787859165476,9db87a8c-7367-8eb8-c13a-2321f9425a22,/p/1/b8cb49c2bc4d2631,23,200,429605,181.733,3266.101,131535
1787859118839,54b39338-2449-1e27-96eb-41c117ea6ba8,/p/0/be23eec7027d7c84,2,200,4434739,228.808,51875.655,85488
1787859153609,ae4e5018-5a50-5d98-cfa0-61618e3ad560,/p/0/8817194a93b3103,8,200,3478273,174.853,17883.143,194500
1787859168570,9db87a8c-7367-8eb8-c13a-2321f9425a22,/p/0/b8cb47c2bc4d22cb,23,200,431921,106.830,3434.149,125772
1787859168743,9db87a8c-7367-8eb8-c13a-2321f9425a22,/p/0/9669fa986d7437e0,24,200,507481,97.794,3791.815,133836
1787859153609,ae4e5018-5a50-5d98-cfa0-61618e3ad560,/p/2/8817094a93b2f50,8,200,5089064,159.620,19176.116,265386
1787859172785,ae4e5018-5a50-5d98-cfa0-61618e3ad560,/p/1/1554a93c515d89dc,9,200,41642,1.392,3.685,11301450
1787859172785,ae4e5018-5a50-5d98-cfa0-61618e3ad560,/p/0/1554ab3c515d8d42,9,200,115590,2.082,317.674,363863
1787859172785,ae4e5018-5a50-5d98-cfa0-61618e3ad560,/p/0/1554aa3c515d8b8f,9,200,321647,2.518,319.772,1005865
1787859172789,ae4e5018-5a50-5d98-cfa0-61618e3ad560,/p/0/fe790c99d1a135e,10,200,453532,315.224,321.716,1409730
1787859172789,ae4e5018-5a50-5d98-cfa0-61618e3ad560,/p/0/fe78fc99d1a11ab,10,200,107691,321.773,323.940,332442
1787859166178,ff74ef6c-9b66-a1c0-7684-511dfc19f972,/p/0/9eefe256b55b2e24,8,200,479351,282.407,8485.569,56490
1787859172534,9db87a8c-7367-8eb8-c13a-2321f9425a22,/p/0/9669fc986d743b46,24,200,276940,93.238,2205.549,125565
1787859172789,ae4e5018-5a50-5d98-cfa0-61618e3ad560,/p/0/fe78ec99d1a0ff8,10,200,4873953,321.795,2000.297,2436615
1787859172004,9db87a8c-7367-8eb8-c13a-2321f9425a22,/p/0/9669fb986d743993,24,200,391305,117.475,2848.177,137388
1787859130118,54b39338-2449-1e27-96eb-41c117ea6ba8,/p/0/31ebc4871e66b470,4,200,2969310,348.728,45577.267,65149
1787859086275,e7a9c440-29ef-71ca-744c-3c6f8e53db1a,/p/0/4e9762de522c2f38,2,200,3832920,2249.688,89567.848,42793
1787859161315,9db87a8c-7367-8eb8-c13a-2321f9425a22,/p/0/936ce67ca84932e,21,200,2947044,107.393,16013.913,184030
1787859161178,9db87a8c-7367-8eb8-c13a-2321f9425a22,/p/0/16d49be7af51f09b,20,200,3673534,76.784,17839.169,205925
1787859164557,9db87a8c-7367-8eb8-c13a-2321f9425a22,/p/0/5f4b16313d7039ad,22,200,2792189,459.036,16012.034,174381
1787859165476,9db87a8c-7367-8eb8-c13a-2321f9425a22,/p/0/b8cb48c2bc4d247e,23,200,4994916,200.085,17903.012,278999
1787859131835,54b39338-2449-1e27-96eb-41c117ea6ba8,/p/2/40bb2a350d40ae3,5,200,5134469,2095.449,57617.084,89114
1787859166178,ff74ef6c-9b66-a1c0-7684-511dfc19f972,/p/4/9eefe356b55b2fd7,8,0,1955418,235.377,23388.371,83606
1787859161768,ff74ef6c-9b66-a1c0-7684-511dfc19f972,/p/0/41fe86254867774b,7,0,2510307,46.992,27797.896,90306
1787859166178,ff74ef6c-9b66-a1c0-7684-511dfc19f972,/p/0/9eefe556b55b333d,8,0,1994403,305.727,23388.408,85273
1787859161768,ff74ef6c-9b66-a1c0-7684-511dfc19f972,/p/0/41fe8725486778fe,7,0,2515399,141.668,27797.854,90489
1787859189452,54b39338-2449-1e27-96eb-41c117ea6ba8,/p/0/8ba41f5791643e6c,6,200,153179,75.595,1622.822,94391
1787859189452,54b39338-2449-1e27-96eb-41c117ea6ba8,/p/1/8ba420579164401f,6,200,130508,225.003,2038.445,64023
1787859189452,54b39338-2449-1e27-96eb-41c117ea6ba8,/p/0/8ba4225791644385,6,200,176682,113.119,2492.406,70888
1787859191491,54b39338-2449-1e27-96eb-41c117ea6ba8,/p/0/adaa2934221e3ebf,7,0,52706,415.382,1075.629,49000
1787859191491,54b39338-2449-1e27-96eb-41c117ea6ba8,/p/0/adaa2a34221e4072,7,0,41178,377.374,1075.666,38281
1787859191491,54b39338-2449-1e27-96eb-41c117ea6ba8,/p/0/adaa2834221e3d0c,7,0,35939,377.357,1075.652,33411
