t_start_ms,client,path,depth,status,bytes,ttfb_ms,total_ms,bytes_per_s
1787797373631,f7c998b3-5110-ead8-1c5b-78722c3cdddc,/?crawl=1,0,200,130631,33.295,297.982,438386
1787797373631,69e3f629-204b-a521-d46c-17022bb9325b,/?crawl=0,0,200,77496,124.537,690.509,112230
1787797374631,5684ed70-3a5c-de0c-dcb0-2554388d8f92,/?crawl=3,0,200,31579,52.010,182.461,173073
1787797373929,f7c998b3-5110-ead8-1c5b-78722c3cdddc,/p/0/c1831c13a860f15e,1,200,168081,31.284,1018.392,165046
1787797373929,f7c998b3-5110-ead8-1c5b-78722c3cdddc,/p/0/c1831b13a860efab,1,200,161416,31.162,1049.262,153838
1787797373929,f7c998b3-5110-ead8-1c5b-78722c3cdddc,/p/2/c1831a13a860edf8,1,200,433881,31.297,1672.488,259423
1787797375602,f7c998b3-5110-ead8-1c5b-78722c3cdddc,/p/1/5fcac809968a6e57,2,200,67849,31.185,544.090,124702
1787797374631,160edf7b-27b2-08e1-9481-79abb2597327,/?crawl=4,0,200,454023,57.038,1741.767,260668
1787797376373,160edf7b-27b2-08e1-9481-79abb2597327,/p/0/a296c3e78f67baa4,1,200,23959,82.558,164.237,145881
1787797376631,a8b2b5fb-0a9c-cb0f-869a-18420532160a,/?crawl=5,0,200,269150,54.844,936.541,287387
1787797376373,160edf7b-27b2-08e1-9481-79abb2597327,/p/1/a296c4e78f67bc57,1,200,149775,109.998,1266.857,118226
1787797377568,a8b2b5fb-0a9c-cb0f-869a-18420532160a,/p/0/f2c7189faccc9aa,1,200,243857,96.703,2096.631,116309
1787797375602,f7c998b3-5110-ead8-1c5b-78722c3cdddc,/p/0/5fcaca09968a71bd,2,200,492654,92.015,5548.620,88789
1787797381631,217e1954-c0c2-0697-baaf-354547aa5a45,/?crawl=10,0,200,121391,14.145,101.950,1190688
1787797381733,217e1954-c0c2-0697-baaf-354547aa5a45,/p/0/8ec346db3fa63a8b,1,200,66227,13.290,140.592,471059
1787797381733,217e1954-c0c2-0697-baaf-354547aa5a45,/p/0/8ec347db3fa63c3e,1,200,351958,19.217,605.578,581194
1787797382636,0e9c7adf-4183-9989-0e3b-d0c05cb8a59f,/?crawl=12,0,200,9605,14.645,18.847,509620
1787797377640,160edf7b-27b2-08e1-9481-79abb2597327,/p/0/367a592b33a4552,2,200,311847,275.849,5613.985,55548
1787797382655,0e9c7adf-4183-9989-0e3b-d0c05cb8a59f,/p/0/b597f19668dc26b1,1,200,490502,55.576,713.488,687470
1787797382655,0e9c7adf-4183-9989-0e3b-d0c05cb8a59f,/p/0/b597ee9668dc2198,1,200,516655,7.236,738.845,699274
1787797382655,0e9c7adf-4183-9989-0e3b-d0c05cb8a59f,/p/1/b597f09668dc24fe,1,200,484194,55.411,809.101,598434
1787797383631,878ce734-4f6d-dfdc-5416-cb0f718bf5fe,/?crawl=15,0,200,24480,66.905,136.993,178696
1787797383464,0e9c7adf-4183-9989-0e3b-d0c05cb8a59f,/p/0/43814ad0adc32e09,2,200,294875,20.804,496.589,593801
1787797383464,0e9c7adf-4183-9989-0e3b-d0c05cb8a59f,/p/0/438147d0adc328f0,2,200,335339,10.081,520.359,644438
1787797377640,160edf7b-27b2-08e1-9481-79abb2597327,/p/0/367a692b33a4705,2,200,395771,331.174,6520.430,60697
1787797383768,878ce734-4f6d-dfdc-5416-cb0f718bf5fe,/p/0/6fd6f0af26ad0737,1,200,40893,187.226,752.110,54371
1787797376631,b96efb17-8f22-c0c4-3f5a-a16c633c9583,/?crawl=6,0,200,2255104,56.281,8573.251,263040
1787797376631,558e27b6-befe-b208-ddb1-bf55a81229d0,/?crawl=7,0,200,4130263,33.879,8702.857,474587
1787797377568,a8b2b5fb-0a9c-cb0f-869a-18420532160a,/p/5/f2c6f89faccc644,1,200,2362285,147.379,7901.718,298958
1787797381733,217e1954-c0c2-0697-baaf-354547aa5a45,/p/15/8ec345db3fa638d8,1,200,4576845,13.333,3885.480,1177935
1787797385618,217e1954-c0c2-0697-baaf-354547aa5a45,/p/14/b499c461bd3b4df3,2,200,116863,11.758,185.677,629388
1787797383768,878ce734-4f6d-dfdc-5416-cb0f718bf5fe,/p/0/6fd6efaf26ad0584,1,200,208739,320.655,2077.088,100496
1787797385618,217e1954-c0c2-0697-baaf-354547aa5a45,/p/0/b499c361bd3b4c40,2,200,103555,55.675,296.462,349302
1787797385804,217e1954-c0c2-0697-baaf-354547aa5a45,/p/0/2ee08fd1f4661b06,3,200,66343,72.532,263.184,252078
1787797385804,217e1954-c0c2-0697-baaf-354547aa5a45,/p/13/2ee090d1f4661cb9,3,200,136988,65.004,403.997,339082
1787797385618,217e1954-c0c2-0697-baaf-354547aa5a45,/p/0/b499c661bd3b5159,2,200,362064,33.071,857.522,422221
1787797386208,217e1954-c0c2-0697-baaf-354547aa5a45,/p/0/f1c7b10fe18cb93e,4,200,87847,62.825,324.440,270765
1787797386208,217e1954-c0c2-0697-baaf-354547aa5a45,/p/0/f1c7b00fe18cb78b,4,200,93771,57.629,359.908,260541
1787797377568,a8b2b5fb-0a9c-cb0f-869a-18420532160a,/p/0/f2c7089faccc7f7,1,200,3451445,52.179,9012.501,382962
1787797386208,217e1954-c0c2-0697-baaf-354547aa5a45,/p/12/f1c7b20fe18cbaf1,4,200,114737,57.553,426.267,269167
1787797385205,b96efb17-8f22-c0c4-3f5a-a16c633c9583,/p/0/c96b6da2b89da517,1,200,96205,165.819,1433.067,67132
1787797386631,57a3b147-4cda-ee57-1f5e-54a9b89469de,/?crawl=19,0,200,181374,21.157,228.975,792111
1787797386860,57a3b147-4cda-ee57-1f5e-54a9b89469de,/p/6/86daf04c2f697e53,1,200,4266,18.772,28.134,151633
1787797385631,e14090b3-7dfb-bbac-d72c-a25623c987fe,/?crawl=18,0,200,372454,54.260,1332.267,279564
1787797385804,217e1954-c0c2-0697-baaf-354547aa5a45,/p/0/2ee08ed1f4661953,3,200,482921,64.937,1204.752,400847
1787797386888,57a3b147-4cda-ee57-1f5e-54a9b89469de,/p/5/cc63e02d0092aecf,2,200,30879,90.261,135.956,227125
1787797386860,57a3b147-4cda-ee57-1f5e-54a9b89469de,/p/0/86daf24c2f6981b9,1,200,55028,61.574,254.644,216098
1787797383464,0e9c7adf-4183-9989-0e3b-d0c05cb8a59f,/p/0/438148d0adc32aa3,2,200,6036785,25.753,3695.809,1633414
1787797386631,862fdc7c-098a-bdbf-627e-039a14917bb0,/?crawl=20,0,200,440325,19.776,551.130,798949
1787797386888,57a3b147-4cda-ee57-1f5e-54a9b89469de,/p/0/cc63df2d0092ad1c,2,200,18216,145.444,296.737,61388
1787797386860,57a3b147-4cda-ee57-1f5e-54a9b89469de,/p/0/86daef4c2f697ca0,1,200,138903,18.762,687.074,202166
1787797386635,217e1954-c0c2-0697-baaf-354547aa5a45,/p/11/9cbd7ae38e24a703,5,200,376215,63.679,943.542,398726
1787797386963,e14090b3-7dfb-bbac-d72c-a25623c987fe,/p/0/f3709bee9ace89f3,1,200,82461,51.385,811.391,101629
1787797374321,69e3f629-204b-a521-d46c-17022bb9325b,/p/3/54ed6f713cfbe40b,1,200,516880,501.682,13475.352,38357
1787797374321,69e3f629-204b-a521-d46c-17022bb9325b,/p/0/54ed71713cfbe771,1,200,427058,623.952,13534.934,31552
1787797385334,558e27b6-befe-b208-ddb1-bf55a81229d0,/p/0/36011b452402b41d,1,200,400981,31.379,2536.903,158059
1787797387024,57a3b147-4cda-ee57-1f5e-54a9b89469de,/p/4/569f0933de777f1d,3,200,136269,90.358,876.568,155457
1787797387578,217e1954-c0c2-0697-baaf-354547aa5a45,/p/0/c6b489fb9d245962,6,200,155643,62.728,555.927,279970
1787797387182,862fdc7c-098a-bdbf-627e-039a14917bb0,/p/0/b347ff4af05422c0,1,200,274351,94.985,1055.389,259952
1787797387182,862fdc7c-098a-bdbf-627e-039a14917bb0,/p/0/b348024af05427d9,1,200,277621,95.010,1195.936,232137
1787797383631,bdff2a5b-36ea-222a-9f4c-540c2a4173f4,/?crawl=13,0,200,2123658,30.471,4821.167,440486
1787797387182,862fdc7c-098a-bdbf-627e-039a14917bb0,/p/2/b348004af0542473,1,200,479580,20.400,1272.159,376981
1787797387631,a056b4d1-a94d-5775-ad57-fb68a7e01b19,/?crawl=21,0,200,299342,39.119,825.924,362433
1787797388454,862fdc7c-098a-bdbf-627e-039a14917bb0,/p/0/fc2e1b5b309e6bc,2,200,35202,18.735,116.613,301871
1787797387578,217e1954-c0c2-0697-baaf-354547aa5a45,/p/0/c6b488fb9d2457af,6,200,321372,57.212,1121.706,286503
1787797386963,e14090b3-7dfb-bbac-d72c-a25623c987fe,/p/0/f3709cee9ace8ba6,1,200,247760,152.600,1755.220,141156
1787797387578,217e1954-c0c2-0697-baaf-354547aa5a45,/p/10/c6b487fb9d2455fc,6,200,311217,57.210,1163.222,267547
1787797385205,b96efb17-8f22-c0c4-3f5a-a16c633c9583,/p/0/c96b6ea2b89da6ca,1,200,458169,83.045,3660.193,125176
1787797388631,d2fa5913-858b-28a7-5d8f-902dad879851,/?crawl=22,0,200,145324,46.156,479.662,302972
1787797388454,862fdc7c-098a-bdbf-627e-039a14917bb0,/p/1/fc2e2b5b309e86f,2,200,293867,57.579,659.279,445740
1787797387114,57a3b147-4cda-ee57-1f5e-54a9b89469de,/p/0/569f0733de777bb7,3,200,388902,97.918,2042.304,190423
1787797388741,217e1954-c0c2-0697-baaf-354547aa5a45,/p/9/a27587c63b56bd3f,7,200,144629,66.764,529.875,272949
1787797383631,0bb84ea3-2309-8bc6-58fc-d04b8d46de2b,/?crawl=14,0,200,3480307,26.220,5767.677,603416
1787797389114,862fdc7c-098a-bdbf-627e-039a14917bb0,/p/0/13abda16b8d0d192,3,200,54874,93.729,326.054,168297
1787797388457,a056b4d1-a94d-5775-ad57-fb68a7e01b19,/p/7/1fddaaed5bb92e60,1,200,115981,197.944,1110.167,104472
1787797389114,862fdc7c-098a-bdbf-627e-039a14917bb0,/p/0/13abd916b8d0cfdf,3,200,89971,113.096,487.949,184386
1787797387901,57a3b147-4cda-ee57-1f5e-54a9b89469de,/p/3/c90226399156a15a,4,200,184599,168.432,1800.434,102530
1787797389271,217e1954-c0c2-0697-baaf-354547aa5a45,/p/0/dd88a61d396cd89e,8,200,99281,63.448,481.143,206344
1787797387901,57a3b147-4cda-ee57-1f5e-54a9b89469de,/p/0/c90227399156a30d,4,200,317432,120.670,1985.873,159845
1787797389752,217e1954-c0c2-0697-baaf-354547aa5a45,/p/0/dd88a51d396cd6eb,8,200,17826,110.861,167.125,106663
1787797386963,e14090b3-7dfb-bbac-d72c-a25623c987fe,/p/2/f3709aee9ace8840,1,200,503747,202.026,2965.920,169845
1787797388457,a056b4d1-a94d-5775-ad57-fb68a7e01b19,/p/0/1fddabed5bb93013,1,200,192730,38.604,1908.318,100995
1787797389631,f914de05-6b76-495a-b6e7-1894d3914121,/?crawl=23,0,200,200254,61.581,845.491,236849
1787797389631,418530c3-e63b-5a60-d864-171d3888496b,/?crawl=24,0,200,234975,64.647,1023.387,229605
1787797388457,a056b4d1-a94d-5775-ad57-fb68a7e01b19,/p/0/1fddaced5bb931c6,1,200,171019,38.552,2237.624,76429
1787797389114,862fdc7c-098a-bdbf-627e-039a14917bb0,/p/0/13abdb16b8d0d345,3,200,500180,103.327,1599.388,312732
1787797390631,efae07d3-6174-d5cc-334b-da855350efd6,/?crawl=26,0,200,180335,25.246,235.714,765058
1787797390654,418530c3-e63b-5a60-d864-171d3888496b,/p/0/f154c142bffb0c,1,200,34949,61.427,341.041,102477
1787797381631,5e499411-6aa2-8415-9b43-9488b7817873,/?crawl=11,0,200,5957664,22.773,9378.402,635254
1787797390631,a6e4192b-6dce-2941-3a81-b2236c12861c,/?crawl=29,0,200,490528,18.562,446.074,1099655
1787797390631,e5a7d5e1-c2aa-1381-882d-288c9f7a5a51,/?crawl=27,0,200,347212,24.021,465.309,746197
1787797389567,a056b4d1-a94d-5775-ad57-fb68a7e01b19,/p/0/53d96f5fc2094776,2,200,316217,295.297,1586.411,199329
1787797389567,a056b4d1-a94d-5775-ad57-fb68a7e01b19,/p/6/53d96d5fc2094410,2,200,425382,526.370,1588.252,267830
1787797389567,a056b4d1-a94d-5775-ad57-fb68a7e01b19,/p/0/53d96e5fc20945c3,2,200,446395,295.275,1588.279,281056
1787797391096,e5a7d5e1-c2aa-1381-882d-288c9f7a5a51,/p/3/945bab1ed75af2d2,1,200,23891,67.692,108.177,220851
1787797391077,a6e4192b-6dce-2941-3a81-b2236c12861c,/p/0/bb3056da0090e0ab,1,200,49096,75.705,182.280,269344
1787797390631,8393b772-4912-94fe-b478-93b5effa24cb,/?crawl=28,0,200,205721,50.521,632.746,325124
1787797391264,8393b772-4912-94fe-b478-93b5effa24cb,/p/0/4e9aaa37952bd358,1,200,16496,40.434,85.460,193025
1787797380631,c475b5fc-e008-706b-ac3f-2e783ad28c42,/?crawl=8,0,200,4171668,42.213,10790.449,386607
1787797384631,c161c8a9-3535-8b6e-e1b5-d867ff5e7cf6,/?crawl=16,0,200,2891801,35.426,6810.463,424612
1787797390867,efae07d3-6174-d5cc-334b-da855350efd6,/p/3/27c6007c6bf5e8e5,1,200,215708,30.971,679.334,317529
1787797380631,98156463-acbb-838a-4995-b01d2e8bc10e,/?crawl=9,0,200,3087221,51.386,10942.542,282130
1787797389271,217e1954-c0c2-0697-baaf-354547aa5a45,/p/8/dd88a71d396cda51,8,200,507350,63.447,2371.270,213957
1787797391573,98156463-acbb-838a-4995-b01d2e8bc10e,/p/8/26306f2703893d60,1,200,29167,44.407,115.650,252201
1787797391009,5e499411-6aa2-8415-9b43-9488b7817873,/p/1/222d9b38d4412eeb,1,200,170031,67.856,744.981,228235
1787797391546,efae07d3-6174-d5cc-334b-da855350efd6,/p/2/b6ce95bc2e0f99eb,2,200,26446,103.986,233.122,113443
1787797391155,a056b4d1-a94d-5775-ad57-fb68a7e01b19,/p/5/fafbed49beca1dc1,3,200,267983,331.320,642.975,416786
1787797391631,df17e0ba-5540-8e69-2829-bdb4fa71e5e0,/?crawl=30,0,200,92877,33.357,215.277,431429
1787797391546,efae07d3-6174-d5cc-334b-da855350efd6,/p/0/b6ce94bc2e0f9838,2,200,55589,94.077,372.746,149134
1787797389631,c3d3123c-e745-d4c6-2ad1-c55eb00b6074,/?crawl=25,0,200,488471,68.084,2333.552,209325
1787797391441,c161c8a9-3535-8b6e-e1b5-d867ff5e7cf6,/p/0/341440cbb47f9e4,1,200,49491,34.811,530.640,93267
1787797391631,b3404c61-998b-e65c-4b2c-70afbe4a9a7e,/?crawl=32,0,200,262905,27.105,477.034,551125
1787797389701,57a3b147-4cda-ee57-1f5e-54a9b89469de,/p/2/11b5dc939e802292,5,200,340651,105.852,2409.618,141371
1787797391441,c161c8a9-3535-8b6e-e1b5-d867ff5e7cf6,/p/0/341460cbb47fd4a,1,200,102057,103.420,701.628,145457
1787797391631,7ee80d9a-c383-931c-d5d1-03cf58c4cdb6,/?crawl=31,0,200,235043,35.359,544.879,431368
1787797391096,e5a7d5e1-c2aa-1381-882d-288c9f7a5a51,/p/0/945ba91ed75aef6c,1,200,193816,47.815,1116.065,173660
1787797391264,8393b772-4912-94fe-b478-93b5effa24cb,/p/0/4e9aad37952bd871,1,200,191235,85.525,1044.513,183085
1787797389887,57a3b147-4cda-ee57-1f5e-54a9b89469de,/p/0/11b5da939e801f2c,5,200,330378,99.805,2662.187,124100
1787797391754,5e499411-6aa2-8415-9b43-9488b7817873,/p/0/4208e7a305b027a8,2,200,99552,112.320,795.510,125142
1787797391264,8393b772-4912-94fe-b478-93b5effa24cb,/p/0/4e9aab37952bd50b,1,200,238677,254.565,1344.524,177518
1787797391204,e5a7d5e1-c2aa-1381-882d-288c9f7a5a51,/p/0/4c630976b814c701,2,200,256945,129.560,1430.668,179598
1787797391798,a056b4d1-a94d-5775-ad57-fb68a7e01b19,/p/0/c5ebe34c09790dd2,4,200,216875,347.673,853.062,254231
1787797392176,7ee80d9a-c383-931c-d5d1-03cf58c4cdb6,/p/0/2e0d32a5019ef4d7,1,200,117354,33.184,507.465,231255
1787797385470,a8b2b5fb-0a9c-cb0f-869a-18420532160a,/p/4/20f094de914c836d,2,200,515811,1812.497,7264.389,71005
1787797388454,862fdc7c-098a-bdbf-627e-039a14917bb0,/p/0/fc2e4b5b309ebd5,2,200,2615547,95.803,4389.703,595837
1787797391919,efae07d3-6174-d5cc-334b-da855350efd6,/p/0/db88e8135778b555,3,200,165981,97.533,1034.061,160514
1787797391205,e5a7d5e1-c2aa-1381-882d-288c9f7a5a51,/p/0/4c630676b814c1e8,2,200,295440,99.705,1834.556,161042
1787797391546,efae07d3-6174-d5cc-334b-da855350efd6,/p/0/b6ce97bc2e0f9d51,2,200,201319,103.983,1662.608,121086
1787797389111,d2fa5913-858b-28a7-5d8f-902dad879851,/p/1/da1cab06198a1099,1,200,415376,45.444,4130.950,100552
1787797391573,98156463-acbb-838a-4995-b01d2e8bc10e,/p/0/2630702703893f13,1,200,140125,115.686,1712.766,81812
1787797391643,217e1954-c0c2-0697-baaf-354547aa5a45,/p/7/40c418a2faae53e9,9,200,444309,71.526,1653.115,268771
1787797392108,b3404c61-998b-e65c-4b2c-70afbe4a9a7e,/p/0/73ce358c43ce17b7,1,200,264404,27.755,1301.231,203195
1787797389701,57a3b147-4cda-ee57-1f5e-54a9b89469de,/p/0/11b5dd939e802445,5,200,478423,88.823,3783.116,126463
1787797391754,5e499411-6aa2-8415-9b43-9488b7817873,/p/0/4208e8a305b0295b,2,200,292395,122.431,1740.675,167978
1787797391964,c3d3123c-e745-d4c6-2ad1-c55eb00b6074,/p/0/6d870263ae250a12,1,200,381714,205.840,1593.412,239558
1787797391964,c3d3123c-e745-d4c6-2ad1-c55eb00b6074,/p/3/6d870063ae2506ac,1,200,461535,376.803,1594.703,289417
1787797391846,df17e0ba-5540-8e69-2829-bdb4fa71e5e0,/p/0/9aa2e0476d0403dd,1,200,370622,31.120,2040.767,181609
1787797393559,c3d3123c-e745-d4c6-2ad1-c55eb00b6074,/p/0/43c8a5c1bdc56d06,2,200,197387,349.863,356.676,553408
1787797393242,d2fa5913-858b-28a7-5d8f-902dad879851,/p/0/b1044e9a6eb49b0c,2,200,26205,249.581,852.256,30748
1787797391009,5e499411-6aa2-8415-9b43-9488b7817873,/p/0/222d9d38d4413251,1,200,450284,67.967,3108.385,144861
1787797391779,efae07d3-6174-d5cc-334b-da855350efd6,/p/0/db88e5135778b03c,3,200,341366,107.837,2448.741,139405
1787797393631,0b1b1fb7-fdd9-cd3d-b3dc-21049d39a98d,/?crawl=33,0,200,255266,35.972,607.873,419933
1787797392734,a8b2b5fb-0a9c-cb0f-869a-18420532160a,/p/0/4b0247d3f869b9f6,3,200,45477,288.823,1532.437,29676
1787797392734,a8b2b5fb-0a9c-cb0f-869a-18420532160a,/p/3/4b0245d3f869b690,3,200,102932,288.549,1676.086,61412
1787797391846,df17e0ba-5540-8e69-2829-bdb4fa71e5e0,/p/0/9aa2dd476d03fec4,1,200,505235,31.150,2710.400,186406
1787797392176,7ee80d9a-c383-931c-d5d1-03cf58c4cdb6,/p/3/2e0d34a5019ef83d,1,200,508338,179.121,2542.076,199970
1787797391421,c475b5fc-e008-706b-ac3f-2e783ad28c42,/p/3/b99ac48498243373,1,200,159380,289.387,3365.768,47353
1787797389929,e14090b3-7dfb-bbac-d72c-a25623c987fe,/p/0/74c278b4d458f5d4,2,200,462846,168.038,5023.392,92138
1787797394239,0b1b1fb7-fdd9-cd3d-b3dc-21049d39a98d,/p/0/73888e9d8690a64,1,200,120799,172.475,767.089,157477
1787797394239,0b1b1fb7-fdd9-cd3d-b3dc-21049d39a98d,/p/0/7388be9d8690f7d,1,200,91884,172.450,850.026,108095
1787797390654,418530c3-e63b-5a60-d864-171d3888496b,/p/0/f157c142c00025,1,200,486647,216.952,4683.759,103901
1787797394718,7ee80d9a-c383-931c-d5d1-03cf58c4cdb6,/p/0/86959bd167434bef,2,200,101065,164.702,978.143,103323
1787797386635,217e1954-c0c2-0697-baaf-354547aa5a45,/p/0/9cbd79e38e24a550,5,200,2482668,63.674,9120.508,272207
1787797391573,98156463-acbb-838a-4995-b01d2e8bc10e,/p/0/26307127038940c6,1,200,298175,238.886,4350.427,68539
1787797394631,a19f7f98-5ed1-178b-e963-8e4117aa45fa,/?crawl=34,0,200,384071,65.062,1509.055,254511
1787797392108,b3404c61-998b-e65c-4b2c-70afbe4a9a7e,/p/8/73ce348c43ce1604,1,200,4190552,27.711,4268.391,981764
1787797393559,c3d3123c-e745-d4c6-2ad1-c55eb00b6074,/p/2/43c8a3c1bdc569a0,2,200,3074710,350.892,2848.992,1079227
1787797395631,02225034-1495-e3cf-b847-c2b1dc9287fb,/?crawl=37,0,200,238249,50.217,809.316,294383
1787797391964,c3d3123c-e745-d4c6-2ad1-c55eb00b6074,/p/0/6d870163ae25085f,1,200,3759503,69.286,4508.227,833921
1787797393559,c3d3123c-e745-d4c6-2ad1-c55eb00b6074,/p/0/43c8a4c1bdc56b53,2,200,2296655,350.072,2913.732,788218
1787797391689,98156463-acbb-838a-4995-b01d2e8bc10e,/p/0/7520d7def0b30a1b,2,200,366993,264.510,4795.295,76532
1787797391421,c475b5fc-e008-706b-ac3f-2e783ad28c42,/p/0/b99ac384982431c0,1,200,356115,142.492,5115.682,69612
1787797396408,c3d3123c-e745-d4c6-2ad1-c55eb00b6074,/p/0/d88c644ef78b973f,3,200,77265,64.630,143.806,537287
1787797396408,c3d3123c-e745-d4c6-2ad1-c55eb00b6074,/p/0/d88c654ef78b98f2,3,200,333214,64.817,202.302,1647114
1787797396408,c3d3123c-e745-d4c6-2ad1-c55eb00b6074,/p/1/d88c634ef78b958c,3,200,271085,64.625,232.979,1163562
1787797396641,c3d3123c-e745-d4c6-2ad1-c55eb00b6074,/p/0/3c9b8cd088c62f7a,4,200,22380,2.061,4.558,4910034
1787797395631,fab9cd95-890b-e7db-7687-e324d45d5151,/?crawl=36,0,200,391429,43.721,1087.559,359915
1787797383768,878ce734-4f6d-dfdc-5416-cb0f718bf5fe,/p/0/6fd6f2af26ad0a9d,1,200,2423989,61.877,12989.019,186618
1787797394787,c475b5fc-e008-706b-ac3f-2e783ad28c42,/p/2/585e43e98e339482,2,200,128971,299.088,2008.982,64197
1787797394718,7ee80d9a-c383-931c-d5d1-03cf58c4cdb6,/p/2/86959dd167434f55,2,200,212105,197.892,2110.134,100517
1787797396631,a84ac208-99bf-0681-2570-915069b3f4f0,/?crawl=38,0,200,303200,15.864,258.267,1173979
1787797393242,d2fa5913-858b-28a7-5d8f-902dad879851,/p/0/b1044f9a6eb49cbf,2,200,326896,226.365,3663.732,89225
1787797393484,57a3b147-4cda-ee57-1f5e-54a9b89469de,/p/0/639abfa11d578ddd,6,200,437412,118.259,3431.627,127465
1787797396641,c3d3123c-e745-d4c6-2ad1-c55eb00b6074,/p/0/3c9b8ad088c62c14,4,200,219547,4.390,318.266,689821
1787797396641,c3d3123c-e745-d4c6-2ad1-c55eb00b6074,/p/0/3c9b8bd088c62dc7,4,200,389450,4.444,319.113,1220415
1787797396889,a84ac208-99bf-0681-2570-915069b3f4f0,/p/0/ff50355ac82c5345,1,200,39424,41.952,157.935,249621
1787797396828,7ee80d9a-c383-931c-d5d1-03cf58c4cdb6,/p/0/6612c5c9e56b2d9b,3,200,119859,43.106,340.206,352313
1787797396889,a84ac208-99bf-0681-2570-915069b3f4f0,/p/0/ff50325ac82c4e2c,1,200,170340,15.164,323.114,527183
1787797396376,b3404c61-998b-e65c-4b2c-70afbe4a9a7e,/p/7/e8bb95f679865054,2,200,52373,892.201,900.336,58171
1787797396718,fab9cd95-890b-e7db-7687-e324d45d5151,/p/1/2624df15f1623db8,1,200,88910,38.142,670.478,132607
1787797394410,a8b2b5fb-0a9c-cb0f-869a-18420532160a,/p/0/70f8ba4b34f2923e,4,200,130840,372.009,3012.629,43431
1787797394718,7ee80d9a-c383-931c-d5d1-03cf58c4cdb6,/p/0/86959cd167434da2,2,200,332027,180.765,2754.490,120540
1787797396718,fab9cd95-890b-e7db-7687-e324d45d5151,/p/0/2624e015f1623f6b,1,200,108882,57.488,790.991,137653
1787797392108,b3404c61-998b-e65c-4b2c-70afbe4a9a7e,/p/0/73ce368c43ce196a,1,200,5989647,27.732,5487.626,1091482
1787797397389,fab9cd95-890b-e7db-7687-e324d45d5151,/p/0/dd6bad5ac5ee9b2,2,200,5425,201.024,220.290,24627
1787797394787,c475b5fc-e008-706b-ac3f-2e783ad28c42,/p/0/585e44e98e339635,2,200,223513,279.369,2922.448,76481
1787797376373,160edf7b-27b2-08e1-9481-79abb2597327,/p/0/a296c6e78f67bfbd,1,200,2497528,55.720,21703.756,115074
1787797391077,a6e4192b-6dce-2941-3a81-b2236c12861c,/p/0/bb3055da0090def8,1,200,3991961,13.870,7302.816,546633
1787797397277,b3404c61-998b-e65c-4b2c-70afbe4a9a7e,/p/6/428a651642596adc,3,200,50135,363.577,1358.876,36894
1787797396828,7ee80d9a-c383-931c-d5d1-03cf58c4cdb6,/p/0/6612c6c9e56b2f4e,3,200,349504,169.291,2016.213,173347
1787797391846,df17e0ba-5540-8e69-2829-bdb4fa71e5e0,/p/0/9aa2df476d04022a,1,200,2473944,153.392,7046.910,351068
1787797398631,daeb5238-77c6-dbfb-3639-d2dca1097e72,/?crawl=39,0,200,354254,19.469,333.387,1062591
1787797394410,a8b2b5fb-0a9c-cb0f-869a-18420532160a,/p/2/70f8bb4b34f293f1,4,200,272077,320.094,4610.785,59009
1787797396440,02225034-1495-e3cf-b847-c2b1dc9287fb,/p/0/b98f337385fd3218,1,200,307914,70.649,2659.878,115762
1787797388741,217e1954-c0c2-0697-baaf-354547aa5a45,/p/0/a27589c63b56c0a5,7,200,2434864,72.446,10399.190,234140
1787797385205,b96efb17-8f22-c0c4-3f5a-a16c633c9583,/p/0/c96b6fa2b89da87d,1,200,3156772,55.101,14038.179,224870
1787797397389,fab9cd95-890b-e7db-7687-e324d45d5151,/p/0/dd6bbd5ac5eeb65,2,200,235829,220.164,2100.290,112284
1787797396796,c475b5fc-e008-706b-ac3f-2e783ad28c42,/p/0/3198e62e510c0f11,3,200,155170,274.324,2703.139,57404
1787797396828,7ee80d9a-c383-931c-d5d1-03cf58c4cdb6,/p/1/6612c4c9e56b2be8,3,200,398577,169.222,2739.046,145517
1787797398964,daeb5238-77c6-dbfb-3639-d2dca1097e72,/p/1/92ba89b85cc747a5,1,200,414665,19.033,684.557,605742
1787797396718,fab9cd95-890b-e7db-7687-e324d45d5151,/p/0/2624e115f162411e,1,200,357020,115.523,2972.861,120093
1787797391077,a6e4192b-6dce-2941-3a81-b2236c12861c,/p/0/bb3057da0090e25e,1,200,5425405,75.774,8658.844,626574
1787797396140,a19f7f98-5ed1-178b-e963-8e4117aa45fa,/p/1/4cf989d11a9829de,1,200,351798,286.199,3781.391,93034
1787797391441,c161c8a9-3535-8b6e-e1b5-d867ff5e7cf6,/p/0/341470cbb47fefd,1,200,3561873,51.873,8777.478,405797
1787797397389,fab9cd95-890b-e7db-7687-e324d45d5151,/p/0/dd6b9d5ac5ee7ff,2,200,487923,220.346,2871.059,169945
1787797399021,a8b2b5fb-0a9c-cb0f-869a-18420532160a,/p/1/a5b3febd08d8e869,5,200,102985,350.088,1360.810,75679
1787797399649,daeb5238-77c6-dbfb-3639-d2dca1097e72,/p/0/1491f103d711b369,2,200,147680,118.607,920.276,160474
1787797396796,c475b5fc-e008-706b-ac3f-2e783ad28c42,/p/1/3198e52e510c0d5e,3,200,442056,215.369,4168.308,106052
1787797394239,0b1b1fb7-fdd9-cd3d-b3dc-21049d39a98d,/p/0/73889e9d8690c17,1,200,2691641,34.593,6765.491,397849
1787797398964,daeb5238-77c6-dbfb-3639-d2dca1097e72,/p/0/92ba88b85cc745f2,1,200,448633,41.651,2045.116,219368
1787797392734,a8b2b5fb-0a9c-cb0f-869a-18420532160a,/p/0/4b0246d3f869b843,3,200,487037,310.439,8322.083,58523
1787797399649,daeb5238-77c6-dbfb-3639-d2dca1097e72,/p/0/1491f003d711b1b6,2,200,330220,88.531,1412.400,233801
1787797398636,b3404c61-998b-e65c-4b2c-70afbe4a9a7e,/p/5/333452e8fff95787,4,200,140248,1767.083,2438.874,57505
1787797399649,daeb5238-77c6-dbfb-3639-d2dca1097e72,/p/0/1491ef03d711b003,2,200,412593,149.174,1435.152,287491
1787797396889,a84ac208-99bf-0681-2570-915069b3f4f0,/p/2/ff50345ac82c5192,1,200,4850014,62.231,4285.695,1131675
1787797399567,7ee80d9a-c383-931c-d5d1-03cf58c4cdb6,/p/0/b56e9f02fcf5c53b,4,200,239255,299.952,1900.497,125891
1787797399921,a19f7f98-5ed1-178b-e963-8e4117aa45fa,/p/0/a8d06d0699059f72,2,200,72141,315.516,1671.089,43170
1787797401175,a84ac208-99bf-0681-2570-915069b3f4f0,/p/0/b5205236b84a9dab,2,200,163370,12.892,528.164,309317
1787797400965,c475b5fc-e008-706b-ac3f-2e783ad28c42,/p/0/8edf38f0eaaedb53,4,200,54940,218.152,790.721,69481
1787797398636,b3404c61-998b-e65c-4b2c-70afbe4a9a7e,/p/0/333451e8fff955d4,4,200,107267,1768.705,3145.350,34103
1787797401175,a84ac208-99bf-0681-2570-915069b3f4f0,/p/0/b5205336b84a9f5e,2,200,313912,12.842,668.263,469743
1787797401175,a84ac208-99bf-0681-2570-915069b3f4f0,/p/1/b5205436b84aa111,2,200,480826,65.418,816.887,588608
1787797401631,1d37a3af-d1a0-f2c8-e975-9a1d823fd617,/?crawl=42,0,200,75281,68.869,368.310,204396
1787797396140,a19f7f98-5ed1-178b-e963-8e4117aa45fa,/p/0/4cf987d11a982678,1,200,426353,314.140,6106.687,69817
1787797401992,a84ac208-99bf-0681-2570-915069b3f4f0,/p/0/ed57ce2538a237e9,3,200,71321,56.070,267.378,266743
1787797401992,a84ac208-99bf-0681-2570-915069b3f4f0,/p/0/ed57cc2538a23483,3,200,230858,15.053,413.496,558308
1787797401992,a84ac208-99bf-0681-2570-915069b3f4f0,/p/0/ed57cd2538a23636,3,200,435874,42.571,628.011,694054
1787797390867,efae07d3-6174-d5cc-334b-da855350efd6,/p/0/27c5ff7c6bf5e732,1,200,2862138,97.489,12012.444,238264
1787797390867,efae07d3-6174-d5cc-334b-da855350efd6,/p/0/27c5fe7c6bf5e57f,1,200,3035599,20.316,12376.052,245280
1787797401781,b3404c61-998b-e65c-4b2c-70afbe4a9a7e,/p/4/12778510bd2c6db4,5,200,139103,170.965,1485.324,93652
1787797402631,59b14c7f-ebce-4660-7fe8-bd40c809d011,/?crawl=46,0,200,427992,35.640,980.517,436496
1787797391096,e5a7d5e1-c2aa-1381-882d-288c9f7a5a51,/p/0/945bac1ed75af485,1,200,4616277,108.125,12691.987,363716
1787797403611,59b14c7f-ebce-4660-7fe8-bd40c809d011,/p/0/957eecbb54952339,1,200,39249,31.936,306.555,128032
1787797391689,98156463-acbb-838a-4995-b01d2e8bc10e,/p/7/7520d9def0b30d81,2,200,5233431,359.856,12233.616,427791
1787797403611,59b14c7f-ebce-4660-7fe8-bd40c809d011,/p/6/957eeabb54951fd3,1,200,42674,81.007,323.560,131889
1787797401999,1d37a3af-d1a0-f2c8-e975-9a1d823fd617,/p/0/e3283f31a700f66c,1,200,103566,304.781,1986.076,52146
1787797373631,1e4cbd2e-35c6-9a6c-646a-44d298f37d63,/?crawl=2,0,0,180207,42.028,30413.770,5925
1787797403611,59b14c7f-ebce-4660-7fe8-bd40c809d011,/p/0/957ee9bb54951e20,1,200,120941,48.432,469.900,257376
1787797391689,98156463-acbb-838a-4995-b01d2e8bc10e,/p/0/7520d8def0b30bce,2,200,5659787,241.199,12560.990,450584
1787797400965,c475b5fc-e008-706b-ac3f-2e783ad28c42,/p/0/8edf39f0eaaedd06,4,200,220486,256.647,3294.552,66924
1787797386635,217e1954-c0c2-0697-baaf-354547aa5a45,/p/0/9cbd7ce38e24aa69,5,200,4610061,58.589,17639.587,261347
1787797401075,b3404c61-998b-e65c-4b2c-70afbe4a9a7e,/p/0/333454e8fff95aed,4,200,287441,142.221,3290.399,87358
1787797402631,c2af1c94-d682-0902-5b2d-c9714f83392c,/?crawl=45,0,200,492227,52.523,1775.106,277294
1787797385631,9ab40283-f209-5116-d31d-55e6dfb10446,/?crawl=17,0,200,4161989,66.138,18937.545,219774
1787797403631,131b657c-6e34-d433-520a-b2182da98158,/?crawl=47,0,200,392667,39.684,994.040,395021
1787797401999,1d37a3af-d1a0-f2c8-e975-9a1d823fd617,/p/2/e3284031a700f81f,1,200,287888,271.493,2714.133,106070
1787797404631,2534398d-010f-4e91-88bf-baf4d6c8706b,/?crawl=48,0,200,287228,14.154,243.426,1179940
1787797403923,98156463-acbb-838a-4995-b01d2e8bc10e,/p/0/d64d4351afd1ed62,3,200,467811,327.830,953.235,490761
1787797404875,2534398d-010f-4e91-88bf-baf4d6c8706b,/p/0/a54f93d9750e9177,1,200,19668,14.704,28.655,686372
1787797401631,5c91e877-9f60-5c6b-1af8-0f7ee24cde0f,/?crawl=44,0,200,391373,136.564,3356.437,116604
1787797404875,2534398d-010f-4e91-88bf-baf4d6c8706b,/p/3/a54f95d9750e94dd,1,200,48973,14.575,152.171,321830
1787797405027,2534398d-010f-4e91-88bf-baf4d6c8706b,/p/0/67ce6c713c45cac0,2,200,27346,99.938,187.274,146021
1787797403266,b3404c61-998b-e65c-4b2c-70afbe4a9a7e,/p/0/12778610bd2c6f67,5,200,224048,126.248,1956.056,114541
1787797394631,a3d617d2-e4f1-dded-1399-827196027c15,/?crawl=35,0,200,5610899,34.671,10635.735,527552
1787797404568,9ab40283-f209-5116-d31d-55e6dfb10446,/p/0/96ab996a4fe2eff7,1,200,53241,63.830,708.836,75111
1787797404274,217e1954-c0c2-0697-baaf-354547aa5a45,/p/0/c7c3a2c14c6911d7,10,200,297636,81.903,1092.343,272475
1787797403935,59b14c7f-ebce-4660-7fe8-bd40c809d011,/p/5/161cf55307eaab1,2,200,242492,162.926,1444.057,167924
1787797398964,daeb5238-77c6-dbfb-3639-d2dca1097e72,/p/0/92ba87b85cc7443f,1,200,5450087,13.696,6450.886,844859
1787797391205,e5a7d5e1-c2aa-1381-882d-288c9f7a5a51,/p/2/4c630776b814c39b,2,200,5926074,129.561,14261.724,415523
1787797405027,2534398d-010f-4e91-88bf-baf4d6c8706b,/p/2/67ce6e713c45ce26,2,200,113958,113.709,442.517,257522
1787797399921,a19f7f98-5ed1-178b-e963-8e4117aa45fa,/p/0/a8d06e069905a125,2,200,409885,399.388,5583.948,73404
1787797400965,c475b5fc-e008-706b-ac3f-2e783ad28c42,/p/0/8edf37f0eaaed9a0,4,200,404252,198.898,4638.174,87158
1787797405470,2534398d-010f-4e91-88bf-baf4d6c8706b,/p/0/af55a2c9458b6765,3,200,15619,78.994,147.746,105715
1787797391643,217e1954-c0c2-0697-baaf-354547aa5a45,/p/0/40c417a2faae5236,9,200,3252783,66.154,14052.541,231473
1787797385334,558e27b6-befe-b208-ddb1-bf55a81229d0,/p/0/360118452402af04,1,200,4379765,31.427,20370.328,215007
1787797391779,efae07d3-6174-d5cc-334b-da855350efd6,/p/1/db88e6135778b1ef,3,200,4647310,97.814,13976.700,332504
1787797377640,160edf7b-27b2-08e1-9481-79abb2597327,/p/0/367a392b33a41ec,2,200,4121404,275.806,28124.680,146540
1787797403923,98156463-acbb-838a-4995-b01d2e8bc10e,/p/0/d64d4251afd1ebaf,3,200,2304868,328.187,1850.617,1245459
1787797376146,f7c998b3-5110-ead8-1c5b-78722c3cdddc,/p/0/a4560de9fcdfb063,3,200,3609341,172.076,29714.806,121466
1787797404568,9ab40283-f209-5116-d31d-55e6dfb10446,/p/5/96ab9b6a4fe2f35d,1,200,114911,63.701,1350.481,85089
1787797405631,8340325b-ab03-261d-0abc-92b2283a897e,/?crawl=51,0,200,422391,13.042,326.041,1295515
1787797404625,131b657c-6e34-d433-520a-b2182da98158,/p/1/214955dbffa29c0,1,200,239991,33.913,1420.932,168897
1787797403923,98156463-acbb-838a-4995-b01d2e8bc10e,/p/6/d64d4451afd1ef15,3,200,2855293,327.444,2134.262,1337836
1787797406057,98156463-acbb-838a-4995-b01d2e8bc10e,/p/5/9bd9f7e531bb1dfd,4,200,12040,3.579,3.852,3125903
1787797391754,5e499411-6aa2-8415-9b43-9488b7817873,/p/0/4208e9a305b02b0e,2,200,4253364,112.381,14329.264,296831
1787797404365,b3404c61-998b-e65c-4b2c-70afbe4a9a7e,/p/0/12778710bd2c711a,5,200,232092,152.556,1764.931,131502
1787797405631,3d483c4b-a97f-2835-19ed-8be893e438bd,/?crawl=50,0,200,275582,30.205,579.041,475929
1787797405466,e5a7d5e1-c2aa-1381-882d-288c9f7a5a51,/p/1/eae84cedf2322efc,3,200,191818,2.340,752.555,254889
1787797405466,e5a7d5e1-c2aa-1381-882d-288c9f7a5a51,/p/0/eae84dedf23230af,3,200,300649,2.190,756.284,397535
1787797406210,3d483c4b-a97f-2835-19ed-8be893e438bd,/p/2/3937cd010703091c,1,200,5914,29.571,42.936,137739
1787797404631,aaff7191-9dde-147b-d0ca-aad85d6e9641,/?crawl=49,0,200,446779,54.702,1625.419,274870
1787797406210,3d483c4b-a97f-2835-19ed-8be893e438bd,/p/0/3937cf0107030c82,1,200,10355,42.880,57.582,179830
1787797405470,2534398d-010f-4e91-88bf-baf4d6c8706b,/p/1/af55a0c9458b63ff,3,200,282524,92.483,838.300,337020
1787797391009,5e499411-6aa2-8415-9b43-9488b7817873,/p/0/222d9a38d4412d38,1,200,4915706,21.053,15314.169,320991
1787797405756,efae07d3-6174-d5cc-334b-da855350efd6,/p/0/d4b1679a3bcda65b,4,200,119697,109.397,600.404,199361
1787797406057,98156463-acbb-838a-4995-b01d2e8bc10e,/p/0/9bd9f5e531bb1a97,4,200,422652,4.998,341.428,1237896
1787797406061,98156463-acbb-838a-4995-b01d2e8bc10e,/p/0/2493c712ff7c623e,5,200,323683,324.170,350.294,924031
1787797392176,7ee80d9a-c383-931c-d5d1-03cf58c4cdb6,/p/0/2e0d33a5019ef68a,1,200,2182074,162.637,14344.386,152120
1787797399921,a19f7f98-5ed1-178b-e963-8e4117aa45fa,/p/0/a8d06b0699059c0c,2,200,471312,287.018,6600.614,71404
1787797405756,efae07d3-6174-d5cc-334b-da855350efd6,/p/0/d4b1699a3bcda9c1,4,200,237541,19.096,815.396,291320
1787797406219,e5a7d5e1-c2aa-1381-882d-288c9f7a5a51,/p/0/b9ae719ad5932681,4,200,262249,336.866,392.558,668051
1787797406057,98156463-acbb-838a-4995-b01d2e8bc10e,/p/0/9bd9f6e531bb1c4a,4,200,435193,3.776,690.236,630498
1787797406308,2534398d-010f-4e91-88bf-baf4d6c8706b,/p/0/f78c649a84716b3,4,200,129692,78.128,483.891,268019
1787797406257,aaff7191-9dde-147b-d0ca-aad85d6e9641,/p/0/11e53e7be0739b64,1,200,93039,52.086,558.305,166646
1787797395755,217e1954-c0c2-0697-baaf-354547aa5a45,/p/6/c7c3a4c14c69153d,10,200,2688301,79.988,11100.295,242183
1787797406219,e5a7d5e1-c2aa-1381-882d-288c9f7a5a51,/p/0/b9ae6f9ad593231b,4,200,147365,338.717,706.376,208621
1787797401999,1d37a3af-d1a0-f2c8-e975-9a1d823fd617,/p/0/e3284231a700fb85,1,200,343782,67.110,5054.254,68018
1787797400382,a8b2b5fb-0a9c-cb0f-869a-18420532160a,/p/0/a5b3fcbd08d8e503,5,200,323959,336.917,6678.162,48510
1787797405470,2534398d-010f-4e91-88bf-baf4d6c8706b,/p/0/af559fc9458b624c,3,200,336123,85.173,1624.501,206908
1787797406061,98156463-acbb-838a-4995-b01d2e8bc10e,/p/4/2493c812ff7c63f1,5,200,475641,324.630,1104.292,430720
1787797406308,2534398d-010f-4e91-88bf-baf4d6c8706b,/p/0/f78c849a8471a19,4,200,190903,66.266,967.580,197300
1787797407165,98156463-acbb-838a-4995-b01d2e8bc10e,/p/0/ae3979f166b332f2,6,200,76848,53.062,224.152,342838
1787797406046,131b657c-6e34-d433-520a-b2182da98158,/p/0/6c7b3789ad6f7fca,2,200,78024,246.777,1365.003,57160
1787797404714,1d37a3af-d1a0-f2c8-e975-9a1d823fd617,/p/1/7e756cab51672317,2,200,120660,362.204,2770.199,43556
1787797406253,3d483c4b-a97f-2835-19ed-8be893e438bd,/p/0/f8e7337bd3c7dfa6,2,200,156432,265.956,1300.476,120288
1787797406219,e5a7d5e1-c2aa-1381-882d-288c9f7a5a51,/p/0/b9ae6e9ad5932168,4,200,2354403,338.984,1413.063,1666170
1787797406308,2534398d-010f-4e91-88bf-baf4d6c8706b,/p/0/f78c749a8471866,4,200,364470,71.247,1474.756,247139
1787797401056,a8b2b5fb-0a9c-cb0f-869a-18420532160a,/p/0/2d3799015c72cc65,6,200,299085,289.144,6726.546,44463
1787797406631,dcdb694f-2f6b-cc9f-88f5-b36952ca530e,/?crawl=54,0,200,281736,61.164,1156.548,243601
1787797407787,dcdb694f-2f6b-cc9f-88f5-b36952ca530e,/p/0/eb8e798ab4973436,1,200,49194,58.279,238.921,205901
1787797399021,a8b2b5fb-0a9c-cb0f-869a-18420532160a,/p/0/a5b3fdbd08d8e6b6,5,200,367156,594.648,9024.509,40684
1787797385334,558e27b6-befe-b208-ddb1-bf55a81229d0,/p/8/36011a452402b26a,1,200,6019087,107.781,22851.818,263396
1787797407165,98156463-acbb-838a-4995-b01d2e8bc10e,/p/0/ae3978f166b3313f,6,200,360399,52.946,1185.038,304125
1787797407165,98156463-acbb-838a-4995-b01d2e8bc10e,/p/3/ae3977f166b32f8c,6,200,401493,37.295,1185.343,338715
1787797408186,558e27b6-befe-b208-ddb1-bf55a81229d0,/p/0/afe138b58781e3fb,2,200,52712,30.601,231.997,227210
1787797406210,3d483c4b-a97f-2835-19ed-8be893e438bd,/p/0/3937ce0107030acf,1,200,438905,57.477,2220.581,197653
1787797405222,b3404c61-998b-e65c-4b2c-70afbe4a9a7e,/p/3/3fabbda33b8035d8,6,200,329468,151.912,3217.960,102384
1787797406855,217e1954-c0c2-0697-baaf-354547aa5a45,/p/5/ec55480cf5c46798,11,200,309545,59.112,1612.037,192021
1787797406257,aaff7191-9dde-147b-d0ca-aad85d6e9641,/p/0/11e5417be073a07d,1,200,225805,261.006,2241.607,100734
1787797405919,9ab40283-f209-5116-d31d-55e6dfb10446,/p/4/384d1a320ccd8926,2,200,113297,385.818,2647.047,42801
1787797407787,dcdb694f-2f6b-cc9f-88f5-b36952ca530e,/p/0/eb8e778ab49730d0,1,200,92345,238.900,888.853,103892
1787797406061,98156463-acbb-838a-4995-b01d2e8bc10e,/p/0/2493c612ff7c608b,5,200,3498585,325.555,2622.167,1334234
1787797406253,3d483c4b-a97f-2835-19ed-8be893e438bd,/p/0/f8e7327bd3c7ddf3,2,200,279149,282.113,2431.715,114795
1787797408351,98156463-acbb-838a-4995-b01d2e8bc10e,/p/2/d8b3bb7279a1e9b2,7,200,124474,332.505,335.933,370533
1787797408351,98156463-acbb-838a-4995-b01d2e8bc10e,/p/0/d8b3b97279a1e64c,7,200,104165,332.161,337.680,308473
1787797406631,fa651107-1d49-98c1-ea50-883d2a7c6f4f,/?crawl=53,0,200,371460,81.945,2060.538,180273
1787797386888,57a3b147-4cda-ee57-1f5e-54a9b89469de,/p/0/cc63e22d0092b235,2,200,3371640,99.986,21958.899,153543
1787797408631,a3d882e4-c11e-5774-e891-7258bcf8bf44,/?crawl=57,0,200,109463,37.143,283.028,386757
1787797408186,558e27b6-befe-b208-ddb1-bf55a81229d0,/p/0/afe139b58781e5ae,2,200,144931,91.348,744.096,194775
1787797408468,217e1954-c0c2-0697-baaf-354547aa5a45,/p/4/8a133b61a7c352b0,12,200,111407,93.313,491.349,226737
1787797408914,a3d882e4-c11e-5774-e891-7258bcf8bf44,/p/0/a5cd75a372680fa3,1,200,8933,36.168,53.397,167293
1787797404714,1d37a3af-d1a0-f2c8-e975-9a1d823fd617,/p/0/7e756bab51672164,2,200,254721,328.619,4287.145,59415
1787797406257,aaff7191-9dde-147b-d0ca-aad85d6e9641,/p/12/11e5407be0739eca,1,200,427449,260.989,2747.347,155586
1787797393296,217e1954-c0c2-0697-baaf-354547aa5a45,/p/0/40c416a2faae5083,9,200,3859609,71.976,15744.661,245138
1787797405466,e5a7d5e1-c2aa-1381-882d-288c9f7a5a51,/p/0/eae84eedf2323262,3,200,6179745,2.669,3678.997,1679736
1787797408692,fa651107-1d49-98c1-ea50-883d2a7c6f4f,/p/0/f376cc19c4d3e9a2,1,200,79410,77.844,470.430,168803
1787797405919,9ab40283-f209-5116-d31d-55e6dfb10446,/p/0/384d18320ccd85c0,2,200,194037,354.189,3251.751,59672
1787797409040,217e1954-c0c2-0697-baaf-354547aa5a45,/p/0/8a133d61a7c35616,12,200,33103,71.330,233.454,141797
1787797406130,b3404c61-998b-e65c-4b2c-70afbe4a9a7e,/p/0/3fabbea33b80378b,6,200,290253,125.153,3153.550,92040
1787797392549,57a3b147-4cda-ee57-1f5e-54a9b89469de,/p/0/639abca11d5788c4,6,200,2864372,88.686,16858.537,169906
1787797408186,558e27b6-befe-b208-ddb1-bf55a81229d0,/p/7/afe137b58781e248,2,200,475328,30.577,1425.839,333367
1787797408959,217e1954-c0c2-0697-baaf-354547aa5a45,/p/0/8a133c61a7c35463,12,200,192412,87.339,662.835,290286
1787797403935,59b14c7f-ebce-4660-7fe8-bd40c809d011,/p/0/161cd55307ea74b,2,200,492770,211.232,5705.193,86372
1787797407787,dcdb694f-2f6b-cc9f-88f5-b36952ca530e,/p/0/eb8e788ab4973283,1,200,314056,238.916,1891.116,166069
1787797405379,59b14c7f-ebce-4660-7fe8-bd40c809d011,/p/0/1744b252fa9789df,3,200,411210,177.125,4358.524,94346
1787797398631,f19b46cf-90ab-2283-67cb-57fa37b2600a,/?crawl=40,0,200,3131093,60.364,11120.827,281552
1787797405919,9ab40283-f209-5116-d31d-55e6dfb10446,/p/0/384d1b320ccd8ad9,2,200,215593,354.122,3858.083,55881
1787797408691,fa651107-1d49-98c1-ea50-883d2a7c6f4f,/p/0/f376cb19c4d3e7ef,1,200,79765,392.718,1184.000,67369
1787797405379,59b14c7f-ebce-4660-7fe8-bd40c809d011,/p/4/1744b152fa97882c,3,200,393213,160.761,4502.584,87331
1787797408631,a8764f15-d84a-95bd-6e96-9a76e65d48a3,/?crawl=58,0,200,446901,40.632,1271.719,351415
1787797409631,458a2b01-f02e-bc56-0a17-1834180f3f43,/?crawl=60,0,200,50363,80.547,318.940,157908
1787797408687,98156463-acbb-838a-4995-b01d2e8bc10e,/p/0/3dd099f1b47e0fd9,8,200,324522,652.027,1303.410,248979
1787797409004,aaff7191-9dde-147b-d0ca-aad85d6e9641,/p/0/9bc681cc0b6c9c6f,2,200,166514,52.273,1077.140,154589
1787797407060,a8b2b5fb-0a9c-cb0f-869a-18420532160a,/p/0/2d3798015c72cab2,6,200,156154,254.302,3108.834,50229
1787797401631,4c0e54f7-0d75-b4ad-a428-73ea5eef78ae,/?crawl=43,0,200,4898303,29.168,8587.056,570429
1787797406046,131b657c-6e34-d433-520a-b2182da98158,/p/0/6c7b3589ad6f7c64,2,200,471290,210.816,4202.190,112153
1787797410218,4c0e54f7-0d75-b4ad-a428-73ea5eef78ae,/p/0/4fbdecd412660572,1,200,17237,24.532,49.316,349519
1787797399141,217e1954-c0c2-0697-baaf-354547aa5a45,/p/0/c7c3a3c14c69138a,10,200,2566191,80.186,11132.140,230521
1787797410218,4c0e54f7-0d75-b4ad-a428-73ea5eef78ae,/p/3/4fbdead41266020c,1,200,46155,49.244,126.178,365794
1787797409612,558e27b6-befe-b208-ddb1-bf55a81229d0,/p/6/83062662a11ac6de,3,200,122611,146.369,880.967,139178
1787797405379,59b14c7f-ebce-4660-7fe8-bd40c809d011,/p/0/1744b352fa978b92,3,200,412618,160.818,5121.992,80558
1787797408691,fa651107-1d49-98c1-ea50-883d2a7c6f4f,/p/1/f376cd19c4d3eb55,1,200,209195,549.554,2052.197,101937
1787797409882,59b14c7f-ebce-4660-7fe8-bd40c809d011,/p/0/9b4500733f20114d,4,200,50225,205.992,875.207,57386
1787797388741,217e1954-c0c2-0697-baaf-354547aa5a45,/p/0/a27586c63b56bb8c,7,200,4838962,62.631,22093.016,219027
1787797410344,4c0e54f7-0d75-b4ad-a428-73ea5eef78ae,/p/0/82d4f67db86f79d0,2,200,52601,139.858,506.512,103850
1787797409612,558e27b6-befe-b208-ddb1-bf55a81229d0,/p/0/83062762a11ac891,3,200,149879,237.857,1314.733,114000
1787797410744,fa651107-1d49-98c1-ea50-883d2a7c6f4f,/p/0/582f51e3691b6d45,2,200,29243,78.331,196.209,149040
1787797408914,a3d882e4-c11e-5774-e891-7258bcf8bf44,/p/0/a5cd76a372681156,1,200,417513,53.273,2181.186,191416
1787797408687,98156463-acbb-838a-4995-b01d2e8bc10e,/p/1/3dd098f1b47e0e26,8,200,474327,634.990,2472.117,191871
1787797404714,1d37a3af-d1a0-f2c8-e975-9a1d823fd617,/p/0/7e756eab5167267d,2,200,317935,493.141,6529.191,48694
1787797409612,558e27b6-befe-b208-ddb1-bf55a81229d0,/p/0/83062462a11ac378,3,200,328209,28.479,1808.403,181491
1787797410493,558e27b6-befe-b208-ddb1-bf55a81229d0,/p/5/bfa2886ebfd71d59,4,200,80344,162.981,941.388,85346
1787797410344,4c0e54f7-0d75-b4ad-a428-73ea5eef78ae,/p/0/82d4f97db86f7ee9,2,200,264234,126.686,1310.508,201627
1787797409284,b3404c61-998b-e65c-4b2c-70afbe4a9a7e,/p/2/8c5cef39d6052098,7,200,236087,222.185,2419.848,97563
1787797405027,2534398d-010f-4e91-88bf-baf4d6c8706b,/p/0/67ce6f713c45cfd9,2,200,3300062,70.427,6948.185,474953
1787797409882,59b14c7f-ebce-4660-7fe8-bd40c809d011,/p/0/9b44fd733f200c34,4,200,260633,205.958,2313.315,112666
1787797410344,4c0e54f7-0d75-b4ad-a428-73ea5eef78ae,/p/2/82d4f77db86f7b83,2,200,384876,178.597,1916.551,200817
1787797409004,aaff7191-9dde-147b-d0ca-aad85d6e9641,/p/11/9bc683cc0b6c9fd5,2,200,402073,79.528,3326.602,120866
1787797391155,a056b4d1-a94d-5775-ad57-fb68a7e01b19,/p/0/fafbec49beca1c0e,3,200,4178647,4.572,21192.545,197175
1787797411631,b911bd22-3123-d038-3239-60b57e06a805,/?crawl=62,0,200,411165,29.461,720.930,570326
1787797375602,f7c998b3-5110-ead8-1c5b-78722c3cdddc,/p/0/5fcac709968a6ca4,2,200,4953623,31.151,36867.675,134362
1787797410273,217e1954-c0c2-0697-baaf-354547aa5a45,/p/0/88e2a707509d629c,13,200,474347,86.696,2251.043,210723
1787797410493,558e27b6-befe-b208-ddb1-bf55a81229d0,/p/0/bfa2876ebfd71ba6,4,200,256409,192.990,2186.925,117246
1787797412352,b911bd22-3123-d038-3239-60b57e06a805,/p/0/3cb12d1426ca9657,1,200,94226,88.642,503.225,187244
1787797412631,1b1fb81a-3810-c737-642e-61acab561a22,/?crawl=63,0,200,258357,21.217,326.339,791684
1787797412261,4c0e54f7-0d75-b4ad-a428-73ea5eef78ae,/p/0/86c3bb150f88b10a,3,200,47854,139.951,739.267,64732
1787797412631,42989c18-f183-7e6b-32c5-255afc36f572,/?crawl=64,0,200,127650,45.541,387.003,329842
1787797410744,fa651107-1d49-98c1-ea50-883d2a7c6f4f,/p/0/582f4fe3691b69df,2,200,181188,234.593,2282.857,79369
1787797390654,418530c3-e63b-5a60-d864-171d3888496b,/p/4/f155c142bffcbf,1,200,4739289,185.730,22443.361,211167
1787797412352,b911bd22-3123-d038-3239-60b57e06a805,/p/2/3cb12f1426ca99bd,1,200,164732,75.382,773.019,213102
1787797408440,b3404c61-998b-e65c-4b2c-70afbe4a9a7e,/p/0/3fabbfa33b80393e,6,200,451229,128.626,4802.698,93953
1787797412352,b911bd22-3123-d038-3239-60b57e06a805,/p/0/3cb12e1426ca980a,1,200,261661,25.196,940.528,278207
1787797407783,a8b2b5fb-0a9c-cb0f-869a-18420532160a,/p/0/2d3797015c72c8ff,6,200,376611,262.727,5927.557,63536
1787797412261,4c0e54f7-0d75-b4ad-a428-73ea5eef78ae,/p/0/86c3ba150f88af57,3,200,291650,127.827,1670.363,174603
1787797407484,1d37a3af-d1a0-f2c8-e975-9a1d823fd617,/p/0/fe91fa0580a93306,3,200,329556,361.894,6663.752,49455
1787797410744,fa651107-1d49-98c1-ea50-883d2a7c6f4f,/p/0/582f4ee3691b682c,2,200,413441,234.501,3428.563,120587
1787797404875,2534398d-010f-4e91-88bf-baf4d6c8706b,/p/0/a54f94d9750e932a,1,200,5991231,34.375,9300.131,644209
1787797405756,efae07d3-6174-d5cc-334b-da855350efd6,/p/0/d4b1669a3bcda4a8,4,200,6238163,29.262,8450.654,738187
1787797387901,57a3b147-4cda-ee57-1f5e-54a9b89469de,/p/0/c902243991569df4,4,200,4879335,132.355,26308.192,185468
1787797412261,4c0e54f7-0d75-b4ad-a428-73ea5eef78ae,/p/1/86c3b9150f88ada4,3,200,352017,153.326,1976.474,178104
1787797412957,1b1fb81a-3810-c737-642e-61acab561a22,/p/0/a946d7b6922fa044,1,200,418866,17.261,1286.273,325643
1787797407484,1d37a3af-d1a0-f2c8-e975-9a1d823fd617,/p/0/fe91fb0580a934b9,3,200,474819,395.046,6763.417,70204
1787797407484,1d37a3af-d1a0-f2c8-e975-9a1d823fd617,/p/0/fe91f90580a93153,3,200,499594,361.955,6992.868,71443
1787797411435,558e27b6-befe-b208-ddb1-bf55a81229d0,/p/4/807b2a8f40e3b7b3,5,200,311227,171.076,3177.563,97945
1787797409752,f19b46cf-90ab-2283-67cb-57fa37b2600a,/p/3/9fceaecd036e445,1,200,375127,50.098,4865.235,77104
1787797376146,f7c998b3-5110-ead8-1c5b-78722c3cdddc,/p/0/a4560ee9fcdfb216,3,200,5081485,156.747,38530.820,131881
1787797406855,217e1954-c0c2-0697-baaf-354547aa5a45,/p/0/ec554a0cf5c46afe,11,200,2288955,64.400,7824.148,292550
1787797408566,9ab40283-f209-5116-d31d-55e6dfb10446,/p/0/d999d26d4802a558,3,200,318591,350.696,6187.607,51489
1787797410493,558e27b6-befe-b208-ddb1-bf55a81229d0,/p/0/bfa2866ebfd719f3,4,200,484466,147.504,4341.677,111585
1787797391798,a056b4d1-a94d-5775-ad57-fb68a7e01b19,/p/4/c5ebe14c09790a6c,4,200,2828505,347.869,23167.196,122091
1787797387024,57a3b147-4cda-ee57-1f5e-54a9b89469de,/p/0/569f0833de777d6a,3,200,5502085,124.907,28230.348,194900
1787797409752,f19b46cf-90ab-2283-67cb-57fa37b2600a,/p/0/9fce9ecd036e292,1,200,496013,127.585,5685.196,87246
1787797411159,98156463-acbb-838a-4995-b01d2e8bc10e,/p/0/653d7b39cddf9f22,9,200,43151,3680.262,4321.392,9985
1787797414237,4c0e54f7-0d75-b4ad-a428-73ea5eef78ae,/p/0/9dcca658c7235968,4,200,167779,153.901,1265.953,132532
1787797406253,3d483c4b-a97f-2835-19ed-8be893e438bd,/p/1/f8e7347bd3c7e159,2,200,3692875,163.238,9373.613,393965
1787797413125,b911bd22-3123-d038-3239-60b57e06a805,/p/0/962b97ba28acede9,2,200,490492,153.596,2534.643,193515
1787797406631,3bea3d9f-48cd-f49c-c757-c6700e855e45,/?crawl=52,0,200,4788598,31.983,9108.132,525750
1787797415739,3bea3d9f-48cd-f49c-c757-c6700e855e45,/p/0/600c78bc3038f6f5,1,200,11010,4.372,4.619,2383712
1787797415627,3d483c4b-a97f-2835-19ed-8be893e438bd,/p/0/d08f03cc452eefc3,3,200,17976,86.099,195.627,91889
1787797411434,558e27b6-befe-b208-ddb1-bf55a81229d0,/p/0/807b2c8f40e3bb19,5,200,497563,155.929,4424.849,112447
1787797414631,5bb2dcb3-e65e-13f8-9e97-775375e86d63,/?crawl=67,0,200,393534,47.585,1228.385,320367
1787797399631,458e7d59-ccd1-a2b4-3ae1-c4419237d274,/?crawl=41,0,200,4486386,55.525,16256.100,275982
1787797414612,558e27b6-befe-b208-ddb1-bf55a81229d0,/p/0/f74acfe7fdfcde43,6,200,127741,179.209,1423.301,89750
1787797376146,f7c998b3-5110-ead8-1c5b-78722c3cdddc,/p/0/a4560fe9fcdfb3c9,3,200,5636432,187.616,39913.254,141217
1787797392111,57a3b147-4cda-ee57-1f5e-54a9b89469de,/p/1/639abda11d578a77,6,200,5523843,142.740,24148.735,228743
1787797396140,a19f7f98-5ed1-178b-e963-8e4117aa45fa,/p/0/4cf98ad11a982b91,1,200,3429657,58.209,20158.677,170133
1787797414237,4c0e54f7-0d75-b4ad-a428-73ea5eef78ae,/p/0/9dcca958c7235e81,4,200,280723,129.010,2184.971,128479
1787797413098,418530c3-e63b-5a60-d864-171d3888496b,/p/3/afca6cda02ea0e48,2,200,273249,61.406,3367.659,81139
1787797416260,57a3b147-4cda-ee57-1f5e-54a9b89469de,/p/0/ff7e20b06f308b84,7,200,103395,18.937,420.825,245696
1787797415859,5bb2dcb3-e65e-13f8-9e97-775375e86d63,/p/12/5b9d84403fc3cb5e,1,200,109712,48.293,843.588,130054
1787797415627,3d483c4b-a97f-2835-19ed-8be893e438bd,/p/0/d08f02cc452eee10,3,200,243724,27.587,1139.976,213797
1787797415739,3bea3d9f-48cd-f49c-c757-c6700e855e45,/p/2/600c77bc3038f542,1,200,299513,3.448,1145.951,261366
1787797415739,3bea3d9f-48cd-f49c-c757-c6700e855e45,/p/0/600c75bc3038f1dc,1,200,485425,2.109,1147.278,423110
1787797409631,c42549ee-1a1b-bc68-aaa1-cb2621d8352a,/?crawl=59,0,200,2147932,70.704,7345.714,292406
1787797416631,1c1da836-b2b3-14dc-dca7-b1493bc22ca4,/?crawl=68,0,200,129975,55.862,549.187,236668
1787797414237,4c0e54f7-0d75-b4ad-a428-73ea5eef78ae,/p/0/9dcca858c7235cce,4,200,419340,142.065,2955.636,141878
1787797414612,558e27b6-befe-b208-ddb1-bf55a81229d0,/p/0/f74ad0e7fdfcdff6,6,200,326924,165.132,2597.384,125867
1787797393242,d2fa5913-858b-28a7-5d8f-902dad879851,/p/0/b104519a6eb4a025,2,200,2468662,226.404,23989.884,102904
1787797416260,57a3b147-4cda-ee57-1f5e-54a9b89469de,/p/0/ff7e22b06f308eea,7,200,403258,40.971,976.174,413101
1787797415626,3d483c4b-a97f-2835-19ed-8be893e438bd,/p/0/d08f04cc452ef176,3,200,515002,149.507,1611.766,319527
1787797414617,f19b46cf-90ab-2283-67cb-57fa37b2600a,/p/0/ff41ce6090938c51,2,200,169151,280.432,2696.441,62731
1787797406856,217e1954-c0c2-0697-baaf-354547aa5a45,/p/0/ec55490cf5c4694b,11,200,2945565,75.259,10610.045,277620
1787797409950,458a2b01-f02e-bc56-0a17-1834180f3f43,/p/0/15dc8658fd94b0fd,1,200,507270,142.064,7565.986,67046
1787797416631,62a4cefc-2434-7945-7c04-3ff814c3a24f,/?crawl=69,0,200,452715,44.267,996.186,454448
1787797409274,217e1954-c0c2-0697-baaf-354547aa5a45,/p/3/88e2a907509d6602,13,200,2972168,67.712,8539.736,348040
1787797409950,458a2b01-f02e-bc56-0a17-1834180f3f43,/p/0/15dc8458fd94ad97,1,200,479221,214.960,7885.583,60772
1787797417814,217e1954-c0c2-0697-baaf-354547aa5a45,/p/2/950df7ccedd23347,14,200,11783,70.679,99.827,118034
1787797417627,62a4cefc-2434-7945-7c04-3ff814c3a24f,/p/0/e71f860ec4220a52,1,200,377355,2.927,326.435,1155990
1787797417627,62a4cefc-2434-7945-7c04-3ff814c3a24f,/p/14/e71f840ec42206ec,1,200,334957,319.074,329.332,1017079
1787797417627,62a4cefc-2434-7945-7c04-3ff814c3a24f,/p/0/e71f850ec422089f,1,200,320092,318.831,330.646,968080
1787797414612,558e27b6-befe-b208-ddb1-bf55a81229d0,/p/3/f74acee7fdfcdc90,6,200,493583,151.261,3513.095,140498
1787797411159,98156463-acbb-838a-4995-b01d2e8bc10e,/p/0/653d7c39cddfa0d5,9,200,194021,3680.211,7022.616,27628
1787797416885,3bea3d9f-48cd-f49c-c757-c6700e855e45,/p/0/212b087e53435a86,2,200,174438,178.029,1466.916,118915
1787797416885,3bea3d9f-48cd-f49c-c757-c6700e855e45,/p/0/212b077e534358d3,2,200,197806,195.870,1467.025,134835
1787797417956,62a4cefc-2434-7945-7c04-3ff814c3a24f,/p/13/af70ec7f26d171aa,2,200,101168,115.492,435.422,232345
1787797418631,11a715fc-2eae-fe5d-24be-7f4140cd67fa,/?crawl=71,0,200,22823,54.869,111.550,204599
1787797417631,c3ccb6ab-7a94-eba1-f582-acd04a337457,/?crawl=70,0,200,238956,107.003,1140.477,209523
1787797412331,aaff7191-9dde-147b-d0ca-aad85d6e9641,/p/10/2582fcebae052f1e,3,200,446188,255.236,6458.797,69082
1787797416977,c42549ee-1a1b-bc68-aaa1-cb2621d8352a,/p/0/67f4cc4b4075ae14,1,200,216705,45.960,2292.755,94517
1787797418743,11a715fc-2eae-fe5d-24be-7f4140cd67fa,/p/0/23570b007b80bb9b,1,200,127723,50.530,623.225,204939
1787797411159,98156463-acbb-838a-4995-b01d2e8bc10e,/p/0/653d7a39cddf9d6f,9,200,337663,3680.324,8246.154,40948
1787797396376,b3404c61-998b-e65c-4b2c-70afbe4a9a7e,/p/0/e8bb97f6798653ba,2,200,3469334,900.363,23080.627,150314
1787797415887,458e7d59-ccd1-a2b4-3ae1-c4419237d274,/p/0/7692938f3b9beacc,1,200,385036,153.539,3579.227,107575
1787797417956,62a4cefc-2434-7945-7c04-3ff814c3a24f,/p/0/af70ea7f26d16e44,2,200,385241,119.921,1823.008,211322
1787797414617,f19b46cf-90ab-2283-67cb-57fa37b2600a,/p/2/ff41cd6090938a9e,2,200,235174,280.432,5192.220,45294
1787797417180,1c1da836-b2b3-14dc-dca7-b1493bc22ca4,/p/0/7a89d86c58bcfb4c,1,200,269128,244.365,2685.866,100202
1787797416260,57a3b147-4cda-ee57-1f5e-54a9b89469de,/p/0/ff7e23b06f30909d,7,200,2236899,18.830,3666.249,610133
1787797419633,dd07d31b-a488-2faa-b136-3aa0efe469fc,/?crawl=74,0,200,107506,155.165,293.297,366544
1787797415859,5bb2dcb3-e65e-13f8-9e97-775375e86d63,/p/0/5b9d85403fc3cd11,1,200,254368,142.238,4246.077,59907
1787797415887,458e7d59-ccd1-a2b4-3ae1-c4419237d274,/p/0/7692968f3b9befe5,1,200,463436,52.342,4243.060,109222
1787797408631,5d5a5106-edc4-1d8c-ddf7-cd66bba046fb,/?crawl=56,0,200,3388845,46.582,11609.278,291908
1787797418125,558e27b6-befe-b208-ddb1-bf55a81229d0,/p/0/c5d13c44593d0997,7,200,250677,168.169,2178.735,115056
1787797416465,418530c3-e63b-5a60-d864-171d3888496b,/p/2/655a894f14ee14e9,3,200,151953,372.284,3844.534,39524
1787797418125,558e27b6-befe-b208-ddb1-bf55a81229d0,/p/2/c5d13b44593d07e4,7,200,265419,183.306,2361.176,112410
1787797419809,f19b46cf-90ab-2283-67cb-57fa37b2600a,/p/1/26b0241ba60d6c1e,3,200,22211,321.771,720.906,30810
1787797417180,1c1da836-b2b3-14dc-dca7-b1493bc22ca4,/p/7/7a89d96c58bcfcff,1,200,286417,80.182,3400.514,84228
1787797412957,1b1fb81a-3810-c737-642e-61acab561a22,/p/0/a946dab6922fa55d,1,200,2735180,105.813,7735.769,353576
1787797418743,11a715fc-2eae-fe5d-24be-7f4140cd67fa,/p/0/23570c007b80bd4e,1,200,465753,417.793,2381.804,195546
1787797417914,217e1954-c0c2-0697-baaf-354547aa5a45,/p/1/6b8d46fb523c032b,15,200,503455,102.538,3223.163,156199
1787797412331,aaff7191-9dde-147b-d0ca-aad85d6e9641,/p/0/2582faebae052bb8,3,200,363754,358.574,8870.560,41007
1787797412631,89a12de7-1a83-e323-aa62-af1ab1ea5c69,/?crawl=65,0,200,3115427,41.446,8670.842,359299
1787797420486,558e27b6-befe-b208-ddb1-bf55a81229d0,/p/1/10fa6f766188120f,8,200,56161,151.012,829.701,67688
1787797417814,217e1954-c0c2-0697-baaf-354547aa5a45,/p/0/950df6ccedd23194,14,200,490707,70.688,3698.638,132672
1787797415859,5bb2dcb3-e65e-13f8-9e97-775375e86d63,/p/0/5b9d82403fc3c7f8,1,200,390331,48.353,5674.367,68788
1787797385470,a8b2b5fb-0a9c-cb0f-869a-18420532160a,/p/0/20f092de914c8007,2,200,3581298,1110.823,36064.808,99302
1787797420240,5d5a5106-edc4-1d8c-ddf7-cd66bba046fb,/p/0/12632345ddcd1ea9,1,200,126325,216.288,1388.971,90949
1787797420310,418530c3-e63b-5a60-d864-171d3888496b,/p/0/e95ce520820604d5,4,200,39432,307.578,1329.006,29670
1787797419927,dd07d31b-a488-2faa-b136-3aa0efe469fc,/p/0/dd960b1939519dd4,1,200,241868,33.096,1755.524,137775
1787797419927,dd07d31b-a488-2faa-b136-3aa0efe469fc,/p/0/dd960d193951a13a,1,200,261927,194.562,1818.838,144008
1787797421513,217e1954-c0c2-0697-baaf-354547aa5a45,/p/0/11c81602c4e9b186,16,200,58281,60.640,381.347,152829
1787797416703,5bb2dcb3-e65e-13f8-9e97-775375e86d63,/p/11/6304a0022f3320b3,2,200,398666,339.060,5240.854,76069
1787797419809,f19b46cf-90ab-2283-67cb-57fa37b2600a,/p/0/26b0221ba60d68b8,3,200,108222,352.865,2246.801,48167
1787797420581,1c1da836-b2b3-14dc-dca7-b1493bc22ca4,/p/6/707edc3825d0b93f,2,200,93045,272.855,1526.641,60948
1787797421302,89a12de7-1a83-e323-aa62-af1ab1ea5c69,/p/1/34c8d985168ddf38,1,200,386555,36.488,949.638,407055
1787797416465,418530c3-e63b-5a60-d864-171d3888496b,/p/0/655a874f14ee1183,3,200,185083,405.290,5818.981,31807
1787797418392,62a4cefc-2434-7945-7c04-3ff814c3a24f,/p/0/fd907b89b23bf302,3,200,122491,1820.199,3996.976,30646
1787797413125,b911bd22-3123-d038-3239-60b57e06a805,/p/1/962b96ba28acec36,2,200,2216981,140.179,9279.020,238924
1787797412957,1b1fb81a-3810-c737-642e-61acab561a22,/p/0/a946d9b6922fa3aa,1,200,4626656,17.295,9552.583,484336
1787797422251,89a12de7-1a83-e323-aa62-af1ab1ea5c69,/p/0/588a0915558939b,2,200,113057,35.657,279.348,404718
1787797421894,217e1954-c0c2-0697-baaf-354547aa5a45,/p/0/11c81502c4e9afd3,16,200,121571,59.048,702.579,173035
1787797421137,217e1954-c0c2-0697-baaf-354547aa5a45,/p/0/11c81702c4e9b339,16,200,243643,73.406,1459.535,166932
1787797418392,62a4cefc-2434-7945-7c04-3ff814c3a24f,/p/12/fd907989b23bef9c,3,200,338419,4223.714,4227.795,80046
1787797422404,b911bd22-3123-d038-3239-60b57e06a805,/p/0/e97b799437b0c881,3,200,40376,175.374,313.250,128894
1787797421944,5bb2dcb3-e65e-13f8-9e97-775375e86d63,/p/10/ead8bde828990555,3,200,21944,248.507,781.207,28090
1787797421302,89a12de7-1a83-e323-aa62-af1ab1ea5c69,/p/0/34c8db85168de29e,1,200,288686,38.107,1525.744,189210
1787797421631,771ec465-a200-b118-89d1-9cd3f33d952d,/?crawl=76,0,200,468944,42.972,1436.964,326343
1787797423068,771ec465-a200-b118-89d1-9cd3f33d952d,/p/0/b6c1625e101bb514,1,200,8656,45.129,67.670,127915
1787797422404,b911bd22-3123-d038-3239-60b57e06a805,/p/0/e97b789437b0c6ce,3,200,111796,200.816,787.139,142028
1787797422620,62a4cefc-2434-7945-7c04-3ff814c3a24f,/p/11/f555723d9c9f3953,4,200,30027,202.927,659.451,45533
1787797420310,418530c3-e63b-5a60-d864-171d3888496b,/p/1/e95ce42082060322,4,200,129891,368.681,3344.201,38841
1787797410218,4c0e54f7-0d75-b4ad-a428-73ea5eef78ae,/p/0/4fbdebd4126603bf,1,200,5126978,126.015,13530.073,378932
1787797421316,558e27b6-befe-b208-ddb1-bf55a81229d0,/p/0/e215d3bd6b065446,9,200,123758,584.523,2486.095,49780
1787797421302,89a12de7-1a83-e323-aa62-af1ab1ea5c69,/p/0/34c8da85168de0eb,1,200,279077,95.667,2506.662,111334
1787797407631,3e765856-7636-aec0-bf39-c9ffaa22a050,/?crawl=55,0,200,6094766,40.691,16370.835,372294
1787797399567,7ee80d9a-c383-931c-d5d1-03cf58c4cdb6,/p/0/b56e9e02fcf5c388,4,200,4485613,216.993,24435.107,183572
1787797418125,558e27b6-befe-b208-ddb1-bf55a81229d0,/p/0/c5d13d44593d0b4a,7,200,522909,168.221,5897.266,88670
1787797420631,5a589aab-bb4e-c0b0-6827-cacae890fe99,/?crawl=75,0,200,440430,58.559,3423.328,128655
1787797424002,3e765856-7636-aec0-bf39-c9ffaa22a050,/p/0/7ef8cbe849322530,1,200,27722,37.242,92.892,298432
1787797422251,89a12de7-1a83-e323-aa62-af1ab1ea5c69,/p/0/588a29155589701,2,200,259596,267.591,1866.637,139071
1787797424002,3e765856-7636-aec0-bf39-c9ffaa22a050,/p/3/7ef8cce8493226e3,1,200,15507,92.863,130.767,118585
1787797423631,6c9127e2-f235-a143-26bc-92cba9ff5a44,/?crawl=77,0,200,85984,84.832,538.997,159526
1787797404625,131b657c-6e34-d433-520a-b2182da98158,/p/0/214965dbffa2b73,1,200,2409621,33.841,19560.475,123188
1787797420486,558e27b6-befe-b208-ddb1-bf55a81229d0,/p/0/10fa717661881575,8,200,271547,150.995,3819.022,71104
1787797420486,558e27b6-befe-b208-ddb1-bf55a81229d0,/p/0/10fa6e766188105c,8,200,272558,164.686,3877.688,70289
1787797389111,d2fa5913-858b-28a7-5d8f-902dad879851,/p/0/da1ca906198a0d33,1,200,4014444,271.975,35437.955,113281
1787797424631,0784c774-9f88-c7ee-5938-a3e54b608ff3,/?crawl=79,0,200,26771,24.864,57.967,461834
1787797416885,3bea3d9f-48cd-f49c-c757-c6700e855e45,/p/1/212b097e53435c39,2,200,2936300,113.480,7858.788,373633
1787797424689,0784c774-9f88-c7ee-5938-a3e54b608ff3,/p/0/88046213d6a90e69,1,200,33095,33.141,76.130,434716
1787797424631,fbde3dfa-c31a-bd64-2430-b5ac2238df9e,/?crawl=78,0,200,96713,23.935,151.722,637437
1787797422620,62a4cefc-2434-7945-7c04-3ff814c3a24f,/p/0/f555743d9c9f3cb9,4,200,135096,265.620,2278.244,59298
1787797399567,7ee80d9a-c383-931c-d5d1-03cf58c4cdb6,/p/0/b56ea002fcf5c6ee,4,200,5918619,168.315,25453.374,232528
1787797389929,e14090b3-7dfb-bbac-d72c-a25623c987fe,/p/0/74c27bb4d458faed,2,200,4813405,228.092,35091.611,137167
1787797424689,0784c774-9f88-c7ee-5938-a3e54b608ff3,/p/0/88046013d6a90b03,1,200,133440,76.144,486.128,274496
1787797424054,5a589aab-bb4e-c0b0-6827-cacae890fe99,/p/0/71006176cdec959a,1,200,48401,423.814,1136.419,42591
1787797408914,a3d882e4-c11e-5774-e891-7258bcf8bf44,/p/2/a5cd77a372681309,1,200,6202214,53.341,16281.779,380930
1787797424689,0784c774-9f88-c7ee-5938-a3e54b608ff3,/p/0/88046113d6a90cb6,1,200,199034,22.286,551.928,360616
1787797396440,02225034-1495-e3cf-b847-c2b1dc9287fb,/p/0/b98f367385fd3731,1,200,4106032,46.811,28805.598,142543
1787797424744,3bea3d9f-48cd-f49c-c757-c6700e855e45,/p/0/737ab3036092efab,3,200,104805,36.928,563.153,186104
1787797424002,3e765856-7636-aec0-bf39-c9ffaa22a050,/p/0/7ef8cee849322a49,1,200,186153,130.763,1372.532,135627
1787797424744,3bea3d9f-48cd-f49c-c757-c6700e855e45,/p/0/737ab2036092edf8,3,200,129357,70.730,788.986,163954
1787797421316,558e27b6-befe-b208-ddb1-bf55a81229d0,/p/0/e215d4bd6b0655f9,9,200,346059,584.702,4295.786,80558
1787797424783,fbde3dfa-c31a-bd64-2430-b5ac2238df9e,/p/0/f49a0cb6420e1856,1,200,233890,54.991,955.082,244890
1787797419809,f19b46cf-90ab-2283-67cb-57fa37b2600a,/p/0/26b0251ba60d6dd1,3,200,267078,352.576,5988.181,44601
1787797425196,a3d882e4-c11e-5774-e891-7258bcf8bf44,/p/0/156c04d566ea5d59,2,200,104374,34.911,713.929,146197
1787797423802,558e27b6-befe-b208-ddb1-bf55a81229d0,/p/0/e215d1bd6b0650e0,9,200,335282,190.188,2265.878,147970
1787797424744,3bea3d9f-48cd-f49c-c757-c6700e855e45,/p/0/737ab4036092f15e,3,200,329218,104.789,1356.795,242644
1787797413125,b911bd22-3123-d038-3239-60b57e06a805,/p/0/962b94ba28ace8d0,2,200,3273764,127.352,12995.236,251920
1787797422725,5bb2dcb3-e65e-13f8-9e97-775375e86d63,/p/0/7785d8d15993c740,4,200,186589,228.296,3542.650,52669
1787797414631,78a83871-d5f5-c12b-5835-49edf71fc86e,/?crawl=66,0,200,5666498,31.597,11712.773,483788
1787797420530,f19b46cf-90ab-2283-67cb-57fa37b2600a,/p/0/d1d206103a1f5a4e,4,200,312037,390.898,5854.451,53299
1787797420530,f19b46cf-90ab-2283-67cb-57fa37b2600a,/p/0/d1d207103a1f5c01,4,200,235419,288.136,5878.611,40047
1787797425196,a3d882e4-c11e-5774-e891-7258bcf8bf44,/p/1/156c02d566ea59f3,2,200,226943,69.475,1324.599,171330
1787797424783,fbde3dfa-c31a-bd64-2430-b5ac2238df9e,/p/0/f49a0ab6420e14f0,1,200,450519,23.189,1839.461,244919
1787797422620,62a4cefc-2434-7945-7c04-3ff814c3a24f,/p/0/f555713d9c9f37a0,4,200,247509,202.976,4069.077,60827
1787797426631,a776d2e4-61dd-f4bf-a959-7057990f7aff,/?crawl=82,0,200,116159,37.133,298.384,389293
1787797421639,418530c3-e63b-5a60-d864-171d3888496b,/p/0/e95ce2208205ffbc,4,200,191166,339.271,5358.507,35675
1787797416465,418530c3-e63b-5a60-d864-171d3888496b,/p/0/655a884f14ee1336,3,200,395315,405.255,10596.264,37307
1787797418743,11a715fc-2eae-fe5d-24be-7f4140cd67fa,/p/4/23570d007b80bf01,1,200,3739650,747.002,8662.402,431711
1787797427405,11a715fc-2eae-fe5d-24be-7f4140cd67fa,/p/3/eee7a616d3f119c7,2,200,16140,27.992,56.030,288058
1787797426344,78a83871-d5f5-c12b-5835-49edf71fc86e,/p/0/ef07d79dd45ebe0b,1,200,184973,126.151,1159.364,159547
1787797426520,a3d882e4-c11e-5774-e891-7258bcf8bf44,/p/0/a487ac362a5bb246,3,200,100893,191.058,1082.722,93185
1787797425196,a3d882e4-c11e-5774-e891-7258bcf8bf44,/p/0/156c01d566ea5840,2,200,400203,104.602,2599.246,153969
1787797427405,11a715fc-2eae-fe5d-24be-7f4140cd67fa,/p/0/eee7a516d3f11814,2,200,112443,55.926,502.450,223789
1787797394410,a8b2b5fb-0a9c-cb0f-869a-18420532160a,/p/0/70f8b94b34f2908b,4,200,2875823,372.053,33526.619,85777
1787797422107,1c1da836-b2b3-14dc-dca7-b1493bc22ca4,/p/0/18629df0a7480392,3,200,319233,272.716,5876.624,54323
1787797426520,a3d882e4-c11e-5774-e891-7258bcf8bf44,/p/0/a487aa362a5baee0,3,200,192499,191.033,1675.968,114858
1787797417914,217e1954-c0c2-0697-baaf-354547aa5a45,/p/0/6b8d48fb523c0691,15,200,2958545,85.209,10313.993,286848
1787797426520,a3d882e4-c11e-5774-e891-7258bcf8bf44,/p/0/a487ab362a5bb093,3,200,236531,173.588,1728.227,136863
1787797389111,d2fa5913-858b-28a7-5d8f-902dad879851,/p/0/da1caa06198a0ee6,1,200,5176348,66.670,39201.340,132045
1787797426344,78a83871-d5f5-c12b-5835-49edf71fc86e,/p/3/ef07d99dd45ec171,1,200,377898,126.148,2026.806,186450
1787797403935,59b14c7f-ebce-4660-7fe8-bd40c809d011,/p/0/161ce55307ea8fe,2,200,4457773,211.178,24435.486,182430
1787797427461,11a715fc-2eae-fe5d-24be-7f4140cd67fa,/p/2/f0d072f728383c83,3,200,102117,166.598,971.026,105164
1787797389929,e14090b3-7dfb-bbac-d72c-a25623c987fe,/p/1/74c27ab4d458f93a,2,200,5563224,47.851,38602.824,144114
1787797428370,78a83871-d5f5-c12b-5835-49edf71fc86e,/p/0/87c9c2b7c8030929,2,200,18186,142.406,269.008,67604
1787797427461,11a715fc-2eae-fe5d-24be-7f4140cd67fa,/p/0/f0d071f728383ad0,3,200,176829,138.857,1318.195,134145
1787797391421,c475b5fc-e008-706b-ac3f-2e783ad28c42,/p/0/b99ac684982436d9,1,200,3810898,93.970,37405.399,101881
1787797424054,5a589aab-bb4e-c0b0-6827-cacae890fe99,/p/0/71006076cdec93e7,1,200,332519,467.263,4778.738,69583
1787797425631,bc24846c-aab4-1d78-18c7-e91b24b29742,/?crawl=80,0,200,461409,83.059,3229.823,142859
1787797426631,f9106e87-b7bd-df17-60d1-0a2b093e0b4e,/?crawl=83,0,200,411498,84.706,2305.210,178508
1787797396796,c475b5fc-e008-706b-ac3f-2e783ad28c42,/p/0/3198e32e510c09f8,3,200,3402610,196.021,32149.451,105837
1787797409882,59b14c7f-ebce-4660-7fe8-bd40c809d011,/p/3/9b44ff733f200f9a,4,200,3269686,221.337,19133.878,170885
1787797418789,aaff7191-9dde-147b-d0ca-aad85d6e9641,/p/0/92937b49bebe886c,4,200,280105,5215.918,10375.225,26997
1787797428861,bc24846c-aab4-1d78-18c7-e91b24b29742,/p/0/bcd4b427cf32ca33,1,200,7498,250.977,373.706,20064
1787797426268,5bb2dcb3-e65e-13f8-9e97-775375e86d63,/p/0/7785dbd15993cc59,4,200,153288,263.730,3056.773,50147
1787797420581,1c1da836-b2b3-14dc-dca7-b1493bc22ca4,/p/0/707edb3825d0b78c,2,200,351847,353.794,8754.732,40189
1787797396440,02225034-1495-e3cf-b847-c2b1dc9287fb,/p/2/b98f347385fd33cb,1,200,5481012,46.737,32919.787,166496
1787797409622,217e1954-c0c2-0697-baaf-354547aa5a45,/p/0/88e2aa07509d67b5,13,200,6208157,67.929,19836.124,312972
1787797420581,1c1da836-b2b3-14dc-dca7-b1493bc22ca4,/p/0/707ede3825d0bca5,2,200,387298,272.894,8917.187,43433
1787797429016,59b14c7f-ebce-4660-7fe8-bd40c809d011,/p/0/c0a1dd000e652dac,5,200,105617,31.794,596.492,177064
1787797429631,9b6facf4-1b02-23d8-fb60-de9ed8e411f9,/?crawl=85,0,200,18492,17.839,33.554,551104
1787797418789,aaff7191-9dde-147b-d0ca-aad85d6e9641,/p/9/92937c49bebe8a1f,4,200,250598,5173.362,10878.413,23036
1787797417914,217e1954-c0c2-0697-baaf-354547aa5a45,/p/0/6b8d45fb523c0178,15,200,3670360,73.844,11771.598,311798
1787797422056,f19b46cf-90ab-2283-67cb-57fa37b2600a,/p/0/d1d204103a1f56e8,4,200,515195,252.184,7651.435,67333
1787797428432,11a715fc-2eae-fe5d-24be-7f4140cd67fa,/p/0/663a18b46008a7f1,4,200,178615,167.215,1378.689,129554
1787797391155,a056b4d1-a94d-5775-ad57-fb68a7e01b19,/p/0/fafbeb49beca1a5b,3,200,5587526,4.036,38723.102,144294
1787797426929,a776d2e4-61dd-f4bf-a959-7057990f7aff,/p/0/96000d6ca5fce4d9,1,200,361564,87.597,3098.689,116683
1787797427405,11a715fc-2eae-fe5d-24be-7f4140cd67fa,/p/0/eee7a816d3f11d2d,2,200,309305,111.339,2734.876,113097
1787797429668,aaff7191-9dde-147b-d0ca-aad85d6e9641,/p/8/121e2b856fdb859d,5,200,13565,290.622,480.205,28248
1787797426929,a776d2e4-61dd-f4bf-a959-7057990f7aff,/p/14/96000b6ca5fce173,1,200,520217,105.607,3299.204,157680
1787797424898,62a4cefc-2434-7945-7c04-3ff814c3a24f,/p/0/9d13938c62453b6e,5,200,327441,208.003,5386.267,60792
1787797429016,59b14c7f-ebce-4660-7fe8-bd40c809d011,/p/0/c0a1e0000e6532c5,5,200,309295,94.647,1329.188,232695
1787797428432,11a715fc-2eae-fe5d-24be-7f4140cd67fa,/p/1/663a17b46008a63e,4,200,189202,181.012,1990.150,95069
1787797428532,e14090b3-7dfb-bbac-d72c-a25623c987fe,/p/0/fd5cbd0a76c62289,3,200,226082,52.732,1951.691,115839
1787797429668,aaff7191-9dde-147b-d0ca-aad85d6e9641,/p/0/121e2a856fdb83ea,5,200,28672,345.932,864.508,33166
1787797428532,e14090b3-7dfb-bbac-d72c-a25623c987fe,/p/0/fd5cbb0a76c61f23,3,200,160418,357.019,2003.537,80067
1787797429668,aaff7191-9dde-147b-d0ca-aad85d6e9641,/p/0/121e29856fdb8237,5,200,76523,262.832,942.123,81224
1787797404625,131b657c-6e34-d433-520a-b2182da98158,/p/0/214975dbffa2d26,1,200,3884273,217.943,26042.149,149153
1787797429016,59b14c7f-ebce-4660-7fe8-bd40c809d011,/p/2/c0a1de000e652f5f,5,200,325596,179.188,1651.836,197112
1787797422725,5bb2dcb3-e65e-13f8-9e97-775375e86d63,/p/9/7785d9d15993c8f3,4,200,517632,297.976,8065.977,64175
1787797430668,59b14c7f-ebce-4660-7fe8-bd40c809d011,/p/1/68f20381b14b79a3,6,200,31733,31.926,159.763,198625
1787797429664,9b6facf4-1b02-23d8-fb60-de9ed8e411f9,/p/0/7713b4408d03ac6c,1,200,417262,15.919,1431.076,291572
1787797423279,62a4cefc-2434-7945-7c04-3ff814c3a24f,/p/0/9d13928c624539bb,5,200,511236,207.241,7839.279,65215
1787797430229,a776d2e4-61dd-f4bf-a959-7057990f7aff,/p/0/77220260ea474473,2,200,99654,246.340,906.753,109902
1787797409631,ab520529-6a6e-77a2-b89c-c097883cf706,/?crawl=61,0,200,5774101,54.000,21545.961,267990
1787797430631,ac39224d-dc9e-2189-ae84-9173fba52093,/?crawl=86,0,200,285441,31.697,627.632,454790
1787797394787,c475b5fc-e008-706b-ac3f-2e783ad28c42,/p/0/585e41e98e33911c,2,200,4365645,259.090,36474.797,119689
1787797422107,1c1da836-b2b3-14dc-dca7-b1493bc22ca4,/p/5/18629bf0a748002c,3,200,480072,299.529,9189.734,52240
1787797428532,e14090b3-7dfb-bbac-d72c-a25623c987fe,/p/0/fd5cba0a76c61d70,3,200,418680,252.946,2879.812,145385
1787797417814,217e1954-c0c2-0697-baaf-354547aa5a45,/p/0/950df9ccedd236ad,14,200,5843024,65.232,13678.843,427158
1787797421944,5bb2dcb3-e65e-13f8-9e97-775375e86d63,/p/0/ead8bce8289903a2,3,200,516964,290.956,9551.474,54124
1787797428370,78a83871-d5f5-c12b-5835-49edf71fc86e,/p/2/87c9c0b7c80305c3,2,200,455197,169.864,3153.280,144357
1787797426631,27e17e5b-a7c2-cec0-318f-bc4daa743daa,/?crawl=81,0,200,170945,266.643,4900.110,34886
1787797426998,418530c3-e63b-5a60-d864-171d3888496b,/p/0/c30c2c96b645e071,5,200,287228,405.716,4581.929,62687
1787797422251,89a12de7-1a83-e323-aa62-af1ab1ea5c69,/p/0/588a1915558954e,2,200,5227892,189.853,9359.616,558558
1787797431524,78a83871-d5f5-c12b-5835-49edf71fc86e,/p/1/3ba7b6ba1fc6017a,3,200,30641,167.696,336.926,90943
1787797430229,a776d2e4-61dd-f4bf-a959-7057990f7aff,/p/13/77220160ea4742c0,2,200,160564,210.718,1762.682,91091
1787797423654,418530c3-e63b-5a60-d864-171d3888496b,/p/0/c30c2a96b645dd0b,5,200,306057,434.244,8454.153,36202
1787797431177,ab520529-6a6e-77a2-b89c-c097883cf706,/p/0/82722ffb68f9b937,1,200,95861,76.715,1020.905,93898
1787797431991,a776d2e4-61dd-f4bf-a959-7057990f7aff,/p/0/7c844dd32e0ee22,3,200,9550,194.795,263.731,36211
1787797430422,11a715fc-2eae-fe5d-24be-7f4140cd67fa,/p/0/25d96f3ff20e8ddb,5,200,178432,151.379,2033.086,87764
1787797431631,128f72ea-4b36-e668-6a4f-54d0d60314c9,/?crawl=89,0,200,330820,52.570,1152.816,286967
1787797430791,5bb2dcb3-e65e-13f8-9e97-775375e86d63,/p/0/bec10033032cb317,5,200,63342,255.885,2026.061,31264
1787797418789,aaff7191-9dde-147b-d0ca-aad85d6e9641,/p/0/92937e49bebe8d85,4,200,437707,5334.160,14128.808,30980
1787797431258,ac39224d-dc9e-2189-ae84-9173fba52093,/p/2/e3a960e2f868b9bf,1,200,303460,62.412,1701.538,178344
1787797409752,f19b46cf-90ab-2283-67cb-57fa37b2600a,/p/0/9fce8ecd036e0df,1,200,2130043,152.262,23278.261,91504
1787797431631,be193803-9a2e-d4ca-9e92-f8d98c7770e9,/?crawl=88,0,200,300940,69.289,1417.702,212273
1787797430422,11a715fc-2eae-fe5d-24be-7f4140cd67fa,/p/0/25d96e3ff20e8c28,5,200,281876,165.070,2639.950,106773
1787797422404,b911bd22-3123-d038-3239-60b57e06a805,/p/0/e97b779437b0c51b,3,200,4990516,152.361,10672.255,467616
1787797431496,5bb2dcb3-e65e-13f8-9e97-775375e86d63,/p/0/bec10133032cb4ca,5,200,114527,247.414,2115.036,54149
1787797433631,88dd0793-19b2-1a54-d191-86d90cb40db7,/?crawl=90,0,200,42517,49.632,172.109,247035
1787797432960,ac39224d-dc9e-2189-ae84-9173fba52093,/p/0/f03cf582f0bb6fe1,2,200,86018,169.555,926.056,92886
1787797432960,ac39224d-dc9e-2189-ae84-9173fba52093,/p/0/f03cf282f0bb6ac8,2,200,74847,169.564,942.414,79420
1787797428861,bc24846c-aab4-1d78-18c7-e91b24b29742,/p/0/bcd4b527cf32cbe6,1,200,449799,373.740,5064.333,88817
1787797424783,fbde3dfa-c31a-bd64-2430-b5ac2238df9e,/p/0/f49a0db6420e1a09,1,200,5844117,64.855,9254.517,631488
1787797430668,59b14c7f-ebce-4660-7fe8-bd40c809d011,/p/0/68f20581b14b7d09,6,200,363530,143.666,3434.474,105847
1787797430422,11a715fc-2eae-fe5d-24be-7f4140cd67fa,/p/0/25d9703ff20e8f8e,5,200,476187,137.475,3706.940,128458
1787797431991,a776d2e4-61dd-f4bf-a959-7057990f7aff,/p/0/7c843dd32e0ec6f,3,200,186959,177.272,2222.663,84115
1787797430827,59b14c7f-ebce-4660-7fe8-bd40c809d011,/p/0/5879f81ee13f21af,7,200,299469,192.968,3388.129,88388
1787797429360,02225034-1495-e3cf-b847-c2b1dc9287fb,/p/0/9ae86f6965463343,2,200,486929,48.277,4924.901,98871
1787797431177,ab520529-6a6e-77a2-b89c-c097883cf706,/p/0/82722efb68f9b784,1,200,366137,50.606,3108.917,117770
1787797430229,a776d2e4-61dd-f4bf-a959-7057990f7aff,/p/0/77220360ea474626,2,200,435464,192.922,4090.941,106446
1787797430791,5bb2dcb3-e65e-13f8-9e97-775375e86d63,/p/8/bec0ff33032cb164,5,200,262464,374.259,3577.587,73363
1787797419927,dd07d31b-a488-2faa-b136-3aa0efe469fc,/p/0/dd960e193951a2ed,1,200,6003789,33.000,14610.634,410919
1787797431524,78a83871-d5f5-c12b-5835-49edf71fc86e,/p/0/3ba7b4ba1fc5fe14,3,200,260040,153.234,3104.156,83772
1787797433803,88dd0793-19b2-1a54-d191-86d90cb40db7,/p/0/36e4ea71b883eaa3,1,200,70391,48.283,827.859,85028
1787797431258,ac39224d-dc9e-2189-ae84-9173fba52093,/p/0/e3a962e2f868bd25,1,200,511152,30.103,3488.604,146521
1787797397277,b3404c61-998b-e65c-4b2c-70afbe4a9a7e,/p/0/428a671642596e42,3,200,3559595,339.365,37473.458,94990
1787797411435,558e27b6-befe-b208-ddb1-bf55a81229d0,/p/0/807b298f40e3b600,5,200,6133998,171.063,23424.499,261863
1787797430827,59b14c7f-ebce-4660-7fe8-bd40c809d011,/p/0/5879f91ee13f2362,7,200,372866,209.831,4065.504,91715
1787797416977,c42549ee-1a1b-bc68-aaa1-cb2621d8352a,/p/16/67f4cd4b4075afc7,1,200,2709723,157.584,18013.228,150430
1787797434631,63d6c761-c481-9318-891c-07a2991ae62e,/?crawl=91,0,200,251503,22.221,368.556,682401
1787797408351,98156463-acbb-838a-4995-b01d2e8bc10e,/p/0/d8b3bc7279a1eb65,7,200,5764485,332.363,26795.133,215132
1787797431258,ac39224d-dc9e-2189-ae84-9173fba52093,/p/0/e3a95fe2f868b80c,1,200,486721,30.019,3940.101,123530
1787797432960,ac39224d-dc9e-2189-ae84-9173fba52093,/p/1/f03cf482f0bb6e2e,2,200,451491,169.546,2445.430,184626
1787797433049,be193803-9a2e-d4ca-9e92-f8d98c7770e9,/p/2/58276114740a7e31,1,200,194252,66.949,2450.853,79259
1787797431524,78a83871-d5f5-c12b-5835-49edf71fc86e,/p/0/3ba7b7ba1fc6032d,3,200,379028,167.639,4029.049,94074
1787797385470,a8b2b5fb-0a9c-cb0f-869a-18420532160a,/p/0/20f093de914c81ba,2,200,5757471,1723.518,50278.819,114511
1787797434999,63d6c761-c481-9318-891c-07a2991ae62e,/p/0/ca4f40cf4d1ee269,1,200,294114,22.042,976.769,301109
1787797430610,aaff7191-9dde-147b-d0ca-aad85d6e9641,/p/0/fde541c62a0100ea,6,200,283432,289.430,5425.206,52244
1787797434999,63d6c761-c481-9318-891c-07a2991ae62e,/p/7/ca4f3ecf4d1edf03,1,200,216691,108.337,1085.174,199683
1787797434369,5bb2dcb3-e65e-13f8-9e97-775375e86d63,/p/7/33daba356bcbfeb,6,200,87699,244.241,1823.778,48086
1787797434628,78a83871-d5f5-c12b-5835-49edf71fc86e,/p/0/dcc1709044119e5c,4,200,147434,168.849,1627.916,90566
1787797431861,78a83871-d5f5-c12b-5835-49edf71fc86e,/p/0/dcc173904411a375,4,200,383104,168.369,4494.389,85241
1787797429664,9b6facf4-1b02-23d8-fb60-de9ed8e411f9,/p/6/7713b6408d03afd2,1,200,3129004,47.220,6774.250,461897
1787797408687,98156463-acbb-838a-4995-b01d2e8bc10e,/p/0/3dd096f1b47e0ac0,8,200,4946867,633.762,27786.007,178034
1787797432784,128f72ea-4b36-e668-6a4f-54d0d60314c9,/p/0/c4bd0bb6df6f881e,1,200,289802,124.544,3701.579,78291
1787797431861,78a83871-d5f5-c12b-5835-49edf71fc86e,/p/0/dcc172904411a1c2,4,200,433351,154.597,4844.862,89445
1787797436193,5bb2dcb3-e65e-13f8-9e97-775375e86d63,/p/6/432aa075e2b05a6d,7,200,6855,370.538,641.417,10687
1787797420240,5d5a5106-edc4-1d8c-ddf7-cd66bba046fb,/p/0/12632045ddcd1990,1,200,2660119,216.315,16608.087,160170
1787797431297,1c1da836-b2b3-14dc-dca7-b1493bc22ca4,/p/0/6b39ad4931dde0a6,4,200,242153,331.501,5670.605,42703
1787797433803,88dd0793-19b2-1a54-d191-86d90cb40db7,/p/0/36e4e971b883e8f0,1,200,439683,95.358,3256.566,135014
1787797432784,128f72ea-4b36-e668-6a4f-54d0d60314c9,/p/0/c4bd09b6df6f84b8,1,200,489757,124.587,4300.523,113883
1787797433803,88dd0793-19b2-1a54-d191-86d90cb40db7,/p/0/36e4eb71b883ec56,1,200,472565,215.725,3355.484,140834
1787797432784,128f72ea-4b36-e668-6a4f-54d0d60314c9,/p/0/c4bd0cb6df6f89d1,1,200,484109,50.132,4427.953,109330
1787797434999,63d6c761-c481-9318-891c-07a2991ae62e,/p/0/ca4f3dcf4d1edd50,1,200,520391,75.934,2281.807,228061
1787797436085,63d6c761-c481-9318-891c-07a2991ae62e,/p/0/5b93be8bf4770b51,2,200,195096,120.038,1207.411,161582
1787797406046,131b657c-6e34-d433-520a-b2182da98158,/p/0/6c7b3889ad6f817d,2,200,6110697,227.968,31286.723,195313
1787797408566,9ab40283-f209-5116-d31d-55e6dfb10446,/p/0/d999d56d4802aa71,3,200,2562252,381.679,29038.738,88236
1787797434369,5bb2dcb3-e65e-13f8-9e97-775375e86d63,/p/0/33dada356bcc351,6,200,151141,244.260,3583.282,42179
1787797431297,1c1da836-b2b3-14dc-dca7-b1493bc22ca4,/p/4/6b39ab4931dddd40,4,200,399309,357.824,6927.643,57640
1787797436439,9b6facf4-1b02-23d8-fb60-de9ed8e411f9,/p/0/87cc211ff8a24dd5,2,200,496264,80.503,1803.416,275180
1787797429664,9b6facf4-1b02-23d8-fb60-de9ed8e411f9,/p/0/7713b7408d03b185,1,200,3622604,23.777,8681.912,417259
1787797424054,5a589aab-bb4e-c0b0-6827-cacae890fe99,/p/4/71006276cdec974d,1,200,4668511,84.998,14319.380,326027
1787797391798,a056b4d1-a94d-5775-ad57-fb68a7e01b19,/p/0/c5ebe24c09790c1f,4,200,5179256,347.552,46591.331,111164
1787797436439,9b6facf4-1b02-23d8-fb60-de9ed8e411f9,/p/0/87cc1e1ff8a248bc,2,200,512566,80.642,1997.826,256562
1787797435406,ac39224d-dc9e-2189-ae84-9173fba52093,/p/0/efa96de5b4fdc151,3,200,500277,111.890,3032.820,164954
1787797435406,ac39224d-dc9e-2189-ae84-9173fba52093,/p/0/efa96ce5b4fdbf9e,3,200,502588,31.816,3145.381,159786
1787797438631,21d8ef89-c627-98d7-2ec2-8cbc3d24ca15,/?crawl=93,0,200,32591,44.091,107.896,302060
1787797434369,5bb2dcb3-e65e-13f8-9e97-775375e86d63,/p/0/33daaa356bcbe38,6,200,246682,244.073,4609.713,53514
1787797434750,b3404c61-998b-e65c-4b2c-70afbe4a9a7e,/p/0/7c400f3a75414a9f,8,200,417047,130.173,4302.187,96938
1787797438374,5a589aab-bb4e-c0b0-6827-cacae890fe99,/p/3/e9d80f14b2a03094,2,200,185474,2.398,780.866,237523
1787797438374,5a589aab-bb4e-c0b0-6827-cacae890fe99,/p/0/e9d81014b2a03247,2,200,366570,779.863,790.628,463644
1787797427461,11a715fc-2eae-fe5d-24be-7f4140cd67fa,/p/0/f0d074f728383fe9,3,200,2142824,152.112,11849.521,180836
1787797439155,5a589aab-bb4e-c0b0-6827-cacae890fe99,/p/0/5c9b89e3cc950450,3,200,42396,65.079,165.503,256164
1787797439154,5a589aab-bb4e-c0b0-6827-cacae890fe99,/p/2/5c9b8ae3cc950603,3,200,208343,65.158,474.009,439533
1787797439154,5a589aab-bb4e-c0b0-6827-cacae890fe99,/p/0/5c9b8ce3cc950969,3,200,452257,65.882,634.419,712868
1787797415887,458e7d59-ccd1-a2b4-3ae1-c4419237d274,/p/13/7692958f3b9bee32,1,200,5907814,253.446,23905.717,247130
1787797438374,5a589aab-bb4e-c0b0-6827-cacae890fe99,/p/0/e9d81114b2a033fa,2,200,2306496,316.069,1669.953,1381175
1787797435499,be193803-9a2e-d4ca-9e92-f8d98c7770e9,/p/1/ac62ae5bd8ed3432,2,200,208693,470.400,4674.662,44643
1787797439793,458e7d59-ccd1-a2b4-3ae1-c4419237d274,/p/12/dca4bd29feba0f8f,2,200,71939,60.523,473.519,151924
1787797434990,c42549ee-1a1b-bc68-aaa1-cb2621d8352a,/p/15/103b38dfdcae25d0,2,200,390386,223.412,5417.091,72066
1787797438631,07937e4a-a786-2f8f-3052-74db4e03c144,/?crawl=94,0,200,353486,71.892,1797.148,196693
1787797423068,771ec465-a200-b118-89d1-9cd3f33d952d,/p/0/b6c1635e101bb6c7,1,200,3046994,67.685,17539.999,173717
1787797440636,b41650fb-c783-e46f-6e55-941f1fddfc3b,/?crawl=96,0,200,31778,81.655,154.438,205766
1787797409004,aaff7191-9dde-147b-d0ca-aad85d6e9641,/p/0/9bc682cc0b6c9e22,2,200,3129997,264.671,31815.320,98380
1787797419635,8af6d21c-c555-4ee8-ee2a-928b7e4cdb9f,/?crawl=72,0,200,4599054,129.605,21186.148,217078
1787797439632,e67917a4-014a-b4ce-4d64-d7e24b4dbbd5,/?crawl=95,0,200,347885,49.937,1310.508,265458
1787797438739,21d8ef89-c627-98d7-2ec2-8cbc3d24ca15,/p/0/f123e88a7654c976,1,200,277807,148.640,2217.407,125285
1787797437952,5bb2dcb3-e65e-13f8-9e97-775375e86d63,/p/0/432a9e75e2b05707,7,200,237775,220.503,3056.373,77796
1787797440790,b41650fb-c783-e46f-6e55-941f1fddfc3b,/p/0/ab62e7a33425a9fc,1,200,54562,48.884,218.627,249567
1787797440790,b41650fb-c783-e46f-6e55-941f1fddfc3b,/p/1/ab62e9a33425ad62,1,200,16392,218.635,290.347,56457
1787797439629,5a589aab-bb4e-c0b0-6827-cacae890fe99,/p/1/fce88ae3f30b486f,4,200,120660,416.525,1658.518,72752
1787797433049,be193803-9a2e-d4ca-9e92-f8d98c7770e9,/p/0/58275f14740a7acb,1,200,311087,337.347,8277.087,37584
1787797420240,5d5a5106-edc4-1d8c-ddf7-cd66bba046fb,/p/8/12632245ddcd1cf6,1,200,4278737,45.408,21160.202,202207
1787797397277,b3404c61-998b-e65c-4b2c-70afbe4a9a7e,/p/0/428a661642596c8f,3,200,4120810,1416.189,44265.963,93092
1787797438225,1c1da836-b2b3-14dc-dca7-b1493bc22ca4,/p/0/5940d67ba8ac5788,5,200,378438,325.584,3344.960,113137
1787797428370,78a83871-d5f5-c12b-5835-49edf71fc86e,/p/0/87c9bfb7c8030410,2,200,2275016,169.707,13282.189,171283
1787797436439,9b6facf4-1b02-23d8-fb60-de9ed8e411f9,/p/5/87cc201ff8a24c22,2,200,3593969,80.642,5461.311,658078
1787797438225,1c1da836-b2b3-14dc-dca7-b1493bc22ca4,/p/3/5940d87ba8ac5aee,5,200,401002,269.984,3806.296,105352
1787797436834,5bb2dcb3-e65e-13f8-9e97-775375e86d63,/p/0/432a9f75e2b058ba,7,200,293838,240.948,5286.356,55584
1787797438979,5bb2dcb3-e65e-13f8-9e97-775375e86d63,/p/5/eec471982eec4b8c,8,200,338421,467.131,3150.125,107431
1787797441009,5bb2dcb3-e65e-13f8-9e97-775375e86d63,/p/0/eec472982eec4d3f,8,200,342580,246.113,1145.649,299027
1787797441400,5d5a5106-edc4-1d8c-ddf7-cd66bba046fb,/p/0/2f2983bfa870945,2,200,98713,149.229,1166.265,84640
1787797441631,eb957d3e-5c52-e90f-b8e1-44e17859dc9b,/?crawl=98,0,200,405384,37.759,964.802,420173
1787797441081,b41650fb-c783-e46f-6e55-941f1fddfc3b,/p/0/dfb0fdbd0a160455,2,200,113674,241.918,1603.749,70880
1787797430631,afa6cb26-104f-9508-97ab-dde183c72f12,/?crawl=87,0,200,6216615,28.392,12059.124,515511
1787797441900,9b6facf4-1b02-23d8-fb60-de9ed8e411f9,/p/4/202361c848962229,3,200,198302,64.126,791.030,250688
1787797439629,5a589aab-bb4e-c0b0-6827-cacae890fe99,/p/0/fce88ce3f30b4bd5,4,200,177630,437.655,3062.675,57998
1787797440821,8af6d21c-c555-4ee8-ee2a-928b7e4cdb9f,/p/0/69180de7bdafde7b,1,200,101912,66.647,1979.204,51491
1787797419635,723b420d-3eda-b93a-be92-2b324e84df62,/?crawl=73,0,200,5804951,165.818,23265.717,249507
1787797442691,9b6facf4-1b02-23d8-fb60-de9ed8e411f9,/p/3/42f49088947eb3d7,4,200,21668,77.871,273.778,79144
1787797441400,5d5a5106-edc4-1d8c-ddf7-cd66bba046fb,/p/7/2f2973bfa870792,2,200,194384,278.815,1582.510,122833
1787797441081,b41650fb-c783-e46f-6e55-941f1fddfc3b,/p/0/dfb0fbbd0a1600ef,2,200,104959,265.798,1965.779,53393
1787797442031,1c1da836-b2b3-14dc-dca7-b1493bc22ca4,/p/0/c268229eedfed390,6,200,418357,61.290,1044.679,400465
1787797440407,c42549ee-1a1b-bc68-aaa1-cb2621d8352a,/p/0/be98efd47cc825db,3,200,153909,565.877,2789.687,55171
1787797442631,c6954b72-f5dd-e7c0-b2f7-f0be5e507e25,/?crawl=100,0,200,274166,37.935,630.938,434537
1787797442031,1c1da836-b2b3-14dc-dca7-b1493bc22ca4,/p/2/c268239eedfed543,6,200,374644,55.978,1235.780,303164
1787797435499,be193803-9a2e-d4ca-9e92-f8d98c7770e9,/p/0/ac62ac5bd8ed30cc,2,200,410690,470.410,7847.509,52334
1787797440174,be193803-9a2e-d4ca-9e92-f8d98c7770e9,/p/0/59bd76c1c65e038d,3,200,228475,881.826,3173.268,72000
1787797435499,be193803-9a2e-d4ca-9e92-f8d98c7770e9,/p/0/ac62af5bd8ed35e5,2,200,437299,367.797,7850.643,55702
1787797440174,be193803-9a2e-d4ca-9e92-f8d98c7770e9,/p/0/59bd75c1c65e01da,3,200,307198,742.891,3179.733,96611
1787797441326,be193803-9a2e-d4ca-9e92-f8d98c7770e9,/p/0/59bd74c1c65e0027,3,200,399782,375.629,2030.190,196918
1787797441631,d55b13cc-60cb-24c3-af9a-104c2afc6850,/?crawl=97,0,200,472794,56.718,1765.739,267760
1787797442121,5bb2dcb3-e65e-13f8-9e97-775375e86d63,/p/0/eec473982eec4ef2,8,200,490699,348.336,1299.897,377491
1787797416703,5bb2dcb3-e65e-13f8-9e97-775375e86d63,/p/0/63049f022f331f00,2,200,2445835,226.059,26719.062,91539
1787797442901,723b420d-3eda-b93a-be92-2b324e84df62,/p/0/fc826445524ad641,1,200,30336,273.878,550.925,55064
1787797442690,afa6cb26-104f-9508-97ab-dde183c72f12,/p/0/503f0c8563cdc55f,1,200,52697,154.487,818.677,64369
1787797441900,9b6facf4-1b02-23d8-fb60-de9ed8e411f9,/p/0/202360c848962076,3,200,473753,17.146,1749.527,270789
1787797443267,1c1da836-b2b3-14dc-dca7-b1493bc22ca4,/p/1/800243b01d0f2c58,7,200,158037,35.166,397.006,398072
1787797443631,62ea2bdc-a515-144e-fb40-a76410aef13f,/?crawl=101,0,200,164419,9.149,94.538,1739187
1787797440266,458e7d59-ccd1-a2b4-3ae1-c4419237d274,/p/0/bf8d561464a24f85,3,200,241033,361.983,3551.723,67864
1787797442690,afa6cb26-104f-9508-97ab-dde183c72f12,/p/3/503f0b8563cdc3ac,1,200,265625,27.874,1157.162,229549
1787797443664,1c1da836-b2b3-14dc-dca7-b1493bc22ca4,/p/0/800244b01d0f2e0b,7,200,59665,58.568,204.524,291726
1787797443262,c6954b72-f5dd-e7c0-b2f7-f0be5e507e25,/p/0/72ade3667121fb9e,1,200,100474,96.688,715.419,140441
1787797442691,9b6facf4-1b02-23d8-fb60-de9ed8e411f9,/p/0/42f48f88947eb224,4,200,173968,85.581,1316.622,132132
1787797443262,c6954b72-f5dd-e7c0-b2f7-f0be5e507e25,/p/0/72ade2667121f9eb,1,200,144695,162.637,860.817,168090
1787797418392,62a4cefc-2434-7945-7c04-3ff814c3a24f,/p/0/fd907a89b23bf14f,3,200,2626721,1387.591,25734.436,102070
1787797442129,5bb2dcb3-e65e-13f8-9e97-775375e86d63,/p/4/f7192a108fe97f91,9,200,408682,1289.523,2006.012,203729
1787797443725,62ea2bdc-a515-144e-fb40-a76410aef13f,/p/0/61835c405bcec98,1,200,313026,9.819,437.533,715433
1787797443262,c6954b72-f5dd-e7c0-b2f7-f0be5e507e25,/p/0/72ade1667121f838,1,200,163732,31.159,928.112,176414
1787797411703,b3404c61-998b-e65c-4b2c-70afbe4a9a7e,/p/0/8c5cf039d605224b,7,200,2741264,148.600,32569.128,84168
1787797440942,e67917a4-014a-b4ce-4d64-d7e24b4dbbd5,/p/4/17f894459f8ab74f,1,200,371360,442.411,3358.226,110582
1787797439052,b3404c61-998b-e65c-4b2c-70afbe4a9a7e,/p/0/7c40103a75414c52,8,200,505993,185.717,5337.236,94804
1787797439793,458e7d59-ccd1-a2b4-3ae1-c4419237d274,/p/0/dca4bf29feba12f5,2,200,320335,184.489,4655.553,68807
1787797443725,62ea2bdc-a515-144e-fb40-a76410aef13f,/p/5/61836c405bcee4b,1,200,505073,43.202,731.622,690347
1787797440821,8af6d21c-c555-4ee8-ee2a-928b7e4cdb9f,/p/0/69180ee7bdafe02e,1,200,376497,66.666,3688.925,102061
1787797442631,0f607590-9868-4d14-ab9e-81122e8285b9,/?crawl=99,0,200,336983,81.537,1906.079,176794
1787797442691,9b6facf4-1b02-23d8-fb60-de9ed8e411f9,/p/0/42f49288947eb73d,4,200,368356,77.904,1966.618,187304
1787797442596,eb957d3e-5c52-e90f-b8e1-44e17859dc9b,/p/0/d237965e5d5b9cee,1,200,264847,34.347,2161.968,122503
1787797440791,b41650fb-c783-e46f-6e55-941f1fddfc3b,/p/0/ab62eaa33425af15,1,200,500901,266.537,4024.224,124471
1787797417180,1c1da836-b2b3-14dc-dca7-b1493bc22ca4,/p/0/7a89db6c58bd0065,1,200,3145007,409.559,27716.984,113469
1787797440821,8af6d21c-c555-4ee8-ee2a-928b7e4cdb9f,/p/2/69180ce7bdafdcc8,1,200,424459,66.659,4110.347,103266
1787797443868,1c1da836-b2b3-14dc-dca7-b1493bc22ca4,/p/0/800245b01d0f2fbe,7,200,403173,41.394,1111.937,362586
1787797440407,c42549ee-1a1b-bc68-aaa1-cb2621d8352a,/p/14/be98f1d47cc82941,3,200,226070,631.034,4640.735,48714
1787797443847,afa6cb26-104f-9508-97ab-dde183c72f12,/p/2/bd9284a0b7a7e17a,2,200,130178,155.763,1284.716,101328
1787797442965,9b6facf4-1b02-23d8-fb60-de9ed8e411f9,/p/2/1b00ba92c36385df,5,200,488239,79.668,2167.059,225300
1787797435405,ac39224d-dc9e-2189-ae84-9173fba52093,/p/0/efa96be5b4fdbdeb,3,200,3515315,31.874,9750.640,360521
1787797443650,9b6facf4-1b02-23d8-fb60-de9ed8e411f9,/p/0/1b00bc92c3638945,5,200,233703,126.185,1537.357,152016
1787797444457,62ea2bdc-a515-144e-fb40-a76410aef13f,/p/0/c9c78287c52e3a6f,2,200,235519,45.540,845.413,278585
1787797442983,5d5a5106-edc4-1d8c-ddf7-cd66bba046fb,/p/6/3fd475dc52c6880e,3,200,176497,259.618,2367.163,74561
1787797443421,5bb2dcb3-e65e-13f8-9e97-775375e86d63,/p/0/f71928108fe97c2b,9,200,492600,1350.464,1982.864,248429
1787797445132,afa6cb26-104f-9508-97ab-dde183c72f12,/p/0/7ab059d46d276a66,3,200,59305,155.556,295.061,200993
1787797442596,eb957d3e-5c52-e90f-b8e1-44e17859dc9b,/p/4/d237945e5d5b9988,1,200,518895,68.677,2851.051,182001
1787797414617,f19b46cf-90ab-2283-67cb-57fa37b2600a,/p/0/ff41cb6090938738,2,200,6237758,255.465,30853.948,202170
1787797442901,723b420d-3eda-b93a-be92-2b324e84df62,/p/5/fc826245524ad2db,1,200,222159,639.284,2692.474,82511
1787797426344,78a83871-d5f5-c12b-5835-49edf71fc86e,/p/0/ef07d89dd45ebfbe,1,200,5049864,28.260,19310.207,261513
1787797440942,e67917a4-014a-b4ce-4d64-d7e24b4dbbd5,/p/0/17f896459f8abab5,1,200,395130,44.137,4749.147,83200
1787797444537,0f607590-9868-4d14-ab9e-81122e8285b9,/p/0/65a1e9bbf1f68f9b,1,200,85518,162.756,1181.953,72353
1787797442983,5d5a5106-edc4-1d8c-ddf7-cd66bba046fb,/p/0/3fd476dc52c689c1,3,200,224698,323.764,2783.367,80729
1787797431177,ab520529-6a6e-77a2-b89c-c097883cf706,/p/0/827230fb68f9baea,1,200,3547104,155.841,14621.276,242599
1787797445631,c5f96876-5074-e161-30ce-f4d44e01fe33,/?crawl=102,0,200,111048,37.837,284.236,390689
1787797444980,1c1da836-b2b3-14dc-dca7-b1493bc22ca4,/p/0/9143d285bb910b8,8,200,329189,55.822,939.322,350454
1787797445350,5d5a5106-edc4-1d8c-ddf7-cd66bba046fb,/p/5/e8ee60b74acd267d,4,200,39686,327.898,833.506,47613
1787797429631,04e72cca-6666-483f-2bec-7ce30a7c2eb0,/?crawl=84,0,200,5983143,43.373,16735.202,357518
1787797429360,02225034-1495-e3cf-b847-c2b1dc9287fb,/p/1/9ae86e6965463190,2,200,2485509,144.618,17050.539,145773
1787797445915,c5f96876-5074-e161-30ce-f4d44e01fe33,/p/0/99828a219a57e0f8,1,200,149857,33.136,655.396,228651
1787797428432,11a715fc-2eae-fe5d-24be-7f4140cd67fa,/p/0/663a15b46008a2d8,4,200,5934979,167.334,18175.631,326535
1787797445920,1c1da836-b2b3-14dc-dca7-b1493bc22ca4,/p/0/91440285bb915d1,8,200,348809,37.772,849.191,410755
1787797445132,9b6facf4-1b02-23d8-fb60-de9ed8e411f9,/p/1/3bd6f62401e0b4f1,6,200,371645,95.292,1703.773,218131
1787797446411,02225034-1495-e3cf-b847-c2b1dc9287fb,/p/0/c7702543a1f65842,3,200,26786,264.003,452.367,59213
1787797446632,b61245a9-66c2-d39a-8568-5c92774075b2,/?crawl=103,0,200,138022,38.267,319.140,432481
1787797445447,eb957d3e-5c52-e90f-b8e1-44e17859dc9b,/p/0/1b9fb40f0ac02bb3,2,200,124110,221.288,1557.279,79697
1787797444300,e67917a4-014a-b4ce-4d64-d7e24b4dbbd5,/p/3/2d9f83174e3abb7b,2,200,171841,218.164,2731.442,62912
1787797446951,b61245a9-66c2-d39a-8568-5c92774075b2,/p/0/2cecdf7f2ef2d70b,1,200,6665,96.088,127.365,52330
1787797446632,d77e4864-d192-f37e-fc29-90a8fc2315c0,/?crawl=104,0,200,258899,38.257,566.814,456762
1787797444931,8af6d21c-c555-4ee8-ee2a-928b7e4cdb9f,/p/1/f5e4049102bd44f2,2,200,279852,65.224,2360.275,118568
1787797444931,8af6d21c-c555-4ee8-ee2a-928b7e4cdb9f,/p/0/f5e4059102bd46a5,2,200,510142,65.246,2368.324,215402
1787797409950,458a2b01-f02e-bc56-0a17-1834180f3f43,/p/0/15dc8358fd94abe4,1,200,5670681,93.734,37352.969,151813
1787797445447,eb957d3e-5c52-e90f-b8e1-44e17859dc9b,/p/3/1b9fb60f0ac02f19,2,200,202215,221.205,1868.475,108225
1787797438225,1c1da836-b2b3-14dc-dca7-b1493bc22ca4,/p/0/5940d97ba8ac5ca1,5,200,2579099,298.229,9160.424,281548
1787797443397,d55b13cc-60cb-24c3-af9a-104c2afc6850,/p/0/3ecd3d00c8c0a00f,1,200,363206,374.693,4158.792,87334
1787797447631,3009cce0-fad5-5b0f-698a-0b28c28b024f,/?crawl=105,0,200,43907,20.820,65.793,667355
1787797436085,63d6c761-c481-9318-891c-07a2991ae62e,/p/6/5b93bc8bf47707eb,2,200,3571861,109.223,11695.907,305394
1787797447697,3009cce0-fad5-5b0f-698a-0b28c28b024f,/p/0/53c18b3a5828c4e4,1,200,104836,19.626,238.986,438670
1787797431531,27e17e5b-a7c2-cec0-318f-bc4daa743daa,/p/0/296a5eca3a97d420,1,200,318048,2065.777,16669.076,19080
1787797423279,62a4cefc-2434-7945-7c04-3ff814c3a24f,/p/10/9d13918c62453808,5,200,2630162,227.618,24934.339,105484
1787797446836,9b6facf4-1b02-23d8-fb60-de9ed8e411f9,/p/0/9bbfacd044381ca7,7,200,139861,77.261,1378.529,101457
1787797445915,c5f96876-5074-e161-30ce-f4d44e01fe33,/p/13/99828c219a57e45e,1,200,400443,174.128,2317.924,172759
1787797423068,771ec465-a200-b118-89d1-9cd3f33d952d,/p/0/b6c1645e101bb87a,1,200,5421020,110.919,25171.499,215363
1787797443397,d55b13cc-60cb-24c3-af9a-104c2afc6850,/p/1/3ecd3f00c8c0a375,1,200,500823,53.634,4878.767,102654
1787797447292,8af6d21c-c555-4ee8-ee2a-928b7e4cdb9f,/p/0/1df80ccd953c5ae9,3,200,246134,480.327,1035.193,237766
1787797443397,d55b13cc-60cb-24c3-af9a-104c2afc6850,/p/0/3ecd3e00c8c0a1c2,1,200,477978,266.887,4986.364,95857
1787797447292,8af6d21c-c555-4ee8-ee2a-928b7e4cdb9f,/p/0/1df80bcd953c5936,3,200,514056,480.298,1105.729,464903
1787797447697,3009cce0-fad5-5b0f-698a-0b28c28b024f,/p/0/53c18e3a5828c9fd,1,200,240396,57.642,763.261,314959
1787797447032,e67917a4-014a-b4ce-4d64-d7e24b4dbbd5,/p/0/731a9582f10ad9d0,3,200,88187,238.814,1447.494,60924
1787797447291,8af6d21c-c555-4ee8-ee2a-928b7e4cdb9f,/p/0/1df80acd953c5783,3,200,432541,479.611,1257.975,343839
1787797446411,02225034-1495-e3cf-b847-c2b1dc9287fb,/p/0/c7702343a1f654dc,3,200,472860,477.336,2213.691,213607
1787797431531,27e17e5b-a7c2-cec0-318f-bc4daa743daa,/p/0/296a61ca3a97d939,1,200,314988,1800.765,17197.291,18316
1787797447697,3009cce0-fad5-5b0f-698a-0b28c28b024f,/p/3/53c18c3a5828c697,1,200,506217,98.920,1040.010,486743
1787797448276,d55b13cc-60cb-24c3-af9a-104c2afc6850,/p/0/7aabfecf6fc744d5,2,200,39953,136.067,643.486,62088
1787797446411,02225034-1495-e3cf-b847-c2b1dc9287fb,/p/0/c7702643a1f659f5,3,200,426154,310.948,2547.478,167285
1787797396376,b3404c61-998b-e65c-4b2c-70afbe4a9a7e,/p/0/e8bb96f679865207,2,200,5934661,891.779,52629.297,112763
1787797429360,02225034-1495-e3cf-b847-c2b1dc9287fb,/p/0/9ae87069654634f6,2,200,3248488,240.341,19677.172,165089
1787797447315,eb957d3e-5c52-e90f-b8e1-44e17859dc9b,/p/0/9552f3119d46ed03,3,200,89807,170.428,1779.511,50467
1787797443847,afa6cb26-104f-9508-97ab-dde183c72f12,/p/0/bd9285a0b7a7e32d,2,200,476923,171.184,5294.302,90082
1787797447315,eb957d3e-5c52-e90f-b8e1-44e17859dc9b,/p/2/9552f5119d46f069,3,200,139565,274.849,2176.184,64133
1787797440407,c42549ee-1a1b-bc68-aaa1-cb2621d8352a,/p/0/be98f0d47cc8278e,3,200,456600,274.424,9112.485,50107
1787797421944,5bb2dcb3-e65e-13f8-9e97-775375e86d63,/p/0/ead8bbe8289901ef,3,200,4410120,291.018,27609.942,159729
1787797448214,62a4cefc-2434-7945-7c04-3ff814c3a24f,/p/0/3173b3797f4b57f6,6,200,162780,229.665,1490.824,109188
1787797448737,3009cce0-fad5-5b0f-698a-0b28c28b024f,/p/0/ec4dabe6f92729b0,2,200,338953,71.771,971.936,348740
1787797444457,62ea2bdc-a515-144e-fb40-a76410aef13f,/p/4/c9c78187c52e38bc,2,200,3078735,45.704,5274.088,583747
1787797444457,62ea2bdc-a515-144e-fb40-a76410aef13f,/p/0/c9c78387c52e3c22,2,200,3166124,45.576,5323.838,594707
1787797448215,9b6facf4-1b02-23d8-fb60-de9ed8e411f9,/p/0/9bbfaed04438200d,7,200,292054,109.909,1621.391,180126
1787797448737,3009cce0-fad5-5b0f-698a-0b28c28b024f,/p/2/ec4dade6f9272d16,2,200,289468,34.710,1112.634,260165
1787797448214,62a4cefc-2434-7945-7c04-3ff814c3a24f,/p/0/3173b2797f4b5643,6,200,71271,209.281,1659.298,42953
1787797430668,59b14c7f-ebce-4660-7fe8-bd40c809d011,/p/0/68f20281b14b77f0,6,200,3984176,31.822,19318.203,206239
1787797444931,8af6d21c-c555-4ee8-ee2a-928b7e4cdb9f,/p/0/f5e4029102bd418c,2,200,5358318,418.861,5108.538,1048895
1787797447781,63d6c761-c481-9318-891c-07a2991ae62e,/p/0/58fc4fd20c3e239a,3,200,430318,191.302,2263.566,190106
1787797449492,eb957d3e-5c52-e90f-b8e1-44e17859dc9b,/p/0/2be1a25b9df15795,4,200,18998,245.388,624.238,30434
1787797446951,b61245a9-66c2-d39a-8568-5c92774075b2,/p/2/2cece17f2ef2da71,1,200,499797,241.054,3217.985,155314
1787797449731,62ea2bdc-a515-144e-fb40-a76410aef13f,/p/3/8e3ad0d80be19043,3,200,332398,45.265,653.958,508286
1787797448275,d55b13cc-60cb-24c3-af9a-104c2afc6850,/p/0/7aabfccf6fc7416f,2,200,238802,215.133,2155.126,110806
1787797413243,b3404c61-998b-e65c-4b2c-70afbe4a9a7e,/p/0/8c5cf139d60523fe,7,200,4024248,149.078,37270.502,107974
1787797418771,c3ccb6ab-7a94-eba1-f582-acd04a337457,/p/0/8fecb5a2e6e5c588,1,200,2461888,109.456,31744.574,77553
1787797448214,62a4cefc-2434-7945-7c04-3ff814c3a24f,/p/9/3173b4797f4b59a9,6,200,291929,356.537,2362.677,123559
1787797449631,f81c977b-6f60-aa48-f6b0-0b360d6b952b,/?crawl=106,0,200,352253,39.926,958.787,367394
1787797416703,5bb2dcb3-e65e-13f8-9e97-775375e86d63,/p/0/6304a2022f332419,2,200,5514152,295.621,33910.251,162610
1787797450385,62ea2bdc-a515-144e-fb40-a76410aef13f,/p/2/44a67cd95e0da3ca,4,200,170816,62.961,357.484,477828
1787797448276,d55b13cc-60cb-24c3-af9a-104c2afc6850,/p/0/7aabfdcf6fc74322,2,200,354580,349.769,2476.548,143175
1787797447781,63d6c761-c481-9318-891c-07a2991ae62e,/p/0/58fc4ed20c3e21e7,3,200,468164,123.833,3013.491,155356
1787797441081,b41650fb-c783-e46f-6e55-941f1fddfc3b,/p/0/dfb0fcbd0a1602a2,2,200,2162279,241.893,9727.957,222275
1787797449731,62ea2bdc-a515-144e-fb40-a76410aef13f,/p/0/8e3acfd80be18e90,3,200,438114,41.033,1123.278,390032
1787797441287,5a589aab-bb4e-c0b0-6827-cacae890fe99,/p/0/bdaa378c2cfe13b1,5,200,302130,1864.419,9617.996,31413
1787797449850,3009cce0-fad5-5b0f-698a-0b28c28b024f,/p/0/979db42eb6568bbf,3,200,142451,91.438,1096.126,129959
1787797448737,3009cce0-fad5-5b0f-698a-0b28c28b024f,/p/0/ec4daee6f9272ec9,2,200,506475,71.600,2217.520,228397
1787797450590,f81c977b-6f60-aa48-f6b0-0b360d6b952b,/p/0/e72be297ecc3be5d,1,200,114650,115.116,484.991,236396
1787797444300,e67917a4-014a-b4ce-4d64-d7e24b4dbbd5,/p/0/2d9f85174e3abee1,2,200,437418,281.816,6847.456,63880
1787797449850,3009cce0-fad5-5b0f-698a-0b28c28b024f,/p/1/979db62eb6568f25,3,200,332901,187.215,1468.192,226742
1787797448233,c5f96876-5074-e161-30ce-f4d44e01fe33,/p/0/2f32e64f746e8f3b,2,200,276309,182.727,3265.925,84604
1787797419457,b3404c61-998b-e65c-4b2c-70afbe4a9a7e,/p/1/7c400e3a754148ec,8,200,4048313,478.419,32177.596,125812
1787797447032,e67917a4-014a-b4ce-4d64-d7e24b4dbbd5,/p/0/731a9882f10adee9,3,200,268455,283.566,4633.431,57939
1787797444300,e67917a4-014a-b4ce-4d64-d7e24b4dbbd5,/p/0/2d9f82174e3ab9c8,2,200,473892,259.572,7494.592,63231
1787797449492,eb957d3e-5c52-e90f-b8e1-44e17859dc9b,/p/0/2be19f5b9df1527c,4,200,135598,228.161,2384.829,56859
1787797449850,3009cce0-fad5-5b0f-698a-0b28c28b024f,/p/0/979db52eb6568d72,3,200,505841,110.457,2145.676,235749
1787797441287,5a589aab-bb4e-c0b0-6827-cacae890fe99,/p/0/bdaa348c2cfe0e98,5,200,356770,1822.082,10713.704,33300
1787797445350,5d5a5106-edc4-1d8c-ddf7-cd66bba046fb,/p/0/e8ee5eb74acd2317,4,200,393520,304.633,6661.960,59070
1787797450169,b61245a9-66c2-d39a-8568-5c92774075b2,/p/0/5f6840eccf02e6b0,2,200,187311,176.503,1849.028,101302
1787797450743,62ea2bdc-a515-144e-fb40-a76410aef13f,/p/1/adef7d781aa7c5f4,5,200,522928,57.293,1559.674,335280
1787797450576,62a4cefc-2434-7945-7c04-3ff814c3a24f,/p/0/bc768406ac443cbf,7,200,109497,270.266,1745.731,62723
1787797451318,3009cce0-fad5-5b0f-698a-0b28c28b024f,/p/0/c47707c090d198c3,4,200,284512,117.407,1153.447,246662
1787797451635,b3404c61-998b-e65c-4b2c-70afbe4a9a7e,/p/0/16c7cac34580913d,9,200,115066,124.197,936.155,122913
1787797448233,c5f96876-5074-e161-30ce-f4d44e01fe33,/p/12/2f32e84f746e92a1,2,200,469291,217.798,4387.333,106965
1787797451635,b3404c61-998b-e65c-4b2c-70afbe4a9a7e,/p/0/16c7c9c345808f8a,9,200,196138,23.054,987.087,198704
1787797451318,3009cce0-fad5-5b0f-698a-0b28c28b024f,/p/0/c47706c090d19710,4,200,290268,90.283,1308.154,221891
1787797451318,3009cce0-fad5-5b0f-698a-0b28c28b024f,/p/0/c47709c090d19c29,4,200,336529,99.670,1352.994,248729
1787797445048,c42549ee-1a1b-bc68-aaa1-cb2621d8352a,/p/0/d1ca59d1c2160ac2,4,200,317569,249.770,7654.227,41489
1787797443725,62ea2bdc-a515-144e-fb40-a76410aef13f,/p/0/61838c405bcf1b1,1,200,4765168,51.533,9229.329,516307
1787797451635,b3404c61-998b-e65c-4b2c-70afbe4a9a7e,/p/0/16c7c8c345808dd7,9,200,463388,36.898,1382.575,335163
1787797442154,5bb2dcb3-e65e-13f8-9e97-775375e86d63,/p/0/f71929108fe97dde,9,200,3284831,1262.137,11201.027,293262
1787797418772,c3ccb6ab-7a94-eba1-f582-acd04a337457,/p/0/8fecb8a2e6e5caa1,1,200,2564325,234.642,34594.258,74126
1787797452302,62ea2bdc-a515-144e-fb40-a76410aef13f,/p/0/adef7f781aa7c95a,5,200,376108,80.643,1123.709,334702
1787797445593,723b420d-3eda-b93a-be92-2b324e84df62,/p/4/11b9f23ca0e64ccd,2,200,413037,318.397,7858.491,52559
1787797431531,27e17e5b-a7c2-cec0-318f-bc4daa743daa,/p/6/296a60ca3a97d786,1,200,4653589,263.080,21980.080,211718
1787797450590,f81c977b-6f60-aa48-f6b0-0b360d6b952b,/p/1/e72be197ecc3bcaa,1,200,454257,290.410,2932.778,154890
1787797414966,a056b4d1-a94d-5775-ad57-fb68a7e01b19,/p/3/f3b251ff984bc4cd,5,200,3836271,212.100,38623.440,99325
1787797449492,eb957d3e-5c52-e90f-b8e1-44e17859dc9b,/p/1/2be1a15b9df155e2,4,200,317297,245.383,4210.590,75357
1787797426929,a776d2e4-61dd-f4bf-a959-7057990f7aff,/p/0/96000a6ca5fcdfc0,1,200,4563875,34.381,26852.390,169962
1787797453511,27e17e5b-a7c2-cec0-318f-bc4daa743daa,/p/0/410c896f01d8f0cb,2,200,102096,12.266,416.614,245061
1787797452955,62ea2bdc-a515-144e-fb40-a76410aef13f,/p/0/da7e9bce482b56e1,6,200,414199,53.998,1272.177,325583
1787797452012,5d5a5106-edc4-1d8c-ddf7-cd66bba046fb,/p/0/51b8a5dae1e2b2d0,5,200,137494,307.809,2297.925,59834
1787797453511,27e17e5b-a7c2-cec0-318f-bc4daa743daa,/p/5/410c8b6f01d8f431,2,200,250991,23.385,827.945,303150
1787797452621,c5f96876-5074-e161-30ce-f4d44e01fe33,/p/11/3da644a6e7057dd8,3,200,127700,250.631,1889.114,67598
1787797440266,458e7d59-ccd1-a2b4-3ae1-c4419237d274,/p/11/bf8d551464a24dd2,3,200,2176984,659.814,14345.995,151749
1787797453426,62ea2bdc-a515-144e-fb40-a76410aef13f,/p/0/da7e9ace482b552e,6,200,345869,49.323,1192.822,289959
1787797454339,27e17e5b-a7c2-cec0-318f-bc4daa743daa,/p/4/8c8c858eaefc3eb6,3,200,54566,111.827,407.445,133922
1787797452621,c5f96876-5074-e161-30ce-f4d44e01fe33,/p/0/3da646a6e705813e,3,200,158133,233.772,2132.503,74154
1787797431991,a776d2e4-61dd-f4bf-a959-7057990f7aff,/p/12/7c845dd32e0efd5,3,200,4386403,194.853,22869.966,191798
1787797454747,27e17e5b-a7c2-cec0-318f-bc4daa743daa,/p/3/3359ab3d6ae1a3b7,4,200,42848,110.198,477.754,89686
1787797453511,27e17e5b-a7c2-cec0-318f-bc4daa743daa,/p/0/410c8a6f01d8f27e,2,200,423762,47.817,1733.891,244399
1787797430827,59b14c7f-ebce-4660-7fe8-bd40c809d011,/p/0/5879f71ee13f1ffc,7,200,5859415,209.792,24540.335,238767
1787797454612,458e7d59-ccd1-a2b4-3ae1-c4419237d274,/p/0/dc746fa0d034c450,4,200,332104,646.986,772.292,430024
1787797455245,27e17e5b-a7c2-cec0-318f-bc4daa743daa,/p/0/d5ec717864089a0e,5,200,30796,111.270,332.146,92718
1787797454339,27e17e5b-a7c2-cec0-318f-bc4daa743daa,/p/0/8c8c838eaefc3b50,3,200,158919,121.280,1271.311,125004
1787797454631,2c57c4d4-5371-e6dc-df74-a8b3259fcef4,/?crawl=109,0,200,196000,73.444,987.926,198395
1787797424133,3e765856-7636-aec0-bf39-c9ffaa22a050,/p/0/83b81d1f360976a8,2,200,4436072,282.563,31530.116,140693
1787797408566,9ab40283-f209-5116-d31d-55e6dfb10446,/p/3/d999d36d4802a70b,3,200,3446592,319.339,47132.924,73125
1787797454612,458e7d59-ccd1-a2b4-3ae1-c4419237d274,/p/10/dc7471a0d034c7b6,4,200,470639,647.062,1140.169,412780
1787797446184,5d5a5106-edc4-1d8c-ddf7-cd66bba046fb,/p/4/51b8a7dae1e2b636,5,200,416883,261.379,9645.123,43222
1787797446184,5d5a5106-edc4-1d8c-ddf7-cd66bba046fb,/p/0/51b8a8dae1e2b7e9,5,200,444740,238.529,10027.604,44352
1787797444537,0f607590-9868-4d14-ab9e-81122e8285b9,/p/0/65a1ebbbf1f69301,1,200,471821,162.736,11675.513,40411
1787797455829,5d5a5106-edc4-1d8c-ddf7-cd66bba046fb,/p/3/7254a140cbd25ff5,6,200,11566,271.541,402.982,28701
1787797453589,a056b4d1-a94d-5775-ad57-fb68a7e01b19,/p/0/b786aa3afcf13540,6,200,194596,195.217,2730.306,71273
1787797455619,2c57c4d4-5371-e6dc-df74-a8b3259fcef4,/p/1/6ac58bd760e53db3,1,200,53568,69.668,711.970,75239
1787797455224,27e17e5b-a7c2-cec0-318f-bc4daa743daa,/p/2/d5ec727864089bc1,5,200,141847,208.332,1123.980,126201
1787797453589,a056b4d1-a94d-5775-ad57-fb68a7e01b19,/p/0/b786ad3afcf13a59,6,200,496480,328.080,2851.046,174140
1787797436085,63d6c761-c481-9318-891c-07a2991ae62e,/p/0/5b93bb8bf4770638,2,200,6192944,109.155,20371.182,304005
1787797414966,a056b4d1-a94d-5775-ad57-fb68a7e01b19,/p/0/f3b24fff984bc167,5,200,4276636,190.786,41579.285,102855
1787797456348,27e17e5b-a7c2-cec0-318f-bc4daa743daa,/p/0/bdfd20360c1f849b,6,200,7930,148.101,224.310,35353
1787797453523,f81c977b-6f60-aa48-f6b0-0b360d6b952b,/p/0/7b248e931c11417c,2,200,266216,188.010,3100.925,85851
1787797414966,a056b4d1-a94d-5775-ad57-fb68a7e01b19,/p/0/f3b250ff984bc31a,5,200,4439126,211.770,41692.502,106473
1787797453589,a056b4d1-a94d-5775-ad57-fb68a7e01b19,/p/2/b786ab3afcf136f3,6,200,408763,213.236,3069.595,133165
1787797454861,a776d2e4-61dd-f4bf-a959-7057990f7aff,/p/11/e046b64e9a297e9a,4,200,235864,34.727,1913.734,123248
1787797413098,418530c3-e63b-5a60-d864-171d3888496b,/p/0/afca6eda02ea11ae,2,200,4756477,216.524,43679.326,108895
1787797428861,bc24846c-aab4-1d78-18c7-e91b24b29742,/p/6/bcd4b627cf32cd99,1,200,4645414,415.177,27984.153,166002
1787797431297,1c1da836-b2b3-14dc-dca7-b1493bc22ca4,/p/0/6b39ac4931dddef3,4,200,4129110,331.468,25562.275,161531
1787797450385,62ea2bdc-a515-144e-fb40-a76410aef13f,/p/0/44a67ad95e0da064,4,200,2159178,58.585,6586.577,327815
1787797454747,27e17e5b-a7c2-cec0-318f-bc4daa743daa,/p/0/3359ad3d6ae1a71d,4,200,282679,110.301,2248.914,125696
1787797455753,458e7d59-ccd1-a2b4-3ae1-c4419237d274,/p/0/75fb2fb56a3f780e,5,200,61906,1239.677,1245.569,49701
1787797455753,458e7d59-ccd1-a2b4-3ae1-c4419237d274,/p/9/75fb30b56a3f79c1,5,200,63788,1240.175,1245.726,51205
1787797455753,458e7d59-ccd1-a2b4-3ae1-c4419237d274,/p/0/75fb2eb56a3f765b,5,200,154889,1239.690,1251.952,123718
1787797449520,c42549ee-1a1b-bc68-aaa1-cb2621d8352a,/p/0/d1ca58d1c216090f,4,200,345746,452.567,7546.864,45813
1787797450854,62ea2bdc-a515-144e-fb40-a76410aef13f,/p/0/adef7e781aa7c7a7,5,200,2132539,58.602,6223.254,342673
1787797456845,bc24846c-aab4-1d78-18c7-e91b24b29742,/p/0/d712fcabfb797b76,2,200,92791,18.190,331.977,279511
1787797456845,bc24846c-aab4-1d78-18c7-e91b24b29742,/p/5/d712fdabfb797d29,2,200,96472,18.257,334.952,288018
1787797424133,3e765856-7636-aec0-bf39-c9ffaa22a050,/p/0/83b8201f36097bc1,2,200,4819815,188.336,33139.315,145441
1787797439793,458e7d59-ccd1-a2b4-3ae1-c4419237d274,/p/0/dca4bc29feba0ddc,2,200,4574066,132.309,17567.266,260374
1787797456659,a056b4d1-a94d-5775-ad57-fb68a7e01b19,/p/0/a71c91518ce0ef44,7,200,299652,8.318,770.035,389141
1787797454510,c5f96876-5074-e161-30ce-f4d44e01fe33,/p/10/55ced868347e568d,4,200,207625,226.039,3071.529,67597
1787797456659,a056b4d1-a94d-5775-ad57-fb68a7e01b19,/p/1/a71c93518ce0f2aa,7,200,444256,7.107,1094.425,405927
1787797456659,a056b4d1-a94d-5775-ad57-fb68a7e01b19,/p/0/a71c94518ce0f45d,7,200,496393,8.024,1095.569,453091
1787797456632,9c3c4ed3-7b64-c0d9-7be5-3309e0cce279,/?crawl=111,0,200,226626,78.233,1143.280,198224
1787797456998,458e7d59-ccd1-a2b4-3ae1-c4419237d274,/p/0/24ca0e18b3dd5e32,6,200,40566,386.123,785.744,51627
1787797457180,bc24846c-aab4-1d78-18c7-e91b24b29742,/p/0/97563bcccebc3a45,3,200,19889,656.603,656.924,30276
1787797457180,bc24846c-aab4-1d78-18c7-e91b24b29742,/p/0/975638cccebc352c,3,200,57137,657.137,687.775,83075
1787797457005,458e7d59-ccd1-a2b4-3ae1-c4419237d274,/p/0/24ca0d18b3dd5c7f,6,200,144933,802.652,876.155,165419
1787797456998,458e7d59-ccd1-a2b4-3ae1-c4419237d274,/p/8/24ca0f18b3dd5fe5,6,200,474695,386.195,936.686,506781
1787797424133,3e765856-7636-aec0-bf39-c9ffaa22a050,/p/2/83b81f1f36097a0e,2,200,4870165,225.463,33865.436,143809
1787797457775,9c3c4ed3-7b64-c0d9-7be5-3309e0cce279,/p/0/653359bef335e881,1,200,51527,67.116,280.169,183914
1787797454747,27e17e5b-a7c2-cec0-318f-bc4daa743daa,/p/0/3359aa3d6ae1a204,4,200,437224,110.196,3401.244,128548
1787797457753,a056b4d1-a94d-5775-ad57-fb68a7e01b19,/p/0/f65ee41ab1a2bb7,8,200,338213,314.177,499.750,676764
1787797450385,62ea2bdc-a515-144e-fb40-a76410aef13f,/p/0/44a67dd95e0da57d,4,200,2624854,62.668,7918.453,331486
1787797457180,bc24846c-aab4-1d78-18c7-e91b24b29742,/p/4/97563acccebc3892,3,200,436064,657.014,1313.850,331898
1787797456845,bc24846c-aab4-1d78-18c7-e91b24b29742,/p/0/d712fbabfb7979c3,2,200,2704958,2.484,1657.262,1632185
1787797454339,27e17e5b-a7c2-cec0-318f-bc4daa743daa,/p/0/8c8c868eaefc4069,3,200,485010,111.825,4177.640,116097
1787797440266,458e7d59-ccd1-a2b4-3ae1-c4419237d274,/p/0/bf8d531464a24a6c,3,200,5379598,734.182,18258.505,294635
1787797454612,458e7d59-ccd1-a2b4-3ae1-c4419237d274,/p/0/dc7472a0d034c969,4,200,3138034,647.036,3920.561,800404
1787797453702,eb957d3e-5c52-e90f-b8e1-44e17859dc9b,/p/0/ee742b56d55d1f85,5,200,414727,170.642,4857.803,85373
1787797452621,c5f96876-5074-e161-30ce-f4d44e01fe33,/p/0/3da645a6e7057f8b,3,200,421555,269.261,6065.024,69506
1787797457753,a056b4d1-a94d-5775-ad57-fb68a7e01b19,/p/0/f65ed41ab1a2a04,8,200,202568,314.067,1150.199,176116
1787797453702,eb957d3e-5c52-e90f-b8e1-44e17859dc9b,/p/0/ee742956d55d1c1f,5,200,365546,205.138,5221.320,70010
1787797456232,5d5a5106-edc4-1d8c-ddf7-cd66bba046fb,/p/2/d747c38ccb980236,7,200,163774,399.154,2757.319,59396
1787797457935,458e7d59-ccd1-a2b4-3ae1-c4419237d274,/p/0/fb862584ea2bc0b7,7,200,205751,599.243,1125.904,182743
1787797457935,458e7d59-ccd1-a2b4-3ae1-c4419237d274,/p/7/fb862784ea2bc41d,7,200,435065,597.905,1217.538,357332
1787797457935,458e7d59-ccd1-a2b4-3ae1-c4419237d274,/p/0/fb862684ea2bc26a,7,200,481075,597.547,1217.590,395104
1787797459153,458e7d59-ccd1-a2b4-3ae1-c4419237d274,/p/0/7a76ce41276c20db,8,200,20032,2.328,3.068,6528320
1787797457581,c5f96876-5074-e161-30ce-f4d44e01fe33,/p/9/d2ff1a8023c4f2df,5,200,100217,212.276,1598.281,62703
1787797453523,f81c977b-6f60-aa48-f6b0-0b360d6b952b,/p/0/7b2490931c1144e2,2,200,518730,187.927,5661.376,91626
1787797457998,3e765856-7636-aec0-bf39-c9ffaa22a050,/p/0/658a472311ad1f3c,3,200,143180,37.836,1261.848,113468
1787797457998,3e765856-7636-aec0-bf39-c9ffaa22a050,/p/1/658a492311ad22a2,3,200,187949,37.756,1262.065,148922
1787797457753,a056b4d1-a94d-5775-ad57-fb68a7e01b19,/p/0/f65f041ab1a2f1d,8,200,474023,2.692,1634.096,290083
1787797458631,87b21a38-3a16-10a6-00dd-143b666d6b98,/?crawl=113,0,200,161043,69.692,782.926,205694
1787797418772,c3ccb6ab-7a94-eba1-f582-acd04a337457,/p/2/8fecb7a2e6e5c8ee,1,200,3923879,119.064,40810.647,96148
1787797458631,0160c204-bd39-f6af-e94f-39c6fc4dd920,/?crawl=115,0,200,500964,30.448,967.882,517588
1787797454510,c5f96876-5074-e161-30ce-f4d44e01fe33,/p/0/55ced768347e54da,4,200,291124,261.104,5292.314,55009
1787797457775,9c3c4ed3-7b64-c0d9-7be5-3309e0cce279,/p/13/653358bef335e6ce,1,200,273284,280.228,2681.384,101919
1787797456775,a776d2e4-61dd-f4bf-a959-7057990f7aff,/p/10/5a1acb53b0a747a7,5,200,322320,193.854,3681.753,87545
1787797449731,62ea2bdc-a515-144e-fb40-a76410aef13f,/p/0/8e3ad2d80be193a9,3,200,5497889,41.014,10737.701,512017
1787797455699,9ab40283-f209-5116-d31d-55e6dfb10446,/p/2/4d5edab8341f8477,4,200,98116,517.778,4848.190,20238
1787797412331,aaff7191-9dde-147b-d0ca-aad85d6e9641,/p/0/2582fdebae0530d1,3,200,3275619,281.464,48389.298,67693
1787797459599,0160c204-bd39-f6af-e94f-39c6fc4dd920,/p/0/b2dcaf3545a1c0cd,1,200,150800,135.574,1152.337,130864
1787797422107,1c1da836-b2b3-14dc-dca7-b1493bc22ca4,/p/0/18629cf0a74801df,3,200,5169786,272.669,38802.154,133235
1787797458989,5d5a5106-edc4-1d8c-ddf7-cd66bba046fb,/p/0/d747c48ccb9803e9,7,200,120231,351.562,1931.415,62250
1787797460631,b62d92a6-2e28-69c1-d2ac-48812da5a869,/?crawl=116,0,200,223162,20.036,298.096,748626
1787797459153,458e7d59-ccd1-a2b4-3ae1-c4419237d274,/p/0/7a76cf41276c228e,8,200,331032,2.961,1856.663,178294
1787797459153,458e7d59-ccd1-a2b4-3ae1-c4419237d274,/p/6/7a76cd41276c1f28,8,200,195857,1.772,1856.662,105489
1787797447781,63d6c761-c481-9318-891c-07a2991ae62e,/p/5/58fc4dd20c3e2034,3,200,5658597,168.653,13237.013,427483
1787797444135,5bb2dcb3-e65e-13f8-9e97-775375e86d63,/p/0/789e8ca5de40a753,10,200,3239555,639.468,16909.111,191586
1787797459599,0160c204-bd39-f6af-e94f-39c6fc4dd920,/p/0/b2dcac3545a1bbb4,1,200,360516,26.787,1585.049,227448
1787797459260,3e765856-7636-aec0-bf39-c9ffaa22a050,/p/0/55a72940d98f19a2,4,200,178032,205.685,1993.011,89328
1787797459260,3e765856-7636-aec0-bf39-c9ffaa22a050,/p/0/55a72a40d98f1b55,4,200,175266,263.369,2011.546,87130
1787797455699,9ab40283-f209-5116-d31d-55e6dfb10446,/p/0/4d5ed9b8341f82c4,4,200,119343,517.750,5617.318,21246
1787797459802,c5f96876-5074-e161-30ce-f4d44e01fe33,/p/8/41a8de735b6e81b1,6,200,131549,170.470,1711.133,76878
1787797454227,62ea2bdc-a515-144e-fb40-a76410aef13f,/p/0/da7e99ce482b537b,6,200,6037972,48.409,7308.352,826174
1787797417956,62a4cefc-2434-7945-7c04-3ff814c3a24f,/p/0/af70ed7f26d1735d,2,200,5250857,119.613,43614.270,120393
1787797458686,c5f96876-5074-e161-30ce-f4d44e01fe33,/p/0/d2ff198023c4f12c,5,200,232172,246.679,2970.293,78165
1787797457998,3e765856-7636-aec0-bf39-c9ffaa22a050,/p/0/658a4a2311ad2455,3,200,519659,56.628,3955.816,131366
1787797461009,458e7d59-ccd1-a2b4-3ae1-c4419237d274,/p/0/838378b8e32b034e,9,200,95923,95.674,1005.165,95430
1787797460929,b62d92a6-2e28-69c1-d2ac-48812da5a869,/p/0/1f725ad7b106cc6d,1,200,326456,18.106,1089.724,299577
1787797456775,a776d2e4-61dd-f4bf-a959-7057990f7aff,/p/0/5a1acd53b0a74b0d,5,200,495353,176.822,5272.849,93944
1787797450169,b61245a9-66c2-d39a-8568-5c92774075b2,/p/1/5f6842eccf02ea16,2,200,2570110,160.182,11946.472,215135
1787797455619,2c57c4d4-5371-e6dc-df74-a8b3259fcef4,/p/0/6ac58dd760e54119,1,200,320972,140.588,6502.912,49358
1787797460929,b62d92a6-2e28-69c1-d2ac-48812da5a869,/p/2/1f7258d7b106c907,1,200,304650,105.716,1346.890,226188
1787797459260,3e765856-7636-aec0-bf39-c9ffaa22a050,/p/0/55a72840d98f17ef,4,200,465942,226.188,3089.378,150821
1787797461018,63d6c761-c481-9318-891c-07a2991ae62e,/p/0/212f439a5ae435d4,4,200,311025,43.162,1434.462,216823
1787797461018,63d6c761-c481-9318-891c-07a2991ae62e,/p/4/212f449a5ae43787,4,200,335051,108.640,1445.341,231815
1787797454631,a51f9150-898b-ba9b-7432-11e1fcd1c3e6,/?crawl=108,0,200,2755174,48.509,7896.891,348894
1787797462276,b62d92a6-2e28-69c1-d2ac-48812da5a869,/p/1/46af900f25b52d58,2,200,39012,94.853,337.164,115706
1787797459582,c3ccb6ab-7a94-eba1-f582-acd04a337457,/p/0/ddd4919389c11828,2,200,201089,319.257,3133.571,64172
1787797461018,63d6c761-c481-9318-891c-07a2991ae62e,/p/0/212f469a5ae43aed,4,200,491389,21.806,1772.196,277277
1787797460457,9c3c4ed3-7b64-c0d9-7be5-3309e0cce279,/p/12/49f1a86d7ce76ffb,2,200,112815,352.776,2506.877,45002
1787797457631,c9551758-8f8e-5544-6aa0-10eb9f9db9a2,/?crawl=112,0,200,176505,310.521,5555.310,31772
1787797456331,2c57c4d4-5371-e6dc-df74-a8b3259fcef4,/p/0/8ab58d3b2071a83f,2,200,278790,522.455,6948.161,40124
1787797462463,63d6c761-c481-9318-891c-07a2991ae62e,/p/0/c005e76543a8a292,5,200,140412,130.259,847.342,165709
1787797455829,5d5a5106-edc4-1d8c-ddf7-cd66bba046fb,/p/0/7254a040cbd25e42,6,200,356130,251.793,7624.060,46711
1787797456331,2c57c4d4-5371-e6dc-df74-a8b3259fcef4,/p/0/8ab58f3b2071aba5,2,200,239309,486.905,7123.857,33593
1787797462463,63d6c761-c481-9318-891c-07a2991ae62e,/p/3/c005e86543a8a445,5,200,216171,130.257,1065.600,202863
1787797462276,b62d92a6-2e28-69c1-d2ac-48812da5a869,/p/0/46af920f25b530be,2,200,181756,125.160,1385.642,131171
1787797455619,2c57c4d4-5371-e6dc-df74-a8b3259fcef4,/p/0/6ac58ad760e53c00,1,200,439216,105.024,8078.212,54370
1787797441900,9b6facf4-1b02-23d8-fb60-de9ed8e411f9,/p/0/20235fc848961ec3,3,200,4140088,24.946,21851.585,189464
1787797453452,723b420d-3eda-b93a-be92-2b324e84df62,/p/3/a8d7e6515286cf8f,3,200,318255,485.409,10303.468,30888
1787797445132,9b6facf4-1b02-23d8-fb60-de9ed8e411f9,/p/0/3bd6f42401e0b18b,6,200,3487656,127.848,18627.140,187235
1787797462613,b62d92a6-2e28-69c1-d2ac-48812da5a869,/p/0/a1af77ff14d093fe,3,200,156622,97.602,1190.591,131550
1787797404569,9ab40283-f209-5116-d31d-55e6dfb10446,/p/0/96ab9a6a4fe2f1aa,1,200,4214227,194.953,59323.755,71038
1787797462463,63d6c761-c481-9318-891c-07a2991ae62e,/p/0/c005e66543a8a0df,5,200,367884,119.549,1487.538,247311
1787797456331,2c57c4d4-5371-e6dc-df74-a8b3259fcef4,/p/0/8ab58e3b2071a9f2,2,200,404460,486.826,7715.715,52420
1787797463529,63d6c761-c481-9318-891c-07a2991ae62e,/p/2/ea75e643391adfeb,6,200,72603,128.916,519.701,139702
1787797463631,15781728-83db-ba86-87ee-c2880d8480a9,/?crawl=117,0,200,260884,40.735,709.868,367511
1787797446836,9b6facf4-1b02-23d8-fb60-de9ed8e411f9,/p/0/9bbfabd044381af4,7,200,3569593,93.667,17546.958,203431
1787797460921,5d5a5106-edc4-1d8c-ddf7-cd66bba046fb,/p/0/d747c18ccb97fed0,7,200,167632,218.433,3636.391,46098
1787797463755,723b420d-3eda-b93a-be92-2b324e84df62,/p/2/9ad639172af12e42,4,200,20209,387.845,812.947,24859
1787797460457,a776d2e4-61dd-f4bf-a959-7057990f7aff,/p/9/e7e7c1aa5601888d,6,200,252895,191.791,4166.867,60692
1787797464049,63d6c761-c481-9318-891c-07a2991ae62e,/p/0/97a9bd137161a9a4,7,200,54304,109.201,600.305,90461
1787797462115,b61245a9-66c2-d39a-8568-5c92774075b2,/p/0/89f8260db7da24a1,3,200,152216,531.016,2596.955,58613
1787797463529,63d6c761-c481-9318-891c-07a2991ae62e,/p/0/ea75e843391ae351,6,200,227898,118.260,1254.020,181734
1787797442690,afa6cb26-104f-9508-97ab-dde183c72f12,/p/0/503f0d8563cdc712,1,200,2994404,138.346,22111.969,135420
1787797463529,63d6c761-c481-9318-891c-07a2991ae62e,/p/0/ea75e543391ade38,6,200,194229,107.340,1287.056,150909
1787797462115,b61245a9-66c2-d39a-8568-5c92774075b2,/p/0/89f8230db7da1f88,3,200,218628,496.419,2726.078,80199
1787797462276,b62d92a6-2e28-69c1-d2ac-48812da5a869,/p/0/46af910f25b52f0b,2,200,455644,105.132,2710.283,168117
1787797461010,458e7d59-ccd1-a2b4-3ae1-c4419237d274,/p/0/838377b8e32b019b,9,200,444353,246.337,4043.908,109882
1787797440942,e67917a4-014a-b4ce-4d64-d7e24b4dbbd5,/p/0/17f893459f8ab59c,1,200,3096610,66.306,24114.685,128412
1787797459582,c3ccb6ab-7a94-eba1-f582-acd04a337457,/p/0/ddd4949389c11d41,2,200,507280,127.182,5596.532,90642
1787797444537,0f607590-9868-4d14-ab9e-81122e8285b9,/p/0/65a1e8bbf1f68de8,1,200,2476257,81.741,20681.965,119730
1787797462528,a51f9150-898b-ba9b-7432-11e1fcd1c3e6,/p/0/d75b3879cc4a4b06,1,200,376100,44.180,2976.942,126338
1787797462115,b61245a9-66c2-d39a-8568-5c92774075b2,/p/0/89f8250db7da22ee,3,200,234454,531.054,3537.674,66273
1787797458494,bc24846c-aab4-1d78-18c7-e91b24b29742,/p/0/efa835e09815fa16,4,200,505730,7.592,7270.319,69561
1787797458494,bc24846c-aab4-1d78-18c7-e91b24b29742,/p/0/efa834e09815f863,4,200,462772,322.273,7282.535,63545
1787797463631,344fba4f-d381-6668-c16a-61f54cc4bab1,/?crawl=119,0,200,508447,65.233,2257.755,225200
1787797453452,723b420d-3eda-b93a-be92-2b324e84df62,/p/0/a8d7e5515286cddc,3,200,516745,324.828,12579.963,41077
1787797445132,afa6cb26-104f-9508-97ab-dde183c72f12,/p/1/7ab05ad46d276c19,3,200,2547147,155.589,20963.072,121506
1787797413098,418530c3-e63b-5a60-d864-171d3888496b,/p/0/afca6dda02ea0ffb,2,200,5433427,61.401,53156.499,102216
1787797464557,5d5a5106-edc4-1d8c-ddf7-cd66bba046fb,/p/0/87aa483b6acc39f7,8,200,99921,238.960,1701.980,58709
1787797462528,a51f9150-898b-ba9b-7432-11e1fcd1c3e6,/p/0/d75b3779cc4a4953,1,200,519736,207.205,3817.491,136146
1787797463631,169ab19f-af23-0e9c-8851-b8d46c946a82,/?crawl=118,0,200,345831,135.276,2757.540,125413
1787797466095,afa6cb26-104f-9508-97ab-dde183c72f12,/p/0/752a31547051c379,4,200,46105,196.158,634.021,72718
1787797447032,e67917a4-014a-b4ce-4d64-d7e24b4dbbd5,/p/2/731a9682f10adb83,3,200,5775532,283.450,19775.750,292051
1787797453452,723b420d-3eda-b93a-be92-2b324e84df62,/p/0/a8d7e8515286d2f5,3,200,459758,389.343,13386.992,34344
1787797466095,afa6cb26-104f-9508-97ab-dde183c72f12,/p/0/752a2e547051be60,4,200,50266,196.066,760.759,66073
1787797464341,15781728-83db-ba86-87ee-c2880d8480a9,/p/0/8c08047a1c6bd4a7,1,200,315926,117.668,2546.386,124068
1787797466808,e67917a4-014a-b4ce-4d64-d7e24b4dbbd5,/p/0/13079e6785900032,4,200,111630,3.395,314.128,355364
1787797461656,c5f96876-5074-e161-30ce-f4d44e01fe33,/p/0/41a8dc735b6e7e4b,6,200,386017,175.350,5488.152,70336
1787797466808,e67917a4-014a-b4ce-4d64-d7e24b4dbbd5,/p/1/13079c67858ffccc,4,200,399532,2.074,637.076,627134
1787797461513,c5f96876-5074-e161-30ce-f4d44e01fe33,/p/0/41a8dd735b6e7ffe,6,200,337842,229.541,5943.746,56840
1787797466095,afa6cb26-104f-9508-97ab-dde183c72f12,/p/0/752a2f547051c013,4,200,188543,140.044,1426.932,132132
1787797442965,9b6facf4-1b02-23d8-fb60-de9ed8e411f9,/p/0/1b00b992c363842c,5,200,5679452,79.673,24671.076,230207
1787797464341,15781728-83db-ba86-87ee-c2880d8480a9,/p/12/8c08037a1c6bd2f4,1,200,505041,39.593,3373.110,149726
1787797444135,5bb2dcb3-e65e-13f8-9e97-775375e86d63,/p/3/789e8ba5de40a5a0,10,200,4660309,638.646,23588.318,197569
1787797460457,a776d2e4-61dd-f4bf-a959-7057990f7aff,/p/0/e7e7c0aa560186da,6,200,501318,191.825,7343.488,68267
1787797464341,15781728-83db-ba86-87ee-c2880d8480a9,/p/0/8c08057a1c6bd65a,1,200,456439,137.628,3470.424,131523
1787797463453,5d5a5106-edc4-1d8c-ddf7-cd66bba046fb,/p/1/87aa473b6acc3844,8,200,176935,322.346,4361.735,40565
1787797467144,c5f96876-5074-e161-30ce-f4d44e01fe33,/p/7/b5d5c45372c86cd5,7,200,38331,207.381,895.241,42816
1787797467723,5bb2dcb3-e65e-13f8-9e97-775375e86d63,/p/2/57361f5dfd226e4c,11,200,6273,311.627,423.545,14811
1787797466808,e67917a4-014a-b4ce-4d64-d7e24b4dbbd5,/p/0/13079d67858ffe7f,4,200,2848402,312.322,1402.480,2030976
1787797467445,e67917a4-014a-b4ce-4d64-d7e24b4dbbd5,/p/0/ffaf413bed4a68b5,5,200,451609,375.477,767.070,588746
1787797467714,15781728-83db-ba86-87ee-c2880d8480a9,/p/0/b6328640fa54445f,2,200,79334,97.248,582.791,136128
1787797467714,15781728-83db-ba86-87ee-c2880d8480a9,/p/0/b6328740fa544612,2,200,42792,212.193,642.095,66644
1787797445132,9b6facf4-1b02-23d8-fb60-de9ed8e411f9,/p/0/3bd6f52401e0b33e,6,200,6245368,127.667,23397.911,266920
1787797466839,723b420d-3eda-b93a-be92-2b324e84df62,/p/1/f968096dbf495adb,5,200,91212,325.406,1968.229,46342
1787797450576,62a4cefc-2434-7945-7c04-3ff814c3a24f,/p/8/bc768306ac443b0c,7,200,2467096,311.321,18239.113,135264
1787797468631,b584fd37-32ee-bbe2-9a1d-080e1ff1d15f,/?crawl=124,0,200,81361,56.852,303.925,267701
1787797467714,15781728-83db-ba86-87ee-c2880d8480a9,/p/11/b6328840fa5447c5,2,200,347975,152.565,1362.388,255416
1787797460457,9c3c4ed3-7b64-c0d9-7be5-3309e0cce279,/p/0/49f1a76d7ce76e48,2,200,364100,387.900,8626.250,42208
1787797468816,62a4cefc-2434-7945-7c04-3ff814c3a24f,/p/0/9af926857e4159e8,8,200,6862,292.749,458.762,14958
1787797438739,21d8ef89-c627-98d7-2ec2-8cbc3d24ca15,/p/0/f123e78a7654c7c3,1,200,5111694,42.657,30574.287,167189
1787797442596,eb957d3e-5c52-e90f-b8e1-44e17859dc9b,/p/0/d237955e5d5b9b3b,1,200,2904583,141.846,27005.636,107555
1787797468631,488eb045-67a1-089b-f570-bec2086609ff,/?crawl=123,0,200,169498,83.081,974.437,173944
1787797456632,a91d6e15-10a3-164c-ecc3-b0fa8e9338e4,/?crawl=110,0,200,6282190,37.788,13084.583,480122
1787797468147,5bb2dcb3-e65e-13f8-9e97-775375e86d63,/p/0/e404e12dd3b86326,12,200,66472,341.206,1574.752,42211
1787797464624,a776d2e4-61dd-f4bf-a959-7057990f7aff,/p/8/2b1ead9d89f5d65,7,200,254731,280.987,5148.522,49477
1787797467724,5bb2dcb3-e65e-13f8-9e97-775375e86d63,/p/0/5736215dfd2271b2,11,200,191225,288.848,2159.261,88560
1787797438739,21d8ef89-c627-98d7-2ec2-8cbc3d24ca15,/p/2/f123e98a7654cb29,1,200,5086762,42.564,31292.607,162555
1787797423654,418530c3-e63b-5a60-d864-171d3888496b,/p/0/c30c2996b645db58,5,200,5934204,371.181,46463.596,127717
1787797460547,9ab40283-f209-5116-d31d-55e6dfb10446,/p/1/5b630f163afbf5d1,5,200,170682,769.199,9705.385,17586
1787797465631,a9799f6d-0f99-9d57-a23d-b3c8518a6fcb,/?crawl=120,0,200,4642830,13.643,4676.202,992863
1787797469631,bfe43ec9-8fa0-2a7f-d056-b7bf188e95a4,/?crawl=126,0,200,207123,55.731,722.305,286753
1787797467631,c0d2f8f9-df08-a824-1815-28a762d9f3e1,/?crawl=121,0,200,93235,252.062,2759.428,33788
1787797460457,9c3c4ed3-7b64-c0d9-7be5-3309e0cce279,/p/0/49f1aa6d7ce77361,2,200,353863,422.825,9933.791,35622
1787797469717,a91d6e15-10a3-164c-ecc3-b0fa8e9338e4,/p/0/f89dac1c87d0d97b,1,200,149429,29.482,758.641,196969
1787797464568,723b420d-3eda-b93a-be92-2b324e84df62,/p/0/9ad63a172af12ff5,4,200,161007,357.381,5934.363,27131
1787797469076,15781728-83db-ba86-87ee-c2880d8480a9,/p/0/7f5c8bf79d7bdb5c,3,200,213974,97.983,1492.299,143386
1787797470631,dbb03339-eea4-163e-f3c9-0923228b987b,/?crawl=128,0,200,9051,20.881,30.737,294462
1787797445132,afa6cb26-104f-9508-97ab-dde183c72f12,/p/0/7ab058d46d2768b3,3,200,3602340,142.558,25575.197,140853
1787797467800,a776d2e4-61dd-f4bf-a959-7057990f7aff,/p/0/2b1e9d9d89f5bb2,7,200,234154,176.034,3043.962,76924
1787797468816,62a4cefc-2434-7945-7c04-3ff814c3a24f,/p/0/9af929857e415f01,8,200,245808,209.455,2103.017,116884
1787797470307,a9799f6d-0f99-9d57-a23d-b3c8518a6fcb,/p/3/c962cc085104b80a,1,200,274551,67.120,662.439,414455
1787797470307,a9799f6d-0f99-9d57-a23d-b3c8518a6fcb,/p/0/c962cd085104b9bd,1,200,305487,60.662,773.989,394692
1787797468039,c5f96876-5074-e161-30ce-f4d44e01fe33,/p/0/b5d5c25372c8696f,7,200,217381,248.775,3181.168,68334
1787797470032,21d8ef89-c627-98d7-2ec2-8cbc3d24ca15,/p/1/4d61129f92f593ab,2,200,135348,248.129,1202.740,112533
1787797470307,a9799f6d-0f99-9d57-a23d-b3c8518a6fcb,/p/0/c962ca085104b4a4,1,200,415511,12.583,1000.049,415491
1787797460929,b62d92a6-2e28-69c1-d2ac-48812da5a869,/p/0/1f7257d7b106c754,1,200,2654329,18.076,10441.167,254218
1787797470031,21d8ef89-c627-98d7-2ec2-8cbc3d24ca15,/p/0/4d61149f92f59711,2,200,145880,63.571,1393.232,104706
1787797459599,0160c204-bd39-f6af-e94f-39c6fc4dd920,/p/3/b2dcae3545a1bf1a,1,200,5746023,93.277,11909.193,482486
1787797470353,bfe43ec9-8fa0-2a7f-d056-b7bf188e95a4,/p/0/54e4cdd6d562f6fe,1,200,160955,48.501,1204.068,133676
1787797470353,bfe43ec9-8fa0-2a7f-d056-b7bf188e95a4,/p/5/54e4cbd6d562f398,1,200,75599,265.334,1204.070,62786
1787797469076,15781728-83db-ba86-87ee-c2880d8480a9,/p/10/7f5c8df79d7bdec2,3,200,340233,60.440,2501.606,136006
1787797464049,63d6c761-c481-9318-891c-07a2991ae62e,/p/0/97a9c0137161aebd,7,200,2940600,119.759,7558.813,389029
1787797464049,63d6c761-c481-9318-891c-07a2991ae62e,/p/1/97a9be137161ab57,7,200,3220092,130.425,7558.808,426005
1787797468147,5bb2dcb3-e65e-13f8-9e97-775375e86d63,/p/1/e404e22dd3b864d9,12,200,222736,249.833,3513.849,63388
1787797471234,21d8ef89-c627-98d7-2ec2-8cbc3d24ca15,/p/0/1614f7ef173a8eac,3,200,12660,232.921,485.728,26064
1787797469717,a91d6e15-10a3-164c-ecc3-b0fa8e9338e4,/p/3/f89dae1c87d0dce1,1,200,422585,89.119,2059.581,205180
1787797471557,bfe43ec9-8fa0-2a7f-d056-b7bf188e95a4,/p/4/d7c7f551dae2bdd1,2,200,7164,254.554,328.623,21800
1787797469717,a91d6e15-10a3-164c-ecc3-b0fa8e9338e4,/p/0/f89dad1c87d0db2e,1,200,493604,149.699,2178.655,226564
1787797461010,458e7d59-ccd1-a2b4-3ae1-c4419237d274,/p/5/838376b8e32affe8,9,200,2479339,246.324,10902.511,227410
1787797471508,0160c204-bd39-f6af-e94f-39c6fc4dd920,/p/0/bcb0c9748dccf136,2,200,85896,28.198,544.429,157773
1787797471776,a91d6e15-10a3-164c-ecc3-b0fa8e9338e4,/p/0/91f2903b710e9c75,2,200,61403,119.034,398.192,154205
1787797471776,a91d6e15-10a3-164c-ecc3-b0fa8e9338e4,/p/2/91f28f3b710e9ac2,2,200,36498,163.551,413.635,88237
1787797470970,a9799f6d-0f99-9d57-a23d-b3c8518a6fcb,/p/2/ed6946cb6516c3f8,2,200,499591,62.643,1302.076,383688
1787797468935,b584fd37-32ee-bbe2-9a1d-080e1ff1d15f,/p/0/7bb97791fe98e171,1,200,288810,49.193,3359.056,85980
1787797445048,c42549ee-1a1b-bc68-aaa1-cb2621d8352a,/p/13/d1ca5ad1c2160c75,4,200,2348931,227.077,27268.179,86142
1787797416977,c42549ee-1a1b-bc68-aaa1-cb2621d8352a,/p/0/67f4cf4b4075b32d,1,200,5835181,46.001,55341.668,105439
1787797466389,169ab19f-af23-0e9c-8851-b8d46c946a82,/p/0/5d4b012fe2f928e3,1,200,231050,167.962,5941.631,38887
1787797471631,6e7645d3-00f2-67c3-457f-0d55a5168369,/?crawl=130,0,200,510778,26.447,817.366,624907
1787797471508,0160c204-bd39-f6af-e94f-39c6fc4dd920,/p/2/bcb0ca748dccf2e9,2,200,202009,127.590,1067.279,189275
1787797471578,15781728-83db-ba86-87ee-c2880d8480a9,/p/9/fd0ff66fe04d8d17,4,200,71093,195.145,1012.127,70241
1787797471508,0160c204-bd39-f6af-e94f-39c6fc4dd920,/p/0/bcb0c8748dccef83,2,200,286602,84.821,1120.518,255776
1787797462613,b62d92a6-2e28-69c1-d2ac-48812da5a869,/p/0/a1af78ff14d095b1,3,200,2403993,137.352,10103.677,237932
1787797472590,15781728-83db-ba86-87ee-c2880d8480a9,/p/0/84602890c193fa04,5,200,7335,212.413,229.499,31961
1787797471631,c0076e2b-9e98-ee90-1ff7-07c9a50be582,/?crawl=131,0,200,256173,76.814,1330.621,192521
1787797471631,58a6a1ed-bac0-7b3e-bb57-1f0b230987e8,/?crawl=129,0,200,442554,53.152,1520.847,290992
1787797472272,a9799f6d-0f99-9d57-a23d-b3c8518a6fcb,/p/0/31c462686428583e,3,200,352343,70.446,1073.575,328196
1787797472316,c42549ee-1a1b-bc68-aaa1-cb2621d8352a,/p/0/b57aa7563b9b7d5f,5,200,216574,481.997,1031.133,210035
1787797472316,c42549ee-1a1b-bc68-aaa1-cb2621d8352a,/p/12/b57aa9563b9b80c5,5,200,139977,483.428,1032.402,135584
1787797472317,c42549ee-1a1b-bc68-aaa1-cb2621d8352a,/p/0/b57aa8563b9b7f12,5,200,241239,481.965,1037.307,232563
1787797466259,5d5a5106-edc4-1d8c-ddf7-cd66bba046fb,/p/0/87aa493b6acc3baa,8,200,268297,262.749,7171.948,37409
1787797471607,63d6c761-c481-9318-891c-07a2991ae62e,/p/0/25e451da04a312,8,200,336871,90.640,1897.003,177581
1787797433049,be193803-9a2e-d4ca-9e92-f8d98c7770e9,/p/0/58276014740a7c7e,1,0,2169771,132.526,40473.750,53609
1787797471607,63d6c761-c481-9318-891c-07a2991ae62e,/p/0/25e551da04a4c5,8,200,465575,193.400,1930.119,241216
1787797472448,6e7645d3-00f2-67c3-457f-0d55a5168369,/p/0/e207ef0bd454ddb9,1,200,223395,22.989,1149.921,194270
1787797470353,bfe43ec9-8fa0-2a7f-d056-b7bf188e95a4,/p/0/54e4ccd6d562f54b,1,200,256075,48.481,3320.574,77118
1787797472190,a91d6e15-10a3-164c-ecc3-b0fa8e9338e4,/p/0/90c50f16e5abe767,3,200,121093,218.220,1572.792,76992
1787797473631,10e9cb7f-2e3d-f64d-dcd3-6a092517b6eb,/?crawl=134,0,200,267903,11.008,149.094,1796876
1787797443847,afa6cb26-104f-9508-97ab-dde183c72f12,/p/0/bd9282a0b7a7de14,2,200,5841776,185.385,30016.680,194618
1787797473780,10e9cb7f-2e3d-f64d-dcd3-6a092517b6eb,/p/1/2fb1428226c0b29f,1,200,62018,33.865,100.687,615950
1787797473631,64802555-1cdf-5e60-dd16-3839b4c53a43,/?crawl=132,0,200,42045,78.559,260.629,161321
1787797473780,10e9cb7f-2e3d-f64d-dcd3-6a092517b6eb,/p/0/2fb1418226c0b0ec,1,200,68958,37.730,123.594,557940
1787797472448,6e7645d3-00f2-67c3-457f-0d55a5168369,/p/3/e207ed0bd454da53,1,200,334378,158.347,1518.188,220248
1787797468147,5bb2dcb3-e65e-13f8-9e97-775375e86d63,/p/0/e404e02dd3b86173,12,200,327046,341.279,5830.751,56090
1787797473152,58a6a1ed-bac0-7b3e-bb57-1f0b230987e8,/p/0/c17a757940c7fbd2,1,200,57574,47.710,877.382,65620
1787797472575,0160c204-bd39-f6af-e94f-39c6fc4dd920,/p/0/964dd2170392f9e8,3,200,394152,65.579,1556.504,253229
1787797468935,b584fd37-32ee-bbe2-9a1d-080e1ff1d15f,/p/0/7bb97491fe98dc58,1,200,482700,244.246,5247.181,91992
1787797471578,15781728-83db-ba86-87ee-c2880d8480a9,/p/0/fd0ff86fe04d907d,4,200,244160,215.127,2616.702,93308
1787797472448,6e7645d3-00f2-67c3-457f-0d55a5168369,/p/0/e207ec0bd454d8a0,1,200,306266,198.344,1748.260,175183
1787797472190,a91d6e15-10a3-164c-ecc3-b0fa8e9338e4,/p/0/90c51016e5abe91a,3,200,301378,161.629,2024.883,148837
1787797472190,a91d6e15-10a3-164c-ecc3-b0fa8e9338e4,/p/1/90c51116e5abeacd,3,200,279879,189.992,2039.413,137235
1787797460547,9ab40283-f209-5116-d31d-55e6dfb10446,/p/0/5b630d163afbf26b,5,200,296563,672.081,13708.996,21633
1787797467457,c5f96876-5074-e161-30ce-f4d44e01fe33,/p/0/b5d5c35372c86b22,7,200,464237,217.253,6913.693,67147
1787797462964,9c3c4ed3-7b64-c0d9-7be5-3309e0cce279,/p/0/da4d249fc7e1e07c,3,200,416202,390.681,11489.241,36225
1787797473349,c42549ee-1a1b-bc68-aaa1-cb2621d8352a,/p/11/d18ac6e0205d6bab,6,200,230472,982.489,1105.433,208490
1787797471912,458e7d59-ccd1-a2b4-3ae1-c4419237d274,/p/0/b6e72a615b8409be,10,200,192120,146.712,2661.775,72177
1787797473967,6e7645d3-00f2-67c3-457f-0d55a5168369,/p/2/2a32e90d6999d246,2,200,69465,215.929,654.650,106110
1787797472575,0160c204-bd39-f6af-e94f-39c6fc4dd920,/p/1/964dd4170392fd4e,3,200,331753,65.641,2183.928,151907
1787797470844,a776d2e4-61dd-f4bf-a959-7057990f7aff,/p/7/89497482021d861b,8,200,283582,242.923,3930.950,72141
1787797473631,05e0c067-bb60-57b9-9b87-4c61ab06cea0,/?crawl=133,0,200,245541,72.640,1209.151,203069
1787797473152,58a6a1ed-bac0-7b3e-bb57-1f0b230987e8,/p/3/c17a767940c7fd85,1,200,208013,72.889,1695.230,122705
1787797474230,a91d6e15-10a3-164c-ecc3-b0fa8e9338e4,/p/0/c14ebf607f5e11,4,200,70973,147.060,842.802,84211
1787797473349,c42549ee-1a1b-bc68-aaa1-cb2621d8352a,/p/0/d18ac8e0205d6f11,6,200,433435,981.822,1756.131,246812
1787797434990,c42549ee-1a1b-bc68-aaa1-cb2621d8352a,/p/0/103b3adfdcae2936,2,200,5791437,246.405,40116.967,144364
1787797434990,c42549ee-1a1b-bc68-aaa1-cb2621d8352a,/p/0/103b39dfdcae2783,2,200,5758513,246.360,40122.625,143523
1787797474455,c42549ee-1a1b-bc68-aaa1-cb2621d8352a,/p/10/64249a5abce5496,7,200,301098,623.779,691.347,435524
1787797450590,f81c977b-6f60-aa48-f6b0-0b360d6b952b,/p/0/e72bdf97ecc3b944,1,200,4141722,36.966,24573.708,168543
1787797474759,0160c204-bd39-f6af-e94f-39c6fc4dd920,/p/0/e5820c93324c4fb7,4,200,28063,166.171,456.538,61469
1787797474455,c42549ee-1a1b-bc68-aaa1-cb2621d8352a,/p/0/6424aa5abce5649,7,200,482863,620.983,774.706,623285
1787797470390,c0d2f8f9-df08-a824-1815-28a762d9f3e1,/p/0/5ccd2065e59fac6a,1,200,75238,761.386,4876.905,15427
1787797472590,15781728-83db-ba86-87ee-c2880d8480a9,/p/0/84602b90c193ff1d,5,200,162452,212.518,2694.080,60300
1787797462613,b62d92a6-2e28-69c1-d2ac-48812da5a869,/p/0/a1af75ff14d09098,3,200,4865419,106.953,12773.617,380896
1787797474840,05e0c067-bb60-57b9-9b87-4c61ab06cea0,/p/0/7572436968efd219,1,200,33197,242.483,551.769,60165
1787797474631,3a43c60b-5a61-3496-f2c5-9c4d4c7163b0,/?crawl=137,0,200,436722,29.599,834.506,523330
1787797453523,f81c977b-6f60-aa48-f6b0-0b360d6b952b,/p/0/7b2491931c114695,2,200,3750985,205.556,22043.639,170162
1787797447315,eb957d3e-5c52-e90f-b8e1-44e17859dc9b,/p/0/9552f4119d46eeb6,3,200,3989786,204.485,28268.823,141137
1787797453702,eb957d3e-5c52-e90f-b8e1-44e17859dc9b,/p/0/ee742a56d55d1dd2,5,200,3119476,257.672,21899.307,142446
1787797474760,0160c204-bd39-f6af-e94f-39c6fc4dd920,/p/0/e5820b93324c4e04,4,200,143347,263.453,946.943,151379
1787797471578,15781728-83db-ba86-87ee-c2880d8480a9,/p/0/fd0ff56fe04d8b64,4,200,428269,215.009,4228.929,101271
1787797474631,0fbbe26e-91ea-f186-a42b-b756aff181dc,/?crawl=138,0,200,418215,45.751,1228.986,340293
1787797473881,10e9cb7f-2e3d-f64d-dcd3-6a092517b6eb,/p/0/a09e566971d74274,2,200,484142,43.858,1984.112,244009
1787797443076,1c1da836-b2b3-14dc-dca7-b1493bc22ca4,/p/0/c268259eedfed8a9,6,200,4881661,42.126,32816.613,148756
1787797467815,5d5a5106-edc4-1d8c-ddf7-cd66bba046fb,/p/0/52d7316dfa621d1c,9,200,498986,436.737,8082.683,61735
1787797467723,5bb2dcb3-e65e-13f8-9e97-775375e86d63,/p/0/5736205dfd226fff,11,200,477221,311.627,8194.905,58234
1787797474621,6e7645d3-00f2-67c3-457f-0d55a5168369,/p/1/54060c0a5bd421b9,3,200,114589,204.795,1302.779,87957
1787797473881,10e9cb7f-2e3d-f64d-dcd3-6a092517b6eb,/p/0/a09e596971d7478d,2,200,474694,68.906,2121.661,223737
1787797473881,10e9cb7f-2e3d-f64d-dcd3-6a092517b6eb,/p/0/a09e586971d745da,2,200,512469,54.362,2136.730,239838
1787797473967,6e7645d3-00f2-67c3-457f-0d55a5168369,/p/0/2a32e70d6999cee0,2,200,176114,230.014,2065.848,85250
1787797472590,15781728-83db-ba86-87ee-c2880d8480a9,/p/8/84602a90c193fd6a,5,200,275882,409.557,3469.827,79509
1787797475146,c42549ee-1a1b-bc68-aaa1-cb2621d8352a,/p/0/7df7614dc11504e2,8,200,143464,1031.038,1035.334,138568
1787797475146,c42549ee-1a1b-bc68-aaa1-cb2621d8352a,/p/9/7df7624dc1150695,8,200,45988,1030.892,1038.011,44304
1787797475146,c42549ee-1a1b-bc68-aaa1-cb2621d8352a,/p/0/7df7604dc115032f,8,200,168810,1031.535,1039.349,162419
1787797446951,b61245a9-66c2-d39a-8568-5c92774075b2,/p/0/2cece07f2ef2d8be,1,200,6085305,31.536,29283.302,207808
1787797455699,9ab40283-f209-5116-d31d-55e6dfb10446,/p/0/4d5edcb8341f87dd,4,200,428832,544.983,20720.425,20696
1787797474230,a91d6e15-10a3-164c-ecc3-b0fa8e9338e4,/p/0/c14cbf607f5aab,4,200,388349,161.738,2229.835,174160
1787797471661,5bb2dcb3-e65e-13f8-9e97-775375e86d63,/p/0/26dfe89985804111,13,200,315300,266.659,4883.327,64567
1787797474621,6e7645d3-00f2-67c3-457f-0d55a5168369,/p/0/54060a0a5bd41e53,3,200,157379,156.840,1984.089,79321
1787797471557,bfe43ec9-8fa0-2a7f-d056-b7bf188e95a4,/p/0/d7c7f451dae2bc1e,2,200,252045,277.034,5075.535,49659
1787797473431,5d5a5106-edc4-1d8c-ddf7-cd66bba046fb,/p/0/52d7326dfa621ecf,9,200,210388,240.360,3259.693,64542
1787797474840,05e0c067-bb60-57b9-9b87-4c61ab06cea0,/p/5/7572426968efd066,1,200,155136,207.872,1964.704,78962
1787797471607,63d6c761-c481-9318-891c-07a2991ae62e,/p/0/25e251da049fac,8,200,2466366,203.763,5265.060,468440
1787797473780,10e9cb7f-2e3d-f64d-dcd3-6a092517b6eb,/p/0/2fb1448226c0b605,1,200,2219690,10.784,3126.382,709987
1787797473967,6e7645d3-00f2-67c3-457f-0d55a5168369,/p/0/2a32ea0d6999d3f9,2,200,441707,229.926,3169.025,139383
1787797438631,ba73bdad-b169-8525-68b0-e3946e53462b,/?crawl=92,0,200,3805640,189.306,38805.079,98071
1787797472962,c0076e2b-9e98-ee90-1ff7-07c9a50be582,/p/5/4e9d97ae3fb9e440,1,200,290229,109.894,4714.419,61562
1787797473152,58a6a1ed-bac0-7b3e-bb57-1f0b230987e8,/p/0/c17a747940c7fa1f,1,200,508993,47.869,4597.906,110701
1787797475465,3a43c60b-5a61-3496-f2c5-9c4d4c7163b0,/p/0/c31b95dfbb5ba54c,1,200,268506,28.444,2306.857,116395
1787797460547,9ab40283-f209-5116-d31d-55e6dfb10446,/p/0/5b630e163afbf41e,5,200,360510,641.732,17431.055,20682
1787797476184,c42549ee-1a1b-bc68-aaa1-cb2621d8352a,/p/0/bd6f3647b84033ee,9,200,121116,1251.371,1856.781,65229
1787797430148,aaff7191-9dde-147b-d0ca-aad85d6e9641,/p/7/fde53fc62a00fd84,6,200,5052065,359.542,47908.924,105451
1787797476184,c42549ee-1a1b-bc68-aaa1-cb2621d8352a,/p/0/bd6f3547b840323b,9,200,227174,1844.363,2199.111,103303
1787797470032,21d8ef89-c627-98d7-2ec2-8cbc3d24ca15,/p/0/4d61119f92f591f8,2,200,2788233,63.489,8437.393,330461
1787797468807,723b420d-3eda-b93a-be92-2b324e84df62,/p/0/f968086dbf495928,5,200,472117,424.649,9681.648,48764
1787797476805,05e0c067-bb60-57b9-9b87-4c61ab06cea0,/p/0/94138a937b37b9e3,2,200,40384,413.637,1799.305,22444
1787797470631,20ff866f-0452-c945-cde1-cdc9b1d5805a,/?crawl=127,0,200,408226,238.217,8034.562,50809
1787797475465,3a43c60b-5a61-3496-f2c5-9c4d4c7163b0,/p/0/c31b98dfbb5baa65,1,200,348686,137.189,3235.023,107785
1787797476184,c42549ee-1a1b-bc68-aaa1-cb2621d8352a,/p/8/bd6f3747b84035a1,9,200,472917,1251.817,2532.161,186764
1787797450169,b61245a9-66c2-d39a-8568-5c92774075b2,/p/0/5f6843eccf02ebc9,2,200,6224593,192.705,28572.976,217849
1787797476060,15781728-83db-ba86-87ee-c2880d8480a9,/p/0/8b79841bc05d97bd,6,200,210273,254.118,2788.992,75394
1787797474847,58a6a1ed-bac0-7b3e-bb57-1f0b230987e8,/p/0/f67e96add247136d,2,200,314805,239.469,4141.918,76005
1787797474775,a776d2e4-61dd-f4bf-a959-7057990f7aff,/p/0/89497382021d8468,8,200,217113,209.028,4214.446,51516
1787797476060,15781728-83db-ba86-87ee-c2880d8480a9,/p/7/8b79821bc05d9457,6,200,336702,213.356,3181.798,105821
1787797471557,bfe43ec9-8fa0-2a7f-d056-b7bf188e95a4,/p/0/d7c7f351dae2ba6b,2,200,367437,254.615,7692.242,47767
1787797474621,6e7645d3-00f2-67c3-457f-0d55a5168369,/p/0/54060b0a5bd42006,3,200,420203,173.407,4634.529,90668
1787797475924,6e7645d3-00f2-67c3-457f-0d55a5168369,/p/0/406d15fce7cce789,4,200,456714,171.346,3501.705,130426
1787797471234,21d8ef89-c627-98d7-2ec2-8cbc3d24ca15,/p/0/1614f8ef173a905f,3,200,4085157,211.892,8341.866,489717
1787797471234,21d8ef89-c627-98d7-2ec2-8cbc3d24ca15,/p/0/1614faef173a93c5,3,200,4411001,211.843,8455.642,521664
1787797459582,c3ccb6ab-7a94-eba1-f582-acd04a337457,/p/1/ddd4939389c11b8e,2,200,6025744,64.035,20140.077,299192
1787797470390,c0d2f8f9-df08-a824-1815-28a762d9f3e1,/p/2/5ccd2165e59fae1d,1,200,214197,761.494,9390.361,22810
1787797479631,ea6c9012-92f7-6ca5-a8c7-969c8a62c197,/?crawl=141,0,200,129742,24.859,220.449,588535
1787797471886,bfe43ec9-8fa0-2a7f-d056-b7bf188e95a4,/p/0/8209d24008652e79,3,200,362496,1411.004,8008.075,45266
1787797470390,c0d2f8f9-df08-a824-1815-28a762d9f3e1,/p/0/5ccd1f65e59faab7,1,200,249467,374.265,9518.135,26210
1787797471886,bfe43ec9-8fa0-2a7f-d056-b7bf188e95a4,/p/0/8209cf4008652960,3,200,483825,1188.997,8218.344,58871
1787797445447,eb957d3e-5c52-e90f-b8e1-44e17859dc9b,/p/0/1b9fb50f0ac02d66,2,200,6038121,169.983,34672.545,174147
1787797479242,15781728-83db-ba86-87ee-c2880d8480a9,/p/6/542841b0d14b0181,7,200,72842,212.704,1239.919,58747
1787797466032,723b420d-3eda-b93a-be92-2b324e84df62,/p/0/9ad637172af12adc,4,200,502562,416.329,14650.709,34303
1787797480631,c1161622-07c0-a623-c244-7d7c1af1985f,/?crawl=142,0,200,10129,58.445,84.090,120454
1787797470503,723b420d-3eda-b93a-be92-2b324e84df62,/p/0/f9680b6dbf495e41,5,200,354835,386.393,10310.317,34416
1787797444897,1c1da836-b2b3-14dc-dca7-b1493bc22ca4,/p/0/9143e285bb9126b,8,200,6061954,62.474,35944.521,168648
1787797476805,05e0c067-bb60-57b9-9b87-4c61ab06cea0,/p/4/941389937b37b830,2,200,268646,413.623,4139.875,64892
1787797374322,69e3f629-204b-a521-d46c-17022bb9325b,/p/0/54ed6e713cfbe258,1,200,2899325,127.306,106764.249,27156
1787797472272,a9799f6d-0f99-9d57-a23d-b3c8518a6fcb,/p/1/31c46368642859f1,3,200,2551165,82.195,8864.524,287795
1787797473349,c42549ee-1a1b-bc68-aaa1-cb2621d8352a,/p/0/d18ac5e0205d69f8,6,200,4813035,981.368,7803.442,616784
1787797480631,e6ffe83c-bb05-5408-1b56-b486267ebeb9,/?crawl=143,0,200,184993,55.497,658.826,280792
1787797462528,a51f9150-898b-ba9b-7432-11e1fcd1c3e6,/p/7/d75b3679cc4a47a0,1,200,5696633,207.219,18763.062,303609
1787797478057,aaff7191-9dde-147b-d0ca-aad85d6e9641,/p/0/3290ad7245e89ed5,7,200,163878,315.594,3329.993,49213
1787797480715,c1161622-07c0-a623-c244-7d7c1af1985f,/p/0/8ecc627d1439a7bc,1,200,133499,49.750,684.624,194996
1787797481631,ad3c456b-5574-4ec8-b695-45e6b3670b3a,/?crawl=145,0,200,34874,62.454,62.773,555557
1787797472962,c0076e2b-9e98-ee90-1ff7-07c9a50be582,/p/0/4e9d98ae3fb9e5f3,1,200,500780,77.444,8976.565,55787
1787797476060,15781728-83db-ba86-87ee-c2880d8480a9,/p/0/8b79811bc05d92a4,6,200,513952,193.405,6076.738,84577
1787797476805,05e0c067-bb60-57b9-9b87-4c61ab06cea0,/p/0/94138b937b37bb96,2,200,285847,379.135,5349.388,53435
1787797479851,ea6c9012-92f7-6ca5-a8c7-969c8a62c197,/p/0/fb620e1f7f9eb35c,1,200,360609,23.999,2403.792,150017
1787797474371,c5f96876-5074-e161-30ce-f4d44e01fe33,/p/0/ff318f1a0b57bee1,8,200,455915,207.642,7992.968,57040
1787797481631,812eae03-672a-0f08-ae5b-bd474ffd5545,/?crawl=144,0,200,274035,40.710,733.618,373539
1787797474631,317c9df5-6f3a-1285-5059-e8b6a5cf7384,/?crawl=136,0,200,453741,6101.302,7777.280,58342
1787797479722,c3ccb6ab-7a94-eba1-f582-acd04a337457,/p/0/5d69cd51fd5d8848,3,200,433025,4.462,2802.935,154490
1787797479722,c3ccb6ab-7a94-eba1-f582-acd04a337457,/p/0/5d69ce51fd5d89fb,3,200,490553,8.493,2809.928,174579
1787797482408,317c9df5-6f3a-1285-5059-e8b6a5cf7384,/p/0/5685eb3d4ff69b5f,1,200,44327,36.435,130.055,340833
1787797480945,05e0c067-bb60-57b9-9b87-4c61ab06cea0,/p/0/5c8c210a5e07d7a8,3,200,52356,485.155,1688.851,31001
1787797481136,a9799f6d-0f99-9d57-a23d-b3c8518a6fcb,/p/0/f3af9eb1ed689fac,4,200,209547,76.615,1511.052,138676
1787797479851,ea6c9012-92f7-6ca5-a8c7-969c8a62c197,/p/5/fb620f1f7f9eb50f,1,200,407152,117.184,2806.774,145060
1787797474631,d86cc230-db90-b497-3149-baa23a114ea9,/?crawl=135,0,200,3332325,33.585,8146.151,409067
1787797482408,317c9df5-6f3a-1285-5059-e8b6a5cf7384,/p/0/5685ed3d4ff69ec5,1,200,85441,147.407,563.731,151563
1787797458631,41e84dca-a143-1f51-da0d-7c832f47980d,/?crawl=114,0,200,4311633,51.998,24348.631,177079
1787797480715,c1161622-07c0-a623-c244-7d7c1af1985f,/p/5/8ecc647d1439ab22,1,200,267029,264.932,2283.821,116922
1787797481136,a9799f6d-0f99-9d57-a23d-b3c8518a6fcb,/p/0/f3afa0b1ed68a312,4,200,433930,70.928,1865.746,232577
1787797477676,c0076e2b-9e98-ee90-1ff7-07c9a50be582,/p/0/8fa3a4cbc1410aed,2,200,214944,474.436,5362.138,40086
1787797482408,317c9df5-6f3a-1285-5059-e8b6a5cf7384,/p/0/5685ec3d4ff69d12,1,200,122091,218.795,652.054,187241
1787797479242,15781728-83db-ba86-87ee-c2880d8480a9,/p/0/542840b0d14affce,7,200,297694,192.435,3851.629,77290
1787797478716,c42549ee-1a1b-bc68-aaa1-cb2621d8352a,/p/0/512b5042ef35c33d,10,200,142957,2581.280,4402.103,32475
1787797481136,a9799f6d-0f99-9d57-a23d-b3c8518a6fcb,/p/0/f3afa1b1ed68a4c5,4,200,481003,76.548,2026.837,237317
1787797478716,c42549ee-1a1b-bc68-aaa1-cb2621d8352a,/p/0/512b4d42ef35be24,10,200,111869,2655.595,4468.753,25034
1787797481291,a51f9150-898b-ba9b-7432-11e1fcd1c3e6,/p/6/6f2dcd43ca84360b,2,200,221181,60.637,1997.487,110730
1787797480945,05e0c067-bb60-57b9-9b87-4c61ab06cea0,/p/0/5c8c240a5e07dcc1,3,200,72087,485.048,2344.716,30744
1787797467631,24cf615a-3c96-a59f-a36e-c0204739b056,/?crawl=122,0,200,4787307,44.742,15711.926,304693
1787797483343,24cf615a-3c96-a59f-a36e-c0204739b056,/p/0/a28e234d27cecf4a,1,200,13241,42.576,64.024,206813
1787797478057,aaff7191-9dde-147b-d0ca-aad85d6e9641,/p/6/3290ac7245e89d22,7,200,476543,315.635,5404.116,88181
1787797482658,ea6c9012-92f7-6ca5-a8c7-969c8a62c197,/p/0/ee5f87d672c26525,2,200,65691,131.637,862.873,76131
1787797475898,5d5a5106-edc4-1d8c-ddf7-cd66bba046fb,/p/0/52d7336dfa622082,9,200,489654,397.697,7680.887,63750
1787797483343,24cf615a-3c96-a59f-a36e-c0204739b056,/p/0/a28e214d27cecbe4,1,200,36350,128.393,236.522,153686
1787797479242,15781728-83db-ba86-87ee-c2880d8480a9,/p/0/54283fb0d14afe1b,7,200,229651,269.810,4356.757,52711
1787797457775,9c3c4ed3-7b64-c0d9-7be5-3309e0cce279,/p/0/653356bef335e368,1,200,4028033,385.497,25954.814,155194
1787797468935,b584fd37-32ee-bbe2-9a1d-080e1ff1d15f,/p/3/7bb97691fe98dfbe,1,200,3135646,170.396,14806.020,211782
1787797462964,9c3c4ed3-7b64-c0d9-7be5-3309e0cce279,/p/0/da4d279fc7e1e595,3,200,3822910,531.205,20816.147,183651
1787797482631,2e060094-5db8-ba29-5350-3e2835d4ac54,/?crawl=146,0,200,316321,60.400,1282.015,246737
1787797450576,62a4cefc-2434-7945-7c04-3ff814c3a24f,/p/0/bc768506ac443e72,7,200,4604093,270.313,33342.866,138083
1787797481291,a51f9150-898b-ba9b-7432-11e1fcd1c3e6,/p/0/6f2dcc43ca843458,2,200,225706,320.251,2704.200,83465
1787797483289,a51f9150-898b-ba9b-7432-11e1fcd1c3e6,/p/0/39985d418dbfa2fc,3,200,75133,208.919,849.715,88421
1787797468816,62a4cefc-2434-7945-7c04-3ff814c3a24f,/p/7/9af927857e415b9b,8,200,2533746,251.403,15441.222,164090
1787797482658,ea6c9012-92f7-6ca5-a8c7-969c8a62c197,/p/0/ee5f84d672c2600c,2,200,268645,142.149,1601.250,167772
1787797480482,15781728-83db-ba86-87ee-c2880d8480a9,/p/5/209735cc2ca3b1df,8,200,206063,232.141,3858.688,53402
1787797470253,9ab40283-f209-5116-d31d-55e6dfb10446,/p/0/ae3a6890abcc9c16,6,200,373815,764.195,14285.878,26167
1787797478716,c42549ee-1a1b-bc68-aaa1-cb2621d8352a,/p/7/512b4e42ef35bfd7,10,200,335742,2581.279,5851.477,57377
1787797482658,ea6c9012-92f7-6ca5-a8c7-969c8a62c197,/p/4/ee5f86d672c26372,2,200,418296,292.452,1981.709,211078
1787797475105,c42549ee-1a1b-bc68-aaa1-cb2621d8352a,/p/0/64247a5abce5130,7,200,3920894,1071.688,9601.486,408363
1787797483343,24cf615a-3c96-a59f-a36e-c0204739b056,/p/0/a28e224d27cecd97,1,200,416073,63.964,1398.273,297562
1787797484640,ea6c9012-92f7-6ca5-a8c7-969c8a62c197,/p/3/bfa5fe539371a3d,3,200,14640,132.063,219.193,66790
1787797484631,95af13e3-679d-df04-993b-a734f844a8ca,/?crawl=149,0,200,68435,56.572,279.178,245130
1787797483631,a0d89031-7268-879e-e788-3965e7a283ea,/?crawl=147,0,200,447921,45.006,1322.467,338701
1787797484640,ea6c9012-92f7-6ca5-a8c7-969c8a62c197,/p/0/bfa5ee53937188a,3,200,30701,143.857,392.621,78195
1787797484341,15781728-83db-ba86-87ee-c2880d8480a9,/p/4/ed64b6594440c77f,9,200,63735,240.049,721.043,88393
1787797481694,ad3c456b-5574-4ec8-b695-45e6b3670b3a,/p/0/adb8b8a92d32db10,1,200,165865,3478.397,3505.282,47319
1787797467445,e67917a4-014a-b4ce-4d64-d7e24b4dbbd5,/p/0/ffaf3f3bed4a654f,5,200,5210475,375.836,17920.656,290752
1787797483461,aaff7191-9dde-147b-d0ca-aad85d6e9641,/p/0/e7fbd8fc95bbb9ed,8,200,150372,311.671,2018.335,74503
1787797483913,2e060094-5db8-ba29-5350-3e2835d4ac54,/p/11/41230f06c1cdd2d6,1,200,83807,140.355,1584.271,52899
1787797484859,ea6c9012-92f7-6ca5-a8c7-969c8a62c197,/p/0/e3d7b5e3cbe76581,4,200,45501,113.889,722.158,63007
1787797483742,b584fd37-32ee-bbe2-9a1d-080e1ff1d15f,/p/2/5b931d121f69b581,2,200,194326,149.345,1883.179,103190
1787797478990,a776d2e4-61dd-f4bf-a959-7057990f7aff,/p/0/89497682021d8981,8,200,378155,211.925,7028.941,53800
1787797484257,62a4cefc-2434-7945-7c04-3ff814c3a24f,/p/0/1c3fa900d2040d27,9,200,177785,445.614,1778.330,99973
1787797483461,aaff7191-9dde-147b-d0ca-aad85d6e9641,/p/0/e7fbd5fc95bbb4d4,8,200,442834,311.719,2595.137,170640
1787797484859,ea6c9012-92f7-6ca5-a8c7-969c8a62c197,/p/0/e3d7b2e3cbe76068,4,200,141666,126.487,1197.611,118290
1787797430533,aaff7191-9dde-147b-d0ca-aad85d6e9641,/p/0/fde540c62a00ff37,6,200,6017826,287.528,55534.940,108361
1787797472272,a9799f6d-0f99-9d57-a23d-b3c8518a6fcb,/p/0/31c461686428568b,3,200,4503454,70.526,13824.491,325759
1787797479781,c0d2f8f9-df08-a824-1815-28a762d9f3e1,/p/0/f16346bbb4231cb,2,200,217442,1252.665,6339.289,34301
1787797482999,c1161622-07c0-a623-c244-7d7c1af1985f,/p/0/a5d3cbcc96fd7e0e,2,200,310619,1064.470,3234.298,96039
1787797470970,a9799f6d-0f99-9d57-a23d-b3c8518a6fcb,/p/0/ed6948cb6516c75e,2,200,5108874,74.446,15305.098,333802
1787797482999,c1161622-07c0-a623-c244-7d7c1af1985f,/p/4/a5d3cccc96fd7fc1,2,200,384055,1088.416,3622.714,106013
1787797480682,723b420d-3eda-b93a-be92-2b324e84df62,/p/0/7e5f8d146c04de05,6,200,180613,556.993,6034.363,29931
1787797484257,62a4cefc-2434-7945-7c04-3ff814c3a24f,/p/6/1c3fab00d204108d,9,200,358119,74.804,2465.752,145237
1787797482999,c1161622-07c0-a623-c244-7d7c1af1985f,/p/0/a5d3cacc96fd7c5b,2,200,316358,1040.977,3726.054,84904
1787797472575,0160c204-bd39-f6af-e94f-39c6fc4dd920,/p/0/964dd5170392ff01,3,200,3227535,173.218,14214.406,227061
1787797479781,c0d2f8f9-df08-a824-1815-28a762d9f3e1,/p/1/f16366bbb423531,2,200,505317,262.534,7026.329,71918
1787797484631,abadecde-19c3-fd7c-5c32-fbf4dc79162d,/?crawl=148,0,200,438400,75.469,2241.018,195625
1787797481291,a51f9150-898b-ba9b-7432-11e1fcd1c3e6,/p/0/6f2dcf43ca843971,2,200,512340,320.291,5622.973,91116
1787797486872,abadecde-19c3-fd7c-5c32-fbf4dc79162d,/p/0/34a66ae8fdb72fa,1,200,18089,72.941,146.663,123337
1787797479781,c0d2f8f9-df08-a824-1815-28a762d9f3e1,/p/0/f16356bbb42337e,2,200,385426,2251.850,7249.554,53165
1787797486807,c0d2f8f9-df08-a824-1815-28a762d9f3e1,/p/0/e869c2784acb1088,3,200,21993,223.275,223.474,98414
1787797470970,a9799f6d-0f99-9d57-a23d-b3c8518a6fcb,/p/0/ed6947cb6516c5ab,2,200,5955168,68.483,16062.817,370742
1787797477676,c0076e2b-9e98-ee90-1ff7-07c9a50be582,/p/4/8fa3a3cbc141093a,2,200,3668015,438.301,9374.227,391287
1787797477676,c0076e2b-9e98-ee90-1ff7-07c9a50be582,/p/0/8fa3a1cbc14105d4,2,200,4036467,402.930,9377.289,430451
1787797483289,a51f9150-898b-ba9b-7432-11e1fcd1c3e6,/p/5/39985e418dbfa4af,3,200,345304,230.868,3770.886,91571
1787797484257,62a4cefc-2434-7945-7c04-3ff814c3a24f,/p/0/1c3faa00d2040eda,9,200,337680,445.652,2839.969,118903
1787797483289,a51f9150-898b-ba9b-7432-11e1fcd1c3e6,/p/0/399860418dbfa815,3,200,453412,293.035,3812.574,118925
1787797485631,52fbfa5e-cbd4-6de6-adcc-4411d2409c1e,/?crawl=150,0,200,450281,52.056,1541.965,292018
1787797486807,c0d2f8f9-df08-a824-1815-28a762d9f3e1,/p/0/e869c3784acb123b,3,200,50350,223.719,424.228,118686
1787797486723,62a4cefc-2434-7945-7c04-3ff814c3a24f,/p/0/dd156359183ab3f,10,200,14744,208.199,541.340,27236
1787797484953,a0d89031-7268-879e-e788-3965e7a283ea,/p/0/d48d62645668c583,1,200,200969,42.387,2312.366,86911
1787797484859,ea6c9012-92f7-6ca5-a8c7-969c8a62c197,/p/2/e3d7b4e3cbe763ce,4,200,450738,194.875,2455.826,183538
1787797486807,c0d2f8f9-df08-a824-1815-28a762d9f3e1,/p/0/e869c5784acb15a1,3,200,262019,223.623,632.612,414186
1787797486872,abadecde-19c3-fd7c-5c32-fbf4dc79162d,/p/0/34a65ae8fdb7147,1,200,50990,146.571,585.488,87090
1787797485625,b584fd37-32ee-bbe2-9a1d-080e1ff1d15f,/p/0/b31c64f82b03867a,3,200,159210,319.110,1902.328,83692
1787797487173,52fbfa5e-cbd4-6de6-adcc-4411d2409c1e,/p/0/ede7857801b2a1f2,1,200,12414,250.610,371.103,33452
1787797487173,52fbfa5e-cbd4-6de6-adcc-4411d2409c1e,/p/0/ede7867801b2a3a5,1,200,77084,149.124,596.026,129330
1787797483913,2e060094-5db8-ba29-5350-3e2835d4ac54,/p/0/41231006c1cdd489,1,200,216327,171.638,3913.232,55281
1787797486622,c1161622-07c0-a623-c244-7d7c1af1985f,/p/3/4745fea813604df9,3,200,174657,139.001,1309.126,133415
1787797486723,62a4cefc-2434-7945-7c04-3ff814c3a24f,/p/0/dd157359183acf2,10,200,146231,270.100,1220.856,119777
1787797474847,58a6a1ed-bac0-7b3e-bb57-1f0b230987e8,/p/2/f67e94add2471007,2,200,2461523,362.083,13261.387,185616
1787797478489,723b420d-3eda-b93a-be92-2b324e84df62,/p/0/7e5f8c146c04dc52,6,200,309408,390.131,9715.946,31845
1787797484953,a0d89031-7268-879e-e788-3965e7a283ea,/p/0/d48d63645668c736,1,200,296341,149.251,3258.283,90950
1787797486723,62a4cefc-2434-7945-7c04-3ff814c3a24f,/p/5/dd158359183aea5,10,200,271612,208.031,1548.553,175397
1787797484568,c42549ee-1a1b-bc68-aaa1-cb2621d8352a,/p/6/6f0e3eedda1c5a7c,11,200,382536,228.852,3735.506,102405
1787797475465,3a43c60b-5a61-3496-f2c5-9c4d4c7163b0,/p/5/c31b97dfbb5ba8b2,1,200,5775534,54.984,12942.251,446254
1787797458494,bc24846c-aab4-1d78-18c7-e91b24b29742,/p/3/efa833e09815f6b0,4,200,5177032,320.479,30075.541,172134
1787797487631,71a74354-aa89-7296-7b7e-c14168f4dfb4,/?crawl=152,0,200,407391,41.263,1091.350,373291
1787797477436,ba73bdad-b169-8525-68b0-e3946e53462b,/p/0/5db9922ce1b9d1b0,1,200,305195,191.428,11433.327,26693
1787797487315,ea6c9012-92f7-6ca5-a8c7-969c8a62c197,/p/0/5b6a5d928233869a,5,200,259127,145.199,1558.871,166227
1787797477436,ba73bdad-b169-8525-68b0-e3946e53462b,/p/0/5db9952ce1b9d6c9,1,200,495503,609.295,11465.373,43217
1787797477436,ba73bdad-b169-8525-68b0-e3946e53462b,/p/2/5db9942ce1b9d516,1,200,326161,384.908,11466.715,28444
1787797471912,458e7d59-ccd1-a2b4-3ae1-c4419237d274,/p/0/b6e729615b84080b,10,200,2421106,46.604,17013.782,142303
1787797487315,ea6c9012-92f7-6ca5-a8c7-969c8a62c197,/p/0/5b6a5c92823384e7,5,200,235997,120.917,1864.452,126577
1787797486622,c1161622-07c0-a623-c244-7d7c1af1985f,/p/0/4745fca813604a93,3,200,252789,125.877,2604.055,97075
1787797487060,a51f9150-898b-ba9b-7432-11e1fcd1c3e6,/p/0/26d0f209fa207a2f,4,200,319680,61.135,2262.567,141291
1787797456211,5d5a5106-edc4-1d8c-ddf7-cd66bba046fb,/p/0/72549f40cbd25c8f,6,200,2197595,395.900,33142.745,66307
1787797485497,2e060094-5db8-ba29-5350-3e2835d4ac54,/p/0/f37fec68e66475e6,2,200,227004,1093.957,3886.688,58406
1787797488722,71a74354-aa89-7296-7b7e-c14168f4dfb4,/p/0/c712dabcd87cb5cc,1,200,102602,36.905,683.471,150119
1787797488631,045b9ca5-a781-c867-b842-68f3db03e4e8,/?crawl=154,0,200,54574,213.904,830.559,65708
1787797488304,c42549ee-1a1b-bc68-aaa1-cb2621d8352a,/p/5/1231ff16513f8501,12,200,54860,520.296,1211.678,45276
1787797488631,b0923ba3-d944-456d-ae9b-d2ee20877ced,/?crawl=155,0,200,499297,29.042,912.928,546918
1787797488631,5edbe3a8-f834-5fa7-a6c5-ac7e9d74713b,/?crawl=153,0,200,492915,43.122,1116.579,441451
1787797483741,b584fd37-32ee-bbe2-9a1d-080e1ff1d15f,/p/0/5b931b121f69b21b,2,200,497128,50.350,6013.472,82669
1787797487173,52fbfa5e-cbd4-6de6-adcc-4411d2409c1e,/p/0/ede7847801b2a03f,1,200,432833,49.537,2704.762,160026
1787797488631,def7e2e3-70b7-e438-3156-fe53c35606b8,/?crawl=156,0,200,450511,42.914,1252.210,359773
1787797485625,b584fd37-32ee-bbe2-9a1d-080e1ff1d15f,/p/1/b31c65f82b03882d,3,200,319333,269.520,4352.268,73372
1787797480813,723b420d-3eda-b93a-be92-2b324e84df62,/p/0/7e5f8a146c04d8ec,6,200,467941,857.306,9380.158,49886
1787797483742,b584fd37-32ee-bbe2-9a1d-080e1ff1d15f,/p/0/5b931c121f69b3ce,2,200,438578,274.240,6489.388,67584
1787797487315,ea6c9012-92f7-6ca5-a8c7-969c8a62c197,/p/1/5b6a5e928233884d,5,200,440902,145.160,2934.659,150240
1787797462964,9c3c4ed3-7b64-c0d9-7be5-3309e0cce279,/p/11/da4d269fc7e1e3e2,3,200,5277611,390.647,27321.159,193169
1787797489977,b584fd37-32ee-bbe2-9a1d-080e1ff1d15f,/p/0/f989eee7abd34fdc,4,200,11265,327.219,376.392,29929
1787797488408,3a43c60b-5a61-3496-f2c5-9c4d4c7163b0,/p/0/90ff544bdd16ec10,2,200,340307,205.458,2000.747,170090
1787797442983,5d5a5106-edc4-1d8c-ddf7-cd66bba046fb,/p/0/3fd473dc52c684a8,3,200,2893397,237.231,47457.960,60968
1787797488271,62a4cefc-2434-7945-7c04-3ff814c3a24f,/p/0/b4e983b7ab1ebfda,11,200,276441,41.939,2184.866,126525
1787797487060,a51f9150-898b-ba9b-7432-11e1fcd1c3e6,/p/0/26d0f309fa207be2,4,200,375794,79.489,3491.255,107639
1787797484568,c42549ee-1a1b-bc68-aaa1-cb2621d8352a,/p/0/6f0e40edda1c5de2,11,200,477654,228.913,6002.574,79575
1787797487931,c1161622-07c0-a623-c244-7d7c1af1985f,/p/0/298d0216e5dcc376,4,200,359930,149.615,2665.703,135023
1787797488408,3a43c60b-5a61-3496-f2c5-9c4d4c7163b0,/p/0/90ff574bdd16f129,2,200,443491,30.747,2204.304,201193
1787797482364,c5f96876-5074-e161-30ce-f4d44e01fe33,/p/0/ff318c1a0b57b9c8,8,200,449377,177.786,8271.275,54330
1787797488271,62a4cefc-2434-7945-7c04-3ff814c3a24f,/p/0/b4e982b7ab1ebe27,11,200,241543,312.581,2394.206,100886
1787797488303,c42549ee-1a1b-bc68-aaa1-cb2621d8352a,/p/0/1231fd16513f819b,12,200,100328,408.020,2489.300,40304
1787797485625,b584fd37-32ee-bbe2-9a1d-080e1ff1d15f,/p/0/b31c63f82b0384c7,3,200,327243,342.860,5199.236,62941
1787797488722,71a74354-aa89-7296-7b7e-c14168f4dfb4,/p/0/c712ddbcd87cbae5,1,200,119809,37.222,2129.048,56274
1787797445403,5bb2dcb3-e65e-13f8-9e97-775375e86d63,/p/0/789e8da5de40a906,10,200,5949941,964.688,45453.544,130902
1787797488109,58a6a1ed-bac0-7b3e-bb57-1f0b230987e8,/p/0/f412e51e80c3f1f9,3,200,52321,2223.813,2765.749,18917
1787797488271,62a4cefc-2434-7945-7c04-3ff814c3a24f,/p/4/b4e981b7ab1ebc74,11,200,367768,294.654,2622.128,140256
1787797485062,15781728-83db-ba86-87ee-c2880d8480a9,/p/3/73941b6704d85b6c,10,200,384028,194.891,5894.278,65153
1787797482137,15781728-83db-ba86-87ee-c2880d8480a9,/p/0/209737cc2ca3b545,8,200,481984,295.694,8837.703,54537
1787797490285,9c3c4ed3-7b64-c0d9-7be5-3309e0cce279,/p/10/841318c4bbcd01cd,4,200,37057,245.788,776.526,47722
1787797474759,0160c204-bd39-f6af-e94f-39c6fc4dd920,/p/0/e5820e93324c531d,4,200,5398508,152.298,16343.710,330311
1787797485497,2e060094-5db8-ba29-5350-3e2835d4ac54,/p/0/f37feb68e6647433,2,200,295826,1153.434,5706.372,51841
1787797467445,e67917a4-014a-b4ce-4d64-d7e24b4dbbd5,/p/0/ffaf403bed4a6702,5,200,6247556,375.743,23790.714,262605
1787797488722,71a74354-aa89-7296-7b7e-c14168f4dfb4,/p/5/c712dbbcd87cb77f,1,200,422080,113.712,2624.972,160794
1787797483913,2e060094-5db8-ba29-5350-3e2835d4ac54,/p/0/41230d06c1cdcf70,1,200,426403,55.391,7605.428,56066
1787797441400,5d5a5106-edc4-1d8c-ddf7-cd66bba046fb,/p/0/2f2953bfa87042c,2,200,3458500,42.673,50288.817,68773
1787797487050,c0076e2b-9e98-ee90-1ff7-07c9a50be582,/p/3/d0821c0336194405,3,200,383282,773.299,4733.066,80980
1787797472962,c0076e2b-9e98-ee90-1ff7-07c9a50be582,/p/0/4e9d99ae3fb9e7a6,1,200,6041251,77.484,18823.325,320945
1787797487050,c0076e2b-9e98-ee90-1ff7-07c9a50be582,/p/0/d0821a033619409f,3,200,329567,775.203,4742.394,69494
1787797487050,c0076e2b-9e98-ee90-1ff7-07c9a50be582,/p/0/d0821b0336194252,3,200,459239,1520.238,4743.081,96823
1787797490250,ea6c9012-92f7-6ca5-a8c7-969c8a62c197,/p/0/bcee10643ac79e5a,6,200,172520,116.580,1556.328,110851
1787797489977,b584fd37-32ee-bbe2-9a1d-080e1ff1d15f,/p/0/f989efe7abd3518f,4,200,208582,253.778,1892.162,110235
1787797485497,2e060094-5db8-ba29-5350-3e2835d4ac54,/p/10/f37fed68e6647799,2,200,508209,1094.084,6428.610,79054
1787797491631,16fb8e71-85b0-972a-4fc0-223f5c14309d,/?crawl=159,0,200,200254,30.250,382.631,523361
1787797489544,b0923ba3-d944-456d-ae9b-d2ee20877ced,/p/1/cd3dba41aabd546,1,200,306473,113.211,2482.895,123434
1787797471886,bfe43ec9-8fa0-2a7f-d056-b7bf188e95a4,/p/3/8209d04008652b13,3,200,3927440,1146.056,20166.123,194754
1787797487931,c1161622-07c0-a623-c244-7d7c1af1985f,/p/0/298d0116e5dcc1c3,4,200,491518,133.332,4268.613,115147
1787797489977,b584fd37-32ee-bbe2-9a1d-080e1ff1d15f,/p/0/f989f0e7abd35342,4,200,327238,279.141,2291.281,142819
1787797489515,c42549ee-1a1b-bc68-aaa1-cb2621d8352a,/p/4/42bc76fa4dfe1b08,13,200,196463,267.102,2989.724,65713
1787797483461,aaff7191-9dde-147b-d0ca-aad85d6e9641,/p/5/e7fbd7fc95bbb83a,8,200,2409269,466.569,9114.884,264323
1787797468631,12ea8ffb-b97b-0a4f-8993-dc9916a8c732,/?crawl=125,0,200,4846335,74.007,23955.126,202309
1787797491347,71a74354-aa89-7296-7b7e-c14168f4dfb4,/p/0/c5267655dd3d003d,2,200,215717,38.914,1296.897,166333
1787797492014,16fb8e71-85b0-972a-4fc0-223f5c14309d,/p/0/f5cfdd0711ef5fdd,1,200,122324,95.676,712.563,171668
1787797492586,12ea8ffb-b97b-0a4f-8993-dc9916a8c732,/p/0/f23cbef9333d5d1,1,200,25776,67.740,168.514,152961
1787797489748,5edbe3a8-f834-5fa7-a6c5-ac7e9d74713b,/p/0/33a8875f43e1c31f,1,200,337177,96.873,3023.826,111507
1787797489544,b0923ba3-d944-456d-ae9b-d2ee20877ced,/p/0/cd3d9a41aabd1e0,1,200,366376,25.097,3388.217,108132
1787797484341,15781728-83db-ba86-87ee-c2880d8480a9,/p/0/ed64b5594440c5cc,9,200,478582,220.083,8631.269,55447
1787797488109,58a6a1ed-bac0-7b3e-bb57-1f0b230987e8,/p/1/f412e31e80c3ee93,3,200,242028,2223.730,4909.556,49297
1787797492576,aaff7191-9dde-147b-d0ca-aad85d6e9641,/p/4/e34b05e7245808e9,9,200,17133,258.227,470.666,36402
1787797466389,169ab19f-af23-0e9c-8851-b8d46c946a82,/p/3/5d4b032fe2f92c49,1,200,2374053,260.473,26791.048,88614
1787797490893,62a4cefc-2434-7945-7c04-3ff814c3a24f,/p/0/87bfdb2e863f00ec,12,200,232611,124.029,2415.508,96299
1787797492586,12ea8ffb-b97b-0a4f-8993-dc9916a8c732,/p/0/f23c9ef9333d26b,1,200,51301,202.504,806.178,63635
1787797489544,b0923ba3-d944-456d-ae9b-d2ee20877ced,/p/0/cd3dca41aabd6f9,1,200,495590,25.163,3885.661,127543
1787797489883,def7e2e3-70b7-e438-3156-fe53c35606b8,/p/4/796986468610df33,1,200,371495,202.127,3594.482,103351
1787797490571,c42549ee-1a1b-bc68-aaa1-cb2621d8352a,/p/0/42bc78fa4dfe1e6e,13,200,152162,222.358,2920.827,52096
1787797471912,458e7d59-ccd1-a2b4-3ae1-c4419237d274,/p/4/b6e728615b840658,10,200,3657755,146.713,21596.971,169364
1787797489748,5edbe3a8-f834-5fa7-a6c5-ac7e9d74713b,/p/7/33a8865f43e1c16c,1,200,463326,32.850,3827.474,121053
1787797387797,69e3f629-204b-a521-d46c-17022bb9325b,/p/0/f9ee38096e03ab2f,2,0,3458055,807.040,105834.086,32674
1787797387797,69e3f629-204b-a521-d46c-17022bb9325b,/p/0/f9ee39096e03ace2,2,0,3128707,622.789,105834.148,29562
1787797387797,69e3f629-204b-a521-d46c-17022bb9325b,/p/2/f9ee37096e03a97c,2,0,3423998,684.054,105834.172,32352
1787797459180,c5f96876-5074-e161-30ce-f4d44e01fe33,/p/0/d2ff1c8023c4f645,5,200,2411880,178.629,34532.459,69844
1787797486631,2dc6c523-69bb-f3cf-20b2-1172c094ef68,/?crawl=151,0,200,5572500,20.053,7117.114,782972
1787797493047,aaff7191-9dde-147b-d0ca-aad85d6e9641,/p/0/91fa12e1d481c855,10,200,34735,269.434,735.111,47251
1787797477631,d6970ebb-4bbe-2213-27db-ad165047c18e,/?crawl=139,0,200,5073400,52.304,16193.145,313305
1787797492586,12ea8ffb-b97b-0a4f-8993-dc9916a8c732,/p/0/f23caef9333d41e,1,200,184749,168.417,1240.884,148885
1787797490250,ea6c9012-92f7-6ca5-a8c7-969c8a62c197,/p/0/bcee0e643ac79af4,6,200,490190,116.612,3644.631,134496
1787797492027,b0923ba3-d944-456d-ae9b-d2ee20877ced,/p/0/5d1f0d8ef2e6e3f8,2,200,192238,135.515,1891.984,101607
1787797442901,723b420d-3eda-b93a-be92-2b324e84df62,/p/0/fc826145524ad128,1,200,2359987,908.939,51209.321,46085
1787797477631,45c91211-d5fc-4832-e57e-891b29500b13,/?crawl=140,0,200,2797538,155.925,16489.140,169659
1787797489883,def7e2e3-70b7-e438-3156-fe53c35606b8,/p/0/796985468610dd80,1,200,373492,39.444,4370.154,85464
1787797491926,2e060094-5db8-ba29-5350-3e2835d4ac54,/p/9/4cbdff4e58160e13,3,200,222650,55.733,2407.165,92495
1787797491926,2e060094-5db8-ba29-5350-3e2835d4ac54,/p/0/4cbdfe4e58160c60,3,200,256067,171.464,2639.008,97032
1787797491347,71a74354-aa89-7296-7b7e-c14168f4dfb4,/p/0/c5267355dd3cfb24,2,200,473122,171.378,3225.524,146681
1787797492027,b0923ba3-d944-456d-ae9b-d2ee20877ced,/p/0/5d1f108ef2e6e911,2,200,435114,148.926,2692.043,161630
1787797491783,c0076e2b-9e98-ee90-1ff7-07c9a50be582,/p/2/eb843ba83f2f7416,4,200,155072,617.111,2938.068,52780
1787797492013,16fb8e71-85b0-972a-4fc0-223f5c14309d,/p/0/f5cfda0711ef5ac4,1,200,498547,27.413,2758.498,180731
1787797493748,2dc6c523-69bb-f3cf-20b2-1172c094ef68,/p/0/5a7d321a6d17af45,1,200,255270,90.156,1025.898,248826
1787797494120,45c91211-d5fc-4832-e57e-891b29500b13,/p/10/67f7b9c1eb03befc,1,200,89516,43.837,697.750,128292
1787797492014,16fb8e71-85b0-972a-4fc0-223f5c14309d,/p/2/f5cfdc0711ef5e2a,1,200,383470,95.700,2852.537,134431
1787797493509,458e7d59-ccd1-a2b4-3ae1-c4419237d274,/p/0/1722dbba4da518e7,11,200,125975,48.645,1366.996,92155
1787797492052,bfe43ec9-8fa0-2a7f-d056-b7bf188e95a4,/p/0/4640be6f7186d90a,4,200,335426,49.366,3062.377,109531
1787797474230,a91d6e15-10a3-164c-ecc3-b0fa8e9338e4,/p/0/c14bbf607f58f8,4,200,4852784,161.700,21094.678,230048
1787797493478,def7e2e3-70b7-e438-3156-fe53c35606b8,/p/0/1324a181cd52b4eb,2,200,182041,255.758,1850.685,98364
1787797488570,bc24846c-aab4-1d78-18c7-e91b24b29742,/p/2/a03b55d87cc38b75,5,200,282605,163.579,6759.995,41806
1787797492505,c42549ee-1a1b-bc68-aaa1-cb2621d8352a,/p/3/33837c4d9c020091,14,200,118626,471.324,3155.518,37593
1787797490956,15781728-83db-ba86-87ee-c2880d8480a9,/p/0/73941c6704d85d1f,10,200,249267,234.550,4721.746,52791
1787797493180,169ab19f-af23-0e9c-8851-b8d46c946a82,/p/2/304f856e58fd4935,2,200,169741,259.738,2557.783,66363
1787797494866,16fb8e71-85b0-972a-4fc0-223f5c14309d,/p/0/d27fa74fa59dda28,2,200,160211,25.701,970.357,165105
1787797494818,45c91211-d5fc-4832-e57e-891b29500b13,/p/0/5933aaccc6c5b6e4,2,200,72726,305.467,1087.433,66879
1787797493824,d6970ebb-4bbe-2213-27db-ad165047c18e,/p/0/e9f0439ae491968b,1,200,234600,44.893,2111.101,111127
1787797493509,458e7d59-ccd1-a2b4-3ae1-c4419237d274,/p/3/1722ddba4da51c4d,11,200,285866,48.600,2435.325,117383
1787797493018,58a6a1ed-bac0-7b3e-bb57-1f0b230987e8,/p/0/5be8e60eb610fc46,4,200,156578,271.736,3155.583,49619
1787797495631,1620021f-caf3-891b-7d2c-96be726882f7,/?crawl=161,0,200,260049,38.771,661.282,393250
1787797495631,ff21d2d1-cacf-1f48-c148-3959f4492e49,/?crawl=162,0,200,230389,43.286,663.717,347119
1787797494333,2e060094-5db8-ba29-5350-3e2835d4ac54,/p/8/3966037ed292339a,4,200,129511,349.547,2250.771,57541
1787797493575,5edbe3a8-f834-5fa7-a6c5-ac7e9d74713b,/p/0/5a0966c849bf6854,2,200,354640,182.437,3016.147,117580
1787797475924,6e7645d3-00f2-67c3-457f-0d55a5168369,/p/0/406d14fce7cce5d6,4,200,5811670,188.429,20671.090,281150
1787797494333,2e060094-5db8-ba29-5350-3e2835d4ac54,/p/0/3966017ed2923034,4,200,107033,377.859,2307.973,46375
1787797494866,16fb8e71-85b0-972a-4fc0-223f5c14309d,/p/0/d27faa4fa59ddf41,2,200,346040,37.866,1937.903,178564
1787797493575,5edbe3a8-f834-5fa7-a6c5-ac7e9d74713b,/p/0/5a0969c849bf6d6d,2,200,371329,182.502,3293.026,112762
1787797496631,81d46173-c185-2888-8df7-98c3dc3f9c1f,/?crawl=164,0,200,231662,22.234,283.081,818358
1787797493018,58a6a1ed-bac0-7b3e-bb57-1f0b230987e8,/p/0/5be8e40eb610f8e0,4,200,263214,271.762,3927.900,67011
1787797494818,45c91211-d5fc-4832-e57e-891b29500b13,/p/9/5933acccc6c5ba4a,2,200,133008,326.650,2177.532,61082
1787797476032,6e7645d3-00f2-67c3-457f-0d55a5168369,/p/0/406d13fce7cce423,4,200,5871704,342.081,21120.978,278003
1787797471777,a91d6e15-10a3-164c-ecc3-b0fa8e9338e4,/p/0/91f28d3b710e975c,2,200,6146733,163.450,25457.617,241450
1787797493824,d6970ebb-4bbe-2213-27db-ad165047c18e,/p/0/e9f0449ae491983e,1,200,492952,44.952,3419.246,144170
1787797495330,bc24846c-aab4-1d78-18c7-e91b24b29742,/p/1/bf4ec0eede6e1b00,6,200,56449,404.889,2032.072,27779
1787797495661,c42549ee-1a1b-bc68-aaa1-cb2621d8352a,/p/2/a3d0db3a9a95e4a8,15,200,118723,340.293,1897.027,62584
1787797488408,3a43c60b-5a61-3496-f2c5-9c4d4c7163b0,/p/4/90ff564bdd16ef76,2,200,4779414,137.395,9154.638,522076
1787797492576,aaff7191-9dde-147b-d0ca-aad85d6e9641,/p/0/e34b03e724580583,9,200,212359,258.240,4986.617,42586
1787797495678,15781728-83db-ba86-87ee-c2880d8480a9,/p/0/fe8434b51768d329,11,200,175862,234.213,1907.392,92200
1787797495737,169ab19f-af23-0e9c-8851-b8d46c946a82,/p/0/3c1503192a736c65,3,200,114260,279.306,1972.383,57930
1787797495738,169ab19f-af23-0e9c-8851-b8d46c946a82,/p/0/3c1500192a73674c,3,200,55538,349.755,1994.567,27845
1787797496631,1b976d57-71d9-51ee-e07a-e70a9c3e1e8c,/?crawl=163,0,200,290191,63.606,1106.513,262257
1787797493824,d6970ebb-4bbe-2213-27db-ad165047c18e,/p/0/e9f0429ae49194d8,1,200,2480092,87.392,4241.256,584754
1787797495330,bc24846c-aab4-1d78-18c7-e91b24b29742,/p/0/bf4ec2eede6e1e66,6,200,131957,404.892,2796.591,47185
1787797497562,3a43c60b-5a61-3496-f2c5-9c4d4c7163b0,/p/0/e28cf0ff0c1f3bdd,3,200,163346,4.076,625.942,260960
1787797497562,3a43c60b-5a61-3496-f2c5-9c4d4c7163b0,/p/3/e28ceeff0c1f3877,3,200,256843,4.119,626.965,409661
1787797496914,81d46173-c185-2888-8df7-98c3dc3f9c1f,/p/3/c180a8a46acd609a,1,200,174130,47.707,1598.790,108914
1787797496914,81d46173-c185-2888-8df7-98c3dc3f9c1f,/p/0/c180a9a46acd624d,1,200,194532,47.742,1626.925,119570
1787797493478,def7e2e3-70b7-e438-3156-fe53c35606b8,/p/3/1324a081cd52b338,2,200,435914,255.756,5470.404,79686
1787797498513,81d46173-c185-2888-8df7-98c3dc3f9c1f,/p/0/e92242858a586d84,2,200,158462,117.709,557.679,284145
1787797491783,c0076e2b-9e98-ee90-1ff7-07c9a50be582,/p/0/eb843ca83f2f75c9,4,200,349915,544.932,7384.589,47384
1787797491061,9c3c4ed3-7b64-c0d9-7be5-3309e0cce279,/p/0/596dd9f2471cfd35,5,200,338864,352.817,8229.046,41179
1787797496995,45c91211-d5fc-4832-e57e-891b29500b13,/p/0/1e87f49a4161e7a9,3,200,136508,219.809,2310.876,59072
1787797498513,81d46173-c185-2888-8df7-98c3dc3f9c1f,/p/0/e92245858a58729d,2,200,231673,126.710,912.145,253987
1787797445350,5d5a5106-edc4-1d8c-ddf7-cd66bba046fb,/p/0/e8ee5fb74acd24ca,4,200,5452022,327.872,54137.982,100706
1787797439629,5a589aab-bb4e-c0b0-6827-cacae890fe99,/p/0/fce889e3f30b46bc,4,200,5195769,416.290,59882.023,86767
1787797471661,5bb2dcb3-e65e-13f8-9e97-775375e86d63,/p/0/26dfe79985803f5e,13,200,3211262,266.640,27915.405,115035
1787797496995,45c91211-d5fc-4832-e57e-891b29500b13,/p/8/1e87f39a4161e5f6,3,200,174937,416.329,2614.130,66920
1787797496914,81d46173-c185-2888-8df7-98c3dc3f9c1f,/p/0/c180a6a46acd5d34,1,200,494557,22.251,2744.706,180186
1787797496292,1620021f-caf3-891b-7d2c-96be726882f7,/p/0/741a78bacfc7cae,1,200,275142,36.262,3392.208,81110
1787797493047,aaff7191-9dde-147b-d0ca-aad85d6e9641,/p/3/91fa11e1d481c6a2,10,200,459674,294.941,6653.527,69087
1787797441287,5a589aab-bb4e-c0b0-6827-cacae890fe99,/p/0/bdaa358c2cfe104b,5,200,6242558,1822.120,58419.455,106858
1787797498126,bc24846c-aab4-1d78-18c7-e91b24b29742,/p/0/b799465b37349be2,7,200,45071,444.214,1736.047,25962
1787797498513,81d46173-c185-2888-8df7-98c3dc3f9c1f,/p/2/e92243858a586f37,2,200,497988,91.178,1425.500,349343
1787797494333,2e060094-5db8-ba29-5350-3e2835d4ac54,/p/0/3966047ed292354d,4,200,356694,377.784,5758.435,61943
1787797479722,c3ccb6ab-7a94-eba1-f582-acd04a337457,/p/0/5d69cf51fd5d8bae,3,200,4663475,32.896,20481.230,227695
1787797493180,169ab19f-af23-0e9c-8851-b8d46c946a82,/p/0/304f836e58fd45cf,2,200,497038,235.002,7082.130,70182
1787797491783,c0076e2b-9e98-ee90-1ff7-07c9a50be582,/p/0/eb8439a83f2f70b0,4,200,397754,178.709,8513.273,46722
1787797494721,c0076e2b-9e98-ee90-1ff7-07c9a50be582,/p/0/44e40b7e6b490188,5,200,231083,403.699,5757.984,40133
1787797494722,c0076e2b-9e98-ee90-1ff7-07c9a50be582,/p/0/44e40e7e6b4906a1,5,200,187929,403.634,5794.471,32432
1787797492576,aaff7191-9dde-147b-d0ca-aad85d6e9641,/p/0/e34b04e724580736,9,200,459057,310.685,8024.564,57206
1787797500631,642fff68-2988-e5c7-ab4f-e0bacd36cda6,/?crawl=166,0,200,19447,23.834,45.161,430618
1787797498189,3a43c60b-5a61-3496-f2c5-9c4d4c7163b0,/p/0/829648665712437c,4,200,185288,2146.049,2513.726,73711
1787797498190,3a43c60b-5a61-3496-f2c5-9c4d4c7163b0,/p/2/82964a66571246e2,4,200,273093,2145.092,2599.077,105073
1787797499610,45c91211-d5fc-4832-e57e-891b29500b13,/p/0/c4558a7cbe60bfef,4,200,62546,282.896,1197.979,52210
1787797492052,bfe43ec9-8fa0-2a7f-d056-b7bf188e95a4,/p/2/4640bf6f7186dabd,4,200,3812892,243.742,8843.959,431130
1787797479851,ea6c9012-92f7-6ca5-a8c7-969c8a62c197,/p/0/fb62111f7f9eb875,1,200,4468785,80.891,21089.327,211898
1787797500676,642fff68-2988-e5c7-ab4f-e0bacd36cda6,/p/0/9aabffe9419777da,1,200,84067,57.161,309.751,271402
1787797500789,3a43c60b-5a61-3496-f2c5-9c4d4c7163b0,/p/0/1936ea6263b8e6f3,5,200,4443,189.634,202.909,21897
1787797500676,642fff68-2988-e5c7-ab4f-e0bacd36cda6,/p/20/9aabfde941977474,1,200,77561,19.648,329.075,235694
1787797491347,71a74354-aa89-7296-7b7e-c14168f4dfb4,/p/4/c5267455dd3cfcd7,2,200,2829737,190.751,9737.853,290591
1787797491061,9c3c4ed3-7b64-c0d9-7be5-3309e0cce279,/p/9/596dd8f2471cfb82,5,200,392968,387.964,10032.616,39169
1787797484640,ea6c9012-92f7-6ca5-a8c7-969c8a62c197,/p/0/bfa5de5393716d7,3,200,3603619,118.784,16527.513,218038
1787797500631,ac5ed5a6-1e3c-0934-ae1b-8a8df66e5ffd,/?crawl=167,0,200,377157,26.604,758.894,496983
1787797478666,20ff866f-0452-c945-cde1-cdc9b1d5805a,/p/0/e84f203469fde7f8,1,200,155518,5596.656,22724.375,6844
1787797492027,b0923ba3-d944-456d-ae9b-d2ee20877ced,/p/0/5d1f0f8ef2e6e75e,2,200,4282433,135.483,9513.571,450139
1787797501085,71a74354-aa89-7296-7b7e-c14168f4dfb4,/p/0/a29ab5c0af93b144,3,200,58007,229.224,535.611,108301
1787797499938,81d46173-c185-2888-8df7-98c3dc3f9c1f,/p/0/cb95873e4cc48807,3,200,488333,115.181,1699.545,287332
1787797499938,81d46173-c185-2888-8df7-98c3dc3f9c1f,/p/0/cb95883e4cc489ba,3,200,461588,19.548,1735.624,265949
1787797500789,3a43c60b-5a61-3496-f2c5-9c4d4c7163b0,/p/0/1936eb6263b8e8a6,5,200,96747,161.876,953.727,101441
1787797501085,71a74354-aa89-7296-7b7e-c14168f4dfb4,/p/3/a29ab6c0af93b2f7,3,200,99103,38.542,705.047,140562
1787797497737,1b976d57-71d9-51ee-e07a-e70a9c3e1e8c,/p/0/e06cfdd083c6923b,1,200,277728,323.470,4228.059,65687
1787797492052,bfe43ec9-8fa0-2a7f-d056-b7bf188e95a4,/p/0/4640bd6f7186d757,4,200,5797782,270.031,9936.967,583456
1787797488903,ba73bdad-b169-8525-68b0-e3946e53462b,/p/0/3f6878594dcdd083,2,200,443211,220.604,13328.043,33254
1787797490250,ea6c9012-92f7-6ca5-a8c7-969c8a62c197,/p/0/bcee0f643ac79ca7,6,200,3559479,128.660,11989.498,296883
1787797500789,3a43c60b-5a61-3496-f2c5-9c4d4c7163b0,/p/1/1936e96263b8e540,5,200,223344,175.861,1458.613,153121
1787797501094,9c3c4ed3-7b64-c0d9-7be5-3309e0cce279,/p/0/d849fc1fed878353,6,200,39691,529.730,1412.008,28110
1787797498948,def7e2e3-70b7-e438-3156-fe53c35606b8,/p/2/ddd2dd7845cf9705,3,200,218390,198.874,3581.595,60976
1787797493748,2dc6c523-69bb-f3cf-20b2-1172c094ef68,/p/5/5a7d311a6d17ad92,1,200,3173550,19.455,8808.381,360288
1787797484953,a0d89031-7268-879e-e788-3965e7a283ea,/p/3/d48d64645668c8e9,1,200,5178597,170.442,17616.072,293970
1787797502556,2dc6c523-69bb-f3cf-20b2-1172c094ef68,/p/0/52a6b3a84144ca7,2,200,21405,100.368,184.861,115789
1787797501094,9c3c4ed3-7b64-c0d9-7be5-3309e0cce279,/p/0/d849fd1fed878506,6,200,72194,351.956,1658.243,43536
1787797501085,71a74354-aa89-7296-7b7e-c14168f4dfb4,/p/0/a29ab8c0af93b65d,3,200,232859,114.127,1680.590,138558
1787797487060,a51f9150-898b-ba9b-7432-11e1fcd1c3e6,/p/4/26d0f409fa207d95,4,200,4841470,159.140,15740.093,307588
1787797500896,bfe43ec9-8fa0-2a7f-d056-b7bf188e95a4,/p/0/3225560824ebea6a,5,200,111526,1127.032,1923.448,57982
1787797497738,1b976d57-71d9-51ee-e07a-e70a9c3e1e8c,/p/0/e06cffd083c695a1,1,200,449043,54.128,5187.681,86559
1787797497737,1b976d57-71d9-51ee-e07a-e70a9c3e1e8c,/p/0/e06cfcd083c69088,1,200,493879,242.857,5374.794,91888
1787797502247,3a43c60b-5a61-3496-f2c5-9c4d4c7163b0,/p/0/ac6b01ded544b41d,6,200,76344,136.496,926.628,82389
1787797502556,2dc6c523-69bb-f3cf-20b2-1172c094ef68,/p/4/52a6a3a84144af4,2,200,133082,125.647,629.657,211356
1787797502631,54b99f98-ba0a-149c-bf43-9e94ef4206dd,/?crawl=170,0,200,522656,18.599,606.328,862002
1787797502800,a51f9150-898b-ba9b-7432-11e1fcd1c3e6,/p/0/99dc8536efcd60a2,5,200,75882,40.623,649.370,116855
1787797471221,c5f96876-5074-e161-30ce-f4d44e01fe33,/p/6/ff318e1a0b57bd2e,8,200,2568475,171.934,32289.362,79546
1787797445915,c5f96876-5074-e161-30ce-f4d44e01fe33,/p/0/99828d219a57e611,1,200,5324257,174.103,57606.262,92425
1787797502570,a0d89031-7268-879e-e788-3965e7a283ea,/p/0/60798dffaeb74e8a,2,200,128146,126.973,1004.123,127620
1787797496995,45c91211-d5fc-4832-e57e-891b29500b13,/p/0/1e87f19a4161e290,3,200,465311,459.452,6628.225,70201
1787797500676,642fff68-2988-e5c7-ab4f-e0bacd36cda6,/p/0/9aabfee941977627,1,200,491934,46.759,2965.285,165898
1787797496584,2e060094-5db8-ba29-5350-3e2835d4ac54,/p/7/74506f2b2d157846,5,200,380068,403.080,7085.410,53641
1787797491061,9c3c4ed3-7b64-c0d9-7be5-3309e0cce279,/p/0/596dd6f2471cf81c,5,200,501499,563.927,12680.956,39547
1787797501005,642fff68-2988-e5c7-ab4f-e0bacd36cda6,/p/19/db772523b695e960,2,200,301910,99.273,2753.896,109630
1787797478057,aaff7191-9dde-147b-d0ca-aad85d6e9641,/p/0/3290aa7245e899bc,7,200,3204224,289.666,25718.695,124587
1787797471661,5bb2dcb3-e65e-13f8-9e97-775375e86d63,/p/0/26dfe69985803dab,13,200,4584664,266.601,32134.815,142670
1787797495944,458e7d59-ccd1-a2b4-3ae1-c4419237d274,/p/0/b338691b360023ed,12,200,519858,345.604,7882.616,65950
1787797502632,c3f5fd30-bb24-84f3-ca25-fcda58afc577,/?crawl=169,0,200,317994,56.443,1226.387,259293
1787797497362,bc24846c-aab4-1d78-18c7-e91b24b29742,/p/0/b799455b37349a2f,7,200,183267,481.955,6569.205,27898
1787797495330,bc24846c-aab4-1d78-18c7-e91b24b29742,/p/0/bf4ec1eede6e1cb3,6,200,285058,446.504,8804.930,32375
1787797502247,3a43c60b-5a61-3496-f2c5-9c4d4c7163b0,/p/0/ac6b00ded544b26a,6,200,210125,149.618,1951.376,107680
1787797503186,2dc6c523-69bb-f3cf-20b2-1172c094ef68,/p/0/f0f2b143edfcb59a,3,200,131908,100.341,1042.181,126569
1787797496584,2e060094-5db8-ba29-5350-3e2835d4ac54,/p/0/74506d2b2d1574e0,5,200,473631,462.823,7665.381,61788
1787797503631,8e5aa8d2-ede1-19bd-1d96-e262a55a59d2,/?crawl=171,0,200,229649,41.570,664.136,345786
1787797503186,2dc6c523-69bb-f3cf-20b2-1172c094ef68,/p/3/f0f2b243edfcb74d,3,200,197935,90.777,1192.000,166053
1787797493748,2dc6c523-69bb-f3cf-20b2-1172c094ef68,/p/0/5a7d2f1a6d17aa2c,1,200,3789468,46.312,10687.604,354567
1787797493491,c42549ee-1a1b-bc68-aaa1-cb2621d8352a,/p/0/33837a4d9c01fd2b,14,200,477198,250.659,11051.976,43178
1787797503759,642fff68-2988-e5c7-ab4f-e0bacd36cda6,/p/0/37ade79996d7c845,3,200,73605,121.984,865.166,85076
1787797503510,c5f96876-5074-e161-30ce-f4d44e01fe33,/p/5/c3dab5d0258d7e84,9,200,105537,1149.615,1152.767,91551
1787797503759,642fff68-2988-e5c7-ab4f-e0bacd36cda6,/p/0/37ade49996d7c32c,3,200,132429,131.970,905.745,146210
1787797501005,642fff68-2988-e5c7-ab4f-e0bacd36cda6,/p/0/db772723b695ecc6,2,200,441575,108.319,3671.237,120280
1787797501790,71a74354-aa89-7296-7b7e-c14168f4dfb4,/p/0/52f7119665433d4c,4,200,316751,267.436,2923.090,108362
1787797492505,c42549ee-1a1b-bc68-aaa1-cb2621d8352a,/p/0/33837b4d9c01fede,14,200,511391,339.194,12213.683,41870
1787797503186,2dc6c523-69bb-f3cf-20b2-1172c094ef68,/p/0/f0f2b043edfcb3e7,3,200,359402,90.813,1640.335,219103
1787797489632,37cf9e2f-5499-f4fd-4782-5d19ee238e94,/?crawl=157,0,200,4681756,46.499,15349.629,305008
1787797503238,54b99f98-ba0a-149c-bf43-9e94ef4206dd,/p/0/449c7019e19561c4,1,200,238321,16.679,1852.569,128644
1787797503759,642fff68-2988-e5c7-ab4f-e0bacd36cda6,/p/18/37ade69996d7c692,3,200,317572,164.764,1348.613,235481
1787797502800,a51f9150-898b-ba9b-7432-11e1fcd1c3e6,/p/3/99dc8636efcd6255,5,200,344534,78.805,2317.724,148652
1787797496584,2e060094-5db8-ba29-5350-3e2835d4ac54,/p/0/7450702b2d1579f9,5,200,368928,431.564,8546.347,43168
1787797480716,c1161622-07c0-a623-c244-7d7c1af1985f,/p/0/8ecc657d1439acd5,1,200,4089039,264.778,24465.720,167133
1787797504378,2dc6c523-69bb-f3cf-20b2-1172c094ef68,/p/0/530847b01c392534,4,200,168091,83.322,807.700,208111
1787797504378,2dc6c523-69bb-f3cf-20b2-1172c094ef68,/p/0/53084ab01c392a4d,4,200,153130,83.406,860.370,177982
1787797500808,45c91211-d5fc-4832-e57e-891b29500b13,/p/0/c4558b7cbe60c1a2,4,200,200144,261.899,4471.905,44756
1787797503238,54b99f98-ba0a-149c-bf43-9e94ef4206dd,/p/0/449c7319e19566dd,1,200,382277,16.767,2046.765,186771
1787797503238,54b99f98-ba0a-149c-bf43-9e94ef4206dd,/p/1/449c7119e1956377,1,200,346686,34.423,2091.282,165777
1787797504295,8e5aa8d2-ede1-19bd-1d96-e262a55a59d2,/p/0/b1321bbc4cfa6d64,1,200,103961,211.056,1121.978,92659
1787797504378,2dc6c523-69bb-f3cf-20b2-1172c094ef68,/p/2/530848b01c3926e7,4,200,249235,92.757,1055.378,236157
1787797500896,bfe43ec9-8fa0-2a7f-d056-b7bf188e95a4,/p/1/3225570824ebec1d,5,200,410863,1276.767,4622.061,88892
1787797505108,642fff68-2988-e5c7-ab4f-e0bacd36cda6,/p/0/55ec033fdb7e15bb,4,200,91724,106.857,516.773,177494
1787797470253,9ab40283-f209-5116-d31d-55e6dfb10446,/p/0/ae3a6790abcc9a63,6,0,1370763,603.976,35378.214,38746
1787797470253,9ab40283-f209-5116-d31d-55e6dfb10446,/p/0/ae3a6690abcc98b0,6,0,1597895,700.418,35378.247,45166
1787797497362,bc24846c-aab4-1d78-18c7-e91b24b29742,/p/0/b799445b3734987c,7,200,370538,481.919,8486.238,43663
1787797505434,2dc6c523-69bb-f3cf-20b2-1172c094ef68,/p/0/b1f9f70efe0b8ed0,5,200,47600,113.033,480.703,99022
1787797504981,37cf9e2f-5499-f4fd-4782-5d19ee238e94,/p/0/e5ff32e8f175ec86,1,200,88574,43.282,1078.217,82149
1787797505434,2dc6c523-69bb-f3cf-20b2-1172c094ef68,/p/0/b1f9fa0efe0b93e9,5,200,125668,104.523,670.547,187411
1787797504981,37cf9e2f-5499-f4fd-4782-5d19ee238e94,/p/0/e5ff31e8f175ead3,1,200,119397,238.610,1144.158,104354
1787797504981,37cf9e2f-5499-f4fd-4782-5d19ee238e94,/p/4/e5ff30e8f175e920,1,200,171722,43.296,1211.207,141778
1787797454753,c5f96876-5074-e161-30ce-f4d44e01fe33,/p/0/55ced668347e5327,4,200,4332632,267.903,51473.644,84172
1787797503510,c5f96876-5074-e161-30ce-f4d44e01fe33,/p/0/c3dab7d0258d81ea,9,200,234008,1149.785,2717.375,86115
1787797503510,c5f96876-5074-e161-30ce-f4d44e01fe33,/p/0/c3dab6d0258d8037,9,200,463452,1149.535,2724.179,170125
1787797504663,c5f96876-5074-e161-30ce-f4d44e01fe33,/p/4/69034bd485d60de6,10,200,6432,1574.199,1574.509,4085
1787797448233,c5f96876-5074-e161-30ce-f4d44e01fe33,/p/0/2f32e74f746e90ee,2,200,5697943,182.571,58005.259,98231
1787797505118,a51f9150-898b-ba9b-7432-11e1fcd1c3e6,/p/0/d2f3f708d1fbf8,6,200,96946,224.554,1178.504,82262
1787797505329,54b99f98-ba0a-149c-bf43-9e94ef4206dd,/p/0/817bf0f018ab5602,2,200,288805,37.550,973.919,296539
1787797505329,54b99f98-ba0a-149c-bf43-9e94ef4206dd,/p/0/817beff018ab544f,2,200,345369,18.315,1088.294,317349
1787797505631,b89f6c8d-cce2-aadb-bb45-bbde3f569888,/?crawl=173,0,200,399918,29.689,806.228,496036
1787797445593,723b420d-3eda-b93a-be92-2b324e84df62,/p/0/11b9f13ca0e64b1a,2,200,4928823,351.221,60895.852,80939
1787797504663,c5f96876-5074-e161-30ce-f4d44e01fe33,/p/0/69034cd485d60f99,10,200,265912,1574.085,1868.155,142339
1787797499610,45c91211-d5fc-4832-e57e-891b29500b13,/p/7/c455897cbe60be3c,4,200,446169,304.458,6930.724,64376
1787797499701,aaff7191-9dde-147b-d0ca-aad85d6e9641,/p/0/27b4b5e4fa454c24,11,200,404897,375.944,6890.551,58761
1787797505631,ed99f7b2-27ab-2247-ab0d-d30c027ff057,/?crawl=172,0,200,189448,77.784,1031.181,183719
1787797502530,def7e2e3-70b7-e438-3156-fe53c35606b8,/p/0/a7a37879d7d53473,4,200,293656,222.441,4143.354,70874
1787797506192,37cf9e2f-5499-f4fd-4782-5d19ee238e94,/p/0/7abacba4ff2e6025,2,200,24142,342.227,613.749,39335
1787797505108,642fff68-2988-e5c7-ab4f-e0bacd36cda6,/p/17/55ec053fdb7e1921,4,200,323496,128.275,1823.838,177371
1787797506662,ed99f7b2-27ab-2247-ab0d-d30c027ff057,/p/2/6b711bd50acb4f9d,1,200,38609,187.231,375.699,102766
1787797503858,c3f5fd30-bb24-84f3-ca25-fcda58afc577,/p/0/6beefb9f0824ca63,1,200,180255,194.569,3395.182,53091
1787797505518,bfe43ec9-8fa0-2a7f-d056-b7bf188e95a4,/p/0/5e06bceb266412e9,6,200,139901,274.089,1756.555,79645
1787797491631,83751f0a-d5ab-1e24-6630-958f32ebe55f,/?crawl=158,0,200,4960349,44.744,15738.538,315172
1787797506227,c5f96876-5074-e161-30ce-f4d44e01fe33,/p/0/690349d485d60a80,10,200,173485,303.924,1174.986,147649
1787797503858,c3f5fd30-bb24-84f3-ca25-fcda58afc577,/p/0/6beefc9f0824cc16,1,200,244572,54.709,3565.562,68593
1787797503858,c3f5fd30-bb24-84f3-ca25-fcda58afc577,/p/13/6beefd9f0824cdc9,1,200,278003,279.907,3593.946,77353
1787797506192,37cf9e2f-5499-f4fd-4782-5d19ee238e94,/p/3/7abac9a4ff2e5cbf,2,200,191603,225.911,1366.754,140188
1787797502530,def7e2e3-70b7-e438-3156-fe53c35606b8,/p/1/a7a37779d7d532c0,4,200,268669,204.043,5042.328,53283
1787797499938,81d46173-c185-2888-8df7-98c3dc3f9c1f,/p/1/cb95863e4cc48654,3,200,5676989,115.240,7695.366,737715
1787797494866,16fb8e71-85b0-972a-4fc0-223f5c14309d,/p/1/d27fa94fa59ddd8e,2,200,6146611,151.246,12814.417,479664
1787797506237,c5f96876-5074-e161-30ce-f4d44e01fe33,/p/3/dc265606bf026e0e,11,200,182377,294.761,1592.986,114487
1787797507681,16fb8e71-85b0-972a-4fc0-223f5c14309d,/p/0/2cf01459dc8db2f7,3,200,80960,27.109,192.926,419643
1787797499701,aaff7191-9dde-147b-d0ca-aad85d6e9641,/p/0/27b4b8e4fa45513d,11,200,444274,391.306,8184.389,54283
1787797506932,642fff68-2988-e5c7-ab4f-e0bacd36cda6,/p/16/a146af910f64fe75,5,200,161867,161.503,960.869,168459
1787797507681,16fb8e71-85b0-972a-4fc0-223f5c14309d,/p/0/2cf01559dc8db4aa,3,200,36971,151.524,302.545,122200
1787797474847,58a6a1ed-bac0-7b3e-bb57-1f0b230987e8,/p/0/f67e93add2470e54,2,200,5200745,289.230,33180.141,156743
1787797507681,16fb8e71-85b0-972a-4fc0-223f5c14309d,/p/0/2cf01359dc8db144,3,200,83215,136.426,399.199,208455
1787797505117,a51f9150-898b-ba9b-7432-11e1fcd1c3e6,/p/0/d2f6f708d20111,6,200,277143,265.371,3016.456,91877
1787797506437,b89f6c8d-cce2-aadb-bb45-bbde3f569888,/p/0/d806c47776305624,1,200,197836,44.778,1709.110,115754
1787797507893,642fff68-2988-e5c7-ab4f-e0bacd36cda6,/p/15/4bdf8f3e73e0ee99,6,200,47571,133.477,375.621,126646
1787797501094,9c3c4ed3-7b64-c0d9-7be5-3309e0cce279,/p/8/d849fb1fed8781a0,6,200,484645,386.755,7383.835,65636
1787797505518,bfe43ec9-8fa0-2a7f-d056-b7bf188e95a4,/p/0/5e06baeb26640f83,6,200,286033,324.183,3078.731,92906
1787797466389,169ab19f-af23-0e9c-8851-b8d46c946a82,/p/0/5d4b022fe2f92a96,1,200,3726411,401.083,42284.447,88127
1787797506540,45c91211-d5fc-4832-e57e-891b29500b13,/p/6/e8b6c97d56c5bed9,5,200,146982,236.236,2136.469,68797
1787797506437,b89f6c8d-cce2-aadb-bb45-bbde3f569888,/p/0/d806c77776305b3d,1,200,469174,44.732,2297.076,204248
1787797507634,81d46173-c185-2888-8df7-98c3dc3f9c1f,/p/0/948e76b9a84a90d8,4,200,442036,19.468,1219.044,362609
1787797445593,723b420d-3eda-b93a-be92-2b324e84df62,/p/0/11b9f03ca0e64967,2,200,5766330,351.279,63311.759,91078
1787797503669,2e060094-5db8-ba29-5350-3e2835d4ac54,/p/6/5b4273ba35dd2e42,6,200,348441,464.050,5298.948,65757
1787797478665,20ff866f-0452-c945-cde1-cdc9b1d5805a,/p/1/e84f213469fde9ab,1,200,385788,244.201,30329.001,12720
1787797507634,81d46173-c185-2888-8df7-98c3dc3f9c1f,/p/0/948e77b9a84a928b,4,200,298473,74.375,1370.225,217828
1787797507634,81d46173-c185-2888-8df7-98c3dc3f9c1f,/p/0/948e79b9a84a95f1,4,200,380556,19.538,1370.735,277629
1787797506437,b89f6c8d-cce2-aadb-bb45-bbde3f569888,/p/6/d806c6777630598a,1,200,514726,31.223,2727.851,188693
1787797505118,a51f9150-898b-ba9b-7432-11e1fcd1c3e6,/p/2/d2f4f708d1fdab,6,200,522660,242.983,4125.431,126692
1787797507452,c3f5fd30-bb24-84f3-ca25-fcda58afc577,/p/12/e05b9cc16b32360a,2,200,187785,83.052,1859.043,101012
1787797506192,37cf9e2f-5499-f4fd-4782-5d19ee238e94,/p/0/7abac8a4ff2e5b0c,2,200,424436,42.856,3155.714,134498
1787797487931,c1161622-07c0-a623-c244-7d7c1af1985f,/p/2/298d0016e5dcc010,4,200,4244551,119.755,21418.428,198173
1787797508631,d76e959d-821f-1598-248c-b6ecfb7ab3a5,/?crawl=176,0,200,125971,132.237,756.195,166585
1787797507452,c3f5fd30-bb24-84f3-ca25-fcda58afc577,/p/0/e05b9ac16b3232a4,2,200,202368,55.078,2023.470,100010
1787797508631,b0711855-0011-f143-336d-1c80e4677454,/?crawl=174,0,200,127141,62.350,925.043,137443
1787797507370,83751f0a-d5ab-1e24-6630-958f32ebe55f,/p/0/893a3064a68a528a,1,200,227921,416.118,2419.439,94204
1787797480482,15781728-83db-ba86-87ee-c2880d8480a9,/p/0/209734cc2ca3b02c,8,200,2405063,194.752,29466.932,81619
1787797509167,b89f6c8d-cce2-aadb-bb45-bbde3f569888,/p/0/39ac12ccd925371,2,200,103199,500.995,877.630,117588
1787797506237,c5f96876-5074-e161-30ce-f4d44e01fe33,/p/0/dc265406bf026aa8,11,200,440775,294.757,3981.961,110693
1787797507893,642fff68-2988-e5c7-ab4f-e0bacd36cda6,/p/0/4bdf8e3e73e0ece6,6,200,376528,156.625,2375.526,158503
1787797508631,872f6eaf-1872-4c39-7bff-4a97bb651875,/?crawl=175,0,200,508539,52.278,1641.334,309833
1787797504719,c42549ee-1a1b-bc68-aaa1-cb2621d8352a,/p/1/6ae4a390754e7c2,16,200,267880,226.534,5612.943,47725
1787797509167,b89f6c8d-cce2-aadb-bb45-bbde3f569888,/p/5/39ac02ccd9251be,2,200,496417,100.577,1179.032,421038
1787797509557,b0711855-0011-f143-336d-1c80e4677454,/p/5/f6f31ba38f298b2b,1,200,67617,226.395,818.730,82588
1787797506932,642fff68-2988-e5c7-ab4f-e0bacd36cda6,/p/0/a146ae910f64fcc2,5,200,430480,107.645,3558.570,120970
1787797474840,05e0c067-bb60-57b9-9b87-4c61ab06cea0,/p/0/7572406968efcd00,1,200,3436180,68.496,35689.477,96280
1787797506662,ed99f7b2-27ab-2247-ab0d-d30c027ff057,/p/0/6b711ad50acb4dea,1,200,226359,150.583,4066.096,55670
1787797507369,83751f0a-d5ab-1e24-6630-958f32ebe55f,/p/0/893a2f64a68a50d7,1,200,523947,308.622,3423.180,153059
1787797507830,c5f96876-5074-e161-30ce-f4d44e01fe33,/p/2/e7b7a4ae3fd7a3c9,12,200,277968,176.495,2989.126,92993
1787797507559,37cf9e2f-5499-f4fd-4782-5d19ee238e94,/p/0/c9b54fb6f7be379a,3,200,271349,236.267,3292.109,82424
1787797510346,b89f6c8d-cce2-aadb-bb45-bbde3f569888,/p/0/48282f721165f6b7,3,200,38943,130.507,539.583,72172
1787797507559,37cf9e2f-5499-f4fd-4782-5d19ee238e94,/p/0/c9b54eb6f7be35e7,3,200,348669,258.203,3403.849,102434
1787797510490,642fff68-2988-e5c7-ab4f-e0bacd36cda6,/p/0/857d7be0ced1e004,7,200,38612,172.844,654.689,58978
1787797507452,c3f5fd30-bb24-84f3-ca25-fcda58afc577,/p/0/e05b9dc16b3237bd,2,200,320585,279.285,3754.234,85393
1787797510346,b89f6c8d-cce2-aadb-bb45-bbde3f569888,/p/0/482830721165f86a,3,200,221256,92.731,890.179,248552
1787797508478,9c3c4ed3-7b64-c0d9-7be5-3309e0cce279,/p/0/6a5da07a6b163e56,7,200,58366,609.427,2782.409,20977
1787797495737,169ab19f-af23-0e9c-8851-b8d46c946a82,/p/1/3c1501192a7368ff,3,200,2635574,233.752,15538.978,169611
1787797510375,b0711855-0011-f143-336d-1c80e4677454,/p/0/947fd0cefc2276f1,2,200,41952,300.964,967.428,43364
1787797509243,a51f9150-898b-ba9b-7432-11e1fcd1c3e6,/p/0/c254cb9e84f78133,7,200,209550,321.559,2197.687,95350
1787797509243,a51f9150-898b-ba9b-7432-11e1fcd1c3e6,/p/1/c254cd9e84f78499,7,200,214379,289.119,2199.075,97486
1787797509243,a51f9150-898b-ba9b-7432-11e1fcd1c3e6,/p/0/c254cc9e84f782e6,7,200,332147,462.232,2230.564,148907
1787797454861,a776d2e4-61dd-f4bf-a959-7057990f7aff,/p/0/e046b74e9a29804d,4,200,4911464,34.752,56621.264,86742
1787797509311,c3f5fd30-bb24-84f3-ca25-fcda58afc577,/p/0/9f18f72d079ec717,3,200,96115,524.462,2176.147,44168
1787797493180,169ab19f-af23-0e9c-8851-b8d46c946a82,/p/0/304f846e58fd4782,2,200,3315558,234.946,18430.317,179897
1787797509557,b0711855-0011-f143-336d-1c80e4677454,/p/0/f6f31aa38f298978,1,200,169603,462.591,2059.595,82348
1787797507559,37cf9e2f-5499-f4fd-4782-5d19ee238e94,/p/2/c9b54db6f7be3434,3,200,500237,258.202,4170.839,119937
1787797510375,b0711855-0011-f143-336d-1c80e4677454,/p/0/947fcdcefc2271d8,2,200,64405,422.811,1602.000,40203
1787797501631,6b617703-1f7a-3ffa-adc5-9300dcca081c,/?crawl=168,0,200,6114237,23.368,10383.584,588837
1787797510272,872f6eaf-1872-4c39-7bff-4a97bb651875,/p/0/6388c845fa8e987e,1,200,99141,265.347,1899.108,52204
1787797511277,169ab19f-af23-0e9c-8851-b8d46c946a82,/p/0/dcfe68deaffc054c,4,200,256655,333.881,917.115,279850
1787797509350,c1161622-07c0-a623-c244-7d7c1af1985f,/p/0/552ff73195c5bd3d,5,200,488952,247.645,2924.907,167168
1787797510820,c5f96876-5074-e161-30ce-f4d44e01fe33,/p/1/4d3bf87871d10a14,13,200,56410,193.267,1681.494,33548
1787797453631,3e95f795-5d9a-df5b-984d-ce45bac286aa,/?crawl=107,0,200,2673725,280.437,58935.279,45367
1787797511145,642fff68-2988-e5c7-ab4f-e0bacd36cda6,/p/0/857d7ee0ced1e51d,7,200,174445,125.314,1445.230,120704
1787797508969,2e060094-5db8-ba29-5350-3e2835d4ac54,/p/0/b95567c45a5d0e,7,200,113635,373.690,3644.422,31181
1787797502556,2dc6c523-69bb-f3cf-20b2-1172c094ef68,/p/0/52a6c3a84144e5a,2,200,3554750,100.390,10066.617,353123
1787797494722,c0076e2b-9e98-ee90-1ff7-07c9a50be582,/p/1/44e40d7e6b4904ee,5,200,2564034,478.089,17922.084,143066
1787797512014,6b617703-1f7a-3ffa-adc5-9300dcca081c,/p/0/d884a9417389d969,1,200,113397,22.138,631.990,179428
1787797512644,c0076e2b-9e98-ee90-1ff7-07c9a50be582,/p/0/7ad6c381bd24ff33,6,200,6035,73.286,111.576,54089
1787797512631,a07f8ea7-cc0e-6b72-443c-c8b930b09dbe,/?crawl=179,0,200,251862,18.173,290.525,866921
1787797511631,775c4750-9694-fd74-fbe9-685b0fbdbecc,/?crawl=178,0,200,523240,38.979,1297.690,403209
1787797509350,c1161622-07c0-a623-c244-7d7c1af1985f,/p/0/552ff43195c5b824,5,200,464029,497.835,3612.891,128437
1787797506540,45c91211-d5fc-4832-e57e-891b29500b13,/p/0/e8b6c77d56c5bb73,5,200,385051,279.392,6544.750,58834
1787797507038,ed99f7b2-27ab-2247-ab0d-d30c027ff057,/p/0/bf58b56ca1f80193,2,200,141854,507.796,6094.811,23275
1787797512014,6b617703-1f7a-3ffa-adc5-9300dcca081c,/p/0/d884a6417389d450,1,200,339000,110.092,1156.886,293028
1787797512501,c5f96876-5074-e161-30ce-f4d44e01fe33,/p/0/c33277fe0f4243e6,14,200,51999,191.788,846.221,61448
1787797490893,62a4cefc-2434-7945-7c04-3ff814c3a24f,/p/3/87bfdc2e863f029f,12,200,3947381,41.301,22699.241,173899
1787797507038,ed99f7b2-27ab-2247-ab0d-d30c027ff057,/p/1/bf58b76ca1f804f9,2,200,241714,547.132,6701.190,36070
1787797512644,c0076e2b-9e98-ee90-1ff7-07c9a50be582,/p/0/7ad6c581bd250299,6,200,130423,149.703,1453.610,89724
1787797513739,ed99f7b2-27ab-2247-ab0d-d30c027ff057,/p/0/d33d1fbb96ef0897,3,200,65744,52.514,363.789,180720
1787797506662,ed99f7b2-27ab-2247-ab0d-d30c027ff057,/p/0/6b7119d50acb4c37,1,200,438573,74.030,7441.375,58937
1787797507038,ed99f7b2-27ab-2247-ab0d-d30c027ff057,/p/0/bf58b66ca1f80346,2,200,413491,468.274,7088.967,58329
1787797513739,ed99f7b2-27ab-2247-ab0d-d30c027ff057,/p/0/d33d1ebb96ef06e4,3,200,195626,52.809,387.910,504307
1787797505329,54b99f98-ba0a-149c-bf43-9e94ef4206dd,/p/0/817beef018ab529c,2,200,6188861,37.551,8808.512,702600
1787797511730,37cf9e2f-5499-f4fd-4782-5d19ee238e94,/p/1/6c774c8663ee4397,4,200,266584,94.233,2433.170,109562
1787797513739,ed99f7b2-27ab-2247-ab0d-d30c027ff057,/p/0/d33d21bb96ef0bfd,3,200,501290,52.484,523.499,957576
1787797510272,872f6eaf-1872-4c39-7bff-4a97bb651875,/p/0/6388c745fa8e96cb,1,200,388704,47.558,4253.676,91381
1787797504543,c42549ee-1a1b-bc68-aaa1-cb2621d8352a,/p/0/a3d0dd3a9a95e80e,15,200,468896,243.020,10042.660,46690
1787797510272,872f6eaf-1872-4c39-7bff-4a97bb651875,/p/4/6388c645fa8e9518,1,200,377692,241.573,4374.015,86349
1787797508478,9c3c4ed3-7b64-c0d9-7be5-3309e0cce279,/p/0/6a5d9f7a6b163ca3,7,200,189109,666.017,6177.551,30612
1787797513593,62a4cefc-2434-7945-7c04-3ff814c3a24f,/p/2/436b0f1bf1618fb2,13,200,53839,395.043,1122.316,47971
1787797509640,918f5258-7b2f-2076-2a0e-2217b4000cda,/?crawl=177,0,200,3967146,179.754,5080.361,780879
1787797505434,2dc6c523-69bb-f3cf-20b2-1172c094ef68,/p/1/b1f9f90efe0b9236,5,200,4926158,86.150,9360.213,526287
1787797512929,775c4750-9694-fd74-fbe9-685b0fbdbecc,/p/4/a949c62d3cbdb2df,1,200,185336,141.676,2224.086,83331
1787797469076,15781728-83db-ba86-87ee-c2880d8480a9,/p/0/7f5c8ef79d7be075,3,200,4234871,39.770,46114.565,91834
1787797514646,872f6eaf-1872-4c39-7bff-4a97bb651875,/p/0/8f8e62e6842fb8a4,2,200,89683,47.862,545.977,164262
1787797511442,a51f9150-898b-ba9b-7432-11e1fcd1c3e6,/p/0/f8a38a5de730884f,8,200,16704,3878.477,3878.877,4306
1787797512644,c0076e2b-9e98-ee90-1ff7-07c9a50be582,/p/0/7ad6c281bd24fd80,6,200,412493,111.539,2819.057,146323
1787797489748,5edbe3a8-f834-5fa7-a6c5-ac7e9d74713b,/p/0/33a8885f43e1c4d2,1,200,5057029,160.829,25838.121,195720
1787797486622,c1161622-07c0-a623-c244-7d7c1af1985f,/p/0/4745fda813604c46,3,200,5777595,138.929,29024.631,199058
1787797514646,872f6eaf-1872-4c39-7bff-4a97bb651875,/p/3/8f8e64e6842fbc0a,2,200,117566,237.146,1003.174,117194
1787797514794,2dc6c523-69bb-f3cf-20b2-1172c094ef68,/p/0/edd0d95bd4f36be6,6,200,318248,16.776,929.096,342535
1787797486872,abadecde-19c3-fd7c-5c32-fbf4dc79162d,/p/1/34a64ae8fdb6f94,1,200,5360746,146.662,29066.718,184429
1787797508478,9c3c4ed3-7b64-c0d9-7be5-3309e0cce279,/p/7/6a5d9e7a6b163af0,7,200,394877,561.069,7479.800,52792
1787797492631,a2ac3dcd-a7f9-7b45-320c-ca6ddcd78e41,/?crawl=160,0,200,3806257,86.887,23328.616,163158
1787797515939,abadecde-19c3-fd7c-5c32-fbf4dc79162d,/p/0/48d1e6f5fdf8fbea,2,200,19623,72.236,145.521,134847
1787797510820,c5f96876-5074-e161-30ce-f4d44e01fe33,/p/0/4d3bf97871d10bc7,13,200,426246,193.150,5274.196,80817
1787797514163,37cf9e2f-5499-f4fd-4782-5d19ee238e94,/p/0/9c6e8f907147ec61,5,200,170404,243.908,1979.188,86098
1787797514715,62a4cefc-2434-7945-7c04-3ff814c3a24f,/p/1/1e556c70f31bc212,14,200,56284,414.577,1461.941,38500
1787797514794,2dc6c523-69bb-f3cf-20b2-1172c094ef68,/p/0/edd0d85bd4f36a33,6,200,487538,25.775,1386.621,351602
1787797511730,37cf9e2f-5499-f4fd-4782-5d19ee238e94,/p/0/6c774e8663ee46fd,4,200,471754,301.973,4523.065,104300
1787797508995,20ff866f-0452-c945-cde1-cdc9b1d5805a,/p/0/85194aaa753f7c76,2,200,76248,2602.472,7539.326,10113
1787797511442,a51f9150-898b-ba9b-7432-11e1fcd1c3e6,/p/0/f8a3895de730869c,8,200,335071,3878.788,5110.318,65568
1787797515958,9c3c4ed3-7b64-c0d9-7be5-3309e0cce279,/p/0/ffcc6d119887df64,8,200,13519,390.419,602.459,22440
1787797512014,6b617703-1f7a-3ffa-adc5-9300dcca081c,/p/4/d884a8417389d7b6,1,200,2700604,22.198,4581.329,589480
1787797504295,8e5aa8d2-ede1-19bd-1d96-e262a55a59d2,/p/0/b1321cbc4cfa6f17,1,200,2465327,211.022,12310.987,200254
1787797481694,ad3c456b-5574-4ec8-b695-45e6b3670b3a,/p/0/adb8bba92d32e029,1,200,4470740,2.644,35003.277,127723
1787797514163,37cf9e2f-5499-f4fd-4782-5d19ee238e94,/p/0/9c6e8d907147e8fb,5,200,477726,267.662,2556.648,186856
1787797509165,b89f6c8d-cce2-aadb-bb45-bbde3f569888,/p/0/39abe2ccd924e58,2,200,2753251,336.807,7558.666,364251
1787797475860,0fbbe26e-91ea-f186-a42b-b756aff181dc,/p/0/7d5a96f8792c8938,1,200,4567278,124.496,40960.310,111505
1787797475860,0fbbe26e-91ea-f186-a42b-b756aff181dc,/p/6/7d5a97f8792c8aeb,1,200,4502456,41.455,40960.401,109922
1787797510346,b89f6c8d-cce2-aadb-bb45-bbde3f569888,/p/4/482831721165fa1d,3,200,2787394,92.791,6747.278,413114
1787797506540,45c91211-d5fc-4832-e57e-891b29500b13,/p/0/e8b6c87d56c5bd26,5,200,502991,214.839,10558.794,47637
1787797515632,524b5a34-1c1d-4975-b937-28696830df7f,/?crawl=182,0,200,419801,58.024,1469.664,285644
1787797511730,37cf9e2f-5499-f4fd-4782-5d19ee238e94,/p/0/6c774b8663ee41e4,4,200,2716017,348.516,5412.149,501837
1787797493575,5edbe3a8-f834-5fa7-a6c5-ac7e9d74713b,/p/6/5a0967c849bf6a07,2,200,5145392,197.764,23932.030,215000
1787797512929,775c4750-9694-fd74-fbe9-685b0fbdbecc,/p/0/a949c52d3cbdb12c,1,200,438349,35.807,4611.059,95065
1787797516596,6b617703-1f7a-3ffa-adc5-9300dcca081c,/p/0/576d7f23d020d4db,2,200,253539,65.361,1185.066,213945
1787797515153,775c4750-9694-fd74-fbe9-685b0fbdbecc,/p/3/3a79253dfdc0ad6a,2,200,211607,211.106,2682.849,78874
1787797507369,83751f0a-d5ab-1e24-6630-958f32ebe55f,/p/9/893a3164a68a543d,1,200,2636268,40.682,10638.425,247806
1787797509350,c1161622-07c0-a623-c244-7d7c1af1985f,/p/1/552ff53195c5b9d7,5,200,2577500,497.870,8658.322,297690
1787797516820,0fbbe26e-91ea-f186-a42b-b756aff181dc,/p/0/75b70a79de0d2f43,2,200,118469,233.504,1191.898,99395
1787797514163,37cf9e2f-5499-f4fd-4782-5d19ee238e94,/p/0/9c6e8e907147eaae,5,200,5800784,243.938,3960.286,1464739
1787797518008,c1161622-07c0-a623-c244-7d7c1af1985f,/p/0/b7d76d2bd6d27e64,6,200,10668,68.967,128.133,83257
1787797516596,6b617703-1f7a-3ffa-adc5-9300dcca081c,/p/3/576d7e23d020d328,2,200,413394,21.589,1606.197,257374
1787797516820,0fbbe26e-91ea-f186-a42b-b756aff181dc,/p/5/75b70979de0d2d90,2,200,112966,275.949,1528.144,73924
1787797502570,a0d89031-7268-879e-e788-3965e7a283ea,/p/2/60798effaeb7503d,2,200,3037316,42.174,15805.833,192164
1787797481694,ad3c456b-5574-4ec8-b695-45e6b3670b3a,/p/13/adb8b9a92d32dcc3,1,200,4262666,3476.634,36683.548,116201
1787797514715,62a4cefc-2434-7945-7c04-3ff814c3a24f,/p/0/1e556a70f31bbeac,14,200,198610,414.642,3688.326,53848
1787797514646,872f6eaf-1872-4c39-7bff-4a97bb651875,/p/0/8f8e65e6842fbdbd,2,200,364781,237.077,3795.572,96107
1787797517631,1b817822-ce55-78c9-2079-0c26782f918a,/?crawl=184,0,200,112672,118.983,910.863,123698
1787797517093,b89f6c8d-cce2-aadb-bb45-bbde3f569888,/p/0/2a5eb9e59ee45728,4,200,405612,95.567,1476.805,274655
1787797518008,c1161622-07c0-a623-c244-7d7c1af1985f,/p/0/b7d76f2bd6d281ca,6,200,155224,128.090,561.461,276464
1787797518008,83751f0a-d5ab-1e24-6630-958f32ebe55f,/p/0/70f7565e23e51826,2,200,68903,264.514,745.283,92452
1787797504295,8e5aa8d2-ede1-19bd-1d96-e262a55a59d2,/p/0/b1321dbc4cfa70ca,1,200,3083842,41.030,14488.732,212844
1787797517631,8258a893-86a7-4a72-df7b-70f26d368d8b,/?crawl=186,0,200,423767,38.454,1161.275,364915
1787797517093,b89f6c8d-cce2-aadb-bb45-bbde3f569888,/p/3/2a5ebbe59ee45a8e,4,200,504167,20.043,1720.562,293025
1787797517836,775c4750-9694-fd74-fbe9-685b0fbdbecc,/p/0/f0b3e7050503ae35,3,200,137006,229.841,1031.049,132880
1787797517631,33b1afba-9a0e-7a15-eb28-fe3c62cc1d77,/?crawl=183,0,200,236328,120.401,1316.091,179568
1787797518008,c1161622-07c0-a623-c244-7d7c1af1985f,/p/0/b7d7702bd6d2837d,6,200,379305,30.477,943.839,401875
1787797518376,a0d89031-7268-879e-e788-3965e7a283ea,/p/1/98cc8b86d5169d7e,3,200,51661,236.555,582.842,88636
1787797518814,b89f6c8d-cce2-aadb-bb45-bbde3f569888,/p/0/67538e86b57fe445,5,200,17410,121.439,159.470,109174
1787797518947,33b1afba-9a0e-7a15-eb28-fe3c62cc1d77,/p/3/d50e8515a7d08a89,1,200,28100,62.855,155.844,180308
1787797515153,775c4750-9694-fd74-fbe9-685b0fbdbecc,/p/0/3a79263dfdc0af1d,2,200,327929,175.721,3997.966,82024
1787797480945,05e0c067-bb60-57b9-9b87-4c61ab06cea0,/p/3/5c8c230a5e07db0e,3,200,3863514,450.443,38297.635,100881
1787797512929,775c4750-9694-fd74-fbe9-685b0fbdbecc,/p/0/a949c82d3cbdb645,1,200,361242,159.203,6379.812,56623
1787797518959,a0d89031-7268-879e-e788-3965e7a283ea,/p/0/395106ffb1259a6,4,200,8888,236.626,386.397,23002
1787797508969,2e060094-5db8-ba29-5350-3e2835d4ac54,/p/5/b95667c45a5ec1,7,200,113974,554.720,10380.545,10980
1787797503669,2e060094-5db8-ba29-5350-3e2835d4ac54,/p/0/5b4271ba35dd2adc,6,200,490981,404.969,15681.043,31310
1787797515939,abadecde-19c3-fd7c-5c32-fbf4dc79162d,/p/0/48d1e4f5fdf8f884,2,200,367188,328.068,3490.741,105189
1787797517508,5edbe3a8-f834-5fa7-a6c5-ac7e9d74713b,/p/0/e2c4a0d912c4dff5,3,200,257230,163.890,1949.282,131961
1787797510375,b0711855-0011-f143-336d-1c80e4677454,/p/4/947fcfcefc22753e,2,200,3344610,603.613,9173.280,364603
1787797495944,458e7d59-ccd1-a2b4-3ae1-c4419237d274,/p/2/b338681b3600223a,12,0,3507871,299.100,23686.566,148095
1787797493509,458e7d59-ccd1-a2b4-3ae1-c4419237d274,/p/0/1722dcba4da51a9a,11,0,4162183,96.569,26122.005,159336
1787797495944,458e7d59-ccd1-a2b4-3ae1-c4419237d274,/p/0/b338661b36001ed4,12,0,3393567,299.115,23686.748,143269
1787797517836,775c4750-9694-fd74-fbe9-685b0fbdbecc,/p/2/f0b3e6050503ac82,3,200,117136,192.734,1808.134,64783
1787797518008,83751f0a-d5ab-1e24-6630-958f32ebe55f,/p/8/70f7545e23e514c0,2,200,291986,43.721,1673.501,174476
1787797517836,775c4750-9694-fd74-fbe9-685b0fbdbecc,/p/0/f0b3e4050503a91c,3,200,177701,211.809,1860.863,95494
1787797518202,6b617703-1f7a-3ffa-adc5-9300dcca081c,/p/0/7c120e9f7e3e6182,3,200,215572,123.472,1531.188,140787
1787797515153,775c4750-9694-fd74-fbe9-685b0fbdbecc,/p/0/3a79233dfdc0aa04,2,200,475129,228.989,4653.583,102100
1787797517508,5edbe3a8-f834-5fa7-a6c5-ac7e9d74713b,/p/5/e2c49fd912c4de42,3,200,522437,32.926,2345.476,222742
1787797508995,20ff866f-0452-c945-cde1-cdc9b1d5805a,/p/0/851948aa753f7910,2,200,138645,1829.769,10916.141,12701
1787797518404,62a4cefc-2434-7945-7c04-3ff814c3a24f,/p/0/69055db4151bad4a,15,200,119188,309.527,1527.282,78039
1787797518814,b89f6c8d-cce2-aadb-bb45-bbde3f569888,/p/2/67538d86b57fe292,5,200,350125,102.678,1119.128,312855
1787797519631,080aa34a-fa60-e602-b7f1-b9599bbacb00,/?crawl=187,0,200,357217,14.197,304.314,1173845
1787797497563,3a43c60b-5a61-3496-f2c5-9c4d4c7163b0,/p/0/e28cedff0c1f36c4,3,200,5758678,620.286,22382.037,257290
1787797517507,5edbe3a8-f834-5fa7-a6c5-ac7e9d74713b,/p/0/e2c49dd912c4dadc,3,200,323295,180.123,2488.373,129922
1787797515939,abadecde-19c3-fd7c-5c32-fbf4dc79162d,/p/0/48d1e7f5fdf8fd9d,2,200,420478,145.507,4136.972,101639
1787797519931,62a4cefc-2434-7945-7c04-3ff814c3a24f,/p/0/69055cb4151bab97,15,200,4937,290.689,311.395,15854
1787797514794,2dc6c523-69bb-f3cf-20b2-1172c094ef68,/p/0/edd0d75bd4f36880,6,200,4097809,16.719,5543.029,739273
1787797519631,399a996d-4e60-245c-8853-3b77c21f28f1,/?crawl=188,0,200,353898,35.702,854.374,414219
1787797509556,b0711855-0011-f143-336d-1c80e4677454,/p/0/f6f31da38f298e91,1,200,5415844,511.674,11045.751,490310
1787797519549,b0711855-0011-f143-336d-1c80e4677454,/p/0/895ca14768ab38e7,3,200,65364,1053.141,1054.778,61969
1787797519549,b0711855-0011-f143-336d-1c80e4677454,/p/3/895ca04768ab3734,3,200,202136,1053.411,1058.869,190898
1787797518375,a0d89031-7268-879e-e788-3965e7a283ea,/p/0/98cc8c86d5169f31,3,200,105726,260.021,2312.741,45715
1787797519682,83751f0a-d5ab-1e24-6630-958f32ebe55f,/p/0/7b2fc6a6ea956cac,3,200,94495,218.739,1072.018,88147
1787797514631,88e2eafe-b2b3-28b3-a66c-be45ceab1763,/?crawl=180,0,200,2780010,28.800,6242.989,445301
1787797518377,ad3c456b-5574-4ec8-b695-45e6b3670b3a,/p/12/4afbf2e1ce1cc940,2,200,205435,202.290,2535.033,81038
1787797519631,310ded1b-40d8-ea2d-9ab6-6bee151e700a,/?crawl=189,0,200,262832,72.713,1327.450,197998
1787797518349,0fbbe26e-91ea-f186-a42b-b756aff181dc,/p/0/9b2abd670f8ea331,3,200,110427,234.811,2612.703,42265
1787797498190,3a43c60b-5a61-3496-f2c5-9c4d4c7163b0,/p/0/82964b6657124895,4,200,3795748,2145.893,22972.831,165228
1787797516094,c5f96876-5074-e161-30ce-f4d44e01fe33,/p/0/c33275fe0f424080,14,200,325378,209.576,5094.614,63867
1787797517102,524b5a34-1c1d-4975-b937-28696830df7f,/p/2/41a42fb813359476,1,200,271604,206.716,4139.687,65610
1787797519935,080aa34a-fa60-e602-b7f1-b9599bbacb00,/p/0/22b7d88bfa3c5f6f,1,200,183720,15.552,1307.571,140505
1787797518349,0fbbe26e-91ea-f186-a42b-b756aff181dc,/p/4/9b2abb670f8e9fcb,3,200,164559,318.737,2904.254,56661
1787797518792,8258a893-86a7-4a72-df7b-70f26d368d8b,/p/0/8f4d862e65a16e75,1,200,118664,199.382,2470.764,48027
1787797517102,524b5a34-1c1d-4975-b937-28696830df7f,/p/0/41a42db813359110,1,200,393217,50.926,4240.505,92729
1787797519935,080aa34a-fa60-e602-b7f1-b9599bbacb00,/p/5/22b7da8bfa3c62d5,1,200,192467,15.523,1489.761,129193
1787797519935,080aa34a-fa60-e602-b7f1-b9599bbacb00,/p/0/22b7d98bfa3c6122,1,200,230912,52.649,1510.736,152847
1787797520631,7e5a180c-3c3c-9203-4460-4d28cc86d40f,/?crawl=190,0,200,211363,61.322,857.230,246565
1787797520874,88e2eafe-b2b3-28b3-a66c-be45ceab1763,/p/2/1acf84fce9ffa850,1,200,126683,65.132,632.137,200404
1787797519853,5edbe3a8-f834-5fa7-a6c5-ac7e9d74713b,/p/4/929fd18add67e55a,4,200,253423,185.770,1698.142,149235
1787797519644,775c4750-9694-fd74-fbe9-685b0fbdbecc,/p/0/4ff72eaff9fd16e6,4,200,234267,180.060,1924.088,121755
1787797519933,b89f6c8d-cce2-aadb-bb45-bbde3f569888,/p/0/6173edc217b52253,6,200,225514,142.936,1645.328,137063
1787797519853,5edbe3a8-f834-5fa7-a6c5-ac7e9d74713b,/p/0/929fd28add67e70d,4,200,217906,178.481,1746.232,124786
1787797519682,83751f0a-d5ab-1e24-6630-958f32ebe55f,/p/0/7b2fc9a6ea9571c5,3,200,149427,305.034,1918.383,77892
1787797502247,3a43c60b-5a61-3496-f2c5-9c4d4c7163b0,/p/0/ac6affded544b0b7,6,200,3358932,190.313,19418.345,172977
1787797519933,b89f6c8d-cce2-aadb-bb45-bbde3f569888,/p/1/6173efc217b525b9,6,200,308196,142.865,1797.679,171441
1787797519933,b89f6c8d-cce2-aadb-bb45-bbde3f569888,/p/0/6173eec217b52406,6,200,258755,122.350,1816.256,142466
1787797516820,0fbbe26e-91ea-f186-a42b-b756aff181dc,/p/0/75b70b79de0d30f6,2,200,510286,211.464,4997.544,102107
1787797518959,a0d89031-7268-879e-e788-3965e7a283ea,/p/0/395116ffb125b59,4,200,216522,215.160,2865.882,75552
1787797515959,a2ac3dcd-a7f9-7b45-320c-ca6ddcd78e41,/p/0/73d7512e186184e8,1,200,377491,80.905,5997.068,62946
1787797520874,88e2eafe-b2b3-28b3-a66c-be45ceab1763,/p/0/1acf86fce9ffabb6,1,200,210382,27.017,1141.665,184277
1787797519644,775c4750-9694-fd74-fbe9-685b0fbdbecc,/p/1/4ff72faff9fd1899,4,200,342144,197.918,2468.873,138583
1787797496292,1620021f-caf3-891b-7d2c-96be726882f7,/p/0/741a68bacfc7afb,1,200,4955666,36.328,25823.109,191908
1787797519644,775c4750-9694-fd74-fbe9-685b0fbdbecc,/p/0/4ff72daff9fd1533,4,200,415210,162.456,2556.130,162437
1787797521488,7e5a180c-3c3c-9203-4460-4d28cc86d40f,/p/1/eb94a2e8b3338379,1,200,66698,56.671,734.865,90762
1787797521425,080aa34a-fa60-e602-b7f1-b9599bbacb00,/p/0/48470367bd671b7f,2,200,400279,34.757,943.346,424318
1787797513593,62a4cefc-2434-7945-7c04-3ff814c3a24f,/p/0/436b0d1bf1618c4c,13,200,426390,352.907,8796.694,48472
1787797519682,83751f0a-d5ab-1e24-6630-958f32ebe55f,/p/7/7b2fc8a6ea957012,3,200,192670,283.835,2942.965,65468
1787797521506,88e2eafe-b2b3-28b3-a66c-be45ceab1763,/p/1/41750ebe734944f2,2,200,185236,181.821,1190.775,155559
1787797521506,88e2eafe-b2b3-28b3-a66c-be45ceab1763,/p/0/41750cbe7349418c,2,200,177409,130.863,1267.113,140010
1787797518377,ad3c456b-5574-4ec8-b695-45e6b3670b3a,/p/0/4afbf4e1ce1ccca6,2,200,378689,59.218,4402.217,86022
1787797518792,8258a893-86a7-4a72-df7b-70f26d368d8b,/p/12/8f4d852e65a16cc2,1,200,463627,239.975,4026.925,115132
1787797517631,6818a0c9-e8e3-8560-c705-c5a9cc6dae35,/?crawl=185,0,200,340502,228.808,5242.495,64950
1787797488109,58a6a1ed-bac0-7b3e-bb57-1f0b230987e8,/p/0/f412e21e80c3ece0,3,200,3517441,2223.721,34775.456,101147
1787797521551,5edbe3a8-f834-5fa7-a6c5-ac7e9d74713b,/p/0/8be81f494478a972,5,200,127958,164.912,1349.520,94817
1787797521506,88e2eafe-b2b3-28b3-a66c-be45ceab1763,/p/0/41750fbe734946a5,2,200,152143,168.865,1452.039,104779
1787797514715,62a4cefc-2434-7945-7c04-3ff814c3a24f,/p/0/1e556d70f31bc3c5,14,200,413959,435.164,8244.601,50210
1787797522631,60b132de-bafa-efd0-ecf3-9e60cca4282a,/?crawl=195,0,200,75462,69.191,336.145,224492
1787797522223,7e5a180c-3c3c-9203-4460-4d28cc86d40f,/p/0/d05714ba52f2c6f4,2,200,18977,311.855,821.982,23087
1787797522819,8258a893-86a7-4a72-df7b-70f26d368d8b,/p/0/19c0de2af59bdf9e,2,200,7922,221.329,258.772,30614
1787797522631,b1782f4d-238e-67a4-345b-56ca2496565c,/?crawl=199,0,200,285001,44.348,465.455,612307
1787797521631,eb6fbc33-77a4-bf0c-c2fa-9e71d0ca4476,/?crawl=192,0,200,499149,123.341,1468.756,339845
1787797521631,52be04f0-c8bb-f3bb-8286-5ea48472669b,/?crawl=193,0,200,411617,55.931,1492.581,275775
1787797522631,5884cbf3-25e7-d6eb-840b-1bdc2bbbdbf5,/?crawl=198,0,200,76960,91.717,493.239,156030
1787797515958,9c3c4ed3-7b64-c0d9-7be5-3309e0cce279,/p/6/ffcc6f119887e2ca,8,200,405731,355.545,7203.158,56327
1787797523097,b1782f4d-238e-67a4-345b-56ca2496565c,/p/0/f37cf677c3703a98,1,200,44413,20.251,142.668,311303
1787797496292,1620021f-caf3-891b-7d2c-96be726882f7,/p/3/741a88bacfc7e61,1,200,5918471,127.640,26950.816,219603
1787797522967,60b132de-bafa-efd0-ecf3-9e60cca4282a,/p/7/a5d3a301710465b2,1,200,38928,59.371,350.672,111010
1787797520874,88e2eafe-b2b3-28b3-a66c-be45ceab1763,/p/0/1acf85fce9ffaa03,1,200,325114,155.248,2454.888,132435
1787797515960,a2ac3dcd-a7f9-7b45-320c-ca6ddcd78e41,/p/0/73d7542e18618a01,1,200,412728,450.186,7378.116,55939
1787797522625,83751f0a-d5ab-1e24-6630-958f32ebe55f,/p/6/e45b91bed8fdbf8,4,200,256302,252.361,766.961,334179
1787797521731,b89f6c8d-cce2-aadb-bb45-bbde3f569888,/p/0/f25baaa265b29a0,7,200,206802,94.995,1662.188,124416
1787797522625,83751f0a-d5ab-1e24-6630-958f32ebe55f,/p/0/e45bb1bed8fdf5e,4,200,382728,277.749,797.443,479944
1787797519243,05e0c067-bb60-57b9-9b87-4c61ab06cea0,/p/0/9e37de9fd729d3bd,4,200,265161,98.042,4236.335,62592
1787797501790,71a74354-aa89-7296-7b7e-c14168f4dfb4,/p/2/52f7129665433eff,4,200,4070700,190.701,21694.703,187636
1787797522631,2aa151c9-d13d-fa41-f167-0ab47beb45de,/?crawl=197,0,200,379868,37.606,886.039,428726
1787797493018,58a6a1ed-bac0-7b3e-bb57-1f0b230987e8,/p/0/5be8e50eb610fa93,4,200,3788564,246.282,30531.878,124086
1787797523243,1620021f-caf3-891b-7d2c-96be726882f7,/p/0/2369c86ad490501a,2,200,84955,5.219,321.456,264282
1787797518958,a0d89031-7268-879e-e788-3965e7a283ea,/p/0/3950f6ffb1257f3,4,200,412540,215.228,4629.289,89115
1787797488903,ba73bdad-b169-8525-68b0-e3946e53462b,/p/0/3f6879594dcdd236,2,200,2483873,698.484,34689.882,71602
1787797523123,52be04f0-c8bb-f3bb-8286-5ea48472669b,/p/0/3155a4cff562a4a6,1,200,45885,105.211,470.711,97480
1787797521731,b89f6c8d-cce2-aadb-bb45-bbde3f569888,/p/0/f25bdaa265b2eb9,7,200,265288,95.115,1904.170,139320
1787797514586,c42549ee-1a1b-bc68-aaa1-cb2621d8352a,/p/0/6ae48390754e45c,16,200,394030,294.855,9131.811,43149
1787797520608,b0711855-0011-f143-336d-1c80e4677454,/p/2/75ecfbb43b15d946,4,200,102779,593.011,3127.767,32860
1787797520485,399a996d-4e60-245c-8853-3b77c21f28f1,/p/0/b62230e98ed75a9b,1,200,168627,204.851,3313.409,50892
1787797522697,88e2eafe-b2b3-28b3-a66c-be45ceab1763,/p/0/4bc94a89488ba188,3,200,207052,155.368,1145.466,180758
1787797497631,58972e27-19e9-69d1-5fdb-0cb13ae3f5c3,/?crawl=165,0,200,6175776,83.464,26281.367,234987
1787797523392,83751f0a-d5ab-1e24-6630-958f32ebe55f,/p/0/e88e82c07420cbd7,5,200,124484,229.662,599.507,207644
1787797523392,83751f0a-d5ab-1e24-6630-958f32ebe55f,/p/5/e88e84c07420cf3d,5,200,106308,244.339,614.871,172895
1787797522697,88e2eafe-b2b3-28b3-a66c-be45ceab1763,/p/0/4bc94d89488ba6a1,3,200,224827,195.803,1388.083,161969
1787797520485,399a996d-4e60-245c-8853-3b77c21f28f1,/p/11/b6222fe98ed758e8,1,200,350547,33.554,3654.075,95933
1787797523243,1620021f-caf3-891b-7d2c-96be726882f7,/p/2/2369c66ad4904cb4,2,200,462131,3.181,945.239,488904
1787797488570,bc24846c-aab4-1d78-18c7-e91b24b29742,/p/0/a03b54d87cc389c2,5,200,4008275,83.551,35667.761,112378
1787797521551,5edbe3a8-f834-5fa7-a6c5-ac7e9d74713b,/p/0/8be81e494478a7bf,5,200,371827,181.280,2732.764,136063
1787797520912,ad3c456b-5574-4ec8-b695-45e6b3670b3a,/p/0/1edbdaf19d1894ae,3,200,188065,288.559,3432.478,54790
1787797515632,86454a3f-02d5-95c3-c63c-3d01026018e0,/?crawl=181,0,200,2711100,48.492,8733.479,310426
1787797521241,524b5a34-1c1d-4975-b937-28696830df7f,/p/0/80bcd6b21cdc063a,2,200,169238,276.316,3177.354,53264
1787797522113,775c4750-9694-fd74-fbe9-685b0fbdbecc,/p/0/5644c157b6d06d45,5,200,293315,174.103,2311.438,126897
1787797521241,524b5a34-1c1d-4975-b937-28696830df7f,/p/1/80bcd4b21cdc02d4,2,200,218111,276.262,3252.018,67069
1787797519243,05e0c067-bb60-57b9-9b87-4c61ab06cea0,/p/2/9e37dd9fd729d20a,4,200,390070,373.759,5268.887,74033
1787797523912,58972e27-19e9-69d1-5fdb-0cb13ae3f5c3,/p/0/54eafd01ff6854fa,1,200,178200,3.521,643.521,276914
1787797524188,1620021f-caf3-891b-7d2c-96be726882f7,/p/0/b3c3bcac47e64ef7,3,200,69928,383.623,413.957,168926
1787797521253,0fbbe26e-91ea-f186-a42b-b756aff181dc,/p/0/99278e020870267,4,200,212075,210.269,3351.491,63278
1787797499701,aaff7191-9dde-147b-d0ca-aad85d6e9641,/p/2/27b4b6e4fa454dd7,11,0,2785378,340.043,24930.794,111724
1787797493047,aaff7191-9dde-147b-d0ca-aad85d6e9641,/p/0/91fa0fe1d481c33c,10,0,3105223,319.246,31584.538,98315
1787797496295,ff21d2d1-cacf-1f48-c148-3959f4492e49,/p/0/4d02aa72ef2b9f8e,1,200,4186702,41.043,28346.602,147697
1787797523912,58972e27-19e9-69d1-5fdb-0cb13ae3f5c3,/p/10/54eafe01ff6856ad,1,200,330410,1.473,732.619,450998
1787797522631,ad2d822c-bb92-a029-b33f-96b446d2b928,/?crawl=196,0,200,259193,190.139,2043.213,126856
1787797524631,f7c998b3-5110-ead8-1c5b-78722c3cdddc,/?crawl=201,0,200,78486,34.439,188.893,415505
1787797518377,ad3c456b-5574-4ec8-b695-45e6b3670b3a,/p/0/4afbf3e1ce1ccaf3,2,200,459880,231.542,6492.505,70832
1787797524820,f7c998b3-5110-ead8-1c5b-78722c3cdddc,/p/9/9ab7f2d2140e5a86,1,200,13014,30.067,93.266,139536
1787797518349,0fbbe26e-91ea-f186-a42b-b756aff181dc,/p/0/9b2aba670f8e9e18,3,200,444294,212.753,6613.539,67179
1787797511277,169ab19f-af23-0e9c-8851-b8d46c946a82,/p/0/dcfe69deaffc06ff,4,200,3676983,334.686,13803.046,266389
1787797524007,83751f0a-d5ab-1e24-6630-958f32ebe55f,/p/4/48f25f6be7da6f95,6,200,380987,47.756,1094.634,348050
1787797521551,5edbe3a8-f834-5fa7-a6c5-ac7e9d74713b,/p/3/8be820494478ab25,5,200,522970,164.820,3657.362,142991
1787797524645,58972e27-19e9-69d1-5fdb-0cb13ae3f5c3,/p/0/12a7d7d963b841c5,2,200,18777,620.126,620.931,30240
1787797524645,58972e27-19e9-69d1-5fdb-0cb13ae3f5c3,/p/0/12a7d4d963b83cac,2,200,91323,619.863,623.202,146538
1787797524645,58972e27-19e9-69d1-5fdb-0cb13ae3f5c3,/p/9/12a7d6d963b84012,2,200,164920,619.848,624.003,264294
1787797509311,c3f5fd30-bb24-84f3-ca25-fcda58afc577,/p/11/9f18f62d079ec564,3,200,2761500,507.194,15977.943,172832
1787797524512,05e0c067-bb60-57b9-9b87-4c61ab06cea0,/p/1/c778fd6d905f8b0e,5,200,34399,414.961,827.475,41571
1787797523097,b1782f4d-238e-67a4-345b-56ca2496565c,/p/20/f37cf877c3703dfe,1,200,461653,64.371,2277.353,202715
1787797523097,b1782f4d-238e-67a4-345b-56ca2496565c,/p/0/f37cf977c3703fb1,1,200,404559,75.303,2321.619,174257
1787797524821,f7c998b3-5110-ead8-1c5b-78722c3cdddc,/p/0/9ab7f3d2140e5c39,1,200,77220,45.358,623.658,123818
1787797524188,1620021f-caf3-891b-7d2c-96be726882f7,/p/0/b3c3bdac47e650aa,3,200,315799,383.679,1374.005,229838
1787797524188,1620021f-caf3-891b-7d2c-96be726882f7,/p/1/b3c3bbac47e64d44,3,200,491626,383.723,1375.997,357287
1787797523517,2aa151c9-d13d-fa41-f167-0ab47beb45de,/p/1/7efef84647ce798c,1,200,158737,167.532,2077.324,76414
1787797523718,c42549ee-1a1b-bc68-aaa1-cb2621d8352a,/p/0/652077395d1a71f3,17,200,148502,315.453,2045.870,72586
1787797522113,775c4750-9694-fd74-fbe9-685b0fbdbecc,/p/0/5644bf57b6d069df,5,200,512120,87.186,3663.820,139778
1787797521253,0fbbe26e-91ea-f186-a42b-b756aff181dc,/p/0/99279e02087041a,4,200,364885,272.512,4681.690,77939
1787797523912,58972e27-19e9-69d1-5fdb-0cb13ae3f5c3,/p/0/54eafc01ff685347,1,200,3032624,325.753,2030.601,1493461
1787797525269,58972e27-19e9-69d1-5fdb-0cb13ae3f5c3,/p/0/1d0bf722f2705f24,3,200,11601,673.834,674.007,17212
1787797524140,399a996d-4e60-245c-8853-3b77c21f28f1,/p/0/d4c4a16ec66735bc,2,200,74564,398.891,1808.497,41230
1787797525595,2aa151c9-d13d-fa41-f167-0ab47beb45de,/p/0/24ad67674a6ae19a,2,200,15854,211.069,410.332,38637
1787797522819,8258a893-86a7-4a72-df7b-70f26d368d8b,/p/0/19c0dd2af59bddeb,2,200,351399,201.319,3211.615,109415
1787797523243,1620021f-caf3-891b-7d2c-96be726882f7,/p/0/2369c76ad4904e67,2,200,4117171,321.778,2845.031,1447144
1787797525101,83751f0a-d5ab-1e24-6630-958f32ebe55f,/p/3/58b8c324767d86f0,7,200,335540,69.810,990.207,338858
1787797496295,ff21d2d1-cacf-1f48-c148-3959f4492e49,/p/0/4d02a872ef2b9c28,1,200,4073432,205.697,29947.522,136019
1787797524140,399a996d-4e60-245c-8853-3b77c21f28f1,/p/0/d4c4a46ec6673ad5,2,200,92339,434.631,2207.897,41822
1787797454861,a776d2e4-61dd-f4bf-a959-7057990f7aff,/p/0/e046b44e9a297b34,4,200,6270459,69.751,71509.200,87687
1787797517093,b89f6c8d-cce2-aadb-bb45-bbde3f569888,/p/0/2a5ebce59ee45c41,4,200,2177158,47.705,9293.969,234255
1787797492972,15781728-83db-ba86-87ee-c2880d8480a9,/p/2/fe8433b51768d176,11,200,3276484,273.259,33439.580,97982
1787797519350,2e060094-5db8-ba29-5350-3e2835d4ac54,/p/0/d15e6414a9258f8e,8,200,225832,371.577,7098.729,31813
1787797525209,5edbe3a8-f834-5fa7-a6c5-ac7e9d74713b,/p/2/5c35e401ecb9415e,6,200,120689,192.048,1249.592,96583
1787797525565,1620021f-caf3-891b-7d2c-96be726882f7,/p/0/8f0c59651b1969d0,4,200,498155,514.699,936.522,531920
1787797475860,0fbbe26e-91ea-f186-a42b-b756aff181dc,/p/0/7d5a99f8792c8e51,1,200,5470186,210.250,50767.417,107750
1787797525631,1e4cbd2e-35c6-9a6c-646a-44d298f37d63,/?crawl=202,0,200,515320,43.758,1007.696,511384
1787797524366,86454a3f-02d5-95c3-c63c-3d01026018e0,/p/0/ae39dc5a7e9aa1c9,1,200,294486,42.061,2407.639,122313
1787797525339,05e0c067-bb60-57b9-9b87-4c61ab06cea0,/p/0/ded53b840f599885,6,200,43844,379.406,1483.354,29557
1787797524914,f7c998b3-5110-ead8-1c5b-78722c3cdddc,/p/0/16deee88dd6e76bd,2,200,218349,201.920,1936.921,112730
1787797523123,52be04f0-c8bb-f3bb-8286-5ea48472669b,/p/4/3155a2cff562a140,1,200,346107,53.391,3737.790,92597
1787797509311,c3f5fd30-bb24-84f3-ca25-fcda58afc577,/p/0/9f18f82d079ec8ca,3,200,4149844,580.819,17559.129,236335
1787797525289,c3f5fd30-bb24-84f3-ca25-fcda58afc577,/p/10/a8b1ce3a5e792ba7,4,200,515770,1580.783,1649.817,312623
1787797519103,33b1afba-9a0e-7a15-eb28-fe3c62cc1d77,/p/0/d2efe3d54591b553,2,200,249984,403.264,7862.888,31793
1787797526091,83751f0a-d5ab-1e24-6630-958f32ebe55f,/p/0/58b8c424767d88a3,7,200,294421,47.824,904.305,325577
1787797524675,ad2d822c-bb92-a029-b33f-96b446d2b928,/p/6/12694da3dc696f9f,1,200,35735,253.131,2369.934,15078
1787797526412,15781728-83db-ba86-87ee-c2880d8480a9,/p/1/bd5d2ab9c0bddc3a,12,200,21600,209.817,654.432,33006
1787797524366,86454a3f-02d5-95c3-c63c-3d01026018e0,/p/0/ae39d95a7e9a9cb0,1,200,271346,231.923,2700.603,100476
1787797525289,c3f5fd30-bb24-84f3-ca25-fcda58afc577,/p/0/a8b1cd3a5e7929f4,4,200,300092,1582.515,1962.316,152927
1787797525289,c3f5fd30-bb24-84f3-ca25-fcda58afc577,/p/0/a8b1d03a5e792f0d,4,200,400136,1582.438,1962.659,203874
1787797502800,a51f9150-898b-ba9b-7432-11e1fcd1c3e6,/p/0/99dc8436efcd5eef,5,200,5124680,78.914,24452.411,209578
1787797523485,71a74354-aa89-7296-7b7e-c14168f4dfb4,/p/0/a1327fa236d62ffa,5,200,294704,230.976,3783.120,77900
1787797525209,5edbe3a8-f834-5fa7-a6c5-ac7e9d74713b,/p/0/5c35e501ecb94311,6,200,188947,160.586,2116.043,89293
1787797525631,5684ed70-3a5c-de0c-dcb0-2554388d8f92,/?crawl=203,0,200,389015,67.592,1727.465,225194
1787797524914,f7c998b3-5110-ead8-1c5b-78722c3cdddc,/p/0/16deeb88dd6e71a4,2,200,295347,155.261,2447.080,120694
1787797526939,c3f5fd30-bb24-84f3-ca25-fcda58afc577,/p/9/615eee39f65e20ed,5,200,186477,312.763,440.198,423620
1787797524512,05e0c067-bb60-57b9-9b87-4c61ab06cea0,/p/0/c778fb6d905f87a8,5,200,176230,346.259,2968.767,59361
1787797525374,b1782f4d-238e-67a4-345b-56ca2496565c,/p/0/c86e298c04686e6b,2,200,367627,136.106,2106.688,174505
1787797526458,5edbe3a8-f834-5fa7-a6c5-ac7e9d74713b,/p/0/d9eaa3e8182ef5a1,7,200,49819,426.092,1064.411,46804
1787797527066,15781728-83db-ba86-87ee-c2880d8480a9,/p/0/1c049b8e5cbe5324,13,200,10578,410.126,506.622,20879
1787797524494,524b5a34-1c1d-4975-b937-28696830df7f,/p/0/2a901fa781d3d23c,3,200,195053,360.914,3211.256,60740
1787797525339,05e0c067-bb60-57b9-9b87-4c61ab06cea0,/p/0/ded539840f59951f,6,200,72460,379.464,2383.333,30403
1787797518202,6b617703-1f7a-3ffa-adc5-9300dcca081c,/p/2/7c120f9f7e3e6335,3,200,2176516,187.962,9524.228,228524
1787797526939,c3f5fd30-bb24-84f3-ca25-fcda58afc577,/p/0/615eec39f65e1d87,5,200,285966,461.616,887.781,322113
1787797490893,62a4cefc-2434-7945-7c04-3ff814c3a24f,/p/0/87bfde2e863f0605,12,200,4958083,41.335,36933.689,134243
1787797525595,2aa151c9-d13d-fa41-f167-0ab47beb45de,/p/0/24ad68674a6ae34d,2,200,302837,211.023,2266.801,133597
1787797523631,69e3f629-204b-a521-d46c-17022bb9325b,/?crawl=200,0,200,421148,90.789,4281.484,98365
1787797526939,c3f5fd30-bb24-84f3-ca25-fcda58afc577,/p/0/615eed39f65e1f3a,5,200,363504,312.673,1012.777,358918
1787797527379,c3f5fd30-bb24-84f3-ca25-fcda58afc577,/p/0/95c57a20fe02a221,6,200,68871,572.633,589.897,116751
1787797527379,c3f5fd30-bb24-84f3-ca25-fcda58afc577,/p/0/95c57720fe029d08,6,200,73080,572.579,589.962,123872
1787797527379,c3f5fd30-bb24-84f3-ca25-fcda58afc577,/p/8/95c57820fe029ebb,6,200,411257,572.931,637.456,645154
1787797525764,c42549ee-1a1b-bc68-aaa1-cb2621d8352a,/p/0/652076395d1a7040,17,200,162431,266.328,2302.640,70541
1787797518947,33b1afba-9a0e-7a15-eb28-fe3c62cc1d77,/p/0/d50e8415a7d088d6,1,200,445428,155.760,9134.353,48764
1787797523518,2aa151c9-d13d-fa41-f167-0ab47beb45de,/p/0/7efef94647ce7b3f,1,200,487111,33.195,4591.130,106098
1787797527726,6b617703-1f7a-3ffa-adc5-9300dcca081c,/p/1/b995a4ae9e24e38f,4,200,51832,206.400,401.583,129069
1787797526639,1e4cbd2e-35c6-9a6c-646a-44d298f37d63,/p/0/74d9f747f7367d9,1,200,164702,27.278,1526.668,107883
1787797526458,5edbe3a8-f834-5fa7-a6c5-ac7e9d74713b,/p/0/d9eaa0e8182ef088,7,200,185285,181.193,1726.268,107333
1787797496295,ff21d2d1-cacf-1f48-c148-3959f4492e49,/p/0/4d02a972ef2b9ddb,1,200,4163110,82.025,31899.155,130508
1787797522967,60b132de-bafa-efd0-ecf3-9e60cca4282a,/p/0/a5d3a1017104624c,1,200,223679,176.269,5257.778,42542
1787797518947,33b1afba-9a0e-7a15-eb28-fe3c62cc1d77,/p/0/d50e8315a7d08723,1,200,425923,435.949,9323.193,45684
1787797525269,58972e27-19e9-69d1-5fdb-0cb13ae3f5c3,/p/0/1d0bfa22f270643d,3,200,2133513,674.022,3080.445,692599
1787797511442,a51f9150-898b-ba9b-7432-11e1fcd1c3e6,/p/0/f8a38c5de7308bb5,8,200,2847121,3879.160,16972.359,167750
1787797521253,0fbbe26e-91ea-f186-a42b-b756aff181dc,/p/3/99277e0208700b4,4,200,3159394,272.448,7211.163,438125
1787797488903,ba73bdad-b169-8525-68b0-e3946e53462b,/p/1/3f687a594dcdd3e9,2,200,3319085,220.600,39688.235,83629
1787797524914,f7c998b3-5110-ead8-1c5b-78722c3cdddc,/p/8/16deed88dd6e750a,2,200,355041,171.083,3718.432,95481
1787797519103,33b1afba-9a0e-7a15-eb28-fe3c62cc1d77,/p/0/d2efe4d54591b706,2,200,398483,465.088,9641.299,41331
1787797521488,7e5a180c-3c3c-9203-4460-4d28cc86d40f,/p/0/eb94a0e8b3338013,1,200,446032,113.236,7311.353,61005
1787797488569,bc24846c-aab4-1d78-18c7-e91b24b29742,/p/0/a03b53d87cc3880f,5,200,4144630,408.973,40549.765,102211
1787797528128,6b617703-1f7a-3ffa-adc5-9300dcca081c,/p/0/6cc0add46f25a255,5,200,15632,153.963,1067.761,14640
1787797528591,ba73bdad-b169-8525-68b0-e3946e53462b,/p/0/d8c06d73a3ad70d9,3,200,15699,514.280,635.060,24721
1787797523318,60b132de-bafa-efd0-ecf3-9e60cca4282a,/p/0/6250234f34b0b733,2,200,165153,351.111,5919.405,27900
1787797501790,71a74354-aa89-7296-7b7e-c14168f4dfb4,/p/0/52f7149665434265,4,200,4189057,247.731,27489.183,152389
1787797523485,71a74354-aa89-7296-7b7e-c14168f4dfb4,/p/1/a1327da236d62c94,5,200,465514,192.491,5796.096,80315
1787797526639,1e4cbd2e-35c6-9a6c-646a-44d298f37d63,/p/0/74d9c747f7362c0,1,200,235476,175.827,2699.723,87222
1787797529328,160edf7b-27b2-08e1-9481-79abb2597327,/?crawl=204,0,200,16900,119.964,174.131,97053
1787797484568,c42549ee-1a1b-bc68-aaa1-cb2621d8352a,/p/0/6f0e3fedda1c5c2f,11,0,2842947,160.390,45063.117,63088
1787797488304,c42549ee-1a1b-bc68-aaa1-cb2621d8352a,/p/0/1231fe16513f834e,12,0,2240547,407.452,41326.944,54215
1787797497558,c42549ee-1a1b-bc68-aaa1-cb2621d8352a,/p/0/a3d0dc3a9a95e65b,15,0,1991111,272.071,32073.377,62080
1787797510332,c42549ee-1a1b-bc68-aaa1-cb2621d8352a,/p/0/6ae4b390754e975,16,0,1092899,267.625,19299.370,56629
1787797528066,c42549ee-1a1b-bc68-aaa1-cb2621d8352a,/p/0/652079395d1a7559,17,0,92530,252.684,1564.781,59133
1787797489515,c42549ee-1a1b-bc68-aaa1-cb2621d8352a,/p/0/42bc77fa4dfe1cbb,13,0,2137283,267.099,40115.890,53278
1787797528591,ba73bdad-b169-8525-68b0-e3946e53462b,/p/0/d8c06a73a3ad6bc0,3,200,73331,482.746,1058.855,69255
1787797520958,310ded1b-40d8-ea2d-9ab6-6bee151e700a,/p/0/498c844723724d48,1,200,219395,433.396,8822.399,24868
1787797528464,0fbbe26e-91ea-f186-a42b-b756aff181dc,/p/2/4d3d7f3c5834e469,5,200,310294,1000.573,1480.060,209650
1787797519350,2e060094-5db8-ba29-5350-3e2835d4ac54,/p/4/d15e6514a9259141,8,200,494415,399.573,10645.817,46442
1787797529281,71a74354-aa89-7296-7b7e-c14168f4dfb4,/p/0/5cc8d84634049b2b,6,200,75978,195.116,745.776,101878
1787797528632,f7c998b3-5110-ead8-1c5b-78722c3cdddc,/p/0/fcc77c8b1b58529b,3,200,237487,508.540,1648.483,144064
1787797527726,6b617703-1f7a-3ffa-adc5-9300dcca081c,/p/0/b995a3ae9e24e1dc,4,200,440561,184.348,2564.519,171791
1787797529328,a8b2b5fb-0a9c-cb0f-869a-18420532160a,/?crawl=205,0,200,280035,101.655,1011.908,276740
1787797521425,080aa34a-fa60-e602-b7f1-b9599bbacb00,/p/0/48470467bd671d32,2,200,4756884,69.247,8940.688,532049
1787797525209,5edbe3a8-f834-5fa7-a6c5-ac7e9d74713b,/p/0/5c35e201ecb93df8,6,200,484335,242.003,5216.671,92844
1787797521425,080aa34a-fa60-e602-b7f1-b9599bbacb00,/p/4/48470567bd671ee5,2,200,5207472,28.236,9173.478,567666
1787797529281,71a74354-aa89-7296-7b7e-c14168f4dfb4,/p/0/5cc8da4634049e91,6,200,79972,383.884,1361.413,58742
1787797529945,0fbbe26e-91ea-f186-a42b-b756aff181dc,/p/0/13fd50815eb206f5,6,200,248126,43.122,745.894,332656
1787797529502,160edf7b-27b2-08e1-9481-79abb2597327,/p/0/7bcb9ba5fb15257f,1,200,180604,56.296,1325.524,136251
1787797529944,0fbbe26e-91ea-f186-a42b-b756aff181dc,/p/1/13fd4f815eb20542,6,200,297738,43.124,907.213,328190
1787797529631,b96efb17-8f22-c0c4-3f5a-a16c633c9583,/?crawl=206,0,200,343657,58.290,1324.014,259557
1787797462048,a776d2e4-61dd-f4bf-a959-7057990f7aff,/p/0/e7e7bfaa56018527,6,200,5910311,211.570,68937.599,85734
1787797520608,b0711855-0011-f143-336d-1c80e4677454,/p/0/75ecf9b43b15d5e0,4,200,456971,655.636,10415.615,43874
1787797530852,0fbbe26e-91ea-f186-a42b-b756aff181dc,/p/0/24f585255093ba3c,7,200,18226,49.927,189.043,96412
1787797522967,60b132de-bafa-efd0-ecf3-9e60cca4282a,/p/0/a5d3a40171046765,1,200,465023,176.092,8091.011,57474
1787797530852,0fbbe26e-91ea-f186-a42b-b756aff181dc,/p/0/24f586255093bbef,7,200,164989,50.078,343.779,479927
1787797530852,0fbbe26e-91ea-f186-a42b-b756aff181dc,/p/0/24f588255093bf55,7,200,188074,42.075,346.900,542156
1787797526458,5edbe3a8-f834-5fa7-a6c5-ac7e9d74713b,/p/1/d9eaa2e8182ef3ee,7,200,416567,165.461,4775.466,87231
1787797529502,160edf7b-27b2-08e1-9481-79abb2597327,/p/3/7bcb9da5fb1528e5,1,200,131527,304.047,1736.775,75731
1787797530599,080aa34a-fa60-e602-b7f1-b9599bbacb00,/p/0/f9c10a20ef862d24,3,200,324502,13.634,781.540,415208
1787797527358,5684ed70-3a5c-de0c-dcb0-2554388d8f92,/p/8/73e34816ead86e60,1,200,240842,318.315,4035.268,59684
1787797502569,a0d89031-7268-879e-e788-3965e7a283ea,/p/0/60798cffaeb74cd7,2,200,4819786,42.210,28864.668,166979
1787797469772,a776d2e4-61dd-f4bf-a959-7057990f7aff,/p/0/2b1e8d9d89f59ff,7,200,4807490,211.640,61734.473,77874
1787797529281,71a74354-aa89-7296-7b7e-c14168f4dfb4,/p/0/5cc8d94634049cde,6,200,252950,250.906,2329.161,108601
1787797523318,60b132de-bafa-efd0-ecf3-9e60cca4282a,/p/6/6250224f34b0b580,2,200,468213,378.847,8293.230,56457
1787797530599,080aa34a-fa60-e602-b7f1-b9599bbacb00,/p/3/f9c10c20ef86308a,3,200,455444,13.575,1027.432,443284
1787797511276,169ab19f-af23-0e9c-8851-b8d46c946a82,/p/0/dcfe6bdeaffc0a65,4,200,5105708,333.553,20411.232,250142
1787797455577,27e17e5b-a7c2-cec0-318f-bc4daa743daa,/p/0/d5ec70786408985b,5,200,3081971,124.592,76164.932,40464
1787797522223,7e5a180c-3c3c-9203-4460-4d28cc86d40f,/p/0/d05715ba52f2c8a7,2,200,522320,311.807,9685.923,53926
1787797528633,f7c998b3-5110-ead8-1c5b-78722c3cdddc,/p/0/fcc77d8b1b58544e,3,200,438050,508.272,3277.426,133657
1787797522113,775c4750-9694-fd74-fbe9-685b0fbdbecc,/p/0/5644c057b6d06b92,5,200,3019143,174.095,9836.694,306927
1787797523392,83751f0a-d5ab-1e24-6630-958f32ebe55f,/p/0/e88e83c07420cd8a,5,200,2506861,235.289,8735.210,286983
1787797528464,0fbbe26e-91ea-f186-a42b-b756aff181dc,/p/0/4d3d7e3c5834e2b6,5,200,3118364,83.974,3710.459,840425
1787797531626,080aa34a-fa60-e602-b7f1-b9599bbacb00,/p/2/5bd0d7898790e9b6,4,200,150216,67.765,551.179,272536
1787797518814,b89f6c8d-cce2-aadb-bb45-bbde3f569888,/p/0/67538b86b57fdf2c,5,200,3789603,92.887,13364.012,283568
1787797529196,6b617703-1f7a-3ffa-adc5-9300dcca081c,/p/0/6cc0abd46f259eef,5,200,430027,245.402,3073.015,139937
1787797526412,15781728-83db-ba86-87ee-c2880d8480a9,/p/0/bd5d28b9c0bdd8d4,12,200,381109,188.373,5877.312,64844
1787797486019,a776d2e4-61dd-f4bf-a959-7057990f7aff,/p/6/29b8a02d3230b3b6,9,200,4094059,209.614,46273.343,88476
1787797528017,c3f5fd30-bb24-84f3-ca25-fcda58afc577,/p/0/840680f57368f4cf,7,200,483341,26.786,4340.489,111356
1787797524512,05e0c067-bb60-57b9-9b87-4c61ab06cea0,/p/0/c778fe6d905f8cc1,5,200,437407,380.680,7881.535,55498
1787797525269,58972e27-19e9-69d1-5fdb-0cb13ae3f5c3,/p/8/1d0bf822f27060d7,3,200,4328694,674.332,7145.694,605777
1787797531626,080aa34a-fa60-e602-b7f1-b9599bbacb00,/p/0/5bd0d8898790eb69,4,200,243056,67.712,842.840,288377
1787797528464,0fbbe26e-91ea-f186-a42b-b756aff181dc,/p/0/4d3d7d3c5834e103,5,200,4102053,2.108,4101.640,1000101
1787797524493,524b5a34-1c1d-4975-b937-28696830df7f,/p/0/2a9022a781d3d755,3,200,462689,387.211,8131.728,56899
1787797527358,5684ed70-3a5c-de0c-dcb0-2554388d8f92,/p/0/73e34916ead87013,1,200,272716,63.072,5370.748,50778
1787797532631,217e1954-c0c2-0697-baaf-354547aa5a45,/?crawl=210,0,200,346423,12.968,260.751,1328560
1787797531626,080aa34a-fa60-e602-b7f1-b9599bbacb00,/p/0/5bd0d5898790e650,4,200,355761,73.936,1311.930,271174
1787797525374,b1782f4d-238e-67a4-345b-56ca2496565c,/p/19/c86e288c04686cb8,2,200,2162238,44.289,7578.431,285315
1787797510268,642fff68-2988-e5c7-ab4f-e0bacd36cda6,/p/14/857d7ce0ced1e1b7,7,200,3608007,192.622,22742.732,158644
1787797529944,0fbbe26e-91ea-f186-a42b-b756aff181dc,/p/0/13fd4d815eb201dc,6,200,5925885,43.143,3074.748,1927275
1787797522631,6e347673-6cb5-c858-ae99-c362d71a9ac5,/?crawl=194,0,200,3886703,43.690,10391.648,374022
1787797526370,a776d2e4-61dd-f4bf-a959-7057990f7aff,/p/0/29b89e2d3230b050,9,200,447952,317.339,6724.886,66611
1787797533023,6e347673-6cb5-c858-ae99-c362d71a9ac5,/p/0/393df85f059f5bc5,1,200,22502,146.057,193.312,116402
1787797532892,217e1954-c0c2-0697-baaf-354547aa5a45,/p/0/a8327c7991fa6da3,1,200,223147,34.663,368.039,606313
1787797532953,b1782f4d-238e-67a4-345b-56ca2496565c,/p/0/4b40a97cffa2dff,3,200,25931,139.101,347.602,74600
1787797505108,642fff68-2988-e5c7-ab4f-e0bacd36cda6,/p/0/55ec043fdb7e176e,4,200,4053582,106.745,28257.464,143452
1787797526861,52be04f0-c8bb-f3bb-8286-5ea48472669b,/p/3/ce8e23595c9415b1,2,200,396642,261.451,6532.017,60723
1787797523735,b0711855-0011-f143-336d-1c80e4677454,/p/1/771ae34b72bd9264,5,200,476462,390.431,9678.973,49227
1787797533023,6e347673-6cb5-c858-ae99-c362d71a9ac5,/p/0/393df65f059f585f,1,200,58403,88.363,414.877,140772
1787797527045,ad2d822c-bb92-a029-b33f-96b446d2b928,/p/0/f05767275f6db4d6,2,200,55152,868.166,6423.429,8586
1787797522697,88e2eafe-b2b3-28b3-a66c-be45ceab1763,/p/0/4bc94b89488ba33b,3,200,5521098,195.771,10865.401,508136
1787797526861,52be04f0-c8bb-f3bb-8286-5ea48472669b,/p/0/ce8e21595c94124b,2,200,506523,367.380,6773.319,74782
1787797523161,9c3c4ed3-7b64-c0d9-7be5-3309e0cce279,/p/0/179234d0c441f850,9,200,352594,461.554,10480.072,33644
1787797533023,6e347673-6cb5-c858-ae99-c362d71a9ac5,/p/0/393df75f059f5a12,1,200,184327,102.330,621.508,296580
1787797532892,217e1954-c0c2-0697-baaf-354547aa5a45,/p/5/a8327b7991fa6bf0,1,200,414183,34.701,773.266,535628
1787797532415,58972e27-19e9-69d1-5fdb-0cb13ae3f5c3,/p/0/d445a5216ea09db4,4,200,93057,238.881,1264.294,73604
1787797533631,0bb84ea3-2309-8bc6-58fc-d04b8d46de2b,/?crawl=214,0,200,22217,29.700,52.643,422030
1787797533631,bdff2a5b-36ea-222a-9f4c-540c2a4173f4,/?crawl=213,0,200,83728,36.295,185.020,452534
1787797518202,6b617703-1f7a-3ffa-adc5-9300dcca081c,/p/0/7c120d9f7e3e5fcf,3,200,2710869,221.689,15633.648,173400
1787797532953,b1782f4d-238e-67a4-345b-56ca2496565c,/p/0/4b40b97cffa2fb2,3,200,172768,128.201,970.204,178074
1787797533683,0bb84ea3-2309-8bc6-58fc-d04b8d46de2b,/p/0/f5dbd2efe46647a2,1,200,102992,24.674,280.141,367643
1787797518375,a0d89031-7268-879e-e788-3965e7a283ea,/p/0/98cc8986d5169a18,3,200,2729531,236.778,15680.360,174073
1787797519853,5edbe3a8-f834-5fa7-a6c5-ac7e9d74713b,/p/0/929fcf8add67e1f4,4,200,2532119,178.551,14242.695,177784
1787797523517,2aa151c9-d13d-fa41-f167-0ab47beb45de,/p/0/7efefa4647ce7cf2,1,200,4179146,201.845,10642.839,392672
1787797527573,15781728-83db-ba86-87ee-c2880d8480a9,/p/0/1c049c8e5cbe54d7,13,200,381908,214.479,6671.180,57247
1787797532292,a776d2e4-61dd-f4bf-a959-7057990f7aff,/p/0/35eb157b21faf19b,10,200,109515,244.744,2046.196,53521
1787797533684,0bb84ea3-2309-8bc6-58fc-d04b8d46de2b,/p/0/f5dbd1efe46645ef,1,200,171314,75.207,729.630,234796
1787797533665,217e1954-c0c2-0697-baaf-354547aa5a45,/p/4/fb30acbc92ebc953,2,200,275180,57.444,876.379,313997
1787797533665,217e1954-c0c2-0697-baaf-354547aa5a45,/p/0/fb30abbc92ebc7a0,2,200,326002,68.250,898.001,363031
1787797531234,5edbe3a8-f834-5fa7-a6c5-ac7e9d74713b,/p/0/454ae8a25fdc7f5a,8,200,63889,3025.912,3341.555,19120
1787797531239,160edf7b-27b2-08e1-9481-79abb2597327,/p/0/391786e69df03f3,2,200,246156,301.868,3351.703,73442
1787797521731,b89f6c8d-cce2-aadb-bb45-bbde3f569888,/p/0/f25bbaa265b2b53,7,200,5296673,104.747,12893.498,410802
1787797520631,b4472071-856c-4a9a-76a0-9cf5c198389a,/?crawl=191,0,200,5126268,39.486,14020.347,365631
1787797532415,58972e27-19e9-69d1-5fdb-0cb13ae3f5c3,/p/7/d445a6216ea09f67,4,200,84642,157.226,2292.311,36924
1787797515960,a2ac3dcd-a7f9-7b45-320c-ca6ddcd78e41,/p/1/73d7532e1861884e,1,200,4590075,493.287,18763.571,244627
1787797533665,217e1954-c0c2-0697-baaf-354547aa5a45,/p/0/fb30aebc92ebccb9,2,200,382340,57.501,1098.532,348046
1787797526639,1e4cbd2e-35c6-9a6c-646a-44d298f37d63,/p/1/74d9d747f736473,1,200,3234862,161.791,8135.832,397607
1787797532953,b1782f4d-238e-67a4-345b-56ca2496565c,/p/18/4b40997cffa2c4c,3,200,515446,128.075,1927.781,267378
1787797527044,ad2d822c-bb92-a029-b33f-96b446d2b928,/p/0/f05766275f6db323,2,200,134466,903.985,7853.790,17121
1787797525595,2aa151c9-d13d-fa41-f167-0ab47beb45de,/p/0/24ad65674a6ade34,2,200,5500814,177.832,9312.954,590663
1787797456775,a776d2e4-61dd-f4bf-a959-7057990f7aff,/p/0/5a1aca53b0a745f4,5,200,6125707,176.846,78161.805,78372
1787797529502,160edf7b-27b2-08e1-9481-79abb2597327,/p/0/7bcb9ca5fb152732,1,200,457933,495.056,5499.579,83267
1787797529995,2e060094-5db8-ba29-5350-3e2835d4ac54,/p/0/c480b189cd2d3512,9,200,174260,484.608,5019.149,34719
1787797530340,a8b2b5fb-0a9c-cb0f-869a-18420532160a,/p/4/e8614848667a32d2,1,200,488507,48.278,4727.575,103331
1787797530340,a8b2b5fb-0a9c-cb0f-869a-18420532160a,/p/0/e8614648667a2f6c,1,200,498120,70.155,4803.096,103708
1787797531394,5684ed70-3a5c-de0c-dcb0-2554388d8f92,/p/7/eff4d76cf0e606ee,2,200,147953,377.834,3887.621,38057
1787797530340,a8b2b5fb-0a9c-cb0f-869a-18420532160a,/p/0/e8614948667a3485,1,200,491505,95.384,4996.546,98369
1787797534881,b1782f4d-238e-67a4-345b-56ca2496565c,/p/0/aa65f53dc8215084,4,200,111002,113.416,527.409,210467
1787797531394,5684ed70-3a5c-de0c-dcb0-2554388d8f92,/p/0/eff4d56cf0e60388,2,200,251649,318.504,4014.621,62683
1787797534542,217e1954-c0c2-0697-baaf-354547aa5a45,/p/0/5c15d83b5777b5cc,3,200,246749,57.285,896.910,275110
1787797533816,bdff2a5b-36ea-222a-9f4c-540c2a4173f4,/p/0/62717b924fcb4e29,1,200,293995,134.042,1636.080,179695
1787797531239,160edf7b-27b2-08e1-9481-79abb2597327,/p/2/391776e69df0240,2,200,279376,273.134,4419.776,63210
1787797534542,217e1954-c0c2-0697-baaf-354547aa5a45,/p/3/5c15da3b5777b932,3,200,468220,74.484,1256.441,372656
1787797531239,160edf7b-27b2-08e1-9481-79abb2597327,/p/0/391796e69df05a6,2,200,341420,328.463,4583.749,74485
1787797523735,b0711855-0011-f143-336d-1c80e4677454,/p/0/771ae54b72bd95ca,5,200,469184,421.317,12122.334,38704
1787797534881,b1782f4d-238e-67a4-345b-56ca2496565c,/p/17/aa65f73dc82153ea,4,200,109776,125.062,994.020,110436
1787797513593,62a4cefc-2434-7945-7c04-3ff814c3a24f,/p/0/436b101bf1619165,13,200,2543712,207.328,22318.243,113975
1787797535798,217e1954-c0c2-0697-baaf-354547aa5a45,/p/0/211135e5d8d1c314,4,200,27353,56.155,124.469,219757
1787797532631,5e499411-6aa2-8415-9b43-9488b7817873,/?crawl=211,0,200,2199445,25.322,3305.811,665327
1787797531394,5684ed70-3a5c-de0c-dcb0-2554388d8f92,/p/0/eff4d86cf0e608a1,2,200,264204,409.886,4562.130,57912
1787797532292,a776d2e4-61dd-f4bf-a959-7057990f7aff,/p/0/35eb167b21faf34e,10,200,397639,262.094,3779.191,105218
1787797523161,9c3c4ed3-7b64-c0d9-7be5-3309e0cce279,/p/0/179237d0c441fd69,9,200,386260,353.175,12952.288,29822
1787797532289,15781728-83db-ba86-87ee-c2880d8480a9,/p/0/1c049d8e5cbe568a,13,200,253955,234.259,3826.731,66363
1787797535875,b1782f4d-238e-67a4-345b-56ca2496565c,/p/16/b6d87a3f59c18df,5,200,28074,110.557,265.641,105684
1787797534651,b4472071-856c-4a9a-76a0-9cf5c198389a,/p/1/582a4d8b1e988d66,1,200,245010,34.378,1570.633,155994
1787797533816,bdff2a5b-36ea-222a-9f4c-540c2a4173f4,/p/0/627179924fcb4ac3,1,200,515044,29.734,2455.057,209789
1787797533816,bdff2a5b-36ea-222a-9f4c-540c2a4173f4,/p/0/62717a924fcb4c76,1,200,509968,29.665,2707.655,188343
1787797523485,71a74354-aa89-7296-7b7e-c14168f4dfb4,/p/0/a1327ea236d62e47,5,200,2884230,269.140,13041.785,221153
1787797534651,b4472071-856c-4a9a-76a0-9cf5c198389a,/p/0/582a4e8b1e988f19,1,200,240271,104.955,1909.386,125837
1787797534651,b4472071-856c-4a9a-76a0-9cf5c198389a,/p/0/582a4b8b1e988a00,1,200,238945,158.753,1945.480,122821
1787797536141,b1782f4d-238e-67a4-345b-56ca2496565c,/p/15/8a8f23792e718c64,6,200,68996,118.489,470.135,146758
1787797516177,62a4cefc-2434-7945-7c04-3ff814c3a24f,/p/0/69055eb4151baefd,15,0,2782931,247.419,20453.725,136060
1787797536631,c161c8a9-3535-8b6e-e1b5-d867ff5e7cf6,/?crawl=216,0,200,79999,36.580,207.733,385106
1787797523161,9c3c4ed3-7b64-c0d9-7be5-3309e0cce279,/p/5/179235d0c441fa03,9,200,440120,388.058,13722.346,32073
1787797536222,b4472071-856c-4a9a-76a0-9cf5c198389a,/p/0/8082c8a8e3400dd0,2,200,75460,194.965,663.036,113810
1787797533631,0e9c7adf-4183-9989-0e3b-d0c05cb8a59f,/?crawl=212,0,200,5845958,12.075,3272.364,1786463
1787797534774,1e4cbd2e-35c6-9a6c-646a-44d298f37d63,/p/0/4babb28c992044f5,2,200,379723,29.429,2258.129,168158
1787797535798,217e1954-c0c2-0697-baaf-354547aa5a45,/p/0/211138e5d8d1c82d,4,200,350681,61.916,1268.892,276368
1787797535798,217e1954-c0c2-0697-baaf-354547aa5a45,/p/2/211136e5d8d1c4c7,4,200,488802,56.164,1354.953,360752
1787797534774,1e4cbd2e-35c6-9a6c-646a-44d298f37d63,/p/0/4babb08c9920418f,2,200,455808,29.423,2400.524,189879
1787797536611,b1782f4d-238e-67a4-345b-56ca2496565c,/p/0/8a8f25792e718fca,6,200,117643,111.501,634.366,185450
1787797534881,b1782f4d-238e-67a4-345b-56ca2496565c,/p/0/aa65f83dc821559d,4,200,366198,113.356,2507.175,146060
1787797537153,217e1954-c0c2-0697-baaf-354547aa5a45,/p/1/5837ead06adcb17a,5,200,64201,67.958,298.799,214864
1787797535631,878ce734-4f6d-dfdc-5416-cb0f718bf5fe,/?crawl=215,0,200,421683,68.136,1946.607,216625
1787797537153,217e1954-c0c2-0697-baaf-354547aa5a45,/p/0/5837e8d06adcae14,5,200,124984,68.057,474.654,263316
1787797535067,a8b2b5fb-0a9c-cb0f-869a-18420532160a,/p/0/ab14bca144df94af,2,200,240729,294.392,2642.284,91106
1787797535937,5e499411-6aa2-8415-9b43-9488b7817873,/p/0/3b9ccfd726956050,1,200,409409,66.456,1774.623,230702
1787797535659,160edf7b-27b2-08e1-9481-79abb2597327,/p/0/23ec6af3b359958a,3,200,205110,163.851,2148.336,95474
1787797512566,3e95f795-5d9a-df5b-984d-ce45bac286aa,/p/0/7a9634f5815eaf57,1,200,184929,2860.698,25252.278,7323
1787797536839,c161c8a9-3535-8b6e-e1b5-d867ff5e7cf6,/p/0/1cb079ab0d9c2cfc,1,200,139137,34.099,998.069,139406
1787797535659,160edf7b-27b2-08e1-9481-79abb2597327,/p/0/23ec69f3b35993d7,3,200,206606,191.336,2194.834,94133
1787797535937,5e499411-6aa2-8415-9b43-9488b7817873,/p/0/3b9cd2d726956569,1,200,471544,23.099,2072.646,227508
1787797536222,b4472071-856c-4a9a-76a0-9cf5c198389a,/p/0/8082caa8e3401136,2,200,277856,194.970,2069.234,134280
1787797536141,b1782f4d-238e-67a4-345b-56ca2496565c,/p/0/8a8f24792e718e17,6,200,265813,205.373,2423.156,109697
1787797537153,217e1954-c0c2-0697-baaf-354547aa5a45,/p/0/5837ebd06adcb32d,5,200,219312,126.997,1518.164,144459
1787797535875,b1782f4d-238e-67a4-345b-56ca2496565c,/p/0/b6d86a3f59c172c,5,200,277854,162.651,2871.292,96770
1787797533393,52be04f0-c8bb-f3bb-8286-5ea48472669b,/p/0/27cd183e02236603,3,200,284649,267.280,5385.434,52855
1787797535659,160edf7b-27b2-08e1-9481-79abb2597327,/p/1/23ec6bf3b359973d,3,200,335794,353.869,3156.203,106392
1787797527044,ad2d822c-bb92-a029-b33f-96b446d2b928,/p/5/f05768275f6db689,2,200,238579,868.267,11801.665,20216
1787797530631,c475b5fc-e008-706b-ac3f-2e783ad28c42,/?crawl=208,0,200,2834999,42.574,8318.083,340824
1787797534723,a2ac3dcd-a7f9-7b45-320c-ca6ddcd78e41,/p/0/2f93a657e6f4de7a,2,200,270627,82.477,4247.049,63721
1787797535068,a8b2b5fb-0a9c-cb0f-869a-18420532160a,/p/0/ab14bda144df9662,2,200,475201,268.821,3919.058,121254
1787797529995,2e060094-5db8-ba29-5350-3e2835d4ac54,/p/3/c480b289cd2d36c5,9,200,336178,455.959,8998.314,37360
1787797537452,217e1954-c0c2-0697-baaf-354547aa5a45,/p/0/dd372153a1cf6a20,6,200,489061,58.757,1766.581,276840
1787797536883,9c3c4ed3-7b64-c0d9-7be5-3309e0cce279,/p/4/41b27c853a56e05c,10,200,114945,496.430,2437.719,47153
1787797536883,9c3c4ed3-7b64-c0d9-7be5-3309e0cce279,/p/0/41b27d853a56e20f,10,200,233817,356.313,2446.639,95567
1787797536883,9c3c4ed3-7b64-c0d9-7be5-3309e0cce279,/p/0/41b27e853a56e3c2,10,200,433021,390.608,2448.416,176858
1787797501005,642fff68-2988-e5c7-ab4f-e0bacd36cda6,/p/0/db772623b695eb13,2,200,5258738,118.508,38335.215,137178
1787797524674,ad2d822c-bb92-a029-b33f-96b446d2b928,/p/0/12694fa3dc697305,1,200,376987,253.010,14850.728,25385
1787797511483,a776d2e4-61dd-f4bf-a959-7057990f7aff,/p/0/29b8a12d3230b569,9,200,2413402,374.687,28159.912,85703
1787797490285,9c3c4ed3-7b64-c0d9-7be5-3309e0cce279,/p/0/841316c4bbccfe67,4,200,2486055,69.627,49360.723,50365
1787797537452,217e1954-c0c2-0697-baaf-354547aa5a45,/p/0/dd372253a1cf6bd3,6,200,470553,58.711,2230.789,210936
1787797535281,5684ed70-3a5c-de0c-dcb0-2554388d8f92,/p/6/eb6d9fb14c493963,3,200,431331,323.611,4630.253,93155
1787797533684,0bb84ea3-2309-8bc6-58fc-d04b8d46de2b,/p/0/f5dbd0efe466443c,1,200,3617494,98.806,6331.805,571321
1787797539631,e14090b3-7dfb-bbac-d72c-a25623c987fe,/?crawl=218,0,200,125650,57.098,473.848,265170
1787797537577,878ce734-4f6d-dfdc-5416-cb0f718bf5fe,/p/0/8946254d7901389c,1,200,238025,335.792,2722.494,87429
1787797540105,e14090b3-7dfb-bbac-d72c-a25623c987fe,/p/5/4385266636d21c88,1,200,55974,88.915,227.112,246460
1787797531611,60b132de-bafa-efd0-ecf3-9e60cca4282a,/p/5/1b621abd6631cb93,3,200,484324,355.166,8799.640,55039
1787797534723,a2ac3dcd-a7f9-7b45-320c-ca6ddcd78e41,/p/0/2f93a757e6f4e02d,2,200,404902,407.652,5746.957,70455
1787797538949,c475b5fc-e008-706b-ac3f-2e783ad28c42,/p/6/c974f31c4d810131,1,200,270207,39.359,1524.828,177205
1787797534707,58972e27-19e9-69d1-5fdb-0cb13ae3f5c3,/p/0/64770c1fde5474aa,5,200,214485,815.208,6041.594,35501
1787797506932,642fff68-2988-e5c7-ab4f-e0bacd36cda6,/p/0/a146ad910f64fb0f,5,200,4746004,116.752,33831.298,140284
1787797532178,080aa34a-fa60-e602-b7f1-b9599bbacb00,/p/0/9d93f295b5383dc,5,200,2477974,87.821,8593.192,288365
1787797525374,b1782f4d-238e-67a4-345b-56ca2496565c,/p/0/c86e2a8c0468701e,2,200,4083426,113.149,15561.739,262402
1787797540631,862fdc7c-098a-bdbf-627e-039a14917bb0,/?crawl=220,0,200,395036,22.214,490.049,806115
1787797540631,57a3b147-4cda-ee57-1f5e-54a9b89469de,/?crawl=219,0,200,436874,20.654,523.374,834726
1787797541121,862fdc7c-098a-bdbf-627e-039a14917bb0,/p/0/84d734d1888c13d1,1,200,36441,20.032,57.885,629539
1787797527912,69e3f629-204b-a521-d46c-17022bb9325b,/p/1/2e22482fa8a95099,1,200,450588,1254.155,13271.514,33952
1787797541121,862fdc7c-098a-bdbf-627e-039a14917bb0,/p/1/84d732d1888c106b,1,200,66805,57.870,231.483,288595
1787797538564,b1782f4d-238e-67a4-345b-56ca2496565c,/p/0/5e0bbe99a08ee144,7,200,386496,182.557,3165.941,122079
1787797524366,86454a3f-02d5-95c3-c63c-3d01026018e0,/p/5/ae39da5a7e9a9e63,1,200,5153948,232.048,17429.063,295710
1787797529631,558e27b6-befe-b208-ddb1-bf55a81229d0,/?crawl=207,0,200,5832191,34.330,12216.699,477395
1787797541795,86454a3f-02d5-95c3-c63c-3d01026018e0,/p/0/234b52031f22c6c8,2,200,9437,41.230,62.087,151996
1787797541848,558e27b6-befe-b208-ddb1-bf55a81229d0,/p/0/c18c9f8d3d444a12,1,200,29885,30.576,76.217,392102
1787797541121,862fdc7c-098a-bdbf-627e-039a14917bb0,/p/0/84d731d1888c0eb8,1,200,356207,104.418,881.114,404269
1787797532415,58972e27-19e9-69d1-5fdb-0cb13ae3f5c3,/p/0/d445a8216ea0a2cd,4,200,462693,404.804,9613.480,48130
1787797515650,872f6eaf-1872-4c39-7bff-4a97bb651875,/p/0/eae972ac4c4f8c5b,3,200,4530559,234.371,26519.964,170836
1787797538815,160edf7b-27b2-08e1-9481-79abb2597327,/p/0/670bb798b86904dd,4,200,350738,54.679,3363.080,104291
1787797541631,a056b4d1-a94d-5775-ad57-fb68a7e01b19,/?crawl=221,0,200,195689,44.909,557.785,350832
1787797532892,217e1954-c0c2-0697-baaf-354547aa5a45,/p/0/a8327d7991fa6f56,1,200,3267507,11.544,9297.255,351449
1787797534774,1e4cbd2e-35c6-9a6c-646a-44d298f37d63,/p/0/4babb18c99204342,2,200,3113047,109.663,7433.835,418767
1787797537577,878ce734-4f6d-dfdc-5416-cb0f718bf5fe,/p/0/8946264d79013a4f,1,200,368776,434.277,4704.306,78391
1787797533414,b0711855-0011-f143-336d-1c80e4677454,/p/0/e770008544e9b54c,6,200,316433,338.254,8868.835,35679
1787797541352,862fdc7c-098a-bdbf-627e-039a14917bb0,/p/0/f70e8aac5a775fe8,2,200,194084,188.045,986.232,196794
1787797515650,872f6eaf-1872-4c39-7bff-4a97bb651875,/p/0/eae973ac4c4f8e0e,3,200,5675476,234.255,26797.482,211791
1787797534707,58972e27-19e9-69d1-5fdb-0cb13ae3f5c3,/p/0/64770b1fde5472f7,5,200,361160,815.220,7816.683,46204
1787797515650,872f6eaf-1872-4c39-7bff-4a97bb651875,/p/2/eae974ac4c4f8fc1,3,200,5546737,234.202,26875.624,206385
1787797542525,872f6eaf-1872-4c39-7bff-4a97bb651875,/p/1/a1e7bf1e227e372,4,200,47917,2.299,15.570,3077464
1787797542525,872f6eaf-1872-4c39-7bff-4a97bb651875,/p/0/a1e7cf1e227e525,4,200,110338,32.148,126.840,869896
1787797524820,f7c998b3-5110-ead8-1c5b-78722c3cdddc,/p/0/9ab7f0d2140e5720,1,200,3685657,76.179,17942.381,205416
1787797542541,872f6eaf-1872-4c39-7bff-4a97bb651875,/p/0/3c988ef7d163d3ea,5,200,102031,35.434,235.109,433973
1787797537577,878ce734-4f6d-dfdc-5416-cb0f718bf5fe,/p/0/8946284d79013db5,1,200,523920,68.703,5208.527,100589
1787797539912,5684ed70-3a5c-de0c-dcb0-2554388d8f92,/p/0/e46a721ef8209440,4,200,163094,2870.804,2881.265,56605
1787797533393,52be04f0-c8bb-f3bb-8286-5ea48472669b,/p/2/27cd1a3e02236969,3,200,444429,293.714,9412.383,47217
1787797542541,872f6eaf-1872-4c39-7bff-4a97bb651875,/p/0/3c988df7d163d237,5,200,299749,38.200,358.002,837282
1787797540474,c475b5fc-e008-706b-ac3f-2e783ad28c42,/p/0/a991ed69a4273b7b,2,200,248651,197.091,2457.496,101181
1787797542525,872f6eaf-1872-4c39-7bff-4a97bb651875,/p/0/a1e79f1e227e00c,4,200,409798,15.558,422.774,969308
1787797538846,ad2d822c-bb92-a029-b33f-96b446d2b928,/p/4/e049688c319964f6,3,200,93300,891.525,4108.336,22710
1787797540474,c475b5fc-e008-706b-ac3f-2e783ad28c42,/p/0/a991ee69a4273d2e,2,200,184603,196.763,2516.060,73370
1787797542632,f914de05-6b76-495a-b6e7-1894d3914121,/?crawl=223,0,200,217086,29.144,408.714,531144
1787797534707,58972e27-19e9-69d1-5fdb-0cb13ae3f5c3,/p/6/64770a1fde547144,5,200,495942,815.063,8600.380,57665
1787797532127,83751f0a-d5ab-1e24-6630-958f32ebe55f,/p/2/fb68f6e785bfacbc,8,200,512467,1115.755,11208.218,45722
1787797532292,a776d2e4-61dd-f4bf-a959-7057990f7aff,/p/5/35eb177b21faf501,10,200,2662757,209.976,11047.899,241019
1787797538846,ad2d822c-bb92-a029-b33f-96b446d2b928,/p/0/e049668c31996190,3,200,77287,679.127,4610.936,16762
1787797538949,c475b5fc-e008-706b-ac3f-2e783ad28c42,/p/0/c974f21c4d80ff7e,1,200,356805,116.667,4614.966,77315
1787797491926,2e060094-5db8-ba29-5350-3e2835d4ac54,/p/0/4cbe014e58161179,3,200,2953463,171.568,51660.906,57170
1787797518792,8258a893-86a7-4a72-df7b-70f26d368d8b,/p/0/8f4d832e65a1695c,1,200,4366140,41.103,24799.966,176054
1787797532178,080aa34a-fa60-e602-b7f1-b9599bbacb00,/p/0/9d942295b5388f5,5,200,3537455,114.862,11625.434,304286
1787797543340,a776d2e4-61dd-f4bf-a959-7057990f7aff,/p/0/373372a799b59d74,11,200,53505,176.035,560.276,95498
1787797538632,9ab40283-f209-5116-d31d-55e6dfb10446,/?crawl=217,0,200,475781,216.582,5274.662,90201
1787797542806,52be04f0-c8bb-f3bb-8286-5ea48472669b,/p/0/cbda9394f0669dc,4,200,64360,310.612,1145.335,56193
1787797543340,a776d2e4-61dd-f4bf-a959-7057990f7aff,/p/0/373375a799b5a28d,11,200,168972,52.034,756.273,223427
1787797542632,418530c3-e63b-5a60-d864-171d3888496b,/?crawl=224,0,200,333932,63.686,1468.774,227354
1787797541848,558e27b6-befe-b208-ddb1-bf55a81229d0,/p/0/c18c9d8d3d4446ac,1,200,509277,152.793,2255.374,225806
1787797519103,33b1afba-9a0e-7a15-eb28-fe3c62cc1d77,/p/2/d2efe2d54591b3a0,2,200,3980981,372.614,25010.661,159171
1787797525564,1620021f-caf3-891b-7d2c-96be726882f7,/p/0/8f0c5b651b196d36,4,200,4875403,514.854,18593.646,262208
1787797543307,58972e27-19e9-69d1-5fdb-0cb13ae3f5c3,/p/5/819419e5321ced86,6,200,120026,81.557,1224.308,98036
1787797532178,080aa34a-fa60-e602-b7f1-b9599bbacb00,/p/1/9d940295b53858f,5,200,3867200,114.945,12364.865,312757
1787797542189,a056b4d1-a94d-5775-ad57-fb68a7e01b19,/p/0/f16cdf73f3f11dbe,1,200,344621,154.816,2383.871,144564
1787797540474,c475b5fc-e008-706b-ac3f-2e783ad28c42,/p/5/a991ec69a42739c8,2,200,456761,236.768,4101.387,111367
1787797516596,6b617703-1f7a-3ffa-adc5-9300dcca081c,/p/0/576d8023d020d68e,2,200,5883224,130.064,28031.431,209880
1787797520912,ad3c456b-5574-4ec8-b695-45e6b3670b3a,/p/0/1edbd9f19d1892fb,3,200,2575915,317.226,23803.911,108214
1787797520912,ad3c456b-5574-4ec8-b695-45e6b3670b3a,/p/11/1edbd8f19d189148,3,200,2825095,317.186,23815.827,118623
1787797544728,ad3c456b-5574-4ec8-b695-45e6b3670b3a,/p/10/7bfd6767f7c8ae01,4,200,4436,2.331,2.367,1874408
1787797544728,ad3c456b-5574-4ec8-b695-45e6b3670b3a,/p/0/7bfd6567f7c8aa9b,4,200,19200,2.329,2.808,6838126
1787797525565,1620021f-caf3-891b-7d2c-96be726882f7,/p/0/8f0c5a651b196b83,4,200,4366365,516.019,19266.828,226626
1787797543041,f914de05-6b76-495a-b6e7-1894d3914121,/p/4/1841882f1d27067e,1,200,120816,92.843,1887.175,64020
1787797539321,9c3c4ed3-7b64-c0d9-7be5-3309e0cce279,/p/3/bb80a58e6286016a,11,200,110513,3686.056,5876.688,18805
1787797535937,5e499411-6aa2-8415-9b43-9488b7817873,/p/9/3b9cd0d726956203,1,200,5135990,33.894,9331.109,550416
1787797544928,f914de05-6b76-495a-b6e7-1894d3914121,/p/0/b1e7d36f4c90bd66,2,200,11203,137.371,379.151,29548
1787797544576,c475b5fc-e008-706b-ac3f-2e783ad28c42,/p/0/8bf9d3961bd6699c,3,200,94995,197.456,749.430,126756
1787797543041,f914de05-6b76-495a-b6e7-1894d3914121,/p/0/1841892f1d270831,1,200,268629,26.908,2351.280,114248
1787797540411,60b132de-bafa-efd0-ecf3-9e60cca4282a,/p/0/83c649e2dab8e326,4,200,177211,320.363,5018.557,35311
1787797512566,3e95f795-5d9a-df5b-984d-ce45bac286aa,/p/4/7a9636f5815eb2bd,1,200,402175,850.340,32900.966,12224
1787797544532,58972e27-19e9-69d1-5fdb-0cb13ae3f5c3,/p/4/189cfd11d9d950e3,7,200,13444,491.148,1022.792,13144
1787797542189,a056b4d1-a94d-5775-ad57-fb68a7e01b19,/p/0/f16cde73f3f11c0b,1,200,416894,115.535,3540.681,117744
1787797544543,080aa34a-fa60-e602-b7f1-b9599bbacb00,/p/0/f4df904762668b69,6,200,363164,65.233,1412.020,257195
1787797544542,080aa34a-fa60-e602-b7f1-b9599bbacb00,/p/0/f4df8d4762668650,6,200,419092,84.667,1412.159,296774
1787797527726,6b617703-1f7a-3ffa-adc5-9300dcca081c,/p/0/b995a6ae9e24e6f5,4,200,3642944,140.192,18231.673,199814
1787797544543,080aa34a-fa60-e602-b7f1-b9599bbacb00,/p/0/f4df8f47626689b6,6,200,471213,78.034,1622.617,290403
1787797490975,15781728-83db-ba86-87ee-c2880d8480a9,/p/0/73941d6704d85ed2,10,200,4610721,294.797,55348.125,83304
1787797545268,5e499411-6aa2-8415-9b43-9488b7817873,/p/8/9069c0ee8acaddcc,2,200,166100,71.318,1108.102,149896
1787797545268,5e499411-6aa2-8415-9b43-9488b7817873,/p/0/9069c2ee8acae132,2,200,522412,23.591,1229.240,424988
1787797500896,bfe43ec9-8fa0-2a7f-d056-b7bf188e95a4,/p/0/3225550824ebe8b7,5,200,6156877,1228.073,45627.284,134938
1787797545268,5e499411-6aa2-8415-9b43-9488b7817873,/p/0/9069c1ee8acadf7f,2,200,506493,117.796,1296.467,390672
1787797543340,a776d2e4-61dd-f4bf-a959-7057990f7aff,/p/4/373373a799b59f27,11,0,966543,34.498,3290.990,293694
1787797456573,27e17e5b-a7c2-cec0-318f-bc4daa743daa,/p/0/bdfd21360c1f864e,6,0,2751907,132.474,90058.416,30557
1787797456348,27e17e5b-a7c2-cec0-318f-bc4daa743daa,/p/1/bdfd1f360c1f82e8,6,0,2827991,247.841,90282.785,31324
1787797528632,f7c998b3-5110-ead8-1c5b-78722c3cdddc,/p/7/fcc77e8b1b585601,3,200,4770018,507.575,18046.241,264322
1787797530599,080aa34a-fa60-e602-b7f1-b9599bbacb00,/p/0/f9c10d20ef86323d,3,200,5682486,13.895,16104.898,352842
1787797544631,c3d3123c-e745-d4c6-2ad1-c55eb00b6074,/?crawl=225,0,200,446437,68.308,2125.952,209994
1787797497585,15781728-83db-ba86-87ee-c2880d8480a9,/p/0/fe8431b51768ce10,11,200,3973482,816.885,49187.323,80783
1787797546631,df17e0ba-5540-8e69-2829-bdb4fa71e5e0,/?crawl=230,0,200,63502,32.888,159.985,396925
1787797505518,bfe43ec9-8fa0-2a7f-d056-b7bf188e95a4,/p/0/5e06b9eb26640dd0,6,200,5857559,397.753,41354.408,141643
1787797544928,f914de05-6b76-495a-b6e7-1894d3914121,/p/3/b1e7d16f4c90ba00,2,200,311002,150.294,2066.717,150481
1787797539330,9c3c4ed3-7b64-c0d9-7be5-3309e0cce279,/p/0/bb80a68e6286031d,11,200,87130,7628.621,7665.325,11367
1787797524675,ad2d822c-bb92-a029-b33f-96b446d2b928,/p/0/12694ca3dc696dec,1,200,408399,760.214,22386.792,18243
1787797546631,a6e4192b-6dce-2941-3a81-b2236c12861c,/?crawl=229,0,200,494232,17.312,446.266,1107482
1787797534542,217e1954-c0c2-0697-baaf-354547aa5a45,/p/0/5c15db3b5777bae5,3,200,5120245,57.156,12586.501,406804
1787797539912,5684ed70-3a5c-de0c-dcb0-2554388d8f92,/p/0/e46a751ef8209959,4,200,295084,2870.013,7224.819,40843
1787797547077,a6e4192b-6dce-2941-3a81-b2236c12861c,/p/0/561a33874f196b73,1,200,43380,12.983,60.460,717505
1787797544575,c475b5fc-e008-706b-ac3f-2e783ad28c42,/p/4/8bf9d4961bd66b4f,3,200,312299,216.966,2729.257,114426
1787797546376,5e499411-6aa2-8415-9b43-9488b7817873,/p/7/7e5f7e9bfd050a42,3,200,483905,210.677,952.377,508103
1787797542955,ad2d822c-bb92-a029-b33f-96b446d2b928,/p/0/2e002cbe2907da3c,4,200,48101,681.262,4393.403,10948
1787797544114,33b1afba-9a0e-7a15-eb28-fe3c62cc1d77,/p/0/b35ed7ea78b19c38,3,200,348321,311.569,3241.137,107469
1787797544928,f914de05-6b76-495a-b6e7-1894d3914121,/p/0/b1e7d26f4c90bbb3,2,200,457227,150.261,2486.066,183916
1787797508268,642fff68-2988-e5c7-ab4f-e0bacd36cda6,/p/0/4bdf8d3e73e0eb33,6,200,5388690,104.794,39238.697,137331
1787797521241,524b5a34-1c1d-4975-b937-28696830df7f,/p/0/80bcd5b21cdc0487,2,200,2297009,324.833,26325.360,87255
1787797536839,c161c8a9-3535-8b6e-e1b5-d867ff5e7cf6,/p/7/1cb07bab0d9c3062,1,200,2364066,34.058,10793.290,219031
1787797546376,5e499411-6aa2-8415-9b43-9488b7817873,/p/0/7e5f7c9bfd0506dc,3,200,485765,188.252,1281.244,379135
1787797546378,5e499411-6aa2-8415-9b43-9488b7817873,/p/0/7e5f7f9bfd050bf5,3,200,345747,1279.550,1284.688,269129
1787797544631,efae07d3-6174-d5cc-334b-da855350efd6,/?crawl=226,0,200,2418892,23.362,3133.242,772009
1787797493478,def7e2e3-70b7-e438-3156-fe53c35606b8,/p/0/1324a281cd52b69e,2,200,3475692,236.968,54303.783,64005
1787797544114,33b1afba-9a0e-7a15-eb28-fe3c62cc1d77,/p/1/b35ed9ea78b19f9e,3,200,261709,61.985,3677.743,71160
1787797539912,5684ed70-3a5c-de0c-dcb0-2554388d8f92,/p/5/e46a741ef82097a6,4,200,474307,2872.134,7892.819,60093
1787797532631,98156463-acbb-838a-4995-b01d2e8bc10e,/?crawl=209,0,200,4651329,49.077,15349.818,303022
1787797543587,2e060094-5db8-ba29-5350-3e2835d4ac54,/p/0/4032e6eaa63ca116,10,200,114262,316.492,4489.135,25453
1787797546631,8393b772-4912-94fe-b478-93b5effa24cb,/?crawl=228,0,200,189425,43.885,1478.155,128150
1787797524140,399a996d-4e60-245c-8853-3b77c21f28f1,/p/10/d4c4a36ec6673922,2,200,4744853,398.837,23975.773,197902
1787797547329,5e499411-6aa2-8415-9b43-9488b7817873,/p/0/74324a4a12788f46,4,200,263585,333.656,860.724,306237
1787797484341,15781728-83db-ba86-87ee-c2880d8480a9,/p/0/ed64b8594440cae5,9,200,5423304,240.057,63899.597,84872
1787797546995,f914de05-6b76-495a-b6e7-1894d3914121,/p/0/39c37f24f94e68c4,3,200,143176,145.492,1257.009,113902
1787797535858,b0711855-0011-f143-336d-1c80e4677454,/p/0/e770038544e9ba65,6,200,510854,416.195,12441.682,41060
1787797547764,efae07d3-6174-d5cc-334b-da855350efd6,/p/0/f9553103042dd177,1,200,102069,181.376,536.279,190328
1787797537628,217e1954-c0c2-0697-baaf-354547aa5a45,/p/0/dd372453a1cf6f39,6,200,6029014,92.605,10711.423,562858
1787797547077,a6e4192b-6dce-2941-3a81-b2236c12861c,/p/3/561a32874f1969c0,1,200,486014,40.256,1278.860,380037
1787797547305,c475b5fc-e008-706b-ac3f-2e783ad28c42,/p/0/1c55f29e8ac04de,4,200,79447,235.564,1090.810,72833
1787797547764,efae07d3-6174-d5cc-334b-da855350efd6,/p/11/f9553303042dd4dd,1,200,163543,181.365,666.259,245465
1787797522819,8258a893-86a7-4a72-df7b-70f26d368d8b,/p/11/19c0dc2af59bdc38,2,200,5090358,201.472,25727.621,197856
1787797535875,b1782f4d-238e-67a4-345b-56ca2496565c,/p/0/b6d89a3f59c1c45,5,200,2360480,121.700,12697.910,185895
1787797536222,b4472071-856c-4a9a-76a0-9cf5c198389a,/p/0/8082cba8e34012e9,2,200,4540165,177.402,12352.552,367549
1787797546791,df17e0ba-5540-8e69-2829-bdb4fa71e5e0,/p/0/b41212e5bf5831dc,1,200,240096,104.888,1792.057,133978
1787797541848,558e27b6-befe-b208-ddb1-bf55a81229d0,/p/0/c18c9e8d3d44485f,1,200,5361277,90.378,6769.870,791932
1787797548115,399a996d-4e60-245c-8853-3b77c21f28f1,/p/0/efff5666e5bcc84d,3,200,65581,210.627,522.923,125412
1787797547792,33b1afba-9a0e-7a15-eb28-fe3c62cc1d77,/p/0/c37e87bc138a25db,4,200,67125,342.110,900.707,74525
1787797540411,60b132de-bafa-efd0-ecf3-9e60cca4282a,/p/0/83c648e2dab8e173,4,200,406362,320.581,8316.511,48862
1787797547632,c161c8a9-3535-8b6e-e1b5-d867ff5e7cf6,/p/0/354cdf8e68cd22f4,2,200,85217,255.637,1133.781,75162
1787797548547,8258a893-86a7-4a72-df7b-70f26d368d8b,/p/10/7728d331856d6f23,3,200,53571,93.343,234.993,227969
1787797546791,df17e0ba-5540-8e69-2829-bdb4fa71e5e0,/p/2/b41214e5bf583542,1,200,328411,29.569,1999.988,164207
1787797548109,8393b772-4912-94fe-b478-93b5effa24cb,/p/0/e98489e4e3b46339,1,200,158700,130.670,736.856,215375
1787797528591,ba73bdad-b169-8525-68b0-e3946e53462b,/p/0/d8c06c73a3ad6f26,3,200,3364870,112.648,20346.847,165376
1787797548432,efae07d3-6174-d5cc-334b-da855350efd6,/p/10/d4e5a680457eec58,2,200,127371,550.723,562.742,226340
1787797543335,83751f0a-d5ab-1e24-6630-958f32ebe55f,/p/0/fb68f7e785bfae6f,8,200,326821,369.896,5779.488,56548
1787797548432,efae07d3-6174-d5cc-334b-da855350efd6,/p/0/d4e5a780457eee0b,2,200,137845,556.933,687.876,200392
1787797545555,58972e27-19e9-69d1-5fdb-0cb13ae3f5c3,/p/0/b21de1f2dd8cc8c5,8,200,159155,493.229,3588.085,44357
1787797494120,45c91211-d5fc-4832-e57e-891b29500b13,/p/0/67f7bac1eb03c0af,1,200,3355618,65.584,55151.525,60844
1787797548995,efae07d3-6174-d5cc-334b-da855350efd6,/p/0/e269c08f92c21d1f,3,200,23121,287.523,293.173,78865
1787797547764,efae07d3-6174-d5cc-334b-da855350efd6,/p/0/f9553203042dd32a,1,200,518110,18.448,1527.191,339257
1787797547981,98156463-acbb-838a-4995-b01d2e8bc10e,/p/0/360a9ebeb8e60cd1,1,200,274199,266.230,1448.326,189321
1787797548109,8393b772-4912-94fe-b478-93b5effa24cb,/p/5/e98487e4e3b45fd3,1,200,149481,44.708,1320.200,113226
1787797545631,e5a7d5e1-c2aa-1381-882d-288c9f7a5a51,/?crawl=227,0,200,2826573,26.634,3801.742,743494
1787797544114,33b1afba-9a0e-7a15-eb28-fe3c62cc1d77,/p/0/b35edaea78b1a151,3,200,450006,154.900,5348.792,84132
1787797548791,df17e0ba-5540-8e69-2829-bdb4fa71e5e0,/p/0/662711c806320616,2,200,76237,183.168,728.157,104699
1787797518008,83751f0a-d5ab-1e24-6630-958f32ebe55f,/p/0/70f7555e23e51673,2,200,5389556,132.072,31520.365,170986
1787797549433,e5a7d5e1-c2aa-1381-882d-288c9f7a5a51,/p/4/65eadda56f92deca,1,200,52997,67.850,135.766,390356
1787797528128,6b617703-1f7a-3ffa-adc5-9300dcca081c,/p/0/6cc0acd46f25a0a2,5,200,5958348,180.388,21466.681,277563
1787797548356,a6e4192b-6dce-2941-3a81-b2236c12861c,/p/2/a227601d71380d66,2,200,133523,118.971,1246.560,107113
1787797536839,c161c8a9-3535-8b6e-e1b5-d867ff5e7cf6,/p/0/1cb07cab0d9c3215,1,200,2429225,68.629,12804.325,189719
1787797549263,7ee80d9a-c383-931c-d5d1-03cf58c4cdb6,/?crawl=231,0,200,182373,52.918,441.311,413252
1787797549631,0b1b1fb7-fdd9-cd3d-b3dc-21049d39a98d,/?crawl=233,0,200,53481,36.314,137.194,389819
1787797549768,0b1b1fb7-fdd9-cd3d-b3dc-21049d39a98d,/p/0/20a7c1882abd4295,1,200,31928,34.381,103.889,307329
1787797544575,c475b5fc-e008-706b-ac3f-2e783ad28c42,/p/0/8bf9d6961bd66eb5,3,200,518870,197.374,5312.361,97672
1787797547981,98156463-acbb-838a-4995-b01d2e8bc10e,/p/7/360a9dbeb8e60b1e,1,200,141636,317.301,1933.663,73248
1787797548995,efae07d3-6174-d5cc-334b-da855350efd6,/p/9/e269bf8f92c21b6c,3,200,204588,124.168,954.836,214265
1787797549631,b3404c61-998b-e65c-4b2c-70afbe4a9a7e,/?crawl=232,0,200,198208,29.619,356.939,555300
1787797548356,a6e4192b-6dce-2941-3a81-b2236c12861c,/p/0/a227611d71380f19,2,200,436546,120.897,1668.307,261670
1787797540411,60b132de-bafa-efd0-ecf3-9e60cca4282a,/p/4/83c64ae2dab8e4d9,4,200,437650,379.812,9614.752,45519
1787797540333,e14090b3-7dfb-bbac-d72c-a25623c987fe,/p/4/e58e77af31f90c1a,2,200,504970,308.590,9738.506,51853
1787797548109,8393b772-4912-94fe-b478-93b5effa24cb,/p/0/e98486e4e3b45e20,1,200,290263,44.509,1991.933,145719
1787797531234,5edbe3a8-f834-5fa7-a6c5-ac7e9d74713b,/p/0/454ae7a25fdc7da7,8,200,3423403,2961.061,18907.916,181057
1787797549603,a6e4192b-6dce-2941-3a81-b2236c12861c,/p/0/803a3dfab4f4cb06,3,200,108430,84.293,557.501,194493
1787797549603,a6e4192b-6dce-2941-3a81-b2236c12861c,/p/0/803a3cfab4f4c953,3,200,49619,76.874,589.395,84186
1787797549988,b3404c61-998b-e65c-4b2c-70afbe4a9a7e,/p/0/8d3d6b2a96224acf,1,200,36086,104.237,241.374,149503
1787797547782,def7e2e3-70b7-e438-3156-fe53c35606b8,/p/0/26a380bfea9f22da,5,200,185758,194.915,2485.820,74727
1787797544728,ad3c456b-5574-4ec8-b695-45e6b3670b3a,/p/0/7bfd6667f7c8ac4e,4,200,3058198,2.665,5630.474,543151
1787797548995,efae07d3-6174-d5cc-334b-da855350efd6,/p/0/e269c18f92c21ed2,3,200,308114,137.418,1406.290,219097
1787797546679,f7c998b3-5110-ead8-1c5b-78722c3cdddc,/p/6/78ac48c39f1e0,4,200,518168,123.934,3823.294,135529
1787797547981,98156463-acbb-838a-4995-b01d2e8bc10e,/p/0/360a9bbeb8e607b8,1,200,273676,48.229,2531.986,108087
1787797546757,c3d3123c-e745-d4c6-2ad1-c55eb00b6074,/p/0/3f1634ea465cf60a,1,200,217255,376.527,3823.563,56820
1787797549915,98156463-acbb-838a-4995-b01d2e8bc10e,/p/6/3624feaee0a973be,2,200,52836,266.686,763.590,69194
1787797546757,c3d3123c-e745-d4c6-2ad1-c55eb00b6074,/p/4/3f1632ea465cf2a4,1,200,289223,343.482,3956.948,73092
1787797547805,5684ed70-3a5c-de0c-dcb0-2554388d8f92,/p/4/9c7a3ea4cf520545,5,200,219900,376.802,2939.796,74801
1787797548791,df17e0ba-5540-8e69-2829-bdb4fa71e5e0,/p/0/662710c806320463,2,200,218924,183.458,2034.585,107601
1787797548547,8258a893-86a7-4a72-df7b-70f26d368d8b,/p/0/7728d231856d6d70,3,200,260835,163.067,2283.141,114244
1787797548782,8258a893-86a7-4a72-df7b-70f26d368d8b,/p/0/9eca99f36b004747,4,200,142159,300.967,2128.694,66782
1787797549433,e5a7d5e1-c2aa-1381-882d-288c9f7a5a51,/p/0/65eadba56f92db64,1,200,323322,56.106,1481.735,218205
1787797531234,5edbe3a8-f834-5fa7-a6c5-ac7e9d74713b,/p/0/454ae9a25fdc810d,8,200,3796569,3026.027,19792.268,191821
1787797547792,33b1afba-9a0e-7a15-eb28-fe3c62cc1d77,/p/0/c37e86bc138a2428,4,200,188596,431.411,3254.824,57944
1787797549603,a6e4192b-6dce-2941-3a81-b2236c12861c,/p/1/803a3bfab4f4c7a0,3,200,387298,76.863,1456.309,265945
1787797549568,e5a7d5e1-c2aa-1381-882d-288c9f7a5a51,/p/3/603d6eaf7ddf735b,2,200,252702,125.389,1494.542,169083
1787797520485,399a996d-4e60-245c-8853-3b77c21f28f1,/p/0/b62231e98ed75c4e,1,200,5225598,186.873,30621.201,170653
1787797548431,efae07d3-6174-d5cc-334b-da855350efd6,/p/0/d4e5a880457eefbe,2,200,386184,553.669,2688.313,143653
1787797537245,b1782f4d-238e-67a4-345b-56ca2496565c,/p/14/5e0bc099a08ee4aa,7,200,3035940,120.922,14053.551,216027
1787797537388,b1782f4d-238e-67a4-345b-56ca2496565c,/p/0/5e0bc199a08ee65d,7,200,3281671,180.656,13916.800,235806
1787797545555,58972e27-19e9-69d1-5fdb-0cb13ae3f5c3,/p/3/b21de0f2dd8cc712,8,200,194046,656.627,5763.508,33668
1787797549950,efae07d3-6174-d5cc-334b-da855350efd6,/p/0/4a7462bbcb907283,4,200,277896,145.059,1372.151,202526
1787797544532,58972e27-19e9-69d1-5fdb-0cb13ae3f5c3,/p/0/189cff11d9d95449,7,200,177463,491.172,6828.224,25990
1787797548115,399a996d-4e60-245c-8853-3b77c21f28f1,/p/9/efff5466e5bcc4e7,3,200,446034,226.431,3257.993,136905
1787797542955,ad2d822c-bb92-a029-b33f-96b446d2b928,/p/0/2e002fbe2907df55,4,200,173269,715.221,8422.449,20572
1787797548791,df17e0ba-5540-8e69-2829-bdb4fa71e5e0,/p/1/662712c8063207c9,2,200,423655,165.529,2757.366,153645
1787797547792,33b1afba-9a0e-7a15-eb28-fe3c62cc1d77,/p/0/c37e88bc138a278e,4,200,437733,369.362,3781.468,115757
1787797549950,efae07d3-6174-d5cc-334b-da855350efd6,/p/0/4a7463bbcb907436,4,200,339689,100.484,1630.130,208382
1787797547329,5e499411-6aa2-8415-9b43-9488b7817873,/p/6/74324b4a127890f9,4,200,473646,333.721,4251.559,111405
1787797549988,b3404c61-998b-e65c-4b2c-70afbe4a9a7e,/p/0/8d3d6c2a96224c82,1,200,452346,40.248,1638.039,276151
1787797521488,7e5a180c-3c3c-9203-4460-4d28cc86d40f,/p/0/eb94a1e8b33381c6,1,200,2998925,282.258,30244.185,99157
1787797551631,a3d617d2-e4f1-dded-1399-827196027c15,/?crawl=235,0,200,54107,30.522,113.425,477028
1787797549430,8393b772-4912-94fe-b478-93b5effa24cb,/p/4/a23222b037a6d121,2,200,226263,348.701,2331.575,97043
1787797549950,efae07d3-6174-d5cc-334b-da855350efd6,/p/8/4a7464bbcb9075e9,4,200,506558,135.248,1821.430,278110
1787797548547,8258a893-86a7-4a72-df7b-70f26d368d8b,/p/0/7728d531856d7289,3,200,345584,163.285,3253.152,106231
1787797549433,e5a7d5e1-c2aa-1381-882d-288c9f7a5a51,/p/0/65eadea56f92e07d,1,200,378267,21.212,2397.654,157765
1787797533011,642fff68-2988-e5c7-ab4f-e0bacd36cda6,/p/0/ffc84592a664a90d,8,200,3377313,101.284,18876.958,178912
1787797548782,8258a893-86a7-4a72-df7b-70f26d368d8b,/p/9/9eca98f36b004594,4,200,224439,300.906,3150.084,71249
1787797549768,0b1b1fb7-fdd9-cd3d-b3dc-21049d39a98d,/p/0/20a7be882abd3d7c,1,200,474178,103.804,2198.381,215694
1787797551580,5e499411-6aa2-8415-9b43-9488b7817873,/p/0/edede7882639a549,5,200,39965,68.242,410.632,97325
1787797551772,efae07d3-6174-d5cc-334b-da855350efd6,/p/0/91c2747425e49594,5,200,24556,40.861,225.772,108765
1787797551772,efae07d3-6174-d5cc-334b-da855350efd6,/p/0/91c2777425e49aad,5,200,56241,20.676,285.939,196689
1787797547305,c475b5fc-e008-706b-ac3f-2e783ad28c42,/p/3/1c56029e8ac0691,4,200,401140,235.569,4788.727,83768
1787797550678,98156463-acbb-838a-4995-b01d2e8bc10e,/p/0/acc031c8a59acbbe,3,200,56647,262.814,1420.689,39873
1787797551772,efae07d3-6174-d5cc-334b-da855350efd6,/p/7/91c2767425e498fa,5,200,218338,20.633,391.404,557832
1787797548782,8258a893-86a7-4a72-df7b-70f26d368d8b,/p/0/9eca9af36b0048fa,4,200,296254,260.401,3390.692,87373
1787797512566,3e95f795-5d9a-df5b-984d-ce45bac286aa,/p/0/7a9635f5815eb10a,1,200,420705,563.871,39825.972,10564
1787797541184,69e3f629-204b-a521-d46c-17022bb9325b,/p/0/a972d2021cf1c7a5,2,200,152343,1977.609,11305.790,13475
1787797542806,52be04f0-c8bb-f3bb-8286-5ea48472669b,/p/1/cbdaa394f066b8f,4,200,467355,337.043,9691.381,48224
1787797551631,fab9cd95-890b-e7db-7687-e324d45d5151,/?crawl=236,0,200,314534,41.290,867.924,362398
1787797552163,efae07d3-6174-d5cc-334b-da855350efd6,/p/6/952a7537d000dee4,6,200,87282,17.311,353.842,246669
1787797545467,3e95f795-5d9a-df5b-984d-ce45bac286aa,/p/0/9486af9d4de07598,2,200,43345,3120.179,7210.509,6011
1787797542955,ad2d822c-bb92-a029-b33f-96b446d2b928,/p/3/2e002dbe2907dbef,4,200,327169,930.926,9752.457,33547
1787797541353,862fdc7c-098a-bdbf-627e-039a14917bb0,/p/0/f70e8bac5a77619b,2,200,4699594,187.992,11412.040,411810
1787797550678,98156463-acbb-838a-4995-b01d2e8bc10e,/p/5/acc02fc8a59ac858,3,200,186768,285.780,2131.614,87618
1787797551549,df17e0ba-5540-8e69-2829-bdb4fa71e5e0,/p/0/e4ab64828096c246,3,200,134519,167.018,1294.551,103912
1787797551744,a3d617d2-e4f1-dded-1399-827196027c15,/p/0/f9d313cd01875156,1,200,233658,139.021,1187.959,196689
1787797552163,efae07d3-6174-d5cc-334b-da855350efd6,/p/0/952a7737d000e24a,6,200,201502,26.743,793.740,253864
1787797549115,83751f0a-d5ab-1e24-6630-958f32ebe55f,/p/0/fb68f8e785bfb022,8,200,266707,283.063,3910.812,68197
1787797526412,15781728-83db-ba86-87ee-c2880d8480a9,/p/0/bd5d2bb9c0bddded,12,200,3754031,228.764,26644.021,140896
1787797551063,e5a7d5e1-c2aa-1381-882d-288c9f7a5a51,/p/0/3113fa81d344125,3,200,329229,136.501,2048.252,160737
1787797547329,5e499411-6aa2-8415-9b43-9488b7817873,/p/0/7432494a12788d93,4,200,2123808,334.077,5809.734,365560
1787797551059,a6e4192b-6dce-2941-3a81-b2236c12861c,/p/0/91e3474ba98987a7,4,200,511826,79.983,2099.374,243799
1787797551063,e5a7d5e1-c2aa-1381-882d-288c9f7a5a51,/p/2/3113ea81d343f72,3,200,302411,117.933,2180.815,138669
1787797551761,8393b772-4912-94fe-b478-93b5effa24cb,/p/3/963212d547482151,3,200,125391,217.327,1506.190,83250
1787797549528,83751f0a-d5ab-1e24-6630-958f32ebe55f,/p/1/230e360a9f916dc6,9,200,228313,282.005,3805.289,59999
1787797549429,8393b772-4912-94fe-b478-93b5effa24cb,/p/0/a23220b037a6cdbb,2,200,425704,391.814,4065.410,104714
1787797551744,a3d617d2-e4f1-dded-1399-827196027c15,/p/12/f9d314cd01875309,1,200,402188,28.655,1789.222,224784
1787797550071,e14090b3-7dfb-bbac-d72c-a25623c987fe,/p/3/5c1f02ec43072d38,3,200,169977,467.022,3463.076,49083
1787797551581,5e499411-6aa2-8415-9b43-9488b7817873,/p/0/edede4882639a030,5,200,375988,68.180,1970.907,190769
1787797552499,fab9cd95-890b-e7db-7687-e324d45d5151,/p/10/3f9414b443b670d0,1,200,202957,38.365,1212.366,167406
1787797552517,efae07d3-6174-d5cc-334b-da855350efd6,/p/0/dde26e6ad111c289,7,200,218427,108.323,1196.674,182528
1787797551059,a6e4192b-6dce-2941-3a81-b2236c12861c,/p/0/91e3484ba989895a,4,200,505749,80.065,2684.503,188396
1787797551063,e5a7d5e1-c2aa-1381-882d-288c9f7a5a51,/p/0/3113ca81d343c0c,3,200,369943,185.735,2686.078,137726
1787797551299,b1782f4d-238e-67a4-345b-56ca2496565c,/p/0/d915d539f56ded9,8,200,406701,503.999,2470.906,164596
1787797553244,e5a7d5e1-c2aa-1381-882d-288c9f7a5a51,/p/0/1da71432048e4436,4,200,142905,120.373,534.651,267286
1787797552499,fab9cd95-890b-e7db-7687-e324d45d5151,/p/0/3f9416b443b67436,1,200,112115,197.254,1312.465,85423
1787797552517,efae07d3-6174-d5cc-334b-da855350efd6,/p/0/dde26b6ad111bd70,7,200,176217,108.362,1314.584,134048
1787797541352,862fdc7c-098a-bdbf-627e-039a14917bb0,/p/0/f70e8cac5a77634e,2,200,5013718,188.120,12482.629,401656
1787797553534,a3d617d2-e4f1-dded-1399-827196027c15,/p/11/90f177944734f60a,2,200,40883,155.872,306.342,133456
1787797552517,efae07d3-6174-d5cc-334b-da855350efd6,/p/5/dde26c6ad111bf23,7,200,273036,108.386,1373.517,198786
1787797498948,def7e2e3-70b7-e438-3156-fe53c35606b8,/p/0/ddd2db7845cf939f,3,200,3726557,238.570,54960.805,67804
1787797552163,efae07d3-6174-d5cc-334b-da855350efd6,/p/0/952a7637d000e097,6,200,395966,56.514,1758.687,225149
1787797553711,fab9cd95-890b-e7db-7687-e324d45d5151,/p/0/a02cce5689172d60,2,200,6274,202.871,223.388,28086
1787797553534,a3d617d2-e4f1-dded-1399-827196027c15,/p/0/90f178944734f7bd,2,200,27858,168.070,471.061,59139
1787797552707,ad2d822c-bb92-a029-b33f-96b446d2b928,/p/0/ba7621e7293206ed,5,200,458165,972.904,1334.946,343209
1787797551744,a3d617d2-e4f1-dded-1399-827196027c15,/p/0/f9d312cd01874fa3,1,200,410350,28.683,2340.005,175363
1787797541631,d2fa5913-858b-28a7-5d8f-902dad879851,/?crawl=222,0,200,4008255,45.559,12464.149,321583
1787797490285,9c3c4ed3-7b64-c0d9-7be5-3309e0cce279,/p/0/841317c4bbcd001a,4,200,3990526,105.230,63910.187,62440
1787797553025,83751f0a-d5ab-1e24-6630-958f32ebe55f,/p/0/230e370a9f916f79,9,200,45659,329.626,1176.713,38802
1787797553840,a3d617d2-e4f1-dded-1399-827196027c15,/p/0/5cddd8a278c772fb,3,200,58476,164.627,490.534,119209
1787797547804,5684ed70-3a5c-de0c-dcb0-2554388d8f92,/p/0/9c7a3ca4cf5201df,5,200,201559,534.040,6562.548,30714
1787797551373,399a996d-4e60-245c-8853-3b77c21f28f1,/p/0/fa347a34f723c104,4,200,293716,220.648,3067.021,95766
1787797553891,efae07d3-6174-d5cc-334b-da855350efd6,/p/0/ac9d812b725d38cf,8,200,180624,91.628,555.916,324912
1787797538994,2e060094-5db8-ba29-5350-3e2835d4ac54,/p/2/4032e7eaa63ca2c9,10,200,481872,313.620,15526.329,31036
1787797553890,efae07d3-6174-d5cc-334b-da855350efd6,/p/0/ac9d822b725d3a82,8,200,171252,82.530,870.470,196735
1787797553890,efae07d3-6174-d5cc-334b-da855350efd6,/p/4/ac9d802b725d371c,8,200,341665,31.385,934.334,365678
1787797550714,c3d3123c-e745-d4c6-2ad1-c55eb00b6074,/p/0/ef19c2a3140352da,2,200,171728,339.585,4233.771,40561
1787797554825,efae07d3-6174-d5cc-334b-da855350efd6,/p/0/c10a478acf67427,9,200,56039,20.138,214.751,260949
1787797551932,8258a893-86a7-4a72-df7b-70f26d368d8b,/p/0/e2d7c1ebde94340b,5,200,239168,240.546,3146.738,76005
1787797543907,9ab40283-f209-5116-d31d-55e6dfb10446,/p/0/b01acf08a237230f,1,200,404412,229.105,11240.806,35977
1787797543907,9ab40283-f209-5116-d31d-55e6dfb10446,/p/0/b01ad008a23724c2,1,200,262908,482.904,11240.862,23389
1787797550502,f7c998b3-5110-ead8-1c5b-78722c3cdddc,/p/0/6dc5d83d97de40cf,5,200,415719,169.615,4696.637,88514
1787797553244,e5a7d5e1-c2aa-1381-882d-288c9f7a5a51,/p/1/1da71232048e40d0,4,200,347075,131.188,1966.723,176474
1787797551373,399a996d-4e60-245c-8853-3b77c21f28f1,/p/0/fa347d34f723c61d,4,200,439291,168.196,3936.861,111584
1787797541795,86454a3f-02d5-95c3-c63c-3d01026018e0,/p/0/234b55031f22cbe1,2,200,3153266,249.344,13539.880,232887
1787797552094,c475b5fc-e008-706b-ac3f-2e783ad28c42,/p/2/45a823038ab6b3fe,5,200,290469,237.584,3290.952,88263
1787797550714,c3d3123c-e745-d4c6-2ad1-c55eb00b6074,/p/3/ef19c0a314034f74,2,200,288185,444.318,4800.412,60033
1787797525339,05e0c067-bb60-57b9-9b87-4c61ab06cea0,/p/0/ded53a840f5996d2,6,200,2894853,379.516,30243.447,95718
1787797551761,8393b772-4912-94fe-b478-93b5effa24cb,/p/0/963211d547481f9e,3,200,173232,323.846,3844.929,45055
1787797551761,8393b772-4912-94fe-b478-93b5effa24cb,/p/0/963210d547481deb,3,200,179639,259.610,3954.939,45421
1787797520958,310ded1b-40d8-ea2d-9ab6-6bee151e700a,/p/6/498c854723724efb,1,200,4118043,360.656,34817.858,118274
1787797553534,a3d617d2-e4f1-dded-1399-827196027c15,/p/0/90f175944734f2a4,2,200,367865,141.178,2343.730,156957
1787797554825,efae07d3-6174-d5cc-334b-da855350efd6,/p/3/c10a678acf6778d,9,200,434338,80.088,1171.745,370676
1787797553840,a3d617d2-e4f1-dded-1399-827196027c15,/p/10/5cddd7a278c77148,3,200,325340,164.798,2159.585,150649
1787797554825,efae07d3-6174-d5cc-334b-da855350efd6,/p/0/c10a578acf675da,9,200,446621,60.947,1243.030,359300
1787797555997,efae07d3-6174-d5cc-334b-da855350efd6,/p/2/bc4272ffe225c9e9,10,200,13802,71.252,91.393,151018
1787797520958,310ded1b-40d8-ea2d-9ab6-6bee151e700a,/p/0/498c874723725261,1,200,4716537,71.027,35139.095,134225
1787797550071,e14090b3-7dfb-bbac-d72c-a25623c987fe,/p/0/5c1f03ec43072eeb,3,200,258773,440.951,6048.026,42786
1787797555776,310ded1b-40d8-ea2d-9ab6-6bee151e700a,/p/0/8e42077659d83863,2,200,78172,321.151,396.306,197252
1787797556000,a3d617d2-e4f1-dded-1399-827196027c15,/p/0/e720e20a0e6db2ba,4,200,13444,178.931,248.937,54006
1787797552499,fab9cd95-890b-e7db-7687-e324d45d5151,/p/0/3f9415b443b67283,1,200,455892,197.158,3771.603,120875
1787797555997,efae07d3-6174-d5cc-334b-da855350efd6,/p/0/bc4271ffe225c836,10,200,88867,100.500,304.575,291774
1787797552810,98156463-acbb-838a-4995-b01d2e8bc10e,/p/0/c36af40567b4aede,4,200,278603,305.390,3492.994,79761
1787797535068,a8b2b5fb-0a9c-cb0f-869a-18420532160a,/p/3/ab14bea144df9815,2,200,5529075,294.362,21236.064,260363
1787797553840,a3d617d2-e4f1-dded-1399-827196027c15,/p/0/5cddd9a278c774ae,3,200,492770,283.499,2532.132,194607
1787797552810,98156463-acbb-838a-4995-b01d2e8bc10e,/p/4/c36af50567b4b091,4,200,130819,379.632,3638.755,35952
1787797549704,7ee80d9a-c383-931c-d5d1-03cf58c4cdb6,/p/1/477c6a4353f32b55,1,200,2335352,33.074,6816.691,342593
1787797549988,b3404c61-998b-e65c-4b2c-70afbe4a9a7e,/p/0/8d3d6a2a9622491c,1,200,3009635,151.327,6590.634,456653
1787797550026,60b132de-bafa-efd0-ecf3-9e60cca4282a,/p/3/1947bb4343cfbf7d,5,200,235991,363.302,6611.387,35695
1787797549704,7ee80d9a-c383-931c-d5d1-03cf58c4cdb6,/p/0/477c694353f329a2,1,200,3589781,66.332,6948.503,516627
1787797555211,e5a7d5e1-c2aa-1381-882d-288c9f7a5a51,/p/0/59dd6744ec09fbc4,5,200,177083,118.594,1527.638,115919
1787797555776,310ded1b-40d8-ea2d-9ab6-6bee151e700a,/p/0/8e42087659d83a16,2,200,497600,321.902,991.200,502018
1787797528017,c3f5fd30-bb24-84f3-ca25-fcda58afc577,/p/7/84067ff57368f31c,7,200,3922541,8.983,28758.946,136394
1787797555514,c3d3123c-e745-d4c6-2ad1-c55eb00b6074,/p/0/475262503712b5a4,3,200,36068,589.418,1479.666,24376
1787797533365,642fff68-2988-e5c7-ab4f-e0bacd36cda6,/p/0/ffc84292a664a3f4,8,200,5255200,101.273,23733.436,221426
1787797556088,efae07d3-6174-d5cc-334b-da855350efd6,/p/0/5e43f5a6c8c824c3,11,200,154999,96.303,1063.400,145758
1787797553711,fab9cd95-890b-e7db-7687-e324d45d5151,/p/0/a02cd15689173279,2,200,423107,279.989,3483.715,121453
1787797545198,9c3c4ed3-7b64-c0d9-7be5-3309e0cce279,/p/0/c25bd82ffdcbaeb3,12,200,334833,2259.094,12033.871,27824
1787797556088,efae07d3-6174-d5cc-334b-da855350efd6,/p/0/5e43f6a6c8c82676,11,200,197968,104.471,1159.633,170716
1787797556088,efae07d3-6174-d5cc-334b-da855350efd6,/p/1/5e43f4a6c8c82310,11,200,168270,104.454,1169.167,143923
1787797555385,c475b5fc-e008-706b-ac3f-2e783ad28c42,/p/1/14097c59d308d999,6,200,125025,257.745,1943.890,64317
1787797555997,efae07d3-6174-d5cc-334b-da855350efd6,/p/0/bc4270ffe225c683,10,200,397758,91.399,1362.304,291974
1787797555776,310ded1b-40d8-ea2d-9ab6-6bee151e700a,/p/5/8e42097659d83bc9,2,200,2662688,321.862,1661.710,1602378
1787797549704,7ee80d9a-c383-931c-d5d1-03cf58c4cdb6,/p/0/477c684353f327ef,1,200,3550185,99.871,7792.368,455598
1787797553267,8393b772-4912-94fe-b478-93b5effa24cb,/p/0/8ddf6812fcc67cea,4,200,314909,227.528,4344.094,72491
1787797543041,f914de05-6b76-495a-b6e7-1894d3914121,/p/0/1841862f1d270318,1,200,2367169,107.060,14640.440,161687
1787797543307,58972e27-19e9-69d1-5fdb-0cb13ae3f5c3,/p/0/819417e5321cea20,6,200,396609,571.123,14383.251,27574
1787797557257,efae07d3-6174-d5cc-334b-da855350efd6,/p/0/9389789276448957,12,200,101457,110.325,478.955,211830
1787797557257,efae07d3-6174-d5cc-334b-da855350efd6,/p/0/93897792764487a4,12,200,129282,110.436,556.362,232370
1787797557328,c475b5fc-e008-706b-ac3f-2e783ad28c42,/p/0/14097a59d308d633,6,200,10944,312.970,492.762,22210
1787797550678,98156463-acbb-838a-4995-b01d2e8bc10e,/p/0/acc030c8a59aca0b,3,200,351096,237.132,7275.718,48256
1787797557257,efae07d3-6174-d5cc-334b-da855350efd6,/p/0/93897a9276448cbd,12,200,521224,110.350,1065.817,489037
1787797552707,ad2d822c-bb92-a029-b33f-96b446d2b928,/p/2/ba7620e72932053a,5,200,3506786,973.698,5735.539,611413
1787797555211,e5a7d5e1-c2aa-1381-882d-288c9f7a5a51,/p/0/59dd6844ec09fd77,5,200,484856,127.979,3235.631,149849
1787797552810,98156463-acbb-838a-4995-b01d2e8bc10e,/p/0/c36af30567b4ad2b,4,200,237055,257.535,5659.629,41885
1787797548076,2e060094-5db8-ba29-5350-3e2835d4ac54,/p/0/4032e5eaa63c9f63,10,200,330535,364.770,10395.474,31796
1787797554095,d2fa5913-858b-28a7-5d8f-902dad879851,/p/1/ababdd8cb1c1fc91,1,200,417651,294.268,4428.975,94300
1787797554095,d2fa5913-858b-28a7-5d8f-902dad879851,/p/0/ababdb8cb1c1f92b,1,200,445996,47.297,4517.591,98724
1787797549915,98156463-acbb-838a-4995-b01d2e8bc10e,/p/0/3624ffaee0a97571,2,200,517825,266.684,8870.654,58375
1787797554095,d2fa5913-858b-28a7-5d8f-902dad879851,/p/0/ababdc8cb1c1fade,1,200,482084,92.535,4789.144,100662
1787797551360,58972e27-19e9-69d1-5fdb-0cb13ae3f5c3,/p/0/33eb9f19d89e134a,9,200,180651,530.759,7600.798,23767
1787797533011,642fff68-2988-e5c7-ab4f-e0bacd36cda6,/p/13/ffc84492a664a75a,8,200,6074715,191.409,25967.966,233931
1787797556521,7ee80d9a-c383-931c-d5d1-03cf58c4cdb6,/p/0/1d4d659bd93dc2fb,2,200,2908653,137.211,2593.201,1121646
1787797550026,60b132de-bafa-efd0-ecf3-9e60cca4282a,/p/0/1947ba4343cfbdca,5,200,323961,482.743,9269.082,34951
1787797554367,5684ed70-3a5c-de0c-dcb0-2554388d8f92,/p/0/596f726a3fac354e,6,200,239110,513.654,4940.869,48394
1787797553267,8393b772-4912-94fe-b478-93b5effa24cb,/p/2/8ddf6912fcc67e9d,4,200,483212,311.622,6218.194,77709
1787797558524,d2fa5913-858b-28a7-5d8f-902dad879851,/p/0/231a0b0d225670b0,2,200,38491,267.769,973.368,39544
1787797550745,5684ed70-3a5c-de0c-dcb0-2554388d8f92,/p/3/596f736a3fac3701,6,200,345866,311.139,8781.206,39387
1787797542541,872f6eaf-1872-4c39-7bff-4a97bb651875,/p/0/3c988ff7d163d59d,5,200,6275384,38.235,17074.162,367537
1787797556521,7ee80d9a-c383-931c-d5d1-03cf58c4cdb6,/p/0/1d4d679bd93dc661,2,200,4210632,137.185,3179.301,1324389
1787797556304,a8b2b5fb-0a9c-cb0f-869a-18420532160a,/p/2/4a5b970045278335,3,200,272002,48.515,3453.891,78752
1787797550714,c3d3123c-e745-d4c6-2ad1-c55eb00b6074,/p/0/ef19c1a314035127,2,200,441458,339.467,9137.415,48313
1787797542189,a056b4d1-a94d-5775-ad57-fb68a7e01b19,/p/0/f16cdd73f3f11a58,1,200,5849482,39.322,17730.356,329913
1787797559486,8393b772-4912-94fe-b478-93b5effa24cb,/p/0/134cca4f8f6b3929,5,200,14464,262.448,452.435,31969
1787797549143,58972e27-19e9-69d1-5fdb-0cb13ae3f5c3,/p/0/b21ddef2dd8cc3ac,8,200,331149,528.353,10944.134,30258
1787797556637,60b132de-bafa-efd0-ecf3-9e60cca4282a,/p/2/1748c4667761bcc8,6,200,168204,526.955,3557.049,47288
1787797547632,c161c8a9-3535-8b6e-e1b5-d867ff5e7cf6,/p/0/354ce28e68cd280d,2,200,2808121,410.917,12635.457,222241
1787797551580,5e499411-6aa2-8415-9b43-9488b7817873,/p/5/edede5882639a1e3,5,200,5182757,78.957,8739.682,593014
1787797550026,60b132de-bafa-efd0-ecf3-9e60cca4282a,/p/0/1947b94343cfbc17,5,200,377806,275.156,10321.366,36604
1787797556449,98156463-acbb-838a-4995-b01d2e8bc10e,/p/3/6948d51242adedbe,5,200,172582,359.851,4000.133,43144
1787797522223,7e5a180c-3c3c-9203-4460-4d28cc86d40f,/p/0/d05717ba52f2cc0d,2,200,5555445,311.899,38324.590,144958
1787797552497,52be04f0-c8bb-f3bb-8286-5ea48472669b,/p/0/e8d6ee5c4e303209,5,200,423277,312.892,8096.851,52277
1787797553534,e14090b3-7dfb-bbac-d72c-a25623c987fe,/p/0/5c1f04ec4307309e,3,200,368106,414.762,7088.117,51933
1787797547632,c161c8a9-3535-8b6e-e1b5-d867ff5e7cf6,/p/6/354ce18e68cd265a,2,200,3812451,221.606,13197.193,288883
1787797544731,ad3c456b-5574-4ec8-b695-45e6b3670b3a,/p/9/e98f5071b6a9679d,5,200,4353937,434.538,16168.861,269279
1787797558524,d2fa5913-858b-28a7-5d8f-902dad879851,/p/0/231a0d0d22567416,2,200,347791,220.065,2423.758,143492
1787797554202,83751f0a-d5ab-1e24-6630-958f32ebe55f,/p/0/31c42cfaa5def82b,10,200,342702,216.647,6900.614,49663
1787797560829,c161c8a9-3535-8b6e-e1b5-d867ff5e7cf6,/p/0/ba252ea308a2a955,3,200,67676,34.289,341.217,198337
1787797558524,d2fa5913-858b-28a7-5d8f-902dad879851,/p/0/231a0e0d225675c9,2,200,387230,407.054,2711.297,142821
1787797559486,8393b772-4912-94fe-b478-93b5effa24cb,/p/0/134cc74f8f6b3410,5,200,136894,240.118,1892.305,72342
1787797560347,60b132de-bafa-efd0-ecf3-9e60cca4282a,/p/1/2333ca4484df16dc,7,200,14443,359.151,1036.306,13937
1787797557438,310ded1b-40d8-ea2d-9ab6-6bee151e700a,/p/4/6d9a64fb01ccc2fb,3,200,349118,2.082,3985.110,87606
1787797557438,310ded1b-40d8-ea2d-9ab6-6bee151e700a,/p/0/6d9a63fb01ccc148,3,200,496407,2.775,3993.544,124302
1787797551932,8258a893-86a7-4a72-df7b-70f26d368d8b,/p/0/e2d7c2ebde9435be,5,200,2715347,220.226,9550.189,284324
1787797560320,5e499411-6aa2-8415-9b43-9488b7817873,/p/0/b4d2f16cac9431d4,6,200,271126,112.261,1196.337,226630
1787797551059,a6e4192b-6dce-2941-3a81-b2236c12861c,/p/0/91e3464ba98985f4,4,200,3508303,93.796,10485.765,334578
1787797523125,5884cbf3-25e7-d6eb-840b-1bdc2bbbdbf5,/p/0/86e74bd5580b30ab,1,200,4472826,89.366,38493.204,116198
1787797547805,5684ed70-3a5c-de0c-dcb0-2554388d8f92,/p/0/9c7a3da4cf520392,5,200,371659,685.361,13900.664,26737
1787797543907,9ab40283-f209-5116-d31d-55e6dfb10446,/p/3/b01ad108a2372675,1,200,3023242,546.468,17853.301,169338
1787797519243,05e0c067-bb60-57b9-9b87-4c61ab06cea0,/p/0/9e37db9fd729cea4,4,200,4432990,235.287,42631.225,103985
1787797560320,5e499411-6aa2-8415-9b43-9488b7817873,/p/4/b4d2f26cac943387,6,200,458413,21.401,1678.964,273033
1787797554520,2e060094-5db8-ba29-5350-3e2835d4ac54,/p/1/cacfaa4ef901e761,11,200,271620,382.639,7498.497,36223
1787797552497,52be04f0-c8bb-f3bb-8286-5ea48472669b,/p/0/e8d6ed5c4e303056,5,200,461707,287.109,9755.773,47327
1787797541795,86454a3f-02d5-95c3-c63c-3d01026018e0,/p/4/234b53031f22c87b,2,200,5720994,62.135,20619.901,277450
1787797562415,86454a3f-02d5-95c3-c63c-3d01026018e0,/p/3/4541d144fd50c3db,3,200,10979,42.225,63.084,174039
1787797544532,58972e27-19e9-69d1-5fdb-0cb13ae3f5c3,/p/0/189cfc11d9d94f30,7,200,523655,533.435,17999.316,29093
1787797556304,a8b2b5fb-0a9c-cb0f-869a-18420532160a,/p/0/4a5b950045277fcf,3,200,491711,144.044,6326.682,77720
1787797560829,c161c8a9-3535-8b6e-e1b5-d867ff5e7cf6,/p/5/ba252ca308a2a5ef,3,200,325277,34.286,1822.399,178488
1787797523125,5884cbf3-25e7-d6eb-840b-1bdc2bbbdbf5,/p/12/86e74dd5580b3411,1,200,5354121,403.677,39538.758,135414
1787797506237,c5f96876-5074-e161-30ce-f4d44e01fe33,/p/0/dc265706bf026fc1,11,200,4402787,294.209,56515.073,77905
1787797558471,2e060094-5db8-ba29-5350-3e2835d4ac54,/p/0/cacfa94ef901e5ae,11,200,145379,392.475,4359.503,33348
1787797551932,8258a893-86a7-4a72-df7b-70f26d368d8b,/p/8/e2d7c3ebde943771,5,200,5404689,240.486,10952.692,493458
1787797508968,2e060094-5db8-ba29-5350-3e2835d4ac54,/p/0/b95467c45a5b5b,7,200,2274267,555.313,53981.222,42131
1787797556776,c3f5fd30-bb24-84f3-ca25-fcda58afc577,/p/6/2ef606b77e2d8044,8,200,430671,276.090,6210.038,69351
1787797547077,a6e4192b-6dce-2941-3a81-b2236c12861c,/p/0/561a34874f196d26,1,200,5945541,40.269,16001.137,371570
1787797562885,8258a893-86a7-4a72-df7b-70f26d368d8b,/p/0/ad27050a288a1b67,6,200,158065,4.345,206.959,763751
1787797559486,8393b772-4912-94fe-b478-93b5effa24cb,/p/1/134cc84f8f6b35c3,5,200,407999,369.722,3675.353,111009
1787797526861,52be04f0-c8bb-f3bb-8286-5ea48472669b,/p/0/ce8e22595c9413fe,2,200,2641744,261.417,36365.851,72644
1787797544731,ad3c456b-5574-4ec8-b695-45e6b3670b3a,/p/0/e98f4e71b6a96437,5,200,4078539,434.638,18611.511,219141
1787797562885,8258a893-86a7-4a72-df7b-70f26d368d8b,/p/0/ad27060a288a1d1a,6,200,515703,1.328,542.752,950164
1787797546995,f914de05-6b76-495a-b6e7-1894d3914121,/p/2/39c38124f94e6c2a,3,200,3313037,172.302,16469.242,201165
1787797562664,5884cbf3-25e7-d6eb-840b-1bdc2bbbdbf5,/p/0/e1caa6a58d8c8a4d,2,200,65593,234.492,807.315,81248
1787797548356,a6e4192b-6dce-2941-3a81-b2236c12861c,/p/0/a2275e1d71380a00,2,200,5606299,119.236,15147.192,370121
1787797561999,5e499411-6aa2-8415-9b43-9488b7817873,/p/0/a597437fe2ce8b61,7,200,253352,113.772,1522.253,166432
1787797545467,3e95f795-5d9a-df5b-984d-ce45bac286aa,/p/3/9486b19d4de078fe,2,200,297331,3120.233,18167.122,16366
1787797557691,58972e27-19e9-69d1-5fdb-0cb13ae3f5c3,/p/0/33eb9e19d89e1197,9,200,251247,453.403,5990.291,41942
1787797549768,0b1b1fb7-fdd9-cd3d-b3dc-21049d39a98d,/p/0/20a7bf882abd3f2f,1,200,5556643,261.998,14043.976,395660
1787797563464,f914de05-6b76-495a-b6e7-1894d3914121,/p/1/8d126e40bcd27663,4,200,46598,137.883,545.352,85446
1787797562664,5884cbf3-25e7-d6eb-840b-1bdc2bbbdbf5,/p/11/e1caa5a58d8c889a,2,200,132695,180.571,1346.054,98581
1787797553711,fab9cd95-890b-e7db-7687-e324d45d5151,/p/9/a02cd056891730c6,2,200,2968131,223.309,10551.144,281309
1787797557821,c475b5fc-e008-706b-ac3f-2e783ad28c42,/p/0/3be4e802c52e78a9,7,200,325276,353.893,6597.069,49306
1787797561999,5e499411-6aa2-8415-9b43-9488b7817873,/p/0/a597407fe2ce8648,7,200,487441,126.244,2419.621,201453
1787797561384,60b132de-bafa-efd0-ecf3-9e60cca4282a,/p/0/2333cb4484df188f,7,200,89836,410.272,3092.714,29048
1787797478665,20ff866f-0452-c945-cde1-cdc9b1d5805a,/p/0/e84f233469fded11,1,200,3167755,244.400,85816.695,36913
1787797506673,def7e2e3-70b7-e438-3156-fe53c35606b8,/p/0/a7a37979d7d53626,4,200,3529890,217.401,57827.535,61042
1787797564010,5884cbf3-25e7-d6eb-840b-1bdc2bbbdbf5,/p/0/6855d9b7095119c4,3,200,17995,196.632,520.265,34588
1787797561999,5e499411-6aa2-8415-9b43-9488b7817873,/p/3/a597417fe2ce87fb,7,200,441046,113.729,2533.786,174066
1787797528017,c3f5fd30-bb24-84f3-ca25-fcda58afc577,/p/0/840681f57368f682,7,200,3949599,8.965,36548.015,108066
1787797561760,9ab40283-f209-5116-d31d-55e6dfb10446,/p/2/fb99e0c4fc22f96b,2,200,174626,125.530,2868.479,60878
1787797548115,399a996d-4e60-245c-8853-3b77c21f28f1,/p/0/efff5366e5bcc334,3,200,2773201,246.831,16539.788,167668
1787797517102,524b5a34-1c1d-4975-b937-28696830df7f,/p/0/41a430b813359629,1,200,5420720,180.416,47649.742,113762
1787797494818,45c91211-d5fc-4832-e57e-891b29500b13,/p/0/5933adccc6c5bbfd,2,200,3982093,216.605,70023.618,56868
1787797533393,52be04f0-c8bb-f3bb-8286-5ea48472669b,/p/0/27cd193e022367b6,3,200,3628554,344.751,31560.969,114970
1787797551299,b1782f4d-238e-67a4-345b-56ca2496565c,/p/0/d915a539f56d9c0,8,200,4388305,493.367,13672.299,320963
1787797562885,8258a893-86a7-4a72-df7b-70f26d368d8b,/p/7/ad27070a288a1ecd,6,200,5684453,20.230,2172.465,2616591
1787797564533,5e499411-6aa2-8415-9b43-9488b7817873,/p/0/4990888867312115,8,200,71370,112.280,552.029,129287
1787797565058,8258a893-86a7-4a72-df7b-70f26d368d8b,/p/6/8e40541745258dd9,7,200,431202,3.954,168.671,2556471
1787797523123,52be04f0-c8bb-f3bb-8286-5ea48472669b,/p/0/3155a3cff562a2f3,1,200,4640637,53.392,42108.134,110208
1787797565058,8258a893-86a7-4a72-df7b-70f26d368d8b,/p/0/8e40521745258a73,7,200,515308,3.824,228.477,2255407
1787797565058,8258a893-86a7-4a72-df7b-70f26d368d8b,/p/0/8e40531745258c26,7,200,422753,27.824,229.480,1842221
1787797565226,8258a893-86a7-4a72-df7b-70f26d368d8b,/p/0/13c1e254989cbcd,8,200,255787,11.935,144.829,1766133
1787797565226,8258a893-86a7-4a72-df7b-70f26d368d8b,/p/5/13c1c254989c867,8,200,265220,13.056,152.771,1736065
1787797564533,5e499411-6aa2-8415-9b43-9488b7817873,/p/2/4990868867311daf,8,200,141873,125.032,887.785,159806
1787797565379,8258a893-86a7-4a72-df7b-70f26d368d8b,/p/4/de6995e275866159,9,200,93957,12.815,46.074,2039284
1787797508995,20ff866f-0452-c945-cde1-cdc9b1d5805a,/p/0/851949aa753f7ac3,2,200,3088131,2738.781,56538.173,54620
1787797565425,8258a893-86a7-4a72-df7b-70f26d368d8b,/p/0/2c9f74b29d0c3cbb,10,200,207567,16.532,157.058,1321597
1787797507830,c5f96876-5074-e161-30ce-f4d44e01fe33,/p/0/e7b7a3ae3fd7a216,12,0,4634559,195.906,57801.245,80181
1787797513347,c5f96876-5074-e161-30ce-f4d44e01fe33,/p/0/c33278fe0f424599,14,0,4168619,226.997,52284.354,79730
1787797510820,c5f96876-5074-e161-30ce-f4d44e01fe33,/p/0/4d3bfa7871d10d7a,13,0,4334687,176.874,54812.161,79083
1787797507830,c5f96876-5074-e161-30ce-f4d44e01fe33,/p/0/e7b7a2ae3fd7a063,12,0,4888319,195.868,57801.354,84571
1787797565379,8258a893-86a7-4a72-df7b-70f26d368d8b,/p/0/de6993e275865df3,9,200,364963,12.945,334.495,1091087
1787797562478,86454a3f-02d5-95c3-c63c-3d01026018e0,/p/2/cee9d187f95b77c1,4,200,197457,293.935,3249.194,60771
1787797560594,52be04f0-c8bb-f3bb-8286-5ea48472669b,/p/0/e8d6eb5c4e302cf0,5,200,3138147,310.492,5399.248,581219
1787797551299,b1782f4d-238e-67a4-345b-56ca2496565c,/p/13/d915b539f56db73,8,200,4882563,325.964,14726.415,331551
1787797562950,2e060094-5db8-ba29-5350-3e2835d4ac54,/p/0/27be92fdf7d8781f,12,200,172411,358.108,3104.150,55542
1787797563464,f914de05-6b76-495a-b6e7-1894d3914121,/p/0/8d126d40bcd274b0,4,200,334133,151.513,2652.903,125950
1787797559758,a8b2b5fb-0a9c-cb0f-869a-18420532160a,/p/0/95a4404b892955af,4,200,421493,310.834,6451.178,65336
1787797564010,5884cbf3-25e7-d6eb-840b-1bdc2bbbdbf5,/p/10/6855dab709511b77,3,200,268049,214.868,2530.149,105942
1787797565421,5e499411-6aa2-8415-9b43-9488b7817873,/p/0/29a190b7ec02591e,9,200,122061,122.213,1310.295,93155
1787797556449,98156463-acbb-838a-4995-b01d2e8bc10e,/p/0/6948d61242adef71,5,200,465965,384.176,10291.082,45279
1787797565425,8258a893-86a7-4a72-df7b-70f26d368d8b,/p/3/2c9f73b29d0c3b08,10,200,2357389,13.611,1354.895,1739905
1787797564009,f914de05-6b76-495a-b6e7-1894d3914121,/p/0/ff6089a5f27d90f2,5,200,248115,148.465,2850.761,87035
1787797564533,5e499411-6aa2-8415-9b43-9488b7817873,/p/0/4990858867311bfc,8,200,370292,125.009,2414.897,153337
1787797566780,8258a893-86a7-4a72-df7b-70f26d368d8b,/p/2/31fb5124b12afe5e,11,200,223521,16.927,227.956,980544
1787797566780,8258a893-86a7-4a72-df7b-70f26d368d8b,/p/0/31fb5224b12b0011,11,200,335498,13.106,274.302,1223098
1787797564629,9ab40283-f209-5116-d31d-55e6dfb10446,/p/0/ee4fa49e4d5a1b61,3,200,144485,351.346,2426.134,59554
1787797556119,e14090b3-7dfb-bbac-d72c-a25623c987fe,/p/2/49ec92e196e302d1,4,200,519410,253.089,10946.027,47452
1787797556521,7ee80d9a-c383-931c-d5d1-03cf58c4cdb6,/p/0/1d4d669bd93dc4ae,2,200,3551527,43.159,10563.902,336195
1787797563161,8393b772-4912-94fe-b478-93b5effa24cb,/p/0/8da99e3c07373267,6,200,273389,280.397,3965.969,68934
1787797494120,45c91211-d5fc-4832-e57e-891b29500b13,/p/0/67f7bbc1eb03c262,1,200,4292331,218.514,73015.457,58787
1787797558443,ad2d822c-bb92-a029-b33f-96b446d2b928,/p/1/c7120bc7b26bca35,6,200,359248,1450.920,8697.685,41304
1787797567055,8258a893-86a7-4a72-df7b-70f26d368d8b,/p/0/18c5e1a618c7ee4c,12,200,105988,11.628,92.606,1144510
1787797566780,8258a893-86a7-4a72-df7b-70f26d368d8b,/p/0/31fb4f24b12afaf8,11,200,344798,17.107,375.871,917331
1787797563161,8393b772-4912-94fe-b478-93b5effa24cb,/p/0/8da9a03c073735cd,6,200,230032,302.203,4092.335,56210
1787797564262,fab9cd95-890b-e7db-7687-e324d45d5151,/p/0/4434a6aa70217f81,3,200,346939,176.321,3023.198,114759
1787797542806,52be04f0-c8bb-f3bb-8286-5ea48472669b,/p/0/cbdac394f066ef5,4,200,4195275,935.845,24489.927,171306
1787797566025,b1782f4d-238e-67a4-345b-56ca2496565c,/p/12/42be32e1ecb9a80d,9,200,263703,83.897,1393.839,189192
1787797567147,8258a893-86a7-4a72-df7b-70f26d368d8b,/p/0/18c5e4a618c7f365,12,200,99509,13.143,347.355,286477
1787797563161,8393b772-4912-94fe-b478-93b5effa24cb,/p/0/8da99d3c073730b4,6,200,259657,302.168,4408.437,58900
1787797566025,b1782f4d-238e-67a4-345b-56ca2496565c,/p/0/42be30e1ecb9a4a7,9,200,369095,23.878,1675.469,220294
1787797565421,5e499411-6aa2-8415-9b43-9488b7817873,/p/0/29a18fb7ec02576b,9,200,340952,111.407,2479.188,137526
1787797559526,5684ed70-3a5c-de0c-dcb0-2554388d8f92,/p/2/3c0e6ba79f4081f8,7,200,224436,411.437,8385.031,26766
1787797551373,399a996d-4e60-245c-8853-3b77c21f28f1,/p/8/fa347b34f723c2b7,4,200,4019779,185.653,16722.494,240382
1787797562986,c3f5fd30-bb24-84f3-ca25-fcda58afc577,/p/0/541b1784567cd7cd,9,200,276047,302.489,5254.036,52540
1787797498948,def7e2e3-70b7-e438-3156-fe53c35606b8,/p/0/ddd2dc7845cf9552,3,200,4801179,257.813,69346.711,69234
1787797564010,5884cbf3-25e7-d6eb-840b-1bdc2bbbdbf5,/p/0/6855dcb709511edd,3,200,320452,214.891,4302.101,74487
1787797564009,f914de05-6b76-495a-b6e7-1894d3914121,/p/0/ff6087a5f27d8d8c,5,200,477603,134.924,4324.510,110441
1787797507572,def7e2e3-70b7-e438-3156-fe53c35606b8,/p/0/26a381bfea9f248d,5,200,4115340,297.142,60838.352,67644
1787797565226,8258a893-86a7-4a72-df7b-70f26d368d8b,/p/0/13c1b254989c6b4,8,200,5248356,11.026,3188.855,1645843
1787797561423,310ded1b-40d8-ea2d-9ab6-6bee151e700a,/p/3/23ef556a339534a0,4,200,156121,1884.589,7054.295,22131
1787797561103,83751f0a-d5ab-1e24-6630-958f32ebe55f,/p/0/31c42bfaa5def678,10,200,421467,261.585,7442.551,56629
1787797560900,ad3c456b-5574-4ec8-b695-45e6b3670b3a,/p/8/750507fe39c3ccfe,6,200,470556,346.030,7653.528,61482
1787797534723,a2ac3dcd-a7f9-7b45-320c-ca6ddcd78e41,/p/0/2f93a457e6f4db14,2,200,5122443,242.505,33875.571,151213
1787797562663,5884cbf3-25e7-d6eb-840b-1bdc2bbbdbf5,/p/0/e1caa3a58d8c8534,2,200,475079,234.551,5988.836,79327
1787797568096,399a996d-4e60-245c-8853-3b77c21f28f1,/p/0/56ecf4991123df92,5,200,55744,211.193,573.471,97205
1787797565379,8258a893-86a7-4a72-df7b-70f26d368d8b,/p/0/de6994e275865fa6,9,200,5647666,12.858,3370.708,1675513
1787797559308,5684ed70-3a5c-de0c-dcb0-2554388d8f92,/p/0/596f716a3fac339b,6,200,431451,499.249,9579.406,45039
1787797550631,a19f7f98-5ed1-178b-e963-8e4117aa45fa,/?crawl=234,0,200,5331592,61.835,18356.859,290441
1787797567419,b1782f4d-238e-67a4-345b-56ca2496565c,/p/0/64bef6a5a5b6dd5b,10,200,425211,141.188,2094.757,202988
1787797526996,83751f0a-d5ab-1e24-6630-958f32ebe55f,/p/0/58b8c524767d8a56,7,200,3606781,44.375,42555.507,84755
1787797561760,9ab40283-f209-5116-d31d-55e6dfb10446,/p/0/fb99e2c4fc22fcd1,2,200,473417,63.630,7890.384,59999
1787797520608,b0711855-0011-f143-336d-1c80e4677454,/p/0/75ecfcb43b15daf9,4,200,2215154,832.382,49056.105,45156
1787797522625,83751f0a-d5ab-1e24-6630-958f32ebe55f,/p/0/e45ba1bed8fddab,4,200,5456416,252.226,47046.416,115979
1787797562478,86454a3f-02d5-95c3-c63c-3d01026018e0,/p/0/cee9cf87f95b745b,4,200,347972,272.506,7263.994,47904
1787797560194,60b132de-bafa-efd0-ecf3-9e60cca4282a,/p/0/1748c6667761c02e,6,200,453872,333.722,9948.235,45623
1787797551548,df17e0ba-5540-8e69-2829-bdb4fa71e5e0,/p/0/e4ab62828096bee0,3,200,3003794,151.280,18597.484,161516
1787797566540,5884cbf3-25e7-d6eb-840b-1bdc2bbbdbf5,/p/0/9973a655da5f25e4,4,200,228315,456.575,3637.841,62761
1787797489883,def7e2e3-70b7-e438-3156-fe53c35606b8,/p/0/796988468610e299,1,200,5671786,39.576,80294.825,70637
1787797564418,c475b5fc-e008-706b-ac3f-2e783ad28c42,/p/0/3be4e702c52e76f6,7,200,292570,295.192,5848.624,50024
1787797567419,b1782f4d-238e-67a4-345b-56ca2496565c,/p/0/64bef7a5a5b6df0e,10,200,459898,109.567,2872.565,160100
1787797553495,8393b772-4912-94fe-b478-93b5effa24cb,/p/0/8ddf6712fcc67b37,4,200,2445026,211.364,16812.143,145432
1787797564629,9ab40283-f209-5116-d31d-55e6dfb10446,/p/0/ee4fa19e4d5a1648,3,200,285522,796.411,5789.582,49317
1787797560900,ad3c456b-5574-4ec8-b695-45e6b3670b3a,/p/0/750508fe39c3ceb1,6,200,504059,316.610,9744.215,51729
1787797562478,86454a3f-02d5-95c3-c63c-3d01026018e0,/p/0/cee9d087f95b760e,4,200,462026,251.925,8196.794,56367
1787797562831,2e060094-5db8-ba29-5350-3e2835d4ac54,/p/0/27be91fdf7d8766c,12,200,284425,299.463,7852.095,36223
1787797566054,2e060094-5db8-ba29-5350-3e2835d4ac54,/p/0/27be93fdf7d879d2,12,200,187687,351.199,4686.605,40048
1787797568478,310ded1b-40d8-ea2d-9ab6-6bee151e700a,/p/0/c0f55e06512f405b,5,200,12061,2009.461,2296.214,5253
1787797566540,5884cbf3-25e7-d6eb-840b-1bdc2bbbdbf5,/p/9/9973a755da5f2797,4,200,362983,439.017,4296.456,84484
1787797565425,8258a893-86a7-4a72-df7b-70f26d368d8b,/p/0/2c9f75b29d0c3e6e,10,200,5865490,12.845,5428.059,1080587
1787797567008,8258a893-86a7-4a72-df7b-70f26d368d8b,/p/1/18c5e2a618c7efff,12,200,3228015,15.645,3851.450,838130
1787797524494,524b5a34-1c1d-4975-b937-28696830df7f,/p/0/2a9020a781d3d3ef,3,200,6222968,387.212,46466.955,133922
1787797546679,f7c998b3-5110-ead8-1c5b-78722c3cdddc,/p/0/78cc48c39f546,4,200,2988213,30.536,24324.815,122846
1787797570860,8258a893-86a7-4a72-df7b-70f26d368d8b,/p/0/9f307c7a274d28a9,13,200,45542,74.678,192.901,236090
1787797562986,c3f5fd30-bb24-84f3-ca25-fcda58afc577,/p/0/541b1484567cd2b4,9,200,421632,469.007,8155.293,51700
1787797568096,399a996d-4e60-245c-8853-3b77c21f28f1,/p/7/56ecf2991123dc2c,5,200,481156,68.715,3170.173,151776
1787797564629,9ab40283-f209-5116-d31d-55e6dfb10446,/p/1/ee4fa39e4d5a19ae,3,200,391116,445.609,6908.212,56616
1787797559295,60b132de-bafa-efd0-ecf3-9e60cca4282a,/p/0/1748c5667761be7b,6,200,403919,317.806,12299.373,32841
1787797562019,2e060094-5db8-ba29-5350-3e2835d4ac54,/p/0/cacfa84ef901e3fb,11,200,408292,493.442,9749.211,41879
1787797570860,8258a893-86a7-4a72-df7b-70f26d368d8b,/p/0/9f30797a274d2390,13,200,156066,192.882,953.757,163633
1787797570836,5884cbf3-25e7-d6eb-840b-1bdc2bbbdbf5,/p/0/2bcf611fcdaf6be8,5,200,72765,271.149,999.270,72818
1787797523125,5884cbf3-25e7-d6eb-840b-1bdc2bbbdbf5,/p/0/86e74cd5580b325e,1,200,5828659,89.340,48942.437,119092
1787797565727,86454a3f-02d5-95c3-c63c-3d01026018e0,/p/1/ceae5ec51f91faf8,5,200,455717,249.791,6546.895,69608
1787797570860,8258a893-86a7-4a72-df7b-70f26d368d8b,/p/0/9f307b7a274d26f6,13,200,415388,192.965,1625.399,255561
1787797558443,ad2d822c-bb92-a029-b33f-96b446d2b928,/p/0/c7120ac7b26bc882,6,200,401333,1450.870,14162.018,28339
1787797538846,ad2d822c-bb92-a029-b33f-96b446d2b928,/p/0/e049698c319966a9,3,200,4547109,819.893,33829.527,134412
1787797568545,83751f0a-d5ab-1e24-6630-958f32ebe55f,/p/0/31c42efaa5defb91,10,200,417338,218.264,4349.713,95946
1787797570836,5884cbf3-25e7-d6eb-840b-1bdc2bbbdbf5,/p/0/2bcf641fcdaf7101,5,200,232290,253.844,2105.984,110300
1787797572274,86454a3f-02d5-95c3-c63c-3d01026018e0,/p/0/3220dbc11ada1bde,6,200,55652,210.094,945.811,58840
1787797531611,60b132de-bafa-efd0-ecf3-9e60cca4282a,/p/0/1b6219bd6631c9e0,3,200,2287277,499.334,41749.269,54786
1787797538815,160edf7b-27b2-08e1-9481-79abb2597327,/p/0/670bb598b8690177,4,200,5030770,303.125,34684.230,145045
1787797549430,8393b772-4912-94fe-b478-93b5effa24cb,/p/0/a23221b037a6cf6e,2,200,3339339,283.322,24073.448,138715
1787797553244,e5a7d5e1-c2aa-1381-882d-288c9f7a5a51,/p/0/1da71332048e4283,4,200,3377740,239.222,20273.942,166605
1787797545467,3e95f795-5d9a-df5b-984d-ce45bac286aa,/p/0/9486b29d4de07ab1,2,0,537791,3118.731,28165.527,19094
1787797563634,3e95f795-5d9a-df5b-984d-ce45bac286aa,/p/0/f07f6454f12ed8a7,3,0,112576,1554.600,9998.592,11259
1787797563634,3e95f795-5d9a-df5b-984d-ce45bac286aa,/p/2/f07f6654f12edc0d,3,0,140384,1414.912,9998.523,14040
1787797563634,3e95f795-5d9a-df5b-984d-ce45bac286aa,/p/0/f07f6554f12eda5a,3,0,107762,1414.870,9998.489,10778
1787797570143,60b132de-bafa-efd0-ecf3-9e60cca4282a,/p/0/27db441051ee38b2,8,200,431031,338.630,3544.122,121619
1787797515958,9c3c4ed3-7b64-c0d9-7be5-3309e0cce279,/p/0/ffcc70119887e47d,8,200,3337160,426.617,57785.509,57751
1787797523318,60b132de-bafa-efd0-ecf3-9e60cca4282a,/p/0/6250244f34b0b8e6,2,200,3311868,321.129,50475.563,65613
1787797566025,b1782f4d-238e-67a4-345b-56ca2496565c,/p/0/42be31e1ecb9a65a,9,200,2134935,23.797,8043.188,265434
1787797551549,df17e0ba-5540-8e69-2829-bdb4fa71e5e0,/p/0/e4ab65828096c3f9,3,200,3666562,213.264,22677.485,161683
1787797571266,399a996d-4e60-245c-8853-3b77c21f28f1,/p/0/bbd269ff5b8074f4,6,200,242025,203.140,3296.262,73424
1787797538815,160edf7b-27b2-08e1-9481-79abb2597327,/p/0/670bb698b869032a,4,200,5081781,439.400,35780.984,142025
1787797568887,5684ed70-3a5c-de0c-dcb0-2554388d8f92,/p/1/61108618a41f57b,8,200,268248,759.934,5777.044,46433
1787797573361,60b132de-bafa-efd0-ecf3-9e60cca4282a,/p/0/27db421051ee354c,8,200,377012,1009.323,1356.649,277899
1787797564262,fab9cd95-890b-e7db-7687-e324d45d5151,/p/8/4434a4aa70217c1b,3,200,2621586,56.664,10578.816,247815
1787797546791,df17e0ba-5540-8e69-2829-bdb4fa71e5e0,/p/0/b41215e5bf5836f5,1,200,5142088,29.532,28455.290,180708
1787797564476,60b132de-bafa-efd0-ecf3-9e60cca4282a,/p/0/2333cc4484df1a42,7,200,2411980,381.572,11688.444,206356
1787797546995,f914de05-6b76-495a-b6e7-1894d3914121,/p/0/39c38224f94e6ddd,3,200,5557763,132.249,29190.666,190395
1787797531611,60b132de-bafa-efd0-ecf3-9e60cca4282a,/p/0/1b621cbd6631cef9,3,200,5218794,412.925,44583.208,117057
1787797556000,a3d617d2-e4f1-dded-1399-827196027c15,/p/0/e720e10a0e6db107,4,200,5335751,164.928,20254.594,263434
1787797571537,9ab40283-f209-5116-d31d-55e6dfb10446,/p/0/5e0f8207f0d0234b,4,200,210662,383.503,4772.150,44144
1787797558979,642fff68-2988-e5c7-ab4f-e0bacd36cda6,/p/0/f0e707c0c7ebac0,9,200,4417014,153.289,17339.978,254730
1787797558979,642fff68-2988-e5c7-ab4f-e0bacd36cda6,/p/0/f0e737c0c7ebfd9,9,200,4136942,153.227,17370.726,238156
1787797539332,9c3c4ed3-7b64-c0d9-7be5-3309e0cce279,/p/0/bb80a38e6285fe04,11,0,1681247,7627.543,37299.038,45075
1787797546995,9c3c4ed3-7b64-c0d9-7be5-3309e0cce279,/p/0/c25bd92ffdcbb066,12,0,1421627,567.045,29635.480,47970
1787797545198,9c3c4ed3-7b64-c0d9-7be5-3309e0cce279,/p/2/c25bd72ffdcbad00,12,0,1238215,2329.119,31432.864,39392
1787797565421,5e499411-6aa2-8415-9b43-9488b7817873,/p/1/29a191b7ec025ad1,9,200,3287783,132.060,11299.927,290956
1787797571595,60b132de-bafa-efd0-ecf3-9e60cca4282a,/p/0/27db451051ee3a65,8,200,4575112,292.021,5147.629,888781
1787797574841,fab9cd95-890b-e7db-7687-e324d45d5151,/p/0/181f5f96aff0cee2,4,200,41412,2074.369,2075.739,19950
1787797574842,fab9cd95-890b-e7db-7687-e324d45d5151,/p/7/181f6096aff0d095,4,200,361953,2072.916,2086.220,173497
1787797558979,642fff68-2988-e5c7-ab4f-e0bacd36cda6,/p/12/f0e717c0c7ebc73,9,200,5014341,20.515,18227.106,275104
1787797519350,2e060094-5db8-ba29-5350-3e2835d4ac54,/p/0/d15e6314a9258ddb,8,200,3309953,818.849,57926.030,57141
1787797576721,5e499411-6aa2-8415-9b43-9488b7817873,/p/0/9bdf7be5a69f1a50,10,200,79296,129.850,581.213,136432
1787797568553,ad3c456b-5574-4ec8-b695-45e6b3670b3a,/p/0/44a9b97736e131d6,7,200,482785,333.475,9035.831,53430
1787797567065,e14090b3-7dfb-bbac-d72c-a25623c987fe,/p/0/49ec90e196e2ff6b,4,200,367186,764.425,10557.669,34779
1787797568553,ad3c456b-5574-4ec8-b695-45e6b3670b3a,/p/0/44a9b87736e13023,7,200,383934,489.287,9093.742,42220
1787797556000,a3d617d2-e4f1-dded-1399-827196027c15,/p/9/e720e00a0e6daf54,4,200,5704245,219.857,21772.068,261998
1787797549568,e5a7d5e1-c2aa-1381-882d-288c9f7a5a51,/p/0/603d70af7ddf76c1,2,200,5439679,104.949,28240.020,192623
1787797576721,5e499411-6aa2-8415-9b43-9488b7817873,/p/0/9bdf7de5a69f1db6,10,200,210580,142.274,1184.643,177758
1787797559758,a8b2b5fb-0a9c-cb0f-869a-18420532160a,/p/0/95a4414b89295762,4,200,3614501,310.178,18223.085,198347
1787797576721,5e499411-6aa2-8415-9b43-9488b7817873,/p/0/9bdf7ee5a69f1f69,10,200,320759,129.814,1544.709,207650
1787797568553,ad3c456b-5574-4ec8-b695-45e6b3670b3a,/p/7/44a9b77736e12e70,7,200,432949,363.427,9760.886,44356
1787797577206,642fff68-2988-e5c7-ab4f-e0bacd36cda6,/p/11/f7d54ff29f5109d8,10,200,297546,97.613,1211.499,245602
1787797550502,f7c998b3-5110-ead8-1c5b-78722c3cdddc,/p/0/6dc5d93d97de4282,5,200,3242156,169.705,27934.369,116063
1787797549568,e5a7d5e1-c2aa-1381-882d-288c9f7a5a51,/p/0/603d6daf7ddf71a8,2,200,5459672,115.902,29292.729,186383
1787797578418,642fff68-2988-e5c7-ab4f-e0bacd36cda6,/p/0/edd5c371bbd9e7d1,11,200,16534,447.303,527.658,31335
1787797561423,310ded1b-40d8-ea2d-9ab6-6bee151e700a,/p/0/23ef576a33953806,4,200,291389,1527.617,17736.880,16428
1787797577206,642fff68-2988-e5c7-ab4f-e0bacd36cda6,/p/0/f7d550f29f510b8b,10,200,353767,18.896,2011.497,175873
1787797577772,a3d617d2-e4f1-dded-1399-827196027c15,/p/0/f7db60a1585d1da2,5,200,200961,29.001,1446.263,138952
1787797555211,e5a7d5e1-c2aa-1381-882d-288c9f7a5a51,/p/0/59dd6a44ec0a00dd,5,200,5209072,108.511,24091.011,216225
1787797550267,def7e2e3-70b7-e438-3156-fe53c35606b8,/p/0/26a37fbfea9f2127,5,200,5903615,210.512,29045.429,203255
1787797578314,ad3c456b-5574-4ec8-b695-45e6b3670b3a,/p/6/c182355f3042623b,8,200,35285,433.084,1067.907,33041
1787797560320,5e499411-6aa2-8415-9b43-9488b7817873,/p/0/b4d2f46cac9436ed,6,200,5525553,112.457,19176.923,288136
1787797567419,b1782f4d-238e-67a4-345b-56ca2496565c,/p/11/64bef8a5a5b6e0c1,10,200,5489661,141.052,12159.123,451485
1787797546679,f7c998b3-5110-ead8-1c5b-78722c3cdddc,/p/0/78bc48c39f393,4,200,4381476,154.222,32901.145,133171
1787797577772,a3d617d2-e4f1-dded-1399-827196027c15,/p/0/f7db5fa1585d1bef,5,200,440510,28.879,1881.712,234101
1787797576928,fab9cd95-890b-e7db-7687-e324d45d5151,/p/6/7c553abfda210771,5,200,117352,564.102,2892.873,40566
1787797578314,ad3c456b-5574-4ec8-b695-45e6b3670b3a,/p/0/c182345f30426088,8,200,59339,288.879,1619.865,36632
1787797577772,a3d617d2-e4f1-dded-1399-827196027c15,/p/8/f7db5ea1585d1a3c,5,200,509873,41.799,2182.508,233618
1787797576928,fab9cd95-890b-e7db-7687-e324d45d5151,/p/0/7c5538bfda21040b,5,200,120723,515.629,3029.205,39853
1787797573220,86454a3f-02d5-95c3-c63c-3d01026018e0,/p/0/3220dac11ada1a2b,6,200,383245,292.618,6814.011,56244
1787797579382,ad3c456b-5574-4ec8-b695-45e6b3670b3a,/p/5/60bd4a69bef2f789,9,200,28711,408.147,729.857,39338
1787797579578,b1782f4d-238e-67a4-345b-56ca2496565c,/p/10/c6cc7c7161c0eeae,11,200,284366,23.318,1095.356,259610
1787797578314,ad3c456b-5574-4ec8-b695-45e6b3670b3a,/p/0/c182375f304265a1,8,200,131343,348.408,3125.504,42023
1787797579954,a3d617d2-e4f1-dded-1399-827196027c15,/p/0/58d9c31c85569819,6,200,392752,27.694,2332.166,168407
1787797579954,a3d617d2-e4f1-dded-1399-827196027c15,/p/7/58d9c11c855694b3,6,200,475668,139.763,2471.099,192493
1787797579954,a3d617d2-e4f1-dded-1399-827196027c15,/p/0/58d9c01c85569300,6,200,447036,104.335,2538.030,176135
1787797582425,a3d617d2-e4f1-dded-1399-827196027c15,/p/0/656634236e24b72b,7,200,13832,139.240,193.195,71596
1787797582425,a3d617d2-e4f1-dded-1399-827196027c15,/p/0/656635236e24b8de,7,200,51632,66.952,261.722,197278
1787797582425,a3d617d2-e4f1-dded-1399-827196027c15,/p/6/656636236e24ba91,7,200,119737,139.222,427.589,280028
1787797550502,f7c998b3-5110-ead8-1c5b-78722c3cdddc,/p/5/6dc5d73d97de3f1c,5,200,5958914,154.569,32439.849,183691
1787797580674,b1782f4d-238e-67a4-345b-56ca2496565c,/p/9/2e9fbe45b3e5847c,12,200,250335,124.752,2343.785,106808
1787797582853,a3d617d2-e4f1-dded-1399-827196027c15,/p/5/31d0f57b53a6a15b,8,200,50395,26.835,210.904,238948
1787797579821,fab9cd95-890b-e7db-7687-e324d45d5151,/p/5/220ecf33371bea4b,6,200,238594,246.248,3317.932,71910
1787797527358,5684ed70-3a5c-de0c-dcb0-2554388d8f92,/p/0/73e34a16ead871c6,1,200,3194456,63.104,55848.097,57199
1787797523735,b0711855-0011-f143-336d-1c80e4677454,/p/0/771ae44b72bd9417,5,200,3889402,362.794,59610.046,65247
1787797519549,b0711855-0011-f143-336d-1c80e4677454,/p/0/895ca24768ab3a9a,3,200,4661504,1053.174,63803.714,73060
1787797556304,a8b2b5fb-0a9c-cb0f-869a-18420532160a,/p/0/4a5b960045278182,3,200,5399229,48.472,27167.804,198736
1787797582942,f7c998b3-5110-ead8-1c5b-78722c3cdddc,/p/4/6361064b60cc4681,6,200,445615,16.984,683.801,651673
1787797581440,ad3c456b-5574-4ec8-b695-45e6b3670b3a,/p/0/42a8e32fd9927e7f,10,200,136196,317.249,2205.035,61766
1787797583064,a3d617d2-e4f1-dded-1399-827196027c15,/p/0/e7d4333d178811b2,9,200,34661,150.085,688.316,50356
1787797576928,fab9cd95-890b-e7db-7687-e324d45d5151,/p/0/7c5539bfda2105be,5,200,387049,613.294,7081.377,54657
1787797582853,a3d617d2-e4f1-dded-1399-827196027c15,/p/0/31d0f47b53a69fa8,8,200,195534,68.223,1423.556,137356
1787797533414,b0711855-0011-f143-336d-1c80e4677454,/p/0/e770018544e9b6ff,6,200,6151227,307.047,50954.437,120720
1787797583064,a3d617d2-e4f1-dded-1399-827196027c15,/p/0/e7d4323d17880fff,9,200,155372,164.425,1419.870,109427
1787797551318,58972e27-19e9-69d1-5fdb-0cb13ae3f5c3,/p/2/33eba019d89e14fd,9,200,3217349,531.055,33166.986,97005
1787797584485,58972e27-19e9-69d1-5fdb-0cb13ae3f5c3,/p/1/f5aff8711c6f2c1b,10,200,52312,38.098,115.200,454099
1787797524007,83751f0a-d5ab-1e24-6630-958f32ebe55f,/p/0/48f25e6be7da6de2,6,200,6208186,54.879,60906.939,101929
1787797582853,a3d617d2-e4f1-dded-1399-827196027c15,/p/0/31d0f77b53a6a4c1,8,200,356324,141.951,2167.850,164367
1787797579821,fab9cd95-890b-e7db-7687-e324d45d5151,/p/0/220ece33371be898,6,200,332817,205.801,5232.992,63600
1787797583064,a3d617d2-e4f1-dded-1399-827196027c15,/p/4/e7d4343d17881365,9,200,394755,137.528,2052.402,192338
1787797584485,58972e27-19e9-69d1-5fdb-0cb13ae3f5c3,/p/0/f5aff7711c6f2a68,10,200,501411,38.254,709.312,706898
1787797584600,58972e27-19e9-69d1-5fdb-0cb13ae3f5c3,/p/0/fde96199cdd528f8,11,200,418609,34.262,633.861,660412
1787797584600,58972e27-19e9-69d1-5fdb-0cb13ae3f5c3,/p/0/fde96499cdd52e11,11,200,346926,40.878,651.457,532538
1787797583626,f7c998b3-5110-ead8-1c5b-78722c3cdddc,/p/0/aac1d4cd7608cc7f,7,200,134626,1641.300,1646.846,81748
1787797568478,310ded1b-40d8-ea2d-9ab6-6bee151e700a,/p/0/c0f55f06512f420e,5,200,284341,938.370,17012.796,16713
1787797566540,5884cbf3-25e7-d6eb-840b-1bdc2bbbdbf5,/p/0/9973a955da5f2afd,4,200,3195111,456.480,18951.853,168591
1787797556776,c3f5fd30-bb24-84f3-ca25-fcda58afc577,/p/0/2ef608b77e2d83aa,8,200,2912248,332.578,28846.370,100957
1787797568478,310ded1b-40d8-ea2d-9ab6-6bee151e700a,/p/2/c0f55d06512f3ea8,5,200,370841,739.539,17334.691,21393
1787797543307,58972e27-19e9-69d1-5fdb-0cb13ae3f5c3,/p/0/81941ae5321cef39,6,200,5317564,81.559,42564.871,124928
1787797577206,642fff68-2988-e5c7-ab4f-e0bacd36cda6,/p/0/f7d551f29f510d3e,10,200,2198459,30.153,8817.957,249316
1787797583645,ad3c456b-5574-4ec8-b695-45e6b3670b3a,/p/0/42a8e42fd9928032,10,200,84309,283.341,2419.087,34852
1787797584009,fab9cd95-890b-e7db-7687-e324d45d5151,/p/0/4e712632b4d6c395,7,200,99792,290.790,2056.765,48519
1787797559758,a8b2b5fb-0a9c-cb0f-869a-18420532160a,/p/1/95a4424b89295915,4,200,6084315,310.730,26599.057,228742
1787797574664,5684ed70-3a5c-de0c-dcb0-2554388d8f92,/p/0/61107618a41f3c8,8,200,397541,504.998,11742.951,33854
1787797524007,83751f0a-d5ab-1e24-6630-958f32ebe55f,/p/0/48f25d6be7da6c2f,6,200,6231714,43.855,62413.440,99846
1787797586357,a8b2b5fb-0a9c-cb0f-869a-18420532160a,/p/0/c04f5944e55e424a,5,200,39334,46.360,291.903,134750
1787797583018,b1782f4d-238e-67a4-345b-56ca2496565c,/p/0/fa65bd449a84289b,13,200,348034,113.241,3708.980,93835
1787797583018,b1782f4d-238e-67a4-345b-56ca2496565c,/p/8/fa65bc449a8426e8,13,200,365432,113.214,3754.668,97327
1787797570836,5884cbf3-25e7-d6eb-840b-1bdc2bbbdbf5,/p/8/2bcf631fcdaf6f4e,5,200,4983365,218.009,15950.018,312436
1787797556776,c3f5fd30-bb24-84f3-ca25-fcda58afc577,/p/0/2ef607b77e2d81f7,8,200,5200803,360.252,30345.586,171386
1787797585116,a3d617d2-e4f1-dded-1399-827196027c15,/p/0/95d39af82a40b679,10,200,369828,167.997,2018.509,183218
1787797555514,c3d3123c-e745-d4c6-2ad1-c55eb00b6074,/p/0/475265503712babd,3,200,2349443,625.016,31678.926,74164
1787797562986,c3f5fd30-bb24-84f3-ca25-fcda58afc577,/p/5/541b1684567cd61a,9,200,5897091,524.769,24213.214,243548
1787797587199,c3f5fd30-bb24-84f3-ca25-fcda58afc577,/p/0/ad43d881f1a30514,10,200,39268,2.908,12.258,3203467
1787797584485,58972e27-19e9-69d1-5fdb-0cb13ae3f5c3,/p/0/f5affa711c6f2f81,10,200,3497318,38.161,2750.684,1271436
1787797579382,ad3c456b-5574-4ec8-b695-45e6b3670b3a,/p/0/60bd4969bef2f5d6,9,200,289766,379.446,7983.561,36295
1787797579957,fab9cd95-890b-e7db-7687-e324d45d5151,/p/0/220ed133371bedb1,6,200,389413,221.830,7476.664,52084
1787797587199,c3f5fd30-bb24-84f3-ca25-fcda58afc577,/p/0/ad43db81f1a30a2d,10,200,183288,259.004,350.306,523223
1787797587199,c3f5fd30-bb24-84f3-ca25-fcda58afc577,/p/4/ad43d981f1a306c7,10,200,501386,2.151,351.113,1427989
1787797579934,ad3c456b-5574-4ec8-b695-45e6b3670b3a,/p/0/60bd4869bef2f423,9,200,359515,351.706,7692.711,46735
1787797584600,58972e27-19e9-69d1-5fdb-0cb13ae3f5c3,/p/0/fde96299cdd52aab,11,200,5037888,34.279,3073.598,1639085
1787797586357,a8b2b5fb-0a9c-cb0f-869a-18420532160a,/p/0/c04f5a44e55e43fd,5,200,176889,241.859,1434.503,123310
1787797557954,98156463-acbb-838a-4995-b01d2e8bc10e,/p/0/6948d31242adea58,5,200,3307392,341.863,29973.783,110343
1787797560449,98156463-acbb-838a-4995-b01d2e8bc10e,/p/0/14518cfae75a5b8d,6,200,3004880,239.078,27480.866,109344
1787797586357,a8b2b5fb-0a9c-cb0f-869a-18420532160a,/p/0/c04f5744e55e3ee4,5,200,314671,124.088,1798.729,174941
1787797587551,c3f5fd30-bb24-84f3-ca25-fcda58afc577,/p/0/158d827c51634f85,11,200,424458,2.896,658.353,644727
1787797587551,c3f5fd30-bb24-84f3-ca25-fcda58afc577,/p/0/158d7f7c51634a6c,11,200,243366,2.791,659.116,369231
1787797586786,5884cbf3-25e7-d6eb-840b-1bdc2bbbdbf5,/p/0/986b11f9724e901f,6,200,84822,173.035,1466.193,57852
1787797564009,f914de05-6b76-495a-b6e7-1894d3914121,/p/0/ff608aa5f27d92a5,5,200,5172420,134.934,24438.781,211648
1787797560449,98156463-acbb-838a-4995-b01d2e8bc10e,/p/2/14518afae75a5827,6,200,4412518,263.697,28101.272,157022
1787797563464,f914de05-6b76-495a-b6e7-1894d3914121,/p/0/8d127040bcd279c9,4,200,5479530,164.597,25171.129,217691
1787797568096,399a996d-4e60-245c-8853-3b77c21f28f1,/p/0/56ecf3991123dddf,5,200,3746335,33.642,20553.885,182269
1787797560449,98156463-acbb-838a-4995-b01d2e8bc10e,/p/0/145189fae75a5674,6,200,4464207,406.252,28420.031,157080
1787797549914,98156463-acbb-838a-4995-b01d2e8bc10e,/p/0/3624fcaee0a97058,2,200,4972616,248.786,38956.655,127645
1787797588550,98156463-acbb-838a-4995-b01d2e8bc10e,/p/0/d40b208692e6ea97,7,200,19069,322.906,323.270,58988
1787797583626,f7c998b3-5110-ead8-1c5b-78722c3cdddc,/p/0/aac1d5cd7608ce32,7,200,435678,1641.943,5485.745,79420
1787797580112,ad3c456b-5574-4ec8-b695-45e6b3670b3a,/p/4/42a8e22fd9927ccc,10,200,458104,406.327,9183.991,49881
1787797586407,5684ed70-3a5c-de0c-dcb0-2554388d8f92,/p/0/6504b07581006238,9,200,148210,410.124,2909.676,50937
1787797577623,e14090b3-7dfb-bbac-d72c-a25623c987fe,/p/1/fd01052fd742d26c,5,200,517778,463.079,12059.732,42934
1787797588550,98156463-acbb-838a-4995-b01d2e8bc10e,/p/0/d40b218692e6ec4a,7,200,430518,321.030,1233.439,349039
1787797583626,f7c998b3-5110-ead8-1c5b-78722c3cdddc,/p/3/aac1d6cd7608cfe5,7,200,514573,1642.007,6171.367,83381
1787797546757,c3d3123c-e745-d4c6-2ad1-c55eb00b6074,/p/0/3f1633ea465cf457,1,200,3192908,67.452,43070.057,74133
1787797588550,98156463-acbb-838a-4995-b01d2e8bc10e,/p/1/d40b228692e6edfd,7,200,288495,323.038,1351.839,213409
1787797555514,c3d3123c-e745-d4c6-2ad1-c55eb00b6074,/p/2/475264503712b90a,3,200,3918902,345.662,34483.439,113646
1787797508677,45c91211-d5fc-4832-e57e-891b29500b13,/p/5/d6a26d678e3d551b,6,200,6262942,845.405,81851.498,76516
1787797589296,ad3c456b-5574-4ec8-b695-45e6b3670b3a,/p/0/23a376ff7d500609,11,200,57838,494.923,1794.826,32225
1787797553334,83751f0a-d5ab-1e24-6630-958f32ebe55f,/p/0/230e340a9f916a60,9,200,4558319,281.646,38158.620,119457
1787797585054,fab9cd95-890b-e7db-7687-e324d45d5151,/p/0/4e712332b4d6be7c,7,200,498128,220.598,6715.219,74179
1787797585812,310ded1b-40d8-ea2d-9ab6-6bee151e700a,/p/0/10a1b21f75d89698,6,200,94242,681.204,6049.791,15578
1787797517099,45c91211-d5fc-4832-e57e-891b29500b13,/p/0/d6a26f678e3d5881,6,200,5819721,373.196,74927.322,77672
1787797590528,45c91211-d5fc-4832-e57e-891b29500b13,/p/0/ed1ae99f9f80dafc,7,200,506225,240.553,1529.860,330896
1787797590529,45c91211-d5fc-4832-e57e-891b29500b13,/p/4/ed1aeb9f9f80de62,7,200,466324,306.175,1538.400,303123
1787797590529,45c91211-d5fc-4832-e57e-891b29500b13,/p/0/ed1aec9f9f80e015,7,200,485066,219.484,1540.047,314968
1787797513085,45c91211-d5fc-4832-e57e-891b29500b13,/p/0/d6a26c678e3d5368,6,200,6200735,215.272,78985.687,78505
1787797503669,2e060094-5db8-ba29-5350-3e2835d4ac54,/p/0/5b4274ba35dd2ff5,6,200,5283145,553.014,88437.579,59739
1787797592067,45c91211-d5fc-4832-e57e-891b29500b13,/p/0/84994f43cb460dd6,8,200,369105,5.894,118.750,3108245
1787797571266,399a996d-4e60-245c-8853-3b77c21f28f1,/p/6/bbd26aff5b8076a7,6,200,3590255,220.405,21059.958,170478
1787797571266,399a996d-4e60-245c-8853-3b77c21f28f1,/p/0/bbd26cff5b807a0d,6,200,4827625,220.568,21069.417,229130
1787797592067,45c91211-d5fc-4832-e57e-891b29500b13,/p/3/84995043cb460f89,8,200,254856,6.000,319.376,797982
1787797592386,45c91211-d5fc-4832-e57e-891b29500b13,/p/0/6ac4c5d7dbeafbc7,9,200,8572,3.193,3.245,2641480
1787797592067,45c91211-d5fc-4832-e57e-891b29500b13,/p/0/84994e43cb460c23,8,200,515245,3.968,322.676,1596788
1787797589902,98156463-acbb-838a-4995-b01d2e8bc10e,/p/0/d9c02135496bcdaf,8,200,252220,186.917,2610.861,96604
1787797592326,399a996d-4e60-245c-8853-3b77c21f28f1,/p/0/2d8b27128206bbde,7,200,12457,209.360,247.971,50236
1787797589998,c3d3123c-e745-d4c6-2ad1-c55eb00b6074,/p/0/8db535e40a7c0784,4,200,125231,1.209,2603.267,48105
1787797592386,45c91211-d5fc-4832-e57e-891b29500b13,/p/2/6ac4c7d7dbeaff2d,9,200,103184,3.628,318.536,323932
1787797589998,c3d3123c-e745-d4c6-2ad1-c55eb00b6074,/p/0/8db538e40a7c0c9d,4,200,130320,56.371,3056.049,42643
1787797589797,f7c998b3-5110-ead8-1c5b-78722c3cdddc,/p/0/ab6f3dba423f5d92,8,200,281735,186.158,3259.479,86436
1787797567140,ad2d822c-bb92-a029-b33f-96b446d2b928,/p/0/a7643ca4114900ca,7,200,522700,1013.327,26075.639,20046
1787797592705,45c91211-d5fc-4832-e57e-891b29500b13,/p/0/e1809aeb99126050,10,200,214269,22.792,521.080,411202
1787797592705,45c91211-d5fc-4832-e57e-891b29500b13,/p/0/e1809deb99126569,10,200,375349,23.387,522.249,718716
1787797592705,45c91211-d5fc-4832-e57e-891b29500b13,/p/1/e1809beb99126203,10,200,308258,23.425,523.170,589212
1787797589902,98156463-acbb-838a-4995-b01d2e8bc10e,/p/0/d9c02035496bcbfc,8,200,386334,158.588,3344.183,115524
1787797589998,c3d3123c-e745-d4c6-2ad1-c55eb00b6074,/p/1/8db537e40a7c0aea,4,200,132454,55.327,3509.986,37736
1787797592386,45c91211-d5fc-4832-e57e-891b29500b13,/p/0/6ac4c6d7dbeafd7a,9,200,3063071,14.917,1164.973,2629306
1787797593228,45c91211-d5fc-4832-e57e-891b29500b13,/p/0/a0e0b445aa5b6dcb,11,200,101833,323.331,324.647,313673
1787797564262,fab9cd95-890b-e7db-7687-e324d45d5151,/p/0/4434a3aa70217a68,3,200,6049367,37.781,29478.406,205214
1787797593228,45c91211-d5fc-4832-e57e-891b29500b13,/p/0/a0e0b545aa5b6f7e,11,200,487123,324.694,648.770,750841
1787797589797,f7c998b3-5110-ead8-1c5b-78722c3cdddc,/p/0/ab6f3cba423f5bdf,8,200,416604,155.037,4337.651,96044
1787797589797,f7c998b3-5110-ead8-1c5b-78722c3cdddc,/p/2/ab6f3bba423f5a2c,8,200,498277,206.442,4353.306,114459
1787797535015,2e060094-5db8-ba29-5350-3e2835d4ac54,/p/0/c480b089cd2d335f,9,200,4725248,368.548,59255.858,79743
1787797578418,642fff68-2988-e5c7-ab4f-e0bacd36cda6,/p/0/edd5c071bbd9e2b8,11,200,5156962,136.240,16179.381,318737
1787797594151,f7c998b3-5110-ead8-1c5b-78722c3cdddc,/p/1/e5c9699eac0f61a1,9,200,48588,248.503,1311.671,37043
1787797538949,c475b5fc-e008-706b-ac3f-2e783ad28c42,/p/0/c974f11c4d80fdcb,1,200,4143560,255.921,56866.775,72864
1787797578418,642fff68-2988-e5c7-ab4f-e0bacd36cda6,/p/10/edd5c271bbd9e61e,11,200,5933135,160.100,17947.355,330585
1787797544731,ad3c456b-5574-4ec8-b695-45e6b3670b3a,/p/0/e98f4f71b6a965ea,5,200,5852898,434.680,51852.653,112876
1787797589296,ad3c456b-5574-4ec8-b695-45e6b3670b3a,/p/3/23a375ff7d500456,11,200,372924,465.029,7774.075,47970
1787797572605,ad2d822c-bb92-a029-b33f-96b446d2b928,/p/0/a7643aa41148fd64,7,200,461389,649.949,24767.209,18629
1787797587551,c3f5fd30-bb24-84f3-ca25-fcda58afc577,/p/3/158d807c51634c1f,11,200,6024516,1.559,9874.446,610112
1787797593508,c3d3123c-e745-d4c6-2ad1-c55eb00b6074,/p/0/cdbad4bd51608a6f,5,200,267291,379.987,4006.506,66714
1787797593228,45c91211-d5fc-4832-e57e-891b29500b13,/p/0/a0e0b645aa5b7131,11,0,3646279,324.629,4402.745,828183
1787797593508,c3d3123c-e745-d4c6-2ad1-c55eb00b6074,/p/0/cdbad5bd51608c22,5,200,313453,379.969,4513.573,69447
1787797593508,c3d3123c-e745-d4c6-2ad1-c55eb00b6074,/p/0/cdbad6bd51608dd5,5,200,273494,720.109,4513.596,60593
1787797597425,c3f5fd30-bb24-84f3-ca25-fcda58afc577,/p/0/83dffb7849242a9c,12,200,76907,167.643,886.754,86729
1787797596365,642fff68-2988-e5c7-ab4f-e0bacd36cda6,/p/0/e5950b7c648def8c,12,200,445553,20.570,1978.303,225220
1787797597425,c3f5fd30-bb24-84f3-ca25-fcda58afc577,/p/0/83dffe7849242fb5,12,200,141831,56.364,1329.208,106703
1787797565727,86454a3f-02d5-95c3-c63c-3d01026018e0,/p/0/ceae5fc51f91fcab,5,200,2324262,459.650,33983.286,68394
1787797585116,a3d617d2-e4f1-dded-1399-827196027c15,/p/0/95d397f82a40b160,10,200,3837684,27.242,14759.094,260022
1787797589902,98156463-acbb-838a-4995-b01d2e8bc10e,/p/0/d9c02235496bcf62,8,200,2435551,46.395,10185.245,239125
1787797594151,f7c998b3-5110-ead8-1c5b-78722c3cdddc,/p/0/e5c9689eac0f5fee,9,200,509424,170.613,7165.220,71097
1787797597070,ad3c456b-5574-4ec8-b695-45e6b3670b3a,/p/0/b043690b2164ed30,12,0,223602,350.021,4560.627,49029
1787797589296,ad3c456b-5574-4ec8-b695-45e6b3670b3a,/p/0/23a373ff7d5000f0,11,0,649867,495.015,12334.852,52685
1787797597070,ad3c456b-5574-4ec8-b695-45e6b3670b3a,/p/0/b0436c0b2164f249,12,0,227795,320.490,4560.680,49948
1787797560900,ad3c456b-5574-4ec8-b695-45e6b3670b3a,/p/0/750505fe39c3c998,6,0,2232295,288.907,40731.431,54805
1787797597070,ad3c456b-5574-4ec8-b695-45e6b3670b3a,/p/2/b0436a0b2164eee3,12,0,237858,292.418,4560.678,52154
1787797589683,e14090b3-7dfb-bbac-d72c-a25623c987fe,/p/0/fd01062fd742d41f,5,200,522658,306.530,12143.374,43041
1787797535281,5684ed70-3a5c-de0c-dcb0-2554388d8f92,/p/0/eb6da1b14c493cc9,3,200,3635222,419.820,66762.558,54450
1787797585812,310ded1b-40d8-ea2d-9ab6-6bee151e700a,/p/1/10a1b41f75d899fe,6,200,378189,573.295,16454.710,22984
1787797602044,5684ed70-3a5c-de0c-dcb0-2554388d8f92,/p/0/6504b2758100659e,9,200,53143,394.111,451.800,117625
1787797567911,5684ed70-3a5c-de0c-dcb0-2554388d8f92,/p/0/3c0e6da79f40855e,7,200,2508005,505.822,34886.419,71891
1787797585116,a3d617d2-e4f1-dded-1399-827196027c15,/p/3/95d398f82a40b313,10,200,5353584,40.500,18070.952,296254
1787797603187,a3d617d2-e4f1-dded-1399-827196027c15,/p/0/101f60f03acde7bd,11,200,32671,26.725,94.109,347161
1787797603187,a3d617d2-e4f1-dded-1399-827196027c15,/p/0/101f5df03acde2a4,11,200,18389,94.136,121.358,151526
1787797561705,5684ed70-3a5c-de0c-dcb0-2554388d8f92,/p/0/3c0e6ca79f4083ab,7,200,3825944,386.881,41659.751,91838
1787797583206,5684ed70-3a5c-de0c-dcb0-2554388d8f92,/p/0/6110a618a41f8e1,8,200,3606207,485.218,20438.531,176442
1787797535281,5684ed70-3a5c-de0c-dcb0-2554388d8f92,/p/0/eb6d9eb14c4937b0,3,200,5782564,355.072,68369.493,84578
1787797589317,5684ed70-3a5c-de0c-dcb0-2554388d8f92,/p/0/6504b175810063eb,9,200,3817665,382.931,14387.832,265340
1787797586786,5884cbf3-25e7-d6eb-840b-1bdc2bbbdbf5,/p/0/986b12f9724e91d2,6,200,2902721,83.826,17023.648,170511
1787797571537,9ab40283-f209-5116-d31d-55e6dfb10446,/p/0/5e0f8107f0d02198,4,200,2465411,319.906,32652.359,75505
1787797603187,a3d617d2-e4f1-dded-1399-827196027c15,/p/2/101f5ef03acde457,11,200,289058,121.447,1098.651,263103
1787797604286,a3d617d2-e4f1-dded-1399-827196027c15,/p/0/c4d24568c0195c42,12,200,26821,26.220,67.548,397068
1787797552707,ad2d822c-bb92-a029-b33f-96b446d2b928,/p/0/ba761ee7293201d4,5,200,4429947,972.390,52426.276,84499
1787797596365,642fff68-2988-e5c7-ab4f-e0bacd36cda6,/p/0/e5950e7c648df4a5,12,200,3170047,51.864,8800.572,360209
1787797572274,86454a3f-02d5-95c3-c63c-3d01026018e0,/p/0/3220dcc11ada1d91,6,200,2680733,255.426,33094.999,81001
1787797562415,86454a3f-02d5-95c3-c63c-3d01026018e0,/p/0/4541d344fd50c741,3,200,3628939,63.050,42974.728,84444
1787797579578,b1782f4d-238e-67a4-345b-56ca2496565c,/p/0/c6cc7a7161c0eb48,11,200,3129348,112.223,25979.910,120453
1787797601316,f7c998b3-5110-ead8-1c5b-78722c3cdddc,/p/0/462e9b2cba4dca1d,10,200,271094,200.714,4264.322,63573
1787797562415,86454a3f-02d5-95c3-c63c-3d01026018e0,/p/0/4541d044fd50c228,3,200,3675893,210.315,43309.804,84874
1787797569742,86454a3f-02d5-95c3-c63c-3d01026018e0,/p/0/ceae60c51f91fe5e,5,200,4745674,309.934,36330.859,130624
1787797604286,a3d617d2-e4f1-dded-1399-827196027c15,/p/1/c4d24368c01958dc,12,200,506922,81.863,1969.953,257327
1787797602267,310ded1b-40d8-ea2d-9ab6-6bee151e700a,/p/0/a3e0b3adecfbd82,7,200,38542,647.991,4511.608,8543
1787797596365,642fff68-2988-e5c7-ab4f-e0bacd36cda6,/p/9/e5950d7c648df2f2,12,200,4311457,20.541,10546.022,408823
1787797555385,c475b5fc-e008-706b-ac3f-2e783ad28c42,/p/0/14097b59d308d7e6,6,200,3755068,196.970,51530.885,72870
1787797592326,399a996d-4e60-245c-8853-3b77c21f28f1,/p/0/2d8b26128206ba2b,7,200,2757096,286.078,14731.726,187154
1787797574841,fab9cd95-890b-e7db-7687-e324d45d5151,/p/0/181f5e96aff0cd2f,4,200,4133481,2073.638,32519.268,127109
1787797606256,a3d617d2-e4f1-dded-1399-827196027c15,/p/0/94da3dc61cbb5062,13,200,125988,139.279,1187.588,106087
1787797606256,a3d617d2-e4f1-dded-1399-827196027c15,/p/0/94da3cc61cbb4eaf,13,200,233255,139.240,1762.810,132320
1787797606911,642fff68-2988-e5c7-ab4f-e0bacd36cda6,/p/0/6eaf430da3b1f28,13,200,285801,59.721,1148.574,248831
1787797606911,642fff68-2988-e5c7-ab4f-e0bacd36cda6,/p/0/6eaf730da3b2441,13,200,322440,19.607,1240.935,259836
1787797606256,a3d617d2-e4f1-dded-1399-827196027c15,/p/0/94da3bc61cbb4cfc,13,200,268791,152.627,1938.103,138688
1787797586786,5884cbf3-25e7-d6eb-840b-1bdc2bbbdbf5,/p/7/986b10f9724e8e6c,6,200,4568396,307.117,21512.925,212356
1787797608299,5884cbf3-25e7-d6eb-840b-1bdc2bbbdbf5,/p/0/434c92cc3170349c,7,200,34399,35.169,159.260,215992
1787797583139,fab9cd95-890b-e7db-7687-e324d45d5151,/p/4/4e712532b4d6c1e2,7,200,3957884,199.765,25591.021,154659
1787797571537,9ab40283-f209-5116-d31d-55e6dfb10446,/p/0/5e0f8407f0d026b1,4,200,2852786,352.178,37225.832,76635
1787797608730,fab9cd95-890b-e7db-7687-e324d45d5151,/p/3/618cb21382eaa962,8,200,47826,60.699,193.938,246604
1787797608299,5884cbf3-25e7-d6eb-840b-1bdc2bbbdbf5,/p/6/434c94cc31703802,7,200,107482,159.208,716.582,149993
1787797608730,fab9cd95-890b-e7db-7687-e324d45d5151,/p/0/618cb31382eaab15,8,200,50050,39.162,607.540,82381
1787797605558,b1782f4d-238e-67a4-345b-56ca2496565c,/p/0/1f6bc8893cbe3e0d,14,200,355301,129.367,3817.398,93074
1787797609016,5884cbf3-25e7-d6eb-840b-1bdc2bbbdbf5,/p/5/1fb9998898d0fa61,8,200,156834,178.009,1594.179,98379
1787797562652,c161c8a9-3535-8b6e-e1b5-d867ff5e7cf6,/p/4/1037cd14249120c6,4,200,5041815,187.667,48368.172,104238
1787797608730,fab9cd95-890b-e7db-7687-e324d45d5151,/p/0/618cb01382eaa5fc,8,200,246046,175.871,2608.189,94336
1787797561760,9ab40283-f209-5116-d31d-55e6dfb10446,/p/0/fb99dfc4fc22f7b8,2,200,4634661,190.712,49634.459,93376
1787797611020,c161c8a9-3535-8b6e-e1b5-d867ff5e7cf6,/p/3/900c9de17c170530,5,200,17861,173.401,378.983,47129
1787797608924,fab9cd95-890b-e7db-7687-e324d45d5151,/p/0/4d4facec99db6220,9,200,191891,198.296,2553.747,75141
1787797608924,fab9cd95-890b-e7db-7687-e324d45d5151,/p/2/4d4fadec99db63d3,9,200,288054,236.212,2831.753,101723
1787797540333,e14090b3-7dfb-bbac-d72c-a25623c987fe,/p/0/e58e78af31f90dcd,2,200,3741919,383.571,71796.853,52118
1787797606911,642fff68-2988-e5c7-ab4f-e0bacd36cda6,/p/8/6eaf530da3b20db,13,200,3018313,19.540,5272.091,572508
1787797612184,642fff68-2988-e5c7-ab4f-e0bacd36cda6,/p/7/cdf133e7673defaa,14,200,75252,53.121,326.663,230366
1787797611756,fab9cd95-890b-e7db-7687-e324d45d5151,/p/0/21d5f82797dcb9ce,10,200,103468,214.196,1223.971,84535
1787797610610,5884cbf3-25e7-d6eb-840b-1bdc2bbbdbf5,/p/0/1eb1793a471d5220,9,200,173405,214.677,2428.059,71417
1787797610610,5884cbf3-25e7-d6eb-840b-1bdc2bbbdbf5,/p/0/1eb17c3a471d5739,9,200,159412,250.906,2446.421,65161
1787797579578,b1782f4d-238e-67a4-345b-56ca2496565c,/p/0/c6cc7d7161c0f061,11,200,4140213,112.181,33528.279,123484
1787797608924,fab9cd95-890b-e7db-7687-e324d45d5151,/p/0/4d4fafec99db6739,9,200,449154,218.055,4191.391,107161
1787797612510,642fff68-2988-e5c7-ab4f-e0bacd36cda6,/p/0/82ebe015dd74b81e,15,200,117487,100.485,848.563,138454
1787797592326,399a996d-4e60-245c-8853-3b77c21f28f1,/p/5/2d8b28128206bd91,7,200,5830444,359.983,21423.686,272149
1787797612183,642fff68-2988-e5c7-ab4f-e0bacd36cda6,/p/0/cdf131e7673dec44,14,200,324755,80.926,1817.095,178722
1787797611020,c161c8a9-3535-8b6e-e1b5-d867ff5e7cf6,/p/0/900c9ee17c1706e3,5,200,176830,173.384,3084.830,57322
1787797580674,b1782f4d-238e-67a4-345b-56ca2496565c,/p/0/2e9fbf45b3e5862f,12,200,4808991,112.847,33464.571,143704
1787797586726,b1782f4d-238e-67a4-345b-56ca2496565c,/p/0/fa65be449a842a4e,13,200,3899303,135.033,27415.864,142228
1787797580674,b1782f4d-238e-67a4-345b-56ca2496565c,/p/0/2e9fc045b3e587e2,12,200,4405120,112.923,33500.175,131495
1787797604286,a3d617d2-e4f1-dded-1399-827196027c15,/p/0/c4d24468c0195a8f,12,200,5333220,67.558,10137.918,526067
1787797586772,b1782f4d-238e-67a4-345b-56ca2496565c,/p/7/1f6bc7893cbe3c5a,14,200,4285956,134.585,27761.767,154383
1787797612184,642fff68-2988-e5c7-ab4f-e0bacd36cda6,/p/0/cdf134e7673df15d,14,200,459865,20.949,2427.584,189433
1787797582942,f7c998b3-5110-ead8-1c5b-78722c3cdddc,/p/0/6361054b60cc44ce,6,200,4129103,16.040,31857.767,129611
1787797612510,642fff68-2988-e5c7-ab4f-e0bacd36cda6,/p/0/82ebdf15dd74b66b,15,200,472545,110.112,2372.272,199195
1787797562652,c161c8a9-3535-8b6e-e1b5-d867ff5e7cf6,/p/0/1037ce1424912279,4,200,5085228,170.856,52536.324,96795
1787797611756,fab9cd95-890b-e7db-7687-e324d45d5151,/p/0/21d5f72797dcb81b,10,200,515668,195.654,3547.136,145376
1787797613750,399a996d-4e60-245c-8853-3b77c21f28f1,/p/4/b639b7d5452dac0e,8,200,233300,30.896,1663.240,140268
1787797609016,5884cbf3-25e7-d6eb-840b-1bdc2bbbdbf5,/p/0/1fb9978898d0f6fb,8,200,480411,178.037,6416.642,74870
1787797614534,b1782f4d-238e-67a4-345b-56ca2496565c,/p/0/bbf59a3aaaf90937,15,200,167157,195.416,1228.231,136096
1787797614534,b1782f4d-238e-67a4-345b-56ca2496565c,/p/6/bbf5993aaaf90784,15,200,226779,195.443,1274.188,177979
1787797540105,e14090b3-7dfb-bbac-d72c-a25623c987fe,/p/0/4385276636d21e3b,1,200,3984027,251.122,75935.811,52466
1787797597425,c3f5fd30-bb24-84f3-ca25-fcda58afc577,/p/2/83dffd7849242e02,12,200,4533645,250.310,18696.117,242491
1787797610610,5884cbf3-25e7-d6eb-840b-1bdc2bbbdbf5,/p/4/1eb17b3a471d5586,9,200,521813,287.316,5558.453,93877
1787797615808,b1782f4d-238e-67a4-345b-56ca2496565c,/p/5/27018aef9100197d,16,200,80200,109.616,833.807,96185
1787797616121,c3f5fd30-bb24-84f3-ca25-fcda58afc577,/p/0/55ebb55b5a30ab42,13,200,69947,165.897,777.122,90008
1787797616642,b1782f4d-238e-67a4-345b-56ca2496565c,/p/0/6f8ef98be121465b,17,200,7602,157.259,301.482,25215
1787797614534,b1782f4d-238e-67a4-345b-56ca2496565c,/p/0/bbf59b3aaaf90aea,15,200,394698,229.853,2556.777,154373
1787797570267,c475b5fc-e008-706b-ac3f-2e783ad28c42,/p/0/3be4e602c52e7543,7,200,3784171,197.826,46863.295,80749
1787797562652,c161c8a9-3535-8b6e-e1b5-d867ff5e7cf6,/p/0/1037cb1424911d60,4,200,5492380,220.620,54479.480,100816
1787797611399,c161c8a9-3535-8b6e-e1b5-d867ff5e7cf6,/p/2/4076bea9df4eedd0,6,200,458529,173.406,5732.537,79987
1787797560829,c161c8a9-3535-8b6e-e1b5-d867ff5e7cf6,/p/0/ba252ba308a2a43c,3,200,5779925,153.791,56311.741,102642
1787797615188,c161c8a9-3535-8b6e-e1b5-d867ff5e7cf6,/p/0/4076c0a9df4ef136,6,200,229479,170.510,1953.967,117443
1787797616121,c3f5fd30-bb24-84f3-ca25-fcda58afc577,/p/0/55ebb45b5a30a98f,13,200,86256,192.950,1083.309,79623
1787797615808,b1782f4d-238e-67a4-345b-56ca2496565c,/p/0/270188ef91001617,16,200,189909,119.347,1438.991,131974
1787797615808,b1782f4d-238e-67a4-345b-56ca2496565c,/p/0/270189ef910017ca,16,200,202567,119.318,1551.832,130534
1787797616944,b1782f4d-238e-67a4-345b-56ca2496565c,/p/0/6f8efa8be121480e,17,200,35418,147.244,485.219,72994
1787797616169,5884cbf3-25e7-d6eb-840b-1bdc2bbbdbf5,/p/0/2f0812535e18221b,10,200,90855,196.918,1269.339,71577
1787797616169,5884cbf3-25e7-d6eb-840b-1bdc2bbbdbf5,/p/3/2f0811535e182068,10,200,108192,231.997,1393.213,77656
1787797567140,ad2d822c-bb92-a029-b33f-96b446d2b928,/p/0/a7643da41149027d,7,200,4913017,977.056,50677.052,96948
1787797609376,b1782f4d-238e-67a4-345b-56ca2496565c,/p/0/1f6bc5893cbe38f4,14,200,2356332,145.740,8461.191,278487
1787797558443,ad2d822c-bb92-a029-b33f-96b446d2b928,/p/0/c71209c7b26bc6cf,6,200,5413076,1452.596,59681.825,90699
1787797616121,c3f5fd30-bb24-84f3-ca25-fcda58afc577,/p/1/55ebb35b5a30a7dc,13,200,472867,57.034,2445.910,193330
1787797552094,c475b5fc-e008-706b-ac3f-2e783ad28c42,/p/0/45a824038ab6b5b1,5,200,5151907,256.873,66655.224,77292
1787797612510,642fff68-2988-e5c7-ab4f-e0bacd36cda6,/p/6/82ebde15dd74b4b8,15,200,4115461,110.056,6526.631,630564
1787797615413,399a996d-4e60-245c-8853-3b77c21f28f1,/p/0/209c7d2d3d765eca,9,200,314869,188.821,3933.420,80050
1787797618567,c3f5fd30-bb24-84f3-ca25-fcda58afc577,/p/0/97311623b70713d1,14,200,94022,83.036,969.457,96984
1787797619037,642fff68-2988-e5c7-ab4f-e0bacd36cda6,/p/5/d4105f77fcacbb53,16,200,116778,103.643,565.867,206370
1787797557438,310ded1b-40d8-ea2d-9ab6-6bee151e700a,/p/0/6d9a66fb01ccc661,3,200,4990122,2.034,62275.928,80129
1787797585812,310ded1b-40d8-ea2d-9ab6-6bee151e700a,/p/0/10a1b51f75d89bb1,6,200,3650589,1148.875,33956.215,107509
1787797619603,642fff68-2988-e5c7-ab4f-e0bacd36cda6,/p/0/e0ebf18192cd7bbb,17,200,31216,121.561,307.118,101642
1787797561423,310ded1b-40d8-ea2d-9ab6-6bee151e700a,/p/0/23ef566a33953653,4,200,4769641,1171.755,58496.283,81538
1787797602267,310ded1b-40d8-ea2d-9ab6-6bee151e700a,/p/0/a3e093adecfba1c,7,200,3686503,647.975,17658.478,208767
1787797602267,310ded1b-40d8-ea2d-9ab6-6bee151e700a,/p/0/a3e0c3adecfbf35,7,200,3746714,680.704,17658.427,212177
1787797547305,c475b5fc-e008-706b-ac3f-2e783ad28c42,/p/0/1c55e29e8ac032b,4,200,5710897,216.092,72682.842,78573
1787797619037,642fff68-2988-e5c7-ab4f-e0bacd36cda6,/p/0/d4105e77fcacb9a0,16,200,342081,42.750,1354.754,252504
1787797615413,399a996d-4e60-245c-8853-3b77c21f28f1,/p/0/209c7c2d3d765d17,9,200,449106,188.742,5142.854,87326
1787797611756,fab9cd95-890b-e7db-7687-e324d45d5151,/p/1/21d5f92797dcbb81,10,200,2340857,214.226,8859.255,264227
1787797617141,c161c8a9-3535-8b6e-e1b5-d867ff5e7cf6,/p/0/89ab8703b78c9e50,7,200,198542,375.209,3479.973,57053
1787797619037,642fff68-2988-e5c7-ab4f-e0bacd36cda6,/p/0/d4106177fcacbeb9,16,0,271456,161.742,1594.173,170280
1787797619603,642fff68-2988-e5c7-ab4f-e0bacd36cda6,/p/0/e0ebf28192cd7d6e,17,0,181682,102.771,1028.282,176685
1787797619603,642fff68-2988-e5c7-ab4f-e0bacd36cda6,/p/4/e0ebf08192cd7a08,17,0,176514,131.262,1028.288,171658
1787797552094,c475b5fc-e008-706b-ac3f-2e783ad28c42,/p/0/45a821038ab6b098,5,200,5753108,197.652,69026.587,83346
1787797616642,b1782f4d-238e-67a4-345b-56ca2496565c,/p/4/6f8ef88be12144a8,17,200,2573029,112.545,4700.798,547360
1787797621343,b1782f4d-238e-67a4-345b-56ca2496565c,/p/0/6769d94d20a53bc8,18,200,210369,110.581,984.734,213630
1787797618567,c3f5fd30-bb24-84f3-ca25-fcda58afc577,/p/0/97311323b7070eb8,14,0,492595,55.690,4064.229,121203
1787797618567,c3f5fd30-bb24-84f3-ca25-fcda58afc577,/p/0/97311523b707121e,14,0,471075,109.855,4064.188,115909
1787797621343,b1782f4d-238e-67a4-345b-56ca2496565c,/p/3/6769da4d20a53d7b,18,200,366912,24.009,1333.281,275195
1787797620615,fab9cd95-890b-e7db-7687-e324d45d5151,/p/0/73338e11338bca73,11,200,256602,120.474,2214.243,115887
1787797617131,c161c8a9-3535-8b6e-e1b5-d867ff5e7cf6,/p/1/89ab8903b78ca1b6,7,200,426219,151.504,6679.793,63807
1787797622676,b1782f4d-238e-67a4-345b-56ca2496565c,/p/0/18b79ad10a128ae8,19,200,199808,114.431,1352.131,147773
1787797620615,fab9cd95-890b-e7db-7687-e324d45d5151,/p/0/73338f11338bcc26,11,200,492221,99.952,3496.298,140783
1787797617562,5884cbf3-25e7-d6eb-840b-1bdc2bbbdbf5,/p/0/507f613da87dffbf,11,200,440216,179.655,7067.913,62284
1787797622676,b1782f4d-238e-67a4-345b-56ca2496565c,/p/0/18b79dd10a129001,19,200,385424,126.254,2078.089,185470
1787797540105,e14090b3-7dfb-bbac-d72c-a25623c987fe,/p/0/4385286636d21fee,1,200,3983131,250.920,86219.141,46198
1787797623811,c161c8a9-3535-8b6e-e1b5-d867ff5e7cf6,/p/0/9515311a8125937e,8,200,273550,192.034,4570.156,59856
1787797626325,e14090b3-7dfb-bbac-d72c-a25623c987fe,/p/0/7232de4f2033b555,6,200,185777,251.897,4269.731,43510
1787797582942,f7c998b3-5110-ead8-1c5b-78722c3cdddc,/p/0/6361044b60cc431b,6,200,5745888,329.185,49125.567,116963
1787797595462,f7c998b3-5110-ead8-1c5b-78722c3cdddc,/p/0/462e992cba4dc6b7,10,200,3834437,186.914,37366.780,102616
1787797620615,fab9cd95-890b-e7db-7687-e324d45d5151,/p/0/73339011338bcdd9,11,200,4364643,43.521,13960.566,312641
1787797527912,69e3f629-204b-a521-d46c-17022bb9325b,/p/0/2e22472fa8a94ee6,1,200,2442064,1123.184,108057.711,22600
1787797560622,e14090b3-7dfb-bbac-d72c-a25623c987fe,/p/0/49ec91e196e3011e,4,200,3475937,5011.621,75545.234,46011
1787797622676,b1782f4d-238e-67a4-345b-56ca2496565c,/p/2/18b79cd10a128e4e,19,200,4592605,159.608,14747.794,311410
1787797594150,f7c998b3-5110-ead8-1c5b-78722c3cdddc,/p/0/e5c9679eac0f5e3b,9,200,5103241,202.464,43334.323,117764
1787797615413,399a996d-4e60-245c-8853-3b77c21f28f1,/p/3/209c7b2d3d765b64,9,200,2970887,207.096,22438.359,132402
1787797637852,399a996d-4e60-245c-8853-3b77c21f28f1,/p/0/bec4feedefeb8ff4,10,200,40130,227.346,553.758,72468
1787797621343,b1782f4d-238e-67a4-345b-56ca2496565c,/p/0/6769dc4d20a540e1,18,200,5434308,44.606,17595.910,308839
1787797595462,f7c998b3-5110-ead8-1c5b-78722c3cdddc,/p/0/462e982cba4dc504,10,200,5525229,155.253,43767.079,126242
1787797637852,399a996d-4e60-245c-8853-3b77c21f28f1,/p/2/bec4ffedefeb91a7,10,0,186496,176.184,1779.706,104790
1787797613750,399a996d-4e60-245c-8853-3b77c21f28f1,/p/0/b639b5d5452da8a8,8,0,3336843,30.937,25881.421,128928
1787797637852,399a996d-4e60-245c-8853-3b77c21f28f1,/p/0/bec501edefeb950d,10,0,150731,246.108,1779.771,84691
1787797613750,399a996d-4e60-245c-8853-3b77c21f28f1,/p/0/b639b8d5452dadc1,8,0,3180619,103.229,25881.450,122892
1787797637424,b1782f4d-238e-67a4-345b-56ca2496565c,/p/0/a40489d4506ce12f,20,200,454892,113.107,2605.842,174566
1787797637424,b1782f4d-238e-67a4-345b-56ca2496565c,/p/1/a4048bd4506ce495,20,200,473518,103.084,2668.211,177466
1787797637424,b1782f4d-238e-67a4-345b-56ca2496565c,/p/0/a4048ad4506ce2e2,20,200,506055,103.023,2717.492,186221
1787797640092,b1782f4d-238e-67a4-345b-56ca2496565c,/p/0/f9b52ea881353c62,21,200,8540,49.091,60.013,142303
1787797640092,b1782f4d-238e-67a4-345b-56ca2496565c,/p/0/f9b52da881353aaf,21,200,394871,60.150,1239.467,318581
1787797640092,b1782f4d-238e-67a4-345b-56ca2496565c,/p/0/f9b52fa881353e15,21,200,523194,139.657,1426.770,366698
1787797617562,5884cbf3-25e7-d6eb-840b-1bdc2bbbdbf5,/p/2/507f603da87dfe0c,11,0,1945487,179.727,25069.959,77602
1787797617562,5884cbf3-25e7-d6eb-840b-1bdc2bbbdbf5,/p/0/507f623da87e0172,11,0,1833707,215.889,25070.016,73143
1787797608299,5884cbf3-25e7-d6eb-840b-1bdc2bbbdbf5,/p/0/434c95cc317039b5,7,0,2828275,70.478,34332.766,82378
1787797616169,5884cbf3-25e7-d6eb-840b-1bdc2bbbdbf5,/p/0/2f0813535e1823ce,10,0,2074891,285.254,26463.462,78406
1787797609016,5884cbf3-25e7-d6eb-840b-1bdc2bbbdbf5,/p/0/1fb9988898d0f8ae,8,0,2817367,213.343,33616.211,83810
1787797541184,69e3f629-204b-a521-d46c-17022bb9325b,/p/0/a972cf021cf1c28c,2,0,3019775,622.329,102447.184,29476
1787797541184,69e3f629-204b-a521-d46c-17022bb9325b,/p/0/a972d1021cf1c5f2,2,0,2844031,1484.811,102447.212,27761
1787797527912,69e3f629-204b-a521-d46c-17022bb9325b,/p/0/2e22462fa8a94d33,1,0,3784115,125.108,115718.819,32701
1787797540333,e14090b3-7dfb-bbac-d72c-a25623c987fe,/p/0/e58e75af31f908b4,2,200,5695106,284.606,110618.188,51484
1787797614105,c161c8a9-3535-8b6e-e1b5-d867ff5e7cf6,/p/0/4076bfa9df4eef83,6,0,3716799,259.498,42526.214,87400
1787797611020,c161c8a9-3535-8b6e-e1b5-d867ff5e7cf6,/p/0/900c9fe17c170896,5,0,4329315,207.839,45611.107,94918
1787797623811,c161c8a9-3535-8b6e-e1b5-d867ff5e7cf6,/p/0/9515301a812591cb,8,0,2682531,209.335,32819.683,81735
1787797623811,c161c8a9-3535-8b6e-e1b5-d867ff5e7cf6,/p/0/9515321a81259531,8,0,2591843,192.066,32819.678,78972
1787797617131,c161c8a9-3535-8b6e-e1b5-d867ff5e7cf6,/p/0/89ab8a03b78ca369,7,0,3106419,177.692,39499.549,78644
1787797616041,e14090b3-7dfb-bbac-d72c-a25623c987fe,/p/0/7232db4f2033b03c,6,200,2628810,287.183,42637.057,61656
1787797612130,e14090b3-7dfb-bbac-d72c-a25623c987fe,/p/0/7232dc4f2033b1ef,6,0,2961443,255.941,47502.187,62343
1787797601826,e14090b3-7dfb-bbac-d72c-a25623c987fe,/p/0/fd01072fd742d5d2,5,0,3469731,438.270,57805.673,60024
