t_start_ms,client,path,depth,status,bytes,ttfb_ms,total_ms,bytes_per_s
1787856372185,261b4e26-604a-0c50-7d4b-0fbe13507a44,/?crawl=2,0,200,23560,37.861,221.975,106138
1787856371185,3dcb2650-c25b-4abb-2cf4-d7897712e3a3,/?crawl=0,0,200,410495,69.596,1929.831,212710
1787856373115,3dcb2650-c25b-4abb-2cf4-d7897712e3a3,/p/3/932f311f71834bb2,1,200,31144,66.166,731.534,42574
1787856374185,5343ae77-e93b-799c-bbd1-e45edeb5629d,/?crawl=3,0,200,277432,28.692,531.913,521574
1787856372407,261b4e26-604a-0c50-7d4b-0fbe13507a44,/p/3/6c5a8664484d5f8c,1,200,173874,280.460,2571.615,67613
1787856374185,4247d30b-6b75-9d97-c3f4-3e6bd740d5ea,/?crawl=4,0,200,354143,41.809,958.286,369559
1787856375185,c2e39ea2-1250-b8b3-7f1d-d6ca36c1bf03,/?crawl=6,0,200,196584,21.067,277.440,708563
1787856375463,c2e39ea2-1250-b8b3-7f1d-d6ca36c1bf03,/p/0/1eb131edf5e188f3,1,200,122181,72.635,439.042,278290
1787856373847,3dcb2650-c25b-4abb-2cf4-d7897712e3a3,/p/0/8bf89f64cc295622,2,200,123043,372.022,2625.035,46873
1787856374978,261b4e26-604a-0c50-7d4b-0fbe13507a44,/p/2/5afec87ce6dd90c7,2,200,75207,299.316,1518.198,49537
1787856375463,c2e39ea2-1250-b8b3-7f1d-d6ca36c1bf03,/p/0/1eb132edf5e18aa6,1,200,303972,21.499,1038.404,292730
1787856375463,c2e39ea2-1250-b8b3-7f1d-d6ca36c1bf03,/p/5/1eb130edf5e18740,1,200,429453,21.416,1184.373,362599
1787856374717,5343ae77-e93b-799c-bbd1-e45edeb5629d,/p/0/ffc4ddc1dce85905,1,200,426716,29.279,2170.502,196598
1787856374717,5343ae77-e93b-799c-bbd1-e45edeb5629d,/p/0/ffc4dac1dce853ec,1,200,412280,78.580,2183.296,188834
1787856373115,3dcb2650-c25b-4abb-2cf4-d7897712e3a3,/p/0/932f2f1f7183484c,1,200,225309,101.207,4022.849,56007
1787856376647,c2e39ea2-1250-b8b3-7f1d-d6ca36c1bf03,/p/0/712de841ec1336ca,2,200,115843,20.199,492.362,235280
1787856376185,3a11b4ef-75da-07b6-7148-14ef49647405,/?crawl=8,0,200,303895,54.947,1137.711,267111
1787856377185,93d11c49-21c2-e6de-4295-3d660e90c9ea,/?crawl=9,0,200,202679,22.095,268.759,754128
1787856371185,b7f5decf-860e-9512-d124-7c8be3f96e06,/?crawl=1,0,200,2714290,36.870,6316.853,429690
1787856373115,3dcb2650-c25b-4abb-2cf4-d7897712e3a3,/p/0/932f321f71834d65,1,200,337550,204.915,4540.600,74340
1787856377323,3a11b4ef-75da-07b6-7148-14ef49647405,/p/0/2e81dd0c165afdfd,1,200,43806,130.916,574.956,76190
1787856377502,b7f5decf-860e-9512-d124-7c8be3f96e06,/p/7/2699867d061e41c5,1,200,62989,118.689,453.380,138932
1787856376647,c2e39ea2-1250-b8b3-7f1d-d6ca36c1bf03,/p/4/712de941ec13387d,2,200,396206,51.683,1314.980,301302
1787856376647,c2e39ea2-1250-b8b3-7f1d-d6ca36c1bf03,/p/0/712de741ec133517,2,200,514494,51.698,1387.378,370839
1787856377323,3a11b4ef-75da-07b6-7148-14ef49647405,/p/0/2e81da0c165af8e4,1,200,128407,54.134,941.919,136325
1787856375185,3be2a04b-f23d-8f2f-1b70-7cacfdaf1969,/?crawl=7,0,200,2840506,20.281,3109.366,913532
1787856377323,3a11b4ef-75da-07b6-7148-14ef49647405,/p/0/2e81dc0c165afc4a,1,200,175790,183.346,1278.996,137444
1787856377962,c2e39ea2-1250-b8b3-7f1d-d6ca36c1bf03,/p/0/23a1f04ba30d9063,3,200,152676,83.060,674.768,226265
1787856377962,c2e39ea2-1250-b8b3-7f1d-d6ca36c1bf03,/p/0/23a1f14ba30d9216,3,200,136629,83.102,696.154,196262
1787856377962,c2e39ea2-1250-b8b3-7f1d-d6ca36c1bf03,/p/3/23a1ef4ba30d8eb0,3,200,301283,113.644,881.742,341691
1787856378186,950a1d58-391d-63fd-95b3-c256582e79c7,/?crawl=10,0,200,383665,27.524,691.850,554549
1787856376497,261b4e26-604a-0c50-7d4b-0fbe13507a44,/p/0/70b02702db886c28,3,200,61862,335.110,2447.556,25275
1787856377502,b7f5decf-860e-9512-d124-7c8be3f96e06,/p/0/2699847d061e3e5f,1,200,223830,33.835,1782.124,125597
1787856378844,c2e39ea2-1250-b8b3-7f1d-d6ca36c1bf03,/p/2/e991ebbc960b29f9,4,200,145353,30.577,640.146,227062
1787856378844,c2e39ea2-1250-b8b3-7f1d-d6ca36c1bf03,/p/0/e991eabc960b2846,4,200,168433,20.584,661.051,254796
1787856377956,b7f5decf-860e-9512-d124-7c8be3f96e06,/p/6/df95664719fa8014,2,200,215279,168.109,2316.220,92944
1787856372407,261b4e26-604a-0c50-7d4b-0fbe13507a44,/p/0/6c5a8764484d613f,1,200,453502,280.472,7929.919,57189
1787856378844,c2e39ea2-1250-b8b3-7f1d-d6ca36c1bf03,/p/0/e991e9bc960b2693,4,200,405042,30.592,1782.336,227253
1787856374978,261b4e26-604a-0c50-7d4b-0fbe13507a44,/p/0/5afec77ce6dd8f14,2,200,238482,393.420,5657.381,42154
1787856377956,b7f5decf-860e-9512-d124-7c8be3f96e06,/p/0/df95684719fa837a,2,200,246900,268.705,2855.539,86464
1787856374978,261b4e26-604a-0c50-7d4b-0fbe13507a44,/p/0/5afeca7ce6dd942d,2,200,253581,330.503,6261.879,40496
1787856380185,12910de9-3e7a-c526-f9a6-7376d178358a,/?crawl=11,0,200,477330,42.614,1323.149,360753
1787856380272,b7f5decf-860e-9512-d124-7c8be3f96e06,/p/0/7ef213880849ba39,3,200,144372,184.098,1285.920,112271
1787856380272,b7f5decf-860e-9512-d124-7c8be3f96e06,/p/5/7ef212880849b886,3,200,348844,167.196,1298.270,268699
1787856379484,c2e39ea2-1250-b8b3-7f1d-d6ca36c1bf03,/p/1/45f6b65a9182a3b0,5,200,466808,104.803,2173.616,214761
1787856381185,43e5491c-ce99-6b65-40af-09dea6070fd9,/?crawl=12,0,200,441391,22.083,618.610,713521
1787856380272,b7f5decf-860e-9512-d124-7c8be3f96e06,/p/0/7ef210880849b520,3,200,480116,184.119,1610.319,298150
1787856381508,12910de9-3e7a-c526-f9a6-7376d178358a,/p/0/eb11a13a871f6c2f,1,200,236578,40.770,422.959,559340
1787856381508,12910de9-3e7a-c526-f9a6-7376d178358a,/p/2/eb11a03a871f6a7c,1,200,449569,40.781,427.362,1051964
1787856381508,12910de9-3e7a-c526-f9a6-7376d178358a,/p/0/eb11a23a871f6de2,1,200,353068,60.702,429.042,822923
1787856381935,12910de9-3e7a-c526-f9a6-7376d178358a,/p/0/ad5d3b7af063c1f,2,200,15256,49.020,49.604,307555
1787856381935,12910de9-3e7a-c526-f9a6-7376d178358a,/p/1/ad5d2b7af063a6c,2,200,230117,49.680,379.881,605762
1787856381658,c2e39ea2-1250-b8b3-7f1d-d6ca36c1bf03,/p/0/60c382418232b2ff,6,200,84386,102.327,903.885,93359
1787856382185,52d8c071-eefb-9ce5-6e83-0a62ce771785,/?crawl=13,0,200,41343,107.421,404.797,102133
1787856381658,c2e39ea2-1250-b8b3-7f1d-d6ca36c1bf03,/p/0/60c384418232b665,6,200,115511,122.669,998.430,115693
1787856382590,52d8c071-eefb-9ce5-6e83-0a62ce771785,/p/0/11e64bf5b0555855,1,200,8003,112.154,172.322,46442
1787856381570,b7f5decf-860e-9512-d124-7c8be3f96e06,/p/0/14059b192f984d75,4,200,96557,1084.965,1280.019,75434
1787856381570,b7f5decf-860e-9512-d124-7c8be3f96e06,/p/0/140598192f98485c,4,200,509727,1086.129,1303.760,390967
1787856381658,c2e39ea2-1250-b8b3-7f1d-d6ca36c1bf03,/p/0/60c383418232b4b2,6,200,145857,102.268,1553.901,93865
1787856381803,43e5491c-ce99-6b65-40af-09dea6070fd9,/p/0/a5509f5344f04b02,1,200,500813,62.272,1985.088,252288
1787856385185,a0a3f1d7-37a3-775d-4251-a3a6e306188c,/?crawl=15,0,200,196156,28.792,374.851,523291
1787856385560,a0a3f1d7-37a3-775d-4251-a3a6e306188c,/p/0/9d684cc434b39596,1,200,22991,24.864,92.691,248039
1787856374717,5343ae77-e93b-799c-bbd1-e45edeb5629d,/p/6/ffc4dbc1dce8559f,1,200,5000947,78.592,11009.108,454255
1787856382315,12910de9-3e7a-c526-f9a6-7376d178358a,/p/0/7ba07cf51c8d6487,3,200,177958,1009.950,3713.570,47921
1787856382315,12910de9-3e7a-c526-f9a6-7376d178358a,/p/0/7ba07df51c8d663a,3,200,239888,1008.806,3714.310,64585
1787856385560,a0a3f1d7-37a3-775d-4251-a3a6e306188c,/p/0/9d684ac434b39230,1,200,429743,38.092,1597.101,269077
1787856385560,a0a3f1d7-37a3-775d-4251-a3a6e306188c,/p/0/9d684bc434b393e3,1,200,473258,79.076,1716.822,275659
1787856379484,c2e39ea2-1250-b8b3-7f1d-d6ca36c1bf03,/p/0/45f6b85a9182a716,5,200,2347624,124.865,7825.358,300002
1787856385726,5343ae77-e93b-799c-bbd1-e45edeb5629d,/p/0/ef0c85a7dd20fdf7,2,200,360370,29.522,1880.706,191614
1787856387186,f0a03e7f-82fc-30a1-d9c8-7e5c53830faf,/?crawl=17,0,200,134003,23.039,606.476,220954
1787856387792,f0a03e7f-82fc-30a1-d9c8-7e5c53830faf,/p/7/c43cf57f5de97e56,1,200,200294,209.124,848.262,236123
1787856387792,f0a03e7f-82fc-30a1-d9c8-7e5c53830faf,/p/0/c43cf67f5de98009,1,200,404960,190.917,856.839,472621
1787856382590,52d8c071-eefb-9ce5-6e83-0a62ce771785,/p/11/11e64af5b05556a2,1,200,409396,286.005,6972.656,58714
1787856388640,f0a03e7f-82fc-30a1-d9c8-7e5c53830faf,/p/0/aa13e61df67f6e6b,2,200,155852,962.803,968.682,160891
1787856388640,f0a03e7f-82fc-30a1-d9c8-7e5c53830faf,/p/0/aa13e71df67f701e,2,200,402363,963.113,980.906,410195
1787856389185,4264f45c-034a-7efe-e206-ea6242df3f5e,/?crawl=19,0,200,258829,57.300,1009.754,256329
1787856389185,0602a3d2-8477-4085-68b3-b3597594a112,/?crawl=18,0,200,433536,40.050,1130.443,383510
1787856381803,43e5491c-ce99-6b65-40af-09dea6070fd9,/p/5/a550a05344f04cb5,1,200,3035919,21.548,8835.558,343602
1787856387186,af5739fc-3e3b-f801-7115-c3e70ddf494a,/?crawl=16,0,200,2119872,25.342,3546.879,597673
1787856379484,c2e39ea2-1250-b8b3-7f1d-d6ca36c1bf03,/p/0/45f6b75a9182a563,5,200,4803518,115.137,11339.904,423594
1787856381803,43e5491c-ce99-6b65-40af-09dea6070fd9,/p/0/a5509e5344f0494f,1,200,3165483,62.204,9322.032,339570
1787856377502,b7f5decf-860e-9512-d124-7c8be3f96e06,/p/0/2699857d061e4012,1,200,3482105,135.697,13863.273,251175
1787856384185,4e88ba84-3d06-c2b6-e7cd-81bc55c48c5a,/?crawl=14,0,200,445205,241.548,7382.777,60303
1787856373847,3dcb2650-c25b-4abb-2cf4-d7897712e3a3,/p/2/8bf89d64cc2952bc,2,200,2916566,444.148,17850.517,163388
1787856390639,43e5491c-ce99-6b65-40af-09dea6070fd9,/p/4/de20e20c1c136406,2,200,240030,123.483,1119.946,214323
1787856390315,0602a3d2-8477-4085-68b3-b3597594a112,/p/1/19cea084c0921127,1,200,179706,197.471,1447.093,124184
1787856391759,43e5491c-ce99-6b65-40af-09dea6070fd9,/p/0/f20a84e2c005701e,3,200,9170,136.916,209.696,43730
1787856390733,af5739fc-3e3b-f801-7115-c3e70ddf494a,/p/0/57a749dcf28472b6,1,200,294601,73.097,1452.745,202789
1787856391697,3dcb2650-c25b-4abb-2cf4-d7897712e3a3,/p/0/60ca8b3ed6349933,3,200,89125,188.326,1026.040,86863
1787856391762,0602a3d2-8477-4085-68b3-b3597594a112,/p/0/29b7316d8d022eac,2,200,39037,210.781,1000.490,39018
1787856390315,0602a3d2-8477-4085-68b3-b3597594a112,/p/0/19ce9f84c0920f74,1,200,299442,233.237,2863.889,104558
1787856391185,2a2c0145-8eb4-b3f9-737b-b29b1d4a0eb8,/?crawl=20,0,200,412152,72.561,2050.428,201008
1787856391697,3dcb2650-c25b-4abb-2cf4-d7897712e3a3,/p/0/60ca8c3ed6349ae6,3,200,161841,224.883,1566.827,103292
1787856391759,43e5491c-ce99-6b65-40af-09dea6070fd9,/p/3/f20a82e2c0056cb8,3,200,241297,105.149,1568.696,153820
1787856392185,a482b497-c598-f460-b535-253dc4b16b9c,/?crawl=21,0,200,244739,80.035,1350.960,181159
1787856391568,4e88ba84-3d06-c2b6-e7cd-81bc55c48c5a,/p/0/30d2a221c94e8ba9,1,200,49124,462.043,2098.185,23413
1787856391762,0602a3d2-8477-4085-68b3-b3597594a112,/p/0/29b7336d8d023212,2,200,215270,191.190,1956.936,110004
1787856390315,0602a3d2-8477-4085-68b3-b3597594a112,/p/0/19cea284c092148d,1,200,429243,40.771,3423.142,125394
1787856393328,43e5491c-ce99-6b65-40af-09dea6070fd9,/p/0/74e6c22ee2bc57f9,4,200,39828,101.789,484.992,82121
1787856391762,0602a3d2-8477-4085-68b3-b3597594a112,/p/0/29b7326d8d02305f,2,200,393956,228.918,2658.691,148177
1787856389563,52d8c071-eefb-9ce5-6e83-0a62ce771785,/p/0/19200ef6b6d787f5,2,200,129242,654.486,5140.829,25140
1787856394185,a64ffda0-3f24-4dbc-a9de-a1d5ccb93b5e,/?crawl=22,0,200,402438,26.133,720.829,558299
1787856391568,4e88ba84-3d06-c2b6-e7cd-81bc55c48c5a,/p/2/30d2a021c94e8843,1,200,72670,936.361,3735.409,19454
1787856395185,02978b64-54d5-f0f1-b237-b029f251a381,/?crawl=24,0,200,292813,34.588,627.009,467000
1787856393328,43e5491c-ce99-6b65-40af-09dea6070fd9,/p/2/74e6c02ee2bc5493,4,200,411387,131.764,2646.132,155467
1787856393328,43e5491c-ce99-6b65-40af-09dea6070fd9,/p/0/74e6bf2ee2bc52e0,4,200,401102,111.871,2698.878,148618
1787856381570,b7f5decf-860e-9512-d124-7c8be3f96e06,/p/4/14059a192f984bc2,4,200,2398512,1085.297,14508.327,165320
1787856377956,b7f5decf-860e-9512-d124-7c8be3f96e06,/p/0/df95674719fa81c7,2,200,3996590,168.110,18257.211,218905
1787856393235,2a2c0145-8eb4-b3f9-737b-b29b1d4a0eb8,/p/0/f21ebf2b88781da,1,200,238044,72.448,3194.805,74510
1787856395812,02978b64-54d5-f0f1-b237-b029f251a381,/p/0/c178967c661ba98e,1,200,131228,48.180,839.234,156366
1787856393536,a482b497-c598-f460-b535-253dc4b16b9c,/p/0/a28c41504d2277ed,1,200,214791,79.458,3616.276,59396
1787856393236,2a2c0145-8eb4-b3f9-737b-b29b1d4a0eb8,/p/8/f21e9f2b8877e74,1,200,388169,143.650,4453.959,87151
1787856393536,a482b497-c598-f460-b535-253dc4b16b9c,/p/0/a28c3e504d2272d4,1,200,277918,118.761,4173.693,66588
1787856394185,25755ddd-1846-1307-4310-a25302cf36e6,/?crawl=23,0,200,398115,129.039,3528.261,112836
1787856395812,02978b64-54d5-f0f1-b237-b029f251a381,/p/2/c178947c661ba628,1,200,395487,31.417,1925.951,205346
1787856396027,43e5491c-ce99-6b65-40af-09dea6070fd9,/p/0/3135b7f3fb6cd3dc,5,200,236572,114.195,2043.211,115784
1787856393536,a482b497-c598-f460-b535-253dc4b16b9c,/p/10/a28c3f504d227487,1,200,352232,79.407,4692.871,75057
1787856398229,a482b497-c598-f460-b535-253dc4b16b9c,/p/0/e19710973a64dd06,2,200,4796,80.474,80.529,59556
1787856395974,43e5491c-ce99-6b65-40af-09dea6070fd9,/p/0/3135baf3fb6cd8f5,5,200,372585,103.462,2508.749,148514
1787856397185,6bc88d0b-24fd-1322-7fd0-c7c18edeeeff,/?crawl=25,0,200,406680,49.851,1331.378,305458
1787856395812,02978b64-54d5-f0f1-b237-b029f251a381,/p/0/c178957c661ba7db,1,200,510573,158.278,2709.040,188470
1787856395974,43e5491c-ce99-6b65-40af-09dea6070fd9,/p/1/3135b9f3fb6cd742,5,200,370873,123.923,2758.988,134424
1787856398516,6bc88d0b-24fd-1322-7fd0-c7c18edeeeff,/p/0/54e2e8d9fab69a88,1,200,45394,46.826,470.128,96557
1787856397738,02978b64-54d5-f0f1-b237-b029f251a381,/p/1/d558cc4b4c6c5b1f,2,200,172711,159.730,1514.296,114054
1787856397738,02978b64-54d5-f0f1-b237-b029f251a381,/p/0/d558cb4b4c6c596c,2,200,213089,175.064,1827.441,116605
1787856399252,02978b64-54d5-f0f1-b237-b029f251a381,/p/0/c0452ff5b194a6e0,3,200,166429,323.431,329.835,504582
1787856399252,02978b64-54d5-f0f1-b237-b029f251a381,/p/0/c04531f5b194aa46,3,200,236578,323.328,332.339,711857
1787856399252,02978b64-54d5-f0f1-b237-b029f251a381,/p/0/c04532f5b194abf9,3,200,305492,323.080,335.155,911496
1787856396079,b7f5decf-860e-9512-d124-7c8be3f96e06,/p/0/c2662de2d84079d0,5,200,443864,134.235,3606.891,123060
1787856398516,6bc88d0b-24fd-1322-7fd0-c7c18edeeeff,/p/0/54e2ebd9fab69fa1,1,200,233762,46.869,1758.989,132896
1787856398516,6bc88d0b-24fd-1322-7fd0-c7c18edeeeff,/p/0/54e2e9d9fab69c3b,1,200,317770,46.864,1943.393,163513
1787856397738,02978b64-54d5-f0f1-b237-b029f251a381,/p/0/d558ce4b4c6c5e85,2,200,6030343,175.153,2838.952,2124144
1787856397713,25755ddd-1846-1307-4310-a25302cf36e6,/p/0/c960e80b76585d47,1,200,295501,65.585,3040.484,97189
1787856389562,52d8c071-eefb-9ce5-6e83-0a62ce771785,/p/10/19200df6b6d78642,2,200,334903,717.017,11941.160,28046
1787856397690,2a2c0145-8eb4-b3f9-737b-b29b1d4a0eb8,/p/7/d5700b4c5d5de04c,2,200,177051,470.688,4111.643,43061
1787856398733,43e5491c-ce99-6b65-40af-09dea6070fd9,/p/0/b57155b2643bfb4,6,200,356435,137.270,3104.887,114798
1787856397713,25755ddd-1846-1307-4310-a25302cf36e6,/p/0/c960e90b76585efa,1,200,361588,194.900,4401.566,82150
1787856398733,43e5491c-ce99-6b65-40af-09dea6070fd9,/p/0/b57165b2643c167,6,200,419407,126.978,3459.713,121226
1787856398229,a482b497-c598-f460-b535-253dc4b16b9c,/p/9/e1970e973a64d9a0,2,200,399798,119.564,4125.861,96901
1787856402185,abbb387b-4f86-7d63-70db-9548007d9e6a,/?crawl=28,0,200,64297,72.562,349.138,184159
1787856373847,3dcb2650-c25b-4abb-2cf4-d7897712e3a3,/p/0/8bf89e64cc29546f,2,200,5036792,341.241,28705.736,175463
1787856397713,25755ddd-1846-1307-4310-a25302cf36e6,/p/3/c960ea0b765860ad,1,200,491394,165.230,5037.996,97538
1787856397689,2a2c0145-8eb4-b3f9-737b-b29b1d4a0eb8,/p/0/d5700d4c5d5de3b2,2,200,193952,435.038,5155.036,37624
1787856402185,c3ae5c90-2950-e6ac-c1c2-434be57bfd98,/?crawl=29,0,200,214722,60.200,835.461,257010
1787856403020,c3ae5c90-2950-e6ac-c1c2-434be57bfd98,/p/0/7399363a84ac23c,1,200,45212,1.420,3.594,12578203
1787856403020,c3ae5c90-2950-e6ac-c1c2-434be57bfd98,/p/2/7399463a84ac3ef,1,200,116125,2.551,39.381,2948773
1787856397689,2a2c0145-8eb4-b3f9-737b-b29b1d4a0eb8,/p/0/d5700c4c5d5de1ff,2,200,263555,362.647,5374.761,49036
1787856403060,c3ae5c90-2950-e6ac-c1c2-434be57bfd98,/p/0/272cd9dace3dc728,2,200,26720,323.049,324.266,82402
1787856403060,c3ae5c90-2950-e6ac-c1c2-434be57bfd98,/p/0/272cdcdace3dcc41,2,200,288127,323.062,331.345,869568
1787856402534,abbb387b-4f86-7d63-70db-9548007d9e6a,/p/0/73cf400613afcf8f,1,200,110876,138.783,1300.525,85255
1787856402534,abbb387b-4f86-7d63-70db-9548007d9e6a,/p/7/73cf3f0613afcddc,1,200,171990,68.181,1684.888,102078
1787856403020,c3ae5c90-2950-e6ac-c1c2-434be57bfd98,/p/0/7399663a84ac755,1,200,2408245,1.141,1520.920,1583413
1787856402355,a482b497-c598-f460-b535-253dc4b16b9c,/p/0/117abc714bff276d,3,200,101517,397.729,2224.555,45635
1787856382315,12910de9-3e7a-c526-f9a6-7376d178358a,/p/0/7ba07ef51c8d67ed,3,200,3943419,1010.709,22357.250,176382
1787856403060,c3ae5c90-2950-e6ac-c1c2-434be57bfd98,/p/1/272cdadace3dc8db,2,200,2478040,323.288,1806.312,1371878
1787856390733,af5739fc-3e3b-f801-7115-c3e70ddf494a,/p/7/57a74adcf2847469,1,200,3371749,85.233,14162.830,238070
1787856404866,c3ae5c90-2950-e6ac-c1c2-434be57bfd98,/p/0/502d43d5ea4c0a7f,3,200,213444,9.847,287.730,741821
1787856385726,5343ae77-e93b-799c-bbd1-e45edeb5629d,/p/5/ef0c87a7dd21015d,2,200,5148308,82.244,19535.054,263542
1787856385726,5343ae77-e93b-799c-bbd1-e45edeb5629d,/p/0/ef0c86a7dd20ffaa,2,200,5297083,82.188,19612.499,270087
1787856404866,c3ae5c90-2950-e6ac-c1c2-434be57bfd98,/p/0/502d42d5ea4c08cc,3,200,491176,5.936,537.235,914267
1787856395303,4e88ba84-3d06-c2b6-e7cd-81bc55c48c5a,/p/1/79cf7170fbd7816,2,200,102402,1192.736,10131.422,10107
1787856404895,af5739fc-3e3b-f801-7115-c3e70ddf494a,/p/6/d09729482e4bbcf8,2,200,85713,134.144,620.401,138157
1787856402355,a482b497-c598-f460-b535-253dc4b16b9c,/p/0/117ab9714bff2254,3,200,116855,476.684,3175.687,36797
1787856381935,12910de9-3e7a-c526-f9a6-7376d178358a,/p/0/ad5d4b7af063dd2,2,200,6153765,50.691,23798.201,258581
1787856405516,af5739fc-3e3b-f801-7115-c3e70ddf494a,/p/5/29c0784ee6f02b76,3,200,97406,145.643,827.474,117715
1787856402355,a482b497-c598-f460-b535-253dc4b16b9c,/p/8/117aba714bff2407,3,200,253152,397.544,4203.098,60230
1787856405261,5343ae77-e93b-799c-bbd1-e45edeb5629d,/p/0/8f92096624b5ccc1,3,200,210594,77.395,1331.364,158179
1787856388640,f0a03e7f-82fc-30a1-d9c8-7e5c53830faf,/p/6/aa13e81df67f71d1,2,200,3722478,963.173,18051.034,206220
1787856406185,53023f26-bfa2-bfc4-88af-4dc0d0ae5f1f,/?crawl=31,0,200,226430,44.162,659.562,343303
1787856405261,5343ae77-e93b-799c-bbd1-e45edeb5629d,/p/0/8f92066624b5c7a8,3,200,365947,89.343,1756.987,208281
1787856405261,5343ae77-e93b-799c-bbd1-e45edeb5629d,/p/4/8f92086624b5cb0e,3,200,399440,130.894,1849.034,216026
1787856402534,abbb387b-4f86-7d63-70db-9548007d9e6a,/p/0/73cf410613afd142,1,200,490139,347.929,4903.475,99957
1787856407185,779e413d-daaa-d1f0-8718-9ed59ed21934,/?crawl=32,0,200,142501,38.838,341.926,416760
1787856407110,5343ae77-e93b-799c-bbd1-e45edeb5629d,/p/3/b8b2219675c0214f,4,200,105706,24.718,503.937,209761
1787856391568,4e88ba84-3d06-c2b6-e7cd-81bc55c48c5a,/p/0/30d29f21c94e8690,1,200,283824,231.805,16072.619,17659
1787856407110,5343ae77-e93b-799c-bbd1-e45edeb5629d,/p/0/b8b2209675c01f9c,4,200,107729,24.616,545.689,197418
1787856404866,c3ae5c90-2950-e6ac-c1c2-434be57bfd98,/p/0/502d44d5ea4c0c32,3,200,5870437,1.876,2884.648,2035062
1787856406844,53023f26-bfa2-bfc4-88af-4dc0d0ae5f1f,/p/0/4c7cb080ed206024,1,200,103626,101.172,934.639,110873
1787856406691,f0a03e7f-82fc-30a1-d9c8-7e5c53830faf,/p/5/d86916378c277f9,3,200,74965,211.916,1197.763,62588
1787856402751,25755ddd-1846-1307-4310-a25302cf36e6,/p/0/970749a1c10e89e7,2,200,421508,64.286,5165.233,81605
1787856401801,2a2c0145-8eb4-b3f9-737b-b29b1d4a0eb8,/p/0/7bef44a195e975f4,3,200,309038,359.616,6144.833,50292
1787856404895,af5739fc-3e3b-f801-7115-c3e70ddf494a,/p/0/d0972a482e4bbeab,2,200,292935,147.009,3077.978,95171
1787856406343,af5739fc-3e3b-f801-7115-c3e70ddf494a,/p/4/edfbd5c19ba2d1a8,4,200,150477,133.811,1642.120,91636
1787856407614,5343ae77-e93b-799c-bbd1-e45edeb5629d,/p/0/cdac242fe3ec168b,5,200,71707,143.705,689.049,104067
1787856407527,779e413d-daaa-d1f0-8718-9ed59ed21934,/p/0/b9125d2358856d77,1,200,136490,33.549,977.580,139620
1787856407614,5343ae77-e93b-799c-bbd1-e45edeb5629d,/p/2/cdac232fe3ec14d8,5,200,116619,143.701,897.924,129876
1787856401801,2a2c0145-8eb4-b3f9-737b-b29b1d4a0eb8,/p/0/7bef47a195e97b0d,3,200,370269,395.170,6897.386,53683
1787856401801,2a2c0145-8eb4-b3f9-737b-b29b1d4a0eb8,/p/6/7bef45a195e977a7,3,200,270729,359.560,6933.536,39046
1787856406844,53023f26-bfa2-bfc4-88af-4dc0d0ae5f1f,/p/0/4c7cb380ed20653d,1,200,225182,101.302,1994.013,112929
1787856404219,abbb387b-4f86-7d63-70db-9548007d9e6a,/p/0/cd682f69ee9623,2,200,523248,211.746,4819.696,108565
1787856407527,779e413d-daaa-d1f0-8718-9ed59ed21934,/p/0/b9125f23588570dd,1,200,277354,33.443,1547.213,179260
1787856404219,abbb387b-4f86-7d63-70db-9548007d9e6a,/p/6/cd6a2f69ee9989,2,200,508453,250.293,4915.530,103438
1787856409186,e6536404-8820-2110-1b0f-2cc8cb496f9c,/?crawl=33,0,200,181632,19.445,183.685,988821
1787856406844,53023f26-bfa2-bfc4-88af-4dc0d0ae5f1f,/p/0/4c7cb280ed20638a,1,200,446746,40.648,2793.212,159940
1787856407110,5343ae77-e93b-799c-bbd1-e45edeb5629d,/p/0/b8b2239675c024b5,4,200,461093,86.963,2818.326,163605
1787856409369,e6536404-8820-2110-1b0f-2cc8cb496f9c,/p/0/25a808c5c3ea7917,1,200,170132,64.417,603.296,282004
1787856409369,e6536404-8820-2110-1b0f-2cc8cb496f9c,/p/1/25a807c5c3ea7764,1,200,215122,55.858,706.876,304328
1787856405516,af5739fc-3e3b-f801-7115-c3e70ddf494a,/p/0/29c0764ee6f02810,3,200,489901,121.538,4753.894,103053
1787856409369,e6536404-8820-2110-1b0f-2cc8cb496f9c,/p/0/25a809c5c3ea7aca,1,200,392457,15.392,1088.045,360699
1787856408735,2a2c0145-8eb4-b3f9-737b-b29b1d4a0eb8,/p/0/11e62f11383a1e8a,4,200,100775,397.178,1801.236,55948
1787856409134,abbb387b-4f86-7d63-70db-9548007d9e6a,/p/0/35b7718d71bc2177,3,200,157946,230.472,1603.233,98517
1787856378944,261b4e26-604a-0c50-7d4b-0fbe13507a44,/p/0/70b02a02db887141,3,200,2743122,413.236,32042.024,85610
1787856396079,b7f5decf-860e-9512-d124-7c8be3f96e06,/p/0/c26630e2d8407ee9,5,200,2804555,166.971,14908.945,188112
1787856410076,e6536404-8820-2110-1b0f-2cc8cb496f9c,/p/0/945322b4b37c7b6d,2,200,210975,380.264,961.705,219376
1787856410078,e6536404-8820-2110-1b0f-2cc8cb496f9c,/p/0/945320b4b37c7807,2,200,360625,378.140,974.769,369959
1787856407889,f0a03e7f-82fc-30a1-d9c8-7e5c53830faf,/p/0/b6b8b43974bd8527,4,200,320510,205.646,3361.380,95351
1787856410078,e6536404-8820-2110-1b0f-2cc8cb496f9c,/p/0/94531fb4b37c7654,2,200,494983,458.236,1255.101,394377
1787856407614,5343ae77-e93b-799c-bbd1-e45edeb5629d,/p/0/cdac252fe3ec183e,5,200,496360,209.592,3844.876,129096
1787856406558,a482b497-c598-f460-b535-253dc4b16b9c,/p/0/e61ae1367d150cf,4,200,306738,432.597,5435.893,56428
1787856391697,3dcb2650-c25b-4abb-2cf4-d7897712e3a3,/p/1/60ca8d3ed6349c99,3,200,5648281,204.696,20408.079,276767
1787856390639,43e5491c-ce99-6b65-40af-09dea6070fd9,/p/0/de20e30c1c1365b9,2,200,3475321,134.131,21679.740,160303
1787856408512,5343ae77-e93b-799c-bbd1-e45edeb5629d,/p/1/b31b8d9a0a771d48,6,200,417255,148.038,4002.265,104255
1787856405435,4e88ba84-3d06-c2b6-e7cd-81bc55c48c5a,/p/0/e98c4c77095f107,3,200,78341,2440.341,7081.842,11062
1787856409134,abbb387b-4f86-7d63-70db-9548007d9e6a,/p/5/35b7738d71bc24dd,3,200,352487,193.428,3572.397,98670
1787856409134,abbb387b-4f86-7d63-70db-9548007d9e6a,/p/0/35b7728d71bc232a,3,200,419079,193.417,3647.716,114888
1787856412105,3dcb2650-c25b-4abb-2cf4-d7897712e3a3,/p/0/95206aef08620aad,4,200,104925,53.853,770.647,136152
1787856412707,abbb387b-4f86-7d63-70db-9548007d9e6a,/p/0/ceeb5d39128a37d9,4,200,12083,189.810,304.126,39730
1787856408735,2a2c0145-8eb4-b3f9-737b-b29b1d4a0eb8,/p/0/11e62e11383a1cd7,4,200,256077,433.445,4396.097,58251
1787856412514,5343ae77-e93b-799c-bbd1-e45edeb5629d,/p/0/5e0a4bf105a04878,7,200,119737,203.818,1559.218,76793
1787856412105,3dcb2650-c25b-4abb-2cf4-d7897712e3a3,/p/0/952068ef08620747,4,200,253000,179.303,2051.528,123323
1787856390732,af5739fc-3e3b-f801-7115-c3e70ddf494a,/p/0/57a748dcf2847103,1,200,5310371,24.719,23666.181,224386
1787856390639,43e5491c-ce99-6b65-40af-09dea6070fd9,/p/0/de20e00c1c1360a0,2,200,4244020,112.678,23898.557,177585
1787856406185,64656e48-5813-3319-f102-39ca01a5e9ed,/?crawl=30,0,200,4181174,29.479,8596.825,486363
1787856407889,f0a03e7f-82fc-30a1-d9c8-7e5c53830faf,/p/0/b6b8b53974bd86da,4,200,511060,187.988,7056.859,72420
1787856391759,43e5491c-ce99-6b65-40af-09dea6070fd9,/p/0/f20a83e2c0056e6b,3,200,4078192,127.340,23587.418,172897
1787856407889,f0a03e7f-82fc-30a1-d9c8-7e5c53830faf,/p/4/b6b8b33974bd8374,4,200,448593,224.352,7490.526,59888
1787856410270,af5739fc-3e3b-f801-7115-c3e70ddf494a,/p/3/c45f4f294aaa954b,5,200,403024,379.072,5359.333,75200
1787856414399,af5739fc-3e3b-f801-7115-c3e70ddf494a,/p/0/c45f4e294aaa9398,5,200,135317,145.265,1267.201,106784
1787856415185,ec0b8377-2d9e-d17f-08c6-fbca58d46755,/?crawl=36,0,200,425893,37.879,1104.856,385474
1787856414782,64656e48-5813-3319-f102-39ca01a5e9ed,/p/0/dfe705de81bb5637,1,200,290906,96.830,1553.652,187240
1787856416185,127ec6b5-9b34-c9dd-4236-f2e0e0043270,/?crawl=39,0,200,35106,72.310,212.629,165105
1787856415185,b424d79e-db2d-ef5b-2907-de036fc98ca8,/?crawl=37,0,200,5124792,25.232,1265.057,4051038
1787856412707,abbb387b-4f86-7d63-70db-9548007d9e6a,/p/0/ceeb5a39128a32c0,4,200,470560,208.276,3807.896,123575
1787856412707,abbb387b-4f86-7d63-70db-9548007d9e6a,/p/4/ceeb5c39128a3626,4,200,432511,227.454,3807.883,113583
1787856416397,127ec6b5-9b34-c9dd-4236-f2e0e0043270,/p/0/b12a05944848af8c,1,200,15726,69.894,139.286,112904
1787856416450,b424d79e-db2d-ef5b-2907-de036fc98ca8,/p/0/d7feb34f717ea0cb,1,200,158558,10.691,335.889,472055
1787856414782,64656e48-5813-3319-f102-39ca01a5e9ed,/p/0/dfe706de81bb57ea,1,200,387204,27.668,2095.864,184747
1787856416290,ec0b8377-2d9e-d17f-08c6-fbca58d46755,/p/0/6b6909ad06199891,1,200,97277,37.004,874.417,111248
1787856416185,4fad9d75-8cc4-73e8-0717-8145e1cbb21d,/?crawl=38,0,200,341542,55.070,1300.479,262628
1787856416290,ec0b8377-2d9e-d17f-08c6-fbca58d46755,/p/0/6b6906ad06199378,1,200,187464,111.894,1227.400,152733
1787856396079,b7f5decf-860e-9512-d124-7c8be3f96e06,/p/3/c2662ee2d8407b83,5,200,5778485,166.948,21442.597,269486
1787856417185,960f5816-14e9-4bc1-4216-9cac073893d9,/?crawl=40,0,200,119389,62.679,506.827,235562
1787856416397,127ec6b5-9b34-c9dd-4236-f2e0e0043270,/p/10/b12a07944848b2f2,1,200,148207,173.789,1438.229,103048
1787856416515,abbb387b-4f86-7d63-70db-9548007d9e6a,/p/0/53b21e1e29489daf,5,200,126477,212.823,1534.125,82442
1787856416290,ec0b8377-2d9e-d17f-08c6-fbca58d46755,/p/5/6b6907ad0619952b,1,200,426984,111.851,1839.741,232089
1787856418129,ec0b8377-2d9e-d17f-08c6-fbca58d46755,/p/4/708842bf491472e1,2,200,18878,36.790,112.015,168531
1787856417521,b7f5decf-860e-9512-d124-7c8be3f96e06,/p/0/b898ff6b1889ed79,6,200,63654,167.352,721.716,88198
1787856417692,960f5816-14e9-4bc1-4216-9cac073893d9,/p/0/3424e868b29b1bc,1,200,47939,57.479,609.512,78651
1787856418185,004af7fb-75f9-a808-d06e-1dea4adae787,/?crawl=43,0,200,98475,24.335,150.499,654322
1787856417521,b7f5decf-860e-9512-d124-7c8be3f96e06,/p/0/b898fc6b1889e860,6,200,263604,34.518,1139.962,231239
1787856418241,ec0b8377-2d9e-d17f-08c6-fbca58d46755,/p/0/f9d1322eb9058a75,3,200,24433,204.406,429.246,56921
1787856398733,43e5491c-ce99-6b65-40af-09dea6070fd9,/p/0/b57175b2643c31a,6,200,5418967,147.796,19966.402,271404
1787856417836,127ec6b5-9b34-c9dd-4236-f2e0e0043270,/p/0/8f3d8208fd07be77,2,200,32051,385.158,876.672,36560
1787856418185,fd3a42dd-046f-b801-235d-251f46f9ee83,/?crawl=44,0,200,491980,22.316,588.899,835423
1787856418335,004af7fb-75f9-a808-d06e-1dea4adae787,/p/4/6fd7fb28f68ebf0f,1,200,107132,54.801,470.273,227808
1787856401504,52d8c071-eefb-9ce5-6e83-0a62ce771785,/p/9/9a4160efdeb6f849,3,200,457314,534.967,17455.321,26199
1787856416515,abbb387b-4f86-7d63-70db-9548007d9e6a,/p/3/53b2201e2948a115,5,200,256066,193.232,2565.821,99799
1787856418774,fd3a42dd-046f-b801-235d-251f46f9ee83,/p/0/b598fc1038bdde89,1,200,96525,26.601,372.154,259368
1787856419185,c1a01fe6-ad09-4e23-54cf-19db4c991ae7,/?crawl=48,0,200,5875,48.341,48.410,121359
1787856416397,127ec6b5-9b34-c9dd-4236-f2e0e0043270,/p/0/b12a08944848b4a5,1,200,272703,139.302,2839.370,96044
1787856418774,fd3a42dd-046f-b801-235d-251f46f9ee83,/p/0/b598f91038bdd970,1,200,219763,17.758,612.673,358695
1787856418129,ec0b8377-2d9e-d17f-08c6-fbca58d46755,/p/0/708841bf4914712e,2,200,134446,111.982,1263.692,106391
1787856417692,960f5816-14e9-4bc1-4216-9cac073893d9,/p/4/34250868b29b522,1,200,202358,144.018,1716.161,117913
1787856416515,abbb387b-4f86-7d63-70db-9548007d9e6a,/p/0/53b21f1e29489f62,5,200,281430,193.209,2910.602,96691
1787856419185,2693329d-5d3e-5434-281b-753759666a21,/?crawl=47,0,200,28387,357.844,779.631,36411
1787856418806,004af7fb-75f9-a808-d06e-1dea4adae787,/p/0/7b5e48cc49719dfe,2,200,202419,140.682,1292.890,156563
1787856419081,abbb387b-4f86-7d63-70db-9548007d9e6a,/p/0/bf8f4d7e25e2d8cb,6,200,73964,229.852,1035.051,71459
1787856418185,5e2bfbd3-6e24-1513-6e35-8c378a729183,/?crawl=46,0,200,96510,571.891,2022.289,47723
1787856418129,ec0b8377-2d9e-d17f-08c6-fbca58d46755,/p/0/708840bf49146f7b,2,200,261347,55.073,2132.443,122558
1787856418241,ec0b8377-2d9e-d17f-08c6-fbca58d46755,/p/3/f9d1302eb905870f,3,200,233876,222.920,2021.630,115687
1787856418241,ec0b8377-2d9e-d17f-08c6-fbca58d46755,/p/0/f9d12f2eb905855c,3,200,363735,185.801,2038.021,178475
1787856420263,ec0b8377-2d9e-d17f-08c6-fbca58d46755,/p/2/d46e376651d350c1,4,200,203009,16.678,196.387,1033720
1787856418806,004af7fb-75f9-a808-d06e-1dea4adae787,/p/3/7b5e49cc49719fb1,2,200,218290,140.704,1702.830,128192
1787856418806,004af7fb-75f9-a808-d06e-1dea4adae787,/p/0/7b5e47cc49719c4b,2,200,243932,152.456,1724.502,141451
1787856417485,4fad9d75-8cc4-73e8-0717-8145e1cbb21d,/p/0/44945af1dce3a59f,1,200,292722,55.230,3075.012,95194
1787856420185,538143e5-72f5-367f-b542-3f66f45ff3f0,/?crawl=51,0,200,130257,44.474,399.787,325816
1787856419185,a1cd5e37-8028-3bc8-8de9-5ce82e48b7a0,/?crawl=49,0,200,283614,53.786,1410.789,201032
1787856407527,779e413d-daaa-d1f0-8718-9ed59ed21934,/p/0/b9125c2358856bc4,1,200,5085630,170.981,13231.002,384372
1787856420263,ec0b8377-2d9e-d17f-08c6-fbca58d46755,/p/0/d46e366651d34f0e,4,200,302874,16.390,510.660,593103
1787856420263,ec0b8377-2d9e-d17f-08c6-fbca58d46755,/p/0/d46e356651d34d5b,4,200,434226,16.421,514.719,843618
1787856420459,ec0b8377-2d9e-d17f-08c6-fbca58d46755,/p/0/c4dcd0d9abc6c992,5,200,242913,318.544,327.385,741979
1787856420460,ec0b8377-2d9e-d17f-08c6-fbca58d46755,/p/0/c4dccfd9abc6c7df,5,200,348451,318.279,329.834,1056445
1787856415380,f0a03e7f-82fc-30a1-d9c8-7e5c53830faf,/p/3/792ea39cc6c54901,5,200,324904,243.560,5474.119,59353
1787856412106,3dcb2650-c25b-4abb-2cf4-d7897712e3a3,/p/0/952067ef08620594,4,200,3016540,36.408,9006.997,334911
1787856420585,538143e5-72f5-367f-b542-3f66f45ff3f0,/p/0/f5c7c9df0d3da71e,1,200,55601,42.052,571.479,97293
1787856414782,64656e48-5813-3319-f102-39ca01a5e9ed,/p/4/dfe707de81bb599d,1,200,2680479,27.745,6455.225,415242
1787856421185,97793863-68f3-e364-c5d5-bead56b04dc5,/?crawl=52,0,200,104477,42.223,294.609,354629
1787856420508,004af7fb-75f9-a808-d06e-1dea4adae787,/p/0/4ad824299ed508b0,3,200,108936,121.040,1081.679,100710
1787856421237,64656e48-5813-3319-f102-39ca01a5e9ed,/p/0/477e891169b873e8,2,200,108308,29.317,395.294,273993
1787856417185,84eae341-589f-140f-d6d7-6951736fad58,/?crawl=41,0,200,2721978,27.638,4477.817,607881
1787856420508,004af7fb-75f9-a808-d06e-1dea4adae787,/p/0/4ad827299ed50dc9,3,200,154610,99.627,1301.560,118788
1787856420508,004af7fb-75f9-a808-d06e-1dea4adae787,/p/2/4ad825299ed50a63,3,200,206006,110.040,1343.517,153333
1787856420585,538143e5-72f5-367f-b542-3f66f45ff3f0,/p/3/f5c7c7df0d3da3b8,1,200,248726,125.838,1660.402,149799
1787856422185,b5c49c79-bead-34df-2cd4-74c07c3e1879,/?crawl=53,0,200,15613,70.517,101.029,154540
1787856398185,79bd88b4-2228-c601-bbec-29a4124fb247,/?crawl=26,0,200,5675586,72.795,24115.784,235347
1787856421237,64656e48-5813-3319-f102-39ca01a5e9ed,/p/0/477e8c1169b87901,2,200,232814,70.614,1068.261,217937
1787856417485,4fad9d75-8cc4-73e8-0717-8145e1cbb21d,/p/2/44945cf1dce3a905,1,200,494025,165.376,4851.964,101820
1787856417692,960f5816-14e9-4bc1-4216-9cac073893d9,/p/0/34251868b29b6d5,1,200,408527,286.280,4661.122,87646
1787856415380,f0a03e7f-82fc-30a1-d9c8-7e5c53830faf,/p/0/792ea19cc6c5459b,5,200,353890,186.344,7009.182,50489
1787856417836,127ec6b5-9b34-c9dd-4236-f2e0e0043270,/p/0/8f3d8308fd07c02a,2,200,339680,350.631,4705.602,72186
1787856419081,abbb387b-4f86-7d63-70db-9548007d9e6a,/p/0/bf8f4e7e25e2da7e,6,200,317634,249.192,3472.617,91468
1787856422301,79bd88b4-2228-c601-bbec-29a4124fb247,/p/0/e84d3f378f51924e,1,200,60302,1.525,314.806,191553
1787856422301,79bd88b4-2228-c601-bbec-29a4124fb247,/p/0/e84d3d378f518ee8,1,200,213581,2.377,319.605,668266
1787856422301,79bd88b4-2228-c601-bbec-29a4124fb247,/p/0/e84d40378f519401,1,200,300770,2.485,326.498,921199
1787856421237,64656e48-5813-3319-f102-39ca01a5e9ed,/p/3/477e8a1169b8759b,2,200,404272,141.075,1444.054,279956
1787856393236,2a2c0145-8eb4-b3f9-737b-b29b1d4a0eb8,/p/0/f21eaf2b8878027,1,200,2107238,394.809,29447.998,71558
1787856422681,64656e48-5813-3319-f102-39ca01a5e9ed,/p/2/8241acb3fec6ce68,3,200,22868,27.641,70.281,325379
1787856419081,abbb387b-4f86-7d63-70db-9548007d9e6a,/p/2/bf8f4f7e25e2dc31,6,200,486561,191.739,3739.359,130119
1787856422337,4fad9d75-8cc4-73e8-0717-8145e1cbb21d,/p/0/e10c07d4b23a6383,2,200,18354,275.217,520.023,35295
1787856404219,abbb387b-4f86-7d63-70db-9548007d9e6a,/p/0/cd692f69ee97d6,2,200,2313066,211.711,18774.856,123200
1787856422751,64656e48-5813-3319-f102-39ca01a5e9ed,/p/0/882a6ebbbb4706d7,4,200,16483,137.071,295.058,55864
1787856422820,abbb387b-4f86-7d63-70db-9548007d9e6a,/p/0/65796fcb4fe2c3b8,7,200,12399,193.540,230.628,53762
1787856376497,261b4e26-604a-0c50-7d4b-0fbe13507a44,/p/1/70b02802db886ddb,3,200,4367769,304.457,46737.897,93452
1787856422286,b5c49c79-bead-34df-2cd4-74c07c3e1879,/p/0/1c9c739a36739191,1,200,62945,240.231,976.324,64471
1787856422751,64656e48-5813-3319-f102-39ca01a5e9ed,/p/1/882a70bbbb470a3d,4,200,73208,150.873,839.284,87227
1787856417836,127ec6b5-9b34-c9dd-4236-f2e0e0043270,/p/9/8f3d8108fd07bcc4,2,200,515616,491.106,5857.211,88031
1787856416450,b424d79e-db2d-ef5b-2907-de036fc98ca8,/p/0/d7feb44f717ea27e,1,200,3813230,3.842,7907.188,482249
1787856422337,4fad9d75-8cc4-73e8-0717-8145e1cbb21d,/p/1/e10c09d4b23a66e9,2,200,193186,275.182,2165.110,89227
1787856422681,64656e48-5813-3319-f102-39ca01a5e9ed,/p/0/8241aeb3fec6d1ce,3,200,195157,110.962,1826.643,106839
1787856419408,960f5816-14e9-4bc1-4216-9cac073893d9,/p/3/7cd623c83673714f,2,200,370122,322.197,5136.878,72052
1787856424185,ef44109d-8893-9a72-4fa7-22e45c5ab82f,/?crawl=54,0,200,243520,32.373,499.993,487046
1787856423693,127ec6b5-9b34-c9dd-4236-f2e0e0043270,/p/0/2238f115c8d4fec1,3,200,90627,69.986,1054.704,85926
1787856424185,7e254aaa-9053-e362-9e7c-355ad787b03c,/?crawl=55,0,200,225466,39.700,575.548,391742
1787856421852,004af7fb-75f9-a808-d06e-1dea4adae787,/p/0/c8763d08347f4894,4,200,507322,117.578,2959.624,171414
1787856422820,abbb387b-4f86-7d63-70db-9548007d9e6a,/p/1/657971cb4fe2c71e,7,200,364891,193.392,2115.602,172476
1787856422820,abbb387b-4f86-7d63-70db-9548007d9e6a,/p/0/657972cb4fe2c8d1,7,200,354231,193.424,2115.611,167437
1787856416450,b424d79e-db2d-ef5b-2907-de036fc98ca8,/p/3/d7feb24f717e9f18,1,200,5143928,1.385,8562.269,600767
1787856418774,fd3a42dd-046f-b801-235d-251f46f9ee83,/p/2/b598fb1038bddcd6,1,200,4931479,34.766,6260.013,787775
1787856421852,004af7fb-75f9-a808-d06e-1dea4adae787,/p/0/c8764008347f4dad,4,200,445897,107.160,3241.014,137579
1787856422245,538143e5-72f5-367f-b542-3f66f45ff3f0,/p/0/2e2739d791647f91,2,200,329464,231.356,3102.935,106178
1787856422245,538143e5-72f5-367f-b542-3f66f45ff3f0,/p/0/2e2736d791647a78,2,200,475095,209.876,3107.186,152902
1787856422245,538143e5-72f5-367f-b542-3f66f45ff3f0,/p/2/2e2738d791647dde,2,200,385382,231.338,3107.286,124025
1787856414185,6580b497-7260-33e6-853a-421cb072ce02,/?crawl=35,0,200,3677375,105.912,11345.272,324133
1787856425185,abdfd042-7448-4f08-4a9f-a9c446459472,/?crawl=57,0,200,428592,14.377,396.528,1080861
1787856419408,960f5816-14e9-4bc1-4216-9cac073893d9,/p/0/7cd622c836736f9c,2,200,388547,322.252,6179.966,62872
1787856425034,fd3a42dd-046f-b801-235d-251f46f9ee83,/p/0/96186230a46bb6e4,2,200,129065,119.390,589.214,219046
1787856423591,64656e48-5813-3319-f102-39ca01a5e9ed,/p/0/968b468fa43f1ddd,5,200,161226,185.076,2042.162,78949
1787856420460,ec0b8377-2d9e-d17f-08c6-fbca58d46755,/p/1/c4dcced9abc6c62c,5,200,4363239,318.346,5259.049,829663
1787856424685,ef44109d-8893-9a72-4fa7-22e45c5ab82f,/p/0/d6db71b2f4447064,1,200,187851,89.090,1099.921,170786
1787856398229,a482b497-c598-f460-b535-253dc4b16b9c,/p/0/e1970f973a64db53,2,200,3855592,119.538,27648.932,139448
1787856406558,a482b497-c598-f460-b535-253dc4b16b9c,/p/7/e61b01367d15435,4,200,3347580,471.200,19346.368,173034
1787856425904,a482b497-c598-f460-b535-253dc4b16b9c,/p/0/5c550efc7a81de87,5,200,141808,13.663,76.217,1860575
1787856425581,abdfd042-7448-4f08-4a9f-a9c446459472,/p/5/6a45c81088df682a,1,200,108741,20.488,408.814,265992
1787856424936,abbb387b-4f86-7d63-70db-9548007d9e6a,/p/0/5827fc134fb8bda4,8,200,126853,134.449,1086.971,116703
1787856424685,ef44109d-8893-9a72-4fa7-22e45c5ab82f,/p/0/d6db74b2f444757d,1,200,251013,30.048,1391.600,180377
1787856425904,a482b497-c598-f460-b535-253dc4b16b9c,/p/0/5c550ffc7a81e03a,5,200,499480,11.778,185.413,2693873
1787856425904,a482b497-c598-f460-b535-253dc4b16b9c,/p/6/5c5510fc7a81e1ed,5,200,422484,12.776,202.957,2081643
1787856424685,ef44109d-8893-9a72-4fa7-22e45c5ab82f,/p/11/d6db72b2f4447217,1,200,260856,147.942,1434.599,181832
1787856425012,b424d79e-db2d-ef5b-2907-de036fc98ca8,/p/0/31d4a1d10a6e2ea2,2,200,229108,25.707,1122.440,204116
1787856425352,538143e5-72f5-367f-b542-3f66f45ff3f0,/p/0/4fa248835808126f,3,200,123909,653.964,848.433,146045
1787856426107,a482b497-c598-f460-b535-253dc4b16b9c,/p/0/f7d135ff48eb22db,6,200,227218,10.776,146.741,1548425
1787856426119,ef44109d-8893-9a72-4fa7-22e45c5ab82f,/p/10/a51d2bc1fb28d1fb,2,200,6738,145.372,174.008,38722
1787856425581,abdfd042-7448-4f08-4a9f-a9c446459472,/p/0/6a45c61088df64c4,1,200,146972,12.978,713.152,206088
1787856426107,a482b497-c598-f460-b535-253dc4b16b9c,/p/0/f7d136ff48eb248e,6,200,378684,12.460,192.992,1962178
1787856426107,a482b497-c598-f460-b535-253dc4b16b9c,/p/5/f7d137ff48eb2641,6,200,440595,10.685,199.562,2207813
1787856426307,a482b497-c598-f460-b535-253dc4b16b9c,/p/4/9a271d949bfaa7bc,7,200,27308,12.696,20.256,1348158
1787856425352,538143e5-72f5-367f-b542-3f66f45ff3f0,/p/0/4fa2498358081422,3,200,355227,654.927,1000.155,355172
1787856420585,538143e5-72f5-367f-b542-3f66f45ff3f0,/p/0/f5c7c8df0d3da56b,1,200,3434527,62.589,5797.826,592382
1787856425012,b424d79e-db2d-ef5b-2907-de036fc98ca8,/p/2/31d49fd10a6e2b3c,2,200,328039,25.732,1385.248,236809
1787856426307,a482b497-c598-f460-b535-253dc4b16b9c,/p/0/9a271e949bfaa96f,7,200,137572,11.917,97.368,1412902
1787856425034,fd3a42dd-046f-b801-235d-251f46f9ee83,/p/1/96186430a46bba4a,2,200,476228,19.412,1396.803,340941
1787856425581,abdfd042-7448-4f08-4a9f-a9c446459472,/p/0/6a45c91088df69dd,1,200,298798,12.934,916.550,326003
1787856426185,b496da34-1969-1e28-1135-2dfeb30126a2,/?crawl=59,0,200,66327,88.573,325.654,203673
1787856419408,960f5816-14e9-4bc1-4216-9cac073893d9,/p/0/7cd625c8367374b5,2,200,467875,294.805,7151.576,65423
1787856425990,abdfd042-7448-4f08-4a9f-a9c446459472,/p/0/c55c9a13935f4d89,2,200,13616,507.773,583.717,23326
1787856426327,a482b497-c598-f460-b535-253dc4b16b9c,/p/0/ccd8fdb93eeb2ae5,8,200,440470,14.442,250.851,1755902
1787856426307,a482b497-c598-f460-b535-253dc4b16b9c,/p/0/9a271f949bfaab22,7,200,472589,11.969,282.816,1671012
1787856424760,7e254aaa-9053-e362-9e7c-355ad787b03c,/p/7/43711d555fa97c04,1,200,204743,181.770,1834.149,111628
1787856424760,7e254aaa-9053-e362-9e7c-355ad787b03c,/p/0/43711e555fa97db7,1,200,284396,111.111,1852.093,153554
1787856406558,a482b497-c598-f460-b535-253dc4b16b9c,/p/0/e61af1367d15282,4,200,5731661,392.913,20098.802,285174
1787856426397,b424d79e-db2d-ef5b-2907-de036fc98ca8,/p/1/acec744462a668fd,3,200,29222,179.138,387.610,75390
1787856426595,7e254aaa-9053-e362-9e7c-355ad787b03c,/p/0/796bd7b8fdce50b7,2,200,14036,255.147,309.389,45367
1787856424502,4fad9d75-8cc4-73e8-0717-8145e1cbb21d,/p/0/580b5e2d7cc2977e,3,200,147736,272.361,2480.210,59566
1787856424936,abbb387b-4f86-7d63-70db-9548007d9e6a,/p/0/5827fd134fb8bf57,8,200,359740,37.239,2096.855,171562
1787856425352,538143e5-72f5-367f-b542-3f66f45ff3f0,/p/1/4fa24a83580815d5,3,200,3126957,654.484,1691.142,1849021
1787856408512,5343ae77-e93b-799c-bbd1-e45edeb5629d,/p/0/b31b8e9a0a771efb,6,200,2385710,132.444,18767.800,127117
1787856426431,fd3a42dd-046f-b801-235d-251f46f9ee83,/p/0/f883e15ec4458e99,3,200,146168,95.133,873.157,167402
1787856427185,90391e6b-0104-3883-6817-53d2eea974a5,/?crawl=61,0,200,50066,36.734,136.713,366212
1787856427186,177f7e65-f050-1b41-ad71-57cfc093d833,/?crawl=62,0,200,94064,29.931,146.745,641003
1787856387792,f0a03e7f-82fc-30a1-d9c8-7e5c53830faf,/p/0/c43cf37f5de97af0,1,200,5938596,75.889,39602.728,149954
1787856420854,f0a03e7f-82fc-30a1-d9c8-7e5c53830faf,/p/2/b3f4908d987b28c8,6,200,391220,184.433,6600.082,59275
1787856426327,a482b497-c598-f460-b535-253dc4b16b9c,/p/0/ccd8fab93eeb25cc,8,200,4049967,13.127,1161.181,3487799
1787856426294,ef44109d-8893-9a72-4fa7-22e45c5ab82f,/p/0/69113aad0ab03d71,3,200,118405,145.842,1251.959,94576
1787856426785,b424d79e-db2d-ef5b-2907-de036fc98ca8,/p/0/6753b6b3b232d6a6,4,200,73539,118.582,767.790,95780
1787856426327,a482b497-c598-f460-b535-253dc4b16b9c,/p/3/ccd8fbb93eeb277f,8,200,4640645,14.393,1245.362,3726342
1787856427332,177f7e65-f050-1b41-ad71-57cfc093d833,/p/16/d362109fd47ce176,1,200,108917,21.567,347.602,313338
1787856423235,261b4e26-604a-0c50-7d4b-0fbe13507a44,/p/0/111cd534f4a38abf,4,200,238810,299.446,4603.310,51878
1787856426511,b496da34-1969-1e28-1135-2dfeb30126a2,/p/0/5a751cf26865f320,1,200,70679,231.041,1349.311,52382
1787856424502,4fad9d75-8cc4-73e8-0717-8145e1cbb21d,/p/0/580b5d2d7cc295cb,3,200,224885,323.639,3439.017,65392
1787856427185,71d07eab-2204-d986-8749-050ff4279bd3,/?crawl=60,0,200,204861,63.655,849.373,241191
1787856423235,261b4e26-604a-0c50-7d4b-0fbe13507a44,/p/0/111cd634f4a38c72,4,200,299218,358.857,4813.725,62159
1787856425719,ec0b8377-2d9e-d17f-08c6-fbca58d46755,/p/0/128f041444ef2175,6,200,275903,37.224,2393.267,115283
1787856427572,a482b497-c598-f460-b535-253dc4b16b9c,/p/0/6f9f5a16d7cd1e28,9,200,180988,2.506,560.769,322750
1787856427572,a482b497-c598-f460-b535-253dc4b16b9c,/p/0/6f9f5d16d7cd2341,9,200,244501,4.061,565.401,432438
1787856427186,086f1b1d-08d1-fd87-3b18-cc189a81f4ab,/?crawl=63,0,200,364111,43.470,1065.244,341810
1787856427185,13587596-966a-e35b-a2db-14109f240e99,/?crawl=64,0,200,482337,43.889,1234.967,390567
1787856427332,177f7e65-f050-1b41-ad71-57cfc093d833,/p/0/d362119fd47ce329,1,200,245530,121.610,1342.131,182940
1787856427322,90391e6b-0104-3883-6817-53d2eea974a5,/p/0/3ff7ba423fe1e9b0,1,200,230244,66.518,1406.294,163724
1787856426119,ef44109d-8893-9a72-4fa7-22e45c5ab82f,/p/0/a51d2dc1fb28d561,2,200,384698,28.786,2630.105,146267
1787856425530,6580b497-7260-33e6-853a-421cb072ce02,/p/0/fed35b0a9ab487d8,1,200,509322,46.134,3315.069,153638
1787856428420,13587596-966a-e35b-a2db-14109f240e99,/p/0/fa36bd5afdb2d102,1,200,73799,36.852,457.385,161350
1787856399185,8abeed0f-c4ae-17bf-d93e-80c2569c650a,/?crawl=27,0,200,5271724,82.863,29756.735,177161
1787856424760,7e254aaa-9053-e362-9e7c-355ad787b03c,/p/0/43711f555fa97f6a,1,200,495607,36.122,4226.136,117272
1787856427454,f0a03e7f-82fc-30a1-d9c8-7e5c53830faf,/p/1/d4ecc7293fec5e48,7,200,100697,250.178,1582.775,63621
1787856427044,538143e5-72f5-367f-b542-3f66f45ff3f0,/p/0/5f9c23e4cb1899f6,4,200,203824,190.446,2102.674,96936
1787856427572,a482b497-c598-f460-b535-253dc4b16b9c,/p/2/6f9f5c16d7cd218e,9,200,3164783,2.224,1585.942,1995523
1787856429186,f1f33a66-c78d-5e82-8807-57d813fb727c,/?crawl=67,0,200,25339,22.956,53.849,470555
1787856427322,90391e6b-0104-3883-6817-53d2eea974a5,/p/0/3ff7bd423fe1eec9,1,200,270822,195.293,1941.896,139463
1787856426595,7e254aaa-9053-e362-9e7c-355ad787b03c,/p/0/796bd8b8fdce526a,2,200,450260,200.465,2756.040,163372
1787856426595,7e254aaa-9053-e362-9e7c-355ad787b03c,/p/6/796bd9b8fdce541d,2,200,370721,200.542,2756.075,134510
1787856422337,4fad9d75-8cc4-73e8-0717-8145e1cbb21d,/p/0/e10c08d4b23a6536,2,200,477834,301.327,7164.262,66697
1787856424545,960f5816-14e9-4bc1-4216-9cac073893d9,/p/2/ee53df03564e7335,3,200,398325,342.225,5012.759,79462
1787856427044,538143e5-72f5-367f-b542-3f66f45ff3f0,/p/0/5f9c22e4cb189843,4,200,349903,190.541,2610.649,134029
1787856426293,ef44109d-8893-9a72-4fa7-22e45c5ab82f,/p/0/691137ad0ab03858,3,200,445238,174.283,3363.898,132358
1787856417521,b7f5decf-860e-9512-d124-7c8be3f96e06,/p/2/b898fd6b1889ea13,6,200,4885683,167.285,12166.537,401567
1787856429186,cf640ec1-d22b-40f1-c635-e7b8e69b289c,/?crawl=69,0,200,227670,34.548,543.524,418878
1787856427332,177f7e65-f050-1b41-ad71-57cfc093d833,/p/0/d3620e9fd47cde10,1,200,372985,121.733,2410.707,154720
1787856426119,ef44109d-8893-9a72-4fa7-22e45c5ab82f,/p/0/a51d2ac1fb28d048,2,200,457258,145.345,3626.505,126088
1787856429186,d85c3437-d673-7a45-5821-9580370dbbcb,/?crawl=68,0,200,332705,26.123,583.055,570624
1787856424545,960f5816-14e9-4bc1-4216-9cac073893d9,/p/0/ee53de03564e7182,3,200,330089,402.048,5248.562,62891
1787856427681,177f7e65-f050-1b41-ad71-57cfc093d833,/p/0/c44fa2c4e7a94efb,2,200,315202,177.378,2144.994,146948
1787856428420,13587596-966a-e35b-a2db-14109f240e99,/p/0/fa36bc5afdb2cf4f,1,200,269703,110.416,1438.743,187457
1787856427044,538143e5-72f5-367f-b542-3f66f45ff3f0,/p/0/5f9c24e4cb189ba9,4,200,361513,295.319,2863.611,126244
1787856429158,a482b497-c598-f460-b535-253dc4b16b9c,/p/0/e9e9f1ac2815df83,10,200,370539,2.357,755.706,490321
1787856429158,a482b497-c598-f460-b535-253dc4b16b9c,/p/0/e9e9f2ac2815e136,10,200,318898,1.953,757.646,420907
1787856426510,b496da34-1969-1e28-1135-2dfeb30126a2,/p/0/5a751ef26865f686,1,200,391947,91.623,3485.791,112441
1787856427680,177f7e65-f050-1b41-ad71-57cfc093d833,/p/0/c44fa3c4e7a950ae,2,200,387370,178.348,2343.199,165317
1787856427395,f0a03e7f-82fc-30a1-d9c8-7e5c53830faf,/p/0/b3f4928d987b2c2e,6,200,108608,218.576,2657.608,40867
1787856428420,13587596-966a-e35b-a2db-14109f240e99,/p/10/fa36bb5afdb2cd9c,1,200,343711,220.802,1776.525,193474
1787856426785,b424d79e-db2d-ef5b-2907-de036fc98ca8,/p/0/6753b4b3b232d340,4,200,304463,165.826,3487.812,87293
1787856426510,b496da34-1969-1e28-1135-2dfeb30126a2,/p/0/5a751df26865f4d3,1,200,454135,114.142,3780.082,120139
1787856429158,a482b497-c598-f460-b535-253dc4b16b9c,/p/1/e9e9f3ac2815e2e9,10,200,489032,2.436,1132.622,431770
1787856428941,8abeed0f-c4ae-17bf-d93e-80c2569c650a,/p/0/7bb7949523ec8861,1,200,147861,81.174,1526.473,96864
1787856426785,b424d79e-db2d-ef5b-2907-de036fc98ca8,/p/0/6753b7b3b232d859,4,200,485078,118.534,3739.365,129722
1787856429688,b7f5decf-860e-9512-d124-7c8be3f96e06,/p/1/5546e856d3ff6354,7,200,84887,33.428,893.352,95021
1787856430291,a482b497-c598-f460-b535-253dc4b16b9c,/p/0/5c233c7a067a76e4,11,200,115872,8.703,330.567,350525
1787856430291,a482b497-c598-f460-b535-253dc4b16b9c,/p/0/5c233e7a067a7a4a,11,200,297439,3.871,423.574,702212
1787856430192,4e85034e-284d-37b6-32bc-5864a30da61d,/?crawl=70,0,200,205828,47.298,607.496,338814
1787856430197,13587596-966a-e35b-a2db-14109f240e99,/p/0/d1615f0a5945f4a4,2,200,97180,35.066,704.710,137901
1787856424502,4fad9d75-8cc4-73e8-0717-8145e1cbb21d,/p/0/580b5c2d7cc29418,3,200,484931,323.648,6424.704,75479
1787856425530,6580b497-7260-33e6-853a-421cb072ce02,/p/0/fed35e0a9ab48cf1,1,200,5156601,248.005,5446.980,946690
1787856428251,086f1b1d-08d1-fd87-3b18-cc189a81f4ab,/p/0/66cc63fd6917d423,1,200,304317,122.042,2821.372,107861
1787856430192,bb831df1-80fa-2251-b759-27094d4e1d99,/?crawl=71,0,200,496801,34.105,938.834,529168
1787856423693,127ec6b5-9b34-c9dd-4236-f2e0e0043270,/p/8/2238ef15c8d4fb5b,3,200,5443832,211.238,7627.288,713731
1787856423693,127ec6b5-9b34-c9dd-4236-f2e0e0043270,/p/0/2238ee15c8d4f9a8,3,200,6143923,105.124,7650.411,803084
1787856430197,13587596-966a-e35b-a2db-14109f240e99,/p/9/d161600a5945f657,2,200,139708,199.589,1170.936,119313
1787856430197,13587596-966a-e35b-a2db-14109f240e99,/p/0/d161620a5945f9bd,2,200,234259,35.249,1225.898,191092
1787856429688,b7f5decf-860e-9512-d124-7c8be3f96e06,/p/0/5546e956d3ff6507,7,200,188002,100.398,1778.223,105725
1787856429351,7e254aaa-9053-e362-9e7c-355ad787b03c,/p/0/b1f11744abb399f4,3,200,316019,37.194,2182.881,144772
1787856431185,eabc27bf-56ac-287b-7d84-55c5f39d178d,/?crawl=73,0,200,275025,27.428,482.661,569809
1787856425530,6580b497-7260-33e6-853a-421cb072ce02,/p/1/fed35d0a9ab48b3e,1,200,4615546,270.173,6169.517,748121
1787856430581,b7f5decf-860e-9512-d124-7c8be3f96e06,/p/0/3cfcad1e1f01665b,8,200,77542,184.896,1188.049,65268
1787856429558,960f5816-14e9-4bc1-4216-9cac073893d9,/p/0/58fbcdc371e4bb89,4,200,108881,329.227,2248.517,48423
1787856431320,127ec6b5-9b34-c9dd-4236-f2e0e0043270,/p/0/80ebca9ab38b733f,4,200,233288,24.119,585.229,398627
1787856431320,127ec6b5-9b34-c9dd-4236-f2e0e0043270,/p/7/80ebcc9ab38b76a5,4,200,253641,23.602,597.183,424729
1787856430800,4e85034e-284d-37b6-32bc-5864a30da61d,/p/0/7d5281d0747acd13,1,200,188053,125.269,1145.469,164171
1787856429729,cf640ec1-d22b-40f1-c635-e7b8e69b289c,/p/0/db4a652ee4b99a48,1,200,440153,170.851,2240.950,196414
1787856431667,eabc27bf-56ac-287b-7d84-55c5f39d178d,/p/0/c31385b7b6a9f1a6,1,200,151087,25.812,506.373,298371
1787856429558,960f5816-14e9-4bc1-4216-9cac073893d9,/p/1/58fbccc371e4b9d6,4,200,109480,298.725,2624.831,41709
1787856429729,cf640ec1-d22b-40f1-c635-e7b8e69b289c,/p/0/db4a682ee4b99f61,1,200,374037,34.314,2500.084,149610
1787856429729,cf640ec1-d22b-40f1-c635-e7b8e69b289c,/p/2/db4a662ee4b99bfb,1,200,249017,104.523,2500.039,99605
1787856408735,2a2c0145-8eb4-b3f9-737b-b29b1d4a0eb8,/p/5/11e62d11383a1b24,4,200,3026580,361.409,23495.091,128818
1787856431917,127ec6b5-9b34-c9dd-4236-f2e0e0043270,/p/6/1dd9b00c7cc654f1,5,200,34198,322.821,323.318,105772
1787856429351,7e254aaa-9053-e362-9e7c-355ad787b03c,/p/5/b1f11944abb39d5a,3,200,401669,178.660,2967.082,135375
1787856372407,261b4e26-604a-0c50-7d4b-0fbe13507a44,/p/0/6c5a8864484d62f2,1,200,5885192,401.367,59941.643,98182
1787856429688,b7f5decf-860e-9512-d124-7c8be3f96e06,/p/0/5546ea56d3ff66ba,7,200,331371,33.375,2676.926,123788
1787856432230,cf640ec1-d22b-40f1-c635-e7b8e69b289c,/p/0/df54ac070f49e76d,2,200,75213,35.880,288.249,260931
1787856430581,b7f5decf-860e-9512-d124-7c8be3f96e06,/p/0/3cfcaf1e1f0169c1,8,200,196934,184.913,1951.820,100898
1787856431918,127ec6b5-9b34-c9dd-4236-f2e0e0043270,/p/0/1dd9af0c7cc6533e,5,200,385635,323.216,843.983,456923
1787856432318,7e254aaa-9053-e362-9e7c-355ad787b03c,/p/0/1502ef131e754694,4,200,64225,181.487,505.461,127062
1787856431917,127ec6b5-9b34-c9dd-4236-f2e0e0043270,/p/0/1dd9ae0c7cc6518b,5,200,497038,323.524,969.638,512602
1787856430291,a482b497-c598-f460-b535-253dc4b16b9c,/p/0/5c233d7a067a7897,11,200,4372525,3.942,2674.276,1635031
1787856420185,0d07583f-1995-15cb-40ba-170c2dbb07bd,/?crawl=50,0,200,4839478,55.379,12884.652,375600
1787856425185,18c70cd0-ff7a-5a42-261f-22d2189439a6,/?crawl=58,0,200,484655,207.769,7989.099,60665
1787856430581,b7f5decf-860e-9512-d124-7c8be3f96e06,/p/0/3cfcac1e1f0164a8,8,200,522473,218.759,2628.550,198769
1787856431667,eabc27bf-56ac-287b-7d84-55c5f39d178d,/p/4/c31383b7b6a9ee40,1,200,466423,159.595,1552.637,300407
1787856432241,127ec6b5-9b34-c9dd-4236-f2e0e0043270,/p/0/97d7a984cbd44c69,6,200,15179,856.172,984.224,15422
1787856425990,abdfd042-7448-4f08-4a9f-a9c446459472,/p/4/c55c9813935f4a23,2,200,3231794,507.850,7245.130,446064
1787856428187,90e898f5-7211-3e60-f86a-908fb3705c81,/?crawl=66,0,200,4095295,30.563,5064.728,808591
1787856428941,8abeed0f-c4ae-17bf-d93e-80c2569c650a,/p/0/7bb7939523ec86ae,1,200,259573,442.794,4338.039,59836
1787856433070,0d07583f-1995-15cb-40ba-170c2dbb07bd,/p/0/89321f3ca1d89d31,1,200,177935,6.422,319.333,557208
1787856433070,0d07583f-1995-15cb-40ba-170c2dbb07bd,/p/4/89321d3ca1d899cb,1,200,141788,5.511,328.534,431578
1787856431320,127ec6b5-9b34-c9dd-4236-f2e0e0043270,/p/0/80ebcb9ab38b74f2,4,200,2351828,23.896,2153.886,1091900
1787856433185,eb91cbda-ea09-5a98-7ea6-efbb706e337f,/?crawl=75,0,200,71038,74.676,388.860,182683
1787856432230,cf640ec1-d22b-40f1-c635-e7b8e69b289c,/p/1/df54ab070f49e5ba,2,200,250733,206.634,1378.952,181829
1787856432241,127ec6b5-9b34-c9dd-4236-f2e0e0043270,/p/5/97d7a784cbd44903,6,200,474535,774.923,1486.716,319183
1787856427681,177f7e65-f050-1b41-ad71-57cfc093d833,/p/15/c44fa1c4e7a94d48,2,200,3044780,232.079,6127.028,496942
1787856431668,eabc27bf-56ac-287b-7d84-55c5f39d178d,/p/0/c31384b7b6a9eff3,1,200,455805,141.091,2179.021,209179
1787856433808,177f7e65-f050-1b41-ad71-57cfc093d833,/p/14/85038d3c69663207,3,200,14016,23.300,45.399,308728
1787856431368,13587596-966a-e35b-a2db-14109f240e99,/p/0/fc63dbeaf708ba9f,3,200,318567,146.913,2509.246,126957
1787856433252,90e898f5-7211-3e60-f86a-908fb3705c81,/p/0/210b661626e8b9c2,1,200,117843,145.354,630.122,187016
1787856433609,cf640ec1-d22b-40f1-c635-e7b8e69b289c,/p/0/4426298dabd9f3c1,3,200,27087,205.531,386.387,70103
1787856433609,cf640ec1-d22b-40f1-c635-e7b8e69b289c,/p/0/4426288dabd9f20e,3,200,5680,302.655,386.439,14698
1787856433853,177f7e65-f050-1b41-ad71-57cfc093d833,/p/0/6660057a6f7e24f7,4,200,16088,106.349,180.857,88954
1787856432241,127ec6b5-9b34-c9dd-4236-f2e0e0043270,/p/0/97d7a684cbd44750,6,200,509078,774.893,1819.330,279816
1787856432229,cf640ec1-d22b-40f1-c635-e7b8e69b289c,/p/0/df54a9070f49e254,2,200,390525,175.303,1832.306,213133
1787856429037,f0a03e7f-82fc-30a1-d9c8-7e5c53830faf,/p/0/d4ecc8293fec5ffb,7,200,354662,230.227,5062.824,70052
1787856431368,13587596-966a-e35b-a2db-14109f240e99,/p/0/fc63dceaf708bc52,3,200,399842,73.183,2748.848,145458
1787856405435,4e88ba84-3d06-c2b6-e7cd-81bc55c48c5a,/p/0/e98c3c77095ef54,3,200,334091,2326.613,28837.821,11585
1787856433398,0d07583f-1995-15cb-40ba-170c2dbb07bd,/p/0/268490501c24d6cd,2,200,320343,324.077,933.984,342986
1787856433398,0d07583f-1995-15cb-40ba-170c2dbb07bd,/p/0/26848d501c24d1b4,2,200,299776,325.845,936.300,320171
1787856433609,cf640ec1-d22b-40f1-c635-e7b8e69b289c,/p/0/4426278dabd9f05b,3,200,149383,188.719,741.152,201555
1787856431131,bb831df1-80fa-2251-b759-27094d4e1d99,/p/3/e9e82e72dfdfda66,1,200,522158,93.686,3231.517,161583
1787856434185,42e58cd4-8e8f-da97-94bf-791fde7098b6,/?crawl=76,0,200,29333,75.070,186.499,157283
1787856433174,18c70cd0-ff7a-5a42-261f-22d2189439a6,/p/17/eddf724ffd00e933,1,200,54593,206.422,1263.660,43202
1787856434185,2a665fca-b383-7e86-29ea-aef61e12af4a,/?crawl=77,0,200,68543,53.010,260.666,262953
1787856431700,6580b497-7260-33e6-853a-421cb072ce02,/p/0/9039a1be5e2c86de,2,200,284597,134.143,2794.636,101837
1787856433174,18c70cd0-ff7a-5a42-261f-22d2189439a6,/p/0/eddf714ffd00e780,1,200,21266,523.370,1472.687,14440
1787856433236,abdfd042-7448-4f08-4a9f-a9c446459472,/p/3/14fe4d491e556879,3,200,407346,78.327,1607.867,253346
1787856433728,127ec6b5-9b34-c9dd-4236-f2e0e0043270,/p/0/c2ea72aba532fafb,7,200,430517,332.503,1139.411,377842
1787856433236,abdfd042-7448-4f08-4a9f-a9c446459472,/p/0/14fe4c491e5566c6,3,200,374249,71.695,1669.114,224220
1787856433220,eabc27bf-56ac-287b-7d84-55c5f39d178d,/p/0/4521d65422a17801,2,200,321948,126.528,1727.580,186358
1787856433185,e045437b-5259-e051-763a-af56587214ab,/?crawl=74,0,200,327657,81.154,1855.688,176569
1787856431700,6580b497-7260-33e6-853a-421cb072ce02,/p/0/90399fbe5e2c8378,2,200,473110,45.037,3395.841,139320
1787856433220,eabc27bf-56ac-287b-7d84-55c5f39d178d,/p/3/4521d45422a1749b,2,200,292466,164.878,1920.140,152315
1787856433574,eb91cbda-ea09-5a98-7ea6-efbb706e337f,/p/1/379183e9324bb2b2,1,200,58187,455.695,1583.651,36742
1787856435040,e045437b-5259-e051-763a-af56587214ab,/p/0/cafbd746c6e6a55f,1,200,13253,80.887,122.590,108108
1787856433220,eabc27bf-56ac-287b-7d84-55c5f39d178d,/p/0/4521d35422a172e8,2,200,399032,164.873,2045.313,195096
1787856435185,6654e304-a2bc-3587-97a3-b486e8446ed5,/?crawl=79,0,200,67142,27.128,127.900,524959
1787856432318,7e254aaa-9053-e362-9e7c-355ad787b03c,/p/4/1502f0131e754847,4,200,207307,253.868,3020.525,68633
1787856435140,eabc27bf-56ac-287b-7d84-55c5f39d178d,/p/0/4e5d498ae845e4ef,3,200,49774,125.177,244.951,203200
1787856433853,177f7e65-f050-1b41-ad71-57cfc093d833,/p/13/6660077a6f7e285d,4,200,262722,117.726,1632.207,160961
1787856412514,5343ae77-e93b-799c-bbd1-e45edeb5629d,/p/0/5e0a4df105a04bde,7,200,2989575,203.837,22991.403,130030
1787856434843,abdfd042-7448-4f08-4a9f-a9c446459472,/p/0/f925b8391d1eeffb,4,200,148163,84.271,798.326,185592
1787856405434,4e88ba84-3d06-c2b6-e7cd-81bc55c48c5a,/p/0/e98c5c77095f2ba,3,200,401708,2326.656,30379.736,13223
1787856435486,177f7e65-f050-1b41-ad71-57cfc093d833,/p/12/1669efff62680023,5,200,32719,111.616,488.689,66953
1787856435140,eabc27bf-56ac-287b-7d84-55c5f39d178d,/p/0/4e5d4a8ae845e6a2,3,200,267088,149.492,1079.113,247507
1787856436185,27e759b1-249f-9346-4ac0-29b04ef311f7,/?crawl=82,0,200,387586,10.457,202.376,1915180
1787856436387,27e759b1-249f-9346-4ac0-29b04ef311f7,/p/0/dec08a5ab072eadb,1,200,10377,26.900,30.889,335945
1787856435140,eabc27bf-56ac-287b-7d84-55c5f39d178d,/p/2/4e5d4b8ae845e855,3,200,366130,149.401,1289.184,284001
1787856435158,eb91cbda-ea09-5a98-7ea6-efbb706e337f,/p/0/95e35e706248f4bd,2,200,60482,496.499,1275.259,47427
1787856435040,e045437b-5259-e051-763a-af56587214ab,/p/2/cafbd946c6e6a8c5,1,200,125821,167.414,1435.532,87648
1787856407985,af5739fc-3e3b-f801-7115-c3e70ddf494a,/p/0/edfbd7c19ba2d50e,4,200,2740257,160.517,28499.002,96153
1787856436430,eabc27bf-56ac-287b-7d84-55c5f39d178d,/p/0/ddb14b31f70f22f1,4,200,22466,24.791,61.735,363908
1787856434363,bb831df1-80fa-2251-b759-27094d4e1d99,/p/0/880d174ee0007097,2,200,261823,172.515,2163.042,121044
1787856433853,177f7e65-f050-1b41-ad71-57cfc093d833,/p/0/6660067a6f7e26aa,4,200,395771,106.302,2687.338,147273
1787856436387,27e759b1-249f-9346-4ac0-29b04ef311f7,/p/3/dec0895ab072e928,1,200,197981,39.373,266.864,741878
1787856434185,6271bd88-39fe-b790-70e7-31c272a34c8a,/?crawl=78,0,200,471068,127.961,2502.721,188222
1787856435313,6654e304-a2bc-3587-97a3-b486e8446ed5,/p/0/853ada5f84b78cb1,1,200,289527,25.595,1516.850,190874
1787856436387,27e759b1-249f-9346-4ac0-29b04ef311f7,/p/0/dec08b5ab072ec8e,1,200,451347,9.971,485.017,930579
1787856436485,af5739fc-3e3b-f801-7115-c3e70ddf494a,/p/0/2da796ca345ce0b9,6,200,41044,147.045,481.005,85330
1787856436654,27e759b1-249f-9346-4ac0-29b04ef311f7,/p/2/6464c578010176e2,2,200,212590,56.929,358.791,592517
1787856435040,e045437b-5259-e051-763a-af56587214ab,/p/0/cafbd846c6e6a712,1,200,205674,326.183,2005.438,102558
1787856436476,e045437b-5259-e051-763a-af56587214ab,/p/1/87de5e3d47e0ba27,2,200,54711,569.904,615.865,88836
1787856427322,90391e6b-0104-3883-6817-53d2eea974a5,/p/4/3ff7bb423fe1eb63,1,200,3766469,33.699,9844.269,382605
1787856437166,90391e6b-0104-3883-6817-53d2eea974a5,/p/3/d3404af2b54e5f5c,2,200,7681,30.018,44.913,171018
1787856418335,004af7fb-75f9-a808-d06e-1dea4adae787,/p/0/6fd7fd28f68ec275,1,200,4010886,21.753,18920.926,211981
1787856436654,27e759b1-249f-9346-4ac0-29b04ef311f7,/p/0/6464c3780101737c,2,200,258199,56.968,678.674,380446
1787856426431,fd3a42dd-046f-b801-235d-251f46f9ee83,/p/0/f883e05ec4458ce6,3,200,2895742,95.211,10915.401,265290
1787856436185,3b42866f-ef8e-f982-191d-e02ee3f7dbab,/?crawl=81,0,200,177208,50.371,1165.955,151985
1787856432230,2a2c0145-8eb4-b3f9-737b-b29b1d4a0eb8,/p/0/d63d717f47e4e132,5,200,313172,358.160,5133.065,61011
1787856436476,e045437b-5259-e051-763a-af56587214ab,/p/0/87de603d47e0bd8d,2,200,181771,569.965,939.909,193392
1787856436476,e045437b-5259-e051-763a-af56587214ab,/p/0/87de5d3d47e0b874,2,200,186150,530.620,940.645,197896
1787856437351,3b42866f-ef8e-f982-191d-e02ee3f7dbab,/p/0/98ff87736e43c7fb,1,200,5562,68.935,103.070,53963
1787856437013,27e759b1-249f-9346-4ac0-29b04ef311f7,/p/0/804fda4f7936f11e,3,200,191435,56.648,504.625,379361
1787856437092,e045437b-5259-e051-763a-af56587214ab,/p/0/f804157638d5343f,3,200,247344,325.060,446.237,554289
1787856437092,e045437b-5259-e051-763a-af56587214ab,/p/0/f804177638d537a5,3,200,472618,324.911,461.567,1023941
1787856433728,127ec6b5-9b34-c9dd-4236-f2e0e0043270,/p/4/c2ea71aba532f948,7,200,4121707,333.761,3829.848,1076207
1787856437092,e045437b-5259-e051-763a-af56587214ab,/p/0/f804147638d5328c,3,200,377065,333.539,481.270,783480
1787856437013,27e759b1-249f-9346-4ac0-29b04ef311f7,/p/0/804fd94f7936ef6b,3,200,316670,60.306,693.405,456689
1787856437013,27e759b1-249f-9346-4ac0-29b04ef311f7,/p/1/804fd84f7936edb8,3,200,361784,41.067,701.628,515635
1787856436185,c1a7b5c3-b60c-0d22-2a8b-c48e15f1e6bf,/?crawl=80,0,200,139907,131.337,1547.890,90386
1787856437715,27e759b1-249f-9346-4ac0-29b04ef311f7,/p/0/437c4e62def174a3,4,200,11869,40.262,59.836,198359
1787856433070,0d07583f-1995-15cb-40ba-170c2dbb07bd,/p/0/89321c3ca1d89818,1,200,5077901,5.138,4809.131,1055888
1787856433398,0d07583f-1995-15cb-40ba-170c2dbb07bd,/p/3/26848e501c24d367,2,200,5030383,925.232,4483.618,1121947
1787856433728,127ec6b5-9b34-c9dd-4236-f2e0e0043270,/p/0/c2ea73aba532fcae,7,200,5103541,333.469,4180.913,1220676
1787856430052,f0a03e7f-82fc-30a1-d9c8-7e5c53830faf,/p/0/d4ecc9293fec61ae,7,200,452325,270.030,7858.160,57561
1787856425990,abdfd042-7448-4f08-4a9f-a9c446459472,/p/0/c55c9713935f4870,2,200,4974904,507.799,11977.595,415351
1787856437211,90391e6b-0104-3883-6817-53d2eea974a5,/p/0/1f19ee1241e4c931,3,200,69985,264.242,814.053,85971
1787856437715,27e759b1-249f-9346-4ac0-29b04ef311f7,/p/0/437c4f62def17656,4,200,300177,40.322,361.315,830790
1787856437715,27e759b1-249f-9346-4ac0-29b04ef311f7,/p/0/437c4d62def172f0,4,200,264324,47.740,470.054,562327
1787856436430,eabc27bf-56ac-287b-7d84-55c5f39d178d,/p/0/ddb14831f70f1dd8,4,200,518364,121.638,1813.899,285773
1787856435338,7e254aaa-9053-e362-9e7c-355ad787b03c,/p/0/a7aeafc4205be608,5,200,255589,248.664,2996.961,85283
1787856438185,61790f54-443e-59eb-4fbd-b6cde9b1156c,/?crawl=83,0,200,211621,24.709,367.920,575182
1787856412514,5343ae77-e93b-799c-bbd1-e45edeb5629d,/p/0/5e0a4cf105a04a2b,7,200,4034866,163.812,26060.967,154824
1787856424936,abbb387b-4f86-7d63-70db-9548007d9e6a,/p/0/5827ff134fb8c2bd,8,200,4466223,95.669,13694.610,326130
1787856437882,0d07583f-1995-15cb-40ba-170c2dbb07bd,/p/0/68d94845827b922c,3,200,74671,230.483,1013.938,73645
1787856437558,127ec6b5-9b34-c9dd-4236-f2e0e0043270,/p/0/a278736dcbe09303,8,200,272009,350.992,1389.654,195739
1787856437558,127ec6b5-9b34-c9dd-4236-f2e0e0043270,/p/0/a278746dcbe094b6,8,200,515409,352.817,1397.310,368858
1787856434371,42e58cd4-8e8f-da97-94bf-791fde7098b6,/p/0/a4272d8b9db0baec,1,200,331144,74.086,4708.757,70325
1787856436966,af5739fc-3e3b-f801-7115-c3e70ddf494a,/p/0/2da793ca345cdba0,6,200,203050,123.493,2118.801,95833
1787856437882,0d07583f-1995-15cb-40ba-170c2dbb07bd,/p/2/68d94a45827b9592,3,200,141472,69.025,1255.903,112646
1787856417185,2fba42e8-5e36-2b83-592c-21998b9fdaab,/?crawl=42,0,200,5565783,59.529,21996.512,253030
1787856437211,90391e6b-0104-3883-6817-53d2eea974a5,/p/2/1f19ec1241e4c5cb,3,200,180122,230.586,2017.156,89295
1787856437166,90391e6b-0104-3883-6817-53d2eea974a5,/p/0/d3404cf2b54e62c2,2,200,265474,44.845,2145.043,123762
1787856435338,7e254aaa-9053-e362-9e7c-355ad787b03c,/p/0/a7aeb2c4205beb21,5,200,386670,174.847,4075.776,94870
1787856433252,90e898f5-7211-3e60-f86a-908fb3705c81,/p/0/210b641626e8b65c,1,200,2579791,19.160,6184.543,417135
1787856437351,3b42866f-ef8e-f982-191d-e02ee3f7dbab,/p/0/98ff88736e43c9ae,1,200,188524,103.037,2179.046,86517
1787856436654,27e759b1-249f-9346-4ac0-29b04ef311f7,/p/0/6464c67801017895,2,200,3726083,39.476,2958.675,1259376
1787856437882,0d07583f-1995-15cb-40ba-170c2dbb07bd,/p/0/68d94b45827b9745,3,200,219597,40.213,1903.999,115335
1787856402751,25755ddd-1846-1307-4310-a25302cf36e6,/p/2/97074ba1c10e8d4d,2,200,3768446,290.732,37045.175,101726
1787856426397,b424d79e-db2d-ef5b-2907-de036fc98ca8,/p/0/acec734462a6674a,3,200,2590938,168.257,13434.249,192861
1787856426431,fd3a42dd-046f-b801-235d-251f46f9ee83,/p/0/f883de5ec4458980,3,200,4076983,103.677,13558.232,300702
1787856437211,90391e6b-0104-3883-6817-53d2eea974a5,/p/0/1f19eb1241e4c418,3,200,257504,264.168,3119.304,82552
1787856432183,960f5816-14e9-4bc1-4216-9cac073893d9,/p/0/13a0c7c6f5453b29,5,200,443301,352.712,8175.151,54225
1787856425034,fd3a42dd-046f-b801-235d-251f46f9ee83,/p/0/96186530a46bbbfd,2,200,5210522,90.645,15376.856,338855
1787856437351,3b42866f-ef8e-f982-191d-e02ee3f7dbab,/p/15/98ff89736e43cb61,1,200,473072,103.002,3217.068,147051
1787856433574,eb91cbda-ea09-5a98-7ea6-efbb706e337f,/p/0/379184e9324bb465,1,200,480500,67.348,7072.754,67937
1787856426294,ef44109d-8893-9a72-4fa7-22e45c5ab82f,/p/9/691139ad0ab03bbe,3,200,5836263,231.893,14444.271,404054
1787856434371,42e58cd4-8e8f-da97-94bf-791fde7098b6,/p/1/a4272e8b9db0bc9f,1,200,466319,110.716,6412.420,72721
1787856436541,177f7e65-f050-1b41-ad71-57cfc093d833,/p/0/c0220ea88c9fc5f1,6,200,497133,125.738,4284.758,116024
1787856433574,eb91cbda-ea09-5a98-7ea6-efbb706e337f,/p/0/379181e9324baf4c,1,200,352629,213.842,7326.746,48129
1787856440738,ef44109d-8893-9a72-4fa7-22e45c5ab82f,/p/0/3e5e99f3d431ac82,4,200,31717,88.898,266.839,118862
1787856435158,eb91cbda-ea09-5a98-7ea6-efbb706e337f,/p/0/95e35b706248efa4,2,200,246249,462.044,5924.075,41568
1787856439138,0d07583f-1995-15cb-40ba-170c2dbb07bd,/p/0/66662339ef5f0100,4,200,165465,322.297,2079.999,79551
1787856415629,af5739fc-3e3b-f801-7115-c3e70ddf494a,/p/0/c45f51294aaa98b1,5,200,2429989,133.705,25749.769,94369
1787856439181,2fba42e8-5e36-2b83-592c-21998b9fdaab,/p/0/dc6da6cb61f3caaf,1,200,204939,56.525,2211.606,92665
1787856440185,cc8aa517-4547-7425-98a0-5b3554abed48,/?crawl=84,0,200,372821,48.645,1213.940,307117
1787856441399,cc8aa517-4547-7425-98a0-5b3554abed48,/p/1/533e898c2c14ad9a,1,200,9685,47.326,70.526,137325
1787856441185,197c4e67-17f3-d4de-4aa4-d4565623f155,/?crawl=86,0,200,168787,27.037,320.130,527246
1787856408512,5343ae77-e93b-799c-bbd1-e45edeb5629d,/p/0/b31b8f9a0a7720ae,6,200,6199092,132.502,33047.493,187581
1787856440738,ef44109d-8893-9a72-4fa7-22e45c5ab82f,/p/0/3e5e98f3d431aacf,4,200,251450,30.108,1119.516,224606
1787856439138,0d07583f-1995-15cb-40ba-170c2dbb07bd,/p/0/66662639ef5f0619,4,200,224466,322.181,2729.167,82247
1787856418335,004af7fb-75f9-a808-d06e-1dea4adae787,/p/0/6fd7fa28f68ebd5c,1,200,5758434,43.967,23583.546,244172
1787856436430,eabc27bf-56ac-287b-7d84-55c5f39d178d,/p/1/ddb14931f70f1f8b,4,200,2778736,61.663,5662.586,490719
1787856441505,197c4e67-17f3-d4de-4aa4-d4565623f155,/p/0/2c69dfd102dec327,1,200,90408,79.963,636.576,142022
1787856440784,42e58cd4-8e8f-da97-94bf-791fde7098b6,/p/0/bbe61c7a781b6803,2,200,27993,371.500,1411.896,19827
1787856430800,4e85034e-284d-37b6-32bc-5864a30da61d,/p/4/7d5283d0747ad079,1,200,2455803,125.085,11544.133,212732
1787856439796,25755ddd-1846-1307-4310-a25302cf36e6,/p/1/2e25c1d68e1f4957,3,200,148303,352.469,2552.962,58091
1787856418185,de646cae-5c60-ee04-a486-8498cd78bb8b,/?crawl=45,0,200,5921331,62.373,24248.373,244195
1787856440826,177f7e65-f050-1b41-ad71-57cfc093d833,/p/0/c0220ba88c9fc0d8,6,200,129069,162.370,1675.796,77019
1787856439229,90391e6b-0104-3883-6817-53d2eea974a5,/p/0/3106171b82a90e43,4,200,394285,178.482,3512.688,112246
1787856439229,90391e6b-0104-3883-6817-53d2eea974a5,/p/0/3106181b82a90ff6,4,200,440029,178.538,3514.066,125219
1787856442092,eabc27bf-56ac-287b-7d84-55c5f39d178d,/p/0/24a68220c265e94b,5,200,91705,146.244,672.260,136413
1787856439796,25755ddd-1846-1307-4310-a25302cf36e6,/p/0/2e25c0d68e1f47a4,3,200,118191,319.481,3043.196,38838
1787856423591,64656e48-5813-3319-f102-39ca01a5e9ed,/p/0/968b458fa43f1c2a,5,200,2351693,155.973,19368.544,121418
1787856428941,8abeed0f-c4ae-17bf-d93e-80c2569c650a,/p/0/7bb7929523ec84fb,1,200,2140777,405.558,14056.623,152297
1787856433252,90e898f5-7211-3e60-f86a-908fb3705c81,/p/0/210b671626e8bb75,1,200,4817026,135.447,9819.966,490534
1787856440568,3b42866f-ef8e-f982-191d-e02ee3f7dbab,/p/0/e0f87e326347f03,2,200,199950,69.192,2886.487,69271
1787856442092,eabc27bf-56ac-287b-7d84-55c5f39d178d,/p/0/24a68120c265e798,5,200,277805,24.393,1485.833,186969
1787856422751,64656e48-5813-3319-f102-39ca01a5e9ed,/p/0/882a6fbbbb47088a,4,200,2709948,193.712,20970.878,129224
1787856442092,eabc27bf-56ac-287b-7d84-55c5f39d178d,/p/0/24a68320c265eafe,5,200,252698,146.311,1641.002,153990
1787856441505,197c4e67-17f3-d4de-4aa4-d4565623f155,/p/0/2c69e0d102dec4da,1,200,455642,26.842,2244.054,203044
1787856442433,de646cae-5c60-ee04-a486-8498cd78bb8b,/p/0/49034e6dcd58cf83,1,200,142826,63.500,1337.355,106797
1787856439796,25755ddd-1846-1307-4310-a25302cf36e6,/p/0/2e25c3d68e1f4cbd,3,200,250582,319.528,3989.900,62804
1787856426397,b424d79e-db2d-ef5b-2907-de036fc98ca8,/p/0/acec724462a66597,3,200,3448311,212.959,17400.651,198171
1787856442185,76b107c0-bc6f-06ab-e91f-c4cf3198541b,/?crawl=87,0,200,339881,72.232,1654.836,205387
1787856421852,004af7fb-75f9-a808-d06e-1dea4adae787,/p/1/c8763e08347f4a47,4,200,6223742,117.725,22051.296,282239
1787856431185,88813542-f4e5-4da8-dcb0-d1d0e671f292,/?crawl=72,0,200,4832719,37.158,12744.326,379206
1787856440568,3b42866f-ef8e-f982-191d-e02ee3f7dbab,/p/0/e0f88e3263480b6,2,200,305478,345.386,3406.634,89672
1787856443929,88813542-f4e5-4da8-dcb0-d1d0e671f292,/p/3/567dd9154b44e453,1,200,26775,48.630,118.422,226098
1787856440568,3b42866f-ef8e-f982-191d-e02ee3f7dbab,/p/14/e0f89e326348269,2,200,229757,69.183,3507.449,65505
1787856444076,3b42866f-ef8e-f982-191d-e02ee3f7dbab,/p/0/38b160ac3d8cbb2d,3,200,65497,67.319,344.812,189950
1787856444186,746855b2-08ac-43e0-f82e-05721efd680b,/?crawl=89,0,200,57286,68.534,298.652,191815
1787856444186,b274dc61-775b-6ef8-f181-369a9498ecd1,/?crawl=90,0,200,152520,54.363,526.847,289496
1787856444048,88813542-f4e5-4da8-dcb0-d1d0e671f292,/p/2/afb17608dc7e5a16,2,200,16051,366.405,796.549,20151
1787856423591,64656e48-5813-3319-f102-39ca01a5e9ed,/p/0/968b448fa43f1a77,5,200,3392505,170.075,21290.040,159347
1787856437911,f0a03e7f-82fc-30a1-d9c8-7e5c53830faf,/p/0/80d95e08987d2e31,8,200,414215,188.502,7121.037,58168
1787856434843,abdfd042-7448-4f08-4a9f-a9c446459472,/p/2/f925ba391d1ef361,4,200,3070310,92.293,10316.393,297615
1787856442433,de646cae-5c60-ee04-a486-8498cd78bb8b,/p/0/49034f6dcd58d136,1,200,279096,747.124,2955.106,94445
1787856444186,2cb013fa-4b1b-38be-69b2-a610e6530db6,/?crawl=91,0,200,300095,66.397,1347.585,222691
1787856425012,b424d79e-db2d-ef5b-2907-de036fc98ca8,/p/0/31d4a0d10a6e2cef,2,200,5201525,71.174,20563.631,252948
1787856444844,88813542-f4e5-4da8-dcb0-d1d0e671f292,/p/0/3c9835e0c2ce5105,3,200,34847,185.044,780.596,44642
1787856417485,4fad9d75-8cc4-73e8-0717-8145e1cbb21d,/p/0/44945bf1dce3a752,1,200,5020451,165.346,28145.612,178374
1787856443903,004af7fb-75f9-a808-d06e-1dea4adae787,/p/0/3f206faed182db78,5,200,430616,29.300,1872.757,229937
1787856442344,4e85034e-284d-37b6-32bc-5864a30da61d,/p/0/1f7aad81c24a9ca7,2,200,159486,523.234,3455.098,46160
1787856443903,004af7fb-75f9-a808-d06e-1dea4adae787,/p/0/3f2071aed182dede,5,200,380115,185.251,1931.805,196767
1787856440784,42e58cd4-8e8f-da97-94bf-791fde7098b6,/p/0/bbe61b7a781b6650,2,200,298864,408.676,5077.681,58858
1787856431700,6580b497-7260-33e6-853a-421cb072ce02,/p/0/9039a2be5e2c8891,2,200,3722889,156.581,14277.146,260759
1787856407973,af5739fc-3e3b-f801-7115-c3e70ddf494a,/p/0/edfbd6c19ba2d35b,4,200,3824404,135.489,38022.586,100582
1787856404895,af5739fc-3e3b-f801-7115-c3e70ddf494a,/p/0/d0972b482e4bc05e,2,200,4592554,122.398,41185.729,111508
1787856422286,b5c49c79-bead-34df-2cd4-74c07c3e1879,/p/0/1c9c729a36738fde,1,200,4532711,275.652,23865.421,189928
1787856443903,004af7fb-75f9-a808-d06e-1dea4adae787,/p/0/3f2070aed182dd2b,5,200,518561,207.847,2285.221,226919
1787856422286,b5c49c79-bead-34df-2cd4-74c07c3e1879,/p/0/1c9c709a36738c78,1,200,4712190,60.229,23950.148,196750
1787856428187,f39399a4-8900-75e0-407c-6bd2727bc2a8,/?crawl=65,0,200,5584722,53.869,18117.102,308257
1787856446185,990f19dd-ccb6-6859-77af-76fd1c5a45e1,/?crawl=93,0,200,129054,23.161,181.554,710829
1787856442433,de646cae-5c60-ee04-a486-8498cd78bb8b,/p/3/4903506dcd58d2e9,1,200,452570,466.052,3991.911,113372
1787856431368,13587596-966a-e35b-a2db-14109f240e99,/p/8/fc63daeaf708b8ec,3,200,4899044,108.285,15229.615,321679
1787856441469,cc8aa517-4547-7425-98a0-5b3554abed48,/p/0/df2b390b3ca2fd17,2,200,206533,256.935,5202.486,39699
1787856445160,abdfd042-7448-4f08-4a9f-a9c446459472,/p/0/e199f8c6e988ab97,5,200,357579,69.779,1585.514,225529
1787856444713,b274dc61-775b-6ef8-f181-369a9498ecd1,/p/0/d65a5101a2dcaec4,1,200,234357,46.578,2034.972,115165
1787856446185,60a6c7c2-ab0b-331d-1d8c-8445d3a91e6b,/?crawl=94,0,200,286981,47.663,933.649,307376
1787856444075,3b42866f-ef8e-f982-191d-e02ee3f7dbab,/p/13/38b15fac3d8cb97a,3,200,287908,380.755,3043.331,94603
1787856442344,4e85034e-284d-37b6-32bc-5864a30da61d,/p/0/1f7aae81c24a9e5a,2,200,356713,352.299,4851.814,73522
1787856445160,abdfd042-7448-4f08-4a9f-a9c446459472,/p/1/e199fac6e988aefd,5,200,484425,77.516,2125.094,227955
1787856447185,bd168724-5d28-0de5-28d5-d5cc6188d288,/?crawl=96,0,200,30762,45.041,102.680,299592
1787856441505,197c4e67-17f3-d4de-4aa4-d4565623f155,/p/1/2c69ded102dec174,1,200,2430026,79.994,5796.117,419251
1787856446425,de646cae-5c60-ee04-a486-8498cd78bb8b,/p/0/a52a2ace64c50e21,2,200,33641,355.328,917.534,36665
1787856444845,88813542-f4e5-4da8-dcb0-d1d0e671f292,/p/1/3c9834e0c2ce4f52,3,200,239797,200.468,2638.142,90896
1787856446597,13587596-966a-e35b-a2db-14109f240e99,/p/0/35cdfad2c3c9a749,4,200,85687,38.401,889.286,96355
1787856443840,76b107c0-bc6f-06ab-e91f-c4cf3198541b,/p/0/bfd4332e9779b5d4,1,200,187680,366.308,3803.023,49350
1787856446598,13587596-966a-e35b-a2db-14109f240e99,/p/0/35cdf7d2c3c9a230,4,200,179364,56.746,1148.604,156158
1787856440784,42e58cd4-8e8f-da97-94bf-791fde7098b6,/p/0/bbe61d7a781b69b6,2,200,505976,371.491,7117.112,71093
1787856446304,f39399a4-8900-75e0-407c-6bd2727bc2a8,/p/0/8da112b8924dc715,1,200,134246,139.370,1629.265,82397
1787856425185,fcbe7fba-5eb3-773b-84c6-6564d1bed704,/?crawl=56,0,200,154767,53.304,22749.923,6803
1787856445185,559377b6-de2d-0a7f-7e14-746353f2320f,/?crawl=92,0,200,2283139,25.346,2772.380,823530
1787856402751,25755ddd-1846-1307-4310-a25302cf36e6,/p/0/97074aa1c10e8b9a,2,200,4576145,131.071,45213.808,101211
1787856442349,25755ddd-1846-1307-4310-a25302cf36e6,/p/0/a2e00db8b38d3cf9,4,200,256045,425.968,5647.021,45342
1787856447185,c3c2237a-311e-5868-86ef-5899203ffb01,/?crawl=97,0,200,291934,44.141,822.995,354722
1787856447118,60a6c7c2-ab0b-331d-1d8c-8445d3a91e6b,/p/0/88b0fe8b5070db91,1,200,140780,45.442,997.295,141162
1787856444048,88813542-f4e5-4da8-dcb0-d1d0e671f292,/p/0/afb17408dc7e56b0,2,200,251692,406.935,4147.250,60689
1787856447285,abdfd042-7448-4f08-4a9f-a9c446459472,/p/0/dce464c85b5b9a68,6,200,113290,79.972,945.085,119873
1787856418959,52d8c071-eefb-9ce5-6e83-0a62ce771785,/p/0/828b4394f796be27,4,200,309276,694.331,29278.689,10563
1787856434844,abdfd042-7448-4f08-4a9f-a9c446459472,/p/0/f925b9391d1ef1ae,4,200,3983172,92.266,13509.827,294835
1787856444048,88813542-f4e5-4da8-dcb0-d1d0e671f292,/p/0/afb17708dc7e5bc9,2,200,286544,366.391,4318.865,66347
1787856444713,b274dc61-775b-6ef8-f181-369a9498ecd1,/p/0/d65a5401a2dcb3dd,1,200,463080,307.748,3681.531,125785
1787856447285,abdfd042-7448-4f08-4a9f-a9c446459472,/p/0/dce466c85b5b9dce,6,200,175863,91.023,1114.120,157849
1787856447185,83c52f56-2ce2-e3db-ed1f-5d49e307a056,/?crawl=98,0,200,349550,55.524,1292.301,270486
1787856446305,f39399a4-8900-75e0-407c-6bd2727bc2a8,/p/5/8da110b8924dc3af,1,200,240514,160.348,2271.881,105866
1787856446597,13587596-966a-e35b-a2db-14109f240e99,/p/7/35cdf8d2c3c9a3e3,4,200,507323,56.815,1984.797,255605
1787856447301,197c4e67-17f3-d4de-4aa4-d4565623f155,/p/0/454117e4a358751e,2,200,287144,25.109,1301.332,220654
1787856447118,60a6c7c2-ab0b-331d-1d8c-8445d3a91e6b,/p/2/88b0fc8b5070d82b,1,200,158051,295.487,1577.050,100219
1787856418959,52d8c071-eefb-9ce5-6e83-0a62ce771785,/p/8/828b4294f796bc74,4,200,382459,1703.302,29747.817,12857
1787856447287,bd168724-5d28-0de5-28d5-d5cc6188d288,/p/0/af85a64679a6c29e,1,200,209187,59.854,1445.148,144751
1787856445533,2cb013fa-4b1b-38be-69b2-a610e6530db6,/p/0/42effda40e41bc17,1,200,237975,283.229,3236.743,73523
1787856447935,fcbe7fba-5eb3-773b-84c6-6564d1bed704,/p/0/fdb01c6e1d7a5c8a,1,200,79810,149.945,933.741,85473
1787856448576,f39399a4-8900-75e0-407c-6bd2727bc2a8,/p/4/ce47bacfdbaf3d4d,2,200,24904,230.929,525.776,47366
1787856442349,25755ddd-1846-1307-4310-a25302cf36e6,/p/0/a2e00bb8b38d3993,4,200,443248,426.688,6822.215,64971
1787856446425,de646cae-5c60-ee04-a486-8498cd78bb8b,/p/0/a52a27ce64c50908,2,200,246365,266.688,2781.652,88568
1787856444075,3b42866f-ef8e-f982-191d-e02ee3f7dbab,/p/0/38b15dac3d8cb614,3,200,409170,345.028,5184.532,78921
1787856447285,abdfd042-7448-4f08-4a9f-a9c446459472,/p/0/dce465c85b5b9c1b,6,200,479726,79.961,1981.052,242157
1787856423235,261b4e26-604a-0c50-7d4b-0fbe13507a44,/p/0/111cd734f4a38e25,4,200,6136921,328.507,26076.749,235341
1787856448195,88813542-f4e5-4da8-dcb0-d1d0e671f292,/p/0/58d8bb59f1fff674,4,200,37297,210.939,1150.369,32422
1787856447301,197c4e67-17f3-d4de-4aa4-d4565623f155,/p/0/454115e4a35871b8,2,200,405080,25.095,2083.575,194416
1787856447957,559377b6-de2d-0a7f-7e14-746353f2320f,/p/0/fd2efbbccc129aea,1,200,406696,92.716,1495.188,272003
1787856446305,f39399a4-8900-75e0-407c-6bd2727bc2a8,/p/0/8da10fb8924dc1fc,1,200,475128,45.439,3149.117,150877
1787856446425,de646cae-5c60-ee04-a486-8498cd78bb8b,/p/2/a52a28ce64c50abb,2,200,401499,355.031,3048.159,131719
1787856447301,197c4e67-17f3-d4de-4aa4-d4565623f155,/p/0/454118e4a35876d1,2,200,512982,25.077,2184.935,234781
1787856443840,76b107c0-bc6f-06ab-e91f-c4cf3198541b,/p/0/bfd4362e9779baed,1,200,429707,434.884,5738.376,74883
1787856447957,559377b6-de2d-0a7f-7e14-746353f2320f,/p/1/fd2efcbccc129c9d,1,200,444606,92.707,1637.061,271588
1787856448477,83c52f56-2ce2-e3db-ed1f-5d49e307a056,/p/0/3b07a614fe04fe2c,1,200,141510,51.967,1157.902,122212
1787856442349,25755ddd-1846-1307-4310-a25302cf36e6,/p/0/a2e00ab8b38d37e0,4,200,402972,875.975,7302.076,55186
1787856449185,90835995-0b11-67e7-a962-143c70ceab95,/?crawl=101,0,200,87898,75.289,481.095,182704
1787856447287,bd168724-5d28-0de5-28d5-d5cc6188d288,/p/17/af85a74679a6c451,1,200,364756,198.125,2427.148,150282
1787856447118,60a6c7c2-ab0b-331d-1d8c-8445d3a91e6b,/p/0/88b0fb8b5070d678,1,200,332318,366.235,2694.911,123313
1787856448008,c3c2237a-311e-5868-86ef-5899203ffb01,/p/3/1c1b51e8e50bce3e,1,200,274429,226.471,1825.091,150365
1787856445533,2cb013fa-4b1b-38be-69b2-a610e6530db6,/p/0/42effca40e41ba64,1,200,413636,64.278,4312.251,95921
1787856437558,127ec6b5-9b34-c9dd-4236-f2e0e0043270,/p/3/a278756dcbe09669,8,200,4047443,352.937,12333.383,328170
1787856448477,83c52f56-2ce2-e3db-ed1f-5d49e307a056,/p/1/3b07a714fe04ffdf,1,200,136834,156.309,1685.988,81160
1787856449891,127ec6b5-9b34-c9dd-4236-f2e0e0043270,/p/0/e5696b16c503b6fa,9,200,54550,71.101,321.200,169832
1787856432230,2a2c0145-8eb4-b3f9-737b-b29b1d4a0eb8,/p/4/d63d727f47e4e2e5,5,200,4731631,69.600,18020.873,262564
1787856432230,2a2c0145-8eb4-b3f9-737b-b29b1d4a0eb8,/p/0/d63d707f47e4df7f,5,200,4881812,358.338,18031.566,270737
1787856433235,abdfd042-7448-4f08-4a9f-a9c446459472,/p/0/14fe4b491e556513,3,200,5208746,78.484,17031.626,305828
1787856422681,64656e48-5813-3319-f102-39ca01a5e9ed,/p/0/8241adb3fec6d01b,3,200,5938975,70.224,27599.903,215181
1787856447287,bd168724-5d28-0de5-28d5-d5cc6188d288,/p/0/af85a54679a6c0eb,1,200,449692,40.045,3039.785,147935
1787856450251,2a2c0145-8eb4-b3f9-737b-b29b1d4a0eb8,/p/3/fee1f4438a07603,6,200,7668,73.480,109.710,69894
1787856448008,c3c2237a-311e-5868-86ef-5899203ffb01,/p/0/1c1b4fe8e50bcad8,1,200,316889,41.266,2439.624,129893
1787856449833,c3c2237a-311e-5868-86ef-5899203ffb01,/p/2/d3d41b3d64893ae8,2,200,62369,622.377,624.719,99835
1787856449833,c3c2237a-311e-5868-86ef-5899203ffb01,/p/0/d3d41d3d64893e4e,2,200,363228,622.590,629.116,577363
1787856448582,13587596-966a-e35b-a2db-14109f240e99,/p/6/aee2496591829349,5,200,353670,37.411,1899.185,186222
1787856448185,6679fb15-6ba1-670e-5f31-494a9485317f,/?crawl=100,0,200,296301,156.295,2308.434,128356
1787856440738,ef44109d-8893-9a72-4fa7-22e45c5ab82f,/p/8/3e5e9af3d431ae35,4,200,4223104,103.709,9755.808,432881
1787856448696,60a6c7c2-ab0b-331d-1d8c-8445d3a91e6b,/p/0/ac26f4231a5b7dea,2,200,179792,229.982,1876.298,95823
1787856449715,bd168724-5d28-0de5-28d5-d5cc6188d288,/p/0/2e6e0d1902b8a469,2,200,95392,196.100,1001.393,95259
1787856431131,bb831df1-80fa-2251-b759-27094d4e1d99,/p/0/e9e82c72dfdfd700,1,200,3160194,26.235,19602.174,161217
1787856449594,559377b6-de2d-0a7f-7e14-746353f2320f,/p/0/19c5c452c289b4ed,2,200,193768,141.446,1208.621,160322
1787856405516,af5739fc-3e3b-f801-7115-c3e70ddf494a,/p/0/29c0794ee6f02d29,3,200,5948069,169.701,45326.938,131226
1787856449715,bd168724-5d28-0de5-28d5-d5cc6188d288,/p/16/2e6e0b1902b8a103,2,200,113333,214.884,1198.243,94583
1787856449715,bd168724-5d28-0de5-28d5-d5cc6188d288,/p/0/2e6e0a1902b89f50,2,200,135290,196.035,1278.159,105848
1787856447935,fcbe7fba-5eb3-773b-84c6-6564d1bed704,/p/2/fdb01d6e1d7a5e3d,1,200,230316,150.028,3101.542,74259
1787856449594,559377b6-de2d-0a7f-7e14-746353f2320f,/p/0/19c5c252c289b187,2,200,275840,119.828,1471.292,187481
1787856437167,90391e6b-0104-3883-6817-53d2eea974a5,/p/0/d3404bf2b54e610f,2,200,4248147,177.104,13980.643,303859
1787856441185,b320bc69-c921-e450-a54d-946229d6d387,/?crawl=85,0,200,491677,301.861,10041.036,48967
1787856450913,bd168724-5d28-0de5-28d5-d5cc6188d288,/p/15/f2072947cf85f39,3,200,50675,177.415,357.152,141886
1787856445032,f0a03e7f-82fc-30a1-d9c8-7e5c53830faf,/p/0/80d95b08987d2918,8,200,360308,280.238,6244.175,57703
1787856451036,fcbe7fba-5eb3-773b-84c6-6564d1bed704,/p/0/681e6499e4553fbf,2,200,20987,312.462,490.536,42784
1787856451271,bd168724-5d28-0de5-28d5-d5cc6188d288,/p/0/d9c35cb67482e13f,4,200,10398,275.720,315.854,32920
1787856450494,ef44109d-8893-9a72-4fa7-22e45c5ab82f,/p/0/25cfafc869234ab9,5,200,174111,145.386,1127.507,154421
1787856450913,bd168724-5d28-0de5-28d5-d5cc6188d288,/p/0/f2071947cf85d86,3,200,83861,99.413,752.956,111376
1787856449102,f39399a4-8900-75e0-407c-6bd2727bc2a8,/p/0/a043a169f464e7ef,3,200,174719,254.937,2625.690,66542
1787856450458,c3c2237a-311e-5868-86ef-5899203ffb01,/p/1/fec3184387ebdae0,3,200,88998,959.253,1280.489,69503
1787856450494,ef44109d-8893-9a72-4fa7-22e45c5ab82f,/p/7/25cfaec869234906,5,200,201256,42.956,1274.266,157939
1787856449473,de646cae-5c60-ee04-a486-8498cd78bb8b,/p/0/95a4671e8842acbf,3,200,363492,88.958,2420.675,150161
1787856448367,88813542-f4e5-4da8-dcb0-d1d0e671f292,/p/0/58d8be59f1fffb8d,4,200,268772,244.482,3566.002,75371
1787856451768,ef44109d-8893-9a72-4fa7-22e45c5ab82f,/p/0/17db3b48c7304021,6,200,11352,176.753,206.157,55065
1787856449473,de646cae-5c60-ee04-a486-8498cd78bb8b,/p/0/95a4681e8842ae72,3,200,444589,59.528,2585.517,171954
1787856448696,60a6c7c2-ab0b-331d-1d8c-8445d3a91e6b,/p/0/ac26f3231a5b7c37,2,200,407914,254.603,3388.432,120384
1787856450458,c3c2237a-311e-5868-86ef-5899203ffb01,/p/0/fec3194387ebdc93,3,200,504830,959.590,1633.206,309104
1787856450458,c3c2237a-311e-5868-86ef-5899203ffb01,/p/0/fec31a4387ebde46,3,200,488625,959.574,1636.094,298653
1787856445625,88813542-f4e5-4da8-dcb0-d1d0e671f292,/p/0/3c9832e0c2ce4bec,3,200,409053,260.341,6474.854,63176
1787856449891,127ec6b5-9b34-c9dd-4236-f2e0e0043270,/p/0/e5696a16c503b547,9,200,221687,321.071,2213.431,100155
1787856450494,ef44109d-8893-9a72-4fa7-22e45c5ab82f,/p/0/25cfacc8692345a0,5,200,368981,28.900,1747.886,211101
1787856450913,bd168724-5d28-0de5-28d5-d5cc6188d288,/p/0/f2070947cf85bd3,3,200,128544,295.671,1438.396,89366
1787856415666,af5739fc-3e3b-f801-7115-c3e70ddf494a,/p/2/2da795ca345cdf06,6,200,5500116,156.814,36686.922,149920
1787856451185,f5c0e107-6671-9a67-9c79-f1de31fc5b24,/?crawl=103,0,200,335082,51.266,1173.833,285460
1787856451270,bd168724-5d28-0de5-28d5-d5cc6188d288,/p/0/d9c35db67482e2f2,4,200,95640,237.341,1217.198,78574
1787856451738,c3c2237a-311e-5868-86ef-5899203ffb01,/p/0/39acda020a2f467a,4,200,107307,406.796,840.968,127599
1787856448008,c3c2237a-311e-5868-86ef-5899203ffb01,/p/0/1c1b52e8e50bcff1,1,200,2149831,226.350,4573.245,470089
1787856451738,c3c2237a-311e-5868-86ef-5899203ffb01,/p/0/39acdb020a2f482d,4,200,428034,406.525,891.741,479998
1787856448696,60a6c7c2-ab0b-331d-1d8c-8445d3a91e6b,/p/1/ac26f2231a5b7a84,2,200,463162,485.461,4002.422,115720
1787856450163,83c52f56-2ce2-e3db-ed1f-5d49e307a056,/p/0/8203281ad27c8a9a,2,200,157405,373.479,2610.699,60292
1787856450493,6679fb15-6ba1-670e-5f31-494a9485317f,/p/3/705d8a9dd402b1cd,1,200,124072,433.466,2316.088,53570
1787856447483,88813542-f4e5-4da8-dcb0-d1d0e671f292,/p/0/58d8bc59f1fff827,4,200,343540,220.831,5326.547,64496
1787856445160,abdfd042-7448-4f08-4a9f-a9c446459472,/p/0/e199f9c6e988ad4a,5,200,4321206,125.301,7650.166,564851
1787856448582,13587596-966a-e35b-a2db-14109f240e99,/p/0/aee2476591828fe3,5,200,428723,182.271,4281.741,100128
1787856449473,de646cae-5c60-ee04-a486-8498cd78bb8b,/p/1/95a4691e8842b025,3,200,4162798,59.513,3443.254,1208972
1787856450481,13587596-966a-e35b-a2db-14109f240e99,/p/0/7af1d2dd7232964a,6,200,199258,278.732,2642.807,75396
1787856452917,de646cae-5c60-ee04-a486-8498cd78bb8b,/p/0/9c00ae037ea8508,4,200,317512,11.353,349.801,907692
1787856439229,90391e6b-0104-3883-6817-53d2eea974a5,/p/1/3106161b82a90c90,4,200,6240420,33.717,14049.001,444190
1787856450481,13587596-966a-e35b-a2db-14109f240e99,/p/5/7af1d3dd723297fd,6,200,196758,204.944,2846.393,69125
1787856452917,de646cae-5c60-ee04-a486-8498cd78bb8b,/p/0/9c00de037ea8a21,4,200,318817,1.780,418.721,761407
1787856447119,3b42866f-ef8e-f982-191d-e02ee3f7dbab,/p/0/e6d4e53aa80f8947,4,200,366592,447.573,6224.791,58892
1787856451768,ef44109d-8893-9a72-4fa7-22e45c5ab82f,/p/0/17db3848c7303b08,6,200,380246,162.489,1582.376,240301
1787856451226,b320bc69-c921-e450-a54d-946229d6d387,/p/0/e6a8dde9c0afa1fa,1,200,171035,279.703,2346.768,72881
1787856453278,90391e6b-0104-3883-6817-53d2eea974a5,/p/0/556792ea9b42206,5,200,146786,29.778,312.552,469636
1787856452698,60a6c7c2-ab0b-331d-1d8c-8445d3a91e6b,/p/0/50750b92438ab86a,3,200,125649,46.085,913.228,137588
1787856449891,127ec6b5-9b34-c9dd-4236-f2e0e0043270,/p/2/e5696916c503b394,9,200,400746,356.442,3727.164,107520
1787856406691,f0a03e7f-82fc-30a1-d9c8-7e5c53830faf,/p/0/d868f6378c27493,3,200,3467943,193.573,46949.720,73865
1787856449833,c3c2237a-311e-5868-86ef-5899203ffb01,/p/0/d3d41c3d64893c9b,2,200,2354946,622.378,3825.835,615538
1787856453278,90391e6b-0104-3883-6817-53d2eea974a5,/p/0/556772ea9b41ea0,5,200,133161,34.424,477.428,278913
1787856451768,ef44109d-8893-9a72-4fa7-22e45c5ab82f,/p/6/17db3a48c7303e6e,6,200,510347,148.273,2064.899,247153
1787856452185,1aabfa89-e343-901f-abec-8e275faf40ba,/?crawl=104,0,200,432828,62.188,1829.731,236553
1787856451226,b320bc69-c921-e450-a54d-946229d6d387,/p/0/e6a8dce9c0afa047,1,200,332178,1296.063,2908.524,114208
1787856451226,b320bc69-c921-e450-a54d-946229d6d387,/p/7/e6a8dee9c0afa3ad,1,200,443715,859.375,2909.684,152496
1787856448576,f39399a4-8900-75e0-407c-6bd2727bc2a8,/p/0/ce47b8cfdbaf39e7,2,200,519772,252.849,5589.889,92984
1787856452353,af5739fc-3e3b-f801-7115-c3e70ddf494a,/p/0/9cca62c3cd8b9720,7,200,209936,618.404,1872.778,112099
1787856452353,af5739fc-3e3b-f801-7115-c3e70ddf494a,/p/1/9cca64c3cd8b9a86,7,200,360536,618.471,1884.649,191301
1787856453618,127ec6b5-9b34-c9dd-4236-f2e0e0043270,/p/0/5eff402bbdb45b05,10,200,47023,70.189,662.790,70947
1787856454014,1aabfa89-e343-901f-abec-8e275faf40ba,/p/0/22b433278196d61b,1,200,70821,60.211,360.957,196203
1787856454136,b320bc69-c921-e450-a54d-946229d6d387,/p/6/99849306b947dd8e,2,200,22510,143.571,303.989,74049
1787856449102,f39399a4-8900-75e0-407c-6bd2727bc2a8,/p/3/a043a069f464e63c,3,200,351108,278.829,5432.712,64628
1787856453833,ef44109d-8893-9a72-4fa7-22e45c5ab82f,/p/0/dd4c769135fdb228,7,200,106274,115.965,706.613,150399
1787856453278,90391e6b-0104-3883-6817-53d2eea974a5,/p/0/556782ea9b42053,5,200,448657,172.798,1376.677,325899
1787856453328,13587596-966a-e35b-a2db-14109f240e99,/p/0/30662c61eec53513,7,200,75953,198.942,1536.228,49441
1787856449102,f39399a4-8900-75e0-407c-6bd2727bc2a8,/p/0/a043a269f464e9a2,3,200,388740,255.048,5849.756,66454
1787856451036,fcbe7fba-5eb3-773b-84c6-6564d1bed704,/p/0/681e6599e4554172,2,200,354263,364.660,4150.014,85364
1787856434371,42e58cd4-8e8f-da97-94bf-791fde7098b6,/p/0/a427308b9db0c005,1,200,2206938,147.497,20837.835,105910
1787856454238,af5739fc-3e3b-f801-7115-c3e70ddf494a,/p/0/2b55594a45be5319,8,200,156771,121.907,1108.585,141415
1787856452917,de646cae-5c60-ee04-a486-8498cd78bb8b,/p/0/9c00be037ea86bb,4,200,5931351,4.578,2462.376,2408792
1787856453833,ef44109d-8893-9a72-4fa7-22e45c5ab82f,/p/0/dd4c799135fdb741,7,200,307543,28.976,1576.791,195044
1787856452809,6679fb15-6ba1-670e-5f31-494a9485317f,/p/2/cf4d7f50774c86c8,2,200,79585,362.728,2620.255,30373
1787856450163,83c52f56-2ce2-e3db-ed1f-5d49e307a056,/p/0/8203271ad27c88e7,2,200,468791,291.708,5373.386,87243
1787856451036,fcbe7fba-5eb3-773b-84c6-6564d1bed704,/p/1/681e6699e4554325,2,200,416851,285.636,4580.688,91002
1787856453833,ef44109d-8893-9a72-4fa7-22e45c5ab82f,/p/5/dd4c779135fdb3db,7,200,473412,87.197,1811.036,261404
1787856452353,af5739fc-3e3b-f801-7115-c3e70ddf494a,/p/0/9cca65c3cd8b9c39,7,200,520301,762.289,3348.102,155402
1787856454238,af5739fc-3e3b-f801-7115-c3e70ddf494a,/p/0/2b55574a45be4fb3,8,200,179998,146.864,1475.507,121991
1787856450163,83c52f56-2ce2-e3db-ed1f-5d49e307a056,/p/0/8203261ad27c8734,2,200,332155,373.528,5556.737,59775
1787856422389,f0a03e7f-82fc-30a1-d9c8-7e5c53830faf,/p/0/b3f4918d987b2a7b,6,200,3117939,189.978,33338.302,93524
1787856450481,13587596-966a-e35b-a2db-14109f240e99,/p/0/7af1d1dd72329497,6,200,477538,204.946,5263.665,90723
1787856435313,6654e304-a2bc-3587-97a3-b486e8446ed5,/p/0/853ad75f84b78798,1,200,6017865,98.598,20739.003,290171
1787856435313,6654e304-a2bc-3587-97a3-b486e8446ed5,/p/0/853ad95f84b78afe,1,200,6020476,74.667,20763.282,289958
1787856452698,60a6c7c2-ab0b-331d-1d8c-8445d3a91e6b,/p/0/50750992438ab504,3,200,459355,161.910,3453.949,132994
1787856425719,ec0b8377-2d9e-d17f-08c6-fbca58d46755,/p/0/128f011444ef1c5c,6,200,5907679,168.324,30474.128,193859
1787856430800,4e85034e-284d-37b6-32bc-5864a30da61d,/p/0/7d5282d0747acec6,1,200,4173039,42.485,25408.454,164238
1787856406691,f0a03e7f-82fc-30a1-d9c8-7e5c53830faf,/p/0/d86906378c27646,3,200,4277497,193.584,49544.438,86337
1787856442344,4e85034e-284d-37b6-32bc-5864a30da61d,/p/3/1f7aaf81c24aa00d,2,200,2164470,399.279,13927.141,155414
1787856453328,13587596-966a-e35b-a2db-14109f240e99,/p/4/30662b61eec53360,7,200,324338,289.945,2977.191,108941
1787856453618,127ec6b5-9b34-c9dd-4236-f2e0e0043270,/p/1/5eff3e2bbdb4579f,10,200,290681,314.265,2941.282,98828
1787856454535,f39399a4-8900-75e0-407c-6bd2727bc2a8,/p/2/30ecefc0caba915,4,200,128309,301.151,2036.428,63007
1787856454440,b320bc69-c921-e450-a54d-946229d6d387,/p/0/cae7f607ec837a38,3,200,286051,130.378,2157.744,132570
1787856425719,ec0b8377-2d9e-d17f-08c6-fbca58d46755,/p/0/128f021444ef1e0f,6,200,5771779,186.825,30974.616,186339
1787856454136,b320bc69-c921-e450-a54d-946229d6d387,/p/0/99849106b947da28,2,200,405663,3.502,2559.214,158511
1787856452359,f5c0e107-6671-9a67-9c79-f1de31fc5b24,/p/6/b61e8a851631cf94,1,200,338027,448.718,4469.208,75635
1787856455644,ef44109d-8893-9a72-4fa7-22e45c5ab82f,/p/0/ca074c0c2179212,8,200,185463,161.537,1267.241,146352
1787856455644,ef44109d-8893-9a72-4fa7-22e45c5ab82f,/p/0/ca073c0c217905f,8,200,248764,29.683,1339.105,185769
1787856453328,13587596-966a-e35b-a2db-14109f240e99,/p/0/30662d61eec536c6,7,200,322054,198.984,3860.345,83426
1787856415380,f0a03e7f-82fc-30a1-d9c8-7e5c53830faf,/p/0/792ea29cc6c5474e,5,200,4488742,205.262,41878.396,107185
1787856455644,ef44109d-8893-9a72-4fa7-22e45c5ab82f,/p/4/ca072c0c2178eac,8,200,375412,29.736,1647.051,227930
1787856454014,1aabfa89-e343-901f-abec-8e275faf40ba,/p/4/22b435278196d981,1,200,252784,331.772,3343.427,75606
1787856454440,b320bc69-c921-e450-a54d-946229d6d387,/p/5/cae7f807ec837d9e,3,200,440467,141.272,2952.234,149198
1787856450361,2a2c0145-8eb4-b3f9-737b-b29b1d4a0eb8,/p/0/9dffe3c65fa584bf,7,200,294302,538.104,7243.849,40628
1787856452091,c3c2237a-311e-5868-86ef-5899203ffb01,/p/0/39acd9020a2f44c7,4,200,3540722,552.802,5635.867,628248
1787856456305,13587596-966a-e35b-a2db-14109f240e99,/p/3/7d3e21c7e1a90597,8,200,115149,257.993,1474.275,78105
1787856456272,4e85034e-284d-37b6-32bc-5864a30da61d,/p/0/86bf6e25d8c78c3f,3,200,213414,188.159,2152.246,99159
1787856455617,fcbe7fba-5eb3-773b-84c6-6564d1bed704,/p/0/6dc17f674f3f8cc7,3,200,233084,281.213,3171.035,73504
1787856434438,18c70cd0-ff7a-5a42-261f-22d2189439a6,/p/0/f6f4f3b464526bb,2,200,391473,1845.378,24618.499,15902
1787856457291,ef44109d-8893-9a72-4fa7-22e45c5ab82f,/p/3/e3b9652786592b01,9,200,276668,160.500,1927.086,143568
1787856447957,559377b6-de2d-0a7f-7e14-746353f2320f,/p/0/fd2efabccc129937,1,200,4344863,18.655,11408.163,380856
1787856456305,13587596-966a-e35b-a2db-14109f240e99,/p/0/7d3e23c7e1a908fd,8,200,253977,239.634,3097.317,81999
1787856457291,ef44109d-8893-9a72-4fa7-22e45c5ab82f,/p/0/e3b963278659279b,9,200,404715,29.044,2272.720,178075
1787856434363,bb831df1-80fa-2251-b759-27094d4e1d99,/p/0/880d184ee000724a,2,200,3796109,186.184,25219.116,150525
1787856439138,0d07583f-1995-15cb-40ba-170c2dbb07bd,/p/1/66662539ef5f0466,4,200,5044467,295.390,20471.829,246410
1787856457291,ef44109d-8893-9a72-4fa7-22e45c5ab82f,/p/0/e3b964278659294e,9,200,403712,29.070,2330.851,173204
1787856456828,f5c0e107-6671-9a67-9c79-f1de31fc5b24,/p/5/65bfd210bf90f8dc,2,200,156592,275.263,2811.911,55689
1787856449594,559377b6-de2d-0a7f-7e14-746353f2320f,/p/0/19c5c352c289b33a,2,200,4024097,119.765,10094.506,398642
1787856459185,50c7833b-49c1-9ea8-c800-995a74a53283,/?crawl=107,0,200,231174,35.544,519.098,445337
1787856453618,127ec6b5-9b34-c9dd-4236-f2e0e0043270,/p/0/5eff3d2bbdb455ec,10,200,468033,279.826,6132.099,76325
1787856428251,086f1b1d-08d1-fd87-3b18-cc189a81f4ab,/p/1/66cc65fd6917d789,1,200,5417914,40.325,31601.717,171444
1787856456560,127ec6b5-9b34-c9dd-4236-f2e0e0043270,/p/0/2befdb34cdf1f63b,11,200,160736,351.718,3528.784,45550
1787856432318,7e254aaa-9053-e362-9e7c-355ad787b03c,/p/0/1502f2131e754bad,4,200,3287511,235.468,27860.786,117998
1787856459185,aeb5b756-0993-1bae-97ba-d477c27e6905,/?crawl=108,0,200,438783,38.695,1046.425,419316
1787856456571,f39399a4-8900-75e0-407c-6bd2727bc2a8,/p/0/56176a299e2287a6,5,200,128097,248.887,3663.731,34964
1787856444713,b274dc61-775b-6ef8-f181-369a9498ecd1,/p/0/d65a5201a2dcb077,1,200,4166593,307.701,15789.412,263885
1787856459610,0d07583f-1995-15cb-40ba-170c2dbb07bd,/p/0/ac4a7452d8dfe53d,5,200,32233,561.419,915.360,35213
1787856431131,bb831df1-80fa-2251-b759-27094d4e1d99,/p/0/e9e82f72dfdfdc19,1,200,4816537,80.480,29512.770,163202
1787856375185,e5400e04-7477-8a67-1337-3a673c0bd1d7,/?crawl=5,0,200,6013817,757.062,85912.560,69999
1787856448185,325cc32d-96d4-96db-c978-be078fa59938,/?crawl=99,0,200,2602374,73.286,13070.663,199100
1787856435486,177f7e65-f050-1b41-ad71-57cfc093d833,/p/0/1669eeff6267fe70,5,200,3317521,121.069,25828.081,128446
1787856435486,177f7e65-f050-1b41-ad71-57cfc093d833,/p/0/1669f1ff62680389,5,200,2964398,121.092,25828.216,114774
1787856450361,2a2c0145-8eb4-b3f9-737b-b29b1d4a0eb8,/p/2/9dffe5c65fa58825,7,200,476368,609.900,10977.887,43393
1787856456571,f39399a4-8900-75e0-407c-6bd2727bc2a8,/p/1/561768299e228440,5,200,327741,224.585,4773.456,68659
1787856434100,f0a03e7f-82fc-30a1-d9c8-7e5c53830faf,/p/0/80d95d08987d2c7e,8,200,6064460,298.319,27248.608,222560
1787856459853,086f1b1d-08d1-fd87-3b18-cc189a81f4ab,/p/0/3f34be89b6300a97,2,200,190500,394.178,1757.728,108379
1787856428251,086f1b1d-08d1-fd87-3b18-cc189a81f4ab,/p/0/66cc64fd6917d5d6,1,200,5404296,203.380,33504.821,161299
1787856456560,127ec6b5-9b34-c9dd-4236-f2e0e0043270,/p/0/2befda34cdf1f488,11,200,372260,422.663,5439.810,68433
1787856450251,2a2c0145-8eb4-b3f9-737b-b29b1d4a0eb8,/p/0/fee214438a07969,6,200,501515,109.668,11880.001,42215
1787856459218,ef44109d-8893-9a72-4fa7-22e45c5ab82f,/p/2/9e513a37d56a796c,10,200,505350,162.033,3035.934,166456
1787856454238,af5739fc-3e3b-f801-7115-c3e70ddf494a,/p/0/2b55564a45be4e00,8,200,4903841,158.706,8042.001,609779
1787856456828,f5c0e107-6671-9a67-9c79-f1de31fc5b24,/p/0/65bfd410bf90fc42,2,200,284637,249.942,5654.152,50341
1787856456828,f5c0e107-6671-9a67-9c79-f1de31fc5b24,/p/0/65bfd310bf90fa8f,2,200,293101,249.920,5702.289,51401
1787856462185,5403c5db-645a-a091-f9b9-e2b0aaac00d2,/?crawl=109,0,200,347666,20.433,470.813,738437
1787856434363,bb831df1-80fa-2251-b759-27094d4e1d99,/p/2/880d164ee0006ee4,2,200,5310397,199.332,28367.773,187198
1787856454535,f39399a4-8900-75e0-407c-6bd2727bc2a8,/p/0/30eccfc0caba5af,4,200,445100,277.222,8207.340,54232
1787856457780,13587596-966a-e35b-a2db-14109f240e99,/p/0/86cc28614f26d5ec,9,200,335498,219.853,5027.992,66726
1787856429351,7e254aaa-9053-e362-9e7c-355ad787b03c,/p/0/b1f11a44abb39f0d,3,200,4658270,54.758,33527.348,138939
1787856462656,5403c5db-645a-a091-f9b9-e2b0aaac00d2,/p/0/41a08b539a900cd5,1,200,71300,19.720,247.263,288357
1787856454535,f39399a4-8900-75e0-407c-6bd2727bc2a8,/p/0/30ecdfc0caba762,4,200,498418,322.809,8370.604,59544
1787856462731,bb831df1-80fa-2251-b759-27094d4e1d99,/p/0/8b04f0da493e2f0a,3,200,41569,148.824,349.623,118897
1787856451270,bd168724-5d28-0de5-28d5-d5cc6188d288,/p/14/d9c35bb67482df8c,4,200,4114491,197.332,11825.070,347946
1787856462742,f39399a4-8900-75e0-407c-6bd2727bc2a8,/p/0/76a91a9746660a42,6,200,10029,263.986,373.405,26858
1787856459853,086f1b1d-08d1-fd87-3b18-cc189a81f4ab,/p/0/3f34bd89b63008e4,2,200,376223,306.130,3273.307,114937
1787856450361,2a2c0145-8eb4-b3f9-737b-b29b1d4a0eb8,/p/0/9dffe4c65fa58672,7,200,496407,429.699,12882.751,38533
1787856448238,52d8c071-eefb-9ce5-6e83-0a62ce771785,/p/0/828b4494f796bfda,4,200,140188,1633.124,15133.901,9263
1787856459853,086f1b1d-08d1-fd87-3b18-cc189a81f4ab,/p/0/3f34bf89b6300c4a,2,200,479041,305.758,3625.321,132138
1787856459218,ef44109d-8893-9a72-4fa7-22e45c5ab82f,/p/0/9e513b37d56a7b1f,10,200,481087,147.050,4431.921,108550
1787856456185,310f6e92-937b-c49a-1a30-ccae56529668,/?crawl=106,0,200,2158307,49.550,7783.078,277308
1787856463096,bd168724-5d28-0de5-28d5-d5cc6188d288,/p/0/8aa3ad0d424340f7,5,200,30407,37.380,1147.287,26503
1787856463096,bd168724-5d28-0de5-28d5-d5cc6188d288,/p/0/8aa3ae0d424342aa,5,200,133797,37.416,1149.159,116430
1787856461339,2a2c0145-8eb4-b3f9-737b-b29b1d4a0eb8,/p/1/c6557c452d5a2e3f,8,200,129014,433.406,2939.615,43888
1787856457779,13587596-966a-e35b-a2db-14109f240e99,/p/0/86cc2b614f26db05,9,200,467003,257.443,6601.727,70740
1787856462656,5403c5db-645a-a091-f9b9-e2b0aaac00d2,/p/0/41a088539a9007bc,1,200,244298,72.051,1784.928,136867
1787856450493,6679fb15-6ba1-670e-5f31-494a9485317f,/p/0/705d899dd402b01a,1,200,488428,159.347,14053.564,34755
1787856443840,76b107c0-bc6f-06ab-e91f-c4cf3198541b,/p/2/bfd4342e9779b787,1,200,3672111,57.708,20722.975,177200
1787856462656,5403c5db-645a-a091-f9b9-e2b0aaac00d2,/p/2/41a08a539a900b22,1,200,425805,41.584,1979.099,215151
1787856445533,2cb013fa-4b1b-38be-69b2-a610e6530db6,/p/0/42effea40e41bdca,1,200,3744115,317.588,19201.493,194991
1787856456572,f39399a4-8900-75e0-407c-6bd2727bc2a8,/p/0/561769299e2285f3,5,200,442851,224.547,8197.084,54025
1787856448477,83c52f56-2ce2-e3db-ed1f-5d49e307a056,/p/0/3b07a914fe050345,1,200,3257858,156.267,16295.245,199927
1787856459640,f5c0e107-6671-9a67-9c79-f1de31fc5b24,/p/0/89a2a48325fc3bad,3,200,285031,565.014,5302.807,53751
1787856435974,177f7e65-f050-1b41-ad71-57cfc093d833,/p/11/c0220da88c9fc43e,6,200,4135753,110.324,28990.923,142657
1787856461256,325cc32d-96d4-96db-c978-be078fa59938,/p/0/a79d52b7696a0b7f,1,200,298911,205.238,3831.214,78020
1787856464635,5403c5db-645a-a091-f9b9-e2b0aaac00d2,/p/1/e0f0570e0241ff35,2,200,152323,18.817,604.467,251995
1787856462254,ef44109d-8893-9a72-4fa7-22e45c5ab82f,/p/0/80fc4b30a8107ed0,11,200,342173,146.264,3077.146,111198
1787856457358,1aabfa89-e343-901f-abec-8e275faf40ba,/p/0/15b80bb5254aa8fd,2,200,468463,338.671,8105.903,57793
1787856465239,5403c5db-645a-a091-f9b9-e2b0aaac00d2,/p/0/30a048cb27035807,3,200,47170,113.642,287.496,164072
1787856465239,5403c5db-645a-a091-f9b9-e2b0aaac00d2,/p/0/30a04acb27035b6d,3,200,39900,154.957,357.655,111560
1787856461345,f39399a4-8900-75e0-407c-6bd2727bc2a8,/p/0/76a91897466606dc,6,200,360769,252.409,4613.368,78201
1787856435158,eb91cbda-ea09-5a98-7ea6-efbb706e337f,/p/0/95e35d706248f30a,2,200,5185066,461.983,30892.890,167840
1787856461256,325cc32d-96d4-96db-c978-be078fa59938,/p/1/a79d51b7696a09cc,1,200,361081,170.736,4919.835,73393
1787856464635,5403c5db-645a-a091-f9b9-e2b0aaac00d2,/p/0/e0f0550e0241fbcf,2,200,406106,18.815,1678.675,241921
1787856452185,f8a475b2-5234-39a3-7aa4-850c68dc580f,/?crawl=105,0,200,4985098,43.546,14170.671,351790
1787856465239,5403c5db-645a-a091-f9b9-e2b0aaac00d2,/p/0/30a047cb27035654,3,200,257266,102.855,1215.687,211622
1787856466175,325cc32d-96d4-96db-c978-be078fa59938,/p/0/bd9ff30d381ec8b3,2,200,10287,338.129,406.218,25324
1787856466185,2eef06c1-0655-d19d-3261-943ecb5abb56,/?crawl=110,0,200,288428,33.361,615.227,468816
1787856461345,f39399a4-8900-75e0-407c-6bd2727bc2a8,/p/0/76a919974666088f,6,200,2099452,228.930,5577.064,376444
1787856466800,2eef06c1-0655-d19d-3261-943ecb5abb56,/p/0/ea6dbee7bd53ced7,1,200,23297,76.982,139.270,167280
1787856433808,177f7e65-f050-1b41-ad71-57cfc093d833,/p/0/85038f3c6966356d,3,200,4572469,45.407,33133.909,138000
1787856461255,325cc32d-96d4-96db-c978-be078fa59938,/p/0/a79d53b7696a0d32,1,200,502277,69.036,6082.945,82571
1787856463968,310f6e92-937b-c49a-1a30-ccae56529668,/p/0/fbdf8c6c5860f0c1,1,200,237148,233.386,3525.409,67268
1787856447935,fcbe7fba-5eb3-773b-84c6-6564d1bed704,/p/0/fdb01b6e1d7a5ad7,1,200,2636916,53.386,19564.003,134784
1787856466355,f8a475b2-5234-39a3-7aa4-850c68dc580f,/p/4/8f49dfc9ecfbe36e,1,200,174838,36.670,1171.022,149304
1787856462482,f5c0e107-6671-9a67-9c79-f1de31fc5b24,/p/0/89a2a18325fc3694,3,200,332265,247.701,5124.061,64844
1787856464563,76b107c0-bc6f-06ab-e91f-c4cf3198541b,/p/1/d170419140272f85,2,200,214704,101.495,3077.716,69761
1787856463372,52d8c071-eefb-9ce5-6e83-0a62ce771785,/p/0/3cec3fadf34393cb,5,200,37524,1745.916,4545.132,8256
1787856464965,177f7e65-f050-1b41-ad71-57cfc093d833,/p/0/3567784b748b45bd,7,200,362853,103.588,2990.460,121337
1787856455617,fcbe7fba-5eb3-773b-84c6-6564d1bed704,/p/0/6dc17e674f3f8b14,3,200,5142002,306.269,12849.539,400170
1787856462254,ef44109d-8893-9a72-4fa7-22e45c5ab82f,/p/1/80fc4d30a8108236,11,200,3205448,219.175,6355.422,504364
1787856443929,88813542-f4e5-4da8-dcb0-d1d0e671f292,/p/0/567dd8154b44e2a0,1,200,3622725,118.427,24698.226,146680
1787856468185,d75c7959-148d-0fac-ec45-f5e60e4398fc,/?crawl=113,0,200,238606,30.225,460.155,518534
1787856461339,2a2c0145-8eb4-b3f9-737b-b29b1d4a0eb8,/p/0/c6557b452d5a2c8c,8,200,311429,540.703,7389.756,42143
1787856452698,60a6c7c2-ab0b-331d-1d8c-8445d3a91e6b,/p/0/50750a92438ab6b7,3,200,4235299,234.201,16082.218,263353
1787856455617,fcbe7fba-5eb3-773b-84c6-6564d1bed704,/p/0/6dc181674f3f902d,3,200,5647030,281.233,13173.996,428650
1787856468185,bc40754d-6d53-47c9-0513-824cddd3fda9,/?crawl=111,0,200,361362,30.204,625.709,577524
1787856468185,273ca676-57f2-4aca-01c4-92737aa25fc2,/?crawl=114,0,200,197018,61.995,814.896,241771
1787856456272,4e85034e-284d-37b6-32bc-5864a30da61d,/p/2/86bf6d25d8c78a8c,3,200,2232577,40.774,12761.006,174953
1787856435338,7e254aaa-9053-e362-9e7c-355ad787b03c,/p/3/a7aeb1c4205be96e,5,200,5880034,174.719,33700.639,174478
1787856469000,273ca676-57f2-4aca-01c4-92737aa25fc2,/p/0/9cc468716ae7f4d8,1,200,8178,57.743,86.896,94112
1787856463968,310f6e92-937b-c49a-1a30-ccae56529668,/p/9/fbdf8a6c5860ed5b,1,200,447607,80.466,5416.802,82633
1787856413185,2975ad29-089e-da93-6a20-a3126762a898,/?crawl=34,0,200,5534755,307.299,56231.442,98428
1787856468811,bc40754d-6d53-47c9-0513-824cddd3fda9,/p/0/7dd8124551eec184,1,200,141379,70.267,607.321,232791
1787856464278,2a2c0145-8eb4-b3f9-737b-b29b1d4a0eb8,/p/0/c3796ecdffd21898,9,200,206813,538.564,5203.522,39745
1787856469039,7e254aaa-9053-e362-9e7c-355ad787b03c,/p/0/5cee64e6fdaf947c,6,200,34905,125.912,450.282,77518
1787856468810,bc40754d-6d53-47c9-0513-824cddd3fda9,/p/6/7dd8134551eec337,1,200,189733,121.911,843.338,224979
1787856466355,f8a475b2-5234-39a3-7aa4-850c68dc580f,/p/0/8f49ddc9ecfbe008,1,200,382788,110.725,3308.922,115684
1787856455430,6679fb15-6ba1-670e-5f31-494a9485317f,/p/0/614f4d0b1158f72d,3,200,298259,684.019,14280.355,20886
1787856463968,310f6e92-937b-c49a-1a30-ccae56529668,/p/0/fbdf896c5860eba8,1,200,493132,233.416,5764.484,85547
1787856448576,f39399a4-8900-75e0-407c-6bd2727bc2a8,/p/0/ce47b9cfdbaf3b9a,2,200,6065508,340.096,21295.695,284823
1787856450493,6679fb15-6ba1-670e-5f31-494a9485317f,/p/0/705d889dd402ae67,1,200,460951,433.458,19492.720,23647
1787856466800,2eef06c1-0655-d19d-3261-943ecb5abb56,/p/0/ea6dbfe7bd53d08a,1,200,514226,31.838,3336.774,154109
1787856468645,d75c7959-148d-0fac-ec45-f5e60e4398fc,/p/0/a4acbd007b24adaa,1,200,318860,40.293,1591.619,200337
1787856469000,273ca676-57f2-4aca-01c4-92737aa25fc2,/p/0/9cc46a716ae7f83e,1,200,191705,86.696,1288.085,148830
1787856469000,273ca676-57f2-4aca-01c4-92737aa25fc2,/p/0/9cc469716ae7f68b,1,200,226811,86.888,1377.333,164674
1787856424545,960f5816-14e9-4bc1-4216-9cac073893d9,/p/0/ee53dd03564e6fcf,3,200,3496243,284.531,46077.745,75877
1787856468645,d75c7959-148d-0fac-ec45-f5e60e4398fc,/p/1/a4acbe007b24af5d,1,200,350455,27.176,1994.741,175690
1787856432182,960f5816-14e9-4bc1-4216-9cac073893d9,/p/0/13a0c5c6f54537c3,5,200,2996195,471.518,38549.451,77723
1787856443929,88813542-f4e5-4da8-dcb0-d1d0e671f292,/p/0/567ddb154b44e7b9,1,200,4563785,443.339,26831.850,170088
1787856432183,960f5816-14e9-4bc1-4216-9cac073893d9,/p/0/13a0c6c6f5453976,5,200,4024442,471.594,38605.141,104246
1787856466356,f8a475b2-5234-39a3-7aa4-850c68dc580f,/p/0/8f49e0c9ecfbe521,1,200,371393,221.211,4490.551,82705
1787856466175,325cc32d-96d4-96db-c978-be078fa59938,/p/0/bd9ff50d381ecc19,2,200,409481,338.215,4796.009,85380
1787856468610,ef44109d-8893-9a72-4fa7-22e45c5ab82f,/p/0/8da0233fd3161d7,12,200,7728,2419.148,2537.238,3046
1787856468810,bc40754d-6d53-47c9-0513-824cddd3fda9,/p/0/7dd8154551eec69d,1,200,360813,24.955,2374.757,151937
1787856429558,960f5816-14e9-4bc1-4216-9cac073893d9,/p/0/58fbcac371e4b670,4,200,4597165,298.742,41691.944,110265
1787856467527,f8a475b2-5234-39a3-7aa4-850c68dc580f,/p/0/44ac788d5f455786,2,200,432406,202.913,4105.433,105325
1787856469039,7e254aaa-9053-e362-9e7c-355ad787b03c,/p/2/5cee66e6fdaf97e2,6,200,510547,180.463,2664.590,191604
1787856448707,52d8c071-eefb-9ce5-6e83-0a62ce771785,/p/7/3cec3eadf3439218,5,200,259631,1163.933,23035.404,11271
1787856469033,4e85034e-284d-37b6-32bc-5864a30da61d,/p/1/3026a6439e7fbcb8,4,200,191052,249.454,2733.152,69902
1787856447119,3b42866f-ef8e-f982-191d-e02ee3f7dbab,/p/0/e6d4e63aa80f8afa,4,200,4060204,378.563,24785.714,163812
1787856469654,bc40754d-6d53-47c9-0513-824cddd3fda9,/p/0/c52bff3a88fa4767,2,200,435017,122.325,2274.972,191219
1787856467526,f8a475b2-5234-39a3-7aa4-850c68dc580f,/p/3/44ac798d5f455939,2,200,385802,259.066,4454.683,86606
1787856469385,310f6e92-937b-c49a-1a30-ccae56529668,/p/0/88e9c03b98d1aec2,2,200,228505,254.998,2654.098,86095
1787856462731,bb831df1-80fa-2251-b759-27094d4e1d99,/p/1/8b04eeda493e2ba4,3,200,2487437,148.786,9577.415,259719
1787856456560,127ec6b5-9b34-c9dd-4236-f2e0e0043270,/p/0/2befdd34cdf1f9a1,11,200,2545896,387.479,15944.340,159674
1787856464635,5403c5db-645a-a091-f9b9-e2b0aaac00d2,/p/0/e0f0560e0241fd82,2,200,4637283,30.163,7896.171,587282
1787856469185,21e46de2-5f6e-4b6a-5c82-b3054c9922c3,/?crawl=115,0,200,214044,197.055,3488.303,61360
1787856464563,76b107c0-bc6f-06ab-e91f-c4cf3198541b,/p/0/d170409140272dd2,2,200,457034,67.410,8334.444,54837
1787856471704,7e254aaa-9053-e362-9e7c-355ad787b03c,/p/1/9837be9754c7be6,7,200,129479,239.533,1231.122,105172
1787856471981,f8a475b2-5234-39a3-7aa4-850c68dc580f,/p/0/69d8e5b67771196c,3,200,71206,227.779,960.149,74161
1787856452809,6679fb15-6ba1-670e-5f31-494a9485317f,/p/0/cf4d8050774c887b,2,200,489852,339.684,20162.387,24295
1787856470640,d75c7959-148d-0fac-ec45-f5e60e4398fc,/p/0/be0d4e882158dbe8,2,200,251326,186.415,2465.368,101943
1787856469385,310f6e92-937b-c49a-1a30-ccae56529668,/p/0/88e9bf3b98d1ad0f,2,200,344655,279.172,3850.415,89511
1787856472308,bb831df1-80fa-2251-b759-27094d4e1d99,/p/0/83861a27f84c8dcd,4,200,75117,176.152,931.140,80672
1787856459218,ef44109d-8893-9a72-4fa7-22e45c5ab82f,/p/0/9e513c37d56a7cd2,10,200,5463447,162.088,14049.654,388867
1787856467641,76b107c0-bc6f-06ab-e91f-c4cf3198541b,/p/0/c626595a05b37169,3,200,229533,406.818,5834.311,39342
1787856470640,d75c7959-148d-0fac-ec45-f5e60e4398fc,/p/0/be0d51882158e101,2,200,318135,159.370,2858.653,111288
1787856467641,76b107c0-bc6f-06ab-e91f-c4cf3198541b,/p/0/c626565a05b36c50,3,200,250220,441.032,5900.924,42404
1787856473185,2bc55378-e75f-ac97-acab-6499e75030dd,/?crawl=118,0,200,159814,36.260,383.441,416789
1787856456305,13587596-966a-e35b-a2db-14109f240e99,/p/0/7d3e20c7e1a903e4,8,200,2866500,221.400,17320.009,165502
1787856462254,ef44109d-8893-9a72-4fa7-22e45c5ab82f,/p/0/80fc4e30a81083e9,11,200,4706906,161.478,11489.954,409654
1787856473185,2ee46ced-49e7-7327-ad17-a142ee3dcc91,/?crawl=117,0,200,385923,32.976,818.211,471667
1787856472308,bb831df1-80fa-2251-b759-27094d4e1d99,/p/0/83861827f84c8a67,4,200,219570,162.002,1727.598,127096
1787856468610,ef44109d-8893-9a72-4fa7-22e45c5ab82f,/p/0/8da0433fd31653d,12,200,375577,2479.254,5477.884,68562
1787856468610,ef44109d-8893-9a72-4fa7-22e45c5ab82f,/p/0/8da0333fd31638a,12,200,430590,2404.946,5506.795,78192
1787856433808,177f7e65-f050-1b41-ad71-57cfc093d833,/p/0/85038c3c69663054,3,200,6061250,111.001,40436.274,149896
1787856471981,f8a475b2-5234-39a3-7aa4-850c68dc580f,/p/0/69d8e8b677711e85,3,200,305676,247.122,2684.370,113873
1787856471981,f8a475b2-5234-39a3-7aa4-850c68dc580f,/p/2/69d8e7b677711cd2,3,200,290395,207.833,2700.246,107544
1787856474682,f8a475b2-5234-39a3-7aa4-850c68dc580f,/p/1/e5942efa2a875c4c,4,200,9879,455.996,463.386,21319
1787856469033,4e85034e-284d-37b6-32bc-5864a30da61d,/p/0/3026a7439e7fbe6b,4,200,383151,208.473,6126.528,62540
1787856448582,13587596-966a-e35b-a2db-14109f240e99,/p/0/aee2486591829196,5,200,4403144,219.909,26764.832,164512
1787856457779,13587596-966a-e35b-a2db-14109f240e99,/p/2/86cc29614f26d79f,9,200,3586566,202.480,17710.715,202508
1787856474185,da0752ee-b3d0-6118-f315-e65fe89a7333,/?crawl=121,0,200,175297,208.439,1635.036,107213
1787856474682,f8a475b2-5234-39a3-7aa4-850c68dc580f,/p/0/e5942ffa2a875dff,4,200,111437,463.465,1296.484,85953
1787856474185,673538b3-25b4-b591-7074-3e5402065dc0,/?crawl=119,0,200,127454,157.990,1855.268,68698
1787856471704,7e254aaa-9053-e362-9e7c-355ad787b03c,/p/0/98379e9754c7880,7,200,430874,181.971,4442.311,96993
1787856475490,13587596-966a-e35b-a2db-14109f240e99,/p/1/8fe31ea75b6d0cdd,10,200,125645,166.626,931.650,134863
1787856476185,8b09d9d7-7848-04f0-15de-438766916b4f,/?crawl=123,0,200,17018,180.628,259.924,65473
1787856475145,f8a475b2-5234-39a3-7aa4-850c68dc580f,/p/0/a430e2349d489f4,5,200,58840,388.549,1368.483,42997
1787856466800,2eef06c1-0655-d19d-3261-943ecb5abb56,/p/2/ea6dbde7bd53cd24,1,200,3707167,155.359,9775.355,379236
1787856463096,bd168724-5d28-0de5-28d5-d5cc6188d288,/p/13/8aa3ac0d42433f44,5,200,6007289,93.799,13527.295,444086
1787856439181,2fba42e8-5e36-2b83-592c-21998b9fdaab,/p/0/dc6da7cb61f3cc62,1,200,4474106,378.883,37550.428,119149
1787856476575,2eef06c1-0655-d19d-3261-943ecb5abb56,/p/1/1dbf843a99851bb0,2,200,33475,30.392,197.414,169567
1787856472935,7e254aaa-9053-e362-9e7c-355ad787b03c,/p/0/3c41b4969de52183,8,200,203983,213.403,4096.143,49799
1787856471766,4e85034e-284d-37b6-32bc-5864a30da61d,/p/0/e5c04bde2c09369d,5,200,351573,209.196,5290.219,66457
1787856447119,3b42866f-ef8e-f982-191d-e02ee3f7dbab,/p/12/e6d4e73aa80f8cad,4,200,5364174,343.562,30035.615,178594
1787856469654,bc40754d-6d53-47c9-0513-824cddd3fda9,/p/5/c52c013a88fa4acd,2,200,3441321,134.418,7772.351,442764
1787856464965,177f7e65-f050-1b41-ad71-57cfc093d833,/p/10/3567774b748b440a,7,200,2902062,103.564,12632.304,229733
1787856471185,46173a9a-cbf9-28d5-431a-0b442bc5c2df,/?crawl=116,0,200,5895670,14.178,6493.935,907873
1787856462731,bb831df1-80fa-2251-b759-27094d4e1d99,/p/0/8b04efda493e2d57,3,200,3997610,26.166,14967.768,267081
1787856469654,bc40754d-6d53-47c9-0513-824cddd3fda9,/p/0/c52c003a88fa491a,2,200,5590566,134.382,8108.137,689501
1787856477426,bc40754d-6d53-47c9-0513-824cddd3fda9,/p/4/ebd7acfd133cbee3,3,200,36502,335.695,343.267,106337
1787856477426,bc40754d-6d53-47c9-0513-824cddd3fda9,/p/0/ebd7abfd133cbd30,3,200,20237,343.804,347.760,58192
1787856472935,7e254aaa-9053-e362-9e7c-355ad787b03c,/p/0/3c41b5969de52336,8,200,316415,213.498,5019.965,63031
1787856477679,46173a9a-cbf9-28d5-431a-0b442bc5c2df,/p/6/c399132c941de0fe,1,200,78383,82.880,283.436,276546
1787856439181,2fba42e8-5e36-2b83-592c-21998b9fdaab,/p/3/dc6da5cb61f3c8fc,1,200,5707365,320.268,39014.944,146287
1787856471704,7e254aaa-9053-e362-9e7c-355ad787b03c,/p/0/9837ce9754c7d99,7,200,493454,200.888,6591.552,74862
1787856471766,4e85034e-284d-37b6-32bc-5864a30da61d,/p/0/e5c04ade2c0934ea,5,200,363653,273.161,6650.641,54679
1787856478196,2fba42e8-5e36-2b83-592c-21998b9fdaab,/p/0/e94585b030ed04b9,2,200,217347,2.234,319.326,680644
1787856478196,2fba42e8-5e36-2b83-592c-21998b9fdaab,/p/2/e94584b030ed0306,2,200,203623,2.517,320.167,635990
1787856478196,2fba42e8-5e36-2b83-592c-21998b9fdaab,/p/0/e94582b030ecffa0,2,200,517838,3.211,323.007,1603181
1787856477598,177f7e65-f050-1b41-ad71-57cfc093d833,/p/9/6923a50aa2a74951,8,200,134441,129.534,962.541,139673
1787856478185,2e84960d-3bf0-2b5e-1578-759d34a8af10,/?crawl=125,0,200,322871,28.215,522.071,618443
1787856476040,673538b3-25b4-b591-7074-3e5402065dc0,/p/5/e2856858ad17129f,1,200,79020,520.798,2759.896,28632
1787856471766,4e85034e-284d-37b6-32bc-5864a30da61d,/p/0/e5c049de2c093337,5,200,405571,229.560,7167.293,56586
1787856476422,13587596-966a-e35b-a2db-14109f240e99,/p/0/b086efdd647f67f0,11,200,221080,221.741,2664.456,82974
1787856478517,2fba42e8-5e36-2b83-592c-21998b9fdaab,/p/1/26f906439fa93dcb,3,200,398553,4.320,620.306,642510
1787856478517,2fba42e8-5e36-2b83-592c-21998b9fdaab,/p/0/26f908439fa94131,3,200,470732,4.318,628.499,748978
1787856476575,2eef06c1-0655-d19d-3261-943ecb5abb56,/p/0/1dbf863a99851f16,2,200,305092,60.550,2612.754,116770
1787856474185,3bc9f11d-7960-ccae-d2a7-52c2c3c997fe,/?crawl=120,0,200,4361910,15.396,5014.499,869860
1787856476445,8b09d9d7-7848-04f0-15de-438766916b4f,/p/0/a25cceb5029cb085,1,200,164814,118.619,2849.268,57844
1787856477962,46173a9a-cbf9-28d5-431a-0b442bc5c2df,/p/0/822635b0e9767e91,2,200,310564,65.279,1403.228,221321
1787856479199,3bc9f11d-7960-ccae-d2a7-52c2c3c997fe,/p/0/ef27a576e01bc25,1,200,139831,16.077,267.353,523020
1787856477155,3b42866f-ef8e-f982-191d-e02ee3f7dbab,/p/11/1602cdcd589164e6,5,200,173265,68.467,2385.571,72630
1787856477962,46173a9a-cbf9-28d5-431a-0b442bc5c2df,/p/0/822632b0e9767978,2,200,505709,59.758,1592.495,317558
1787856477962,46173a9a-cbf9-28d5-431a-0b442bc5c2df,/p/5/822634b0e9767cde,2,200,477458,59.718,1736.599,274939
1787856479137,2fba42e8-5e36-2b83-592c-21998b9fdaab,/p/0/e9a9bdaad19ae553,4,200,193679,23.539,639.141,303030
1787856479137,2fba42e8-5e36-2b83-592c-21998b9fdaab,/p/0/e9a9bfaad19ae8b9,4,200,380133,21.252,642.902,591276
1787856479137,2fba42e8-5e36-2b83-592c-21998b9fdaab,/p/0/e9a9bcaad19ae3a0,4,200,353278,150.744,657.138,537601
1787856478185,009562e6-ed04-c81a-02f7-6e4985ca513b,/?crawl=126,0,200,313625,80.531,1733.920,180876
1787856477598,177f7e65-f050-1b41-ad71-57cfc093d833,/p/0/6923a30aa2a745eb,8,200,275893,107.888,2391.961,115342
1787856475145,f8a475b2-5234-39a3-7aa4-850c68dc580f,/p/0/a43102349d48d5a,5,200,473554,406.431,4890.111,96839
1787856477598,177f7e65-f050-1b41-ad71-57cfc093d833,/p/0/6923a40aa2a7479e,8,200,317190,117.754,2484.284,127679
1787856468185,ed069497-9aa0-a172-02cb-a0597c886978,/?crawl=112,0,200,267546,930.506,11912.729,22459
1787856479199,3bc9f11d-7960-ccae-d2a7-52c2c3c997fe,/p/0/ef277576e01b70c,1,200,453516,22.103,935.068,485009
1787856479199,3bc9f11d-7960-ccae-d2a7-52c2c3c997fe,/p/9/ef278576e01b8bf,1,200,517667,29.562,1017.543,508742
1787856478707,2e84960d-3bf0-2b5e-1578-759d34a8af10,/p/0/2ddece8386faec13,1,200,103110,146.428,1559.528,66116
1787856474682,f8a475b2-5234-39a3-7aa4-850c68dc580f,/p/0/e59430fa2a875fb2,4,200,423318,463.433,5732.141,73850
1787856476773,2eef06c1-0655-d19d-3261-943ecb5abb56,/p/0/ec7f6f61ceb26990,3,200,332189,154.166,3657.243,90830
1787856476623,bd168724-5d28-0de5-28d5-d5cc6188d288,/p/0/c1e7136ea4874a80,6,200,441649,38.670,3841.800,114959
1787856446185,367b339b-f8cf-4a3d-ff9d-8bbabe35b8ea,/?crawl=95,0,200,4516680,48.146,34329.915,131567
1787856478517,2fba42e8-5e36-2b83-592c-21998b9fdaab,/p/0/26f905439fa93c18,3,200,3784301,3.582,2004.234,1888154
1787856480217,3bc9f11d-7960-ccae-d2a7-52c2c3c997fe,/p/0/880d575774e38d0d,2,200,145600,25.868,352.420,413144
1787856478560,177f7e65-f050-1b41-ad71-57cfc093d833,/p/8/6b535619938067d3,9,200,284992,109.716,2286.851,124622
1787856479919,009562e6-ed04-c81a-02f7-6e4985ca513b,/p/0/e81dcc9c44cbcae6,1,200,84850,124.049,934.364,90810
1787856478707,2e84960d-3bf0-2b5e-1578-759d34a8af10,/p/0/2ddecf8386faedc6,1,200,310232,98.120,2182.517,142144
1787856475490,13587596-966a-e35b-a2db-14109f240e99,/p/0/8fe31ca75b6d0977,10,200,511489,37.323,5413.746,94480
1787856476773,2eef06c1-0655-d19d-3261-943ecb5abb56,/p/0/ec7f7261ceb26ea9,3,200,390037,154.249,4152.339,93932
1787856480217,3bc9f11d-7960-ccae-d2a7-52c2c3c997fe,/p/0/880d545774e387f4,2,200,365659,12.485,777.926,470043
1787856477770,bc40754d-6d53-47c9-0513-824cddd3fda9,/p/0/27d4abd6b963d5b3,4,200,286703,1380.102,3265.610,87795
1787856480217,3bc9f11d-7960-ccae-d2a7-52c2c3c997fe,/p/8/880d565774e38b5a,2,200,439924,12.373,874.908,502823
1787856480185,d14cd3b5-5b42-a066-02de-787b87a555d4,/?crawl=129,0,200,253637,55.178,935.368,271163
1787856474185,f8242598-b862-5fb2-5df5-618c7957326b,/?crawl=122,0,200,2953925,31.771,7013.987,421148
1787856480515,367b339b-f8cf-4a3d-ff9d-8bbabe35b8ea,/p/0/f546a82dbbd5e3cb,1,200,180822,387.319,865.961,208811
1787856479699,46173a9a-cbf9-28d5-431a-0b442bc5c2df,/p/4/843def37306f733b,3,200,375637,77.797,1896.005,198120
1787856480515,367b339b-f8cf-4a3d-ff9d-8bbabe35b8ea,/p/5/f546a72dbbd5e218,1,200,487679,159.028,1101.305,442819
1787856480515,367b339b-f8cf-4a3d-ff9d-8bbabe35b8ea,/p/0/f546a92dbbd5e57e,1,200,426985,183.315,1101.898,387500
1787856466175,325cc32d-96d4-96db-c978-be078fa59938,/p/0/bd9ff20d381ec700,2,200,4719320,338.158,15467.222,305117
1787856481092,3bc9f11d-7960-ccae-d2a7-52c2c3c997fe,/p/0/fe2eed7930255674,3,200,237977,61.749,644.414,369292
1787856480847,177f7e65-f050-1b41-ad71-57cfc093d833,/p/0/12237223c7874152,10,200,130014,116.271,892.935,145603
1787856477426,bc40754d-6d53-47c9-0513-824cddd3fda9,/p/0/ebd7aefd133cc249,3,200,2295752,347.926,4422.899,519061
1787856477770,bc40754d-6d53-47c9-0513-824cddd3fda9,/p/0/27d4acd6b963d766,4,200,437803,1380.274,4199.848,104243
1787856451185,178792c0-2430-64a4-2cfa-2d88c3f39d6e,/?crawl=102,0,200,5654828,81.260,30871.564,183173
1787856481092,3bc9f11d-7960-ccae-d2a7-52c2c3c997fe,/p/7/fe2eee7930255827,3,200,499894,22.063,1093.533,457136
1787856481616,367b339b-f8cf-4a3d-ff9d-8bbabe35b8ea,/p/0/4b170ef167b2c1fd,2,200,138426,402.618,718.772,192587
1787856480847,177f7e65-f050-1b41-ad71-57cfc093d833,/p/0/12237123c7873f9f,10,200,194834,149.739,1490.159,130747
1787856481616,367b339b-f8cf-4a3d-ff9d-8bbabe35b8ea,/p/4/4b170df167b2c04a,2,200,307004,89.268,738.917,415478
1787856482185,3bc9f11d-7960-ccae-d2a7-52c2c3c997fe,/p/0/af5cf50dd96ee4b0,4,200,28064,69.077,266.274,105395
1787856478560,177f7e65-f050-1b41-ad71-57cfc093d833,/p/0/6b53551993806620,9,200,499250,132.519,3909.597,127699
1787856478800,673538b3-25b4-b591-7074-3e5402065dc0,/p/0/65bbdaea4f487d9b,2,200,145201,526.372,3873.529,37485
1787856478800,673538b3-25b4-b591-7074-3e5402065dc0,/p/4/65bbd9ea4f487be8,2,200,65515,618.278,3874.226,16910
1787856482185,2fd485ca-0712-36c9-a376-a6feabfa4079,/?crawl=134,0,200,165172,49.072,535.462,308466
1787856481185,84b0ea68-4545-90a3-9040-c7c67f9dcf6c,/?crawl=130,0,200,415053,56.883,1604.985,258602
1787856476422,13587596-966a-e35b-a2db-14109f240e99,/p/0/b086f2dd647f6d09,11,200,521138,221.697,6411.336,81284
1787856441469,cc8aa517-4547-7425-98a0-5b3554abed48,/p/0/df2b3a0b3ca2feca,2,200,2830232,235.547,41441.146,68295
1787856481616,367b339b-f8cf-4a3d-ff9d-8bbabe35b8ea,/p/0/4b170bf167b2bce4,2,200,2348341,89.224,1324.681,1772760
1787856482355,367b339b-f8cf-4a3d-ff9d-8bbabe35b8ea,/p/0/60174b39db8c3bd4,3,200,262292,572.377,588.809,445462
1787856482355,367b339b-f8cf-4a3d-ff9d-8bbabe35b8ea,/p/3/60174c39db8c3d87,3,200,127950,571.618,589.139,217181
1787856482355,367b339b-f8cf-4a3d-ff9d-8bbabe35b8ea,/p/0/60174e39db8c40ed,3,200,462212,571.722,591.718,781136
1787856469039,7e254aaa-9053-e362-9e7c-355ad787b03c,/p/0/5cee67e6fdaf9995,6,200,2225511,35.896,14051.647,158381
1787856470640,d75c7959-148d-0fac-ec45-f5e60e4398fc,/p/0/be0d4f882158dd9b,2,200,2997711,173.389,12549.530,238870
1787856482185,3bc9f11d-7960-ccae-d2a7-52c2c3c997fe,/p/0/af5cf80dd96ee9c9,4,200,422917,76.009,1054.300,401135
1787856479919,009562e6-ed04-c81a-02f7-6e4985ca513b,/p/0/e81dcb9c44cbc933,1,200,371700,142.231,3355.541,110772
1787856481199,f8242598-b862-5fb2-5df5-618c7957326b,/p/0/35c721129737a17f,1,200,358933,119.940,2202.637,162956
1787856482185,3bc9f11d-7960-ccae-d2a7-52c2c3c997fe,/p/6/af5cf70dd96ee816,4,200,404609,76.044,1221.565,331222
1787856483407,3bc9f11d-7960-ccae-d2a7-52c2c3c997fe,/p/5/7b7ea496c2f4d485,5,200,34604,89.304,197.267,175417
1787856481199,f8242598-b862-5fb2-5df5-618c7957326b,/p/0/35c722129737a332,1,200,446662,30.801,2474.163,180531
1787856468645,d75c7959-148d-0fac-ec45-f5e60e4398fc,/p/0/a4acbc007b24abf7,1,200,3587653,137.393,15097.324,237635
1787856482944,367b339b-f8cf-4a3d-ff9d-8bbabe35b8ea,/p/0/92059197c82204fc,4,200,164138,93.256,815.256,201333
1787856477155,3b42866f-ef8e-f982-191d-e02ee3f7dbab,/p/0/1602cbcd58916180,5,200,342175,206.033,6640.031,51532
1787856477155,3b42866f-ef8e-f982-191d-e02ee3f7dbab,/p/0/1602cecd58916699,5,200,352911,137.421,6675.261,52868
1787856481120,d14cd3b5-5b42-a066-02de-787b87a555d4,/p/0/16dacee67e3e74f7,1,200,150345,254.911,2796.074,53770
1787856481595,46173a9a-cbf9-28d5-431a-0b442bc5c2df,/p/0/7546abc3badcf356,4,200,411401,99.951,2481.221,165806
1787856479540,3b42866f-ef8e-f982-191d-e02ee3f7dbab,/p/0/524d0c89f717fbac,6,200,217119,414.389,4597.805,47222
1787856479540,3b42866f-ef8e-f982-191d-e02ee3f7dbab,/p/10/524d0e89f717ff12,6,200,187475,448.448,4597.802,40775
1787856479185,8d10d174-d9ae-9745-d62e-d016ed0fe868,/?crawl=127,0,200,2325686,35.071,4979.432,467058
1787856476445,8b09d9d7-7848-04f0-15de-438766916b4f,/p/6/a25ccdb5029caed2,1,200,478192,402.381,7783.826,61434
1787856482185,b83b22d0-fc0d-8e51-a195-5ecfe799928e,/?crawl=132,0,200,495304,63.521,2138.454,231618
1787856483185,7d4e7dd9-9a16-6043-f7ae-d50e6ed23fce,/?crawl=137,0,200,439911,42.603,1246.135,353020
1787856484185,938413f8-a1eb-fb30-4ee5-90495fe50c2f,/?crawl=139,0,200,91483,39.731,250.449,365276
1787856483407,3bc9f11d-7960-ccae-d2a7-52c2c3c997fe,/p/0/7b7ea296c2f4d11f,5,200,173801,76.366,1037.305,167551
1787856481120,d14cd3b5-5b42-a066-02de-787b87a555d4,/p/0/16dacfe67e3e76aa,1,200,288242,50.224,3447.838,83601
1787856484185,d81cdfce-8322-1bf9-498b-0d3d624b5608,/?crawl=140,0,200,187855,39.348,529.294,354916
1787856484076,46173a9a-cbf9-28d5-431a-0b442bc5c2df,/p/0/7546aac3badcf1a3,4,200,173288,65.000,692.338,250294
1787856472308,bb831df1-80fa-2251-b759-27094d4e1d99,/p/0/83861727f84c88b4,4,200,4883685,175.995,12482.072,391256
1787856476040,673538b3-25b4-b591-7074-3e5402065dc0,/p/0/e2856a58ad171605,1,200,251034,155.350,8756.756,28667
1787856478800,673538b3-25b4-b591-7074-3e5402065dc0,/p/0/65bbdbea4f487f4e,2,200,295637,821.479,5998.888,49282
1787856482674,673538b3-25b4-b591-7074-3e5402065dc0,/p/0/e9324a3b47bff3fe,3,200,108994,2129.432,2132.792,51104
1787856481120,d14cd3b5-5b42-a066-02de-787b87a555d4,/p/4/16dacde67e3e7344,1,200,470497,151.405,4176.751,112647
1787856469385,310f6e92-937b-c49a-1a30-ccae56529668,/p/8/88e9c13b98d1b075,2,200,4192394,254.986,16075.374,260796
1787856476575,2eef06c1-0655-d19d-3261-943ecb5abb56,/p/0/1dbf853a99851d63,2,200,4164118,152.344,8893.399,468226
1787856484714,d81cdfce-8322-1bf9-498b-0d3d624b5608,/p/0/dc9048fc6c22543,1,200,59179,117.002,784.555,75430
1787856457392,b320bc69-c921-e450-a54d-946229d6d387,/p/0/fc4730ccf140ee0e,4,200,221325,154.713,28144.215,7864
1787856483604,3bc9f11d-7960-ccae-d2a7-52c2c3c997fe,/p/4/6d0d5cb2e8c99aed,6,200,401959,72.570,1957.997,205291
1787856485297,d14cd3b5-5b42-a066-02de-787b87a555d4,/p/3/7db8add73b7314ed,2,200,74662,53.291,311.858,239410
1787856483407,3bc9f11d-7960-ccae-d2a7-52c2c3c997fe,/p/0/7b7ea396c2f4d2d2,5,200,474053,89.251,2225.503,213009
1787856476773,2eef06c1-0655-d19d-3261-943ecb5abb56,/p/0/ec7f7061ceb26b43,3,200,5481680,169.822,8860.611,618657
1787856482674,673538b3-25b4-b591-7074-3e5402065dc0,/p/0/e932493b47bff24b,3,200,337312,2131.293,3031.240,111279
1787856477770,bc40754d-6d53-47c9-0513-824cddd3fda9,/p/3/27d4aad6b963d400,4,200,2814332,1380.192,8031.777,350400
1787856485562,3bc9f11d-7960-ccae-d2a7-52c2c3c997fe,/p/3/14e4323b72bb2cf7,7,200,25680,99.647,261.220,98308
1787856485801,bc40754d-6d53-47c9-0513-824cddd3fda9,/p/2/62d42a46fcbee879,5,200,4852,25.101,25.155,192883
1787856478707,2e84960d-3bf0-2b5e-1578-759d34a8af10,/p/3/2ddecd8386faea60,1,200,3733054,22.854,7213.288,517525
1787856485562,3bc9f11d-7960-ccae-d2a7-52c2c3c997fe,/p/0/14e4313b72bb2b44,7,200,80942,91.991,378.109,214070
1787856484714,d81cdfce-8322-1bf9-498b-0d3d624b5608,/p/0/dc9058fc6c226f6,1,200,174177,195.435,1290.063,135014
1787856484229,8b09d9d7-7848-04f0-15de-438766916b4f,/p/0/db4b5052ef0c118d,2,200,102692,524.608,1803.077,56954
1787856485801,bc40754d-6d53-47c9-0513-824cddd3fda9,/p/0/62d42846fcbee513,5,200,53224,25.116,288.587,184430
1787856485801,bc40754d-6d53-47c9-0513-824cddd3fda9,/p/0/62d42946fcbee6c6,5,200,103702,50.485,378.849,273729
1787856485920,2e84960d-3bf0-2b5e-1578-759d34a8af10,/p/0/51800cac8986d793,2,200,295030,1.863,321.849,916673
1787856485920,2e84960d-3bf0-2b5e-1578-759d34a8af10,/p/0/51800dac8986d946,2,200,356146,2.742,323.272,1101693
1787856485920,2e84960d-3bf0-2b5e-1578-759d34a8af10,/p/2/51800bac8986d5e0,2,200,397508,2.813,324.077,1226586
1787856483604,3bc9f11d-7960-ccae-d2a7-52c2c3c997fe,/p/0/6d0d5bb2e8c9993a,6,200,498192,121.790,2648.086,188133
1787856482790,84b0ea68-4545-90a3-9040-c7c67f9dcf6c,/p/0/8902aba15752d416,1,200,218607,303.472,3497.459,62505
1787856485940,3bc9f11d-7960-ccae-d2a7-52c2c3c997fe,/p/0/def69917c0d96aa2,8,200,94865,89.944,409.442,231694
1787856486244,2e84960d-3bf0-2b5e-1578-759d34a8af10,/p/1/341c9966d5163a82,3,200,12755,118.534,118.670,107483
1787856485824,3bc9f11d-7960-ccae-d2a7-52c2c3c997fe,/p/2/def69a17c0d96c55,8,200,82593,73.693,573.250,144079
1787856472673,21e46de2-5f6e-4b6a-5c82-b3054c9922c3,/p/0/302ebcceff82e938,1,200,332020,944.567,13803.943,24053
1787856485827,bc40754d-6d53-47c9-0513-824cddd3fda9,/p/0/5c9c56ea188429d6,6,200,154472,153.365,791.812,195087
1787856486363,2e84960d-3bf0-2b5e-1578-759d34a8af10,/p/0/4eca48395c3161f6,4,200,43100,317.083,319.107,135064
1787856482674,673538b3-25b4-b591-7074-3e5402065dc0,/p/3/e9324b3b47bff5b1,3,200,497324,2128.962,4033.495,123299
1787856482790,84b0ea68-4545-90a3-9040-c7c67f9dcf6c,/p/0/8902a9a15752d0b0,1,200,232355,276.748,3967.253,58568
1787856485609,d14cd3b5-5b42-a066-02de-787b87a555d4,/p/0/6c9bef3e420bf345,3,200,71202,313.504,1346.862,52865
1787856486363,2e84960d-3bf0-2b5e-1578-759d34a8af10,/p/0/4eca47395c316043,4,200,76492,316.955,614.042,124571
1787856486397,3bc9f11d-7960-ccae-d2a7-52c2c3c997fe,/p/0/e9fd7aee2deeaae6,9,200,117558,85.103,617.568,190356
1787856486363,2e84960d-3bf0-2b5e-1578-759d34a8af10,/p/0/4eca49395c3163a9,4,200,333612,317.533,668.283,499208
1787856485827,bc40754d-6d53-47c9-0513-824cddd3fda9,/p/0/5c9c55ea18842823,6,200,215589,153.356,1224.444,176071
1787856459610,0d07583f-1995-15cb-40ba-170c2dbb07bd,/p/0/ac4a7152d8dfe024,5,200,3663523,375.267,27686.977,132319
1787856485633,3bc9f11d-7960-ccae-d2a7-52c2c3c997fe,/p/0/14e4343b72bb305d,7,200,308698,70.262,1815.468,170038
1787856485827,bc40754d-6d53-47c9-0513-824cddd3fda9,/p/1/5c9c57ea18842b89,6,200,426264,189.118,1637.213,260360
1787856464965,177f7e65-f050-1b41-ad71-57cfc093d833,/p/0/3567754b748b40a4,7,200,4965411,103.630,22656.764,219158
1787856482056,178792c0-2430-64a4-2cfa-2d88c3f39d6e,/p/0/4988e1e2aaccc90d,1,200,414694,76.253,5569.640,74456
1787856487014,3bc9f11d-7960-ccae-d2a7-52c2c3c997fe,/p/0/e9fd79ee2deea933,9,200,169898,81.783,748.080,227112
1787856441399,cc8aa517-4547-7425-98a0-5b3554abed48,/p/0/533e8a8c2c14af4d,1,200,3666718,70.516,46653.561,78595
1787856486244,2e84960d-3bf0-2b5e-1578-759d34a8af10,/p/0/341c9766d516371c,3,200,2655328,118.482,1839.163,1443770
1787856472935,7e254aaa-9053-e362-9e7c-355ad787b03c,/p/0/3c41b3969de51fd0,8,200,3413037,232.088,15258.512,223681
1787856488185,9ed30dbd-6452-41db-daa2-4ae6036fc2d1,/?crawl=144,0,200,26901,8.265,18.677,1440362
1787856441399,cc8aa517-4547-7425-98a0-5b3554abed48,/p/0/533e878c2c14aa34,1,200,3529537,120.640,46814.861,75394
1787856487464,bc40754d-6d53-47c9-0513-824cddd3fda9,/p/0/a9d7af13e59c6976,7,200,178247,25.413,866.914,205611
1787856487464,bc40754d-6d53-47c9-0513-824cddd3fda9,/p/0/a9d7ad13e59c6610,7,200,237937,74.399,1024.962,232142
1787856484138,3b42866f-ef8e-f982-191d-e02ee3f7dbab,/p/9/ee7f798dcc8a98f,7,200,241089,412.907,4591.329,52510
1787856484435,938413f8-a1eb-fb30-4ee5-90495fe50c2f,/p/2/b7bfabeb90c57ac1,1,200,442048,114.692,4332.367,102034
1787856475820,da0752ee-b3d0-6118-f315-e65fe89a7333,/p/0/7b8822f9d966c2ac,1,200,322427,444.087,13009.036,24785
1787856487185,24c4f745-de62-72c7-7dfc-f048d9700313,/?crawl=143,0,200,221639,126.428,1726.235,128394
1787856467526,f8a475b2-5234-39a3-7aa4-850c68dc580f,/p/0/44ac778d5f4555d3,2,200,3207413,184.957,21442.536,149582
1787856476185,cbdb54a1-c3b7-9141-681f-3e3fcd327511,/?crawl=124,0,200,5878165,29.824,12821.208,458472
1787856486244,2e84960d-3bf0-2b5e-1578-759d34a8af10,/p/0/341c9a66d5163c35,3,200,6180978,119.263,2869.108,2154320
1787856487464,bc40754d-6d53-47c9-0513-824cddd3fda9,/p/0/a9d7b013e59c6b29,7,200,507390,25.401,1741.878,291289
1787856481199,f8242598-b862-5fb2-5df5-618c7957326b,/p/4/35c723129737a4e5,1,200,3069395,149.808,8013.468,383030
1787856461098,e5400e04-7477-8a67-1337-3a673c0bd1d7,/p/0/d8f02f06b3b26613,1,200,472577,498.746,28281.301,16710
1787856467917,52d8c071-eefb-9ce5-6e83-0a62ce771785,/p/0/3cec40adf343957e,5,200,400367,639.064,21593.644,18541
1787856484323,b83b22d0-fc0d-8e51-a195-5ecfe799928e,/p/0/622e02e62e1ceb56,1,200,379903,62.171,5207.388,72955
1787856484323,b83b22d0-fc0d-8e51-a195-5ecfe799928e,/p/0/622e01e62e1ce9a3,1,200,296186,155.827,5207.432,56878
1787856488204,9ed30dbd-6452-41db-daa2-4ae6036fc2d1,/p/0/5b725a06192dfd8f,1,200,230105,39.360,1360.160,169175
1787856489185,8e3b556d-d010-5dae-8d43-1abd289b5e00,/?crawl=145,0,200,179925,31.880,392.763,458100
1787856488204,9ed30dbd-6452-41db-daa2-4ae6036fc2d1,/p/0/5b725b06192dff42,1,200,367983,8.947,1398.829,263065
1787856488204,9ed30dbd-6452-41db-daa2-4ae6036fc2d1,/p/7/5b725c06192e00f5,1,200,468924,39.308,1465.215,320038
1787856485609,d14cd3b5-5b42-a066-02de-787b87a555d4,/p/0/6c9bec3e420bee2c,3,200,281529,339.212,4120.162,68330
1787856484323,b83b22d0-fc0d-8e51-a195-5ecfe799928e,/p/12/622e00e62e1ce7f0,1,200,506269,216.425,5489.893,92218
1787856489813,b83b22d0-fc0d-8e51-a195-5ecfe799928e,/p/0/401439bc6c6c5924,2,200,17596,1.863,1.991,8838223
1787856485460,310f6e92-937b-c49a-1a30-ccae56529668,/p/0/ceb2de3ae30719b6,3,200,437068,230.910,4357.993,100291
1787856489669,9ed30dbd-6452-41db-daa2-4ae6036fc2d1,/p/0/a9e50b64c9c23624,2,200,150555,8.429,234.455,642148
1787856485460,310f6e92-937b-c49a-1a30-ccae56529668,/p/0/ceb2dd3ae3071803,3,200,468276,137.818,4474.860,104646
1787856489212,f8242598-b862-5fb2-5df5-618c7957326b,/p/3/d9a3090a03f16730,2,200,125410,28.781,737.376,170076
1787856485460,310f6e92-937b-c49a-1a30-ccae56529668,/p/7/ceb2dc3ae3071650,3,200,489795,46.493,4497.590,108902
1787856489669,9ed30dbd-6452-41db-daa2-4ae6036fc2d1,/p/0/a9e50e64c9c23b3d,2,200,248910,25.179,312.624,796195
1787856489813,b83b22d0-fc0d-8e51-a195-5ecfe799928e,/p/0/40143cbc6c6c5e3d,2,200,215436,11.039,371.389,580082
1787856489813,b83b22d0-fc0d-8e51-a195-5ecfe799928e,/p/11/40143abc6c6c5ad7,2,200,329067,2.720,373.880,880140
1787856480098,ed069497-9aa0-a172-02cb-a0597c886978,/p/0/114266a2e689b5e4,1,200,176000,1354.338,10154.304,17333
1787856488768,938413f8-a1eb-fb30-4ee5-90495fe50c2f,/p/0/a7d77b38490cbe54,2,200,109190,189.623,1726.017,63261
1787856481185,590d1b48-58c2-6c4f-2c00-13cf3663ead3,/?crawl=131,0,200,520886,227.784,9372.710,55575
1787856489212,f8242598-b862-5fb2-5df5-618c7957326b,/p/0/d9a30a0a03f168e3,2,200,259690,90.387,1453.580,178655
1787856489958,310f6e92-937b-c49a-1a30-ccae56529668,/p/0/d5f8d8a2d21ea045,4,200,91190,84.199,891.720,102263
1787856477679,46173a9a-cbf9-28d5-431a-0b442bc5c2df,/p/0/c399142c941de2b1,1,200,3352034,11.835,13181.941,254290
1787856484229,8b09d9d7-7848-04f0-15de-438766916b4f,/p/5/db4b4f52ef0c0fda,2,200,349905,444.389,6798.963,51464
1787856488768,938413f8-a1eb-fb30-4ee5-90495fe50c2f,/p/1/a7d77c38490cc007,2,200,180686,209.194,2336.811,77322
1787856489958,310f6e92-937b-c49a-1a30-ccae56529668,/p/0/d5f8d5a2d21e9b2c,4,200,99678,168.453,1166.783,85430
1787856478560,177f7e65-f050-1b41-ad71-57cfc093d833,/p/0/6b53581993806b39,9,200,2876363,132.492,12603.196,228225
1787856490187,b83b22d0-fc0d-8e51-a195-5ecfe799928e,/p/0/e3116d784250d00a,3,200,382329,13.091,1009.466,378744
1787856441469,cc8aa517-4547-7425-98a0-5b3554abed48,/p/0/df2b3b0b3ca3007d,2,200,5406084,304.744,49730.588,108707
1787856490187,b83b22d0-fc0d-8e51-a195-5ecfe799928e,/p/0/e3116c784250ce57,3,200,458846,1005.595,1016.157,451550
1787856485609,d14cd3b5-5b42-a066-02de-787b87a555d4,/p/2/6c9bee3e420bf192,3,200,337717,392.091,5798.442,58243
1787856485297,d14cd3b5-5b42-a066-02de-787b87a555d4,/p/0/7db8acd73b73133a,2,200,420975,234.338,6269.760,67144
1787856489950,f8242598-b862-5fb2-5df5-618c7957326b,/p/2/c9ba6027317213ef,3,200,201473,197.182,1798.801,112004
1787856489950,f8242598-b862-5fb2-5df5-618c7957326b,/p/0/c9ba5f273172123c,3,200,346295,202.238,1812.139,191097
1787856490187,b5368955-5763-9cc1-e139-a04ea163641d,/?crawl=146,0,200,109963,144.427,1608.413,68367
1787856489958,310f6e92-937b-c49a-1a30-ccae56529668,/p/6/d5f8d7a2d21e9e92,4,200,425982,69.091,1997.595,213247
1787856491185,ffa852a3-0b8e-a209-0ca3-c1631529f0aa,/?crawl=148,0,200,179085,69.142,888.122,201645
1787856488768,938413f8-a1eb-fb30-4ee5-90495fe50c2f,/p/0/a7d77e38490cc36d,2,200,256348,247.793,3329.885,76984
1787856480098,ed069497-9aa0-a172-02cb-a0597c886978,/p/0/114269a2e689bafd,1,200,228008,1609.667,12147.080,18771
1787856472673,21e46de2-5f6e-4b6a-5c82-b3054c9922c3,/p/0/302ebfceff82ee51,1,200,501663,186.445,19581.012,25620
1787856489669,9ed30dbd-6452-41db-daa2-4ae6036fc2d1,/p/6/a9e50d64c9c2398a,2,200,5357510,32.406,2604.117,2057323
1787856492185,5bd9add0-3b1e-2cec-398e-1fbadb04cd9b,/?crawl=152,0,200,41908,33.594,117.237,357464
1787856492273,9ed30dbd-6452-41db-daa2-4ae6036fc2d1,/p/5/fe5795db6adec49d,3,200,29733,7.758,32.030,928277
1787856485185,67b2ed57-4ba7-42be-182b-a4d95a7f6cde,/?crawl=141,0,200,2193471,67.169,7130.254,307629
1787856492273,9ed30dbd-6452-41db-daa2-4ae6036fc2d1,/p/0/fe5794db6adec2ea,3,200,36721,7.770,47.704,769767
1787856492273,9ed30dbd-6452-41db-daa2-4ae6036fc2d1,/p/0/fe5793db6adec137,3,200,114124,7.823,133.889,852376
1787856489578,8e3b556d-d010-5dae-8d43-1abd289b5e00,/p/2/c80806a884930ae2,1,200,337147,30.495,2880.042,117063
1787856492185,8a54e9bb-d65a-9bdb-cb4d-5b14e76d001b,/?crawl=153,0,200,281334,18.224,301.920,931817
1787856489578,8e3b556d-d010-5dae-8d43-1abd289b5e00,/p/0/c80807a884930c95,1,200,248902,182.455,2911.673,85484
1787856492305,9ed30dbd-6452-41db-daa2-4ae6036fc2d1,/p/0/9fa109238c373b68,4,200,130386,39.845,211.121,617589
1787856491749,f8242598-b862-5fb2-5df5-618c7957326b,/p/1/189e66139a182c0f,4,200,135770,948.324,953.117,142448
1787856492305,9ed30dbd-6452-41db-daa2-4ae6036fc2d1,/p/0/9fa10c238c374081,4,200,353038,39.972,435.659,810354
1787856492487,8a54e9bb-d65a-9bdb-cb4d-5b14e76d001b,/p/0/421839f26de42639,1,200,61163,88.403,328.184,186368
1787856484138,3b42866f-ef8e-f982-191d-e02ee3f7dbab,/p/0/ee7f998dcc8acf5,7,200,455540,412.897,8743.256,52102
1787856459610,0d07583f-1995-15cb-40ba-170c2dbb07bd,/p/0/ac4a7252d8dfe1d7,5,200,5163925,52.343,33305.222,155049
1787856491749,f8242598-b862-5fb2-5df5-618c7957326b,/p/0/189e68139a182f75,4,200,426359,948.359,1312.039,324959
1787856486185,2974f6ec-1089-10e8-68f3-33c3f661625d,/?crawl=142,0,200,2123717,42.160,6895.174,308001
1787856491407,d14cd3b5-5b42-a066-02de-787b87a555d4,/p/1/4c6c9848221eaefd,4,200,90163,264.041,1679.313,53690
1787856475820,da0752ee-b3d0-6118-f315-e65fe89a7333,/p/0/7b8824f9d966c612,1,200,494397,410.568,17318.245,28548
1787856489577,8e3b556d-d010-5dae-8d43-1abd289b5e00,/p/0/c80804a88493077c,1,200,506837,30.562,3629.367,139649
1787856492185,8a339757-9011-d135-5428-c2612ad84862,/?crawl=150,0,200,524319,34.979,1074.556,487940
1787856492302,5bd9add0-3b1e-2cec-398e-1fbadb04cd9b,/p/5/aeade494d9493026,1,200,162479,183.694,1145.287,141868
1787856492185,e7e569b1-b4c9-04b9-1ad9-dcc37f9b4454,/?crawl=151,0,200,366437,51.730,1326.000,276348
1787856493087,d14cd3b5-5b42-a066-02de-787b87a555d4,/p/0/bc027244dd78473c,5,200,133705,56.800,514.486,259881
1787856475145,f8a475b2-5234-39a3-7aa4-850c68dc580f,/p/0/a430f2349d48ba7,5,200,4619550,187.720,18545.322,249095
1787856492315,67b2ed57-4ba7-42be-182b-a4d95a7f6cde,/p/0/7a5eaf3232272f30,1,200,169267,158.554,1476.245,114661
1787856491749,f8242598-b862-5fb2-5df5-618c7957326b,/p/0/189e65139a182a5c,4,200,450172,339.671,2067.887,217697
1787856492702,f8242598-b862-5fb2-5df5-618c7957326b,/p/0/588ca99be8a9682c,5,200,410021,388.621,1212.953,338035
1787856492702,f8242598-b862-5fb2-5df5-618c7957326b,/p/0/588caa9be8a969df,5,200,271566,409.413,1221.220,222373
1787856491955,310f6e92-937b-c49a-1a30-ccae56529668,/p/0/61058e3645328859,5,200,200735,233.264,1976.125,101580
1787856492315,67b2ed57-4ba7-42be-182b-a4d95a7f6cde,/p/8/7a5eb13232273296,1,200,242503,33.759,1620.524,149645
1787856492315,67b2ed57-4ba7-42be-182b-a4d95a7f6cde,/p/0/7a5eb23232273449,1,200,244707,105.943,1676.356,145976
1787856452359,f5c0e107-6671-9a67-9c79-f1de31fc5b24,/p/0/b61e8c851631d2fa,1,200,3394956,448.701,41643.817,81524
1787856491104,938413f8-a1eb-fb30-4ee5-90495fe50c2f,/p/0/9db89e0883d59834,3,200,254798,247.761,2906.305,87671
1787856493061,f8242598-b862-5fb2-5df5-618c7957326b,/p/0/588cac9be8a96d45,5,200,502826,766.227,1026.739,489731
1787856492305,9ed30dbd-6452-41db-daa2-4ae6036fc2d1,/p/4/9fa10a238c373d1b,4,200,3358572,36.476,1782.600,1884086
1787856488729,3b42866f-ef8e-f982-191d-e02ee3f7dbab,/p/0/cf119a25abd7016a,8,200,178179,554.252,5359.818,33243
1787856493511,e7e569b1-b4c9-04b9-1ad9-dcc37f9b4454,/p/0/1b438e3744ae3860,1,200,95136,51.686,671.846,141604
1787856494088,9ed30dbd-6452-41db-daa2-4ae6036fc2d1,/p/0/a01c735c5193d75f,5,200,82168,35.755,113.113,726426
1787856482185,7849e255-658c-6a99-da1b-70fd4200a28f,/?crawl=133,0,200,4022352,40.255,12042.929,334001
1787856489212,f8242598-b862-5fb2-5df5-618c7957326b,/p/0/d9a30b0a03f16a96,2,200,2730680,150.822,5023.381,543594
1787856489950,f8242598-b862-5fb2-5df5-618c7957326b,/p/0/c9ba622731721755,3,200,2408055,263.444,4285.949,561849
1787856492458,8e3b556d-d010-5dae-8d43-1abd289b5e00,/p/0/faa77acd8071d1cb,2,200,250566,152.645,1784.883,140382
1787856492487,8a54e9bb-d65a-9bdb-cb4d-5b14e76d001b,/p/0/421837f26de422d3,1,200,396990,19.027,1757.453,225889
1787856493185,9fdadbf3-64fe-7116-6d25-bedb63bd910c,/?crawl=154,0,200,468127,35.617,1101.105,425143
1787856494088,9ed30dbd-6452-41db-daa2-4ae6036fc2d1,/p/0/a01c745c5193d912,5,200,274515,35.738,293.985,933774
1787856494088,9ed30dbd-6452-41db-daa2-4ae6036fc2d1,/p/3/a01c755c5193dac5,5,200,426155,7.310,361.680,1178266
1787856493087,d14cd3b5-5b42-a066-02de-787b87a555d4,/p/0/bc027344dd7848ef,5,200,93625,258.515,1606.943,58263
1787856488729,3b42866f-ef8e-f982-191d-e02ee3f7dbab,/p/0/cf119925abd6ffb7,8,200,199326,520.340,5987.998,33288
1787856494228,7849e255-658c-6a99-da1b-70fd4200a28f,/p/1/f5985643c2b7de03,1,200,58595,117.575,543.950,107721
1787856494449,9ed30dbd-6452-41db-daa2-4ae6036fc2d1,/p/0/8d4922ac653e1a67,6,200,293239,20.760,422.982,693266
1787856480185,337538bb-11fc-8969-11e3-33a2ad56320c,/?crawl=128,0,200,3474943,83.622,14745.898,235655
1787856480847,177f7e65-f050-1b41-ad71-57cfc093d833,/p/7/12237023c7873dec,10,200,5357909,125.424,14175.381,377973
1787856494449,9ed30dbd-6452-41db-daa2-4ae6036fc2d1,/p/2/8d4921ac653e18b4,6,200,381254,35.946,612.670,622283
1787856495062,9ed30dbd-6452-41db-daa2-4ae6036fc2d1,/p/1/700768a1660c695,7,200,41906,37.411,101.095,414521
1787856461098,e5400e04-7477-8a67-1337-3a673c0bd1d7,/p/0/d8f03106b3b26979,1,0,633719,451.249,34087.379,18591
1787856461098,e5400e04-7477-8a67-1337-3a673c0bd1d7,/p/0/d8f03006b3b267c6,1,0,667963,55.193,34087.404,19596
1787856491028,8b09d9d7-7848-04f0-15de-438766916b4f,/p/0/cc86e6e16b5df386,3,200,193633,397.909,4160.389,46542
1787856491407,d14cd3b5-5b42-a066-02de-787b87a555d4,/p/0/4c6c9748221ead4a,4,200,216517,395.892,3787.686,57163
1787856491104,938413f8-a1eb-fb30-4ee5-90495fe50c2f,/p/0/9db8a00883d59b9a,3,200,333624,228.868,4149.479,80401
1787856477679,46173a9a-cbf9-28d5-431a-0b442bc5c2df,/p/0/c399112c941ddd98,1,200,4646278,36.683,17718.449,262228
1787856492458,8e3b556d-d010-5dae-8d43-1abd289b5e00,/p/0/faa77bcd8071d37e,2,200,428608,168.975,2999.932,142873
1787856495163,9ed30dbd-6452-41db-daa2-4ae6036fc2d1,/p/0/bcc620a374cc8549,8,200,81244,38.014,326.702,248679
1787856479699,46173a9a-cbf9-28d5-431a-0b442bc5c2df,/p/0/843dee37306f7188,3,200,4258356,90.493,15940.749,267137
1787856486708,673538b3-25b4-b591-7074-3e5402065dc0,/p/2/38bb0950960902f5,4,200,143048,1225.105,8956.351,15972
1787856495062,9ed30dbd-6452-41db-daa2-4ae6036fc2d1,/p/0/700748a1660c32f,7,200,209005,49.346,620.431,336871
1787856495185,7d9cccd0-f5c7-5ccd-bb0f-0cbcedc8a0f7,/?crawl=155,0,200,310597,27.505,580.390,535153
1787856495062,9ed30dbd-6452-41db-daa2-4ae6036fc2d1,/p/0/700758a1660c4e2,7,200,384817,37.458,826.501,465598
1787856493447,5bd9add0-3b1e-2cec-398e-1fbadb04cd9b,/p/0/d840617dd199de5c,2,200,124168,206.494,2520.796,49257
1787856484138,3b42866f-ef8e-f982-191d-e02ee3f7dbab,/p/0/ee7f698dcc8a7dc,7,200,510852,378.654,11927.955,42828
1787856495163,9ed30dbd-6452-41db-daa2-4ae6036fc2d1,/p/0/bcc61ea374cc81e3,8,200,316033,63.607,929.377,340048
1787856488729,3b42866f-ef8e-f982-191d-e02ee3f7dbab,/p/8/cf119b25abd7031d,8,200,320422,484.363,7405.972,43265
1787856495023,177f7e65-f050-1b41-ad71-57cfc093d833,/p/0/31aad8e706562be2,11,200,228415,47.894,1154.009,197932
1787856492073,ffa852a3-0b8e-a209-0ca3-c1631529f0aa,/p/0/a91bb07c6b99d78e,1,200,228315,353.947,4113.777,55500
1787856491407,d14cd3b5-5b42-a066-02de-787b87a555d4,/p/0/4c6c9648221eab97,4,200,260779,342.973,4860.294,53655
1787856493447,5bd9add0-3b1e-2cec-398e-1fbadb04cd9b,/p/0/d840647dd199e375,2,200,95457,274.636,2875.992,33191
1787856490558,590d1b48-58c2-6c4f-2c00-13cf3663ead3,/p/0/1c6cfffeebedc876,1,200,337027,228.104,5847.209,57639
1787856490558,590d1b48-58c2-6c4f-2c00-13cf3663ead3,/p/0/1c6d00feebedca29,1,200,369440,438.946,5850.924,63142
1787856483185,d9dadcc3-5ce0-6abf-5540-d3ed2a87dc9e,/?crawl=138,0,200,3314660,77.164,13227.936,250580
1787856496185,bb0cfc4b-b7d1-1d64-6110-aa44237da7a0,/?crawl=156,0,200,29443,115.686,288.237,102149
1787856494286,9fdadbf3-64fe-7116-6d25-bedb63bd910c,/p/0/d5828f50027f1c4c,1,200,191972,187.096,2194.887,87463
1787856493511,e7e569b1-b4c9-04b9-1ad9-dcc37f9b4454,/p/0/1b43913744ae3d79,1,200,231501,309.411,2982.525,77619
1787856492302,5bd9add0-3b1e-2cec-398e-1fbadb04cd9b,/p/0/aeade594d94931d9,1,200,408428,34.509,4380.399,93240
1787856479699,46173a9a-cbf9-28d5-431a-0b442bc5c2df,/p/0/843df137306f76a1,3,200,4651571,63.698,17020.372,273294
1787856496413,d9dadcc3-5ce0-6abf-5540-d3ed2a87dc9e,/p/0/2455578dfc2a8661,1,200,78694,2.469,339.018,232124
1787856492073,ffa852a3-0b8e-a209-0ca3-c1631529f0aa,/p/0/a91baf7c6b99d5db,1,200,264992,353.944,4786.435,55363
1787856494286,9fdadbf3-64fe-7116-6d25-bedb63bd910c,/p/0/d5829150027f1fb2,1,200,262463,34.662,2581.503,101671
1787856457392,b320bc69-c921-e450-a54d-946229d6d387,/p/0/fc472fccf140ec5b,4,200,290798,142.103,39479.766,7366
1787856494931,337538bb-11fc-8969-11e3-33a2ad56320c,/p/0/aa45224412d967a4,1,200,102755,82.323,2021.210,50838
1787856493259,8a339757-9011-d135-5428-c2612ad84862,/p/0/87d93ad9b01345b3,1,200,359196,29.661,3813.136,94200
1787856492487,8a54e9bb-d65a-9bdb-cb4d-5b14e76d001b,/p/0/421838f26de42486,1,200,2593489,88.384,4611.890,562348
1787856494772,7849e255-658c-6a99-da1b-70fd4200a28f,/p/0/cca9510542d08020,2,200,205822,200.401,2354.543,87415
1787856494286,9fdadbf3-64fe-7116-6d25-bedb63bd910c,/p/0/d5829050027f1dff,1,200,394761,170.519,2942.376,134164
1787856483185,3e92bd4e-aba7-1de2-795d-65a4c67da03b,/?crawl=135,0,200,2721411,75.770,14063.908,193503
1787856492073,ffa852a3-0b8e-a209-0ca3-c1631529f0aa,/p/3/a91bb17c6b99d941,1,200,404122,70.971,5250.963,76962
1787856496413,d9dadcc3-5ce0-6abf-5540-d3ed2a87dc9e,/p/0/2455548dfc2a8148,1,200,2452575,2.734,1117.345,2195003
1787856475820,da0752ee-b3d0-6118-f315-e65fe89a7333,/p/0/7b8823f9d966c45f,1,200,5374040,241.321,21764.729,246915
1787856496135,3b42866f-ef8e-f982-191d-e02ee3f7dbab,/p/0/4cac532f838ffb7,9,200,93260,347.650,1451.176,64265
1787856493259,8a339757-9011-d135-5428-c2612ad84862,/p/3/87d939d9b0134400,1,200,434709,44.256,4334.117,100299
1787856494772,7849e255-658c-6a99-da1b-70fd4200a28f,/p/0/cca9530542d08386,2,200,251408,200.403,2915.540,86230
1787856493259,8a339757-9011-d135-5428-c2612ad84862,/p/0/87d93bd9b0134766,1,200,374326,60.436,4502.754,83133
1787856464563,76b107c0-bc6f-06ab-e91f-c4cf3198541b,/p/0/d1703f9140272c1f,2,200,3054847,136.210,33211.598,91981
1787856481595,46173a9a-cbf9-28d5-431a-0b442bc5c2df,/p/3/7546acc3badcf509,4,200,6255009,71.819,16272.407,384394
1787856497867,46173a9a-cbf9-28d5-431a-0b442bc5c2df,/p/2/b34854845689db1e,5,200,77889,12.497,72.451,1075053
1787856497940,46173a9a-cbf9-28d5-431a-0b442bc5c2df,/p/1/c8767bd40acb2cb7,6,200,25926,77.390,133.327,194454
1787856495163,9ed30dbd-6452-41db-daa2-4ae6036fc2d1,/p/0/bcc61da374cc8030,8,200,2785203,60.369,2921.100,953477
1787856467641,76b107c0-bc6f-06ab-e91f-c4cf3198541b,/p/0/c626575a05b36e03,3,200,3748582,339.686,30655.105,122282
1787856497324,ffa852a3-0b8e-a209-0ca3-c1631529f0aa,/p/0/f982a8eef532b0b3,2,200,117430,71.675,989.169,118716
1787856493087,d14cd3b5-5b42-a066-02de-787b87a555d4,/p/0/bc027544dd784c55,5,200,450643,364.918,5304.317,84958
1787856493936,67b2ed57-4ba7-42be-182b-a4d95a7f6cde,/p/0/a771556fa09ac08f,2,200,504669,149.043,4551.678,110875
1787856494449,9ed30dbd-6452-41db-daa2-4ae6036fc2d1,/p/0/8d4923ac653e1c1a,6,200,4175435,7.160,4047.077,1031716
1787856498185,1aa51ea5-ff8c-ec51-4e5f-c22aa7884e20,/?crawl=160,0,200,201686,30.708,428.325,470871
1787856494228,7849e255-658c-6a99-da1b-70fd4200a28f,/p/0/f5985843c2b7e169,1,200,381906,37.897,4529.535,84315
1787856457358,1aabfa89-e343-901f-abec-8e275faf40ba,/p/0/15b808b5254aa3e4,2,200,3764923,306.933,41625.576,90447
1787856498073,46173a9a-cbf9-28d5-431a-0b442bc5c2df,/p/0/d614c8d26c28fd7c,7,200,201192,63.007,935.257,215119
1787856496413,d9dadcc3-5ce0-6abf-5540-d3ed2a87dc9e,/p/6/2455568dfc2a84ae,1,200,4533213,1.843,2756.371,1644631
1787856499185,c1184fe1-003e-5e2b-51d6-27a73b5b7f88,/?crawl=162,0,200,98832,22.183,149.407,661493
1787856486252,3bc9f11d-7960-ccae-d2a7-52c2c3c997fe,/p/0/def69817c0d968ef,8,200,3657335,84.068,13111.616,278939
1787856497940,46173a9a-cbf9-28d5-431a-0b442bc5c2df,/p/0/c8767ad40acb2b04,6,200,331498,65.117,1492.228,222150
1787856488911,24c4f745-de62-72c7-7dfc-f048d9700313,/p/0/538a087708f149d6,1,200,365661,397.603,10539.136,34696
1787856499169,d9dadcc3-5ce0-6abf-5540-d3ed2a87dc9e,/p/5/7d6295cb5dc534fa,2,200,56126,3.455,313.674,178931
1787856499169,d9dadcc3-5ce0-6abf-5540-d3ed2a87dc9e,/p/0/7d6296cb5dc536ad,2,200,92259,3.688,315.713,292224
1787856498073,46173a9a-cbf9-28d5-431a-0b442bc5c2df,/p/0/d614c9d26c28ff2f,7,200,277565,62.977,1443.364,192304
1787856483604,3bc9f11d-7960-ccae-d2a7-52c2c3c997fe,/p/0/6d0d5ab2e8c99787,6,200,4021791,135.214,16059.285,250434
1787856494931,337538bb-11fc-8969-11e3-33a2ad56320c,/p/0/aa45254412d96cbd,1,200,398839,283.809,4824.576,82668
1787856456272,4e85034e-284d-37b6-32bc-5864a30da61d,/p/0/86bf6f25d8c78df2,3,200,6082279,103.374,43509.268,139793
1787856499169,d9dadcc3-5ce0-6abf-5540-d3ed2a87dc9e,/p/0/7d6293cb5dc53194,2,200,497619,11.133,628.574,791663
1787856499483,d9dadcc3-5ce0-6abf-5540-d3ed2a87dc9e,/p/0/1c92a5a4371ea9db,3,200,49157,315.603,320.193,153523
1787856499483,d9dadcc3-5ce0-6abf-5540-d3ed2a87dc9e,/p/0/1c92a6a4371eab8e,3,200,219624,315.205,321.755,682582
1787856494772,7849e255-658c-6a99-da1b-70fd4200a28f,/p/0/cca9520542d081d3,2,200,508130,222.774,5168.099,98320
1787856499334,c1184fe1-003e-5e2b-51d6-27a73b5b7f88,/p/0/407d49b71d55dc6e,1,200,148308,21.858,623.365,237915
1787856484714,d81cdfce-8322-1bf9-498b-0d3d624b5608,/p/1/dc9068fc6c228a9,1,200,4961318,39.391,15349.742,323218
1787856497594,8a339757-9011-d135-5428-c2612ad84862,/p/2/99ac765db77f9973,2,200,367751,260.377,2498.349,147198
1787856499334,c1184fe1-003e-5e2b-51d6-27a73b5b7f88,/p/7/407d4ab71d55de21,1,200,184761,21.864,775.032,238391
1787856498185,ca669f7d-cb7e-41ae-3bcc-0fdc99a43973,/?crawl=159,0,200,390093,73.555,1956.933,199339
1787856457358,1aabfa89-e343-901f-abec-8e275faf40ba,/p/3/15b80ab5254aa74a,2,200,4598185,306.921,42799.849,107435
1787856499334,c1184fe1-003e-5e2b-51d6-27a73b5b7f88,/p/0/407d48b71d55dabb,1,200,238886,106.479,827.106,288821
1787856497324,ffa852a3-0b8e-a209-0ca3-c1631529f0aa,/p/0/f982a9eef532b266,2,200,282746,356.834,2938.167,96232
1787856488911,24c4f745-de62-72c7-7dfc-f048d9700313,/p/0/538a077708f14823,1,200,412282,421.543,11430.189,36070
1787856481092,3bc9f11d-7960-ccae-d2a7-52c2c3c997fe,/p/0/fe2ef07930255b8d,3,200,5469720,14.712,19300.275,283401
1787856497249,3e92bd4e-aba7-1de2-795d-65a4c67da03b,/p/0/6a1654753e599f0f,1,200,201898,68.380,3173.630,63617
1787856488911,24c4f745-de62-72c7-7dfc-f048d9700313,/p/4/538a067708f14670,1,200,516712,140.075,11523.005,44842
1787856454014,1aabfa89-e343-901f-abec-8e275faf40ba,/p/0/22b434278196d7ce,1,200,5815918,151.949,46478.707,125131
1787856499009,46173a9a-cbf9-28d5-431a-0b442bc5c2df,/p/0/d614cbd26c290295,7,200,347945,72.552,1484.800,234338
1787856500158,1aabfa89-e343-901f-abec-8e275faf40ba,/p/0/e27e1b58c6dd0325,3,200,502539,336.059,536.245,937145
1787856497249,3e92bd4e-aba7-1de2-795d-65a4c67da03b,/p/4/6a1656753e59a275,1,200,303506,210.002,3525.528,86088
1787856498613,1aa51ea5-ff8c-ec51-4e5f-c22aa7884e20,/p/0/19a89efbf41ff048,1,200,172378,163.261,2227.545,77385
1787856497249,3e92bd4e-aba7-1de2-795d-65a4c67da03b,/p/0/6a1655753e59a0c2,1,200,232403,347.246,3596.579,64618
1787856500064,d81cdfce-8322-1bf9-498b-0d3d624b5608,/p/0/494c1a57b423cc14,2,200,81560,185.452,808.196,100916
1787856500092,8a339757-9011-d135-5428-c2612ad84862,/p/0/7ff5d77819f2423f,3,200,72739,244.313,1003.268,72502
1787856499185,d7c9c727-c140-24e7-843f-b51060c538a1,/?crawl=161,0,200,356691,79.176,1954.826,182467
1787856497324,ffa852a3-0b8e-a209-0ca3-c1631529f0aa,/p/2/f982a7eef532af00,2,200,375084,356.783,3815.936,98294
1787856500064,d81cdfce-8322-1bf9-498b-0d3d624b5608,/p/0/494c1c57b423cf7a,2,200,159833,244.319,1198.948,133311
1787856501185,9cb133e4-d6b5-0874-70bc-02f9435ee7b7,/?crawl=163,0,200,43587,24.416,83.816,520035
1787856497594,8a339757-9011-d135-5428-c2612ad84862,/p/0/99ac755db77f97c0,2,200,430125,168.641,3773.127,113997
1787856500434,24c4f745-de62-72c7-7dfc-f048d9700313,/p/0/ce1cb2a1e00b2953,2,200,22306,465.833,982.416,22705
1787856486397,3bc9f11d-7960-ccae-d2a7-52c2c3c997fe,/p/1/e9fd7bee2deeac99,9,200,4890220,85.042,15059.811,324720
1787856500064,d81cdfce-8322-1bf9-498b-0d3d624b5608,/p/0/494c1d57b423d12d,2,200,390365,35.981,1709.043,228412
1787856498613,1aa51ea5-ff8c-ec51-4e5f-c22aa7884e20,/p/0/19a8a1fbf41ff561,1,200,422124,148.442,3228.910,130733
1787856496473,bb0cfc4b-b7d1-1d64-6110-aa44237da7a0,/p/1/fc573a0b2bb50872,1,200,160380,571.232,5446.435,29447
1787856500109,c1184fe1-003e-5e2b-51d6-27a73b5b7f88,/p/6/ea8a2e70ba04562,2,200,246211,125.705,1926.083,127830
1787856501140,ffa852a3-0b8e-a209-0ca3-c1631529f0aa,/p/0/b34d92f8af7b1668,3,200,62148,103.426,914.393,67966
1787856452359,f5c0e107-6671-9a67-9c79-f1de31fc5b24,/p/0/b61e8b851631d147,1,200,4639407,49.332,49776.595,93205
1787856471742,52d8c071-eefb-9ce5-6e83-0a62ce771785,/p/6/5bdf74b39a4910f7,6,0,594882,608.404,30442.700,19541
1787856401504,52d8c071-eefb-9ce5-6e83-0a62ce771785,/p/0/9a415eefdeb6f4e3,3,0,1918107,591.948,100681.367,19051
1787856489510,52d8c071-eefb-9ce5-6e83-0a62ce771785,/p/0/5bdf73b39a490f44,6,0,185595,665.184,12674.609,14643
1787856401504,52d8c071-eefb-9ce5-6e83-0a62ce771785,/p/0/9a415fefdeb6f696,3,0,1961635,591.939,100681.346,19484
1787856502185,52d8c071-eefb-9ce5-6e83-0a62ce771785,/p/0/5bdf76b39a49145d,6,0,0,0.013,0.000,0
1787856389562,52d8c071-eefb-9ce5-6e83-0a62ce771785,/p/0/19200bf6b6d782dc,2,0,2415915,654.578,112622.570,21451
1787856382590,52d8c071-eefb-9ce5-6e83-0a62ce771785,/p/0/11e648f5b055533c,1,0,2683579,172.645,119595.295,22439
1787856501457,3bc9f11d-7960-ccae-d2a7-52c2c3c997fe,/p/0/940168fb092be5f7,10,200,274964,63.941,883.370,311267
1787856501140,ffa852a3-0b8e-a209-0ca3-c1631529f0aa,/p/1/b34d93f8af7b181b,3,200,94789,170.893,1267.106,74808
1787856501140,d7c9c727-c140-24e7-843f-b51060c538a1,/p/0/863e4b9e5f84fd9b,1,200,88013,77.963,1293.440,68046
1787856502185,cb183884-13aa-6250-2970-1c7f4249ba41,/?crawl=164,0,200,161040,26.379,269.814,596855
1787856469033,4e85034e-284d-37b6-32bc-5864a30da61d,/p/0/3026a8439e7fc01e,4,200,5455016,228.688,33487.743,162896
1787856500109,c1184fe1-003e-5e2b-51d6-27a73b5b7f88,/p/0/ea8a3e70ba04715,2,200,247605,104.465,2581.219,95926
1787856500158,1aabfa89-e343-901f-abec-8e275faf40ba,/p/2/e27e1958c6dcffbf,3,200,3624664,335.474,2585.182,1402092
1787856502455,cb183884-13aa-6250-2970-1c7f4249ba41,/p/0/6751f772468bcdad,1,200,62682,126.151,300.051,208905
1787856500142,ca669f7d-cb7e-41ae-3bcc-0fdc99a43973,/p/0/b6963c23e985ee11,1,200,183810,73.203,2743.980,66987
1787856502743,1aabfa89-e343-901f-abec-8e275faf40ba,/p/0/d309d93731717082,4,200,62460,48.546,165.642,377078
1787856502185,531b31a0-e1ca-28dc-648f-a1f787b57325,/?crawl=165,0,200,322015,33.613,739.694,435335
1787856500092,8a339757-9011-d135-5428-c2612ad84862,/p/0/7ff5d87819f243f2,3,200,378842,229.809,2866.703,132153
1787856502743,1aabfa89-e343-901f-abec-8e275faf40ba,/p/0/d309d83731716ecf,4,200,325018,34.710,268.725,1209481
1787856500109,c1184fe1-003e-5e2b-51d6-27a73b5b7f88,/p/0/ea8a0e70ba041fc,2,200,371699,52.072,2916.611,127442
1787856490558,590d1b48-58c2-6c4f-2c00-13cf3663ead3,/p/0/1c6cfefeebedc6c3,1,200,4479193,334.107,12549.532,356921
1787856502743,1aabfa89-e343-901f-abec-8e275faf40ba,/p/1/d309da3731717235,4,200,325027,34.590,373.776,869577
1787856502035,c1184fe1-003e-5e2b-51d6-27a73b5b7f88,/p/5/78e7e79468d01f16,3,200,167318,152.147,1177.670,142075
1787856479919,009562e6-ed04-c81a-02f7-6e4985ca513b,/p/0/e81dcd9c44cbcc99,1,200,4073456,74.206,23340.385,174524
1787856500158,1aabfa89-e343-901f-abec-8e275faf40ba,/p/0/e27e1858c6dcfe0c,3,200,4047204,335.348,3117.772,1298108
1787856503117,1aabfa89-e343-901f-abec-8e275faf40ba,/p/0/c6994595ee898a96,5,200,150306,40.911,187.987,799555
1787856503117,1aabfa89-e343-901f-abec-8e275faf40ba,/p/0/c6994395ee898730,5,200,503605,40.575,303.776,1657817
1787856459640,f5c0e107-6671-9a67-9c79-f1de31fc5b24,/p/4/89a2a38325fc39fa,3,200,4648043,276.027,43940.603,105780
1787856493511,e7e569b1-b4c9-04b9-1ad9-dcc37f9b4454,/p/2/1b438f3744ae3a13,1,200,3253181,153.874,10100.978,322066
1787856491028,8b09d9d7-7848-04f0-15de-438766916b4f,/p/4/cc86e4e16b5df020,3,200,518601,598.978,12774.710,40596
1787856503117,1aabfa89-e343-901f-abec-8e275faf40ba,/p/0/c6994495ee8988e3,5,200,3345746,42.239,751.903,4449705
1787856500142,ca669f7d-cb7e-41ae-3bcc-0fdc99a43973,/p/1/b6963a23e985eaab,1,200,190207,211.958,3793.155,50145
1787856395303,4e88ba84-3d06-c2b6-e7cd-81bc55c48c5a,/p/0/79cf5170fbd74b0,2,0,1842091,1309.268,108881.962,16918
1787856395303,4e88ba84-3d06-c2b6-e7cd-81bc55c48c5a,/p/0/79cf8170fbd79c9,2,0,1783891,1309.244,108881.934,16384
1787856500434,24c4f745-de62-72c7-7dfc-f048d9700313,/p/3/ce1cb1a1e00b27a0,2,200,295992,160.168,3929.395,75328
1787856503802,8b09d9d7-7848-04f0-15de-438766916b4f,/p/0/6ea2249a7c9a509b,4,200,6565,402.627,563.347,11654
1787856496135,3b42866f-ef8e-f982-191d-e02ee3f7dbab,/p/0/4cac632f839016a,9,200,479271,347.761,8378.774,57201
1787856495023,177f7e65-f050-1b41-ad71-57cfc093d833,/p/0/31aad7e706562a2f,11,200,3028296,208.095,9561.664,316712
1787856502035,c1184fe1-003e-5e2b-51d6-27a73b5b7f88,/p/0/78e7e89468d020c9,3,200,339534,120.869,2600.319,130574
1787856502925,531b31a0-e1ca-28dc-648f-a1f787b57325,/p/0/d3e7a114b1f0d5e7,1,200,171610,33.881,1923.270,89228
1787856492458,8e3b556d-d010-5dae-8d43-1abd289b5e00,/p/1/faa77ccd8071d531,2,200,5034451,152.622,12399.563,406018
1787856503213,c1184fe1-003e-5e2b-51d6-27a73b5b7f88,/p/0/ff797c49236915bc,4,200,192013,117.792,1656.776,115896
1787856496135,3b42866f-ef8e-f982-191d-e02ee3f7dbab,/p/7/4cac432f838fe04,9,200,469765,485.543,8758.996,53632
1787856502925,531b31a0-e1ca-28dc-648f-a1f787b57325,/p/1/d3e7a014b1f0d434,1,200,86073,197.089,2003.718,42957
1787856503935,ca669f7d-cb7e-41ae-3bcc-0fdc99a43973,/p/0/ac8f7b282c302c95,2,200,35369,391.508,1000.029,35368
1787856500434,24c4f745-de62-72c7-7dfc-f048d9700313,/p/0/ce1cb3a1e00b2b06,2,200,420677,443.014,4580.836,91834
1787856502455,cb183884-13aa-6250-2970-1c7f4249ba41,/p/0/6751f472468bc894,1,200,387108,36.172,2671.415,144907
1787856496473,bb0cfc4b-b7d1-1d64-6110-aa44237da7a0,/p/0/fc57380b2bb5050c,1,200,368336,116.175,8725.436,42214
1787856502455,cb183884-13aa-6250-2970-1c7f4249ba41,/p/2/6751f572468bca47,1,200,451591,23.942,2859.480,157928
1787856504185,e4788d00-bd3e-7ddf-3371-a9cfdefe5a54,/?crawl=166,0,200,341147,49.385,1158.263,294533
1787856500774,3e92bd4e-aba7-1de2-795d-65a4c67da03b,/p/3/ea91f82863c15557,2,200,225957,139.461,4591.404,49213
1787856505315,cb183884-13aa-6250-2970-1c7f4249ba41,/p/1/67941201376f2701,2,200,50849,106.965,278.412,182640
1787856504857,8e3b556d-d010-5dae-8d43-1abd289b5e00,/p/0/c95a94d980ee6367,3,200,129330,89.621,755.050,171287
1787856505315,cb183884-13aa-6250-2970-1c7f4249ba41,/p/0/67941101376f254e,2,200,54064,70.946,308.662,175156
1787856482790,84b0ea68-4545-90a3-9040-c7c67f9dcf6c,/p/0/8902aca15752d5c9,1,200,5294904,55.837,23124.132,228977
1787856504857,8e3b556d-d010-5dae-8d43-1abd289b5e00,/p/0/c95a96d980ee66cd,3,200,192619,29.729,1139.875,168983
1787856495023,177f7e65-f050-1b41-ad71-57cfc093d833,/p/6/31aad6e70656287c,11,200,4261048,25.864,11100.840,383849
1787856492302,5bd9add0-3b1e-2cec-398e-1fbadb04cd9b,/p/0/aeade294d9492cc0,1,200,2520579,183.713,13899.009,181350
1787856504857,8e3b556d-d010-5dae-8d43-1abd289b5e00,/p/0/c95a95d980ee651a,3,200,261712,150.368,1403.963,186410
1787856503213,c1184fe1-003e-5e2b-51d6-27a73b5b7f88,/p/0/ff797f4923691ad5,4,200,517489,107.292,3093.728,167270
1787856504928,531b31a0-e1ca-28dc-648f-a1f787b57325,/p/0/b7b03c242847f99c,2,200,124746,259.460,1492.863,83562
1787856505593,cb183884-13aa-6250-2970-1c7f4249ba41,/p/0/873c84132b17e14a,3,200,4851,836.630,836.683,5798
1787856505593,cb183884-13aa-6250-2970-1c7f4249ba41,/p/0/873c82132b17dde4,3,200,22748,836.577,836.919,27181
1787856505315,cb183884-13aa-6250-2970-1c7f4249ba41,/p/0/67941001376f239b,2,200,446424,21.645,1121.481,398066
1787856505593,cb183884-13aa-6250-2970-1c7f4249ba41,/p/0/873c85132b17e2fd,3,200,374950,836.882,847.806,442259
1787856457392,b320bc69-c921-e450-a54d-946229d6d387,/p/4/fc4731ccf140efc1,4,200,434302,120.793,49049.707,8854
1787856504928,531b31a0-e1ca-28dc-648f-a1f787b57325,/p/0/b7b03f242847feb5,2,200,250892,179.240,1593.522,157445
1787856506124,177f7e65-f050-1b41-ad71-57cfc093d833,/p/5/3aad8a49628d4d90,12,200,71368,113.063,398.741,178983
1787856506185,fc95d2e8-623c-7853-62ea-8bf771b23eea,/?crawl=167,0,200,170133,45.160,535.515,317700
1787856500142,ca669f7d-cb7e-41ae-3bcc-0fdc99a43973,/p/0/b6963923e985e8f8,1,200,494373,249.475,6747.810,73264
1787856503802,8b09d9d7-7848-04f0-15de-438766916b4f,/p/3/6ea2269a7c9a5401,4,200,63856,563.396,3116.227,20491
1787856501457,3bc9f11d-7960-ccae-d2a7-52c2c3c997fe,/p/0/940167fb092be444,10,200,2913098,89.683,5557.118,524210
1787856501920,bb0cfc4b-b7d1-1d64-6110-aa44237da7a0,/p/0/983b0ab0bfc29804,2,200,364620,1188.391,5152.370,70767
1787856501140,d7c9c727-c140-24e7-843f-b51060c538a1,/p/8/863e4a9e5f84fbe8,1,200,303537,193.765,6105.020,49719
1787856476623,bd168724-5d28-0de5-28d5-d5cc6188d288,/p/0/c1e7166ea4874f99,6,200,5595088,117.369,30674.172,182404
1787856502407,ffa852a3-0b8e-a209-0ca3-c1631529f0aa,/p/0/90937a2878339739,4,200,252222,460.289,4900.968,51464
1787856501140,d7c9c727-c140-24e7-843f-b51060c538a1,/p/0/863e4c9e5f84ff4e,1,200,409183,116.502,6182.302,66186
1787856493447,5bd9add0-3b1e-2cec-398e-1fbadb04cd9b,/p/4/d840637dd199e1c2,2,200,2632419,292.415,13933.767,188924
1787856507245,d7c9c727-c140-24e7-843f-b51060c538a1,/p/7/ce80d9d2893de58e,2,200,21807,155.001,233.872,93243
1787856503581,f5c0e107-6671-9a67-9c79-f1de31fc5b24,/p/0/c938e2ee5bc773da,4,200,296290,247.700,3910.177,75774
1787856501920,bb0cfc4b-b7d1-1d64-6110-aa44237da7a0,/p/0/983b0db0bfc29d1d,2,200,250058,1398.919,5692.794,43925
1787856506522,177f7e65-f050-1b41-ad71-57cfc093d833,/p/4/21da7021423f6ad2,13,200,145704,137.740,1118.444,130274
1787856500774,3e92bd4e-aba7-1de2-795d-65a4c67da03b,/p/0/ea91f72863c153a4,2,200,477760,244.719,6913.234,69108
1787856502407,ffa852a3-0b8e-a209-0ca3-c1631529f0aa,/p/0/90937828783393d3,4,200,206572,390.592,5321.700,38817
1787856506522,177f7e65-f050-1b41-ad71-57cfc093d833,/p/0/21da7121423f6c85,13,200,150943,137.701,1245.662,121175
1787856494228,7849e255-658c-6a99-da1b-70fd4200a28f,/p/0/f5985543c2b7dc50,1,200,3339080,137.690,13759.213,242680
1787856497867,46173a9a-cbf9-28d5-431a-0b442bc5c2df,/p/0/b34852845689d7b8,5,200,3622165,54.917,10177.455,355901
1787856476422,13587596-966a-e35b-a2db-14109f240e99,/p/0/b086f1dd647f6b56,11,200,5611329,238.976,31868.431,176078
1787856501457,3bc9f11d-7960-ccae-d2a7-52c2c3c997fe,/p/0/94016afb092be95d,10,200,4514017,21.912,7043.115,640912
1787856504363,24c4f745-de62-72c7-7dfc-f048d9700313,/p/0/fd3c18631b463b98,3,200,272611,304.955,4195.275,64980
1787856475490,13587596-966a-e35b-a2db-14109f240e99,/p/0/8fe31da75b6d0b2a,10,200,5816676,73.661,33113.848,175657
1787856497868,46173a9a-cbf9-28d5-431a-0b442bc5c2df,/p/0/b34855845689dcd1,5,200,4294594,72.322,10971.322,391438
1787856508185,c0125724-09f0-4680-d09f-bcfc51ee1e80,/?crawl=171,0,200,219421,49.531,751.840,291845
1787856507381,5bd9add0-3b1e-2cec-398e-1fbadb04cd9b,/p/0/8649a44a97e545b7,3,200,191649,187.692,1613.103,118808
1787856501140,ffa852a3-0b8e-a209-0ca3-c1631529f0aa,/p/0/b34d95f8af7b1b81,3,200,515447,68.496,7891.739,65315
1787856507479,d7c9c727-c140-24e7-843f-b51060c538a1,/p/0/9b92c4255b82aa66,3,200,34716,427.584,1677.672,20693
1787856461339,2a2c0145-8eb4-b3f9-737b-b29b1d4a0eb8,/p/0/c6557e452d5a31a5,8,200,2351218,361.960,47874.275,49112
1787856506124,177f7e65-f050-1b41-ad71-57cfc093d833,/p/0/3aad8b49628d4f43,12,200,467569,122.763,3097.996,150926
1787856504363,24c4f745-de62-72c7-7dfc-f048d9700313,/p/2/fd3c1a631b463efe,3,200,432101,466.738,4922.817,87775
1787856500774,3e92bd4e-aba7-1de2-795d-65a4c67da03b,/p/0/ea91fa2863c158bd,2,200,425008,105.059,8607.912,49374
1787856450251,2a2c0145-8eb4-b3f9-737b-b29b1d4a0eb8,/p/0/fee1e4438a07450,6,200,2969727,144.755,59323.164,50060
1787856507381,5bd9add0-3b1e-2cec-398e-1fbadb04cd9b,/p/0/8649a54a97e5476a,3,200,510512,33.814,2476.363,206154
1787856476623,bd168724-5d28-0de5-28d5-d5cc6188d288,/p/12/c1e7156ea4874de6,6,200,6127040,211.566,33257.713,184229
1787856464278,2a2c0145-8eb4-b3f9-737b-b29b1d4a0eb8,/p/0/c37970cdffd21bfe,9,200,2311033,396.146,45613.128,50666
1787856497940,46173a9a-cbf9-28d5-431a-0b442bc5c2df,/p/0/c8767dd40acb301d,6,200,5806200,77.389,12148.472,477937
1787856491185,d3f23b25-f5d0-ccb5-ed79-913091298f2e,/?crawl=149,0,200,5938246,67.145,19025.126,312126
1787856507186,37622868-3420-3a50-582e-43012e708209,/?crawl=170,0,200,2304886,19.456,3406.904,676534
1787856510186,9ce312e2-dc70-b531-5cab-802aca6dbc23,/?crawl=172,0,200,126332,55.171,440.777,286612
1787856509286,24c4f745-de62-72c7-7dfc-f048d9700313,/p/0/3cdc117284d3d24b,4,200,125710,233.544,1360.695,92387
1787856464278,2a2c0145-8eb4-b3f9-737b-b29b1d4a0eb8,/p/0/c3796fcdffd21a4b,9,200,4750074,431.340,46491.674,102170
1787856483185,8a9c697b-4102-b14c-e2e4-9f46db9d0f01,/?crawl=136,0,200,5940111,65.079,27598.917,215230
1787856510593,37622868-3420-3a50-582e-43012e708209,/p/0/93b8d445dd710f05,1,200,101959,41.254,363.227,280703
1787856499483,d9dadcc3-5ce0-6abf-5540-d3ed2a87dc9e,/p/4/1c92a7a4371ead41,3,200,5723165,314.818,11615.867,492702
1787856503935,ca669f7d-cb7e-41ae-3bcc-0fdc99a43973,/p/0/ac8f7a282c302ae2,2,200,444880,427.931,7183.319,61932
1787856507641,177f7e65-f050-1b41-ad71-57cfc093d833,/p/3/753d0e4522132217,14,200,377594,104.218,3557.021,106155
1787856491796,b5368955-5763-9cc1-e139-a04ea163641d,/p/0/349db14aeff814cf,1,200,218402,693.596,19419.141,11247
1787856510593,37622868-3420-3a50-582e-43012e708209,/p/1/93b8d345dd710d52,1,200,283474,16.872,726.423,390233
1787856509286,24c4f745-de62-72c7-7dfc-f048d9700313,/p/0/3cdc127284d3d3fe,4,200,159893,233.679,2054.136,77840
1787856511185,f86e8644-a8ef-bb9e-ef0e-071fea348555,/?crawl=174,0,200,54338,45.160,176.578,307728
1787856507245,d7c9c727-c140-24e7-843f-b51060c538a1,/p/0/ce80dad2893de741,2,200,229586,116.029,4142.880,55417
1787856511198,177f7e65-f050-1b41-ad71-57cfc093d833,/p/2/fe2c6b960a643523,15,200,15722,151.428,197.186,79732
1787856507641,177f7e65-f050-1b41-ad71-57cfc093d833,/p/0/753d0d4522132064,14,200,517259,114.568,3938.411,131337
1787856503213,c1184fe1-003e-5e2b-51d6-27a73b5b7f88,/p/4/ff797e4923691922,4,200,2632423,107.330,8512.699,309235
1787856504894,3b42866f-ef8e-f982-191d-e02ee3f7dbab,/p/0/d274a48c81aac954,10,200,336776,452.793,6992.186,48165
1787856507185,d2b5acf6-4e54-c222-2bdd-fba97d7399b7,/?crawl=168,0,200,2348980,26.356,4740.366,495527
1787856511726,c1184fe1-003e-5e2b-51d6-27a73b5b7f88,/p/0/627b2f642d75caef,5,200,35560,103.532,315.406,112743
1787856509881,bd168724-5d28-0de5-28d5-d5cc6188d288,/p/0/ed3940f3b9dc5551,7,200,271918,116.660,2182.395,124596
1787856511185,b05c3caf-64b4-8f62-a5f9-81d8dacee472,/?crawl=173,0,200,303142,52.594,1051.936,288175
1787856501269,9cb133e4-d6b5-0874-70bc-02f9435ee7b7,/p/0/ad12f65988bae9c1,1,200,2142704,127.631,10985.454,195049
1787856501269,9cb133e4-d6b5-0874-70bc-02f9435ee7b7,/p/0/ad12f35988bae4a8,1,200,2145843,22.767,10996.770,195134
1787856511926,d2b5acf6-4e54-c222-2bdd-fba97d7399b7,/p/0/7e55f40f4f483fb0,1,200,73989,36.424,508.781,145424
1787856511926,d2b5acf6-4e54-c222-2bdd-fba97d7399b7,/p/0/7e55f70f4f4844c9,1,200,214530,24.389,674.826,317904
1787856511319,37622868-3420-3a50-582e-43012e708209,/p/0/481ade85752dceb5,2,200,291651,92.996,1306.900,223162
1787856511362,f86e8644-a8ef-bb9e-ef0e-071fea348555,/p/3/460f7dcf8b053506,1,200,134365,106.370,1267.447,106012
1787856507479,d7c9c727-c140-24e7-843f-b51060c538a1,/p/6/9b92c2255b82a700,3,200,246664,467.151,5202.332,47414
1787856511726,c1184fe1-003e-5e2b-51d6-27a73b5b7f88,/p/3/627b2e642d75c93c,5,200,223057,103.573,1037.394,215017
1787856512185,149348da-c107-85f8-2e43-48dfa3f8f9dd,/?crawl=176,0,200,167274,54.108,637.180,262522
1787856498613,1aa51ea5-ff8c-ec51-4e5f-c22aa7884e20,/p/3/19a89ffbf41ff1fb,1,200,5990896,29.709,14290.801,419213
1787856512185,b186b51f-458c-a391-8715-2f4f00dce5c0,/?crawl=177,0,200,387252,28.161,726.526,533019
1787856509881,bd168724-5d28-0de5-28d5-d5cc6188d288,/p/0/ed393df3b9dc5038,7,200,386469,39.771,3041.197,127078
1787856509286,24c4f745-de62-72c7-7dfc-f048d9700313,/p/1/3cdc107284d3d098,4,200,388972,233.609,3731.081,104252
1787856511319,37622868-3420-3a50-582e-43012e708209,/p/0/481add85752dcd02,2,200,401223,84.433,1718.729,233442
1787856512763,c1184fe1-003e-5e2b-51d6-27a73b5b7f88,/p/0/2dca2deab27a89a9,6,200,14270,107.183,274.637,51960
1787856497593,8a339757-9011-d135-5428-c2612ad84862,/p/0/99ac785db77f9cd9,2,200,3241363,235.923,15628.173,207405
1787856497185,a55b9c4f-1fac-fae7-ea30-a88941b92ac9,/?crawl=157,0,200,5657007,38.315,16131.548,350680
1787856512912,b186b51f-458c-a391-8715-2f4f00dce5c0,/p/0/b2a52771f66a3d40,1,200,74106,143.364,470.783,157410
1787856434438,18c70cd0-ff7a-5a42-261f-22d2189439a6,/p/0/f6f503b4645286e,2,200,2416300,1447.186,79211.500,30504
1787856512904,1aa51ea5-ff8c-ec51-4e5f-c22aa7884e20,/p/0/d82880916c2d2d53,2,200,92605,160.795,780.769,118607
1787856513185,e1483e0b-a797-6436-c3ea-8134f67b3c6e,/?crawl=178,0,200,265744,29.128,515.832,515176
1787856510210,d3f23b25-f5d0-ccb5-ed79-913091298f2e,/p/0/15b15d1ed6fee4e1,1,200,273071,301.025,3524.044,77488
1787856506442,b320bc69-c921-e450-a54d-946229d6d387,/p/3/73f9d07685e978b1,5,200,43673,1864.599,7355.874,5937
1787856507245,d7c9c727-c140-24e7-843f-b51060c538a1,/p/0/ce80d7d2893de228,2,200,299950,389.862,6573.639,45629
1787856505366,3e92bd4e-aba7-1de2-795d-65a4c67da03b,/p/2/824a62c1d5df65cd,3,200,502372,461.179,8555.426,58720
1787856510210,d3f23b25-f5d0-ccb5-ed79-913091298f2e,/p/0/15b15a1ed6fedfc8,1,200,222196,268.035,3823.360,58115
1787856513701,e1483e0b-a797-6436-c3ea-8134f67b3c6e,/p/0/2f0b7f328248bf9d,1,200,77859,173.928,510.375,152553
1787856512904,1aa51ea5-ff8c-ec51-4e5f-c22aa7884e20,/p/2/d8287f916c2d2ba0,2,200,290447,160.763,1485.761,195487
1787856512904,1aa51ea5-ff8c-ec51-4e5f-c22aa7884e20,/p/0/d82881916c2d2f06,2,200,358326,29.792,1500.305,238835
1787856512763,c1184fe1-003e-5e2b-51d6-27a73b5b7f88,/p/2/2dca2ceab27a87f6,6,200,357936,138.714,1641.666,218032
1787856512912,b186b51f-458c-a391-8715-2f4f00dce5c0,/p/0/b2a52a71f66a4259,1,200,178645,28.986,1571.220,113698
1787856512763,c1184fe1-003e-5e2b-51d6-27a73b5b7f88,/p/0/2dca2aeab27a8490,6,200,325670,117.533,1875.573,173638
1787856514185,72fcbe06-058f-051a-f7b9-c03e964122f8,/?crawl=180,0,200,393254,22.169,525.694,748067
1787856512823,149348da-c107-85f8-2e43-48dfa3f8f9dd,/p/2/1f3ad31461cf48e0,1,200,119184,292.271,1888.474,63111
1787856505366,3e92bd4e-aba7-1de2-795d-65a4c67da03b,/p/0/824a60c1d5df6267,3,200,398363,495.689,9367.213,42527
1787856514711,72fcbe06-058f-051a-f7b9-c03e964122f8,/p/0/101be81f1541456f,1,200,31331,20.817,62.215,503596
1787856512912,b186b51f-458c-a391-8715-2f4f00dce5c0,/p/4/b2a52871f66a3ef3,1,200,331796,156.471,2046.390,162137
1787856514405,c1184fe1-003e-5e2b-51d6-27a73b5b7f88,/p/0/c4f7a34c97bbce94,7,200,44442,233.680,616.746,72059
1787856513316,a55b9c4f-1fac-fae7-ea30-a88941b92ac9,/p/1/8fc18f68c04ffe85,1,200,178380,37.524,1765.500,101037
1787856508937,c0125724-09f0-4680-d09f-bcfc51ee1e80,/p/0/272327a3720c01b2,1,200,455362,316.699,6146.467,74085
1787856514185,05c1bdc0-2195-495b-ca27-40314078cd7f,/?crawl=179,0,200,427208,34.510,925.651,461521
1787856513316,a55b9c4f-1fac-fae7-ea30-a88941b92ac9,/p/0/8fc18d68c04ffb1f,1,200,305003,37.578,1860.828,163907
1787856507186,35afb7b9-9714-6864-6fe6-fd3c06b9bb38,/?crawl=169,0,200,413051,114.381,8061.542,51237
1787856484435,938413f8-a1eb-fb30-4ee5-90495fe50c2f,/p/0/b7bfa9eb90c5775b,1,200,3224804,37.688,30813.786,104655
1787856507479,d7c9c727-c140-24e7-843f-b51060c538a1,/p/0/9b92c3255b82a8b3,3,200,371533,506.199,7827.917,47463
1787856495664,673538b3-25b4-b591-7074-3e5402065dc0,/p/1/aeaa2f5fc9465eeb,5,200,316537,733.616,19676.943,16087
1787856514405,c1184fe1-003e-5e2b-51d6-27a73b5b7f88,/p/0/c4f7a64c97bbd3ad,7,200,91783,117.286,967.326,94883
1787856510784,8a9c697b-4102-b14c-e2e4-9f46db9d0f01,/p/0/afd7565c8088c03c,1,200,351280,64.754,4595.302,76443
1787856513316,a55b9c4f-1fac-fae7-ea30-a88941b92ac9,/p/0/8fc18e68c04ffcd2,1,200,264700,57.040,2085.897,126900
1787856485297,d14cd3b5-5b42-a066-02de-787b87a555d4,/p/0/7db8abd73b731187,2,200,5975772,336.426,30129.388,198337
1787856510784,8a9c697b-4102-b14c-e2e4-9f46db9d0f01,/p/0/afd7575c8088c1ef,1,200,367140,127.301,4658.783,78806
1787856515082,a55b9c4f-1fac-fae7-ea30-a88941b92ac9,/p/0/c38caae8b7cd31ab,2,200,58719,189.794,676.655,86778
1787856514405,c1184fe1-003e-5e2b-51d6-27a73b5b7f88,/p/1/c4f7a44c97bbd047,7,200,296940,180.995,1428.878,207813
1787856491956,310f6e92-937b-c49a-1a30-ccae56529668,/p/0/61058b3645328340,5,200,3677170,46.219,23914.063,153766
1787856511099,d9dadcc3-5ce0-6abf-5540-d3ed2a87dc9e,/p/3/e80ecfdadeb8b0b7,4,200,248365,377.782,4813.125,51602
1787856493936,67b2ed57-4ba7-42be-182b-a4d95a7f6cde,/p/0/a771566fa09ac242,2,200,4125849,91.186,22004.491,187500
1787856490187,b83b22d0-fc0d-8e51-a195-5ecfe799928e,/p/10/e3116b784250cca4,3,200,6020610,1005.350,25931.615,232173
1787856515185,c6a227ad-9acd-bf0a-5b4c-c8fe836ee325,/?crawl=181,0,200,511440,28.876,995.059,513980
1787856510784,8a9c697b-4102-b14c-e2e4-9f46db9d0f01,/p/0/afd7585c8088c3a2,1,200,522057,381.113,5416.391,96385
1787856482057,178792c0-2430-64a4-2cfa-2d88c3f39d6e,/p/8/4988dfe2aaccc5a7,1,200,4345154,463.243,34202.113,127043
1787856482057,178792c0-2430-64a4-2cfa-2d88c3f39d6e,/p/0/4988dee2aaccc3f4,1,200,4997616,387.073,34232.059,145992
1787856516259,178792c0-2430-64a4-2cfa-2d88c3f39d6e,/p/0/f323383583b8a89b,2,200,50172,30.211,39.278,1277369
1787856514711,72fcbe06-058f-051a-f7b9-c03e964122f8,/p/2/101bea1f154148d5,1,200,295949,62.212,1730.704,170999
1787856514390,1aa51ea5-ff8c-ec51-4e5f-c22aa7884e20,/p/0/5575423d06b7b253,3,200,337190,59.879,2108.583,159913
1787856514390,1aa51ea5-ff8c-ec51-4e5f-c22aa7884e20,/p/0/5575433d06b7b406,3,200,398649,29.289,2152.566,185197
1787856490187,05e729a0-7338-3701-9ce8-6362c11077f6,/?crawl=147,0,200,4392675,89.305,26408.429,166336
1787856512629,f86e8644-a8ef-bb9e-ef0e-071fea348555,/p/0/f08dae52ab3800ae,2,200,169536,242.706,4009.941,42279
1787856516441,72fcbe06-058f-051a-f7b9-c03e964122f8,/p/1/1f119850989b598,2,200,15464,129.742,255.875,60436
1787856516259,178792c0-2430-64a4-2cfa-2d88c3f39d6e,/p/7/f3233a3583b8ac01,2,200,304716,30.152,504.325,604206
1787856516185,d73335b4-9eb1-73bf-25f5-ae3b6f93848e,/?crawl=182,0,200,142813,75.064,767.075,186179
1787856513921,3e92bd4e-aba7-1de2-795d-65a4c67da03b,/p/0/b51b3a366cbde775,4,200,136575,844.940,3159.348,43229
1787856472673,21e46de2-5f6e-4b6a-5c82-b3054c9922c3,/p/4/302ebdceff82eaeb,1,200,2307129,662.351,44609.438,51718
1787856512681,d7c9c727-c140-24e7-843f-b51060c538a1,/p/0/f0ec7ac815da5dde,4,200,228887,509.481,4622.366,49517
1787856514958,b186b51f-458c-a391-8715-2f4f00dce5c0,/p/0/3ab6ba74f6e5e43f,2,200,487148,26.769,2581.816,188684
1787856516441,72fcbe06-058f-051a-f7b9-c03e964122f8,/p/0/1f11b850989b8fe,2,200,167414,110.765,1122.611,149129
1787856514711,72fcbe06-058f-051a-f7b9-c03e964122f8,/p/0/101be91f15414722,1,200,521660,103.381,3062.232,170353
1787856516952,d73335b4-9eb1-73bf-25f5-ae3b6f93848e,/p/1/e9473f63ec0b5caf,1,200,79077,72.066,838.938,94258
1787856516697,72fcbe06-058f-051a-f7b9-c03e964122f8,/p/0/e0451ad55efaaaa5,3,200,90183,134.263,1114.808,80896
1787856504928,531b31a0-e1ca-28dc-648f-a1f787b57325,/p/0/b7b03d242847fb4f,2,200,4959230,210.974,12978.981,382097
1787856502924,531b31a0-e1ca-28dc-648f-a1f787b57325,/p/0/d3e7a214b1f0d79a,1,200,5130995,178.767,14983.506,342443
1787856503935,ca669f7d-cb7e-41ae-3bcc-0fdc99a43973,/p/0/ac8f78282c30277c,2,200,2349568,572.397,13974.041,168138
1787856515082,a55b9c4f-1fac-fae7-ea30-a88941b92ac9,/p/0/c38ca9e8b7cd2ff8,2,200,475552,208.667,2851.744,166758
1787856516180,c6a227ad-9acd-bf0a-5b4c-c8fe836ee325,/p/2/7cb194c180a652c2,1,200,99165,84.111,1795.294,55236
1787856512681,d7c9c727-c140-24e7-843f-b51060c538a1,/p/5/f0ec78c815da5a78,4,200,291678,509.398,5325.767,54767
1787856515834,c1184fe1-003e-5e2b-51d6-27a73b5b7f88,/p/0/4fbee5ffd8ed463b,8,200,60987,308.476,2180.022,27975
1787856517185,033d1ddb-6f0b-f2af-8097-e846c658aa69,/?crawl=184,0,200,466047,28.520,878.716,530373
1787856516763,178792c0-2430-64a4-2cfa-2d88c3f39d6e,/p/0/df89cf86d9f29b3e,3,200,496548,29.652,1301.864,381413
1787856516180,c6a227ad-9acd-bf0a-5b4c-c8fe836ee325,/p/0/7cb195c180a65475,1,200,212360,97.402,1912.620,111031
1787856509881,bd168724-5d28-0de5-28d5-d5cc6188d288,/p/11/ed393ff3b9dc539e,7,200,2366170,186.159,8240.672,287133
1787856515111,05c1bdc0-2195-495b-ca27-40314078cd7f,/p/0/c275d19016e3b097,1,200,360511,31.444,3051.104,118158
1787856515834,c1184fe1-003e-5e2b-51d6-27a73b5b7f88,/p/0/4fbee4ffd8ed4488,8,200,445904,308.372,2341.686,190420
1787856513017,24c4f745-de62-72c7-7dfc-f048d9700313,/p/0/9a7d9885dedc4705,5,200,463709,234.992,5191.250,89325
1787856517282,21e46de2-5f6e-4b6a-5c82-b3054c9922c3,/p/0/ea96c934b2e76206,2,200,39365,281.586,950.460,41417
1787856491796,b5368955-5763-9cc1-e139-a04ea163641d,/p/0/349db04aeff8131c,1,200,266994,693.614,26453.139,10093
1787856506442,b320bc69-c921-e450-a54d-946229d6d387,/p/0/73f9cf7685e976fe,5,200,179131,1428.184,11836.712,15134
1787856516441,72fcbe06-058f-051a-f7b9-c03e964122f8,/p/0/1f11a850989b74b,2,200,354835,100.780,1872.730,189475
1787856513921,3e92bd4e-aba7-1de2-795d-65a4c67da03b,/p/1/b51b38366cbde40f,4,200,302320,426.217,4420.884,68385
1787856501269,9cb133e4-d6b5-0874-70bc-02f9435ee7b7,/p/7/ad12f55988bae80e,1,200,6125292,115.153,17129.423,357589
1787856503580,f5c0e107-6671-9a67-9c79-f1de31fc5b24,/p/3/c938e3ee5bc7758d,4,200,2673357,122.984,14867.942,179807
1787856500092,8a339757-9011-d135-5428-c2612ad84862,/p/1/7ff5d97819f245a5,3,200,5422272,229.866,18451.514,293866
1787856518185,dbebf9fc-e085-f777-1cf4-c29f04f189c7,/?crawl=188,0,200,160768,36.070,411.897,390311
1787856515111,05c1bdc0-2195-495b-ca27-40314078cd7f,/p/0/c275d39016e3b3fd,1,200,369414,171.080,3581.623,103142
1787856516180,c6a227ad-9acd-bf0a-5b4c-c8fe836ee325,/p/0/7cb192c180a64f5c,1,200,269899,28.310,2542.333,106162
1787856516697,72fcbe06-058f-051a-f7b9-c03e964122f8,/p/0/e04518d55efaa73f,3,200,517235,104.177,2205.940,234474
1787856518185,0e9e8deb-f5ed-0c32-2188-cf0ed7df66d8,/?crawl=186,0,200,292897,40.087,734.591,398721
1787856518185,4fec9254-d215-a25a-2d6d-b05679e65502,/?crawl=185,0,200,295925,42.918,817.367,362047
1787856517791,d73335b4-9eb1-73bf-25f5-ae3b6f93848e,/p/0/2672b6cb9bc4e8fa,2,200,32434,437.834,1243.071,26092
1787856516697,72fcbe06-058f-051a-f7b9-c03e964122f8,/p/0/e04519d55efaa8f2,3,200,511450,115.659,2341.456,218432
1787856516119,b83b22d0-fc0d-8e51-a195-5ecfe799928e,/p/9/680353b1c200ccd5,4,200,267539,61.052,2923.850,91502
1787856510593,37622868-3420-3a50-582e-43012e708209,/p/0/93b8d145dd7109ec,1,200,3652080,16.918,8586.478,425329
1787856512629,f86e8644-a8ef-bb9e-ef0e-071fea348555,/p/2/f08daf52ab380261,2,200,417168,222.696,6681.492,62436
1787856516595,05e729a0-7338-3701-9ce8-6362c11077f6,/p/0/a1335bed5b5d1ebc,1,200,208842,82.322,2773.858,75289
1787856491796,b5368955-5763-9cc1-e139-a04ea163641d,/p/0/349db34aeff81835,1,200,518270,151.856,27609.984,18771
1787856507381,5bd9add0-3b1e-2cec-398e-1fbadb04cd9b,/p/3/8649a64a97e5491d,3,200,4418521,187.662,12033.634,367181
1787856518399,9cb133e4-d6b5-0874-70bc-02f9435ee7b7,/p/6/fa5a56df3eb710d6,2,200,408146,70.169,1068.215,382082
1787856518399,9cb133e4-d6b5-0874-70bc-02f9435ee7b7,/p/0/fa5a54df3eb70d70,2,200,424482,126.853,1072.385,395830
1787856518121,bd168724-5d28-0de5-28d5-d5cc6188d288,/p/0/be780094cd33414f,8,200,159669,38.762,1421.357,112336
1787856515912,d9dadcc3-5ce0-6abf-5540-d3ed2a87dc9e,/p/2/35c53bd367b94754,5,200,157015,528.038,3786.264,41470
1787856518007,d7c9c727-c140-24e7-843f-b51060c538a1,/p/4/286d1855a8869b8,5,200,47634,470.665,1871.128,25457
1787856491956,310f6e92-937b-c49a-1a30-ccae56529668,/p/5/61058c36453284f3,5,200,4727485,233.147,28006.479,168800
1787856519467,9cb133e4-d6b5-0874-70bc-02f9435ee7b7,/p/0/8bf24a5559b14f9c,3,200,246661,36.269,612.668,402602
1787856518543,8a339757-9011-d135-5428-c2612ad84862,/p/0/5a57520d6edd6636,4,200,278149,151.615,1597.561,174109
1787856518185,231b6fa3-b38c-4195-2b09-3dffb8a7d1bf,/?crawl=187,0,200,423925,69.999,1965.404,215694
1787856519467,9cb133e4-d6b5-0874-70bc-02f9435ee7b7,/p/0/8bf24d5559b154b5,3,200,43506,780.522,852.304,51045
1787856517975,c6a227ad-9acd-bf0a-5b4c-c8fe836ee325,/p/0/7d09e8494351bfa9,2,200,403603,187.839,2362.764,170818
1787856511926,d2b5acf6-4e54-c222-2bdd-fba97d7399b7,/p/2/7e55f50f4f484163,1,200,5043775,119.014,8538.638,590700
1787856514711,149348da-c107-85f8-2e43-48dfa3f8f9dd,/p/0/b3c3987654e1dcc9,2,200,242692,1224.386,5907.068,41085
1787856519467,9cb133e4-d6b5-0874-70bc-02f9435ee7b7,/p/5/8bf24b5559b1514f,3,200,59085,796.210,1179.668,50086
1787856493936,67b2ed57-4ba7-42be-182b-a4d95a7f6cde,/p/7/a771576fa09ac3f5,2,200,5919684,55.862,26764.647,221175
1787856518448,f5c0e107-6671-9a67-9c79-f1de31fc5b24,/p/0/f767635414a9ea1e,5,200,155474,322.109,2366.029,65711
1787856502035,c1184fe1-003e-5e2b-51d6-27a73b5b7f88,/p/0/78e7e59468d01bb0,3,200,5815191,110.369,18845.823,308567
1787856520647,9cb133e4-d6b5-0874-70bc-02f9435ee7b7,/p/0/a6a4364504452550,4,200,103850,34.058,264.532,392581
1787856514711,149348da-c107-85f8-2e43-48dfa3f8f9dd,/p/1/b3c3967654e1d963,2,200,305104,1198.593,6225.448,49009
1787856520464,d2b5acf6-4e54-c222-2bdd-fba97d7399b7,/p/0/32937ad8e0d5a930,2,200,90625,23.646,504.363,179682
1787856520185,66874ddc-88d0-aa93-e51a-4cae9d8a6fe9,/?crawl=189,0,200,175223,70.818,852.468,205548
1787856518597,dbebf9fc-e085-f777-1cf4-c29f04f189c7,/p/0/ab6e940bba18f7ba,1,200,222761,33.430,2489.390,89484
1787856512823,149348da-c107-85f8-2e43-48dfa3f8f9dd,/p/0/1f3ad51461cf4c46,1,200,496887,52.733,8271.834,60070
1787856518121,bd168724-5d28-0de5-28d5-d5cc6188d288,/p/0/be780194cd334302,8,200,465524,59.520,3001.920,155075
1787856506123,177f7e65-f050-1b41-ad71-57cfc093d833,/p/0/3aad8c49628d50f6,12,200,2706806,23.470,15177.371,178345
1787856520464,d2b5acf6-4e54-c222-2bdd-fba97d7399b7,/p/1/32937cd8e0d5ac96,2,200,237258,23.573,849.823,279185
1787856518919,0e9e8deb-f5ed-0c32-2188-cf0ed7df66d8,/p/3/9b9de9ed999f8463,1,200,185836,36.925,2415.563,76933
1787856518597,dbebf9fc-e085-f777-1cf4-c29f04f189c7,/p/0/ab6e950bba18f96d,1,200,270410,33.465,2765.215,97790
1787856503802,8b09d9d7-7848-04f0-15de-438766916b4f,/p/0/6ea2259a7c9a524e,4,200,478318,563.329,17605.672,27168
1787856520465,d2b5acf6-4e54-c222-2bdd-fba97d7399b7,/p/0/32937dd8e0d5ae49,2,200,294168,69.366,1098.616,267762
1787856515912,d9dadcc3-5ce0-6abf-5540-d3ed2a87dc9e,/p/0/35c53dd367b94aba,5,200,139650,719.158,5714.823,24436
1787856511319,37622868-3420-3a50-582e-43012e708209,/p/0/481adc85752dcb4f,2,200,5720122,84.503,10351.475,552590
1787856521185,6264c70f-9896-d9ac-a364-de42c9b58d75,/?crawl=192,0,200,214872,40.320,557.035,385742
1787856518919,0e9e8deb-f5ed-0c32-2188-cf0ed7df66d8,/p/0/9b9de8ed999f82b0,1,200,251867,37.009,2937.053,85755
1787856519311,f86e8644-a8ef-bb9e-ef0e-071fea348555,/p/0/8e0a1c09f825d84b,3,200,156368,283.032,2586.826,60448
1787856519043,b83b22d0-fc0d-8e51-a195-5ecfe799928e,/p/0/4a39b5e2f035f40a,5,200,102194,335.399,2863.814,35685
1787856506919,8b09d9d7-7848-04f0-15de-438766916b4f,/p/2/4cd4416ca2730a0a,5,200,505259,600.896,15087.507,33489
1787856520647,9cb133e4-d6b5-0874-70bc-02f9435ee7b7,/p/4/a6a4374504452703,4,200,207623,603.459,1361.782,152464
1787856519878,d7c9c727-c140-24e7-843f-b51060c538a1,/p/3/13c4b0bac35fa644,6,200,41181,507.442,2182.085,18872
1787856516596,05e729a0-7338-3701-9ce8-6362c11077f6,/p/0/a1335ced5b5d206f,1,200,372223,415.450,5588.808,66602
1787856516763,178792c0-2430-64a4-2cfa-2d88c3f39d6e,/p/6/df89cd86d9f297d8,3,200,3800821,32.301,5625.371,675657
1787856519415,5bd9add0-3b1e-2cec-398e-1fbadb04cd9b,/p/0/10ba7b309df866a6,4,200,506475,32.720,3101.204,163316
1787856518449,f5c0e107-6671-9a67-9c79-f1de31fc5b24,/p/2/f767615414a9e6b8,5,200,308589,347.403,4081.235,75612
1787856519415,5bd9add0-3b1e-2cec-398e-1fbadb04cd9b,/p/0/10ba7a309df864f3,4,200,405582,32.759,3186.481,127282
1787856518449,f5c0e107-6671-9a67-9c79-f1de31fc5b24,/p/0/f767625414a9e86b,5,200,362223,347.343,4182.236,86610
1787856519415,5bd9add0-3b1e-2cec-398e-1fbadb04cd9b,/p/2/10ba7c309df86859,4,200,383063,84.917,3237.766,118311
1787856510210,d3f23b25-f5d0-ccb5-ed79-913091298f2e,/p/9/15b15c1ed6fee32e,1,200,2246000,169.686,12557.653,178855
1787856520150,231b6fa3-b38c-4195-2b09-3dffb8a7d1bf,/p/0/833959005049003,1,200,146509,129.469,2621.328,55891
1787856521185,ebf6e554-5616-b7c5-4a6b-3463abf9be03,/?crawl=191,0,200,415624,58.248,1621.381,256340
1787856522009,9cb133e4-d6b5-0874-70bc-02f9435ee7b7,/p/0/866b808eaa18ab8e,5,200,102458,171.133,859.976,119141
1787856516259,178792c0-2430-64a4-2cfa-2d88c3f39d6e,/p/0/f323393583b8aa4e,2,200,5722348,50.037,6668.834,858073
1787856516763,178792c0-2430-64a4-2cfa-2d88c3f39d6e,/p/0/df89ce86d9f2998b,3,200,4782357,337.488,6167.549,775406
1787856521037,66874ddc-88d0-aa93-e51a-4cae9d8a6fe9,/p/0/18043dae257dfff4,1,200,189719,69.589,2157.562,87932
1787856522389,178792c0-2430-64a4-2cfa-2d88c3f39d6e,/p/0/fd4fe805b2edff0,4,200,284934,543.293,822.714,346334
1787856521185,12e7b5da-8d41-7d0a-c91c-14a522b70e51,/?crawl=190,0,200,432127,71.282,2039.067,211924
1787856521314,d2b5acf6-4e54-c222-2bdd-fba97d7399b7,/p/0/192b8fa6527039da,3,200,374231,130.499,1916.072,195312
1787856521314,d2b5acf6-4e54-c222-2bdd-fba97d7399b7,/p/0/192b8ea652703827,3,200,439931,130.508,1916.220,229583
1787856511726,c1184fe1-003e-5e2b-51d6-27a73b5b7f88,/p/0/627b30642d75cca2,5,200,3537190,103.539,11554.247,306138
1787856520647,9cb133e4-d6b5-0874-70bc-02f9435ee7b7,/p/0/a6a4394504452a69,4,200,437616,603.410,2651.031,165074
1787856519878,d7c9c727-c140-24e7-843f-b51060c538a1,/p/0/13c4b2bac35fa9aa,6,200,112343,390.335,3633.678,30917
1787856521314,d2b5acf6-4e54-c222-2bdd-fba97d7399b7,/p/0/192b8da652703674,3,200,474550,142.129,2235.894,212242
1787856519962,310f6e92-937b-c49a-1a30-ccae56529668,/p/0/93b3a2aa04990d46,6,200,381906,53.709,3603.362,105986
1787856523185,f4172f0f-70eb-e23c-2f9f-20956b0cc420,/?crawl=193,0,200,176914,47.845,509.163,347461
1787856519043,b83b22d0-fc0d-8e51-a195-5ecfe799928e,/p/8/4a39b3e2f035f0a4,5,200,257661,304.610,4723.352,54550
1787856518279,b320bc69-c921-e450-a54d-946229d6d387,/p/0/d250e8edb31f9a7f,6,200,26350,1441.113,5605.881,4700
1787856523185,5c6bf4f9-821f-2396-3cbc-d81c60a63908,/?crawl=195,0,200,266782,48.326,811.473,328763
1787856522653,5bd9add0-3b1e-2cec-398e-1fbadb04cd9b,/p/1/6d3232db9fa13feb,5,200,179908,33.099,1348.582,133405
1787856520700,67b2ed57-4ba7-42be-182b-a4d95a7f6cde,/p/0/682471f0e3fe845a,3,200,461330,90.940,3304.774,139595
1787856520150,231b6fa3-b38c-4195-2b09-3dffb8a7d1bf,/p/0/8339690050491b6,1,200,315020,163.941,3862.107,81567
1787856520937,149348da-c107-85f8-2e43-48dfa3f8f9dd,/p/0/428e3d2ec4ac44c8,3,200,238569,316.061,3078.736,77489
1787856513701,e1483e0b-a797-6436-c3ea-8134f67b3c6e,/p/0/2f0b7e328248bdea,1,200,2440414,28.890,10410.605,234416
1787856521335,0e9e8deb-f5ed-0c32-2188-cf0ed7df66d8,/p/0/ccc5ca06e4753e61,2,200,264627,193.784,2791.987,94781
1787856521335,0e9e8deb-f5ed-0c32-2188-cf0ed7df66d8,/p/0/ccc5c706e4753948,2,200,271215,211.863,2791.937,97142
1787856522009,9cb133e4-d6b5-0874-70bc-02f9435ee7b7,/p/3/866b818eaa18ad41,5,200,521426,36.346,2205.260,236446
1787856524214,9cb133e4-d6b5-0874-70bc-02f9435ee7b7,/p/2/b974b6749929b7a3,6,200,7405,135.348,160.066,46262
1787856521335,0e9e8deb-f5ed-0c32-2188-cf0ed7df66d8,/p/2/ccc5c806e4753afb,2,200,269314,230.503,3097.421,86948
1787856516119,b83b22d0-fc0d-8e51-a195-5ecfe799928e,/p/0/680352b1c200cb22,4,200,485621,182.448,8360.220,58087
1787856520150,231b6fa3-b38c-4195-2b09-3dffb8a7d1bf,/p/4/833949005048e50,1,200,340145,61.903,4487.754,75794
1787856524214,9cb133e4-d6b5-0874-70bc-02f9435ee7b7,/p/0/b974b5749929b5f0,6,200,41599,147.391,472.982,87951
1787856524214,9cb133e4-d6b5-0874-70bc-02f9435ee7b7,/p/0/b974b8749929bb09,6,200,217527,31.597,541.385,401798
1787856523694,f4172f0f-70eb-e23c-2f9f-20956b0cc420,/p/3/446b1d81bc634665,1,200,88004,223.830,1064.932,82638
1787856494931,337538bb-11fc-8969-11e3-33a2ad56320c,/p/0/aa45234412d96957,1,200,4716817,121.577,29856.237,157984
1787856522389,178792c0-2430-64a4-2cfa-2d88c3f39d6e,/p/5/fd500805b2ee356,4,200,2482774,542.627,2502.748,992019
1787856517791,d73335b4-9eb1-73bf-25f5-ae3b6f93848e,/p/0/2672b4cb9bc4e594,2,200,272351,508.853,7173.632,37966
1787856515111,05c1bdc0-2195-495b-ca27-40314078cd7f,/p/0/c275d29016e3b24a,1,200,3442266,171.029,9887.374,348148
1787856513798,b320bc69-c921-e450-a54d-946229d6d387,/p/0/d250e9edb31f9c32,6,200,83768,2343.846,11241.921,7451
1787856524687,9cb133e4-d6b5-0874-70bc-02f9435ee7b7,/p/0/b8d6641c59138a76,7,200,82722,127.314,675.219,122511
1787856524891,178792c0-2430-64a4-2cfa-2d88c3f39d6e,/p/0/8c1e1deff1fb905c,5,200,248046,402.429,572.681,433131
1787856524891,178792c0-2430-64a4-2cfa-2d88c3f39d6e,/p/4/8c1e1feff1fb93c2,5,200,221484,402.217,574.719,385378
1787856524892,178792c0-2430-64a4-2cfa-2d88c3f39d6e,/p/0/8c1e20eff1fb9575,5,200,260743,402.546,575.507,453067
1787856521301,177f7e65-f050-1b41-ad71-57cfc093d833,/p/0/410de5c6880f2605,16,200,337607,806.045,4278.275,78912
1787856514711,149348da-c107-85f8-2e43-48dfa3f8f9dd,/p/0/b3c3957654e1d7b0,2,200,475888,1198.571,10871.517,43774
1787856522530,f5c0e107-6671-9a67-9c79-f1de31fc5b24,/p/0/abe9ad63565d8f95,6,200,158428,323.445,3065.080,51688
1787856491105,938413f8-a1eb-fb30-4ee5-90495fe50c2f,/p/0/9db8a10883d59d4d,3,200,4980690,228.835,34625.489,143845
1787856521037,66874ddc-88d0-aa93-e51a-4cae9d8a6fe9,/p/0/180440ae257e050d,1,200,339438,204.915,4811.960,70540
1787856518342,3e92bd4e-aba7-1de2-795d-65a4c67da03b,/p/0/cf7e69d38e6d221b,5,200,289866,384.025,7546.033,38413
1787856522389,178792c0-2430-64a4-2cfa-2d88c3f39d6e,/p/0/fd501805b2ee509,4,200,4698153,544.605,3520.500,1334513
1787856524374,9cb133e4-d6b5-0874-70bc-02f9435ee7b7,/p/0/b8d6631c591388c3,7,200,232292,139.891,1554.591,149423
1787856525466,178792c0-2430-64a4-2cfa-2d88c3f39d6e,/p/0/29970f34b06edfc2,6,200,120088,443.518,561.059,214038
1787856525466,178792c0-2430-64a4-2cfa-2d88c3f39d6e,/p/3/29970d34b06edc5c,6,200,155231,443.334,561.797,276312
1787856525466,178792c0-2430-64a4-2cfa-2d88c3f39d6e,/p/0/29970e34b06ede0f,6,200,379016,442.991,565.671,670029
1787856521037,66874ddc-88d0-aa93-e51a-4cae9d8a6fe9,/p/0/18043fae257e035a,1,200,368819,171.219,5121.487,72014
1787856517185,68b6f4ee-9f5d-f0c5-4232-e1f73b2a0603,/?crawl=183,0,200,3191390,39.598,9034.657,353239
1787856514390,1aa51ea5-ff8c-ec51-4e5f-c22aa7884e20,/p/1/5575413d06b7b0a0,3,200,5139869,134.117,11904.841,431746
1787856517283,21e46de2-5f6e-4b6a-5c82-b3054c9922c3,/p/0/ea96c834b2e76053,2,200,310219,1418.597,9027.107,34365
1787856511185,d4568ea8-8ab1-8092-48d9-8a9cc0fe0f2b,/?crawl=175,0,200,3466616,60.965,15141.287,228951
1787856520937,149348da-c107-85f8-2e43-48dfa3f8f9dd,/p/0/428e3f2ec4ac482e,3,200,358588,263.821,5441.427,65900
1787856523996,5c6bf4f9-821f-2396-3cbc-d81c60a63908,/p/2/cfed1d5040c181f3,1,200,165031,45.225,2420.434,68182
1787856515082,a55b9c4f-1fac-fae7-ea30-a88941b92ac9,/p/0/c38cace8b7cd3511,2,200,3789480,263.990,11414.905,331976
1787856515912,d9dadcc3-5ce0-6abf-5540-d3ed2a87dc9e,/p/0/35c53cd367b94907,5,200,280780,528.030,10593.208,26506
1787856523996,5c6bf4f9-821f-2396-3cbc-d81c60a63908,/p/0/cfed1c5040c18040,1,200,173264,45.278,2550.821,67925
1787856513701,e1483e0b-a797-6436-c3ea-8134f67b3c6e,/p/0/2f0b7c328248ba84,1,200,3731166,100.005,12953.235,288049
1787856526028,178792c0-2430-64a4-2cfa-2d88c3f39d6e,/p/0/4b6a548fc9b901ce,7,200,271121,3.965,647.105,418976
1787856526028,178792c0-2430-64a4-2cfa-2d88c3f39d6e,/p/2/4b6a528fc9b8fe68,7,200,154527,314.240,647.325,238716
1787856503612,e7e569b1-b4c9-04b9-1ad9-dcc37f9b4454,/p/0/30840e6a8259712e,2,200,3393166,3.950,23150.200,146572
1787856484435,938413f8-a1eb-fb30-4ee5-90495fe50c2f,/p/0/b7bfaaeb90c5790e,1,200,5719237,37.654,42406.626,134867
1787856526295,1aa51ea5-ff8c-ec51-4e5f-c22aa7884e20,/p/0/f86cb5a3d17bca11,4,200,115700,29.408,623.105,185683
1787856524374,9cb133e4-d6b5-0874-70bc-02f9435ee7b7,/p/1/b8d6621c59138710,7,200,362142,128.111,2551.311,141943
1787856526295,1aa51ea5-ff8c-ec51-4e5f-c22aa7884e20,/p/0/f86cb4a3d17bc85e,4,200,107377,90.075,637.510,168432
1787856521408,8b09d9d7-7848-04f0-15de-438766916b4f,/p/0/4cd43f6ca27306a4,5,200,241525,438.280,5525.486,43711
1787856522006,8b09d9d7-7848-04f0-15de-438766916b4f,/p/1/9edbcffcc613114d,6,200,108192,443.442,4929.078,21950
1787856517283,21e46de2-5f6e-4b6a-5c82-b3054c9922c3,/p/3/ea96c734b2e75ea0,2,200,491354,950.332,9688.455,50715
1787856525579,177f7e65-f050-1b41-ad71-57cfc093d833,/p/0/410de2c6880f20ec,16,200,214104,125.782,1440.400,148642
1787856526219,68b6f4ee-9f5d-f0c5-4232-e1f73b2a0603,/p/0/55dcec0657706a02,1,200,223878,34.904,946.849,236445
1787856503612,e7e569b1-b4c9-04b9-1ad9-dcc37f9b4454,/p/1/30840f6a825972e1,2,200,4000608,320.721,23563.714,169778
1787856524638,231b6fa3-b38c-4195-2b09-3dffb8a7d1bf,/p/0/a68484f52064fc69,2,200,133162,105.381,2586.186,51490
1787856518121,bd168724-5d28-0de5-28d5-d5cc6188d288,/p/10/be77ff94cd333f9c,8,200,5615686,38.790,9106.858,616644
1787856527228,bd168724-5d28-0de5-28d5-d5cc6188d288,/p/0/5efb78d48d38cc04,9,200,52088,3.056,21.411,2432764
1787856516952,d73335b4-9eb1-73bf-25f5-ae3b6f93848e,/p/0/e9473e63ec0b5afc,1,200,493282,364.345,10376.693,47537
1787856526295,1aa51ea5-ff8c-ec51-4e5f-c22aa7884e20,/p/0/f86cb2a3d17bc4f8,4,200,304954,74.680,1093.750,278815
1787856527228,bd168724-5d28-0de5-28d5-d5cc6188d288,/p/0/5efb7bd48d38d11d,9,200,262880,3.112,233.011,1128189
1787856526220,68b6f4ee-9f5d-f0c5-4232-e1f73b2a0603,/p/0/55dceb065770684f,1,200,159484,210.056,1296.955,122968
1787856514958,b186b51f-458c-a391-8715-2f4f00dce5c0,/p/3/3ab6bc74f6e5e7a5,2,200,3077585,133.436,12629.357,243685
1787856526935,8b09d9d7-7848-04f0-15de-438766916b4f,/p/0/9edbcdfcc6130de7,6,200,33128,650.394,653.047,50728
1787856496473,bb0cfc4b-b7d1-1d64-6110-aa44237da7a0,/p/0/fc573b0b2bb50a25,1,200,4001300,344.680,31194.843,128268
1787856527228,bd168724-5d28-0de5-28d5-d5cc6188d288,/p/9/5efb7ad48d38cf6a,9,200,365671,18.847,444.087,823423
1787856522768,d3f23b25-f5d0-ccb5-ed79-913091298f2e,/p/8/4c8847e5c4829bf5,2,200,347736,429.479,5049.231,68869
1787856527176,e7e569b1-b4c9-04b9-1ad9-dcc37f9b4454,/p/0/a28ea77bcecc2e66,3,200,44340,335.721,695.591,63744
1787856519698,d9dadcc3-5ce0-6abf-5540-d3ed2a87dc9e,/p/0/dd77505cf590d08c,6,200,332034,418.519,8280.097,40100
1787856527672,bd168724-5d28-0de5-28d5-d5cc6188d288,/p/0/a71192f5c4079a84,10,200,284754,2.259,332.448,856537
1787856524001,5bd9add0-3b1e-2cec-398e-1fbadb04cd9b,/p/0/bf2363958184bdfa,6,200,376329,220.518,4004.891,93967
1787856519043,b83b22d0-fc0d-8e51-a195-5ecfe799928e,/p/0/4a39b4e2f035f257,5,200,475918,396.720,9019.905,52763
1787856497185,071ae295-c478-c1cf-8e97-97c00f78b288,/?crawl=158,0,200,5047319,81.708,30903.278,163326
1787856515834,c1184fe1-003e-5e2b-51d6-27a73b5b7f88,/p/0/4fbee7ffd8ed49a1,8,200,5411841,309.194,12286.057,440486
1787856503612,e7e569b1-b4c9-04b9-1ad9-dcc37f9b4454,/p/0/30840d6a82596f7b,2,200,3291412,1.490,24573.646,133941
1787856526417,5c6bf4f9-821f-2396-3cbc-d81c60a63908,/p/0/a35db069a808ef67,2,200,129493,285.254,1783.182,72619
1787856476445,8b09d9d7-7848-04f0-15de-438766916b4f,/p/0/a25ccbb5029cab6c,1,200,3047180,79.946,51775.241,58854
1787856526934,8b09d9d7-7848-04f0-15de-438766916b4f,/p/0/9edbcefcc6130f9a,6,200,354971,651.582,1286.700,275877
1787856522653,5bd9add0-3b1e-2cec-398e-1fbadb04cd9b,/p/0/6d3231db9fa13e38,5,200,436470,509.733,5593.532,78031
1787856527672,bd168724-5d28-0de5-28d5-d5cc6188d288,/p/8/a71193f5c4079c37,10,200,430748,4.769,668.550,644302
1787856524638,231b6fa3-b38c-4195-2b09-3dffb8a7d1bf,/p/0/a68481f52064f750,2,200,324884,70.351,3841.985,84561
1787856513798,b320bc69-c921-e450-a54d-946229d6d387,/p/2/d250eaedb31f9de5,6,200,132855,2024.325,14836.639,8955
1787856527588,b186b51f-458c-a391-8715-2f4f00dce5c0,/p/2/bc6d1bf932269938,3,200,169421,139.081,1059.068,159972
1787856527588,b186b51f-458c-a391-8715-2f4f00dce5c0,/p/0/bc6d1df932269c9e,3,200,212302,152.996,1067.604,198858
1787856527588,8b09d9d7-7848-04f0-15de-438766916b4f,/p/0/295c6d0b7b28caeb,7,200,187459,1266.242,1279.117,146553
1787856522806,ebf6e554-5616-b7c5-4a6b-3463abf9be03,/p/0/1d9674c6932d5da5,1,200,421873,416.268,6063.455,69576
1787856524759,f4172f0f-70eb-e23c-2f9f-20956b0cc420,/p/0/ed91f79e263b9c0f,2,200,216270,234.601,4112.703,52586
1787856522806,ebf6e554-5616-b7c5-4a6b-3463abf9be03,/p/0/1d9671c6932d588c,1,200,519137,52.746,6146.190,84465
1787856527588,b186b51f-458c-a391-8715-2f4f00dce5c0,/p/0/bc6d1cf932269aeb,3,200,278630,167.855,1380.970,201764
1787856526925,9cb133e4-d6b5-0874-70bc-02f9435ee7b7,/p/0/c8d4d2bcbb81706,8,200,190291,138.507,2060.421,92355
1787856528088,071ae295-c478-c1cf-8e97-97c00f78b288,/p/1/232be4c654eaf498,1,200,45363,416.265,1086.417,41755
1787856519698,d9dadcc3-5ce0-6abf-5540-d3ed2a87dc9e,/p/1/dd77515cf590d23f,6,200,277804,568.497,9566.447,29039
1787856524432,0e9e8deb-f5ed-0c32-2188-cf0ed7df66d8,/p/0/236bc9587f1c4390,3,200,478377,232.367,4865.341,98323
1787856524432,0e9e8deb-f5ed-0c32-2188-cf0ed7df66d8,/p/1/236bca587f1c4543,3,200,426784,250.869,5027.578,84889
1787856528220,8b09d9d7-7848-04f0-15de-438766916b4f,/p/0/295c6f0b7b28ce51,7,200,331261,638.604,1281.669,258461
1787856518543,8a339757-9011-d135-5428-c2612ad84862,/p/0/5a57510d6edd6483,4,200,2479320,151.690,11063.944,224090
1787856522768,d3f23b25-f5d0-ccb5-ed79-913091298f2e,/p/0/4c8845e5c482988f,2,200,498052,131.763,7111.087,70039
1787856528647,b186b51f-458c-a391-8715-2f4f00dce5c0,/p/0/25502bdadeaf07ac,4,200,153451,937.820,1269.801,120846
1787856524759,f4172f0f-70eb-e23c-2f9f-20956b0cc420,/p/0/ed91f89e263b9dc2,2,200,273913,256.687,5356.187,51140
1787856523224,12e7b5da-8d41-7d0a-c91c-14a522b70e51,/p/0/8a2c1f68fe926792,1,200,441439,371.571,6914.483,63843
1787856511395,177f7e65-f050-1b41-ad71-57cfc093d833,/p/0/fe2c6d960a643889,15,200,3266242,118.393,18955.290,172313
1787856502407,ffa852a3-0b8e-a209-0ca3-c1631529f0aa,/p/0/9093772878339220,4,200,5829567,494.812,28173.128,206919
1787856530185,9b3e4dce-1494-a714-e9d8-9ac2ac0331fb,/?crawl=199,0,200,111795,44.253,441.431,253256
1787856511579,177f7e65-f050-1b41-ad71-57cfc093d833,/p/1/410de4c6880f2452,16,200,3384178,117.219,19121.612,176982
1787856529460,0e9e8deb-f5ed-0c32-2188-cf0ed7df66d8,/p/0/b3623d3c6aaa990,4,200,87866,216.357,1278.216,68741
1787856526675,178792c0-2430-64a4-2cfa-2d88c3f39d6e,/p/0/4fd77b2488884b88,8,200,327098,1036.801,4212.754,77645
1787856442185,2d8d3f1a-374c-ca2f-fc78-da2e4d7305e6,/?crawl=88,0,200,3575119,279.896,88748.992,40283
1787856523224,12e7b5da-8d41-7d0a-c91c-14a522b70e51,/p/0/8a2c1e68fe9265df,1,200,455515,371.504,7718.534,59016
1787856528088,071ae295-c478-c1cf-8e97-97c00f78b288,/p/0/232be5c654eaf64b,1,200,213051,82.547,3023.357,70468
1787856526925,9cb133e4-d6b5-0874-70bc-02f9435ee7b7,/p/0/c8d4c2bcbb81553,8,200,497449,186.353,4275.919,116337
1787856517975,c6a227ad-9acd-bf0a-5b4c-c8fe836ee325,/p/1/7d09e7494351bdf6,2,200,3191596,215.408,13480.824,236751
1787856495664,673538b3-25b4-b591-7074-3e5402065dc0,/p/0/aeaa2e5fc9465d38,5,200,434296,1048.642,36296.406,11965
1787856506919,8b09d9d7-7848-04f0-15de-438766916b4f,/p/0/4cd4426ca2730bbd,5,200,2578723,600.994,25263.021,102075
1787856529460,0e9e8deb-f5ed-0c32-2188-cf0ed7df66d8,/p/0/b3626d3c6aaaea9,4,200,251974,182.771,2807.902,89737
1787856518543,8a339757-9011-d135-5428-c2612ad84862,/p/0/5a57530d6edd67e9,4,200,4048945,33.248,13767.396,294097
1787856514959,b186b51f-458c-a391-8715-2f4f00dce5c0,/p/0/3ab6bb74f6e5e5f2,2,200,6041388,133.451,17417.801,346851
1787856523766,b83b22d0-fc0d-8e51-a195-5ecfe799928e,/p/0/8a451276b1db97a7,6,200,477029,343.852,8690.221,54893
1787856532185,b7f5decf-860e-9512-d124-7c8be3f96e06,/?crawl=201,0,200,244590,37.757,578.848,422546
1787856530701,177f7e65-f050-1b41-ad71-57cfc093d833,/p/0/7004783d4b4ec27a,17,200,309486,138.599,2848.556,108647
1787856519878,d7c9c727-c140-24e7-843f-b51060c538a1,/p/0/13c4b1bac35fa7f7,6,200,413565,624.260,13887.163,29780
1787856518007,d7c9c727-c140-24e7-843f-b51060c538a1,/p/0/286d2855a886b6b,5,200,468746,431.561,15776.878,29711
1787856508937,c0125724-09f0-4680-d09f-bcfc51ee1e80,/p/1/272328a3720c0365,1,200,3382445,122.078,25036.120,135103
1787856532764,b7f5decf-860e-9512-d124-7c8be3f96e06,/p/0/2d99514145c8b505,1,200,179920,170.391,1334.627,134809
1787856501920,bb0cfc4b-b7d1-1d64-6110-aa44237da7a0,/p/0/983b0bb0bfc299b7,2,200,6239731,1441.155,32192.950,193823
1787856528088,071ae295-c478-c1cf-8e97-97c00f78b288,/p/0/232be6c654eaf7fe,1,200,205723,457.361,6086.160,33802
1787856531456,c6a227ad-9acd-bf0a-5b4c-c8fe836ee325,/p/0/18375d974f4e7462,3,200,243544,155.691,2736.435,89000
1787856523766,b83b22d0-fc0d-8e51-a195-5ecfe799928e,/p/7/8a451476b1db9b0d,6,200,478147,343.817,10494.871,45560
1787856513018,24c4f745-de62-72c7-7dfc-f048d9700313,/p/0/9a7d9785dedc4552,5,200,2125363,257.829,21562.604,98567
1787856529460,0e9e8deb-f5ed-0c32-2188-cf0ed7df66d8,/p/0/b3624d3c6aaab43,4,200,436498,323.787,5314.542,82133
1787856534186,5343ae77-e93b-799c-bbd1-e45edeb5629d,/?crawl=203,0,200,305614,52.921,590.949,517158
1787856534777,5343ae77-e93b-799c-bbd1-e45edeb5629d,/p/0/546df8fc6efe9c12,1,200,17445,26.053,88.923,196181
1787856529175,071ae295-c478-c1cf-8e97-97c00f78b288,/p/0/f95e056262fa624a,2,200,192488,460.333,5702.350,33756
1787856532764,b7f5decf-860e-9512-d124-7c8be3f96e06,/p/0/2d994e4145c8afec,1,200,486203,33.835,2216.744,219332
1787856518399,9cb133e4-d6b5-0874-70bc-02f9435ee7b7,/p/0/fa5a57df3eb71289,2,200,6081410,23.457,16665.217,364916
1787856526971,21e46de2-5f6e-4b6a-5c82-b3054c9922c3,/p/0/afc7e86eb360de55,3,200,74166,385.581,8202.346,9042
1787856533185,261b4e26-604a-0c50-7d4b-0fbe13507a44,/?crawl=202,0,200,423159,65.515,2058.077,205609
1787856531456,c6a227ad-9acd-bf0a-5b4c-c8fe836ee325,/p/0/18375b974f4e70fc,3,200,489253,169.209,4083.289,119818
1787856534777,5343ae77-e93b-799c-bbd1-e45edeb5629d,/p/6/546df9fc6efe9dc5,1,200,189790,26.117,768.027,247114
1787856522060,d7c9c727-c140-24e7-843f-b51060c538a1,/p/2/73921aca600349d6,7,200,324726,786.952,13757.994,23603
1787856518597,dbebf9fc-e085-f777-1cf4-c29f04f189c7,/p/0/ab6e930bba18f607,1,200,5922549,107.732,17375.255,340861
1787856528185,71e9c13f-e9e9-95bd-4ccb-41904ddb78a4,/?crawl=196,0,200,2374920,50.275,7855.084,302342
1787856533765,d7c9c727-c140-24e7-843f-b51060c538a1,/p/0/739218ca60034670,7,200,62502,957.025,2410.637,25928
1787856464547,6679fb15-6ba1-670e-5f31-494a9485317f,/p/0/614f4a0b1158f214,3,200,4842357,367.253,71835.398,67409
1787856534777,5343ae77-e93b-799c-bbd1-e45edeb5629d,/p/0/546df7fc6efe9a5f,1,200,434534,37.138,1670.780,260079
1787856535545,5343ae77-e93b-799c-bbd1-e45edeb5629d,/p/0/f1cdd959ed5e9dfe,2,200,93924,131.043,1007.755,93201
1787856527817,d3f23b25-f5d0-ccb5-ed79-913091298f2e,/p/7/9199fd6cbc3023e6,3,200,427065,324.549,8753.336,48789
1787856529265,d9dadcc3-5ce0-6abf-5540-d3ed2a87dc9e,/p/0/dc78041f5a430bc5,7,200,223646,492.858,7501.730,29813
1787856535545,5343ae77-e93b-799c-bbd1-e45edeb5629d,/p/0/f1cdd859ed5e9c4b,2,200,244177,160.428,1451.467,168228
1787856535243,261b4e26-604a-0c50-7d4b-0fbe13507a44,/p/9/c103a49eda63a7b2,1,200,190503,181.049,1902.544,100131
1787856536570,d3f23b25-f5d0-ccb5-ed79-913091298f2e,/p/0/286d96fcfe20ab33,4,200,21290,488.880,623.955,34121
1787856536040,71e9c13f-e9e9-95bd-4ccb-41904ddb78a4,/p/0/635773add55c79b9,1,200,439538,315.546,1242.226,353831
1787856536176,d7c9c727-c140-24e7-843f-b51060c538a1,/p/0/b48fa117219ef81e,8,200,33520,511.318,1136.646,29490
1787856534261,b83b22d0-fc0d-8e51-a195-5ecfe799928e,/p/0/9b10c2e78a52e3ae,7,200,162615,346.876,3213.338,50606
1787856517975,c6a227ad-9acd-bf0a-5b4c-c8fe836ee325,/p/0/7d09e5494351ba90,2,200,4324772,173.931,19555.967,221148
1787856535185,4247d30b-6b75-9d97-c3f4-3e6bd740d5ea,/?crawl=204,0,200,398816,111.371,2568.555,155269
1787856507768,177f7e65-f050-1b41-ad71-57cfc093d833,/p/0/753d10452213257d,14,200,4053117,211.441,30108.026,134619
1787856520700,67b2ed57-4ba7-42be-182b-a4d95a7f6cde,/p/0/682470f0e3fe82a7,3,200,3210670,34.452,17196.265,186707
1787856537753,4247d30b-6b75-9d97-c3f4-3e6bd740d5ea,/p/8/4c85a46d5ec1e340,1,200,60659,38.525,174.351,347913
1787856528185,cc9d5436-0225-8b24-da7f-579dd447e431,/?crawl=197,0,200,2718897,48.046,9872.988,275387
1787856522806,ebf6e554-5616-b7c5-4a6b-3463abf9be03,/p/2/1d9672c6932d5a3f,1,200,2822273,277.186,15316.599,184262
1787856522008,9cb133e4-d6b5-0874-70bc-02f9435ee7b7,/p/0/866b7f8eaa18a9db,5,200,3154917,113.394,16275.327,193847
1787856529174,071ae295-c478-c1cf-8e97-97c00f78b288,/p/0/f95e046262fa6097,2,200,502609,460.400,9145.821,54955
1787856519962,310f6e92-937b-c49a-1a30-ccae56529668,/p/0/93b3a1aa04990b93,6,200,4783192,50.738,18447.097,259292
1787856526925,9cb133e4-d6b5-0874-70bc-02f9435ee7b7,/p/0/c8d4b2bcbb813a0,8,200,2925374,163.494,11658.136,250930
1787856537146,261b4e26-604a-0c50-7d4b-0fbe13507a44,/p/0/552a9d76192f6bf6,2,200,43062,482.535,1500.744,28694
1787856537753,4247d30b-6b75-9d97-c3f4-3e6bd740d5ea,/p/0/4c85a56d5ec1e4f3,1,200,124828,193.818,990.649,126006
1787856529185,bb416025-230d-38e8-dc86-d7dc70cf647f,/?crawl=198,0,200,4803553,28.793,9644.777,498047
1787856530934,2d8d3f1a-374c-ca2f-fc78-da2e4d7305e6,/p/0/6a42872934d12150,1,200,68186,278.201,7948.740,8578
1787856505366,3e92bd4e-aba7-1de2-795d-65a4c67da03b,/p/0/824a61c1d5df641a,3,200,2149182,530.853,33651.905,63865
1787856533973,c0125724-09f0-4680-d09f-bcfc51ee1e80,/p/0/15aa1854bc3fbf7c,2,200,168434,252.987,5214.192,32303
1787856539185,c2e39ea2-1250-b8b3-7f1d-d6ca36c1bf03,/?crawl=206,0,200,128611,22.962,189.346,679240
1787856533973,c0125724-09f0-4680-d09f-bcfc51ee1e80,/p/0/15aa1a54bc3fc2e2,2,200,323773,299.707,5410.635,59840
1787856533973,c0125724-09f0-4680-d09f-bcfc51ee1e80,/p/0/15aa1954bc3fc12f,2,200,249860,299.303,5413.080,46159
1787856520700,67b2ed57-4ba7-42be-182b-a4d95a7f6cde,/p/6/68246ff0e3fe80f4,3,200,3572193,144.080,18791.915,190092
1787856535243,261b4e26-604a-0c50-7d4b-0fbe13507a44,/p/0/c103a59eda63a965,1,200,340933,60.554,4348.909,78395
1787856537928,4247d30b-6b75-9d97-c3f4-3e6bd740d5ea,/p/0/3d37b4cd4378baa2,2,200,88256,294.393,1689.597,52235
1787856539185,3be2a04b-f23d-8f2f-1b70-7cacfdaf1969,/?crawl=207,0,200,469900,17.412,512.996,915991
1787856512823,149348da-c107-85f8-2e43-48dfa3f8f9dd,/p/0/1f3ad41461cf4a93,1,200,3793828,292.319,26966.836,140685
1787856537928,4247d30b-6b75-9d97-c3f4-3e6bd740d5ea,/p/0/3d37b3cd4378b8ef,2,200,180560,294.393,1881.660,95958
1787856538830,bb416025-230d-38e8-dc86-d7dc70cf647f,/p/0/257ec955a36a1677,1,200,204277,78.265,1289.779,158381
1787856538123,ebf6e554-5616-b7c5-4a6b-3463abf9be03,/p/1/39956f6ce3d657fe,2,200,216094,55.813,2377.705,90883
1787856539492,67b2ed57-4ba7-42be-182b-a4d95a7f6cde,/p/0/3e96d49e0d0e3fb,4,200,112986,67.909,1111.904,101615
1787856537928,4247d30b-6b75-9d97-c3f4-3e6bd740d5ea,/p/7/3d37b2cd4378b73c,2,200,308501,354.305,2697.876,114350
1787856538058,cc9d5436-0225-8b24-da7f-579dd447e431,/p/0/f6c1c60b69f76ab3,1,200,220241,139.815,2594.014,84904
1787856539492,67b2ed57-4ba7-42be-182b-a4d95a7f6cde,/p/5/3e96c49e0d0e248,4,200,208264,199.097,1202.531,173188
1787856538830,bb416025-230d-38e8-dc86-d7dc70cf647f,/p/1/257ec855a36a14c4,1,200,394464,25.295,1866.389,211351
1787856537753,4247d30b-6b75-9d97-c3f4-3e6bd740d5ea,/p/0/4c85a66d5ec1e6a6,1,200,349611,174.353,2989.191,116958
1787856520937,149348da-c107-85f8-2e43-48dfa3f8f9dd,/p/0/428e402ec4ac49e1,3,200,5586904,263.748,19824.517,281818
1787856538830,bb416025-230d-38e8-dc86-d7dc70cf647f,/p/0/257eca55a36a182a,1,200,501815,126.808,1970.855,254618
1787856530934,2d8d3f1a-374c-ca2f-fc78-da2e4d7305e6,/p/0/6a428a2934d12669,1,200,129957,1734.157,9870.114,13167
1787856504363,24c4f745-de62-72c7-7dfc-f048d9700313,/p/0/fd3c1b631b4640b1,3,200,4750014,328.446,36999.988,128379
1787856541185,93d11c49-21c2-e6de-4295-3d660e90c9ea,/?crawl=209,0,200,128556,22.958,180.802,711030
1787856503580,f5c0e107-6671-9a67-9c79-f1de31fc5b24,/p/0/c938e1ee5bc77227,4,200,5470764,50.121,37938.670,144200
1787856513017,24c4f745-de62-72c7-7dfc-f048d9700313,/p/0/9a7d9685dedc439f,5,200,3976643,234.954,28548.288,139295
1787856538123,ebf6e554-5616-b7c5-4a6b-3463abf9be03,/p/0/3995706ce3d659b1,2,200,172414,284.042,3669.720,46983
1787856534261,b83b22d0-fc0d-8e51-a195-5ecfe799928e,/p/0/9b10c1e78a52e1fb,7,200,373608,377.884,7661.001,48768
1787856532764,b7f5decf-860e-9512-d124-7c8be3f96e06,/p/2/2d994f4145c8b19f,1,200,3318928,103.497,9164.894,362135
1787856540626,4247d30b-6b75-9d97-c3f4-3e6bd740d5ea,/p/0/406202fd7638cb4b,3,200,178334,194.848,1318.937,135210
1787856504894,3b42866f-ef8e-f982-191d-e02ee3f7dbab,/p/0/d274a78c81aace6d,10,200,2906503,382.892,37102.180,78338
1787856540626,4247d30b-6b75-9d97-c3f4-3e6bd740d5ea,/p/6/406204fd7638ceb1,3,200,135219,194.841,1434.309,94275
1787856529265,d9dadcc3-5ce0-6abf-5540-d3ed2a87dc9e,/p/0/dc78031f5a430a12,7,200,414199,454.989,13284.858,31178
1787856540697,bb416025-230d-38e8-dc86-d7dc70cf647f,/p/0/7507b8d5bd3b4309,2,200,293587,131.514,1947.682,150737
1787856541185,950a1d58-391d-63fd-95b3-c256582e79c7,/?crawl=210,0,200,356364,26.490,1579.034,225685
1787856535243,261b4e26-604a-0c50-7d4b-0fbe13507a44,/p/0/c103a29eda63a44c,1,200,504372,273.445,7667.685,65779
1787856542764,950a1d58-391d-63fd-95b3-c256582e79c7,/p/2/201ec699c7dca035,1,200,58293,24.106,152.525,382187
1787856541366,93d11c49-21c2-e6de-4295-3d660e90c9ea,/p/0/c8ebfa2deaa06237,1,200,117843,58.989,1557.988,75638
1787856540695,67b2ed57-4ba7-42be-182b-a4d95a7f6cde,/p/4/d06d88e1e17171b7,5,200,226448,196.437,2362.357,95857
1787856535545,5343ae77-e93b-799c-bbd1-e45edeb5629d,/p/5/f1cdda59ed5e9fb1,2,200,3671389,160.390,7574.728,484689
1787856524432,0e9e8deb-f5ed-0c32-2188-cf0ed7df66d8,/p/0/236bcc587f1c48a9,3,200,2890309,214.403,18866.012,153202
1787856541929,b7f5decf-860e-9512-d124-7c8be3f96e06,/p/0/fee698abd85389a0,2,200,210161,167.597,1373.316,153032
1787856542916,950a1d58-391d-63fd-95b3-c256582e79c7,/p/0/2b8b9b069beb1e5f,2,200,22898,178.654,393.871,58136
1787856540695,67b2ed57-4ba7-42be-182b-a4d95a7f6cde,/p/0/d06d87e1e1717004,5,200,286792,231.769,2827.605,101426
1787856541929,b7f5decf-860e-9512-d124-7c8be3f96e06,/p/0/fee69babd8538eb9,2,200,329543,33.025,1624.615,202844
1787856543120,5343ae77-e93b-799c-bbd1-e45edeb5629d,/p/0/ca38c8bae54382d3,3,200,98590,23.277,555.128,177599
1787856543185,12910de9-3e7a-c526-f9a6-7376d178358a,/?crawl=211,0,200,193142,41.174,541.718,356536
1787856543185,43e5491c-ce99-6b65-40af-09dea6070fd9,/?crawl=212,0,200,424935,21.780,574.420,739764
1787856519962,310f6e92-937b-c49a-1a30-ccae56529668,/p/4/93b3a3aa04990ef9,6,200,6262338,138.479,23836.067,262725
1787856542060,4247d30b-6b75-9d97-c3f4-3e6bd740d5ea,/p/5/41dc9413f33e58,4,200,148726,273.264,1822.651,81599
1787856504894,3b42866f-ef8e-f982-191d-e02ee3f7dbab,/p/6/d274a68c81aaccba,10,200,2977890,347.895,38999.960,76356
1787856523224,12e7b5da-8d41-7d0a-c91c-14a522b70e51,/p/2/8a2c1d68fe92642c,1,200,3354231,66.428,20740.465,161724
1787856482944,367b339b-f8cf-4a3d-ff9d-8bbabe35b8ea,/p/2/92059397c8220862,4,200,4892495,88.614,61070.801,80112
1787856515341,673538b3-25b4-b591-7074-3e5402065dc0,/p/0/ae6a6a83bdcbaefa,6,200,413375,639.204,28701.519,14403
1787856526219,68b6f4ee-9f5d-f0c5-4232-e1f73b2a0603,/p/2/55dcea065770669c,1,200,3796454,210.174,17877.502,212359
1787856543964,12e7b5da-8d41-7d0a-c91c-14a522b70e51,/p/1/f49145639ae0f0d,2,200,36672,70.185,240.095,152740
1787856541929,b7f5decf-860e-9512-d124-7c8be3f96e06,/p/1/fee69aabd8538d06,2,200,452089,66.515,2295.367,196957
1787856455430,6679fb15-6ba1-670e-5f31-494a9485317f,/p/1/614f4c0b1158f57a,3,200,6206965,570.538,88825.251,69878
1787856508937,c0125724-09f0-4680-d09f-bcfc51ee1e80,/p/0/272326a3720bffff,1,200,6230536,49.042,35440.303,175804
1787856543759,43e5491c-ce99-6b65-40af-09dea6070fd9,/p/0/f94a1ade9ea6b25c,1,200,148819,21.952,649.227,229225
1787856542764,950a1d58-391d-63fd-95b3-c256582e79c7,/p/0/201ec499c7dc9ccf,1,200,290972,24.253,1659.547,175332
1787856544224,b7f5decf-860e-9512-d124-7c8be3f96e06,/p/0/a08b6d02bfc429b9,3,200,44100,33.635,201.705,218637
1787856540695,67b2ed57-4ba7-42be-182b-a4d95a7f6cde,/p/0/d06d8ae1e171751d,5,200,316984,178.599,3770.979,84059
1787856506522,177f7e65-f050-1b41-ad71-57cfc093d833,/p/0/21da6e21423f676c,13,200,5689347,128.474,37966.035,149854
1787856452809,6679fb15-6ba1-670e-5f31-494a9485317f,/p/0/cf4d8150774c8a2e,2,200,5318111,385.593,91764.621,57954
1787856544255,6679fb15-6ba1-670e-5f31-494a9485317f,/p/0/b9b6a919017c73e7,4,200,148879,318.803,427.729,348068
1787856543798,310f6e92-937b-c49a-1a30-ccae56529668,/p/0/f58b11b64ac8cec8,7,200,136060,46.985,1098.145,123900
1787856543120,5343ae77-e93b-799c-bbd1-e45edeb5629d,/p/0/ca38c9bae5438486,3,200,496151,23.332,1786.513,277720
1787856529265,d9dadcc3-5ce0-6abf-5540-d3ed2a87dc9e,/p/0/dc78021f5a43085f,7,200,482193,417.383,15701.659,30710
1787856542060,4247d30b-6b75-9d97-c3f4-3e6bd740d5ea,/p/0/41de9413f341be,4,200,277180,214.020,2947.199,94049
1787856527672,bd168724-5d28-0de5-28d5-d5cc6188d288,/p/0/a71195f5c4079f9d,10,200,4653585,2.162,17335.498,268443
1787856543120,5343ae77-e93b-799c-bbd1-e45edeb5629d,/p/4/ca38c7bae5438120,3,200,453289,140.740,1905.531,237881
1787856526971,21e46de2-5f6e-4b6a-5c82-b3054c9922c3,/p/0/afc7e56eb360d93c,3,200,149064,385.458,18101.568,8235
1787856540501,ebf6e554-5616-b7c5-4a6b-3463abf9be03,/p/0/8f82e3633cb7b26f,3,200,213973,390.112,4604.282,46473
1787856434438,18c70cd0-ff7a-5a42-261f-22d2189439a6,/p/16/f6f513b46452a21,2,0,3231055,1556.584,110747.172,29175
1787856433174,18c70cd0-ff7a-5a42-261f-22d2189439a6,/p/0/eddf744ffd00ec99,1,0,3283883,713.607,112010.926,29318
1787856482944,367b339b-f8cf-4a3d-ff9d-8bbabe35b8ea,/p/0/92059497c8220a15,4,200,6081250,90.882,62326.839,97570
1787856518919,0e9e8deb-f5ed-0c32-2188-cf0ed7df66d8,/p/0/9b9debed999f87c9,1,200,4260967,92.143,26357.660,161660
1787856531456,c6a227ad-9acd-bf0a-5b4c-c8fe836ee325,/p/0/18375c974f4e72af,3,200,5128762,155.669,13829.958,370844
1787856542764,950a1d58-391d-63fd-95b3-c256582e79c7,/p/0/201ec599c7dc9e82,1,200,426848,152.506,2597.049,164359
1787856543057,67b2ed57-4ba7-42be-182b-a4d95a7f6cde,/p/0/b8b4cd762ecefce8,6,200,192226,212.819,2445.314,78610
1787856544224,b7f5decf-860e-9512-d124-7c8be3f96e06,/p/0/a08b6b02bfc42653,3,200,283296,50.829,1327.599,213390
1787856542916,950a1d58-391d-63fd-95b3-c256582e79c7,/p/1/2b8b9a069beb1cac,2,200,518885,178.424,2808.714,184741
1787856544255,6679fb15-6ba1-670e-5f31-494a9485317f,/p/0/b9b6aa19017c759a,4,200,441162,321.092,1509.697,292219
1787856544255,6679fb15-6ba1-670e-5f31-494a9485317f,/p/0/b9b6a819017c7234,4,200,497621,319.143,1530.608,325113
1787856545185,52d8c071-eefb-9ce5-6e83-0a62ce771785,/?crawl=213,0,200,128342,95.554,616.616,208139
1787856540501,ebf6e554-5616-b7c5-4a6b-3463abf9be03,/p/0/8f82e4633cb7b422,3,200,319107,305.698,5301.861,60188
1787856543057,67b2ed57-4ba7-42be-182b-a4d95a7f6cde,/p/0/b8b4d0762ecf0201,6,200,248223,249.776,2751.853,90202
1787856544043,673538b3-25b4-b591-7074-3e5402065dc0,/p/0/ae6a6883bdcbab94,6,200,312838,1031.980,1824.662,171450
1787856545185,a0a3f1d7-37a3-775d-4251-a3a6e306188c,/?crawl=215,0,200,392209,29.034,734.523,533964
1787856542916,950a1d58-391d-63fd-95b3-c256582e79c7,/p/0/2b8b9c069beb2012,2,200,510309,172.864,3101.990,164510
1787856544097,68b6f4ee-9f5d-f0c5-4232-e1f73b2a0603,/p/0/6beafa5e81dd62a3,2,200,131288,130.321,2004.140,65508
1787856545025,5343ae77-e93b-799c-bbd1-e45edeb5629d,/p/0/cddb7a1b45b1e907,4,200,206288,30.882,1112.458,185434
1787856545725,950a1d58-391d-63fd-95b3-c256582e79c7,/p/0/6413cf042e4a3634,3,200,83823,194.188,459.579,182391
1787856528647,b186b51f-458c-a391-8715-2f4f00dce5c0,/p/0/25502edadeaf0cc5,4,200,4621450,937.082,17629.410,262144
1787856530701,177f7e65-f050-1b41-ad71-57cfc093d833,/p/0/7004793d4b4ec42d,17,200,2546029,118.482,15584.784,163366
1787856528647,b186b51f-458c-a391-8715-2f4f00dce5c0,/p/1/25502ddadeaf0b12,4,200,4426291,937.705,17751.090,249353
1787856545725,950a1d58-391d-63fd-95b3-c256582e79c7,/p/0/6413d0042e4a37e7,3,200,122855,141.502,684.250,179547
1787856543798,310f6e92-937b-c49a-1a30-ccae56529668,/p/3/f58b13b64ac8d22e,7,200,325389,237.071,2659.501,122350
1787856545725,950a1d58-391d-63fd-95b3-c256582e79c7,/p/0/6413d1042e4a399a,3,200,143893,181.754,815.110,176532
1787856543883,4247d30b-6b75-9d97-c3f4-3e6bd740d5ea,/p/0/9f176bb10dcaff09,5,200,176308,195.728,2696.709,65379
1787856546398,b186b51f-458c-a391-8715-2f4f00dce5c0,/p/0/a16bbf0246541904,5,200,82800,27.047,249.390,332010
1787856545919,a0a3f1d7-37a3-775d-4251-a3a6e306188c,/p/0/3f0b19c5e0d5ce70,1,200,153849,174.005,758.880,202732
1787856524001,5bd9add0-3b1e-2cec-398e-1fbadb04cd9b,/p/0/bf2362958184bc47,6,200,4458324,220.553,22695.940,196437
1787856546185,af5739fc-3e3b-f801-7115-c3e70ddf494a,/?crawl=216,0,200,300884,26.181,519.952,578677
1787856541366,93d11c49-21c2-e6de-4295-3d660e90c9ea,/p/0/c8ebfc2deaa0659d,1,200,2836654,59.026,5431.564,522254
1787856545025,5343ae77-e93b-799c-bbd1-e45edeb5629d,/p/0/cddb7b1b45b1eaba,4,200,434074,61.036,1789.442,242575
1787856543798,310f6e92-937b-c49a-1a30-ccae56529668,/p/0/f58b14b64ac8d3e1,7,200,445679,212.146,3073.027,145029
1787856546398,b186b51f-458c-a391-8715-2f4f00dce5c0,/p/0/a16bc10246541c6a,5,200,80494,97.890,513.223,156840
1787856530934,2d8d3f1a-374c-ca2f-fc78-da2e4d7305e6,/p/1/6a42892934d124b6,1,200,478413,547.518,16118.726,29681
1787856544205,12e7b5da-8d41-7d0a-c91c-14a522b70e51,/p/0/e9edeb83a64673b2,3,200,116573,339.213,2851.110,40887
1787856544097,68b6f4ee-9f5d-f0c5-4232-e1f73b2a0603,/p/1/6beafc5e81dd6609,2,200,205559,351.006,3009.260,68309
1787856511198,177f7e65-f050-1b41-ad71-57cfc093d833,/p/0/fe2c6a960a643370,15,0,5458099,129.061,35987.568,151666
1787856530701,177f7e65-f050-1b41-ad71-57cfc093d833,/p/0/7004763d4b4ebf14,17,0,2688951,118.525,16484.640,163119
1787856523694,f4172f0f-70eb-e23c-2f9f-20956b0cc420,/p/0/446b1c81bc6344b2,1,200,3395958,122.229,23539.731,144265
1787856522530,f5c0e107-6671-9a67-9c79-f1de31fc5b24,/p/0/abe9aa63565d8a7c,6,200,2462659,310.824,24767.152,99432
1787856486708,673538b3-25b4-b591-7074-3e5402065dc0,/p/0/38bb085096090142,4,200,3160166,1317.559,60667.131,52090
1787856536040,71e9c13f-e9e9-95bd-4ccb-41904ddb78a4,/p/0/635770add55c74a0,1,200,6130294,3.928,11344.257,540387
1787856546398,b186b51f-458c-a391-8715-2f4f00dce5c0,/p/0/a16bc20246541e1d,5,200,417781,137.372,1105.159,378028
1787856541366,93d11c49-21c2-e6de-4295-3d660e90c9ea,/p/0/c8ebf92deaa06084,1,200,4120550,19.429,6264.252,657788
1787856547185,0602a3d2-8477-4085-68b3-b3597594a112,/?crawl=218,0,200,186811,50.264,495.462,377044
1787856495664,673538b3-25b4-b591-7074-3e5402065dc0,/p/0/aeaa315fc9466251,5,200,3033796,779.544,52054.080,58282
1787856547185,f0a03e7f-82fc-30a1-d9c8-7e5c53830faf,/?crawl=217,0,200,218692,44.167,596.069,366891
1787856522530,f5c0e107-6671-9a67-9c79-f1de31fc5b24,/p/1/abe9ab63565d8c2f,6,200,2664766,250.390,25635.345,103949
1787856524759,f4172f0f-70eb-e23c-2f9f-20956b0cc420,/p/2/ed91f99e263b9f75,2,200,4234407,256.429,23463.933,180465
1787856545801,52d8c071-eefb-9ce5-6e83-0a62ce771785,/p/17/65dfc6810a0bbdfc,1,200,153367,735.130,2481.627,61801
1787856547781,f0a03e7f-82fc-30a1-d9c8-7e5c53830faf,/p/4/1836710ab79fe5b0,1,200,83615,38.305,512.192,163249
1787856544015,367b339b-f8cf-4a3d-ff9d-8bbabe35b8ea,/p/1/1643fe1883d49752,5,200,178034,1256.155,4352.868,40900
1787856544015,367b339b-f8cf-4a3d-ff9d-8bbabe35b8ea,/p/0/1643ff1883d49905,5,200,214523,1256.171,4353.711,49274
1787856542060,4247d30b-6b75-9d97-c3f4-3e6bd740d5ea,/p/0/41dd9413f3400b,4,200,490658,254.002,6358.269,77168
1787856547781,f0a03e7f-82fc-30a1-d9c8-7e5c53830faf,/p/0/1836730ab79fe916,1,200,88801,73.860,708.052,125416
1787856523694,f4172f0f-70eb-e23c-2f9f-20956b0cc420,/p/0/446b1b81bc6342ff,1,200,5744571,39.932,24862.124,231057
1787856543894,3b42866f-ef8e-f982-191d-e02ee3f7dbab,/p/5/ae50608f25f52a50,11,200,184558,551.547,4766.623,38719
1787856516595,05e729a0-7338-3701-9ce8-6362c11077f6,/p/0/a1335ded5b5d2222,1,200,6140792,456.921,32066.935,191499
1787856548368,367b339b-f8cf-4a3d-ff9d-8bbabe35b8ea,/p/0/731f415f6c5d8cca,6,200,154690,34.019,378.103,409121
1787856548293,f0a03e7f-82fc-30a1-d9c8-7e5c53830faf,/p/0/72d3d5ce0af40ce,2,200,26390,195.859,573.540,46012
1787856545801,52d8c071-eefb-9ce5-6e83-0a62ce771785,/p/0/65dfc8810a0bc162,1,200,372135,59.152,3067.812,121303
1787856548223,f4172f0f-70eb-e23c-2f9f-20956b0cc420,/p/0/dfb4763511b27770,3,200,145834,334.396,652.104,223636
1787856524001,5bd9add0-3b1e-2cec-398e-1fbadb04cd9b,/p/0/bf2364958184bfad,6,200,4424588,186.666,24940.883,177403
1787856546705,af5739fc-3e3b-f801-7115-c3e70ddf494a,/p/0/aba0c5684c3ada10,1,200,470587,24.189,2245.728,209548
1787856540697,bb416025-230d-38e8-dc86-d7dc70cf647f,/p/0/7507b7d5bd3b4156,2,200,2301302,104.371,8273.293,278160
1787856545025,5343ae77-e93b-799c-bbd1-e45edeb5629d,/p/3/cddb7c1b45b1ec6d,4,200,2236124,137.316,4059.925,550780
1787856549085,5343ae77-e93b-799c-bbd1-e45edeb5629d,/p/2/2621da14c8b434c,5,200,18080,1.563,2.825,6399850
1787856549085,5343ae77-e93b-799c-bbd1-e45edeb5629d,/p/0/2621fa14c8b46b2,5,200,53575,2.778,10.945,4895103
1787856548223,f4172f0f-70eb-e23c-2f9f-20956b0cc420,/p/1/dfb4773511b27923,3,200,340724,983.072,997.450,341595
1787856549085,5343ae77-e93b-799c-bbd1-e45edeb5629d,/p/0/2621ea14c8b44ff,5,200,366944,2.756,180.167,2036693
1787856549088,5343ae77-e93b-799c-bbd1-e45edeb5629d,/p/0/9870f1c79a6c25ee,6,200,22578,177.418,177.790,126993
1787856545801,52d8c071-eefb-9ce5-6e83-0a62ce771785,/p/0/65dfc7810a0bbfaf,1,200,198125,673.928,3554.665,55737
1787856545185,4e88ba84-3d06-c2b6-e7cd-81bc55c48c5a,/?crawl=214,0,200,31928,840.496,4176.560,7645
1787856549088,5343ae77-e93b-799c-bbd1-e45edeb5629d,/p/0/9870f0c79a6c243b,6,200,127526,28.909,304.597,418671
1787856549088,5343ae77-e93b-799c-bbd1-e45edeb5629d,/p/1/9870f2c79a6c27a1,6,200,67338,28.675,305.561,220375
1787856549394,5343ae77-e93b-799c-bbd1-e45edeb5629d,/p/0/63bd752db5a4b898,7,200,29072,1.604,2.886,10073573
1787856523185,015d50f6-bba2-b9a5-1b03-8c0fbc63886c,/?crawl=194,0,200,5184962,72.181,26339.033,196855
1787856543883,4247d30b-6b75-9d97-c3f4-3e6bd740d5ea,/p/4/9f1769b10dcafba3,5,200,514894,292.207,5644.744,91217
1787856548368,367b339b-f8cf-4a3d-ff9d-8bbabe35b8ea,/p/0/731f3f5f6c5d8964,6,200,219731,35.437,1176.557,186758
1787856548223,f4172f0f-70eb-e23c-2f9f-20956b0cc420,/p/0/dfb4793511b27c89,3,200,2425898,333.043,1339.887,1810524
1787856549220,f4172f0f-70eb-e23c-2f9f-20956b0cc420,/p/0/848b6d9b613a9ed2,4,200,214816,342.610,352.872,608765
1787856549394,5343ae77-e93b-799c-bbd1-e45edeb5629d,/p/0/63bd772db5a4bbfe,7,200,455102,2.659,319.887,1422698
1787856549394,5343ae77-e93b-799c-bbd1-e45edeb5629d,/p/0/63bd782db5a4bdb1,7,200,361122,2.810,321.028,1124893
1787856548293,f0a03e7f-82fc-30a1-d9c8-7e5c53830faf,/p/3/72d3b5ce0af3d68,2,200,187697,214.487,1447.742,129648
1787856544224,b7f5decf-860e-9512-d124-7c8be3f96e06,/p/0/a08b6a02bfc424a0,3,200,2122998,101.155,5693.375,372889
1787856528341,bd168724-5d28-0de5-28d5-d5cc6188d288,/p/0/6e8fefbfe928185e,11,200,3523528,347.514,21612.943,163029
1787856544097,68b6f4ee-9f5d-f0c5-4232-e1f73b2a0603,/p/0/6beafb5e81dd6456,2,200,362269,312.675,5985.061,60529
1787856548283,52d8c071-eefb-9ce5-6e83-0a62ce771785,/p/0/cd7414b7233b7d58,2,200,91888,618.501,1856.313,49500
1787856549741,f0a03e7f-82fc-30a1-d9c8-7e5c53830faf,/p/0/886f7ab59ec4a287,3,200,8274,188.520,400.404,20664
1787856547680,0602a3d2-8477-4085-68b3-b3597594a112,/p/0/bb716f866cb44d67,1,200,473888,37.776,2580.886,183614
1787856528635,b320bc69-c921-e450-a54d-946229d6d387,/p/1/eeaa53184dc00e7a,7,200,105363,21681.107,21682.368,4859
1787856549527,4247d30b-6b75-9d97-c3f4-3e6bd740d5ea,/p/0/5604dcbd1353c98a,6,200,85755,194.651,814.310,105310
1787856540501,ebf6e554-5616-b7c5-4a6b-3463abf9be03,/p/0/8f82e2633cb7b0bc,3,200,2177214,554.415,10020.736,217271
1787856544015,367b339b-f8cf-4a3d-ff9d-8bbabe35b8ea,/p/0/1643fc1883d493ec,5,200,3268812,1256.748,6566.342,497813
1787856543965,12e7b5da-8d41-7d0a-c91c-14a522b70e51,/p/0/f49135639ae0d5a,2,200,363519,206.039,6659.742,54585
1787856548283,52d8c071-eefb-9ce5-6e83-0a62ce771785,/p/0/cd7417b7233b8271,2,200,116777,678.673,2428.256,48091
1787856538123,ebf6e554-5616-b7c5-4a6b-3463abf9be03,/p/0/39956d6ce3d65498,2,200,5188010,198.799,12707.136,408275
1787856543057,67b2ed57-4ba7-42be-182b-a4d95a7f6cde,/p/3/b8b4cf762ecf004e,6,200,3013565,231.411,7949.592,379084
1787856547053,2d8d3f1a-374c-ca2f-fc78-da2e4d7305e6,/p/0/ebe80abf4e0d694f,2,200,153104,273.765,4000.942,38267
1787856547185,4264f45c-034a-7efe-e206-ea6242df3f5e,/?crawl=219,0,200,488635,150.191,3881.045,125903
1787856536040,71e9c13f-e9e9-95bd-4ccb-41904ddb78a4,/p/0/635772add55c7806,1,200,6099926,3.875,15074.048,404664
1787856486708,673538b3-25b4-b591-7074-3e5402065dc0,/p/0/38bb07509608ff8f,4,200,4459868,1271.146,64426.134,69225
1787856476040,673538b3-25b4-b591-7074-3e5402065dc0,/p/0/e2856758ad1710ec,1,200,5768252,520.821,75115.254,76792
1787856531961,673538b3-25b4-b591-7074-3e5402065dc0,/p/0/ae6a6b83bdcbb0ad,6,200,5557203,1114.459,19249.234,288697
1787856549527,4247d30b-6b75-9d97-c3f4-3e6bd740d5ea,/p/3/5604dabd1353c624,6,200,114614,329.557,1690.392,67803
1787856539492,67b2ed57-4ba7-42be-182b-a4d95a7f6cde,/p/0/3e96e49e0d0e5ae,4,200,3664115,34.057,11733.818,312270
1787856549361,4e88ba84-3d06-c2b6-e7cd-81bc55c48c5a,/p/0/d27571237570c7e9,1,200,11841,1790.582,2030.681,5831
1787856548283,52d8c071-eefb-9ce5-6e83-0a62ce771785,/p/16/cd7416b7233b80be,2,200,388341,309.996,3161.454,122836
1787856484229,8b09d9d7-7848-04f0-15de-438766916b4f,/p/0/db4b4d52ef0c0c74,2,200,6017097,604.839,67248.646,89475
1787856548368,367b339b-f8cf-4a3d-ff9d-8bbabe35b8ea,/p/0/731f425f6c5d8e7d,6,200,2900172,35.085,3196.299,907353
1787856551007,67b2ed57-4ba7-42be-182b-a4d95a7f6cde,/p/2/4d2b5cfea1ba49a3,7,200,81967,219.149,617.341,132774
1787856548165,f5c0e107-6671-9a67-9c79-f1de31fc5b24,/p/0/877ffd5fe438b0af,7,200,309469,245.563,3592.164,86151
1787856529174,071ae295-c478-c1cf-8e97-97c00f78b288,/p/0/f95e066262fa63fd,2,200,3614825,460.447,22598.378,159959
1787856549741,f0a03e7f-82fc-30a1-d9c8-7e5c53830faf,/p/0/886f7bb59ec4a43a,3,200,214682,207.516,2313.798,92783
1787856547106,68b6f4ee-9f5d-f0c5-4232-e1f73b2a0603,/p/0/7c9fa5fb0f48fe47,3,200,222754,713.840,4967.349,44844
1787856551007,67b2ed57-4ba7-42be-182b-a4d95a7f6cde,/p/0/4d2b5efea1ba4d09,7,200,117668,219.577,1121.311,104938
1787856522653,5bd9add0-3b1e-2cec-398e-1fbadb04cd9b,/p/0/6d3234db9fa14351,5,200,5697429,457.714,29530.390,192934
1787856538058,cc9d5436-0225-8b24-da7f-579dd447e431,/p/0/f6c1c70b69f76c66,1,200,2144501,297.154,14203.491,150984
1787856543964,12e7b5da-8d41-7d0a-c91c-14a522b70e51,/p/0/f49125639ae0ba7,2,200,516869,343.234,8551.130,60445
1787856548293,f0a03e7f-82fc-30a1-d9c8-7e5c53830faf,/p/0/72d3c5ce0af3f1b,2,200,479201,214.426,4384.335,109298
1787856547106,68b6f4ee-9f5d-f0c5-4232-e1f73b2a0603,/p/0/7c9fa7fb0f4901ad,3,200,230731,489.225,5582.534,41331
1787856544205,12e7b5da-8d41-7d0a-c91c-14a522b70e51,/p/0/e9edec83a6467565,3,200,430333,475.381,8718.598,49358
1787856543894,3b42866f-ef8e-f982-191d-e02ee3f7dbab,/p/0/ae50628f25f52db6,11,200,355431,413.638,9283.746,38285
1787856551624,67b2ed57-4ba7-42be-182b-a4d95a7f6cde,/p/0/2b469257fd54eb2b,8,200,173497,215.261,1944.947,89204
1787856551624,67b2ed57-4ba7-42be-182b-a4d95a7f6cde,/p/1/2b469157fd54e978,8,200,185814,196.829,2136.150,86985
1787856549741,f0a03e7f-82fc-30a1-d9c8-7e5c53830faf,/p/2/886f7cb59ec4a5ed,3,200,503605,188.389,4430.180,113676
1787856551445,52d8c071-eefb-9ce5-6e83-0a62ce771785,/p/15/23939e78e2772459,3,200,196274,182.089,2886.473,67998
1787856539185,3a11b4ef-75da-07b6-7148-14ef49647405,/?crawl=208,0,200,3997402,53.374,15331.749,260727
1787856538058,cc9d5436-0225-8b24-da7f-579dd447e431,/p/0/f6c1c80b69f76e19,1,200,2945722,58.205,16473.256,178818
1787856524638,231b6fa3-b38c-4195-2b09-3dffb8a7d1bf,/p/3/a68483f52064fab6,2,200,6026906,202.536,30244.286,199274
1787856546705,af5739fc-3e3b-f801-7115-c3e70ddf494a,/p/1/aba0c6684c3adbc3,1,200,2409253,83.993,8488.802,283815
1787856543759,43e5491c-ce99-6b65-40af-09dea6070fd9,/p/0/f94a1dde9ea6b775,1,200,4235252,31.956,11513.391,367854
1787856543759,43e5491c-ce99-6b65-40af-09dea6070fd9,/p/1/f94a1bde9ea6b40f,1,200,4619630,73.542,11524.254,400862
1787856547680,0602a3d2-8477-4085-68b3-b3597594a112,/p/0/bb7170866cb44f1a,1,200,3042338,219.178,7712.430,394472
1787856555194,af5739fc-3e3b-f801-7115-c3e70ddf494a,/p/0/6f65450f0db688a,2,200,73421,122.809,471.551,155701
1787856553762,67b2ed57-4ba7-42be-182b-a4d95a7f6cde,/p/0/979ad6fe03ed9023,9,200,147558,312.313,1982.951,74413
1787856491028,8b09d9d7-7848-04f0-15de-438766916b4f,/p/0/cc86e5e16b5df1d3,3,200,6265661,438.280,64899.416,96544
1787856553760,67b2ed57-4ba7-42be-182b-a4d95a7f6cde,/p/0/979ad7fe03ed91d6,9,200,175859,294.047,2204.190,79784
1787856523996,5c6bf4f9-821f-2396-3cbc-d81c60a63908,/p/0/cfed1f5040c18559,1,200,5815911,110.922,32064.354,181382
1787856526417,5c6bf4f9-821f-2396-3cbc-d81c60a63908,/p/0/a35db169a808f11a,2,200,5425499,242.091,29647.297,183001
1787856554171,f0a03e7f-82fc-30a1-d9c8-7e5c53830faf,/p/0/7378fcccc5b6a70a,4,200,159460,248.058,1985.203,80324
1787856548661,3b42866f-ef8e-f982-191d-e02ee3f7dbab,/p/4/f9df0b23cc197db1,12,0,262024,345.705,7523.909,34826
1787856548661,3b42866f-ef8e-f982-191d-e02ee3f7dbab,/p/0/f9df0a23cc197bfe,12,0,245744,379.993,7523.935,32662
1787856479540,3b42866f-ef8e-f982-191d-e02ee3f7dbab,/p/0/524d0f89f71800c5,6,0,5750915,380.160,76644.908,75033
1787856548661,3b42866f-ef8e-f982-191d-e02ee3f7dbab,/p/0/f9df0923cc197a4b,12,0,280754,345.605,7524.020,37314
1787856543894,3b42866f-ef8e-f982-191d-e02ee3f7dbab,/p/0/ae50618f25f52c03,11,0,555607,482.133,12290.658,45206
1787856549528,4247d30b-6b75-9d97-c3f4-3e6bd740d5ea,/p/0/5604dbbd1353c7d7,6,200,403608,252.499,6700.746,60233
1787856540697,bb416025-230d-38e8-dc86-d7dc70cf647f,/p/0/7507b6d5bd3b3fa3,2,200,6213581,117.495,15540.404,399834
1787856555283,43e5491c-ce99-6b65-40af-09dea6070fd9,/p/0/545a70546098c7b5,2,200,258723,41.339,1173.835,220408
1787856528220,8b09d9d7-7848-04f0-15de-438766916b4f,/p/0/295c6c0b7b28c938,7,200,3814672,638.545,28306.320,134764
1787856545919,a0a3f1d7-37a3-775d-4251-a3a6e306188c,/p/0/3f0b1bc5e0d5d1d6,1,200,2800552,160.989,10607.780,264009
1787856555194,af5739fc-3e3b-f801-7115-c3e70ddf494a,/p/0/6f65250f0db6524,2,200,261402,146.467,1527.839,171093
1787856554516,3a11b4ef-75da-07b6-7148-14ef49647405,/p/0/3581a5d056056dd7,1,200,190142,52.045,2215.964,85806
1787856554171,f0a03e7f-82fc-30a1-d9c8-7e5c53830faf,/p/1/7378faccc5b6a3a4,4,200,310117,210.225,2746.525,112912
1787856551445,52d8c071-eefb-9ce5-6e83-0a62ce771785,/p/0/23939d78e27722a6,3,200,508518,244.842,5835.893,87136
1787856526417,5c6bf4f9-821f-2396-3cbc-d81c60a63908,/p/1/a35db269a808f2cd,2,200,6277265,242.149,30972.901,202670
1787856553761,67b2ed57-4ba7-42be-182b-a4d95a7f6cde,/p/0/979ad5fe03ed8e70,9,200,315666,312.448,3638.891,86748
1787856555194,af5739fc-3e3b-f801-7115-c3e70ddf494a,/p/0/6f65550f0db6a3d,2,200,398036,134.677,2238.492,177814
1787856554516,3a11b4ef-75da-07b6-7148-14ef49647405,/p/0/3581a6d056056f8a,1,200,352093,234.073,3192.919,110273
1787856534261,b83b22d0-fc0d-8e51-a195-5ecfe799928e,/p/6/9b10c0e78a52e048,7,200,4287876,377.850,23621.136,181527
1787856557882,b83b22d0-fc0d-8e51-a195-5ecfe799928e,/p/5/722fdbd749da96c5,8,200,28955,23.427,82.546,350775
1787856557965,b83b22d0-fc0d-8e51-a195-5ecfe799928e,/p/0/66cf60b72c119978,9,200,33186,25.205,75.874,437383
1787856547053,2d8d3f1a-374c-ca2f-fc78-da2e4d7305e6,/p/0/ebe80cbf4e0d6cb5,2,200,2744247,1671.513,11088.288,247491
1787856554516,3a11b4ef-75da-07b6-7148-14ef49647405,/p/1/3581a4d056056c24,1,200,478191,156.754,3695.163,129410
1787856516119,b83b22d0-fc0d-8e51-a195-5ecfe799928e,/p/0/680351b1c200c96f,4,200,5518735,337.338,42166.635,130879
1787856558212,3a11b4ef-75da-07b6-7148-14ef49647405,/p/0/13d61253c5888f42,2,200,19071,53.286,106.381,179271
1787856558041,b83b22d0-fc0d-8e51-a195-5ecfe799928e,/p/0/66cf63b72c119e91,9,200,248230,23.477,386.247,642671
1787856557965,b83b22d0-fc0d-8e51-a195-5ecfe799928e,/p/4/66cf61b72c119b2b,9,200,324980,28.049,569.661,570480
1787856558535,b83b22d0-fc0d-8e51-a195-5ecfe799928e,/p/0/72aa6967515cad49,10,200,11431,23.889,42.468,269168
1787856557882,b83b22d0-fc0d-8e51-a195-5ecfe799928e,/p/0/722fdad749da9512,8,200,456559,23.380,819.365,557211
1787856523766,b83b22d0-fc0d-8e51-a195-5ecfe799928e,/p/0/8a451376b1db995a,6,200,5437368,313.296,35010.012,155309
1787856558535,b83b22d0-fc0d-8e51-a195-5ecfe799928e,/p/3/72aa6867515cab96,10,200,349438,29.536,350.572,996767
1787856558885,b83b22d0-fc0d-8e51-a195-5ecfe799928e,/p/0/40d0931840f9e883,11,200,51027,24.362,83.916,608069
1787856554171,f0a03e7f-82fc-30a1-d9c8-7e5c53830faf,/p/0/7378fbccc5b6a557,4,200,481967,210.222,4922.936,97902
1787856544205,12e7b5da-8d41-7d0a-c91c-14a522b70e51,/p/0/e9edea83a64671ff,3,200,5533549,372.639,15217.677,363626
1787856554331,52d8c071-eefb-9ce5-6e83-0a62ce771785,/p/0/86f3d870d38d1a8d,4,200,234866,368.240,5195.328,45207
1787856558885,b83b22d0-fc0d-8e51-a195-5ecfe799928e,/p/2/40d0921840f9e6d0,11,200,487027,24.321,655.426,743070
1787856558212,3a11b4ef-75da-07b6-7148-14ef49647405,/p/0/13d61153c5888d8f,2,200,167966,80.403,1373.352,122304
1787856546705,af5739fc-3e3b-f801-7115-c3e70ddf494a,/p/0/aba0c8684c3adf29,1,200,4171564,72.150,12941.341,322344
1787856559541,b83b22d0-fc0d-8e51-a195-5ecfe799928e,/p/0/890255d7835f69ab,12,200,297441,23.517,437.162,680391
1787856551445,52d8c071-eefb-9ce5-6e83-0a62ce771785,/p/0/23939c78e27720f3,3,200,471627,59.741,8577.023,54987
1787856559541,b83b22d0-fc0d-8e51-a195-5ecfe799928e,/p/0/890256d7835f6b5e,12,200,399948,28.359,603.638,662563
1787856547053,2d8d3f1a-374c-ca2f-fc78-da2e4d7305e6,/p/0/ebe80bbf4e0d6b02,2,200,4160479,1389.786,13193.907,315333
1787856559541,b83b22d0-fc0d-8e51-a195-5ecfe799928e,/p/1/890257d7835f6d11,12,200,408322,33.526,732.638,557331
1787856554331,52d8c071-eefb-9ce5-6e83-0a62ce771785,/p/0/86f3d570d38d1574,4,200,318324,308.959,6138.719,51855
1787856554331,52d8c071-eefb-9ce5-6e83-0a62ce771785,/p/14/86f3d770d38d18da,4,200,416598,338.510,6234.696,66819
1787856528635,b320bc69-c921-e450-a54d-946229d6d387,/p/0/eeaa54184dc0102d,7,200,90007,21680.319,31963.101,2816
1787856556918,f0a03e7f-82fc-30a1-d9c8-7e5c53830faf,/p/0/3c3af8cd0e6256b3,5,200,409696,206.394,3842.826,106613
1787856560273,b83b22d0-fc0d-8e51-a195-5ecfe799928e,/p/0/8b9c3c678f2e3fa4,13,200,310703,23.938,579.164,536468
1787856516952,d73335b4-9eb1-73bf-25f5-ae3b6f93848e,/p/0/e9474163ec0b6015,1,200,4931157,182.220,43901.955,112322
1787856560274,b83b22d0-fc0d-8e51-a195-5ecfe799928e,/p/0/8b9c3d678f2e4157,13,200,276874,23.883,623.704,443919
1787856556918,f0a03e7f-82fc-30a1-d9c8-7e5c53830faf,/p/0/3c3af9cd0e625866,5,200,294614,206.405,4031.930,73070
1787856536185,e5400e04-7477-8a67-1337-3a673c0bd1d7,/?crawl=205,0,200,293230,767.613,24791.941,11828
1787856556918,f0a03e7f-82fc-30a1-d9c8-7e5c53830faf,/p/0/3c3afacd0e625a19,5,200,347512,206.423,4165.134,83434
1787856506442,b320bc69-c921-e450-a54d-946229d6d387,/p/0/73f9ce7685e9754b,5,0,439634,1428.815,54743.651,8031
1787856561185,b320bc69-c921-e450-a54d-946229d6d387,/p/0/66efa6941fc400a5,8,0,0,0.021,0.000,0
1787856550317,b320bc69-c921-e450-a54d-946229d6d387,/p/0/66efa4941fc3fd3f,8,0,63186,2632.587,10867.818,5814
1787856454136,b320bc69-c921-e450-a54d-946229d6d387,/p/0/99849406b947df41,2,0,1513363,143.433,107049.715,14137
1787856454440,b320bc69-c921-e450-a54d-946229d6d387,/p/0/cae7f907ec837f51,3,0,1145579,118.648,106745.682,10732
1787856560598,b320bc69-c921-e450-a54d-946229d6d387,/p/0/66efa3941fc3fb8c,8,0,0,587.065,0.000,0
1787856528635,b320bc69-c921-e450-a54d-946229d6d387,/p/0/eeaa51184dc00b14,7,0,54801,21680.353,32550.476,1684
1787856517791,d73335b4-9eb1-73bf-25f5-ae3b6f93848e,/p/0/2672b7cb9bc4eaad,2,200,5862547,473.415,43478.111,134839
1787856519311,f86e8644-a8ef-bb9e-ef0e-071fea348555,/p/0/8e0a1d09f825d9fe,3,200,2928019,326.455,42091.627,69563
1787856557882,b83b22d0-fc0d-8e51-a195-5ecfe799928e,/p/0/722fd9d749da935f,8,200,2645902,23.502,3642.152,726467
1787856545919,a0a3f1d7-37a3-775d-4251-a3a6e306188c,/p/0/3f0b1cc5e0d5d389,1,200,5720881,26.232,15768.437,362806
1787856511362,f86e8644-a8ef-bb9e-ef0e-071fea348555,/p/0/460f7bcf8b0531a0,1,200,3584343,41.296,50361.510,71172
1787856560566,52d8c071-eefb-9ce5-6e83-0a62ce771785,/p/0/30a8cffd2f460fa3,5,200,89473,429.442,1381.616,64760
1787856558885,b83b22d0-fc0d-8e51-a195-5ecfe799928e,/p/0/40d0941840f9ea36,11,200,3287454,26.403,3261.488,1007961
1787856549361,4e88ba84-3d06-c2b6-e7cd-81bc55c48c5a,/p/0/d27570237570c636,1,200,368485,2030.593,12929.948,28499
1787856557390,5c6bf4f9-821f-2396-3cbc-d81c60a63908,/p/0/968aaa1022cc7657,3,200,459518,213.308,4905.930,93666
1787856558535,b83b22d0-fc0d-8e51-a195-5ecfe799928e,/p/0/72aa6667515ca830,10,200,4901173,23.928,3830.199,1279613
1787856554882,231b6fa3-b38c-4195-2b09-3dffb8a7d1bf,/p/0/2226482e01329ebd,3,200,3803106,64.718,7495.205,507405
1787856560566,52d8c071-eefb-9ce5-6e83-0a62ce771785,/p/0/30a8d0fd2f461156,5,200,235404,62.815,1818.906,129421
1787856554882,231b6fa3-b38c-4195-2b09-3dffb8a7d1bf,/p/2/2226472e01329d0a,3,200,4703600,188.949,7502.674,626923
1787856560273,b83b22d0-fc0d-8e51-a195-5ecfe799928e,/p/0/8b9c3e678f2e430a,13,200,3813247,23.999,2146.401,1776577
1787856527175,e7e569b1-b4c9-04b9-1ad9-dcc37f9b4454,/p/0/a28ea67bcecc2cb3,3,200,4896952,258.222,35389.266,138374
1787856560566,52d8c071-eefb-9ce5-6e83-0a62ce771785,/p/13/30a8cefd2f460df0,5,200,140223,369.178,2005.790,69909
1787856547680,0602a3d2-8477-4085-68b3-b3597594a112,/p/1/bb7171866cb450cd,1,200,5978376,162.686,15325.605,390091
1787856549185,2a2c0145-8eb4-b3f9-737b-b29b1d4a0eb8,/?crawl=220,0,200,2798592,75.756,13827.115,202399
1787856549361,4e88ba84-3d06-c2b6-e7cd-81bc55c48c5a,/p/0/d2756f237570c483,1,200,292216,2269.196,13768.993,21223
1787856554882,231b6fa3-b38c-4195-2b09-3dffb8a7d1bf,/p/0/2226452e013299a4,3,200,6029139,64.713,8387.489,718825
1787856511099,d9dadcc3-5ce0-6abf-5540-d3ed2a87dc9e,/p/0/e80ecedadeb8af04,4,200,5381389,76.189,52342.265,102812
1787856521627,d9dadcc3-5ce0-6abf-5540-d3ed2a87dc9e,/p/0/dd77535cf590d5a5,6,200,5469471,378.881,42251.506,129450
1787856511362,f86e8644-a8ef-bb9e-ef0e-071fea348555,/p/0/460f7ecf8b0536b9,1,200,4589982,41.280,52639.383,87197
1787856555283,43e5491c-ce99-6b65-40af-09dea6070fd9,/p/0/545a6f546098c602,2,200,3170750,52.261,9268.662,342094
1787856562385,231b6fa3-b38c-4195-2b09-3dffb8a7d1bf,/p/0/666c1d8946d5c7df,4,200,85997,486.305,2176.302,39515
1787856563006,0602a3d2-8477-4085-68b3-b3597594a112,/p/0/7dccc14e91a21813,2,200,186112,37.224,1556.449,119575
1787856527176,e7e569b1-b4c9-04b9-1ad9-dcc37f9b4454,/p/0/a28ea87bcecc3019,3,200,5180186,362.655,37396.283,138521
1787856551007,67b2ed57-4ba7-42be-182b-a4d95a7f6cde,/p/0/4d2b5bfea1ba47f0,7,200,2232171,233.107,13685.052,163110
1787856562385,231b6fa3-b38c-4195-2b09-3dffb8a7d1bf,/p/0/666c1e8946d5c992,4,200,190187,253.243,2942.202,64641
1787856562572,52d8c071-eefb-9ce5-6e83-0a62ce771785,/p/0/8400150238a1601c,6,200,258096,62.793,2784.475,92691
1787856562572,52d8c071-eefb-9ce5-6e83-0a62ce771785,/p/12/8400160238a161cf,6,200,258058,432.496,3283.344,78596
1787856563006,0602a3d2-8477-4085-68b3-b3597594a112,/p/0/7dccc04e91a21660,2,200,434899,37.143,2902.910,149815
1787856512629,f86e8644-a8ef-bb9e-ef0e-071fea348555,/p/0/f08dad52ab37fefb,2,200,5379717,263.714,53286.357,100959
1787856563006,0602a3d2-8477-4085-68b3-b3597594a112,/p/0/7dccc34e91a21b79,2,200,482570,217.014,2937.118,164301
1787856528341,bd168724-5d28-0de5-28d5-d5cc6188d288,/p/0/6e8feebfe92816ab,11,200,6220047,350.806,38044.821,163493
1787856565855,52d8c071-eefb-9ce5-6e83-0a62ce771785,/p/0/cd58b630483195bd,7,200,18501,309.518,587.058,31515
1787856511099,d9dadcc3-5ce0-6abf-5540-d3ed2a87dc9e,/p/0/e80ed1dadeb8b41d,4,200,6117975,76.279,55518.264,110198
1787856563012,2a2c0145-8eb4-b3f9-737b-b29b1d4a0eb8,/p/9/a60e934fde8b84de,1,200,240922,360.285,3696.120,65182
1787856565855,52d8c071-eefb-9ce5-6e83-0a62ce771785,/p/11/cd58b5304831940a,7,200,74892,338.945,1111.005,67409
1787856563012,2a2c0145-8eb4-b3f9-737b-b29b1d4a0eb8,/p/0/a60e914fde8b8178,1,200,278118,360.339,3981.492,69853
1787856528341,bd168724-5d28-0de5-28d5-d5cc6188d288,/p/7/6e8fedbfe92814f8,11,0,5895962,347.302,38843.776,151787
1787856547781,f0a03e7f-82fc-30a1-d9c8-7e5c53830faf,/p/0/1836720ab79fe763,1,200,3836150,93.094,19462.105,197109
1787856551624,67b2ed57-4ba7-42be-182b-a4d95a7f6cde,/p/0/2b469357fd54ecde,8,200,3167017,179.928,16456.111,192452
1787856566708,2a2c0145-8eb4-b3f9-737b-b29b1d4a0eb8,/p/0/f483c8ea38f1aab9,2,200,83657,393.399,1866.471,44821
1787856555283,43e5491c-ce99-6b65-40af-09dea6070fd9,/p/0/545a6e546098c44f,2,200,6169120,21.005,13366.069,461551
1787856548165,f5c0e107-6671-9a67-9c79-f1de31fc5b24,/p/0/877ffc5fe438aefc,7,200,2982436,48.654,20499.057,145491
1787856531185,3dcb2650-c25b-4abb-2cf4-d7897712e3a3,/?crawl=200,0,200,6160380,98.836,38033.321,161973
1787856563012,2a2c0145-8eb4-b3f9-737b-b29b1d4a0eb8,/p/0/a60e944fde8b8691,1,200,366735,71.707,6246.088,58714
1787856523512,d7c9c727-c140-24e7-843f-b51060c538a1,/p/0/73921bca60034b89,7,200,2816047,789.883,45777.287,61516
1787856569218,3dcb2650-c25b-4abb-2cf4-d7897712e3a3,/p/0/9a2efbe3b12dbef2,1,200,25519,122.912,285.676,89329
1787856566966,52d8c071-eefb-9ce5-6e83-0a62ce771785,/p/0/8df0b8e735809448,8,200,74329,735.313,3263.261,22778
1787856566708,2a2c0145-8eb4-b3f9-737b-b29b1d4a0eb8,/p/0/f483c5ea38f1a5a0,2,200,396134,357.516,3575.748,110784
1787856566708,2a2c0145-8eb4-b3f9-737b-b29b1d4a0eb8,/p/8/f483c7ea38f1a906,2,200,338435,429.249,3575.863,94644
1787856570284,2a2c0145-8eb4-b3f9-737b-b29b1d4a0eb8,/p/0/88c2b363ad0027c8,3,200,357037,80.155,407.787,875549
1787856519311,f86e8644-a8ef-bb9e-ef0e-071fea348555,/p/1/8e0a1b09f825d698,3,200,5620718,283.044,51514.450,109110
1787856548165,f5c0e107-6671-9a67-9c79-f1de31fc5b24,/p/0/877ffe5fe438b262,7,0,3418231,294.786,23019.644,148492
1787856526675,178792c0-2430-64a4-2cfa-2d88c3f39d6e,/p/0/4fd77e24888850a1,8,0,3085179,1036.913,44509.382,69315
1787856526675,178792c0-2430-64a4-2cfa-2d88c3f39d6e,/p/1/4fd77d2488884eee,8,0,3039687,1037.828,44509.399,68293
1787856526028,178792c0-2430-64a4-2cfa-2d88c3f39d6e,/p/0/4b6a538fc9b9001b,7,0,5303426,3.908,45156.776,117445
1787856558212,3a11b4ef-75da-07b6-7148-14ef49647405,/p/0/13d61353c58890f5,2,200,3287685,106.389,13167.232,249687
1787856570284,2a2c0145-8eb4-b3f9-737b-b29b1d4a0eb8,/p/0/88c2b663ad002ce1,3,200,5723446,79.745,2085.566,2744313
1787856546458,310f6e92-937b-c49a-1a30-ccae56529668,/p/0/c7875a0df5ce3e67,8,200,2706082,300.004,25983.389,104147
1787856570284,2a2c0145-8eb4-b3f9-737b-b29b1d4a0eb8,/p/7/88c2b563ad002b2e,3,200,6130794,81.395,2170.600,2824470
1787856549220,f4172f0f-70eb-e23c-2f9f-20956b0cc420,/p/0/848b6c9b613a9d1f,4,200,5945513,342.760,23886.989,248902
1787856547106,68b6f4ee-9f5d-f0c5-4232-e1f73b2a0603,/p/0/7c9fa6fb0f48fffa,3,200,5988283,394.067,26047.529,229898
1787856560977,e5400e04-7477-8a67-1337-3a673c0bd1d7,/p/0/dfeffbcaf35cdcb9,1,200,149356,1667.681,12507.662,11941
1787856570825,f86e8644-a8ef-bb9e-ef0e-071fea348555,/p/0/90f1806be0c63a41,4,200,264961,156.799,2686.201,98638
1787856570825,f86e8644-a8ef-bb9e-ef0e-071fea348555,/p/0/90f17d6be0c63528,4,200,407075,44.131,2975.458,136811
1787856565855,52d8c071-eefb-9ce5-6e83-0a62ce771785,/p/0/cd58b330483190a4,7,200,429217,371.747,8029.184,53457
1787856572455,2a2c0145-8eb4-b3f9-737b-b29b1d4a0eb8,/p/0/17bfcb4fe1e2f81,4,200,61098,1426.898,2074.323,29454
1787856537146,261b4e26-604a-0c50-7d4b-0fbe13507a44,/p/8/552a9b76192f6890,2,200,4096764,723.823,37439.532,109423
1787856549220,f4172f0f-70eb-e23c-2f9f-20956b0cc420,/p/0/848b6e9b613aa085,4,200,6105469,342.373,26283.604,232292
1787856546458,310f6e92-937b-c49a-1a30-ccae56529668,/p/0/c7875b0df5ce401a,8,0,3274023,276.744,29727.127,110136
1787856546458,310f6e92-937b-c49a-1a30-ccae56529668,/p/2/c787590df5ce3cb4,8,0,3084263,276.708,29727.117,103753
1787856572455,2a2c0145-8eb4-b3f9-737b-b29b1d4a0eb8,/p/6/17bfab4fe1e2c1b,4,200,292288,1065.742,4520.810,64654
1787856576975,2a2c0145-8eb4-b3f9-737b-b29b1d4a0eb8,/p/0/91a5a052780c88be,5,200,10040,431.700,755.378,13291
1787856537146,261b4e26-604a-0c50-7d4b-0fbe13507a44,/p/0/552a9c76192f6a43,2,200,4539124,543.424,42471.213,106875
1787856574585,261b4e26-604a-0c50-7d4b-0fbe13507a44,/p/0/e68e262dce6168f4,3,200,424774,306.395,5036.162,84345
1787856574585,261b4e26-604a-0c50-7d4b-0fbe13507a44,/p/7/e68e272dce616aa7,3,200,436891,306.440,5037.282,86731
1787856576975,2a2c0145-8eb4-b3f9-737b-b29b1d4a0eb8,/p/5/91a5a152780c8a71,5,200,265308,396.637,4632.817,57267
1787856557390,5c6bf4f9-821f-2396-3cbc-d81c60a63908,/p/0/968aab1022cc780a,3,200,3893052,147.272,25491.001,152723
1787856581608,2a2c0145-8eb4-b3f9-737b-b29b1d4a0eb8,/p/4/b04a9b988039dd0a,6,200,106078,359.235,2221.729,47746
1787856583830,2a2c0145-8eb4-b3f9-737b-b29b1d4a0eb8,/p/0/93a3e9c8e59aa57c,7,200,5394,430.238,644.896,8364
1787856579622,261b4e26-604a-0c50-7d4b-0fbe13507a44,/p/0/ab5401e8584971ae,4,200,164879,580.811,5485.591,30057
1787856562385,231b6fa3-b38c-4195-2b09-3dffb8a7d1bf,/p/1/666c1f8946d5cb45,4,200,4508683,486.520,23024.374,195822
1787856576975,2a2c0145-8eb4-b3f9-737b-b29b1d4a0eb8,/p/0/91a59f52780c870b,5,200,454710,360.701,8471.625,53674
1787856518007,d7c9c727-c140-24e7-843f-b51060c538a1,/p/0/286d3855a886d1e,5,200,4214340,393.544,67537.299,62400
1787856557390,5c6bf4f9-821f-2396-3cbc-d81c60a63908,/p/0/968aa91022cc74a4,3,200,4967586,191.195,28292.156,175582
1787856526971,21e46de2-5f6e-4b6a-5c82-b3054c9922c3,/p/2/afc7e66eb360daef,3,200,2619482,6082.760,59061.391,44352
1787856579622,261b4e26-604a-0c50-7d4b-0fbe13507a44,/p/0/ab5400e858496ffb,4,200,301860,729.548,7468.528,40418
1787856585409,231b6fa3-b38c-4195-2b09-3dffb8a7d1bf,/p/0/21fcde9516edf352,5,200,135113,63.923,1773.808,76171
1787856574585,261b4e26-604a-0c50-7d4b-0fbe13507a44,/p/0/e68e292dce616e0d,3,200,2214668,424.801,12841.360,172464
1787856581608,2a2c0145-8eb4-b3f9-737b-b29b1d4a0eb8,/p/0/b04a99988039d9a4,6,200,215413,432.252,6251.315,34459
1787856480098,ed069497-9aa0-a172-02cb-a0597c886978,/p/17/114268a2e689b94a,1,0,3794787,240.799,108087.026,35109
1787856585409,231b6fa3-b38c-4195-2b09-3dffb8a7d1bf,/p/0/21fcdc9516edefec,5,200,343556,63.889,3453.691,99475
1787856586033,21e46de2-5f6e-4b6a-5c82-b3054c9922c3,/p/0/74bf94f6d6bc28a4,4,0,88338,193.048,3152.954,28018
1787856586033,21e46de2-5f6e-4b6a-5c82-b3054c9922c3,/p/0/74bf97f6d6bc2dbd,4,0,50087,387.528,3153.030,15885
1787856586033,21e46de2-5f6e-4b6a-5c82-b3054c9922c3,/p/1/74bf95f6d6bc2a57,4,0,68498,290.830,3153.028,21725
1787856569218,3dcb2650-c25b-4abb-2cf4-d7897712e3a3,/p/0/9a2efae3b12dbd3f,1,200,3681378,285.635,20452.336,179998
1787856527817,d3f23b25-f5d0-ccb5-ed79-913091298f2e,/p/0/9199fb6cbc302080,3,200,2845840,356.673,61875.644,45993
1787856581608,2a2c0145-8eb4-b3f9-737b-b29b1d4a0eb8,/p/0/b04a9c988039debd,6,200,305700,504.339,8155.998,37482
1787856585409,231b6fa3-b38c-4195-2b09-3dffb8a7d1bf,/p/0/21fcdf9516edf505,5,200,503140,63.917,4478.172,112354
1787856570825,f86e8644-a8ef-bb9e-ef0e-071fea348555,/p/0/90f17f6be0c6388e,4,200,5484560,44.069,19528.950,280843
1787856569218,3dcb2650-c25b-4abb-2cf4-d7897712e3a3,/p/6/9a2ef9e3b12dbb8c,1,200,4437601,324.627,21744.432,204080
1787856566966,52d8c071-eefb-9ce5-6e83-0a62ce771785,/p/10/8df0b9e7358095fb,8,200,4338654,463.939,24474.242,177274
1787856583830,2a2c0145-8eb4-b3f9-737b-b29b1d4a0eb8,/p/3/93a3eac8e59aa72f,7,200,398652,394.651,7769.259,51311
1787856590963,3dcb2650-c25b-4abb-2cf4-d7897712e3a3,/p/0/46c4cec5369ecc06,2,200,150899,36.930,975.321,154717
1787856590963,3dcb2650-c25b-4abb-2cf4-d7897712e3a3,/p/0/46c4cdc5369eca53,2,200,359009,128.271,2146.093,167285
1787856590963,3dcb2650-c25b-4abb-2cf4-d7897712e3a3,/p/5/46c4cfc5369ecdb9,2,200,409787,148.190,2328.992,175950
1787856593292,3dcb2650-c25b-4abb-2cf4-d7897712e3a3,/p/4/432537088c85e147,3,200,14996,37.646,76.091,197081
1787856566966,52d8c071-eefb-9ce5-6e83-0a62ce771785,/p/0/8df0bbe735809961,8,200,4331509,492.915,26849.443,161326
1787856535818,d7c9c727-c140-24e7-843f-b51060c538a1,/p/0/b48fa017219ef66b,8,200,3862987,396.312,58499.107,66035
1787856593292,3dcb2650-c25b-4abb-2cf4-d7897712e3a3,/p/0/432536088c85df94,3,200,162240,93.678,2184.837,74257
1787856593292,3dcb2650-c25b-4abb-2cf4-d7897712e3a3,/p/0/432539088c85e4ad,3,200,223814,76.178,2205.425,101483
1787856591440,52d8c071-eefb-9ce5-6e83-0a62ce771785,/p/0/a718c22350e3e773,9,200,236299,308.737,4442.172,53194
1787856518342,3e92bd4e-aba7-1de2-795d-65a4c67da03b,/p/0/cf7e6ad38e6d23ce,5,200,6106252,349.545,78065.286,78220
1787856591440,52d8c071-eefb-9ce5-6e83-0a62ce771785,/p/0/a718c32350e3e926,9,200,266600,371.411,5087.544,52402
1787856591440,52d8c071-eefb-9ce5-6e83-0a62ce771785,/p/9/a718c42350e3ead9,9,200,314861,308.690,5208.911,60447
1787856518342,3e92bd4e-aba7-1de2-795d-65a4c67da03b,/p/0/cf7e68d38e6d2068,5,200,5634853,384.075,79273.774,71081
1787856593368,3dcb2650-c25b-4abb-2cf4-d7897712e3a3,/p/0/159778906cd791b6,4,200,453741,197.087,4381.471,103559
1787856591599,2a2c0145-8eb4-b3f9-737b-b29b1d4a0eb8,/p/0/ebeebfb4b9bef24b,8,200,228674,396.444,6429.254,35568
1787856513921,3e92bd4e-aba7-1de2-795d-65a4c67da03b,/p/0/b51b37366cbde25c,4,200,5829092,601.290,84183.604,69243
1787856551218,4247d30b-6b75-9d97-c3f4-3e6bd740d5ea,/p/0/6fdf15b2c0c39be2,7,200,3796578,289.399,47044.323,80702
1787856512681,d7c9c727-c140-24e7-843f-b51060c538a1,/p/0/f0ec79c815da5c2b,4,200,5530264,509.481,88423.402,62543
1787856535818,d7c9c727-c140-24e7-843f-b51060c538a1,/p/1/b48f9f17219ef4b8,8,200,5035015,555.877,65758.343,76568
1787856591599,2a2c0145-8eb4-b3f9-737b-b29b1d4a0eb8,/p/0/ebeec0b4b9bef3fe,8,200,511812,396.467,10054.478,50904
1787856601577,d7c9c727-c140-24e7-843f-b51060c538a1,/p/0/eb5a8f5ffd64611,9,200,64105,116.465,897.823,71400
1787856601577,d7c9c727-c140-24e7-843f-b51060c538a1,/p/0/eb5a5f5ffd640f8,9,200,90382,78.175,1250.311,72288
1787856601577,d7c9c727-c140-24e7-843f-b51060c538a1,/p/0/eb5a7f5ffd6445e,9,200,207857,78.084,1996.272,104123
1787856596649,52d8c071-eefb-9ce5-6e83-0a62ce771785,/p/8/3ff57e1abb03f78f,10,200,420988,305.777,7330.680,57428
1787856596649,52d8c071-eefb-9ce5-6e83-0a62ce771785,/p/0/3ff57d1abb03f5dc,10,200,407870,368.399,8033.296,50772
1787856536570,d3f23b25-f5d0-ccb5-ed79-913091298f2e,/p/0/286d97fcfe20ace6,4,200,3207712,421.529,69108.041,46416
1787856579622,261b4e26-604a-0c50-7d4b-0fbe13507a44,/p/6/ab5402e858497361,4,200,4723677,630.364,26474.775,178422
1787856603980,52d8c071-eefb-9ce5-6e83-0a62ce771785,/p/0/7769ffa14cb912fa,11,200,92612,702.544,2330.638,39737
1787856593368,3dcb2650-c25b-4abb-2cf4-d7897712e3a3,/p/0/159777906cd79003,4,200,2393455,178.648,14267.620,167754
1787856551218,4247d30b-6b75-9d97-c3f4-3e6bd740d5ea,/p/2/6fdf16b2c0c39d95,7,200,4416168,327.628,56620.495,77996
1787856603980,52d8c071-eefb-9ce5-6e83-0a62ce771785,/p/0/7769fea14cb91147,11,200,215482,306.196,4141.871,52025
1787856606097,261b4e26-604a-0c50-7d4b-0fbe13507a44,/p/0/ff2fcfc91b917856,5,200,191808,62.085,2665.218,71967
1787856607839,4247d30b-6b75-9d97-c3f4-3e6bd740d5ea,/p/0/99582d4cd1637301,8,200,52378,213.655,1150.361,45532
1787856522768,d3f23b25-f5d0-ccb5-ed79-913091298f2e,/p/0/4c8846e5c4829a42,2,200,4454667,72.205,86395.210,51562
1787856606097,261b4e26-604a-0c50-7d4b-0fbe13507a44,/p/0/ff2fcec91b9176a3,5,200,372943,62.198,3999.239,93253
1787856606097,261b4e26-604a-0c50-7d4b-0fbe13507a44,/p/5/ff2fd0c91b917a09,5,200,456385,91.422,4259.443,107147
1787856527817,d3f23b25-f5d0-ccb5-ed79-913091298f2e,/p/0/9199fe6cbc302599,3,0,4143187,356.646,83368.336,49697
1787856536570,d3f23b25-f5d0-ccb5-ed79-913091298f2e,/p/6/286d98fcfe20ae99,4,0,3828119,421.542,74614.977,51305
1787856607839,4247d30b-6b75-9d97-c3f4-3e6bd740d5ea,/p/1/99582c4cd163714e,8,200,209216,193.995,3358.583,62293
1787856543883,4247d30b-6b75-9d97-c3f4-3e6bd740d5ea,/p/0/9f1768b10dcaf9f0,5,200,5352345,215.396,67764.312,78985
1787856603980,52d8c071-eefb-9ce5-6e83-0a62ce771785,/p/7/776a00a14cb914ad,11,200,475191,306.159,7860.696,60452
1787856610357,261b4e26-604a-0c50-7d4b-0fbe13507a44,/p/0/914ccbc1b8c90792,6,200,160609,150.599,1872.019,85795
1787856607838,4247d30b-6b75-9d97-c3f4-3e6bd740d5ea,/p/0/99582a4cd1636de8,8,200,346117,213.908,5253.730,65880
1787856593368,3dcb2650-c25b-4abb-2cf4-d7897712e3a3,/p/3/159776906cd78e50,4,200,4573733,197.063,20113.861,227392
1787856610357,261b4e26-604a-0c50-7d4b-0fbe13507a44,/p/4/914cc9c1b8c9042c,6,200,478646,61.915,4691.406,102026
1787856540626,4247d30b-6b75-9d97-c3f4-3e6bd740d5ea,/p/0/406203fd7638ccfe,3,200,5874686,116.749,74589.593,78760
1787856611197,4247d30b-6b75-9d97-c3f4-3e6bd740d5ea,/p/0/64d5cc2870aaf023,9,200,284669,195.757,4328.596,65765
1787856611841,52d8c071-eefb-9ce5-6e83-0a62ce771785,/p/0/b09b4cb4f159addf,12,200,207884,338.281,4035.414,51515
1787856613482,3dcb2650-c25b-4abb-2cf4-d7897712e3a3,/p/0/cf11c65754f4d2c4,5,200,331327,57.548,2481.526,133517
1787856613482,3dcb2650-c25b-4abb-2cf4-d7897712e3a3,/p/2/cf11c85754f4d62a,5,200,369749,37.706,2577.266,143466
1787856611197,4247d30b-6b75-9d97-c3f4-3e6bd740d5ea,/p/0/64d5cb2870aaee70,9,200,419830,195.729,5071.291,82786
1787856611647,4247d30b-6b75-9d97-c3f4-3e6bd740d5ea,/p/0/64d5cd2870aaf1d6,9,200,459203,234.153,5262.974,87252
1787856562572,52d8c071-eefb-9ce5-6e83-0a62ce771785,/p/0/8400180238a16535,6,200,6247532,275.665,54400.572,114843
1787856551218,4247d30b-6b75-9d97-c3f4-3e6bd740d5ea,/p/0/6fdf14b2c0c39a2f,7,200,5341449,212.543,65906.225,81046
1787856613482,3dcb2650-c25b-4abb-2cf4-d7897712e3a3,/p/0/cf11c95754f4d7dd,5,200,498078,185.786,3911.412,127340
1787856615048,261b4e26-604a-0c50-7d4b-0fbe13507a44,/p/0/9a5c754a472a4caf,7,200,207933,309.324,4402.510,47231
1787856611841,52d8c071-eefb-9ce5-6e83-0a62ce771785,/p/6/b09b4eb4f159b145,12,200,488280,308.129,7975.501,61222
1787856616059,3dcb2650-c25b-4abb-2cf4-d7897712e3a3,/p/0/424e8d8288a542a3,6,200,491620,224.809,4190.588,117315
1787856619816,52d8c071-eefb-9ce5-6e83-0a62ce771785,/p/0/fad0c1e86f773a4a,13,200,121269,370.285,2601.850,46609
1787856619816,52d8c071-eefb-9ce5-6e83-0a62ce771785,/p/0/fad0c0e86f773897,13,200,111127,339.816,2911.980,38162
1787856615048,261b4e26-604a-0c50-7d4b-0fbe13507a44,/p/3/9a5c774a472a5015,7,200,508693,309.328,8528.834,59644
1787856619816,52d8c071-eefb-9ce5-6e83-0a62ce771785,/p/5/fad0bfe86f7736e4,13,200,390485,308.311,5816.272,67137
1787856572455,2a2c0145-8eb4-b3f9-737b-b29b1d4a0eb8,/p/0/17bf9b4fe1e2a68,4,200,3208261,1065.625,53752.776,59685
1787856623577,261b4e26-604a-0c50-7d4b-0fbe13507a44,/p/0/e0cf9da1df1a022b,8,200,359787,360.048,8834.219,40727
1787856625633,52d8c071-eefb-9ce5-6e83-0a62ce771785,/p/0/72bcf76863091c37,14,200,309190,647.485,7244.285,42681
1787856584475,2a2c0145-8eb4-b3f9-737b-b29b1d4a0eb8,/p/0/93a3ecc8e59aaa95,7,200,4495620,397.589,48816.058,92093
1787856591599,2a2c0145-8eb4-b3f9-737b-b29b1d4a0eb8,/p/2/ebeec1b4b9bef5b1,8,200,4925051,435.054,41728.018,118027
1787856623577,261b4e26-604a-0c50-7d4b-0fbe13507a44,/p/0/e0cf9ea1df1a03de,8,200,475422,298.171,9981.647,47630
1787856633327,2a2c0145-8eb4-b3f9-737b-b29b1d4a0eb8,/p/0/76f4cefa0c81e408,9,200,228456,315.907,321.826,709873
1787856633327,2a2c0145-8eb4-b3f9-737b-b29b1d4a0eb8,/p/1/76f4d0fa0c81e76e,9,200,290300,315.917,323.515,897331
1787856633327,2a2c0145-8eb4-b3f9-737b-b29b1d4a0eb8,/p/0/76f4d1fa0c81e921,9,200,479700,2.489,334.184,1435438
1787856633651,2a2c0145-8eb4-b3f9-737b-b29b1d4a0eb8,/p/0/198cbec85cdeccd9,10,200,120375,10.603,18.620,6464909
1787856633651,2a2c0145-8eb4-b3f9-737b-b29b1d4a0eb8,/p/0/198cbbc85cdec7c0,10,200,136007,10.694,18.633,7299428
1787856633651,2a2c0145-8eb4-b3f9-737b-b29b1d4a0eb8,/p/0/198cbcc85cdec973,10,200,236733,10.676,20.191,11724692
1787856616059,3dcb2650-c25b-4abb-2cf4-d7897712e3a3,/p/0/424e8e8288a54456,6,200,3162611,188.150,18169.091,174065
1787856625633,52d8c071-eefb-9ce5-6e83-0a62ce771785,/p/4/72bcf66863091a84,14,200,470181,556.196,10465.260,44928
1787856625633,52d8c071-eefb-9ce5-6e83-0a62ce771785,/p/0/72bcf86863091dea,14,200,443293,496.298,10496.493,42232
1787856616059,3dcb2650-c25b-4abb-2cf4-d7897712e3a3,/p/1/424e8f8288a54609,6,200,4415863,205.219,21556.342,204852
1787856637615,3dcb2650-c25b-4abb-2cf4-d7897712e3a3,/p/0/845da517f913596c,7,200,193333,38.593,1093.053,176874
1787856637615,3dcb2650-c25b-4abb-2cf4-d7897712e3a3,/p/0/845da617f9135b1f,7,200,226802,151.015,1631.557,139010
1787856637615,3dcb2650-c25b-4abb-2cf4-d7897712e3a3,/p/0/845da717f9135cd2,7,200,5614929,132.610,3474.024,1616261
1787856636098,52d8c071-eefb-9ce5-6e83-0a62ce771785,/p/3/96e2a2e872737575,15,200,404183,369.694,9171.702,44068
1787856636098,52d8c071-eefb-9ce5-6e83-0a62ce771785,/p/0/96e2a0e87273720f,15,200,414867,339.094,9387.461,44194
1787856645270,52d8c071-eefb-9ce5-6e83-0a62ce771785,/p/0/48a061b92ec4b2a2,16,200,120072,371.327,3167.097,37912
1787856611841,52d8c071-eefb-9ce5-6e83-0a62ce771785,/p/0/b09b4db4f159af92,12,200,2214884,338.234,37508.618,59050
1787856645270,52d8c071-eefb-9ce5-6e83-0a62ce771785,/p/2/48a062b92ec4b455,16,200,363219,339.176,4088.938,88830
1787856645485,52d8c071-eefb-9ce5-6e83-0a62ce771785,/p/0/48a060b92ec4b0ef,16,200,480045,310.696,4231.078,113457
1787856649359,52d8c071-eefb-9ce5-6e83-0a62ce771785,/p/0/3a12807bb13e220,17,200,80231,441.163,471.603,170124
1787856649359,52d8c071-eefb-9ce5-6e83-0a62ce771785,/p/0/3a12b07bb13e739,17,200,282001,441.365,514.846,547739
1787856636098,52d8c071-eefb-9ce5-6e83-0a62ce771785,/p/0/96e2a1e8727373c2,15,200,2336008,339.043,14085.655,165843
1787856596649,52d8c071-eefb-9ce5-6e83-0a62ce771785,/p/0/3ff5801abb03faf5,10,200,4675250,305.831,53552.946,87301
1787856649359,52d8c071-eefb-9ce5-6e83-0a62ce771785,/p/1/3a12907bb13e3d3,17,200,2337635,441.358,861.658,2712950
1787856650221,52d8c071-eefb-9ce5-6e83-0a62ce771785,/p/0/83f936d87f9be358,18,200,122306,1070.478,2629.302,46517
1787856610357,261b4e26-604a-0c50-7d4b-0fbe13507a44,/p/0/914ccac1b8c905df,6,0,3625187,209.643,42828.092,84645
1787856623577,261b4e26-604a-0c50-7d4b-0fbe13507a44,/p/2/e0cf9ca1df1a0078,8,0,2485994,328.360,29607.799,83964
1787856615048,261b4e26-604a-0c50-7d4b-0fbe13507a44,/p/0/9a5c764a472a4e62,7,0,3083363,338.097,38136.674,80850
1787856650221,52d8c071-eefb-9ce5-6e83-0a62ce771785,/p/0/83f938d87f9be6be,18,200,354000,1070.502,4636.815,76346
1787856560977,e5400e04-7477-8a67-1337-3a673c0bd1d7,/p/5/dfeff9caf35cd953,1,0,2948999,1667.682,95208.111,30974
1787856560977,e5400e04-7477-8a67-1337-3a673c0bd1d7,/p/0/dfeff8caf35cd7a0,1,0,3004971,485.479,95208.090,31562
1787856650221,52d8c071-eefb-9ce5-6e83-0a62ce771785,/p/0/83f937d87f9be50b,18,0,2653955,1131.247,14964.699,177348
