t_start_ms,client,path,depth,status,bytes,ttfb_ms,total_ms,bytes_per_s
1787803196197,34b69e21-870e-7b51-cd5c-c6d7ebc990e9,/?crawl=1,0,200,428359,30.560,845.927,506378
1787803197197,161b30d4-dbe2-5052-5dcb-0f971f676399,/?crawl=3,0,200,174981,21.657,247.565,706809
1787803197043,34b69e21-870e-7b51-cd5c-c6d7ebc990e9,/p/2/7f495002caaea5ed,1,200,144912,81.536,794.092,182488
1787803197043,34b69e21-870e-7b51-cd5c-c6d7ebc990e9,/p/0/7f494e02caaea287,1,200,138427,54.991,935.435,147981
1787803196197,3e340235-a476-afef-4a40-4f38df10a537,/?crawl=0,0,200,339781,76.510,1784.606,190395
1787803197197,e6643b89-1dd1-2310-bf50-2a904aaa6e86,/?crawl=2,0,200,216354,52.912,799.282,270686
1787803197444,161b30d4-dbe2-5052-5dcb-0f971f676399,/p/0/5874a747a178bd2d,1,200,197932,19.895,659.948,299921
1787803197444,161b30d4-dbe2-5052-5dcb-0f971f676399,/p/0/5874a447a178b814,1,200,365297,80.183,1143.952,319329
1787803197043,34b69e21-870e-7b51-cd5c-c6d7ebc990e9,/p/0/7f494f02caaea43a,1,200,293707,27.342,1748.267,167999
1787803197444,161b30d4-dbe2-5052-5dcb-0f971f676399,/p/3/5874a547a178b9c7,1,200,509165,80.179,1428.980,356314
1787803197996,e6643b89-1dd1-2310-bf50-2a904aaa6e86,/p/0/c50a51ea0cddc71a,1,200,121158,181.211,1371.580,88335
1787803198873,161b30d4-dbe2-5052-5dcb-0f971f676399,/p/2/f31fea218144672f,2,200,485076,20.208,1802.200,269158
1787803200676,161b30d4-dbe2-5052-5dcb-0f971f676399,/p/0/bc0c70547536d455,3,200,31386,121.214,350.862,89454
1787803197996,e6643b89-1dd1-2310-bf50-2a904aaa6e86,/p/0/c50a50ea0cddc567,1,200,366648,131.089,3141.398,116715
1787803197996,e6643b89-1dd1-2310-bf50-2a904aaa6e86,/p/1/c50a4fea0cddc3b4,1,200,423749,53.106,3215.520,131782
1787803200197,a3113622-153a-4853-9f4b-e682800ffcd5,/?crawl=4,0,200,201501,77.534,1046.657,192519
1787803201197,553b9ccc-860b-52b9-85ef-0d28103041fa,/?crawl=6,0,200,45942,36.138,120.873,380085
1787803200675,161b30d4-dbe2-5052-5dcb-0f971f676399,/p/0/bc0c6d547536cf3c,3,200,87158,100.932,665.315,131003
1787803201197,ed42c88f-4aa9-7d0f-7e68-53c544c4dfb3,/?crawl=7,0,200,56756,58.076,252.116,225119
1787803201449,ed42c88f-4aa9-7d0f-7e68-53c544c4dfb3,/p/0/acb51d14f0ce4e1,1,200,10437,55.283,83.419,125115
1787803197982,3e340235-a476-afef-4a40-4f38df10a537,/p/0/ebdefba53613b18d,1,200,257456,77.126,3800.006,67751
1787803201197,452971bf-e875-1435-2f47-7f6c6fe20dea,/?crawl=8,0,200,175181,51.491,621.369,281928
1787803201318,553b9ccc-860b-52b9-85ef-0d28103041fa,/p/0/7760fb73ba71ed1b,1,200,88843,32.838,526.405,168773
1787803201318,553b9ccc-860b-52b9-85ef-0d28103041fa,/p/0/7760fc73ba71eece,1,200,203215,175.617,1325.500,153312
1787803201318,553b9ccc-860b-52b9-85ef-0d28103041fa,/p/3/7760fa73ba71eb68,1,200,477895,32.828,1529.976,312355
1787803201244,a3113622-153a-4853-9f4b-e682800ffcd5,/p/0/9e35a62ee3a7d941,1,200,121254,75.417,1605.505,75524
1787803202848,553b9ccc-860b-52b9-85ef-0d28103041fa,/p/2/77757d36acfce723,2,200,17499,2.345,2.939,5953981
1787803202848,553b9ccc-860b-52b9-85ef-0d28103041fa,/p/0/77757f36acfcea89,2,200,29531,2.429,3.091,9554506
1787803201212,e6643b89-1dd1-2310-bf50-2a904aaa6e86,/p/0/e8863d11efa7e3b2,2,200,209838,50.027,1672.865,125436
1787803201197,9fdb75b2-e53e-03fe-6b2c-ae349e1d4f9c,/?crawl=5,0,200,430217,63.368,1829.243,235189
1787803202197,b93bd898-c1c5-1dfb-d880-2d01ea6e3184,/?crawl=9,0,200,374828,37.601,916.581,408941
1787803201212,e6643b89-1dd1-2310-bf50-2a904aaa6e86,/p/0/e8863b11efa7e04c,2,200,200603,253.432,1980.243,101302
1787803202848,553b9ccc-860b-52b9-85ef-0d28103041fa,/p/0/77757c36acfce570,2,200,472450,3.112,416.163,1135251
1787803202851,553b9ccc-860b-52b9-85ef-0d28103041fa,/p/1/c88446e088c7df71,3,200,161383,407.629,413.934,389876
1787803202851,553b9ccc-860b-52b9-85ef-0d28103041fa,/p/0/c88445e088c7ddbe,3,200,206233,407.630,415.776,496019
1787803197982,3e340235-a476-afef-4a40-4f38df10a537,/p/1/ebdefaa53613afda,1,200,381670,230.867,5621.697,67892
1787803201449,ed42c88f-4aa9-7d0f-7e68-53c544c4dfb3,/p/0/acb4fd14f0ce17b,1,200,311799,111.266,2275.462,137027
1787803203603,3e340235-a476-afef-4a40-4f38df10a537,/p/0/928700abba78355f,2,200,7853,380.072,455.556,17238
1787803204197,28cc50e5-3465-4b99-2b80-02383cb906cd,/?crawl=12,0,200,44359,25.480,79.664,556825
1787803204276,28cc50e5-3465-4b99-2b80-02383cb906cd,/p/0/c2fd8c056d07fe07,1,200,45497,20.911,86.564,525585
1787803201449,ed42c88f-4aa9-7d0f-7e68-53c544c4dfb3,/p/0/acb4ed14f0cdfc8,1,200,457032,83.325,3024.849,151092
1787803201212,e6643b89-1dd1-2310-bf50-2a904aaa6e86,/p/0/e8863c11efa7e1ff,2,200,511793,227.662,3322.045,154060
1787803201819,452971bf-e875-1435-2f47-7f6c6fe20dea,/p/0/508c50b8913c00f5,1,200,239464,49.967,2900.772,82552
1787803203265,553b9ccc-860b-52b9-85ef-0d28103041fa,/p/0/b310c0b95819ac25,4,200,132319,551.542,1837.503,72010
1787803201819,452971bf-e875-1435-2f47-7f6c6fe20dea,/p/8/508c4fb8913bff42,1,200,342045,50.014,3494.127,97891
1787803203603,3e340235-a476-afef-4a40-4f38df10a537,/p/0/928701abba783712,2,200,78181,416.773,1775.217,44040
1787803204276,28cc50e5-3465-4b99-2b80-02383cb906cd,/p/0/c2fd8d056d07ffba,1,200,373483,86.435,1212.813,307948
1787803201244,a3113622-153a-4853-9f4b-e682800ffcd5,/p/0/9e35a52ee3a7d78e,1,200,358342,260.841,4270.781,83906
1787803203113,b93bd898-c1c5-1dfb-d880-2d01ea6e3184,/p/0/e3f6a41625d6f3a2,1,200,345850,88.203,2498.581,138419
1787803201244,a3113622-153a-4853-9f4b-e682800ffcd5,/p/0/9e35a32ee3a7d428,1,200,404616,185.050,4796.312,84360
1787803205197,0749ca82-1e65-8f0a-ba8a-b79b9d25deac,/?crawl=13,0,200,189286,89.614,1148.810,164767
1787803206198,e74dc3e9-9b81-1c67-b868-f59eb1ef8038,/?crawl=14,0,200,102706,43.254,293.045,350478
1787803205313,452971bf-e875-1435-2f47-7f6c6fe20dea,/p/0/1e712e84d5666890,2,200,75744,486.095,1380.321,54874
1787803206491,e74dc3e9-9b81-1c67-b868-f59eb1ef8038,/p/0/4e7f8cd3f1663b48,1,200,72451,38.981,318.900,227190
1787803203265,553b9ccc-860b-52b9-85ef-0d28103041fa,/p/0/b310bdb95819a70c,4,200,418646,483.803,3980.480,105175
1787803203603,3e340235-a476-afef-4a40-4f38df10a537,/p/0/9286ffabba7833ac,2,200,267056,455.589,3743.000,71348
1787803207197,1ff3bcd1-0da7-cd02-1374-522545639cba,/?crawl=15,0,200,253138,16.156,214.601,1179575
1787803207411,1ff3bcd1-0da7-cd02-1374-522545639cba,/p/0/bb153a765ccb4a4e,1,200,130243,61.951,348.250,373993
1787803205313,452971bf-e875-1435-2f47-7f6c6fe20dea,/p/0/1e713184d5666da9,2,200,264543,486.067,3179.183,83211
1787803207197,63c575a9-d481-947a-51d7-c87f17963167,/?crawl=16,0,200,416840,60.980,1457.625,285972
1787803208197,0478c1ea-68e1-75c7-cddd-a5d083df15bb,/?crawl=17,0,200,279501,38.584,707.186,395230
1787803208904,0478c1ea-68e1-75c7-cddd-a5d083df15bb,/p/0/e1e9e13186012fa8,1,200,63235,36.082,397.711,158997
1787803209197,3281b132-3631-e78d-6f4e-faac523fc3a0,/?crawl=18,0,200,93626,23.710,135.747,689711
1787803206491,e74dc3e9-9b81-1c67-b868-f59eb1ef8038,/p/13/4e7f8dd3f1663cfb,1,200,492286,153.548,2952.578,166731
1787803209332,3281b132-3631-e78d-6f4e-faac523fc3a0,/p/3/d6385d9efa64af,1,200,94642,103.064,508.215,186224
1787803205313,452971bf-e875-1435-2f47-7f6c6fe20dea,/p/7/1e713084d5666bf6,2,200,422624,486.034,4739.435,89172
1787803203197,8992b43b-4174-a0c1-16dc-9bd47c511dd8,/?crawl=10,0,200,3638840,22.797,7352.113,494938
1787803198873,161b30d4-dbe2-5052-5dcb-0f971f676399,/p/0/f31fec2181446a95,2,200,2997076,29.937,11798.977,254012
1787803209332,3281b132-3631-e78d-6f4e-faac523fc3a0,/p/0/d63a5d9efa6815,1,200,342741,21.958,1500.670,228392
1787803210197,ed827d04-f232-b34f-a621-d4ff29686646,/?crawl=21,0,200,163763,58.909,676.621,242031
1787803208904,0478c1ea-68e1-75c7-cddd-a5d083df15bb,/p/0/e1e9e431860134c1,1,200,403049,89.992,2053.052,196317
1787803208904,0478c1ea-68e1-75c7-cddd-a5d083df15bb,/p/3/e1e9e3318601330e,1,200,403277,180.477,2181.464,184865
1787803197837,34b69e21-870e-7b51-cd5c-c6d7ebc990e9,/p/0/6c7444d39f053166,2,200,2406683,141.247,13522.730,177973
1787803210549,8992b43b-4174-a0c1-16dc-9bd47c511dd8,/p/0/9c28e54a43d218ad,1,200,197803,29.315,914.084,216395
1787803209444,e74dc3e9-9b81-1c67-b868-f59eb1ef8038,/p/12/2059daba701f765b,2,200,151430,272.223,2130.003,71094
1787803209444,e74dc3e9-9b81-1c67-b868-f59eb1ef8038,/p/0/2059d9ba701f74a8,2,200,246754,218.328,2150.964,114718
1787803198873,161b30d4-dbe2-5052-5dcb-0f971f676399,/p/0/f31fe9218144657c,2,200,3435019,29.911,13275.673,258745
1787803211574,e74dc3e9-9b81-1c67-b868-f59eb1ef8038,/p/0/e30b01233a62e9f9,3,200,28191,231.931,596.638,47250
1787803210197,ba000cd4-e548-1dc6-ed04-22483848222c,/?crawl=22,0,200,381516,52.079,2008.391,189961
1787803209841,3281b132-3631-e78d-6f4e-faac523fc3a0,/p/2/a4f0d44f7ac2882e,2,200,373296,120.595,2406.407,155126
1787803212197,5d605fca-a4ff-8fee-584e-47beb8f0c9b4,/?crawl=25,0,200,53759,19.579,73.363,732785
1787803203197,63feb0eb-2564-8058-5024-1e4cb93e9190,/?crawl=11,0,200,4393792,34.546,9237.561,475644
1787803211574,e74dc3e9-9b81-1c67-b868-f59eb1ef8038,/p/11/e30b00233a62e846,3,200,72945,193.459,904.762,80623
1787803210873,ed827d04-f232-b34f-a621-d4ff29686646,/p/0/9dc3d485946060c5,1,200,133453,295.342,1669.959,79914
1787803211574,e74dc3e9-9b81-1c67-b868-f59eb1ef8038,/p/0/e30afe233a62e4e0,3,200,72564,231.995,978.029,74194
1787803212205,ba000cd4-e548-1dc6-ed04-22483848222c,/p/0/312e25e328fb500c,1,200,48041,49.372,379.745,126509
1787803209841,3281b132-3631-e78d-6f4e-faac523fc3a0,/p/0/a4f0d24f7ac284c8,2,200,433631,100.146,2762.766,156955
1787803212247,3281b132-3631-e78d-6f4e-faac523fc3a0,/p/0/e280f72fd1470076,3,200,53102,103.128,404.901,131148
1787803210549,8992b43b-4174-a0c1-16dc-9bd47c511dd8,/p/0/9c28e24a43d21394,1,200,484523,144.868,2153.382,225006
1787803211197,fd5674f4-7e92-846e-8aca-195ffeced01e,/?crawl=23,0,200,479752,50.507,1576.082,304395
1787803202851,553b9ccc-860b-52b9-85ef-0d28103041fa,/p/0/c88444e088c7dc0b,3,200,2181335,408.363,9941.902,219408
1787803207411,1ff3bcd1-0da7-cd02-1374-522545639cba,/p/0/bb1539765ccb489b,1,200,3127900,11.308,5450.004,573926
1787803211085,0478c1ea-68e1-75c7-cddd-a5d083df15bb,/p/0/d6ca26eaec9be3bb,2,200,243600,197.199,1933.042,126019
1787803212205,ba000cd4-e548-1dc6-ed04-22483848222c,/p/0/312e28e328fb5525,1,200,115159,201.870,968.437,118912
1787803212773,fd5674f4-7e92-846e-8aca-195ffeced01e,/p/0/c4987c40bd9647d2,1,200,313190,2.249,428.619,730696
1787803212773,fd5674f4-7e92-846e-8aca-195ffeced01e,/p/3/c4987d40bd964985,1,200,313812,2.331,429.106,731316
1787803212773,fd5674f4-7e92-846e-8aca-195ffeced01e,/p/0/c4987b40bd96461f,1,200,330016,2.410,429.625,768149
1787803212434,63feb0eb-2564-8058-5024-1e4cb93e9190,/p/6/8be8decaf371f34,1,200,131833,109.265,932.044,141445
1787803207411,1ff3bcd1-0da7-cd02-1374-522545639cba,/p/10/bb1538765ccb46e8,1,200,4106896,80.710,6078.162,675681
1787803210873,ed827d04-f232-b34f-a621-d4ff29686646,/p/0/9dc3d18594605bac,1,200,296073,57.896,2693.116,109937
1787803212478,e74dc3e9-9b81-1c67-b868-f59eb1ef8038,/p/10/66e9600c0de4b787,4,200,84736,264.353,1322.356,64080
1787803213202,fd5674f4-7e92-846e-8aca-195ffeced01e,/p/0/a02e33edd5666543,2,200,208380,2.580,632.445,329483
1787803213202,fd5674f4-7e92-846e-8aca-195ffeced01e,/p/0/a02e34edd56666f6,2,200,453965,1.977,635.819,713985
1787803213197,fe9f5242-1dee-d8c5-2769-78aba5955fb8,/?crawl=28,0,200,286360,40.762,733.975,390149
1787803210873,ed827d04-f232-b34f-a621-d4ff29686646,/p/0/9dc3d28594605d5f,1,200,348179,324.534,3158.520,110235
1787803210052,452971bf-e875-1435-2f47-7f6c6fe20dea,/p/0/3792e4aa8682a89c,3,200,245122,342.205,4097.680,59820
1787803204276,28cc50e5-3465-4b99-2b80-02383cb906cd,/p/1/c2fd8e056d08016d,1,200,6079367,86.510,9969.842,609776
1787803213490,1ff3bcd1-0da7-cd02-1374-522545639cba,/p/0/daf1cf7ff8aec429,2,200,269936,72.787,807.411,334323
1787803212205,ba000cd4-e548-1dc6-ed04-22483848222c,/p/0/312e27e328fb5372,1,200,430256,152.633,2101.349,204752
1787803214246,28cc50e5-3465-4b99-2b80-02383cb906cd,/p/0/1af64c81ce9ddb1d,2,200,14266,23.210,76.760,185852
1787803213489,1ff3bcd1-0da7-cd02-1374-522545639cba,/p/0/daf1cc7ff8aebf10,2,200,413788,13.457,867.603,476933
1787803214197,d8034ba6-4789-5f97-4360-1ea481a9ca9b,/?crawl=29,0,200,350234,11.496,241.536,1450028
1787803210052,452971bf-e875-1435-2f47-7f6c6fe20dea,/p/0/3792e7aa8682adb5,3,200,419759,316.866,4419.493,94979
1787803214438,d8034ba6-4789-5f97-4360-1ea481a9ca9b,/p/0/39167c7239380c44,1,200,82454,15.685,125.216,658492
1787803206345,0749ca82-1e65-8f0a-ba8a-b79b9d25deac,/p/15/2f9338a7d86d0b5a,1,200,501123,88.002,8436.491,59399
1787803212434,63feb0eb-2564-8058-5024-1e4cb93e9190,/p/0/8be8fecaf37229a,1,200,329130,31.072,2692.791,122226
1787803214246,28cc50e5-3465-4b99-2b80-02383cb906cd,/p/0/1af64981ce9dd604,2,200,373173,23.291,1058.274,352624
1787803212247,3281b132-3631-e78d-6f4e-faac523fc3a0,/p/1/e280f52fd146fd10,3,200,451877,103.111,3117.783,144935
1787803213366,63feb0eb-2564-8058-5024-1e4cb93e9190,/p/5/43bc1612a805cedf,2,200,212024,214.951,2050.309,103411
1787803213931,fe9f5242-1dee-d8c5-2769-78aba5955fb8,/p/0/a5ac2a14a49d1b4a,1,200,257923,37.640,1550.017,166400
1787803200675,161b30d4-dbe2-5052-5dcb-0f971f676399,/p/1/bc0c6f547536d2a2,3,200,5627805,100.960,14821.048,379717
1787803209197,6ecd8cf8-f9e4-22fd-ee79-91329d872865,/?crawl=19,0,200,3882478,25.852,6529.089,594643
1787803213366,63feb0eb-2564-8058-5024-1e4cb93e9190,/p/0/43bc1812a805d245,2,200,205020,214.984,2663.248,76981
1787803206345,0749ca82-1e65-8f0a-ba8a-b79b9d25deac,/p/0/2f9336a7d86d07f4,1,200,510897,254.667,9689.118,52729
1787803215497,161b30d4-dbe2-5052-5dcb-0f971f676399,/p/0/b74763373d29667b,4,200,151809,31.018,885.634,171413
1787803213801,e74dc3e9-9b81-1c67-b868-f59eb1ef8038,/p/9/85b840dab4ace62a,5,200,139431,207.736,2663.534,52348
1787803213931,fe9f5242-1dee-d8c5-2769-78aba5955fb8,/p/12/a5ac2814a49d17e4,1,200,410851,219.675,2557.323,160657
1787803215417,63feb0eb-2564-8058-5024-1e4cb93e9190,/p/4/f2e85ca86133d7a0,3,200,58297,167.701,1104.116,52800
1787803215365,3281b132-3631-e78d-6f4e-faac523fc3a0,/p/0/924b6b83966a9e92,4,200,152539,108.970,1167.056,130704
1787803215497,161b30d4-dbe2-5052-5dcb-0f971f676399,/p/0/b74765373d2969e1,4,200,335449,49.258,1468.318,228458
1787803215497,161b30d4-dbe2-5052-5dcb-0f971f676399,/p/0/b74764373d29682e,4,200,395693,162.684,1499.374,263905
1787803215197,29a6f688-2430-d1d8-66fa-7a8c858c2805,/?crawl=31,0,200,502144,55.120,1941.447,258644
1787803201819,452971bf-e875-1435-2f47-7f6c6fe20dea,/p/0/508c4db8913bfbdc,1,200,5290288,100.496,15452.841,342351
1787803215365,3281b132-3631-e78d-6f4e-faac523fc3a0,/p/0/924b6c83966aa045,4,200,196667,100.238,1958.282,100428
1787803214782,0749ca82-1e65-8f0a-ba8a-b79b9d25deac,/p/14/a0c121534132ac98,2,200,75937,415.346,2713.966,27980
1787803217138,29a6f688-2430-d1d8-66fa-7a8c858c2805,/p/0/fcdef48081d955e2,1,200,24271,164.590,389.600,62297
1787803214438,d8034ba6-4789-5f97-4360-1ea481a9ca9b,/p/9/39167d7239380df7,1,200,2240689,26.748,3115.095,719300
1787803216521,63feb0eb-2564-8058-5024-1e4cb93e9190,/p/3/6ab17e0ffc671114,4,200,80702,261.843,1158.746,69646
1787803217553,d8034ba6-4789-5f97-4360-1ea481a9ca9b,/p/8/4cd715588c21e05f,2,200,51811,51.271,173.747,298197
1787803217138,29a6f688-2430-d1d8-66fa-7a8c858c2805,/p/0/fcdef58081d95795,1,200,34226,192.258,608.381,56257
1787803210549,8992b43b-4174-a0c1-16dc-9bd47c511dd8,/p/1/9c28e34a43d21547,1,200,3101523,131.890,7263.512,427000
1787803217138,29a6f688-2430-d1d8-66fa-7a8c858c2805,/p/0/fcdef28081d9527c,1,200,178198,55.240,942.545,189060
1787803217680,63feb0eb-2564-8058-5024-1e4cb93e9190,/p/0/6ab1800ffc67147a,4,200,25215,149.408,458.617,54980
1787803218197,331385a9-7318-219a-59f0-3ebce55bbba8,/?crawl=36,0,200,12255,46.649,70.352,174196
1787803211197,c5aa0efa-81cb-c472-cc06-ea5a979bd993,/?crawl=24,0,200,2356356,65.430,7102.361,331771
1787803218299,c5aa0efa-81cb-c472-cc06-ea5a979bd993,/p/0/bcb028b1ad5990b3,1,200,28432,38.192,92.331,307937
1787803215365,3281b132-3631-e78d-6f4e-faac523fc3a0,/p/0/924b6983966a9b2c,4,200,479606,100.160,3048.856,157307
1787803217553,d8034ba6-4789-5f97-4360-1ea481a9ca9b,/p/0/4cd717588c21e3c5,2,200,251300,51.295,863.321,291085
1787803217553,d8034ba6-4789-5f97-4360-1ea481a9ca9b,/p/0/4cd714588c21deac,2,200,212764,51.322,868.599,244951
1787803215417,63feb0eb-2564-8058-5024-1e4cb93e9190,/p/0/f2e85ea86133db06,3,200,259827,167.764,3025.175,85888
1787803217496,0749ca82-1e65-8f0a-ba8a-b79b9d25deac,/p/13/fff7c9fdfee5ac87,3,200,80718,499.575,982.631,82145
1787803217496,0749ca82-1e65-8f0a-ba8a-b79b9d25deac,/p/0/fff7cbfdfee5afed,3,200,209611,539.786,996.519,210343
1787803214782,0749ca82-1e65-8f0a-ba8a-b79b9d25deac,/p/0/a0c123534132affe,2,200,379794,415.426,4017.871,94526
1787803213490,1ff3bcd1-0da7-cd02-1374-522545639cba,/p/9/daf1ce7ff8aec276,2,200,5858500,13.330,5358.483,1093313
1787803217727,d8034ba6-4789-5f97-4360-1ea481a9ca9b,/p/0/c0bd8789a7d76ee5,3,200,345532,50.595,1289.090,268043
1787803213197,09982139-5e76-f214-cc24-4e66c50bbb4e,/?crawl=26,0,200,258138,313.573,5878.180,43915
1787803213801,e74dc3e9-9b81-1c67-b868-f59eb1ef8038,/p/0/85b841dab4ace7dd,5,200,411124,226.639,5276.912,77910
1787803210052,452971bf-e875-1435-2f47-7f6c6fe20dea,/p/6/3792e6aa8682ac02,3,200,6210318,316.902,9083.598,683685
1787803214246,28cc50e5-3465-4b99-2b80-02383cb906cd,/p/0/1af64b81ce9dd96a,2,200,2938020,35.067,4914.266,597855
1787803217727,d8034ba6-4789-5f97-4360-1ea481a9ca9b,/p/7/c0bd8689a7d76d32,3,200,462895,60.930,1449.461,319357
1787803218848,1ff3bcd1-0da7-cd02-1374-522545639cba,/p/0/4d79c23b05096333,3,200,127155,14.290,352.942,360272
1787803217727,d8034ba6-4789-5f97-4360-1ea481a9ca9b,/p/0/c0bd8489a7d769cc,3,200,511210,60.968,1596.512,320204
1787803218299,c5aa0efa-81cb-c472-cc06-ea5a979bd993,/p/0/bcb029b1ad599266,1,200,173214,130.083,1104.654,156804
1787803217812,8992b43b-4174-a0c1-16dc-9bd47c511dd8,/p/0/5b6ca4d17cfeda20,2,200,257263,140.688,1628.275,157997
1787803219177,d8034ba6-4789-5f97-4360-1ea481a9ca9b,/p/0/80b608eddd171e75,4,200,102542,49.943,344.343,297791
1787803218299,c5aa0efa-81cb-c472-cc06-ea5a979bd993,/p/5/bcb027b1ad598f00,1,200,284201,92.304,1246.076,228077
1787803218848,1ff3bcd1-0da7-cd02-1374-522545639cba,/p/0/4d79c33b050964e6,3,200,462564,38.882,819.226,564635
1787803219177,d8034ba6-4789-5f97-4360-1ea481a9ca9b,/p/6/80b607eddd171cc2,4,200,205940,55.604,564.227,364995
1787803219741,d8034ba6-4789-5f97-4360-1ea481a9ca9b,/p/0/2ee4a6d3c5962f16,5,200,62814,51.520,172.945,363202
1787803217197,8cb74705-6b91-38bf-1a7e-0901efe0c132,/?crawl=35,0,200,2714540,17.256,2719.260,998264
1787803217812,8992b43b-4174-a0c1-16dc-9bd47c511dd8,/p/0/5b6ca5d17cfedbd3,2,200,395136,154.790,2238.832,176492
1787803219197,8932535e-9b64-cb37-fd14-1d68673e7fd8,/?crawl=37,0,200,487981,31.509,1020.990,477949
1787803219916,8cb74705-6b91-38bf-1a7e-0901efe0c132,/p/0/af359d0a2f6d7a30,1,200,57628,16.438,318.922,180696
1787803219177,d8034ba6-4789-5f97-4360-1ea481a9ca9b,/p/0/80b605eddd17195c,4,200,468107,49.963,1177.870,397418
1787803219136,452971bf-e875-1435-2f47-7f6c6fe20dea,/p/0/acb955fee764e855,4,200,127334,272.318,1258.731,101161
1787803219136,452971bf-e875-1435-2f47-7f6c6fe20dea,/p/0/acb952fee764e33c,4,200,144849,49.274,1283.756,112832
1787803219545,c5aa0efa-81cb-c472-cc06-ea5a979bd993,/p/4/b26c66d8fdf15490,2,200,178721,39.272,936.804,190777
1787803219916,8cb74705-6b91-38bf-1a7e-0901efe0c132,/p/0/af35a00a2f6d7f49,1,200,286245,16.360,627.907,455872
1787803219916,8cb74705-6b91-38bf-1a7e-0901efe0c132,/p/1/af359f0a2f6d7d96,1,200,327084,48.403,673.087,485946
1787803220218,8932535e-9b64-cb37-fd14-1d68673e7fd8,/p/0/8860f64f063794d6,1,200,84442,29.748,373.024,226372
1787803219741,d8034ba6-4789-5f97-4360-1ea481a9ca9b,/p/0/2ee4a5d3c5962d63,5,200,482853,51.556,1049.822,459938
1787803220197,29e71566-23fb-c266-6f70-fdb259fb1808,/?crawl=38,0,200,433136,29.911,805.706,537586
1787803219545,c5aa0efa-81cb-c472-cc06-ea5a979bd993,/p/0/b26c67d8fdf15643,2,200,179185,191.426,1682.854,106477
1787803221197,9faa9546-7464-257f-611f-fdcf1ef233cd,/?crawl=41,0,200,14089,28.318,41.280,341302
1787803218442,63feb0eb-2564-8058-5024-1e4cb93e9190,/p/0/9bc31b0448fc693e,5,200,178876,165.828,2884.202,62019
1787803216488,fe9f5242-1dee-d8c5-2769-78aba5955fb8,/p/0/4374c44c414db234,2,200,453574,186.930,4877.872,92986
1787803215417,63feb0eb-2564-8058-5024-1e4cb93e9190,/p/0/f2e85da86133d953,3,200,491221,152.709,5953.852,82505
1787803216488,fe9f5242-1dee-d8c5-2769-78aba5955fb8,/p/0/4374c74c414db74d,2,200,438095,186.930,4894.907,89500
1787803219075,09982139-5e76-f214-cc24-4e66c50bbb4e,/p/5/e384d26cd68f7b26,1,200,57571,327.515,2407.423,23914
1787803203265,553b9ccc-860b-52b9-85ef-0d28103041fa,/p/0/b310bfb95819aa72,4,200,5158746,483.750,18296.572,281952
1787803221197,f8d57306-52e3-084e-5070-0ace3c1af0f2,/?crawl=43,0,200,402987,20.919,432.185,932441
1787803209332,3281b132-3631-e78d-6f4e-faac523fc3a0,/p/0/d6375d9efa62fc,1,200,2507139,103.072,12370.029,202679
1787803220589,8cb74705-6b91-38bf-1a7e-0901efe0c132,/p/0/bf70d315b4b55f10,2,200,446285,16.316,1183.178,377192
1787803220218,8932535e-9b64-cb37-fd14-1d68673e7fd8,/p/4/8860f44f06379170,1,200,351840,152.724,1615.043,217852
1787803221197,d23f0858-b1f7-bef1-1fdf-a9606a32322a,/?crawl=42,0,200,302146,33.347,637.884,473669
1787803219136,452971bf-e875-1435-2f47-7f6c6fe20dea,/p/5/acb953fee764e4ef,4,200,516785,272.278,2708.012,190836
1787803220589,8cb74705-6b91-38bf-1a7e-0901efe0c132,/p/0/bf70d415b4b560c3,2,200,444476,38.716,1348.491,329610
1787803214438,d8034ba6-4789-5f97-4360-1ea481a9ca9b,/p/0/39167f723938115d,1,200,4777865,11.635,7510.788,636134
1787803220218,8932535e-9b64-cb37-fd14-1d68673e7fd8,/p/0/8860f54f06379323,1,200,394850,42.814,1749.515,225691
1787803218267,331385a9-7318-219a-59f0-3ebce55bbba8,/p/4/1bcb49ac9ad28783,1,200,405157,46.962,3777.017,107269
1787803221238,9faa9546-7464-257f-611f-fdcf1ef233cd,/p/0/b459919647dc5c87,1,200,155945,25.639,876.762,177865
1787803216521,63feb0eb-2564-8058-5024-1e4cb93e9190,/p/0/6ab17f0ffc6712c7,4,200,515928,155.607,5779.851,89263
1787803221238,9faa9546-7464-257f-611f-fdcf1ef233cd,/p/0/b459929647dc5e3a,1,200,256477,25.564,1109.664,231130
1787803221835,d23f0858-b1f7-bef1-1fdf-a9606a32322a,/p/0/fa1a957d8a0b811a,1,200,131026,88.133,964.420,135860
1787803219741,d8034ba6-4789-5f97-4360-1ea481a9ca9b,/p/5/2ee4a4d3c5962bb0,5,200,2774933,51.491,3162.480,877455
1787803218848,1ff3bcd1-0da7-cd02-1374-522545639cba,/p/8/4d79c43b05096699,3,200,4583786,20.044,4228.853,1083931
1787803221197,7d9bd299-f439-b81d-f69e-7c44eab037c8,/?crawl=40,0,200,379301,78.543,2026.650,187157
1787803221844,452971bf-e875-1435-2f47-7f6c6fe20dea,/p/0/e9f47ca9d222ec90,5,200,110076,245.707,1475.517,74602
1787803221844,452971bf-e875-1435-2f47-7f6c6fe20dea,/p/4/e9f47ea9d222eff6,5,200,166390,98.160,1548.624,107444
1787803221833,8932535e-9b64-cb37-fd14-1d68673e7fd8,/p/0/ab82372466b7ef82,2,200,205247,134.570,1582.897,129665
1787803221002,29e71566-23fb-c266-6f70-fdb259fb1808,/p/0/2b9bf4cabb4bfc8d,1,200,521961,26.547,2415.727,216068
1787803213202,fd5674f4-7e92-846e-8aca-195ffeced01e,/p/2/a02e32edd5666390,2,200,6216127,2.270,10257.099,606032
1787803222903,d8034ba6-4789-5f97-4360-1ea481a9ca9b,/p/4/9a492d9b7597bc0b,6,200,320463,9.900,598.185,535726
1787803221835,d23f0858-b1f7-bef1-1fdf-a9606a32322a,/p/0/fa1a947d8a0b7f67,1,200,406802,27.519,1792.879,226899
1787803221002,29e71566-23fb-c266-6f70-fdb259fb1808,/p/0/2b9bf2cabb4bf927,1,200,513599,65.684,2804.875,183109
1787803221835,d23f0858-b1f7-bef1-1fdf-a9606a32322a,/p/8/fa1a937d8a0b7db4,1,200,448000,102.065,2027.929,220915
1787803222903,d8034ba6-4789-5f97-4360-1ea481a9ca9b,/p/0/9a492c9b7597ba58,6,200,453836,53.995,1117.016,406293
1787803210197,ed44bc0f-ef2d-a9ce-7a2d-62863ae567a0,/?crawl=20,0,200,5225825,37.663,13827.149,377939
1787803209841,3281b132-3631-e78d-6f4e-faac523fc3a0,/p/0/a4f0d54f7ac289e1,2,200,3302002,109.759,14237.131,231929
1787803222903,d8034ba6-4789-5f97-4360-1ea481a9ca9b,/p/0/9a492f9b7597bf71,6,200,517200,49.085,1177.524,439227
1787803197837,34b69e21-870e-7b51-cd5c-c6d7ebc990e9,/p/1/6c7445d39f053319,2,200,5347595,169.425,26280.480,203482
1787803211085,0478c1ea-68e1-75c7-cddd-a5d083df15bb,/p/0/d6ca27eaec9be56e,2,200,2493237,35.151,13070.136,190758
1787803223863,d23f0858-b1f7-bef1-1fdf-a9606a32322a,/p/0/e25f0b3e4386c61,2,200,41499,151.080,390.842,106179
1787803224197,8f2e4d7d-498d-7300-494d-d801cfe79269,/?crawl=46,0,200,92097,20.079,117.526,783631
1787803221833,8932535e-9b64-cb37-fd14-1d68673e7fd8,/p/0/ab82362466b7edcf,2,200,447395,149.304,2492.616,179488
1787803221833,8932535e-9b64-cb37-fd14-1d68673e7fd8,/p/3/ab82352466b7ec1c,2,200,510694,164.374,2552.465,200079
1787803223077,1ff3bcd1-0da7-cd02-1374-522545639cba,/p/0/d761b2d51095b084,4,200,508044,18.725,1471.226,345320
1787803217812,8992b43b-4174-a0c1-16dc-9bd47c511dd8,/p/0/5b6ca7d17cfedf39,2,200,2977947,26.160,6904.824,431285
1787803223863,d23f0858-b1f7-bef1-1fdf-a9606a32322a,/p/7/e25eeb3e43868fb,2,200,256864,29.809,937.584,273964
1787803224314,8f2e4d7d-498d-7300-494d-d801cfe79269,/p/0/ac713e07379fa568,1,200,188678,18.365,507.016,372134
1787803224197,0cac6aae-1489-56e0-7461-86608a6b60d9,/?crawl=47,0,200,341122,38.260,854.223,399336
1787803220482,c5aa0efa-81cb-c472-cc06-ea5a979bd993,/p/0/7c18913206f69804,3,200,519999,181.515,4606.781,112877
1787803224385,8932535e-9b64-cb37-fd14-1d68673e7fd8,/p/0/439933622bbe042b,3,200,126064,46.112,704.894,178841
1787803223223,7d9bd299-f439-b81d-f69e-7c44eab037c8,/p/0/20ef3f38b3416b8d,1,200,150889,228.244,2064.999,73070
1787803212247,3281b132-3631-e78d-6f4e-faac523fc3a0,/p/0/e280f62fd146fec3,3,200,3675508,130.815,13055.722,281525
1787803211085,0478c1ea-68e1-75c7-cddd-a5d083df15bb,/p/2/d6ca25eaec9be208,2,200,2838942,178.732,14344.054,197918
1787803224118,34b69e21-870e-7b51-cd5c-c6d7ebc990e9,/p/0/a623967e298e8ed0,3,200,163673,183.744,1350.549,121190
1787803224314,8f2e4d7d-498d-7300-494d-d801cfe79269,/p/0/ac713f07379fa71b,1,200,507953,95.585,1287.032,394670
1787803224314,8f2e4d7d-498d-7300-494d-d801cfe79269,/p/0/ac714007379fa8ce,1,200,499440,111.669,1394.129,358245
1787803224197,470096c7-fd9e-c4f0-2fd2-4cde63612b99,/?crawl=45,0,200,287386,76.100,1520.196,189045
1787803224385,8932535e-9b64-cb37-fd14-1d68673e7fd8,/p/2/439932622bbe0278,3,200,339586,65.969,1464.037,231952
1787803221197,a350c9e6-f13c-9da5-e0ca-0ad0e8044e1a,/?crawl=44,0,200,4423219,17.836,4659.002,949392
1787803225197,65e643b8-1fe4-00ce-db24-fee708c914ce,/?crawl=50,0,200,497095,23.182,673.289,738309
1787803225717,470096c7-fd9e-c4f0-2fd2-4cde63612b99,/p/0/66b03c1ff570843b,1,200,25032,77.258,191.568,130669
1787803224024,ed44bc0f-ef2d-a9ce-7a2d-62863ae567a0,/p/10/a597d27ffc5674c,1,200,245047,70.374,1892.662,129472
1787803223459,fd5674f4-7e92-846e-8aca-195ffeced01e,/p/0/2042e80a7a355eaa,3,200,264332,99.293,2469.035,107059
1787803225429,0478c1ea-68e1-75c7-cddd-a5d083df15bb,/p/0/c9f7e6818846fadf,3,200,80883,34.726,501.191,161381
1787803225717,470096c7-fd9e-c4f0-2fd2-4cde63612b99,/p/1/66b03e1ff57087a1,1,200,52331,191.324,493.666,106005
1787803224024,ed44bc0f-ef2d-a9ce-7a2d-62863ae567a0,/p/0/a597f27ffc56ab2,1,200,283455,89.628,2247.435,126124
1787803223459,fd5674f4-7e92-846e-8aca-195ffeced01e,/p/0/2042e70a7a355cf7,3,200,317033,50.314,2837.286,111738
1787803225916,ed44bc0f-ef2d-a9ce-7a2d-62863ae567a0,/p/0/4192951ef5e9be6d,2,200,26852,204.989,393.511,68237
1787803197837,34b69e21-870e-7b51-cd5c-c6d7ebc990e9,/p/0/6c7443d39f052fb3,2,200,5872440,141.285,28492.780,206103
1787803225197,1e6d9d81-8b6c-6e3a-7184-79ceb2af2878,/?crawl=49,0,200,362573,50.255,1156.544,313497
1787803224800,d23f0858-b1f7-bef1-1fdf-a9606a32322a,/p/0/4c37f4e496d83649,3,200,190425,200.974,1608.436,118391
1787803225429,0478c1ea-68e1-75c7-cddd-a5d083df15bb,/p/0/c9f7e7818846fc92,3,200,203175,71.088,1012.672,200633
1787803225856,a350c9e6-f13c-9da5-e0ca-0ad0e8044e1a,/p/0/d345e9c260d59341,1,200,205461,61.415,597.088,344105
1787803223223,7d9bd299-f439-b81d-f69e-7c44eab037c8,/p/0/20ef3c38b3416674,1,200,284313,76.539,3562.085,79816
1787803223459,fd5674f4-7e92-846e-8aca-195ffeced01e,/p/1/2042e60a7a355b44,3,200,398640,245.817,3357.327,118737
1787803225870,65e643b8-1fe4-00ce-db24-fee708c914ce,/p/0/3994613c36918f89,1,200,278317,20.214,976.110,285129
1787803225870,65e643b8-1fe4-00ce-db24-fee708c914ce,/p/5/39945f3c36918c23,1,200,491615,30.446,1009.029,487216
1787803225870,65e643b8-1fe4-00ce-db24-fee708c914ce,/p/0/39945e3c36918a70,1,200,420932,61.043,1033.308,407364
1787803216197,e07ca8dd-a6fc-0448-1afb-13a11a268b28,/?crawl=32,0,200,5198691,31.419,10758.482,483218
1787803226353,1e6d9d81-8b6c-6e3a-7184-79ceb2af2878,/p/0/1906e8a9a304af55,1,200,64621,46.072,626.393,103164
1787803223223,7d9bd299-f439-b81d-f69e-7c44eab037c8,/p/5/20ef3e38b34169da,1,200,268259,344.021,3756.323,71415
1787803225856,a350c9e6-f13c-9da5-e0ca-0ad0e8044e1a,/p/1/d345e8c260d5918e,1,200,460997,46.487,1129.902,407997
1787803219078,e74dc3e9-9b81-1c67-b868-f59eb1ef8038,/p/8/cf92057e18a4b638,6,200,507489,223.481,7915.220,64116
1787803224118,34b69e21-870e-7b51-cd5c-c6d7ebc990e9,/p/0/a623987e298e9236,3,200,490579,156.534,2890.140,169742
1787803222044,331385a9-7318-219a-59f0-3ebce55bbba8,/p/0/c772907fd1d8d475,2,200,252612,238.421,5007.153,50450
1787803226879,65e643b8-1fe4-00ce-db24-fee708c914ce,/p/0/fdc6c6e4b6a795a0,2,200,160317,24.655,181.351,884014
1787803226879,65e643b8-1fe4-00ce-db24-fee708c914ce,/p/4/fdc6c7e4b6a79753,2,200,284633,24.337,307.312,926202
1787803226879,65e643b8-1fe4-00ce-db24-fee708c914ce,/p/0/fdc6c9e4b6a79ab9,2,200,518091,102.086,327.695,1581015
1787803227186,65e643b8-1fe4-00ce-db24-fee708c914ce,/p/0/1bb79050c982bf18,3,200,25873,20.384,20.544,1259400
1787803224800,d23f0858-b1f7-bef1-1fdf-a9606a32322a,/p/6/4c37f2e496d832e3,3,200,282044,184.038,2458.812,114707
1787803226986,a350c9e6-f13c-9da5-e0ca-0ad0e8044e1a,/p/0/433e6c48b2e63e72,2,200,30588,74.365,291.240,105027
1787803203113,b93bd898-c1c5-1dfb-d880-2d01ea6e3184,/p/0/e3f6a31625d6f1ef,1,200,4811686,88.213,24238.215,198517
1787803217197,63135859-d311-aab9-b4d2-e0ee12621def,/?crawl=34,0,200,2521812,59.725,10195.427,247347
1787803224024,ed44bc0f-ef2d-a9ce-7a2d-62863ae567a0,/p/0/a597e27ffc568ff,1,200,437155,34.931,3456.061,126489
1787803227186,65e643b8-1fe4-00ce-db24-fee708c914ce,/p/3/1bb79150c982c0cb,3,200,81916,319.658,321.600,254714
1787803224385,8932535e-9b64-cb37-fd14-1d68673e7fd8,/p/0/439934622bbe05de,3,200,470616,66.006,3243.145,145111
1787803222044,331385a9-7318-219a-59f0-3ebce55bbba8,/p/3/c7728f7fd1d8d2c2,2,200,306158,284.780,5593.101,54739
1787803220589,8cb74705-6b91-38bf-1a7e-0901efe0c132,/p/0/bf70d615b4b56429,2,200,6266385,53.681,7075.229,885679
1787803225051,0cac6aae-1489-56e0-7461-86608a6b60d9,/p/0/3fdb9264cc3a99c8,1,200,385843,141.676,2780.049,138790
1787803225717,470096c7-fd9e-c4f0-2fd2-4cde63612b99,/p/0/66b03d1ff57085ee,1,200,141558,381.325,2154.975,65689
1787803227186,65e643b8-1fe4-00ce-db24-fee708c914ce,/p/0/1bb79350c982c431,3,200,349776,20.698,739.775,472814
1787803226986,a350c9e6-f13c-9da5-e0ca-0ad0e8044e1a,/p/0/433e6b48b2e63cbf,2,200,334920,74.307,988.787,338718
1787803226986,a350c9e6-f13c-9da5-e0ca-0ad0e8044e1a,/p/0/433e6a48b2e63b0c,2,200,379061,81.766,1058.028,358271
1787803226211,470096c7-fd9e-c4f0-2fd2-4cde63612b99,/p/0/fb6ecd0e9b4fde91,2,200,93835,412.274,1929.192,48640
1787803197982,3e340235-a476-afef-4a40-4f38df10a537,/p/0/ebdef8a53613ac74,1,200,4623134,308.455,30209.974,153033
1787803226993,e74dc3e9-9b81-1c67-b868-f59eb1ef8038,/p/0/cf92067e18a4b7eb,6,200,223889,562.463,1256.813,178140
1787803227392,63135859-d311-aab9-b4d2-e0ee12621def,/p/0/429ff267c4087043,1,200,58227,203.922,906.367,64242
1787803228197,6989ced1-4e36-73a0-d057-df18438d76d0,/?crawl=52,0,200,22829,64.600,119.898,190404
1787803225051,0cac6aae-1489-56e0-7461-86608a6b60d9,/p/0/3fdb9564cc3a9ee1,1,200,484867,106.956,3268.923,148326
1787803225849,8932535e-9b64-cb37-fd14-1d68673e7fd8,/p/0/38d4cda8eb10640,4,200,292879,151.269,2475.447,118314
1787803213197,71d51f65-0f4a-4aae-f6b2-ad04f139a00e,/?crawl=27,0,200,5525799,43.782,15216.140,363154
1787803223502,d8034ba6-4789-5f97-4360-1ea481a9ca9b,/p/0/73e1b25bdcb06b6c,7,200,2651554,57.520,5161.195,513748
1787803227508,65e643b8-1fe4-00ce-db24-fee708c914ce,/p/0/db5ebfbac7df721,4,200,216521,419.233,1204.015,179832
1787803228413,71d51f65-0f4a-4aae-f6b2-ad04f139a00e,/p/2/76ef27ca6b2a7139,1,200,64409,38.436,320.757,200803
1787803224800,d23f0858-b1f7-bef1-1fdf-a9606a32322a,/p/0/4c37f1e496d83130,3,200,451136,154.147,3952.664,114135
1787803226816,fd5674f4-7e92-846e-8aca-195ffeced01e,/p/0/63d2c3ddf0b41e26,4,200,249095,48.147,2026.657,122909
1787803225849,8932535e-9b64-cb37-fd14-1d68673e7fd8,/p/0/38d4fda8eb10b59,4,200,439548,213.143,3053.611,143944
1787803226211,470096c7-fd9e-c4f0-2fd2-4cde63612b99,/p/0/fb6eca0e9b4fd978,2,200,152575,373.393,2692.859,56659
1787803225849,8932535e-9b64-cb37-fd14-1d68673e7fd8,/p/1/38d4dda8eb107f3,4,200,500115,213.129,3085.823,162069
1787803228413,71d51f65-0f4a-4aae-f6b2-ad04f139a00e,/p/0/76ef25ca6b2a6dd3,1,200,196793,77.733,681.278,288858
1787803228413,71d51f65-0f4a-4aae-f6b2-ad04f139a00e,/p/0/76ef26ca6b2a6f86,1,200,282678,119.110,716.425,394567
1787803228734,71d51f65-0f4a-4aae-f6b2-ad04f139a00e,/p/0/a37d9ab870c96132,2,200,408581,40.236,513.531,795631
1787803228734,71d51f65-0f4a-4aae-f6b2-ad04f139a00e,/p/0/a37d99b870c95f7f,2,200,468406,40.684,513.637,911939
1787803225917,ed44bc0f-ef2d-a9ce-7a2d-62863ae567a0,/p/0/4192921ef5e9b954,2,200,420787,186.245,3332.407,126271
1787803227259,d23f0858-b1f7-bef1-1fdf-a9606a32322a,/p/0/b58a6fa41cbb146a,4,200,146259,150.901,2127.976,68732
1787803206491,e74dc3e9-9b81-1c67-b868-f59eb1ef8038,/p/0/4e7f8fd3f1664061,1,200,3155709,115.989,22983.911,137301
1787803226353,1e6d9d81-8b6c-6e3a-7184-79ceb2af2878,/p/0/1906e6a9a304abef,1,200,497189,68.019,3161.440,157267
1787803228197,d32de357-8cc0-e20a-ebf9-a4cc09761d0b,/?crawl=53,0,200,283664,72.870,1427.344,198736
1787803226353,1e6d9d81-8b6c-6e3a-7184-79ceb2af2878,/p/0/1906e7a9a304ada2,1,200,499454,223.623,3274.734,152517
1787803203113,b93bd898-c1c5-1dfb-d880-2d01ea6e3184,/p/4/e3f6a51625d6f555,1,200,5949736,35.230,26687.260,222943
1787803227259,d23f0858-b1f7-bef1-1fdf-a9606a32322a,/p/5/b58a70a41cbb161d,4,200,294905,165.157,2562.263,115096
1787803221483,09982139-5e76-f214-cc24-4e66c50bbb4e,/p/0/6b54c514d4dd6a68,2,200,60916,1688.705,8364.902,7282
1787803229475,e74dc3e9-9b81-1c67-b868-f59eb1ef8038,/p/7/16ba097405eb8b41,7,200,121061,46.755,445.181,271936
1787803229801,b93bd898-c1c5-1dfb-d880-2d01ea6e3184,/p/0/8cd08eaa5dba8a30,2,200,199277,2.270,132.715,1501542
1787803229801,b93bd898-c1c5-1dfb-d880-2d01ea6e3184,/p/3/8cd090aa5dba8d96,2,200,121674,14.674,198.837,611927
1787803229801,b93bd898-c1c5-1dfb-d880-2d01ea6e3184,/p/0/8cd091aa5dba8f49,2,200,234865,38.510,201.567,1165196
1787803223502,d8034ba6-4789-5f97-4360-1ea481a9ca9b,/p/0/73e1b55bdcb07085,7,200,3605633,52.793,6627.650,544029
1787803226980,7d9bd299-f439-b81d-f69e-7c44eab037c8,/p/0/90e8f72529b72fed,2,200,173583,228.426,3182.241,54547
1787803229920,e74dc3e9-9b81-1c67-b868-f59eb1ef8038,/p/0/16ba087405eb898e,7,200,43384,38.763,256.612,169064
1787803228935,8932535e-9b64-cb37-fd14-1d68673e7fd8,/p/0/f806d175c1da177f,5,200,203362,30.180,1267.023,160504
1787803222044,331385a9-7318-219a-59f0-3ebce55bbba8,/p/0/c7728d7fd1d8cf5c,2,200,486296,308.904,8200.598,59300
1787803226816,fd5674f4-7e92-846e-8aca-195ffeced01e,/p/0/63d2c2ddf0b41c73,4,200,389197,72.303,3584.362,108582
1787803229821,d23f0858-b1f7-bef1-1fdf-a9606a32322a,/p/4/e15a51e902f613d8,5,200,54771,161.890,629.880,86955
1787803226211,470096c7-fd9e-c4f0-2fd2-4cde63612b99,/p/0/fb6ecc0e9b4fdcde,2,200,446106,412.287,4347.128,102621
1787803229999,b93bd898-c1c5-1dfb-d880-2d01ea6e3184,/p/0/38ae7f88b93b47ae,3,200,328049,24.468,715.985,458179
1787803229999,b93bd898-c1c5-1dfb-d880-2d01ea6e3184,/p/2/38ae8088b93b4961,3,200,337800,24.232,719.242,469661
1787803229999,b93bd898-c1c5-1dfb-d880-2d01ea6e3184,/p/0/38ae7e88b93b45fb,3,200,419481,249.623,721.398,581483
1787803218492,0749ca82-1e65-8f0a-ba8a-b79b9d25deac,/p/0/15e11fa3b744dba3,4,200,497153,1125.519,12341.006,40285
1787803220197,e51c2ccc-530c-0524-fc27-87f81183ca9e,/?crawl=39,0,200,3528037,45.655,10650.438,331257
1787803225856,a350c9e6-f13c-9da5-e0ca-0ad0e8044e1a,/p/0/d345e6c260d58e28,1,200,3750770,15.331,5045.208,743432
1787803224118,34b69e21-870e-7b51-cd5c-c6d7ebc990e9,/p/0/a623977e298e9083,3,200,3541739,156.459,6868.919,515618
1787803227637,331385a9-7318-219a-59f0-3ebce55bbba8,/p/0/e563c547388ae806,3,200,130504,317.009,3490.645,37387
1787803223393,452971bf-e875-1435-2f47-7f6c6fe20dea,/p/0/b72c9caae1376c42,6,200,505883,269.484,7833.510,64579
1787803229821,d23f0858-b1f7-bef1-1fdf-a9606a32322a,/p/0/e15a52e902f6158b,5,200,157836,203.044,1528.818,103241
1787803230177,e74dc3e9-9b81-1c67-b868-f59eb1ef8038,/p/0/16ba077405eb87db,7,200,367158,42.526,1185.148,309799
1787803226198,d179d41e-b523-39e2-94e1-1eb7aef09fe5,/?crawl=51,0,200,177660,228.158,5231.739,33958
1787803221002,29e71566-23fb-c266-6f70-fdb259fb1808,/p/0/2b9bf3cabb4bfada,1,200,4882985,26.501,10436.109,467893
1787803229197,0680c16d-18ab-b5a6-fb8a-c7d863e58fa9,/?crawl=55,0,200,101427,304.972,2304.494,44013
1787803229624,d32de357-8cc0-e20a-ebf9-a4cc09761d0b,/p/0/ccfeb299cb2c7ed0,1,200,115979,137.986,1900.615,61022
1787803227392,63135859-d311-aab9-b4d2-e0ee12621def,/p/1/429ff467c40873a9,1,200,439098,59.101,4182.620,104982
1787803223502,d8034ba6-4789-5f97-4360-1ea481a9ca9b,/p/3/73e1b45bdcb06ed2,7,200,5873804,52.690,8078.455,727095
1787803231580,d8034ba6-4789-5f97-4360-1ea481a9ca9b,/p/0/58f174906c4cef16,8,200,41299,12.309,37.610,1098073
1787803229624,d32de357-8cc0-e20a-ebf9-a4cc09761d0b,/p/0/ccfeb499cb2c8236,1,200,110098,104.929,2111.359,52146
1787803212478,e74dc3e9-9b81-1c67-b868-f59eb1ef8038,/p/0/66e9620c0de4baed,4,200,2786293,243.312,19549.842,142523
1787803231580,d8034ba6-4789-5f97-4360-1ea481a9ca9b,/p/2/58f175906c4cf0c9,8,200,339021,42.669,472.472,717547
1787803226980,7d9bd299-f439-b81d-f69e-7c44eab037c8,/p/0/90e8f42529b72ad4,2,200,388921,77.100,5136.209,75721
1787803231575,63135859-d311-aab9-b4d2-e0ee12621def,/p/0/5652738044150d4e,2,200,17663,292.260,554.655,31845
1787803226980,7d9bd299-f439-b81d-f69e-7c44eab037c8,/p/4/90e8f62529b72e3a,2,200,416715,342.813,5213.259,79934
1787803232028,e74dc3e9-9b81-1c67-b868-f59eb1ef8038,/p/0/5eee5e692e9ace44,8,200,169590,15.061,217.139,781019
1787803230451,d23f0858-b1f7-bef1-1fdf-a9606a32322a,/p/3/7013a703d53e8e21,6,200,109501,197.343,1852.680,59104
1787803232197,e0d036c2-b593-f2f7-d9b7-9fae6a22b46f,/?crawl=60,0,200,32761,47.982,116.470,281282
1787803230451,d23f0858-b1f7-bef1-1fdf-a9606a32322a,/p/0/7013a603d53e8c6e,6,200,176464,167.941,1988.839,88727
1787803227259,d23f0858-b1f7-bef1-1fdf-a9606a32322a,/p/0/b58a6ea41cbb12b7,4,200,505050,240.114,5264.599,95933
1787803229821,d23f0858-b1f7-bef1-1fdf-a9606a32322a,/p/0/e15a53e902f6173e,5,200,233765,146.133,2715.233,86094
1787803221238,9faa9546-7464-257f-611f-fdcf1ef233cd,/p/2/b459939647dc5fed,1,200,5954293,38.259,11299.447,526954
1787803223077,1ff3bcd1-0da7-cd02-1374-522545639cba,/p/7/d761b3d51095b237,4,200,5560372,12.761,9463.826,587540
1787803223077,1ff3bcd1-0da7-cd02-1374-522545639cba,/p/0/d761b5d51095b59d,4,200,5469039,18.613,9477.370,577063
1787803232197,108c8b66-9697-13f3-c04b-5ad9afcac289,/?crawl=58,0,200,318835,26.207,524.110,608336
1787803232313,e0d036c2-b593-f2f7-d9b7-9fae6a22b46f,/p/2/150fa4cc85e3a088,1,200,46530,45.653,427.166,108927
1787803232197,ce64557d-453a-515f-e207-e2cc57208192,/?crawl=57,0,200,211263,38.929,545.844,387039
1787803228734,71d51f65-0f4a-4aae-f6b2-ad04f139a00e,/p/1/a37d9bb870c962e5,2,200,4162147,40.691,4070.926,1022408
1787803232197,1cf52f86-b72d-b329-7e9f-ab00fc76d7b0,/?crawl=59,0,200,219273,42.142,616.433,355713
1787803232537,9faa9546-7464-257f-611f-fdcf1ef233cd,/p/1/f774e12897280ba4,2,200,39523,25.823,285.306,138528
1787803232313,e0d036c2-b593-f2f7-d9b7-9fae6a22b46f,/p/0/150fa5cc85e3a23b,1,200,66319,68.059,516.460,128411
1787803231350,d23f0858-b1f7-bef1-1fdf-a9606a32322a,/p/0/7013a503d53e8abb,6,200,160442,177.489,1616.183,99272
1787803232541,1ff3bcd1-0da7-cd02-1374-522545639cba,/p/0/8fcf8a36f0572e8b,5,200,212572,19.927,508.552,417995
1787803232053,d8034ba6-4789-5f97-4360-1ea481a9ca9b,/p/1/aa71d77648c02de0,9,200,335703,64.580,1310.341,256195
1787803232537,9faa9546-7464-257f-611f-fdcf1ef233cd,/p/0/f774e32897280f0a,2,200,146302,77.414,852.933,171528
1787803230847,e51c2ccc-530c-0524-fc27-87f81183ca9e,/p/5/98319f6d26b1067a,1,200,301344,219.527,2827.564,106574
1787803232537,9faa9546-7464-257f-611f-fdcf1ef233cd,/p/0/f774e22897280d57,2,200,187501,25.798,1139.017,164616
1787803231575,63135859-d311-aab9-b4d2-e0ee12621def,/p/0/5652728044150b9b,2,200,188830,321.656,2157.937,87505
1787803232805,71d51f65-0f4a-4aae-f6b2-ad04f139a00e,/p/0/d842180214fcc5,3,200,123287,117.103,932.976,132144
1787803225051,0cac6aae-1489-56e0-7461-86608a6b60d9,/p/11/3fdb9364cc3a9b7b,1,200,2683765,35.670,8699.759,308487
1787803232823,9faa9546-7464-257f-611f-fdcf1ef233cd,/p/0/d4939662b8ed1a1c,3,200,111010,166.642,983.932,112823
1787803232053,d8034ba6-4789-5f97-4360-1ea481a9ca9b,/p/0/aa71d97648c03146,9,200,518679,59.334,1754.283,295664
1787803230719,b93bd898-c1c5-1dfb-d880-2d01ea6e3184,/p/0/8f8142011f1069f1,4,200,216627,76.862,3111.345,69625
1787803227637,331385a9-7318-219a-59f0-3ebce55bbba8,/p/2/e563c347388ae4a0,3,200,482039,267.906,6207.501,77654
1787803232721,108c8b66-9697-13f3-c04b-5ad9afcac289,/p/0/d4e70c28db694021,1,200,266081,23.677,1180.305,225434
1787803230719,b93bd898-c1c5-1dfb-d880-2d01ea6e3184,/p/0/8f813f011f1064d8,4,200,204932,76.909,3225.696,63531
1787803233363,d8034ba6-4789-5f97-4360-1ea481a9ca9b,/p/0/16fc9a4589bc28f7,10,200,196769,53.526,650.786,302356
1787803232304,d23f0858-b1f7-bef1-1fdf-a9606a32322a,/p/2/1c15702535b53adf,7,200,190299,176.389,1714.977,110963
1787803233363,d8034ba6-4789-5f97-4360-1ea481a9ca9b,/p/0/16fc994589bc2744,10,200,275625,53.635,773.333,356412
1787803228197,9be8c8ed-4ea5-2062-ff35-3b8a81f1f7ed,/?crawl=54,0,200,312601,283.471,6025.894,51876
1787803233363,d8034ba6-4789-5f97-4360-1ea481a9ca9b,/p/0/16fc9b4589bc2aaa,10,200,189448,86.182,865.677,218844
1787803232721,108c8b66-9697-13f3-c04b-5ad9afcac289,/p/5/d4e70a28db693cbb,1,200,465075,105.662,1547.370,300558
1787803230847,e51c2ccc-530c-0524-fc27-87f81183ca9e,/p/0/98319d6d26b10314,1,200,433275,42.768,3708.062,116847
1787803234268,108c8b66-9697-13f3-c04b-5ad9afcac289,/p/4/f74611d0f70c1966,2,200,118165,79.545,522.256,226259
1787803231575,63135859-d311-aab9-b4d2-e0ee12621def,/p/0/5652748044150f01,2,200,271270,292.256,3374.639,80385
1787803230197,12028cc7-a6cb-1a51-d45d-d5f675c8e8a9,/?crawl=56,0,200,2958822,25.767,4815.380,614452
1787803235012,12028cc7-a6cb-1a51-d45d-d5f675c8e8a9,/p/0/ae125e6db2334ee2,1,200,45086,138.853,208.540,216198
1787803234019,d23f0858-b1f7-bef1-1fdf-a9606a32322a,/p/0/d720af9c4159d1b8,8,200,155561,357.623,1226.402,126843
1787803213931,fe9f5242-1dee-d8c5-2769-78aba5955fb8,/p/0/a5ac2914a49d1997,1,200,3714884,163.135,21425.436,173387
1787803232743,ce64557d-453a-515f-e207-e2cc57208192,/p/0/1aa80b101d985c35,1,200,366096,36.062,2675.804,136817
1787803232805,71d51f65-0f4a-4aae-f6b2-ad04f139a00e,/p/0/d840180214f95f,3,200,432351,39.615,2664.277,162277
1787803233751,0cac6aae-1489-56e0-7461-86608a6b60d9,/p/10/ecdaef6a234cf1a0,2,200,296140,223.408,1737.978,170393
1787803233751,0cac6aae-1489-56e0-7461-86608a6b60d9,/p/0/ecdaf16a234cf506,2,200,213541,35.325,1756.183,121594
1787803233845,331385a9-7318-219a-59f0-3ebce55bbba8,/p/0/324a6570f63f3760,4,200,26088,407.797,1818.594,14345
1787803234265,fc97bfa7-235d-3fc5-1122-8ebed5c0cde0,/?crawl=62,0,200,359764,78.148,1508.340,238516
1787803232813,1cf52f86-b72d-b329-7e9f-ab00fc76d7b0,/p/0/417cb5cb46ce485b,1,200,426049,40.752,2972.836,143314
1787803234268,108c8b66-9697-13f3-c04b-5ad9afcac289,/p/0/f7460fd0f70c1600,2,200,367594,85.680,1678.677,218978
1787803209443,e74dc3e9-9b81-1c67-b868-f59eb1ef8038,/p/0/2059dcba701f79c1,2,200,3764686,254.634,26525.098,141929
1787803235489,0cac6aae-1489-56e0-7461-86608a6b60d9,/p/9/c8f316cd38f2c68f,3,200,21853,232.131,481.510,45384
1787803232743,ce64557d-453a-515f-e207-e2cc57208192,/p/1/1aa80a101d985a82,1,200,383767,178.507,3341.139,114861
1787803232193,7d9bd299-f439-b81d-f69e-7c44eab037c8,/p/0/43a41cfd26e23ee6,3,200,282366,76.452,3980.452,70938
1787803232813,1cf52f86-b72d-b329-7e9f-ab00fc76d7b0,/p/9/417cb4cb46ce46a8,1,200,373796,221.162,3479.355,107433
1787803234268,108c8b66-9697-13f3-c04b-5ad9afcac289,/p/0/f74612d0f70c1b19,2,200,339102,79.296,2076.944,163270
1787803235773,fc97bfa7-235d-3fc5-1122-8ebed5c0cde0,/p/0/3be45087af198e61,1,200,54423,175.446,678.647,80193
1787803233675,e51c2ccc-530c-0524-fc27-87f81183ca9e,/p/4/b76f83b21eb862c9,2,200,168733,239.733,3063.498,55079
1787803226816,fd5674f4-7e92-846e-8aca-195ffeced01e,/p/0/63d2c4ddf0b41fd9,4,200,2326533,48.192,10101.643,230312
1787803235970,0cac6aae-1489-56e0-7461-86608a6b60d9,/p/0/70a15c83998d8fc1,4,200,67294,302.880,1012.944,66434
1787803224197,7c1e49a5-1a38-8625-e86a-7a995365ad59,/?crawl=48,0,200,5809357,33.861,12812.691,453406
1787803232313,e0d036c2-b593-f2f7-d9b7-9fae6a22b46f,/p/0/150fa6cc85e3a3ee,1,200,439825,136.359,4740.343,92783
1787803232740,e0d036c2-b593-f2f7-d9b7-9fae6a22b46f,/p/1/9fad1ee20bb18108,2,200,322035,246.508,4769.221,67524
1787803232053,d8034ba6-4789-5f97-4360-1ea481a9ca9b,/p/0/aa71d87648c02f93,9,200,3446816,53.760,5568.221,619016
1787803212478,e74dc3e9-9b81-1c67-b868-f59eb1ef8038,/p/0/66e95f0c0de4b5d4,4,200,3746150,205.128,25280.793,148182
1787803232524,d23f0858-b1f7-bef1-1fdf-a9606a32322a,/p/0/1c15722535b53e45,7,200,375255,196.361,5280.585,71063
1787803232541,1ff3bcd1-0da7-cd02-1374-522545639cba,/p/6/8fcf8c36f05731f1,5,200,3102477,27.492,5341.953,580776
1787803236738,e51c2ccc-530c-0524-fc27-87f81183ca9e,/p/0/cbfe66d857bce706,3,200,47767,238.476,1292.761,36950
1787803237883,1ff3bcd1-0da7-cd02-1374-522545639cba,/p/5/24e5cacc8be26a1d,6,200,33303,62.025,230.674,144373
1787803232193,7d9bd299-f439-b81d-f69e-7c44eab037c8,/p/3/43a41dfd26e24099,3,200,312491,532.587,5938.642,52620
1787803237883,1ff3bcd1-0da7-cd02-1374-522545639cba,/p/0/24e5c8cc8be266b7,6,200,98193,62.070,326.655,300602
1787803232193,7d9bd299-f439-b81d-f69e-7c44eab037c8,/p/0/43a41bfd26e23d33,3,200,380958,228.149,6092.119,62533
1787803236293,1cf52f86-b72d-b329-7e9f-ab00fc76d7b0,/p/0/f81c94914362db0e,2,200,113993,280.244,2061.469,55297
1787803225916,ed44bc0f-ef2d-a9ce-7a2d-62863ae567a0,/p/9/4192931ef5e9bb07,2,200,5507781,204.978,12469.068,441716
1787803236292,1cf52f86-b72d-b329-7e9f-ab00fc76d7b0,/p/0/f81c93914362d95b,2,200,133796,299.927,2223.532,60173
1787803238197,5bf49a11-3401-a7a4-7d34-f0e4ab04e2d3,/?crawl=67,0,200,113776,43.831,342.606,332090
1787803234223,9be8c8ed-4ea5-2062-ff35-3b8a81f1f7ed,/p/0/873db3b288fd62bc,1,200,44001,1629.418,4351.234,10112
1787803236738,e51c2ccc-530c-0524-fc27-87f81183ca9e,/p/3/cbfe67d857bce8b9,3,200,119904,238.574,1936.374,61922
1787803238386,ed44bc0f-ef2d-a9ce-7a2d-62863ae567a0,/p/0/63b2fbd322013220,3,200,48987,312.245,314.874,155577
1787803238114,1ff3bcd1-0da7-cd02-1374-522545639cba,/p/0/3f6f04711607aabe,7,200,175185,82.613,645.483,271402
1787803231580,d8034ba6-4789-5f97-4360-1ea481a9ca9b,/p/0/58f173906c4ced63,8,200,5416562,12.393,7280.634,743968
1787803238197,a7d0117f-003c-b893-d416-ea849f48a0e9,/?crawl=68,0,200,291097,35.005,669.151,435025
1787803238539,5bf49a11-3401-a7a4-7d34-f0e4ab04e2d3,/p/17/1cf7fa5b96205b0d,1,200,18713,231.407,359.500,52053
1787803216488,fe9f5242-1dee-d8c5-2769-78aba5955fb8,/p/11/4374c64c414db59a,2,200,4432203,203.667,22522.823,196787
1787803238114,1ff3bcd1-0da7-cd02-1374-522545639cba,/p/4/3f6f05711607ac71,7,200,218085,134.193,974.226,223855
1787803225429,0478c1ea-68e1-75c7-cddd-a5d083df15bb,/p/1/c9f7e5818846f92c,3,200,5333989,196.693,13917.018,383271
1787803227508,65e643b8-1fe4-00ce-db24-fee708c914ce,/p/2/db5e9fbac7df3bb,4,200,5167969,418.137,11909.486,433937
1787803227508,65e643b8-1fe4-00ce-db24-fee708c914ce,/p/0/db5e8fbac7df208,4,200,4567660,420.129,11919.412,383212
1787803236293,1cf52f86-b72d-b329-7e9f-ab00fc76d7b0,/p/8/f81c95914362dcc1,2,200,289990,280.204,3152.989,91973
1787803239088,1ff3bcd1-0da7-cd02-1374-522545639cba,/p/3/a40bc520493e5203,8,200,86140,89.542,636.661,135300
1787803214197,a1600f92-0f69-ec40-9031-91960e1644b6,/?crawl=30,0,200,4441882,82.389,25534.430,173957
1787803238386,ed44bc0f-ef2d-a9ce-7a2d-62863ae567a0,/p/8/63b2fdd322013586,3,200,434671,312.350,1371.498,316931
1787803238114,1ff3bcd1-0da7-cd02-1374-522545639cba,/p/0/3f6f03711607a90b,7,200,439425,70.134,1662.050,264387
1787803239417,65e643b8-1fe4-00ce-db24-fee708c914ce,/p/1/1e8a6abdf407c74c,5,200,128094,122.713,532.108,240729
1787803228935,8932535e-9b64-cb37-fd14-1d68673e7fd8,/p/0/f806d075c1da15cc,5,200,2426367,30.035,11103.382,218525
1787803239446,1cf52f86-b72d-b329-7e9f-ab00fc76d7b0,/p/0/c4ba408c6355951b,3,200,38609,259.013,655.879,58866
1787803239346,0478c1ea-68e1-75c7-cddd-a5d083df15bb,/p/0/90fbb70a41ad08ac,4,200,116542,123.387,776.735,150041
1787803239950,65e643b8-1fe4-00ce-db24-fee708c914ce,/p/0/f05dc2226ba2bc33,6,200,36311,167.774,287.900,126124
1787803239950,65e643b8-1fe4-00ce-db24-fee708c914ce,/p/0/f05dc1226ba2ba80,6,200,48230,111.529,307.961,156611
1787803238386,ed44bc0f-ef2d-a9ce-7a2d-62863ae567a0,/p/0/63b2fed322013739,3,200,416161,3.659,1899.256,219118
1787803233845,331385a9-7318-219a-59f0-3ebce55bbba8,/p/1/324a6670f63f3913,4,200,398251,511.016,6521.208,61070
1787803239446,1cf52f86-b72d-b329-7e9f-ab00fc76d7b0,/p/0/c4ba418c635596ce,3,200,77362,300.716,944.400,81917
1787803239417,65e643b8-1fe4-00ce-db24-fee708c914ce,/p/0/1e8a6bbdf407c8ff,5,200,247659,28.976,1082.013,228887
1787803236084,ce64557d-453a-515f-e207-e2cc57208192,/p/0/ef15058250f167b1,2,200,410139,287.507,4475.408,91643
1787803239950,65e643b8-1fe4-00ce-db24-fee708c914ce,/p/0/f05dc3226ba2bde6,6,200,196107,167.754,662.461,296028
1787803240197,0fb30b2c-7f00-9973-50c9-e1a66649e8ac,/?crawl=69,0,200,478548,16.567,417.490,1146251
1787803227392,63135859-d311-aab9-b4d2-e0ee12621def,/p/0/429ff367c40871f6,1,200,2905234,261.753,13257.461,219140
1787803236084,ce64557d-453a-515f-e207-e2cc57208192,/p/0/ef15028250f16298,2,200,408538,197.727,4581.600,89169
1787803239011,fe9f5242-1dee-d8c5-2769-78aba5955fb8,/p/0/d54ea5396dd9b1c5,3,200,301202,35.152,1703.077,176858
1787803240197,90b20640-f595-53b4-cafb-11365dc0d2d0,/?crawl=71,0,200,361806,23.342,543.990,665096
1787803239725,1ff3bcd1-0da7-cd02-1374-522545639cba,/p/2/d9806960d9de78c0,9,200,277223,63.951,1036.976,267338
1787803239417,65e643b8-1fe4-00ce-db24-fee708c914ce,/p/0/1e8a6cbdf407cab2,5,200,400523,19.277,1402.998,285476
1787803239088,1ff3bcd1-0da7-cd02-1374-522545639cba,/p/0/a40bc420493e5050,8,200,205897,89.784,1759.823,116999
1787803240614,0fb30b2c-7f00-9973-50c9-e1a66649e8ac,/p/5/d274f3d75a6e603,1,200,185415,80.689,568.329,326246
1787803239346,0478c1ea-68e1-75c7-cddd-a5d083df15bb,/p/0/90fbb80a41ad0a5f,4,200,339243,35.775,1959.835,173098
1787803240197,0583420b-7232-d146-2f4b-1142cd2b8778,/?crawl=70,0,200,482689,36.633,1248.259,386690
1787803239346,0478c1ea-68e1-75c7-cddd-a5d083df15bb,/p/0/90fbb90a41ad0c12,4,200,415688,143.339,2176.182,191017
1787803240614,0fb30b2c-7f00-9973-50c9-e1a66649e8ac,/p/0/d27513d75a6e969,1,200,297628,13.808,923.314,322348
1787803228935,8932535e-9b64-cb37-fd14-1d68673e7fd8,/p/0/f806d275c1da1932,5,200,3232463,76.184,12639.666,255740
1787803235012,12028cc7-a6cb-1a51-d45d-d5f675c8e8a9,/p/2/ae125f6db2335095,1,200,2320365,22.603,6596.469,351759
1787803239446,1cf52f86-b72d-b329-7e9f-ab00fc76d7b0,/p/7/c4ba428c63559881,3,200,270318,238.894,2199.011,122927
1787803241445,0583420b-7232-d146-2f4b-1142cd2b8778,/p/0/9aff6f829c9281cb,1,200,36612,37.088,225.219,162562
1787803239776,1ff3bcd1-0da7-cd02-1374-522545639cba,/p/0/d9806a60d9de7a73,9,200,378370,86.385,1928.946,196154
1787803239011,fe9f5242-1dee-d8c5-2769-78aba5955fb8,/p/10/d54ea3396dd9ae5f,3,200,446068,189.034,2846.110,156729
1787803239731,a1600f92-0f69-ec40-9031-91960e1644b6,/p/0/904949de16744bf5,1,200,99892,161.124,2133.181,46828
1787803241705,1ff3bcd1-0da7-cd02-1374-522545639cba,/p/0/9743cddfa5c2faea,10,200,54121,80.290,285.646,189469
1787803232805,71d51f65-0f4a-4aae-f6b2-ad04f139a00e,/p/0/d841180214fb12,3,200,2664057,198.452,9274.770,287237
1787803235489,0cac6aae-1489-56e0-7461-86608a6b60d9,/p/0/c8f315cd38f2c4dc,3,200,482069,284.906,6623.125,72786
1787803235970,0cac6aae-1489-56e0-7461-86608a6b60d9,/p/8/70a15b83998d8e0e,4,200,479985,319.965,6147.692,78076
1787803239731,a1600f92-0f69-ec40-9031-91960e1644b6,/p/0/904947de1674488f,1,200,140338,81.458,2452.600,57220
1787803241857,fe9f5242-1dee-d8c5-2769-78aba5955fb8,/p/0/6df29844d4bbbd2,4,200,46273,197.137,599.173,77228
1787803241197,18a30cde-efa9-2e06-c7ee-862256ca2fbd,/?crawl=73,0,200,504921,38.617,1300.766,388172
1787803241182,0fb30b2c-7f00-9973-50c9-e1a66649e8ac,/p/4/9e2cac445ebe0ec5,2,200,321605,66.236,1325.250,242675
1787803241182,0fb30b2c-7f00-9973-50c9-e1a66649e8ac,/p/0/9e2cab445ebe0d12,2,200,360794,92.081,1358.799,265524
1787803242497,18a30cde-efa9-2e06-c7ee-862256ca2fbd,/p/0/e0c07369dec1a65e,1,200,33941,35.298,180.587,187948
1787803235197,7f448789-bd91-b2b9-e95f-95b6d3b2cce0,/?crawl=64,0,200,2635860,46.819,7581.665,347662
1787803239731,a1600f92-0f69-ec40-9031-91960e1644b6,/p/0/904948de16744a42,1,200,312102,201.332,3097.136,100771
1787803242118,0cac6aae-1489-56e0-7461-86608a6b60d9,/p/7/ab7c2c504b32abf6,5,200,16020,745.739,745.813,21480
1787803241609,12028cc7-a6cb-1a51-d45d-d5f675c8e8a9,/p/0/434d5edef1eeb1ab,2,200,230185,119.169,1357.323,169588
1787803242508,0fb30b2c-7f00-9973-50c9-e1a66649e8ac,/p/3/37850116db983566,3,200,76125,86.207,536.548,141879
1787803230719,b93bd898-c1c5-1dfb-d880-2d01ea6e3184,/p/1/8f8141011f10683e,4,200,3910841,151.923,12386.887,315724
1787803233751,0cac6aae-1489-56e0-7461-86608a6b60d9,/p/0/ecdaf06a234cf353,2,200,2281619,211.706,9427.004,242030
1787803242118,0cac6aae-1489-56e0-7461-86608a6b60d9,/p/0/ab7c2d504b32ada9,5,200,48201,747.415,1059.993,45473
1787803237510,e0d036c2-b593-f2f7-d9b7-9fae6a22b46f,/p/0/2d7d77403e8214d,3,200,341437,313.371,5715.870,59735
1787803237510,e0d036c2-b593-f2f7-d9b7-9fae6a22b46f,/p/0/2d7d57403e81de7,3,200,370215,222.386,5715.921,64769
1787803242508,0fb30b2c-7f00-9973-50c9-e1a66649e8ac,/p/0/3784ff16db983200,3,200,184141,79.293,844.086,218154
1787803233197,16864d94-b0b1-7c67-8072-6515eeb7838a,/?crawl=61,0,200,4140516,64.546,10163.428,407394
1787803241445,0583420b-7232-d146-2f4b-1142cd2b8778,/p/0/9aff70829c92837e,1,200,347004,113.449,1920.800,180656
1787803239757,ed44bc0f-ef2d-a9ce-7a2d-62863ae567a0,/p/7/6f828b6fd6b1ddfe,4,200,411123,527.865,3621.283,113530
1787803241609,12028cc7-a6cb-1a51-d45d-d5f675c8e8a9,/p/1/434d5ddef1eeaff8,2,200,360842,131.139,1798.702,200612
1787803243197,1ab85c26-3c31-03fe-56cf-9e345653fe8a,/?crawl=75,0,200,153089,22.651,213.894,715724
1787803220482,c5aa0efa-81cb-c472-cc06-ea5a979bd993,/p/3/7c18923206f699b7,3,200,2694476,181.543,22950.705,117403
1787803243197,6f0efafe-e89d-5630-efce-78caa6d5edb0,/?crawl=76,0,200,125803,38.305,312.882,402078
1787803242118,0cac6aae-1489-56e0-7461-86608a6b60d9,/p/0/ab7c2a504b32a890,5,200,521133,746.754,1397.764,372833
1787803241197,a5349b38-cbfc-4df3-d9e0-7f93099f73d0,/?crawl=72,0,200,521681,66.020,2360.468,221007
1787803243510,6f0efafe-e89d-5630-efce-78caa6d5edb0,/p/0/c1d41e3dc5c874bd,1,200,8524,35.427,52.192,163319
1787803243360,16864d94-b0b1-7c67-8072-6515eeb7838a,/p/0/a879fc2a1a7e9a01,1,200,39332,46.909,242.622,162112
1787803241445,0583420b-7232-d146-2f4b-1142cd2b8778,/p/5/9aff71829c928531,1,200,444842,205.273,2167.536,205229
1787803242497,18a30cde-efa9-2e06-c7ee-862256ca2fbd,/p/0/e0c07269dec1a4ab,1,200,193025,35.277,1155.146,167100
1787803242778,7f448789-bd91-b2b9-e95f-95b6d3b2cce0,/p/0/62b8fb42d84f7a87,1,200,101017,225.132,927.013,108970
1787803232823,9faa9546-7464-257f-611f-fdcf1ef233cd,/p/0/d4939962b8ed1f35,3,200,2943581,141.954,10918.554,269594
1787803242508,0fb30b2c-7f00-9973-50c9-e1a66649e8ac,/p/0/37850216db983719,3,200,311900,71.698,1351.386,230800
1787803243411,1ab85c26-3c31-03fe-56cf-9e345653fe8a,/p/0/553e729b5a63691d,1,200,90526,101.562,525.835,172157
1787803243360,16864d94-b0b1-7c67-8072-6515eeb7838a,/p/0/a879f92a1a7e94e8,1,200,129397,31.020,720.295,179644
1787803242497,18a30cde-efa9-2e06-c7ee-862256ca2fbd,/p/1/e0c07169dec1a2f8,1,200,397564,54.544,1591.664,249779
1787803241857,fe9f5242-1dee-d8c5-2769-78aba5955fb8,/p/9/6df27844d4bb86c,4,200,210681,215.341,2232.164,94384
1787803244089,18a30cde-efa9-2e06-c7ee-862256ca2fbd,/p/0/8ac1ecb4a77c5f64,2,200,7585,35.585,70.586,107457
1787803243407,12028cc7-a6cb-1a51-d45d-d5f675c8e8a9,/p/0/2d12df64221b42ec,3,200,92574,133.536,826.115,112059
1787803243178,0cac6aae-1489-56e0-7461-86608a6b60d9,/p/0/cf85096fb93321a4,6,200,371037,379.972,1065.129,348350
1787803243178,0cac6aae-1489-56e0-7461-86608a6b60d9,/p/0/cf850c6fb93326bd,6,200,240860,719.861,1092.101,220547
1787803243411,1ab85c26-3c31-03fe-56cf-9e345653fe8a,/p/0/553e6f9b5a636404,1,200,257019,21.798,864.659,297249
1787803242778,7f448789-bd91-b2b9-e95f-95b6d3b2cce0,/p/1/62b8fa42d84f78d4,1,200,179815,202.821,1572.406,114357
1787803241990,1ff3bcd1-0da7-cd02-1374-522545639cba,/p/0/9743ccdfa5c2f937,10,200,493351,70.714,2526.590,195264
1787803243411,1ab85c26-3c31-03fe-56cf-9e345653fe8a,/p/2/553e719b5a63676a,1,200,489793,21.752,1112.390,440307
1787803243197,eb7e981e-236e-e62e-fcbd-039d90b367ca,/?crawl=77,0,200,368286,51.830,1362.019,270397
1787803243044,0fb30b2c-7f00-9973-50c9-e1a66649e8ac,/p/0/ce414c9e48988a49,4,200,286096,104.811,1541.051,185650
1787803244089,18a30cde-efa9-2e06-c7ee-862256ca2fbd,/p/0/8ac1efb4a77c647d,2,200,122690,35.798,578.611,212042
1787803243360,16864d94-b0b1-7c67-8072-6515eeb7838a,/p/3/a879fa2a1a7e969b,1,200,475694,150.386,1341.672,354553
1787803242778,7f448789-bd91-b2b9-e95f-95b6d3b2cce0,/p/0/62b8fc42d84f7c3a,1,200,343582,39.757,1995.057,172217
1787803243433,c5aa0efa-81cb-c472-cc06-ea5a979bd993,/p/2/c7d7bc560abfede2,4,200,90652,229.128,1390.247,65206
1787803243044,0fb30b2c-7f00-9973-50c9-e1a66649e8ac,/p/2/ce414b9e48988896,4,200,409701,68.984,1844.208,222156
1787803234265,df4ac379-8e22-4164-6bfd-c5879d5cd9b5,/?crawl=63,0,200,6172004,51.687,10634.849,580357
1787803244523,1ab85c26-3c31-03fe-56cf-9e345653fe8a,/p/0/accdd9742e0a3cc5,2,200,114927,20.783,424.044,271026
1787803238132,7d9bd299-f439-b81d-f69e-7c44eab037c8,/p/2/b4fef9c093613456,4,200,523352,458.591,6895.840,75894
1787803244523,1ab85c26-3c31-03fe-56cf-9e345653fe8a,/p/0/accdd6742e0a37ac,2,200,159482,40.886,575.044,277339
1787803243433,c5aa0efa-81cb-c472-cc06-ea5a979bd993,/p/0/c7d7ba560abfea7c,4,200,146061,210.773,1703.005,85767
1787803238132,7d9bd299-f439-b81d-f69e-7c44eab037c8,/p/0/b4fef7c0936130f0,4,200,416886,229.156,7087.253,58822
1787803244899,df4ac379-8e22-4164-6bfd-c5879d5cd9b5,/p/0/cf4ea2e543b47f5b,1,200,58720,24.788,340.034,172689
1787803244523,1ab85c26-3c31-03fe-56cf-9e345653fe8a,/p/1/accdd7742e0a395f,2,200,276334,40.848,739.379,373738
1787803219545,c5aa0efa-81cb-c472-cc06-ea5a979bd993,/p/0/b26c68d8fdf157f6,2,200,3015364,226.844,25739.075,117151
1787803243407,12028cc7-a6cb-1a51-d45d-d5f675c8e8a9,/p/0/2d12e264221b4805,3,200,250593,144.644,1912.285,131044
1787803245263,1ab85c26-3c31-03fe-56cf-9e345653fe8a,/p/0/501624f987dff028,3,200,67424,20.222,98.149,686954
1787803244089,18a30cde-efa9-2e06-c7ee-862256ca2fbd,/p/0/8ac1edb4a77c6117,2,200,373048,35.696,1293.411,288422
1787803245197,1e46a455-56c8-91fa-0560-77e275a2328b,/?crawl=80,0,200,16457,123.368,269.788,61000
1787803244899,df4ac379-8e22-4164-6bfd-c5879d5cd9b5,/p/0/cf4ea3e543b4810e,1,200,166145,73.726,604.006,275072
1787803243612,0583420b-7232-d146-2f4b-1142cd2b8778,/p/0/955fc3f5425b1d0c,2,200,244856,37.918,1985.554,123319
1787803243352,0fb30b2c-7f00-9973-50c9-e1a66649e8ac,/p/0/ce41499e48988530,4,200,407326,71.031,2349.386,173375
1787803243106,b93bd898-c1c5-1dfb-d880-2d01ea6e3184,/p/0/a418e8fe0c73ffa4,5,200,376791,192.824,2598.868,144983
1787803245263,1ab85c26-3c31-03fe-56cf-9e345653fe8a,/p/0/501627f987dff541,3,200,180770,98.053,462.684,390698
1787803245197,ef03f431-9299-2706-2fa0-625d62315506,/?crawl=81,0,200,175649,44.729,566.938,309820
1787803245197,cf6b0c32-d027-3b38-e2ca-a9d4c3aeba8a,/?crawl=79,0,200,308634,29.347,592.636,520782
1787803243378,ed44bc0f-ef2d-a9ce-7a2d-62863ae567a0,/p/0/6111d15803996205,5,200,211049,350.119,2496.662,84532
1787803244899,df4ac379-8e22-4164-6bfd-c5879d5cd9b5,/p/5/cf4ea4e543b482c1,1,200,366387,62.105,976.811,375085
1787803243106,b93bd898-c1c5-1dfb-d880-2d01ea6e3184,/p/0/a418e9fe0c740157,5,200,453073,34.225,2787.595,162532
1787803238197,5da666f7-3930-edb3-8a37-ce435aa8f714,/?crawl=66,0,200,4666522,26.249,7697.106,606270
1787803244559,eb7e981e-236e-e62e-fcbd-039d90b367ca,/p/0/2e69c8e0312d7eaa,1,200,234502,50.614,1439.520,162903
1787803243407,12028cc7-a6cb-1a51-d45d-d5f675c8e8a9,/p/0/2d12e064221b449f,3,200,387519,180.393,2632.456,147208
1787803245789,cf6b0c32-d027-3b38-e2ca-a9d4c3aeba8a,/p/0/6c427238631fe039,1,200,42463,28.321,319.607,132860
1787803243106,b93bd898-c1c5-1dfb-d880-2d01ea6e3184,/p/0/a418ebfe0c7404bd,5,200,444513,192.842,3067.129,144928
1787803245028,7d9bd299-f439-b81d-f69e-7c44eab037c8,/p/0/5c98bf71152e0742,5,200,25793,382.495,1148.193,22464
1787803212434,63feb0eb-2564-8058-5024-1e4cb93e9190,/p/0/8be8eecaf3720e7,1,200,4355940,48.642,33756.270,129041
1787803243378,ed44bc0f-ef2d-a9ce-7a2d-62863ae567a0,/p/0/6111ce5803995cec,5,200,189385,367.783,2918.144,64899
1787803244559,eb7e981e-236e-e62e-fcbd-039d90b367ca,/p/0/2e69c7e0312d7cf7,1,200,139575,326.790,1742.570,80097
1787803228250,e74dc3e9-9b81-1c67-b868-f59eb1ef8038,/p/0/cf92077e18a4b99e,6,200,2851486,46.570,18067.410,157825
1787803232823,9faa9546-7464-257f-611f-fdcf1ef233cd,/p/0/d4939762b8ed1bcf,3,200,4120003,154.224,13531.114,304484
1787803244823,c5aa0efa-81cb-c472-cc06-ea5a979bd993,/p/1/7705d126e48d5ad3,5,200,81677,278.767,1641.164,49768
1787803235970,0cac6aae-1489-56e0-7461-86608a6b60d9,/p/0/70a15983998d8aa8,4,200,3600180,355.233,10679.942,337097
1787803244702,16864d94-b0b1-7c67-8072-6515eeb7838a,/p/0/bae9211e6de3b0dd,2,200,363233,173.625,1951.428,186137
1787803245789,cf6b0c32-d027-3b38-e2ca-a9d4c3aeba8a,/p/0/6c426f38631fdb20,1,200,216521,58.513,873.535,247868
1787803244559,eb7e981e-236e-e62e-fcbd-039d90b367ca,/p/8/2e69c6e0312d7b44,1,200,233285,326.725,2144.432,108786
1787803216464,e74dc3e9-9b81-1c67-b868-f59eb1ef8038,/p/0/85b83edab4ace2c4,5,200,4320478,202.731,30313.341,142527
1787803244090,fe9f5242-1dee-d8c5-2769-78aba5955fb8,/p/0/7ff8d1f6f4ff3870,5,200,257801,219.187,2746.420,93868
1787803245894,5da666f7-3930-edb3-8a37-ce435aa8f714,/p/4/898da4fe018564fa,1,200,146268,189.606,1078.640,135604
1787803243378,ed44bc0f-ef2d-a9ce-7a2d-62863ae567a0,/p/6/6111d05803996052,5,200,357411,367.732,3695.857,96706
1787803244889,0fb30b2c-7f00-9973-50c9-e1a66649e8ac,/p/1/1552845cdc7f02f0,5,200,476861,95.046,2217.617,215033
1787803244889,0fb30b2c-7f00-9973-50c9-e1a66649e8ac,/p/0/1552855cdc7f04a3,5,200,481601,67.221,2245.507,214473
1787803245876,df4ac379-8e22-4164-6bfd-c5879d5cd9b5,/p/4/8bcb72de09de1a0a,2,200,297361,118.725,1355.115,219436
1787803246703,eb7e981e-236e-e62e-fcbd-039d90b367ca,/p/0/37923309f3d5df42,2,200,80804,48.829,601.154,134415
1787803245876,df4ac379-8e22-4164-6bfd-c5879d5cd9b5,/p/0/8bcb73de09de1bbd,2,200,326305,48.775,1511.993,215811
1787803240366,331385a9-7318-219a-59f0-3ebce55bbba8,/p/0/57db927da3657e8e,5,200,328487,361.699,7041.189,46652
1787803244351,7f448789-bd91-b2b9-e95f-95b6d3b2cce0,/p/0/14e0d41427383651,2,200,387981,207.758,3222.222,120408
1787803246197,d66568bc-db56-b020-ae6e-bd870e82c002,/?crawl=82,0,200,441412,46.830,1386.238,318424
1787803243613,0583420b-7232-d146-2f4b-1142cd2b8778,/p/4/955fc5f5425b2072,2,200,2569145,189.502,3984.922,644717
1787803243613,0583420b-7232-d146-2f4b-1142cd2b8778,/p/0/955fc6f5425b2225,2,200,3828045,170.445,3986.237,960316
1787803247597,0583420b-7232-d146-2f4b-1142cd2b8778,/p/3/22dff7f3a589b521,3,200,93289,6.035,81.146,1149651
1787803246703,eb7e981e-236e-e62e-fcbd-039d90b367ca,/p/7/37923109f3d5dbdc,2,200,105473,147.763,1032.154,102187
1787803244090,fe9f5242-1dee-d8c5-2769-78aba5955fb8,/p/0/7ff8d4f6f4ff3d89,5,200,279170,237.475,3649.702,76491
1787803233675,e51c2ccc-530c-0524-fc27-87f81183ca9e,/p/0/b76f82b21eb86116,2,200,439395,218.770,14090.803,31183
1787803247598,0583420b-7232-d146-2f4b-1142cd2b8778,/p/0/22dff6f3a589b36e,3,200,225819,6.790,304.100,742581
1787803244351,7f448789-bd91-b2b9-e95f-95b6d3b2cce0,/p/0/14e0d3142738349e,2,200,360389,230.522,3558.668,101271
1787803244351,7f448789-bd91-b2b9-e95f-95b6d3b2cce0,/p/0/14e0d11427383138,2,200,401794,274.024,3579.690,112243
1787803244197,2a2268c8-9112-1d57-fb69-190a46be0fff,/?crawl=78,0,200,74769,447.271,3843.067,19456
1787803247583,d66568bc-db56-b020-ae6e-bd870e82c002,/p/0/9786116f7ccaf7f6,1,200,88791,45.096,567.512,156457
1787803246197,548a7f9d-41e4-e529-50a4-b4a5553f5aa5,/?crawl=83,0,200,438163,67.427,1980.195,221273
1787803238675,e51c2ccc-530c-0524-fc27-87f81183ca9e,/p/2/62db96fd3af5dcb4,4,200,72189,216.261,9549.763,7559
1787803247679,0583420b-7232-d146-2f4b-1142cd2b8778,/p/2/627a3c3eb041dd03,4,200,297949,39.787,560.261,531804
1787803247231,df4ac379-8e22-4164-6bfd-c5879d5cd9b5,/p/0/9afb5576d1d42ae8,3,200,120684,120.582,1181.597,102136
1787803247074,ed44bc0f-ef2d-a9ce-7a2d-62863ae567a0,/p/5/6059ac7bc28e122d,6,200,107006,189.195,1517.023,70537
1787803247679,0583420b-7232-d146-2f4b-1142cd2b8778,/p/0/627a3b3eb041db50,4,200,466138,39.652,943.173,494223
1787803247597,0583420b-7232-d146-2f4b-1142cd2b8778,/p/0/22dff5f3a589b1bb,3,200,522898,7.001,1057.834,494310
1787803247679,0583420b-7232-d146-2f4b-1142cd2b8778,/p/0/627a3e3eb041e069,4,200,480002,32.232,988.134,485766
1787803248239,0583420b-7232-d146-2f4b-1142cd2b8778,/p/0/a2497dbf8ad31dfc,5,200,146494,33.389,429.525,341061
1787803217197,321a4300-0258-0b4e-ecc7-17716e887cda,/?crawl=33,0,200,5223422,308.386,32023.429,163113
1787803232743,ce64557d-453a-515f-e207-e2cc57208192,/p/0/1aa808101d98571c,1,200,2625687,160.664,16504.713,159087
1787803247736,eb7e981e-236e-e62e-fcbd-039d90b367ca,/p/0/84b32410d798fac2,3,200,90608,278.897,1690.739,53591
1787803240366,331385a9-7318-219a-59f0-3ebce55bbba8,/p/0/57db937da3658041,5,200,450559,314.074,9066.483,49695
1787803245894,5da666f7-3930-edb3-8a37-ce435aa8f714,/p/0/898da5fe018566ad,1,200,514780,27.593,3611.614,142535
1787803231429,d179d41e-b523-39e2-94e1-1eb7aef09fe5,/p/3/a62a09dea1f69610,1,200,168256,1496.530,18101.294,9295
1787803233675,e51c2ccc-530c-0524-fc27-87f81183ca9e,/p/0/b76f81b21eb85f63,2,200,522483,218.800,15898.069,32865
1787803247583,d66568bc-db56-b020-ae6e-bd870e82c002,/p/7/97860f6f7ccaf490,1,200,274885,339.888,2003.637,137193
1787803247106,0fb30b2c-7f00-9973-50c9-e1a66649e8ac,/p/0/45baeeaed084268,6,200,429184,74.019,2547.195,168493
1787803232541,1ff3bcd1-0da7-cd02-1374-522545639cba,/p/0/8fcf8b36f057303e,5,200,5821763,67.040,17116.389,340128
1787803246703,eb7e981e-236e-e62e-fcbd-039d90b367ca,/p/0/37923209f3d5dd8f,2,200,330046,147.775,3152.121,104706
1787803234223,9be8c8ed-4ea5-2062-ff35-3b8a81f1f7ed,/p/0/873db6b288fd67d5,1,200,391965,275.234,15832.953,24756
1787803247735,eb7e981e-236e-e62e-fcbd-039d90b367ca,/p/0/84b32310d798f90f,3,200,140701,278.976,2326.159,60486
1787803245764,ef03f431-9299-2706-2fa0-625d62315506,/p/0/51c50d883a9bd363,1,200,427063,179.448,4302.361,99262
1787803245764,ef03f431-9299-2706-2fa0-625d62315506,/p/0/51c50f883a9bd6c9,1,200,440289,44.791,4459.552,98729
1787803237883,1ff3bcd1-0da7-cd02-1374-522545639cba,/p/0/24e5c9cc8be2686a,6,200,2808539,62.045,12850.080,218562
1787803221326,63feb0eb-2564-8058-5024-1e4cb93e9190,/p/0/9bc31a0448fc678b,5,200,4254007,256.324,29446.317,144467
1787803245466,1e46a455-56c8-91fa-0560-77e275a2328b,/p/0/be5ab82aa600dd50,1,200,374147,127.792,5306.318,70510
1787803248239,0583420b-7232-d146-2f4b-1142cd2b8778,/p/0/a24980bf8ad32315,5,200,3839385,42.988,2621.498,1464577
1787803246973,5da666f7-3930-edb3-8a37-ce435aa8f714,/p/0/eae79ce7711d10a4,2,200,376242,553.716,3913.386,96142
1787803240848,1ff3bcd1-0da7-cd02-1374-522545639cba,/p/1/9743cedfa5c2fc9d,10,200,2558814,76.129,10130.195,252593
1787803245263,1ab85c26-3c31-03fe-56cf-9e345653fe8a,/p/0/501626f987dff38e,3,200,3967446,109.218,5848.219,678402
1787803248239,0583420b-7232-d146-2f4b-1142cd2b8778,/p/1/a2497ebf8ad31faf,5,200,5973316,49.870,2924.852,2042263
1787803251164,0583420b-7232-d146-2f4b-1142cd2b8778,/p/0/6e9ebe37e07c354b,6,200,225813,9.505,92.530,2440431
1787803251164,0583420b-7232-d146-2f4b-1142cd2b8778,/p/0/6e9ebd37e07c3398,6,200,238919,1.478,133.461,1790182
1787803251164,0583420b-7232-d146-2f4b-1142cd2b8778,/p/0/6e9ebf37e07c36fe,6,200,474797,1.214,166.931,2844276
1787803213366,63feb0eb-2564-8058-5024-1e4cb93e9190,/p/0/43bc1512a805cd2c,2,200,4941536,151.660,38149.290,129532
1787803246972,5da666f7-3930-edb3-8a37-ce435aa8f714,/p/0/eae79fe7711d15bd,2,200,476883,228.480,4599.421,103683
1787803251197,6d5e3f1b-7395-7ddd-5bb8-9ccd5b8cb14e,/?crawl=86,0,200,88009,83.415,521.498,168762
1787803251197,82028ba3-52a7-a42a-a64e-e0cd50293bb1,/?crawl=85,0,200,338388,36.417,792.567,426952
1787803245028,7d9bd299-f439-b81d-f69e-7c44eab037c8,/p/1/5c98c071152e08f5,5,200,433963,460.868,7097.066,61147
1787803232245,e74dc3e9-9b81-1c67-b868-f59eb1ef8038,/p/0/5eee61692e9ad35d,8,200,2382302,20.765,19896.966,119732
1787803235489,0cac6aae-1489-56e0-7461-86608a6b60d9,/p/0/c8f318cd38f2c9f5,3,200,4753597,302.009,16657.854,285367
1787803229624,d32de357-8cc0-e20a-ebf9-a4cc09761d0b,/p/0/ccfeb599cb2c83e9,1,200,4253653,69.534,22583.789,188350
1787803234019,d23f0858-b1f7-bef1-1fdf-a9606a32322a,/p/1/d720b19c4159d51e,8,200,2282965,237.602,18292.173,124806
1787803252197,fff1ea97-b6b4-3164-10bb-35abbc98d713,/?crawl=89,0,200,19831,69.350,129.956,152598
1787803250978,1ff3bcd1-0da7-cd02-1374-522545639cba,/p/0/4d30a839ef62c507,11,200,307477,72.044,1419.060,216677
1787803252197,f96cf050-1440-7233-cad8-3abef4e2a5ef,/?crawl=88,0,200,53438,65.570,244.946,218162
1787803252442,f96cf050-1440-7233-cad8-3abef4e2a5ef,/p/0/59ad63174ad88de8,1,200,15629,59.922,120.123,130108
1787803234791,108c8b66-9697-13f3-c04b-5ad9afcac289,/p/0/917797234a71c49b,3,200,2120989,164.692,17815.413,119054
1787803252125,7d9bd299-f439-b81d-f69e-7c44eab037c8,/p/0/4aa630609338e771,6,200,7113,493.401,609.783,11665
1787803250198,14d2fd6b-98b5-376a-463f-21c8ff0d7c36,/?crawl=84,0,200,460207,103.032,2557.496,179944
1787803238675,e51c2ccc-530c-0524-fc27-87f81183ca9e,/p/0/62db97fd3af5de67,4,200,398253,216.304,14088.463,28268
1787803247407,331385a9-7318-219a-59f0-3ebce55bbba8,/p/0/57db907da3657b28,5,200,424977,237.921,5367.707,79173
1787803249587,d66568bc-db56-b020-ae6e-bd870e82c002,/p/0/c11cbd535691298f,2,200,221319,249.809,3258.022,67930
1787803236738,e51c2ccc-530c-0524-fc27-87f81183ca9e,/p/0/cbfe65d857bce553,3,200,407752,282.162,16129.788,25279
1787803252311,d23f0858-b1f7-bef1-1fdf-a9606a32322a,/p/0/45a48b0ccb66e0f8,9,200,44789,248.459,577.037,77619
1787803248224,e51c2ccc-530c-0524-fc27-87f81183ca9e,/p/1/32fd7fbd491b4424,5,200,213353,260.056,4687.125,45519
1787803250978,1ff3bcd1-0da7-cd02-1374-522545639cba,/p/0/4d30a739ef62c354,11,200,456019,72.167,1970.366,231439
1787803252327,fff1ea97-b6b4-3164-10bb-35abbc98d713,/p/12/ed17ba74df738761,1,200,64849,61.831,649.685,99816
1787803249587,d66568bc-db56-b020-ae6e-bd870e82c002,/p/0/c11cbe5356912b42,2,200,234052,272.452,3556.258,65814
1787803245789,cf6b0c32-d027-3b38-e2ca-a9d4c3aeba8a,/p/5/6c427138631fde86,1,200,3956738,99.778,7452.049,530960
1787803218138,63feb0eb-2564-8058-5024-1e4cb93e9190,/p/2/9bc31c0448fc6af1,5,200,5907534,229.466,35134.166,168142
1787803231429,d179d41e-b523-39e2-94e1-1eb7aef09fe5,/p/0/a62a0bdea1f69976,1,200,236000,1784.049,21853.617,10799
1787803251197,4a600044-b824-75ce-64cc-0ee37bb6476e,/?crawl=87,0,200,457209,70.128,2116.643,216007
1787803247074,ed44bc0f-ef2d-a9ce-7a2d-62863ae567a0,/p/0/6059aa7bc28e0ec7,6,200,472668,225.155,6354.976,74378
1787803234791,108c8b66-9697-13f3-c04b-5ad9afcac289,/p/0/917798234a71c64e,3,200,2948675,142.104,18755.639,157215
1787803248591,ed44bc0f-ef2d-a9ce-7a2d-62863ae567a0,/p/0/121b125ad404f4ff,7,200,306462,201.889,4973.300,61621
1787803236084,ce64557d-453a-515f-e207-e2cc57208192,/p/0/ef15038250f1644b,2,200,4105203,234.714,17541.698,234025
1787803240614,0fb30b2c-7f00-9973-50c9-e1a66649e8ac,/p/0/d274e3d75a6e450,1,200,3065443,19.262,13015.641,235520
1787803253241,cf6b0c32-d027-3b38-e2ca-a9d4c3aeba8a,/p/0/39541c369e570072,2,200,127405,2.226,390.592,326185
1787803253241,cf6b0c32-d027-3b38-e2ca-a9d4c3aeba8a,/p/0/39541b369e56febf,2,200,268302,2.214,399.708,671245
1787803253241,cf6b0c32-d027-3b38-e2ca-a9d4c3aeba8a,/p/4/39541d369e570225,2,200,340519,3.871,401.086,848992
1787803247074,ed44bc0f-ef2d-a9ce-7a2d-62863ae567a0,/p/0/6059ab7bc28e107a,6,200,445090,260.323,6603.995,67397
1787803235012,12028cc7-a6cb-1a51-d45d-d5f675c8e8a9,/p/0/ae125d6db2334d2f,1,200,5567750,116.689,18720.249,297419
1787803252442,f96cf050-1440-7233-cad8-3abef4e2a5ef,/p/5/59ad65174ad8914e,1,200,202289,119.997,1543.378,131069
1787803254197,48566d99-8687-1c66-c262-45eb68f9fd83,/?crawl=92,0,200,64062,17.726,71.196,899802
1787803253643,cf6b0c32-d027-3b38-e2ca-a9d4c3aeba8a,/p/0/fc079155b91edfd5,3,200,101584,54.216,662.243,153394
1787803241609,12028cc7-a6cb-1a51-d45d-d5f675c8e8a9,/p/0/434d5fdef1eeb35e,2,200,3789175,107.254,12905.865,293601
1787803254197,6a276a8c-84f2-66fc-21c1-b3663e7b234f,/?crawl=93,0,200,114372,43.917,329.963,346620
1787803253643,cf6b0c32-d027-3b38-e2ca-a9d4c3aeba8a,/p/3/fc078f55b91edc6f,3,200,119289,34.378,893.200,133552
1787803251719,6d5e3f1b-7395-7ddd-5bb8-9ccd5b8cb14e,/p/0/e52f65e5cf36ce8f,1,200,149295,437.167,2889.974,51660
1787803251719,6d5e3f1b-7395-7ddd-5bb8-9ccd5b8cb14e,/p/0/e52f66e5cf36d042,1,200,172694,397.104,2929.261,58955
1787803254526,6a276a8c-84f2-66fc-21c1-b3663e7b234f,/p/0/228a2b7403cfae8c,1,200,14222,223.841,325.942,43634
1787803253272,63feb0eb-2564-8058-5024-1e4cb93e9190,/p/0/4aacd8ed63ced014,6,200,265058,31.169,1596.962,165976
1787803231362,e74dc3e9-9b81-1c67-b868-f59eb1ef8038,/p/6/5eee5f692e9acff7,8,200,4093455,47.975,23556.689,173770
1787803244889,0fb30b2c-7f00-9973-50c9-e1a66649e8ac,/p/0/1552865cdc7f0656,5,200,2158931,89.186,10032.768,215188
1787803254197,c0c10915-3471-79f2-0f28-e98cd9c13848,/?crawl=91,0,200,328949,34.454,736.014,446933
1787803218267,331385a9-7318-219a-59f0-3ebce55bbba8,/p/0/1bcb4bac9ad28ae9,1,200,4033608,139.685,36997.335,109024
1787803253272,63feb0eb-2564-8058-5024-1e4cb93e9190,/p/0/4aacdbed63ced52d,6,200,320946,149.598,2165.229,148227
1787803248592,ed44bc0f-ef2d-a9ce-7a2d-62863ae567a0,/p/4/121b115ad404f34c,7,200,487321,242.024,6954.692,70071
1787803254268,48566d99-8687-1c66-c262-45eb68f9fd83,/p/0/b5f481d1986aa652,1,200,372743,60.469,1343.823,277375
1787803254268,48566d99-8687-1c66-c262-45eb68f9fd83,/p/6/b5f482d1986aa805,1,200,350132,15.005,1346.311,260068
1787803240762,1ff3bcd1-0da7-cd02-1374-522545639cba,/p/0/d9806b60d9de7c26,9,200,4191845,80.144,14864.663,282001
1787803248177,548a7f9d-41e4-e529-50a4-b4a5553f5aa5,/p/7/2af064cd1165eaa3,1,200,306139,334.555,7472.968,40966
1787803252976,fff1ea97-b6b4-3164-10bb-35abbc98d713,/p/0/9c51850e14ae2b57,2,200,135067,310.622,2764.977,48849
1787803255546,ed44bc0f-ef2d-a9ce-7a2d-62863ae567a0,/p/0/68eb46bbfcf45237,8,200,10768,200.953,273.518,39369
1787803218267,331385a9-7318-219a-59f0-3ebce55bbba8,/p/0/1bcb48ac9ad285d0,1,200,4788856,139.611,37702.017,127019
1787803233845,331385a9-7318-219a-59f0-3ebce55bbba8,/p/0/324a6870f63f3c79,4,200,3698437,300.270,22129.762,167125
1787803255614,48566d99-8687-1c66-c262-45eb68f9fd83,/p/5/1ca9644d4b7f9b31,2,200,28648,206.579,392.697,72952
1787803253314,4a600044-b824-75ce-64cc-0ee37bb6476e,/p/0/7899bc4363d1c655,1,200,169705,401.370,2713.767,62535
1787803254536,cf6b0c32-d027-3b38-e2ca-a9d4c3aeba8a,/p/0/a5036d9b28a4405b,4,200,165915,195.147,1632.207,101651
1787803253643,cf6b0c32-d027-3b38-e2ca-a9d4c3aeba8a,/p/0/fc078e55b91edabc,3,200,388342,189.189,2592.929,149770
1787803242197,0bc6c343-fd5b-3b3e-37e3-d1d8563349f9,/?crawl=74,0,200,6269328,32.475,14041.873,446474
1787803254933,c0c10915-3471-79f2-0f28-e98cd9c13848,/p/0/fbb583b8da99c77f,1,200,192791,31.707,1433.085,134529
1787803239088,1ff3bcd1-0da7-cd02-1374-522545639cba,/p/0/a40bc720493e5569,8,200,4940408,75.648,17324.512,285169
1787803252327,fff1ea97-b6b4-3164-10bb-35abbc98d713,/p/0/ed17b874df7383fb,1,200,203047,155.624,4097.642,49552
1787803254933,c0c10915-3471-79f2-0f28-e98cd9c13848,/p/2/fbb582b8da99c5cc,1,200,235101,96.429,1495.201,157237
1787803255650,548a7f9d-41e4-e529-50a4-b4a5553f5aa5,/p/0/ba53e705ef32a2c1,2,200,36849,365.211,867.734,42466
1787803254527,6a276a8c-84f2-66fc-21c1-b3663e7b234f,/p/0/228a2d7403cfb1f2,1,200,368635,203.702,2072.952,177831
1787803255197,ab20e2c6-17bf-e321-abcd-e30c10aef1f9,/?crawl=94,0,200,161222,152.906,1586.785,101603
1787803255650,548a7f9d-41e4-e529-50a4-b4a5553f5aa5,/p/6/ba53e505ef329f5b,2,200,32300,398.750,1304.458,24761
1787803255614,48566d99-8687-1c66-c262-45eb68f9fd83,/p/0/1ca9624d4b7f97cb,2,200,160394,233.957,1530.116,104825
1787803256007,48566d99-8687-1c66-c262-45eb68f9fd83,/p/4/8916c7c8ba634782,3,200,210631,146.288,1252.693,168143
1787803254918,e74dc3e9-9b81-1c67-b868-f59eb1ef8038,/p/0/f7d9d284e1ac9e68,9,200,310169,115.425,2407.357,128842
1787803254536,cf6b0c32-d027-3b38-e2ca-a9d4c3aeba8a,/p/2/a5036c9b28a43ea8,4,200,497339,215.116,2871.000,173228
1787803227637,331385a9-7318-219a-59f0-3ebce55bbba8,/p/0/e563c447388ae653,3,200,5243346,242.734,29789.316,176014
1787803247106,0fb30b2c-7f00-9973-50c9-e1a66649e8ac,/p/0/45bafeaed08441b,6,200,2759571,86.490,10358.694,266401
1787803221844,452971bf-e875-1435-2f47-7f6c6fe20dea,/p/0/e9f47fa9d222f1a9,5,200,3240178,48.871,35792.866,90526
1787803241182,0fb30b2c-7f00-9973-50c9-e1a66649e8ac,/p/0/9e2caa445ebe0b5f,2,200,4094138,72.937,16603.267,246586
1787803237197,13609c2b-27bd-5493-5ad2-09fe17a82ecd,/?crawl=65,0,200,5452081,56.912,20649.308,264032
1787803257407,cf6b0c32-d027-3b38-e2ca-a9d4c3aeba8a,/p/0/92ed67fc9caf456,5,200,21910,140.069,442.741,49487
1787803252311,d23f0858-b1f7-bef1-1fdf-a9606a32322a,/p/0/45a48d0ccb66e45e,9,200,494430,154.306,5649.759,87513
1787803254919,e74dc3e9-9b81-1c67-b868-f59eb1ef8038,/p/0/f7d9d584e1aca381,9,200,449707,36.655,3155.171,142530
1787803232721,108c8b66-9697-13f3-c04b-5ad9afcac289,/p/0/d4e70928db693b08,1,200,5576578,71.748,25354.227,219947
1787803254919,e74dc3e9-9b81-1c67-b868-f59eb1ef8038,/p/5/f7d9d484e1aca1ce,9,200,510060,209.839,3339.256,152747
1787803245876,df4ac379-8e22-4164-6bfd-c5879d5cd9b5,/p/0/8bcb70de09de16a4,2,200,2633870,23.931,12409.084,212253
1787803247231,df4ac379-8e22-4164-6bfd-c5879d5cd9b5,/p/0/9afb5876d1d43001,3,200,2736109,144.535,11063.646,247306
1787803258197,dc1bc04f-82e3-aae1-b398-98a3731896a3,/?crawl=100,0,200,37957,32.222,100.959,375965
1787803252327,fff1ea97-b6b4-3164-10bb-35abbc98d713,/p/0/ed17b974df7385ae,1,200,397478,185.969,5989.730,66360
1787803248177,548a7f9d-41e4-e529-50a4-b4a5553f5aa5,/p/0/2af063cd1165e8f0,1,200,405158,167.837,10221.542,39638
1787803252125,7d9bd299-f439-b81d-f69e-7c44eab037c8,/p/0/4aa62d609338e258,6,200,303178,493.707,6358.871,47678
1787803252976,fff1ea97-b6b4-3164-10bb-35abbc98d713,/p/0/9c51860e14ae2d0a,2,200,274412,310.619,5525.949,49659
1787803258197,63a2f736-a599-8f16-6df1-716b89ede193,/?crawl=97,0,200,333593,19.930,406.019,821620
1787803252976,fff1ea97-b6b4-3164-10bb-35abbc98d713,/p/11/9c51870e14ae2ebd,2,200,397741,342.836,5681.449,70007
1787803255614,48566d99-8687-1c66-c262-45eb68f9fd83,/p/0/1ca9634d4b7f997e,2,200,450381,206.579,3091.088,145703
1787803250978,1ff3bcd1-0da7-cd02-1374-522545639cba,/p/0/4d30a939ef62c6ba,11,200,4892522,66.108,7802.297,627062
1787803258258,e74dc3e9-9b81-1c67-b868-f59eb1ef8038,/p/0/474742302d00b984,10,200,76704,38.976,634.531,120883
1787803258603,63a2f736-a599-8f16-6df1-716b89ede193,/p/21/d4e0d7fdb163d9a6,1,200,191355,17.886,429.573,445454
1787803242864,0cac6aae-1489-56e0-7461-86608a6b60d9,/p/6/cf850a6fb9332357,6,200,5819800,656.774,16181.032,359668
1787803234791,108c8b66-9697-13f3-c04b-5ad9afcac289,/p/3/917796234a71c2e8,3,200,6110169,149.016,24307.219,251373
1787803258705,48566d99-8687-1c66-c262-45eb68f9fd83,/p/0/76b8168ba158fad9,4,200,52187,82.436,419.085,124526
1787803256197,dac67aa3-6e0a-202f-e278-dd7cbc66cb98,/?crawl=95,0,200,2991767,18.266,2949.767,1014238
1787803258258,e74dc3e9-9b81-1c67-b868-f59eb1ef8038,/p/0/474745302d00be9d,10,200,139356,56.818,933.019,149360
1787803259146,dac67aa3-6e0a-202f-e278-dd7cbc66cb98,/p/2/ae0c2d42882ded80,1,200,36646,38.543,84.517,433592
1787803247231,df4ac379-8e22-4164-6bfd-c5879d5cd9b5,/p/3/9afb5676d1d42c9b,3,200,5368101,144.535,12041.953,445783
1787803239011,fe9f5242-1dee-d8c5-2769-78aba5955fb8,/p/0/d54ea2396dd9acac,3,200,2463361,189.139,20354.997,121020
1787803259098,108c8b66-9697-13f3-c04b-5ad9afcac289,/p/2/f17ccb7c51bbf327,4,200,120672,53.289,298.569,404167
1787803258658,fff1ea97-b6b4-3164-10bb-35abbc98d713,/p/0/5836b1a83244f47f,3,200,65854,62.041,774.995,84973
1787803259045,0cac6aae-1489-56e0-7461-86608a6b60d9,/p/0/136f580077b48386,7,200,42232,178.572,391.995,107736
1787803247134,0fb30b2c-7f00-9973-50c9-e1a66649e8ac,/p/0/45bb1eaed084781,6,200,5331028,84.311,12336.407,432138
1787803259397,108c8b66-9697-13f3-c04b-5ad9afcac289,/p/1/3143ded2760f9987,5,200,8832,75.555,105.658,83590
1787803258297,dc1bc04f-82e3-aae1-b398-98a3731896a3,/p/0/f4ea2657f44ac30f,1,200,153139,74.805,1304.068,117432
1787803259397,108c8b66-9697-13f3-c04b-5ad9afcac289,/p/0/3143e0d2760f9ced,5,200,32310,75.565,229.548,140755
1787803259502,108c8b66-9697-13f3-c04b-5ad9afcac289,/p/0/11c0c75e11e2f4ba,6,200,10489,108.004,160.528,65341
1787803246972,5da666f7-3930-edb3-8a37-ce435aa8f714,/p/3/eae79de7711d1257,2,200,2644661,565.311,12703.577,208182
1787803258298,dc1bc04f-82e3-aae1-b398-98a3731896a3,/p/0/f4ea2757f44ac4c2,1,200,221257,35.502,1437.158,153955
1787803259045,0cac6aae-1489-56e0-7461-86608a6b60d9,/p/0/136f570077b481d3,7,200,185976,36.950,746.233,249220
1787803258197,19391e0a-3e31-7406-f722-99624c645e62,/?crawl=99,0,200,404780,80.280,1605.654,252097
1787803257260,48566d99-8687-1c66-c262-45eb68f9fd83,/p/3/76b8148ba158f773,4,200,422238,104.223,2549.911,165589
1787803257260,48566d99-8687-1c66-c262-45eb68f9fd83,/p/0/76b8138ba158f5c0,4,200,478830,94.521,2550.019,187775
1787803258298,dc1bc04f-82e3-aae1-b398-98a3731896a3,/p/3/f4ea2857f44ac675,1,200,293236,228.817,1627.798,180143
1787803258258,e74dc3e9-9b81-1c67-b868-f59eb1ef8038,/p/4/474744302d00bcea,10,200,416520,115.340,1686.922,246911
1787803234019,d23f0858-b1f7-bef1-1fdf-a9606a32322a,/p/0/d720b29c4159d6d1,8,200,3022106,340.256,26041.768,116048
1787803257407,cf6b0c32-d027-3b38-e2ca-a9d4c3aeba8a,/p/1/92ed47fc9caf0f0,5,200,499972,140.081,2704.978,184834
1787803223393,452971bf-e875-1435-2f47-7f6c6fe20dea,/p/3/b72c9aaae13768dc,6,200,3720986,245.018,36771.909,101191
1787803259810,48566d99-8687-1c66-c262-45eb68f9fd83,/p/2/e8040c3d23e7edd6,5,200,48637,76.407,360.579,134886
1787803259802,19391e0a-3e31-7406-f722-99624c645e62,/p/0/97082ea57f717817,1,200,66156,41.610,371.625,178018
1787803259626,108c8b66-9697-13f3-c04b-5ad9afcac289,/p/0/11c0c55e11e2f154,6,200,127245,74.265,576.898,220568
1787803259397,108c8b66-9697-13f3-c04b-5ad9afcac289,/p/0/3143ddd2760f97d4,5,200,158857,75.444,908.600,174837
1787803253985,f96cf050-1440-7233-cad8-3abef4e2a5ef,/p/0/208acacdfa1df214,2,200,167417,301.307,6326.305,26464
1787803259273,df4ac379-8e22-4164-6bfd-c5879d5cd9b5,/p/0/8dc25757bb668ca0,4,200,336620,2.256,1045.394,322003
1787803259032,63a2f736-a599-8f16-6df1-716b89ede193,/p/0/effe8a39a2533d53,2,200,254393,110.610,1399.283,181802
1787803260112,cf6b0c32-d027-3b38-e2ca-a9d4c3aeba8a,/p/0/3afc0c63d405648f,6,200,9427,283.610,405.135,23269
1787803252125,7d9bd299-f439-b81d-f69e-7c44eab037c8,/p/0/4aa62f609338e5be,6,200,414183,531.990,8581.451,48265
1787803259502,108c8b66-9697-13f3-c04b-5ad9afcac289,/p/0/11c0c85e11e2f66d,6,200,318500,76.990,1355.344,234996
1787803255546,ed44bc0f-ef2d-a9ce-7a2d-62863ae567a0,/p/0/68eb47bbfcf453ea,8,200,415993,183.336,5322.178,78162
1787803259273,df4ac379-8e22-4164-6bfd-c5879d5cd9b5,/p/0/8dc25a57bb6691b9,4,200,496490,2.173,1611.790,308036
1787803259098,108c8b66-9697-13f3-c04b-5ad9afcac289,/p/0/f17cca7c51bbf174,4,200,522258,15.931,1857.299,281192
1787803259197,d9b27d91-0fa9-612c-4b18-86aa6c1a66d6,/?crawl=103,0,200,422227,94.088,1882.818,224253
1787803255546,ed44bc0f-ef2d-a9ce-7a2d-62863ae567a0,/p/3/68eb48bbfcf4559d,8,200,396148,255.970,5542.557,71474
1787803256428,c0c10915-3471-79f2-0f28-e98cd9c13848,/p/1/dcf14ad54e724d8f,2,200,492799,159.179,4680.016,105299
1787803252763,e51c2ccc-530c-0524-fc27-87f81183ca9e,/p/0/32fd81bd491b478a,5,200,512745,236.728,8363.263,61309
1787803259146,dac67aa3-6e0a-202f-e278-dd7cbc66cb98,/p/0/ae0c2e42882def33,1,200,428723,16.007,2111.227,203068
1787803261197,734b25fb-d87c-a41b-9c0b-2584b6aa4c78,/?crawl=108,0,200,15673,60.393,85.907,182441
1787803259810,48566d99-8687-1c66-c262-45eb68f9fd83,/p/0/e8040d3d23e7ef89,5,200,335835,76.491,1517.730,221275
1787803259231,dac67aa3-6e0a-202f-e278-dd7cbc66cb98,/p/0/993a1ea75f6afb02,2,200,500450,91.050,2154.912,232237
1787803260112,cf6b0c32-d027-3b38-e2ca-a9d4c3aeba8a,/p/0/3afc0d63d4056642,6,200,155075,296.603,1368.377,113328
1787803259676,5da666f7-3930-edb3-8a37-ce435aa8f714,/p/0/715063b24f1468de,3,200,206230,149.834,1863.525,110667
1787803259945,e74dc3e9-9b81-1c67-b868-f59eb1ef8038,/p/0/37392cdcf50c1905,11,200,168400,41.198,1595.181,105568
1787803261108,c0c10915-3471-79f2-0f28-e98cd9c13848,/p/0/89de52d43609eea2,3,200,14134,228.637,497.112,28432
1787803259197,d74fc138-801b-2556-1caa-0b8c6881304b,/?crawl=101,0,200,431149,83.340,2445.517,176302
1787803259146,dac67aa3-6e0a-202f-e278-dd7cbc66cb98,/p/0/ae0c2f42882df0e6,1,200,500908,16.162,2523.478,198499
1787803259032,63a2f736-a599-8f16-6df1-716b89ede193,/p/0/effe8b39a2533f06,2,200,473804,92.565,2693.974,175875
1787803256783,ab20e2c6-17bf-e321-abcd-e30c10aef1f9,/p/0/417684a01cc8e6f9,1,200,159294,362.847,4958.843,32123
1787803259032,63a2f736-a599-8f16-6df1-716b89ede193,/p/20/effe8939a2533ba0,2,200,480589,101.607,2740.553,175362
1787803259925,dc1bc04f-82e3-aae1-b398-98a3731896a3,/p/0/8abfc8a30bae3909,2,200,222093,34.026,1858.198,119521
1787803260165,452971bf-e875-1435-2f47-7f6c6fe20dea,/p/0/dd7ad63ca58ff8f8,7,200,117763,343.403,1648.509,71436
1787803261197,10282b25-88d2-49b4-dc6b-7ab3b875e9e4,/?crawl=105,0,200,349264,27.885,652.607,535182
1787803261773,63a2f736-a599-8f16-6df1-716b89ede193,/p/0/85178d621b2a41cd,3,200,13136,91.429,259.490,50622
1787803261773,63a2f736-a599-8f16-6df1-716b89ede193,/p/19/85178b621b2a3e67,3,200,69593,101.198,321.262,216624
1787803259802,19391e0a-3e31-7406-f722-99624c645e62,/p/0/97082fa57f7179ca,1,200,362368,122.194,2320.594,156153
1787803246464,c5aa0efa-81cb-c472-cc06-ea5a979bd993,/p/0/d4f65822f63382a5,6,200,393911,345.529,15702.184,25086
1787803261126,e51c2ccc-530c-0524-fc27-87f81183ca9e,/p/0/8e70b8eba2a9b956,6,200,371418,419.672,1056.938,351409
1787803258658,fff1ea97-b6b4-3164-10bb-35abbc98d713,/p/10/5836b3a83244f7e5,3,200,384216,125.053,3564.308,107795
1787803258658,fff1ea97-b6b4-3164-10bb-35abbc98d713,/p/0/5836b2a83244f632,3,200,386707,156.963,3596.025,107537
1787803261197,7e3c1cd0-0bdb-f00a-7159-a3e2c48d65fc,/?crawl=107,0,200,238347,73.576,1175.501,202762
1787803261849,10282b25-88d2-49b4-dc6b-7ab3b875e9e4,/p/4/13d67d840d43f816,1,200,96869,26.371,577.442,167755
1787803262094,63a2f736-a599-8f16-6df1-716b89ede193,/p/0/88d9dff4a70eab97,4,200,62879,113.848,345.496,181996
1787803253197,19626a39-cfe2-b4f2-9bee-f6b505059680,/?crawl=90,0,200,288955,1903.089,9314.358,31023
1787803259676,5da666f7-3930-edb3-8a37-ce435aa8f714,/p/2/715064b24f146a91,3,200,413002,134.366,2851.805,144821
1787803261327,48566d99-8687-1c66-c262-45eb68f9fd83,/p/0/b3978f4b0003cf51,6,200,174649,83.306,1205.009,144936
1787803259925,dc1bc04f-82e3-aae1-b398-98a3731896a3,/p/0/8abfc5a30bae33f0,2,200,380766,67.427,2648.940,143743
1787803259197,8d3a41de-125a-6e14-905a-7e4ffe51442b,/?crawl=102,0,200,494783,199.961,3510.233,140954
1787803256954,548a7f9d-41e4-e529-50a4-b4a5553f5aa5,/p/0/b79e003b464c150,3,200,285874,529.379,5837.117,48975
1787803261197,fcc71696-59c9-cb76-035c-e8d211ab173b,/?crawl=106,0,200,464772,53.673,1621.241,286677
1787803259273,df4ac379-8e22-4164-6bfd-c5879d5cd9b5,/p/2/8dc25857bb668e53,4,200,2413146,1.709,3569.699,676008
1787803245764,ef03f431-9299-2706-2fa0-625d62315506,/p/0/51c50e883a9bd516,1,200,4699635,44.810,17095.247,274909
1787803259810,48566d99-8687-1c66-c262-45eb68f9fd83,/p/0/e8040a3d23e7ea70,5,200,425433,120.769,3110.732,136763
1787803223393,452971bf-e875-1435-2f47-7f6c6fe20dea,/p/0/b72c9baae1376a8f,6,200,3728026,244.962,39599.536,94143
1787803262427,10282b25-88d2-49b4-dc6b-7ab3b875e9e4,/p/0/86e70f3ae6ec1d88,2,200,36845,175.551,601.701,61235
1787803260170,48566d99-8687-1c66-c262-45eb68f9fd83,/p/1/b3978e4b0003cd9e,6,200,482630,101.150,2981.543,161873
1787803262427,10282b25-88d2-49b4-dc6b-7ab3b875e9e4,/p/3/86e7113ae6ec20ee,2,200,80736,188.536,734.012,109993
1787803221483,09982139-5e76-f214-cc24-4e66c50bbb4e,/p/0/6b54c814d4dd6f81,2,200,213108,1688.741,41693.538,5111
1787803258197,3e71326f-e416-3c5e-6236-7bd18a29c656,/?crawl=98,0,200,86312,1646.043,5108.445,16896
1787803243510,6f0efafe-e89d-5630-efce-78caa6d5edb0,/p/0/c1d41b3dc5c86fa4,1,200,4158169,52.111,19899.077,208963
1787803261849,10282b25-88d2-49b4-dc6b-7ab3b875e9e4,/p/0/13d67e840d43f9c9,1,200,241097,94.077,1578.561,152732
1787803259945,e74dc3e9-9b81-1c67-b868-f59eb1ef8038,/p/0/373929dcf50c13ec,11,200,512026,143.621,3544.100,144473
1787803262528,5da666f7-3930-edb3-8a37-ce435aa8f714,/p/0/ac08596cecba8da1,4,200,102595,194.594,1091.012,94037
1787803261108,c0c10915-3471-79f2-0f28-e98cd9c13848,/p/0/89de50d43609eb3c,3,200,238814,228.687,2617.748,91229
1787803262511,19626a39-cfe2-b4f2-9bee-f6b505059680,/p/11/8f1fd8166f34bbdf,1,200,4298,1183.666,1304.602,3294
1787803262843,df4ac379-8e22-4164-6bfd-c5879d5cd9b5,/p/1/82b68528f1ad306a,5,200,273225,23.607,990.783,275767
1787803262843,df4ac379-8e22-4164-6bfd-c5879d5cd9b5,/p/0/82b68328f1ad2d04,5,200,173860,142.074,1028.639,169020
1787803260165,452971bf-e875-1435-2f47-7f6c6fe20dea,/p/0/dd7ad93ca58ffe11,7,200,381090,343.533,3890.021,97966
1787803261080,d9b27d91-0fa9-612c-4b18-86aa6c1a66d6,/p/8/3aab283f3679e43c,1,200,246533,280.205,3020.937,81608
1787803263161,10282b25-88d2-49b4-dc6b-7ab3b875e9e4,/p/2/5aa937427eba4bc3,3,200,88763,173.805,1046.077,84853
1787803261089,ed44bc0f-ef2d-a9ce-7a2d-62863ae567a0,/p/0/60923926049f99,9,200,219794,247.072,3119.613,70456
1787803261773,63a2f736-a599-8f16-6df1-716b89ede193,/p/0/85178a621b2a3cb4,3,200,384986,119.560,2608.324,147599
1787803263152,48566d99-8687-1c66-c262-45eb68f9fd83,/p/0/dc5dadcf7f2506ff,7,200,228108,167.342,1299.639,175516
1787803263161,10282b25-88d2-49b4-dc6b-7ab3b875e9e4,/p/0/5aa939427eba4f29,3,200,162053,159.682,1397.661,115946
1787803235773,fc97bfa7-235d-3fc5-1122-8ebed5c0cde0,/p/6/3be44f87af198cae,1,200,3573252,58.381,28788.509,124121
1787803249587,d66568bc-db56-b020-ae6e-bd870e82c002,/p/6/c11cbf5356912cf5,2,200,3711086,272.447,15117.957,245475
1787803262528,5da666f7-3930-edb3-8a37-ce435aa8f714,/p/0/ac08566cecba8888,4,200,254397,180.073,2183.603,116503
1787803219075,09982139-5e76-f214-cc24-4e66c50bbb4e,/p/0/e384d06cd68f77c0,1,200,403060,971.140,45739.286,8812
1787803243510,6f0efafe-e89d-5630-efce-78caa6d5edb0,/p/2/c1d41c3dc5c87157,1,200,4674297,52.130,21364.687,218786
1787803262818,fcc71696-59c9-cb76-035c-e8d211ab173b,/p/0/806c272678a90050,1,200,207799,120.207,2136.677,97253
1787803262094,63a2f736-a599-8f16-6df1-716b89ede193,/p/18/88d9e1f4a70eaefd,4,200,440472,113.787,2883.515,152755
1787803256783,ab20e2c6-17bf-e321-abcd-e30c10aef1f9,/p/8/417682a01cc8e393,1,200,444057,212.295,8201.950,54140
1787803264197,b65c0c64-3b12-5a25-dd6f-f7450caa3086,/?crawl=109,0,200,458176,28.134,814.304,562660
1787803262843,df4ac379-8e22-4164-6bfd-c5879d5cd9b5,/p/0/82b68628f1ad321d,5,200,463805,142.000,2277.970,203605
1787803265011,b65c0c64-3b12-5a25-dd6f-f7450caa3086,/p/0/fcd27ee7048782ad,1,200,24592,27.732,119.373,206010
1787803257197,e42a0fc0-fbc0-f549-8686-3f7bff440e94,/?crawl=96,0,200,4694796,25.819,8019.496,585423
1787803259098,108c8b66-9697-13f3-c04b-5ad9afcac289,/p/0/f17ccd7c51bbf68d,4,200,4955569,46.361,6140.495,807031
1787803261849,10282b25-88d2-49b4-dc6b-7ab3b875e9e4,/p/0/13d67b840d43f4b0,1,200,400759,79.299,3391.506,118165
1787803232440,d23f0858-b1f7-bef1-1fdf-a9606a32322a,/p/0/1c156f2535b5392c,7,200,3833574,138.529,32807.928,116849
1787803265197,14083928-4f13-aa04-3e54-8c263b088cb1,/?crawl=111,0,200,42323,24.994,67.124,630524
1787803263834,df4ac379-8e22-4164-6bfd-c5879d5cd9b5,/p/0/a049f57d1fce3847,6,200,256715,120.463,1447.133,177396
1787803265011,b65c0c64-3b12-5a25-dd6f-f7450caa3086,/p/0/fcd27be704877d94,1,200,83328,31.275,331.612,251281
1787803264207,10282b25-88d2-49b4-dc6b-7ab3b875e9e4,/p/0/d623f17522339ff7,4,200,141567,244.859,1171.225,120871
1787803247583,d66568bc-db56-b020-ae6e-bd870e82c002,/p/0/9786106f7ccaf643,1,200,5022970,226.254,17842.772,281513
1787803261282,734b25fb-d87c-a41b-9c0b-2584b6aa4c78,/p/0/903cd144992273a7,1,200,501382,270.723,4215.510,118937
1787803251719,6d5e3f1b-7395-7ddd-5bb8-9ccd5b8cb14e,/p/0/e52f64e5cf36ccdc,1,200,2208311,87.597,13824.148,159743
1787803261108,c0c10915-3471-79f2-0f28-e98cd9c13848,/p/0/89de53d43609f055,3,200,443641,228.558,4461.224,99444
1787803264562,fc97bfa7-235d-3fc5-1122-8ebed5c0cde0,/p/5/671bff86e08a3a0,2,200,74675,443.447,1098.531,67977
1787803264875,6f0efafe-e89d-5630-efce-78caa6d5edb0,/p/0/8d9e9741b1651832,2,200,35533,224.211,849.365,41835
1787803263834,df4ac379-8e22-4164-6bfd-c5879d5cd9b5,/p/0/a049f77d1fce3bad,6,200,277709,191.070,1953.238,142179
1787803264985,ab20e2c6-17bf-e321-abcd-e30c10aef1f9,/p/0/758ed841e240778f,2,200,26282,639.402,826.277,31808
1787803264705,d66568bc-db56-b020-ae6e-bd870e82c002,/p/5/2299f65ff3ac08ca,3,200,167338,721.112,1128.618,148268
1787803264705,d66568bc-db56-b020-ae6e-bd870e82c002,/p/0/2299f75ff3ac0a7d,3,200,218497,721.207,1130.840,193217
1787803263161,10282b25-88d2-49b4-dc6b-7ab3b875e9e4,/p/0/5aa936427eba4a10,3,200,241838,133.282,2712.946,89142
1787803262222,fff1ea97-b6b4-3164-10bb-35abbc98d713,/p/9/b4dea288b7effe22,4,200,253729,309.605,3658.788,69348
1787803263152,48566d99-8687-1c66-c262-45eb68f9fd83,/p/0/dc5daccf7f25054c,7,200,456895,137.836,2751.420,166058
1787803262427,10282b25-88d2-49b4-dc6b-7ab3b875e9e4,/p/0/86e7123ae6ec22a1,2,200,348697,162.310,3536.979,98586
1787803253272,63feb0eb-2564-8058-5024-1e4cb93e9190,/p/1/4aacd9ed63ced1c7,6,200,5299476,61.205,12697.422,417366
1787803263834,df4ac379-8e22-4164-6bfd-c5879d5cd9b5,/p/0/a049f47d1fce3694,6,200,470216,180.021,2137.021,220033
1787803254527,6a276a8c-84f2-66fc-21c1-b3663e7b234f,/p/0/228a2e7403cfb3a5,1,200,3671490,40.647,11464.357,320253
1787803245136,c5aa0efa-81cb-c472-cc06-ea5a979bd993,/p/0/7705d326e48d5e39,5,200,458865,203.595,20980.845,21871
1787803262528,5da666f7-3930-edb3-8a37-ce435aa8f714,/p/1/ac08586cecba8bee,4,200,459105,180.065,3702.755,123990
1787803265197,5dc1e98b-e944-26bb-e977-30c41b3bf4a0,/?crawl=110,0,200,425905,36.807,1071.390,397526
1787803264978,63a2f736-a599-8f16-6df1-716b89ede193,/p/0/fbf7f98e0375b60a,5,200,144335,100.556,1294.675,111484
1787803262818,fcc71696-59c9-cb76-035c-e8d211ab173b,/p/0/806c2a2678a90569,1,200,411500,49.839,3644.055,112924
1787803264452,48566d99-8687-1c66-c262-45eb68f9fd83,/p/0/dc5daecf7f2508b2,7,200,261251,232.704,2051.090,127372
1787803265264,14083928-4f13-aa04-3e54-8c263b088cb1,/p/0/264b2ff7236db45,1,200,364662,18.611,1244.723,292966
1787803245894,5da666f7-3930-edb3-8a37-ce435aa8f714,/p/0/898da2fe01856194,1,200,4381179,80.919,20654.882,212113
1787803265264,14083928-4f13-aa04-3e54-8c263b088cb1,/p/0/264afff7236d62c,1,200,413449,112.903,1316.687,314007
1787803223863,d23f0858-b1f7-bef1-1fdf-a9606a32322a,/p/0/e25edb3e4386748,2,200,5092360,150.999,42803.377,118971
1787803262818,fcc71696-59c9-cb76-035c-e8d211ab173b,/p/0/806c282678a90203,1,200,510009,196.189,3919.108,130134
1787803264558,10282b25-88d2-49b4-dc6b-7ab3b875e9e4,/p/0/d623f2752233a1aa,4,200,409592,144.419,2370.937,172755
1787803261642,d74fc138-801b-2556-1caa-0b8c6881304b,/p/0/617fd3fa5fafd215,1,200,271293,324.080,5329.503,50904
1787803247766,e51c2ccc-530c-0524-fc27-87f81183ca9e,/p/0/62db98fd3af5e01a,4,200,2668645,215.564,19504.438,136822
1787803265970,63feb0eb-2564-8058-5024-1e4cb93e9190,/p/0/c5d7cfb32d41f14b,7,200,283188,31.185,1550.318,182665
1787803266268,5dc1e98b-e944-26bb-e977-30c41b3bf4a0,/p/8/6efa5ba1dd9be1cc,1,200,133658,179.990,1300.198,102798
1787803261089,ed44bc0f-ef2d-a9ce-7a2d-62863ae567a0,/p/2/60903926049c33,9,200,471488,183.895,6514.047,72380
1787803267207,e006d3a4-893c-ecdd-0350-87bafabb266c,/?crawl=112,0,200,107274,77.383,462.475,231956
1787803267207,9bf2b6df-b71f-4735-ded7-322fbe959fbf,/?crawl=114,0,200,170424,166.943,519.944,327774
1787803252912,e51c2ccc-530c-0524-fc27-87f81183ca9e,/p/0/8e70b7eba2a9b7a3,6,200,2166688,236.035,14907.006,145347
1787803255650,548a7f9d-41e4-e529-50a4-b4a5553f5aa5,/p/0/ba53e405ef329da8,2,200,521518,330.395,12216.013,42691
1787803259045,0cac6aae-1489-56e0-7461-86608a6b60d9,/p/5/136f560077b48020,7,200,3380380,178.501,8867.647,381204
1787803266268,5dc1e98b-e944-26bb-e977-30c41b3bf4a0,/p/0/6efa5da1dd9be532,1,200,221625,254.133,1685.377,131499
1787803262222,fff1ea97-b6b4-3164-10bb-35abbc98d713,/p/0/b4dea388b7efffd5,4,200,384511,370.550,5780.005,66524
1787803262222,fff1ea97-b6b4-3164-10bb-35abbc98d713,/p/0/b4dea088b7effabc,4,200,409830,62.054,5873.341,69778
1787803261642,d74fc138-801b-2556-1caa-0b8c6881304b,/p/1/617fd2fa5fafd062,1,200,420482,285.022,6519.948,64492
1787803256007,48566d99-8687-1c66-c262-45eb68f9fd83,/p/0/8916c8c8ba634935,3,200,2219867,146.234,12242.304,181328
1787803264978,63a2f736-a599-8f16-6df1-716b89ede193,/p/17/fbf7f78e0375b2a4,5,200,342806,147.479,3430.799,99920
1787803264978,63a2f736-a599-8f16-6df1-716b89ede193,/p/0/fbf7f88e0375b457,5,200,401437,147.452,3431.048,117001
1787803268197,4b473034-07dc-a01a-2c10-98e499d69fba,/?crawl=115,0,200,143324,23.426,216.398,662316
1787803244702,16864d94-b0b1-7c67-8072-6515eeb7838a,/p/0/bae91e1e6de3abc4,2,200,5385117,28.867,23892.808,225387
1787803259925,dc1bc04f-82e3-aae1-b398-98a3731896a3,/p/2/8abfc7a30bae3756,2,200,3189953,49.838,8808.624,362140
1787803267569,5dc1e98b-e944-26bb-e977-30c41b3bf4a0,/p/0/f2d08b96f08b5eb3,2,200,23755,678.420,1229.840,19316
1787803265264,14083928-4f13-aa04-3e54-8c263b088cb1,/p/7/264b0ff7236d7df,1,200,2163965,112.674,3543.592,610670
1787803262166,c5aa0efa-81cb-c472-cc06-ea5a979bd993,/p/0/d4f65522f6337d8c,6,200,181261,489.199,6643.281,27285
1787803266269,5dc1e98b-e944-26bb-e977-30c41b3bf4a0,/p/0/6efa5ca1dd9be37f,1,200,384254,36.698,2635.464,145801
1787803259945,e74dc3e9-9b81-1c67-b868-f59eb1ef8038,/p/3/37392adcf50c159f,11,200,2551337,41.192,8990.102,283794
1787803244702,16864d94-b0b1-7c67-8072-6515eeb7838a,/p/2/bae91f1e6de3ad77,2,200,5947997,200.700,24336.005,244411
1787803247736,eb7e981e-236e-e62e-fcbd-039d90b367ca,/p/6/84b32510d798fc75,3,200,5353115,253.747,21466.459,249371
1787803269197,23087d11-f88e-3bd5-56d4-52d133194380,/?crawl=116,0,200,11521,80.748,119.868,96114
1787803266231,5da666f7-3930-edb3-8a37-ce435aa8f714,/p/0/58f32a8a17020251,5,200,472535,164.549,3131.996,150873
1787803267727,9bf2b6df-b71f-4735-ded7-322fbe959fbf,/p/0/2151082b8b300ce6,1,200,92827,405.621,1750.940,53016
1787803268807,14083928-4f13-aa04-3e54-8c263b088cb1,/p/0/2402e8f8119127f3,2,200,197951,17.374,678.080,291929
1787803269038,16864d94-b0b1-7c67-8072-6515eeb7838a,/p/1/b1c1c38653e8e862,3,200,48090,76.689,469.410,102448
1787803267670,e006d3a4-893c-ecdd-0350-87bafabb266c,/p/13/95cf065d06d1cdf2,1,200,160816,364.273,1922.241,83661
1787803267727,9bf2b6df-b71f-4735-ded7-322fbe959fbf,/p/0/2151062b8b300980,1,200,266669,106.446,1872.155,142440
1787803268808,14083928-4f13-aa04-3e54-8c263b088cb1,/p/0/2402e9f8119129a6,2,200,273593,91.746,844.239,324071
1787803268734,dc1bc04f-82e3-aae1-b398-98a3731896a3,/p/0/8b74b2a71f46112f,3,200,149355,104.812,930.485,160513
1787803253985,f96cf050-1440-7233-cad8-3abef4e2a5ef,/p/0/208acdcdfa1df72d,2,200,430270,331.078,15680.786,27439
1787803264985,ab20e2c6-17bf-e321-abcd-e30c10aef1f9,/p/0/758ed941e2407942,2,200,93433,862.168,4710.035,19837
1787803252311,d23f0858-b1f7-bef1-1fdf-a9606a32322a,/p/0/45a48c0ccb66e2ab,9,200,3376934,248.414,17621.817,191634
1787803269202,eb7e981e-236e-e62e-fcbd-039d90b367ca,/p/0/7e683d278579db6,4,200,67262,153.339,782.741,85931
1787803266231,5da666f7-3930-edb3-8a37-ce435aa8f714,/p/0/58f3288a1701feeb,5,200,436245,164.890,3857.524,113089
1787803264101,d9b27d91-0fa9-612c-4b18-86aa6c1a66d6,/p/0/e9cc9d95c5c275ce,2,200,176832,395.086,6063.682,29162
1787803265833,d66568bc-db56-b020-ae6e-bd870e82c002,/p/4/af135a88ee451b38,4,200,97074,4335.760,4338.650,22374
1787803269038,16864d94-b0b1-7c67-8072-6515eeb7838a,/p/0/b1c1c48653e8ea15,3,200,155838,76.507,1170.891,133094
1787803268734,dc1bc04f-82e3-aae1-b398-98a3731896a3,/p/1/8b74b4a71f461495,3,200,207897,189.516,1514.237,137295
1787803268734,dc1bc04f-82e3-aae1-b398-98a3731896a3,/p/0/8b74b3a71f4612e2,3,200,307316,36.059,1561.834,196766
1787803268409,63a2f736-a599-8f16-6df1-716b89ede193,/p/0/40564d3f3cc81913,6,200,90978,1385.610,1958.666,46449
1787803265833,d66568bc-db56-b020-ae6e-bd870e82c002,/p/0/af135c88ee451e9e,4,200,168641,4336.099,4750.969,35496
1787803265833,d66568bc-db56-b020-ae6e-bd870e82c002,/p/0/af135b88ee451ceb,4,200,454562,4335.912,4758.136,95534
1787803267913,0cac6aae-1489-56e0-7461-86608a6b60d9,/p/0/592e3049eca1f31c,8,200,328512,68.433,2699.563,121691
1787803267207,1444af44-e257-f0a8-290f-fb91f3b658e2,/?crawl=113,0,200,39988,1063.226,3418.638,11697
1787803269202,eb7e981e-236e-e62e-fcbd-039d90b367ca,/p/5/7e684d278579f69,4,200,170818,178.921,1538.242,111048
1787803268162,d74fc138-801b-2556-1caa-0b8c6881304b,/p/0/868fdab2571ad03b,2,200,118527,569.039,2601.961,45553
1787803269507,16864d94-b0b1-7c67-8072-6515eeb7838a,/p/0/d1b1ac1c0e3ede8,4,200,162999,217.262,1474.175,110570
1787803259231,dac67aa3-6e0a-202f-e278-dd7cbc66cb98,/p/1/993a1fa75f6afcb5,2,200,4963945,84.010,11874.073,418049
1787803267569,5dc1e98b-e944-26bb-e977-30c41b3bf4a0,/p/7/f2d08d96f08b6219,2,200,519409,403.740,3590.385,144667
1787803269038,16864d94-b0b1-7c67-8072-6515eeb7838a,/p/0/b1c1c18653e8e4fc,3,200,318176,31.499,2152.474,147819
1787803268935,e74dc3e9-9b81-1c67-b868-f59eb1ef8038,/p/0/598ed42c622a80b4,12,200,381648,35.458,2318.361,164620
1787803269507,16864d94-b0b1-7c67-8072-6515eeb7838a,/p/0/d1b1dc1c0e3f301,4,200,196053,184.108,1879.317,104321
1787803271105,dac67aa3-6e0a-202f-e278-dd7cbc66cb98,/p/0/52bc05294c2511d4,3,200,75107,79.305,298.137,251921
1787803269507,16864d94-b0b1-7c67-8072-6515eeb7838a,/p/0/d1b1bc1c0e3ef9b,4,200,308184,151.076,1978.589,155759
1787803270197,0c39296c-9d09-a3b9-cfb4-8e11142eafe6,/?crawl=117,0,200,468071,44.441,1357.704,344752
1787803267913,0cac6aae-1489-56e0-7461-86608a6b60d9,/p/4/592e3149eca1f4cf,8,200,505830,236.644,3657.673,138293
1787803260197,0259e658-774f-d392-9487-017f5735e0f8,/?crawl=104,0,200,4346628,45.829,11463.149,379183
1787803268935,e74dc3e9-9b81-1c67-b868-f59eb1ef8038,/p/0/598ed72c622a85cd,12,200,356817,131.552,2776.304,128522
1787803271105,dac67aa3-6e0a-202f-e278-dd7cbc66cb98,/p/0/52bc08294c2516ed,3,200,114064,109.025,609.147,187252
1787803262372,7e3c1cd0-0bdb-f00a-7159-a3e2c48d65fc,/p/0/ed01d4c8e40e0f56,1,200,514679,70.725,9542.965,53933
1787803270172,d66568bc-db56-b020-ae6e-bd870e82c002,/p/3/580b932eb3f702a3,5,200,117266,422.989,1769.053,66287
1787803271197,a55038e8-f907-c643-c309-eef4df21ca8a,/?crawl=118,0,200,334276,38.811,793.934,421038
1787803268409,63a2f736-a599-8f16-6df1-716b89ede193,/p/16/40564c3f3cc81760,6,200,387537,1385.508,3602.706,107568
1787803268409,63a2f736-a599-8f16-6df1-716b89ede193,/p/0/40564e3f3cc81ac6,6,200,275737,1385.355,3611.465,76350
1787803269202,eb7e981e-236e-e62e-fcbd-039d90b367ca,/p/0/7e682d278579c03,4,200,348581,51.617,3063.415,113788
1787803264100,d9b27d91-0fa9-612c-4b18-86aa6c1a66d6,/p/0/e9cc9c95c5c2741b,2,200,386205,366.301,8279.713,46645
1787803270626,1444af44-e257-f0a8-290f-fb91f3b658e2,/p/5/29395bba9b6cc405,1,200,18531,957.431,2053.537,9024
1787803272011,63a2f736-a599-8f16-6df1-716b89ede193,/p/15/9ee0a4f954883e9e,7,200,70755,144.455,671.756,105328
1787803262532,48566d99-8687-1c66-c262-45eb68f9fd83,/p/0/b3978c4b0003ca38,6,200,2664335,86.241,10233.971,260342
1787803234223,9be8c8ed-4ea5-2062-ff35-3b8a81f1f7ed,/p/3/873db4b288fd646f,1,200,4316323,675.671,38622.541,111757
1787803244090,fe9f5242-1dee-d8c5-2769-78aba5955fb8,/p/8/7ff8d3f6f4ff3bd6,5,200,4893865,273.896,29022.737,168622
1787803273197,48aed0f1-d51c-f9ee-d3dc-d8ab6c4698fb,/?crawl=121,0,200,24733,26.884,53.957,458382
1787803272845,9be8c8ed-4ea5-2062-ff35-3b8a81f1f7ed,/p/0/24a46cefcfd2fb53,2,200,332043,5.316,406.460,816914
1787803270248,dc1bc04f-82e3-aae1-b398-98a3731896a3,/p/0/510bc6c398c7e2d8,4,200,433414,116.843,3066.037,141360
1787803271660,0259e658-774f-d392-9487-017f5735e0f8,/p/0/a740d1e1a1deec76,1,200,138889,347.254,1664.455,83444
1787803259231,dac67aa3-6e0a-202f-e278-dd7cbc66cb98,/p/0/993a1da75f6af94f,2,200,6163517,113.809,14106.966,436913
1787803265881,fff1ea97-b6b4-3164-10bb-35abbc98d713,/p/0/ec530ca5254931e6,5,200,490985,375.384,7525.549,65242
1787803270248,dc1bc04f-82e3-aae1-b398-98a3731896a3,/p/0/510bc9c398c7e7f1,4,200,406476,82.906,3188.417,127485
1787803271990,a55038e8-f907-c643-c309-eef4df21ca8a,/p/0/a4d088e827395ca,1,200,208306,186.979,1473.848,141335
1787803272845,9be8c8ed-4ea5-2062-ff35-3b8a81f1f7ed,/p/2/24a46befcfd2f9a0,2,200,508692,6.624,682.286,745570
1787803272845,9be8c8ed-4ea5-2062-ff35-3b8a81f1f7ed,/p/0/24a46defcfd2fd06,2,200,521080,7.794,702.146,742125
1787803263305,3e71326f-e416-3c5e-6236-7bd18a29c656,/p/9/2a728303140c6c77,1,200,290015,1065.860,10269.061,28242
1787803206345,0749ca82-1e65-8f0a-ba8a-b79b9d25deac,/p/0/2f9339a7d86d0d0d,1,200,3440419,421.955,67284.417,51132
1787803270626,1444af44-e257-f0a8-290f-fb91f3b658e2,/p/0/293959ba9b6cc09f,1,200,85886,272.401,3018.923,28449
1787803271554,0c39296c-9d09-a3b9-cfb4-8e11142eafe6,/p/0/db9005444900ea06,1,200,260535,41.015,2144.700,121479
1787803270740,eb7e981e-236e-e62e-fcbd-039d90b367ca,/p/0/4eca3f8e999f5260,5,200,240213,329.462,3096.458,77577
1787803270740,eb7e981e-236e-e62e-fcbd-039d90b367ca,/p/4/4eca408e999f5413,5,200,521568,278.913,3104.221,168019
1787803241857,fe9f5242-1dee-d8c5-2769-78aba5955fb8,/p/0/6df28844d4bba1f,4,200,5385455,178.712,32004.986,168269
1787803267669,e006d3a4-893c-ecdd-0350-87bafabb266c,/p/0/95cf045d06d1ca8c,1,200,444621,116.654,6275.658,70849
1787803271159,5dc1e98b-e944-26bb-e977-30c41b3bf4a0,/p/0/3a3930142dba381e,3,200,195310,246.499,2816.046,69356
1787803273845,eb7e981e-236e-e62e-fcbd-039d90b367ca,/p/3/f259bc3d657b3947,6,200,54262,44.510,132.018,411019
1787803271159,5dc1e98b-e944-26bb-e977-30c41b3bf4a0,/p/0/3a392f142dba366b,3,200,225651,246.626,2852.898,79095
1787803272197,e433120d-9660-b149-3ae2-ab6d26b5c37e,/?crawl=119,0,200,451105,62.494,1975.455,228355
1787803273112,fe9f5242-1dee-d8c5-2769-78aba5955fb8,/p/0/9dce05ded2bfbbf,6,200,341410,753.255,1078.391,316592
1787803273251,48aed0f1-d51c-f9ee-d3dc-d8ab6c4698fb,/p/0/6d5f6e668d0d9d1a,1,200,188477,23.539,964.778,195358
1787803254933,c0c10915-3471-79f2-0f28-e98cd9c13848,/p/0/fbb584b8da99c932,1,200,3393367,162.039,19307.311,175756
1787803273528,9be8c8ed-4ea5-2062-ff35-3b8a81f1f7ed,/p/0/1c4554fa4aab1f8c,3,200,454985,46.062,739.506,615255
1787803265011,b65c0c64-3b12-5a25-dd6f-f7450caa3086,/p/12/fcd27de7048780fa,1,200,5055000,119.370,9356.342,540275
1787803273528,9be8c8ed-4ea5-2062-ff35-3b8a81f1f7ed,/p/1/1c4556fa4aab22f2,3,200,381252,50.106,854.093,446382
1787803264207,10282b25-88d2-49b4-dc6b-7ab3b875e9e4,/p/1/d623f07522339e44,4,200,4645980,310.676,10226.166,454323
1787803271991,a55038e8-f907-c643-c309-eef4df21ca8a,/p/0/a4d068e82739264,1,200,375973,102.500,2488.557,151081
1787803272197,86ebf542-ef38-601a-6982-dd2a1767e854,/?crawl=120,0,200,521281,67.228,2312.910,225379
1787803268162,d74fc138-801b-2556-1caa-0b8c6881304b,/p/0/868fdcb2571ad3a1,2,200,341066,406.902,6349.435,53716
1787803271660,0259e658-774f-d392-9487-017f5735e0f8,/p/0/a740d0e1a1deeac3,1,200,444825,95.328,2889.622,153939
1787803271571,0cac6aae-1489-56e0-7461-86608a6b60d9,/p/3/7b178aa9dcab6f9a,9,200,275085,173.262,3027.753,90854
1787803273845,eb7e981e-236e-e62e-fcbd-039d90b367ca,/p/0/f259bb3d657b3794,6,200,325183,52.553,946.688,343495
1787803273197,e4c8a592-ef20-dddc-e06d-c3bb2884d28d,/?crawl=122,0,200,386080,64.404,1627.119,237278
1787803274172,e433120d-9660-b149-3ae2-ab6d26b5c37e,/p/0/9db75dec170e8bdd,1,200,21108,310.350,663.128,31831
1787803273844,eb7e981e-236e-e62e-fcbd-039d90b367ca,/p/0/f259be3d657b3cad,6,200,374751,56.633,1019.902,367438
1787803271941,d66568bc-db56-b020-ae6e-bd870e82c002,/p/2/306dd078169cd304,6,200,125899,340.976,2957.934,42563
1787803273251,48aed0f1-d51c-f9ee-d3dc-d8ab6c4698fb,/p/0/6d5f6c668d0d99b4,1,200,421327,84.239,1701.026,247690
1787803259802,19391e0a-3e31-7406-f722-99624c645e62,/p/3/97082da57f717664,1,200,4705571,101.748,15178.407,310017
1787803267603,ed44bc0f-ef2d-a9ce-7a2d-62863ae567a0,/p/1/85463f84c55c358c,10,200,491162,284.858,7472.053,65733
1787803259676,5da666f7-3930-edb3-8a37-ce435aa8f714,/p/0/715062b24f14672b,3,200,2882301,164.372,15433.276,186759
1787803274433,10282b25-88d2-49b4-dc6b-7ab3b875e9e4,/p/0/215f2ea0ded4b0d7,5,200,138099,134.724,695.006,198702
1787803256007,48566d99-8687-1c66-c262-45eb68f9fd83,/p/0/8916c5c8ba63441c,3,200,4910434,132.708,19206.435,255666
1787803273977,eb7e981e-236e-e62e-fcbd-039d90b367ca,/p/2/459dccc1d5f91203,7,200,318560,42.268,1245.946,255677
1787803268162,d74fc138-801b-2556-1caa-0b8c6881304b,/p/0/868fdbb2571ad1ee,2,200,397810,528.296,7083.549,56160
1787803258603,63a2f736-a599-8f16-6df1-716b89ede193,/p/0/d4e0d8fdb163db59,1,200,3197247,102.157,16653.173,191990
1787803271554,0c39296c-9d09-a3b9-cfb4-8e11142eafe6,/p/0/db9004444900e853,1,200,518936,104.257,3707.642,139964
1787803272011,63a2f736-a599-8f16-6df1-716b89ede193,/p/0/9ee0a5f954884051,7,200,411480,88.810,3347.863,122908
1787803264875,6f0efafe-e89d-5630-efce-78caa6d5edb0,/p/1/8d9e9841b16519e5,2,200,2962942,35.141,10504.196,282072
1787803264875,6f0efafe-e89d-5630-efce-78caa6d5edb0,/p/0/8d9e9641b165167f,2,200,3237991,35.216,10510.309,308078
1787803272683,63a2f736-a599-8f16-6df1-716b89ede193,/p/14/7131eab5cb27cd39,8,200,283186,127.545,2752.123,102897
1787803271571,0cac6aae-1489-56e0-7461-86608a6b60d9,/p/0/7b1788a9dcab6c34,9,200,417694,191.692,3876.287,107756
1787803274598,0cac6aae-1489-56e0-7461-86608a6b60d9,/p/2/71bf79b50b28289c,10,200,55338,200.951,918.604,60241
1787803274382,9be8c8ed-4ea5-2062-ff35-3b8a81f1f7ed,/p/0/b30088b120152e0,4,200,443536,64.490,1223.505,362512
1787803268808,14083928-4f13-aa04-3e54-8c263b088cb1,/p/6/2402eaf811912b59,2,200,5607880,17.244,6895.839,813227
1787803254268,48566d99-8687-1c66-c262-45eb68f9fd83,/p/0/b5f480d1986aa49f,1,200,5984566,45.220,21534.847,277901
1787803275223,eb7e981e-236e-e62e-fcbd-039d90b367ca,/p/1/7c20d3bec0731945,8,200,263436,87.421,590.304,446272
1787803264985,ab20e2c6-17bf-e321-abcd-e30c10aef1f9,/p/7/758eda41e2407af5,2,200,366398,609.403,10881.945,33670
1787803274824,e4c8a592-ef20-dddc-e06d-c3bb2884d28d,/p/5/279e6c7f4ade7bed,1,200,139585,57.534,1046.860,133337
1787803275223,eb7e981e-236e-e62e-fcbd-039d90b367ca,/p/0/7c20d2bec0731792,8,200,255530,52.827,661.084,386532
1787803270626,1444af44-e257-f0a8-290f-fb91f3b658e2,/p/0/29395aba9b6cc252,1,200,135316,1645.521,5357.685,25256
1787803275379,6f0efafe-e89d-5630-efce-78caa6d5edb0,/p/0/cac379b520043f3d,3,200,118845,151.082,607.533,195619
1787803274598,0cac6aae-1489-56e0-7461-86608a6b60d9,/p/0/71bf7ab50b282a4f,10,200,93680,324.479,1399.873,66920
1787803275223,eb7e981e-236e-e62e-fcbd-039d90b367ca,/p/0/7c20d1bec07315df,8,200,351347,52.850,832.165,422208
1787803274433,10282b25-88d2-49b4-dc6b-7ab3b875e9e4,/p/0/215f2fa0ded4b28a,5,200,428258,27.332,1637.492,261533
1787803275704,14083928-4f13-aa04-3e54-8c263b088cb1,/p/0/c04c3523aa1f7324,3,200,137243,20.462,576.878,237906
1787803275379,6f0efafe-e89d-5630-efce-78caa6d5edb0,/p/0/cac376b520043a24,3,200,487078,6.012,969.597,502351
1787803274367,b65c0c64-3b12-5a25-dd6f-f7450caa3086,/p/11/8e9c2f2d5c975cfc,2,200,414229,64.491,2051.465,201919
1787803275704,14083928-4f13-aa04-3e54-8c263b088cb1,/p/5/c04c3623aa1f74d7,3,200,252395,55.309,732.775,344437
1787803275813,eb7e981e-236e-e62e-fcbd-039d90b367ca,/p/0/793b0ece8732a24e,9,200,456217,32.682,639.933,712914
1787803254536,cf6b0c32-d027-3b38-e2ca-a9d4c3aeba8a,/p/0/a5036e9b28a4420e,4,200,3714065,310.701,21924.311,169404
1787803265660,fc97bfa7-235d-3fc5-1122-8ebed5c0cde0,/p/0/3567c7b8d3cb5ea0,3,200,422147,7976.598,10800.216,39087
1787803265661,fc97bfa7-235d-3fc5-1122-8ebed5c0cde0,/p/0/3567cab8d3cb63b9,3,200,279366,7976.520,10827.706,25801
1787803269592,e006d3a4-893c-ecdd-0350-87bafabb266c,/p/12/48bea53d8c0801dd,2,200,456084,378.726,6944.534,65675
1787803265970,63feb0eb-2564-8058-5024-1e4cb93e9190,/p/0/c5d7d1b32d41f4b1,7,200,2524193,46.634,10585.240,238463
1787803273112,fe9f5242-1dee-d8c5-2769-78aba5955fb8,/p/7/9dcdf5ded2bfa0c,6,200,2122993,750.184,3460.058,613571
1787803273112,fe9f5242-1dee-d8c5-2769-78aba5955fb8,/p/0/9dce15ded2bfd72,6,200,3187119,750.554,3470.267,918407
1787803271105,dac67aa3-6e0a-202f-e278-dd7cbc66cb98,/p/0/52bc06294c251387,3,200,4677583,79.358,5792.304,807551
1787803238132,7d9bd299-f439-b81d-f69e-7c44eab037c8,/p/0/b4fefac093613609,4,200,3608538,191.150,38807.533,92986
1787803274598,0cac6aae-1489-56e0-7461-86608a6b60d9,/p/0/71bf7bb50b282c02,10,200,163233,200.942,2387.305,68375
1787803275197,8b7b632e-92c1-abff-df12-ea19e08d1599,/?crawl=123,0,200,448689,63.941,1814.037,247343
1787803260165,452971bf-e875-1435-2f47-7f6c6fe20dea,/p/2/dd7ad73ca58ffaab,7,200,4894050,368.332,16863.832,290210
1787803270740,eb7e981e-236e-e62e-fcbd-039d90b367ca,/p/0/4eca428e999f5779,5,200,3382616,329.471,6350.131,532684
1787803275703,14083928-4f13-aa04-3e54-8c263b088cb1,/p/0/c04c3823aa1f783d,3,200,480552,20.604,1445.193,332517
1787803219075,09982139-5e76-f214-cc24-4e66c50bbb4e,/p/0/e384d36cd68f7cd9,1,200,498813,1605.849,58266.543,8561
1787803277029,452971bf-e875-1435-2f47-7f6c6fe20dea,/p/0/7d4cd78f775d0642,8,200,76233,2.222,317.068,240431
1787803270172,d66568bc-db56-b020-ae6e-bd870e82c002,/p/0/580b952eb3f70609,5,200,442672,423.009,7175.027,61696
1787803220482,c5aa0efa-81cb-c472-cc06-ea5a979bd993,/p/0/7c18943206f69d1d,3,200,4576023,181.598,56915.401,80400
1787803274510,86ebf542-ef38-601a-6982-dd2a1767e854,/p/0/c9c0c421a88e14,1,200,195902,63.461,2921.311,67060
1787803265661,fc97bfa7-235d-3fc5-1122-8ebed5c0cde0,/p/4/3567c9b8d3cb6206,3,200,203460,7977.569,11780.372,17271
1787803271941,d66568bc-db56-b020-ae6e-bd870e82c002,/p/0/306dd178169cd4b7,6,200,267291,318.758,5525.191,48377
1787803260112,cf6b0c32-d027-3b38-e2ca-a9d4c3aeba8a,/p/0/3afc0e63d40567f5,6,200,3222771,203.019,17665.270,182435
1787803276419,b65c0c64-3b12-5a25-dd6f-f7450caa3086,/p/0/15dd47fe3736ff70,3,200,125685,348.820,1408.860,89210
1787803277029,452971bf-e875-1435-2f47-7f6c6fe20dea,/p/1/7d4cd58f775d02dc,8,200,311508,313.156,831.000,374859
1787803275359,63a2f736-a599-8f16-6df1-716b89ede193,/p/0/7131e8b5cb27c9d3,8,200,420328,105.214,2586.118,162532
1787803271941,d66568bc-db56-b020-ae6e-bd870e82c002,/p/0/306dd278169cd66a,6,200,320202,478.775,6020.562,53185
1787803274981,19391e0a-3e31-7406-f722-99624c645e62,/p/0/350f87bcdd102369,2,200,332603,62.031,2999.144,110899
1787803273977,eb7e981e-236e-e62e-fcbd-039d90b367ca,/p/0/459dcec1d5f91569,7,200,3086222,45.968,4025.029,766758
1787803275379,6f0efafe-e89d-5630-efce-78caa6d5edb0,/p/0/cac378b520043d8a,3,200,5264786,6.196,2624.101,2006320
1787803276436,14083928-4f13-aa04-3e54-8c263b088cb1,/p/0/5402b6cb0c9c1fef,4,200,322635,148.746,1663.605,193937
1787803277029,452971bf-e875-1435-2f47-7f6c6fe20dea,/p/0/7d4cd68f775d048f,8,200,447026,3.173,1153.694,387474
1787803277466,d66568bc-db56-b020-ae6e-bd870e82c002,/p/0/4627840a744e9837,7,200,37557,244.832,724.559,51834
1787803274981,19391e0a-3e31-7406-f722-99624c645e62,/p/2/350f86bcdd1021b6,2,200,452445,144.529,3243.679,139485
1787803275075,ed44bc0f-ef2d-a9ce-7a2d-62863ae567a0,/p/0/85464184c55c38f2,10,200,98458,259.142,3153.870,31218
1787803276436,14083928-4f13-aa04-3e54-8c263b088cb1,/p/4/5402b8cb0c9c2355,4,200,465351,182.579,1866.860,249269
1787803275435,63a2f736-a599-8f16-6df1-716b89ede193,/p/13/8a6815fd8f3a902,9,200,432785,94.778,2878.037,150375
1787803274382,9be8c8ed-4ea5-2062-ff35-3b8a81f1f7ed,/p/0/b30098b12015493,4,200,2302169,56.314,3981.859,578164
1787803277860,452971bf-e875-1435-2f47-7f6c6fe20dea,/p/0/8e84f71c7df01aed,9,200,448362,323.312,693.231,646772
1787803275871,e4c8a592-ef20-dddc-e06d-c3bb2884d28d,/p/0/d6bc51d282368f7f,2,200,168689,332.000,2682.926,62875
1787803262511,19626a39-cfe2-b4f2-9bee-f6b505059680,/p/0/8f1fda166f34bf45,1,200,226066,237.811,16087.864,14052
1787803245028,7d9bd299-f439-b81d-f69e-7c44eab037c8,/p/0/5c98be71152e058f,5,200,4583409,612.242,33627.576,136299
1787803276572,fe9f5242-1dee-d8c5-2769-78aba5955fb8,/p/0/e047304baf346d43,7,200,509173,17.323,2086.453,244038
1787803245467,1e46a455-56c8-91fa-0560-77e275a2328b,/p/18/be5aba2aa600e0b6,1,200,4353884,127.787,33267.782,130874
1787803273251,48aed0f1-d51c-f9ee-d3dc-d8ab6c4698fb,/p/0/6d5f6d668d0d9b67,1,200,2690811,120.470,5546.679,485121
1787803274172,e433120d-9660-b149-3ae2-ab6d26b5c37e,/p/1/9db75bec170e8877,1,200,409276,279.629,4687.354,87315
1787803274981,19391e0a-3e31-7406-f722-99624c645e62,/p/0/350f84bcdd101e50,2,200,486249,41.614,3879.762,125330
1787803278734,1e46a455-56c8-91fa-0560-77e275a2328b,/p/0/1bb2f2720bffa4ca,2,200,235094,51.452,278.275,844827
1787803249531,d179d41e-b523-39e2-94e1-1eb7aef09fe5,/p/2/27c2272683a3567e,2,200,383802,1144.475,29510.812,13005
1787803276419,b65c0c64-3b12-5a25-dd6f-f7450caa3086,/p/10/15dd48fe37370123,3,200,396119,221.128,2711.198,146105
1787803276419,b65c0c64-3b12-5a25-dd6f-f7450caa3086,/p/0/15dd4afe37370489,3,200,380629,142.399,2780.035,136915
1787803243433,c5aa0efa-81cb-c472-cc06-ea5a979bd993,/p/0/c7d7bd560abfef95,4,200,2471355,229.109,35768.675,69093
1787803278734,1e46a455-56c8-91fa-0560-77e275a2328b,/p/0/1bb2f1720bffa317,2,200,423260,66.382,515.478,821102
1787803275517,0cac6aae-1489-56e0-7461-86608a6b60d9,/p/0/f212d381843d5fb1,11,200,275282,197.462,3757.365,73265
1787803244823,c5aa0efa-81cb-c472-cc06-ea5a979bd993,/p/0/7705d026e48d5920,5,200,2390839,221.702,34526.908,69246
1787803276536,e006d3a4-893c-ecdd-0350-87bafabb266c,/p/11/a3ba37f0b0638fa8,3,200,383681,433.015,2884.720,133005
1787803278313,63a2f736-a599-8f16-6df1-716b89ede193,/p/0/8a67f5fd8f3a59c,9,200,112923,168.760,1134.876,99503
1787803245467,1e46a455-56c8-91fa-0560-77e275a2328b,/p/0/be5abb2aa600e269,1,200,4241121,371.332,34058.280,124525
1787803277441,fc97bfa7-235d-3fc5-1122-8ebed5c0cde0,/p/0/b3c07f2686a9677,4,200,50772,354.345,2176.167,23331
1787803257407,cf6b0c32-d027-3b38-e2ca-a9d4c3aeba8a,/p/0/92ed57fc9caf2a3,5,200,4434608,167.100,22237.413,199421
1787803274510,86ebf542-ef38-601a-6982-dd2a1767e854,/p/0/c9c1c421a88fc7,1,200,483892,191.911,5237.998,92381
1787803276055,eb7e981e-236e-e62e-fcbd-039d90b367ca,/p/0/793b0cce87329ee8,9,200,4273909,31.789,3725.505,1147203
1787803277011,8b7b632e-92c1-abff-df12-ea19e08d1599,/p/0/94341821b643878d,1,200,251242,173.317,2886.875,87029
1787803279448,63a2f736-a599-8f16-6df1-716b89ede193,/p/12/8dbaac48fbfce711,10,200,22602,185.064,455.845,49583
1787803273977,eb7e981e-236e-e62e-fcbd-039d90b367ca,/p/0/459dcbc1d5f91050,7,200,5322721,42.258,5939.752,896118
1787803265970,63feb0eb-2564-8058-5024-1e4cb93e9190,/p/0/c5d7d0b32d41f2fe,7,200,3890462,95.815,13948.999,278906
1787803256428,c0c10915-3471-79f2-0f28-e98cd9c13848,/p/0/dcf14cd54e7250f5,2,200,5414667,159.215,23523.931,230177
1787803277011,8b7b632e-92c1-abff-df12-ea19e08d1599,/p/0/94341521b6438274,1,200,207063,289.011,3040.217,68108
1787803241645,1cf52f86-b72d-b329-7e9f-ab00fc76d7b0,/p/6/7933a7c80ad1879e,4,200,3505255,234.573,38483.087,91086
1787803278303,14083928-4f13-aa04-3e54-8c263b088cb1,/p/0/ce365482943c2c81,5,200,482522,89.213,1860.141,259401
1787803275871,e4c8a592-ef20-dddc-e06d-c3bb2884d28d,/p/0/d6bc52d282369132,2,200,233147,390.390,4299.074,54232
1787803277945,63a2f736-a599-8f16-6df1-716b89ede193,/p/0/8a6825fd8f3aab5,9,200,239556,102.048,2275.306,105285
1787803278734,1e46a455-56c8-91fa-0560-77e275a2328b,/p/17/1bb2f3720bffa67d,2,200,3516982,51.211,1669.374,2106767
1787803277347,d66568bc-db56-b020-ae6e-bd870e82c002,/p/0/4627850a744e99ea,7,200,247311,297.256,3074.585,80437
1787803278303,14083928-4f13-aa04-3e54-8c263b088cb1,/p/3/ce365282943c291b,5,200,420714,184.690,2145.777,196066
1787803246464,c5aa0efa-81cb-c472-cc06-ea5a979bd993,/p/0/d4f65722f63380f2,6,200,4391074,292.331,33996.500,129163
1787803273528,9be8c8ed-4ea5-2062-ff35-3b8a81f1f7ed,/p/0/1c4557fa4aab24a5,3,200,4768474,19.849,6948.863,686224
1787803280404,1e46a455-56c8-91fa-0560-77e275a2328b,/p/0/3c069b017e492b83,3,200,245884,8.726,127.416,1929771
1787803275884,eb7e981e-236e-e62e-fcbd-039d90b367ca,/p/0/793b0fce8732a401,9,200,5947375,22.075,4659.997,1276262
1787803278224,19391e0a-3e31-7406-f722-99624c645e62,/p/0/8c3504e1ab89be50,3,200,170842,289.533,2338.682,73051
1787803266231,5da666f7-3930-edb3-8a37-ce435aa8f714,/p/0/58f3298a1702009e,5,200,4783988,164.735,14348.214,333420
1787803280404,1e46a455-56c8-91fa-0560-77e275a2328b,/p/0/3c069c017e492d36,3,200,364339,1.273,198.123,1838953
1787803278860,e433120d-9660-b149-3ae2-ab6d26b5c37e,/p/0/a14a6116b213e016,2,200,239883,293.717,1746.560,137346
1787803280404,1e46a455-56c8-91fa-0560-77e275a2328b,/p/16/3c069a017e4929d0,3,200,376375,19.482,207.660,1812457
1787803279904,63a2f736-a599-8f16-6df1-716b89ede193,/p/0/8dbaab48fbfce55e,10,200,87096,143.510,722.675,120519
1787803278303,14083928-4f13-aa04-3e54-8c263b088cb1,/p/0/ce365182943c2768,5,200,518568,176.104,2390.479,216931
1787803279421,e006d3a4-893c-ecdd-0350-87bafabb266c,/p/10/1cfc62d278cbd722,4,200,107901,1277.900,1283.044,84098
1787803280612,1e46a455-56c8-91fa-0560-77e275a2328b,/p/0/d0a461616b6f9a6e,4,200,209956,1.747,104.772,2003939
1787803277011,8b7b632e-92c1-abff-df12-ea19e08d1599,/p/1/94341721b64385da,1,200,468388,58.012,3760.618,124551
1787803280611,1e46a455-56c8-91fa-0560-77e275a2328b,/p/0/d0a460616b6f98bb,4,200,511063,2.245,237.320,2153479
1787803279130,b65c0c64-3b12-5a25-dd6f-f7450caa3086,/p/9/57c09d2dd7e3c183,4,200,140999,222.269,1778.091,79298
1787803280449,14083928-4f13-aa04-3e54-8c263b088cb1,/p/2/d8272b80f808f285,6,200,95695,124.034,483.657,197857
1787803274899,d66568bc-db56-b020-ae6e-bd870e82c002,/p/1/4627860a744e9b9d,7,200,366775,294.101,6180.882,59340
1787803267727,9bf2b6df-b71f-4735-ded7-322fbe959fbf,/p/0/2151072b8b300b33,1,200,4317620,404.878,13441.282,321221
1787803256428,c0c10915-3471-79f2-0f28-e98cd9c13848,/p/0/dcf149d54e724bdc,2,200,5556061,174.608,24769.547,224310
1787803275867,ab20e2c6-17bf-e321-abcd-e30c10aef1f9,/p/0/b205a0cdb142437b,3,200,95859,881.445,5337.428,17960
1787803253314,4a600044-b824-75ce-64cc-0ee37bb6476e,/p/0/7899b94363d1c13c,1,200,3822598,67.919,27893.492,137043
1787803253314,4a600044-b824-75ce-64cc-0ee37bb6476e,/p/1/7899ba4363d1c2ef,1,200,3915390,401.372,27896.816,140353
1787803278860,e433120d-9660-b149-3ae2-ab6d26b5c37e,/p/0/a14a6216b213e1c9,2,200,513892,320.591,2426.412,211791
1787803274824,e4c8a592-ef20-dddc-e06d-c3bb2884d28d,/p/0/279e6a7f4ade7887,1,200,462832,348.904,6679.314,69293
1787803274382,9be8c8ed-4ea5-2062-ff35-3b8a81f1f7ed,/p/0/b300b8b120157f9,4,200,6119461,52.082,7140.156,857049
1787803280221,63a2f736-a599-8f16-6df1-716b89ede193,/p/0/8dbaaa48fbfce3ab,10,200,163172,139.522,1359.842,119993
1787803280612,1e46a455-56c8-91fa-0560-77e275a2328b,/p/15/d0a462616b6f9c21,4,200,4703804,6.993,1031.832,4558693
1787803281643,1e46a455-56c8-91fa-0560-77e275a2328b,/p/14/c9660203b51f301c,5,200,20891,1.651,6.077,3437853
1787803280704,e006d3a4-893c-ecdd-0350-87bafabb266c,/p/0/1cfc63d278cbd8d5,4,200,191959,862.002,1011.672,189744
1787803256238,0bc6c343-fd5b-3b3e-37e3-d1d8563349f9,/p/4/e8a8c6f8eefe5d7d,1,200,3654806,89.032,25530.111,143157
1787803274824,e4c8a592-ef20-dddc-e06d-c3bb2884d28d,/p/0/279e6b7f4ade7a3a,1,200,329843,380.413,6946.136,47486
1787803281643,1e46a455-56c8-91fa-0560-77e275a2328b,/p/0/c9660303b51f31cf,5,200,208133,6.051,159.746,1302896
1787803278229,ed44bc0f-ef2d-a9ce-7a2d-62863ae567a0,/p/0/5c2dacadab1c6f43,11,200,244252,262.878,3622.032,67435
1787803281211,4a600044-b824-75ce-64cc-0ee37bb6476e,/p/0/cae5ffb6e181b275,2,200,141461,318.217,661.459,213862
1787803280772,8b7b632e-92c1-abff-df12-ea19e08d1599,/p/0/195b757c4f948510,2,200,110152,174.772,1222.344,90115
1787803267670,e006d3a4-893c-ecdd-0350-87bafabb266c,/p/0/95cf075d06d1cfa5,1,200,2152676,337.362,14340.084,150116
1787803271991,a55038e8-f907-c643-c309-eef4df21ca8a,/p/0/a4d078e82739417,1,200,4250236,35.321,10033.939,423586
1787803281716,e006d3a4-893c-ecdd-0350-87bafabb266c,/p/0/1cfc60d278cbd3bc,4,200,164905,141.300,467.124,353022
1787803282010,e006d3a4-893c-ecdd-0350-87bafabb266c,/p/9/c6a06022d877cda2,5,200,112756,41.097,186.607,604245
1787803278224,19391e0a-3e31-7406-f722-99624c645e62,/p/0/8c3507e1ab89c369,3,200,508521,309.807,4068.107,125002
1787803277860,452971bf-e875-1435-2f47-7f6c6fe20dea,/p/0/8e84f61c7df0193a,9,200,2294513,323.211,4481.172,512034
1787803281643,1e46a455-56c8-91fa-0560-77e275a2328b,/p/0/c9660403b51f3382,5,200,257273,8.625,713.098,360782
1787803280128,1cf52f86-b72d-b329-7e9f-ab00fc76d7b0,/p/0/d1b57e48e9216930,5,200,113309,290.927,2247.123,50424
1787803270248,dc1bc04f-82e3-aae1-b398-98a3731896a3,/p/0/510bc7c398c7e48b,4,200,4354734,64.603,12175.593,357661
1787803280772,8b7b632e-92c1-abff-df12-ea19e08d1599,/p/0/195b767c4f9486c3,2,200,131167,462.713,1773.015,73980
1787803278860,e433120d-9660-b149-3ae2-ab6d26b5c37e,/p/0/a14a5f16b213dcb0,2,200,2521980,293.735,3735.764,675091
1787803281080,d66568bc-db56-b020-ae6e-bd870e82c002,/p/0/bcc7650ba7923782,8,200,84285,366.819,1561.333,53983
1787803275867,ab20e2c6-17bf-e321-abcd-e30c10aef1f9,/p/6/b205a2cdb14246e1,3,200,345515,1097.434,6851.183,50431
1787803281210,4a600044-b824-75ce-64cc-0ee37bb6476e,/p/0/cae5fdb6e181af0f,2,200,331197,5.793,1624.384,203891
1787803282197,44fb2a9d-e797-8d90-5530-e491304695c9,/?crawl=125,0,200,399349,31.178,789.126,506065
1787803274172,e433120d-9660-b149-3ae2-ab6d26b5c37e,/p/0/9db75aec170e86c4,1,200,5921781,62.438,8856.452,668640
1787803232740,e0d036c2-b593-f2f7-d9b7-9fae6a22b46f,/p/0/9fad1fe20bb182bb,2,200,5854688,246.500,50315.687,116359
1787803232740,e0d036c2-b593-f2f7-d9b7-9fae6a22b46f,/p/0/9fad20e20bb1846e,2,200,5112126,337.429,50339.238,101554
1787803252442,f96cf050-1440-7233-cad8-3abef4e2a5ef,/p/0/59ad66174ad89301,1,200,2427685,149.585,30691.533,79100
1787803280771,8b7b632e-92c1-abff-df12-ea19e08d1599,/p/0/195b777c4f948876,2,200,346332,58.574,2381.798,145408
1787803277441,fc97bfa7-235d-3fc5-1122-8ebed5c0cde0,/p/3/b3c06f2686a94c4,4,200,205543,413.429,5782.350,35547
1787803282986,44fb2a9d-e797-8d90-5530-e491304695c9,/p/0/1fb617f03aa1c31b,1,200,80267,42.995,287.812,278887
1787803280933,14083928-4f13-aa04-3e54-8c263b088cb1,/p/1/e151dd368ce4436f,7,200,197928,97.774,2359.285,83893
1787803282719,ab20e2c6-17bf-e321-abcd-e30c10aef1f9,/p/0/3e8a372611c639c6,4,200,141846,573.943,593.177,239129
1787803282719,ab20e2c6-17bf-e321-abcd-e30c10aef1f9,/p/0/3e8a362611c63813,4,200,214518,573.832,597.539,359003
1787803281650,1e46a455-56c8-91fa-0560-77e275a2328b,/p/13/bda81f05ef4c702e,6,200,378332,19.710,1676.852,225620
1787803269592,e006d3a4-893c-ecdd-0350-87bafabb266c,/p/0/48bea43d8c08002a,2,200,2822366,270.581,13919.198,202768
1787803282719,ab20e2c6-17bf-e321-abcd-e30c10aef1f9,/p/5/3e8a382611c63b79,4,200,438305,573.815,800.637,547445
1787803276536,e006d3a4-893c-ecdd-0350-87bafabb266c,/p/0/a3ba38f0b063915b,3,200,2468213,324.487,7112.047,347047
1787803271660,0259e658-774f-d392-9487-017f5735e0f8,/p/4/a740d2e1a1deee29,1,200,3305483,347.227,12034.382,274670
1787803273574,3e71326f-e416-3c5e-6236-7bd18a29c656,/p/0/f047287a34f2e28,2,200,94273,2510.002,10206.160,9237
1787803261282,734b25fb-d87c-a41b-9c0b-2584b6aa4c78,/p/2/903cd3449922770d,1,200,2847775,52.657,22569.959,126175
1787803281649,1e46a455-56c8-91fa-0560-77e275a2328b,/p/0/bda81d05ef4c6cc8,6,200,443317,18.876,2295.730,193105
1787803264705,d66568bc-db56-b020-ae6e-bd870e82c002,/p/0/2299f45ff3ac0564,3,200,3220210,721.838,19266.734,167138
1787803237510,e0d036c2-b593-f2f7-d9b7-9fae6a22b46f,/p/0/2d7d67403e81f9a,3,200,5732257,244.713,46566.926,123097
1787803280909,b65c0c64-3b12-5a25-dd6f-f7450caa3086,/p/8/94db860e7bf49506,5,200,288866,156.107,3191.484,90512
1787803267569,5dc1e98b-e944-26bb-e977-30c41b3bf4a0,/p/0/f2d08c96f08b6066,2,200,2973462,384.729,16535.624,179822
1787803283853,734b25fb-d87c-a41b-9c0b-2584b6aa4c78,/p/0/a87bd60c3a5d8e44,2,200,22713,319.544,487.594,46582
1787803282197,fc04e8ae-bcfa-a7e8-fa67-69e77ae9c9a2,/?crawl=126,0,200,411282,78.409,2146.122,191640
1787803256239,0bc6c343-fd5b-3b3e-37e3-d1d8563349f9,/p/0/e8a8c5f8eefe5bca,1,200,4076171,248.245,28111.415,145001
1787803283511,e006d3a4-893c-ecdd-0350-87bafabb266c,/p/8/5b477a97fe41dd56,6,200,487957,14.334,850.604,573659
1787803283649,e006d3a4-893c-ecdd-0350-87bafabb266c,/p/0/5b477b97fe41df09,6,200,408843,16.036,713.392,573097
1787803269592,e006d3a4-893c-ecdd-0350-87bafabb266c,/p/0/48bea33d8c07fe77,2,200,2935546,406.295,14773.901,198698
1787803280933,14083928-4f13-aa04-3e54-8c263b088cb1,/p/0/e151df368ce446d5,7,200,501352,89.481,3443.831,145580
1787803280933,14083928-4f13-aa04-3e54-8c263b088cb1,/p/0/e151dc368ce441bc,7,200,498131,97.711,3603.899,138220
1787803253985,f96cf050-1440-7233-cad8-3abef4e2a5ef,/p/4/208acccdfa1df57a,2,200,6064911,604.482,30722.425,197410
1787803282986,44fb2a9d-e797-8d90-5530-e491304695c9,/p/0/1fb618f03aa1c4ce,1,200,200325,29.091,1765.989,113435
1787803284708,f96cf050-1440-7233-cad8-3abef4e2a5ef,/p/0/641f205f69f6c3d0,3,200,72805,18.095,54.240,1342278
1787803283519,ab20e2c6-17bf-e321-abcd-e30c10aef1f9,/p/0/e1fd199ca12f4492,5,200,437612,29.724,1268.615,344953
1787803284366,e006d3a4-893c-ecdd-0350-87bafabb266c,/p/0/e5bb542a85aa522f,7,200,113352,430.410,443.236,255737
1787803284708,f96cf050-1440-7233-cad8-3abef4e2a5ef,/p/0/641f235f69f6c8e9,3,200,412444,2.721,108.847,3789214
1787803284708,f96cf050-1440-7233-cad8-3abef4e2a5ef,/p/3/641f225f69f6c736,3,200,485275,20.798,140.669,3449770
1787803283695,0259e658-774f-d392-9487-017f5735e0f8,/p/0/f7f3edf4e97822ca,2,200,102267,252.200,1156.688,88414
1787803271159,5dc1e98b-e944-26bb-e977-30c41b3bf4a0,/p/6/3a3931142dba39d1,3,200,2636384,229.023,13713.105,192253
1787803284873,5dc1e98b-e944-26bb-e977-30c41b3bf4a0,/p/0/4dec8b527a5922a3,4,200,12557,36.824,55.040,228144
1787803284362,e006d3a4-893c-ecdd-0350-87bafabb266c,/p/7/e5bb532a85aa507c,7,200,174247,433.836,624.177,279163
1787803284100,b65c0c64-3b12-5a25-dd6f-f7450caa3086,/p/0/94db840e7bf491a0,5,200,100618,255.665,886.974,113440
1787803284848,f96cf050-1440-7233-cad8-3abef4e2a5ef,/p/0/7a8d2c20ce412032,4,200,366469,6.282,139.112,2634354
1787803284848,f96cf050-1440-7233-cad8-3abef4e2a5ef,/p/2/7a8d2a20ce411ccc,4,200,289323,11.998,150.148,1926919
1787803284362,e006d3a4-893c-ecdd-0350-87bafabb266c,/p/0/5b477897fe41d9f0,6,200,360168,434.127,652.762,551760
1787803262372,7e3c1cd0-0bdb-f00a-7159-a3e2c48d65fc,/p/0/ed01d2c8e40e0bf0,1,200,3534446,70.698,22712.400,155617
1787803284999,f96cf050-1440-7233-cad8-3abef4e2a5ef,/p/1/e532ece8c98cfcd7,5,200,151739,16.912,93.087,1630082
1787803284848,f96cf050-1440-7233-cad8-3abef4e2a5ef,/p/0/7a8d2b20ce411e7f,4,0,599135,11.206,305.277,1962597
1787803283694,0259e658-774f-d392-9487-017f5735e0f8,/p/3/f7f3eef4e978247d,2,200,255364,79.147,1475.166,173109
1787803272679,1444af44-e257-f0a8-290f-fb91f3b658e2,/p/0/7a7fb0964b3247ea,2,200,139665,1926.089,12491.231,11181
1787803283327,1e46a455-56c8-91fa-0560-77e275a2328b,/p/12/e788d5f07e754a5c,7,200,179671,234.274,1896.098,94758
1787803283694,0259e658-774f-d392-9487-017f5735e0f8,/p/0/f7f3ecf4e9782117,2,200,163863,300.487,1605.737,102048
1787803285014,e006d3a4-893c-ecdd-0350-87bafabb266c,/p/0/515591e12dfb0e0e,8,200,253111,23.410,287.421,880628
1787803284999,f96cf050-1440-7233-cad8-3abef4e2a5ef,/p/0/e532ebe8c98cfb24,5,200,411766,15.621,307.085,1340885
1787803284537,14083928-4f13-aa04-3e54-8c263b088cb1,/p/0/9f1006bd28cfd7c4,8,200,102106,150.059,816.188,125101
1787803268935,e74dc3e9-9b81-1c67-b868-f59eb1ef8038,/p/2/598ed52c622a8267,12,200,5459916,35.471,16435.367,332205
1787803285197,1360ae5a-bf91-0db1-25fb-3c3e7a9c795c,/?crawl=129,0,200,125878,28.608,222.918,564682
1787803276536,e006d3a4-893c-ecdd-0350-87bafabb266c,/p/0/a3ba39f0b063930e,3,200,4020758,270.416,8928.706,450318
1787803214782,0749ca82-1e65-8f0a-ba8a-b79b9d25deac,/p/0/a0c122534132ae4b,2,200,3030184,538.285,70685.587,42868
1787803284986,e006d3a4-893c-ecdd-0350-87bafabb266c,/p/6/515592e12dfb0fc1,8,200,360201,17.178,497.977,723329
1787803284872,5dc1e98b-e944-26bb-e977-30c41b3bf4a0,/p/5/4dec8a527a5920f0,4,200,163262,74.564,636.855,256357
1787803285092,f96cf050-1440-7233-cad8-3abef4e2a5ef,/p/0/ca9fd995a60e0acf,6,200,493691,29.761,467.182,1056742
1787803284377,14083928-4f13-aa04-3e54-8c263b088cb1,/p/0/9f1009bd28cfdcdd,8,200,140351,177.424,1254.897,111843
1787803285484,e006d3a4-893c-ecdd-0350-87bafabb266c,/p/5/e77063ad892ac7c4,9,200,292042,28.565,243.431,1199691
1787803285370,e74dc3e9-9b81-1c67-b868-f59eb1ef8038,/p/0/7f4195d054f6aab3,13,200,63039,38.840,455.407,138423
1787803280908,b65c0c64-3b12-5a25-dd6f-f7450caa3086,/p/0/94db870e7bf496b9,5,200,493595,142.998,4946.000,99797
1787803285728,e006d3a4-893c-ecdd-0350-87bafabb266c,/p/0/e77065ad892acb2a,9,200,227547,17.649,213.059,1068001
1787803283519,ab20e2c6-17bf-e321-abcd-e30c10aef1f9,/p/0/e1fd189ca12f42df,5,200,2169107,45.965,2520.641,860538
1787803249531,d179d41e-b523-39e2-94e1-1eb7aef09fe5,/p/0/27c2282683a35831,2,0,393096,3752.263,36628.990,10732
1787803238539,5bf49a11-3401-a7a4-7d34-f0e4ab04e2d3,/p/0/1cf7f95b9620595a,1,200,3436419,40.669,47639.270,72134
1787803280128,1cf52f86-b72d-b329-7e9f-ab00fc76d7b0,/p/0/d1b58148e9216e49,5,200,405014,213.652,6054.851,66891
1787803285370,e74dc3e9-9b81-1c67-b868-f59eb1ef8038,/p/1/7f4194d054f6a900,13,200,142570,211.185,856.128,166529
1787803283326,1e46a455-56c8-91fa-0560-77e275a2328b,/p/0/e788d7f07e754dc2,7,200,237392,500.076,2946.491,80568
1787803282196,e006d3a4-893c-ecdd-0350-87bafabb266c,/p/0/c6a05e22d877ca3c,5,200,3615620,67.556,4110.212,879667
1787803283327,1e46a455-56c8-91fa-0560-77e275a2328b,/p/0/e788d6f07e754c0f,7,200,223135,214.883,3016.071,73982
1787803285092,f96cf050-1440-7233-cad8-3abef4e2a5ef,/p/0/ca9fdb95a60e0e35,6,200,2631454,31.270,1310.882,2007391
1787803275867,ab20e2c6-17bf-e321-abcd-e30c10aef1f9,/p/0/b205a1cdb142452e,3,200,4307053,850.418,10565.083,407669
1787803256783,ab20e2c6-17bf-e321-abcd-e30c10aef1f9,/p/0/417681a01cc8e1e0,1,200,5650430,424.173,29649.694,190573
1787803263816,19626a39-cfe2-b4f2-9bee-f6b505059680,/p/10/aaa3d78a419e14e,2,200,309468,1192.453,22627.484,13677
1787803285092,f96cf050-1440-7233-cad8-3abef4e2a5ef,/p/0/ca9fd895a60e091c,6,200,2352950,28.526,1355.727,1735564
1787803218800,0749ca82-1e65-8f0a-ba8a-b79b9d25deac,/p/0/15e120a3b744dd56,4,200,2918848,819.482,67653.802,43144
1787803285223,1e46a455-56c8-91fa-0560-77e275a2328b,/p/0/3c2e5700072e4e0a,8,200,72980,274.253,1406.814,51876
1787803261282,734b25fb-d87c-a41b-9c0b-2584b6aa4c78,/p/0/903cd2449922755a,1,200,3055210,52.586,25451.776,120039
1787803283519,ab20e2c6-17bf-e321-abcd-e30c10aef1f9,/p/4/e1fd179ca12f412c,5,200,5781570,42.260,3240.713,1784043
1787803284999,f96cf050-1440-7233-cad8-3abef4e2a5ef,/p/0/e532eee8c98d003d,5,200,4398658,14.852,1767.908,2488059
1787803285509,5dc1e98b-e944-26bb-e977-30c41b3bf4a0,/p/4/5b4aee89c4cb0d90,5,200,94823,327.243,1267.181,74830
1787803283853,734b25fb-d87c-a41b-9c0b-2584b6aa4c78,/p/1/a87bd70c3a5d8ff7,2,200,166290,462.722,2933.833,56680
1787803263816,19626a39-cfe2-b4f2-9bee-f6b505059680,/p/0/aaa3e78a419e301,2,200,264924,3197.156,22982.545,11527
1787803285197,07441853-5a0b-0fea-263f-0b9c1a49df63,/?crawl=128,0,200,321463,75.264,1656.080,194111
1787803281769,0bc6c343-fd5b-3b3e-37e3-d1d8563349f9,/p/0/d67c126ac398b086,2,200,392675,316.370,5119.205,76706
1787803286226,e74dc3e9-9b81-1c67-b868-f59eb1ef8038,/p/0/b0155d5ccc0af770,14,200,7536,758.021,799.126,9430
1787803286760,ab20e2c6-17bf-e321-abcd-e30c10aef1f9,/p/3/733c80e47c50f8e9,6,200,222025,66.728,381.581,581855
1787803286760,ab20e2c6-17bf-e321-abcd-e30c10aef1f9,/p/0/733c7ee47c50f583,6,200,334877,66.947,383.723,872704
1787803284809,e006d3a4-893c-ecdd-0350-87bafabb266c,/p/0/e5bb552a85aa53e2,7,200,2146669,75.085,2368.811,906222
1787803287178,e006d3a4-893c-ecdd-0350-87bafabb266c,/p/0/6cfd6e2ee878660e,10,200,12945,18.621,34.657,373515
1787803274433,10282b25-88d2-49b4-dc6b-7ab3b875e9e4,/p/0/215f30a0ded4b43d,5,200,6188535,81.010,12843.339,481848
1787803286197,365440e8-3b12-d7b5-07b9-ad55baa9c2da,/?crawl=130,0,200,491367,39.947,1131.759,434162
1787803285223,1e46a455-56c8-91fa-0560-77e275a2328b,/p/0/3c2e5600072e4c57,8,200,86599,274.174,2166.981,39963
1787803278224,19391e0a-3e31-7406-f722-99624c645e62,/p/1/8c3506e1ab89c1b6,3,200,2427353,289.588,9177.465,264491
1787803286760,ab20e2c6-17bf-e321-abcd-e30c10aef1f9,/p/0/733c7fe47c50f736,6,200,180807,376.848,828.388,218264
1787803280128,1cf52f86-b72d-b329-7e9f-ab00fc76d7b0,/p/5/d1b57f48e9216ae3,5,200,476983,350.083,7572.223,62991
1787803286227,e74dc3e9-9b81-1c67-b868-f59eb1ef8038,/p/0/b015605ccc0afc89,14,200,131146,798.828,1565.190,83789
1787803287329,365440e8-3b12-d7b5-07b9-ad55baa9c2da,/p/0/7ad9f60e0af9acd1,1,200,39801,190.888,481.875,82596
1787803272020,63a2f736-a599-8f16-6df1-716b89ede193,/p/0/9ee0a2f954883b38,7,200,2208229,99.754,15825.815,139533
1787803285302,e006d3a4-893c-ecdd-0350-87bafabb266c,/p/0/515590e12dfb0c5b,8,200,2806259,16.968,2570.161,1091861
1787803287142,ab20e2c6-17bf-e321-abcd-e30c10aef1f9,/p/0/eebd884bde20a011,7,200,286863,460.944,900.921,318411
1787803287142,ab20e2c6-17bf-e321-abcd-e30c10aef1f9,/p/2/eebd874bde209e5e,7,200,373231,446.865,902.252,413666
1787803252912,e51c2ccc-530c-0524-fc27-87f81183ca9e,/p/0/8e70b6eba2a9b5f0,6,200,4745600,258.567,35149.143,135013
1787803287197,702b7d66-0ccc-7dff-26e7-1a1bb8b4a3ab,/?crawl=134,0,200,158237,80.012,915.115,172915
1787803262372,7e3c1cd0-0bdb-f00a-7159-a3e2c48d65fc,/p/0/ed01d3c8e40e0da3,1,200,4966127,247.644,25864.737,192004
1787803287402,19391e0a-3e31-7406-f722-99624c645e62,/p/0/d60415b644442273,4,200,104793,41.666,933.210,112293
1787803285223,1e46a455-56c8-91fa-0560-77e275a2328b,/p/11/3c2e5500072e4aa4,8,200,475609,220.949,3177.666,149672
1787803217496,0749ca82-1e65-8f0a-ba8a-b79b9d25deac,/p/0/fff7c8fdfee5aad4,3,200,5750140,459.196,70940.150,81056
1787803249531,d179d41e-b523-39e2-94e1-1eb7aef09fe5,/p/0/27c2252683a35318,2,0,599135,2522.121,39017.860,15355
1787803288044,ab20e2c6-17bf-e321-abcd-e30c10aef1f9,/p/0/ea88566fae6be38,8,200,239979,131.405,512.044,468669
1787803288044,ab20e2c6-17bf-e321-abcd-e30c10aef1f9,/p/1/ea88666fae6bfeb,8,200,486367,131.422,613.983,792151
1787803285484,e006d3a4-893c-ecdd-0350-87bafabb266c,/p/0/e77064ad892ac977,9,200,3117755,14.828,3182.129,979770
1787803279042,d179d41e-b523-39e2-94e1-1eb7aef09fe5,/p/0/f134e7a7df438ac,3,0,133048,2088.535,9735.367,13666
1787803288197,25cff348-5e81-98b4-fafc-1d1ec23b7b1a,/?crawl=135,0,200,158163,55.665,593.874,266324
1787803271554,0c39296c-9d09-a3b9-cfb4-8e11142eafe6,/p/13/db9006444900ebb9,1,200,5002263,125.261,17246.166,290051
1787803287701,1cf52f86-b72d-b329-7e9f-ab00fc76d7b0,/p/4/660b115b1075bd7b,6,200,502989,357.067,1147.750,438239
1787803287701,1cf52f86-b72d-b329-7e9f-ab00fc76d7b0,/p/0/660b135b1075c0e1,6,200,283142,358.227,1152.003,245782
1787803232813,1cf52f86-b72d-b329-7e9f-ab00fc76d7b0,/p/0/417cb6cb46ce4a0e,1,200,5894120,221.219,56040.908,105175
1787803275256,63a2f736-a599-8f16-6df1-716b89ede193,/p/0/7131e9b5cb27cb86,8,200,2104585,168.082,13627.255,154439
1787803287846,63a2f736-a599-8f16-6df1-716b89ede193,/p/0/5f2329d098219e9c,11,200,151534,101.782,1082.985,139922
1787803288658,ab20e2c6-17bf-e321-abcd-e30c10aef1f9,/p/0/fd2b12e41344608f,9,200,73005,348.251,352.318,207213
1787803282183,e006d3a4-893c-ecdd-0350-87bafabb266c,/p/0/c6a06122d877cf55,5,200,6226629,69.941,6858.150,907917
1787803283853,734b25fb-d87c-a41b-9c0b-2584b6aa4c78,/p/0/a87bd90c3a5d935d,2,200,364886,375.601,5218.677,69919
1787803287402,19391e0a-3e31-7406-f722-99624c645e62,/p/0/d60414b6444420c0,4,200,260994,62.825,1726.261,151190
1787803282986,44fb2a9d-e797-8d90-5530-e491304695c9,/p/2/1fb616f03aa1c168,1,200,2340219,98.953,6159.342,379946
1787803286787,734b25fb-d87c-a41b-9c0b-2584b6aa4c78,/p/0/7f81a7fc11404cf9,3,200,190359,266.523,2388.088,79712
1787803284987,b65c0c64-3b12-5a25-dd6f-f7450caa3086,/p/7/4c53ec603b393572,6,200,347898,267.021,4231.263,82221
1787803285941,e006d3a4-893c-ecdd-0350-87bafabb266c,/p/4/6cfd6c2ee87862a8,10,200,4488155,15.614,3355.570,1337524
1787803288658,ab20e2c6-17bf-e321-abcd-e30c10aef1f9,/p/0/fd2b14e4134463f5,9,200,109004,349.015,667.011,163422
1787803288658,ab20e2c6-17bf-e321-abcd-e30c10aef1f9,/p/0/fd2b11e413445edc,9,200,280211,348.549,675.895,414577
1787803289145,44fb2a9d-e797-8d90-5530-e491304695c9,/p/0/b298fd6366a645b0,2,200,62499,28.257,212.804,293692
1787803286227,e74dc3e9-9b81-1c67-b868-f59eb1ef8038,/p/0/b0155f5ccc0afad6,14,200,431272,779.986,3230.522,133499
1787803241645,1cf52f86-b72d-b329-7e9f-ab00fc76d7b0,/p/0/7933a5c80ad18438,4,200,5510856,214.545,47870.692,115120
1787803288853,1cf52f86-b72d-b329-7e9f-ab00fc76d7b0,/p/0/8e4815b6dbace719,7,200,43663,646.865,667.730,65390
1787803286787,734b25fb-d87c-a41b-9c0b-2584b6aa4c78,/p/0/7f81a4fc114047e0,3,200,168875,266.593,2786.248,60610
1787803288801,0c39296c-9d09-a3b9-cfb4-8e11142eafe6,/p/12/9cb336fbd996209f,2,200,142742,41.002,876.894,162781
1787803287402,19391e0a-3e31-7406-f722-99624c645e62,/p/0/d60417b6444425d9,4,200,428154,233.644,2303.662,185858
1787803289145,44fb2a9d-e797-8d90-5530-e491304695c9,/p/1/b298fe6366a64763,2,200,93371,140.456,575.168,162337
1787803287329,365440e8-3b12-d7b5-07b9-ad55baa9c2da,/p/1/7ad9f50e0af9ab1e,1,200,338930,33.280,2416.412,140262
1787803218479,0749ca82-1e65-8f0a-ba8a-b79b9d25deac,/p/12/15e11ea3b744d9f0,4,200,5463121,1137.460,71374.466,76542
1787803285170,0259e658-774f-d392-9487-017f5735e0f8,/p/2/a3537e0f2b79aae0,3,200,522402,309.718,4715.482,110784
1787803287329,365440e8-3b12-d7b5-07b9-ad55baa9c2da,/p/0/7ad9f30e0af9a7b8,1,200,329835,99.749,2568.918,128395
1787803289197,fdf0536c-6a54-53be-3866-39099ef4d3ab,/?crawl=136,0,200,418395,27.724,733.554,570367
1787803248177,548a7f9d-41e4-e529-50a4-b4a5553f5aa5,/p/0/2af066cd1165ee09,1,200,2393237,167.981,41803.418,57250
1787803286307,e006d3a4-893c-ecdd-0350-87bafabb266c,/p/0/6cfd6d2ee878645b,10,200,4993272,21.924,3777.417,1321875
1787803231429,d179d41e-b523-39e2-94e1-1eb7aef09fe5,/p/0/a62a0adea1f697c3,1,0,831803,2098.599,58722.071,14165
1787803285509,5dc1e98b-e944-26bb-e977-30c41b3bf4a0,/p/0/5b4aef89c4cb0f43,5,200,448338,327.243,4835.725,92714
1787803276572,fe9f5242-1dee-d8c5-2769-78aba5955fb8,/p/6/e0472f4baf346b90,7,200,3522293,72.503,13777.585,255654
1787803289677,0c39296c-9d09-a3b9-cfb4-8e11142eafe6,/p/0/1fa892c4ad579b32,3,200,102899,88.840,706.186,145711
1787803289677,0c39296c-9d09-a3b9-cfb4-8e11142eafe6,/p/11/1fa893c4ad579ce5,3,200,76766,88.873,710.357,108067
1787803288801,0c39296c-9d09-a3b9-cfb4-8e11142eafe6,/p/0/9cb335fbd9961eec,2,200,291647,206.484,1597.865,182523
1787803288800,0c39296c-9d09-a3b9-cfb4-8e11142eafe6,/p/0/9cb338fbd9962405,2,200,478997,124.417,1613.287,296907
1787803283223,fc97bfa7-235d-3fc5-1122-8ebed5c0cde0,/p/0/b036649e67672744,5,200,229856,444.998,7231.810,31784
1787803290197,35ac03d0-51a9-63b9-a4a8-48ace02c60be,/?crawl=137,0,200,131890,36.912,322.638,408786
1787803286787,734b25fb-d87c-a41b-9c0b-2584b6aa4c78,/p/0/7f81a6fc11404b46,3,200,482626,294.552,3780.668,127656
1787803285509,5dc1e98b-e944-26bb-e977-30c41b3bf4a0,/p/0/5b4af089c4cb10f6,5,200,321939,254.342,5359.871,60065
1787803230847,e51c2ccc-530c-0524-fc27-87f81183ca9e,/p/0/9831a06d26b1082d,1,200,5944080,242.392,60100.947,98902
1787803286777,5dc1e98b-e944-26bb-e977-30c41b3bf4a0,/p/0/5a4bcb828e66740a,6,200,319195,219.204,4257.329,74975
1787803290519,35ac03d0-51a9-63b9-a4a8-48ace02c60be,/p/0/3518f426c8ca8ba4,1,200,72821,120.296,551.553,132029
1787803289721,44fb2a9d-e797-8d90-5530-e491304695c9,/p/0/2326cd0dfb63fd7a,3,200,198682,172.064,1422.180,139702
1787803290388,0c39296c-9d09-a3b9-cfb4-8e11142eafe6,/p/0/eb9ba77ab688d760,4,200,58759,535.106,837.076,70196
1787803290388,0c39296c-9d09-a3b9-cfb4-8e11142eafe6,/p/0/eb9baa7ab688dc79,4,200,128891,523.048,839.074,153611
1787803290388,0c39296c-9d09-a3b9-cfb4-8e11142eafe6,/p/10/eb9ba87ab688d913,4,200,440403,533.794,851.380,517281
1787803289745,365440e8-3b12-d7b5-07b9-ad55baa9c2da,/p/0/b56a1ced9c8b4ecc,2,200,241139,169.973,1595.291,151157
1787803249573,e51c2ccc-530c-0524-fc27-87f81183ca9e,/p/0/32fd80bd491b45d7,5,200,5494964,285.591,41774.325,131539
1787803289145,44fb2a9d-e797-8d90-5530-e491304695c9,/p/0/b299006366a64ac9,2,200,403175,98.790,2217.367,181826
1787803288400,1e46a455-56c8-91fa-0560-77e275a2328b,/p/0/15a99e8b10ab15fc,9,200,330992,201.853,2990.934,110665
1787803289721,44fb2a9d-e797-8d90-5530-e491304695c9,/p/0/2326cb0dfb63fa14,3,200,161500,171.876,1682.281,96001
1787803290519,35ac03d0-51a9-63b9-a4a8-48ace02c60be,/p/0/3518f726c8ca90bd,1,200,215478,34.493,976.437,220678
1787803258603,63a2f736-a599-8f16-6df1-716b89ede193,/p/0/d4e0d5fdb163d640,1,200,5393966,27.889,33336.764,161802
1787803288848,1cf52f86-b72d-b329-7e9f-ab00fc76d7b0,/p/3/8e4814b6dbace566,7,200,424192,650.499,3224.323,131560
1787803241645,1cf52f86-b72d-b329-7e9f-ab00fc76d7b0,/p/0/7933a8c80ad18951,4,200,5769477,234.500,50431.706,114402
1787803281211,4a600044-b824-75ce-64cc-0ee37bb6476e,/p/0/cae5feb6e181b0c2,2,200,4783879,318.800,11043.904,433169
1787803286777,5dc1e98b-e944-26bb-e977-30c41b3bf4a0,/p/3/5a4bcc828e6675bd,6,200,452721,255.204,5490.649,82453
1787803289218,b65c0c64-3b12-5a25-dd6f-f7450caa3086,/p/0/4c53ea603b39320c,6,200,285455,155.696,3128.389,91247
1787803290350,fe9f5242-1dee-d8c5-2769-78aba5955fb8,/p/0/9987289ede516490,8,200,177804,337.762,2010.150,88453
1787803285854,b65c0c64-3b12-5a25-dd6f-f7450caa3086,/p/0/4c53ed603b393725,6,200,508991,240.006,6531.628,77927
1787803289930,fdf0536c-6a54-53be-3866-39099ef4d3ab,/p/0/a1aea1c9342f9aaa,1,200,246285,27.382,2488.431,98972
1787803277860,452971bf-e875-1435-2f47-7f6c6fe20dea,/p/0/8e84f51c7df01787,9,200,5688101,322.840,14606.378,389426
1787803289296,e006d3a4-893c-ecdd-0350-87bafabb266c,/p/3/2092dfe8e1ac1dbb,11,200,5579145,14.585,3224.919,1730011
1787803289745,365440e8-3b12-d7b5-07b9-ad55baa9c2da,/p/0/b56a1eed9c8b5232,2,200,440964,152.453,2803.931,157266
1787803285370,e74dc3e9-9b81-1c67-b868-f59eb1ef8038,/p/0/7f4196d054f6ac66,13,200,3017196,96.558,7187.928,419759
1787803291239,0c39296c-9d09-a3b9-cfb4-8e11142eafe6,/p/0/43b276149ab57e9,5,200,246693,687.458,1368.946,180207
1787803291239,0c39296c-9d09-a3b9-cfb4-8e11142eafe6,/p/9/43b266149ab5636,5,200,378301,687.783,1434.480,263720
1787803289296,e006d3a4-893c-ecdd-0350-87bafabb266c,/p/0/2092dee8e1ac1c08,11,200,5294197,16.113,3428.952,1543969
1787803289885,0259e658-774f-d392-9487-017f5735e0f8,/p/0/69d81a307ddc3ee7,4,200,186180,270.713,2973.218,62619
1787803289296,e006d3a4-893c-ecdd-0350-87bafabb266c,/p/0/2092e1e8e1ac2121,11,200,6093551,14.712,3586.777,1698893
1787803292521,e006d3a4-893c-ecdd-0350-87bafabb266c,/p/0/b19a4772b3cefb1e,12,200,494187,17.331,361.765,1366045
1787803292521,e006d3a4-893c-ecdd-0350-87bafabb266c,/p/0/b19a4672b3cef96b,12,200,416333,16.338,369.316,1127309
1787803286777,5dc1e98b-e944-26bb-e977-30c41b3bf4a0,/p/0/5a4bca828e667257,6,200,470203,237.134,6143.993,76531
1787803292674,0c39296c-9d09-a3b9-cfb4-8e11142eafe6,/p/0/b14475ae7c99108b,6,200,102062,339.406,343.672,296975
1787803288400,1e46a455-56c8-91fa-0560-77e275a2328b,/p/10/15a9a08b10ab1962,9,200,477872,220.330,4699.573,101684
1787803238899,5bf49a11-3401-a7a4-7d34-f0e4ab04e2d3,/p/0/8ea7da918a1689be,2,200,4347242,341.280,54267.557,80108
1787803289930,fdf0536c-6a54-53be-3866-39099ef4d3ab,/p/0/a1aea0c9342f98f7,1,200,509162,64.969,3300.510,154268
1787803276436,14083928-4f13-aa04-3e54-8c263b088cb1,/p/0/5402b7cb0c9c21a2,4,200,3596672,149.890,16815.192,213894
1787803288112,702b7d66-0ccc-7dff-26e7-1a1bb8b4a3ab,/p/16/c8834a845d65836a,1,200,258080,279.216,5181.151,49811
1787803292521,e006d3a4-893c-ecdd-0350-87bafabb266c,/p/2/b19a4872b3cefcd1,12,200,2988851,16.343,830.801,3597551
1787803288400,1e46a455-56c8-91fa-0560-77e275a2328b,/p/0/15a9a18b10ab1b15,9,200,447471,239.150,4961.915,90181
1787803293352,e006d3a4-893c-ecdd-0350-87bafabb266c,/p/0/dd88e54a894fda4b,13,200,172202,1.959,62.309,2763657
1787803293352,e006d3a4-893c-ecdd-0350-87bafabb266c,/p/0/dd88e64a894fdbfe,13,200,204052,2.453,100.767,2024980
1787803293352,e006d3a4-893c-ecdd-0350-87bafabb266c,/p/1/dd88e44a894fd898,13,200,446508,11.210,146.652,3044679
1787803286197,07bdf8ac-ffaa-2064-c3ca-f25896e9c5f4,/?crawl=132,0,200,3183768,44.965,7361.633,432481
1787803293499,e006d3a4-893c-ecdd-0350-87bafabb266c,/p/0/9cdbd4174056b310,14,200,164753,17.795,83.901,1963649
1787803292674,0c39296c-9d09-a3b9-cfb4-8e11142eafe6,/p/8/b14474ae7c990ed8,6,200,122031,339.351,954.265,127880
1787803293499,e006d3a4-893c-ecdd-0350-87bafabb266c,/p/0/9cdbd5174056b4c3,14,200,505900,10.343,238.136,2124419
1787803293197,74679cd6-51a6-def2-fd41-4cc0c75826dd,/?crawl=139,0,200,445819,20.459,593.731,750878
1787803262094,63a2f736-a599-8f16-6df1-716b89ede193,/p/0/88d9e0f4a70ead4a,4,200,4794649,113.831,31750.332,151011
1787803292674,0c39296c-9d09-a3b9-cfb4-8e11142eafe6,/p/0/b14476ae7c99123e,6,200,317864,339.550,1269.791,250328
1787803289677,0c39296c-9d09-a3b9-cfb4-8e11142eafe6,/p/0/1fa891c4ad57997f,3,200,5220363,89.028,4277.447,1220439
1787803293100,1e46a455-56c8-91fa-0560-77e275a2328b,/p/9/15410bdaeda9473b,10,200,62475,299.862,1019.266,61294
1787803284197,e05bb7f6-272b-355e-0d2c-78db980475ad,/?crawl=127,0,200,2915944,47.748,9986.692,291983
1787803293499,e006d3a4-893c-ecdd-0350-87bafabb266c,/p/0/9cdbd6174056b676,14,200,3405633,2.687,730.646,4661128
1787803256238,0bc6c343-fd5b-3b3e-37e3-d1d8563349f9,/p/0/e8a8c4f8eefe5a17,1,200,6241247,34.646,38027.955,164123
1787803293628,0c39296c-9d09-a3b9-cfb4-8e11142eafe6,/p/0/3966eec184af39ff,7,200,21898,649.054,650.365,33670
1787803293628,0c39296c-9d09-a3b9-cfb4-8e11142eafe6,/p/7/3966edc184af384c,7,200,97338,649.195,652.692,149133
1787803261079,d9b27d91-0fa9-612c-4b18-86aa6c1a66d6,/p/0/3aab293f3679e5ef,1,200,2407332,84.868,33218.100,72470
1787803280627,63a2f736-a599-8f16-6df1-716b89ede193,/p/11/5f232bd09821a202,11,200,2517063,101.160,13843.295,181825
1787803290350,fe9f5242-1dee-d8c5-2769-78aba5955fb8,/p/5/99872a9ede5167f6,8,200,491939,188.191,4159.749,118262
1787803293628,0c39296c-9d09-a3b9-cfb4-8e11142eafe6,/p/0/3966efc184af3bb2,7,200,160868,650.008,967.101,166340
1787803283223,fc97bfa7-235d-3fc5-1122-8ebed5c0cde0,/p/2/b036659e676728f7,5,200,438973,539.804,11502.046,38165
1787803273574,3e71326f-e416-3c5e-6236-7bd18a29c656,/p/8/f047387a34f2fdb,2,200,234887,1234.455,21323.810,11015
1787803281581,63a2f736-a599-8f16-6df1-716b89ede193,/p/0/5f232cd09821a3b5,11,200,2502264,90.809,13321.464,187837
1787803292267,5dc1e98b-e944-26bb-e977-30c41b3bf4a0,/p/0/8302da5b66a71ae7,7,200,247829,253.824,2653.145,93410
1787803289885,0259e658-774f-d392-9487-017f5735e0f8,/p/0/69d81b307ddc409a,4,200,379962,236.005,5071.465,74922
1787803294470,63a2f736-a599-8f16-6df1-716b89ede193,/p/0/dbc313c5d74693ce,12,200,126896,102.493,587.496,215995
1787803294281,0c39296c-9d09-a3b9-cfb4-8e11142eafe6,/p/6/21605e5ae5bd26f0,8,200,194556,404.040,804.206,241923
1787803289853,0749ca82-1e65-8f0a-ba8a-b79b9d25deac,/p/0/aef29ec7089a81ed,5,200,294703,351.688,5236.504,56279
1787803294281,0c39296c-9d09-a3b9-cfb4-8e11142eafe6,/p/0/2160605ae5bd2a56,8,200,381173,403.724,869.414,438425
1787803294184,e05bb7f6-272b-355e-0d2c-78db980475ad,/p/0/468ac2ab63d7af41,1,200,414821,4.916,1096.454,378330
1787803287197,ab26aace-a219-cdc4-0c38-30c83d8f2c44,/?crawl=133,0,200,3347617,30.217,8102.428,413162
1787803294184,e05bb7f6-272b-355e-0d2c-78db980475ad,/p/2/468ac1ab63d7ad8e,1,200,520967,335.211,1170.613,445038
1787803292073,1cf52f86-b72d-b329-7e9f-ab00fc76d7b0,/p/0/d3685d70a263cccd,8,200,201375,339.472,3282.680,61345
1787803289885,0259e658-774f-d392-9487-017f5735e0f8,/p/1/69d819307ddc3d34,4,200,387151,262.040,5605.539,69066
1787803294470,63a2f736-a599-8f16-6df1-716b89ede193,/p/10/dbc311c5d7469068,12,200,344642,93.414,1094.084,315005
1787803294470,63a2f736-a599-8f16-6df1-716b89ede193,/p/0/dbc312c5d746921b,12,200,311375,102.425,1146.914,271489
1787803295564,63a2f736-a599-8f16-6df1-716b89ede193,/p/0/c186f6cfdbcee63c,13,200,20165,52.879,71.965,280204
1787803295564,63a2f736-a599-8f16-6df1-716b89ede193,/p/0/c186f9cfdbceeb55,13,200,93407,80.409,259.773,359571
1787803295198,d1011d9f-5343-c4b8-8767-7499047217b7,/?crawl=143,0,200,295841,42.915,793.412,372872
1787803293790,74679cd6-51a6-def2-fd41-4cc0c75826dd,/p/2/72f19f7efabcf099,1,200,353414,49.349,2230.409,158453
1787803273574,3e71326f-e416-3c5e-6236-7bd18a29c656,/p/0/f047587a34f3341,2,200,357115,2411.786,22514.885,15861
1787803295564,63a2f736-a599-8f16-6df1-716b89ede193,/p/9/c186f8cfdbcee9a2,13,200,286552,80.441,536.760,533855
1787803294119,1e46a455-56c8-91fa-0560-77e275a2328b,/p/8/576325f9e7ad4255,11,200,126567,186.257,2083.208,60756
1787803281769,0bc6c343-fd5b-3b3e-37e3-d1d8563349f9,/p/3/d67c136ac398b239,2,200,2118896,266.888,14455.382,146582
1787803272679,1444af44-e257-f0a8-290f-fb91f3b658e2,/p/0/7a7faf964b324637,2,200,346074,1926.135,23619.204,14652
1787803296021,74679cd6-51a6-def2-fd41-4cc0c75826dd,/p/0/e0f3c0ad979e05ae,2,200,65035,87.659,303.554,214245
1787803291239,0c39296c-9d09-a3b9-cfb4-8e11142eafe6,/p/0/43b246149ab52d0,5,200,5852853,664.053,5200.138,1125519
1787803296101,63a2f736-a599-8f16-6df1-716b89ede193,/p/0/c9b28453f8e039ce,14,200,102295,48.322,346.283,295409
1787803295354,e05bb7f6-272b-355e-0d2c-78db980475ad,/p/1/1651036c310ad003,2,200,115502,1096.795,1100.068,104995
1787803295991,d1011d9f-5343-c4b8-8767-7499047217b7,/p/5/45614fe3bc981d78,1,200,84580,94.895,486.694,173785
1787803292073,1cf52f86-b72d-b329-7e9f-ab00fc76d7b0,/p/2/d3685c70a263cb1a,8,200,313857,418.760,4493.534,69846
1787803288112,702b7d66-0ccc-7dff-26e7-1a1bb8b4a3ab,/p/0/c8834b845d65851d,1,200,423048,78.835,8557.279,49437
1787803292347,b65c0c64-3b12-5a25-dd6f-f7450caa3086,/p/6/26e850c6c3f2bf67,7,200,330801,155.794,4355.764,75946
1787803295085,0c39296c-9d09-a3b9-cfb4-8e11142eafe6,/p/5/5c8f3cc91cbc6d44,9,200,124578,1357.381,1669.720,74610
1787803289930,fdf0536c-6a54-53be-3866-39099ef4d3ab,/p/0/a1ae9fc9342f9744,1,200,2415316,64.986,6848.700,352668
1787803293790,74679cd6-51a6-def2-fd41-4cc0c75826dd,/p/0/72f19e7efabceee6,1,200,482618,57.970,3069.959,157207
1787803296101,63a2f736-a599-8f16-6df1-716b89ede193,/p/0/c9b28353f8e0381b,14,200,326702,19.948,766.103,426447
1787803296101,63a2f736-a599-8f16-6df1-716b89ede193,/p/8/c9b28253f8e03668,14,200,228163,103.222,793.162,287662
1787803296021,74679cd6-51a6-def2-fd41-4cc0c75826dd,/p/1/e0f3bead979e0248,2,200,188090,87.704,1044.526,180072
1787803295299,ab26aace-a219-cdc4-0c38-30c83d8f2c44,/p/0/e76f9eb0765eb358,1,200,298941,28.533,1961.316,152419
1787803296455,e05bb7f6-272b-355e-0d2c-78db980475ad,/p/0/167c01f3eadf9fa9,3,200,27714,752.554,814.227,34037
1787803296021,74679cd6-51a6-def2-fd41-4cc0c75826dd,/p/0/e0f3bfad979e03fb,2,200,258632,96.536,1310.852,197301
1787803294119,1e46a455-56c8-91fa-0560-77e275a2328b,/p/0/576324f9e7ad40a2,11,200,156635,206.784,3253.739,48140
1787803296894,63a2f736-a599-8f16-6df1-716b89ede193,/p/0/5ad86081614401ef,15,200,166233,102.193,694.385,239396
1787803265881,fff1ea97-b6b4-3164-10bb-35abbc98d713,/p/8/ec530da525493399,5,200,3343264,496.013,31866.048,104916
1787803297197,50a6f0fa-e0b7-dd57-0c37-c9b4125c792b,/?crawl=147,0,200,157379,52.809,563.949,279066
1787803296894,63a2f736-a599-8f16-6df1-716b89ede193,/p/7/5ad8628161440555,15,200,390025,21.875,987.690,394886
1787803297197,f3b91457-307d-d26c-a23a-f070dcbd30a4,/?crawl=146,0,200,176730,60.051,720.286,245361
1787803279042,d179d41e-b523-39e2-94e1-1eb7aef09fe5,/p/1/f13507a7df43c12,3,200,330198,3919.922,18886.623,17483
1787803289853,0749ca82-1e65-8f0a-ba8a-b79b9d25deac,/p/0/aef29bc7089a7cd4,5,200,481971,919.756,8199.391,58781
1787803267913,0cac6aae-1489-56e0-7461-86608a6b60d9,/p/0/592e3349eca1f835,8,200,3151437,32.655,30177.115,104431
1787803294510,fe9f5242-1dee-d8c5-2769-78aba5955fb8,/p/0/7d327422860fc162,9,200,273321,219.966,3645.499,74975
1787803296566,1cf52f86-b72d-b329-7e9f-ab00fc76d7b0,/p/0/f6befdd120e92674,9,200,99866,218.013,1676.339,59574
1787803295491,0259e658-774f-d392-9487-017f5735e0f8,/p/0/4114b91a7b4eb198,5,200,104345,262.869,2858.350,36505
1787803297197,233fe5c1-26ef-36ac-99d4-512b9764450e,/?crawl=148,0,200,354509,49.094,1362.488,260192
1787803294119,1e46a455-56c8-91fa-0560-77e275a2328b,/p/0/576323f9e7ad3eef,11,200,276455,206.795,4643.484,59536
1787803297882,63a2f736-a599-8f16-6df1-716b89ede193,/p/0/90cdfa234d3a343a,16,200,165545,99.705,891.053,185786
1787803296894,63a2f736-a599-8f16-6df1-716b89ede193,/p/0/5ad86181614403a2,15,200,497114,38.956,1881.341,264234
1787803297761,50a6f0fa-e0b7-dd57-0c37-c9b4125c792b,/p/0/930aa75a0f03f92a,1,200,29070,51.877,1117.441,26015
1787803295491,0259e658-774f-d392-9487-017f5735e0f8,/p/0/4114ba1a7b4eb34b,5,200,175804,239.510,3542.310,49630
1787803238899,5bf49a11-3401-a7a4-7d34-f0e4ab04e2d3,/p/16/8ea7d8918a168658,2,200,4505241,232.090,60158.769,74889
1787803294510,fe9f5242-1dee-d8c5-2769-78aba5955fb8,/p/4/7d327222860fbdfc,9,200,371647,332.549,4623.498,80382
1787803295085,0c39296c-9d09-a3b9-cfb4-8e11142eafe6,/p/0/5c8f3dc91cbc6ef7,9,200,443586,1541.065,4069.159,109012
1787803296755,0c39296c-9d09-a3b9-cfb4-8e11142eafe6,/p/4/b13cab9653d597d3,10,200,152343,2441.636,2447.625,62241
1787803289721,44fb2a9d-e797-8d90-5530-e491304695c9,/p/0/2326cc0dfb63fbc7,3,200,4085433,200.517,9596.997,425699
1787803297065,74679cd6-51a6-def2-fd41-4cc0c75826dd,/p/0/f4c9595670a8f943,3,200,396427,90.953,2420.138,163803
1787803296455,e05bb7f6-272b-355e-0d2c-78db980475ad,/p/0/167bfef3eadf9a90,3,200,390182,1184.151,3034.744,128572
1787803292073,1cf52f86-b72d-b329-7e9f-ab00fc76d7b0,/p/0/d3685a70a263c7b4,8,200,318683,557.740,7455.046,42747
1787803296755,0c39296c-9d09-a3b9-cfb4-8e11142eafe6,/p/0/b13caa9653d59620,10,200,270086,2442.945,3107.953,86902
1787803297928,d179d41e-b523-39e2-94e1-1eb7aef09fe5,/p/0/1e251430257da14a,4,200,108414,1559.319,2105.736,51485
1787803296478,d1011d9f-5343-c4b8-8767-7499047217b7,/p/4/76ecee079914a49a,2,200,161920,347.276,3648.482,44380
1787803293100,1e46a455-56c8-91fa-0560-77e275a2328b,/p/0/15410adaeda94588,10,200,454096,281.152,7033.931,64558
1787803288044,ab20e2c6-17bf-e321-abcd-e30c10aef1f9,/p/0/ea88866fae6c351,8,200,3583688,459.095,12144.326,295092
1787803295491,0259e658-774f-d392-9487-017f5735e0f8,/p/0/4114bb1a7b4eb4fe,5,200,386933,239.571,4733.604,81742
1787803296224,0bc6c343-fd5b-3b3e-37e3-d1d8563349f9,/p/0/fcbf5780d98e5bc,3,200,405991,202.005,4193.175,96822
1787803296702,b65c0c64-3b12-5a25-dd6f-f7450caa3086,/p/0/26e852c6c3f2c2cd,7,200,336673,131.770,3754.368,89675
1787803293293,702b7d66-0ccc-7dff-26e7-1a1bb8b4a3ab,/p/0/cbfdb5903632e514,2,200,315768,514.333,7513.207,42028
1787803275871,e4c8a592-ef20-dddc-e06d-c3bb2884d28d,/p/4/d6bc53d2823692e5,2,200,4999115,359.376,25063.757,199456
1787803296224,0bc6c343-fd5b-3b3e-37e3-d1d8563349f9,/p/2/fcbf7780d98e922,3,200,502326,184.756,4891.961,102684
1787803300935,e4c8a592-ef20-dddc-e06d-c3bb2884d28d,/p/0/f396893d374161d,3,200,333830,5.356,708.668,471067
1787803295992,d1011d9f-5343-c4b8-8767-7499047217b7,/p/0/456150e3bc981f2b,1,200,320200,76.518,5777.392,55423
1787803294510,fe9f5242-1dee-d8c5-2769-78aba5955fb8,/p/0/7d327322860fbfaf,9,200,438026,239.424,7354.851,59556
1787803296478,d1011d9f-5343-c4b8-8767-7499047217b7,/p/0/76ecec079914a134,2,200,317097,248.283,5442.289,58265
1787803280449,14083928-4f13-aa04-3e54-8c263b088cb1,/p/0/d8272980f808ef1f,6,200,5071127,140.775,21571.555,235084
1787803294898,3e71326f-e416-3c5e-6236-7bd18a29c656,/p/0/64b578e8b3f2aa0f,3,200,52344,2692.098,7549.608,6933
1787803291197,ef9ba657-0067-9096-2382-ba2d211b55c7,/?crawl=138,0,200,4445433,39.182,11272.984,394344
1787803299058,5bf49a11-3401-a7a4-7d34-f0e4ab04e2d3,/p/0/6c406f237583f713,3,200,260435,294.705,3449.636,75496
1787803290519,35ac03d0-51a9-63b9-a4a8-48ace02c60be,/p/5/3518f526c8ca8d57,1,200,4180901,210.418,12078.652,346140
1787803302197,9a32b0ef-c270-6f9f-10f8-32b2894067a2,/?crawl=151,0,200,173947,34.344,407.948,426395
1787803302197,cc7fa748-2c8b-1e14-ec06-f6218b33d4ac,/?crawl=150,0,200,158759,52.843,583.962,271865
1787803300197,1ba5a7f7-e26e-549d-91f2-076824ecdff3,/?crawl=149,0,200,485609,78.527,2588.083,187633
1787803275998,0cac6aae-1489-56e0-7461-86608a6b60d9,/p/0/f212d081843d5a98,11,200,2792579,217.591,26908.569,103780
1787803302470,ef9ba657-0067-9096-2382-ba2d211b55c7,/p/3/df874a216621fa86,1,200,103443,61.367,457.943,225886
1787803289745,365440e8-3b12-d7b5-07b9-ad55baa9c2da,/p/0/b56a1ded9c8b507f,2,200,5310536,152.497,13247.595,400868
1787803261642,d74fc138-801b-2556-1caa-0b8c6881304b,/p/0/617fd0fa5fafccfc,1,200,6060773,80.486,41447.001,146229
1787803297917,f3b91457-307d-d26c-a23a-f070dcbd30a4,/p/0/2674fcb7a39eef3d,1,200,250423,57.738,5294.673,47297
1787803297748,fff1ea97-b6b4-3164-10bb-35abbc98d713,/p/0/7efa1af38f49d514,6,200,111747,5441.526,5563.142,20087
1787803297747,fff1ea97-b6b4-3164-10bb-35abbc98d713,/p/0/7efa1df38f49da2d,6,200,306824,5441.757,5564.156,55143
1787803265881,fff1ea97-b6b4-3164-10bb-35abbc98d713,/p/0/ec530ba525493033,5,200,5531070,528.226,37436.119,147747
1787803296566,1cf52f86-b72d-b329-7e9f-ab00fc76d7b0,/p/1/f6beffd120e929da,9,200,414267,217.725,6835.839,60602
1787803303197,5da4b05c-7bb2-0b7f-fe15-0f7ec7728840,/?crawl=152,0,200,122552,26.930,207.005,592025
1787803301116,0bc6c343-fd5b-3b3e-37e3-d1d8563349f9,/p/0/c77dfad3a810c8c,4,200,225870,190.399,2487.198,90813
1787803300127,d1011d9f-5343-c4b8-8767-7499047217b7,/p/0/93afa3e07ff5f47e,3,200,225511,291.964,3491.907,64581
1787803295198,8e551002-bf5c-1717-e281-4fa00d9030bd,/?crawl=145,0,200,402200,269.444,8610.672,46709
1787803303404,5da4b05c-7bb2-0b7f-fe15-0f7ec7728840,/p/0/a0852c018cf003c8,1,200,71967,32.770,492.322,146179
1787803299203,0c39296c-9d09-a3b9-cfb4-8e11142eafe6,/p/0/82e92190f329c519,11,200,217075,873.669,4762.824,45577
1787803303404,5da4b05c-7bb2-0b7f-fe15-0f7ec7728840,/p/2/a0852e018cf0072e,1,200,177872,74.013,706.121,251900
1787803300127,d1011d9f-5343-c4b8-8767-7499047217b7,/p/3/93afa4e07ff5f631,3,200,199738,254.413,3989.337,50068
1787803263816,19626a39-cfe2-b4f2-9bee-f6b505059680,/p/0/aaa3b78a419dde8,2,200,351330,3963.897,40432.390,8689
1787803302598,35ac03d0-51a9-63b9-a4a8-48ace02c60be,/p/4/955891bec7c39179,2,200,281021,101.364,1674.860,167788
1787803304197,721d2a18-d5d4-9573-5d6a-dfab11b899dc,/?crawl=156,0,200,27861,58.201,142.586,195397
1787803302928,ef9ba657-0067-9096-2382-ba2d211b55c7,/p/0/1c71d31666fc1a54,2,200,110277,192.041,1422.618,77517
1787803304197,c646942c-ed5a-0fb7-d9a0-14e1ac87f778,/?crawl=153,0,200,55558,22.830,164.519,337699
1787803280449,14083928-4f13-aa04-3e54-8c263b088cb1,/p/0/d8272a80f808f0d2,6,200,5553380,106.973,23924.357,232122
1787803293790,74679cd6-51a6-def2-fd41-4cc0c75826dd,/p/0/72f19d7efabced33,1,200,3424637,17.791,10652.110,321498
1787803300935,e4c8a592-ef20-dddc-e06d-c3bb2884d28d,/p/0/f396593d3741104,3,200,3252106,3.238,3514.766,925269
1787803300457,b65c0c64-3b12-5a25-dd6f-f7450caa3086,/p/5/1c19fffdb3c0f381,8,200,303966,157.030,4150.160,73242
1787803304197,3210135b-09a8-2ca1-46dc-bdbd37136c45,/?crawl=155,0,200,464433,18.796,464.647,999540
1787803304197,d3f3f40b-c3ea-f844-52ad-3f984808282f,/?crawl=154,0,200,106883,67.574,482.841,221363
1787803283292,14083928-4f13-aa04-3e54-8c263b088cb1,/p/0/9f1008bd28cfdb2a,8,200,6139747,113.138,21442.840,286331
1787803297373,1e46a455-56c8-91fa-0560-77e275a2328b,/p/0/97c1b45ca06365e,12,200,431291,228.808,7412.170,58187
1787803300935,e4c8a592-ef20-dddc-e06d-c3bb2884d28d,/p/3/f396793d374146a,3,200,3468450,2.725,3919.552,884910
1787803299058,5bf49a11-3401-a7a4-7d34-f0e4ab04e2d3,/p/15/6c406e237583f560,3,200,379690,407.855,5799.154,65473
1787803274510,86ebf542-ef38-601a-6982-dd2a1767e854,/p/0/c9c3c421a8932d,1,200,6027097,63.715,30347.552,198602
1787803302785,1ba5a7f7-e26e-549d-91f2-076824ecdff3,/p/0/d0e350b240f65ab9,1,200,83644,686.184,2236.315,37403
1787803303402,1cf52f86-b72d-b329-7e9f-ab00fc76d7b0,/p/0/ca8a56ad50ec95e1,10,200,75653,219.099,1757.058,43057
1787803302785,1ba5a7f7-e26e-549d-91f2-076824ecdff3,/p/0/d0e34db240f655a0,1,200,159733,76.758,2426.908,65817
1787803299058,5bf49a11-3401-a7a4-7d34-f0e4ab04e2d3,/p/0/6c4070237583f8c6,3,200,428624,272.427,6200.034,69133
1787803286443,19626a39-cfe2-b4f2-9bee-f6b505059680,/p/9/7efba44c16008f07,3,200,216096,1304.438,18870.608,11451
1787803305197,068c83ac-685f-09a7-5056-92f63c6ceb4a,/?crawl=157,0,200,25955,62.435,150.786,172131
1787803304273,35ac03d0-51a9-63b9-a4a8-48ace02c60be,/p/3/a52a917ffa016245,3,200,93832,188.530,1101.146,85213
1787803287142,ab20e2c6-17bf-e321-abcd-e30c10aef1f9,/p/0/eebd854bde209af8,7,200,6144364,462.298,18247.683,336720
1787803302928,ef9ba657-0067-9096-2382-ba2d211b55c7,/p/2/1c71d41666fc1c07,2,200,249797,192.078,2584.107,96667
1787803302598,35ac03d0-51a9-63b9-a4a8-48ace02c60be,/p/0/95588fbec7c38e13,2,200,364828,118.192,2983.505,122282
1787803304361,c646942c-ed5a-0fb7-d9a0-14e1ac87f778,/p/0/33ef825f218afb8e,1,200,210618,199.276,1258.259,167388
1787803303404,5da4b05c-7bb2-0b7f-fe15-0f7ec7728840,/p/0/a0852f018cf008e1,1,200,286658,21.945,2294.919,124910
1787803302604,9a32b0ef-c270-6f9f-10f8-32b2894067a2,/p/0/d1adaa3f8551481,1,200,325235,62.666,3152.293,103174
1787803304857,5bf49a11-3401-a7a4-7d34-f0e4ab04e2d3,/p/14/58d19a20a18b14da,4,200,53578,250.243,944.336,56736
1787803297882,63a2f736-a599-8f16-6df1-716b89ede193,/p/0/90cdf9234d3a3287,16,200,3127260,108.555,7978.392,391966
1787803299134,fe9f5242-1dee-d8c5-2769-78aba5955fb8,/p/3/8305b12d0612141,10,200,378672,655.322,6744.292,56147
1787803299203,0c39296c-9d09-a3b9-cfb4-8e11142eafe6,/p/3/82e92090f329c366,11,200,377593,854.140,6802.264,55510
1787803302605,9a32b0ef-c270-6f9f-10f8-32b2894067a2,/p/0/d1ad7a3f8550f68,1,200,360224,31.576,3479.180,103537
1787803256954,548a7f9d-41e4-e529-50a4-b4a5553f5aa5,/p/0/b79e303b464c669,3,200,3984785,364.986,49161.239,81055
1787803302785,1ba5a7f7-e26e-549d-91f2-076824ecdff3,/p/0/d0e34fb240f65906,1,200,227951,612.140,3343.887,68169
1787803302604,9a32b0ef-c270-6f9f-10f8-32b2894067a2,/p/7/d1ad8a3f855111b,1,200,514937,77.773,3543.382,145324
1787803301116,0bc6c343-fd5b-3b3e-37e3-d1d8563349f9,/p/0/c77e2ad3a8111a5,4,200,423463,206.365,5059.358,83699
1787803302598,35ac03d0-51a9-63b9-a4a8-48ace02c60be,/p/0/955890bec7c38fc6,2,200,347089,32.362,3597.302,96486
1787803302470,ef9ba657-0067-9096-2382-ba2d211b55c7,/p/0/df8748216621f720,1,200,442213,152.153,3821.371,115721
1787803305878,fe9f5242-1dee-d8c5-2769-78aba5955fb8,/p/2/7500e40d47b05f1c,11,200,25705,199.764,493.480,52089
1787803302470,ef9ba657-0067-9096-2382-ba2d211b55c7,/p/0/df874b216621fc39,1,200,417612,32.363,3942.057,105938
1787803295299,ab26aace-a219-cdc4-0c38-30c83d8f2c44,/p/0/e76fa1b0765eb871,1,200,2600944,71.520,11123.690,233820
1787803294197,047dd541-b4bc-30bf-7e87-81328c8d9396,/?crawl=142,0,200,3000787,69.531,12303.447,243898
1787803305878,fe9f5242-1dee-d8c5-2769-78aba5955fb8,/p/0/7500e50d47b060cf,11,200,48832,216.947,622.472,78448
1787803304661,3210135b-09a8-2ca1-46dc-bdbd37136c45,/p/0/5ac42d1a4ac0e7b4,1,200,296477,45.685,1856.560,159692
1787803304110,5da4b05c-7bb2-0b7f-fe15-0f7ec7728840,/p/0/90986485d6b27a3c,2,200,250692,161.888,2563.112,97808
1787803304339,721d2a18-d5d4-9573-5d6a-dfab11b899dc,/p/0/ee2e8477df5be12d,1,200,234620,78.709,2383.367,98441
1787803304661,3210135b-09a8-2ca1-46dc-bdbd37136c45,/p/0/5ac4301a4ac0eccd,1,200,437349,14.460,2080.435,210220
1787803306197,455fa536-9bd1-c34a-d685-a2f8bbac7925,/?crawl=158,0,200,287204,30.492,546.151,525869
1787803304273,35ac03d0-51a9-63b9-a4a8-48ace02c60be,/p/0/a52a907ffa016092,3,200,165857,188.466,2523.426,65727
1787803297065,74679cd6-51a6-def2-fd41-4cc0c75826dd,/p/0/f4c9585670a8f790,3,200,3990797,100.009,9844.362,405389
1787803275517,0cac6aae-1489-56e0-7461-86608a6b60d9,/p/1/f212d281843d5dfe,11,200,4031331,216.581,31408.447,128352
1787803303402,1cf52f86-b72d-b329-7e9f-ab00fc76d7b0,/p/0/ca8a55ad50ec942e,10,200,247301,238.670,3565.793,69354
1787803304116,d1011d9f-5343-c4b8-8767-7499047217b7,/p/2/527855dce58865c7,4,200,166916,229.800,2866.509,58230
1787803304110,5da4b05c-7bb2-0b7f-fe15-0f7ec7728840,/p/0/90986785d6b27f55,2,200,358299,147.858,2950.988,121417
1787803297882,63a2f736-a599-8f16-6df1-716b89ede193,/p/6/90cdfb234d3a35ed,16,200,4216195,99.650,9191.805,458691
1787803304110,5da4b05c-7bb2-0b7f-fe15-0f7ec7728840,/p/1/90986685d6b27da2,2,200,427569,135.810,2977.327,143608
1787803305374,35ac03d0-51a9-63b9-a4a8-48ace02c60be,/p/2/68e0bf3b78997b5,4,200,87603,191.119,1730.366,50627
1787803307074,63a2f736-a599-8f16-6df1-716b89ede193,/p/5/81c75ed96b9d2415,17,200,9539,17.933,36.270,262998
1787803305374,35ac03d0-51a9-63b9-a4a8-48ace02c60be,/p/0/68e0af3b7899602,4,200,143047,172.924,1866.684,76632
1787803305512,ef9ba657-0067-9096-2382-ba2d211b55c7,/p/0/8869c10c4252cea6,3,200,232642,179.743,2024.317,114924
1787803307074,63a2f736-a599-8f16-6df1-716b89ede193,/p/0/81c75cd96b9d20af,17,200,87035,17.913,467.274,186261
1787803304361,c646942c-ed5a-0fb7-d9a0-14e1ac87f778,/p/0/33ef815f218af9db,1,200,274112,344.433,3187.499,85996
1787803302928,ef9ba657-0067-9096-2382-ba2d211b55c7,/p/0/1c71d61666fc1f6d,2,200,387484,176.736,4641.146,83489
1787803306148,9a32b0ef-c270-6f9f-10f8-32b2894067a2,/p/0/d5fd9a68fe89fe38,2,200,94948,154.613,1446.914,65621
1787803307110,63a2f736-a599-8f16-6df1-716b89ede193,/p/0/796efd04f8ec06b0,18,200,75413,107.770,512.751,147075
1787803307087,5da4b05c-7bb2-0b7f-fe15-0f7ec7728840,/p/0/8866256a037744e7,3,200,111040,124.945,567.137,195791
1787803305512,ef9ba657-0067-9096-2382-ba2d211b55c7,/p/0/8869c00c4252ccf3,3,200,199636,179.709,2262.375,88242
1787803307197,dfb72c95-9df6-a302-4f7f-eb28eb530616,/?crawl=160,0,200,373822,27.920,613.686,609142
1787803271571,0cac6aae-1489-56e0-7461-86608a6b60d9,/p/0/7b178ba9dcab714d,9,200,5656907,173.234,36321.043,155747
1787803301769,d1011d9f-5343-c4b8-8767-7499047217b7,/p/0/93afa2e07ff5f2cb,3,200,505779,227.306,6129.629,82514
1787803306926,0cac6aae-1489-56e0-7461-86608a6b60d9,/p/0/c391ee3ca70bb26d,12,200,202300,966.701,974.347,207626
1787803294281,0c39296c-9d09-a3b9-cfb4-8e11142eafe6,/p/0/21605f5ae5bd28a3,8,200,3187539,403.556,13681.826,232976
1787803285170,0259e658-774f-d392-9487-017f5735e0f8,/p/0/a3537f0f2b79ac93,3,200,2564239,309.667,22828.257,112327
1787803305801,5bf49a11-3401-a7a4-7d34-f0e4ab04e2d3,/p/0/a8745e91a32caaeb,5,200,121546,280.523,2217.789,54805
1787803306983,d1011d9f-5343-c4b8-8767-7499047217b7,/p/1/9e655ccbc10ed7f,5,200,60316,246.302,1049.222,57486
1787803307087,5da4b05c-7bb2-0b7f-fe15-0f7ec7728840,/p/0/8866276a0377484d,3,200,289025,24.410,958.004,301695
1787803306148,9a32b0ef-c270-6f9f-10f8-32b2894067a2,/p/6/d5fd9b68fe89ffeb,2,200,319577,30.526,1901.466,168069
1787803304116,d1011d9f-5343-c4b8-8767-7499047217b7,/p/0/527854dce5886414,4,200,230306,229.710,4029.011,57162
1787803305581,35ac03d0-51a9-63b9-a4a8-48ace02c60be,/p/0/68e09f3b789944f,4,200,286949,227.824,2571.611,111583
1787803306500,047dd541-b4bc-30bf-7e87-81328c8d9396,/p/1/d8cba5415133138b,1,200,182275,82.061,1809.212,100748
1787803307104,35ac03d0-51a9-63b9-a4a8-48ace02c60be,/p/0/d5033d3707e66494,5,200,74190,201.831,1221.735,60725
1787803306148,9a32b0ef-c270-6f9f-10f8-32b2894067a2,/p/0/d5fd9d68fe8a0351,2,200,345592,280.470,2248.702,153685
1787803305801,5bf49a11-3401-a7a4-7d34-f0e4ab04e2d3,/p/13/a8745d91a32ca938,5,200,137986,241.449,2607.300,52923
1787803307104,35ac03d0-51a9-63b9-a4a8-48ace02c60be,/p/1/d5033f3707e667fa,5,200,78186,166.903,1407.555,55547
1787803297065,74679cd6-51a6-def2-fd41-4cc0c75826dd,/p/0/f4c95a5670a8faf6,3,200,5214994,100.106,11478.835,454314
1787803307087,5da4b05c-7bb2-0b7f-fe15-0f7ec7728840,/p/0/8866246a03774334,3,200,429348,138.465,1464.227,293225
1787803304339,721d2a18-d5d4-9573-5d6a-dfab11b899dc,/p/4/ee2e8377df5bdf7a,1,200,349259,51.932,4233.280,82503
1787803285170,0259e658-774f-d392-9487-017f5735e0f8,/p/0/a353800f2b79ae46,3,200,2772249,130.288,23429.065,118325
1787803304339,721d2a18-d5d4-9573-5d6a-dfab11b899dc,/p/0/ee2e8177df5bdc14,1,200,302388,51.929,4315.055,70077
1787803306371,fe9f5242-1dee-d8c5-2769-78aba5955fb8,/p/0/7500e60d47b06282,11,200,165554,183.248,2354.371,70318
1787803238539,5bf49a11-3401-a7a4-7d34-f0e4ab04e2d3,/p/0/1cf7f85b962057a7,1,200,5455808,40.723,70243.395,77670
1787803308572,721d2a18-d5d4-9573-5d6a-dfab11b899dc,/p/0/fd890c0202d0734e,2,200,60294,110.471,334.337,180339
1787803295198,b3a23f41-af11-6422-808e-1c535d4af12f,/?crawl=144,0,200,3295074,58.243,13726.869,240046
1787803308512,35ac03d0-51a9-63b9-a4a8-48ace02c60be,/p/0/d9346e6e66bb2c98,6,200,21745,171.537,611.386,35567
1787803284872,5dc1e98b-e944-26bb-e977-30c41b3bf4a0,/p/0/4dec8c527a592456,4,200,2631079,184.293,24327.291,108153
1787803306926,0cac6aae-1489-56e0-7461-86608a6b60d9,/p/0/c391eb3ca70bad54,12,200,2114176,965.884,2301.397,918649
1787803308512,35ac03d0-51a9-63b9-a4a8-48ace02c60be,/p/0/d9346f6e66bb2e4b,6,200,100293,188.443,716.037,140067
1787803304854,e4c8a592-ef20-dddc-e06d-c3bb2884d28d,/p/0/8a433efda6a3e1e4,4,200,390729,150.319,4412.973,88541
1787803306926,0cac6aae-1489-56e0-7461-86608a6b60d9,/p/0/c391ec3ca70baf07,12,200,2984327,966.890,2347.268,1271404
1787803307810,dfb72c95-9df6-a302-4f7f-eb28eb530616,/p/11/9e353db6146806a3,1,200,142976,135.445,1614.035,88583
1787803276572,fe9f5242-1dee-d8c5-2769-78aba5955fb8,/p/0/e047314baf346ef6,7,200,5416406,62.591,32951.643,164374
1787803295299,ab26aace-a219-cdc4-0c38-30c83d8f2c44,/p/2/e76f9fb0765eb50b,1,200,5907058,99.949,14232.392,415043
1787803297928,d179d41e-b523-39e2-94e1-1eb7aef09fe5,/p/0/1e251330257d9f97,4,200,3644187,1434.405,11663.139,312453
1787803307197,22d12676-3c4b-bc77-5504-3e3ba727582d,/?crawl=159,0,200,425500,86.183,2442.403,174214
1787803309639,22d12676-3c4b-bc77-5504-3e3ba727582d,/p/0/71c82db7537d6083,1,200,7718,84.120,126.228,61143
1787803303402,1cf52f86-b72d-b329-7e9f-ab00fc76d7b0,/p/0/ca8a53ad50ec90c8,10,200,447741,238.535,6383.955,70135
1787803309198,60d6c10a-b45d-5e48-b604-04773a6e6ae0,/?crawl=161,0,200,412695,23.228,610.750,675718
1787803304857,5bf49a11-3401-a7a4-7d34-f0e4ab04e2d3,/p/0/58d19b20a18b168d,4,200,347737,227.728,5021.088,69255
1787803308925,b3a23f41-af11-6422-808e-1c535d4af12f,/p/0/4d49a472ccd4d64a,1,200,107798,52.780,993.843,108466
1787803309531,ab26aace-a219-cdc4-0c38-30c83d8f2c44,/p/0/884d471a03ab4bcb,2,200,105126,3.153,396.706,264997
1787803308019,5bf49a11-3401-a7a4-7d34-f0e4ab04e2d3,/p/0/a8745f91a32cac9e,5,200,123367,304.016,2230.652,55305
1787803307104,35ac03d0-51a9-63b9-a4a8-48ace02c60be,/p/0/d503403707e669ad,5,200,386777,185.391,3220.123,120112
1787803310197,3952e698-9ec0-461c-370f-3bcdd2b0f130,/?crawl=162,0,200,27045,58.960,144.138,187632
1787803305512,ef9ba657-0067-9096-2382-ba2d211b55c7,/p/1/8869bf0c4252cb40,3,200,2444175,194.698,4863.758,502528
1787803304661,3210135b-09a8-2ca1-46dc-bdbd37136c45,/p/2/5ac42e1a4ac0e967,1,200,4176329,14.389,5730.901,728739
1787803281650,1e46a455-56c8-91fa-0560-77e275a2328b,/p/0/bda82005ef4c71e1,6,200,3133918,18.732,28787.512,108864
1787803309531,ab26aace-a219-cdc4-0c38-30c83d8f2c44,/p/0/884d481a03ab4d7e,2,200,290389,1.241,921.831,315013
1787803264101,d9b27d91-0fa9-612c-4b18-86aa6c1a66d6,/p/7/e9cc9e95c5c27781,2,200,4678135,337.684,46359.993,100909
1787803310376,ef9ba657-0067-9096-2382-ba2d211b55c7,/p/0/7d8a14db55d628e5,4,200,19595,55.388,108.232,181046
1787803309531,ab26aace-a219-cdc4-0c38-30c83d8f2c44,/p/1/884d461a03ab4a18,2,200,516324,3.067,1031.293,500657
1787803307810,dfb72c95-9df6-a302-4f7f-eb28eb530616,/p/0/9e353fb614680a09,1,200,313138,85.953,2827.553,110745
1787803239757,ed44bc0f-ef2d-a9ce-7a2d-62863ae567a0,/p/0/6f82896fd6b1da98,4,200,5335939,527.725,70891.016,75270
1787803310392,3210135b-09a8-2ca1-46dc-bdbd37136c45,/p/1/c6fa63c1fb49fa96,2,200,161380,15.867,354.283,455512
1787803308309,047dd541-b4bc-30bf-7e87-81328c8d9396,/p/0/f5e842a519193352,2,200,153010,385.575,2470.016,61947
1787803306500,047dd541-b4bc-30bf-7e87-81328c8d9396,/p/0/d8cba441513311d8,1,200,431044,54.360,4295.680,100344
1787803306500,047dd541-b4bc-30bf-7e87-81328c8d9396,/p/0/d8cba741513316f1,1,200,380567,273.647,4296.731,88571
1787803304854,e4c8a592-ef20-dddc-e06d-c3bb2884d28d,/p/0/8a4341fda6a3e6fd,4,200,497114,150.382,5991.131,82975
1787803308049,9a32b0ef-c270-6f9f-10f8-32b2894067a2,/p/5/44f95f62106b99f8,3,200,445979,175.453,2822.086,158032
1787803309639,22d12676-3c4b-bc77-5504-3e3ba727582d,/p/0/71c82cb7537d5ed0,1,200,102293,251.186,1415.101,72287
1787803308049,9a32b0ef-c270-6f9f-10f8-32b2894067a2,/p/0/44f96062106b9bab,3,200,405852,175.478,3076.123,131936
1787803308925,b3a23f41-af11-6422-808e-1c535d4af12f,/p/0/4d49a372ccd4d497,1,200,292766,52.781,2395.507,122215
1787803309424,dfb72c95-9df6-a302-4f7f-eb28eb530616,/p/0/3edb83a456f0a38f,2,200,266771,132.265,2075.093,128559
1787803310747,3210135b-09a8-2ca1-46dc-bdbd37136c45,/p/0/285fcc6a10c65787,3,200,107264,124.219,764.117,140376
1787803309808,60d6c10a-b45d-5e48-b604-04773a6e6ae0,/p/2/acae8587fcd1090,1,200,236549,77.486,1817.660,130139
1787803308572,721d2a18-d5d4-9573-5d6a-dfab11b899dc,/p/0/fd890b0202d0719b,2,200,363615,334.728,3061.450,118772
1787803294197,29d0d395-37bb-0d0c-b54a-f56f7894572c,/?crawl=140,0,200,5026065,119.001,17500.672,287193
1787803310563,ab26aace-a219-cdc4-0c38-30c83d8f2c44,/p/0/9b2b484c7e1ec79,3,200,186604,126.548,1144.792,163003
1787803304679,d3f3f40b-c3ea-f844-52ad-3f984808282f,/p/0/c759d9bcb625f507,1,200,411299,351.744,7055.057,58298
1787803308512,35ac03d0-51a9-63b9-a4a8-48ace02c60be,/p/0/d934716e66bb31b1,6,200,521835,188.443,3257.137,160213
1787803310872,9a32b0ef-c270-6f9f-10f8-32b2894067a2,/p/0/97a58e39b2a936c7,4,200,77328,158.508,929.119,83227
1787803307899,d1011d9f-5343-c4b8-8767-7499047217b7,/p/0/9e654ccbc10ebcc,5,200,285316,227.982,4025.954,70869
1787803308572,721d2a18-d5d4-9573-5d6a-dfab11b899dc,/p/3/fd890a0202d06fe8,2,200,447392,334.730,3454.259,129519
1787803309424,dfb72c95-9df6-a302-4f7f-eb28eb530616,/p/10/3edb85a456f0a6f5,2,200,357390,132.224,2669.250,133892
1787803310461,d9b27d91-0fa9-612c-4b18-86aa6c1a66d6,/p/6/70ac6eaaa297346c,3,200,64128,275.907,1635.281,39215
1787803310392,3210135b-09a8-2ca1-46dc-bdbd37136c45,/p/0/c6fa61c1fb49f730,2,200,508863,73.558,1769.876,287513
1787803310392,3210135b-09a8-2ca1-46dc-bdbd37136c45,/p/0/c6fa64c1fb49fc49,2,200,486130,15.848,1769.858,274672
1787803311197,c73dac6e-70cd-a441-9567-fe760f466832,/?crawl=163,0,200,336436,48.860,1101.617,305402
1787803310872,9a32b0ef-c270-6f9f-10f8-32b2894067a2,/p/4/97a59039b2a93a2d,4,200,242195,174.328,1430.191,169345
1787803310747,3210135b-09a8-2ca1-46dc-bdbd37136c45,/p/0/285fcb6a10c655d4,3,200,312979,93.757,1606.341,194840
1787803309808,60d6c10a-b45d-5e48-b604-04773a6e6ae0,/p/0/acaea587fcd13f6,1,200,285830,24.525,2571.412,111157
1787803312298,c73dac6e-70cd-a441-9567-fe760f466832,/p/0/319f9113a902f950,1,200,14311,43.798,90.185,158685
1787803312094,dfb72c95-9df6-a302-4f7f-eb28eb530616,/p/9/40c63b99852f72e3,3,200,20840,168.487,390.484,53370
1787803261079,d9b27d91-0fa9-612c-4b18-86aa6c1a66d6,/p/0/3aab2a3f3679e7a2,1,200,4682488,57.640,51600.040,90746
1787803309878,5bf49a11-3401-a7a4-7d34-f0e4ab04e2d3,/p/0/8a4f280d9a63aa76,6,200,166188,236.123,2862.176,58064
1787803312096,d9b27d91-0fa9-612c-4b18-86aa6c1a66d6,/p/0/1e5cd9f96afad6c9,4,200,19681,305.525,726.144,27103
1787803310341,3952e698-9ec0-461c-370f-3bcdd2b0f130,/p/0/c509e6713d9def63,1,200,206203,57.433,2533.583,81388
1787803310648,ed44bc0f-ef2d-a9ce-7a2d-62863ae567a0,/p/0/5c2daeadab1c72a9,11,200,142469,199.588,2344.245,60774
1787803312302,9a32b0ef-c270-6f9f-10f8-32b2894067a2,/p/0/7bd12cfc57eaaa97,5,200,64287,222.734,728.295,88271
1787803311626,60d6c10a-b45d-5e48-b604-04773a6e6ae0,/p/0/5f60a3d7372b721d,2,200,216391,120.269,1425.396,151811
1787803308409,5bf49a11-3401-a7a4-7d34-f0e4ab04e2d3,/p/12/8a4f260d9a63a710,6,200,251528,211.689,4705.922,53449
1787803312027,721d2a18-d5d4-9573-5d6a-dfab11b899dc,/p/0/afc8211c7084d549,3,200,155192,54.065,1134.438,136801
1787803256955,548a7f9d-41e4-e529-50a4-b4a5553f5aa5,/p/5/b79e103b464c303,3,200,5730866,333.428,56251.030,101880
1787803313206,548a7f9d-41e4-e529-50a4-b4a5553f5aa5,/p/0/8fbe8d0627aacd3b,4,200,8738,3.438,19.199,455132
1787803312298,c73dac6e-70cd-a441-9567-fe760f466832,/p/6/319f9313a902fcb6,1,200,108023,230.702,1031.514,104723
1787803310376,ef9ba657-0067-9096-2382-ba2d211b55c7,/p/0/7d8a11db55d623cc,4,200,354541,108.136,2987.402,118679
1787803308309,047dd541-b4bc-30bf-7e87-81328c8d9396,/p/0/f5e840a519192fec,2,200,455275,468.639,5057.511,90020
1787803308309,047dd541-b4bc-30bf-7e87-81328c8d9396,/p/0/f5e841a51919319f,2,200,512621,329.967,5060.941,101290
1787803311626,60d6c10a-b45d-5e48-b604-04773a6e6ae0,/p/1/5f60a2d7372b706a,2,200,265292,152.713,1954.805,135713
1787803311626,60d6c10a-b45d-5e48-b604-04773a6e6ae0,/p/0/5f60a0d7372b6d04,2,200,322025,152.729,1975.609,163000
1787803310376,ef9ba657-0067-9096-2382-ba2d211b55c7,/p/0/7d8a13db55d62732,4,200,516216,241.426,3353.824,153919
1787803306500,fe9f5242-1dee-d8c5-2769-78aba5955fb8,/p/1/bee0767bacfe8f40,12,200,437929,183.430,7259.848,60322
1787803221483,09982139-5e76-f214-cc24-4e66c50bbb4e,/p/4/6b54c714d4dd6dce,2,200,6233660,1688.690,92335.248,67511
1787803309524,fe9f5242-1dee-d8c5-2769-78aba5955fb8,/p/0/bee0787bacfe92a6,12,200,280759,219.187,4308.046,65171
1787803308032,d1011d9f-5343-c4b8-8767-7499047217b7,/p/0/9e657ccbc10f0e5,5,200,404544,207.933,5852.001,69129
1787803308145,d1011d9f-5343-c4b8-8767-7499047217b7,/p/0/f758dde860646c3c,6,200,399821,188.518,5739.014,69667
1787803308726,fe9f5242-1dee-d8c5-2769-78aba5955fb8,/p/0/bee0777bacfe90f3,12,200,331910,264.808,5197.883,63855
1787803292267,5dc1e98b-e944-26bb-e977-30c41b3bf4a0,/p/2/8302dc5b66a71e4d,7,200,3757984,236.145,21838.783,172078
1787803314106,5dc1e98b-e944-26bb-e977-30c41b3bf4a0,/p/0/cae8d82fe62d143d,8,200,7274,8.007,8.050,903657
1787803292267,5dc1e98b-e944-26bb-e977-30c41b3bf4a0,/p/0/8302db5b66a71c9a,7,200,4439578,198.741,21846.921,203213
1787803310746,3210135b-09a8-2ca1-46dc-bdbd37136c45,/p/0/285fcd6a10c6593a,3,200,2221440,100.753,3409.932,651462
1787803313206,548a7f9d-41e4-e529-50a4-b4a5553f5aa5,/p/0/8fbe8e0627aaceee,4,200,408626,3.275,974.633,419261
1787803281769,0bc6c343-fd5b-3b3e-37e3-d1d8563349f9,/p/0/d67c116ac398aed3,2,200,5098403,300.013,32436.775,157180
1787803314106,5dc1e98b-e944-26bb-e977-30c41b3bf4a0,/p/0/cae8d52fe62d0f24,8,200,186755,7.894,206.654,903708
1787803314106,5dc1e98b-e944-26bb-e977-30c41b3bf4a0,/p/1/cae8d72fe62d128a,8,200,451110,20.416,235.751,1913505
1787803312094,dfb72c95-9df6-a302-4f7f-eb28eb530616,/p/0/40c63d99852f7649,3,200,217934,145.123,2276.663,95725
1787803313581,60d6c10a-b45d-5e48-b604-04773a6e6ae0,/p/0/5811b53d7b95133f,3,200,197360,118.264,862.145,228917
1787803312096,d9b27d91-0fa9-612c-4b18-86aa6c1a66d6,/p/5/1e5cd8f96afad516,4,200,111249,333.170,2393.411,46481
1787803314197,8e7a01ec-a46f-8fd1-cdff-5aa0b89c8aab,/?crawl=165,0,200,164380,39.560,393.092,418172
1787803310341,3952e698-9ec0-461c-370f-3bcdd2b0f130,/p/0/c509e7713d9df116,1,200,369611,256.912,4361.163,84751
1787803314590,8e7a01ec-a46f-8fd1-cdff-5aa0b89c8aab,/p/0/58743fced238ec42,1,200,39274,33.097,118.864,330410
1787803310872,9a32b0ef-c270-6f9f-10f8-32b2894067a2,/p/0/97a58f39b2a9387a,4,200,406561,158.766,3861.511,105285
1787803274367,b65c0c64-3b12-5a25-dd6f-f7450caa3086,/p/0/8e9c302d5c975eaf,2,200,4710751,39.289,40447.912,116465
1787803314815,b65c0c64-3b12-5a25-dd6f-f7450caa3086,/p/0/1c19fdfdb3c0f01b,8,200,22935,13.527,21.681,1057859
1787803311925,d1011d9f-5343-c4b8-8767-7499047217b7,/p/0/f758dee860646def,6,200,504184,191.361,3005.672,167744
1787803312027,721d2a18-d5d4-9573-5d6a-dfab11b899dc,/p/0/afc81e1c7084d030,3,200,284626,280.065,2920.894,97445
1787803314837,b65c0c64-3b12-5a25-dd6f-f7450caa3086,/p/4/c5d12a7b74a66bee,9,200,179842,16.939,147.924,1215776
1787803314985,b65c0c64-3b12-5a25-dd6f-f7450caa3086,/p/0/c5d12b7b74a66da1,9,200,187446,16.476,160.017,1171414
1787803306005,0c39296c-9d09-a3b9-cfb4-8e11142eafe6,/p/0/3138d1137acc62a0,12,200,493149,248.852,9175.367,53747
1787803315145,b65c0c64-3b12-5a25-dd6f-f7450caa3086,/p/0/c5d1287b74a66888,9,200,39307,18.168,92.554,424692
1787803313581,60d6c10a-b45d-5e48-b604-04773a6e6ae0,/p/0/5811b73d7b9516a5,3,200,353783,118.234,1687.398,209662
1787803313884,d1011d9f-5343-c4b8-8767-7499047217b7,/p/0/f758dfe860646fa2,6,200,241728,143.293,1393.705,173443
1787803314342,5dc1e98b-e944-26bb-e977-30c41b3bf4a0,/p/0/26cc7da8ab07a88d,9,200,196243,354.091,982.398,199759
1787803314342,5dc1e98b-e944-26bb-e977-30c41b3bf4a0,/p/0/26cc7ba8ab07a527,9,200,429028,11.643,987.145,434615
1787803313206,548a7f9d-41e4-e529-50a4-b4a5553f5aa5,/p/4/8fbe8c0627aacb88,4,200,4454079,1.978,2126.071,2094981
1787803313760,fe9f5242-1dee-d8c5-2769-78aba5955fb8,/p/0/2a5d06857dc61845,13,200,68861,200.641,1618.899,42536
1787803315197,ae73129a-f067-5805-ca89-9ca050b023cd,/?crawl=167,0,200,51389,57.271,216.707,237136
1787803315197,c1f0de7f-b6b0-74a5-0ef3-ec37baba2fe8,/?crawl=166,0,200,265218,18.711,295.186,898477
1787803312302,9a32b0ef-c270-6f9f-10f8-32b2894067a2,/p/0/7bd12dfc57eaac4a,5,200,414908,175.602,3220.037,128852
1787803315238,b65c0c64-3b12-5a25-dd6f-f7450caa3086,/p/3/b6d4a7beec4c2066,10,200,136301,25.282,288.667,472174
1787803279130,b65c0c64-3b12-5a25-dd6f-f7450caa3086,/p/0/57c09c2dd7e3bfd0,4,200,5587282,208.483,36406.416,153470
1787803289853,0749ca82-1e65-8f0a-ba8a-b79b9d25deac,/p/11/aef29dc7089a803a,5,200,3530074,351.717,25787.945,136889
1787803292386,b65c0c64-3b12-5a25-dd6f-f7450caa3086,/p/0/26e84fc6c3f2bdb4,7,200,3706799,206.326,23273.017,159275
1787803307963,0c39296c-9d09-a3b9-cfb4-8e11142eafe6,/p/0/3138d4137acc67b9,12,200,440923,308.145,7811.281,56447
1787803315197,a6935384-2c16-f0dc-d435-47058514eb2e,/?crawl=169,0,200,500155,23.502,607.082,823868
1787803315414,ae73129a-f067-5805-ca89-9ca050b023cd,/p/3/7f48e889fb6ed502,1,200,38067,345.224,507.324,75035
1787803315537,b65c0c64-3b12-5a25-dd6f-f7450caa3086,/p/0/b6d4a5beec4c1d00,10,200,347052,247.861,416.367,833525
1787803315659,b65c0c64-3b12-5a25-dd6f-f7450caa3086,/p/2/ccd3a63b3573ecd6,11,200,283666,92.713,327.463,866253
1787803304607,b65c0c64-3b12-5a25-dd6f-f7450caa3086,/p/0/1c19fefdb3c0f1ce,8,200,3183995,205.345,11435.978,278419
1787803274367,b65c0c64-3b12-5a25-dd6f-f7450caa3086,/p/0/8e9c312d5c976062,2,200,6120924,25.847,41719.416,146716
1787803315953,b65c0c64-3b12-5a25-dd6f-f7450caa3086,/p/0/ccd3a73b3573ee89,11,200,237733,15.801,181.777,1307826
1787803315332,548a7f9d-41e4-e529-50a4-b4a5553f5aa5,/p/0/ecb6799b62f30230,5,200,116378,42.230,837.079,139029
1787803315197,5a1c49f5-5c65-54f7-6847-117810ebe534,/?crawl=168,0,200,168136,85.931,993.548,169228
1787803312302,9a32b0ef-c270-6f9f-10f8-32b2894067a2,/p/3/7bd12bfc57eaa8e4,5,200,465312,333.613,3896.399,119421
1787803315987,b65c0c64-3b12-5a25-dd6f-f7450caa3086,/p/0/ccd3a43b3573e970,11,200,280913,18.633,236.005,1190282
1787803316087,b65c0c64-3b12-5a25-dd6f-f7450caa3086,/p/0/3f53bc841fd5e843,12,200,219770,24.041,179.364,1225276
1787803279130,b65c0c64-3b12-5a25-dd6f-f7450caa3086,/p/0/57c09f2dd7e3c4e9,4,200,6012272,208.470,37363.211,160914
1787803313115,5bf49a11-3401-a7a4-7d34-f0e4ab04e2d3,/p/0/f23364f5078b4fd0,7,200,269053,260.375,3402.354,79078
1787803310461,d9b27d91-0fa9-612c-4b18-86aa6c1a66d6,/p/0/70ac6faaa297361f,3,200,334392,304.343,6204.932,53891
1787803297747,fff1ea97-b6b4-3164-10bb-35abbc98d713,/p/7/7efa1bf38f49d6c7,6,200,4078221,5441.880,18974.089,214936
1787803301116,0bc6c343-fd5b-3b3e-37e3-d1d8563349f9,/p/1/c77e0ad3a810e3f,4,200,2183094,222.229,15748.079,138626
1787803316722,fff1ea97-b6b4-3164-10bb-35abbc98d713,/p/0/40bf47bd6c71bc6,7,200,31783,61.685,186.066,170815
1787803315492,c1f0de7f-b6b0-74a5-0ef3-ec37baba2fe8,/p/0/12b33de79009cb15,1,200,113874,17.642,1512.596,75284
1787803312484,dfb72c95-9df6-a302-4f7f-eb28eb530616,/p/8/b8ca051cfdc1ec1e,4,200,464902,120.825,4604.855,100959
1787803315492,c1f0de7f-b6b0-74a5-0ef3-ec37baba2fe8,/p/0/12b33ce79009c962,1,200,218751,35.499,1651.510,132455
1787803235773,fc97bfa7-235d-3fc5-1122-8ebed5c0cde0,/p/0/3be44d87af198948,1,200,6217381,330.731,81396.211,76384
1787803314590,8e7a01ec-a46f-8fd1-cdff-5aa0b89c8aab,/p/0/58743eced238ea8f,1,200,336429,168.480,2615.232,128642
1787803315921,ae73129a-f067-5805-ca89-9ca050b023cd,/p/0/8fe4002173529f30,2,200,119212,402.134,1422.330,83815
1787803315804,a6935384-2c16-f0dc-d435-47058514eb2e,/p/0/a61d954524a4c48e,1,200,174099,91.472,1541.052,112974
1787803308783,5bf49a11-3401-a7a4-7d34-f0e4ab04e2d3,/p/0/8a4f270d9a63a8c3,6,200,487220,275.403,8571.516,56842
1787803317197,7e68917e-d5ce-540a-17e4-1d60dcdc2790,/?crawl=173,0,200,77572,43.202,272.445,284725
1787803315804,a6935384-2c16-f0dc-d435-47058514eb2e,/p/0/a61d944524a4c2db,1,200,163818,55.310,1701.096,96301
1787803316864,0bc6c343-fd5b-3b3e-37e3-d1d8563349f9,/p/0/b2db9a702a0d180e,5,200,127456,296.614,836.108,152440
1787803317197,9f954951-59a6-5661-8c03-9a01a0565f38,/?crawl=172,0,200,504342,19.970,588.529,856954
1787803312094,dfb72c95-9df6-a302-4f7f-eb28eb530616,/p/0/40c63a99852f7130,3,200,419449,156.016,5720.194,73328
1787803316191,5a1c49f5-5c65-54f7-6847-117810ebe534,/p/1/3987e8a2b93fb73b,1,200,58176,451.397,1647.136,35319
1787803315804,a6935384-2c16-f0dc-d435-47058514eb2e,/p/0/a61d934524a4c128,1,200,506563,18.727,2079.815,243562
1787803281080,d66568bc-db56-b020-ae6e-bd870e82c002,/p/0/bcc7640ba79235cf,8,200,3533419,479.823,36923.066,95697
1787803308925,b3a23f41-af11-6422-808e-1c535d4af12f,/p/11/4d49a572ccd4d7fd,1,200,6028999,106.632,9149.478,658945
1787803316199,51428ba2-52a8-8af3-b7cf-b484e83bda78,/?crawl=170,0,200,517099,54.046,1903.158,271706
1787803317814,dfb72c95-9df6-a302-4f7f-eb28eb530616,/p/0/eb125c99fdf9deb9,5,200,4743,126.860,374.574,12662
1787803315641,0749ca82-1e65-8f0a-ba8a-b79b9d25deac,/p/0/184bbfa34b147068,6,200,102503,414.873,2550.687,40186
1787803317089,dfb72c95-9df6-a302-4f7f-eb28eb530616,/p/7/eb125b99fdf9dd06,5,200,101997,119.647,1126.682,90529
1787803310461,d9b27d91-0fa9-612c-4b18-86aa6c1a66d6,/p/0/70ac70aaa29737d2,3,200,506348,304.307,7936.451,63800
1787803318244,9b756a86-8abd-2ab1-135b-50a13ba82815,/?crawl=174,0,200,201656,23.294,289.882,695648
1787803238899,5bf49a11-3401-a7a4-7d34-f0e4ab04e2d3,/p/0/8ea7d9918a16880b,2,200,6247375,210.507,79676.279,78409
1787803316191,5a1c49f5-5c65-54f7-6847-117810ebe534,/p/0/3987e7a2b93fb588,1,200,117940,492.064,2499.882,47178
1787803304116,d1011d9f-5343-c4b8-8767-7499047217b7,/p/0/527857dce588692d,4,200,3359774,209.716,14576.200,230497
1787803281080,d66568bc-db56-b020-ae6e-bd870e82c002,/p/0/bcc7630ba792341c,8,200,3731312,343.363,37751.357,98839
1787803318534,9b756a86-8abd-2ab1-135b-50a13ba82815,/p/5/37e6c73c3eac0c0e,1,200,200388,29.955,608.759,329175
1787803316722,fff1ea97-b6b4-3164-10bb-35abbc98d713,/p/6/40bf27bd6c71860,7,200,345487,186.114,2423.786,142540
1787803294898,3e71326f-e416-3c5e-6236-7bd18a29c656,/p/0/64b579e8b3f2abc2,3,200,367827,1738.690,24259.220,15162
1787803317785,9f954951-59a6-5661-8c03-9a01a0565f38,/p/0/5ebb72f767e1f9e7,1,200,174244,17.808,1462.292,119158
1787803305314,19626a39-cfe2-b4f2-9bee-f6b505059680,/p/0/dfff0cff435fbd34,4,200,324934,1548.172,14138.194,22983
1787803296478,d1011d9f-5343-c4b8-8767-7499047217b7,/p/0/76ecef079914a64d,2,200,4711400,190.262,22984.675,204980
1787803317785,9f954951-59a6-5661-8c03-9a01a0565f38,/p/0/5ebb73f767e1fb9a,1,200,338070,103.028,1749.027,193290
1787803315492,c1f0de7f-b6b0-74a5-0ef3-ec37baba2fe8,/p/0/12b33be79009c7af,1,200,2203945,17.616,4059.560,542902
1787803286443,19626a39-cfe2-b4f2-9bee-f6b505059680,/p/0/7efba34c16008d54,3,200,520110,1304.374,33128.128,15700
1787803304361,c646942c-ed5a-0fb7-d9a0-14e1ac87f778,/p/11/33ef835f218afd41,1,200,5832408,328.423,15223.058,383130
1787803270172,d66568bc-db56-b020-ae6e-bd870e82c002,/p/0/580b922eb3f700f0,5,200,5149479,422.910,49434.072,104169
1787803317785,9f954951-59a6-5661-8c03-9a01a0565f38,/p/0/5ebb71f767e1f834,1,200,516689,89.695,2053.790,251578
1787803286443,19626a39-cfe2-b4f2-9bee-f6b505059680,/p/0/7efba64c1600926d,3,200,494845,1539.154,33402.175,14815
1787803319584,c646942c-ed5a-0fb7-d9a0-14e1ac87f778,/p/0/23da9c7c82ec0f1e,2,200,50204,96.071,288.354,174105
1787803309808,60d6c10a-b45d-5e48-b604-04773a6e6ae0,/p/0/acae9587fcd1243,1,200,2505332,110.252,10106.419,247895
1787803316198,9a32b0ef-c270-6f9f-10f8-32b2894067a2,/p/0/f82fd98b87d2629c,6,200,446821,226.112,3753.608,119038
1787803295991,d1011d9f-5343-c4b8-8767-7499047217b7,/p/0/456151e3bc9820de,1,200,6114467,37.385,23993.650,254837
1787803314342,5dc1e98b-e944-26bb-e977-30c41b3bf4a0,/p/0/26cc7aa8ab07a374,9,200,3689020,7.380,5653.936,652469
1787803305314,19626a39-cfe2-b4f2-9bee-f6b505059680,/p/8/dfff0eff435fc09a,4,200,496317,1432.166,14786.040,33567
1787803317169,fc97bfa7-235d-3fc5-1122-8ebed5c0cde0,/p/0/a5df1b6525c1219b,6,200,81782,517.188,3004.939,27216
1787803294898,3e71326f-e416-3c5e-6236-7bd18a29c656,/p/7/64b577e8b3f2a85c,3,200,394544,1191.025,25300.394,15594
1787803316865,0bc6c343-fd5b-3b3e-37e3-d1d8563349f9,/p/0/b2db98702a0d14a8,5,200,473959,312.224,3352.956,141356
1787803318216,dfb72c95-9df6-a302-4f7f-eb28eb530616,/p/6/4d1d3dc3254536a8,6,200,211736,212.754,2008.925,105398
1787803320100,19626a39-cfe2-b4f2-9bee-f6b505059680,/p/0/844d4b1e1097783f,5,200,38759,122.181,313.254,123730
1787803307110,63a2f736-a599-8f16-6df1-716b89ede193,/p/0/796f0004f8ec0bc9,18,200,3739403,99.538,13450.944,278003
1787803320225,dfb72c95-9df6-a302-4f7f-eb28eb530616,/p/0/4d1d3ec32545385b,6,200,40986,136.063,399.574,102574
1787803281851,ed44bc0f-ef2d-a9ce-7a2d-62863ae567a0,/p/0/5c2dabadab1c6d90,11,200,2710575,278.274,38900.328,69680
1787803315414,ae73129a-f067-5805-ca89-9ca050b023cd,/p/0/7f48e989fb6ed6b5,1,200,281323,54.472,5482.808,51310
1787803303809,8e551002-bf5c-1717-e281-4fa00d9030bd,/p/4/b9df50153839e1ea,1,200,298544,806.397,17228.788,17328
1787803320100,19626a39-cfe2-b4f2-9bee-f6b505059680,/p/0/844d4c1e109779f2,5,200,140470,130.180,1107.083,126883
1787803279042,d179d41e-b523-39e2-94e1-1eb7aef09fe5,/p/0/f13517a7df43dc5,3,200,4708460,4031.111,42201.131,111572
1787803315641,0749ca82-1e65-8f0a-ba8a-b79b9d25deac,/p/0/184bc2a34b147581,6,200,336734,414.764,5642.485,59678
1787803316190,5a1c49f5-5c65-54f7-6847-117810ebe534,/p/0/3987eaa2b93fbaa1,1,200,311923,79.698,5125.489,60857
1787803318075,b3a23f41-af11-6422-808e-1c535d4af12f,/p/10/8d2ee702d487614,2,200,330663,93.449,3265.816,101250
1787803319584,c646942c-ed5a-0fb7-d9a0-14e1ac87f778,/p/0/23da9b7c82ec0d6b,2,200,341079,32.607,2006.778,169964
1787803315921,ae73129a-f067-5805-ca89-9ca050b023cd,/p/2/8fe401217352a0e3,2,200,329615,374.853,5718.107,57644
1787803318534,9b756a86-8abd-2ab1-135b-50a13ba82815,/p/0/37e6c83c3eac0dc1,1,200,369257,20.295,3114.814,118549
1787803320100,19626a39-cfe2-b4f2-9bee-f6b505059680,/p/7/844d4d1e10977ba5,5,200,366146,141.456,1631.253,224457
1787803316722,fff1ea97-b6b4-3164-10bb-35abbc98d713,/p/0/40bf37bd6c71a13,7,200,415234,217.570,5021.465,82692
1787803315414,ae73129a-f067-5805-ca89-9ca050b023cd,/p/0/7f48e689fb6ed19c,1,200,442185,318.842,6333.529,69817
1787803315641,0749ca82-1e65-8f0a-ba8a-b79b9d25deac,/p/10/184bc1a34b1473ce,6,200,435697,82.511,6108.102,71331
1787803314489,d9b27d91-0fa9-612c-4b18-86aa6c1a66d6,/p/0/f993bd796be73802,5,200,523560,388.015,7272.178,71995
1787803319145,fff1ea97-b6b4-3164-10bb-35abbc98d713,/p/0/5cae962114d8066c,8,200,127283,337.946,2629.113,48413
1787803313581,60d6c10a-b45d-5e48-b604-04773a6e6ae0,/p/0/5811b63d7b9514f2,3,200,3255219,109.015,8266.901,393765
1787803318188,dfb72c95-9df6-a302-4f7f-eb28eb530616,/p/0/eb125999fdf9d9a0,5,200,363608,167.415,3660.924,99321
1787803319142,9b756a86-8abd-2ab1-135b-50a13ba82815,/p/0/2d12190c5d1e7ad7,2,200,302140,1078.762,2814.552,107349
1787803319145,fff1ea97-b6b4-3164-10bb-35abbc98d713,/p/0/5cae992114d80b85,8,200,159253,400.250,2905.758,54806
1787803318534,9b756a86-8abd-2ab1-135b-50a13ba82815,/p/0/37e6c53c3eac08a8,1,200,444203,49.762,3573.126,124318
1787803321197,4cc59da5-43fd-bad1-f6e4-04780c37b1b1,/?crawl=177,0,200,188935,111.320,972.118,194354
1787803304273,35ac03d0-51a9-63b9-a4a8-48ace02c60be,/p/0/a52a8f7ffa015edf,3,200,5043932,204.529,17964.362,280774
1787803317838,5a1c49f5-5c65-54f7-6847-117810ebe534,/p/0/b6e506c1a66dc47c,2,200,171106,527.891,4412.098,38781
1787803319142,9b756a86-8abd-2ab1-135b-50a13ba82815,/p/0/2d121a0c5d1e7c8a,2,200,474398,1078.696,3139.828,151090
1787803319142,9b756a86-8abd-2ab1-135b-50a13ba82815,/p/4/2d121b0c5d1e7e3d,2,200,474038,1078.734,3373.536,140517
1787803321749,0749ca82-1e65-8f0a-ba8a-b79b9d25deac,/p/0/2bcb9c861a2c03d8,7,200,24644,424.002,930.938,26472
1787803321731,19626a39-cfe2-b4f2-9bee-f6b505059680,/p/0/8cc8b506290d8346,6,200,84593,261.730,1046.291,80850
1787803322197,3f54556b-7cfd-672f-2970-b78642394a5b,/?crawl=179,0,200,317839,27.763,598.484,531073
1787803294197,f290b8bb-2495-d3c8-2b2d-93e36d7a784f,/?crawl=141,0,200,4864796,96.748,28770.464,169090
1787803321197,f6f4b872-79f0-4f30-c47e-5518c872138a,/?crawl=178,0,200,515241,52.727,1792.423,287455
1787803313818,09982139-5e76-f214-cc24-4e66c50bbb4e,/p/0/717b63874330707d,3,200,2291527,1.996,9410.793,243500
1787803321731,19626a39-cfe2-b4f2-9bee-f6b505059680,/p/0/8cc8b406290d8193,6,200,204473,194.933,1613.950,126691
1787803318074,b3a23f41-af11-6422-808e-1c535d4af12f,/p/0/8d2f0702d48797a,2,200,375021,65.148,5296.373,70807
1787803322516,9b756a86-8abd-2ab1-135b-50a13ba82815,/p/0/e626e08735a96522,3,200,308473,30.441,872.504,353549
1787803239757,ed44bc0f-ef2d-a9ce-7a2d-62863ae567a0,/p/0/6f828c6fd6b1dfb1,4,200,6111416,528.384,83709.462,73007
1787803253429,ed44bc0f-ef2d-a9ce-7a2d-62863ae567a0,/p/0/121b135ad404f6b2,7,200,5127726,197.250,70364.423,72874
1787803287701,1cf52f86-b72d-b329-7e9f-ab00fc76d7b0,/p/0/660b105b1075bbc8,6,200,4404607,358.671,36149.565,121844
1787803308049,9a32b0ef-c270-6f9f-10f8-32b2894067a2,/p/0/44f96162106b9d5e,3,200,4044512,191.692,15827.273,255541
1787803312096,d9b27d91-0fa9-612c-4b18-86aa6c1a66d6,/p/0/1e5cd6f96afad1b0,4,200,2434704,416.928,11872.405,205073
1787803293293,702b7d66-0ccc-7dff-26e7-1a1bb8b4a3ab,/p/15/cbfdb6903632e6c7,2,200,4584461,475.275,30684.218,149408
1787803315526,b65c0c64-3b12-5a25-dd6f-f7450caa3086,/p/0/b6d4a8beec4c2219,10,200,4123157,246.056,8601.434,479357
1787803315921,ae73129a-f067-5805-ca89-9ca050b023cd,/p/0/8fe403217352a449,2,200,508260,402.169,8265.789,61490
1787803296566,1cf52f86-b72d-b329-7e9f-ab00fc76d7b0,/p/0/f6bf00d120e92b8d,9,200,2804339,217.731,27706.785,101215
1787803304854,e4c8a592-ef20-dddc-e06d-c3bb2884d28d,/p/2/8a433ffda6a3e397,4,200,3833725,60.176,19491.269,196689
1787803322169,4cc59da5-43fd-bad1-f6e4-04780c37b1b1,/p/8/a47c71deaa1115fb,1,200,189433,157.420,2191.623,86435
1787803322169,4cc59da5-43fd-bad1-f6e4-04780c37b1b1,/p/0/a47c70deaa111448,1,200,190023,157.379,2219.886,85600
1787803323977,702b7d66-0ccc-7dff-26e7-1a1bb8b4a3ab,/p/0/6e5352e2f2b82555,3,200,7169,397.962,437.643,16381
1787803321849,dfb72c95-9df6-a302-4f7f-eb28eb530616,/p/5/c63add599f7483ef,7,200,275538,121.357,2711.958,101601
1787803307074,63a2f736-a599-8f16-6df1-716b89ede193,/p/0/81c75dd96b9d2262,17,200,5358972,36.307,17665.663,303355
1787803324361,4cc59da5-43fd-bad1-f6e4-04780c37b1b1,/p/0/63c2e33f99b198e2,2,200,12521,326.542,397.141,31528
1787803307110,63a2f736-a599-8f16-6df1-716b89ede193,/p/4/796efe04f8ec0863,18,200,5652048,107.729,18081.857,312581
1787803321749,0749ca82-1e65-8f0a-ba8a-b79b9d25deac,/p/0/2bcb9f861a2c08f1,7,0,242599,423.838,3449.130,70336
1787803321749,0749ca82-1e65-8f0a-ba8a-b79b9d25deac,/p/9/2bcb9e861a2c073e,7,0,324904,81.466,3449.519,94188
1787803321340,b3a23f41-af11-6422-808e-1c535d4af12f,/p/0/6da7abb05f43fa6,3,200,268073,323.467,4060.712,66016
1787803314197,c5bb65ff-e22e-415f-b69a-1a96c2e4d6b1,/?crawl=164,0,200,3691702,39.626,11217.868,329091
1787803325192,63a2f736-a599-8f16-6df1-716b89ede193,/p/0/e8b69905ff38996c,19,200,119307,22.006,284.744,418997
1787803325192,63a2f736-a599-8f16-6df1-716b89ede193,/p/0/e8b69c05ff389e85,19,200,65867,103.033,293.751,224227
1787803317838,5a1c49f5-5c65-54f7-6847-117810ebe534,/p/0/b6e507c1a66dc62f,2,200,502837,892.462,7675.758,65510
1787803325192,63a2f736-a599-8f16-6df1-716b89ede193,/p/3/e8b69b05ff389cd2,19,200,139380,58.017,393.008,354649
1787803296455,e05bb7f6-272b-355e-0d2c-78db980475ad,/p/0/167bfff3eadf9c43,3,200,2596520,754.242,29134.303,89122
1787803288854,1cf52f86-b72d-b329-7e9f-ab00fc76d7b0,/p/0/8e4812b6dbace200,7,200,4423420,646.935,37086.591,119273
1787803321639,ae73129a-f067-5805-ca89-9ca050b023cd,/p/0/862bc603d15d258f,3,200,310910,479.245,4304.058,72236
1787803325585,63a2f736-a599-8f16-6df1-716b89ede193,/p/0/b7d60b2fb5bfefcf,20,200,82806,19.057,490.087,168962
1787803325198,76867539-874f-9317-5aab-6d0421d2a69c,/?crawl=181,0,200,338647,42.552,881.200,384302
1787803324361,4cc59da5-43fd-bad1-f6e4-04780c37b1b1,/p/7/63c2e43f99b19a95,2,200,247331,308.690,1841.926,134278
1787803325585,63a2f736-a599-8f16-6df1-716b89ede193,/p/0/b7d60c2fb5bff182,20,200,304786,102.503,801.039,380489
1787803264562,fc97bfa7-235d-3fc5-1122-8ebed5c0cde0,/p/0/671c0f86e08a553,2,200,2815428,354.391,61972.203,45430
1787803325585,63a2f736-a599-8f16-6df1-716b89ede193,/p/2/b7d60a2fb5bfee1c,20,200,440428,19.015,1003.837,438744
1787803314489,d9b27d91-0fa9-612c-4b18-86aa6c1a66d6,/p/0/f993bc796be7364f,5,200,4448468,581.025,12138.027,366490
1787803326197,fb058f7a-53f7-c86f-c2ee-289ac5d682aa,/?crawl=182,0,200,127531,38.960,471.354,270563
1787803322169,4cc59da5-43fd-bad1-f6e4-04780c37b1b1,/p/0/a47c73deaa111961,1,200,519005,85.972,4632.242,112042
1787803323977,702b7d66-0ccc-7dff-26e7-1a1bb8b4a3ab,/p/14/6e5351e2f2b823a2,3,200,148728,557.962,3179.390,46779
1787803326589,63a2f736-a599-8f16-6df1-716b89ede193,/p/0/c78554e35e4c19aa,21,200,175626,44.031,578.585,303544
1787803316199,9e0fba65-906f-29ac-85bf-db388693d2aa,/?crawl=171,0,200,2523796,112.389,10982.908,229793
1787803314489,d9b27d91-0fa9-612c-4b18-86aa6c1a66d6,/p/4/f993be796be739b5,5,200,4991069,332.685,12712.268,392618
1787803327202,d9b27d91-0fa9-612c-4b18-86aa6c1a66d6,/p/0/2f29f32c89e1e564,6,200,134383,2.841,26.289,5111852
1787803324346,e4c8a592-ef20-dddc-e06d-c3bb2884d28d,/p/0/2cce2a10a9ab5ef0,5,200,288516,59.493,2935.481,98286
1787803326668,fb058f7a-53f7-c86f-c2ee-289ac5d682aa,/p/0/e381cce5d7514cc7,1,200,85074,51.219,1095.023,77692
1787803316198,9a32b0ef-c270-6f9f-10f8-32b2894067a2,/p/0/f82fdc8b87d267b5,6,200,5316952,173.629,11643.601,456642
1787803327197,e7d3915d-16bf-ba53-2385-c6194eacdb65,/?crawl=183,0,200,247455,44.330,742.608,333224
1787803313818,09982139-5e76-f214-cc24-4e66c50bbb4e,/p/0/717b608743306b64,3,200,5368476,23.172,14572.968,368386
1787803328197,de489acb-a1f2-3b88-37a4-73b1b11cf59c,/?crawl=185,0,200,77616,42.022,228.074,340311
1787803316043,b65c0c64-3b12-5a25-dd6f-f7450caa3086,/p/1/3f53bb841fd5e690,12,200,5065704,18.194,12400.196,408518
1787803310563,ab26aace-a219-cdc4-0c38-30c83d8f2c44,/p/0/9b2b384c7e1eac6,3,200,4345433,112.086,17912.098,242598
1787803324561,dfb72c95-9df6-a302-4f7f-eb28eb530616,/p/0/c63adc599f74823c,7,200,410255,120.494,3945.761,103974
1787803316198,9a32b0ef-c270-6f9f-10f8-32b2894067a2,/p/2/f82fda8b87d2644f,6,200,5822789,226.098,12398.099,469652
1787803314590,8e7a01ec-a46f-8fd1-cdff-5aa0b89c8aab,/p/9/58743dced238e8dc,1,200,5243881,118.902,14037.241,373569
1787803313818,09982139-5e76-f214-cc24-4e66c50bbb4e,/p/3/717b618743306d17,3,200,6117699,53.238,14812.965,412996
1787803312027,721d2a18-d5d4-9573-5d6a-dfab11b899dc,/p/2/afc81f1c7084d1e3,3,200,3902658,280.075,16633.182,234631
1787803328425,de489acb-a1f2-3b88-37a4-73b1b11cf59c,/p/4/2942cccd19806a8e,1,200,46436,36.877,239.687,193736
1787803328627,8e7a01ec-a46f-8fd1-cdff-5aa0b89c8aab,/p/0/445c83b5f9079438,2,200,26110,37.278,88.211,295995
1787803328631,09982139-5e76-f214-cc24-4e66c50bbb4e,/p/0/c237bba8dbe38e72,4,200,115786,3.886,135.873,852164
1787803328631,09982139-5e76-f214-cc24-4e66c50bbb4e,/p/2/c237bca8dbe39025,4,200,123533,6.406,141.020,875996
1787803328443,b65c0c64-3b12-5a25-dd6f-f7450caa3086,/p/0/21e34c5a8fe0cbc7,13,200,58595,130.997,339.737,172472
1787803328631,09982139-5e76-f214-cc24-4e66c50bbb4e,/p/0/c237baa8dbe38cbf,4,200,288051,2.329,153.591,1875439
1787803327182,9e0fba65-906f-29ac-85bf-db388693d2aa,/p/9/18fa721025b2da6d,1,200,195785,144.817,1688.144,115976
1787803321340,b3a23f41-af11-6422-808e-1c535d4af12f,/p/9/6da7bbb05f44159,3,200,472423,350.532,7569.930,62408
1787803321340,b3a23f41-af11-6422-808e-1c535d4af12f,/p/0/6da79bb05f43df3,3,200,474012,461.005,7625.842,62159
1787803328772,09982139-5e76-f214-cc24-4e66c50bbb4e,/p/1/9644957186d43aea,5,200,217064,26.200,230.107,943318
1787803329002,09982139-5e76-f214-cc24-4e66c50bbb4e,/p/0/a389fdcc75606ba3,6,200,29619,31.857,65.024,455510
1787803277197,f9ac92eb-1252-5f06-7cc4-1f45fa8220a1,/?crawl=124,0,200,4485429,236.706,51874.236,86467
1787803319584,c646942c-ed5a-0fb7-d9a0-14e1ac87f778,/p/10/23da9d7c82ec10d1,2,200,3915503,32.637,9516.336,411451
1787803293293,702b7d66-0ccc-7dff-26e7-1a1bb8b4a3ab,/p/0/cbfdb8903632ea2d,2,200,5088922,396.034,35851.627,141944
1787803328507,dfb72c95-9df6-a302-4f7f-eb28eb530616,/p/0/c63adf599f748755,7,200,53290,135.814,666.414,79965
1787803328772,09982139-5e76-f214-cc24-4e66c50bbb4e,/p/0/9644937186d43784,5,200,512560,13.266,423.255,1210997
1787803327939,e7d3915d-16bf-ba53-2385-c6194eacdb65,/p/0/5017788842b65867,1,200,137293,42.833,1309.068,104878
1787803328772,09982139-5e76-f214-cc24-4e66c50bbb4e,/p/0/9644967186d43c9d,5,200,501461,26.493,496.031,1010946
1787803327939,e7d3915d-16bf-ba53-2385-c6194eacdb65,/p/0/5017778842b656b4,1,200,143653,82.858,1329.147,108079
1787803329002,09982139-5e76-f214-cc24-4e66c50bbb4e,/p/0/a389fccc756069f0,6,200,236109,34.106,288.653,817968
1787803329197,c49809ce-1e0b-10d9-6024-9dfc810efd11,/?crawl=188,0,200,47661,43.514,145.811,326868
1787803328197,82415893-2ab4-7ff9-5c23-674ddf0978c6,/?crawl=184,0,200,225509,76.839,1220.045,184837
1787803329071,f9ac92eb-1252-5f06-7cc4-1f45fa8220a1,/p/0/b3206b4dcf3cb5c8,1,200,60079,162.329,398.998,150575
1787803326203,4cc59da5-43fd-bad1-f6e4-04780c37b1b1,/p/0/68130c41919e6a6b,3,200,359037,226.039,3281.796,109403
1787803316865,0bc6c343-fd5b-3b3e-37e3-d1d8563349f9,/p/0/b2db99702a0d165b,5,200,2348732,312.152,12657.211,185565
1787803329101,c646942c-ed5a-0fb7-d9a0-14e1ac87f778,/p/9/f61ab2767bcd2cfb,3,200,82410,63.570,431.288,191079
1787803328660,721d2a18-d5d4-9573-5d6a-dfab11b899dc,/p/1/87e8e984d26f06a2,4,200,107519,57.018,968.733,110989
1787803328627,8e7a01ec-a46f-8fd1-cdff-5aa0b89c8aab,/p/8/445c85b5f907979e,2,200,219541,224.461,1194.181,183842
1787803296224,0bc6c343-fd5b-3b3e-37e3-d1d8563349f9,/p/0/fcbf8780d98ead5,3,200,5829522,184.733,33622.547,173381
1787803328627,8e7a01ec-a46f-8fd1-cdff-5aa0b89c8aab,/p/0/445c86b5f9079951,2,200,278482,88.183,1245.146,223654
1787803329071,f9ac92eb-1252-5f06-7cc4-1f45fa8220a1,/p/0/b3206e4dcf3cbae1,1,200,207324,8.065,823.098,251883
1787803297917,f3b91457-307d-d26c-a23a-f070dcbd30a4,/p/6/2674fab7a39eebd7,1,200,5783417,57.790,32077.834,180293
1787803297917,f3b91457-307d-d26c-a23a-f070dcbd30a4,/p/0/2674f9b7a39eea24,1,200,5380594,521.637,32079.800,167725
1787803326080,76867539-874f-9317-5aab-6d0421d2a69c,/p/1/76ec22436bec42da,1,200,354115,33.148,3952.848,89585
1787803267603,ed44bc0f-ef2d-a9ce-7a2d-62863ae567a0,/p/0/85464084c55c373f,10,0,5043963,304.865,62599.753,80575
1787803261089,ed44bc0f-ef2d-a9ce-7a2d-62863ae567a0,/p/0/608f3926049a80,9,0,5472903,264.696,69115.252,79185
1787803326668,fb058f7a-53f7-c86f-c2ee-289ac5d682aa,/p/0/e381cee5d751502d,1,200,481254,86.077,3637.211,132314
1787803329821,8e7a01ec-a46f-8fd1-cdff-5aa0b89c8aab,/p/7/4fc4b0fd76900877,3,200,47175,195.444,492.123,95860
1787803326203,4cc59da5-43fd-bad1-f6e4-04780c37b1b1,/p/0/68130d41919e6c1e,3,200,423829,225.909,4133.817,102527
1787803304679,d3f3f40b-c3ea-f844-52ad-3f984808282f,/p/0/c759dabcb625f6ba,1,200,4515161,191.598,25691.843,175743
1787803327202,d9b27d91-0fa9-612c-4b18-86aa6c1a66d6,/p/3/2f29f52c89e1e8ca,6,200,198849,26.227,3176.578,62598
1787803322516,9b756a86-8abd-2ab1-135b-50a13ba82815,/p/3/e626de8735a961bc,3,200,2732836,20.559,7950.190,343745
1787803329174,dfb72c95-9df6-a302-4f7f-eb28eb530616,/p/4/fb85772b3bbd826b,8,200,120081,203.094,1292.978,92872
1787803327202,d9b27d91-0fa9-612c-4b18-86aa6c1a66d6,/p/0/2f29f62c89e1ea7d,6,200,212362,27.210,3287.754,64592
1787803328443,b65c0c64-3b12-5a25-dd6f-f7450caa3086,/p/0/21e34e5a8fe0cf2d,13,200,353830,222.328,2405.379,147099
1787803328443,b65c0c64-3b12-5a25-dd6f-f7450caa3086,/p/0/21e34d5a8fe0cd7a,13,200,384343,238.580,2431.121,158093
1787803329002,09982139-5e76-f214-cc24-4e66c50bbb4e,/p/0/a389ffcc75606f09,6,200,5418504,31.760,1933.031,2803113
1787803328197,8c4b883f-7af1-ae8c-c101-a1f478818567,/?crawl=187,0,200,513273,78.122,2757.591,186131
1787803327939,e7d3915d-16bf-ba53-2385-c6194eacdb65,/p/0/5017798842b65a1a,1,200,426067,42.924,3017.838,141183
1787803329532,c646942c-ed5a-0fb7-d9a0-14e1ac87f778,/p/0/f0095193d3e5563f,4,200,118834,273.238,1453.828,81739
1787803315332,548a7f9d-41e4-e529-50a4-b4a5553f5aa5,/p/3/ecb67a9b62f303e3,5,200,3731988,42.422,15655.664,238379
1787803326203,4cc59da5-43fd-bad1-f6e4-04780c37b1b1,/p/6/68130e41919e6dd1,3,200,508947,190.065,5159.178,98649
1787803303809,8e551002-bf5c-1717-e281-4fa00d9030bd,/p/0/b9df4e153839de84,1,200,476463,661.343,27583.629,17273
1787803330033,76867539-874f-9317-5aab-6d0421d2a69c,/p/0/f6c98d22972828a7,2,200,116014,227.655,1411.547,82189
1787803321197,19fafd0a-eb0b-5405-6877-f611ae66cc46,/?crawl=176,0,200,3048800,48.573,10247.825,297507
1787803310563,ab26aace-a219-cdc4-0c38-30c83d8f2c44,/p/0/9b2b184c7e1e760,3,200,5731292,169.410,20943.757,273652
1787803326080,76867539-874f-9317-5aab-6d0421d2a69c,/p/0/76ec23436bec448d,1,200,413430,261.784,5562.574,74323
1787803331197,408306b2-68ef-a9fd-3d97-035da486e75e,/?crawl=191,0,200,447225,16.579,451.363,990833
1787803316135,b65c0c64-3b12-5a25-dd6f-f7450caa3086,/p/0/3f53bd841fd5e9f6,12,200,6160457,14.999,15552.328,396112
1787803313115,5bf49a11-3401-a7a4-7d34-f0e4ab04e2d3,/p/0/f23367f5078b54e9,7,200,2330934,357.129,18609.634,125254
1787803329821,8e7a01ec-a46f-8fd1-cdff-5aa0b89c8aab,/p/0/4fc4affd769006c4,3,200,142041,195.433,1955.702,72629
1787803330466,9b756a86-8abd-2ab1-135b-50a13ba82815,/p/0/862afe4a0621dc67,4,200,203839,103.108,1364.141,149427
1787803328596,9a32b0ef-c270-6f9f-10f8-32b2894067a2,/p/1/f48a47fdb40a2f09,7,200,381188,110.363,3266.477,116697
1787803329101,c646942c-ed5a-0fb7-d9a0-14e1ac87f778,/p/0/f61ab4767bcd3061,3,200,334109,31.609,2770.054,120615
1787803330466,9b756a86-8abd-2ab1-135b-50a13ba82815,/p/0/862aff4a0621de1a,4,200,308931,112.337,1414.641,218381
1787803331362,4cc59da5-43fd-bad1-f6e4-04780c37b1b1,/p/0/d4f22e39a27af35d,4,200,49224,223.182,562.535,87504
1787803304679,d3f3f40b-c3ea-f844-52ad-3f984808282f,/p/0/c759d8bcb625f354,1,200,4836885,64.262,27263.113,177415
1787803329995,f3b91457-307d-d26c-a23a-f070dcbd30a4,/p/0/e55ebeddb23c9296,2,200,422287,3.623,1950.263,216528
1787803327157,702b7d66-0ccc-7dff-26e7-1a1bb8b4a3ab,/p/13/180397b70d0e547a,4,200,102784,674.995,4858.637,21155
1787803320174,fc97bfa7-235d-3fc5-1122-8ebed5c0cde0,/p/0/a5df1c6525c1234e,6,200,309378,353.144,11944.395,25902
1787803330466,9b756a86-8abd-2ab1-135b-50a13ba82815,/p/2/862b004a0621dfcd,4,200,297323,103.046,1655.761,179569
1787803329101,c646942c-ed5a-0fb7-d9a0-14e1ac87f778,/p/0/f61ab1767bcd2b48,3,200,344984,111.028,3064.116,112588
1787803329532,c646942c-ed5a-0fb7-d9a0-14e1ac87f778,/p/0/f0095293d3e557f2,4,200,236664,160.531,2648.914,89344
1787803313115,5bf49a11-3401-a7a4-7d34-f0e4ab04e2d3,/p/11/f23365f5078b5183,7,200,2640734,216.522,19114.416,138154
1787803327182,9e0fba65-906f-29ac-85bf-db388693d2aa,/p/0/18fa711025b2d8ba,1,200,486681,47.864,5059.911,96184
1787803328870,9e0fba65-906f-29ac-85bf-db388693d2aa,/p/0/a8d3b157673b71b0,2,200,148169,266.472,3468.002,42725
1787803332122,9b756a86-8abd-2ab1-135b-50a13ba82815,/p/0/5d3f30dd4389bdbd,5,200,46530,102.009,277.728,167538
1787803294184,e05bb7f6-272b-355e-0d2c-78db980475ad,/p/0/468abfab63d7aa28,1,200,6267898,335.165,38286.507,163710
1787803329343,c49809ce-1e0b-10d9-6024-9dfc810efd11,/p/7/6f03ccb45baf8855,1,200,222392,147.684,3130.857,71032
1787803329629,721d2a18-d5d4-9573-5d6a-dfab11b899dc,/p/0/680e0eee9898cc49,5,200,52376,565.413,2903.138,18041
1787803330313,8e7a01ec-a46f-8fd1-cdff-5aa0b89c8aab,/p/0/f658c1c9cbc0111,4,200,238034,185.825,2482.431,95887
1787803329821,8e7a01ec-a46f-8fd1-cdff-5aa0b89c8aab,/p/0/4fc4b2fd76900bdd,3,200,394586,69.083,3193.528,123558
1787803290455,fc97bfa7-235d-3fc5-1122-8ebed5c0cde0,/p/0/b036679e67672c5d,5,200,2306033,291.456,42654.330,54063
1787803299134,fe9f5242-1dee-d8c5-2769-78aba5955fb8,/p/0/8305a12d0611f8e,10,0,2722803,599.733,34063.617,79933
1787803313832,fe9f5242-1dee-d8c5-2769-78aba5955fb8,/p/0/2a5d05857dc61692,13,0,1362379,218.246,19365.251,70352
1787803299133,fe9f5242-1dee-d8c5-2769-78aba5955fb8,/p/0/8305912d0611ddb,10,0,2325995,542.873,34063.981,68283
1787803290350,fe9f5242-1dee-d8c5-2769-78aba5955fb8,/p/0/99872b9ede5169a9,8,0,3328031,227.064,42847.325,77672
1787803313924,fe9f5242-1dee-d8c5-2769-78aba5955fb8,/p/0/2a5d04857dc614df,13,0,1649675,200.409,19273.811,85592
1787803331362,4cc59da5-43fd-bad1-f6e4-04780c37b1b1,/p/5/d4f22d39a27af1aa,4,200,222624,205.407,1841.250,120909
1787803326589,63a2f736-a599-8f16-6df1-716b89ede193,/p/1/c78552e35e4c1644,21,200,2918371,26.374,6632.789,439992
1787803330467,dfb72c95-9df6-a302-4f7f-eb28eb530616,/p/0/fb85762b3bbd80b8,8,200,232159,134.709,2775.278,83653
1787803330313,8e7a01ec-a46f-8fd1-cdff-5aa0b89c8aab,/p/6/f658a1c9cbbfdab,4,200,335577,203.302,3192.631,105110
1787803321037,8e551002-bf5c-1717-e281-4fa00d9030bd,/p/0/f8750d5b71e26be,2,200,272491,1639.902,12500.532,21798
1787803333203,4cc59da5-43fd-bad1-f6e4-04780c37b1b1,/p/0/2dbff3df4aa58e82,5,200,22719,174.046,364.632,62307
1787803331444,19fafd0a-eb0b-5405-6877-f611ae66cc46,/p/2/11121c8115761fe8,1,200,200566,86.389,2134.224,93976
1787803329343,c49809ce-1e0b-10d9-6024-9dfc810efd11,/p/0/6f03cab45baf84ef,1,200,382235,251.211,4271.179,89492
1787803332122,9b756a86-8abd-2ab1-135b-50a13ba82815,/p/0/5d3f2ddd4389b8a4,5,200,363585,121.880,1499.422,242483
1787803332122,9b756a86-8abd-2ab1-135b-50a13ba82815,/p/1/5d3f2fdd4389bc0a,5,200,360277,111.972,1589.997,226590
1787803329995,f3b91457-307d-d26c-a23a-f070dcbd30a4,/p/0/e55ebdddb23c90e3,2,200,255704,1950.129,3726.309,68621
1787803322516,9b756a86-8abd-2ab1-135b-50a13ba82815,/p/0/e626df8735a9636f,3,200,3561480,20.527,11236.599,316954
1787803329995,f3b91457-307d-d26c-a23a-f070dcbd30a4,/p/5/e55ebcddb23c8f30,2,200,210584,2006.821,3811.997,55242
1787803264562,fc97bfa7-235d-3fc5-1122-8ebed5c0cde0,/p/0/671c1f86e08a706,2,200,5165114,296.564,69254.886,74581
1787803294726,fc97bfa7-235d-3fc5-1122-8ebed5c0cde0,/p/1/a5df1a6525c11fe8,6,200,3524310,354.939,39094.876,90148
1787803333222,63a2f736-a599-8f16-6df1-716b89ede193,/p/0/ea9b84488dd96680,22,200,88784,92.106,613.641,144684
1787803330988,548a7f9d-41e4-e529-50a4-b4a5553f5aa5,/p/2/cf70814d8c69c821,6,200,148736,404.312,2951.268,50397
1787803321197,e887db64-7e3f-9785-193f-e045cbf09f14,/?crawl=175,0,200,5139232,36.679,12747.363,403160
1787803330378,d9b27d91-0fa9-612c-4b18-86aa6c1a66d6,/p/0/1b72eebe00dec6e8,7,200,294180,111.198,3569.947,82405
1787803333197,94ddeec8-4713-1ccc-0771-93b0a7c1f7b0,/?crawl=194,0,200,288264,39.330,752.932,382855
1787803333944,e887db64-7e3f-9785-193f-e045cbf09f14,/p/0/cb511a99d346febb,1,200,29371,33.350,81.264,361429
1787803332197,4a6c49a8-b979-6363-6b9f-5b92c5c2687b,/?crawl=193,0,200,519822,53.444,1863.852,278897
1787803333820,fc97bfa7-235d-3fc5-1122-8ebed5c0cde0,/p/0/f09acf696098eb62,7,200,176586,166.445,261.177,676116
1787803333821,fc97bfa7-235d-3fc5-1122-8ebed5c0cde0,/p/0/f09ad0696098ed15,7,200,215819,165.992,340.325,634155
1787803277441,fc97bfa7-235d-3fc5-1122-8ebed5c0cde0,/p/0/b3c08f2686a982a,4,200,4627110,531.309,56785.572,81484
1787803333807,f3b91457-307d-d26c-a23a-f070dcbd30a4,/p/0/8ad102f1c5156df4,3,200,14702,228.105,431.334,34085
1787803331444,19fafd0a-eb0b-5405-6877-f611ae66cc46,/p/0/11121e811576234e,1,200,342639,44.164,2888.402,118626
1787803327182,9e0fba65-906f-29ac-85bf-db388693d2aa,/p/0/18fa701025b2d707,1,200,516513,264.572,7213.918,71600
1787803304857,5bf49a11-3401-a7a4-7d34-f0e4ab04e2d3,/p/0/58d19820a18b1174,4,200,3603197,292.991,29592.938,121759
1787803332229,5bf49a11-3401-a7a4-7d34-f0e4ab04e2d3,/p/0/23317fa69ae23ae0,8,200,106968,2220.907,2224.156,48094
1787803332229,5bf49a11-3401-a7a4-7d34-f0e4ab04e2d3,/p/0/233182a69ae23ff9,8,200,231237,2220.939,2226.863,103840
1787803332229,5bf49a11-3401-a7a4-7d34-f0e4ab04e2d3,/p/10/233180a69ae23c93,8,200,265450,2221.945,2228.634,119109
1787803321037,8e551002-bf5c-1717-e281-4fa00d9030bd,/p/0/f874fd5b71e250b,2,200,477700,1501.250,13449.429,35518
1787803298763,1e46a455-56c8-91fa-0560-77e275a2328b,/p/0/97c1a45ca0634ab,12,200,4360494,315.535,35726.865,122051
1787803328870,9e0fba65-906f-29ac-85bf-db388693d2aa,/p/0/a8d3b457673b76c9,2,200,413260,314.349,5645.032,73208
1787803328870,9e0fba65-906f-29ac-85bf-db388693d2aa,/p/8/a8d3b357673b7516,2,200,428078,266.438,5669.464,75506
1787803330378,d9b27d91-0fa9-612c-4b18-86aa6c1a66d6,/p/0/1b72f1be00decc01,7,200,319223,167.092,4182.809,76318
1787803328664,de489acb-a1f2-3b88-37a4-73b1b11cf59c,/p/0/3ee05e5775766b6,2,200,512783,347.495,5957.442,86074
1787803333712,9b756a86-8abd-2ab1-135b-50a13ba82815,/p/0/fff7e3977abfd95f,6,200,250427,92.658,1004.569,249288
1787803331863,9a32b0ef-c270-6f9f-10f8-32b2894067a2,/p/0/46c56239c907f28e,8,200,203457,187.128,2971.805,68462
1787803333820,fc97bfa7-235d-3fc5-1122-8ebed5c0cde0,/p/0/f09acd696098e7fc,7,200,2621914,166.460,1076.273,2436106
1787803328911,b3a23f41-af11-6422-808e-1c535d4af12f,/p/8/6f6b342ad53eadc2,4,200,273908,268.888,6033.659,45397
1787803333222,63a2f736-a599-8f16-6df1-716b89ede193,/p/0/ea9b86488dd969e6,22,200,465284,92.159,1799.857,258512
1787803329629,721d2a18-d5d4-9573-5d6a-dfab11b899dc,/p/0/680e0bee9898c730,5,200,313003,616.817,5563.732,56258
1787803328910,b3a23f41-af11-6422-808e-1c535d4af12f,/p/0/6f6b322ad53eaa5c,4,200,412754,404.183,6296.524,65553
1787803334539,9e0fba65-906f-29ac-85bf-db388693d2aa,/p/7/b695246034efe2a1,3,200,82484,47.831,674.175,122348
1787803335197,984a07c8-a759-6177-8955-ffd038d5104d,/?crawl=196,0,200,39276,26.703,73.017,537900
1787803330033,76867539-874f-9317-5aab-6d0421d2a69c,/p/0/f6c98f2297282c0d,2,200,507123,202.457,5258.476,96439
1787803333712,9b756a86-8abd-2ab1-135b-50a13ba82815,/p/0/fff7e2977abfd7ac,6,200,478790,52.088,1652.103,289806
1787803333944,e887db64-7e3f-9785-193f-e045cbf09f14,/p/2/cb511c99d3470221,1,200,289898,97.103,1543.664,187799
1787803295355,e05bb7f6-272b-355e-0d2c-78db980475ad,/p/0/1651026c310ace50,2,200,4802640,1095.471,40283.776,119220
1787803333579,19fafd0a-eb0b-5405-6877-f611ae66cc46,/p/1/be34ed34aac50676,2,200,174110,270.081,2141.723,81294
1787803331445,19fafd0a-eb0b-5405-6877-f611ae66cc46,/p/0/11121d811576219b,1,200,439276,173.146,4321.550,101648
1787803335270,984a07c8-a759-6177-8955-ffd038d5104d,/p/3/5d92002fc0a2681e,1,200,124483,24.589,567.335,219417
1787803334539,9e0fba65-906f-29ac-85bf-db388693d2aa,/p/0/b695226034efdf3b,3,200,152837,71.688,1346.498,113507
1787803335488,e887db64-7e3f-9785-193f-e045cbf09f14,/p/0/df0610dd96219354,2,200,26917,161.675,404.716,66508
1787803332474,c49809ce-1e0b-10d9-6024-9dfc810efd11,/p/0/c9f27544f2434238,2,200,225708,208.674,3421.325,65971
1787803328664,de489acb-a1f2-3b88-37a4-73b1b11cf59c,/p/0/3ee04e577576503,2,200,493835,206.819,7254.654,68071
1787803330197,aff4d4dc-1a12-25d9-4afe-e55be64bd77d,/?crawl=190,0,200,2956641,44.458,5817.096,508268
1787803335213,9e0fba65-906f-29ac-85bf-db388693d2aa,/p/6/28822581901e947,4,200,34640,504.142,1083.367,31974
1787803335721,19fafd0a-eb0b-5405-6877-f611ae66cc46,/p/0/3654663f0a044d70,3,200,13965,247.423,584.017,23912
1787803333807,f3b91457-307d-d26c-a23a-f070dcbd30a4,/p/0/8ad105f1c515730d,3,200,328380,256.777,2610.504,125792
1787803329629,721d2a18-d5d4-9573-5d6a-dfab11b899dc,/p/0/680e0cee9898c8e3,5,200,439703,748.789,6989.211,62912
1787803335197,440d284a-4e1e-ee1c-2872-92f3eb9b00c6,/?crawl=197,0,200,445972,46.614,1461.952,305052
1787803333950,94ddeec8-4713-1ccc-0771-93b0a7c1f7b0,/p/0/36bd5674976c7dab,1,200,248230,36.476,2774.728,89461
1787803333807,f3b91457-307d-d26c-a23a-f070dcbd30a4,/p/4/8ad104f1c515715a,3,200,364486,171.347,2927.167,124518
1787803334458,5bf49a11-3401-a7a4-7d34-f0e4ab04e2d3,/p/0/e4c6b2b76ecce240,9,200,337160,122.517,2642.199,127606
1787803333579,19fafd0a-eb0b-5405-6877-f611ae66cc46,/p/0/be34ee34aac50829,2,200,297798,359.827,3685.815,80796
1787803288112,702b7d66-0ccc-7dff-26e7-1a1bb8b4a3ab,/p/0/c88348845d658004,1,200,5579687,399.085,49183.932,113445
1787803335488,e887db64-7e3f-9785-193f-e045cbf09f14,/p/0/df0613dd9621986d,2,200,221816,194.692,1853.597,119668
1787803335270,984a07c8-a759-6177-8955-ffd038d5104d,/p/0/5d92012fc0a269d1,1,200,311798,37.087,2400.610,129883
1787803337198,4a9a9b40-5bdd-8b68-01de-b1e076285221,/?crawl=199,0,200,426936,38.104,506.305,843238
1787803330954,8c4b883f-7af1-ae8c-c101-a1f478818567,/p/6/26e2211f04a7e68,1,200,288150,304.440,6762.727,42609
1787803333579,19fafd0a-eb0b-5405-6877-f611ae66cc46,/p/0/be34eb34aac50310,2,200,294562,314.507,4145.656,71053
1787803334060,4a6c49a8-b979-6363-6b9f-5b92c5c2687b,/p/2/3ea5ab03a7a9367d,1,200,314614,76.771,3804.032,82705
1787803333506,8e7a01ec-a46f-8fd1-cdff-5aa0b89c8aab,/p/0/706a091a0fb93014,5,200,423713,219.651,4375.501,96838
1787803328197,168b7fc3-923a-2dbb-aa94-6b747403f3df,/?crawl=186,0,200,3756059,35.330,9725.914,386191
1787803336297,9e0fba65-906f-29ac-85bf-db388693d2aa,/p/0/1b69f016c25214a1,5,200,39635,558.048,1654.631,23954
1787803333203,4cc59da5-43fd-bad1-f6e4-04780c37b1b1,/p/0/2dbff2df4aa58ccf,5,200,464051,192.899,4762.145,97446
1787803334458,5bf49a11-3401-a7a4-7d34-f0e4ab04e2d3,/p/9/e4c6b3b76ecce3f3,9,200,439795,207.336,3677.595,119588
1787803329417,82415893-2ab4-7ff9-5c23-674ddf0978c6,/p/0/bcad212aae1b5eee,1,200,487544,74.930,8741.202,55775
1787803334458,5bf49a11-3401-a7a4-7d34-f0e4ab04e2d3,/p/0/e4c6b5b76ecce759,9,200,427485,246.779,3700.698,115515
1787803319145,fff1ea97-b6b4-3164-10bb-35abbc98d713,/p/5/5cae972114d8081f,8,200,3756084,369.846,19041.518,197258
1787803310341,3952e698-9ec0-461c-370f-3bcdd2b0f130,/p/3/c509e8713d9df2c9,1,200,6222920,142.986,27894.775,223086
1787803333506,8e7a01ec-a46f-8fd1-cdff-5aa0b89c8aab,/p/5/706a0b1a0fb9337a,5,200,515791,169.780,4770.159,108129
1787803338197,e6643b89-1dd1-2310-bf50-2a904aaa6e86,/?crawl=202,0,200,10650,53.984,79.846,133381
1787803336015,aff4d4dc-1a12-25d9-4afe-e55be64bd77d,/p/0/8466abeae9d855f7,1,200,485379,22.896,2301.458,210901
1787803338135,5bf49a11-3401-a7a4-7d34-f0e4ab04e2d3,/p/0/9991df599b0e8181,10,200,66801,43.153,230.835,289388
1787803335488,e887db64-7e3f-9785-193f-e045cbf09f14,/p/1/df0611dd96219507,2,200,240464,178.355,2906.277,82740
1787803338236,3952e698-9ec0-461c-370f-3bcdd2b0f130,/p/2/873fbb14e023c1dc,2,200,42073,138.738,334.230,125880
1787803295354,e05bb7f6-272b-355e-0d2c-78db980475ad,/p/0/1651056c310ad369,2,200,4895960,1095.887,43275.367,113135
1787803335837,984a07c8-a759-6177-8955-ffd038d5104d,/p/0/72c1ae67f4512055,2,200,263472,119.270,2810.142,93758
1787803332474,c49809ce-1e0b-10d9-6024-9dfc810efd11,/p/6/c9f27644f24343eb,2,200,475670,228.426,6259.896,75987
1787803336014,aff4d4dc-1a12-25d9-4afe-e55be64bd77d,/p/0/8466aceae9d857aa,1,200,499104,129.997,2762.336,180682
1787803338277,e6643b89-1dd1-2310-bf50-2a904aaa6e86,/p/0/263ba43ea2b2978d,1,200,66291,78.936,589.776,112400
1787803335270,984a07c8-a759-6177-8955-ffd038d5104d,/p/0/5d91fe2fc0a264b8,1,200,360194,92.611,3618.836,99533
1787803337717,8c4b883f-7af1-ae8c-c101-a1f478818567,/p/5/881919401a8fc01d,2,200,120618,840.115,1177.181,102463
1787803317838,5a1c49f5-5c65-54f7-6847-117810ebe534,/p/0/b6e509c1a66dc995,2,200,5293515,852.563,21063.274,251315
1787803337717,8c4b883f-7af1-ae8c-c101-a1f478818567,/p/0/881917401a8fbcb7,2,200,433501,840.726,1188.510,364743
1787803272679,1444af44-e257-f0a8-290f-fb91f3b658e2,/p/4/7a7fb1964b32499d,2,200,2548272,1378.560,66267.703,38454
1787803335837,984a07c8-a759-6177-8955-ffd038d5104d,/p/2/72c1ad67f4511ea2,2,200,276278,142.394,3112.774,88756
1787803293100,1e46a455-56c8-91fa-0560-77e275a2328b,/p/0/15410ddaeda94aa1,10,200,5174460,281.276,45858.682,112835
1787803296203,1e46a455-56c8-91fa-0560-77e275a2328b,/p/7/97c1c45ca063811,12,200,5547860,475.514,42811.388,129588
1787803333506,8e7a01ec-a46f-8fd1-cdff-5aa0b89c8aab,/p/0/706a0c1a0fb9352d,5,200,482769,203.173,5583.307,86467
1787803333712,9b756a86-8abd-2ab1-135b-50a13ba82815,/p/0/fff7e4977abfdb12,6,200,3363445,40.582,5424.224,620079
1787803295085,0c39296c-9d09-a3b9-cfb4-8e11142eafe6,/p/0/5c8f3ec91cbc70aa,9,200,4130063,1357.599,44059.722,93738
1787803337864,4a6c49a8-b979-6363-6b9f-5b92c5c2687b,/p/0/bb0676b7ac6eb5a6,2,200,60506,421.031,1285.660,47062
1787803329071,f9ac92eb-1252-5f06-7cc4-1f45fa8220a1,/p/4/b3206c4dcf3cb77b,1,200,5372518,148.423,10164.964,528533
1787803325199,56cfadbd-66c1-9860-600b-c47552cd4177,/?crawl=180,0,200,5387518,66.482,14058.462,383222
1787803336297,9e0fba65-906f-29ac-85bf-db388693d2aa,/p/0/1b69ed16c2520f88,5,200,93157,679.755,2991.065,31145
1787803336297,9e0fba65-906f-29ac-85bf-db388693d2aa,/p/5/1b69ef16c25212ee,5,200,117228,364.869,3014.995,38882
1787803338894,8c4b883f-7af1-ae8c-c101-a1f478818567,/p/0/c94a17939c61c0f3,3,200,318854,57.406,602.282,529410
1787803334060,4a6c49a8-b979-6363-6b9f-5b92c5c2687b,/p/0/3ea5aa03a7a934ca,1,200,361711,285.245,5556.338,65099
1787803335213,9e0fba65-906f-29ac-85bf-db388693d2aa,/p/0/28821581901e794,4,200,287456,408.618,4436.174,64798
1787803338734,c49809ce-1e0b-10d9-6024-9dfc810efd11,/p/0/78f98f4291968d00,3,200,49858,948.443,952.352,52352
1787803338734,c49809ce-1e0b-10d9-6024-9dfc810efd11,/p/0/78f9924291969219,3,200,111145,948.806,953.180,116604
1787803329343,c49809ce-1e0b-10d9-6024-9dfc810efd11,/p/0/6f03cbb45baf86a2,1,200,2210527,40.329,10344.873,213683
1787803339197,161b30d4-dbe2-5052-5dcb-0f971f676399,/?crawl=203,0,200,413781,21.539,550.619,751483
1787803326589,63a2f736-a599-8f16-6df1-716b89ede193,/p/0/c78553e35e4c17f7,21,200,5246492,17.318,13313.701,394067
1787803334944,b3a23f41-af11-6422-808e-1c535d4af12f,/p/0/52c0dc8d98ea7b84,5,200,227587,289.189,4965.648,45832
1787803338894,8c4b883f-7af1-ae8c-c101-a1f478818567,/p/4/c94a16939c61bf40,3,200,421194,34.815,1016.158,414497
1787803339748,161b30d4-dbe2-5052-5dcb-0f971f676399,/p/0/b9a5f79c374d8a3a,1,200,32049,100.645,171.307,187086
1787803337864,4a6c49a8-b979-6363-6b9f-5b92c5c2687b,/p/0/bb0675b7ac6eb3f3,2,200,126103,395.747,2090.087,60334
1787803339014,1e46a455-56c8-91fa-0560-77e275a2328b,/p/6/7531b1271c303d29,13,200,204453,3.006,957.683,213487
1787803339014,1e46a455-56c8-91fa-0560-77e275a2328b,/p/0/7531b0271c303b76,13,200,337004,3.182,959.393,351268
1787803338734,c49809ce-1e0b-10d9-6024-9dfc810efd11,/p/5/78f9904291968eb3,3,200,205100,948.784,1286.831,159384
1787803297761,50a6f0fa-e0b7-dd57-0c37-c9b4125c792b,/p/0/930aa65a0f03f777,1,200,5510151,450.209,42265.363,130370
1787803338906,8c4b883f-7af1-ae8c-c101-a1f478818567,/p/0/c94a18939c61c2a6,3,200,473376,93.664,1132.525,417983
1787803336734,f3b91457-307d-d26c-a23a-f070dcbd30a4,/p/3/58cd6dcdf9f7abb6,4,200,238801,56.231,3366.329,70938
1787803329197,419ec04a-3ac5-43e5-eb84-bca38d6ad0bc,/?crawl=189,0,200,3214937,47.581,10908.654,294714
1787803338950,984a07c8-a759-6177-8955-ffd038d5104d,/p/0/249600507aaf7aa0,3,200,96855,362.252,1175.978,82361
1787803334944,b3a23f41-af11-6422-808e-1c535d4af12f,/p/7/52c0de8d98ea7eea,5,200,247670,289.227,5205.956,47574
1787803339748,161b30d4-dbe2-5052-5dcb-0f971f676399,/p/0/b9a5f69c374d8887,1,200,187164,20.336,409.034,457576
1787803334060,4a6c49a8-b979-6363-6b9f-5b92c5c2687b,/p/0/3ea5a903a7a93317,1,200,446667,50.065,6132.609,72835
1787803337864,4a6c49a8-b979-6363-6b9f-5b92c5c2687b,/p/1/bb0677b7ac6eb759,2,200,172717,369.709,2379.723,72579
1787803338135,5bf49a11-3401-a7a4-7d34-f0e4ab04e2d3,/p/8/9991de599b0e7fce,10,200,308128,230.950,2116.564,145579
1787803338950,984a07c8-a759-6177-8955-ffd038d5104d,/p/0/249603507aaf7fb9,3,200,261251,130.229,1336.095,195533
1787803339257,56cfadbd-66c1-9860-600b-c47552cd4177,/p/1/a5677a1008738ed,1,200,510546,2.491,1029.116,496102
1787803339257,56cfadbd-66c1-9860-600b-c47552cd4177,/p/0/a5676a10087373a,1,200,278365,323.862,1048.974,265369
1787803339236,f9ac92eb-1252-5f06-7cc4-1f45fa8220a1,/p/3/75323cd046187590,2,200,157721,154.392,1084.910,145377
1787803321639,ae73129a-f067-5805-ca89-9ca050b023cd,/p/1/862bc503d15d23dc,3,200,2215236,372.601,18686.847,118545
1787803332015,702b7d66-0ccc-7dff-26e7-1a1bb8b4a3ab,/p/0/2528e8cd3a7feec5,5,200,202741,598.816,8341.254,24306
1787803340038,8c4b883f-7af1-ae8c-c101-a1f478818567,/p/0/42a807d9f4234d34,4,200,185072,135.997,362.545,510480
1787803336659,440d284a-4e1e-ee1c-2872-92f3eb9b00c6,/p/0/f0fc548d553d5c7e,1,200,334489,229.636,3757.377,89022
1787803339236,f9ac92eb-1252-5f06-7cc4-1f45fa8220a1,/p/0/75323dd046187743,2,200,191337,180.216,1216.894,157234
1787803338135,5bf49a11-3401-a7a4-7d34-f0e4ab04e2d3,/p/0/9991dc599b0e7c68,10,200,409159,230.983,2352.717,173909
1787803338276,8e7a01ec-a46f-8fd1-cdff-5aa0b89c8aab,/p/4/e8211fa4598a2cf1,6,200,231779,204.916,2319.706,99917
1787803339014,1e46a455-56c8-91fa-0560-77e275a2328b,/p/0/7531af271c3039c3,13,200,374790,3.039,1596.756,234720
1787803338394,e887db64-7e3f-9785-193f-e045cbf09f14,/p/0/25a3c53b40f3fb5a,3,200,21432,2338.609,2338.792,9164
1787803297761,50a6f0fa-e0b7-dd57-0c37-c9b4125c792b,/p/0/930aa55a0f03f5c4,1,200,6094755,52.071,42998.420,141744
1787803340197,553b9ccc-860b-52b9-85ef-0d28103041fa,/?crawl=206,0,200,237882,38.913,578.277,411363
1787803339972,1e46a455-56c8-91fa-0560-77e275a2328b,/p/0/89e542d33d8950b1,14,200,98390,639.002,804.474,122303
1787803336734,f3b91457-307d-d26c-a23a-f070dcbd30a4,/p/0/58cd6ecdf9f7ad69,4,200,306014,170.380,4150.593,73728
1787803338276,8e7a01ec-a46f-8fd1-cdff-5aa0b89c8aab,/p/0/e8211ea4598a2b3e,6,200,269653,188.677,2615.844,103085
1787803338276,e6643b89-1dd1-2310-bf50-2a904aaa6e86,/p/1/263ba33ea2b295da,1,200,377781,50.615,2815.851,134162
1787803338394,e887db64-7e3f-9785-193f-e045cbf09f14,/p/0/25a3c43b40f3f9a7,3,200,109971,2338.675,2800.042,39275
1787803306005,0c39296c-9d09-a3b9-cfb4-8e11142eafe6,/p/2/3138d2137acc6453,12,200,2859990,248.767,35222.167,81199
1787803338276,8e7a01ec-a46f-8fd1-cdff-5aa0b89c8aab,/p/0/e8211da4598a298b,6,200,301418,188.768,2957.065,101931
1787803339312,9e0fba65-906f-29ac-85bf-db388693d2aa,/p/4/105a0f194b8be8d3,6,200,87500,337.668,1977.109,44257
1787803340197,a3113622-153a-4853-9f4b-e682800ffcd5,/?crawl=204,0,200,223413,82.602,1158.700,192814
1787803339312,9e0fba65-906f-29ac-85bf-db388693d2aa,/p/0/105a11194b8bec39,6,200,117101,265.153,2099.729,55770
1787803340244,4a6c49a8-b979-6363-6b9f-5b92c5c2687b,/p/0/3c55f879191ac4a,3,200,145985,52.810,1273.224,114658
1787803338187,fff1ea97-b6b4-3164-10bb-35abbc98d713,/p/4/ed12b0b9290a0fdf,9,200,272650,341.460,3346.183,81481
1787803338187,fff1ea97-b6b4-3164-10bb-35abbc98d713,/p/0/ed12b2b9290a1345,9,200,291353,62.785,3561.403,81808
1787803341355,a3113622-153a-4853-9f4b-e682800ffcd5,/p/14/b1bda30d2710d168,1,200,22042,223.755,484.926,45454
1787803340020,c49809ce-1e0b-10d9-6024-9dfc810efd11,/p/0/b4fed135d89341d4,4,200,112142,1008.334,1838.583,60994
1787803338394,e887db64-7e3f-9785-193f-e045cbf09f14,/p/0/25a3c63b40f3fd0d,3,200,189126,2338.553,3541.946,53396
1787803330954,8c4b883f-7af1-ae8c-c101-a1f478818567,/p/0/26e2411f04a81ce,1,200,6233508,74.722,10994.172,566983
1787803330954,8c4b883f-7af1-ae8c-c101-a1f478818567,/p/0/26e2311f04a801b,1,200,4860816,225.756,11010.381,441476
1787803340244,4a6c49a8-b979-6363-6b9f-5b92c5c2687b,/p/0/3c55e879191aa97,3,200,175984,77.916,1721.481,102228
1787803333222,63a2f736-a599-8f16-6df1-716b89ede193,/p/0/ea9b85488dd96833,22,200,4322770,102.241,8776.241,492554
1787803340021,c49809ce-1e0b-10d9-6024-9dfc810efd11,/p/0/b4fed435d89346ed,4,200,300135,1008.004,2064.864,145353
1787803339911,8c4b883f-7af1-ae8c-c101-a1f478818567,/p/3/42a809d9f423509a,4,200,3404077,32.306,2216.001,1536135
1787803340775,553b9ccc-860b-52b9-85ef-0d28103041fa,/p/11/d8924dc85046bd8e,1,200,175772,261.517,1393.385,126147
1787803340021,c49809ce-1e0b-10d9-6024-9dfc810efd11,/p/4/b4fed335d893453a,4,200,381148,1374.141,2154.789,176884
1787803332474,c49809ce-1e0b-10d9-6024-9dfc810efd11,/p/0/c9f27844f2434751,2,200,4039883,208.774,9708.771,416107
1787803342175,c49809ce-1e0b-10d9-6024-9dfc810efd11,/p/0/2d767ea02dc897d4,5,200,30849,6.892,17.490,1763804
1787803340252,5bf49a11-3401-a7a4-7d34-f0e4ab04e2d3,/p/7/b7fbe39e34df6d93,11,200,201650,280.060,1944.134,103722
1787803342175,c49809ce-1e0b-10d9-6024-9dfc810efd11,/p/3/2d7680a02dc89b3a,5,200,71016,16.409,61.842,1148342
1787803342127,8c4b883f-7af1-ae8c-c101-a1f478818567,/p/2/b338f5f77e959fd5,5,200,253796,10.385,158.202,1604257
1787803342127,8c4b883f-7af1-ae8c-c101-a1f478818567,/p/0/b338f3f77e959c6f,5,200,287132,10.482,178.070,1612466
1787803342127,8c4b883f-7af1-ae8c-c101-a1f478818567,/p/0/b338f4f77e959e22,5,200,347254,9.682,230.523,1506371
1787803342305,8c4b883f-7af1-ae8c-c101-a1f478818567,/p/0/6373ec431cb48943,6,200,61194,26.772,65.850,929298
1787803342285,8c4b883f-7af1-ae8c-c101-a1f478818567,/p/0/6373ed431cb48af6,6,200,203899,12.495,111.603,1827010
1787803338197,34b69e21-870e-7b51-cd5c-c6d7ebc990e9,/?crawl=201,0,200,2176628,30.022,4210.286,516979
1787803333939,548a7f9d-41e4-e529-50a4-b4a5553f5aa5,/p/0/6371e34737003fdd,7,200,272782,438.112,8505.453,32071
1787803339911,8c4b883f-7af1-ae8c-c101-a1f478818567,/p/0/42a80ad9f423524d,4,200,4204884,29.578,2561.640,1641482
1787803342285,8c4b883f-7af1-ae8c-c101-a1f478818567,/p/1/6373ee431cb48ca9,6,200,432060,19.546,190.952,2262658
1787803342476,8c4b883f-7af1-ae8c-c101-a1f478818567,/p/0/7683a5b99d37ab66,7,200,40252,12.520,25.481,1579678
1787803342476,8c4b883f-7af1-ae8c-c101-a1f478818567,/p/0/7683a4b99d37a9b3,7,200,55352,13.279,34.061,1625081
1787803337717,8c4b883f-7af1-ae8c-c101-a1f478818567,/p/0/881918401a8fbe6a,2,200,5767018,841.209,4871.886,1183734
1787803340775,553b9ccc-860b-52b9-85ef-0d28103041fa,/p/0/d8924ec85046bf41,1,200,297333,137.820,1821.428,163242
1787803342176,c49809ce-1e0b-10d9-6024-9dfc810efd11,/p/0/2d7681a02dc89ced,5,200,480186,7.395,725.070,662262
1787803342237,c49809ce-1e0b-10d9-6024-9dfc810efd11,/p/0/4db6cdf3e4b8f756,6,200,116533,663.174,667.590,174558
1787803341289,9e0fba65-906f-29ac-85bf-db388693d2aa,/p/3/2a7011edc3404d64,7,200,79184,390.976,1627.418,48656
1787803342197,452971bf-e875-1435-2f47-7f6c6fe20dea,/?crawl=208,0,200,213938,52.880,745.542,286956
1787803340244,4a6c49a8-b979-6363-6b9f-5b92c5c2687b,/p/0/3c560879191adfd,3,200,425113,52.801,2715.461,156553
1787803342476,8c4b883f-7af1-ae8c-c101-a1f478818567,/p/0/7683a6b99d37ad19,7,200,4620990,13.310,586.208,7882849
1787803340596,8e7a01ec-a46f-8fd1-cdff-5aa0b89c8aab,/p/3/97fcfbb21b4d99ee,7,200,244006,177.605,2490.168,97988
1787803340596,8e7a01ec-a46f-8fd1-cdff-5aa0b89c8aab,/p/0/97fcf9b21b4d9688,7,200,418246,194.106,2507.243,166815
1787803340106,419ec04a-3ac5-43e5-eb84-bca38d6ad0bc,/p/0/db997856c71493f5,1,200,316095,262.707,3113.359,101529
1787803342237,c49809ce-1e0b-10d9-6024-9dfc810efd11,/p/0/4db6ccf3e4b8f5a3,6,200,416748,664.618,982.829,424029
1787803343197,b93bd898-c1c5-1dfb-d880-2d01ea6e3184,/?crawl=209,0,200,27068,37.713,91.889,294573
1787803340150,b3a23f41-af11-6422-808e-1c535d4af12f,/p/0/41fd1c9667cd8671,6,200,97523,564.181,3142.794,31031
1787803342197,ed42c88f-4aa9-7d0f-7e68-53c544c4dfb3,/?crawl=207,0,200,282738,60.151,1104.651,255952
1787803330988,548a7f9d-41e4-e529-50a4-b4a5553f5aa5,/p/0/cf707f4d8c69c4bb,6,200,498921,368.769,12394.712,40253
1787803341092,e6643b89-1dd1-2310-bf50-2a904aaa6e86,/p/0/10c0d0b351bd2596,2,200,136427,275.789,2382.509,57262
1787803342407,34b69e21-870e-7b51-cd5c-c6d7ebc990e9,/p/1/92d14de10e179fc7,1,200,161888,169.926,1156.756,139950
1787803342407,34b69e21-870e-7b51-cd5c-c6d7ebc990e9,/p/0/92d14fe10e17a32d,1,200,209635,29.130,1170.860,179044
1787803307810,dfb72c95-9df6-a302-4f7f-eb28eb530616,/p/0/9e353cb6146804f0,1,200,3995281,24.792,35792.190,111624
1787803340326,ae73129a-f067-5805-ca89-9ca050b023cd,/p/0/1a04abeb7222b667,4,200,213340,265.893,3288.048,64883
1787803340150,b3a23f41-af11-6422-808e-1c535d4af12f,/p/6/41fd1b9667cd84be,6,200,133161,483.688,3495.280,38097
1787803340596,8e7a01ec-a46f-8fd1-cdff-5aa0b89c8aab,/p/0/97fcfcb21b4d9ba1,7,200,438955,245.125,3116.680,140841
1787803340150,b3a23f41-af11-6422-808e-1c535d4af12f,/p/0/41fd199667cd8158,6,200,99245,456.414,3577.454,27742
1787803338236,3952e698-9ec0-461c-370f-3bcdd2b0f130,/p/0/873fbc14e023c38f,2,200,211710,275.520,5583.613,37916
1787803326668,fb058f7a-53f7-c86f-c2ee-289ac5d682aa,/p/0/e381cbe5d7514b14,1,200,6188169,120.228,17174.752,360306
1787803338570,3952e698-9ec0-461c-370f-3bcdd2b0f130,/p/1/c40bc346897c43df,3,200,180569,508.554,5307.648,34021
1787803341533,fff1ea97-b6b4-3164-10bb-35abbc98d713,/p/3/7c979e8669f2b324,10,200,116446,338.886,2445.302,47620
1787803340775,553b9ccc-860b-52b9-85ef-0d28103041fa,/p/0/d8924bc85046ba28,1,200,377176,37.095,3234.540,116609
1787803341227,0c39296c-9d09-a3b9-cfb4-8e11142eafe6,/p/0/34baeaaf1ae7422f,13,200,180705,210.129,2788.063,64814
1787803338236,3952e698-9ec0-461c-370f-3bcdd2b0f130,/p/0/873fbd14e023c542,2,200,341462,55.604,5782.403,59052
1787803344197,1ff3bcd1-0da7-cd02-1374-522545639cba,/?crawl=215,0,200,20222,17.377,30.914,654133
1787803344197,e74dc3e9-9b81-1c67-b868-f59eb1ef8038,/?crawl=214,0,200,14402,41.820,62.469,230545
1787803339257,56cfadbd-66c1-9860-600b-c47552cd4177,/p/0/a5675a100873587,1,200,3062533,10.730,5035.119,608235
1787803340286,56cfadbd-66c1-9860-600b-c47552cd4177,/p/0/a91e4dc819ed6fbe,2,200,2409492,337.765,4010.854,600743
1787803344228,1ff3bcd1-0da7-cd02-1374-522545639cba,/p/0/ef186c9b5ba9b831,1,200,26035,12.520,88.001,295850
1787803342168,553b9ccc-860b-52b9-85ef-0d28103041fa,/p/10/79259cb377aae8cf,2,200,207306,197.765,2312.178,89658
1787803342942,452971bf-e875-1435-2f47-7f6c6fe20dea,/p/0/64144e96d4a4facf,1,200,138708,126.630,1565.467,88605
1787803343564,34b69e21-870e-7b51-cd5c-c6d7ebc990e9,/p/0/b8a9e2e6c096ea72,2,200,120283,171.272,1021.600,117740
1787803340286,56cfadbd-66c1-9860-600b-c47552cd4177,/p/0/a91e4cc819ed6e0b,2,200,3427658,336.150,4322.531,792975
1787803343564,34b69e21-870e-7b51-cd5c-c6d7ebc990e9,/p/0/b8a9e3e6c096ec25,2,200,128690,140.674,1077.377,119448
1787803344228,1ff3bcd1-0da7-cd02-1374-522545639cba,/p/0/ef18699b5ba9b318,1,200,238074,24.634,420.850,565698
1787803343564,34b69e21-870e-7b51-cd5c-c6d7ebc990e9,/p/0/b8a9e0e6c096e70c,2,200,118361,140.740,1119.951,105684
1787803341355,a3113622-153a-4853-9f4b-e682800ffcd5,/p/0/b1bda40d2710d31b,1,200,162802,73.260,3331.884,48862
1787803344481,553b9ccc-860b-52b9-85ef-0d28103041fa,/p/0/86719b59e5398849,3,200,6492,191.245,208.521,31134
1787803334944,b3a23f41-af11-6422-808e-1c535d4af12f,/p/0/52c0df8d98ea809d,5,200,485707,262.711,9746.620,49833
1787803344228,1ff3bcd1-0da7-cd02-1374-522545639cba,/p/11/ef186b9b5ba9b67e,1,200,411022,12.531,568.554,722925
1787803341227,0c39296c-9d09-a3b9-cfb4-8e11142eafe6,/p/1/34bae9af1ae7407c,13,200,299114,251.713,3722.744,80348
1787803341227,0c39296c-9d09-a3b9-cfb4-8e11142eafe6,/p/0/34baebaf1ae743e2,13,200,258617,251.779,3722.938,69466
1787803343878,3952e698-9ec0-461c-370f-3bcdd2b0f130,/p/0/37f7790b9da242f2,4,200,70012,279.236,1122.124,62392
1787803339748,161b30d4-dbe2-5052-5dcb-0f971f676399,/p/0/b9a5f89c374d8bed,1,200,3879999,100.650,5358.528,724079
1787803309639,22d12676-3c4b-bc77-5504-3e3ba727582d,/p/0/71c82fb7537d63e9,1,200,5813309,84.091,35480.724,163844
1787803344259,e74dc3e9-9b81-1c67-b868-f59eb1ef8038,/p/0/8282bef8f044a92b,1,200,90740,195.882,889.046,102064
1787803341533,fff1ea97-b6b4-3164-10bb-35abbc98d713,/p/0/7c979f8669f2b4d7,10,200,154721,369.347,3656.528,42314
1787803344259,e74dc3e9-9b81-1c67-b868-f59eb1ef8038,/p/0/8282bff8f044aade,1,200,224371,40.706,970.788,231122
1787803343086,8e7a01ec-a46f-8fd1-cdff-5aa0b89c8aab,/p/2/d55bb78b23eefddc,8,200,237540,969.932,2165.585,109689
1787803343086,8e7a01ec-a46f-8fd1-cdff-5aa0b89c8aab,/p/0/d55bb88b23eeff8f,8,200,228526,970.022,2166.931,105461
1787803343086,8e7a01ec-a46f-8fd1-cdff-5aa0b89c8aab,/p/0/d55bb98b23ef0142,8,200,476379,992.032,2176.317,218892
1787803340286,56cfadbd-66c1-9860-600b-c47552cd4177,/p/0/a91e4ec819ed7171,2,200,3042310,336.055,4987.506,609986
1787803329532,c646942c-ed5a-0fb7-d9a0-14e1ac87f778,/p/8/f0095093d3e5548c,4,200,6088435,211.474,15779.133,385854
1787803342168,553b9ccc-860b-52b9-85ef-0d28103041fa,/p/0/79259eb377aaec35,2,200,345000,392.303,3217.133,107238
1787803342168,553b9ccc-860b-52b9-85ef-0d28103041fa,/p/0/79259bb377aae71c,2,200,364691,410.017,3236.484,112681
1787803338187,fff1ea97-b6b4-3164-10bb-35abbc98d713,/p/0/ed12afb9290a0e2c,9,200,506273,372.819,7254.330,69789
1787803344950,0c39296c-9d09-a3b9-cfb4-8e11142eafe6,/p/0/27589bd088b615e5,14,200,36897,247.877,559.720,65920
1787803343602,dfb72c95-9df6-a302-4f7f-eb28eb530616,/p/3/6ad34672b0c88fdf,9,200,131934,131.573,1928.288,68420
1787803341533,fff1ea97-b6b4-3164-10bb-35abbc98d713,/p/0/7c97a08669f2b68a,10,200,199235,338.868,4001.682,49788
1787803343878,3952e698-9ec0-461c-370f-3bcdd2b0f130,/p/0/37f77a0b9da244a5,4,200,124306,336.175,1707.960,72780
1787803344796,1ff3bcd1-0da7-cd02-1374-522545639cba,/p/10/30ee489bfc829899,2,200,244671,130.687,849.163,288132
1787803345645,1ff3bcd1-0da7-cd02-1374-522545639cba,/p/0/fb04bc0f476155fa,3,200,5772,64.129,90.417,63838
1787803344796,1ff3bcd1-0da7-cd02-1374-522545639cba,/p/0/30ee469bfc829533,2,200,514784,17.085,1070.696,480794
1787803344796,1ff3bcd1-0da7-cd02-1374-522545639cba,/p/0/30ee479bfc8296e6,2,200,451194,84.673,1108.417,407062
1787803344481,553b9ccc-860b-52b9-85ef-0d28103041fa,/p/9/86719a59e5398696,3,200,199086,224.660,1433.110,138919
1787803344197,0749ca82-1e65-8f0a-ba8a-b79b9d25deac,/?crawl=213,0,200,291189,87.564,1719.662,169329
1787803342942,452971bf-e875-1435-2f47-7f6c6fe20dea,/p/0/64144f96d4a4fc82,1,200,398004,51.825,3130.876,127122
1787803328660,721d2a18-d5d4-9573-5d6a-dfab11b899dc,/p/0/87e8e784d26f033c,4,200,2979349,360.752,17444.256,170793
1787803333944,e887db64-7e3f-9785-193f-e045cbf09f14,/p/0/cb511b99d347006e,1,200,4718483,97.219,12188.185,387136
1787803345311,c646942c-ed5a-0fb7-d9a0-14e1ac87f778,/p/7/53a37ab9cf4eac0,5,200,85534,32.345,837.149,102173
1787803297928,d179d41e-b523-39e2-94e1-1eb7aef09fe5,/p/0/1e251530257da2fd,4,0,5431471,1559.284,48269.495,112524
1787803337296,702b7d66-0ccc-7dff-26e7-1a1bb8b4a3ab,/p/0/2528e5cd3a7fe9ac,5,200,229550,876.859,8907.110,25772
1787803315332,548a7f9d-41e4-e529-50a4-b4a5553f5aa5,/p/0/ecb67c9b62f30749,5,200,4395692,42.591,30923.823,142146
1787803341092,e6643b89-1dd1-2310-bf50-2a904aaa6e86,/p/0/10c0d1b351bd2749,2,200,393220,252.303,5170.900,76045
1787803332015,702b7d66-0ccc-7dff-26e7-1a1bb8b4a3ab,/p/12/2528e7cd3a7fed12,5,200,436893,638.058,14265.696,30625
1787803344259,e74dc3e9-9b81-1c67-b868-f59eb1ef8038,/p/6/8282c0f8f044ac91,1,200,462421,362.050,2081.554,222152
1787803343878,3952e698-9ec0-461c-370f-3bcdd2b0f130,/p/0/37f7780b9da2413f,4,200,94867,395.097,2470.644,38398
1787803342942,452971bf-e875-1435-2f47-7f6c6fe20dea,/p/0/64144d96d4a4f91c,1,200,465347,150.738,3464.086,134335
1787803344950,0c39296c-9d09-a3b9-cfb4-8e11142eafe6,/p/0/27589ad088b61432,14,200,67500,247.893,1463.714,46116
1787803328660,721d2a18-d5d4-9573-5d6a-dfab11b899dc,/p/0/87e8ea84d26f0855,4,200,4951281,276.886,17897.956,276639
1787803343197,28cc50e5-3465-4b99-2b80-02383cb906cd,/?crawl=212,0,200,2306613,26.547,3422.017,674051
1787803343301,ed42c88f-4aa9-7d0f-7e68-53c544c4dfb3,/p/1/6bfca325e4e1b3a1,1,200,237577,55.908,3340.886,71112
1787803343728,b3a23f41-af11-6422-808e-1c535d4af12f,/p/0/bab22d4c322a61bf,7,200,123943,323.768,3027.039,40945
1787803346619,28cc50e5-3465-4b99-2b80-02383cb906cd,/p/0/a9576ab4197a9704,1,200,35352,77.222,140.783,251110
1787803346619,28cc50e5-3465-4b99-2b80-02383cb906cd,/p/0/a9576db4197a9c1d,1,200,55197,23.923,150.966,365627
1787803345311,c646942c-ed5a-0fb7-d9a0-14e1ac87f778,/p/0/53a39ab9cf4ee26,5,200,193631,177.826,1674.671,115623
1787803313330,c73dac6e-70cd-a441-9567-fe760f466832,/p/0/a74ee8b02ec1d81b,2,200,2560525,1172.693,33778.783,75803
1787803338947,1444af44-e257-f0a8-290f-fb91f3b658e2,/p/0/e815b9c5050f4142,3,200,364145,961.732,8192.276,44450
1787803336197,8b6d1fd9-ed01-e254-8a8a-4186bf8c9e5b,/?crawl=198,0,200,4831231,145.533,10992.424,439506
1787803336014,aff4d4dc-1a12-25d9-4afe-e55be64bd77d,/p/0/8466aaeae9d85444,1,200,5894219,129.963,11251.625,523855
1787803345252,8e7a01ec-a46f-8fd1-cdff-5aa0b89c8aab,/p/1/c64acb535a57caa2,9,200,296792,330.791,2262.256,131193
1787803330378,d9b27d91-0fa9-612c-4b18-86aa6c1a66d6,/p/2/1b72efbe00dec89b,7,200,3655590,250.552,17181.283,212766
1787803346642,ed42c88f-4aa9-7d0f-7e68-53c544c4dfb3,/p/0/ad5cca95490cb63c,2,200,43149,331.469,967.133,44615
1787803328425,de489acb-a1f2-3b88-37a4-73b1b11cf59c,/p/0/2942cacd19806728,1,200,2446525,76.068,19202.175,127409
1787803343197,63feb0eb-2564-8058-5024-1e4cb93e9190,/?crawl=211,0,200,2111228,34.220,4441.717,475318
1787803347560,d9b27d91-0fa9-612c-4b18-86aa6c1a66d6,/p/0/82337fd63e9940dd,8,200,10322,55.313,86.716,119032
1787803346341,e74dc3e9-9b81-1c67-b868-f59eb1ef8038,/p/0/a4fec5c3164f802f,2,200,156105,120.204,1476.078,105757
1787803338947,1444af44-e257-f0a8-290f-fb91f3b658e2,/p/3/e815bac5050f42f5,3,200,379228,1069.827,9003.298,42121
1787803338947,1444af44-e257-f0a8-290f-fb91f3b658e2,/p/0/e815b8c5050f3f8f,3,200,471012,93.580,9047.500,52060
1787803345252,8e7a01ec-a46f-8fd1-cdff-5aa0b89c8aab,/p/0/c64ac9535a57c73c,9,200,405220,331.434,2759.565,146842
1787803345914,553b9ccc-860b-52b9-85ef-0d28103041fa,/p/8/f1980268211e0f43,4,200,161817,178.177,2113.274,76572
1787803347638,63feb0eb-2564-8058-5024-1e4cb93e9190,/p/0/3cc1c211ae15907d,1,200,42200,122.635,410.590,102779
1787803345311,c646942c-ed5a-0fb7-d9a0-14e1ac87f778,/p/0/53a38ab9cf4ec73,5,200,388000,48.918,2777.327,139703
1787803318075,b3a23f41-af11-6422-808e-1c535d4af12f,/p/0/8d2ef702d4877c7,2,200,2261967,64.173,30076.108,75208
1787803344480,553b9ccc-860b-52b9-85ef-0d28103041fa,/p/0/86719859e5398330,3,200,427929,224.585,3707.110,115435
1787803338950,984a07c8-a759-6177-8955-ffd038d5104d,/p/1/249601507aaf7c53,3,200,2818345,143.697,9408.529,299552
1787803321037,8e551002-bf5c-1717-e281-4fa00d9030bd,/p/3/f874ed5b71e2358,2,200,2274721,1363.529,27440.229,82897
1787803347559,d9b27d91-0fa9-612c-4b18-86aa6c1a66d6,/p/0/82337cd63e993bc4,8,200,177684,86.761,1390.910,127747
1787803347559,d9b27d91-0fa9-612c-4b18-86aa6c1a66d6,/p/1/82337ed63e993f2a,8,200,166887,165.969,1390.912,119984
1787803346148,c646942c-ed5a-0fb7-d9a0-14e1ac87f778,/p/0/d5ede350f17a32a3,6,200,281263,177.775,2806.010,100236
1787803348358,984a07c8-a759-6177-8955-ffd038d5104d,/p/0/6a0034c37579ab07,4,200,86776,133.943,612.146,141757
1787803341289,9e0fba65-906f-29ac-85bf-db388693d2aa,/p/0/2a7012edc3404f17,7,200,352246,366.284,7733.985,45545
1787803348950,d9b27d91-0fa9-612c-4b18-86aa6c1a66d6,/p/0/f9ba59017d5c864c,9,200,43113,55.012,193.090,223279
1787803344950,0c39296c-9d09-a3b9-cfb4-8e11142eafe6,/p/0/275899d088b6127f,14,200,391090,206.992,4205.453,92996
1787803347638,63feb0eb-2564-8058-5024-1e4cb93e9190,/p/0/3cc1bf11ae158b64,1,200,380901,31.934,1531.582,248698
1787803328425,de489acb-a1f2-3b88-37a4-73b1b11cf59c,/p/0/2942cdcd19806c41,1,200,3293641,197.210,20919.207,157446
1787803332197,4c48e9e8-5a19-c03d-3947-95518656d187,/?crawl=192,0,200,141097,919.729,17235.951,8186
1787803348950,d9b27d91-0fa9-612c-4b18-86aa6c1a66d6,/p/0/f9ba5c017d5c8b65,9,200,56143,193.036,554.150,101314
1787803343979,fff1ea97-b6b4-3164-10bb-35abbc98d713,/p/0/d3ad0f8bb2f025b1,11,200,372202,652.904,5572.717,66790
1787803343979,fff1ea97-b6b4-3164-10bb-35abbc98d713,/p/2/d3ad0e8bb2f023fe,11,200,350560,373.293,5572.764,62906
1787803348950,d9b27d91-0fa9-612c-4b18-86aa6c1a66d6,/p/0/f9ba5b017d5c89b2,9,200,131819,193.030,914.935,144075
1787803314370,dfb72c95-9df6-a302-4f7f-eb28eb530616,/p/0/b8ca031cfdc1e8b8,4,200,3490617,172.266,35645.189,97927
1787803345916,0749ca82-1e65-8f0a-ba8a-b79b9d25deac,/p/0/15ed175684dfa457,1,200,226866,543.514,4141.496,54779
1787803342196,5bf49a11-3401-a7a4-7d34-f0e4ab04e2d3,/p/0/3e2f230428fc47ec,12,200,512901,286.587,7960.099,64434
1787803350197,3281b132-3631-e78d-6f4e-faac523fc3a0,/?crawl=218,0,200,20593,21.141,39.392,522774
1787803348358,984a07c8-a759-6177-8955-ffd038d5104d,/p/0/6a0033c37579a954,4,200,331800,145.991,1921.172,172707
1787803343646,b3a23f41-af11-6422-808e-1c535d4af12f,/p/5/bab22f4c322a6525,7,200,406218,379.747,6657.673,61015
1787803342407,34b69e21-870e-7b51-cd5c-c6d7ebc990e9,/p/0/92d14ce10e179e14,1,200,3382688,169.953,7943.104,425865
1787803348358,984a07c8-a759-6177-8955-ffd038d5104d,/p/0/6a0035c37579acba,4,200,389280,122.948,2296.145,169536
1787803350236,3281b132-3631-e78d-6f4e-faac523fc3a0,/p/0/34d96b829dd8d445,1,200,89758,20.777,423.500,211943
1787803348027,553b9ccc-860b-52b9-85ef-0d28103041fa,/p/0/ea853e3181d50eac,5,200,204692,217.122,2638.116,77590
1787803342196,5bf49a11-3401-a7a4-7d34-f0e4ab04e2d3,/p/0/3e2f260428fc4d05,12,200,462647,349.413,8528.641,54246
1787803345914,553b9ccc-860b-52b9-85ef-0d28103041fa,/p/0/f1980168211e0d90,4,200,417474,193.732,4821.646,86583
1787803347951,1444af44-e257-f0a8-290f-fb91f3b658e2,/p/2/66dd1e289177a010,4,200,279514,217.930,2912.776,95961
1787803296755,0c39296c-9d09-a3b9-cfb4-8e11142eafe6,/p/0/b13cad9653d59b39,10,200,4682438,2444.085,54167.394,86444
1787803345531,dfb72c95-9df6-a302-4f7f-eb28eb530616,/p/0/6ad34572b0c88e2c,9,200,506754,120.706,5559.257,91155
1787803349433,4c48e9e8-5a19-c03d-3947-95518656d187,/p/0/ab3b56a6130e421d,1,200,42706,319.136,1691.385,25249
1787803349197,63c575a9-d481-947a-51d7-c87f17963167,/?crawl=216,0,200,369365,42.030,1932.830,191101
1787803350303,b3a23f41-af11-6422-808e-1c535d4af12f,/p/0/2b1653fba16c9649,8,200,32957,269.086,930.821,35406
1787803350197,0478c1ea-68e1-75c7-cddd-a5d083df15bb,/?crawl=217,0,200,423248,37.561,1064.729,397517
1787803350236,3281b132-3631-e78d-6f4e-faac523fc3a0,/p/0/34d969829dd8d0df,1,200,393591,20.857,1027.713,382977
1787803326080,76867539-874f-9317-5aab-6d0421d2a69c,/p/0/76ec20436bec3f74,1,200,4270108,261.807,25493.660,167497
1787803348027,553b9ccc-860b-52b9-85ef-0d28103041fa,/p/7/ea853f3181d5105f,5,200,346004,217.141,3689.154,93790
1787803348027,553b9ccc-860b-52b9-85ef-0d28103041fa,/p/0/ea85413181d513c5,5,200,275472,252.898,3756.953,73323
1787803341840,a3113622-153a-4853-9f4b-e682800ffcd5,/p/0/4b1339b75494c30b,2,200,378069,374.177,10047.464,37628
1787803335837,984a07c8-a759-6177-8955-ffd038d5104d,/p/0/72c1ab67f4511b3c,2,200,4429900,118.999,16061.633,275806
1787803351197,6ecd8cf8-f9e4-22fd-ee79-91329d872865,/?crawl=219,0,200,421912,25.632,711.688,592833
1787803351908,6ecd8cf8-f9e4-22fd-ee79-91329d872865,/p/0/a16f1425093ddacc,1,200,7656,24.044,95.989,79759
1787803351197,ed827d04-f232-b34f-a621-d4ff29686646,/?crawl=221,0,200,197095,60.452,819.199,240595
1787803346281,702b7d66-0ccc-7dff-26e7-1a1bb8b4a3ab,/p/11/e15685e9b5a9c0fd,6,200,125869,523.388,5834.887,21572
1787803350015,dfb72c95-9df6-a302-4f7f-eb28eb530616,/p/0/6ad34872b0c89345,9,200,175246,242.919,2208.575,79348
1787803350863,1444af44-e257-f0a8-290f-fb91f3b658e2,/p/0/eee91896d8776e73,5,200,56993,264.954,1549.995,36770
1787803347189,8b6d1fd9-ed01-e254-8a8a-4186bf8c9e5b,/p/3/e913fffe4500a3ac,1,200,294671,408.508,5344.737,55133
1787803345645,1ff3bcd1-0da7-cd02-1374-522545639cba,/p/9/fb04ba0f47615294,3,200,4066678,78.600,6990.616,581734
1787803312298,c73dac6e-70cd-a441-9567-fe760f466832,/p/0/319f9413a902fe69,1,200,3137680,90.147,40363.821,77735
1787803352636,1ff3bcd1-0da7-cd02-1374-522545639cba,/p/0/4984619cfb474415,4,200,8626,64.642,90.323,95501
1787803347189,8b6d1fd9-ed01-e254-8a8a-4186bf8c9e5b,/p/0/e91401fe4500a712,1,200,243824,387.926,5549.343,43937
1787803346619,28cc50e5-3465-4b99-2b80-02383cb906cd,/p/9/a9576bb4197a98b7,1,200,4096189,88.570,6146.271,666451
1787803348478,8e551002-bf5c-1717-e281-4fa00d9030bd,/p/2/b9a25f302bcdd4b4,3,200,353054,276.244,4306.981,81973
1787803328664,de489acb-a1f2-3b88-37a4-73b1b11cf59c,/p/3/3ee06e577576869,2,200,4643417,308.605,24128.687,192444
1787803349551,fff1ea97-b6b4-3164-10bb-35abbc98d713,/p/0/a177a5d84f9d29ce,12,200,188248,308.780,3247.909,57960
1787803352224,dfb72c95-9df6-a302-4f7f-eb28eb530616,/p/0/84528b8faee045d1,10,200,43299,147.343,596.516,72586
1787803352636,1ff3bcd1-0da7-cd02-1374-522545639cba,/p/0/49845e9cfb473efc,4,200,98815,70.855,321.262,307583
1787803345645,1ff3bcd1-0da7-cd02-1374-522545639cba,/p/0/fb04bb0f47615447,3,200,4478939,83.997,7429.580,602852
1787803347638,63feb0eb-2564-8058-5024-1e4cb93e9190,/p/2/3cc1c111ae158eca,1,200,2190784,31.855,5497.512,398505
1787803352636,1ff3bcd1-0da7-cd02-1374-522545639cba,/p/8/49845f9cfb4740af,4,200,380944,83.722,628.626,605994
1787803352016,ed827d04-f232-b34f-a621-d4ff29686646,/p/0/7c3b8ad05a9b99d3,1,200,63744,234.759,1260.479,50571
1787803343197,8992b43b-4174-a0c1-16dc-9bd47c511dd8,/?crawl=210,0,200,5287905,30.378,10115.212,522768
1787803351908,6ecd8cf8-f9e4-22fd-ee79-91329d872865,/p/9/a16f1625093dde32,1,200,429222,59.939,1415.674,303193
1787803330033,76867539-874f-9317-5aab-6d0421d2a69c,/p/0/f6c98c22972826f4,2,200,4832301,213.200,23427.202,206269
1787803353324,6ecd8cf8-f9e4-22fd-ee79-91329d872865,/p/0/8e61638ad9e13a9b,2,200,11029,122.384,206.133,53504
1787803353324,6ecd8cf8-f9e4-22fd-ee79-91329d872865,/p/0/8e61648ad9e13c4e,2,200,4510,146.396,218.537,20637
1787803351908,6ecd8cf8-f9e4-22fd-ee79-91329d872865,/p/0/a16f1725093ddfe5,1,200,519168,36.370,1705.935,304330
1787803350863,1444af44-e257-f0a8-290f-fb91f3b658e2,/p/1/eee91a96d87771d9,5,200,135148,284.817,2766.648,48849
1787803340197,9fdb75b2-e53e-03fe-6b2c-ae349e1d4f9c,/?crawl=205,0,200,4183086,65.887,13505.031,309743
1787803303809,8e551002-bf5c-1717-e281-4fa00d9030bd,/p/0/b9df51153839e39d,1,200,2959854,1369.225,49916.775,59296
1787803328596,9a32b0ef-c270-6f9f-10f8-32b2894067a2,/p/0/f48a45fdb40a2ba3,7,200,3358817,31.628,25132.030,133647
1787803299863,0c39296c-9d09-a3b9-cfb4-8e11142eafe6,/p/0/82e91e90f329c000,11,200,6267880,395.981,53884.530,116321
1787803341840,a3113622-153a-4853-9f4b-e682800ffcd5,/p/13/4b1338b75494c158,2,200,522736,411.912,11910.517,43889
1787803352793,de489acb-a1f2-3b88-37a4-73b1b11cf59c,/p/2/f8274b38100ec156,3,200,90996,119.247,998.868,91099
1787803352785,8e551002-bf5c-1717-e281-4fa00d9030bd,/p/0/9317bb89fa8697dc,4,200,104173,329.337,1085.199,95994
1787803352793,de489acb-a1f2-3b88-37a4-73b1b11cf59c,/p/0/f8274938100ebdf0,3,200,149550,58.044,1132.426,132062
1787803353312,8992b43b-4174-a0c1-16dc-9bd47c511dd8,/p/0/d02c156f42b0832a,1,200,109096,135.361,627.770,173783
1787803352765,28cc50e5-3465-4b99-2b80-02383cb906cd,/p/8/c28c5a81be201e0a,2,200,258310,70.213,1224.734,210911
1787803352765,28cc50e5-3465-4b99-2b80-02383cb906cd,/p/0/c28c5881be201aa4,2,200,310101,70.382,1259.271,246254
1787803348478,8e551002-bf5c-1717-e281-4fa00d9030bd,/p/0/b9a260302bcdd667,3,200,505354,253.671,5648.281,89470
1787803353265,1ff3bcd1-0da7-cd02-1374-522545639cba,/p/7/d01ad3159e8af375,5,200,341755,40.687,910.227,375461
1787803333197,4e7fcad3-e4b7-ed53-7182-51c2cf84d8e9,/?crawl=195,0,200,5058109,52.988,20991.381,240961
1787803353265,1ff3bcd1-0da7-cd02-1374-522545639cba,/p/0/d01ad1159e8af00f,5,200,368455,33.380,941.487,391354
1787803345916,0749ca82-1e65-8f0a-ba8a-b79b9d25deac,/p/16/15ed165684dfa2a4,1,200,473108,81.796,8343.277,56705
1787803351090,dfb72c95-9df6-a302-4f7f-eb28eb530616,/p/2/84528a8faee0441e,10,200,352846,132.092,3269.521,107920
1787803353324,6ecd8cf8-f9e4-22fd-ee79-91329d872865,/p/8/8e61628ad9e138e8,2,200,516724,134.340,1085.532,476010
1787803345916,0749ca82-1e65-8f0a-ba8a-b79b9d25deac,/p/0/15ed185684dfa60a,1,200,472753,502.094,8536.683,55379
1787803352765,28cc50e5-3465-4b99-2b80-02383cb906cd,/p/0/c28c5b81be201fbd,2,200,395860,28.156,1724.599,229537
1787803342917,9e0fba65-906f-29ac-85bf-db388693d2aa,/p/2/b01b113011a6c50d,8,200,500667,266.076,11622.332,43078
1787803353990,28cc50e5-3465-4b99-2b80-02383cb906cd,/p/0/ba9641ec178091a2,3,200,65321,114.340,554.053,117897
1787803347514,8e7a01ec-a46f-8fd1-cdff-5aa0b89c8aab,/p/0/a63a6e5a7860bf23,10,200,483090,1272.222,7084.883,68186
1787803351716,553b9ccc-860b-52b9-85ef-0d28103041fa,/p/6/998343e0f4fb775e,6,200,210177,179.416,2919.144,72000
1787803353702,9fdb75b2-e53e-03fe-6b2c-ae349e1d4f9c,/p/23/4527f86abbabc77b,1,200,420800,6.189,971.728,433043
1787803350236,3281b132-3631-e78d-6f4e-faac523fc3a0,/p/0/34d96a829dd8d292,1,200,2925756,74.085,4466.012,655116
1787803309424,dfb72c95-9df6-a302-4f7f-eb28eb530616,/p/0/3edb84a456f0a542,2,200,5113096,157.063,45293.747,112887
1787803353312,8992b43b-4174-a0c1-16dc-9bd47c511dd8,/p/0/d02c146f42b08177,1,200,318656,26.730,1419.074,224552
1787803354188,4e7fcad3-e4b7-ed53-7182-51c2cf84d8e9,/p/4/ca27aad22c07720b,1,200,61336,49.699,555.942,110328
1787803349551,fff1ea97-b6b4-3164-10bb-35abbc98d713,/p/1/a177a3d84f9d2668,12,200,272896,339.479,5291.650,51571
1787803353990,28cc50e5-3465-4b99-2b80-02383cb906cd,/p/7/ba963fec17808e3c,3,200,275400,125.279,1025.111,268654
1787803353990,28cc50e5-3465-4b99-2b80-02383cb906cd,/p/0/ba9640ec17808fef,3,200,230689,191.208,1036.090,222653
1787803350863,1444af44-e257-f0a8-290f-fb91f3b658e2,/p/0/eee91996d8777026,5,200,296345,284.815,4172.212,71028
1787803354260,0749ca82-1e65-8f0a-ba8a-b79b9d25deac,/p/0/c5bc1c9992e4826a,2,200,23557,566.868,844.349,27900
1787803354410,6ecd8cf8-f9e4-22fd-ee79-91329d872865,/p/0/d34b1df93a9d1adf,3,200,152183,136.596,789.049,192869
1787803330313,8e7a01ec-a46f-8fd1-cdff-5aa0b89c8aab,/p/0/f65891c9cbbfbf8,4,200,6216663,169.089,24887.581,249790
1787803353630,1444af44-e257-f0a8-290f-fb91f3b658e2,/p/0/ef26778357af8975,6,200,74216,578.183,1575.965,47092
1787803333950,94ddeec8-4713-1ccc-0771-93b0a7c1f7b0,/p/4/36bd5574976c7bf8,1,200,4180788,36.482,21302.916,196254
1787803354197,fd5674f4-7e92-846e-8aca-195ffeced01e,/?crawl=223,0,200,304326,51.921,1067.727,285022
1787803320624,dfb72c95-9df6-a302-4f7f-eb28eb530616,/p/0/4d1d3fc325453a0e,6,200,3471626,132.190,34693.227,100066
1787803354188,4e7fcad3-e4b7-ed53-7182-51c2cf84d8e9,/p/0/ca27a9d22c077058,1,200,88735,75.270,1166.018,76101
1787803354188,4e7fcad3-e4b7-ed53-7182-51c2cf84d8e9,/p/0/ca27acd22c077571,1,200,138476,100.029,1190.531,116315
1787803353136,63feb0eb-2564-8058-5024-1e4cb93e9190,/p/0/96f1eaabefca8250,2,200,312278,86.704,2278.373,137062
1787803324345,e4c8a592-ef20-dddc-e06d-c3bb2884d28d,/p/0/2cce2d10a9ab6409,5,200,3590215,59.544,31226.488,114973
1787803353136,63feb0eb-2564-8058-5024-1e4cb93e9190,/p/1/96f1ecabefca85b6,2,200,294010,26.795,2447.992,120103
1787803329417,82415893-2ab4-7ff9-5c23-674ddf0978c6,/p/0/bcad202aae1b5d3b,1,200,4857730,344.330,26177.708,185567
1787803354410,6ecd8cf8-f9e4-22fd-ee79-91329d872865,/p/0/d34b1ef93a9d1c92,3,200,224448,147.706,1191.722,188339
1787803341092,e6643b89-1dd1-2310-bf50-2a904aaa6e86,/p/0/10c0cfb351bd23e3,2,200,2585519,301.269,14557.073,177613
1787803333203,4cc59da5-43fd-bad1-f6e4-04780c37b1b1,/p/4/2dbff1df4aa58b1c,5,200,2899734,192.911,22462.045,129095
1787803354175,1ff3bcd1-0da7-cd02-1374-522545639cba,/p/6/edc56301409bd597,6,200,363139,63.834,1531.006,237190
1787803351716,553b9ccc-860b-52b9-85ef-0d28103041fa,/p/0/998341e0f4fb73f8,6,200,330978,232.753,4010.453,82529
1787803354175,1ff3bcd1-0da7-cd02-1374-522545639cba,/p/0/edc56201409bd3e4,6,200,498482,69.639,1571.187,317264
1787803354744,4e7fcad3-e4b7-ed53-7182-51c2cf84d8e9,/p/0/d3ca052e213ac487,2,200,53008,255.377,1036.743,51129
1787803346281,702b7d66-0ccc-7dff-26e7-1a1bb8b4a3ab,/p/0/e15684e9b5a9bf4a,6,200,259495,404.204,9570.381,27114
1787803355706,1ff3bcd1-0da7-cd02-1374-522545639cba,/p/0/3c32073e1f698422,7,200,9425,96.998,181.332,51977
1787803354197,c5aa0efa-81cb-c472-cc06-ea5a979bd993,/?crawl=224,0,200,347337,128.657,1804.164,192520
1787803320198,3e71326f-e416-3c5e-6236-7bd18a29c656,/p/6/15e6c5c0c6179f82,4,200,266181,1586.713,35947.021,7405
1787803352793,de489acb-a1f2-3b88-37a4-73b1b11cf59c,/p/0/f8274c38100ec309,3,200,345891,36.828,3358.431,102992
1787803354673,9fdb75b2-e53e-03fe-6b2c-ae349e1d4f9c,/p/0/5b515d2bfec5a9b7,2,200,113099,1583.422,1591.989,71043
1787803324345,e4c8a592-ef20-dddc-e06d-c3bb2884d28d,/p/1/2cce2b10a9ab60a3,5,200,3680523,328.468,31926.404,115281
1787803355253,94ddeec8-4713-1ccc-0771-93b0a7c1f7b0,/p/0/6745e168b407965b,2,200,501436,197.908,1025.576,488931
1787803355253,94ddeec8-4713-1ccc-0771-93b0a7c1f7b0,/p/0/6745e268b407980e,2,200,268666,193.569,1074.071,250138
1787803355253,94ddeec8-4713-1ccc-0771-93b0a7c1f7b0,/p/3/6745e368b40799c1,2,200,367829,197.841,1147.749,320479
1787803355015,28cc50e5-3465-4b99-2b80-02383cb906cd,/p/0/d587f6f4c217395c,4,200,328220,109.470,1426.356,230111
1787803350303,b3a23f41-af11-6422-808e-1c535d4af12f,/p/0/2b1650fba16c9130,8,200,467969,323.977,6160.615,75961
1787803355015,28cc50e5-3465-4b99-2b80-02383cb906cd,/p/0/d587f9f4c2173e75,4,200,300816,120.501,1470.445,204575
1787803352821,dfb72c95-9df6-a302-4f7f-eb28eb530616,/p/0/8452888faee040b8,10,200,437603,158.384,3739.635,117018
1787803356401,94ddeec8-4713-1ccc-0771-93b0a7c1f7b0,/p/0/e5c91735ae8fce70,3,200,139068,53.532,355.367,391337
1787803355318,dfb72c95-9df6-a302-4f7f-eb28eb530616,/p/0/a9ef5e9b357a5be8,11,200,126949,168.533,1439.099,88214
1787803329417,82415893-2ab4-7ff9-5c23-674ddf0978c6,/p/4/bcad222aae1b60a1,1,200,5709742,226.715,27380.404,208534
1787803352016,ed827d04-f232-b34f-a621-d4ff29686646,/p/0/7c3b8bd05a9b9b86,1,200,434104,293.642,4967.810,87383
1787803353792,de489acb-a1f2-3b88-37a4-73b1b11cf59c,/p/0/c2556ddfc5a928fa,4,200,371021,212.921,3271.511,113410
1787803354744,4e7fcad3-e4b7-ed53-7182-51c2cf84d8e9,/p/3/d3ca072e213ac7ed,2,200,299589,333.757,2323.943,128914
1787803350303,b3a23f41-af11-6422-808e-1c535d4af12f,/p/4/2b1652fba16c9496,8,200,441005,297.089,6864.028,64249
1787803349023,9e0fba65-906f-29ac-85bf-db388693d2aa,/p/0/b01b103011a6c35a,8,200,487642,240.893,8320.989,58604
1787803347189,8b6d1fd9-ed01-e254-8a8a-4186bf8c9e5b,/p/0/e91400fe4500a55f,1,200,495314,160.636,10169.088,48708
1787803355706,1ff3bcd1-0da7-cd02-1374-522545639cba,/p/5/3c32053e1f6980bc,7,200,448784,102.493,1698.410,264238
1787803338277,e6643b89-1dd1-2310-bf50-2a904aaa6e86,/p/0/263ba13ea2b29274,1,200,4713491,153.420,19277.195,244511
1787803353792,de489acb-a1f2-3b88-37a4-73b1b11cf59c,/p/0/c2556cdfc5a92747,4,200,360737,212.853,3890.198,92730
1787803354636,553b9ccc-860b-52b9-85ef-0d28103041fa,/p/5/c76d00af8789c8bc,7,200,169361,262.314,3065.670,55244
1787803357197,5d605fca-a4ff-8fee-584e-47beb8f0c9b4,/?crawl=225,0,200,235628,37.282,552.019,426847
1787803357197,71d51f65-0f4a-4aae-f6b2-ad04f139a00e,/?crawl=227,0,200,286239,42.842,781.253,366384
1787803356272,e4c8a592-ef20-dddc-e06d-c3bb2884d28d,/p/0/afd83a0087a1c105,6,200,74917,183.346,1862.598,40222
1787803352116,702b7d66-0ccc-7dff-26e7-1a1bb8b4a3ab,/p/10/b9928583fe65d7a3,7,200,197930,434.601,6057.345,32676
1787803340252,5bf49a11-3401-a7a4-7d34-f0e4ab04e2d3,/p/0/b7fbe29e34df6be0,11,0,1572611,236.080,17949.279,87614
1787803340252,5bf49a11-3401-a7a4-7d34-f0e4ab04e2d3,/p/0/b7fbe59e34df70f9,11,0,1793323,258.996,17949.748,99908
1787803342196,5bf49a11-3401-a7a4-7d34-f0e4ab04e2d3,/p/6/3e2f250428fc4b52,12,0,1297962,242.135,16005.600,81094
1787803355584,63feb0eb-2564-8058-5024-1e4cb93e9190,/p/0/3a8978700c0bbdbb,3,200,290292,322.724,2619.238,110831
1787803357978,71d51f65-0f4a-4aae-f6b2-ad04f139a00e,/p/0/a310368b83d187ac,1,200,21116,232.794,278.677,75772
1787803354260,0749ca82-1e65-8f0a-ba8a-b79b9d25deac,/p/0/c5bc1b9992e480b7,2,200,128555,844.347,4004.476,32103
1787803333950,94ddeec8-4713-1ccc-0771-93b0a7c1f7b0,/p/0/36bd5774976c7f5e,1,200,6066656,110.754,24382.287,248814
1787803354260,0749ca82-1e65-8f0a-ba8a-b79b9d25deac,/p/15/c5bc1d9992e4841d,2,200,144379,1035.890,4125.594,34996
1787803354636,553b9ccc-860b-52b9-85ef-0d28103041fa,/p/0/c76d02af8789cc22,7,200,312402,296.356,3792.716,82369
1787803352534,8b6d1fd9-ed01-e254-8a8a-4186bf8c9e5b,/p/0/e7f6a2004eef8b6f,2,200,164950,411.398,6017.681,27411
1787803354674,9fdb75b2-e53e-03fe-6b2c-ae349e1d4f9c,/p/0/5b515e2bfec5ab6a,2,200,132298,1583.121,3948.825,33503
1787803357405,1ff3bcd1-0da7-cd02-1374-522545639cba,/p/4/e9bbe61a619e1db,8,200,61925,1091.653,1492.742,41484
1787803357068,4e7fcad3-e4b7-ed53-7182-51c2cf84d8e9,/p/0/fa89e2b072aea119,3,200,123765,278.617,1868.664,66232
1787803357978,71d51f65-0f4a-4aae-f6b2-ad04f139a00e,/p/2/a310378b83d1895f,1,200,176147,233.543,1167.352,150894
1787803355015,28cc50e5-3465-4b99-2b80-02383cb906cd,/p/6/d587f8f4c2173cc2,4,200,2269490,21.929,4226.189,537006
1787803357404,1ff3bcd1-0da7-cd02-1374-522545639cba,/p/0/e9bc061a619e541,8,200,228492,1091.548,1844.485,123878
1787803353751,a3113622-153a-4853-9f4b-e682800ffcd5,/p/12/855580c00ea516a4,3,200,240933,445.805,5645.965,42673
1787803357405,1ff3bcd1-0da7-cd02-1374-522545639cba,/p/0/e9bbd61a619e028,8,200,241204,1091.586,2075.383,116221
1787803359249,1ff3bcd1-0da7-cd02-1374-522545639cba,/p/0/c27b314d849b826b,9,200,99972,121.204,261.958,381633
1787803355665,4cc59da5-43fd-bad1-f6e4-04780c37b1b1,/p/3/21fa9b22a7daca01,6,200,303504,203.837,3925.730,77311
1787803359480,1ff3bcd1-0da7-cd02-1374-522545639cba,/p/0/c27b324d849b841e,9,200,33123,69.079,154.942,213776
1787803355852,702b7d66-0ccc-7dff-26e7-1a1bb8b4a3ab,/p/0/b9928483fe65d5f0,7,200,197776,474.682,3815.870,51830
1787803355584,63feb0eb-2564-8058-5024-1e4cb93e9190,/p/0/3a897a700c0bc121,3,200,492383,167.496,4124.274,119387
1787803358428,553b9ccc-860b-52b9-85ef-0d28103041fa,/p/0/8069fa623f232305,8,200,61928,261.631,1313.503,47147
1787803359241,28cc50e5-3465-4b99-2b80-02383cb906cd,/p/0/f574d25ef859ee1f,5,200,170668,32.493,739.542,230775
1787803336659,440d284a-4e1e-ee1c-2872-92f3eb9b00c6,/p/0/f0fc538d553d5acb,1,200,3217428,44.485,23336.231,137873
1787803359241,28cc50e5-3465-4b99-2b80-02383cb906cd,/p/5/f574d45ef859f185,5,200,180765,43.998,880.201,205368
1787803359146,71d51f65-0f4a-4aae-f6b2-ad04f139a00e,/p/0/4413020b5e8dbdf5,2,200,59183,415.474,1055.030,56096
1787803355665,4cc59da5-43fd-bad1-f6e4-04780c37b1b1,/p/0/21fa9922a7dac69b,6,200,296213,326.946,4835.464,61258
1787803354744,4e7fcad3-e4b7-ed53-7182-51c2cf84d8e9,/p/0/d3ca062e213ac63a,2,200,455903,357.488,5759.357,79159
1787803354360,dfb72c95-9df6-a302-4f7f-eb28eb530616,/p/1/a9ef609b357a5f4e,11,200,306938,147.760,6275.952,48907
1787803359241,28cc50e5-3465-4b99-2b80-02383cb906cd,/p/0/f574d35ef859efd2,5,200,443529,20.591,1421.239,312072
1787803360198,a1600f92-0f69-ec40-9031-91960e1644b6,/?crawl=230,0,200,80636,92.237,494.356,163113
1787803340321,f9ac92eb-1252-5f06-7cc4-1f45fa8220a1,/p/2/ed2cdfc388f8cb8d,3,200,351946,143.000,20385.800,17264
1787803352534,8b6d1fd9-ed01-e254-8a8a-4186bf8c9e5b,/p/2/e7f6a1004eef89bc,2,200,449138,349.201,8220.839,54634
1787803357068,4e7fcad3-e4b7-ed53-7182-51c2cf84d8e9,/p/0/fa89dfb072ae9c00,3,200,319643,380.689,3751.326,85208
1787803354843,fff1ea97-b6b4-3164-10bb-35abbc98d713,/p/0/d51a5cf51cd549c4,13,200,381225,599.352,6000.153,63536
1787803352534,8b6d1fd9-ed01-e254-8a8a-4186bf8c9e5b,/p/0/e7f6a3004eef8d22,2,200,407411,349.276,8426.384,48349
1787803354674,9fdb75b2-e53e-03fe-6b2c-ae349e1d4f9c,/p/22/5b515f2bfec5ad1d,2,200,468286,1583.458,6334.373,73928
1787803357068,4e7fcad3-e4b7-ed53-7182-51c2cf84d8e9,/p/2/fa89e0b072ae9db3,3,200,435336,469.640,3991.319,109071
1787803360121,28cc50e5-3465-4b99-2b80-02383cb906cd,/p/0/ad41b008a09ac49f,6,200,139859,231.417,1011.016,138335
1787803360121,28cc50e5-3465-4b99-2b80-02383cb906cd,/p/0/ad41b108a09ac652,6,200,220469,209.513,1087.116,202802
1787803355265,fd5674f4-7e92-846e-8aca-195ffeced01e,/p/0/5566e1153165af60,1,200,493085,321.960,5994.009,82263
1787803357978,71d51f65-0f4a-4aae-f6b2-ad04f139a00e,/p/0/a310398b83d18cc5,1,200,504499,61.464,3282.095,153712
1787803360121,28cc50e5-3465-4b99-2b80-02383cb906cd,/p/4/ad41af08a09ac2ec,6,200,374058,166.952,1375.054,272032
1787803335721,19fafd0a-eb0b-5405-6877-f611ae66cc46,/p/0/3654673f0a044f23,3,200,4051880,247.554,25832.085,156855
1787803356272,e4c8a592-ef20-dddc-e06d-c3bb2884d28d,/p/0/afd8370087a1bbec,6,200,398135,305.942,5409.213,73603
1787803357344,9e0fba65-906f-29ac-85bf-db388693d2aa,/p/1/815115e1e28424ac,9,200,240732,354.785,4354.236,55287
1787803342237,c49809ce-1e0b-10d9-6024-9dfc810efd11,/p/2/4db6cbf3e4b8f3f0,6,200,6039606,663.201,19482.055,310009
1787803353312,8992b43b-4174-a0c1-16dc-9bd47c511dd8,/p/7/d02c166f42b084dd,1,200,4083343,150.745,8494.819,480686
1787803361008,9fdb75b2-e53e-03fe-6b2c-ae349e1d4f9c,/p/0/3aeec50b38d4383a,3,200,22290,619.304,926.828,24050
1787803357701,553b9ccc-860b-52b9-85ef-0d28103041fa,/p/4/8069f8623f231f9f,8,200,404295,445.160,4413.643,91601
1787803361197,e07ca8dd-a6fc-0448-1afb-13a11a268b28,/?crawl=232,0,200,461964,33.662,983.391,469766
1787803358385,0749ca82-1e65-8f0a-ba8a-b79b9d25deac,/p/14/a47c7a09d3d7e2ea,3,200,197105,85.937,3931.155,50139
1787803359591,4cc59da5-43fd-bad1-f6e4-04780c37b1b1,/p/2/d7f5629b99296363,7,200,167450,227.514,2919.851,57349
1787803355665,4cc59da5-43fd-bad1-f6e4-04780c37b1b1,/p/0/21fa9a22a7dac84e,6,200,517679,220.720,6879.272,75252
1787803331863,9a32b0ef-c270-6f9f-10f8-32b2894067a2,/p/0/46c56339c907f441,8,200,3590318,187.159,30694.163,116971
1787803360636,dfb72c95-9df6-a302-4f7f-eb28eb530616,/p/0/354bee449db15bd1,12,200,250537,328.619,1968.541,127270
1787803361807,8992b43b-4174-a0c1-16dc-9bd47c511dd8,/p/0/e87f2c368016f46,2,200,143997,25.550,801.923,179565
1787803362180,e07ca8dd-a6fc-0448-1afb-13a11a268b28,/p/0/9595ade405e57642,1,200,123945,164.539,813.439,152372
1787803353265,1ff3bcd1-0da7-cd02-1374-522545639cba,/p/0/d01ad2159e8af1c2,5,200,2712882,13.019,9756.730,278052
1787803359197,d8034ba6-4789-5f97-4360-1ea481a9ca9b,/?crawl=229,0,200,5878440,11.311,3890.237,1511075
1787803324361,4cc59da5-43fd-bad1-f6e4-04780c37b1b1,/p/0/63c2e23f99b1972f,2,200,4829549,308.682,38735.637,124680
1787803361059,4e7fcad3-e4b7-ed53-7182-51c2cf84d8e9,/p/0/a34cd71737df11a3,4,200,208573,50.337,2061.927,101154
1787803361060,4e7fcad3-e4b7-ed53-7182-51c2cf84d8e9,/p/0/a34cd81737df1356,4,200,220658,50.107,2137.567,103229
1787803361060,4e7fcad3-e4b7-ed53-7182-51c2cf84d8e9,/p/1/a34cd91737df1509,4,200,185705,149.138,2162.184,85888
1787803353136,63feb0eb-2564-8058-5024-1e4cb93e9190,/p/0/96f1edabefca8769,2,200,3144871,56.970,10155.202,309681
1787803363087,d8034ba6-4789-5f97-4360-1ea481a9ca9b,/p/0/178e35bcff734a6b,1,200,87908,25.373,207.096,424480
1787803363087,d8034ba6-4789-5f97-4360-1ea481a9ca9b,/p/0/178e36bcff734c1e,1,200,98855,9.866,212.991,464128
1787803338197,3e340235-a476-afef-4a40-4f38df10a537,/?crawl=200,0,200,5861370,79.352,25229.166,232325
1787803363087,d8034ba6-4789-5f97-4360-1ea481a9ca9b,/p/1/178e37bcff734dd1,1,200,377161,9.879,369.282,1021336
1787803361497,28cc50e5-3465-4b99-2b80-02383cb906cd,/p/0/9f51227ad89d8397,7,200,383373,22.417,2053.646,186679
1787803361807,8992b43b-4174-a0c1-16dc-9bd47c511dd8,/p/6/e87f0c368016be0,2,200,333366,192.920,1755.393,189910
1787803361197,29a6f688-2430-d1d8-66fa-7a8c858c2805,/?crawl=231,0,200,456588,45.377,2376.734,192107
1787803340326,ae73129a-f067-5805-ca89-9ca050b023cd,/p/0/1a04adeb7222b9cd,4,200,2533307,265.767,23454.874,108008
1787803352197,ba000cd4-e548-1dc6-ed04-22483848222c,/?crawl=222,0,200,3108912,51.854,11666.022,266493
1787803363456,d8034ba6-4789-5f97-4360-1ea481a9ca9b,/p/0/148fe5711167b027,2,200,207724,17.267,488.655,425093
1787803356797,82415893-2ab4-7ff9-5c23-674ddf0978c6,/p/0/e5ad9c723a168dc6,2,200,363360,17.452,7245.965,50147
1787803335721,19fafd0a-eb0b-5405-6877-f611ae66cc46,/p/0/3654693f0a045289,3,200,5918519,359.818,28323.358,208962
1787803360636,dfb72c95-9df6-a302-4f7f-eb28eb530616,/p/0/354beb449db156b8,12,200,271480,355.940,3445.608,78790
1787803363562,8992b43b-4174-a0c1-16dc-9bd47c511dd8,/p/5/b53f4da76904c43d,3,200,82517,153.674,558.573,147728
1787803363456,d8034ba6-4789-5f97-4360-1ea481a9ca9b,/p/0/148fe7711167b38d,2,200,445969,10.090,674.203,661476
1787803363456,d8034ba6-4789-5f97-4360-1ea481a9ca9b,/p/0/148fe6711167b1da,2,200,511570,32.866,763.177,670316
1787803360636,dfb72c95-9df6-a302-4f7f-eb28eb530616,/p/0/354bed449db15a1e,12,200,369653,499.875,3711.817,99588
1787803362180,e07ca8dd-a6fc-0448-1afb-13a11a268b28,/p/13/9595aee405e577f5,1,200,459985,179.106,2251.254,204324
1787803352016,ed827d04-f232-b34f-a621-d4ff29686646,/p/0/7c3b8cd05a9b9d39,1,200,2733318,59.212,12481.807,218984
1787803363197,63135859-d311-aab9-b4d2-e0ee12621def,/?crawl=234,0,200,251602,160.154,1306.731,192543
1787803358298,fe9f5242-1dee-d8c5-2769-78aba5955fb8,/?crawl=228,0,200,2223476,63.229,6229.548,356924
1787803364197,331385a9-7318-219a-59f0-3ebce55bbba8,/?crawl=236,0,200,109325,51.010,386.982,282507
1787803363222,4e7fcad3-e4b7-ed53-7182-51c2cf84d8e9,/p/0/f28f703a089190e2,5,200,136811,152.356,1386.784,98653
1787803364197,e51c2ccc-530c-0524-fc27-87f81183ca9e,/?crawl=239,0,200,138570,47.293,432.645,320285
1787803354410,6ecd8cf8-f9e4-22fd-ee79-91329d872865,/p/7/d34b1ff93a9d1e45,3,200,5521505,26.990,10224.250,540040
1787803364197,29e71566-23fb-c266-6f70-fdb259fb1808,/?crawl=238,0,200,245008,29.900,456.848,536301
1787803364197,8cb74705-6b91-38bf-1a7e-0901efe0c132,/?crawl=235,0,200,457307,19.844,462.568,988626
1787803364654,29e71566-23fb-c266-6f70-fdb259fb1808,/p/0/a13af1581873c67,1,200,22179,26.242,79.913,277539
1787803364504,63135859-d311-aab9-b4d2-e0ee12621def,/p/0/2117adb28a43b1d0,1,200,208865,3.503,338.106,617750
1787803364659,8cb74705-6b91-38bf-1a7e-0901efe0c132,/p/0/8dad5b54f5a8c0d6,1,200,79497,14.430,207.406,383291
1787803328596,9a32b0ef-c270-6f9f-10f8-32b2894067a2,/p/0/f48a46fdb40a2d56,7,200,4533629,127.199,36448.286,124385
1787803360692,a1600f92-0f69-ec40-9031-91960e1644b6,/p/3/6ec10428dcaf8bcf,1,200,325203,96.962,4432.760,73364
1787803351197,ed44bc0f-ef2d-a9ce-7a2d-62863ae567a0,/?crawl=220,0,200,4919985,39.395,13973.974,352082
1787803364121,8992b43b-4174-a0c1-16dc-9bd47c511dd8,/p/0/491130be41db6f31,4,200,63888,165.441,1068.848,59773
1787803339972,1e46a455-56c8-91fa-0560-77e275a2328b,/p/5/89e541d33d894efe,14,0,3264591,639.909,25225.141,129418
1787803339972,1e46a455-56c8-91fa-0560-77e275a2328b,/p/0/89e53fd33d894b98,14,0,3528831,639.684,25225.192,139893
1787803363096,4cc59da5-43fd-bad1-f6e4-04780c37b1b1,/p/0/9f4a9f2d064686a3,8,200,118778,174.088,2235.954,53122
1787803364659,8cb74705-6b91-38bf-1a7e-0901efe0c132,/p/0/8dad5a54f5a8bf23,1,200,370093,44.587,718.384,515175
1787803361719,c49809ce-1e0b-10d9-6024-9dfc810efd11,/p/0/37135d3bcd40d216,7,200,200341,124.289,3674.639,54520
1787803364504,63135859-d311-aab9-b4d2-e0ee12621def,/p/0/2117b0b28a43b6e9,1,200,291787,2.727,939.774,310486
1787803364629,e51c2ccc-530c-0524-fc27-87f81183ca9e,/p/8/76a959b7ecec4654,1,200,123000,42.413,848.267,145001
1787803365171,ed44bc0f-ef2d-a9ce-7a2d-62863ae567a0,/p/12/e8d13772c600a726,1,200,100196,39.219,318.621,314468
1787803353751,a3113622-153a-4853-9f4b-e682800ffcd5,/p/0/855582c00ea51a0a,3,200,285828,409.122,11856.561,24107
1787803359397,a3113622-153a-4853-9f4b-e682800ffcd5,/p/11/6b792fd20db41653,4,200,116384,531.325,6283.781,18521
1787803312484,dfb72c95-9df6-a302-4f7f-eb28eb530616,/p/0/b8ca061cfdc1edd1,4,200,5429338,120.848,53211.937,102032
1787803331863,9a32b0ef-c270-6f9f-10f8-32b2894067a2,/p/0/46c56039c907ef28,8,200,5079545,171.484,33902.823,149827
1787803363562,8992b43b-4174-a0c1-16dc-9bd47c511dd8,/p/0/b53f4ca76904c28a,3,200,280926,139.401,2248.923,124916
1787803321639,ae73129a-f067-5805-ca89-9ca050b023cd,/p/0/862bc703d15d2742,3,200,4849826,425.981,44208.509,109703
1787803364634,6ecd8cf8-f9e4-22fd-ee79-91329d872865,/p/0/111ed5108e6fd38a,4,200,265286,48.109,1296.734,204580
1787803338570,3952e698-9ec0-461c-370f-3bcdd2b0f130,/p/0/c40bc546897c4745,3,200,2662755,336.678,27559.249,96619
1787803362511,4cc59da5-43fd-bad1-f6e4-04780c37b1b1,/p/1/9f4aa12d06468a09,8,200,198055,203.686,3624.026,54651
1787803333939,548a7f9d-41e4-e529-50a4-b4a5553f5aa5,/p/1/6371e24737003e2a,7,0,1828258,372.345,32258.433,56675
1787803333939,548a7f9d-41e4-e529-50a4-b4a5553f5aa5,/p/0/6371e04737003ac4,7,0,1842371,339.326,32258.493,57113
1787803330988,548a7f9d-41e4-e529-50a4-b4a5553f5aa5,/p/0/cf70804d8c69c66e,6,0,2214967,333.886,35209.972,62907
1787803357167,b3a23f41-af11-6422-808e-1c535d4af12f,/p/0/8a8b8f18a9c5b73f,9,200,393062,380.333,9082.258,43278
1787803365171,ed44bc0f-ef2d-a9ce-7a2d-62863ae567a0,/p/0/e8d13872c600a8d9,1,200,67442,223.745,1113.055,60592
1787803364654,29e71566-23fb-c266-6f70-fdb259fb1808,/p/0/a13ae1581873ab4,1,200,468167,66.030,1716.494,272746
1787803361719,c49809ce-1e0b-10d9-6024-9dfc810efd11,/p/1/37135e3bcd40d3c9,7,200,207097,291.878,4757.119,43534
1787803364121,8992b43b-4174-a0c1-16dc-9bd47c511dd8,/p/0/49112dbe41db6a18,4,200,285118,165.513,2379.530,119821
1787803357701,553b9ccc-860b-52b9-85ef-0d28103041fa,/p/0/8069f7623f231dec,8,200,481574,459.288,8821.367,54592
1787803365197,7d9bd299-f439-b81d-f69e-7c44eab037c8,/?crawl=240,0,200,250300,81.584,1342.842,186396
1787803357167,b3a23f41-af11-6422-808e-1c535d4af12f,/p/0/8a8b9018a9c5b8f2,9,200,438939,346.224,9383.342,46779
1787803353751,a3113622-153a-4853-9f4b-e682800ffcd5,/p/0/855581c00ea51857,3,200,412834,519.595,12868.464,32081
1787803366197,9faa9546-7464-257f-611f-fdcf1ef233cd,/?crawl=241,0,200,274292,28.959,493.932,555323
1787803364431,e07ca8dd-a6fc-0448-1afb-13a11a268b28,/p/0/2dadcd9c9e121141,2,200,280339,167.868,2272.057,123386
1787803364634,6ecd8cf8-f9e4-22fd-ee79-91329d872865,/p/6/111ed6108e6fd53d,4,200,471682,23.731,2114.815,223037
1787803333242,dfb72c95-9df6-a302-4f7f-eb28eb530616,/p/0/fb85792b3bbd85d1,8,200,4283467,161.514,33557.502,127646
1787803364528,fe9f5242-1dee-d8c5-2769-78aba5955fb8,/p/0/8423e05f6ad85458,1,200,406672,35.470,2272.902,178922
1787803356401,94ddeec8-4713-1ccc-0771-93b0a7c1f7b0,/p/0/e5c91a35ae8fd389,3,200,4398680,59.436,10515.364,418310
1787803363222,4e7fcad3-e4b7-ed53-7182-51c2cf84d8e9,/p/0/f28f6f3a08918f2f,5,200,496870,128.007,3700.160,134283
1787803362317,0749ca82-1e65-8f0a-ba8a-b79b9d25deac,/p/0/2d78c205405d1726,4,200,159154,996.157,4661.123,34145
1787803357167,b3a23f41-af11-6422-808e-1c535d4af12f,/p/3/8a8b8e18a9c5b58c,9,200,495568,436.727,9915.931,49977
1787803364528,fe9f5242-1dee-d8c5-2769-78aba5955fb8,/p/6/8423e25f6ad857be,1,200,320970,306.965,2582.266,124298
1787803361008,9fdb75b2-e53e-03fe-6b2c-ae349e1d4f9c,/p/0/3aeec40b38d43687,3,200,321504,803.356,6140.190,52361
1787803363222,4e7fcad3-e4b7-ed53-7182-51c2cf84d8e9,/p/0/f28f713a08919295,5,200,520744,50.050,4025.691,129355
1787803366197,d23f0858-b1f7-bef1-1fdf-a9606a32322a,/?crawl=242,0,200,503494,33.518,1054.578,477436
1787803364121,8992b43b-4174-a0c1-16dc-9bd47c511dd8,/p/4/49112ebe41db6bcb,4,200,421804,137.265,3141.647,134262
1787803358897,1ff3bcd1-0da7-cd02-1374-522545639cba,/p/3/c27b304d849b80b8,9,200,2920670,75.567,8370.793,348912
1787803355706,1ff3bcd1-0da7-cd02-1374-522545639cba,/p/0/3c32063e1f69826f,7,200,3459047,96.954,11649.445,296928
1787803356272,e4c8a592-ef20-dddc-e06d-c3bb2884d28d,/p/0/afd8380087a1bd9f,6,200,2946613,59.794,11084.487,265832
1787803364659,8cb74705-6b91-38bf-1a7e-0901efe0c132,/p/4/8dad5954f5a8bd70,1,200,2306225,83.924,2732.268,844070
1787803367110,fe9f5242-1dee-d8c5-2769-78aba5955fb8,/p/0/fe749869926e6870,2,200,9745,241.415,296.686,32846
1787803364431,e07ca8dd-a6fc-0448-1afb-13a11a268b28,/p/12/2dadcc9c9e120f8e,2,200,381265,182.746,2980.278,127929
1787803367268,1ff3bcd1-0da7-cd02-1374-522545639cba,/p/2/2c0322e38e881c0e,10,200,41761,62.234,162.758,256583
1787803362545,4cc59da5-43fd-bad1-f6e4-04780c37b1b1,/p/0/9f4aa02d06468856,8,200,372098,169.935,4927.623,75513
1787803364528,fe9f5242-1dee-d8c5-2769-78aba5955fb8,/p/0/8423e35f6ad85971,1,200,403347,288.196,3094.930,130325
1787803346148,c646942c-ed5a-0fb7-d9a0-14e1ac87f778,/p/6/d5ede550f17a3609,6,200,4690101,263.901,21509.624,218047
1787803360692,a1600f92-0f69-ec40-9031-91960e1644b6,/p/0/6ec10628dcaf8f35,1,200,344195,97.094,7008.501,49111
1787803366523,553b9ccc-860b-52b9-85ef-0d28103041fa,/p/0/73e59f4b02ec90,9,200,51402,262.514,1202.530,42745
1787803366691,9faa9546-7464-257f-611f-fdcf1ef233cd,/p/0/303cc8d300d714f0,1,200,216174,51.751,1057.871,204348
1787803367392,8cb74705-6b91-38bf-1a7e-0901efe0c132,/p/0/ad42117b0f0a79bb,2,200,205988,18.326,589.200,349606
1787803346148,c646942c-ed5a-0fb7-d9a0-14e1ac87f778,/p/0/d5ede450f17a3456,6,200,5539341,249.457,21846.742,253555
1787803367658,c646942c-ed5a-0fb7-d9a0-14e1ac87f778,/p/0/74b8317c283ecfa5,7,200,68165,337.037,338.167,201572
1787803367658,c646942c-ed5a-0fb7-d9a0-14e1ac87f778,/p/0/74b82e7c283eca8c,7,200,177877,338.212,344.609,516170
1787803366691,9faa9546-7464-257f-611f-fdcf1ef233cd,/p/0/303cc9d300d716a3,1,200,250629,51.920,1317.131,190284
1787803356401,94ddeec8-4713-1ccc-0771-93b0a7c1f7b0,/p/2/e5c91835ae8fd023,3,200,4965423,63.760,11639.967,426584
1787803368041,94ddeec8-4713-1ccc-0771-93b0a7c1f7b0,/p/0/10fb18ac80ffad27,4,200,19096,37.742,74.075,257794
1787803367431,1ff3bcd1-0da7-cd02-1374-522545639cba,/p/0/900ce0489d00f015,11,200,96159,93.469,712.673,134927
1787803364504,63135859-d311-aab9-b4d2-e0ee12621def,/p/3/2117aeb28a43b383,1,200,3213400,1.566,3674.109,874607
1787803362317,0749ca82-1e65-8f0a-ba8a-b79b9d25deac,/p/0/2d78c105405d1573,4,200,192154,458.884,5877.805,32691
1787803368197,a350c9e6-f13c-9da5-e0ca-0ad0e8044e1a,/?crawl=244,0,200,10362,17.713,24.971,414962
1787803356001,c5aa0efa-81cb-c472-cc06-ea5a979bd993,/p/0/367a8ae9186c7c0c,1,200,501984,106.186,12236.348,41024
1787803366749,6ecd8cf8-f9e4-22fd-ee79-91329d872865,/p/0/fab9860fb3a9de63,5,200,233734,156.287,1503.880,155421
1787803364431,e07ca8dd-a6fc-0448-1afb-13a11a268b28,/p/0/2dadca9c9e120c28,2,200,486324,153.638,3951.252,123081
1787803367110,fe9f5242-1dee-d8c5-2769-78aba5955fb8,/p/5/fe749a69926e6bd6,2,200,234778,206.244,1342.882,174831
1787803336659,440d284a-4e1e-ee1c-2872-92f3eb9b00c6,/p/11/f0fc558d553d5e31,1,200,5743570,229.757,31876.657,180181
1787803365489,ed44bc0f-ef2d-a9ce-7a2d-62863ae567a0,/p/0/9b5beec30aff6b88,2,200,267150,182.545,3046.036,87704
1787803367110,fe9f5242-1dee-d8c5-2769-78aba5955fb8,/p/0/fe749b69926e6d89,2,200,222990,422.322,1452.594,153512
1787803368197,470096c7-fd9e-c4f0-2fd2-4cde63612b99,/?crawl=245,0,200,64718,77.665,372.804,173598
1787803368041,94ddeec8-4713-1ccc-0771-93b0a7c1f7b0,/p/1/10fb1aac80ffb08d,4,200,119768,74.046,578.099,207175
1787803366477,c49809ce-1e0b-10d9-6024-9dfc810efd11,/p/0/827a932157525896,8,200,69870,266.284,2159.481,32355
1787803367658,c646942c-ed5a-0fb7-d9a0-14e1ac87f778,/p/5/74b82f7c283ecc3f,7,200,4702032,338.046,1107.014,4247491
1787803368222,a350c9e6-f13c-9da5-e0ca-0ad0e8044e1a,/p/0/ea7bcbebbea7fc42,1,200,204635,15.650,568.338,360059
1787803367431,1ff3bcd1-0da7-cd02-1374-522545639cba,/p/0/900cdd489d00eafc,11,200,354368,69.062,1388.007,255307
1787803368765,c646942c-ed5a-0fb7-d9a0-14e1ac87f778,/p/0/63962d369fbad9cb,8,200,92037,1.542,59.991,1534173
1787803368765,c646942c-ed5a-0fb7-d9a0-14e1ac87f778,/p/0/63962e369fbadb7e,8,200,199588,11.293,86.483,2307817
1787803368765,c646942c-ed5a-0fb7-d9a0-14e1ac87f778,/p/4/63962c369fbad818,8,200,444318,7.598,128.864,3447959
1787803368894,c646942c-ed5a-0fb7-d9a0-14e1ac87f778,/p/0/afcb6cd693460b31,9,200,107672,13.988,62.756,1715712
1787803368894,c646942c-ed5a-0fb7-d9a0-14e1ac87f778,/p/3/afcb6bd69346097e,9,200,162547,1.971,85.491,1901335
1787803368222,a350c9e6-f13c-9da5-e0ca-0ad0e8044e1a,/p/0/ea7bcaebbea7fa8f,1,200,362674,52.453,784.943,462039
1787803349433,4c48e9e8-5a19-c03d-3947-95518656d187,/p/0/ab3b53a6130e3d04,1,200,458931,2014.440,19575.092,23445
1787803368894,c646942c-ed5a-0fb7-d9a0-14e1ac87f778,/p/0/afcb69d693460618,9,200,371597,1.200,139.518,2663440
1787803340106,419ec04a-3ac5-43e5-eb84-bca38d6ad0bc,/p/2/db997756c7149242,1,200,4611530,56.811,29008.593,158971
1787803368980,c646942c-ed5a-0fb7-d9a0-14e1ac87f778,/p/0/73c3e627e5a0c61a,10,200,197693,17.985,149.270,1324402
1787803362115,553b9ccc-860b-52b9-85ef-0d28103041fa,/p/0/73e89f4b02f1a9,9,200,503441,262.300,7047.982,71431
1787803368980,c646942c-ed5a-0fb7-d9a0-14e1ac87f778,/p/2/73c3e727e5a0c7cd,10,200,437066,15.242,187.857,2326592
1787803368980,c646942c-ed5a-0fb7-d9a0-14e1ac87f778,/p/0/73c3e527e5a0c467,10,200,315762,19.507,194.215,1625837
1787803367251,d23f0858-b1f7-bef1-1fdf-a9606a32322a,/p/0/c3a7203095720e69,1,200,340459,46.712,1960.812,173632
1787803365478,e51c2ccc-530c-0524-fc27-87f81183ca9e,/p/0/2ebb163e87f337bd,2,200,231073,283.790,3778.813,61150
1787803369168,c646942c-ed5a-0fb7-d9a0-14e1ac87f778,/p/1/18e75ed957de5120,11,200,249136,7.540,151.985,1639217
1787803369168,c646942c-ed5a-0fb7-d9a0-14e1ac87f778,/p/0/18e75fd957de52d3,11,200,339324,7.509,208.132,1630330
1787803366749,6ecd8cf8-f9e4-22fd-ee79-91329d872865,/p/0/fab9870fb3a9e016,5,200,389508,180.424,2663.545,146237
1787803369320,c646942c-ed5a-0fb7-d9a0-14e1ac87f778,/p/0/e8618941091b302f,12,200,109005,14.579,98.036,1111889
1787803369167,c646942c-ed5a-0fb7-d9a0-14e1ac87f778,/p/0/18e760d957de5486,11,200,497935,10.959,256.884,1938365
1787803369320,c646942c-ed5a-0fb7-d9a0-14e1ac87f778,/p/0/e8618b41091b3395,12,200,137023,18.078,119.122,1150277
1787803367431,1ff3bcd1-0da7-cd02-1374-522545639cba,/p/1/900cde489d00ecaf,11,200,446922,112.213,2028.142,220360
1787803365125,a1600f92-0f69-ec40-9031-91960e1644b6,/p/2/b20829e588ac47b6,2,200,163671,807.231,4349.653,37629
1787803369114,419ec04a-3ac5-43e5-eb84-bca38d6ad0bc,/p/0/3c6af405e4058569,2,200,10945,271.838,362.189,30219
1787803367251,d23f0858-b1f7-bef1-1fdf-a9606a32322a,/p/0/c3a71d3095720950,1,200,405586,29.474,2275.323,178254
1787803359397,a3113622-153a-4853-9f4b-e682800ffcd5,/p/0/6b792ed20db414a0,4,200,350866,453.577,10145.011,34585
1787803368453,fe9f5242-1dee-d8c5-2769-78aba5955fb8,/p/4/8c43a40c9be0de63,3,200,97154,183.011,1112.352,87341
1787803360755,8b6d1fd9-ed01-e254-8a8a-4186bf8c9e5b,/p/1/694d9c24dfcded2b,3,200,454578,225.447,8830.855,51476
1787803367251,d23f0858-b1f7-bef1-1fdf-a9606a32322a,/p/5/c3a71f3095720cb6,1,200,413460,197.073,2376.360,173989
1787803365489,ed44bc0f-ef2d-a9ce-7a2d-62863ae567a0,/p/11/9b5bf0c30aff6eee,2,200,360543,239.585,4226.768,85300
1787803369320,c646942c-ed5a-0fb7-d9a0-14e1ac87f778,/p/0/e8618a41091b31e2,12,200,2110085,16.185,458.391,4603247
1787803366539,7d9bd299-f439-b81d-f69e-7c44eab037c8,/p/0/9cd274756c3c2090,1,200,242597,76.676,3288.406,73773
1787803361719,c49809ce-1e0b-10d9-6024-9dfc810efd11,/p/0/37135c3bcd40d063,7,200,497023,146.308,8133.717,61107
1787803365489,ed44bc0f-ef2d-a9ce-7a2d-62863ae567a0,/p/0/9b5bf1c30aff70a1,2,200,437011,408.392,4389.872,99550
1787803364197,8932535e-9b64-cb37-fd14-1d68673e7fd8,/?crawl=237,0,200,111671,5433.539,5815.778,19201
1787803368535,440d284a-4e1e-ee1c-2872-92f3eb9b00c6,/p/10/ffb9665fbf5cc559,2,200,153653,44.768,1544.649,99474
1787803367412,e07ca8dd-a6fc-0448-1afb-13a11a268b28,/p/0/1057d11ba59a78,3,200,302489,177.601,2693.327,112311
1787803367262,8992b43b-4174-a0c1-16dc-9bd47c511dd8,/p/0/ceb409f1d912bd80,5,200,367256,142.450,2853.478,128705
1787803355584,63feb0eb-2564-8058-5024-1e4cb93e9190,/p/0/3a8977700c0bbc08,3,200,5105484,152.308,14533.050,351302
1787803357197,09982139-5e76-f214-cc24-4e66c50bbb4e,/?crawl=226,0,200,368252,344.875,12937.689,28464
1787803366539,7d9bd299-f439-b81d-f69e-7c44eab037c8,/p/0/9cd275756c3c2243,1,200,220304,345.370,3631.725,60661
1787803364629,e51c2ccc-530c-0524-fc27-87f81183ca9e,/p/0/76a95ab7ecec4807,1,200,444764,85.035,5692.931,78126
1787803368178,63135859-d311-aab9-b4d2-e0ee12621def,/p/2/d3b2dead4587152f,2,200,131132,177.889,2144.651,61144
1787803370197,8f2e4d7d-498d-7300-494d-d801cfe79269,/?crawl=246,0,200,154249,19.004,189.402,814398
1787803362317,0749ca82-1e65-8f0a-ba8a-b79b9d25deac,/p/13/2d78c305405d18d9,4,200,238831,499.846,8134.271,29361
1787803367412,e07ca8dd-a6fc-0448-1afb-13a11a268b28,/p/0/105ad11ba59f91,3,200,361605,162.787,3117.749,115983
1787803365478,e51c2ccc-530c-0524-fc27-87f81183ca9e,/p/7/2ebb153e87f3360a,2,200,316602,370.230,5276.993,59997
1787803369565,fe9f5242-1dee-d8c5-2769-78aba5955fb8,/p/0/5c011e617ba2d9fb,4,200,96137,201.204,1205.979,79717
1787803364629,e51c2ccc-530c-0524-fc27-87f81183ca9e,/p/0/76a95bb7ecec49ba,1,200,467630,42.427,6147.995,76062
1787803346341,e74dc3e9-9b81-1c67-b868-f59eb1ef8038,/p/5/a4fec4c3164f7e7c,2,200,4212697,141.047,24512.989,171856
1787803367262,8992b43b-4174-a0c1-16dc-9bd47c511dd8,/p/0/ceb40cf1d912c299,5,200,386048,173.985,3654.521,105636
1787803367083,b3a23f41-af11-6422-808e-1c535d4af12f,/p/0/e017614ef21da597,10,200,172564,351.632,3838.618,44955
1787803366539,7d9bd299-f439-b81d-f69e-7c44eab037c8,/p/0/9cd276756c3c23f6,1,200,364844,76.687,4396.620,82983
1787803369459,1ff3bcd1-0da7-cd02-1374-522545639cba,/p/0/652f8c3dbab4b711,12,200,295511,105.694,1483.487,199200
1787803313330,c73dac6e-70cd-a441-9567-fe760f466832,/p/0/a74ee9b02ec1d9ce,2,200,5256822,1196.201,57782.755,90976
1787803345914,553b9ccc-860b-52b9-85ef-0d28103041fa,/p/0/f1980468211e12a9,4,200,2508386,213.614,25209.780,99501
1787803369565,fe9f5242-1dee-d8c5-2769-78aba5955fb8,/p/3/5c0120617ba2dd61,4,200,121559,344.939,1578.010,77033
1787803370012,8932535e-9b64-cb37-fd14-1d68673e7fd8,/p/0/b48202101edea630,1,200,189800,88.881,1213.296,156433
1787803369565,fe9f5242-1dee-d8c5-2769-78aba5955fb8,/p/0/5c011f617ba2dbae,4,200,147231,419.196,1802.291,81691
1787803370135,09982139-5e76-f214-cc24-4e66c50bbb4e,/p/0/fa5e42def3696b2,1,200,21085,775.766,1251.801,16844
1787803368619,94ddeec8-4713-1ccc-0771-93b0a7c1f7b0,/p/0/81a22b65c4236694,5,200,227471,319.584,2877.333,79056
1787803364654,29e71566-23fb-c266-6f70-fdb259fb1808,/p/0/a13b11581873fcd,1,200,3248151,53.097,6867.669,472963
1787803369459,1ff3bcd1-0da7-cd02-1374-522545639cba,/p/0/652f893dbab4b1f8,12,200,393510,61.763,2112.747,186255
1787803365125,a1600f92-0f69-ec40-9031-91960e1644b6,/p/0/b20827e588ac4450,2,200,248886,643.946,6488.960,38355
1787803371143,fe9f5242-1dee-d8c5-2769-78aba5955fb8,/p/2/df8b572a1cb3b5b3,5,200,27980,242.655,515.002,54330
1787803367262,8992b43b-4174-a0c1-16dc-9bd47c511dd8,/p/3/ceb40bf1d912c0e6,5,200,448310,142.412,4427.118,101265
1787803366135,4cc59da5-43fd-bad1-f6e4-04780c37b1b1,/p/0/6e7dd5184e671171,9,200,354176,255.547,5571.020,63575
1787803355265,fd5674f4-7e92-846e-8aca-195ffeced01e,/p/13/5566e2153165b113,1,200,2179636,346.477,16734.930,130245
1787803371197,0cac6aae-1489-56e0-7461-86608a6b60d9,/?crawl=247,0,200,375704,37.311,944.368,397836
1787803313330,c73dac6e-70cd-a441-9567-fe760f466832,/p/5/a74eeab02ec1db81,2,200,6200188,1241.476,58854.892,105347
1787803349551,fff1ea97-b6b4-3164-10bb-35abbc98d713,/p/0/a177a4d84f9d281b,12,0,3106139,308.702,22645.213,137165
1787803343979,fff1ea97-b6b4-3164-10bb-35abbc98d713,/p/0/d3ad0c8bb2f02098,11,0,2538455,466.926,28218.117,89958
1787803354843,fff1ea97-b6b4-3164-10bb-35abbc98d713,/p/0/d51a5ff51cd54edd,13,0,2028839,482.863,17353.640,116911
1787803354843,fff1ea97-b6b4-3164-10bb-35abbc98d713,/p/0/d51a5df51cd54b77,13,0,1884143,413.908,17353.652,108573
1787803340326,ae73129a-f067-5805-ca89-9ca050b023cd,/p/0/1a04aceb7222b81a,4,200,4251319,292.034,31877.727,133363
1787803370386,8f2e4d7d-498d-7300-494d-d801cfe79269,/p/0/115072a6e7dde19c,1,200,191889,93.872,1821.105,105370
1787803262511,19626a39-cfe2-b4f2-9bee-f6b505059680,/p/0/8f1fd7166f34ba2c,1,200,2796143,237.578,109798.702,25466
1787803370854,e74dc3e9-9b81-1c67-b868-f59eb1ef8038,/p/0/d84ae4f9331f77eb,3,200,119407,284.526,1470.186,81219
1787803371197,7c1e49a5-1a38-8625-e86a-7a995365ad59,/?crawl=248,0,200,507707,33.209,1135.688,447048
1787803346341,e74dc3e9-9b81-1c67-b868-f59eb1ef8038,/p/0/a4fec6c3164f81e2,2,200,4981158,43.422,26096.145,190877
1787803358174,702b7d66-0ccc-7dff-26e7-1a1bb8b4a3ab,/p/0/b9928783fe65db09,7,200,307335,740.627,14292.266,21504
1787803367472,4cc59da5-43fd-bad1-f6e4-04780c37b1b1,/p/0/6e7dd2184e670c58,9,200,370868,278.655,4997.854,74205
1787803370080,440d284a-4e1e-ee1c-2872-92f3eb9b00c6,/p/0/16de26a531d0f052,3,200,81316,323.538,2490.443,32651
1787803369716,ed44bc0f-ef2d-a9ce-7a2d-62863ae567a0,/p/0/133fd7f7b84a517,3,200,326183,255.358,2868.732,113703
1787803366135,4cc59da5-43fd-bad1-f6e4-04780c37b1b1,/p/0/6e7dd4184e670fbe,9,200,474410,236.900,6455.517,73489
1787803370386,8f2e4d7d-498d-7300-494d-d801cfe79269,/p/0/115075a6e7dde6b5,1,200,400592,93.624,2233.405,179364
1787803353792,de489acb-a1f2-3b88-37a4-73b1b11cf59c,/p/1/c2556bdfc5a92594,4,200,5703758,192.661,18885.227,302022
1787803372141,0cac6aae-1489-56e0-7461-86608a6b60d9,/p/0/a4bac8047c78d7af,1,200,372550,3.978,773.067,481912
1787803372141,0cac6aae-1489-56e0-7461-86608a6b60d9,/p/0/a4bac9047c78d962,1,200,377008,763.258,774.866,486546
1787803366477,c49809ce-1e0b-10d9-6024-9dfc810efd11,/p/0/827a942157525a49,8,200,276979,286.793,6480.465,42741
1787803359668,702b7d66-0ccc-7dff-26e7-1a1bb8b4a3ab,/p/9/89f860d4f3b34571,8,200,503841,714.167,13397.499,37607
1787803369716,ed44bc0f-ef2d-a9ce-7a2d-62863ae567a0,/p/0/133fe7f7b84a6ca,3,200,291085,237.972,3348.983,86917
1787803321731,19626a39-cfe2-b4f2-9bee-f6b505059680,/p/6/8cc8b306290d7fe0,6,0,1085634,261.761,51465.431,21094
1787803305314,19626a39-cfe2-b4f2-9bee-f6b505059680,/p/0/dfff0fff435fc24d,4,0,1739447,1548.034,67882.841,25624
1787803372185,c73dac6e-70cd-a441-9567-fe760f466832,/p/4/8b903e4fbaed97b5,3,200,96632,46.392,1150.030,84026
1787803338570,3952e698-9ec0-461c-370f-3bcdd2b0f130,/p/0/c40bc246897c422c,3,200,5499779,306.150,34811.876,157986
1787803354718,dfb72c95-9df6-a302-4f7f-eb28eb530616,/p/0/a9ef619b357a6101,11,200,5688371,159.972,18803.671,302514
1787803372332,7c1e49a5-1a38-8625-e86a-7a995365ad59,/p/1/38251f621113d128,1,200,213457,34.466,1271.222,167915
1787803366477,c49809ce-1e0b-10d9-6024-9dfc810efd11,/p/0/827a9221575256e3,8,200,478950,307.580,7170.805,66792
1787803368535,440d284a-4e1e-ee1c-2872-92f3eb9b00c6,/p/0/ffb9655fbf5cc3a6,2,200,465227,231.400,5132.083,90651
1787803372332,7c1e49a5-1a38-8625-e86a-7a995365ad59,/p/0/382521621113d48e,1,200,191000,167.361,1345.980,141904
1787803370854,e74dc3e9-9b81-1c67-b868-f59eb1ef8038,/p/0/d84ae5f9331f799e,3,200,430214,190.502,2841.117,151424
1787803372677,de489acb-a1f2-3b88-37a4-73b1b11cf59c,/p/0/b7c4b1cd6681d863,5,200,129530,199.117,1062.333,121930
1787803372466,702b7d66-0ccc-7dff-26e7-1a1bb8b4a3ab,/p/0/89f85fd4f3b343be,8,200,281422,731.042,1332.249,211238
1787803372185,c73dac6e-70cd-a441-9567-fe760f466832,/p/0/8b903d4fbaed9602,3,200,110268,46.321,1690.638,65223
1787803362197,321a4300-0258-0b4e-ecc7-17716e887cda,/?crawl=233,0,200,483346,310.899,11686.483,41359
1787803368222,a350c9e6-f13c-9da5-e0ca-0ad0e8044e1a,/p/2/ea7bc9ebbea7f8dc,1,200,5225756,75.932,5671.823,921354
1787803369586,8b6d1fd9-ed01-e254-8a8a-4186bf8c9e5b,/p/0/a0dc87360ace30ee,4,200,171665,530.829,4413.887,38892
1787803370080,440d284a-4e1e-ee1c-2872-92f3eb9b00c6,/p/0/16de25a531d0ee9f,3,200,342357,442.188,3998.133,85629
1787803360755,8b6d1fd9-ed01-e254-8a8a-4186bf8c9e5b,/p/0/694d9e24dfcdf091,3,200,481903,249.435,13328.540,36156
1787803369716,ed44bc0f-ef2d-a9ce-7a2d-62863ae567a0,/p/10/133ff7f7b84a87d,3,200,509329,237.966,4380.408,116274
1787803370854,e74dc3e9-9b81-1c67-b868-f59eb1ef8038,/p/4/d84ae3f9331f7638,3,200,497836,264.458,3285.070,151545
1787803368535,440d284a-4e1e-ee1c-2872-92f3eb9b00c6,/p/0/ffb9645fbf5cc1f3,2,200,419476,138.622,5615.752,74696
1787803340106,419ec04a-3ac5-43e5-eb84-bca38d6ad0bc,/p/0/db997556c7148edc,1,200,4762953,262.901,34090.141,139716
1787803373893,a350c9e6-f13c-9da5-e0ca-0ad0e8044e1a,/p/0/f902e310ae9cca2d,2,200,135016,14.414,329.614,409618
1787803368197,f8d57306-52e3-084e-5070-0ace3c1af0f2,/?crawl=243,0,200,4939077,18.046,6093.860,810501
1787803373065,702b7d66-0ccc-7dff-26e7-1a1bb8b4a3ab,/p/0/89f85ed4f3b3420b,8,200,499366,230.438,1419.680,351746
1787803367083,b3a23f41-af11-6422-808e-1c535d4af12f,/p/2/e017634ef21da8fd,10,200,451650,325.419,7454.115,60591
1787803372677,de489acb-a1f2-3b88-37a4-73b1b11cf59c,/p/0/b7c4b3cd6681dbc9,5,200,295235,118.032,1871.989,157712
1787803374290,f8d57306-52e3-084e-5070-0ace3c1af0f2,/p/0/5711738e2a0d0116,1,200,96476,77.322,293.216,329027
1787803374290,f8d57306-52e3-084e-5070-0ace3c1af0f2,/p/6/5711748e2a0d02c9,1,200,135298,32.564,399.006,339087
1787803372677,de489acb-a1f2-3b88-37a4-73b1b11cf59c,/p/0/b7c4b2cd6681da16,5,200,322674,38.367,2087.580,154568
1787803374290,f8d57306-52e3-084e-5070-0ace3c1af0f2,/p/0/5711728e2a0cff63,1,200,233817,17.934,491.085,476123
1787803361496,28cc50e5-3465-4b99-2b80-02383cb906cd,/p/0/9f51237ad89d854a,7,200,4033779,56.956,13291.751,303480
1787803374097,ed44bc0f-ef2d-a9ce-7a2d-62863ae567a0,/p/9/6163ffd0ecca2813,4,200,67320,222.805,716.142,94004
1787803370080,440d284a-4e1e-ee1c-2872-92f3eb9b00c6,/p/9/16de24a531d0ecec,3,200,483194,276.125,4801.582,100632
1787803327157,702b7d66-0ccc-7dff-26e7-1a1bb8b4a3ab,/p/0/180398b70d0e562d,4,200,3014735,714.099,47739.936,63149
1787803373893,a350c9e6-f13c-9da5-e0ca-0ad0e8044e1a,/p/1/f902e110ae9cc6c7,2,200,466413,83.185,1005.986,463638
1787803328910,b3a23f41-af11-6422-808e-1c535d4af12f,/p/0/6f6b352ad53eaf75,4,200,3105329,268.889,46081.669,67388
1787803372185,c73dac6e-70cd-a441-9567-fe760f466832,/p/0/8b903c4fbaed944f,3,200,332896,71.128,2910.060,114395
1787803373335,c73dac6e-70cd-a441-9567-fe760f466832,/p/0/b7fb0386a72cad28,4,200,85171,303.967,1759.917,48395
1787803351716,553b9ccc-860b-52b9-85ef-0d28103041fa,/p/0/998344e0f4fb7911,6,200,2097812,197.713,23428.569,89541
1787803369586,8b6d1fd9-ed01-e254-8a8a-4186bf8c9e5b,/p/0/a0dc86360ace2f3b,4,200,279092,390.636,5608.302,49764
1787803374139,e74dc3e9-9b81-1c67-b868-f59eb1ef8038,/p/0/88e6dfcd9b8c6121,4,200,141609,63.563,1136.831,124565
1787803371999,fd5674f4-7e92-846e-8aca-195ffeced01e,/p/12/1337023ad9c847dc,2,200,202300,323.161,3333.897,60680
1787803373335,c73dac6e-70cd-a441-9567-fe760f466832,/p/0/b7fb0686a72cb241,4,200,191564,279.865,2066.799,92686
1787803370755,e51c2ccc-530c-0524-fc27-87f81183ca9e,/p/6/e13fd3deb97c15ef,3,200,412870,282.628,4668.865,88430
1787803374139,e74dc3e9-9b81-1c67-b868-f59eb1ef8038,/p/0/88e6dccd9b8c5c08,4,200,142869,43.509,1311.752,108915
1787803369475,a1600f92-0f69-ec40-9031-91960e1644b6,/p/0/1892627559fc28b5,3,200,170937,585.887,5995.431,28511
1787803374689,f8d57306-52e3-084e-5070-0ace3c1af0f2,/p/0/f1d928b93ebb83ae,2,200,296206,92.000,1053.600,281137
1787803374690,f8d57306-52e3-084e-5070-0ace3c1af0f2,/p/0/f1d927b93ebb81fb,2,200,315208,91.927,1136.614,277322
1787803373798,702b7d66-0ccc-7dff-26e7-1a1bb8b4a3ab,/p/8/57101ccff403eeda,9,200,275998,1106.313,2044.276,135010
1787803374485,702b7d66-0ccc-7dff-26e7-1a1bb8b4a3ab,/p/0/57101dcff403f08d,9,200,510954,420.034,1378.196,370741
1787803374897,702b7d66-0ccc-7dff-26e7-1a1bb8b4a3ab,/p/0/57101acff403eb74,9,200,110462,959.167,966.878,114246
1787803374139,e74dc3e9-9b81-1c67-b868-f59eb1ef8038,/p/3/88e6decd9b8c5f6e,4,200,352226,198.265,1727.541,203889
1787803373603,7c1e49a5-1a38-8625-e86a-7a995365ad59,/p/0/4a5da096303911ae,2,200,302251,152.026,2271.375,133070
1787803370755,e51c2ccc-530c-0524-fc27-87f81183ca9e,/p/0/e13fd2deb97c143c,3,200,310019,261.331,5136.189,60360
1787803367392,8cb74705-6b91-38bf-1a7e-0901efe0c132,/p/0/ad42127b0f0a7b6e,2,200,4417833,33.888,8527.876,518046
1787803353702,9fdb75b2-e53e-03fe-6b2c-ae349e1d4f9c,/p/0/4527fa6abbabcae1,1,200,3062755,2.904,22291.145,137398
1787803372332,7c1e49a5-1a38-8625-e86a-7a995365ad59,/p/0/382520621113d2db,1,200,493104,69.446,3749.513,131511
1787803370323,63135859-d311-aab9-b4d2-e0ee12621def,/p/0/da4e145330fae84,3,200,273473,319.592,5761.751,47464
1787803373335,c73dac6e-70cd-a441-9567-fe760f466832,/p/3/b7fb0486a72caedb,4,200,375660,303.973,2782.454,135010
1787803367392,8cb74705-6b91-38bf-1a7e-0901efe0c132,/p/3/ad42107b0f0a7808,2,200,4268210,58.606,8802.292,484898
1787803369475,a1600f92-0f69-ec40-9031-91960e1644b6,/p/1/1892607559fc254f,3,200,177344,446.184,6763.171,26222
1787803354175,1ff3bcd1-0da7-cd02-1374-522545639cba,/p/0/edc56501409bd8fd,6,200,6139266,75.845,22121.449,277525
1787803366691,9faa9546-7464-257f-611f-fdcf1ef233cd,/p/0/303ccbd300d71a09,1,200,5519970,26.447,9752.382,566013
1787803369542,a3113622-153a-4853-9f4b-e682800ffcd5,/p/0/7194608b749e1db4,5,200,150626,599.614,6916.087,21779
1787803368178,63135859-d311-aab9-b4d2-e0ee12621def,/p/0/d3b2ddad4587137c,2,200,495064,148.262,8295.346,59680
1787803370451,0749ca82-1e65-8f0a-ba8a-b79b9d25deac,/p/0/f3f2996215456a72,5,200,144982,422.734,6038.057,24011
1787803370451,0749ca82-1e65-8f0a-ba8a-b79b9d25deac,/p/0/f3f29862154568bf,5,200,205604,422.699,6159.710,33379
1787803366749,6ecd8cf8-f9e4-22fd-ee79-91329d872865,/p/5/fab9880fb3a9e1c9,5,200,3432870,143.697,9862.537,348072
1787803374900,a350c9e6-f13c-9da5-e0ca-0ad0e8044e1a,/p/0/c69343646417fbe8,3,200,451675,74.338,1855.461,243430
1787803371143,fe9f5242-1dee-d8c5-2769-78aba5955fb8,/p/0/df8b592a1cb3b919,5,200,359458,187.602,5630.228,63844
1787803370323,63135859-d311-aab9-b4d2-e0ee12621def,/p/1/da4e345330fb1ea,3,200,304988,290.472,6470.214,47137
1787803376194,8cb74705-6b91-38bf-1a7e-0901efe0c132,/p/2/fddbfd8a7b865fe5,3,200,257342,15.940,612.284,420299
1787803376194,8cb74705-6b91-38bf-1a7e-0901efe0c132,/p/0/fddbfb8a7b865c7f,3,200,226301,16.093,674.307,335605
1787803340101,f3b91457-307d-d26c-a23a-f070dcbd30a4,/p/2/d87468923e0924b6,5,200,2523493,299.610,36909.095,68370
1787803373603,7c1e49a5-1a38-8625-e86a-7a995365ad59,/p/0/4a5d9e9630390e48,2,200,487033,169.499,3423.264,142272
1787803353702,9fdb75b2-e53e-03fe-6b2c-ae349e1d4f9c,/p/0/4527f76abbabc5c8,1,200,2498388,5.282,23357.292,106964
1787803376611,6ecd8cf8-f9e4-22fd-ee79-91329d872865,/p/4/2aec1ec35efef4b,6,200,64473,142.073,581.110,110948
1787803375867,e74dc3e9-9b81-1c67-b868-f59eb1ef8038,/p/0/5cd61092881a8250,5,200,155720,280.146,1374.984,113252
1787803374882,440d284a-4e1e-ee1c-2872-92f3eb9b00c6,/p/0/6a828bf4f9af7a51,4,200,297887,48.233,2458.090,121186
1787803370755,e51c2ccc-530c-0524-fc27-87f81183ca9e,/p/0/e13fd5deb97c1955,3,200,488102,374.315,6644.072,73464
1787803376117,c73dac6e-70cd-a441-9567-fe760f466832,/p/0/6081163806b4bba1,5,200,113102,333.927,1325.738,85312
1787803361807,8992b43b-4174-a0c1-16dc-9bd47c511dd8,/p/0/e87f1c368016d93,2,200,2183530,125.057,15645.765,139560
1787803374538,b3a23f41-af11-6422-808e-1c535d4af12f,/p/0/65e777ae8c7ed394,11,200,420660,427.554,2940.628,143051
1787803374538,b3a23f41-af11-6422-808e-1c535d4af12f,/p/1/65e779ae8c7ed6fa,11,200,467841,317.505,2941.555,159045
1787803376806,8cb74705-6b91-38bf-1a7e-0901efe0c132,/p/1/80faa4c03fc80b42,4,200,198141,76.173,731.066,271030
1787803377192,6ecd8cf8-f9e4-22fd-ee79-91329d872865,/p/0/bd02068950ccf16d,7,200,58966,140.758,478.585,123209
1787803371658,fe9f5242-1dee-d8c5-2769-78aba5955fb8,/p/0/5aaaec4bbd7a4ff6,6,200,311272,206.376,6076.621,51225
1787803361497,28cc50e5-3465-4b99-2b80-02383cb906cd,/p/3/9f51217ad89d81e4,7,200,5795048,34.978,16244.639,356736
1787803374882,440d284a-4e1e-ee1c-2872-92f3eb9b00c6,/p/0/6a8288f4f9af7538,4,200,410560,236.939,3072.879,133608
1787803377742,28cc50e5-3465-4b99-2b80-02383cb906cd,/p/0/e2b2939a92fe9a58,8,200,24782,122.898,214.712,115420
1787803356001,c5aa0efa-81cb-c472-cc06-ea5a979bd993,/p/2/367a8ce9186c7f72,1,200,2623272,164.114,22030.714,119073
1787803376611,6ecd8cf8-f9e4-22fd-ee79-91329d872865,/p/0/2aec3ec35eff2b1,6,200,187842,117.929,1565.676,119975
1787803356146,3e71326f-e416-3c5e-6236-7bd18a29c656,/p/5/20bbb2bceaeecdfb,5,0,45441,2763.575,22051.469,2061
1787803378197,3e71326f-e416-3c5e-6236-7bd18a29c656,/p/0/20bbb4bceaeed161,5,0,0,0.032,0.000,0
1787803263305,3e71326f-e416-3c5e-6236-7bd18a29c656,/p/0/2a728503140c6fdd,1,0,1348327,202.821,114892.258,11736
1787803320198,3e71326f-e416-3c5e-6236-7bd18a29c656,/p/0/15e6c3c0c6179c1c,4,0,297656,1483.877,57998.892,5132
1787803263305,3e71326f-e416-3c5e-6236-7bd18a29c656,/p/0/2a728203140c6ac4,1,0,1102951,1065.913,114892.265,9600
1787803356145,3e71326f-e416-3c5e-6236-7bd18a29c656,/p/0/20bbb1bceaeecc48,5,0,92664,2544.289,22051.839,4202
1787803320199,3e71326f-e416-3c5e-6236-7bd18a29c656,/p/0/15e6c6c0c617a135,4,0,296754,1261.736,57998.843,5117
1787803376117,c73dac6e-70cd-a441-9567-fe760f466832,/p/0/6081133806b4b688,5,200,270773,48.250,2186.855,123818
1787803376117,c73dac6e-70cd-a441-9567-fe760f466832,/p/2/6081153806b4b9ee,5,200,303731,118.088,2259.818,134405
1787803370323,63135859-d311-aab9-b4d2-e0ee12621def,/p/0/da4e445330fb39d,3,200,476421,319.634,8145.813,58487
1787803374690,f8d57306-52e3-084e-5070-0ace3c1af0f2,/p/5/f1d926b93ebb8048,2,200,2853520,92.026,3796.065,751705
1787803370386,8f2e4d7d-498d-7300-494d-d801cfe79269,/p/1/115074a6e7dde502,1,200,5616928,19.003,8133.384,690602
1787803375866,e74dc3e9-9b81-1c67-b868-f59eb1ef8038,/p/0/5cd61392881a8769,5,200,353551,259.566,2664.611,132684
1787803375864,702b7d66-0ccc-7dff-26e7-1a1bb8b4a3ab,/p/0/42769d76a5049463,10,200,146349,2769.041,2774.675,52745
1787803378519,8f2e4d7d-498d-7300-494d-d801cfe79269,/p/0/9e8b1965958d040e,2,200,59149,16.918,149.273,396246
1787803377741,28cc50e5-3465-4b99-2b80-02383cb906cd,/p/2/e2b2949a92fe9c0b,8,200,464476,45.052,1030.084,450911
1787803378519,8f2e4d7d-498d-7300-494d-d801cfe79269,/p/0/9e8b1a65958d05c1,2,200,79596,59.922,274.081,290411
1787803371999,fd5674f4-7e92-846e-8aca-195ffeced01e,/p/0/1337043ad9c84b42,2,200,425763,346.897,6830.125,62336
1787803378519,8f2e4d7d-498d-7300-494d-d801cfe79269,/p/0/9e8b1865958d025b,2,200,127832,16.968,318.740,401054
1787803378032,c5aa0efa-81cb-c472-cc06-ea5a979bd993,/p/0/da19c5a541c345f6,2,200,51609,184.041,831.679,62054
1787803377741,28cc50e5-3465-4b99-2b80-02383cb906cd,/p/0/e2b2969a92fe9f71,8,200,290653,272.437,1183.214,245647
1787803336734,f3b91457-307d-d26c-a23a-f070dcbd30a4,/p/0/58cd6bcdf9f7a850,4,200,2817762,292.764,42307.862,66601
1787803378032,c5aa0efa-81cb-c472-cc06-ea5a979bd993,/p/0/da19c4a541c34443,2,200,105375,199.475,1012.208,104104
1787803378032,c5aa0efa-81cb-c472-cc06-ea5a979bd993,/p/1/da19c6a541c347a9,2,200,89866,217.253,1012.200,88783
1787803378486,f8d57306-52e3-084e-5070-0ace3c1af0f2,/p/0/a4ec3dd8bc5e4677,3,200,209493,18.525,597.409,350669
1787803376611,6ecd8cf8-f9e4-22fd-ee79-91329d872865,/p/0/2aec0ec35efed98,6,200,330099,142.039,2511.255,131448
1787803365125,a1600f92-0f69-ec40-9031-91960e1644b6,/p/0/b2082ae588ac4969,2,200,447723,643.730,14015.543,31945
1787803376774,fe9f5242-1dee-d8c5-2769-78aba5955fb8,/p/0/5aaaeb4bbd7a4e43,6,200,193688,222.179,2385.740,81186
1787803376793,63135859-d311-aab9-b4d2-e0ee12621def,/p/0/d96e9b90b36bfad8,4,200,101058,672.748,2377.323,42509
1787803378771,28cc50e5-3465-4b99-2b80-02383cb906cd,/p/0/7f532df17cce2dfe,9,200,50880,141.991,405.325,125529
1787803371143,fe9f5242-1dee-d8c5-2769-78aba5955fb8,/p/0/df8b562a1cb3b400,5,200,508650,480.069,8067.879,63046
1787803378486,f8d57306-52e3-084e-5070-0ace3c1af0f2,/p/4/a4ec3fd8bc5e49dd,3,200,364074,18.468,1006.130,361856
1787803378486,f8d57306-52e3-084e-5070-0ace3c1af0f2,/p/0/a4ec3ed8bc5e482a,3,200,483226,59.233,1069.849,451677
1787803378771,28cc50e5-3465-4b99-2b80-02383cb906cd,/p/0/7f532cf17cce2c4b,9,200,270522,130.644,944.224,286502
1787803377010,f3b91457-307d-d26c-a23a-f070dcbd30a4,/p/1/ec7499449b43907e,6,200,73335,1222.319,2722.204,26940
1787803374097,ed44bc0f-ef2d-a9ce-7a2d-62863ae567a0,/p/0/616401d0ecca2b79,4,200,463057,185.488,5683.444,81475
1787803343646,b3a23f41-af11-6422-808e-1c535d4af12f,/p/0/bab22e4c322a6372,7,200,2725041,270.868,36311.699,75046
1787803377479,b3a23f41-af11-6422-808e-1c535d4af12f,/p/0/574036d6d9f4cd0,12,200,138462,2488.593,2495.994,55474
1787803374882,440d284a-4e1e-ee1c-2872-92f3eb9b00c6,/p/8/6a828af4f9af789e,4,200,5947725,236.961,5095.484,1167254
1787803378771,28cc50e5-3465-4b99-2b80-02383cb906cd,/p/1/7f532ef17cce2fb1,9,200,447041,130.600,1264.789,353451
1787803374813,ed44bc0f-ef2d-a9ce-7a2d-62863ae567a0,/p/8/e310d133a0964032,5,200,362791,255.321,5301.473,68432
1787803376238,a1600f92-0f69-ec40-9031-91960e1644b6,/p/0/4149220691c19017,4,200,79324,803.735,3914.375,20265
1787803379977,440d284a-4e1e-ee1c-2872-92f3eb9b00c6,/p/0/263a18d2a4bb30d4,5,200,369195,2.589,335.410,1100727
1787803345252,8e7a01ec-a46f-8fd1-cdff-5aa0b89c8aab,/p/0/c64acc535a57cc55,9,200,5265760,331.766,35075.904,150125
1787803375333,fd5674f4-7e92-846e-8aca-195ffeced01e,/p/0/13d18b09d55691d8,3,200,272737,273.827,5007.159,54469
1787803376793,63135859-d311-aab9-b4d2-e0ee12621def,/p/0/d96e9c90b36bfc8b,4,200,243451,291.681,3551.231,68554
1787803379977,440d284a-4e1e-ee1c-2872-92f3eb9b00c6,/p/0/263a1bd2a4bb35ed,5,200,328696,2.727,379.404,866348
1787803379977,440d284a-4e1e-ee1c-2872-92f3eb9b00c6,/p/7/263a1ad2a4bb343a,5,200,521833,15.127,413.536,1261879
1787803380391,440d284a-4e1e-ee1c-2872-92f3eb9b00c6,/p/6/cc7f0e8e01a2812a,6,200,47233,2.911,16.510,2860903
1787803375424,e51c2ccc-530c-0524-fc27-87f81183ca9e,/p/5/5f55ac4cd1f4b14e,4,200,316900,396.253,5093.681,62214
1787803380115,ed44bc0f-ef2d-a9ce-7a2d-62863ae567a0,/p/7/6b6a63c9ee6eb5f8,6,200,42437,228.857,491.587,86327
1787803379732,f3b91457-307d-d26c-a23a-f070dcbd30a4,/p/0/27b1889c98cc4803,7,200,12935,323.141,923.917,14000
1787803377537,8cb74705-6b91-38bf-1a7e-0901efe0c132,/p/0/a9ddb7d9be2f4e7d,5,200,137676,172.524,3252.882,42324
1787803376806,8cb74705-6b91-38bf-1a7e-0901efe0c132,/p/0/80faa5c03fc80cf5,4,200,272946,83.673,3984.264,68506
1787803377537,8cb74705-6b91-38bf-1a7e-0901efe0c132,/p/0/a9ddb4d9be2f4964,5,200,259581,111.849,3260.440,79615
1787803380114,ed44bc0f-ef2d-a9ce-7a2d-62863ae567a0,/p/0/6b6a64c9ee6eb7ab,6,200,51584,285.494,972.345,53051
1787803375424,e51c2ccc-530c-0524-fc27-87f81183ca9e,/p/0/5f55aa4cd1f4ade8,4,200,406650,268.139,5668.954,71733
1787803380037,28cc50e5-3465-4b99-2b80-02383cb906cd,/p/0/6f953a06cd41525c,10,200,199179,133.481,1108.475,179687
1787803380037,28cc50e5-3465-4b99-2b80-02383cb906cd,/p/0/6f953b06cd41540f,10,200,306091,42.433,1132.840,270198
1787803380518,e51c2ccc-530c-0524-fc27-87f81183ca9e,/p/4/90fb1c8493151559,5,200,29946,244.662,813.847,36796
1787803379044,c5aa0efa-81cb-c472-cc06-ea5a979bd993,/p/0/151a525ee1071e8e,3,200,146496,188.757,2293.214,63882
1787803380391,440d284a-4e1e-ee1c-2872-92f3eb9b00c6,/p/0/cc7f0c8e01a27dc4,6,200,290384,2.887,977.179,297166
1787803380391,440d284a-4e1e-ee1c-2872-92f3eb9b00c6,/p/0/cc7f0f8e01a282dd,6,200,517132,3.037,979.423,527997
1787803379492,f8d57306-52e3-084e-5070-0ace3c1af0f2,/p/0/c40eac99a37fccd7,4,200,500504,63.629,2056.308,243399
1787803380518,e51c2ccc-530c-0524-fc27-87f81183ca9e,/p/0/90fb1b84931513a6,5,200,47717,268.235,1053.948,45275
1787803378378,c73dac6e-70cd-a441-9567-fe760f466832,/p/0/fa254c5fab020919,6,200,374145,45.524,3301.417,113329
1787803380407,440d284a-4e1e-ee1c-2872-92f3eb9b00c6,/p/0/e2af702201478b62,7,200,332295,963.021,1295.939,256413
1787803373197,1e6d9d81-8b6c-6e3a-7184-79ceb2af2878,/?crawl=249,0,200,2574606,48.924,8542.109,301402
1787803381332,e51c2ccc-530c-0524-fc27-87f81183ca9e,/p/3/bf80c196ae151d60,6,200,21646,285.256,550.043,39353
1787803377479,b3a23f41-af11-6422-808e-1c535d4af12f,/p/0/574066d6d9f51e9,12,200,290957,2487.155,4504.204,64597
1787803378377,c73dac6e-70cd-a441-9567-fe760f466832,/p/0/fa25495fab020400,6,200,483924,227.695,3678.340,131560
1787803356001,c5aa0efa-81cb-c472-cc06-ea5a979bd993,/p/0/367a8de9186c8125,1,200,3252619,126.547,26079.792,124718
1787803335213,9e0fba65-906f-29ac-85bf-db388693d2aa,/p/0/28824581901ecad,4,200,2766957,240.012,46910.910,58983
1787803378377,c73dac6e-70cd-a441-9567-fe760f466832,/p/1/fa254b5fab020766,6,200,333068,227.376,3864.885,86178
1787803374813,ed44bc0f-ef2d-a9ce-7a2d-62863ae567a0,/p/0/e310d233a09641e5,5,200,477235,424.345,7529.481,63382
1787803376793,63135859-d311-aab9-b4d2-e0ee12621def,/p/0/d96e9e90b36bfff1,4,200,514599,378.495,5573.190,92335
1787803360755,8b6d1fd9-ed01-e254-8a8a-4186bf8c9e5b,/p/0/694d9b24dfcdeb78,3,200,2146769,311.733,21735.785,98767
1787803340321,f9ac92eb-1252-5f06-7cc4-1f45fa8220a1,/p/0/ed2cdec388f8c9da,3,200,498521,210.134,42216.572,11809
1787803367268,1ff3bcd1-0da7-cd02-1374-522545639cba,/p/0/2c0323e38e881dc1,10,200,5226679,67.948,15334.401,340847
1787803380656,f3b91457-307d-d26c-a23a-f070dcbd30a4,/p/0/27b1899c98cc49b6,7,200,111206,343.812,2093.187,53128
1787803323977,702b7d66-0ccc-7dff-26e7-1a1bb8b4a3ab,/p/0/6e534fe2f2b8203c,3,200,4414917,437.655,58825.703,75051
1787803359146,71d51f65-0f4a-4aae-f6b2-ad04f139a00e,/p/1/4413010b5e8dbc42,2,200,4050080,513.555,23730.055,170673
1787803372141,0cac6aae-1489-56e0-7461-86608a6b60d9,/p/2/a4baca047c78db15,1,200,4334352,3.214,10763.132,402704
1787803379732,f3b91457-307d-d26c-a23a-f070dcbd30a4,/p/0/27b1879c98cc4650,7,200,113990,423.136,3216.589,35438
1787803381739,1e6d9d81-8b6c-6e3a-7184-79ceb2af2878,/p/0/cb8f76bfa5aecaa1,1,200,135988,46.521,1226.130,110908
1787803381739,1e6d9d81-8b6c-6e3a-7184-79ceb2af2878,/p/0/cb8f73bfa5aec588,1,200,132841,46.343,1317.192,100852
1787803362180,e07ca8dd-a6fc-0448-1afb-13a11a268b28,/p/0/9595ace405e5748f,1,200,4686088,29.987,21325.000,219746
1787803382876,71d51f65-0f4a-4aae-f6b2-ad04f139a00e,/p/0/27ac29500922584f,3,200,62603,201.655,638.165,98098
1787803369114,419ec04a-3ac5-43e5-eb84-bca38d6ad0bc,/p/1/3c6af305e40583b6,2,200,4122802,271.860,14432.682,285657
1787803369114,419ec04a-3ac5-43e5-eb84-bca38d6ad0bc,/p/0/3c6af105e4058050,2,200,4129854,249.066,14442.612,285949
1787803383547,419ec04a-3ac5-43e5-eb84-bca38d6ad0bc,/p/0/5e92a50daea881d4,3,200,73902,11.927,95.864,770904
1787803331362,4cc59da5-43fd-bad1-f6e4-04780c37b1b1,/p/0/d4f22b39a27aee44,4,200,5887083,242.063,52321.417,112518
1787803382904,0cac6aae-1489-56e0-7461-86608a6b60d9,/p/0/dc389e663da36b57,2,200,148187,34.623,870.761,170181
1787803369475,a1600f92-0f69-ec40-9031-91960e1644b6,/p/0/18925f7559fc239c,3,200,484493,486.222,14415.740,33609
1787803347514,8e7a01ec-a46f-8fd1-cdff-5aa0b89c8aab,/p/0/a63a6d5a7860bd70,10,200,4819008,1272.336,36612.037,131624
1787803364634,6ecd8cf8-f9e4-22fd-ee79-91329d872865,/p/0/111ed4108e6fd1d7,4,200,5170833,133.019,19530.736,264754
1787803381739,1e6d9d81-8b6c-6e3a-7184-79ceb2af2878,/p/9/cb8f74bfa5aec73b,1,200,521668,135.419,2457.493,212276
1787803381087,ed44bc0f-ef2d-a9ce-7a2d-62863ae567a0,/p/6/c7440c51a7663fb2,7,200,269586,220.200,3143.434,85762
1787803340101,f3b91457-307d-d26c-a23a-f070dcbd30a4,/p/0/d87469923e092669,5,200,2395276,299.527,44149.348,54254
1787803367268,1ff3bcd1-0da7-cd02-1374-522545639cba,/p/0/2c0320e38e8818a8,10,200,6204892,62.162,17084.693,363184
1787803362115,553b9ccc-860b-52b9-85ef-0d28103041fa,/p/3/73e79f4b02eff6,9,200,3146175,191.949,22266.739,141295
1787803382243,c73dac6e-70cd-a441-9567-fe760f466832,/p/0/8cdfe539b70c408c,7,200,288107,46.534,2220.221,129765
1787803380407,440d284a-4e1e-ee1c-2872-92f3eb9b00c6,/p/0/e2af6f22014789af,7,200,3735946,964.860,4080.887,915474
1787803382876,71d51f65-0f4a-4aae-f6b2-ad04f139a00e,/p/0/27ac28500922569c,3,200,175864,221.385,1683.835,104443
1787803369586,8b6d1fd9-ed01-e254-8a8a-4186bf8c9e5b,/p/0/a0dc88360ace32a1,4,200,2338499,530.830,15130.641,154554
1787803384196,1e6d9d81-8b6c-6e3a-7184-79ceb2af2878,/p/0/9be2cc8def5a74a,2,200,83854,46.501,553.558,151482
1787803382904,0cac6aae-1489-56e0-7461-86608a6b60d9,/p/1/dc389d663da369a4,2,200,332303,139.322,1847.882,179829
1787803377479,b3a23f41-af11-6422-808e-1c535d4af12f,/p/0/574046d6d9f4e83,12,200,433590,2488.756,7290.992,59469
1787803382904,0cac6aae-1489-56e0-7461-86608a6b60d9,/p/0/dc389f663da36d0a,2,200,297905,176.012,1919.719,155182
1787803359591,4cc59da5-43fd-bad1-f6e4-04780c37b1b1,/p/0/d7f5619b992961b0,7,200,2776278,347.114,25266.250,109881
1787803369459,1ff3bcd1-0da7-cd02-1374-522545639cba,/p/0/652f8a3dbab4b3ab,12,200,6276774,72.632,15523.871,404330
1787803381882,e51c2ccc-530c-0524-fc27-87f81183ca9e,/p/2/f2c702531ba62d9c,7,200,144988,278.223,3125.171,46394
1787803380517,e51c2ccc-530c-0524-fc27-87f81183ca9e,/p/0/90fb1a84931511f3,5,200,241824,336.958,4492.818,53825
1787803384382,553b9ccc-860b-52b9-85ef-0d28103041fa,/p/0/5f4850fde511eb0d,10,200,12922,373.388,803.005,16092
1787803384382,553b9ccc-860b-52b9-85ef-0d28103041fa,/p/2/5f484ffde511e95a,10,200,30220,392.734,818.526,36920
1787803382243,c73dac6e-70cd-a441-9567-fe760f466832,/p/0/8cdfe839b70c45a5,7,200,352365,281.549,3022.374,116586
1787803376238,a1600f92-0f69-ec40-9031-91960e1644b6,/p/0/4149230691c191ca,4,200,417505,523.428,9142.968,45664
1787803383547,419ec04a-3ac5-43e5-eb84-bca38d6ad0bc,/p/0/5e92a80daea886ed,3,200,3724138,19.631,1872.098,1989286
1787803377010,f3b91457-307d-d26c-a23a-f070dcbd30a4,/p/0/ec749a449b439231,6,200,312200,402.490,8503.433,36715
1787803383547,419ec04a-3ac5-43e5-eb84-bca38d6ad0bc,/p/0/5e92a70daea8853a,3,200,3957704,33.014,2004.498,1974411
1787803381331,e51c2ccc-530c-0524-fc27-87f81183ca9e,/p/0/bf80c296ae151f13,6,200,354716,218.818,4335.782,81811
1787803384196,1e6d9d81-8b6c-6e3a-7184-79ceb2af2878,/p/0/9be2bc8def5a597,2,200,389538,177.563,1482.349,262784
1787803384196,1e6d9d81-8b6c-6e3a-7184-79ceb2af2878,/p/8/9be2dc8def5a8fd,2,200,508328,68.203,1483.222,342719
1787803382124,9e0fba65-906f-29ac-85bf-db388693d2aa,/p/0/815117e1e2842812,9,200,150976,901.865,3595.722,41988
1787803373604,7c1e49a5-1a38-8625-e86a-7a995365ad59,/p/0/4a5d9f9630390ffb,2,200,4474048,151.990,12348.160,362325
1787803380407,440d284a-4e1e-ee1c-2872-92f3eb9b00c6,/p/5/e2af6e22014787fc,7,200,6170973,964.414,5589.417,1104046
1787803384382,553b9ccc-860b-52b9-85ef-0d28103041fa,/p/0/5f484dfde511e5f4,10,200,134935,304.225,1652.402,81660
1787803340100,f3b91457-307d-d26c-a23a-f070dcbd30a4,/p/0/d87466923e092150,5,200,2615237,328.087,46131.370,56691
1787803382876,71d51f65-0f4a-4aae-f6b2-ad04f139a00e,/p/0/27ac2a5009225a02,3,200,462688,221.500,3485.148,132760
1787803385010,e51c2ccc-530c-0524-fc27-87f81183ca9e,/p/0/f2c704531ba63102,7,200,185598,748.701,1482.654,125180
1787803347514,8e7a01ec-a46f-8fd1-cdff-5aa0b89c8aab,/p/0/a63a6f5a7860c0d6,10,200,6181241,1272.406,39082.672,158158
1787803374538,b3a23f41-af11-6422-808e-1c535d4af12f,/p/0/65e77aae8c7ed8ad,11,200,2142551,372.645,12103.854,177014
1787803361008,9fdb75b2-e53e-03fe-6b2c-ae349e1d4f9c,/p/21/3aeec30b38d434d4,3,200,3475519,492.676,25812.646,134644
1787803375867,e74dc3e9-9b81-1c67-b868-f59eb1ef8038,/p/2/5cd61192881a8403,5,200,3484836,37.053,11014.178,316395
1787803385667,e51c2ccc-530c-0524-fc27-87f81183ca9e,/p/1/1551c68beea37cb7,8,200,264765,1141.746,1217.241,217512
1787803385007,e51c2ccc-530c-0524-fc27-87f81183ca9e,/p/0/f2c703531ba62f4f,7,200,396884,739.960,1898.395,209063
1787803360501,4cc59da5-43fd-bad1-f6e4-04780c37b1b1,/p/0/d7f5649b992966c9,7,200,5802871,262.607,26490.073,219058
1787803385200,553b9ccc-860b-52b9-85ef-0d28103041fa,/p/0/1066125e7a44d334,11,200,168586,345.162,1875.910,89869
1787803385200,553b9ccc-860b-52b9-85ef-0d28103041fa,/p/1/1066145e7a44d69a,11,200,199430,251.394,1876.310,106288
1787803385997,440d284a-4e1e-ee1c-2872-92f3eb9b00c6,/p/0/3cd75d177b5df60d,8,200,361421,324.802,1087.376,332379
1787803340321,f9ac92eb-1252-5f06-7cc4-1f45fa8220a1,/p/0/ed2cddc388f8c827,3,200,493961,156.264,46825.937,10549
1787803386493,e51c2ccc-530c-0524-fc27-87f81183ca9e,/p/0/1551c58beea37b04,8,200,416144,445.591,702.010,592789
1787803385997,440d284a-4e1e-ee1c-2872-92f3eb9b00c6,/p/0/3cd75a177b5df0f4,8,200,386618,3.348,1209.311,319701
1787803353630,1444af44-e257-f0a8-290f-fb91f3b658e2,/p/0/ef26748357af845c,6,0,269227,954.009,33576.610,8018
1787803347951,1444af44-e257-f0a8-290f-fb91f3b658e2,/p/0/66dd20289177a376,4,0,955111,218.030,39256.143,24330
1787803347951,1444af44-e257-f0a8-290f-fb91f3b658e2,/p/0/66dd1f289177a1c3,4,0,1026315,52.389,39256.080,26144
1787803353630,1444af44-e257-f0a8-290f-fb91f3b658e2,/p/0/ef26768357af87c2,6,0,475400,269.318,33576.640,14159
1787803386881,e74dc3e9-9b81-1c67-b868-f59eb1ef8038,/p/0/1bbcef095248e317,6,200,41703,171.611,383.560,108726
1787803386881,e74dc3e9-9b81-1c67-b868-f59eb1ef8038,/p/1/1bbcf1095248e67d,6,200,81268,58.305,514.361,157998
1787803387195,e51c2ccc-530c-0524-fc27-87f81183ca9e,/p/0/f5f4cb1aa3f5f335,9,200,80027,390.451,443.630,180391
1787803385201,553b9ccc-860b-52b9-85ef-0d28103041fa,/p/0/1066155e7a44d84d,11,200,467435,251.396,2513.393,185978
1787803380036,28cc50e5-3465-4b99-2b80-02383cb906cd,/p/0/6f953c06cd4155c2,10,200,4787729,123.863,7771.363,616073
1787803386884,e51c2ccc-530c-0524-fc27-87f81183ca9e,/p/0/1551c88beea3801d,8,200,213207,687.462,1068.009,199630
1787803374899,a350c9e6-f13c-9da5-e0ca-0ad0e8044e1a,/p/0/c693466464180101,3,200,3951838,96.951,13093.540,301816
1787803354636,553b9ccc-860b-52b9-85ef-0d28103041fa,/p/0/c76d01af8789ca6f,7,200,5312888,352.574,33431.074,158921
1787803387077,553b9ccc-860b-52b9-85ef-0d28103041fa,/p/0/d9471d7edfb1657f,12,200,176767,988.298,995.172,177625
1787803386905,e51c2ccc-530c-0524-fc27-87f81183ca9e,/p/0/f5f4ca1aa3f5f182,9,200,483533,666.315,1195.781,404366
1787803359146,71d51f65-0f4a-4aae-f6b2-ad04f139a00e,/p/0/4412ff0b5e8db8dc,2,200,5354420,376.134,29248.268,183068
1787803379492,f8d57306-52e3-084e-5070-0ace3c1af0f2,/p/0/c40ead99a37fce8a,4,200,4104340,71.435,9083.365,451852
1787803387639,e51c2ccc-530c-0524-fc27-87f81183ca9e,/p/0/f5f4c81aa3f5ee1c,9,200,265671,649.837,1038.751,255760
1787803370135,09982139-5e76-f214-cc24-4e66c50bbb4e,/p/0/fa5e32def3694ff,1,200,389212,634.910,18587.895,20939
1787803370135,09982139-5e76-f214-cc24-4e66c50bbb4e,/p/0/fa5e22def36934c,1,200,408831,1919.333,18747.872,21807
1787803367412,e07ca8dd-a6fc-0448-1afb-13a11a268b28,/p/11/1058d11ba59c2b,3,200,5920408,177.678,21622.066,273813
1787803375424,e51c2ccc-530c-0524-fc27-87f81183ca9e,/p/0/5f55ad4cd1f4b301,4,200,4484830,245.388,13653.865,328466
1787803386821,9fdb75b2-e53e-03fe-6b2c-ae349e1d4f9c,/p/0/e1d12717c194925d,4,200,269972,60.462,2538.328,106358
1787803384230,ed44bc0f-ef2d-a9ce-7a2d-62863ae567a0,/p/0/c7440a51a7663c4c,7,200,402134,560.636,5176.203,77689
1787803385997,440d284a-4e1e-ee1c-2872-92f3eb9b00c6,/p/4/3cd75b177b5df2a7,8,200,457336,324.650,3637.083,125743
1787803373893,a350c9e6-f13c-9da5-e0ca-0ad0e8044e1a,/p/0/f902e010ae9cc514,2,200,5153480,98.382,15882.560,324474
1787803363562,8992b43b-4174-a0c1-16dc-9bd47c511dd8,/p/0/b53f4ba76904c0d7,3,200,3205738,139.507,26376.195,121539
1787803365478,e51c2ccc-530c-0524-fc27-87f81183ca9e,/p/0/2ebb133e87f332a4,2,200,6031369,391.032,24498.063,246198
1787803389634,440d284a-4e1e-ee1c-2872-92f3eb9b00c6,/p/0/a37bbc540b17deb4,9,200,68897,70.959,437.445,157499
1787803374899,a350c9e6-f13c-9da5-e0ca-0ad0e8044e1a,/p/0/c69344646417fd9b,3,200,5042598,74.366,15244.890,330773
1787803379492,f8d57306-52e3-084e-5070-0ace3c1af0f2,/p/3/c40eae99a37fd03d,4,200,5555449,79.986,10720.743,518196
1787803371690,8992b43b-4174-a0c1-16dc-9bd47c511dd8,/p/2/a119720d97137cf1,6,200,2125832,176.398,18525.865,114749
1787803373883,321a4300-0258-0b4e-ecc7-17716e887cda,/p/0/22b5786714a7e7c,1,200,175647,624.445,16360.943,10736
1787803390213,f8d57306-52e3-084e-5070-0ace3c1af0f2,/p/2/948ffaa3a09efd46,5,200,18411,17.618,31.570,583183
1787803368453,fe9f5242-1dee-d8c5-2769-78aba5955fb8,/p/0/8c43a30c9be0dcb0,3,200,2242604,146.774,21882.570,102484
1787803390244,f8d57306-52e3-084e-5070-0ace3c1af0f2,/p/0/7788c8243695fe,6,200,24762,81.669,211.670,116984
1787803377010,f3b91457-307d-d26c-a23a-f070dcbd30a4,/p/0/ec7497449b438d18,6,200,2538538,489.886,13478.208,188344
1787803390216,8992b43b-4174-a0c1-16dc-9bd47c511dd8,/p/0/aa40922055782b34,7,200,72035,132.940,440.536,163517
1787803370013,8932535e-9b64-cb37-fd14-1d68673e7fd8,/p/0/b48205101edeab49,1,200,2589191,311.770,20771.933,124649
1787803370013,8932535e-9b64-cb37-fd14-1d68673e7fd8,/p/12/b48204101edea996,1,200,2669805,338.386,20798.762,128364
1787803390244,f8d57306-52e3-084e-5070-0ace3c1af0f2,/p/1/7786c824369298,6,200,121866,89.431,573.828,212374
1787803390213,f8d57306-52e3-084e-5070-0ace3c1af0f2,/p/0/948ff8a3a09ef9e0,5,200,139101,31.561,621.787,223712
1787803390215,8992b43b-4174-a0c1-16dc-9bd47c511dd8,/p/1/aa40932055782ce7,7,200,60590,157.200,676.537,89559
1787803381571,e51c2ccc-530c-0524-fc27-87f81183ca9e,/p/0/bf80c396ae1520c6,6,200,6059432,288.004,9328.844,649537
1787803390811,8932535e-9b64-cb37-fd14-1d68673e7fd8,/p/11/6ee339570a76145f,2,200,19123,53.834,133.033,143747
1787803387395,e74dc3e9-9b81-1c67-b868-f59eb1ef8038,/p/0/e2ca5d09566bc37,7,200,315533,244.723,3554.729,88764
1787803386821,9fdb75b2-e53e-03fe-6b2c-ae349e1d4f9c,/p/20/e1d12617c19490aa,4,200,376755,304.075,4366.090,86291
1787803387395,e74dc3e9-9b81-1c67-b868-f59eb1ef8038,/p/0/e2ca7d09566bf9d,7,200,370093,299.980,3965.541,93327
1787803386881,e74dc3e9-9b81-1c67-b868-f59eb1ef8038,/p/0/1bbcf0095248e4ca,6,200,470613,38.109,4479.894,105050
1787803385679,1e6d9d81-8b6c-6e3a-7184-79ceb2af2878,/p/0/1fa91079fa865650,3,200,276990,1081.534,5897.786,46965
1787803376806,8cb74705-6b91-38bf-1a7e-0901efe0c132,/p/0/80faa2c03fc807dc,4,200,4050642,83.692,14862.170,272547
1787803390818,f8d57306-52e3-084e-5070-0ace3c1af0f2,/p/0/a9eac681b4f84e97,7,200,125924,80.740,900.294,139870
1787803390945,8932535e-9b64-cb37-fd14-1d68673e7fd8,/p/0/b9173b9657e1b17f,3,200,8377,611.026,1194.281,7014
1787803390818,f8d57306-52e3-084e-5070-0ace3c1af0f2,/p/0/a9eac781b4f8504a,7,200,307037,88.588,1422.207,215888
1787803385720,9e0fba65-906f-29ac-85bf-db388693d2aa,/p/0/146daeb5063cf05a,10,200,224064,313.345,6532.875,34298
1787803377192,6ecd8cf8-f9e4-22fd-ee79-91329d872865,/p/0/bd02038950ccec54,7,200,3670176,188.805,15268.291,240379
1787803390818,f8d57306-52e3-084e-5070-0ace3c1af0f2,/p/0/a9eac581b4f84ce4,7,200,503865,88.545,1748.985,288090
1787803385679,1e6d9d81-8b6c-6e3a-7184-79ceb2af2878,/p/7/1fa91179fa865803,3,200,484755,424.380,6934.881,69901
1787803390892,8992b43b-4174-a0c1-16dc-9bd47c511dd8,/p/0/ef03219c4b985cb8,8,200,146319,158.894,1782.137,82103
1787803389034,e07ca8dd-a6fc-0448-1afb-13a11a268b28,/p/0/87cb6d260ffd0118,4,200,452562,180.199,3726.293,121451
1787803391187,9fdb75b2-e53e-03fe-6b2c-ae349e1d4f9c,/p/0/5a652264195dac85,5,200,90687,549.463,1853.927,48916
1787803377192,6ecd8cf8-f9e4-22fd-ee79-91329d872865,/p/3/bd02048950ccee07,7,200,4150313,215.095,15934.430,260462
1787803367083,b3a23f41-af11-6422-808e-1c535d4af12f,/p/0/e017624ef21da74a,10,200,4022717,297.932,26547.874,151527
1787803390892,8992b43b-4174-a0c1-16dc-9bd47c511dd8,/p/0/ef03239c4b98601e,8,200,267160,172.151,2854.974,93577
1787803376194,8cb74705-6b91-38bf-1a7e-0901efe0c132,/p/0/fddbfc8a7b865e32,3,200,5111055,38.472,17650.265,289574
1787803390811,8932535e-9b64-cb37-fd14-1d68673e7fd8,/p/0/6ee338570a7612ac,2,200,178211,106.094,3203.521,55630
1787803377537,8cb74705-6b91-38bf-1a7e-0901efe0c132,/p/0/a9ddb5d9be2f4b17,5,200,5733862,87.721,16788.986,341525
1787803393127,6ecd8cf8-f9e4-22fd-ee79-91329d872865,/p/2/246ed5e522bbc0f3,8,200,216865,72.782,1241.153,174729
1787803390892,8992b43b-4174-a0c1-16dc-9bd47c511dd8,/p/0/ef03229c4b985e6b,8,200,398550,144.384,3754.553,106151
1787803390811,8932535e-9b64-cb37-fd14-1d68673e7fd8,/p/0/6ee33b570a7617c5,2,200,304857,292.284,4399.891,69287
1787803368178,63135859-d311-aab9-b4d2-e0ee12621def,/p/0/d3b2e0ad45871895,2,200,4000794,59.911,27225.654,146949
1787803392614,1e6d9d81-8b6c-6e3a-7184-79ceb2af2878,/p/0/a0f9f8824ccf663,4,200,248292,248.888,2808.251,88415
1787803394368,6ecd8cf8-f9e4-22fd-ee79-91329d872865,/p/0/a2fc5b919de9c7e0,9,200,142287,133.755,1081.382,131579
1787803392614,1e6d9d81-8b6c-6e3a-7184-79ceb2af2878,/p/0/a0fa08824ccf816,4,200,188655,248.923,2921.240,64580
1787803393127,6ecd8cf8-f9e4-22fd-ee79-91329d872865,/p/0/246ed4e522bbbf40,8,200,422238,23.651,2519.423,167593
1787803393127,6ecd8cf8-f9e4-22fd-ee79-91329d872865,/p/0/246ed7e522bbc459,8,200,476453,36.050,2669.044,178511
1787803390944,8932535e-9b64-cb37-fd14-1d68673e7fd8,/p/10/b9173a9657e1afcc,3,200,445467,611.027,5626.779,79169
1787803339236,f9ac92eb-1252-5f06-7cc4-1f45fa8220a1,/p/0/75323ed0461878f6,2,0,1090375,15.379,57960.819,18812
1787803360707,f9ac92eb-1252-5f06-7cc4-1f45fa8220a1,/p/0/5ab23266c07a4d93,4,0,432920,1731.532,36489.891,11864
1787803360707,f9ac92eb-1252-5f06-7cc4-1f45fa8220a1,/p/0/5ab23366c07a4f46,4,0,376719,2684.520,36489.965,10324
1787803360707,f9ac92eb-1252-5f06-7cc4-1f45fa8220a1,/p/1/5ab23166c07a4be0,4,0,322808,2089.614,36489.956,8846
1787803392614,1e6d9d81-8b6c-6e3a-7184-79ceb2af2878,/p/6/a0f9e8824ccf4b0,4,200,488325,225.692,4615.587,105799
1787803387077,553b9ccc-860b-52b9-85ef-0d28103041fa,/p/0/d9471c7edfb163cc,12,200,3650035,988.103,10728.093,340231
1787803376238,a1600f92-0f69-ec40-9031-91960e1644b6,/p/0/4149210691c18e64,4,200,3903225,563.521,21971.847,177647
1787803391187,9fdb75b2-e53e-03fe-6b2c-ae349e1d4f9c,/p/19/5a652164195daad2,5,200,454050,488.657,7072.972,64195
1787803346642,ed42c88f-4aa9-7d0f-7e68-53c544c4dfb3,/p/0/ad5ccd95490cbb55,2,200,3150487,386.510,52060.082,60516
1787803360692,a1600f92-0f69-ec40-9031-91960e1644b6,/p/0/6ec10328dcaf8a1c,1,200,6144152,530.402,38095.758,161282
1787803379044,c5aa0efa-81cb-c472-cc06-ea5a979bd993,/p/0/151a505ee1071b28,3,200,3975019,188.856,20454.248,194337
1787803371690,8992b43b-4174-a0c1-16dc-9bd47c511dd8,/p/0/a119700d9713798b,6,200,3560505,137.477,28396.028,125387
1787803390244,f8d57306-52e3-084e-5070-0ace3c1af0f2,/p/0/7787c82436944b,6,200,4349861,89.388,9932.179,437956
1787803397230,1e6d9d81-8b6c-6e3a-7184-79ceb2af2878,/p/5/f11a20d8e83ce7a0,5,200,228986,273.582,3121.969,73347
1787803390213,f8d57306-52e3-084e-5070-0ace3c1af0f2,/p/0/948ffba3a09efef9,5,200,4631139,59.743,10301.095,449577
1787803397230,1e6d9d81-8b6c-6e3a-7184-79ceb2af2878,/p/0/f11a22d8e83ceb06,5,200,291821,249.855,4067.216,71750
1787803369628,d23f0858-b1f7-bef1-1fdf-a9606a32322a,/p/0/93ecc2414f066b51,2,200,4955815,31.664,31748.688,156095
1787803373883,321a4300-0258-0b4e-ecc7-17716e887cda,/p/0/22b5a86714a8395,1,200,482724,473.916,27700.298,17427
1787803398260,9fdb75b2-e53e-03fe-6b2c-ae349e1d4f9c,/p/0/7ce29e56b5eaf89,6,200,74225,642.580,3358.779,22099
1787803396572,8932535e-9b64-cb37-fd14-1d68673e7fd8,/p/9/609852f4d5e6df65,4,200,311722,295.060,5531.691,56352
1787803387395,e74dc3e9-9b81-1c67-b868-f59eb1ef8038,/p/0/e2ca4d09566ba84,7,200,4466255,244.725,14728.822,303232
1787803400352,1e6d9d81-8b6c-6e3a-7184-79ceb2af2878,/p/4/659ddc9841a31c1d,6,200,122526,293.142,2177.414,56271
1787803387077,553b9ccc-860b-52b9-85ef-0d28103041fa,/p/0/d9471e7edfb16732,12,200,5564088,988.344,15503.760,358886
1787803368453,fe9f5242-1dee-d8c5-2769-78aba5955fb8,/p/0/8c43a60c9be0e1c9,3,200,5240670,128.815,34587.385,151520
1787803371658,fe9f5242-1dee-d8c5-2769-78aba5955fb8,/p/1/5aaaed4bbd7a51a9,6,200,5044253,224.317,31383.696,160728
1787803365171,ed44bc0f-ef2d-a9ce-7a2d-62863ae567a0,/p/0/e8d13572c600a3c0,1,200,2825115,205.170,37887.274,74566
1787803403042,fe9f5242-1dee-d8c5-2769-78aba5955fb8,/p/0/cf434ab1038cdc5f,7,200,66839,2.034,320.157,208770
1787803403042,fe9f5242-1dee-d8c5-2769-78aba5955fb8,/p/0/cf4349b1038cdaac,7,200,213346,2.065,323.810,658862
1787803396572,8932535e-9b64-cb37-fd14-1d68673e7fd8,/p/0/609851f4d5e6ddb2,4,200,451363,268.963,6943.127,65009
1787803379044,c5aa0efa-81cb-c472-cc06-ea5a979bd993,/p/0/151a535ee1072041,3,200,5653798,208.352,24742.156,228509
1787803403042,fe9f5242-1dee-d8c5-2769-78aba5955fb8,/p/0/cf434cb1038cdfc5,7,200,3059373,1.604,786.354,3890581
1787803368619,94ddeec8-4713-1ccc-0771-93b0a7c1f7b0,/p/0/81a22c65c4236847,5,200,4340829,301.245,35247.484,123153
1787803369628,d23f0858-b1f7-bef1-1fdf-a9606a32322a,/p/0/93ecbf414f066638,2,200,5886185,169.589,34469.178,170767
1787803382242,c73dac6e-70cd-a441-9567-fe760f466832,/p/0/8cdfe639b70c423f,7,200,5902640,118.691,21923.962,269232
1787803343301,ed42c88f-4aa9-7d0f-7e68-53c544c4dfb3,/p/0/6bfca225e4e1b1ee,1,200,3738207,167.133,61415.592,60867
1787803397230,1e6d9d81-8b6c-6e3a-7184-79ceb2af2878,/p/0/f11a21d8e83ce953,5,200,519015,225.715,7583.436,68441
1787803394368,6ecd8cf8-f9e4-22fd-ee79-91329d872865,/p/0/a2fc5e919de9ccf9,9,200,2805962,146.407,10537.585,266281
1787803369628,d23f0858-b1f7-bef1-1fdf-a9606a32322a,/p/4/93ecc1414f06699e,2,200,6223499,169.531,35554.015,175043
1787803358385,0749ca82-1e65-8f0a-ba8a-b79b9d25deac,/p/0/a47c7809d3d7df84,3,200,2417763,298.425,46870.948,51583
1787803402103,8932535e-9b64-cb37-fd14-1d68673e7fd8,/p/8/9df9f2ac1cc82297,5,200,201388,291.646,3646.575,55227
1787803384752,0cac6aae-1489-56e0-7461-86608a6b60d9,/p/0/89b83d518594df61,3,200,2975408,141.433,21304.379,139662
1787803286197,5516d01a-6676-68dc-29bf-584c13ffbfaa,/?crawl=131,0,0,5373271,282.223,119999.884,44777
1787803398260,9fdb75b2-e53e-03fe-6b2c-ae349e1d4f9c,/p/18/7ce28e56b5eadd6,6,200,444330,336.038,7999.617,55544
1787803375842,702b7d66-0ccc-7dff-26e7-1a1bb8b4a3ab,/p/7/42769f76a50497c9,10,0,2489687,1248.393,31354.126,79405
1787803327157,702b7d66-0ccc-7dff-26e7-1a1bb8b4a3ab,/p/0/180395b70d0e5114,4,0,4770871,714.272,80039.880,59606
1787803375863,702b7d66-0ccc-7dff-26e7-1a1bb8b4a3ab,/p/0/42769e76a5049616,10,0,2212871,2768.869,31333.581,70623
1787803346281,702b7d66-0ccc-7dff-26e7-1a1bb8b4a3ab,/p/0/e15683e9b5a9bd97,6,0,5344859,523.575,60915.430,87742
1787803389034,e07ca8dd-a6fc-0448-1afb-13a11a268b28,/p/0/87cb70260ffd0631,4,200,4607627,34.707,18631.097,247308
1787803371690,8992b43b-4174-a0c1-16dc-9bd47c511dd8,/p/0/a119710d97137b3e,6,200,5905956,137.509,36972.276,159740
1787803384752,0cac6aae-1489-56e0-7461-86608a6b60d9,/p/0/89b83c518594ddae,3,200,3291953,175.602,23952.159,137439
1787803405182,d23f0858-b1f7-bef1-1fdf-a9606a32322a,/p/0/86732d9921664384,3,200,496707,167.144,3585.356,138538
1787803389034,e07ca8dd-a6fc-0448-1afb-13a11a268b28,/p/10/87cb6e260ffd02cb,4,200,6084276,180.281,19759.578,307915
1787803394368,6ecd8cf8-f9e4-22fd-ee79-91329d872865,/p/1/a2fc5c919de9c993,9,200,5330498,133.724,14591.334,365319
1787803402529,1e6d9d81-8b6c-6e3a-7184-79ceb2af2878,/p/0/f809e75d17a42272,7,200,261327,333.939,6467.961,40403
1787803390215,8992b43b-4174-a0c1-16dc-9bd47c511dd8,/p/0/aa4095205578304d,7,200,3948760,170.064,18984.130,208003
1787803405750,8932535e-9b64-cb37-fd14-1d68673e7fd8,/p/7/d3d2ca289a7e3244,6,200,213493,294.098,3753.705,56875
1787803402103,8932535e-9b64-cb37-fd14-1d68673e7fd8,/p/0/9df9f1ac1cc820e4,5,200,454758,558.003,7401.498,61441
1787803403058,ed44bc0f-ef2d-a9ce-7a2d-62863ae567a0,/p/0/3777557a2e6eba9a,8,200,418524,243.902,6544.547,63950
1787803408960,6ecd8cf8-f9e4-22fd-ee79-91329d872865,/p/0/7eda733bb07127ec,10,200,202188,23.734,1095.906,184494
1787803406260,9fdb75b2-e53e-03fe-6b2c-ae349e1d4f9c,/p/0/edb3e1642d80e98b,7,200,132524,338.000,3910.372,33890
1787803409505,8932535e-9b64-cb37-fd14-1d68673e7fd8,/p/6/ba66693c0670136e,7,200,128656,320.242,765.688,168027
1787803402530,1e6d9d81-8b6c-6e3a-7184-79ceb2af2878,/p/3/f809e85d17a42425,7,200,427860,246.043,7750.898,55201
1787803355264,fd5674f4-7e92-846e-8aca-195ffeced01e,/p/0/5566e4153165b479,1,200,4730625,50.953,55022.930,85976
1787803349433,4c48e9e8-5a19-c03d-3947-95518656d187,/p/3/ab3b55a6130e406a,1,200,4923101,1691.322,60874.222,80873
1787803410270,8932535e-9b64-cb37-fd14-1d68673e7fd8,/p/0/ba666a3c06701521,7,200,14218,63.295,107.468,132300
1787803405182,d23f0858-b1f7-bef1-1fdf-a9606a32322a,/p/0/867330992166489d,3,200,4505754,167.230,5215.694,863884
1787803405182,d23f0858-b1f7-bef1-1fdf-a9606a32322a,/p/3/86732e9921664537,3,200,5308297,30.168,5234.028,1014190
1787803358385,0749ca82-1e65-8f0a-ba8a-b79b9d25deac,/p/0/a47c7b09d3d7e49d,3,200,3123033,86.099,52079.790,59966
1787803410416,d23f0858-b1f7-bef1-1fdf-a9606a32322a,/p/2/7c562e1697c3a8b7,4,200,115429,23.795,70.357,1640628
1787803408959,6ecd8cf8-f9e4-22fd-ee79-91329d872865,/p/0/7eda743bb071299f,10,200,369292,60.501,1566.881,235686
1787803408959,6ecd8cf8-f9e4-22fd-ee79-91329d872865,/p/0/7eda763bb0712d05,10,200,396642,23.787,1640.597,241767
1787803410307,4c48e9e8-5a19-c03d-3947-95518656d187,/p/2/68d498f15b0ef029,2,200,94284,53.524,354.719,265799
1787803343301,ed42c88f-4aa9-7d0f-7e68-53c544c4dfb3,/p/0/6bfca125e4e1b03b,1,200,4920769,332.598,67401.849,73006
1787803400352,1e6d9d81-8b6c-6e3a-7184-79ceb2af2878,/p/0/659dda9841a318b7,6,200,492021,246.314,10463.778,47021
1787803410307,4c48e9e8-5a19-c03d-3947-95518656d187,/p/0/68d497f15b0eee76,2,200,138112,14.252,535.293,258012
1787803389634,440d284a-4e1e-ee1c-2872-92f3eb9b00c6,/p/3/a37bbd540b17e067,9,200,3116815,94.272,21401.275,145637
1787803370451,0749ca82-1e65-8f0a-ba8a-b79b9d25deac,/p/12/f3f297621545670c,5,200,2277095,508.466,40847.198,55747
1787803411298,0749ca82-1e65-8f0a-ba8a-b79b9d25deac,/p/0/22a4411c0d2c9191,6,200,8242,83.396,126.918,64939
1787803410662,4c48e9e8-5a19-c03d-3947-95518656d187,/p/0/a8bac10788415cca,3,200,198304,98.973,1069.525,185413
1787803368041,94ddeec8-4713-1ccc-0771-93b0a7c1f7b0,/p/0/10fb19ac80ffaeda,4,200,6273674,148.204,43942.359,142771
1787803368619,94ddeec8-4713-1ccc-0771-93b0a7c1f7b0,/p/0/81a22e65c4236bad,5,200,5897838,319.603,43383.010,135948
1787803410662,4c48e9e8-5a19-c03d-3947-95518656d187,/p/1/a8babf0788415964,3,200,332722,90.385,1342.746,247792
1787803411035,440d284a-4e1e-ee1c-2872-92f3eb9b00c6,/p/0/9db300affa7bae60,10,200,46997,235.006,1033.035,45494
1787803410662,4c48e9e8-5a19-c03d-3947-95518656d187,/p/0/a8bac00788415b17,3,200,357842,107.572,1540.576,232278
1787803410280,1e6d9d81-8b6c-6e3a-7184-79ceb2af2878,/p/2/10e2a8ea4c35f9eb,8,200,127423,294.997,1990.202,64025
1787803408793,e07ca8dd-a6fc-0448-1afb-13a11a268b28,/p/9/60dc0caba3afc5a6,5,200,474664,61.969,3909.161,121423
1787803372000,fd5674f4-7e92-846e-8aca-195ffeced01e,/p/0/1337033ad9c8498f,2,200,5213735,298.497,40768.699,127886
1787803375333,fd5674f4-7e92-846e-8aca-195ffeced01e,/p/11/13d18d09d556953e,3,200,5144910,299.512,37437.346,137427
1787803408793,e07ca8dd-a6fc-0448-1afb-13a11a268b28,/p/0/60dc0daba3afc759,5,200,490503,185.590,4000.996,122595
1787803412004,4c48e9e8-5a19-c03d-3947-95518656d187,/p/0/2ddec2d9f16f0c2b,4,200,209847,91.608,1112.144,188687
1787803375333,fd5674f4-7e92-846e-8aca-195ffeced01e,/p/0/13d18e09d55696f1,3,200,5417654,273.713,37785.457,143379
1787803412771,fd5674f4-7e92-846e-8aca-195ffeced01e,/p/0/c7a1d41398bad6a8,4,200,101637,348.139,681.476,149143
1787803412771,fd5674f4-7e92-846e-8aca-195ffeced01e,/p/0/c7a1d71398badbc1,4,200,243338,348.999,684.958,355260
1787803356797,82415893-2ab4-7ff9-5c23-674ddf0978c6,/p/0/e5ad9b723a168c13,2,200,5854836,7.084,56846.911,102993
1787803412703,e07ca8dd-a6fc-0448-1afb-13a11a268b28,/p/8/1d1d90162e0a3e0f,6,200,113349,167.597,1042.605,108717
1787803356797,82415893-2ab4-7ff9-5c23-674ddf0978c6,/p/3/e5ad9d723a168f79,2,200,5361858,7.058,57405.217,93404
1787803410416,d23f0858-b1f7-bef1-1fdf-a9606a32322a,/p/0/7c562d1697c3a704,4,200,497936,2.796,3795.155,131203
1787803411298,0749ca82-1e65-8f0a-ba8a-b79b9d25deac,/p/0/22a43e1c0d2c8c78,6,200,234227,126.995,3052.980,76721
1787803412771,fd5674f4-7e92-846e-8aca-195ffeced01e,/p/10/c7a1d51398bad85b,4,200,2749294,348.152,1602.468,1715662
1787803414373,fd5674f4-7e92-846e-8aca-195ffeced01e,/p/0/1c1a22babf22038a,5,200,295713,24.802,335.571,881224
1787803414373,fd5674f4-7e92-846e-8aca-195ffeced01e,/p/9/1c1a20babf220024,5,200,395154,2.703,357.736,1104598
1787803410416,d23f0858-b1f7-bef1-1fdf-a9606a32322a,/p/0/7c56301697c3ac1d,4,200,503817,23.790,4593.261,109686
1787803352785,8e551002-bf5c-1717-e281-4fa00d9030bd,/p/1/9317bd89fa869b42,4,0,4405682,301.506,62413.150,70589
1787803352785,8e551002-bf5c-1717-e281-4fa00d9030bd,/p/0/9317be89fa869cf5,4,0,4089179,376.958,62413.065,65518
1787803348478,8e551002-bf5c-1717-e281-4fa00d9030bd,/p/0/b9a261302bcdd81a,3,0,4458571,276.274,66720.256,66825
1787803384752,0cac6aae-1489-56e0-7461-86608a6b60d9,/p/0/89b83a518594da48,3,200,6177018,89.204,30481.014,202651
1787803410280,1e6d9d81-8b6c-6e3a-7184-79ceb2af2878,/p/0/10e2a7ea4c35f838,8,200,283837,251.009,4988.649,56897
1787803412703,e07ca8dd-a6fc-0448-1afb-13a11a268b28,/p/0/1d1d8f162e0a3c5c,6,200,275859,167.592,2711.889,101722
1787803411035,440d284a-4e1e-ee1c-2872-92f3eb9b00c6,/p/0/9db303affa7bb379,10,200,444300,257.429,4407.301,100810
1787803410816,1e6d9d81-8b6c-6e3a-7184-79ceb2af2878,/p/0/10e2aaea4c35fd51,8,200,251149,283.935,4694.123,53503
1787803410486,d23f0858-b1f7-bef1-1fdf-a9606a32322a,/p/0/588ad8aa6973391c,5,200,466533,17.159,5130.057,90941
1787803389634,440d284a-4e1e-ee1c-2872-92f3eb9b00c6,/p/0/a37bbf540b17e3cd,9,200,3790240,94.327,26208.712,144618
1787803361698,9e0fba65-906f-29ac-85bf-db388693d2aa,/p/0/815116e1e284265f,9,200,3304364,264.399,54146.237,61027
1787803410486,d23f0858-b1f7-bef1-1fdf-a9606a32322a,/p/1/588adaaa69733c82,5,200,459730,17.090,5409.896,84979
1787803414731,fd5674f4-7e92-846e-8aca-195ffeced01e,/p/0/1dde5995d470586a,6,200,234963,993.776,1323.424,177542
1787803414731,fd5674f4-7e92-846e-8aca-195ffeced01e,/p/8/1dde5a95d4705a1d,6,200,239045,993.059,1323.946,180555
1787803415896,d23f0858-b1f7-bef1-1fdf-a9606a32322a,/p/0/722df9ba316b78b8,6,200,22597,163.891,211.559,106812
1787803415896,d23f0858-b1f7-bef1-1fdf-a9606a32322a,/p/0/722dfcba316b7dd1,6,200,7824,211.447,287.017,27260
1787803414203,82415893-2ab4-7ff9-5c23-674ddf0978c6,/p/0/5e5343dbdbbe21d8,3,200,80703,358.052,2033.852,39680
1787803406260,9fdb75b2-e53e-03fe-6b2c-ae349e1d4f9c,/p/0/edb3e2642d80eb3e,7,200,471761,307.069,10240.986,46066
1787803406260,9fdb75b2-e53e-03fe-6b2c-ae349e1d4f9c,/p/17/edb3e0642d80e7d8,7,200,433340,307.076,10425.470,41566
1787803346642,ed42c88f-4aa9-7d0f-7e68-53c544c4dfb3,/p/0/ad5ccc95490cb9a2,2,200,6180550,275.823,70053.704,88226
1787803416055,fd5674f4-7e92-846e-8aca-195ffeced01e,/p/0/d13910e5e13beb93,7,200,227818,612.314,817.074,278822
1787803374097,ed44bc0f-ef2d-a9ce-7a2d-62863ae567a0,/p/0/6163fed0ecca2660,4,200,2635914,185.402,42932.892,61396
1787803416055,fd5674f4-7e92-846e-8aca-195ffeced01e,/p/0/d13911e5e13bed46,7,200,201620,612.295,1156.879,174279
1787803413745,e07ca8dd-a6fc-0448-1afb-13a11a268b28,/p/7/9498ec82ff1a1741,7,200,330007,244.880,3632.036,90860
1787803409602,ed44bc0f-ef2d-a9ce-7a2d-62863ae567a0,/p/0/3777547a2e6eb8e7,8,200,423788,239.031,7801.601,54321
1787803416685,9fdb75b2-e53e-03fe-6b2c-ae349e1d4f9c,/p/16/9e6bc867a35ec6f0,8,200,18040,459.825,1070.495,16852
1787803396572,8932535e-9b64-cb37-fd14-1d68673e7fd8,/p/0/609850f4d5e6dbff,4,200,4725543,295.633,21323.989,221607
1787803412271,1e6d9d81-8b6c-6e3a-7184-79ceb2af2878,/p/1/f4ec9c766cc6392b,9,200,285094,283.913,5908.252,48254
1787803414203,82415893-2ab4-7ff9-5c23-674ddf0978c6,/p/0/5e5346dbdbbe26f1,3,200,341658,180.155,4352.712,78493
1787803417896,8932535e-9b64-cb37-fd14-1d68673e7fd8,/p/5/81cdcab8e03c9bcf,8,200,357215,24.486,693.102,515386
1787803339312,9e0fba65-906f-29ac-85bf-db388693d2aa,/p/0/105a0e194b8be720,6,200,4445536,337.642,79835.773,55684
1787803411298,0749ca82-1e65-8f0a-ba8a-b79b9d25deac,/p/11/22a4401c0d2c8fde,6,200,4429060,166.964,7915.972,559509
1787803414373,fd5674f4-7e92-846e-8aca-195ffeced01e,/p/0/1c1a21babf2201d7,5,200,6104279,4.365,4847.857,1259171
1787803417377,e07ca8dd-a6fc-0448-1afb-13a11a268b28,/p/6/2866bb0206f66d93,8,200,145006,167.463,1937.099,74857
1787803416685,9fdb75b2-e53e-03fe-6b2c-ae349e1d4f9c,/p/0/9e6bc967a35ec8a3,8,200,293768,306.542,2830.175,103799
1787803374813,ed44bc0f-ef2d-a9ce-7a2d-62863ae567a0,/p/0/e310cf33a0963ccc,5,200,2814710,183.497,44702.716,62965
1787803417756,9fdb75b2-e53e-03fe-6b2c-ae349e1d4f9c,/p/15/d14e88185f5ae39d,9,200,275501,371.889,1760.473,156493
1787803413745,e07ca8dd-a6fc-0448-1afb-13a11a268b28,/p/0/9498ea82ff1a13db,7,200,427618,154.217,5969.332,71636
1787803390944,8932535e-9b64-cb37-fd14-1d68673e7fd8,/p/0/b9173c9657e1b332,3,200,5888474,265.596,28782.982,204582
1787803419214,0749ca82-1e65-8f0a-ba8a-b79b9d25deac,/p/0/f3407ab5d4d460d9,7,200,115782,339.211,655.876,176530
1787803419214,0749ca82-1e65-8f0a-ba8a-b79b9d25deac,/p/0/f34077b5d4d45bc0,7,200,429814,2.568,661.328,649926
1787803415845,9e0fba65-906f-29ac-85bf-db388693d2aa,/p/0/146dacb5063cecf4,10,200,181184,361.150,4150.544,43653
1787803413745,e07ca8dd-a6fc-0448-1afb-13a11a268b28,/p/0/9498eb82ff1a158e,7,200,522674,169.620,6701.783,77990
1787803415269,1e6d9d81-8b6c-6e3a-7184-79ceb2af2878,/p/0/f4ec9b766cc63778,9,200,252603,220.239,5337.019,47330
1787803418589,8932535e-9b64-cb37-fd14-1d68673e7fd8,/p/0/81cdc9b8e03c9a1c,8,200,220269,1234.807,2506.542,87878
1787803405750,8932535e-9b64-cb37-fd14-1d68673e7fd8,/p/0/d3d2cb289a7e33f7,6,200,5181846,294.204,15445.100,335501
1787803402103,8932535e-9b64-cb37-fd14-1d68673e7fd8,/p/0/9df9f4ac1cc825fd,5,200,5198340,291.647,19137.155,271636
1787803419727,8932535e-9b64-cb37-fd14-1d68673e7fd8,/p/0/81cdccb8e03c9f35,8,200,366785,185.551,1513.042,242416
1787803409504,8932535e-9b64-cb37-fd14-1d68673e7fd8,/p/0/d3d2cc289a7e35aa,6,200,5536021,321.964,11751.253,471100
1787803421095,8932535e-9b64-cb37-fd14-1d68673e7fd8,/p/4/524a22f1718b26e9,9,200,107240,160.592,163.931,654177
1787803380606,ed44bc0f-ef2d-a9ce-7a2d-62863ae567a0,/p/0/6b6a65c9ee6eb95e,6,200,2912887,236.260,40758.161,71468
1787803410378,8932535e-9b64-cb37-fd14-1d68673e7fd8,/p/0/ba66673c06701008,7,200,5691639,90.317,11292.415,504023
1787803421259,8932535e-9b64-cb37-fd14-1d68673e7fd8,/p/0/46b04594394cac91,10,200,292144,324.270,813.172,359265
1787803414731,fd5674f4-7e92-846e-8aca-195ffeced01e,/p/0/1dde5895d47056b7,6,200,4773302,993.445,7354.661,649017
1787803416055,fd5674f4-7e92-846e-8aca-195ffeced01e,/p/7/d13912e5e13beef9,7,200,4009210,612.272,6403.798,626067
1787803422459,fd5674f4-7e92-846e-8aca-195ffeced01e,/p/0/6dacca6d3f4c97b5,8,200,8125,119.318,144.542,56212
1787803419516,9fdb75b2-e53e-03fe-6b2c-ae349e1d4f9c,/p/0/d14e86185f5ae037,9,200,192936,865.168,3345.550,57669
1787803411035,440d284a-4e1e-ee1c-2872-92f3eb9b00c6,/p/2/9db302affa7bb1c6,10,200,2606249,257.405,11827.992,220346
1787803422863,440d284a-4e1e-ee1c-2872-92f3eb9b00c6,/p/0/fe65be1f0b7e27a5,11,200,13417,46.896,71.451,187780
1787803419314,e07ca8dd-a6fc-0448-1afb-13a11a268b28,/p/0/2866bd0206f670f9,8,200,284050,207.639,4268.460,66546
1787803419515,9fdb75b2-e53e-03fe-6b2c-ae349e1d4f9c,/p/0/d14e87185f5ae1ea,9,200,106154,324.998,4146.311,25602
1787803417377,e07ca8dd-a6fc-0448-1afb-13a11a268b28,/p/0/2866ba0206f66be0,8,200,465273,199.910,6598.013,70517
1787803365607,a3113622-153a-4853-9f4b-e682800ffcd5,/p/0/6b7931d20db419b9,4,200,2836360,525.836,58489.230,48494
1787803341840,a3113622-153a-4853-9f4b-e682800ffcd5,/p/0/4b133ab75494c4be,2,200,4526351,374.321,82264.482,55022
1787803423583,e07ca8dd-a6fc-0448-1afb-13a11a268b28,/p/0/8c657eeb4cc392af,9,200,24481,149.572,529.725,46215
1787803415510,1e6d9d81-8b6c-6e3a-7184-79ceb2af2878,/p/0/f4ec9e766cc63c91,9,200,437796,267.251,8653.889,50590
1787803422459,fd5674f4-7e92-846e-8aca-195ffeced01e,/p/6/6dacc96d3f4c9602,8,200,226354,244.583,1725.751,131163
1787803422459,fd5674f4-7e92-846e-8aca-195ffeced01e,/p/0/6dacc76d3f4c929c,8,200,367733,144.613,2023.816,181703
1787803424185,fd5674f4-7e92-846e-8aca-195ffeced01e,/p/0/2516cba4ec60c012,9,200,65886,348.764,572.969,114990
1787803341355,a3113622-153a-4853-9f4b-e682800ffcd5,/p/0/b1bda50d2710d4ce,1,200,4172498,298.507,83962.452,49695
1787803365681,a3113622-153a-4853-9f4b-e682800ffcd5,/p/10/7194628b749e211a,5,200,3493156,376.148,59638.250,58572
1787803422863,440d284a-4e1e-ee1c-2872-92f3eb9b00c6,/p/1/fe65bd1f0b7e25f2,11,200,358605,71.413,2484.097,144360
1787803422863,440d284a-4e1e-ee1c-2872-92f3eb9b00c6,/p/0/fe65bb1f0b7e228c,11,200,386355,119.858,2484.156,155528
1787803425347,440d284a-4e1e-ee1c-2872-92f3eb9b00c6,/p/0/cbab270219f40687,12,200,23270,49.259,118.700,196040
1787803366619,a3113622-153a-4853-9f4b-e682800ffcd5,/p/0/7194638b749e22cd,5,200,3883307,413.431,58919.198,65909
1787803389406,ed44bc0f-ef2d-a9ce-7a2d-62863ae567a0,/p/5/3777567a2e6ebc4d,8,200,4578454,182.891,36257.037,126278
1787803382342,ed44bc0f-ef2d-a9ce-7a2d-62863ae567a0,/p/0/c7440d51a7664165,7,200,5113507,203.137,43330.738,118011
1787803425663,ed44bc0f-ef2d-a9ce-7a2d-62863ae567a0,/p/4/944beb474861dbda,9,200,328248,10.326,538.894,609114
1787803425663,ed44bc0f-ef2d-a9ce-7a2d-62863ae567a0,/p/0/944be9474861d874,9,200,367980,9.729,725.617,507127
1787803424185,fd5674f4-7e92-846e-8aca-195ffeced01e,/p/0/2516caa4ec60be5f,9,200,235050,572.895,2311.164,101702
1787803424185,fd5674f4-7e92-846e-8aca-195ffeced01e,/p/5/2516c9a4ec60bcac,9,200,344751,572.882,2559.391,134700
1787803426202,ed44bc0f-ef2d-a9ce-7a2d-62863ae567a0,/p/0/6b9353a6ff604c31,10,200,170472,218.146,554.779,307279
1787803426202,ed44bc0f-ef2d-a9ce-7a2d-62863ae567a0,/p/3/6b9352a6ff604a7e,10,200,417591,218.336,558.648,747503
1787803426202,ed44bc0f-ef2d-a9ce-7a2d-62863ae567a0,/p/0/6b9350a6ff604718,10,200,429912,217.717,561.175,766093
1787803425663,ed44bc0f-ef2d-a9ce-7a2d-62863ae567a0,/p/0/944bec474861dd8d,9,200,4004675,10.230,1240.076,3229379
1787803418179,1e6d9d81-8b6c-6e3a-7184-79ceb2af2878,/p/0/600c064be6d38333,10,200,489565,243.889,9193.508,53251
1787803426761,ed44bc0f-ef2d-a9ce-7a2d-62863ae567a0,/p/2/b5da60ff56888455,11,200,55115,307.239,627.236,87870
1787803426761,ed44bc0f-ef2d-a9ce-7a2d-62863ae567a0,/p/0/b5da5fff568882a2,11,200,365433,308.426,636.538,574095
1787803410486,d23f0858-b1f7-bef1-1fdf-a9606a32322a,/p/0/588adbaa69733e35,5,200,3397032,17.083,17415.125,195062
1787803424164,1e6d9d81-8b6c-6e3a-7184-79ceb2af2878,/p/0/600c084be6d38699,10,200,204032,242.397,3836.480,53182
1787803427388,ed44bc0f-ef2d-a9ce-7a2d-62863ae567a0,/p/0/20cfcae28d9ebfae,12,200,219121,36.294,705.093,310769
1787803427388,ed44bc0f-ef2d-a9ce-7a2d-62863ae567a0,/p/0/20cfc9e28d9ebdfb,12,200,293530,36.363,708.464,414319
1787803425347,440d284a-4e1e-ee1c-2872-92f3eb9b00c6,/p/0/cbab280219f4083a,12,200,394876,140.888,2779.113,142087
1787803385679,1e6d9d81-8b6c-6e3a-7184-79ceb2af2878,/p/0/1fa91379fa865b69,3,200,3020114,424.540,42477.612,71099
1787803426744,fd5674f4-7e92-846e-8aca-195ffeced01e,/p/4/105d5b8a01060284,10,200,166392,275.925,1708.220,97407
1787803426744,fd5674f4-7e92-846e-8aca-195ffeced01e,/p/0/105d5c8a01060437,10,200,224743,51.681,1904.557,118003
1787803426744,fd5674f4-7e92-846e-8aca-195ffeced01e,/p/0/105d5d8a010605ea,10,200,235040,275.916,2744.146,85651
1787803419214,0749ca82-1e65-8f0a-ba8a-b79b9d25deac,/p/10/f34079b5d4d45f26,7,200,3731450,339.172,11052.397,337615
1787803430267,0749ca82-1e65-8f0a-ba8a-b79b9d25deac,/p/0/75afed1023a02c96,8,200,58457,256.463,840.938,69514
1787803415896,d23f0858-b1f7-bef1-1fdf-a9606a32322a,/p/0/722dfbba316b7c1e,6,200,4380041,225.019,15301.441,286250
1787803428452,fd5674f4-7e92-846e-8aca-195ffeced01e,/p/0/747067c8c909a6ea,11,200,270186,244.664,3439.339,78558
1787803428452,fd5674f4-7e92-846e-8aca-195ffeced01e,/p/0/747066c8c909a537,11,200,301418,244.621,3859.427,78099
1787803428452,fd5674f4-7e92-846e-8aca-195ffeced01e,/p/3/747065c8c909a384,11,200,485353,270.023,4458.214,108867
1787803425319,a3113622-153a-4853-9f4b-e682800ffcd5,/p/0/cd4b88c940929552,6,200,506226,440.623,7939.192,63763
1787803341412,9e0fba65-906f-29ac-85bf-db388693d2aa,/p/0/2a7013edc34050ca,7,200,5311660,316.435,93791.030,56633
1787803426761,ed44bc0f-ef2d-a9ce-7a2d-62863ae567a0,/p/0/b5da5eff568880ef,11,200,3741945,308.485,9011.516,415240
1787803354539,9e0fba65-906f-29ac-85bf-db388693d2aa,/p/0/b01b0f3011a6c1a7,8,0,4660419,262.893,81669.987,57064
1787803392253,9e0fba65-906f-29ac-85bf-db388693d2aa,/p/0/146dafb5063cf20d,10,0,2486691,264.709,43955.991,56572
1787803334539,9e0fba65-906f-29ac-85bf-db388693d2aa,/p/0/b695236034efe0ee,3,0,6115591,47.777,101669.761,60152
1787803432911,fd5674f4-7e92-846e-8aca-195ffeced01e,/p/2/19fc916e316a6931,12,200,309443,149.405,3621.924,85436
1787803423662,9fdb75b2-e53e-03fe-6b2c-ae349e1d4f9c,/p/0/39addc3b93996ecf,10,200,506630,2241.250,14027.796,36116
1787803414203,82415893-2ab4-7ff9-5c23-674ddf0978c6,/p/2/5e5345dbdbbe253e,3,200,3849899,536.494,23918.029,160962
1787803438121,82415893-2ab4-7ff9-5c23-674ddf0978c6,/p/1/ddd2c1799abf0c74,4,200,136941,76.075,2353.196,58194
1787803436533,fd5674f4-7e92-846e-8aca-195ffeced01e,/p/0/5fb62d263231d758,13,200,189929,247.038,4118.617,46115
1787803425347,440d284a-4e1e-ee1c-2872-92f3eb9b00c6,/p/0/cbab260219f404d4,12,200,6068038,118.730,15381.870,394493
1787803438121,82415893-2ab4-7ff9-5c23-674ddf0978c6,/p/0/ddd2c2799abf0e27,4,200,191024,76.057,2655.158,71945
1787803404814,1e6d9d81-8b6c-6e3a-7184-79ceb2af2878,/p/0/f809e65d17a420bf,7,200,2585684,248.857,36243.532,71342
1787803436533,fd5674f4-7e92-846e-8aca-195ffeced01e,/p/0/5fb630263231dc71,13,200,319477,270.637,5109.094,62531
1787803440474,82415893-2ab4-7ff9-5c23-674ddf0978c6,/p/0/cc30b16328260402,5,200,68819,377.821,1369.697,50244
1787803440474,82415893-2ab4-7ff9-5c23-674ddf0978c6,/p/0/cc30af632826009c,5,200,119869,454.590,2473.135,48468
1787803427388,ed44bc0f-ef2d-a9ce-7a2d-62863ae567a0,/p/1/20cfc8e28d9ebc48,12,200,6161142,36.268,17412.243,353840
1787803438121,82415893-2ab4-7ff9-5c23-674ddf0978c6,/p/0/ddd2c3799abf0fda,4,200,496544,151.663,6958.079,71362
1787803386821,9fdb75b2-e53e-03fe-6b2c-ae349e1d4f9c,/p/0/e1d12417c1948d44,4,200,3856178,365.550,58636.725,65764
1787803444801,ed44bc0f-ef2d-a9ce-7a2d-62863ae567a0,/p/0/7d0177fc3aa511e7,13,200,193739,169.968,1477.889,131092
1787803444801,ed44bc0f-ef2d-a9ce-7a2d-62863ae567a0,/p/0/7d0178fc3aa5139a,13,200,294651,36.778,2087.160,141173
1787803440474,82415893-2ab4-7ff9-5c23-674ddf0978c6,/p/0/cc30b0632826024f,5,0,899435,454.621,7723.416,116456
1787803400352,1e6d9d81-8b6c-6e3a-7184-79ceb2af2878,/p/0/659ddb9841a31a6a,6,200,4194485,270.387,48748.205,86044
1787803437689,9fdb75b2-e53e-03fe-6b2c-ae349e1d4f9c,/p/0/39addd3b93997082,10,200,481302,304.719,12350.348,38971
1787803421259,8932535e-9b64-cb37-fd14-1d68673e7fd8,/p/3/46b04494394caade,10,200,2780218,322.068,28932.727,96092
1787803425319,a3113622-153a-4853-9f4b-e682800ffcd5,/p/9/cd4b89c940929705,6,200,2204876,440.658,25861.385,85257
1787803420606,1e6d9d81-8b6c-6e3a-7184-79ceb2af2878,/p/0/600c054be6d38180,10,200,4019378,261.223,30775.854,130602
1787803450192,8932535e-9b64-cb37-fd14-1d68673e7fd8,/p/2/1308f5d27d5e6d0d,11,200,52219,316.377,1321.979,39501
1787803451180,a3113622-153a-4853-9f4b-e682800ffcd5,/p/0/a8c28b3a3566125e,7,200,4807,370.985,519.710,9249
1787803412004,4c48e9e8-5a19-c03d-3947-95518656d187,/p/0/2ddec1d9f16f0a78,4,0,2533643,100.119,40192.205,63038
1787803410307,4c48e9e8-5a19-c03d-3947-95518656d187,/p/0/68d496f15b0eecc3,2,0,3000779,4.691,41889.792,71635
1787803412004,4c48e9e8-5a19-c03d-3947-95518656d187,/p/0/2ddec3d9f16f0dde,4,0,2653675,91.713,40192.262,66025
1787803412703,e07ca8dd-a6fc-0448-1afb-13a11a268b28,/p/0/1d1d92162e0a4175,6,200,4618187,152.243,39992.449,115476
1787803444801,ed44bc0f-ef2d-a9ce-7a2d-62863ae567a0,/p/0/7d0176fc3aa51034,13,200,2845321,55.326,8532.600,333465
1787803451180,a3113622-153a-4853-9f4b-e682800ffcd5,/p/0/a8c28a3a356610ab,7,200,171205,407.583,2718.778,62971
1787803450192,8932535e-9b64-cb37-fd14-1d68673e7fd8,/p/0/1308f3d27d5e69a7,11,200,208031,422.415,4822.684,43136
1787803451180,a3113622-153a-4853-9f4b-e682800ffcd5,/p/8/a8c2893a35660ef8,7,200,353765,407.593,6069.370,58287
1787803451514,8932535e-9b64-cb37-fd14-1d68673e7fd8,/p/1/896d40af3311cfd9,12,200,351621,290.779,8365.691,42031
1787803436533,fd5674f4-7e92-846e-8aca-195ffeced01e,/p/1/5fb62e263231d90b,13,200,2165243,270.677,23606.268,91723
1787803425319,a3113622-153a-4853-9f4b-e682800ffcd5,/p/0/cd4b87c94092939f,6,0,2921191,518.180,34877.936,83755
1787803457250,a3113622-153a-4853-9f4b-e682800ffcd5,/p/0/f110b5d7273a5ffb,8,0,137106,373.515,2947.083,46523
1787803457250,a3113622-153a-4853-9f4b-e682800ffcd5,/p/0/f110b6d7273a61ae,8,0,109858,410.914,2947.054,37277
1787803422862,9fdb75b2-e53e-03fe-6b2c-ae349e1d4f9c,/p/14/39addb3b93996d1c,10,0,1634795,3194.202,37335.298,43787
1787803398260,9fdb75b2-e53e-03fe-6b2c-ae349e1d4f9c,/p/0/7ce26e56b5eaa70,6,0,3393715,305.224,61937.153,54793
1787803391187,9fdb75b2-e53e-03fe-6b2c-ae349e1d4f9c,/p/0/5a651f64195da76c,5,0,4078831,488.655,69010.143,59105
1787803457250,a3113622-153a-4853-9f4b-e682800ffcd5,/p/7/f110b7d7273a6361,8,0,122505,410.850,2947.130,41568
1787803416685,9fdb75b2-e53e-03fe-6b2c-ae349e1d4f9c,/p/0/9e6bca67a35eca56,8,0,2529023,367.492,43511.982,58122
1787803419715,e07ca8dd-a6fc-0448-1afb-13a11a268b28,/p/5/8c6580eb4cc39615,9,200,4878756,165.483,40744.593,119740
1787803408793,e07ca8dd-a6fc-0448-1afb-13a11a268b28,/p/0/60dc0aaba3afc240,5,200,6074704,41.284,53052.985,114503
1787803460459,e07ca8dd-a6fc-0448-1afb-13a11a268b28,/p/0/93d96012253fa481,10,200,191782,163.631,1790.806,107093
1787803421195,8932535e-9b64-cb37-fd14-1d68673e7fd8,/p/0/524a21f1718b2536,9,200,3835423,63.030,42914.728,89373
1787803460459,e07ca8dd-a6fc-0448-1afb-13a11a268b28,/p/0/93d95d12253f9f68,10,200,476736,178.946,3677.814,129625
1787803430267,0749ca82-1e65-8f0a-ba8a-b79b9d25deac,/p/9/75afee1023a02e49,8,0,2809202,425.259,33930.339,82793
1787803430267,0749ca82-1e65-8f0a-ba8a-b79b9d25deac,/p/0/75afec1023a02ae3,8,0,2805219,85.532,33930.381,82676
1787803460139,fd5674f4-7e92-846e-8aca-195ffeced01e,/p/0/a3cf9ec56ef0f2ab,14,200,460555,295.295,8043.811,57256
1787803420447,e07ca8dd-a6fc-0448-1afb-13a11a268b28,/p/0/8c657feb4cc39462,9,200,6123831,294.209,47774.440,128182
1787803373883,321a4300-0258-0b4e-ecc7-17716e887cda,/p/6/22b5986714a81e2,1,200,5414225,314.756,94540.191,57269
1787803460139,fd5674f4-7e92-846e-8aca-195ffeced01e,/p/0/a3cf9fc56ef0f45e,14,200,461333,295.338,8319.127,55454
1787803464110,8932535e-9b64-cb37-fd14-1d68673e7fd8,/p/0/ed8681e7b6de67c2,13,200,357701,291.320,6789.246,52686
1787803459880,8932535e-9b64-cb37-fd14-1d68673e7fd8,/p/0/896d3eaf3311cc73,12,200,522388,318.423,12536.850,41668
1787803460459,e07ca8dd-a6fc-0448-1afb-13a11a268b28,/p/4/93d95e12253fa11b,10,200,4217706,178.953,12887.113,327281
1787803473346,e07ca8dd-a6fc-0448-1afb-13a11a268b28,/p/3/9544becd0f8519c,11,200,133670,20.774,358.764,372584
1787803432911,fd5674f4-7e92-846e-8aca-195ffeced01e,/p/0/19fc906e316a677e,12,0,3507251,49.490,41286.170,84950
1787803432911,fd5674f4-7e92-846e-8aca-195ffeced01e,/p/0/19fc8f6e316a65cb,12,0,3670943,149.409,41286.203,88915
1787803460139,fd5674f4-7e92-846e-8aca-195ffeced01e,/p/0/a3cf9dc56ef0f0f8,14,0,1019599,270.549,14057.883,72529
1787803473705,e07ca8dd-a6fc-0448-1afb-13a11a268b28,/p/0/82e6d853ea83bb17,12,200,41226,115.494,699.558,58932
1787803472416,8932535e-9b64-cb37-fd14-1d68673e7fd8,/p/0/ed867fe7b6de645c,13,200,207200,266.456,2015.547,102801
1787803421240,8932535e-9b64-cb37-fd14-1d68673e7fd8,/p/0/524a20f1718b2383,9,200,4780698,333.238,54733.285,87345
1787803421259,8932535e-9b64-cb37-fd14-1d68673e7fd8,/p/0/46b04294394ca778,10,200,4754051,317.783,54822.045,86718
1787803473705,e07ca8dd-a6fc-0448-1afb-13a11a268b28,/p/2/82e6d753ea83b964,12,200,293323,115.502,3340.209,87816
1787803468423,321a4300-0258-0b4e-ecc7-17716e887cda,/p/0/dce4e38a8435d5d0,2,200,139314,1075.703,10173.190,13694
1787803455015,8932535e-9b64-cb37-fd14-1d68673e7fd8,/p/0/896d3faf3311ce26,12,200,3117496,293.216,23767.421,131167
1787803450192,8932535e-9b64-cb37-fd14-1d68673e7fd8,/p/0/1308f4d27d5e6b5a,11,200,3496532,342.660,28592.701,122288
1787803470899,8932535e-9b64-cb37-fd14-1d68673e7fd8,/p/0/ed8682e7b6de6975,13,200,2923277,291.320,7994.130,365678
1787803468423,321a4300-0258-0b4e-ecc7-17716e887cda,/p/5/dce4e58a8435d936,2,200,150297,1225.213,11091.140,13551
1787803477045,e07ca8dd-a6fc-0448-1afb-13a11a268b28,/p/0/b29cf5f3de20c9d2,13,0,279840,242.354,4151.282,67410
1787803477045,e07ca8dd-a6fc-0448-1afb-13a11a268b28,/p/0/b29cf4f3de20c81f,13,0,296608,303.741,4151.335,71449
1787803477045,e07ca8dd-a6fc-0448-1afb-13a11a268b28,/p/1/b29cf6f3de20cb85,13,0,282984,242.371,4151.329,68167
1787803473346,e07ca8dd-a6fc-0448-1afb-13a11a268b28,/p/0/9544cecd0f8534f,11,0,1459635,353.980,7850.367,185932
1787803473346,e07ca8dd-a6fc-0448-1afb-13a11a268b28,/p/0/9544decd0f85502,11,0,1498691,19.894,7850.409,190906
1787803473705,e07ca8dd-a6fc-0448-1afb-13a11a268b28,/p/0/82e6d953ea83bcca,12,0,591947,136.117,7491.653,79014
1787803479515,321a4300-0258-0b4e-ecc7-17716e887cda,/p/0/6aff69643ce947c2,3,0,9312,1700.241,2682.075,3472
1787803479514,321a4300-0258-0b4e-ecc7-17716e887cda,/p/0/6aff68643ce9460f,3,0,16648,1700.353,2682.123,6207
1787803468423,321a4300-0258-0b4e-ecc7-17716e887cda,/p/0/dce4e68a8435dae9,2,0,311426,306.484,13773.296,22611
1787803479514,321a4300-0258-0b4e-ecc7-17716e887cda,/p/4/6aff6a643ce94975,3,0,11408,1545.797,2682.195,4253
