t_start_ms,client,path,depth,status,bytes,ttfb_ms,total_ms,bytes_per_s
1787910079828,8391ccf6-cadc-0903-6c3b-9a115727777f,/?crawl=1,0,200,302172,36.539,694.664,434990
1787910080827,99c5119e-69b6-df31-d497-e801a8e4faec,/?crawl=2,0,200,27973,77.280,188.232,148609
1787910080522,8391ccf6-cadc-0903-6c3b-9a115727777f,/p/0/4dbca0b16fa3cc1c,1,200,388527,34.530,915.140,424555
1787910080522,8391ccf6-cadc-0903-6c3b-9a115727777f,/p/0/4dbca1b16fa3cdcf,1,200,285819,101.005,1320.508,216446
1787910080522,8391ccf6-cadc-0903-6c3b-9a115727777f,/p/0/4dbca2b16fa3cf82,1,200,437248,36.635,1652.005,264677
1787910081827,a171fcac-f691-8af3-f13b-08c3ca9d8a09,/?crawl=3,0,200,244126,43.068,739.422,330158
1787910081827,90ed1c25-9021-447c-eb85-53f34f9e58b2,/?crawl=5,0,200,103138,121.434,953.812,108132
1787910082827,2f620a10-e898-7df5-5c5d-d659db1f523c,/?crawl=6,0,200,444863,50.298,1537.012,289434
1787910084364,2f620a10-e898-7df5-5c5d-d659db1f523c,/p/0/ba524953db08d2a3,1,200,44439,243.192,613.060,72487
1787910083827,1b2a4302-396a-16af-5c92-03547010d29c,/?crawl=7,0,200,3659721,23.086,3344.862,1094132
1787910087172,1b2a4302-396a-16af-5c92-03547010d29c,/p/0/26e7f6f6466de1a9,1,200,108512,2.041,28.439,3815555
1787910086827,9a14ab57-6136-a861-9270-530d55827fd8,/?crawl=8,0,200,186585,32.042,388.163,480687
1787910087172,1b2a4302-396a-16af-5c92-03547010d29c,/p/2/26e7f5f6466ddff6,1,200,310344,3.484,154.112,2013753
1787910086827,bee3d183-ac7c-c0ec-20d5-0af98bee2515,/?crawl=9,0,200,283619,32.881,615.439,460840
1787910087326,1b2a4302-396a-16af-5c92-03547010d29c,/p/1/f488642b549aed93,2,200,318337,19.881,343.081,927878
1787910087326,1b2a4302-396a-16af-5c92-03547010d29c,/p/0/f488662b549af0f9,2,200,312090,20.194,343.625,908229
1787910087326,1b2a4302-396a-16af-5c92-03547010d29c,/p/0/f488632b549aebe0,2,200,289772,19.836,344.508,841119
1787910082781,90ed1c25-9021-447c-eb85-53f34f9e58b2,/p/0/134c3b1d37f583,1,200,393026,237.863,5173.146,75974
1787910087827,d32b69ad-48c7-59f9-dfdd-8241e725234c,/?crawl=12,0,200,122538,22.278,167.550,731353
1787910086827,20bed0a1-3b3f-3aa7-097e-0ad416139e92,/?crawl=10,0,200,408170,50.315,1377.429,296327
1787910088205,20bed0a1-3b3f-3aa7-097e-0ad416139e92,/p/0/f1f68159fd03382a,1,200,8369,48.318,72.148,115998
1787910087443,bee3d183-ac7c-c0ec-20d5-0af98bee2515,/p/0/e90f4b9e147b7cb4,1,200,180631,30.570,1074.596,168092
1787910087995,d32b69ad-48c7-59f9-dfdd-8241e725234c,/p/5/18cb2a15263920ea,1,200,188393,57.228,810.833,232345
1787910087827,d828a9cb-ad94-c44a-2b73-79ad15446319,/?crawl=14,0,200,483878,30.829,981.084,493207
1787910087669,1b2a4302-396a-16af-5c92-03547010d29c,/p/0/e81e40e975374da6,3,200,253077,494.057,1140.431,221913
1787910088808,d828a9cb-ad94-c44a-2b73-79ad15446319,/p/0/a44d2ae3aa975e2b,1,200,71856,29.107,304.752,235785
1787910087995,d32b69ad-48c7-59f9-dfdd-8241e725234c,/p/0/18cb2b152639229d,1,200,315971,57.248,1392.408,226924
1787910087443,bee3d183-ac7c-c0ec-20d5-0af98bee2515,/p/0/e90f4d9e147b801a,1,200,376527,30.585,1976.271,190524
1787910079828,e09a31d1-a55b-5bee-97eb-fdbb3e7de301,/?crawl=0,0,200,4787629,30.720,9918.001,482721
1787910088205,20bed0a1-3b3f-3aa7-097e-0ad416139e92,/p/6/f1f67f59fd0334c4,1,200,270997,96.731,1566.345,173012
1787910087995,d32b69ad-48c7-59f9-dfdd-8241e725234c,/p/0/18cb281526391d84,1,200,452669,20.020,1912.879,236643
1787910088806,d32b69ad-48c7-59f9-dfdd-8241e725234c,/p/0/ba13d12c516c692e,2,200,263188,124.479,1370.233,192075
1787910088806,d32b69ad-48c7-59f9-dfdd-8241e725234c,/p/4/ba13cf2c516c65c8,2,200,275409,104.478,1399.127,196843
1787910088808,d828a9cb-ad94-c44a-2b73-79ad15446319,/p/16/a44d29e3aa975c78,1,200,361087,100.660,1544.769,233748
1787910089827,7111757e-9931-d305-b6ca-1f889120056e,/?crawl=16,0,200,376710,40.521,987.568,381452
1787910089771,20bed0a1-3b3f-3aa7-097e-0ad416139e92,/p/5/ceb726ece20d198d,2,200,53665,246.956,1299.076,41310
1787910090827,c3233af3-6798-cd10-58ca-164c2e53f97b,/?crawl=19,0,200,199720,25.904,332.461,600731
1787910090815,7111757e-9931-d305-b6ca-1f889120056e,/p/0/cb21d29ed3cd4538,1,200,53689,38.897,407.957,131605
1787910089771,20bed0a1-3b3f-3aa7-097e-0ad416139e92,/p/0/ceb725ece20d17da,2,200,89335,271.380,1490.160,59950
1787910091160,c3233af3-6798-cd10-58ca-164c2e53f97b,/p/0/ea0e2bcaecc67da5,1,200,53536,61.888,301.855,177357
1787910090815,7111757e-9931-d305-b6ca-1f889120056e,/p/0/cb21d59ed3cd4a51,1,200,113812,38.878,844.002,134848
1787910091827,857f40eb-84f8-f761-93f4-421390c88b0a,/?crawl=21,0,200,5719,64.299,64.366,88852
1787910091827,abfee969-8d18-cdc7-e5fe-f732f4016a26,/?crawl=20,0,200,200579,9.869,97.317,2061087
1787910086827,8ccb28f3-443e-efa1-9857-60d42e2a4b7b,/?crawl=11,0,200,4030625,21.611,5178.314,778366
1787910089746,e09a31d1-a55b-5bee-97eb-fdbb3e7de301,/p/0/e126f80f043ec595,1,200,400424,31.343,2294.599,174507
1787910089746,e09a31d1-a55b-5bee-97eb-fdbb3e7de301,/p/0/e126f50f043ec07c,1,200,359994,31.374,2353.244,152978
1787910091160,c3233af3-6798-cd10-58ca-164c2e53f97b,/p/0/ea0e29caecc67a3f,1,200,299371,24.966,1063.893,281392
1787910090815,7111757e-9931-d305-b6ca-1f889120056e,/p/3/cb21d49ed3cd489e,1,200,428874,58.795,1587.051,270233
1787910090353,d828a9cb-ad94-c44a-2b73-79ad15446319,/p/0/8ba7104b0c1b384a,2,200,243082,156.063,2419.746,100458
1787910092402,7111757e-9931-d305-b6ca-1f889120056e,/p/0/e86f6a250eca4fe4,2,200,222125,40.196,1531.193,145067
1787910091070,20bed0a1-3b3f-3aa7-097e-0ad416139e92,/p/0/c9e3fe9d7c936c9e,3,200,117894,500.694,3457.131,34102
1787910094827,5515c72f-40b2-f184-ff1b-ea4aa95ee51a,/?crawl=24,0,200,36950,52.477,154.096,239786
1787910087172,1b2a4302-396a-16af-5c92-03547010d29c,/p/0/26e7f3f6466ddc90,1,200,4322142,1.526,8011.108,539519
1787910092402,7111757e-9931-d305-b6ca-1f889120056e,/p/2/e86f6b250eca5197,2,200,427550,190.869,2782.039,153682
1787910092402,7111757e-9931-d305-b6ca-1f889120056e,/p/0/e86f6d250eca54fd,2,200,504887,171.652,3297.209,153126
1787910095184,7111757e-9931-d305-b6ca-1f889120056e,/p/0/db50b1c99f7faf8b,3,200,48311,191.806,628.679,76845
1787910091070,20bed0a1-3b3f-3aa7-097e-0ad416139e92,/p/4/c9e3ff9d7c936e51,3,200,277666,500.615,5045.963,55027
1787910095827,94842fac-a0ca-65e9-7e11-3080fcf99d81,/?crawl=25,0,200,288429,20.271,311.863,924857
1787910089746,e09a31d1-a55b-5bee-97eb-fdbb3e7de301,/p/1/e126f60f043ec22f,1,200,2246616,134.506,6473.494,347048
1787910096139,94842fac-a0ca-65e9-7e11-3080fcf99d81,/p/0/803ce12b792f4a33,1,200,57364,17.421,147.631,388563
1787910095184,7111757e-9931-d305-b6ca-1f889120056e,/p/0/db50b2c99f7fb13e,3,200,217681,211.476,1535.540,141762
1787910096827,5a867274-6461-6cfd-5377-f43c304d3564,/?crawl=28,0,200,217316,31.401,419.333,518242
1787910095184,7111757e-9931-d305-b6ca-1f889120056e,/p/1/db50b3c99f7fb2f1,3,200,489090,211.486,2286.194,213932
1787910097246,5a867274-6461-6cfd-5377-f43c304d3564,/p/0/fca335ec050dc777,1,200,87547,40.986,480.750,182105
1787910096219,e09a31d1-a55b-5bee-97eb-fdbb3e7de301,/p/0/d9bb62d310ffe686,2,200,241746,229.335,1724.401,140191
1787910096219,e09a31d1-a55b-5bee-97eb-fdbb3e7de301,/p/0/d9bb63d310ffe839,2,200,210403,320.189,1875.681,112174
1787910096827,dd3108d0-e672-b95a-87a3-0f6387f152c9,/?crawl=26,0,200,441083,45.411,1279.695,344678
1787910097827,a9665421-ad30-ae1e-ed69-6e4036368fcb,/?crawl=31,0,200,191782,48.361,421.936,454528
1787910096219,e09a31d1-a55b-5bee-97eb-fdbb3e7de301,/p/0/d9bb60d310ffe320,2,200,504827,167.131,2164.341,233247
1787910094981,5515c72f-40b2-f184-ff1b-ea4aa95ee51a,/p/0/13a737890dca41f9,1,200,251605,125.870,3452.487,72876
1787910092830,4554079d-1420-510c-38ca-4f4ef1f0fdf9,/?crawl=22,0,200,2400835,50.061,5733.061,418770
1787910096116,20bed0a1-3b3f-3aa7-097e-0ad416139e92,/p/3/a107968553c54d4e,4,200,164157,263.572,2599.687,63145
1787910087827,df481320-7ae2-be0a-5a04-81fa7d9caa24,/?crawl=13,0,200,5795831,30.519,11023.399,525775
1787910098851,df481320-7ae2-be0a-5a04-81fa7d9caa24,/p/0/ac357f72bad416fd,1,200,24310,2.114,2.408,10095347
1787910098249,a9665421-ad30-ae1e-ed69-6e4036368fcb,/p/3/23f5c2712b9d31c9,1,200,160818,73.055,699.232,229992
1787910089771,20bed0a1-3b3f-3aa7-097e-0ad416139e92,/p/0/ceb724ece20d1627,2,200,483248,247.022,9258.018,52198
1787910091160,c3233af3-6798-cd10-58ca-164c2e53f97b,/p/0/ea0e28caecc6788c,1,200,4629753,48.728,7922.383,584389
1787910098563,4554079d-1420-510c-38ca-4f4ef1f0fdf9,/p/11/882535ba896c0305,1,200,96634,36.370,557.254,173411
1787910098851,df481320-7ae2-be0a-5a04-81fa7d9caa24,/p/0/ac357d72bad41397,1,200,136281,2.418,317.788,428842
1787910097470,7111757e-9931-d305-b6ca-1f889120056e,/p/0/f08044c20d3b4100,4,200,144814,300.759,2075.064,69788
1787910099120,4554079d-1420-510c-38ca-4f4ef1f0fdf9,/p/0/3079400950b33c07,2,200,25530,192.735,428.701,59552
1787910094981,5515c72f-40b2-f184-ff1b-ea4aa95ee51a,/p/0/13a734890dca3ce0,1,200,393407,151.017,4592.153,85669
1787910087443,bee3d183-ac7c-c0ec-20d5-0af98bee2515,/p/0/e90f4c9e147b7e67,1,200,4972945,45.690,12134.946,409804
1787910098827,da25c7c8-a251-fd70-ce15-aa518802c899,/?crawl=34,0,200,234769,47.068,765.915,306521
1787910098827,c8ffbfb8-d817-3ea3-36b4-b43d03569bc2,/?crawl=33,0,200,425474,32.073,892.701,476614
1787910097470,7111757e-9931-d305-b6ca-1f889120056e,/p/0/f08045c20d3b42b3,4,200,337310,39.019,2323.726,145159
1787910087669,1b2a4302-396a-16af-5c92-03547010d29c,/p/0/e81e41e975374f59,3,200,3644188,494.325,12356.950,294910
1787910098827,44327ab8-6908-836c-c7d4-c75ae90db4ba,/?crawl=32,0,200,520953,41.048,1422.743,366161
1787910098948,a9665421-ad30-ae1e-ed69-6e4036368fcb,/p/0/cfe91af9bd5f740d,2,200,195153,126.155,1758.798,110958
1787910099120,4554079d-1420-510c-38ca-4f4ef1f0fdf9,/p/10/30793f0950b33a54,2,200,183705,175.064,1762.077,104255
1787910098851,df481320-7ae2-be0a-5a04-81fa7d9caa24,/p/0/ac357e72bad4154a,1,200,3902811,2.997,2203.809,1770939
1787910098249,a9665421-ad30-ae1e-ed69-6e4036368fcb,/p/0/23f5c1712b9d3016,1,200,451395,97.210,3079.487,146581
1787910088827,ade48f0c-dc8f-ae30-8cfb-7b7ac789fbf2,/?crawl=15,0,200,4309505,45.752,12528.950,343964
1787910098107,dd3108d0-e672-b95a-87a3-0f6387f152c9,/p/1/3a7be04437002ab9,1,200,373632,105.326,3297.530,113307
1787910098107,dd3108d0-e672-b95a-87a3-0f6387f152c9,/p/0/3a7bdf4437002906,1,200,360172,126.563,3340.775,107811
1787910101356,ade48f0c-dc8f-ae30-8cfb-7b7ac789fbf2,/p/0/37b77e413f3250d8,1,200,23464,43.767,143.053,164023
1787910097827,884ce7f0-e331-4256-af16-200a70deea5d,/?crawl=30,0,200,6267565,40.015,3722.761,1683580
1787910090827,2ee20978-8e84-b243-63bc-68d509852845,/?crawl=18,0,200,3543983,235.910,10744.148,329852
1787910098563,4554079d-1420-510c-38ca-4f4ef1f0fdf9,/p/0/882534ba896c0152,1,200,303534,70.486,3081.027,98517
1787910087669,1b2a4302-396a-16af-5c92-03547010d29c,/p/0/e81e3fe975374bf3,3,200,5153539,642.312,14020.369,367575
1787910098563,4554079d-1420-510c-38ca-4f4ef1f0fdf9,/p/0/882533ba896bff9f,1,200,356246,105.495,3220.470,110619
1787910100827,df6ed7a9-04b7-559c-1995-f5cadca28d7a,/?crawl=36,0,200,424334,50.997,1022.647,414937
1787910100882,4554079d-1420-510c-38ca-4f4ef1f0fdf9,/p/0/cbd4b2c440aa8552,3,200,71775,193.525,989.591,72530
1787910099120,4554079d-1420-510c-38ca-4f4ef1f0fdf9,/p/0/3079410950b33dba,2,200,257976,210.037,2769.290,93156
1787910101827,89650a79-d702-0bef-e132-e64552e54bcd,/?crawl=37,0,200,377840,9.986,196.366,1924162
1787910099827,8e039d77-b093-290c-1e0c-6c1c20fc2784,/?crawl=35,0,200,490707,72.082,2313.337,212121
1787910102023,89650a79-d702-0bef-e132-e64552e54bcd,/p/0/4aca6f2c54d32155,1,200,93619,27.801,136.392,686399
1787910102023,89650a79-d702-0bef-e132-e64552e54bcd,/p/8/4aca6d2c54d31def,1,200,115760,15.808,152.462,759270
1787910098948,a9665421-ad30-ae1e-ed69-6e4036368fcb,/p/2/cfe918f9bd5f70a7,2,200,408877,138.040,3240.838,126164
1787910102023,89650a79-d702-0bef-e132-e64552e54bcd,/p/0/4aca6c2c54d31c3c,1,200,128781,8.876,171.384,751416
1787910101850,df6ed7a9-04b7-559c-1995-f5cadca28d7a,/p/5/b76017cec03827dc,1,200,145241,1.882,372.375,390040
1787910101850,df6ed7a9-04b7-559c-1995-f5cadca28d7a,/p/0/b76018cec038298f,1,200,158965,2.789,372.983,426199
1787910101850,df6ed7a9-04b7-559c-1995-f5cadca28d7a,/p/0/b76019cec0382b42,1,200,180667,1.235,373.664,483502
1787910096827,d831c348-5458-dc01-9f31-fa5f61ba72df,/?crawl=29,0,200,2681056,29.841,5415.354,495084
1787910099593,da25c7c8-a251-fd70-ce15-aa518802c899,/p/0/de34c089e96e109c,1,200,216273,226.556,2697.796,80167
1787910100882,4554079d-1420-510c-38ca-4f4ef1f0fdf9,/p/9/cbd4b3c440aa8705,3,200,138816,210.609,1471.284,94350
1787910102189,a9665421-ad30-ae1e-ed69-6e4036368fcb,/p/0/7c08590a775b2abb,3,200,12408,135.667,208.611,59479
1787910102176,89650a79-d702-0bef-e132-e64552e54bcd,/p/7/f95b1c52a105c95a,2,200,122783,38.557,235.125,522204
1787910101356,ade48f0c-dc8f-ae30-8cfb-7b7ac789fbf2,/p/1/37b77f413f32528b,1,200,188519,62.733,1117.465,168702
1787910102141,8e039d77-b093-290c-1e0c-6c1c20fc2784,/p/0/719f16e77e090862,1,200,41235,68.318,338.430,121842
1787910099593,da25c7c8-a251-fd70-ce15-aa518802c899,/p/9/de34c289e96e1402,1,200,361782,43.758,2907.230,124442
1787910102176,89650a79-d702-0bef-e132-e64552e54bcd,/p/0/f95b1d52a105cb0d,2,200,248299,26.285,375.708,660883
1787910102411,89650a79-d702-0bef-e132-e64552e54bcd,/p/0/e3b445a291cd541,3,200,92665,50.900,207.337,446930
1787910096139,94842fac-a0ca-65e9-7e11-3080fcf99d81,/p/0/803ce22b792f4be6,1,200,3099236,24.779,6510.425,476042
1787910099593,da25c7c8-a251-fd70-ce15-aa518802c899,/p/0/de34c389e96e15b5,1,200,404630,270.818,3158.266,128118
1787910102411,89650a79-d702-0bef-e132-e64552e54bcd,/p/0/e3b415a291cd028,3,200,208358,38.860,424.870,490404
1787910102474,ade48f0c-dc8f-ae30-8cfb-7b7ac789fbf2,/p/0/1addb9da70dd8def,2,200,6404,225.253,367.724,17415
1787910102176,89650a79-d702-0bef-e132-e64552e54bcd,/p/0/f95b1a52a105c5f4,2,200,474956,22.574,719.628,660002
1787910102411,89650a79-d702-0bef-e132-e64552e54bcd,/p/6/e3b425a291cd1db,3,200,476248,38.928,583.731,815869
1787910102500,da25c7c8-a251-fd70-ce15-aa518802c899,/p/8/6591405b3b6f2921,2,200,48761,227.987,555.486,87781
1787910102500,da25c7c8-a251-fd70-ce15-aa518802c899,/p/0/65913f5b3b6f276e,2,200,25830,228.026,555.532,46496
1787910101571,2ee20978-8e84-b243-63bc-68d509852845,/p/0/56a3d56d582b85df,1,200,195754,87.327,1498.750,130612
1787910102827,8ffa183d-8b36-feee-0345-cf4edbbbe71d,/?crawl=40,0,200,118242,30.026,248.592,475646
1787910102189,a9665421-ad30-ae1e-ed69-6e4036368fcb,/p/0/7c085a0a775b2c6e,3,200,120075,172.047,986.141,121762
1787910090353,d828a9cb-ad94-c44a-2b73-79ad15446319,/p/0/8ba70f4b0c1b3697,2,200,2108437,142.134,12887.433,163604
1787910090205,d32b69ad-48c7-59f9-dfdd-8241e725234c,/p/0/39108b8390caa309,3,200,2451291,96.811,13063.716,187641
1787910102995,89650a79-d702-0bef-e132-e64552e54bcd,/p/0/587cc63af0beb5dc,4,200,227349,9.008,287.279,791387
1787910102827,2326d840-20b7-1966-30ad-939ab67664bf,/?crawl=39,0,200,326889,25.283,532.972,613332
1787910102995,89650a79-d702-0bef-e132-e64552e54bcd,/p/0/587cc93af0bebaf5,4,200,282103,24.499,414.934,679874
1787910102995,89650a79-d702-0bef-e132-e64552e54bcd,/p/5/587cc83af0beb942,4,200,382384,43.781,444.289,860664
1787910103439,89650a79-d702-0bef-e132-e64552e54bcd,/p/0/ca8488f443367b7c,5,200,132941,7.714,157.195,845706
1787910103056,da25c7c8-a251-fd70-ce15-aa518802c899,/p/7/39f1fa79b4818bd7,3,200,26944,277.109,599.716,44928
1787910101571,2ee20978-8e84-b243-63bc-68d509852845,/p/0/56a3d66d582b8792,1,200,292336,144.927,2087.612,140034
1787910099029,20bed0a1-3b3f-3aa7-097e-0ad416139e92,/p/0/9dddf3bb59d251ca,5,200,192473,288.299,4642.921,41455
1787910101404,dd3108d0-e672-b95a-87a3-0f6387f152c9,/p/0/ab3ebd062e8c7887,2,200,150636,211.225,2272.910,66275
1787910081827,56d3aeef-5534-d227-8053-bb282bac9ad2,/?crawl=4,0,200,309328,1317.054,21928.890,14106
1787910103439,89650a79-d702-0bef-e132-e64552e54bcd,/p/4/ca8489f443367d2f,5,200,293242,40.571,356.581,822370
1787910101571,2ee20978-8e84-b243-63bc-68d509852845,/p/5/56a3d46d582b842c,1,200,432198,4.130,2312.885,186865
1787910103796,89650a79-d702-0bef-e132-e64552e54bcd,/p/0/e7f4a41679474377,6,200,57905,51.972,132.490,437053
1787910103360,2326d840-20b7-1966-30ad-939ab67664bf,/p/0/bf486b5dd074defb,1,200,144129,115.842,665.487,216577
1787910103439,89650a79-d702-0bef-e132-e64552e54bcd,/p/0/ca848bf443368095,5,200,491100,23.342,624.772,786047
1787910103796,89650a79-d702-0bef-e132-e64552e54bcd,/p/0/e7f4a5167947452a,6,200,200761,43.997,375.947,534014
1787910103796,89650a79-d702-0bef-e132-e64552e54bcd,/p/3/e7f4a316794741c4,6,200,463302,47.851,462.552,1001622
1787910104259,89650a79-d702-0bef-e132-e64552e54bcd,/p/2/5a9e5bf625ade591,7,200,70029,10.105,62.797,1115157
1787910103360,2326d840-20b7-1966-30ad-939ab67664bf,/p/0/bf486d5dd074e261,1,200,276797,23.370,972.756,284549
1787910103360,2326d840-20b7-1966-30ad-939ab67664bf,/p/0/bf486c5dd074e0ae,1,200,206265,69.950,1020.640,202094
1787910082781,90ed1c25-9021-447c-eb85-53f34f9e58b2,/p/0/134d3b1d37f736,1,200,2368671,416.867,21703.808,109136
1787910096139,94842fac-a0ca-65e9-7e11-3080fcf99d81,/p/4/803ce02b792f4880,1,200,4730454,43.035,8365.963,565440
1787910101356,ade48f0c-dc8f-ae30-8cfb-7b7ac789fbf2,/p/0/37b781413f3255f1,1,200,481355,43.782,3189.429,150922
1787910089827,e691194e-b4c1-a929-59bd-337dec07dcd6,/?crawl=17,0,200,3138211,67.497,14778.874,212344
1787910103656,da25c7c8-a251-fd70-ce15-aa518802c899,/p/6/3ed991762b458de7,4,200,68491,968.109,975.537,70209
1787910090205,d32b69ad-48c7-59f9-dfdd-8241e725234c,/p/3/39108a8390caa156,3,200,2817864,96.819,14536.686,193845
1787910102141,8e039d77-b093-290c-1e0c-6c1c20fc2784,/p/0/719f15e77e0906af,1,200,263800,234.261,2676.105,98576
1787910103884,2ee20978-8e84-b243-63bc-68d509852845,/p/0/cba50a4c2a4c751e,2,200,182284,104.565,1024.919,177852
1787910103884,2ee20978-8e84-b243-63bc-68d509852845,/p/4/cba5084c2a4c71b8,2,200,189916,140.378,1045.508,181650
1787910102500,da25c7c8-a251-fd70-ce15-aa518802c899,/p/0/65913e5b3b6f25bb,2,200,400517,274.675,2455.543,163107
1787910103656,da25c7c8-a251-fd70-ce15-aa518802c899,/p/0/3ed993762b45914d,4,200,461798,968.054,1301.354,354860
1787910103056,da25c7c8-a251-fd70-ce15-aa518802c899,/p/0/39f1f979b4818a24,3,200,478011,230.280,1902.598,251241
1787910104258,89650a79-d702-0bef-e132-e64552e54bcd,/p/0/5a9e59f625ade22b,7,200,271498,42.174,714.434,380018
1787910101550,884ce7f0-e331-4256-af16-200a70deea5d,/p/0/908b6e1397023d69,1,200,405626,72.596,3462.410,117151
1787910084364,2f620a10-e898-7df5-5c5d-d659db1f523c,/p/0/ba524a53db08d456,1,200,3008122,243.154,20708.892,145258
1787910104259,89650a79-d702-0bef-e132-e64552e54bcd,/p/0/5a9e5af625ade3de,7,200,408093,14.038,867.413,470471
1787910104930,2ee20978-8e84-b243-63bc-68d509852845,/p/0/389cdd61508e2d09,3,200,133707,26.017,216.447,617736
1787910102141,8e039d77-b093-290c-1e0c-6c1c20fc2784,/p/9/719f17e77e090a15,1,200,329836,164.433,3008.640,109630
1787910104321,89650a79-d702-0bef-e132-e64552e54bcd,/p/1/2d6ce491dd348e3f,8,200,387131,44.766,893.132,433453
1787910104321,89650a79-d702-0bef-e132-e64552e54bcd,/p/0/2d6ce691dd3491a5,8,200,484067,44.866,979.091,494404
1787910102222,df6ed7a9-04b7-559c-1995-f5cadca28d7a,/p/0/b60b0ed34dfd9a2,2,200,132025,114.466,3087.093,42767
1787910104930,2ee20978-8e84-b243-63bc-68d509852845,/p/0/389cda61508e27f0,3,200,280384,29.367,396.084,707890
1787910098716,20bed0a1-3b3f-3aa7-097e-0ad416139e92,/p/2/9dddf4bb59d2537d,5,200,284022,266.390,6644.749,42744
1787910104930,2ee20978-8e84-b243-63bc-68d509852845,/p/3/389cdc61508e2b56,3,200,439469,26.086,459.097,957246
1787910103656,da25c7c8-a251-fd70-ce15-aa518802c899,/p/0/3ed990762b458c34,4,200,354313,967.631,1835.820,193000
1787910097247,5a867274-6461-6cfd-5377-f43c304d3564,/p/0/fca334ec050dc5c4,1,200,2231809,27.492,8280.333,269531
1787910098107,dd3108d0-e672-b95a-87a3-0f6387f152c9,/p/0/3a7bde4437002753,1,200,3435044,41.206,7600.587,451945
1787910104505,94842fac-a0ca-65e9-7e11-3080fcf99d81,/p/0/c4b690de35b638e3,2,200,437218,47.633,1273.134,343419
1787910104505,94842fac-a0ca-65e9-7e11-3080fcf99d81,/p/0/c4b691de35b63a96,2,200,409337,17.273,1296.382,315753
1787910105215,89650a79-d702-0bef-e132-e64552e54bcd,/p/0/9ccdd346e5369fa2,9,200,361104,47.305,640.485,563798
1787910102827,1cdd3781-2ce9-56fa-8fa8-6ce4e1d03c96,/?crawl=38,0,200,447521,85.194,3041.104,147157
1787910104505,94842fac-a0ca-65e9-7e11-3080fcf99d81,/p/3/c4b692de35b63c49,2,200,460174,24.882,1383.825,332538
1787910104742,d32b69ad-48c7-59f9-dfdd-8241e725234c,/p/0/5c1ba9996bd57b71,4,200,240212,94.101,1244.477,193023
1787910105389,2ee20978-8e84-b243-63bc-68d509852845,/p/2/fe20ecceae6a1b4f,4,200,387791,28.630,628.754,616761
1787910101404,dd3108d0-e672-b95a-87a3-0f6387f152c9,/p/0/ab3ebe062e8c7a3a,2,200,2604654,231.917,4665.159,558320
1787910104957,da25c7c8-a251-fd70-ce15-aa518802c899,/p/0/152e93887590bab5,5,200,196438,760.133,1118.180,175677
1787910105389,2ee20978-8e84-b243-63bc-68d509852845,/p/0/fe20ebceae6a199c,4,200,518619,28.629,720.079,720225
1787910105215,89650a79-d702-0bef-e132-e64552e54bcd,/p/0/9ccdd146e5369c3c,9,200,491454,43.110,913.003,538283
1787910104741,d32b69ad-48c7-59f9-dfdd-8241e725234c,/p/0/5c1ba6996bd57658,4,200,239895,144.533,1400.226,171326
1787910105215,89650a79-d702-0bef-e132-e64552e54bcd,/p/0/9ccdd246e5369def,9,200,470228,47.299,927.852,506792
1787910105828,6aa09d22-6ca0-73cd-4fba-df45b8093e44,/?crawl=44,0,200,196675,29.005,355.207,553691
1787910105889,94842fac-a0ca-65e9-7e11-3080fcf99d81,/p/0/dbade6b408f8bb41,3,200,105400,51.242,358.466,294031
1787910102354,4554079d-1420-510c-38ca-4f4ef1f0fdf9,/p/0/c1ac617bee7a6bbc,4,200,383335,295.965,3916.162,97885
1787910106018,2ee20978-8e84-b243-63bc-68d509852845,/p/0/3d8291105c30ceae,5,200,200915,25.726,339.480,591832
1787910104631,da25c7c8-a251-fd70-ce15-aa518802c899,/p/5/152e91887590b74f,5,200,458697,1099.503,1799.712,254873
1787910103056,da25c7c8-a251-fd70-ce15-aa518802c899,/p/0/39f1fc79b4818f3d,3,200,2870501,277.075,3377.623,849858
1787910094981,5515c72f-40b2-f184-ff1b-ea4aa95ee51a,/p/3/13a735890dca3e93,1,200,2470421,50.721,11494.775,214917
1787910105889,94842fac-a0ca-65e9-7e11-3080fcf99d81,/p/2/dbade4b408f8b7db,3,200,232024,81.310,617.113,375983
1787910103672,20bed0a1-3b3f-3aa7-097e-0ad416139e92,/p/0/9dddf2bb59d25017,5,200,120129,334.496,2840.351,42294
1787910106018,2ee20978-8e84-b243-63bc-68d509852845,/p/1/3d8292105c30d061,5,200,469018,25.711,672.995,696912
1787910106183,6aa09d22-6ca0-73cd-4fba-df45b8093e44,/p/5/62fb1d7858dd6895,1,200,132801,73.749,629.985,210800
1787910106691,2ee20978-8e84-b243-63bc-68d509852845,/p/0/e1785a8aec657254,6,200,62781,39.189,158.081,397145
1787910106691,2ee20978-8e84-b243-63bc-68d509852845,/p/0/e1785d8aec65776d,6,200,105026,25.878,281.892,372576
1787910106691,2ee20978-8e84-b243-63bc-68d509852845,/p/0/e1785c8aec6575ba,6,200,129569,28.593,305.603,423979
1787910106506,94842fac-a0ca-65e9-7e11-3080fcf99d81,/p/0/c5abd5888c5b58a0,4,200,152608,80.378,562.089,271501
1787910103884,2ee20978-8e84-b243-63bc-68d509852845,/p/0/cba5094c2a4c736b,2,200,2261102,22.726,3303.044,684551
1787910102222,df6ed7a9-04b7-559c-1995-f5cadca28d7a,/p/4/b60aeed34dfd63c,2,200,193895,626.773,5084.887,38132
1787910106813,6aa09d22-6ca0-73cd-4fba-df45b8093e44,/p/0/a5c97ea21fad666b,2,200,98714,124.788,822.383,120034
1787910106813,6aa09d22-6ca0-73cd-4fba-df45b8093e44,/p/4/a5c97da21fad64b8,2,200,107999,136.250,1087.524,99307
1787910090353,d828a9cb-ad94-c44a-2b73-79ad15446319,/p/15/8ba70e4b0c1b34e4,2,200,3217000,156.058,17627.145,182503
1787910105389,2ee20978-8e84-b243-63bc-68d509852845,/p/0/fe20eeceae6a1eb5,4,200,2430576,34.073,2668.017,911005
1787910106183,6aa09d22-6ca0-73cd-4fba-df45b8093e44,/p/0/62fb1c7858dd66e2,1,200,255222,24.036,1928.090,132370
1787910104606,e691194e-b4c1-a929-59bd-337dec07dcd6,/p/0/5e8c28fc68683cfe,1,200,312969,93.244,3526.195,88755
1787910104606,e691194e-b4c1-a929-59bd-337dec07dcd6,/p/0/5e8c27fc68683b4b,1,200,269161,62.580,3623.498,74282
1787910097246,5a867274-6461-6cfd-5377-f43c304d3564,/p/0/fca337ec050dcadd,1,200,5411045,80.595,10987.706,492464
1787910106431,da25c7c8-a251-fd70-ce15-aa518802c899,/p/0/7a04ffcb97a46374,6,200,356190,1571.590,2018.686,176446
1787910104321,89650a79-d702-0bef-e132-e64552e54bcd,/p/0/2d6ce391dd348c8c,8,200,5578952,49.042,4137.990,1348227
1787910104827,60f5158c-ce0b-a63e-fcdc-b32ad41ddc16,/?crawl=42,0,200,3431514,20.047,3778.144,908254
1787910102222,df6ed7a9-04b7-559c-1995-f5cadca28d7a,/p/0/b60afed34dfd7ef,2,200,371417,570.095,6430.276,57761
1787910101404,dd3108d0-e672-b95a-87a3-0f6387f152c9,/p/0/ab3ebf062e8c7bed,2,200,4365973,211.142,7317.053,596685
1787910088806,d32b69ad-48c7-59f9-dfdd-8241e725234c,/p/0/ba13d02c516c677b,2,200,4213216,96.013,20069.918,209927
1787910106018,2ee20978-8e84-b243-63bc-68d509852845,/p/0/3d8290105c30ccfb,5,200,5748118,28.160,3121.427,1841503
1787910106431,da25c7c8-a251-fd70-ce15-aa518802c899,/p/0/7a0502cb97a4688d,6,200,410544,1571.838,2731.277,150312
1787910107901,6aa09d22-6ca0-73cd-4fba-df45b8093e44,/p/0/1a09a847010b48b9,3,200,133645,185.758,1295.872,103131
1787910104606,e691194e-b4c1-a929-59bd-337dec07dcd6,/p/1/5e8c29fc68683eb1,1,200,459495,93.291,4620.683,99443
1787910106431,da25c7c8-a251-fd70-ce15-aa518802c899,/p/4/7a0501cb97a466da,6,200,363860,1573.515,2892.316,125802
1787910106813,6aa09d22-6ca0-73cd-4fba-df45b8093e44,/p/0/a5c97fa21fad681e,2,200,340480,124.804,2630.714,129425
1787910107980,d828a9cb-ad94-c44a-2b73-79ad15446319,/p/14/2a0a2acca41474e5,3,200,172324,142.939,1499.615,114912
1787910105868,1cdd3781-2ce9-56fa-8fa8-6ce4e1d03c96,/p/0/2bde19003bd9ee01,1,200,148943,530.788,3729.072,39941
1787910106476,5515c72f-40b2-f184-ff1b-ea4aa95ee51a,/p/0/d3fbe2884fe1f645,2,200,313870,50.195,3131.278,100237
1787910108605,60f5158c-ce0b-a63e-fcdc-b32ad41ddc16,/p/0/ee7d1f46dd3ba789,1,200,319811,20.384,1037.338,308300
1787910107980,d828a9cb-ad94-c44a-2b73-79ad15446319,/p/0/2a0a28cca414717f,3,200,206193,143.043,1719.343,119925
1787910092829,feb73dc3-f420-7e6b-b3f9-395fbdb5cc29,/?crawl=23,0,200,6023071,46.191,16966.394,355000
1787910108605,60f5158c-ce0b-a63e-fcdc-b32ad41ddc16,/p/0/ee7d1d46dd3ba423,1,200,411812,42.596,1275.549,322851
1787910107901,6aa09d22-6ca0-73cd-4fba-df45b8093e44,/p/3/1a09a747010b4706,3,200,484177,147.417,1982.307,244249
1787910106476,5515c72f-40b2-f184-ff1b-ea4aa95ee51a,/p/0/d3fbdf884fe1f12c,2,200,375121,256.093,3459.862,108421
1787910108605,60f5158c-ce0b-a63e-fcdc-b32ad41ddc16,/p/0/ee7d1c46dd3ba270,1,200,462134,50.524,1333.351,346596
1787910109480,d828a9cb-ad94-c44a-2b73-79ad15446319,/p/13/ca8bdaf249d88427,4,200,28795,160.899,559.358,51479
1787910097470,7111757e-9931-d305-b6ca-1f889120056e,/p/0/f08046c20d3b4466,4,200,4161755,379.319,12750.885,326390
1787910109480,d828a9cb-ad94-c44a-2b73-79ad15446319,/p/0/ca8bd9f249d88274,4,200,61640,160.774,816.829,75463
1787910109323,da25c7c8-a251-fd70-ce15-aa518802c899,/p/3/e764f8215913b639,7,200,103477,254.389,1213.004,85306
1787910107307,df6ed7a9-04b7-559c-1995-f5cadca28d7a,/p/0/b47295064cb7c3,3,200,157519,646.153,3233.354,48717
1787910109227,e691194e-b4c1-a929-59bd-337dec07dcd6,/p/0/38df71c6a5eb88eb,2,200,116921,64.624,1450.002,80635
1787910109323,da25c7c8-a251-fd70-ce15-aa518802c899,/p/0/e764f7215913b486,7,200,89913,278.071,1399.165,64262
1787910109827,4386d7ae-65c3-e458-463b-45c4641b688f,/?crawl=47,0,200,462699,38.805,1111.684,416214
1787910084364,2f620a10-e898-7df5-5c5d-d659db1f523c,/p/0/ba524b53db08d609,1,200,4718669,48.966,26810.918,175998
1787910109323,da25c7c8-a251-fd70-ce15-aa518802c899,/p/0/e764f6215913b2d3,7,200,137834,230.932,1859.379,74129
1787910109796,feb73dc3-f420-7e6b-b3f9-395fbdb5cc29,/p/0/f4bae15cf4d10ea5,1,200,206376,40.526,1402.338,147166
1787910105868,1cdd3781-2ce9-56fa-8fa8-6ce4e1d03c96,/p/0/2bde18003bd9ec4e,1,200,369054,657.582,5586.032,66067
1787910109227,e691194e-b4c1-a929-59bd-337dec07dcd6,/p/0/38df73c6a5eb8c51,2,200,166980,64.647,2252.186,74141
1787910110297,d828a9cb-ad94-c44a-2b73-79ad15446319,/p/0/5822c6db19a42b67,5,200,163279,259.346,1232.806,132445
1787910105149,8e039d77-b093-290c-1e0c-6c1c20fc2784,/p/8/341a8ccfb88e2e4a,2,200,463760,233.109,6437.493,72040
1787910098948,a9665421-ad30-ae1e-ed69-6e4036368fcb,/p/0/cfe917f9bd5f6ef4,2,200,2346616,188.007,13092.627,179232
1787910104742,d32b69ad-48c7-59f9-dfdd-8241e725234c,/p/2/5c1ba8996bd579be,4,200,2361424,134.843,7452.959,316844
1787910109796,feb73dc3-f420-7e6b-b3f9-395fbdb5cc29,/p/0/f4bade5cf4d1098c,1,200,443337,274.011,3388.727,130827
1787910103756,56d3aeef-5534-d227-8053-bb282bac9ad2,/p/11/937da098b1d2e9e3,1,200,169289,1374.195,9430.529,17951
1787910110536,da25c7c8-a251-fd70-ce15-aa518802c899,/p/0/9a1f7aeb5bd96cd4,8,200,187275,369.460,2789.082,67146
1787910112195,d32b69ad-48c7-59f9-dfdd-8241e725234c,/p/1/fbfa55edb3e79116,5,200,340132,109.385,1427.516,238268
1787910113827,c514b8a7-0063-d729-c505-2047d53ec718,/?crawl=52,0,200,142542,29.011,262.937,542116
1787910105361,20bed0a1-3b3f-3aa7-097e-0ad416139e92,/p/1/aafd0d89249ef664,6,200,420571,338.009,8801.893,47782
1787910110537,da25c7c8-a251-fd70-ce15-aa518802c899,/p/2/9a1f7ceb5bd9703a,8,200,256627,415.659,3691.977,69509
1787910106506,94842fac-a0ca-65e9-7e11-3080fcf99d81,/p/0/c5abd8888c5b5db9,4,200,2312554,80.387,7726.750,299292
1787910104827,b62e526a-8938-dca9-0f61-fa25ea0ca185,/?crawl=43,0,200,3278591,44.224,9458.219,346639
1787910110039,d828a9cb-ad94-c44a-2b73-79ad15446319,/p/12/5822c8db19a42ecd,5,200,478778,225.804,4394.193,108957
1787910088808,d828a9cb-ad94-c44a-2b73-79ad15446319,/p/0/a44d2be3aa975fde,1,200,4407110,86.577,25682.278,171601
1787910114285,b62e526a-8938-dca9-0f61-fa25ea0ca185,/p/1/5b12c7e948a0ae10,1,200,36997,41.377,226.260,163515
1787910113827,79dd8fd9-2d15-48fd-c248-9b62234a16b6,/?crawl=53,0,200,294980,38.556,768.213,383982
1787910109883,6aa09d22-6ca0-73cd-4fba-df45b8093e44,/p/0/c9aecc0c2836f5c4,4,200,450518,954.610,4927.128,91436
1787910114162,20bed0a1-3b3f-3aa7-097e-0ad416139e92,/p/0/aafd0f89249ef9ca,6,200,28861,252.675,852.611,33850
1787910114827,cf4cc14c-53b8-4059-eafd-fc02db0f9391,/?crawl=55,0,200,55489,57.901,211.264,262652
1787910113622,d32b69ad-48c7-59f9-dfdd-8241e725234c,/p/0/b170d5b05357199b,6,200,171395,139.063,1416.677,120984
1787910112195,d32b69ad-48c7-59f9-dfdd-8241e725234c,/p/0/fbfa56edb3e792c9,5,200,472379,88.256,2965.335,159300
1787910114512,b62e526a-8938-dca9-0f61-fa25ea0ca185,/p/0/23d32153e4177b3b,2,200,46683,227.615,701.863,66513
1787910114827,7ed51fa5-e8a6-fea6-d06f-7e61c6bd3a8e,/?crawl=57,0,200,129613,46.160,403.141,321508
1787910115038,cf4cc14c-53b8-4059-eafd-fc02db0f9391,/p/0/7075a51fd6c9784c,1,200,14251,160.896,289.822,49172
1787910104827,6dbb6597-13c5-b4fa-c282-3144c2f01ad2,/?crawl=41,0,200,4068354,39.676,10512.165,387014
1787910109827,47e10d20-df2c-6e18-596e-8be08ec866d2,/?crawl=45,0,200,5687733,19.150,5525.132,1029429
1787910113622,d32b69ad-48c7-59f9-dfdd-8241e725234c,/p/0/b170d7b053571d01,6,200,289604,109.727,1786.781,162081
1787910114827,65a95eec-dbfc-d92a-cdf9-389d92aec8b1,/?crawl=56,0,200,246647,40.977,665.361,370696
1787910114229,da25c7c8-a251-fd70-ce15-aa518802c899,/p/0/2134758a3bac0928,9,200,60264,325.054,1311.499,45950
1787910114595,79dd8fd9-2d15-48fd-c248-9b62234a16b6,/p/0/49a0f964ad938a73,1,200,174479,37.393,1110.974,157050
1787910114434,d828a9cb-ad94-c44a-2b73-79ad15446319,/p/11/67d5d031a7cd3870,6,200,93163,185.573,1312.896,70960
1787910115339,6dbb6597-13c5-b4fa-c282-3144c2f01ad2,/p/0/81e770a471d696d0,1,200,70569,39.845,527.908,133677
1787910082781,90ed1c25-9021-447c-eb85-53f34f9e58b2,/p/6/134b3b1d37f3d0,1,200,5355524,176.821,33166.740,161473
1787910115352,47e10d20-df2c-6e18-596e-8be08ec866d2,/p/0/cf90c61ac4426f1c,1,200,257874,23.100,773.895,333216
1787910115493,65a95eec-dbfc-d92a-cdf9-389d92aec8b1,/p/1/3dffb7d6b647012,1,200,118852,37.850,827.488,143630
1787910110039,d828a9cb-ad94-c44a-2b73-79ad15446319,/p/0/5822c7db19a42d1a,5,200,468313,226.115,6388.790,73302
1787910115352,47e10d20-df2c-6e18-596e-8be08ec866d2,/p/3/cf90c81ac4427282,1,200,469146,75.157,1190.334,394130
1787910101550,884ce7f0-e331-4256-af16-200a70deea5d,/p/0/908b6b1397023850,1,200,2679843,129.900,15133.074,177085
1787910102189,a9665421-ad30-ae1e-ed69-6e4036368fcb,/p/1/7c085b0a775b2e21,3,200,3583976,148.039,14863.254,241130
1787910101550,884ce7f0-e331-4256-af16-200a70deea5d,/p/1/908b6d1397023bb6,1,200,3041918,35.851,15503.054,196214
1787910090205,d32b69ad-48c7-59f9-dfdd-8241e725234c,/p/0/3910888390ca9df0,3,200,6262340,96.778,26861.757,233132
1787910102474,ade48f0c-dc8f-ae30-8cfb-7b7ac789fbf2,/p/0/1addbbda70dd9155,2,200,3529378,203.373,14592.985,241854
1787910116827,4e603dc4-1a93-b6b8-f2c2-d75ecbc85a84,/?crawl=60,0,200,74248,60.277,316.422,234649
1787910114090,c514b8a7-0063-d729-c505-2047d53ec718,/p/0/b636a70718f89979,1,200,463093,51.330,3082.524,150232
1787910114595,79dd8fd9-2d15-48fd-c248-9b62234a16b6,/p/2/49a0fb64ad938dd9,1,200,379592,37.404,2627.625,144462
1787910114595,79dd8fd9-2d15-48fd-c248-9b62234a16b6,/p/0/49a0fa64ad938c26,1,200,439896,54.829,2664.812,165076
1787910102474,ade48f0c-dc8f-ae30-8cfb-7b7ac789fbf2,/p/0/1addbada70dd8fa2,2,200,3985978,203.344,14808.710,269164
1787910117223,79dd8fd9-2d15-48fd-c248-9b62234a16b6,/p/0/45855b3abbc5012d,2,200,23402,55.893,113.096,206921
1787910115038,cf4cc14c-53b8-4059-eafd-fc02db0f9391,/p/1/7075a61fd6c979ff,1,200,380091,32.322,2418.281,157174
1787910115339,6dbb6597-13c5-b4fa-c282-3144c2f01ad2,/p/0/81e772a471d69a36,1,200,321889,170.626,2129.862,151131
1787910115339,6dbb6597-13c5-b4fa-c282-3144c2f01ad2,/p/0/81e773a471d69be9,1,200,451219,78.867,2185.856,206427
1787910117053,a9665421-ad30-ae1e-ed69-6e4036368fcb,/p/0/4cd81260ca8be772,4,200,90035,150.074,603.764,149123
1787910117457,cf4cc14c-53b8-4059-eafd-fc02db0f9391,/p/0/d8e22b4761afe7ee,2,200,18345,176.715,289.864,63288
1787910117143,4e603dc4-1a93-b6b8-f2c2-d75ecbc85a84,/p/0/6c06b4a3e6545381,1,200,44772,53.237,620.224,72187
1787910114229,da25c7c8-a251-fd70-ce15-aa518802c899,/p/1/2134768a3bac0adb,9,200,250619,257.251,3581.176,69982
1787910116320,65a95eec-dbfc-d92a-cdf9-389d92aec8b1,/p/0/86069afa2a4b96ac,2,200,118430,207.507,1556.843,76071
1787910117144,4e603dc4-1a93-b6b8-f2c2-d75ecbc85a84,/p/1/6c06b2a3e654501b,1,200,105313,79.389,818.990,128589
1787910117827,00af6127-8ac9-c464-615a-4797aa087839,/?crawl=62,0,200,160752,20.069,200.107,803329
1787910117223,79dd8fd9-2d15-48fd-c248-9b62234a16b6,/p/0/4585583abbc4fc14,2,200,113110,204.822,817.040,138439
1787910116827,bae0bd91-afba-a9b9-ff04-cf0010e2890a,/?crawl=58,0,200,355179,59.659,1436.805,247201
1787910114285,b62e526a-8938-dca9-0f61-fa25ea0ca185,/p/0/5b12c8e948a0afc3,1,200,355867,103.133,3998.541,88999
1787910117827,2dbc2170-ac47-40ef-ba7e-d5c867efe7e4,/?crawl=61,0,200,278109,26.090,477.239,582746
1787910118264,bae0bd91-afba-a9b9-ff04-cf0010e2890a,/p/0/2ab4a838949a5f9e,1,200,10489,57.036,85.806,122242
1787910117053,884ce7f0-e331-4256-af16-200a70deea5d,/p/0/ba0244967e9f6fe3,2,200,202359,168.435,1343.181,150656
1787910106506,94842fac-a0ca-65e9-7e11-3080fcf99d81,/p/1/c5abd6888c5b5a53,4,200,4347881,80.388,11899.034,365398
1787910118027,00af6127-8ac9-c464-615a-4797aa087839,/p/0/92db5c5f0f8a3a8e,1,200,107701,20.344,388.249,277402
1787910116543,47e10d20-df2c-6e18-596e-8be08ec866d2,/p/2/866157f497e783d2,2,200,505306,82.518,1913.712,264045
1787910105889,94842fac-a0ca-65e9-7e11-3080fcf99d81,/p/0/dbade3b408f8b628,3,200,4608497,16.383,12606.625,365562
1787910118027,00af6127-8ac9-c464-615a-4797aa087839,/p/2/92db5d5f0f8a3c41,1,200,134599,107.671,513.528,262107
1787910116827,0a02f36c-282b-eed8-c8ea-da6e09d12a51,/?crawl=59,0,200,316263,81.228,1806.398,175079
1787910114512,b62e526a-8938-dca9-0f61-fa25ea0ca185,/p/0/23d32253e4177cee,2,200,320383,227.572,4130.212,77571
1787910115493,65a95eec-dbfc-d92a-cdf9-389d92aec8b1,/p/0/3dffc7d6b6471c5,1,200,306413,190.571,3248.972,94311
1787910116320,65a95eec-dbfc-d92a-cdf9-389d92aec8b1,/p/0/86069bfa2a4b985f,2,200,203448,207.676,2515.639,80873
1787910118405,94842fac-a0ca-65e9-7e11-3080fcf99d81,/p/0/2b91ccff0b5f9615,5,200,134176,90.276,514.845,260614
1787910118634,0a02f36c-282b-eed8-c8ea-da6e09d12a51,/p/0/be1efa9629355098,1,200,39075,83.311,376.148,103882
1787910115493,65a95eec-dbfc-d92a-cdf9-389d92aec8b1,/p/0/3dff97d6b646cac,1,200,374145,37.892,3585.952,104336
1787910116320,65a95eec-dbfc-d92a-cdf9-389d92aec8b1,/p/0/86069dfa2a4b9bc5,2,200,261293,188.148,2777.378,94079
1787910111587,8e039d77-b093-290c-1e0c-6c1c20fc2784,/p/7/95109f429d150d64,3,200,335460,339.098,7518.506,44618
1787910117053,884ce7f0-e331-4256-af16-200a70deea5d,/p/0/ba0245967e9f7196,2,200,317232,36.794,2076.252,152791
1787910117053,a9665421-ad30-ae1e-ed69-6e4036368fcb,/p/0/4cd81160ca8be5bf,4,200,350099,138.249,2082.855,168086
1787910117053,884ce7f0-e331-4256-af16-200a70deea5d,/p/0/ba0246967e9f7349,2,200,296973,186.372,2112.701,140566
1787910114434,d828a9cb-ad94-c44a-2b73-79ad15446319,/p/0/67d5d131a7cd3a23,6,200,345471,143.268,4765.426,72495
1787910102354,4554079d-1420-510c-38ca-4f4ef1f0fdf9,/p/8/c1ac637bee7a6f22,4,200,3868060,295.947,16956.750,228113
1787910118405,94842fac-a0ca-65e9-7e11-3080fcf99d81,/p/0/2b91cbff0b5f9462,5,200,354169,99.299,992.445,356865
1787910118405,94842fac-a0ca-65e9-7e11-3080fcf99d81,/p/0/2b91c9ff0b5f90fc,5,200,393657,99.435,1033.010,381078
1787910118027,00af6127-8ac9-c464-615a-4797aa087839,/p/0/92db5b5f0f8a38db,1,200,484991,20.364,1524.194,318195
1787910118541,00af6127-8ac9-c464-615a-4797aa087839,/p/0/7845f68c5163525c,2,200,214668,116.776,1029.991,208417
1787910118304,2dbc2170-ac47-40ef-ba7e-d5c867efe7e4,/p/12/d89c5d4651b95a08,1,200,231628,75.949,1337.067,173236
1787910119310,4554079d-1420-510c-38ca-4f4ef1f0fdf9,/p/0/d37ed4ed3cc9857d,5,200,17342,361.654,364.034,47638
1787910114512,b62e526a-8938-dca9-0f61-fa25ea0ca185,/p/0/23d32353e4177ea1,2,200,473799,247.116,5185.977,91362
1787910115948,90ed1c25-9021-447c-eb85-53f34f9e58b2,/p/0/21f9ef71f1bddaad,2,200,309621,167.572,3783.282,81839
1787910118541,00af6127-8ac9-c464-615a-4797aa087839,/p/1/7845f78c5163540f,2,200,353977,89.913,1309.886,270235
1787910106476,5515c72f-40b2-f184-ff1b-ea4aa95ee51a,/p/2/d3fbe1884fe1f492,2,200,3657099,255.935,13389.730,273127
1787910117457,cf4cc14c-53b8-4059-eafd-fc02db0f9391,/p/0/d8e2294761afe488,2,200,346248,160.642,2471.170,140115
1787910118457,47e10d20-df2c-6e18-596e-8be08ec866d2,/p/0/a81ae0311d8e1954,3,200,225847,74.081,1517.654,148813
1787910118827,cda6bc5a-e6d5-5aae-77a8-e148cb046c27,/?crawl=64,0,200,249640,78.701,1345.533,185532
1787910115948,90ed1c25-9021-447c-eb85-53f34f9e58b2,/p/0/21f9ec71f1bdd594,2,200,344247,195.699,4237.776,81233
1787910119866,5515c72f-40b2-f184-ff1b-ea4aa95ee51a,/p/1/df8c21229bb4e52,3,200,157034,308.809,346.431,453291
1787910119866,5515c72f-40b2-f184-ff1b-ea4aa95ee51a,/p/0/df8c31229bb5005,3,200,286846,3.157,348.316,823523
1787910119866,5515c72f-40b2-f184-ff1b-ea4aa95ee51a,/p/0/df8c01229bb4aec,3,200,415491,308.794,349.716,1188083
1787910114827,f1b48c63-c9c5-055f-9280-9a5206d82f9a,/?crawl=54,0,200,2166000,40.305,5548.957,390344
1787910115015,20bed0a1-3b3f-3aa7-097e-0ad416139e92,/p/0/e65ddf7c6c36258e,7,200,229277,313.086,5364.940,42736
1787910120212,5515c72f-40b2-f184-ff1b-ea4aa95ee51a,/p/0/bbe385317a2508,4,200,84309,16.997,305.487,275982
1787910120212,5515c72f-40b2-f184-ff1b-ea4aa95ee51a,/p/0/bbe585317a286e,4,200,314493,3.389,305.699,1028766
1787910120212,5515c72f-40b2-f184-ff1b-ea4aa95ee51a,/p/0/bbe485317a26bb,4,200,388887,18.602,352.391,1103568
1787910120376,f1b48c63-c9c5-055f-9280-9a5206d82f9a,/p/3/dd0b50c2422e83ec,1,200,39773,74.149,260.231,152837
1787910120376,f1b48c63-c9c5-055f-9280-9a5206d82f9a,/p/0/dd0b51c2422e859f,1,200,36571,55.327,316.336,115608
1787910117144,4e603dc4-1a93-b6b8-f2c2-d75ecbc85a84,/p/0/6c06b1a3e6544e68,1,200,308300,53.213,3600.496,85627
1787910118304,2dbc2170-ac47-40ef-ba7e-d5c867efe7e4,/p/0/d89c5f4651b95d6e,1,200,424244,75.968,2456.644,172693
1787910118827,62ac10a2-7447-8800-96f0-2c216bdc4356,/?crawl=63,0,200,498855,61.662,2043.687,244096
1787910118634,0a02f36c-282b-eed8-c8ea-da6e09d12a51,/p/13/be1efb962935524b,1,200,299432,290.716,2239.853,133684
1787910119851,00af6127-8ac9-c464-615a-4797aa087839,/p/0/e8a52a98111aef33,3,200,216050,109.788,1025.100,210760
1787910109796,feb73dc3-f420-7e6b-b3f9-395fbdb5cc29,/p/6/f4bae05cf4d10cf2,1,200,3429119,60.612,11140.448,307808
1787910118457,47e10d20-df2c-6e18-596e-8be08ec866d2,/p/0/a81ae3311d8e1e6d,3,200,488757,74.061,2513.523,194451
1787910120636,f1b48c63-c9c5-055f-9280-9a5206d82f9a,/p/0/d1752c63e82302ba,2,200,35289,186.123,351.973,100261
1787910120173,cda6bc5a-e6d5-5aae-77a8-e148cb046c27,/p/0/b9b00a1a38c02bcd,1,200,28605,422.444,883.025,32394
1787910115747,d828a9cb-ad94-c44a-2b73-79ad15446319,/p/10/11fd96844a2c6ed1,7,200,472205,189.600,5478.727,86189
1787910120827,016a8d48-ed1e-efae-c645-541029fe70cf,/?crawl=68,0,200,181099,32.816,400.411,452283
1787910106183,6aa09d22-6ca0-73cd-4fba-df45b8093e44,/p/0/62fb1b7858dd652f,1,200,4093949,99.695,15049.528,272032
1787910112195,d32b69ad-48c7-59f9-dfdd-8241e725234c,/p/0/fbfa53edb3e78db0,5,200,2660324,88.278,9037.945,294351
1787910120827,099e5437-7c23-8aa9-040e-385d463364e6,/?crawl=66,0,200,299170,29.571,602.399,496631
1787910119827,421d8b8a-06ad-8f14-eb82-0f25424d834c,/?crawl=65,0,200,514681,47.414,1625.311,316666
1787910120636,f1b48c63-c9c5-055f-9280-9a5206d82f9a,/p/2/d1752d63e823046d,2,200,64844,204.849,834.126,77739
1787910120874,0a02f36c-282b-eed8-c8ea-da6e09d12a51,/p/0/b76036d27af17487,2,200,51004,327.374,652.374,78182
1787910120874,0a02f36c-282b-eed8-c8ea-da6e09d12a51,/p/12/b76035d27af172d4,2,200,122301,327.539,654.684,186809
1787910120873,0a02f36c-282b-eed8-c8ea-da6e09d12a51,/p/0/b76037d27af1763a,2,200,521237,637.277,664.422,784496
1787910118264,bae0bd91-afba-a9b9-ff04-cf0010e2890a,/p/0/2ab4a738949a5deb,1,200,439858,85.717,3381.914,130062
1787910103756,56d3aeef-5534-d227-8053-bb282bac9ad2,/p/0/937d9f98b1d2e830,1,200,317725,266.906,17941.840,17709
1787910121452,421d8b8a-06ad-8f14-eb82-0f25424d834c,/p/2/2645b2bca4253254,1,200,30311,44.948,292.942,103471
1787910107901,6aa09d22-6ca0-73cd-4fba-df45b8093e44,/p/0/1a09a547010b43a0,3,200,2304519,135.310,13901.463,165775
1787910119851,00af6127-8ac9-c464-615a-4797aa087839,/p/0/e8a52c98111af299,3,200,426930,90.732,2033.899,209907
1787910118264,bae0bd91-afba-a9b9-ff04-cf0010e2890a,/p/1/2ab4a638949a5c38,1,200,460225,228.288,3639.469,126454
1787910121471,f1b48c63-c9c5-055f-9280-9a5206d82f9a,/p/1/b3b85c5334d90856,3,200,14032,202.857,477.703,29374
1787910121430,099e5437-7c23-8aa9-040e-385d463364e6,/p/0/e084b0d561f61127,1,200,122184,70.106,708.267,172511
1787910098249,a9665421-ad30-ae1e-ed69-6e4036368fcb,/p/0/23f5c0712b9d2e63,1,200,5285290,24.973,23938.546,220786
1787910120827,25f17d6c-e297-6f0d-602c-3dcd2ce1de40,/?crawl=67,0,200,454904,36.172,1426.551,318884
1787910121528,0a02f36c-282b-eed8-c8ea-da6e09d12a51,/p/0/2d1728e743269958,3,200,118110,731.727,737.884,160066
1787910111587,8e039d77-b093-290c-1e0c-6c1c20fc2784,/p/0/9510a0429d150f17,3,200,438118,372.842,10727.121,40842
1787910112827,eaed037e-675c-346e-4242-f8381a0a4745,/?crawl=51,0,200,456181,297.211,9640.170,47321
1787910119310,4554079d-1420-510c-38ca-4f4ef1f0fdf9,/p/7/d37ed3ed3cc983ca,5,200,188372,361.517,3225.422,58402
1787910119310,4554079d-1420-510c-38ca-4f4ef1f0fdf9,/p/0/d37ed1ed3cc98064,5,200,423475,361.364,3232.879,130990
1787910100882,4554079d-1420-510c-38ca-4f4ef1f0fdf9,/p/0/cbd4b1c440aa839f,3,200,5149139,175.678,21671.571,237599
1787910102354,4554079d-1420-510c-38ca-4f4ef1f0fdf9,/p/0/c1ac647bee7a70d5,4,200,6031789,261.876,20210.953,298442
1787910121528,0a02f36c-282b-eed8-c8ea-da6e09d12a51,/p/11/2d172ae743269cbe,3,200,378168,731.635,1073.065,352419
1787910117963,4e603dc4-1a93-b6b8-f2c2-d75ecbc85a84,/p/0/dfa2fdf720791af0,2,200,365451,281.178,4861.218,75177
1787910120937,feb73dc3-f420-7e6b-b3f9-395fbdb5cc29,/p/0/a9b27d5151dd76e9,2,200,346806,38.903,1998.971,173492
1787910119642,2dbc2170-ac47-40ef-ba7e-d5c867efe7e4,/p/11/259259d1a4ab0ca7,2,200,373699,161.882,3438.900,108668
1787910122536,4554079d-1420-510c-38ca-4f4ef1f0fdf9,/p/6/dc67b8edf5cecebf,6,200,75815,198.721,566.249,133890
1787910122254,25f17d6c-e297-6f0d-602c-3dcd2ce1de40,/p/0/4d1a5e77cd5b202d,1,200,153537,34.132,850.805,180461
1787910121225,d828a9cb-ad94-c44a-2b73-79ad15446319,/p/9/a149914baae8b0e,8,200,140616,142.054,1914.915,73432
1787910119105,8e039d77-b093-290c-1e0c-6c1c20fc2784,/p/6/9415e5d27af69c12,4,200,135855,366.666,4127.653,32913
1787910122536,4554079d-1420-510c-38ca-4f4ef1f0fdf9,/p/0/dc67b7edf5cecd0c,6,200,126751,96.078,738.310,171677
1787910117963,4e603dc4-1a93-b6b8-f2c2-d75ecbc85a84,/p/0/dfa300f720792009,2,200,367306,420.404,5318.793,69058
1787910121452,421d8b8a-06ad-8f14-eb82-0f25424d834c,/p/0/2645b4bca42535ba,1,200,159319,135.498,1908.976,83458
1787910122536,4554079d-1420-510c-38ca-4f4ef1f0fdf9,/p/0/dc67baedf5ced225,6,200,79635,146.722,842.399,94534
1787910117963,4e603dc4-1a93-b6b8-f2c2-d75ecbc85a84,/p/0/dfa2fff720791e56,2,200,387147,281.211,5429.048,71310
1787910122827,ebc170d1-46f5-b95d-34ff-e2381ad17db9,/?crawl=69,0,200,191746,43.570,573.765,334189
1787910123140,d828a9cb-ad94-c44a-2b73-79ad15446319,/p/0/a149a14baae8cc1,8,200,7099,249.262,264.006,26890
1787910119199,d828a9cb-ad94-c44a-2b73-79ad15446319,/p/0/11fd94844a2c6b6b,7,200,376974,142.993,4526.864,83275
1787910117810,da25c7c8-a251-fd70-ce15-aa518802c899,/p/0/515d8e61103ada15,10,200,329176,303.700,5938.137,55434
1787910121471,f1b48c63-c9c5-055f-9280-9a5206d82f9a,/p/0/b3b85d5334d90a09,3,200,146908,239.410,2280.002,64433
1787910121745,421d8b8a-06ad-8f14-eb82-0f25424d834c,/p/0/9f313fd74ec0a847,2,200,89434,272.419,2006.675,44568
1787910116428,d828a9cb-ad94-c44a-2b73-79ad15446319,/p/0/11fd95844a2c6d1e,7,200,512939,159.697,7356.002,69731
1787910113622,d32b69ad-48c7-59f9-dfdd-8241e725234c,/p/0/b170d4b0535717e8,6,200,4416798,109.694,10238.522,431390
1787910121228,016a8d48-ed1e-efae-c645-541029fe70cf,/p/0/d0b409b7417ca2e9,1,200,417465,31.566,2827.022,147670
1787910122601,0a02f36c-282b-eed8-c8ea-da6e09d12a51,/p/0/927a8893b7dce8d7,4,200,168232,1255.775,1518.543,110785
1787910122254,25f17d6c-e297-6f0d-602c-3dcd2ce1de40,/p/2/4d1a5d77cd5b1e7a,1,200,333687,34.145,1934.658,172479
1787910120936,feb73dc3-f420-7e6b-b3f9-395fbdb5cc29,/p/0/a9b27a5151dd71d0,2,200,434463,135.026,3311.006,131218
1787910123080,2dbc2170-ac47-40ef-ba7e-d5c867efe7e4,/p/0/aca5d0c0f5ef4320,3,200,98200,223.330,1224.976,80165
1787910111828,8f790c2f-b83e-39ce-f6a9-bd665f4d7c6e,/?crawl=49,0,200,5256999,35.861,12511.129,420186
1787910122602,0a02f36c-282b-eed8-c8ea-da6e09d12a51,/p/0/927a8993b7dcea8a,4,200,342020,1103.803,1809.089,189056
1787910118633,0a02f36c-282b-eed8-c8ea-da6e09d12a51,/p/0/be1efd96293555b1,1,200,5218959,333.586,5849.537,892200
1787910121471,f1b48c63-c9c5-055f-9280-9a5206d82f9a,/p/0/b3b85a5334d904f0,3,200,261185,184.324,3307.921,78957
1787910114090,c514b8a7-0063-d729-c505-2047d53ec718,/p/0/b636a60718f897c6,1,200,2708913,140.399,10698.226,253211
1787910114090,c514b8a7-0063-d729-c505-2047d53ec718,/p/0/b636a40718f89460,1,200,2666044,25.602,10723.828,248609
1787910113187,56d3aeef-5534-d227-8053-bb282bac9ad2,/p/0/8f2c86a0eb793683,2,200,119741,1646.332,11945.483,10024
1787910121452,421d8b8a-06ad-8f14-eb82-0f25424d834c,/p/0/2645b3bca4253407,1,200,343893,112.994,3687.489,93259
1787910124189,25f17d6c-e297-6f0d-602c-3dcd2ce1de40,/p/0/4b9a294fba9307d0,2,200,101340,161.076,1043.315,97133
1787910121745,421d8b8a-06ad-8f14-eb82-0f25424d834c,/p/0/9f3140d74ec0a9fa,2,200,245121,272.490,3531.203,69416
1787910121528,0a02f36c-282b-eed8-c8ea-da6e09d12a51,/p/0/2d172be743269e71,3,200,3235080,731.343,3799.206,851515
1787910109227,e691194e-b4c1-a929-59bd-337dec07dcd6,/p/0/38df70c6a5eb8738,2,200,5820868,96.561,16182.328,359705
1787910121948,f1b48c63-c9c5-055f-9280-9a5206d82f9a,/p/0/8609d2d08778f245,4,200,215723,203.521,3463.327,62288
1787910117810,da25c7c8-a251-fd70-ce15-aa518802c899,/p/0/515d8b61103ad4fc,10,200,362749,257.484,7721.555,46979
1787910120376,f1b48c63-c9c5-055f-9280-9a5206d82f9a,/p/0/dd0b52c2422e8752,1,200,488538,37.202,5183.017,94257
1787910123102,4554079d-1420-510c-38ca-4f4ef1f0fdf9,/p/5/c0bfe05a4cc93140,7,200,422120,205.258,2665.399,158370
1787910121948,f1b48c63-c9c5-055f-9280-9a5206d82f9a,/p/0/8609d1d08778f092,4,200,248027,203.487,4110.750,60336
1787910125768,4554079d-1420-510c-38ca-4f4ef1f0fdf9,/p/0/6dd0150dd28e188c,8,200,21728,173.018,399.751,54354
1787910122602,0a02f36c-282b-eed8-c8ea-da6e09d12a51,/p/10/927a8a93b7dcec3d,4,200,2345206,1077.493,3644.006,643579
1787910110827,df8e9f1d-1b79-50bc-e59a-2f82e831f807,/?crawl=48,0,200,4533043,52.069,15435.996,293667
1787910125827,7d9c7b4d-cf09-b954-ff09-358a7e04c9f8,/?crawl=71,0,200,252875,29.770,528.058,478877
1787910126263,df8e9f1d-1b79-50bc-e59a-2f82e831f807,/p/0/b0a472eeab4940e1,1,200,19373,50.787,100.259,193229
1787910119851,00af6127-8ac9-c464-615a-4797aa087839,/p/0/e8a52998111aed80,3,200,2613265,100.099,6571.441,397670
1787910126263,df8e9f1d-1b79-50bc-e59a-2f82e831f807,/p/0/b0a471eeab493f2e,1,200,39414,100.242,225.806,174548
1787910111828,246fa64f-2b07-3955-7e92-d8e3487dedd9,/?crawl=50,0,200,2704650,174.805,14753.875,183318
1787910126263,df8e9f1d-1b79-50bc-e59a-2f82e831f807,/p/0/b0a470eeab493d7b,1,200,135401,250.472,695.211,194762
1787910122314,8e039d77-b093-290c-1e0c-6c1c20fc2784,/p/0/9415e3d27af698ac,4,200,90192,378.493,4896.140,18421
1787910123401,ebc170d1-46f5-b95d-34ff-e2381ad17db9,/p/0/3d49b459ace1acd6,1,200,431862,41.629,3828.272,112809
1787910123080,2dbc2170-ac47-40ef-ba7e-d5c867efe7e4,/p/10/aca5d2c0f5ef4686,3,200,511139,195.903,4248.288,120316
1787910120380,20bed0a1-3b3f-3aa7-097e-0ad416139e92,/p/0/e65de07c6c362741,7,200,232013,288.098,6950.286,33382
1787910124188,25f17d6c-e297-6f0d-602c-3dcd2ce1de40,/p/0/4b9a2c4fba930ce9,2,200,380105,192.441,3200.324,118771
1787910126827,fbcd9ccb-84a9-f8d1-584e-b348ee716d0c,/?crawl=73,0,200,275635,40.526,683.941,403010
1787910121903,bae0bd91-afba-a9b9-ff04-cf0010e2890a,/p/0/d798ce83c890add6,2,200,352297,286.236,5709.754,61701
1787910117053,a9665421-ad30-ae1e-ed69-6e4036368fcb,/p/0/4cd81060ca8be40c,4,200,4292496,150.097,10571.798,406033
1787910115038,cf4cc14c-53b8-4059-eafd-fc02db0f9391,/p/0/7075a81fd6c97d65,1,200,2602408,97.121,12645.806,205792
1787910096827,bd92841b-61bc-ac51-d538-a7b4a7fe8e31,/?crawl=27,0,200,5566968,65.319,30884.409,180252
1787910127329,2dbc2170-ac47-40ef-ba7e-d5c867efe7e4,/p/0/c18a82ee7e1acf7d,4,200,78373,151.925,505.389,155075
1787910123726,d828a9cb-ad94-c44a-2b73-79ad15446319,/p/8/eb43276625bf5262,9,200,368058,484.572,4447.620,82754
1787910127712,bd92841b-61bc-ac51-d538-a7b4a7fe8e31,/p/0/a71188e6a2653140,1,200,4465,434.199,591.266,7552
1787910123404,d828a9cb-ad94-c44a-2b73-79ad15446319,/p/0/a149714baae87a8,8,200,452056,233.651,5249.661,86111
1787910117223,79dd8fd9-2d15-48fd-c248-9b62234a16b6,/p/1/45855a3abbc4ff7a,2,200,4258442,113.214,11822.452,360200
1787910118541,00af6127-8ac9-c464-615a-4797aa087839,/p/0/7845f98c51635775,2,200,5015909,89.925,10628.140,471946
1787910128827,f5f961bf-20a4-0b39-6950-4145c4e817dc,/?crawl=75,0,200,193247,34.007,420.100,460002
1787910109827,8b3f6553-70f7-a160-458c-89f63041d40c,/?crawl=46,0,200,5371370,56.469,19652.449,273318
1787910125768,4554079d-1420-510c-38ca-4f4ef1f0fdf9,/p/4/6dd0170dd28e1bf2,8,200,401928,190.893,3876.054,103695
1787910126246,0a02f36c-282b-eed8-c8ea-da6e09d12a51,/p/9/8030b77f4b3f7d32,5,200,184868,139.261,4272.133,43273
1787910127330,20bed0a1-3b3f-3aa7-097e-0ad416139e92,/p/0/e65ddd7c6c362228,7,200,196910,337.644,3353.355,58720
1787910129480,8b3f6553-70f7-a160-458c-89f63041d40c,/p/0/3c2674bd2fa77fd5,1,200,152403,50.985,1674.575,91010
1787910129644,4554079d-1420-510c-38ca-4f4ef1f0fdf9,/p/0/35d6fa36a5a4fa90,9,200,135978,224.522,1610.471,84434
1787910130827,01768878-c066-100c-2b1c-50fa34bc1679,/?crawl=76,0,200,379534,19.950,467.068,812588
1787910126827,3035e519-1f5a-b3a0-81c5-bfc036389d0b,/?crawl=72,0,200,2422781,30.025,4539.307,533734
1787910123827,66485fe3-b6e5-dd61-dc8f-dfdb06939145,/?crawl=70,0,200,2997629,37.680,7640.467,392336
1787910129045,79dd8fd9-2d15-48fd-c248-9b62234a16b6,/p/0/cd420ede6e3f8ebc,3,200,464366,37.801,2639.322,175941
1787910129247,f5f961bf-20a4-0b39-6950-4145c4e817dc,/p/0/2bd7e3d511d485d3,1,200,345735,30.261,2512.915,137583
1787910123233,8e039d77-b093-290c-1e0c-6c1c20fc2784,/p/5/c7f5ae5f3a144a14,5,200,305070,470.467,8546.223,35696
1787910129247,f5f961bf-20a4-0b39-6950-4145c4e817dc,/p/1/2bd7e5d511d48939,1,200,334248,154.143,2560.395,130545
1787910122467,eaed037e-675c-346e-4242-f8381a0a4745,/p/0/22cc4fa9845da000,1,200,342527,583.835,9576.474,35768
1787910131468,66485fe3-b6e5-dd61-dc8f-dfdb06939145,/p/2/e616e5edcfa56b72,1,200,66167,105.647,584.091,113282
1787910116543,47e10d20-df2c-6e18-596e-8be08ec866d2,/p/0/866155f497e7806c,2,200,3710656,89.529,15676.311,236705
1787910127329,2dbc2170-ac47-40ef-ba7e-d5c867efe7e4,/p/9/c18a81ee7e1acdca,4,200,438349,139.872,4894.900,89552
1787910131468,66485fe3-b6e5-dd61-dc8f-dfdb06939145,/p/0/e616e3edcfa5680c,1,200,92497,36.468,823.645,112302
1787910121745,421d8b8a-06ad-8f14-eb82-0f25424d834c,/p/1/9f313ed74ec0a694,2,200,2394795,249.418,10572.962,226502
1787910121228,016a8d48-ed1e-efae-c645-541029fe70cf,/p/0/d0b406b7417c9dd0,1,200,2314477,109.183,11158.508,207418
1787910129046,79dd8fd9-2d15-48fd-c248-9b62234a16b6,/p/0/cd4211de6e3f93d5,3,200,458929,37.737,3348.282,137064
1787910114285,b62e526a-8938-dca9-0f61-fa25ea0ca185,/p/0/5b12c9e948a0b176,1,200,4866163,184.743,18111.788,268674
1787910129045,79dd8fd9-2d15-48fd-c248-9b62234a16b6,/p/0/cd4210de6e3f9222,3,200,353785,206.572,3423.396,103343
1787910131366,3035e519-1f5a-b3a0-81c5-bfc036389d0b,/p/0/bf423d32a66f82b2,1,200,202540,133.736,1241.636,163123
1787910131367,3035e519-1f5a-b3a0-81c5-bfc036389d0b,/p/0/bf423b32a66f7f4c,1,200,209722,28.269,1254.431,167185
1787910126246,0a02f36c-282b-eed8-c8ea-da6e09d12a51,/p/0/8030b87f4b3f7ee5,5,200,284673,393.464,6446.124,44162
1787910129480,8b3f6553-70f7-a160-458c-89f63041d40c,/p/0/3c2671bd2fa77abc,1,200,364757,129.603,3269.700,111557
1787910127210,8e039d77-b093-290c-1e0c-6c1c20fc2784,/p/0/c7f5af5f3a144bc7,5,200,156176,442.119,5548.608,28147
1787910131367,3035e519-1f5a-b3a0-81c5-bfc036389d0b,/p/0/bf423c32a66f80ff,1,200,378236,28.184,1424.245,265569
1787910107307,df6ed7a9-04b7-559c-1995-f5cadca28d7a,/p/3/b47195064cb610,3,200,3454544,696.600,25773.007,134037
1787910127712,bd92841b-61bc-ac51-d538-a7b4a7fe8e31,/p/0/a7118be6a2653659,1,200,394380,433.999,5549.756,71063
1787910122467,eaed037e-675c-346e-4242-f8381a0a4745,/p/0/22cc52a9845da519,1,200,459860,440.347,10877.653,42276
1787910121430,099e5437-7c23-8aa9-040e-385d463364e6,/p/0/e084b1d561f612da,1,200,2831537,28.729,11993.692,236086
1787910115352,47e10d20-df2c-6e18-596e-8be08ec866d2,/p/0/cf90c91ac4427435,1,200,4822503,15.817,18140.637,265840
1787910132224,2dbc2170-ac47-40ef-ba7e-d5c867efe7e4,/p/8/c6086efcdc009d1c,5,200,300127,133.518,1277.554,234923
1787910117457,cf4cc14c-53b8-4059-eafd-fc02db0f9391,/p/0/d8e22c4761afe9a1,2,200,4660632,160.613,16093.566,289596
1787910132052,66485fe3-b6e5-dd61-dc8f-dfdb06939145,/p/1/b13f8e259e07371,2,200,198329,170.512,1796.179,110417
1787910131808,f5f961bf-20a4-0b39-6950-4145c4e817dc,/p/0/d07735e65297fe72,2,200,323955,154.294,2047.262,158238
1787910131808,f5f961bf-20a4-0b39-6950-4145c4e817dc,/p/0/d07736e652980025,2,200,320119,171.149,2055.189,155761
1787910131468,66485fe3-b6e5-dd61-dc8f-dfdb06939145,/p/0/e616e6edcfa56d25,1,200,368827,53.294,2499.848,147540
1787910104956,da25c7c8-a251-fd70-ce15-aa518802c899,/p/0/152e90887590b59c,5,200,3749544,748.547,29076.197,128956
1787910109883,6aa09d22-6ca0-73cd-4fba-df45b8093e44,/p/0/c9aecf0c2836fadd,4,200,4985431,1074.280,24534.599,203200
1787910118457,47e10d20-df2c-6e18-596e-8be08ec866d2,/p/1/a81ae2311d8e1cba,3,200,4208729,103.923,16082.309,261699
1787910132052,66485fe3-b6e5-dd61-dc8f-dfdb06939145,/p/0/b13f7e259e071be,2,200,177382,239.543,2516.024,70501
1787910121228,016a8d48-ed1e-efae-c645-541029fe70cf,/p/2/d0b407b7417c9f83,1,200,3274154,31.517,13502.480,242485
1787910134730,016a8d48-ed1e-efae-c645-541029fe70cf,/p/0/69303d58d6960a3c,2,200,6402,30.885,46.391,138002
1787910120936,feb73dc3-f420-7e6b-b3f9-395fbdb5cc29,/p/5/a9b27c5151dd7536,2,200,5955617,155.824,13865.439,429530
1787910134539,47e10d20-df2c-6e18-596e-8be08ec866d2,/p/0/cb9b54c1347be736,4,200,75040,74.673,292.926,256174
1787910116543,47e10d20-df2c-6e18-596e-8be08ec866d2,/p/0/866158f497e78585,2,200,4732322,82.473,18296.191,258651
1787910132052,66485fe3-b6e5-dd61-dc8f-dfdb06939145,/p/0/b13f6e259e0700b,2,200,216644,170.527,2803.484,77277
1787910134539,47e10d20-df2c-6e18-596e-8be08ec866d2,/p/0/cb9b53c1347be583,4,200,102624,104.079,433.617,236669
1787910132318,421d8b8a-06ad-8f14-eb82-0f25424d834c,/p/0/4b111151e3800f14,3,200,272494,44.834,2732.153,99736
1787910133848,66485fe3-b6e5-dd61-dc8f-dfdb06939145,/p/0/d16e73a95b7115bf,3,200,110064,184.206,1215.876,90522
1787910134802,feb73dc3-f420-7e6b-b3f9-395fbdb5cc29,/p/0/27472c1cae014a10,3,200,64515,4.018,312.537,206423
1787910133827,cbc26799-6c4e-3569-3381-3c773ee02b70,/?crawl=79,0,200,319280,58.897,1343.260,237690
1787910133848,66485fe3-b6e5-dd61-dc8f-dfdb06939145,/p/0/d16e75a95b711925,3,200,163173,168.915,1461.168,111673
1787910134802,feb73dc3-f420-7e6b-b3f9-395fbdb5cc29,/p/0/27472f1cae014f29,3,200,287370,3.387,622.156,461894
1787910109883,6aa09d22-6ca0-73cd-4fba-df45b8093e44,/p/2/c9aecd0c2836f777,4,200,5627664,954.030,25760.023,218465
1787910134827,93661c0e-6efc-2e91-60c2-ca0dc889041f,/?crawl=82,0,200,292155,57.979,1179.914,247607
1787910133848,66485fe3-b6e5-dd61-dc8f-dfdb06939145,/p/0/d16e72a95b71140c,3,200,487832,220.373,2191.443,222608
1787910135643,6aa09d22-6ca0-73cd-4fba-df45b8093e44,/p/0/283b3e689ff2a405,5,200,65392,75.384,401.375,162920
1787910134827,d60d5cf1-cfe0-a10c-8d51-d0ecf551dc9d,/?crawl=81,0,200,294468,62.556,1264.741,232829
1787910134827,407c995c-84da-f786-dd41-e4e609aabe3b,/?crawl=80,0,200,267202,71.659,1310.330,203920
1787910134802,feb73dc3-f420-7e6b-b3f9-395fbdb5cc29,/p/4/27472e1cae014d76,3,200,430771,2.890,1409.883,305537
1787910136137,407c995c-84da-f786-dd41-e4e609aabe3b,/p/10/6279fcc70775a6f5,1,200,36636,71.385,212.628,172301
1787910134730,016a8d48-ed1e-efae-c645-541029fe70cf,/p/0/69304058d6960f55,2,200,426048,46.408,1682.771,253182
1787910127827,bfbe64d9-9962-f03a-ae3e-0b2a837eca97,/?crawl=74,0,200,6088278,38.909,8791.007,692558
1787910130518,0a02f36c-282b-eed8-c8ea-da6e09d12a51,/p/0/3517f9c24a34c0f0,6,200,211554,736.242,6189.679,34179
1787910127712,bd92841b-61bc-ac51-d538-a7b4a7fe8e31,/p/5/a7118ae6a26534a6,1,200,6084483,78.182,9041.664,672938
1787910136753,bd92841b-61bc-ac51-d538-a7b4a7fe8e31,/p/0/6e21d7962a1470b1,2,200,55508,1.954,27.631,2008938
1787910136753,bd92841b-61bc-ac51-d538-a7b4a7fe8e31,/p/0/6e21d4962a146b98,2,200,102242,10.672,28.178,3628414
1787910135643,6aa09d22-6ca0-73cd-4fba-df45b8093e44,/p/0/283b3b689ff29eec,5,200,292901,150.503,1235.333,237103
1787910136618,bfbe64d9-9962-f03a-ae3e-0b2a837eca97,/p/0/986d91777d3994d9,1,200,290719,1.427,273.680,1062260
1787910136618,bfbe64d9-9962-f03a-ae3e-0b2a837eca97,/p/1/986d90777d399326,1,200,403555,2.426,339.159,1189868
1787910136618,bfbe64d9-9962-f03a-ae3e-0b2a837eca97,/p/0/986d8e777d398fc0,1,200,211287,3.566,346.600,609598
1787910136957,bfbe64d9-9962-f03a-ae3e-0b2a837eca97,/p/0/776a640571bd0f9f,2,200,130864,7.904,25.034,5227543
1787910133080,df6ed7a9-04b7-559c-1995-f5cadca28d7a,/p/2/d83ef6d027cafdbb,4,200,275667,272.792,4048.345,68094
1787910135643,6aa09d22-6ca0-73cd-4fba-df45b8093e44,/p/1/283b3d689ff2a252,5,200,499795,25.590,1500.835,333011
1787910121430,099e5437-7c23-8aa9-040e-385d463364e6,/p/0/e084b2d561f6148d,1,200,5024996,28.778,15726.882,319516
1787910136212,feb73dc3-f420-7e6b-b3f9-395fbdb5cc29,/p/0/412ca956652d9aa7,4,200,142389,41.679,991.486,143612
1787910136957,bfbe64d9-9962-f03a-ae3e-0b2a837eca97,/p/0/776a650571bd1152,2,200,176878,7.384,280.890,629707
1787910134539,47e10d20-df2c-6e18-596e-8be08ec866d2,/p/0/cb9b52c1347be3d0,4,200,2510544,96.879,2717.377,923885
1787910136957,bfbe64d9-9962-f03a-ae3e-0b2a837eca97,/p/0/776a630571bd0dec,2,200,359324,7.376,308.623,1164283
1787910137144,6aa09d22-6ca0-73cd-4fba-df45b8093e44,/p/0/d4d7da22cbce3da8,6,200,62152,25.252,124.022,501136
1787910136212,feb73dc3-f420-7e6b-b3f9-395fbdb5cc29,/p/3/412cab56652d9e0d,4,200,147931,41.657,1205.184,122746
1787910105868,1cdd3781-2ce9-56fa-8fa8-6ce4e1d03c96,/p/0/2bde16003bd9e8e8,1,200,4995314,81.946,31837.396,156901
1787910126246,0a02f36c-282b-eed8-c8ea-da6e09d12a51,/p/0/8030b57f4b3f79cc,5,200,414506,139.312,11924.906,34760
1787910136753,bd92841b-61bc-ac51-d538-a7b4a7fe8e31,/p/4/6e21d5962a146d4b,2,200,5748647,2.091,1428.421,4024478
1787910138182,bd92841b-61bc-ac51-d538-a7b4a7fe8e31,/p/0/5f13b7e890af03f5,3,200,21176,3.241,12.554,1686741
1787910115948,90ed1c25-9021-447c-eb85-53f34f9e58b2,/p/5/21f9ed71f1bdd747,2,200,4917989,55.548,22291.621,220621
1787910137417,feb73dc3-f420-7e6b-b3f9-395fbdb5cc29,/p/0/f5fc2e08e4d0f352,5,200,34630,251.907,828.866,41780
1787910122254,25f17d6c-e297-6f0d-602c-3dcd2ce1de40,/p/0/4d1a5b77cd5b1b14,1,200,3074892,100.670,15997.135,192215
1787910138182,bd92841b-61bc-ac51-d538-a7b4a7fe8e31,/p/0/5f13b4e890aefedc,3,200,303689,2.313,163.957,1852251
1787910136350,407c995c-84da-f786-dd41-e4e609aabe3b,/p/0/60bc9d110dd8218f,2,200,43818,453.883,2014.431,21752
1787910133080,df6ed7a9-04b7-559c-1995-f5cadca28d7a,/p/0/d83ef5d027cafc08,4,200,398310,248.408,5349.865,74452
1787910138182,bd92841b-61bc-ac51-d538-a7b4a7fe8e31,/p/3/5f13b6e890af0242,3,200,455575,11.748,309.784,1470624
1787910137827,c03130d8-90a5-6de6-039a-c41f5e2408bf,/?crawl=83,0,200,266555,48.300,954.128,279370
1787910130518,0a02f36c-282b-eed8-c8ea-da6e09d12a51,/p/8/3517fac24a34c2a3,6,200,451937,409.154,8264.522,54684
1787910138492,bd92841b-61bc-ac51-d538-a7b4a7fe8e31,/p/2/6652f793469212c1,4,200,169869,2.117,315.660,538140
1787910138492,bd92841b-61bc-ac51-d538-a7b4a7fe8e31,/p/0/6652f59346920f5b,4,200,265035,2.109,319.622,829214
1787910123401,ebc170d1-46f5-b95d-34ff-e2381ad17db9,/p/0/3d49b359ace1ab23,1,200,2282154,249.854,15453.232,147681
1787910137144,6aa09d22-6ca0-73cd-4fba-df45b8093e44,/p/0/d4d7dc22cbce410e,6,200,484077,124.074,1761.600,274794
1787910137144,6aa09d22-6ca0-73cd-4fba-df45b8093e44,/p/0/d4d7dd22cbce42c1,6,200,488660,136.837,1774.127,275437
1787910138782,c03130d8-90a5-6de6-039a-c41f5e2408bf,/p/0/a83afeae49a4c822,1,200,68625,50.280,383.690,178855
1787910136137,407c995c-84da-f786-dd41-e4e609aabe3b,/p/0/6279fac70775a38f,1,200,144221,247.959,3193.959,45154
1787910132318,421d8b8a-06ad-8f14-eb82-0f25424d834c,/p/0/4b111451e380142d,3,200,3340942,90.167,7206.034,463631
1787910136350,407c995c-84da-f786-dd41-e4e609aabe3b,/p/9/60bc9f110dd824f5,2,200,91383,453.892,3194.705,28605
1787910138807,bd92841b-61bc-ac51-d538-a7b4a7fe8e31,/p/0/aa70fc53aede3b64,5,200,103324,675.937,773.936,133505
1787910137417,feb73dc3-f420-7e6b-b3f9-395fbdb5cc29,/p/0/f5fc2d08e4d0f19f,5,200,202219,445.264,2168.730,93243
1787910138782,0a02f36c-282b-eed8-c8ea-da6e09d12a51,/p/0/48f27e2bfcc66f51,7,200,25880,450.962,896.243,28876
1787910136350,407c995c-84da-f786-dd41-e4e609aabe3b,/p/0/60bc9e110dd82342,2,200,164924,526.490,3441.818,47918
1787910136212,feb73dc3-f420-7e6b-b3f9-395fbdb5cc29,/p/0/412caa56652d9c5a,4,200,522588,41.563,3590.972,145528
1787910138239,90ed1c25-9021-447c-eb85-53f34f9e58b2,/p/0/c3a719ccc50177cf,3,200,122805,343.423,1608.780,76334
1787910138807,bd92841b-61bc-ac51-d538-a7b4a7fe8e31,/p/1/aa70fe53aede3eca,5,200,277124,675.199,1079.749,256656
1787910137417,feb73dc3-f420-7e6b-b3f9-395fbdb5cc29,/p/2/f5fc2c08e4d0efec,5,200,444049,465.327,2979.682,149026
1787910113187,56d3aeef-5534-d227-8053-bb282bac9ad2,/p/0/8f2c87a0eb793836,2,200,347225,1501.155,27231.739,12751
1787910113187,56d3aeef-5534-d227-8053-bb282bac9ad2,/p/10/8f2c85a0eb7934d0,2,200,339726,1795.519,27362.995,12416
1787910114490,d828a9cb-ad94-c44a-2b73-79ad15446319,/p/0/67d5d231a7cd3bd6,6,200,2480063,171.288,26086.923,95069
1787910139887,bd92841b-61bc-ac51-d538-a7b4a7fe8e31,/p/0/87bf390d742e4e14,6,200,115847,370.258,696.165,166407
1787910103756,56d3aeef-5534-d227-8053-bb282bac9ad2,/p/0/937da298b1d2ed49,1,200,465012,1374.198,36941.056,12588
1787910139827,9387670a-db81-58a6-77b2-597edce00652,/?crawl=84,0,200,217042,62.739,952.887,227773
1787910096116,20bed0a1-3b3f-3aa7-097e-0ad416139e92,/p/0/a107978553c54f01,4,200,2689469,263.518,44744.676,60107
1787910139887,bd92841b-61bc-ac51-d538-a7b4a7fe8e31,/p/0/87bf3c0d742e532d,6,200,427800,370.000,1024.267,417665
1787910139887,bd92841b-61bc-ac51-d538-a7b4a7fe8e31,/p/0/87bf3b0d742e517a,6,200,494724,369.956,1036.675,477222
1787910132318,421d8b8a-06ad-8f14-eb82-0f25424d834c,/p/0/4b111251e38010c7,3,200,3863445,158.177,8752.957,441387
1787910138492,bd92841b-61bc-ac51-d538-a7b4a7fe8e31,/p/0/6652f6934692110e,4,200,4824726,4.242,2784.102,1732956
1787910140780,9387670a-db81-58a6-77b2-597edce00652,/p/0/14d0a550b509cb43,1,200,78238,60.220,845.041,92585
1787910139545,407c995c-84da-f786-dd41-e4e609aabe3b,/p/0/ea44ab295feb37c3,3,200,134902,467.171,2100.021,64238
1787910138807,bd92841b-61bc-ac51-d538-a7b4a7fe8e31,/p/0/aa70ff53aede407d,5,200,3384376,675.404,2865.737,1180979
1787910138240,90ed1c25-9021-447c-eb85-53f34f9e58b2,/p/0/c3a71accc5017982,3,200,495652,169.917,3957.444,125245
1787910140397,feb73dc3-f420-7e6b-b3f9-395fbdb5cc29,/p/1/63fe202edc889067,6,200,251282,123.809,1834.891,136947
1787910091070,20bed0a1-3b3f-3aa7-097e-0ad416139e92,/p/0/c9e3fd9d7c936aeb,3,200,3173139,500.816,51222.936,61948
1787910138239,90ed1c25-9021-447c-eb85-53f34f9e58b2,/p/4/c3a71bccc5017b35,3,200,430564,57.358,4099.848,105020
1787910140397,feb73dc3-f420-7e6b-b3f9-395fbdb5cc29,/p/0/63fe1f2edc888eb4,6,200,225874,40.733,1974.072,114420
1787910142339,90ed1c25-9021-447c-eb85-53f34f9e58b2,/p/3/7e87c4178838e227,4,200,6936,56.484,84.564,82020
1787910123401,ebc170d1-46f5-b95d-34ff-e2381ad17db9,/p/2/3d49b259ace1a970,1,200,4976594,41.510,19109.559,260424
1787910140827,fd959da8-830a-ae5e-2f3f-c57ec98424e8,/?crawl=85,0,200,347683,63.335,1684.998,206340
1787910138782,c03130d8-90a5-6de6-039a-c41f5e2408bf,/p/0/a83afcae49a4c4bc,1,200,508212,253.136,3748.813,135566
1787910137129,df6ed7a9-04b7-559c-1995-f5cadca28d7a,/p/1/7bbf3d9ecaec2efd,5,200,315291,347.372,5537.230,56940
1787910134730,016a8d48-ed1e-efae-c645-541029fe70cf,/p/1/69303e58d6960bef,2,200,3521518,96.632,8304.954,424026
1787910141827,368a2d59-9316-04ef-758a-b07adf6e1cb6,/?crawl=87,0,200,397725,50.011,1307.462,304196
1787910142828,50789202-f36f-7c1f-e151-c87cd1ff5670,/?crawl=93,0,200,359793,36.553,854.323,421144
1787910131808,f5f961bf-20a4-0b39-6950-4145c4e817dc,/p/0/d07733e65297fb0c,2,200,2352732,171.219,11902.351,197670
1787910140827,b4adaf70-07f6-7a64-9577-306cbff66ac6,/?crawl=86,0,200,352865,127.462,3066.829,115059
1787910131827,bc26f4f8-22c6-58ec-613f-1c2819ae9cf1,/?crawl=77,0,200,6201115,37.940,12461.742,497612
1787910132827,c57956ed-198e-31d1-6633-76d152b0a175,/?crawl=78,0,200,6061704,31.400,11570.993,523871
1787910138782,0a02f36c-282b-eed8-c8ea-da6e09d12a51,/p/0/48f27b2bfcc66a38,7,200,314201,569.425,5777.886,54380
1787910129480,8b3f6553-70f7-a160-458c-89f63041d40c,/p/6/3c2672bd2fa77c6f,1,200,3769819,51.014,15243.382,247309
1787910143135,368a2d59-9316-04ef-758a-b07adf6e1cb6,/p/0/5a91a837f738ee23,1,200,256783,47.987,1910.522,134405
1787910142232,feb73dc3-f420-7e6b-b3f9-395fbdb5cc29,/p/0/e7200593969aed4b,7,200,216697,218.178,2932.520,73894
1787910143035,016a8d48-ed1e-efae-c645-541029fe70cf,/p/0/49abdfe3877a74cb,3,200,358219,31.307,2171.016,165001
1787910138782,0a02f36c-282b-eed8-c8ea-da6e09d12a51,/p/7/48f27c2bfcc66beb,7,200,316990,608.922,6512.919,48671
1787910144827,7e69f724-e6a0-2a40-4452-8a4b906303f6,/?crawl=94,0,200,32144,270.247,702.459,45759
1787910141827,bcd4ed17-009f-a3dd-d16f-419d96ba6ee3,/?crawl=88,0,200,419836,134.213,3706.720,113263
1787910142232,feb73dc3-f420-7e6b-b3f9-395fbdb5cc29,/p/0/e7200693969aeefe,7,200,350167,199.758,3313.576,105676
1787910139545,407c995c-84da-f786-dd41-e4e609aabe3b,/p/8/ea44aa295feb3610,3,200,338377,390.067,6348.457,53301
1787910127511,fbcd9ccb-84a9-f8d1-584e-b348ee716d0c,/p/9/52ac90903b0a755f,1,200,4823503,108.794,18443.205,261533
1787910124188,25f17d6c-e297-6f0d-602c-3dcd2ce1de40,/p/1/4b9a2a4fba930983,2,200,6236447,176.401,21924.004,284457
1787910146113,25f17d6c-e297-6f0d-602c-3dcd2ce1de40,/p/0/6a32a797039083a3,3,200,10482,33.644,50.922,205844
1787910131779,8e039d77-b093-290c-1e0c-6c1c20fc2784,/p/0/c7f5b05f3a144d7a,5,200,483308,369.971,14426.117,33502
1787910142666,df6ed7a9-04b7-559c-1995-f5cadca28d7a,/p/0/a0da4ebaf9d4fbe0,6,200,186273,298.433,3566.360,52231
1787910142424,90ed1c25-9021-447c-eb85-53f34f9e58b2,/p/0/a1b33eecb9ec3096,5,200,368477,312.089,3910.397,94230
1787910142424,90ed1c25-9021-447c-eb85-53f34f9e58b2,/p/0/a1b33decb9ec2ee3,5,200,485940,282.732,3941.795,123279
1787910143135,368a2d59-9316-04ef-758a-b07adf6e1cb6,/p/3/5a91a737f738ec70,1,200,368088,239.978,3277.001,112325
1787910142512,fd959da8-830a-ae5e-2f3f-c57ec98424e8,/p/0/81664ff3206ed530,1,200,353146,88.634,3910.675,90303
1787910145827,3238cff0-35ff-96e0-d854-ad98428c98a0,/?crawl=96,0,200,157058,68.500,711.235,220824
1787910142232,feb73dc3-f420-7e6b-b3f9-395fbdb5cc29,/p/0/e7200793969af0b1,7,200,474145,238.708,4343.700,109157
1787910145827,9524b432-f9ab-4a28-a64c-5f2d1c914b1a,/?crawl=95,0,200,243675,49.232,787.790,309315
1787910114229,da25c7c8-a251-fd70-ce15-aa518802c899,/p/0/2134788a3bac0e41,9,200,2624780,233.753,32673.232,80334
1787910146615,9524b432-f9ab-4a28-a64c-5f2d1c914b1a,/p/2/224b2ff832f5e013,1,200,56861,48.281,309.584,183669
1787910143135,368a2d59-9316-04ef-758a-b07adf6e1cb6,/p/0/5a91a937f738efd6,1,200,476475,264.883,4032.734,118152
1787910129247,f5f961bf-20a4-0b39-6950-4145c4e817dc,/p/0/2bd7e4d511d48786,1,200,5300202,154.143,17965.179,295026
1787910145534,bcd4ed17-009f-a3dd-d16f-419d96ba6ee3,/p/23/fdcca7b3ac4d578d,1,200,50745,118.957,1868.017,27165
1787910121904,bae0bd91-afba-a9b9-ff04-cf0010e2890a,/p/0/d798cd83c890ac23,2,200,3059413,173.054,25600.497,119506
1787910145534,bcd4ed17-009f-a3dd-d16f-419d96ba6ee3,/p/0/fdcca6b3ac4d55da,1,200,68918,244.597,2038.633,33806
1787910145954,fbcd9ccb-84a9-f8d1-584e-b348ee716d0c,/p/0/bee56676653e06d6,2,200,152950,184.437,1723.901,88723
1787910146828,5a3c5a8e-40e4-c62b-0d7c-7887c08401cc,/?crawl=97,0,200,213671,106.173,1073.574,199028
1787910137129,df6ed7a9-04b7-559c-1995-f5cadca28d7a,/p/0/7bbf3b9ecaec2b97,5,200,472765,297.711,10780.082,43855
1787910144723,8b3f6553-70f7-a160-458c-89f63041d40c,/p/0/58e640d4143a4664,2,200,338112,282.646,3209.197,105357
1787910146828,e0d084cd-c12e-5675-977c-c8db1a456fb1,/?crawl=98,0,200,497413,38.632,1247.402,398759
1787910148075,e0d084cd-c12e-5675-977c-c8db1a456fb1,/p/0/77dcdbfd959e7497,1,200,21421,35.027,70.316,304638
1787910144723,8b3f6553-70f7-a160-458c-89f63041d40c,/p/0/58e643d4143a4b7d,2,200,353501,50.969,3647.807,96908
1787910137129,df6ed7a9-04b7-559c-1995-f5cadca28d7a,/p/0/7bbf3c9ecaec2d4a,5,200,457993,322.107,11355.667,40332
1787910146113,25f17d6c-e297-6f0d-602c-3dcd2ce1de40,/p/0/6a32a99703908709,3,200,500784,85.417,2393.706,209209
1787910143894,b4adaf70-07f6-7a64-9577-306cbff66ac6,/p/0/edfbfb958bd3e0d0,1,200,318958,398.279,4651.350,68573
1787910143894,b4adaf70-07f6-7a64-9577-306cbff66ac6,/p/8/edfbfc958bd3e283,1,200,210761,437.844,4651.395,45311
1787910146412,368a2d59-9316-04ef-758a-b07adf6e1cb6,/p/2/c8a0facb10fd86b4,2,200,197304,260.840,2201.598,89619
1787910144723,8b3f6553-70f7-a160-458c-89f63041d40c,/p/5/58e641d4143a4817,2,200,412015,282.684,3932.930,104760
1787910145954,fbcd9ccb-84a9-f8d1-584e-b348ee716d0c,/p/8/bee56776653e0889,2,200,275950,167.888,2759.898,99986
1787910127511,fbcd9ccb-84a9-f8d1-584e-b348ee716d0c,/p/0/52ac8f903b0a73ac,1,200,5179051,108.764,21218.787,244079
1787910148656,8b3f6553-70f7-a160-458c-89f63041d40c,/p/4/cb7a255f12841e63,3,200,10821,51.355,76.058,142274
1787910146412,368a2d59-9316-04ef-758a-b07adf6e1cb6,/p/0/c8a0fccb10fd8a1a,2,200,211763,284.527,2398.274,88298
1787910110537,da25c7c8-a251-fd70-ce15-aa518802c899,/p/0/9a1f7deb5bd971ed,8,200,3497333,369.240,38282.510,91356
1787910144289,bc26f4f8-22c6-58ec-613f-1c2819ae9cf1,/p/1/5033b19e89e9d13,1,200,402886,73.594,4971.335,81042
1787910147827,f6bae70e-8e32-824e-020f-a0430d830dee,/?crawl=99,0,200,307529,68.124,1442.833,213143
1787910144289,bc26f4f8-22c6-58ec-613f-1c2819ae9cf1,/p/0/5033a19e89e9b60,1,200,263852,402.233,5029.173,52464
1787910142511,ebc170d1-46f5-b95d-34ff-e2381ad17db9,/p/0/19fa972480b8fa43,2,200,439600,133.107,6819.705,64460
1787910148613,368a2d59-9316-04ef-758a-b07adf6e1cb6,/p/0/73d09bb3386b73bf,3,200,66068,242.365,741.501,89100
1787910142828,545f0e10-b881-01cb-6c18-b2b01fb7334c,/?crawl=92,0,200,2330492,42.639,6562.186,355140
1787910148714,fbcd9ccb-84a9-f8d1-584e-b348ee716d0c,/p/0/7bef85eb09b22462,3,200,52239,176.661,793.515,65832
1787910146205,8e039d77-b093-290c-1e0c-6c1c20fc2784,/p/0/c331cb959286989d,6,200,237498,344.126,3449.100,68858
1787910148827,9e76a4fa-dba9-f69c-cdf7-e87a0d0fd304,/?crawl=100,0,200,339395,42.164,959.325,353785
1787910146925,9524b432-f9ab-4a28-a64c-5f2d1c914b1a,/p/1/29c2fff5263b4909,2,200,209950,234.182,2875.286,73019
1787910149390,545f0e10-b881-01cb-6c18-b2b01fb7334c,/p/3/35edacc19fcae72,1,200,43622,42.569,513.142,85010
1787910149787,9e76a4fa-dba9-f69c-cdf7-e87a0d0fd304,/p/0/ccff2d74c980d002,1,200,52023,40.811,512.246,101559
1787910143894,b4adaf70-07f6-7a64-9577-306cbff66ac6,/p/0/edfbfe958bd3e5e9,1,200,479959,76.320,6546.578,73314
1787910149904,545f0e10-b881-01cb-6c18-b2b01fb7334c,/p/0/2da2db090777b064,2,200,7412,502.560,569.428,13017
1787910144289,bc26f4f8-22c6-58ec-613f-1c2819ae9cf1,/p/0/5033d19e89ea079,1,200,361420,365.470,6251.094,57817
1787910142666,df6ed7a9-04b7-559c-1995-f5cadca28d7a,/p/0/a0da4fbaf9d4fd93,6,200,394020,372.415,7929.357,49691
1787910149827,d7007b1b-1b86-b86b-f460-aef0b78b35f3,/?crawl=103,0,200,472792,19.992,826.257,572210
1787910150654,d7007b1b-1b86-b86b-f460-aef0b78b35f3,/p/0/873e2a8d8751ad22,1,200,6088,19.360,19.460,312844
1787910123081,2dbc2170-ac47-40ef-ba7e-d5c867efe7e4,/p/0/aca5d3c0f5ef4839,3,200,3254698,123.257,27655.055,117689
1787910149390,545f0e10-b881-01cb-6c18-b2b01fb7334c,/p/0/35edbcc19fcb025,1,200,235404,61.745,1374.093,171316
1787910150653,d7007b1b-1b86-b86b-f460-aef0b78b35f3,/p/0/873e298d8751ab6f,1,200,70293,56.284,203.854,344820
1787910150654,d7007b1b-1b86-b86b-f460-aef0b78b35f3,/p/2/873e2b8d8751aed5,1,200,248098,28.999,400.954,618769
1787910121903,bae0bd91-afba-a9b9-ff04-cf0010e2890a,/p/0/d798cc83c890aa70,2,200,3803946,56.840,29183.017,130348
1787910149260,bc26f4f8-22c6-58ec-613f-1c2819ae9cf1,/p/0/b1c06e78e211dff4,2,200,244708,194.547,1866.290,131120
1787910120636,f1b48c63-c9c5-055f-9280-9a5206d82f9a,/p/0/d1752b63e8230107,2,200,5423751,186.111,30610.952,177183
1787910123751,f1b48c63-c9c5-055f-9280-9a5206d82f9a,/p/0/8609d0d08778eedf,4,200,4794618,187.469,27533.107,174140
1787910150827,77e01bcf-b9bd-324a-f26a-6e4c9971cc92,/?crawl=105,0,200,424397,18.891,491.870,862823
1787910145954,fbcd9ccb-84a9-f8d1-584e-b348ee716d0c,/p/0/bee56576653e0523,2,200,520260,184.447,5453.811,95394
1787910149827,654ea73b-bbfc-9123-9dcc-0f72185a3f46,/?crawl=101,0,200,2257169,10.504,1670.417,1351260
1787910148732,8b3f6553-70f7-a160-458c-89f63041d40c,/p/3/9eae5b88029f61f,4,200,155270,362.447,2801.265,55429
1787910148656,8b3f6553-70f7-a160-458c-89f63041d40c,/p/0/cb7a245f12841cb0,3,200,203830,76.044,2877.391,70838
1787910149787,9e76a4fa-dba9-f69c-cdf7-e87a0d0fd304,/p/0/ccff2c74c980ce4f,1,200,301853,123.555,1918.396,157347
1787910146232,df6ed7a9-04b7-559c-1995-f5cadca28d7a,/p/0/a0da50baf9d4ff46,6,200,332247,302.603,5506.225,60340
1787910149270,f6bae70e-8e32-824e-020f-a0430d830dee,/p/0/b47305b2a3968f7,1,200,179145,266.475,2512.122,71312
1787910151498,654ea73b-bbfc-9123-9dcc-0f72185a3f46,/p/7/606980d25e1bc2af,1,200,208909,9.174,332.811,627710
1787910151498,654ea73b-bbfc-9123-9dcc-0f72185a3f46,/p/0/60697fd25e1bc0fc,1,200,211495,37.474,369.144,572934
1787910150827,6a7482c4-5056-2b67-6935-10d442c4eee4,/?crawl=104,0,200,476806,35.139,1079.791,441573
1787910149260,bc26f4f8-22c6-58ec-613f-1c2819ae9cf1,/p/0/b1c07078e211e35a,2,200,359327,212.839,2668.552,134652
1787910151827,7a2fb8de-5e61-3a1f-8e31-d8fa508e4821,/?crawl=106,0,200,226856,16.377,200.008,1134235
1787910151831,654ea73b-bbfc-9123-9dcc-0f72185a3f46,/p/0/32eb6767dfdb399,2,200,97179,79.113,267.678,363044
1787910149800,9524b432-f9ab-4a28-a64c-5f2d1c914b1a,/p/0/28328df57d430ddf,3,200,122681,407.772,2365.490,51863
1787910149800,9524b432-f9ab-4a28-a64c-5f2d1c914b1a,/p/0/28328cf57d430c2c,3,200,118018,485.014,2410.935,48951
1787910148714,fbcd9ccb-84a9-f8d1-584e-b348ee716d0c,/p/0/7bef84eb09b222af,3,200,317546,192.771,3508.412,90510
1787910152027,7a2fb8de-5e61-3a1f-8e31-d8fa508e4821,/p/4/a62a80b9a04ae076,1,200,67775,70.999,207.397,326788
1787910152027,7a2fb8de-5e61-3a1f-8e31-d8fa508e4821,/p/0/a62a7eb9a04add10,1,200,76215,64.525,240.086,317448
1787910149787,9e76a4fa-dba9-f69c-cdf7-e87a0d0fd304,/p/5/ccff2b74c980cc9c,1,200,503203,123.699,2495.161,201672
1787910151831,654ea73b-bbfc-9123-9dcc-0f72185a3f46,/p/0/32eb3767dfdae80,2,200,218597,57.415,460.608,474583
1787910151054,d7007b1b-1b86-b86b-f460-aef0b78b35f3,/p/1/d2c687ee8d7716d7,2,200,399183,17.615,1239.075,322162
1787910146925,9524b432-f9ab-4a28-a64c-5f2d1c914b1a,/p/0/29c2fef5263b4756,2,200,259449,257.522,5404.113,48010
1787910148613,368a2d59-9316-04ef-758a-b07adf6e1cb6,/p/0/73d09cb3386b7572,3,200,272888,242.266,3818.727,71460
1787910151831,654ea73b-bbfc-9123-9dcc-0f72185a3f46,/p/6/32eb4767dfdb033,2,200,426185,57.498,762.820,558696
1787910152294,d7007b1b-1b86-b86b-f460-aef0b78b35f3,/p/0/4324f5988e77475b,3,200,38887,90.596,333.110,116739
1787910152294,d7007b1b-1b86-b86b-f460-aef0b78b35f3,/p/0/4324f4988e7745a8,3,200,38274,109.205,360.426,106191
1787910151319,77e01bcf-b9bd-324a-f26a-6e4c9971cc92,/p/3/12c02b5c0bafea63,1,200,361054,17.341,1511.987,238794
1787910149270,f6bae70e-8e32-824e-020f-a0430d830dee,/p/0/b472f5b2a396744,1,200,303914,67.242,3583.957,84798
1787910142828,e478d6e5-93c8-71e2-3afb-80c4ce852b26,/?crawl=91,0,200,2506541,4859.723,10041.844,249610
1787910148714,fbcd9ccb-84a9-f8d1-584e-b348ee716d0c,/p/7/7bef86eb09b22615,3,200,392255,176.654,4164.420,94192
1787910151319,77e01bcf-b9bd-324a-f26a-6e4c9971cc92,/p/0/12c02a5c0bafe8b0,1,200,362287,25.718,1565.408,231433
1787910127511,fbcd9ccb-84a9-f8d1-584e-b348ee716d0c,/p/0/52ac92903b0a78c5,1,200,5511483,35.966,25417.943,216834
1787910152879,fbcd9ccb-84a9-f8d1-584e-b348ee716d0c,/p/6/49f0650c86aacf4b,4,200,19964,65.912,99.294,201060
1787910146615,9524b432-f9ab-4a28-a64c-5f2d1c914b1a,/p/0/224b2ef832f5de60,1,200,398998,144.088,6429.271,62060
1787910152027,7a2fb8de-5e61-3a1f-8e31-d8fa508e4821,/p/0/a62a81b9a04ae229,1,200,402102,12.536,1020.480,394032
1787910152879,fbcd9ccb-84a9-f8d1-584e-b348ee716d0c,/p/0/49f0670c86aad2b1,4,200,44917,99.593,233.584,192295
1787910152282,9e76a4fa-dba9-f69c-cdf7-e87a0d0fd304,/p/0/c64a43632d97e8ab,2,200,103418,85.426,862.882,119852
1787910152593,654ea73b-bbfc-9123-9dcc-0f72185a3f46,/p/0/6cba00f6bee34b38,3,200,300981,57.637,587.052,512699
1787910149270,f6bae70e-8e32-824e-020f-a0430d830dee,/p/0/b47325b2a396c5d,1,200,347774,201.386,3951.689,88006
1787910152827,e4916780-b671-2e54-4ae7-a90b8d9fc687,/?crawl=109,0,200,78542,78.882,462.846,169694
1787910149390,545f0e10-b881-01cb-6c18-b2b01fb7334c,/p/0/35ed8cc19fcab0c,1,200,345012,42.573,3909.710,88245
1787910152235,7a2fb8de-5e61-3a1f-8e31-d8fa508e4821,/p/3/39733630a433221f,2,200,285708,65.039,1101.633,259350
1787910150736,2dbc2170-ac47-40ef-ba7e-d5c867efe7e4,/p/0/c60870fcdc00a082,5,200,195792,137.675,2603.023,75217
1787910152978,fbcd9ccb-84a9-f8d1-584e-b348ee716d0c,/p/0/b5c9277f622dfa6c,5,200,20121,189.678,490.922,40986
1787910152282,9e76a4fa-dba9-f69c-cdf7-e87a0d0fd304,/p/0/c64a44632d97ea5e,2,200,190897,43.304,1417.829,134640
1787910152594,654ea73b-bbfc-9123-9dcc-0f72185a3f46,/p/5/6cba02f6bee34e9e,3,200,508146,46.711,1182.847,429596
1787910152294,d7007b1b-1b86-b86b-f460-aef0b78b35f3,/p/0/4324f7988e774ac1,3,200,384873,117.978,1502.602,256138
1787910152827,391c7ee1-f35b-4d3d-ec71-dfe97bb470c3,/?crawl=110,0,200,424676,36.888,990.819,428611
1787910152827,b2da21eb-11f4-d6a9-674c-ae78458611ff,/?crawl=108,0,200,165351,84.871,996.653,165906
1787910152978,fbcd9ccb-84a9-f8d1-584e-b348ee716d0c,/p/5/b5c9297f622dfdd2,5,200,77833,189.597,926.863,83975
1787910153818,391c7ee1-f35b-4d3d-ec71-dfe97bb470c3,/p/3/9dc4496092b4a7c5,1,200,36109,32.649,205.203,175967
1787910152870,e478d6e5-93c8-71e2-3afb-80c4ce852b26,/p/0/6ff4846e8561b6ac,1,200,183691,133.047,1245.030,147539
1787910153337,7a2fb8de-5e61-3a1f-8e31-d8fa508e4821,/p/0/ebdec4f0509e2dd6,3,200,138648,98.580,847.041,163685
1787910152870,e478d6e5-93c8-71e2-3afb-80c4ce852b26,/p/0/6ff4876e8561bbc5,1,200,432802,23.813,1465.626,295302
1787910153776,654ea73b-bbfc-9123-9dcc-0f72185a3f46,/p/4/b1329f6722fdbccf,4,200,76164,79.597,561.555,135631
1787910153776,654ea73b-bbfc-9123-9dcc-0f72185a3f46,/p/0/b132a16722fdc035,4,200,163252,146.105,623.809,261702
1787910153776,654ea73b-bbfc-9123-9dcc-0f72185a3f46,/p/0/b1329e6722fdbb1c,4,200,153168,57.721,761.949,201021
1787910153827,3615649a-3380-da01-dc16-43c36beb2850,/?crawl=111,0,200,297011,34.077,751.308,395325
1787910154338,654ea73b-bbfc-9123-9dcc-0f72185a3f46,/p/0/16a7d20b68fd50dd,5,200,80779,67.531,278.215,290347
1787910152870,e478d6e5-93c8-71e2-3afb-80c4ce852b26,/p/3/6ff4856e8561b85f,1,200,502700,133.092,1873.977,268253
1787910153337,7a2fb8de-5e61-3a1f-8e31-d8fa508e4821,/p/2/ebdec5f0509e2f89,3,200,338498,85.949,1492.565,226789
1787910151534,8b3f6553-70f7-a160-458c-89f63041d40c,/p/2/5da7bba2156b04bc,5,200,104747,283.834,3391.272,30887
1787910154338,654ea73b-bbfc-9123-9dcc-0f72185a3f46,/p/3/16a7d10b68fd4f2a,5,200,137037,62.075,618.643,221512
1787910142512,fd959da8-830a-ae5e-2f3f-c57ec98424e8,/p/2/816651f3206ed896,1,200,2525121,88.638,12451.064,202804
1787910152831,77e01bcf-b9bd-324a-f26a-6e4c9971cc92,/p/0/8c354f358665c1e3,2,200,412168,85.921,2245.602,183545
1787910145295,0a02f36c-282b-eed8-c8ea-da6e09d12a51,/p/6/6a9e233e9ef2ccce,8,200,493499,443.837,9861.156,50045
1787910154400,654ea73b-bbfc-9123-9dcc-0f72185a3f46,/p/0/16a7cf0b68fd4bc4,5,200,251173,52.658,764.732,328446
1787910154957,654ea73b-bbfc-9123-9dcc-0f72185a3f46,/p/0/ad3276f8e2befd0e,6,200,57163,59.527,208.226,274524
1787910154744,e478d6e5-93c8-71e2-3afb-80c4ce852b26,/p/2/dcf53242a98e093e,2,200,150667,24.155,491.769,306378
1787910154827,a06a45b3-74be-ee56-0637-6ebae4ae4f55,/?crawl=112,0,200,344529,22.659,435.070,791893
1787910148545,b4adaf70-07f6-7a64-9577-306cbff66ac6,/p/0/5e1bf6196b1d42c5,2,200,308763,403.768,6796.774,45428
1787910154957,654ea73b-bbfc-9123-9dcc-0f72185a3f46,/p/2/ad3274f8e2bef9a8,6,200,102098,55.641,415.926,245472
1787910154957,654ea73b-bbfc-9123-9dcc-0f72185a3f46,/p/0/ad3275f8e2befb5b,6,200,231144,59.319,441.082,524039
1787910152831,77e01bcf-b9bd-324a-f26a-6e4c9971cc92,/p/2/8c3551358665c549,2,200,521746,146.216,2611.110,199818
1787910145295,0a02f36c-282b-eed8-c8ea-da6e09d12a51,/p/0/6a9e243e9ef2ce81,8,200,418076,483.194,10185.374,41047
1787910155262,a06a45b3-74be-ee56-0637-6ebae4ae4f55,/p/0/76efa0a5697ebf05,1,200,87939,20.275,290.636,302575
1787910155373,654ea73b-bbfc-9123-9dcc-0f72185a3f46,/p/1/9a761b61fe3473af,7,200,104561,50.830,303.060,345018
1787910147402,bcd4ed17-009f-a3dd-d16f-419d96ba6ee3,/p/0/e0155c9db34b2fed,2,200,270999,896.431,8302.020,32643
1787910153339,2dbc2170-ac47-40ef-ba7e-d5c867efe7e4,/p/7/3fad6ec8b89a1f35,6,200,250403,144.158,2369.452,105680
1787910088205,20bed0a1-3b3f-3aa7-097e-0ad416139e92,/p/0/f1f68059fd033677,1,200,5486087,48.274,67628.796,81121
1787910155676,654ea73b-bbfc-9123-9dcc-0f72185a3f46,/p/0/150e283856181b4e,8,200,64327,60.265,294.323,218559
1787910148545,b4adaf70-07f6-7a64-9577-306cbff66ac6,/p/7/5e1bf4196b1d3f5f,2,200,450258,403.719,7492.088,60098
1787910155827,5cba03b0-8544-5485-4ce7-3c8c1313e4c9,/?crawl=114,0,200,352300,11.294,235.285,1497331
1787910156062,5cba03b0-8544-5485-4ce7-3c8c1313e4c9,/p/0/501af1ea4048cc13,1,200,26736,12.650,29.176,916369
1787910155373,654ea73b-bbfc-9123-9dcc-0f72185a3f46,/p/0/9a761d61fe347715,7,200,278221,50.864,789.138,352563
1787910156062,5cba03b0-8544-5485-4ce7-3c8c1313e4c9,/p/1/501af3ea4048cf79,1,200,105243,29.031,110.820,949672
1787910155827,86902037-e94d-c67a-2647-d148468d1add,/?crawl=113,0,200,184540,34.302,431.886,427289
1787910155970,654ea73b-bbfc-9123-9dcc-0f72185a3f46,/p/0/150e27385618199b,8,200,167869,54.013,486.075,345356
1787910145893,407c995c-84da-f786-dd41-e4e609aabe3b,/p/7/fe46bd1b0ccf0e03,4,200,405892,393.702,10729.971,37828
1787910148732,8b3f6553-70f7-a160-458c-89f63041d40c,/p/0/9eae7b88029f985,4,200,374436,257.592,7992.537,46848
1787910155262,a06a45b3-74be-ee56-0637-6ebae4ae4f55,/p/0/76ef9da5697eb9ec,1,200,213248,100.117,1526.089,139735
1787910138782,c03130d8-90a5-6de6-039a-c41f5e2408bf,/p/0/a83afdae49a4c66f,1,200,4502311,305.480,18021.834,249825
1787910151498,654ea73b-bbfc-9123-9dcc-0f72185a3f46,/p/0/606982d25e1bc615,1,200,2130559,27.547,5326.828,399968
1787910155157,0a02f36c-282b-eed8-c8ea-da6e09d12a51,/p/5/8ec4c0efe610e994,9,200,36302,570.279,1713.125,21191
1787910152879,fbcd9ccb-84a9-f8d1-584e-b348ee716d0c,/p/0/49f0640c86aacd98,4,200,467073,165.162,4021.130,116155
1787910155708,2dbc2170-ac47-40ef-ba7e-d5c867efe7e4,/p/0/3fad6dc8b89a1d82,6,200,38190,196.989,1201.893,31775
1787910155442,77e01bcf-b9bd-324a-f26a-6e4c9971cc92,/p/0/b33c8b7db5ac8a68,3,200,253007,228.600,1483.161,170586
1787910155157,0a02f36c-282b-eed8-c8ea-da6e09d12a51,/p/0/8ec4c2efe610ecfa,9,200,61950,488.884,1835.632,33749
1787910153824,b2da21eb-11f4-d6a9-674c-ae78458611ff,/p/0/6851d8616e58809a,1,200,162068,87.980,3175.459,51038
1787910155262,a06a45b3-74be-ee56-0637-6ebae4ae4f55,/p/2/76ef9ea5697ebb9f,1,200,338331,100.145,1769.969,191151
1787910154829,7a2fb8de-5e61-3a1f-8e31-d8fa508e4821,/p/0/cb6691ad74249360,4,200,450699,78.036,2220.633,202960
1787910157033,a06a45b3-74be-ee56-0637-6ebae4ae4f55,/p/0/2c11aa6358c3a8fb,2,200,17919,19.903,40.488,442577
1787910151534,8b3f6553-70f7-a160-458c-89f63041d40c,/p/0/5da7bda2156b0822,5,200,279943,309.490,5550.223,50438
1787910154579,3615649a-3380-da01-dc16-43c36beb2850,/p/0/a59f202fe19ae4c,1,200,269617,70.252,2576.997,104624
1787910156827,bc98b8b7-e452-ab67-b1e4-2e7f2bdeded2,/?crawl=115,0,200,118324,39.619,344.759,343208
1787910154579,3615649a-3380-da01-dc16-43c36beb2850,/p/0/a59f502fe19b365,1,200,293294,180.933,2690.823,108998
1787910155236,e478d6e5-93c8-71e2-3afb-80c4ce852b26,/p/1/2835195cc2457975,3,200,283110,138.996,2095.273,135118
1787910157032,a06a45b3-74be-ee56-0637-6ebae4ae4f55,/p/0/2c11ab6358c3aaae,2,200,123623,40.795,300.249,411735
1787910154963,fd959da8-830a-ae5e-2f3f-c57ec98424e8,/p/1/755bcc37f7398eee,2,200,159480,292.988,2450.710,65075
1787910151054,d7007b1b-1b86-b86b-f460-aef0b78b35f3,/p/0/d2c689ee8d771a3d,2,200,2973449,45.164,6512.545,456572
1787910153905,fbcd9ccb-84a9-f8d1-584e-b348ee716d0c,/p/4/94dda38aa24a9f08,6,200,268592,212.136,3678.475,73017
1787910157331,e478d6e5-93c8-71e2-3afb-80c4ce852b26,/p/0/965a271565b983aa,4,200,17238,127.223,289.006,59646
1787910156173,5cba03b0-8544-5485-4ce7-3c8c1313e4c9,/p/0/20f96b0581bf19a3,2,200,233256,53.089,1599.488,145832
1787910154579,3615649a-3380-da01-dc16-43c36beb2850,/p/2/a59f402fe19b1b2,1,200,516454,30.281,3229.122,159936
1787910154023,391c7ee1-f35b-4d3d-ec71-dfe97bb470c3,/p/0/c07b12eaf18ce4dd,2,200,228483,314.685,3953.179,57797
1787910156063,5cba03b0-8544-5485-4ce7-3c8c1313e4c9,/p/0/501af2ea4048cdc6,1,200,480313,29.027,1917.867,250441
1787910157827,bdc3760a-7816-6e4e-660f-cc91c678b82f,/?crawl=118,0,200,16631,81.242,157.360,105688
1787910096116,20bed0a1-3b3f-3aa7-097e-0ad416139e92,/p/0/a107948553c549e8,4,200,4954313,240.177,61885.697,80056
1787910148545,b4adaf70-07f6-7a64-9577-306cbff66ac6,/p/0/5e1bf3196b1d3dac,2,200,508080,444.740,9468.409,53661
1787910156173,5cba03b0-8544-5485-4ce7-3c8c1313e4c9,/p/0/20f96c0581bf1b56,2,200,346747,73.231,1843.020,188141
1787910143035,016a8d48-ed1e-efae-c645-541029fe70cf,/p/0/49abdee3877a7318,3,200,3283732,92.226,15168.982,216477
1787910142828,4e66515b-0eec-e566-9a83-42c0429a738e,/?crawl=90,0,200,5434387,68.109,15412.251,352602
1787910154744,e478d6e5-93c8-71e2-3afb-80c4ce852b26,/p/0/dcf53042a98e05d8,2,200,444842,73.163,3588.072,123978
1787910151054,d7007b1b-1b86-b86b-f460-aef0b78b35f3,/p/0/d2c686ee8d771524,2,200,4137930,26.676,7308.105,566211
1787910142828,bfc7288d-def4-cde8-1605-9f57df697f0b,/?crawl=89,0,200,6129206,35.736,15562.482,393845
1787910156038,b4adaf70-07f6-7a64-9577-306cbff66ac6,/p/0/95dbe6a105cd63f0,3,200,116641,437.709,2380.264,49003
1787910140550,56d3aeef-5534-d227-8053-bb282bac9ad2,/p/9/42dc190e89f9abfc,3,200,352661,1106.093,17903.426,19698
1787910154963,fd959da8-830a-ae5e-2f3f-c57ec98424e8,/p/0/755bca37f7398b88,2,200,276136,58.829,3516.586,78524
1787910155442,77e01bcf-b9bd-324a-f26a-6e4c9971cc92,/p/0/b33c8e7db5ac8f81,3,200,268748,167.740,3073.336,87445
1787910155442,77e01bcf-b9bd-324a-f26a-6e4c9971cc92,/p/1/b33c8c7db5ac8c1b,3,200,445680,148.460,3073.601,145003
1787910157808,3615649a-3380-da01-dc16-43c36beb2850,/p/0/e7c94ed64583c2c8,2,200,158643,27.355,754.389,210293
1787910147402,bcd4ed17-009f-a3dd-d16f-419d96ba6ee3,/p/0/e015599db34b2ad4,2,200,374177,665.053,11173.590,33488
1787910154751,e478d6e5-93c8-71e2-3afb-80c4ce852b26,/p/0/dcf53342a98e0af1,2,200,428755,140.556,3920.007,109376
1787910157827,f072b789-54e3-438c-02ed-520667c03232,/?crawl=116,0,200,520805,29.625,898.637,579550
1787910142424,90ed1c25-9021-447c-eb85-53f34f9e58b2,/p/2/a1b33cecb9ec2d30,5,200,4855420,311.953,16435.550,295422
1787910157827,43ab4cf4-4e18-6085-678b-3d39dd9dff5c,/?crawl=117,0,200,190716,80.657,1036.186,184056
1787910153905,fbcd9ccb-84a9-f8d1-584e-b348ee716d0c,/p/0/94dda58aa24aa26e,6,200,385957,194.711,5074.325,76061
1787910120173,cda6bc5a-e6d5-5aae-77a8-e148cb046c27,/p/4/b9b0081a38c02867,1,200,3764207,306.866,38853.901,96881
1787910143682,50789202-f36f-7c1f-e151-c87cd1ff5670,/p/0/96c92f29ae97a2d2,1,200,2166891,98.264,15456.062,140197
1787910158726,f072b789-54e3-438c-02ed-520667c03232,/p/0/29464b2f1712e6b9,1,200,29669,74.324,415.844,71347
1787910158726,f072b789-54e3-438c-02ed-520667c03232,/p/0/2946492f1712e353,1,200,149226,99.688,539.498,276601
1787910152594,654ea73b-bbfc-9123-9dcc-0f72185a3f46,/p/0/6cba03f6bee35051,3,200,2865466,57.620,6688.121,428441
1787910153818,391c7ee1-f35b-4d3d-ec71-dfe97bb470c3,/p/0/9dc4476092b4a45f,1,200,350007,205.223,5519.498,63413
1787910157808,3615649a-3380-da01-dc16-43c36beb2850,/p/0/e7c951d64583c7e1,2,200,426201,169.455,1542.691,276271
1787910157985,bdc3760a-7816-6e4e-660f-cc91c678b82f,/p/14/3916f44d378c585d,1,200,72823,423.099,1425.860,51073
1787910158390,bfc7288d-def4-cde8-1605-9f57df697f0b,/p/0/6a62525617b2617a,1,200,140175,102.171,1026.844,136510
1787910117810,da25c7c8-a251-fd70-ce15-aa518802c899,/p/0/515d8c61103ad6af,10,200,5763014,326.630,41650.162,138367
1787910158516,77e01bcf-b9bd-324a-f26a-6e4c9971cc92,/p/0/d54c2e0202ab0e09,4,200,28357,690.070,950.877,29822
1787910158516,77e01bcf-b9bd-324a-f26a-6e4c9971cc92,/p/0/d54c2c0202ab0aa3,4,200,23778,689.956,1037.233,22924
1787910158453,56d3aeef-5534-d227-8053-bb282bac9ad2,/p/0/82574969d94f4d29,4,200,302053,76.900,1105.864,273137
1787910158726,f072b789-54e3-438c-02ed-520667c03232,/p/0/2946482f1712e1a0,1,200,314253,24.958,842.431,373031
1787910156870,0a02f36c-282b-eed8-c8ea-da6e09d12a51,/p/4/b49501c1bf9793b2,10,200,59008,446.530,2742.346,21517
1787910153824,b2da21eb-11f4-d6a9-674c-ae78458611ff,/p/5/6851d6616e587d34,1,200,426712,505.911,5848.421,72962
1787910156038,b4adaf70-07f6-7a64-9577-306cbff66ac6,/p/6/95dbe7a105cd65a3,3,200,233076,437.673,3718.855,62674
1787910159827,708b600d-b0b5-8fc6-4543-6d251cc87a65,/?crawl=120,0,200,37164,31.047,90.901,408841
1787910158453,56d3aeef-5534-d227-8053-bb282bac9ad2,/p/0/82574669d94f4810,4,200,276585,98.868,1471.498,187962
1787910157414,fd959da8-830a-ae5e-2f3f-c57ec98424e8,/p/0/6687f0b547eb6f28,3,200,161844,383.243,2640.798,61286
1787910157985,bdc3760a-7816-6e4e-660f-cc91c678b82f,/p/0/3916f34d378c56aa,1,200,94607,462.383,2102.509,44997
1787910127834,2dbc2170-ac47-40ef-ba7e-d5c867efe7e4,/p/0/c18a7fee7e1aca64,4,200,3805445,135.683,32289.209,117855
1787910119642,2dbc2170-ac47-40ef-ba7e-d5c867efe7e4,/p/0/259258d1a4ab0af4,2,200,4789967,161.876,40513.311,118232
1787910154023,391c7ee1-f35b-4d3d-ec71-dfe97bb470c3,/p/2/c07b10eaf18ce177,2,200,482198,265.125,6160.858,78268
1787910157414,fd959da8-830a-ae5e-2f3f-c57ec98424e8,/p/0/6687f3b547eb7441,3,200,248818,413.330,2956.444,84161
1787910145530,7e69f724-e6a0-2a40-4452-8a4b906303f6,/p/0/8ee0db9a9e5aebb3,1,200,179699,2994.765,14867.221,12087
1787910157032,a06a45b3-74be-ee56-0637-6ebae4ae4f55,/p/1/2c11a96358c3a748,2,200,2631775,138.878,3473.886,757588
1787910159827,f1dcb84a-1a6b-47ce-f443-39b278154e85,/?crawl=119,0,200,178154,58.060,680.317,261869
1787910154963,fd959da8-830a-ae5e-2f3f-c57ec98424e8,/p/0/755bcd37f73990a1,2,200,521120,292.929,5584.062,93323
1787910157172,bc98b8b7-e452-ab67-b1e4-2e7f2bdeded2,/p/0/bcb09c8cabadd600,1,200,348519,43.023,3665.400,95083
1787910158390,bfc7288d-def4-cde8-1605-9f57df697f0b,/p/0/6a62535617b2632d,1,200,389394,171.120,2460.341,158268
1787910159027,cda6bc5a-e6d5-5aae-77a8-e148cb046c27,/p/0/f9fe3f10cd05df84,2,200,28814,504.205,1845.752,15611
1787910158516,77e01bcf-b9bd-324a-f26a-6e4c9971cc92,/p/0/d54c2b0202ab08f0,4,200,514335,689.918,2365.330,217447
1787910149654,8e039d77-b093-290c-1e0c-6c1c20fc2784,/p/0/c331c89592869384,6,200,475164,3214.709,11257.180,42210
1787910157331,e478d6e5-93c8-71e2-3afb-80c4ce852b26,/p/0/965a281565b9855d,4,200,408285,127.183,3660.148,111549
1787910159827,25abf7d9-6430-88cd-30cf-b08b4ce2f77f,/?crawl=121,0,200,266902,71.905,1389.035,192149
1787910159027,cda6bc5a-e6d5-5aae-77a8-e148cb046c27,/p/3/f9fe4110cd05e2ea,2,200,105938,385.489,2192.663,48315
1787910160184,391c7ee1-f35b-4d3d-ec71-dfe97bb470c3,/p/0/5741dad717bb69cf,3,200,58997,193.237,1067.258,55279
1787910156910,2dbc2170-ac47-40ef-ba7e-d5c867efe7e4,/p/0/3fad6cc8b89a1bcf,6,200,442091,147.712,4348.922,101655
1787910159410,bdc3760a-7816-6e4e-660f-cc91c678b82f,/p/0/935576138efae156,2,200,70342,458.780,1890.847,37201
1787910156173,5cba03b0-8544-5485-4ce7-3c8c1313e4c9,/p/0/20f96a0581bf17f0,2,200,5576446,83.330,5139.550,1085007
1787910157620,e478d6e5-93c8-71e2-3afb-80c4ce852b26,/p/0/965a261565b981f7,4,200,489437,135.962,3714.101,131778
1787910157584,fbcd9ccb-84a9-f8d1-584e-b348ee716d0c,/p/0/7587674402acfbdc,7,200,336682,214.147,3796.544,88681
1787910143682,50789202-f36f-7c1f-e151-c87cd1ff5670,/p/0/96c92e29ae97a11f,1,200,2534677,32.752,17725.850,142993
1787910155373,654ea73b-bbfc-9123-9dcc-0f72185a3f46,/p/0/9a761a61fe3471fc,7,200,3717208,50.793,6051.770,614235
1787910159918,708b600d-b0b5-8fc6-4543-6d251cc87a65,/p/0/23b41716a9638e21,1,200,285556,29.633,1525.844,187146
1787910157172,bc98b8b7-e452-ab67-b1e4-2e7f2bdeded2,/p/0/bcb09f8cabaddb19,1,200,400067,233.225,4338.497,92213
1787910140397,feb73dc3-f420-7e6b-b3f9-395fbdb5cc29,/p/0/63fe222edc8893cd,6,200,6030309,141.653,21222.225,284151
1787910161827,5aa0e1d7-8647-05c0-d764-70500ef3a085,/?crawl=122,0,200,27245,36.950,86.707,314218
1787910159918,708b600d-b0b5-8fc6-4543-6d251cc87a65,/p/0/23b41416a9638908,1,200,384250,168.147,2064.866,186090
1787910159918,708b600d-b0b5-8fc6-4543-6d251cc87a65,/p/0/23b41616a9638c6e,1,200,300858,168.162,2064.849,145705
1787910146113,25f17d6c-e297-6f0d-602c-3dcd2ce1de40,/p/0/6a32a697039081f0,3,200,6216079,50.927,15923.733,390366
1787910160507,f1dcb84a-1a6b-47ce-f443-39b278154e85,/p/1/a5ac9eefa2f1624a,1,200,183017,136.866,1629.991,112281
1787910158860,90ed1c25-9021-447c-eb85-53f34f9e58b2,/p/0/ec6af7008601a015,6,200,157430,309.974,3289.390,47860
1787910158864,43ab4cf4-4e18-6085-678b-3d39dd9dff5c,/p/0/95dbf4d18277eef3,1,200,251710,76.530,3291.832,76465
1787910159410,bdc3760a-7816-6e4e-660f-cc91c678b82f,/p/0/935575138efadfa3,2,200,136056,458.862,2745.791,49551
1787910160507,f1dcb84a-1a6b-47ce-f443-39b278154e85,/p/0/a5ac9cefa2f15ee4,1,200,151793,56.991,1711.979,88665
1787910160184,391c7ee1-f35b-4d3d-ec71-dfe97bb470c3,/p/1/5741dcd717bb6d35,3,200,223765,210.067,2106.700,106216
1787910107307,df6ed7a9-04b7-559c-1995-f5cadca28d7a,/p/0/b47395064cb976,3,200,6065862,621.123,55030.186,110228
1787910156037,b4adaf70-07f6-7a64-9577-306cbff66ac6,/p/0/95dbe9a105cd6909,3,200,355564,558.426,6302.135,56420
1787910161219,cda6bc5a-e6d5-5aae-77a8-e148cb046c27,/p/0/78e6a83e8befaa50,3,200,141411,347.085,1121.113,126134
1787910161259,2dbc2170-ac47-40ef-ba7e-d5c867efe7e4,/p/0/342f9cc95ff7d0d6,7,200,111909,209.650,1143.078,97901
1787910161216,25abf7d9-6430-88cd-30cf-b08b4ce2f77f,/p/0/b71e6a743dfe80ce,1,200,129154,73.855,1397.190,92438
1787910162291,391c7ee1-f35b-4d3d-ec71-dfe97bb470c3,/p/0/4d2bd94ab058f7a1,4,200,6157,243.764,364.220,16905
1787910161914,5aa0e1d7-8647-05c0-d764-70500ef3a085,/p/1/fcdf6b5b802da048,1,200,114190,33.001,942.111,121207
1787910143682,50789202-f36f-7c1f-e151-c87cd1ff5670,/p/4/96c93029ae97a485,1,200,3278069,184.381,19203.714,170700
1787910155676,654ea73b-bbfc-9123-9dcc-0f72185a3f46,/p/0/150e293856181d01,8,200,5635626,77.220,7255.297,776760
1787910160506,a06a45b3-74be-ee56-0637-6ebae4ae4f55,/p/0/3d3b21aa79322623,3,200,498964,95.779,2465.733,202359
1787910161216,25abf7d9-6430-88cd-30cf-b08b4ce2f77f,/p/0/b71e6b743dfe8281,1,200,90862,220.644,1798.554,50519
1787910157808,3615649a-3380-da01-dc16-43c36beb2850,/p/1/e7c94fd64583c47b,2,200,2148131,140.088,5226.862,410979
1787910157584,fbcd9ccb-84a9-f8d1-584e-b348ee716d0c,/p/3/7587684402acfd8f,7,200,504044,197.444,5451.201,92465
1787910160155,2dbc2170-ac47-40ef-ba7e-d5c867efe7e4,/p/0/342f9bc95ff7cf23,7,200,264232,178.569,2905.138,90953
1787910157584,fbcd9ccb-84a9-f8d1-584e-b348ee716d0c,/p/0/75876a4402ad00f5,7,200,457141,179.475,5558.440,82243
1787910152831,77e01bcf-b9bd-324a-f26a-6e4c9971cc92,/p/0/8c3550358665c396,2,200,3376193,119.536,10332.133,326766
1787910106512,20bed0a1-3b3f-3aa7-097e-0ad416139e92,/p/0/aafd0e89249ef817,6,200,5907058,242.078,56721.323,104142
1787910125768,4554079d-1420-510c-38ca-4f4ef1f0fdf9,/p/0/6dd0180dd28e1da5,8,200,3269547,207.841,37704.691,86715
1787910159756,b4adaf70-07f6-7a64-9577-306cbff66ac6,/p/5/ba327411a43061bf,4,200,115966,444.340,3746.045,30957
1787910160123,2dbc2170-ac47-40ef-ba7e-d5c867efe7e4,/p/6/342f9ac95ff7cd70,7,200,366111,222.730,3430.400,106725
1787910162886,50789202-f36f-7c1f-e151-c87cd1ff5670,/p/0/f4770b07eb60e880,2,200,156889,33.799,789.689,198672
1787910163554,2dbc2170-ac47-40ef-ba7e-d5c867efe7e4,/p/5/fc76d9a69d77e39d,8,200,9327,175.287,225.585,41346
1787910158240,4e66515b-0eec-e566-9a83-42c0429a738e,/p/0/dc8a3210f0c6c5b2,1,200,372801,581.451,5553.741,67126
1787910143035,016a8d48-ed1e-efae-c645-541029fe70cf,/p/0/49abe0e3877a767e,3,200,5981574,92.221,20856.648,286795
1787910152282,9e76a4fa-dba9-f69c-cdf7-e87a0d0fd304,/p/4/c64a42632d97e6f8,2,200,3594584,43.274,11639.737,308820
1787910162856,5aa0e1d7-8647-05c0-d764-70500ef3a085,/p/0/ab59dc332d8c87b0,2,200,50096,238.107,1097.046,45664
1787910162886,50789202-f36f-7c1f-e151-c87cd1ff5670,/p/3/f4770c07eb60ea33,2,200,278351,33.807,1074.196,259125
1787910162886,50789202-f36f-7c1f-e151-c87cd1ff5670,/p/0/f4770e07eb60ed99,2,200,335947,233.973,1074.291,312715
1787910162856,5aa0e1d7-8647-05c0-d764-70500ef3a085,/p/0/ab59df332d8c8cc9,2,200,170432,303.519,1436.558,118639
1787910154925,8b3f6553-70f7-a160-458c-89f63041d40c,/p/1/94cd54c0039466f3,6,200,449592,336.916,9432.204,47666
1787910159672,b2da21eb-11f4-d6a9-674c-ae78458611ff,/p/0/3d3b506765ef444f,2,200,143750,453.159,4816.880,29843
1787910162827,41c24b02-dfa5-b995-e051-4578aad158cc,/?crawl=123,0,200,307930,79.691,1697.205,181434
1787910162827,c577116b-6bc5-d9fc-3178-70b61fad2b10,/?crawl=124,0,200,458517,61.039,1816.064,252478
1787910164524,41c24b02-dfa5-b995-e051-4578aad158cc,/p/3/9049c0b914c8965b,1,200,15245,134.781,176.779,86238
1787910161216,25abf7d9-6430-88cd-30cf-b08b4ce2f77f,/p/0/b71e69743dfe7f1b,1,200,471939,444.367,3542.568,133219
1787910163035,3615649a-3380-da01-dc16-43c36beb2850,/p/0/42192daa4717add4,3,200,277199,181.110,1883.487,147173
1787910107980,d828a9cb-ad94-c44a-2b73-79ad15446319,/p/0/2a0a29cca4147332,3,200,4967229,216.261,57223.074,86805
1787910158240,4e66515b-0eec-e566-9a83-42c0429a738e,/p/0/dc8a3110f0c6c3ff,1,200,445772,194.263,7024.405,63460
1787910140550,56d3aeef-5534-d227-8053-bb282bac9ad2,/p/0/42dc1a0e89f9adaf,3,200,3519722,820.867,24757.252,142169
1787910149904,545f0e10-b881-01cb-6c18-b2b01fb7334c,/p/2/2da2dc090777b217,2,200,5589299,433.818,15412.198,362654
1787910152235,7a2fb8de-5e61-3a1f-8e31-d8fa508e4821,/p/0/39733530a433206c,2,200,3078690,92.181,13151.968,234086
1787910158860,90ed1c25-9021-447c-eb85-53f34f9e58b2,/p/1/ec6af50086019caf,6,200,382731,282.025,6544.144,58484
1787910156623,407c995c-84da-f786-dd41-e4e609aabe3b,/p/6/7eec27500f4c7d8d,5,200,293784,394.790,8840.875,33230
1787910164357,8b3f6553-70f7-a160-458c-89f63041d40c,/p/0/ebe722f8916cafd4,7,200,106022,325.829,1159.835,91411
1787910151319,77e01bcf-b9bd-324a-f26a-6e4c9971cc92,/p/0/12c02d5c0bafedc9,1,200,5699169,50.062,14244.075,400108
1787910149260,bc26f4f8-22c6-58ec-613f-1c2819ae9cf1,/p/0/b1c07178e211e50d,2,200,5584976,230.894,16474.321,339011
1787910165203,d828a9cb-ad94-c44a-2b73-79ad15446319,/p/0/4f09ba7a3afc1f93,10,200,37347,160.890,604.978,61733
1787910161914,5aa0e1d7-8647-05c0-d764-70500ef3a085,/p/0/fcdf6c5b802da1fb,1,200,445813,114.430,3994.977,111593
1787910162856,5aa0e1d7-8647-05c0-d764-70500ef3a085,/p/0/ab59de332d8c8b16,2,200,253959,203.923,3054.769,83135
1787910149827,cc968885-8c28-c7f5-d821-c8e684956846,/?crawl=102,0,200,5906452,51.404,16250.805,363456
1787910164701,41c24b02-dfa5-b995-e051-4578aad158cc,/p/2/49301c594dc8d93f,2,200,26886,763.328,1507.633,17833
1787910119105,8e039d77-b093-290c-1e0c-6c1c20fc2784,/p/0/9415e6d27af69dc5,4,200,2123739,334.300,47140.546,45051
1787910162291,391c7ee1-f35b-4d3d-ec71-dfe97bb470c3,/p/0/4d2bd84ab058f5ee,4,200,38077,179.971,4263.221,8932
1787910160184,391c7ee1-f35b-4d3d-ec71-dfe97bb470c3,/p/0/5741dbd717bb6b82,3,200,509253,193.018,6383.160,79781
1787910162291,391c7ee1-f35b-4d3d-ec71-dfe97bb470c3,/p/0/4d2bd64ab058f288,4,200,486889,259.415,4280.164,113755
1787910162137,f1dcb84a-1a6b-47ce-f443-39b278154e85,/p/0/27c6790a8edf0bd3,2,200,274845,273.566,4535.695,60596
1787910155236,e478d6e5-93c8-71e2-3afb-80c4ce852b26,/p/0/2835185cc24577c2,3,200,2477267,188.889,11495.286,215503
1787910163922,9e76a4fa-dba9-f69c-cdf7-e87a0d0fd304,/p/0/17f6e8878ac664f9,3,200,382376,62.199,3227.481,118475
1787910148075,e0d084cd-c12e-5675-977c-c8db1a456fb1,/p/2/77dcdafd959e72e4,1,200,3641006,105.259,19122.403,190405
1787910156623,407c995c-84da-f786-dd41-e4e609aabe3b,/p/0/7eec26500f4c7bda,5,200,236796,430.998,10577.386,22387
1787910157084,8b3f6553-70f7-a160-458c-89f63041d40c,/p/0/94cd56c003946a59,6,200,361536,333.417,10182.674,35505
1787910142511,ebc170d1-46f5-b95d-34ff-e2381ad17db9,/p/0/19fa982480b8fbf6,2,200,3596451,177.445,24770.018,145194
1787910163922,9e76a4fa-dba9-f69c-cdf7-e87a0d0fd304,/p/3/17f6e7878ac66346,3,200,318491,166.470,3431.498,92814
1787910154829,7a2fb8de-5e61-3a1f-8e31-d8fa508e4821,/p/0/cb6694ad74249879,4,200,2781960,65.479,12542.587,221801
1787910165316,545f0e10-b881-01cb-6c18-b2b01fb7334c,/p/0/a8a1c6249f2d872a,3,200,173580,222.842,2334.519,74354
1787910163779,2dbc2170-ac47-40ef-ba7e-d5c867efe7e4,/p/4/b6d48331f335b11b,9,200,402309,132.751,3876.012,103795
1787910166827,2fd85362-59e7-0360-bede-1fb24c27574f,/?crawl=125,0,200,413093,37.854,978.571,422139
1787910167267,8b3f6553-70f7-a160-458c-89f63041d40c,/p/0/ebe724f8916cb33a,7,200,9558,309.248,542.413,17621
1787910163035,fbcd9ccb-84a9-f8d1-584e-b348ee716d0c,/p/0/9896ab48903c0b0f,8,200,400483,250.102,4781.875,83750
1787910161914,5aa0e1d7-8647-05c0-d764-70500ef3a085,/p/0/fcdf6d5b802da3ae,1,200,5006959,65.138,5984.680,836629
1787910140550,56d3aeef-5534-d227-8053-bb282bac9ad2,/p/0/42dc1b0e89f9af62,3,200,4784261,673.114,27385.059,174703
1787910164525,41c24b02-dfa5-b995-e051-4578aad158cc,/p/0/9049bfb914c894a8,1,200,196094,196.554,3448.225,56868
1787910119641,2dbc2170-ac47-40ef-ba7e-d5c867efe7e4,/p/0/25925bd1a4ab100d,2,200,5380828,198.918,48435.942,111092
1787910167827,b3f8da67-88d4-279f-1898-80bb9e742475,/?crawl=126,0,200,120537,36.336,282.685,426400
1787910167198,e0d084cd-c12e-5675-977c-c8db1a456fb1,/p/0/edb648b650348eb1,2,200,97133,178.692,1053.598,92192
1787910163502,b4adaf70-07f6-7a64-9577-306cbff66ac6,/p/0/cfc3d3cbf8203fd7,5,200,125373,443.117,4801.383,26112
1787910163035,fbcd9ccb-84a9-f8d1-584e-b348ee716d0c,/p/0/9896ac48903c0cc2,8,200,459824,368.723,5376.122,85531
1787910149903,545f0e10-b881-01cb-6c18-b2b01fb7334c,/p/0/2da2de090777b57d,2,200,5921422,392.645,18523.638,319668
1787910155157,0a02f36c-282b-eed8-c8ea-da6e09d12a51,/p/0/8ec4c1efe610eb47,9,200,359954,406.997,13368.862,26925
1787910158453,56d3aeef-5534-d227-8053-bb282bac9ad2,/p/8/82574769d94f49c3,4,200,4075533,105.823,10117.116,402835
1787910162138,f1dcb84a-1a6b-47ce-f443-39b278154e85,/p/0/27c67a0a8edf0d86,2,200,368482,542.941,6459.922,57041
1787910155236,e478d6e5-93c8-71e2-3afb-80c4ce852b26,/p/0/2835175cc245760f,3,200,3747798,188.997,13444.828,278754
1787910168110,b3f8da67-88d4-279f-1898-80bb9e742475,/p/0/4a88c2d1d2997bfa,1,200,140595,32.166,571.212,246134
1787910168570,56d3aeef-5534-d227-8053-bb282bac9ad2,/p/0/fcbec00188acba17,5,200,45318,4.498,112.873,401495
1787910163035,fbcd9ccb-84a9-f8d1-584e-b348ee716d0c,/p/2/9896aa48903c095c,8,200,492401,232.559,5656.116,87056
1787910168570,56d3aeef-5534-d227-8053-bb282bac9ad2,/p/0/fcbec10188acbbca,5,200,105649,12.030,212.630,496868
1787910165517,8b3f6553-70f7-a160-458c-89f63041d40c,/p/0/ebe723f8916cb187,7,200,369488,281.536,3341.403,110579
1787910168570,56d3aeef-5534-d227-8053-bb282bac9ad2,/p/7/fcbebf0188acb864,5,200,169410,60.187,314.226,539134
1787910133080,df6ed7a9-04b7-559c-1995-f5cadca28d7a,/p/0/d83ef8d027cb0121,4,200,4852454,248.449,35832.731,135420
1787910168885,56d3aeef-5534-d227-8053-bb282bac9ad2,/p/0/54ea13ac320e910e,6,200,85030,4.831,228.606,371950
1787910167827,3b749c58-6ab7-9e3a-6b7d-15a638eaf40e,/?crawl=129,0,200,464286,47.028,1444.152,321494
1787910168691,fbcd9ccb-84a9-f8d1-584e-b348ee716d0c,/p/1/4ad32bdfdbd62098,9,200,41301,174.981,689.012,59942
1787910168691,fbcd9ccb-84a9-f8d1-584e-b348ee716d0c,/p/0/4ad32cdfdbd6224b,9,200,17868,174.928,706.612,25287
1787910167198,e0d084cd-c12e-5675-977c-c8db1a456fb1,/p/0/edb645b650348998,2,200,296097,178.644,2309.080,128232
1787910168885,56d3aeef-5534-d227-8053-bb282bac9ad2,/p/0/54ea12ac320e8f5b,6,200,321121,90.946,678.264,473445
1787910163960,50789202-f36f-7c1f-e151-c87cd1ff5670,/p/0/ac2e15abefc225d2,3,200,329352,339.766,5606.816,58741
1787910163960,50789202-f36f-7c1f-e151-c87cd1ff5670,/p/2/ac2e13abefc2226c,3,200,505339,340.366,5611.067,90061
1787910168885,56d3aeef-5534-d227-8053-bb282bac9ad2,/p/6/54ea11ac320e8da8,6,200,364453,37.041,755.306,482523
1787910164524,41c24b02-dfa5-b995-e051-4578aad158cc,/p/0/9049c2b914c899c1,1,200,217221,176.767,5134.490,42306
1787910168110,b3f8da67-88d4-279f-1898-80bb9e742475,/p/6/4a88c0d1d2997894,1,200,256650,162.378,1570.888,163379
1787910165316,545f0e10-b881-01cb-6c18-b2b01fb7334c,/p/1/a8a1c4249f2d83c4,3,200,502879,243.757,4442.873,113188
1787910168827,6263f2f4-35bb-7fbe-7c55-e6b57c02f97b,/?crawl=131,0,200,464770,36.978,1110.083,418681
1787910168077,2dbc2170-ac47-40ef-ba7e-d5c867efe7e4,/p/0/b6d48531f335b481,9,200,146449,184.038,1864.579,78543
1787910128174,d828a9cb-ad94-c44a-2b73-79ad15446319,/p/0/eb43256625bf4efc,9,200,3966235,178.527,42190.722,94007
1787910167806,2fd85362-59e7-0360-bede-1fb24c27574f,/p/7/4c7c0ea906a5acd,1,200,310425,34.342,2606.785,119083
1787910133501,2dbc2170-ac47-40ef-ba7e-d5c867efe7e4,/p/0/c6086ffcdc009ecf,5,200,3659795,2735.505,37103.158,98638
1787910169827,d5601bf3-c952-8f4d-09b2-d07b2e94693e,/?crawl=132,0,200,284661,32.220,779.563,365154
1787910167353,9e76a4fa-dba9-f69c-cdf7-e87a0d0fd304,/p/0/86487f1815b4b888,4,200,324482,226.819,3380.517,95986
1787910165404,90ed1c25-9021-447c-eb85-53f34f9e58b2,/p/0/8248847b81876199,7,200,164285,309.986,5364.537,30624
1787910170413,2fd85362-59e7-0360-bede-1fb24c27574f,/p/0/721a0fbd5ae5054f,2,200,17697,170.163,458.362,38609
1787910167198,e0d084cd-c12e-5675-977c-c8db1a456fb1,/p/1/edb647b650348cfe,2,200,469770,266.587,3682.345,127574
1787910167353,9e76a4fa-dba9-f69c-cdf7-e87a0d0fd304,/p/0/8648821815b4bda1,4,200,244619,246.421,3606.132,67834
1787910168110,b3f8da67-88d4-279f-1898-80bb9e742475,/p/0/4a88c1d1d2997a47,1,200,480714,244.134,2868.300,167595
1787910153336,7a2fb8de-5e61-3a1f-8e31-d8fa508e4821,/p/0/ebdec3f0509e2c23,3,200,4520855,86.238,17643.920,256227
1787910153818,391c7ee1-f35b-4d3d-ec71-dfe97bb470c3,/p/0/9dc4486092b4a612,1,200,2160933,32.553,17201.950,125621
1787910169380,fbcd9ccb-84a9-f8d1-584e-b348ee716d0c,/p/0/1716a5d5dee0571c,10,200,145750,255.429,1658.337,87889
1787910167353,9e76a4fa-dba9-f69c-cdf7-e87a0d0fd304,/p/2/8648801815b4ba3b,4,200,312183,246.389,3791.314,82342
1787910159672,b2da21eb-11f4-d6a9-674c-ae78458611ff,/p/4/3d3b4f6765ef429c,2,200,520074,453.301,11475.031,45322
1787910170413,2fd85362-59e7-0360-bede-1fb24c27574f,/p/6/721a11bd5ae508b5,2,200,55431,187.939,781.271,70950
1787910152235,7a2fb8de-5e61-3a1f-8e31-d8fa508e4821,/p/0/39733830a4332585,2,200,5711548,72.271,18970.008,301083
1787910169398,fbcd9ccb-84a9-f8d1-584e-b348ee716d0c,/p/0/1716a7d5dee05a82,10,200,110687,187.872,1847.718,59905
1787910170604,2dbc2170-ac47-40ef-ba7e-d5c867efe7e4,/p/0/9cd1b5eec3bacbbd,10,200,56804,121.038,719.905,78905
1787910170607,d5601bf3-c952-8f4d-09b2-d07b2e94693e,/p/2/d0788d87e9485d3d,1,200,99947,102.560,869.841,114903
1787910169271,3b749c58-6ab7-9e3a-6b7d-15a638eaf40e,/p/0/1bcbbe879926ce83,1,200,242441,241.329,2232.597,108591
1787910170607,d5601bf3-c952-8f4d-09b2-d07b2e94693e,/p/0/d0788b87e94859d7,1,200,167588,29.645,1034.688,161970
1787910169271,3b749c58-6ab7-9e3a-6b7d-15a638eaf40e,/p/0/1bcbbf879926d036,1,200,246973,43.119,2409.194,102513
1787910171477,d5601bf3-c952-8f4d-09b2-d07b2e94693e,/p/0/342a8221c30f8e1,2,200,17720,164.732,340.806,51994
1787910154829,7a2fb8de-5e61-3a1f-8e31-d8fa508e4821,/p/1/cb6693ad742496c6,4,200,4822194,71.645,17026.199,283222
1787910142511,ebc170d1-46f5-b95d-34ff-e2381ad17db9,/p/1/19fa992480b8fda9,2,200,5166402,89.796,29359.081,175973
1787910169271,3b749c58-6ab7-9e3a-6b7d-15a638eaf40e,/p/11/1bcbc0879926d1e9,1,200,316406,241.306,2675.649,118254
1787910165404,90ed1c25-9021-447c-eb85-53f34f9e58b2,/p/0/8248837b81875fe6,7,200,320452,309.990,6572.691,48755
1787910169827,f2505378-d1bf-38d6-4e2f-af52d5cfd7ad,/?crawl=133,0,200,334618,137.041,2169.737,154221
1787910171870,ebc170d1-46f5-b95d-34ff-e2381ad17db9,/p/0/e23ad61c2cc50be1,3,200,53506,42.599,188.138,284398
1787910171194,2fd85362-59e7-0360-bede-1fb24c27574f,/p/5/ce546daa64a22416,3,200,29831,202.295,885.619,33684
1787910171477,d5601bf3-c952-8f4d-09b2-d07b2e94693e,/p/1/342a7221c30f72e,2,200,45436,150.645,726.997,62498
1787910171870,ebc170d1-46f5-b95d-34ff-e2381ad17db9,/p/0/e23ad31c2cc506c8,3,200,31638,209.888,337.535,93733
1787910171855,7a2fb8de-5e61-3a1f-8e31-d8fa508e4821,/p/0/9ab5ba372bb69118,5,200,173592,18.993,529.796,327658
1787910157414,fd959da8-830a-ae5e-2f3f-c57ec98424e8,/p/0/6687f2b547eb728e,3,200,2587322,350.408,14995.004,172546
1787910142512,fd959da8-830a-ae5e-2f3f-c57ec98424e8,/p/0/816652f3206eda49,1,200,5542886,75.668,29897.142,185399
1787910105149,8e039d77-b093-290c-1e0c-6c1c20fc2784,/p/0/341a8dcfb88e2ffd,2,200,3365717,100.564,67355.706,49969
1787910171855,7a2fb8de-5e61-3a1f-8e31-d8fa508e4821,/p/0/9ab5bc372bb6947e,5,200,211185,19.385,736.145,286880
1787910169681,b3f8da67-88d4-279f-1898-80bb9e742475,/p/0/922e65d87d7c70c2,2,200,374114,230.977,2914.766,128351
1787910171477,d5601bf3-c952-8f4d-09b2-d07b2e94693e,/p/0/342a5221c30f3c8,2,200,190028,164.753,1215.180,156379
1787910169937,6263f2f4-35bb-7fbe-7c55-e6b57c02f97b,/p/0/16398f6f2b777e6a,1,200,417550,35.019,2772.802,150588
1787910156992,0a02f36c-282b-eed8-c8ea-da6e09d12a51,/p/0/b494ffc1bf97904c,10,200,427859,695.321,15740.761,27182
1787910171870,ebc170d1-46f5-b95d-34ff-e2381ad17db9,/p/0/e23ad51c2cc50a2e,3,200,220889,188.121,905.815,243857
1787910171855,7a2fb8de-5e61-3a1f-8e31-d8fa508e4821,/p/0/9ab5bb372bb692cb,5,200,469610,18.920,934.414,502571
1787910167827,8f938218-810a-25df-3cae-4731c79fa1f1,/?crawl=128,0,200,2165399,35.937,4990.428,433910
1787910172827,7a49d9a7-1b11-cd26-e49a-b3a7eac229d0,/?crawl=138,0,200,76582,16.470,84.960,901384
1787910169571,50789202-f36f-7c1f-e151-c87cd1ff5670,/p/1/26df5141144ac6bb,4,200,341812,139.792,3401.146,100499
1787910169937,6263f2f4-35bb-7fbe-7c55-e6b57c02f97b,/p/0/16398e6f2b777cb7,1,200,480333,74.794,3047.817,157599
1787910169681,b3f8da67-88d4-279f-1898-80bb9e742475,/p/0/922e64d87d7c6f0f,2,200,475535,197.898,3324.711,143030
1787910171147,b2da21eb-11f4-d6a9-674c-ae78458611ff,/p/0/19ac384603e7369f,3,200,363571,414.642,1928.823,188494
1787910171147,b2da21eb-11f4-d6a9-674c-ae78458611ff,/p/0/19ac394603e73852,3,200,472885,455.819,1950.564,242435
1787910172204,d5601bf3-c952-8f4d-09b2-d07b2e94693e,/p/0/aad20488a170dfd0,3,200,73415,193.431,898.036,81751
1787910172912,7a49d9a7-1b11-cd26-e49a-b3a7eac229d0,/p/7/e5137e01b3ac07f,1,200,89101,15.423,251.237,354649
1787910171947,3b749c58-6ab7-9e3a-6b7d-15a638eaf40e,/p/10/29c58d4e0aea2a8d,2,200,109024,43.796,1270.371,85821
1787910170413,2fd85362-59e7-0360-bede-1fb24c27574f,/p/0/721a10bd5ae50702,2,200,218231,170.145,2870.031,76038
1787910158391,bfc7288d-def4-cde8-1605-9f57df697f0b,/p/0/6a62505617b25e14,1,200,5685697,34.681,14899.411,381605
1787910172912,7a49d9a7-1b11-cd26-e49a-b3a7eac229d0,/p/0/e5139e01b3ac3e5,1,200,85716,23.182,378.747,226315
1787910171997,f2505378-d1bf-38d6-4e2f-af52d5cfd7ad,/p/1/3d0e382a54ad672a,1,200,60941,123.461,1338.664,45524
1787910163035,3615649a-3380-da01-dc16-43c36beb2850,/p/0/42192eaa4717af87,3,200,2631048,207.030,10383.499,253387
1787910169759,545f0e10-b881-01cb-6c18-b2b01fb7334c,/p/0/8b0769898111fb35,4,200,115612,411.438,3679.433,31421
1787910172818,8f938218-810a-25df-3cae-4731c79fa1f1,/p/3/88616b2a048bdbd6,1,200,112490,101.262,752.876,149414
1787910142339,90ed1c25-9021-447c-eb85-53f34f9e58b2,/p/0/7e87c6178838e58d,4,200,6244139,84.601,31408.744,198803
1787910171827,dcb292fa-454f-193f-b332-d38a842ac373,/?crawl=136,0,200,517370,58.204,2007.122,257767
1787910173163,7a49d9a7-1b11-cd26-e49a-b3a7eac229d0,/p/0/4640a6f80b42d8de,2,200,128186,141.900,684.613,187239
1787910170607,d5601bf3-c952-8f4d-09b2-d07b2e94693e,/p/0/d0788c87e9485b8a,1,200,494779,29.574,3309.687,149494
1787910109480,d828a9cb-ad94-c44a-2b73-79ad15446319,/p/0/ca8bdcf249d8878d,4,200,5432003,160.859,64449.229,84283
1787910171324,2dbc2170-ac47-40ef-ba7e-d5c867efe7e4,/p/0/9cd1b2eec3bac6a4,10,200,271137,134.063,2647.551,102411
1787910160506,a06a45b3-74be-ee56-0637-6ebae4ae4f55,/p/0/3d3b20aa79322470,3,200,5041284,36.482,13481.677,373936
1787910171194,2fd85362-59e7-0360-bede-1fb24c27574f,/p/0/ce546eaa64a225c9,3,200,187119,236.567,2796.334,66916
1787910118304,2dbc2170-ac47-40ef-ba7e-d5c867efe7e4,/p/0/d89c5e4651b95bbb,1,200,6090134,25.975,55690.935,109356
1787910171194,2fd85362-59e7-0360-bede-1fb24c27574f,/p/0/ce546baa64a220b0,3,200,237575,254.192,2879.406,82508
1787910170880,e0d084cd-c12e-5675-977c-c8db1a456fb1,/p/0/7eb2cf4050fa2767,3,200,245402,194.450,3302.285,74313
1787910169942,2dbc2170-ac47-40ef-ba7e-d5c867efe7e4,/p/3/9cd1b4eec3baca0a,10,200,479636,150.212,4273.885,112225
1787910123784,d828a9cb-ad94-c44a-2b73-79ad15446319,/p/0/eb43286625bf5415,9,200,4829399,294.332,50599.693,95443
1787910167827,88ba8b3a-d142-75de-c30e-f5e7f764e17b,/?crawl=127,0,200,374618,222.266,6574.855,56977
1787910172204,d5601bf3-c952-8f4d-09b2-d07b2e94693e,/p/0/aad20788a170e4e9,3,200,331607,208.405,2212.056,149909
1787910148075,e0d084cd-c12e-5675-977c-c8db1a456fb1,/p/0/77dcdcfd959e764a,1,200,4880799,70.306,26410.212,184807
1787910169380,fbcd9ccb-84a9-f8d1-584e-b348ee716d0c,/p/0/1716a6d5dee058cf,10,200,332033,222.219,5118.172,64873
1787910163035,3615649a-3380-da01-dc16-43c36beb2850,/p/0/421930aa4717b2ed,3,200,3123868,31.967,11530.981,270911
1787910173163,7a49d9a7-1b11-cd26-e49a-b3a7eac229d0,/p/6/4640a4f80b42d578,2,200,358170,149.032,1409.341,254140
1787910170880,e0d084cd-c12e-5675-977c-c8db1a456fb1,/p/0/7eb2d14050fa2acd,3,200,521667,194.421,3732.065,139780
1787910172204,d5601bf3-c952-8f4d-09b2-d07b2e94693e,/p/0/aad20588a170e183,3,200,461786,165.491,2418.112,190970
1787910167201,407c995c-84da-f786-dd41-e4e609aabe3b,/p/5/13e86dd215ea3462,6,200,270670,458.537,7546.448,35867
1787910172079,2fd85362-59e7-0360-bede-1fb24c27574f,/p/4/47538f12ac29eed2,4,200,235825,185.264,2831.887,83275
1787910172973,50789202-f36f-7c1f-e151-c87cd1ff5670,/p/0/e4af9c4ab31de985,5,200,171865,283.253,1950.600,88109
1787910173163,7a49d9a7-1b11-cd26-e49a-b3a7eac229d0,/p/0/4640a5f80b42d72b,2,200,398866,134.378,1776.675,224501
1787910153824,b2da21eb-11f4-d6a9-674c-ae78458611ff,/p/0/6851d7616e587ee7,1,200,5261447,547.611,21220.396,247943
1787910165404,90ed1c25-9021-447c-eb85-53f34f9e58b2,/p/0/8248827b81875e33,7,200,412256,282.639,9673.501,42617
1787910173218,3b749c58-6ab7-9e3a-6b7d-15a638eaf40e,/p/0/5746c0f197b40076,3,200,464242,242.632,1920.708,241704
1787910160506,a06a45b3-74be-ee56-0637-6ebae4ae4f55,/p/0/3d3b22aa793227d6,3,200,6252504,56.812,14644.420,426955
1787910171147,b2da21eb-11f4-d6a9-674c-ae78458611ff,/p/3/19ac3a4603e73a05,3,200,5129549,497.071,4035.209,1271198
1787910159672,b2da21eb-11f4-d6a9-674c-ae78458611ff,/p/0/3d3b516765ef4602,2,200,5803328,470.540,15518.570,373960
1787910175183,b2da21eb-11f4-d6a9-674c-ae78458611ff,/p/2/c74659dfdbc76baf,4,200,184535,13.434,81.248,2271246
1787910175183,b2da21eb-11f4-d6a9-674c-ae78458611ff,/p/0/c7465bdfdbc76f15,4,200,165124,8.962,91.487,1804882
1787910130518,0a02f36c-282b-eed8-c8ea-da6e09d12a51,/p/0/3517fcc24a34c609,6,200,2195545,490.729,44802.555,49005
1787910172973,50789202-f36f-7c1f-e151-c87cd1ff5670,/p/0/e4af994ab31de46c,5,200,107041,228.911,2423.218,44173
1787910175264,b2da21eb-11f4-d6a9-674c-ae78458611ff,/p/0/9fc5da27d121b17d,5,200,139287,14.436,148.025,940972
1787910175264,b2da21eb-11f4-d6a9-674c-ae78458611ff,/p/1/9fc5d827d121ae17,5,200,436243,14.374,252.909,1724901
1787910154023,391c7ee1-f35b-4d3d-ec71-dfe97bb470c3,/p/0/c07b0feaf18cdfc4,2,200,4293142,250.906,21506.309,199622
1787910171144,9e76a4fa-dba9-f69c-cdf7-e87a0d0fd304,/p/1/3eef0a169507013b,5,200,338895,287.988,4516.400,75037
1787910159612,0a02f36c-282b-eed8-c8ea-da6e09d12a51,/p/3/b2d1640dd83f3079,11,200,414207,896.176,16123.797,25689
1787910172818,8f938218-810a-25df-3cae-4731c79fa1f1,/p/0/8861692a048bd870,1,200,286625,34.185,3039.622,94296
1787910175517,b2da21eb-11f4-d6a9-674c-ae78458611ff,/p/0/689a425a36e0e724,6,200,444294,17.334,340.990,1302954
1787910168827,b0dbef4a-9d4b-206c-aa37-49bd579bedec,/?crawl=130,0,200,4620407,35.959,7037.695,656523
1787910175517,b2da21eb-11f4-d6a9-674c-ae78458611ff,/p/0/689a455a36e0ec3d,6,200,494452,17.413,368.890,1340378
1787910171144,9e76a4fa-dba9-f69c-cdf7-e87a0d0fd304,/p/0/3eef0c16950704a1,5,200,387330,228.858,4742.685,81669
1787910172973,50789202-f36f-7c1f-e151-c87cd1ff5670,/p/0/e4af9a4ab31de61f,5,200,270881,195.966,2949.574,91837
1787910175865,b0dbef4a-9d4b-206c-aa37-49bd579bedec,/p/0/a9a3e1ccc0126f64,1,200,18932,48.550,94.455,200434
1787910173834,dcb292fa-454f-193f-b332-d38a842ac373,/p/0/82cf381196dc84f1,1,200,132461,167.222,2212.943,59857
1787910157172,bc98b8b7-e452-ab67-b1e4-2e7f2bdeded2,/p/1/bcb09e8cabadd966,1,200,5697340,291.338,19061.185,298897
1787910174573,7a49d9a7-1b11-cd26-e49a-b3a7eac229d0,/p/5/74cdeb292c31ca35,3,200,365530,100.865,1771.596,206328
1787910174573,7a49d9a7-1b11-cd26-e49a-b3a7eac229d0,/p/0/74cdea292c31c882,3,200,432625,86.897,1786.608,242149
1787910173283,2fd85362-59e7-0360-bede-1fb24c27574f,/p/0/47539012ac29f085,4,200,212937,188.801,3177.217,67020
1787910148613,368a2d59-9316-04ef-758a-b07adf6e1cb6,/p/1/73d09db3386b7725,3,200,3797040,312.445,27877.486,136205
1787910175264,b2da21eb-11f4-d6a9-674c-ae78458611ff,/p/0/9fc5d727d121ac64,5,200,2250317,14.896,1235.656,1821152
1787910174216,2dbc2170-ac47-40ef-ba7e-d5c867efe7e4,/p/2/b3c7c333f3345032,11,200,225137,172.797,2301.484,97823
1787910176233,bc98b8b7-e452-ab67-b1e4-2e7f2bdeded2,/p/0/46afb585ff22db12,2,200,86241,39.709,378.098,228091
1787910174216,2dbc2170-ac47-40ef-ba7e-d5c867efe7e4,/p/0/b3c7c433f33451e5,11,200,247782,172.670,2531.770,97869
1787910169640,56d3aeef-5534-d227-8053-bb282bac9ad2,/p/5/54665294924804ce,7,200,99722,81.439,7186.531,13876
1787910175517,b2da21eb-11f4-d6a9-674c-ae78458611ff,/p/0/689a435a36e0e8d7,6,200,2887473,19.118,1419.802,2033715
1787910169759,545f0e10-b881-01cb-6c18-b2b01fb7334c,/p/0/8b0766898111f61c,4,200,280448,370.654,7208.315,38906
1787910173571,8f938218-810a-25df-3cae-4731c79fa1f1,/p/0/6451e33345580004,2,200,370789,200.668,3457.991,107227
1787910175183,b2da21eb-11f4-d6a9-674c-ae78458611ff,/p/0/c74658dfdbc769fc,4,200,4656928,8.179,1881.602,2474980
1787910169681,b3f8da67-88d4-279f-1898-80bb9e742475,/p/5/922e66d87d7c7275,2,200,3604298,214.271,7461.659,483042
1787910145530,7e69f724-e6a0-2a40-4452-8a4b906303f6,/p/0/8ee0dc9a9e5aed66,1,200,383919,292.418,31654.304,12128
1787910151827,202ca0a9-969d-e337-18b0-a8a1c747a4a6,/?crawl=107,0,200,6037081,56.506,25362.009,238036
1787910175865,b0dbef4a-9d4b-206c-aa37-49bd579bedec,/p/2/a9a3e2ccc0127117,1,200,456217,24.670,1373.787,332087
1787910175865,b0dbef4a-9d4b-206c-aa37-49bd579bedec,/p/0/a9a3e4ccc012747d,1,200,438744,24.764,1406.567,311925
1787910177239,b0dbef4a-9d4b-206c-aa37-49bd579bedec,/p/0/119096f5f9006158,2,200,8762,32.656,44.068,198830
1787910163960,50789202-f36f-7c1f-e151-c87cd1ff5670,/p/0/ac2e14abefc2241f,3,200,2351781,338.792,13370.725,175890
1787910173990,2fd85362-59e7-0360-bede-1fb24c27574f,/p/0/47538d12ac29eb6c,4,200,305109,218.094,3346.910,91161
1787910176233,bc98b8b7-e452-ab67-b1e4-2e7f2bdeded2,/p/0/46afb385ff22d7ac,2,200,161348,216.735,1178.416,136919
1787910173571,8f938218-810a-25df-3cae-4731c79fa1f1,/p/2/6451e433455801b7,2,200,365050,182.926,3895.378,93714
1787910177143,b3f8da67-88d4-279f-1898-80bb9e742475,/p/0/ac5b0f5d1df5373,3,200,274520,3.489,333.574,822965
1787910177143,b3f8da67-88d4-279f-1898-80bb9e742475,/p/4/ac5b2f5d1df56d9,3,200,478166,3.154,404.616,1181776
1787910177143,b3f8da67-88d4-279f-1898-80bb9e742475,/p/0/ac5b1f5d1df5526,3,200,461877,16.292,439.115,1051835
1787910176344,7a49d9a7-1b11-cd26-e49a-b3a7eac229d0,/p/0/d6191cae4626316c,4,200,215623,94.162,1241.116,173733
1787910146924,9524b432-f9ab-4a28-a64c-5f2d1c914b1a,/p/0/29c2fdf5263b45a3,2,200,3204831,257.581,30725.652,104305
1787910146615,9524b432-f9ab-4a28-a64c-5f2d1c914b1a,/p/0/224b31f832f5e379,1,200,4360601,166.247,31047.448,140450
1787910169937,6263f2f4-35bb-7fbe-7c55-e6b57c02f97b,/p/0/16398d6f2b777b04,1,200,2426462,189.136,7916.693,306499
1787910177189,202ca0a9-969d-e337-18b0-a8a1c747a4a6,/p/0/3994d51734e5d4d6,1,200,75295,53.111,746.660,100842
1787910174911,2fd85362-59e7-0360-bede-1fb24c27574f,/p/3/97283cdef6606047,5,200,217510,168.743,3214.574,67664
1787910177239,b0dbef4a-9d4b-206c-aa37-49bd579bedec,/p/0/119099f5f9006671,2,200,368932,44.059,1116.435,330456
1787910178126,2fd85362-59e7-0360-bede-1fb24c27574f,/p/2/182469e76fddd3d7,6,200,6214,201.616,254.872,24381
1787910176344,7a49d9a7-1b11-cd26-e49a-b3a7eac229d0,/p/0/d6191fae46263685,4,200,499241,101.392,2089.476,238931
1787910177239,b0dbef4a-9d4b-206c-aa37-49bd579bedec,/p/1/119097f5f900630b,2,200,402652,100.480,1222.670,329322
1787910177466,8f938218-810a-25df-3cae-4731c79fa1f1,/p/0/53fd6f0bdcb89493,3,200,93979,164.942,1183.627,79399
1787910158863,43ab4cf4-4e18-6085-678b-3d39dd9dff5c,/p/0/95dbf3d18277ed40,1,200,4047258,230.607,19847.416,203919
1787910170827,465a32fe-089b-66e1-743d-6bf81e48bcc9,/?crawl=135,0,200,361195,265.130,7921.209,45598
1787910174216,2dbc2170-ac47-40ef-ba7e-d5c867efe7e4,/p/0/b3c7c133f3344ccc,11,200,482082,185.174,4539.826,106190
1787910170827,42f97cc0-e576-8f31-9b93-d5ea21dd3973,/?crawl=134,0,200,5513880,25.330,7956.953,692964
1787910176344,7a49d9a7-1b11-cd26-e49a-b3a7eac229d0,/p/4/d6191eae462634d2,4,200,503125,72.801,2453.237,205086
1787910177466,8f938218-810a-25df-3cae-4731c79fa1f1,/p/0/53fd700bdcb89646,3,200,109532,182.055,1450.406,75518
1787910167973,41c24b02-dfa5-b995-e051-4578aad158cc,/p/0/d0acf80d0f271185,3,200,406009,550.884,11174.325,36334
1787910177548,b3f8da67-88d4-279f-1898-80bb9e742475,/p/0/a299318e2095f99a,4,200,131309,277.220,1600.393,82048
1787910178798,7a49d9a7-1b11-cd26-e49a-b3a7eac229d0,/p/0/eac28a8175f986a,5,200,74255,82.723,352.748,210504
1787910178784,42f97cc0-e576-8f31-9b93-d5ea21dd3973,/p/0/5bfa8f566da69c31,1,200,73955,21.410,381.586,193810
1787910178461,b0dbef4a-9d4b-206c-aa37-49bd579bedec,/p/0/9452bd259a6ca286,3,200,127120,49.451,730.738,173961
1787910178784,42f97cc0-e576-8f31-9b93-d5ea21dd3973,/p/0/5bfa8c566da69718,1,200,117266,54.500,413.772,283407
1787910166209,41c24b02-dfa5-b995-e051-4578aad158cc,/p/1/d0acf60d0f270e1f,3,200,511214,549.135,13017.099,39272
1787910166209,41c24b02-dfa5-b995-e051-4578aad158cc,/p/0/d0acf50d0f270c6c,3,200,445993,549.205,13057.456,34156
1787910178784,42f97cc0-e576-8f31-9b93-d5ea21dd3973,/p/4/5bfa8d566da698cb,1,200,235338,87.174,633.483,371498
1787910169759,545f0e10-b881-01cb-6c18-b2b01fb7334c,/p/0/8b0768898111f982,4,200,484491,575.305,9698.478,49955
1787910158863,43ab4cf4-4e18-6085-678b-3d39dd9dff5c,/p/0/95dbf5d18277f0a6,1,200,4719391,230.664,20600.676,229089
1787910142339,90ed1c25-9021-447c-eb85-53f34f9e58b2,/p/0/7e87c3178838e074,4,200,6123093,84.625,37195.938,164617
1787910178381,2fd85362-59e7-0360-bede-1fb24c27574f,/p/0/18246be76fddd73d,6,200,42016,167.211,1160.024,36220
1787910177189,202ca0a9-969d-e337-18b0-a8a1c747a4a6,/p/0/3994d41734e5d323,1,200,314128,81.591,2522.153,124548
1787910178461,b0dbef4a-9d4b-206c-aa37-49bd579bedec,/p/0/9452be259a6ca439,3,200,361144,105.472,1361.361,265282
1787910178461,b0dbef4a-9d4b-206c-aa37-49bd579bedec,/p/0/9452bc259a6ca0d3,3,200,468191,25.482,1460.290,320615
1787910169640,56d3aeef-5534-d227-8053-bb282bac9ad2,/p/0/5466539492480681,7,200,69670,81.260,10282.479,6776
1787910173336,f2505378-d1bf-38d6-4e2f-af52d5cfd7ad,/p/0/cfc5c5d828a20a84,2,200,286828,693.883,6726.530,42641
1787910177466,8f938218-810a-25df-3cae-4731c79fa1f1,/p/1/53fd710bdcb897f9,3,200,298455,182.123,2666.434,111930
1787910128654,d828a9cb-ad94-c44a-2b73-79ad15446319,/p/7/4f09bc7a3afc22f9,10,200,5647044,172.158,51596.382,109447
1787910175661,9e76a4fa-dba9-f69c-cdf7-e87a0d0fd304,/p/0/84fc00441abda5f9,6,200,316651,226.133,4717.249,67126
1787910175827,50d5a221-da53-01cf-bc86-7ed6a9a23477,/?crawl=140,0,200,418124,241.168,4586.236,91169
1787910177548,b3f8da67-88d4-279f-1898-80bb9e742475,/p/0/a299308e2095f7e7,4,200,492734,277.318,2910.545,169293
1787910176460,2fd85362-59e7-0360-bede-1fb24c27574f,/p/0/97283edef66063ad,5,200,316080,217.097,4013.032,78763
1787910180133,8f938218-810a-25df-3cae-4731c79fa1f1,/p/0/23cdf4201a376d0a,4,200,25721,192.370,425.032,60516
1787910171997,f2505378-d1bf-38d6-4e2f-af52d5cfd7ad,/p/0/3d0e362a54ad63c4,1,200,309203,327.251,8564.359,36103
1787910175736,0a02f36c-282b-eed8-c8ea-da6e09d12a51,/p/0/37d9be5917dee85,12,200,106353,405.739,4825.339,22041
1787910177548,b3f8da67-88d4-279f-1898-80bb9e742475,/p/3/a299328e2095fb4d,4,200,514426,398.883,3154.293,163088
1787910175661,9e76a4fa-dba9-f69c-cdf7-e87a0d0fd304,/p/0/84fbff441abda446,6,200,311820,326.589,5068.555,61520
1787910174911,2fd85362-59e7-0360-bede-1fb24c27574f,/p/0/97283bdef6605e94,5,200,362847,186.083,5867.589,61839
1787910180250,d828a9cb-ad94-c44a-2b73-79ad15446319,/p/6/462a90a142cb7291,11,200,44548,144.591,617.230,72174
1787910175661,9e76a4fa-dba9-f69c-cdf7-e87a0d0fd304,/p/0/84fbfe441abda293,6,200,354456,367.940,5252.944,67478
1787910176491,368a2d59-9316-04ef-758a-b07adf6e1cb6,/p/0/427c33b69d228b40,4,200,380956,285.146,4639.295,82115
1787910172733,0a02f36c-282b-eed8-c8ea-da6e09d12a51,/p/0/b2d1620dd83f2d13,11,200,234612,492.027,8443.306,27787
1787910158240,4e66515b-0eec-e566-9a83-42c0429a738e,/p/1/dc8a3010f0c6c24c,1,200,3834873,1063.301,23004.597,166700
1787910176491,368a2d59-9316-04ef-758a-b07adf6e1cb6,/p/0/427c36b69d229059,4,200,356189,238.758,5107.581,69737
1787910170880,e0d084cd-c12e-5675-977c-c8db1a456fb1,/p/0/7eb2d04050fa291a,3,200,3570801,177.926,10987.564,324986
1787910145530,7e69f724-e6a0-2a40-4452-8a4b906303f6,/p/2/8ee0da9a9e5aea00,1,200,474696,1316.601,36495.504,13007
1787910181829,b9f9be94-feec-6c1a-52cb-15e4a8523f59,/?crawl=143,0,200,422363,14.045,278.477,1516687
1787910162137,f1dcb84a-1a6b-47ce-f443-39b278154e85,/p/0/27c67b0a8edf0f39,2,200,2212091,273.602,20093.784,110088
1787910182108,b9f9be94-feec-6c1a-52cb-15e4a8523f59,/p/0/dcc9a367bff4dcde,1,200,250286,11.322,454.334,550886
1787910152165,9524b432-f9ab-4a28-a64c-5f2d1c914b1a,/p/0/28328ff57d431145,3,200,6017235,231.642,30436.816,197696
1787910182108,b9f9be94-feec-6c1a-52cb-15e4a8523f59,/p/0/dcc9a267bff4db2b,1,200,346611,42.518,567.838,610405
1787910173336,f2505378-d1bf-38d6-4e2f-af52d5cfd7ad,/p/0/cfc5c6d828a20c37,2,200,254727,653.497,9347.254,27252
1787910140780,9387670a-db81-58a6-77b2-597edce00652,/p/0/14d0a750b509cea9,1,200,5601909,89.133,42024.421,133301
1787910176517,2dbc2170-ac47-40ef-ba7e-d5c867efe7e4,/p/1/1c92a228445a7831,12,200,490656,122.303,6313.145,77720
1787910180702,b3f8da67-88d4-279f-1898-80bb9e742475,/p/0/a7061d4a0f2700fd,5,200,303870,98.628,2144.395,141704
1787910174573,7a49d9a7-1b11-cd26-e49a-b3a7eac229d0,/p/0/74cde9292c31c6cf,3,200,2451945,79.833,8499.907,288467
1787910180250,d828a9cb-ad94-c44a-2b73-79ad15446319,/p/0/462a8fa142cb70de,11,200,258168,159.494,2914.135,88592
1787910140780,9387670a-db81-58a6-77b2-597edce00652,/p/0/14d0a650b509ccf6,1,200,5622840,120.224,42416.904,132561
1787910173336,f2505378-d1bf-38d6-4e2f-af52d5cfd7ad,/p/0/cfc5c8d828a20f9d,2,200,374619,264.311,9998.372,37468
1787910180250,d828a9cb-ad94-c44a-2b73-79ad15446319,/p/0/462a8ea142cb6f2b,11,200,294826,174.166,3093.285,95312
1787910173218,3b749c58-6ab7-9e3a-6b7d-15a638eaf40e,/p/0/5746bff197b3fec3,3,200,3526275,331.432,10377.655,339795
1787910163921,9e76a4fa-dba9-f69c-cdf7-e87a0d0fd304,/p/0/17f6e5878ac65fe0,3,200,2380812,40.550,19693.684,120892
1787910180561,0a02f36c-282b-eed8-c8ea-da6e09d12a51,/p/0/37d98e5917de96c,12,200,91571,574.989,3212.924,28501
1787910180868,d828a9cb-ad94-c44a-2b73-79ad15446319,/p/5/63c3e9d20e089374,12,200,297798,187.245,3217.203,92564
1787910183830,223c8be0-b166-157b-3546-f6f7dcd73c4e,/?crawl=145,0,200,161300,87.711,543.056,297023
1787910180133,8f938218-810a-25df-3cae-4731c79fa1f1,/p/0/23cdf3201a376b57,4,200,457624,226.021,4319.790,105937
1787910180779,2fd85362-59e7-0360-bede-1fb24c27574f,/p/0/18d04fb7c827fe08,7,200,256908,169.236,3736.281,68760
1787910180133,8f938218-810a-25df-3cae-4731c79fa1f1,/p/0/23cdf5201a376ebd,4,200,403591,210.047,4598.930,87758
1787910174747,407c995c-84da-f786-dd41-e4e609aabe3b,/p/0/13e86ed215ea3615,6,200,166328,538.789,10017.086,16604
1787910171947,3b749c58-6ab7-9e3a-6b7d-15a638eaf40e,/p/0/29c58c4e0aea28da,2,200,3353642,154.550,12928.101,259407
1787910183831,ded548ac-9f6c-849d-3d7d-260f50b54588,/?crawl=144,0,200,466859,81.328,1350.258,345755
1787910175736,0a02f36c-282b-eed8-c8ea-da6e09d12a51,/p/2/37d9ae5917decd2,12,200,350878,499.431,9559.929,36703
1787910176233,bc98b8b7-e452-ab67-b1e4-2e7f2bdeded2,/p/0/46afb485ff22d95f,2,200,3069936,39.457,9281.633,330754
1787910180473,2fd85362-59e7-0360-bede-1fb24c27574f,/p/0/18d052b7c8280321,7,200,245984,221.601,5084.254,48382
1787910123102,4554079d-1420-510c-38ca-4f4ef1f0fdf9,/p/0/c0bfe25a4cc934a6,7,200,5871658,258.694,62749.183,93573
1787910174402,88ba8b3a-d142-75de-c30e-f5e7f764e17b,/p/0/ddf3182f6734720d,1,200,255648,221.564,11747.691,21762
1787910179541,2fd85362-59e7-0360-bede-1fb24c27574f,/p/1/18d051b7c828016e,7,200,381844,202.773,6693.499,57047
1787910159410,bdc3760a-7816-6e4e-660f-cc91c678b82f,/p/13/935577138efae309,2,200,2336007,420.055,26959.740,86648
1787910182108,b9f9be94-feec-6c1a-52cb-15e4a8523f59,/p/0/dcc9a467bff4de91,1,200,6173884,22.103,4518.072,1366486
1787910172912,7a49d9a7-1b11-cd26-e49a-b3a7eac229d0,/p/0/e5136e01b3abecc,1,200,4197256,45.128,13733.883,305613
1787910182831,2dbc2170-ac47-40ef-ba7e-d5c867efe7e4,/p/0/632bf3cebce14090,13,200,219745,186.720,3888.582,56510
1787910129644,4554079d-1420-510c-38ca-4f4ef1f0fdf9,/p/3/35d6fc36a5a4fdf6,9,200,5226978,208.584,57640.927,90682
1787910181245,4e66515b-0eec-e566-9a83-42c0429a738e,/p/0/f47023de0aa5400f,2,200,483214,162.332,6102.050,79189
1787910186827,4ce4cdbb-dbdd-1688-96fd-5df59fcfe3b4,/?crawl=148,0,200,248649,33.884,580.456,428369
1787910187285,4554079d-1420-510c-38ca-4f4ef1f0fdf9,/p/0/422d018e66ff32f3,10,200,52821,189.425,359.126,147082
1787910186719,2dbc2170-ac47-40ef-ba7e-d5c867efe7e4,/p/0/632bf4cebce14243,13,200,84600,261.220,1001.054,84511
1787910173834,dcb292fa-454f-193f-b332-d38a842ac373,/p/0/82cf361196dc818b,1,200,2772391,57.862,14120.222,196342
1787910168691,fbcd9ccb-84a9-f8d1-584e-b348ee716d0c,/p/0/4ad32ddfdbd623fe,9,200,2537113,191.668,19347.579,131133
1787910184085,d828a9cb-ad94-c44a-2b73-79ad15446319,/p/4/b7841392b95efb12,13,200,335632,229.076,4024.141,83405
1787910158860,90ed1c25-9021-447c-eb85-53f34f9e58b2,/p/0/ec6af40086019afc,6,200,3696505,309.873,29320.559,126072
1787910185296,0a02f36c-282b-eed8-c8ea-da6e09d12a51,/p/1/6a3b9a4cd848c9fd,13,200,52686,498.062,2933.220,17962
1787910185296,0a02f36c-282b-eed8-c8ea-da6e09d12a51,/p/0/6a3b984cd848c697,13,200,322821,454.663,2943.064,109689
1787910180414,50d5a221-da53-01cf-bc86-7ed6a9a23477,/p/0/228aa54f0223fe0b,1,200,209115,246.558,8002.836,26130
1787910184827,34551a5a-115c-9b17-89bc-e0783571b8b4,/?crawl=147,0,200,2114352,21.009,3680.931,574407
1787910188508,34551a5a-115c-9b17-89bc-e0783571b8b4,/p/0/2a72f8de1260b52a,1,200,22318,101.962,140.597,158737
1787910188508,34551a5a-115c-9b17-89bc-e0783571b8b4,/p/18/2a72f9de1260b6dd,1,200,159315,101.954,568.747,280116
1787910167806,2fd85362-59e7-0360-bede-1fb24c27574f,/p/0/4c7bfea906a591a,1,200,2119108,152.467,21328.762,99354
1787910187827,94ecf158-1b8f-bebe-971a-8f3ad16157a7,/?crawl=151,0,200,386353,56.047,1475.045,261926
1787910184827,edc5b198-1eea-9f91-8df1-351f156ad215,/?crawl=146,0,200,279427,195.265,4479.565,62378
1787910187827,42583efa-b9ba-27a5-eda1-abc5731edbfb,/?crawl=150,0,200,513854,44.063,1564.929,328356
1787910187408,4ce4cdbb-dbdd-1688-96fd-5df59fcfe3b4,/p/0/8737fa625d4c4d73,1,200,136908,185.159,2052.371,66707
1787910188229,0a02f36c-282b-eed8-c8ea-da6e09d12a51,/p/0/b3aaeee96cb19792,14,200,105195,968.313,1333.147,78907
1787910189392,42583efa-b9ba-27a5-eda1-abc5731edbfb,/p/0/a87a700518d2df4e,1,200,5336,168.265,189.740,28123
1787910185296,0a02f36c-282b-eed8-c8ea-da6e09d12a51,/p/0/6a3b994cd848c84a,13,200,492239,703.156,4338.538,113457
1787910188508,34551a5a-115c-9b17-89bc-e0783571b8b4,/p/0/2a72f7de1260b377,1,200,440328,19.964,1130.875,389369
1787910140577,d828a9cb-ad94-c44a-2b73-79ad15446319,/p/0/4f09bb7a3afc2146,10,200,5545306,201.826,49088.740,112965
1787910189392,42583efa-b9ba-27a5-eda1-abc5731edbfb,/p/0/a87a710518d2e101,1,200,49408,126.635,421.561,117202
1787910189077,34551a5a-115c-9b17-89bc-e0783571b8b4,/p/0/5399a3da8aee9653,2,200,139949,125.327,845.822,165459
1787910174402,88ba8b3a-d142-75de-c30e-f5e7f764e17b,/p/2/ddf3162f67346ea7,1,200,318305,1203.131,15636.815,20356
1787910173218,3b749c58-6ab7-9e3a-6b7d-15a638eaf40e,/p/9/5746c1f197b40229,3,200,4477784,309.796,16922.135,264611
1787910187408,4ce4cdbb-dbdd-1688-96fd-5df59fcfe3b4,/p/0/8737fb625d4c4f26,1,200,354578,170.536,2851.752,124337
1787910156870,0a02f36c-282b-eed8-c8ea-da6e09d12a51,/p/0/b49502c1bf979565,10,200,2395441,817.967,33424.534,71667
1787910190140,3b749c58-6ab7-9e3a-6b7d-15a638eaf40e,/p/0/2e9bcdf53e48ab2,4,200,14382,219.237,328.309,43806
1787910184085,d828a9cb-ad94-c44a-2b73-79ad15446319,/p/0/b7841192b95ef7ac,13,200,477457,286.461,6574.254,72625
1787910186235,2fd85362-59e7-0360-bede-1fb24c27574f,/p/0/9a19cea283c581ea,8,200,78003,3102.759,4428.102,17615
1787910160508,f1dcb84a-1a6b-47ce-f443-39b278154e85,/p/0/a5ac9fefa2f163fd,1,200,4608761,136.850,30175.516,152732
1787910187285,4554079d-1420-510c-38ca-4f4ef1f0fdf9,/p/2/422d008e66ff3140,10,200,431885,171.603,3673.009,117583
1787910189077,34551a5a-115c-9b17-89bc-e0783571b8b4,/p/17/5399a2da8aee94a0,2,200,516251,125.300,1920.355,268831
1787910187720,2dbc2170-ac47-40ef-ba7e-d5c867efe7e4,/p/0/632bf5cebce143f6,13,200,269771,132.140,3282.502,82185
1787910190827,7e10bbab-f605-815d-df81-10b3ba79674b,/?crawl=154,0,200,379540,24.538,550.454,689504
1787910168526,0a02f36c-282b-eed8-c8ea-da6e09d12a51,/p/0/b2d1630dd83f2ec6,11,200,2968884,566.642,22882.481,129745
1787910187285,4554079d-1420-510c-38ca-4f4ef1f0fdf9,/p/0/422d028e66ff34a6,10,200,332176,395.897,4278.361,77641
1787910173834,dcb292fa-454f-193f-b332-d38a842ac373,/p/0/82cf371196dc833e,1,200,4087567,167.131,17882.050,228585
1787910190659,d828a9cb-ad94-c44a-2b73-79ad15446319,/p/0/c8757d5bac145018,14,200,96473,191.391,1093.633,88213
1787910171827,411aa984-7281-3b08-7527-1fad5805c628,/?crawl=137,0,200,6166469,45.567,19929.535,309414
1787910190140,3b749c58-6ab7-9e3a-6b7d-15a638eaf40e,/p/0/2e9bbdf53e488ff,4,200,127434,241.575,1710.767,74489
1787910190997,34551a5a-115c-9b17-89bc-e0783571b8b4,/p/0/d443ae4534290e04,3,200,167676,108.716,1117.056,150105
1787910191827,53461352-1ef1-cff3-5064-81b8e3b79826,/?crawl=156,0,200,462565,22.223,602.667,767530
1787910192430,53461352-1ef1-cff3-5064-81b8e3b79826,/p/0/cf4f1ac04208cb74,1,200,7831,19.596,29.597,264585
1787910186370,bdc3760a-7816-6e4e-660f-cc91c678b82f,/p/0/d0de90d6f27c048f,3,200,61994,1160.227,6101.623,10160
1787910123102,4554079d-1420-510c-38ca-4f4ef1f0fdf9,/p/0/c0bfe15a4cc932f3,7,200,6233532,189.111,69450.071,89756
1787910192430,53461352-1ef1-cff3-5064-81b8e3b79826,/p/7/cf4f1bc04208cd27,1,200,65571,49.122,165.898,395249
1787910146412,368a2d59-9316-04ef-758a-b07adf6e1cb6,/p/0/c8a0fbcb10fd8867,2,200,6267841,237.761,46229.673,135580
1787910189666,d828a9cb-ad94-c44a-2b73-79ad15446319,/p/0/c875805bac145531,14,200,265107,200.779,2989.644,88675
1787910190958,4554079d-1420-510c-38ca-4f4ef1f0fdf9,/p/0/2c2763a37736211,11,200,112597,325.930,1883.859,59769
1787910178798,7a49d9a7-1b11-cd26-e49a-b3a7eac229d0,/p/0/eac27a8175f96b7,5,200,5386597,96.811,14125.719,381333
1787910190958,4554079d-1420-510c-38ca-4f4ef1f0fdf9,/p/1/2c2743a37735eab,11,200,182578,242.607,2022.443,90276
1787910191827,5d1302d4-5607-08c1-055f-739ccda90560,/?crawl=155,0,200,425695,46.020,1248.811,340880
1787910178798,7a49d9a7-1b11-cd26-e49a-b3a7eac229d0,/p/3/eac29a8175f9a1d,5,200,5560884,89.510,14346.805,387604
1787910189827,ae2ba754-4451-0a3d-491a-73d4ddfe037f,/?crawl=153,0,200,471217,47.136,3373.898,139665
1787910190039,88ba8b3a-d142-75de-c30e-f5e7f764e17b,/p/1/e37f836d6572469d,2,200,48689,1291.241,3215.399,15142
1787910178748,465a32fe-089b-66e1-743d-6bf81e48bcc9,/p/4/c89037f8d90ba2b8,1,200,174162,1233.798,14606.967,11923
1787910189302,94ecf158-1b8f-bebe-971a-8f3ad16157a7,/p/0/15101ca78437eca1,1,200,253342,273.234,4315.190,58709
1787910191378,7e10bbab-f605-815d-df81-10b3ba79674b,/p/0/f623c47b6b3eb5e7,1,200,314891,121.569,2486.658,126632
1787910191378,7e10bbab-f605-815d-df81-10b3ba79674b,/p/0/f623c57b6b3eb79a,1,200,386476,110.008,2554.011,151321
1787910189307,edc5b198-1eea-9f91-8df1-351f156ad215,/p/0/9708a2807dc5bd64,1,200,70612,836.633,4721.768,14955
1787910192827,cf34257e-f5df-fb21-0683-73c4f3fe620c,/?crawl=157,0,200,486567,48.108,1589.631,306088
1787910186235,2fd85362-59e7-0360-bede-1fb24c27574f,/p/0/9a19cda283c58037,8,200,479572,3067.935,8228.208,58284
1787910179226,41c24b02-dfa5-b995-e051-4578aad158cc,/p/0/be1bd3affc1edc4d,4,200,521428,435.484,15312.222,34053
1787910153905,fbcd9ccb-84a9-f8d1-584e-b348ee716d0c,/p/0/94dda48aa24aa0bb,6,200,4790436,491.536,40960.050,116954
1787910180413,50d5a221-da53-01cf-bc86-7ed6a9a23477,/p/0/228aa64f0223ffbe,1,200,461265,532.473,14505.615,31799
1787910180413,50d5a221-da53-01cf-bc86-7ed6a9a23477,/p/8/228aa44f0223fc58,1,200,485319,425.587,14505.565,33457
1787910194919,50d5a221-da53-01cf-bc86-7ed6a9a23477,/p/7/e56b9036eb689241,2,200,23662,3.420,4.732,5000673
1787910172818,8f938218-810a-25df-3cae-4731c79fa1f1,/p/0/88616c2a048bdd89,1,200,3450440,168.240,22167.941,155650
1787910152979,fbcd9ccb-84a9-f8d1-584e-b348ee716d0c,/p/0/b5c92a7f622dff85,5,200,5480048,171.646,42027.298,130393
1787910194827,e65816a6-8d2a-fe61-4bf5-e36dccadcbf8,/?crawl=159,0,200,57622,50.303,215.434,267470
1787910169571,50789202-f36f-7c1f-e151-c87cd1ff5670,/p/0/26df5341144aca21,4,200,4301058,159.281,25747.682,167046
1787910173571,8f938218-810a-25df-3cae-4731c79fa1f1,/p/0/6451e6334558051d,2,200,3611662,166.461,21782.996,165802
1787910192430,53461352-1ef1-cff3-5064-81b8e3b79826,/p/0/cf4f1dc04208d08d,1,200,468135,29.632,3128.685,149627
1787910178748,465a32fe-089b-66e1-743d-6bf81e48bcc9,/p/0/c89039f8d90ba61e,1,200,260082,277.712,16882.972,15405
1787910176491,368a2d59-9316-04ef-758a-b07adf6e1cb6,/p/0/427c34b69d228cf3,4,200,4672100,262.623,19316.306,241873
1787910194919,50d5a221-da53-01cf-bc86-7ed6a9a23477,/p/0/e56b8e36eb688edb,2,200,290111,3.500,919.401,315543
1787910194924,50d5a221-da53-01cf-bc86-7ed6a9a23477,/p/0/e5c2abbc60459ae1,3,200,156449,754.016,936.080,167132
1787910194924,50d5a221-da53-01cf-bc86-7ed6a9a23477,/p/0/e5c2a8bc604595c8,3,200,202903,926.204,939.030,216077
1787910157985,bdc3760a-7816-6e4e-660f-cc91c678b82f,/p/0/3916f24d378c54f7,1,200,5001653,74.503,38039.299,131486
1787910178827,d562dbfa-e416-a92c-eb5b-040317304d8f,/?crawl=141,0,200,2779207,82.642,17373.425,159969
1787910174827,70836bff-40f2-1f0f-7dfa-3dcce2efeb0b,/?crawl=139,0,200,4209397,72.774,21481.336,195956
1787910167655,2dbc2170-ac47-40ef-ba7e-d5c867efe7e4,/p/0/b6d48231f335af68,9,200,3359448,155.066,28812.897,116595
1787910179827,d0c9dc3c-e97e-1997-92d8-49dfc9d01e04,/?crawl=142,0,200,4706883,51.399,16688.240,282048
1787910171144,9e76a4fa-dba9-f69c-cdf7-e87a0d0fd304,/p/0/3eef09169506ff88,5,200,5687814,247.785,25390.708,224012
1787910193076,5d1302d4-5607-08c1-055f-739ccda90560,/p/0/62b96f1dd6a3bfd4,1,200,129872,104.827,3806.431,34119
1787910179418,42f97cc0-e576-8f31-9b93-d5ea21dd3973,/p/0/c6fe677801e014d1,2,200,4219052,64.586,17507.380,240987
1787910194919,50d5a221-da53-01cf-bc86-7ed6a9a23477,/p/0/e56b8f36eb68908e,2,200,5144952,5.972,2229.270,2307909
1787910194417,cf34257e-f5df-fb21-0683-73c4f3fe620c,/p/0/3be4c762ad6dd8c7,1,200,243653,44.404,2736.365,89043
1787910194924,50d5a221-da53-01cf-bc86-7ed6a9a23477,/p/6/e5c2aabc6045992e,3,200,3795282,914.949,2286.143,1660125
1787910197210,50d5a221-da53-01cf-bc86-7ed6a9a23477,/p/5/f9c00a4035eb68b8,4,200,43380,6.257,12.942,3351971
1787910186370,bdc3760a-7816-6e4e-660f-cc91c678b82f,/p/0/d0de91d6f27c0642,3,200,3575409,1204.474,10905.119,327865
1787910145893,407c995c-84da-f786-dd41-e4e609aabe3b,/p/0/fe46bf1b0ccf1169,4,200,3288316,358.462,51414.761,63957
1787910197223,50d5a221-da53-01cf-bc86-7ed6a9a23477,/p/0/c119e8ecbf35794a,5,200,275124,25.465,218.820,1257309
1787910197223,50d5a221-da53-01cf-bc86-7ed6a9a23477,/p/0/c119e7ecbf357797,5,200,186993,21.502,222.236,841417
1787910189307,edc5b198-1eea-9f91-8df1-351f156ad215,/p/0/9708a5807dc5c27d,1,200,4354167,925.377,8312.547,523807
1787910197308,407c995c-84da-f786-dd41-e4e609aabe3b,/p/4/9f70927e762f161,7,200,272166,12.534,355.192,766251
1787910189307,edc5b198-1eea-9f91-8df1-351f156ad215,/p/13/9708a4807dc5c0ca,1,200,5659793,308.665,8433.659,671096
1787910179418,42f97cc0-e576-8f31-9b93-d5ea21dd3973,/p/0/c6fe647801e00fb8,2,200,4192451,21.437,18326.214,228768
1787910197663,407c995c-84da-f786-dd41-e4e609aabe3b,/p/0/9f70827e762efae,7,200,246788,26.424,214.740,1149238
1787910139545,407c995c-84da-f786-dd41-e4e609aabe3b,/p/0/ea44ac295feb3976,3,200,4246853,354.126,58386.851,72736
1787910193076,5d1302d4-5607-08c1-055f-739ccda90560,/p/5/62b9711dd6a3c33a,1,200,367415,83.164,4923.349,74627
1787910189077,34551a5a-115c-9b17-89bc-e0783571b8b4,/p/0/5399a4da8aee9806,2,200,2483348,125.396,8995.177,276076
1787910193201,ae2ba754-4451-0a3d-491a-73d4ddfe037f,/p/0/ee3b72ec5b02022e,1,200,398444,454.516,4899.767,81319
1787910197878,407c995c-84da-f786-dd41-e4e609aabe3b,/p/0/9f70727e762edfb,7,200,288574,25.247,271.429,1063165
1787910193076,5d1302d4-5607-08c1-055f-739ccda90560,/p/0/62b9721dd6a3c4ed,1,200,510764,40.467,5074.513,100653
1787910169572,50789202-f36f-7c1f-e151-c87cd1ff5670,/p/0/26df5041144ac508,4,200,5957769,175.983,28591.742,208374
1787910182025,7e69f724-e6a0-2a40-4452-8a4b906303f6,/p/0/e8c8849d94864b26,2,200,221364,292.941,16189.367,13673
1787910179418,42f97cc0-e576-8f31-9b93-d5ea21dd3973,/p/3/c6fe667801e0131e,2,200,4351206,21.415,18799.232,231457
1787910187408,4ce4cdbb-dbdd-1688-96fd-5df59fcfe3b4,/p/2/8737f9625d4c4bc0,1,200,3823771,33.526,10809.976,353726
1787910196309,70836bff-40f2-1f0f-7dfa-3dcce2efeb0b,/p/0/7ae6e382869fcc1f,1,200,181317,71.707,1926.104,94137
1787910196515,d0c9dc3c-e97e-1997-92d8-49dfc9d01e04,/p/0/495f4d0a2b59e518,1,200,142110,120.749,1724.148,82423
1787910186370,bdc3760a-7816-6e4e-660f-cc91c678b82f,/p/12/d0de92d6f27c07f5,3,200,5030910,1200.276,11878.100,423545
1787910197210,50d5a221-da53-01cf-bc86-7ed6a9a23477,/p/0/f9c00c4035eb6c1e,4,200,2192517,12.468,1051.626,2084884
1787910136137,407c995c-84da-f786-dd41-e4e609aabe3b,/p/0/6279fbc70775a542,1,200,4830841,247.935,62127.498,77757
1787910184764,407c995c-84da-f786-dd41-e4e609aabe3b,/p/0/13e86bd215ea30fc,6,200,3035852,569.284,13528.517,224404
1787910198217,42f97cc0-e576-8f31-9b93-d5ea21dd3973,/p/0/8e6c17699a2d77e9,3,200,14738,106.953,129.029,114222
1787910197741,edc5b198-1eea-9f91-8df1-351f156ad215,/p/12/185bd22fcee9f9dd,2,200,391193,4.231,719.871,543421
1787910197932,407c995c-84da-f786-dd41-e4e609aabe3b,/p/3/85fc5bf4e953098e,8,200,516611,13.797,559.045,924096
1787910198491,407c995c-84da-f786-dd41-e4e609aabe3b,/p/0/95ed6433fd01d659,9,200,83047,14.321,63.280,1312373
1787910198554,407c995c-84da-f786-dd41-e4e609aabe3b,/p/0/95ed6133fd01d140,9,200,132361,24.813,144.908,913416
1787910197223,50d5a221-da53-01cf-bc86-7ed6a9a23477,/p/4/c119e9ecbf357afd,5,200,3139783,16.818,1477.077,2125673
1787910198700,50d5a221-da53-01cf-bc86-7ed6a9a23477,/p/0/aa3e101e44f08fae,6,200,78671,21.782,70.679,1113070
1787910197741,edc5b198-1eea-9f91-8df1-351f156ad215,/p/0/185bd12fcee9f82a,2,200,318369,2.375,1048.317,303695
1787910197740,edc5b198-1eea-9f91-8df1-351f156ad215,/p/0/185bd02fcee9f677,2,200,425696,4.013,1050.882,405085
1787910194417,cf34257e-f5df-fb21-0683-73c4f3fe620c,/p/0/3be4c662ad6dd714,1,200,393753,44.535,4412.623,89233
1787910198217,42f97cc0-e576-8f31-9b93-d5ea21dd3973,/p/2/8e6c16699a2d7636,3,200,204016,21.484,649.522,314102
1787910198248,bdc3760a-7816-6e4e-660f-cc91c678b82f,/p/0/fabf9c5bc2172ecb,4,200,470826,2.993,634.142,742461
1787910198248,bdc3760a-7816-6e4e-660f-cc91c678b82f,/p/11/fabf9e5bc2173231,4,200,482706,346.677,637.387,757320
1787910198700,50d5a221-da53-01cf-bc86-7ed6a9a23477,/p/0/aa3e0f1e44f08dfb,6,200,414204,13.192,216.359,1914431
1787910198700,50d5a221-da53-01cf-bc86-7ed6a9a23477,/p/3/aa3e0e1e44f08c48,6,200,457401,20.316,300.011,1524613
1787910199001,50d5a221-da53-01cf-bc86-7ed6a9a23477,/p/0/957cd7114b159602,7,200,239174,11.779,199.610,1198206
1787910198218,4ce4cdbb-dbdd-1688-96fd-5df59fcfe3b4,/p/0/2279e2d2de8028e0,2,200,91994,217.001,984.423,93450
1787910199001,50d5a221-da53-01cf-bc86-7ed6a9a23477,/p/2/957cd8114b1597b5,7,200,268707,8.929,230.012,1168228
1787910165464,407c995c-84da-f786-dd41-e4e609aabe3b,/p/0/7eec25500f4c7a27,5,200,4830779,421.250,33804.216,142905
1787910197210,50d5a221-da53-01cf-bc86-7ed6a9a23477,/p/0/f9c00b4035eb6a6b,4,200,4740006,11.164,2236.744,2119155
1787910145893,407c995c-84da-f786-dd41-e4e609aabe3b,/p/0/fe46bc1b0ccf0c50,4,200,5163093,573.913,53554.800,96408
1787910189392,42583efa-b9ba-27a5-eda1-abc5731edbfb,/p/0/a87a6f0518d2dd9b,1,200,3076517,42.291,10123.462,303900
1787910198460,edc5b198-1eea-9f91-8df1-351f156ad215,/p/0/a7a30c7fc99f984d,3,200,172211,331.278,1110.960,155011
1787910199231,50d5a221-da53-01cf-bc86-7ed6a9a23477,/p/0/d4cc62b015f9a024,8,200,510589,24.083,355.308,1437032
1787910199231,50d5a221-da53-01cf-bc86-7ed6a9a23477,/p/1/d4cc63b015f9a1d7,8,200,286271,23.955,386.285,741087
1787910198217,42f97cc0-e576-8f31-9b93-d5ea21dd3973,/p/0/8e6c14699a2d72d0,3,200,410490,66.258,1415.973,289900
1787910182025,7e69f724-e6a0-2a40-4452-8a4b906303f6,/p/0/e8c8839d94864973,2,200,278540,1747.209,17653.125,15779
1787910196309,70836bff-40f2-1f0f-7dfa-3dcce2efeb0b,/p/0/7ae6e482869fcdd2,1,200,309686,251.076,3463.690,89409
1787910199617,50d5a221-da53-01cf-bc86-7ed6a9a23477,/p/0/cccc9f8cdec64256,9,200,167270,11.778,156.655,1067759
1787910129644,4554079d-1420-510c-38ca-4f4ef1f0fdf9,/p/0/35d6fd36a5a4ffa9,9,200,6225397,258.723,70131.169,88768
1787910198460,edc5b198-1eea-9f91-8df1-351f156ad215,/p/0/a7a3097fc99f9334,3,200,467960,331.287,1324.717,353253
1787910199617,50d5a221-da53-01cf-bc86-7ed6a9a23477,/p/0/cccc9d8cdec63ef0,9,200,474151,15.959,239.006,1983844
1787910198886,bdc3760a-7816-6e4e-660f-cc91c678b82f,/p/0/779a156701a3b8c9,5,200,146649,641.622,981.369,149433
1787910199617,50d5a221-da53-01cf-bc86-7ed6a9a23477,/p/0/cccc9e8cdec640a3,9,200,468290,12.267,354.592,1320646
1787910196515,d0c9dc3c-e97e-1997-92d8-49dfc9d01e04,/p/0/495f500a2b59ea31,1,200,499626,48.422,3820.321,130781
1787910198827,3c363f0b-7b79-70d2-3277-30a9062163a5,/?crawl=162,0,200,519595,47.383,1563.363,332357
1787910198866,42f97cc0-e576-8f31-9b93-d5ea21dd3973,/p/0/18691bcafba6c0b0,4,200,242610,119.661,1541.083,157428
1787910198866,42f97cc0-e576-8f31-9b93-d5ea21dd3973,/p/1/18691dcafba6c416,4,200,415166,261.163,1830.569,226796
1787910198866,42f97cc0-e576-8f31-9b93-d5ea21dd3973,/p/0/18691ecafba6c5c9,4,200,477646,131.076,1941.752,245987
1787910192980,4554079d-1420-510c-38ca-4f4ef1f0fdf9,/p/0/15490163bd8fad3b,12,200,392828,417.354,7863.200,49958
1787910190997,34551a5a-115c-9b17-89bc-e0783571b8b4,/p/0/d443b1453429131d,3,200,2487015,129.562,9903.842,251116
1787910198218,4ce4cdbb-dbdd-1688-96fd-5df59fcfe3b4,/p/0/2279e5d2de802df9,2,200,473587,34.763,2696.519,175629
1787910200697,42f97cc0-e576-8f31-9b93-d5ea21dd3973,/p/0/23de51e6959241cb,5,200,17921,254.498,287.938,62239
1787910167806,2fd85362-59e7-0360-bede-1fb24c27574f,/p/0/4c7beea906a5767,1,200,3330039,219.588,33238.025,100188
1787910163554,2dbc2170-ac47-40ef-ba7e-d5c867efe7e4,/p/0/fc76d7a69d77e037,8,200,4174428,149.959,37585.759,111064
1787910199000,50d5a221-da53-01cf-bc86-7ed6a9a23477,/p/0/957cd6114b15944f,7,200,2372857,28.578,2224.864,1066518
1787910177189,202ca0a9-969d-e337-18b0-a8a1c747a4a6,/p/13/3994d61734e5d689,1,200,5955310,182.919,24132.447,246776
1787910196200,d562dbfa-e416-a92c-eb5b-040317304d8f,/p/0/b5f4fbac96bef5d1,1,200,336683,448.899,5126.331,65677
1787910197999,5d1302d4-5607-08c1-055f-739ccda90560,/p/0/2f569b43b4e170c,2,200,383247,234.121,3409.656,112401
1787910197999,5d1302d4-5607-08c1-055f-739ccda90560,/p/0/2f56cb43b4e1c25,2,200,382946,151.349,3583.839,106854
1787910190997,34551a5a-115c-9b17-89bc-e0783571b8b4,/p/16/d443af4534290fb7,3,200,3342521,119.677,10656.905,313648
1787910176827,56d3aeef-5534-d227-8053-bb282bac9ad2,/p/0/357050dc44f7ec85,8,0,202642,3791.696,25001.191,8105
1787910176827,56d3aeef-5534-d227-8053-bb282bac9ad2,/p/0/35704ddc44f7e76c,8,0,276562,3252.809,25001.143,11062
1787910176827,56d3aeef-5534-d227-8053-bb282bac9ad2,/p/4/35704edc44f7e91f,8,0,311778,3095.927,25001.206,12471
1787910169640,56d3aeef-5534-d227-8053-bb282bac9ad2,/p/0/5466509492480168,7,0,350482,9.255,32187.775,10889
1787910191378,7e10bbab-f605-815d-df81-10b3ba79674b,/p/6/f623c67b6b3eb94d,1,200,5989025,22.322,10481.486,571391
1787910180702,b3f8da67-88d4-279f-1898-80bb9e742475,/p/2/a7061c4a0f26ff4a,5,200,4554099,82.817,21181.544,215003
1787910201654,34551a5a-115c-9b17-89bc-e0783571b8b4,/p/0/494f8bd2368a059d,4,200,81499,21.253,296.928,274474
1787910201654,34551a5a-115c-9b17-89bc-e0783571b8b4,/p/15/494f89d2368a0237,4,200,85793,70.883,325.431,263629
1787910201654,34551a5a-115c-9b17-89bc-e0783571b8b4,/p/0/494f88d2368a0084,4,200,77728,21.212,335.289,231824
1787910201322,202ca0a9-969d-e337-18b0-a8a1c747a4a6,/p/12/bb6aeff66822e463,2,200,58866,272.376,794.882,74056
1787910201322,202ca0a9-969d-e337-18b0-a8a1c747a4a6,/p/0/bb6aeef66822e2b0,2,200,48122,272.164,1006.990,47788
1787910201980,34551a5a-115c-9b17-89bc-e0783571b8b4,/p/0/a2e9480ab2fc7e4f,5,200,81496,97.229,377.408,215936
1787910200697,42f97cc0-e576-8f31-9b93-d5ea21dd3973,/p/0/23de53e695924531,5,200,523815,187.775,1764.981,296782
1787910198265,407c995c-84da-f786-dd41-e4e609aabe3b,/p/0/85fc59f4e9530628,8,200,3510584,38.476,4237.524,828452
1787910201980,34551a5a-115c-9b17-89bc-e0783571b8b4,/p/0/a2e9490ab2fc8002,5,200,187323,19.216,539.903,346957
1787910201859,7e10bbab-f605-815d-df81-10b3ba79674b,/p/5/7147a8221cff183a,2,200,288359,20.779,774.958,372096
1787910120173,cda6bc5a-e6d5-5aae-77a8-e148cb046c27,/p/0/b9b0071a38c026b4,1,200,6123346,76.078,82510.753,74213
1787910196200,d562dbfa-e416-a92c-eb5b-040317304d8f,/p/5/b5f4f9ac96bef26b,1,200,465610,80.135,6542.635,71166
1787910198150,407c995c-84da-f786-dd41-e4e609aabe3b,/p/0/85fc5cf4e9530b41,8,200,5161471,12.306,4713.557,1095027
1787910198491,407c995c-84da-f786-dd41-e4e609aabe3b,/p/2/95ed6333fd01d4a6,9,200,4715134,26.377,4372.281,1078415
1787910178756,2dbc2170-ac47-40ef-ba7e-d5c867efe7e4,/p/0/1c92a028445a74cb,12,200,2609607,685.735,24153.718,108042
1787910192596,53461352-1ef1-cff3-5064-81b8e3b79826,/p/0/72a94caa8d99443a,2,200,2369865,98.093,10414.714,227550
1787910202117,202ca0a9-969d-e337-18b0-a8a1c747a4a6,/p/0/57d6c36587562f40,3,200,61846,319.268,911.589,67844
1787910193145,7a49d9a7-1b11-cd26-e49a-b3a7eac229d0,/p/0/2b3e4de2d51f6a13,6,200,3139395,14.319,9969.905,314887
1787910199231,50d5a221-da53-01cf-bc86-7ed6a9a23477,/p/0/d4cc65b015f9a53d,8,200,5965125,22.626,3944.893,1512113
1787910202863,407c995c-84da-f786-dd41-e4e609aabe3b,/p/1/3a21f3ca8725c904,10,200,38984,4.794,337.198,115612
1787910202863,407c995c-84da-f786-dd41-e4e609aabe3b,/p/0/3a21f4ca8725cab7,10,200,212847,4.794,345.493,616068
1787910194827,92fc7929-54a8-b7cf-82d7-0ca1e3ebc787,/?crawl=158,0,200,4227186,29.422,8458.583,499751
1787910202634,7e10bbab-f605-815d-df81-10b3ba79674b,/p/0/9950b9ea44785058,3,200,105340,136.186,778.081,135384
1787910201859,7e10bbab-f605-815d-df81-10b3ba79674b,/p/0/7147a6221cff14d4,2,200,312191,177.922,1691.606,184553
1787910163554,2dbc2170-ac47-40ef-ba7e-d5c867efe7e4,/p/0/fc76d8a69d77e1ea,8,200,4607266,201.409,40004.230,115169
1787910163503,b4adaf70-07f6-7a64-9577-306cbff66ac6,/p/4/cfc3d5cbf820433d,5,200,2375470,921.008,40056.829,59302
1787910159756,b4adaf70-07f6-7a64-9577-306cbff66ac6,/p/0/ba327311a430600c,4,200,2599236,602.649,43806.084,59335
1787910148656,8b3f6553-70f7-a160-458c-89f63041d40c,/p/0/cb7a275f128421c9,3,200,5344887,256.143,54962.786,97246
1787910193145,7a49d9a7-1b11-cd26-e49a-b3a7eac229d0,/p/2/2b3e4ce2d51f6860,6,200,3985284,77.282,10645.837,374351
1787910201322,202ca0a9-969d-e337-18b0-a8a1c747a4a6,/p/0/bb6af1f66822e7c9,2,200,267344,55.974,2513.786,106351
1787910196309,70836bff-40f2-1f0f-7dfa-3dcce2efeb0b,/p/9/7ae6e282869fca6c,1,200,5688983,678.834,7530.589,755450
1787910165316,545f0e10-b881-01cb-6c18-b2b01fb7334c,/p/0/a8a1c5249f2d8577,3,200,4687347,243.742,38635.038,121324
1787910182025,7e69f724-e6a0-2a40-4452-8a4b906303f6,/p/1/e8c8859d94864cd9,2,200,427176,2171.366,22037.310,19384
1787910203790,7a49d9a7-1b11-cd26-e49a-b3a7eac229d0,/p/1/a3ec4efd717d80ee,7,200,31672,73.718,273.236,115914
1787910201859,7e10bbab-f605-815d-df81-10b3ba79674b,/p/0/7147a9221cff19ed,2,200,442698,121.420,2485.869,178086
1787910202117,202ca0a9-969d-e337-18b0-a8a1c747a4a6,/p/0/57d6c66587563459,3,200,161902,344.498,2237.713,72352
1787910148732,8b3f6553-70f7-a160-458c-89f63041d40c,/p/0/9eae4b88029f46c,4,200,4569014,362.422,55688.341,82046
1787910204064,7a49d9a7-1b11-cd26-e49a-b3a7eac229d0,/p/0/acc915b5698413b5,8,200,81772,80.039,388.453,210507
1787910193201,ae2ba754-4451-0a3d-491a-73d4ddfe037f,/p/2/ee3b70ec5b01fec8,1,200,3279203,454.368,11313.783,289841
1787910192596,53461352-1ef1-cff3-5064-81b8e3b79826,/p/6/72a94aaa8d9940d4,2,200,2782211,98.082,11983.597,232168
1787910201884,b3f8da67-88d4-279f-1898-80bb9e742475,/p/0/e5eccb223fba4b3e,6,200,277451,245.221,2781.291,99756
1787910201885,b3f8da67-88d4-279f-1898-80bb9e742475,/p/0/e5ecca223fba498b,6,200,268241,227.562,2877.555,93218
1787910179226,41c24b02-dfa5-b995-e051-4578aad158cc,/p/0/be1bd0affc1ed734,4,200,2684454,474.028,25684.847,104515
1787910145295,0a02f36c-282b-eed8-c8ea-da6e09d12a51,/p/0/6a9e213e9ef2c968,8,200,6200288,483.299,59669.961,103910
1787910204064,7a49d9a7-1b11-cd26-e49a-b3a7eac229d0,/p/0/acc913b56984104f,8,200,201938,124.662,1070.883,188572
1787910204579,53461352-1ef1-cff3-5064-81b8e3b79826,/p/0/45722d7e2beec8aa,3,200,151110,97.705,641.837,235434
1787910193355,465a32fe-089b-66e1-743d-6bf81e48bcc9,/p/0/39fa0c0244fb9cfe,2,200,186200,1597.581,11875.543,15679
1787910164701,41c24b02-dfa5-b995-e051-4578aad158cc,/p/0/49301e594dc8dca5,2,200,3163258,802.120,40531.923,78044
1787910171947,3b749c58-6ab7-9e3a-6b7d-15a638eaf40e,/p/0/29c58b4e0aea2727,2,200,6224793,132.174,33423.026,186243
1787910203201,407c995c-84da-f786-dd41-e4e609aabe3b,/p/0/db2955b47409f056,11,200,50565,2238.947,2241.079,22563
1787910203201,407c995c-84da-f786-dd41-e4e609aabe3b,/p/0/db2956b47409f209,11,200,123986,2238.684,2242.057,55300
1787910204579,53461352-1ef1-cff3-5064-81b8e3b79826,/p/0/45722c7e2beec6f7,3,200,145704,146.597,984.756,147960
1787910203839,70836bff-40f2-1f0f-7dfa-3dcce2efeb0b,/p/0/ef610b413f636050,2,200,380196,112.546,1742.068,218244
1787910203839,70836bff-40f2-1f0f-7dfa-3dcce2efeb0b,/p/8/ef610c413f636203,2,200,413463,4.716,1742.417,237293
1787910203839,70836bff-40f2-1f0f-7dfa-3dcce2efeb0b,/p/0/ef610e413f636569,2,200,188595,167.883,1743.186,108190
1787910203286,92fc7929-54a8-b7cf-82d7-0ca1e3ebc787,/p/9/d27c61873fb3069,1,200,365950,132.184,2318.959,157808
1787910200697,42f97cc0-e576-8f31-9b93-d5ea21dd3973,/p/0/23de52e69592437e,5,200,2812554,111.035,4947.240,568510
1787910196515,d0c9dc3c-e97e-1997-92d8-49dfc9d01e04,/p/9/495f4f0a2b59e87e,1,200,2629334,48.417,9135.973,287800
1787910203790,7a49d9a7-1b11-cd26-e49a-b3a7eac229d0,/p/0/a3ec4cfd717d7d88,7,200,375956,73.731,1869.141,201138
1787910179226,41c24b02-dfa5-b995-e051-4578aad158cc,/p/0/be1bd2affc1eda9a,4,200,3465160,395.606,26533.329,130597
1787910204515,ae2ba754-4451-0a3d-491a-73d4ddfe037f,/p/1/92fce691d31ab032,2,200,47076,411.013,1340.276,35124
1787910164701,41c24b02-dfa5-b995-e051-4578aad158cc,/p/0/49301b594dc8d78c,2,200,5740835,528.041,41261.563,139133
1787910205582,70836bff-40f2-1f0f-7dfa-3dcce2efeb0b,/p/0/9da2ed1b52f30bdf,3,200,443059,38.550,433.512,1022023
1787910205605,92fc7929-54a8-b7cf-82d7-0ca1e3ebc787,/p/8/3648df4988b5c286,2,200,33367,226.035,625.275,53364
1787910204062,7e69f724-e6a0-2a40-4452-8a4b906303f6,/p/0/9bca797240dcbb9c,3,200,38276,296.951,2227.329,17185
1787910171997,f2505378-d1bf-38d6-4e2f-af52d5cfd7ad,/p/0/3d0e392a54ad68dd,1,200,4654826,226.621,34694.294,134167
1787910204827,e7b16f51-3341-6422-abdd-50630d2997f9,/?crawl=165,0,200,353906,81.246,1889.559,187296
1787910202863,407c995c-84da-f786-dd41-e4e609aabe3b,/p/0/3a21f5ca8725cc6a,10,200,2187506,2.484,3887.568,562693
1787910176748,2dbc2170-ac47-40ef-ba7e-d5c867efe7e4,/p/0/1c92a128445a767e,12,200,5812915,132.382,30279.387,191976
1787910206230,92fc7929-54a8-b7cf-82d7-0ca1e3ebc787,/p/7/3bc26d100d4869e8,3,200,104381,127.049,1022.837,102050
1787910202743,d562dbfa-e416-a92c-eb5b-040317304d8f,/p/4/c4187cd31297b8a3,2,200,257964,602.222,4692.490,54974
1787910201980,34551a5a-115c-9b17-89bc-e0783571b8b4,/p/14/a2e9470ab2fc7c9c,5,200,4151525,97.249,5755.190,721353
1787910205582,70836bff-40f2-1f0f-7dfa-3dcce2efeb0b,/p/0/9da2ee1b52f30d92,3,200,2672797,36.806,2224.548,1201501
1787910205582,70836bff-40f2-1f0f-7dfa-3dcce2efeb0b,/p/7/9da2ef1b52f30f45,3,200,3649444,38.603,2225.959,1639493
1787910180868,d828a9cb-ad94-c44a-2b73-79ad15446319,/p/0/63c3ead20e089527,12,0,2938387,143.137,26959.565,108992
1787910184085,d828a9cb-ad94-c44a-2b73-79ad15446319,/p/0/b7841492b95efcc5,13,0,2653807,252.068,23742.142,111776
1787910188109,d828a9cb-ad94-c44a-2b73-79ad15446319,/p/3/c8757f5bac14537e,14,0,2323202,147.542,19718.286,117820
1787910180868,d828a9cb-ad94-c44a-2b73-79ad15446319,/p/0/63c3ebd20e0896da,12,0,2892763,143.178,26959.791,107299
1787910207827,b22108c2-3e1c-3fb6-ab64-c0e8f18baa13,/?crawl=167,0,200,22731,17.450,30.866,736451
1787910207827,8c603a5c-06d3-66e2-3348-74f431b14bf1,/?crawl=168,0,200,7126,76.796,76.874,92698
1787910204827,6641819c-a82d-afa9-a70e-f325f4d05153,/?crawl=164,0,200,283644,141.396,3104.853,91355
1787910206717,e7b16f51-3341-6422-abdd-50630d2997f9,/p/0/742b3ca271b0e1be,1,200,100617,75.806,1272.599,79064
1787910206230,92fc7929-54a8-b7cf-82d7-0ca1e3ebc787,/p/0/3bc26e100d486b9b,3,200,204632,139.088,1901.720,107604
1787910197999,5d1302d4-5607-08c1-055f-739ccda90560,/p/4/2f56ab43b4e18bf,2,200,2645204,234.177,10133.314,261040
1787910207735,34551a5a-115c-9b17-89bc-e0783571b8b4,/p/0/2b971cfb59fe991b,6,200,106146,32.171,400.617,264956
1787910198460,edc5b198-1eea-9f91-8df1-351f156ad215,/p/11/a7a30b7fc99f969a,3,200,2168852,331.196,9704.298,223494
1787910207808,70836bff-40f2-1f0f-7dfa-3dcce2efeb0b,/p/0/9abb2fe2f68d79ed,4,200,178538,16.663,422.442,422633
1787910151534,8b3f6553-70f7-a160-458c-89f63041d40c,/p/0/5da7bca2156b066f,5,200,5497571,411.954,56711.336,96940
1787910207808,70836bff-40f2-1f0f-7dfa-3dcce2efeb0b,/p/6/9abb2ee2f68d783a,4,200,490221,335.866,523.199,936969
1787910198218,4ce4cdbb-dbdd-1688-96fd-5df59fcfe3b4,/p/1/2279e3d2de802a93,2,200,3875167,233.431,10181.232,380619
1787910189827,b04f2aee-6eb5-6d0f-199c-7b0c781f932b,/?crawl=152,0,200,5370578,48.264,18706.164,287102
1787910156725,8b3f6553-70f7-a160-458c-89f63041d40c,/p/0/94cd53c003946540,6,200,5196745,280.586,51929.082,100074
1787910192596,53461352-1ef1-cff3-5064-81b8e3b79826,/p/0/72a94baa8d994287,2,200,4085452,98.134,16082.629,254029
1787910196827,6f9c5d35-2792-1d60-554c-5c1ca4bb4050,/?crawl=160,0,200,2400656,71.190,12048.546,199249
1787910208331,70836bff-40f2-1f0f-7dfa-3dcce2efeb0b,/p/5/27233aa68ec5e1eb,5,200,27521,598.447,602.567,45673
1787910208827,1a504232-e6b4-5e75-449c-c40f2966781c,/?crawl=169,0,200,72950,58.967,319.375,228415
1787910180702,b3f8da67-88d4-279f-1898-80bb9e742475,/p/0/a7061a4a0f26fbe4,5,200,5847571,33.131,28467.288,205414
1787910181245,4e66515b-0eec-e566-9a83-42c0429a738e,/p/0/f47024de0aa541c2,2,200,2750692,463.409,27957.478,98388
1787910208133,5d1302d4-5607-08c1-055f-739ccda90560,/p/3/5408b8cedc14ba05,3,200,120059,212.814,1200.645,99995
1787910198827,f21fc724-b7e7-a835-0bb6-03869d5d1aa1,/?crawl=163,0,200,3421539,44.229,10600.896,322759
1787910181245,4e66515b-0eec-e566-9a83-42c0429a738e,/p/0/f47022de0aa53e5c,2,200,2796269,162.330,28219.696,99089
1787910209428,f21fc724-b7e7-a835-0bb6-03869d5d1aa1,/p/0/9affe75d9ae6cde4,1,200,10472,40.285,61.069,171478
1787910208399,4ce4cdbb-dbdd-1688-96fd-5df59fcfe3b4,/p/0/c72076d914d664e1,3,200,176295,180.379,1186.357,148602
1787910208331,70836bff-40f2-1f0f-7dfa-3dcce2efeb0b,/p/0/27233ca68ec5e551,5,200,361783,598.647,1266.719,285606
1787910208331,70836bff-40f2-1f0f-7dfa-3dcce2efeb0b,/p/0/272339a68ec5e038,5,200,481359,599.341,1270.725,378807
1787910208399,4ce4cdbb-dbdd-1688-96fd-5df59fcfe3b4,/p/0/c72074d914d6617b,3,200,143827,180.277,1221.916,117706
1787910205605,92fc7929-54a8-b7cf-82d7-0ca1e3ebc787,/p/0/3648e04988b5c439,2,200,384442,198.800,4030.023,95395
1787910163503,b4adaf70-07f6-7a64-9577-306cbff66ac6,/p/0/cfc3d4cbf820418a,5,200,3887904,402.700,46221.728,84114
1787910203559,b4adaf70-07f6-7a64-9577-306cbff66ac6,/p/3/1cec76e882fe87a5,6,200,193474,6158.136,6167.468,31370
1787910202634,7e10bbab-f605-815d-df81-10b3ba79674b,/p/4/9950bbea447853be,3,200,2276775,148.021,7106.167,320394
1787910208934,70836bff-40f2-1f0f-7dfa-3dcce2efeb0b,/p/0/f5e763c3ac5e8a01,6,200,224565,659.984,988.657,227141
1787910208934,70836bff-40f2-1f0f-7dfa-3dcce2efeb0b,/p/4/f5e762c3ac5e884e,6,200,192747,660.393,989.294,194833
1787910206717,e7b16f51-3341-6422-abdd-50630d2997f9,/p/0/742b3ba271b0e00b,1,200,148048,307.142,3301.446,44843
1787910207858,b22108c2-3e1c-3fb6-ab64-c0e8f18baa13,/p/0/4d5691e7487af598,1,200,420840,80.164,2180.388,193011
1787910207858,b22108c2-3e1c-3fb6-ab64-c0e8f18baa13,/p/0/4d5694e7487afab1,1,200,450332,14.367,2210.179,203754
1787910207858,b22108c2-3e1c-3fb6-ab64-c0e8f18baa13,/p/10/4d5692e7487af74b,1,200,399343,80.193,2230.357,179049
1787910111587,8e039d77-b093-290c-1e0c-6c1c20fc2784,/p/0/9510a1429d1510ca,3,200,5387939,339.092,98553.670,54670
1787910208876,6f9c5d35-2792-1d60-554c-5c1ca4bb4050,/p/3/2e6a3dbb2f81c5aa,1,200,93713,68.135,1329.472,70489
1787910209740,7e10bbab-f605-815d-df81-10b3ba79674b,/p/0/e6a4d9af2b30ac3a,4,200,40364,120.964,483.168,83540
1787910186827,ff97e90e-0cfa-199c-ead3-6cce0eb92255,/?crawl=149,0,200,5658370,54.686,23416.042,241645
1787910197827,33f2dd45-81ad-d997-f2a2-edc92faf1430,/?crawl=161,0,200,4051762,42.986,12433.260,325881
1787910210089,b22108c2-3e1c-3fb6-ab64-c0e8f18baa13,/p/0/817cf9daa0d44a90,2,200,57589,99.235,258.372,222892
1787910193145,7a49d9a7-1b11-cd26-e49a-b3a7eac229d0,/p/0/2b3e4ee2d51f6bc6,6,200,5926266,77.403,17280.484,342946
1787910209740,7e10bbab-f605-815d-df81-10b3ba79674b,/p/3/e6a4daaf2b30aded,4,200,131733,110.957,717.939,183488
1787910207253,92fc7929-54a8-b7cf-82d7-0ca1e3ebc787,/p/0/3bc26f100d486d4e,3,200,290427,131.990,3246.053,89471
1787910207808,70836bff-40f2-1f0f-7dfa-3dcce2efeb0b,/p/0/9abb2ce2f68d74d4,4,200,3532086,17.205,2738.027,1290011
1787910210089,b22108c2-3e1c-3fb6-ab64-c0e8f18baa13,/p/9/817cfbdaa0d44df6,2,200,202716,55.909,464.170,436728
1787910209923,70836bff-40f2-1f0f-7dfa-3dcce2efeb0b,/p/0/6959f6395351222f,7,200,145727,648.515,652.058,223488
1787910209428,f21fc724-b7e7-a835-0bb6-03869d5d1aa1,/p/2/9affe85d9ae6cf97,1,200,184554,163.614,1160.137,159080
1787910203790,7a49d9a7-1b11-cd26-e49a-b3a7eac229d0,/p/0/a3ec4ffd717d82a1,7,200,2169007,103.605,6797.901,319070
1787910209923,70836bff-40f2-1f0f-7dfa-3dcce2efeb0b,/p/0/6959f739535123e2,7,200,241900,648.115,682.206,354585
1787910209923,70836bff-40f2-1f0f-7dfa-3dcce2efeb0b,/p/3/6959f5395351207c,7,200,260585,648.415,704.640,369813
1787910210553,b22108c2-3e1c-3fb6-ab64-c0e8f18baa13,/p/0/7b9a34788a76a767,3,200,79058,84.005,337.399,234316
1787910208934,70836bff-40f2-1f0f-7dfa-3dcce2efeb0b,/p/0/f5e760c3ac5e84e8,6,200,3259649,661.100,1968.357,1656025
1787910210628,70836bff-40f2-1f0f-7dfa-3dcce2efeb0b,/p/2/338d0527935911ad,8,200,202364,274.246,319.269,633836
1787910210628,70836bff-40f2-1f0f-7dfa-3dcce2efeb0b,/p/0/338d042793590ffa,8,200,185998,274.440,319.519,582119
1787910210553,b22108c2-3e1c-3fb6-ab64-c0e8f18baa13,/p/8/7b9a33788a76a5b4,3,200,91301,98.368,442.955,206118
1787910205651,d0c9dc3c-e97e-1997-92d8-49dfc9d01e04,/p/0/30e1cc48ffebcfa3,2,200,442662,400.851,5539.547,79909
1787910205827,65d214dc-e787-2aae-26a6-d901ba3321b1,/?crawl=166,0,200,111503,1291.585,5368.972,20768
1787910205651,d0c9dc3c-e97e-1997-92d8-49dfc9d01e04,/p/8/30e1ce48ffebd309,2,200,296652,79.410,5563.342,53323
1787910210628,70836bff-40f2-1f0f-7dfa-3dcce2efeb0b,/p/0/338d032793590e47,8,200,515708,274.190,637.492,808964
1787910210947,70836bff-40f2-1f0f-7dfa-3dcce2efeb0b,/p/0/8f534848a3280d6d,9,200,107864,318.222,328.167,328687
1787910210947,70836bff-40f2-1f0f-7dfa-3dcce2efeb0b,/p/0/8f534548a3280854,9,200,176169,328.251,334.936,525978
1787910205651,d0c9dc3c-e97e-1997-92d8-49dfc9d01e04,/p/0/30e1cd48ffebd156,2,200,349689,238.795,5734.457,60980
1787910193355,465a32fe-089b-66e1-743d-6bf81e48bcc9,/p/0/39fa0b0244fb9b4b,2,200,181725,1597.581,18227.573,9970
1787910210553,b22108c2-3e1c-3fb6-ab64-c0e8f18baa13,/p/0/7b9a35788a76a91a,3,200,261662,90.769,1187.113,220419
1787910193255,88ba8b3a-d142-75de-c30e-f5e7f764e17b,/p/0/f22ce02d5fdfcdf5,3,200,143006,1097.656,18568.256,7702
1787910211196,65d214dc-e787-2aae-26a6-d901ba3321b1,/p/0/b9ec3e89b3e002eb,1,200,32954,309.615,960.566,34307
1787910209333,5d1302d4-5607-08c1-055f-739ccda90560,/p/0/b6bbb3c685146a4f,4,200,194723,234.003,2870.338,67840
1787910209333,5d1302d4-5607-08c1-055f-739ccda90560,/p/0/b6bbb4c685146c02,4,200,219745,234.081,3017.646,72820
1787910210243,ff97e90e-0cfa-199c-ead3-6cce0eb92255,/p/0/1aa250bff1e74539,1,200,167120,203.642,2120.060,78828
1787910204515,ae2ba754-4451-0a3d-491a-73d4ddfe037f,/p/0/92fce491d31aaccc,2,200,270819,411.017,7904.694,34261
1787910208133,5d1302d4-5607-08c1-055f-739ccda90560,/p/0/5408b6cedc14b69f,3,200,397979,42.844,4302.551,92498
1787910210947,70836bff-40f2-1f0f-7dfa-3dcce2efeb0b,/p/1/8f534648a3280a07,9,200,2375616,328.837,1505.070,1578409
1787910209428,f21fc724-b7e7-a835-0bb6-03869d5d1aa1,/p/0/9affea5d9ae6d2fd,1,200,445255,61.027,3049.436,146012
1787910202743,d562dbfa-e416-a92c-eb5b-040317304d8f,/p/0/c4187bd31297b6f0,2,200,331348,522.637,9837.539,33682
1787910210205,6f9c5d35-2792-1d60-554c-5c1ca4bb4050,/p/0/3583fb34ec1a90a5,2,200,104111,373.914,2375.658,43824
1787910209727,b4adaf70-07f6-7a64-9577-306cbff66ac6,/p/0/a8693b90e547438a,7,200,74847,382.034,3029.486,24706
1787910190958,4554079d-1420-510c-38ca-4f4ef1f0fdf9,/p/0/2c2733a37735cf8,11,0,2391663,189.043,21870.785,109354
1787910192980,4554079d-1420-510c-38ca-4f4ef1f0fdf9,/p/0/15490063bd8fab88,12,0,2405435,332.376,19848.355,121191
1787910192980,4554079d-1420-510c-38ca-4f4ef1f0fdf9,/p/0/15490263bd8faeee,12,0,2505835,210.768,19848.394,126249
1787910210996,b22108c2-3e1c-3fb6-ab64-c0e8f18baa13,/p/0/70e59d11553948b9,4,200,442647,87.313,1855.884,238510
1787910210458,7e10bbab-f605-815d-df81-10b3ba79674b,/p/2/76b73f4f0a325408,5,200,362363,156.513,2423.112,149544
1787910210260,33f2dd45-81ad-d997-f2a2-edc92faf1430,/p/3/c1d49318c41cbbbd,1,200,340211,79.387,2623.311,129688
1787910210205,6f9c5d35-2792-1d60-554c-5c1ca4bb4050,/p/2/3583f934ec1a8d3f,2,200,82979,373.938,2706.976,30654
1787910105149,8e039d77-b093-290c-1e0c-6c1c20fc2784,/p/0/341a8acfb88e2ae4,2,200,6266940,66.056,107878.258,58093
1787910132759,8e039d77-b093-290c-1e0c-6c1c20fc2784,/p/4/c331ca95928696ea,6,200,5476128,463.409,80273.660,68218
1787910204064,7a49d9a7-1b11-cd26-e49a-b3a7eac229d0,/p/0/acc912b569840e9c,8,200,4577797,94.516,8996.400,508848
1787910194417,cf34257e-f5df-fb21-0683-73c4f3fe620c,/p/0/3be4c862ad6dda7a,1,200,4907273,68.084,18656.740,263030
1787910211827,6237151e-86d6-d523-9350-8d8c3aba1ab5,/?crawl=172,0,200,343606,56.244,1256.842,273388
1787910211827,89b3e9b2-5c13-83bd-0f75-05bc48e88e5e,/?crawl=171,0,200,439143,47.105,1302.413,337176
1787910204579,53461352-1ef1-cff3-5064-81b8e3b79826,/p/5/45722b7e2beec544,3,200,4742812,97.664,8583.894,552525
1787910213032,8e039d77-b093-290c-1e0c-6c1c20fc2784,/p/3/d992b590104f770a,7,200,88809,48.337,140.653,631405
1787910213033,8e039d77-b093-290c-1e0c-6c1c20fc2784,/p/0/d992b690104f78bd,7,200,181572,61.231,221.119,821150
1787910212827,ac47686c-321d-867c-2827-06e9849b4857,/?crawl=173,0,200,163631,48.838,520.837,314170
1787910213032,8e039d77-b093-290c-1e0c-6c1c20fc2784,/p/0/d992b390104f73a4,7,200,425055,48.797,358.868,1184432
1787910213173,8e039d77-b093-290c-1e0c-6c1c20fc2784,/p/0/8171c493bf7267bd,8,200,19044,218.178,218.232,87265
1787910213173,8e039d77-b093-290c-1e0c-6c1c20fc2784,/p/2/8171c293bf726457,8,200,22792,218.244,218.782,104177
1787910213163,53461352-1ef1-cff3-5064-81b8e3b79826,/p/0/393e04b31bc893a1,4,200,100429,30.660,297.336,337763
1787910190140,3b749c58-6ab7-9e3a-6b7d-15a638eaf40e,/p/8/2e9bddf53e48c65,4,200,5287445,219.322,23371.484,226235
1787910212452,70836bff-40f2-1f0f-7dfa-3dcce2efeb0b,/p/0/3248da37a1cd54b5,10,200,61604,72.172,1112.408,55379
1787910210588,f21fc724-b7e7-a835-0bb6-03869d5d1aa1,/p/0/d1219824dcff8ed,2,200,258990,224.693,2985.928,86737
1787910213130,89b3e9b2-5c13-83bd-0f75-05bc48e88e5e,/p/0/b3a50a611e36f393,1,200,82981,43.139,512.103,162040
1787910212882,7e10bbab-f605-815d-df81-10b3ba79674b,/p/0/efb579264976a141,6,200,78617,163.391,784.533,100209
1787910213348,ac47686c-321d-867c-2827-06e9849b4857,/p/0/da79b51c476cdfb9,1,200,62560,140.978,360.385,173592
1787910213173,8e039d77-b093-290c-1e0c-6c1c20fc2784,/p/0/8171c193bf7262a4,8,200,498942,218.690,550.094,907013
1787910211215,d0c9dc3c-e97e-1997-92d8-49dfc9d01e04,/p/0/8c5fc222ba0bc500,3,200,267563,219.078,2540.672,105312
1787910213392,8e039d77-b093-290c-1e0c-6c1c20fc2784,/p/0/3c7c2e32363b4fb7,9,200,277143,331.970,368.456,752174
1787910213392,8e039d77-b093-290c-1e0c-6c1c20fc2784,/p/0/3c7c2f32363b516a,9,200,181496,331.310,370.206,490257
1787910209333,5d1302d4-5607-08c1-055f-739ccda90560,/p/2/b6bbb2c68514689c,4,200,475985,234.132,4673.411,101850
1787910213163,53461352-1ef1-cff3-5064-81b8e3b79826,/p/0/393e01b31bc88e88,4,200,268465,20.121,863.905,310758
1787910211215,d0c9dc3c-e97e-1997-92d8-49dfc9d01e04,/p/7/8c5fc422ba0bc866,3,200,256474,171.103,2833.155,90526
1787910203559,b4adaf70-07f6-7a64-9577-306cbff66ac6,/p/0/1cec74e882fe843f,6,200,424081,6157.968,10579.923,40084
1787910210458,7e10bbab-f605-815d-df81-10b3ba79674b,/p/0/76b7414f0a32576e,5,200,487693,123.276,3829.364,127356
1787910210588,f21fc724-b7e7-a835-0bb6-03869d5d1aa1,/p/1/d1218824dcff73a,2,200,389521,203.579,3888.667,100168
1787910208165,edc5b198-1eea-9f91-8df1-351f156ad215,/p/10/97aec3abb49e3877,4,200,210496,293.534,6351.999,33139
1787910213512,3b749c58-6ab7-9e3a-6b7d-15a638eaf40e,/p/7/226345e1bcadf767,5,200,80012,292.080,1133.607,70582
1787910212884,33f2dd45-81ad-d997-f2a2-edc92faf1430,/p/2/e1d6c56f25baf555,2,200,185415,255.108,1809.501,102467
1787910212827,39b41ee3-7601-23f1-2631-650725ee5b10,/?crawl=174,0,200,334828,82.233,1884.523,177673
1787910214477,f21fc724-b7e7-a835-0bb6-03869d5d1aa1,/p/0/c67e1852ea4424f5,3,200,23194,225.797,307.545,75417
1787910210458,7e10bbab-f605-815d-df81-10b3ba79674b,/p/0/76b7404f0a3255bb,5,200,438301,146.539,4414.188,99294
1787910209146,1a504232-e6b4-5e75-449c-c40f2966781c,/p/6/2681e82c1f450b25,1,200,438073,56.198,5748.671,76204
1787910212884,33f2dd45-81ad-d997-f2a2-edc92faf1430,/p/0/e1d6c46f25baf3a2,2,200,326145,274.466,2092.252,155882
1787910212884,33f2dd45-81ad-d997-f2a2-edc92faf1430,/p/0/e1d6c36f25baf1ef,2,200,427308,274.439,2150.564,198696
1787910214976,33f2dd45-81ad-d997-f2a2-edc92faf1430,/p/0/6da524ced1f6831d,3,200,56621,69.569,110.860,510743
1787910214827,c452570a-b691-7934-852d-c5e32183ba78,/?crawl=175,0,200,280225,18.302,284.822,983859
1787910209146,1a504232-e6b4-5e75-449c-c40f2966781c,/p/0/2681e62c1f4507bf,1,200,381218,282.402,5982.457,63723
1787910212452,70836bff-40f2-1f0f-7dfa-3dcce2efeb0b,/p/0/3248d737a1cd4f9c,10,200,180170,143.430,2714.852,66365
1787910210243,ff97e90e-0cfa-199c-ead3-6cce0eb92255,/p/0/1aa24ebff1e741d3,1,200,467203,56.770,4969.593,94012
1787910213392,8e039d77-b093-290c-1e0c-6c1c20fc2784,/p/1/3c7c3032363b531d,9,200,5994186,331.313,1992.302,3008673
1787910214712,39b41ee3-7601-23f1-2631-650725ee5b10,/p/0/94b8b335053dbe8c,1,200,61541,78.749,758.606,81124
1787910205855,ae2ba754-4451-0a3d-491a-73d4ddfe037f,/p/0/65e0175386504171,3,200,256445,532.966,9647.795,26581
1787910193355,465a32fe-089b-66e1-743d-6bf81e48bcc9,/p/3/39fa0a0244fb9998,2,200,414368,1721.253,22198.981,18666
1787910214895,1a504232-e6b4-5e75-449c-c40f2966781c,/p/0/c5a2ae6ffe62780c,2,200,16112,320.392,664.228,24257
1787910214693,33f2dd45-81ad-d997-f2a2-edc92faf1430,/p/1/6da522ced1f67fb7,3,200,382926,345.736,879.850,435217
1787910215384,8e039d77-b093-290c-1e0c-6c1c20fc2784,/p/0/6e8d64180dd98fde,10,200,266958,13.681,224.044,1191542
1787910215384,8e039d77-b093-290c-1e0c-6c1c20fc2784,/p/0/6e8d62180dd98c78,10,200,374636,2.935,312.646,1198275
1787910207932,6641819c-a82d-afa9-a70e-f325f4d05153,/p/1/e0c0e844dd15ed5e,1,200,400352,355.571,7933.004,50467
1787910215384,8e039d77-b093-290c-1e0c-6c1c20fc2784,/p/0/6e8d63180dd98e2b,10,200,2121387,8.514,770.067,2754809
1787910189562,0a02f36c-282b-eed8-c8ea-da6e09d12a51,/p/0/b3aaece96cb1942c,14,200,3949752,722.964,26661.762,148143
1787910214007,5d1302d4-5607-08c1-055f-739ccda90560,/p/0/7895b1ad4ba11196,5,200,174118,340.528,2218.676,78478
1787910193255,88ba8b3a-d142-75de-c30e-f5e7f764e17b,/p/0/f22cdd2d5fdfc8dc,3,200,175057,1203.895,22989.415,7615
1787910213130,89b3e9b2-5c13-83bd-0f75-05bc48e88e5e,/p/4/b3a509611e36f1e0,1,200,325429,125.944,3214.790,101229
1787910213130,89b3e9b2-5c13-83bd-0f75-05bc48e88e5e,/p/0/b3a50b611e36f546,1,200,378421,146.953,3236.806,116912
1787910215573,33f2dd45-81ad-d997-f2a2-edc92faf1430,/p/0/f851c9951830073d,4,200,266454,38.394,831.913,320291
1787910215112,c452570a-b691-7934-852d-c5e32183ba78,/p/3/14e5ed770a2ca2c,1,200,160755,18.398,1419.335,113261
1787910215573,33f2dd45-81ad-d997-f2a2-edc92faf1430,/p/0/f851c69518300224,4,200,493321,38.486,997.613,494501
1787910213163,53461352-1ef1-cff3-5064-81b8e3b79826,/p/4/393e02b31bc8903b,4,200,2312119,136.723,3408.129,678413
1787910214477,f21fc724-b7e7-a835-0bb6-03869d5d1aa1,/p/0/c67e1652ea44218f,3,200,401053,307.461,2121.408,189050
1787910214477,f21fc724-b7e7-a835-0bb6-03869d5d1aa1,/p/0/c67e1552ea441fdc,3,200,457937,205.404,2122.876,215715
1787910207735,34551a5a-115c-9b17-89bc-e0783571b8b4,/p/13/2b971efb59fe9c81,6,200,3404735,20.709,8886.299,383144
1787910214007,5d1302d4-5607-08c1-055f-739ccda90560,/p/1/7895b2ad4ba11349,5,200,257186,297.900,2685.323,95775
1787910215112,c452570a-b691-7934-852d-c5e32183ba78,/p/0/14e5fd770a2cbdf,1,200,215861,18.376,1651.190,130731
1787910215112,c452570a-b691-7934-852d-c5e32183ba78,/p/0/14e60d770a2cd92,1,200,194298,49.126,1666.826,116568
1787910205855,ae2ba754-4451-0a3d-491a-73d4ddfe037f,/p/0/65e0165386503fbe,3,200,276354,492.244,11003.099,25116
1787910189302,94ecf158-1b8f-bebe-971a-8f3ad16157a7,/p/0/151019a78437e788,1,200,5145507,54.107,27582.363,186551
1787910216531,c452570a-b691-7934-852d-c5e32183ba78,/p/0/408f0abc3d5df415,2,200,101365,101.195,361.917,280078
1787910214895,1a504232-e6b4-5e75-449c-c40f2966781c,/p/5/c5a2b06ffe627b72,2,200,144949,410.172,2006.565,72237
1787910122467,eaed037e-675c-346e-4242-f8381a0a4745,/p/0/22cc50a9845da1b3,1,200,4541929,291.264,94484.503,48071
1787910216531,c452570a-b691-7934-852d-c5e32183ba78,/p/2/408f08bc3d5df0af,2,200,135178,99.951,521.900,259011
1787910216531,c452570a-b691-7934-852d-c5e32183ba78,/p/0/408f07bc3d5deefc,2,200,169839,77.672,536.961,316297
1787910217053,c452570a-b691-7934-852d-c5e32183ba78,/p/1/51abaca6b04eb57a,3,200,15578,53.112,68.233,228306
1787910210260,33f2dd45-81ad-d997-f2a2-edc92faf1430,/p/0/c1d49118c41cb857,1,200,2207012,79.592,6958.226,317180
1787910217053,c452570a-b691-7934-852d-c5e32183ba78,/p/0/51abada6b04eb72d,3,200,82243,22.619,209.595,392390
1787910216902,1a504232-e6b4-5e75-449c-c40f2966781c,/p/0/9e528d65793f00e0,3,200,12507,287.168,487.996,25629
1787910207436,d562dbfa-e416-a92c-eb5b-040317304d8f,/p/0/c8d984797d4c7de0,3,200,316430,487.828,10056.742,31464
1787910161219,cda6bc5a-e6d5-5aae-77a8-e148cb046c27,/p/0/78e6ab3e8befaf69,3,200,3324554,346.996,56347.910,59000
1787910189302,94ecf158-1b8f-bebe-971a-8f3ad16157a7,/p/9/15101ba78437eaee,1,200,6099052,273.268,28316.046,215392
1787910208399,4ce4cdbb-dbdd-1688-96fd-5df59fcfe3b4,/p/0/c72073d914d65fc8,3,200,3471345,33.152,9237.984,375769
1787910213512,3b749c58-6ab7-9e3a-6b7d-15a638eaf40e,/p/0/226347e1bcadfacd,5,200,402920,45.512,4157.960,96903
1787910216571,53461352-1ef1-cff3-5064-81b8e3b79826,/p/3/b9406d1007292faf,5,200,173763,97.575,1114.118,155965
1787910214693,33f2dd45-81ad-d997-f2a2-edc92faf1430,/p/0/6da521ced1f67e04,3,200,2181354,345.944,3064.883,711725
1787910216621,34551a5a-115c-9b17-89bc-e0783571b8b4,/p/0/9af39ae12defe48,7,200,153990,117.420,1180.016,130498
1787910214712,39b41ee3-7601-23f1-2631-650725ee5b10,/p/0/94b8b635053dc3a5,1,200,224062,158.005,3366.868,66549
1787910217053,c452570a-b691-7934-852d-c5e32183ba78,/p/0/51abaaa6b04eb214,3,200,334002,30.550,1028.289,324813
1787910216692,5d1302d4-5607-08c1-055f-739ccda90560,/p/0/9d543f2b92451a6b,6,200,40947,274.687,1394.909,29355
1787910217122,c452570a-b691-7934-852d-c5e32183ba78,/p/0/d2666183814d324a,4,200,203077,91.698,996.633,203763
1787910217122,c452570a-b691-7934-852d-c5e32183ba78,/p/0/d2666283814d33fd,4,200,359998,91.741,1204.198,298953
1787910217122,c452570a-b691-7934-852d-c5e32183ba78,/p/0/d2666083814d3097,4,200,368713,99.902,1302.439,283094
1787910216621,34551a5a-115c-9b17-89bc-e0783571b8b4,/p/12/9af3bae12df01ae,7,200,344102,154.488,1811.405,189964
1787910215865,6641819c-a82d-afa9-a70e-f325f4d05153,/p/0/7d061843a1b88b85,2,200,49914,655.397,2580.494,19343
1787910207735,34551a5a-115c-9b17-89bc-e0783571b8b4,/p/0/2b971dfb59fe9ace,6,200,3897990,53.069,10755.580,362416
1787910178126,2fd85362-59e7-0360-bede-1fb24c27574f,/p/0/182468e76fddd224,6,200,5924851,167.531,40451.735,146467
1787910210260,33f2dd45-81ad-d997-f2a2-edc92faf1430,/p/0/c1d49218c41cba0a,1,200,5834113,39.290,8514.268,685216
1787910214645,3b749c58-6ab7-9e3a-6b7d-15a638eaf40e,/p/0/1bc53dc92e653866,6,200,278128,266.586,4284.841,64910
1787910214712,39b41ee3-7601-23f1-2631-650725ee5b10,/p/2/94b8b435053dc03f,1,200,329455,157.951,4245.470,77602
1787910186235,2fd85362-59e7-0360-bede-1fb24c27574f,/p/0/9a19cca283c57e84,8,200,5336387,3172.268,32764.109,162873
1787910210996,b22108c2-3e1c-3fb6-ab64-c0e8f18baa13,/p/7/70e59c1155394706,4,200,2825777,79.982,8052.122,350936
1787910215573,33f2dd45-81ad-d997-f2a2-edc92faf1430,/p/0/f851c8951830058a,4,200,5890132,38.561,3535.737,1665885
1787910216621,34551a5a-115c-9b17-89bc-e0783571b8b4,/p/0/9af3cae12df0361,7,200,514788,135.413,2570.620,200258
1787910207436,d562dbfa-e416-a92c-eb5b-040317304d8f,/p/3/c8d986797d4c8146,3,200,405601,407.078,11761.378,34486
1787910207436,d562dbfa-e416-a92c-eb5b-040317304d8f,/p/0/c8d987797d4c82f9,3,200,489470,528.693,11761.930,41615
1787910218827,db35cebd-fd77-cf12-e315-d0ba551529d2,/?crawl=177,0,200,97754,80.559,508.672,192175
1787910218827,571e7041-48cc-42d0-213e-6fed6c2f16db,/?crawl=178,0,200,238259,42.906,657.226,362522
1787910219336,db35cebd-fd77-cf12-e315-d0ba551529d2,/p/0/2823079299d8b2ec,1,200,36664,70.332,213.388,171819
1787910219484,571e7041-48cc-42d0-213e-6fed6c2f16db,/p/0/e26208ab57a996d8,1,200,13909,57.251,113.164,122910
1787910218433,34551a5a-115c-9b17-89bc-e0783571b8b4,/p/0/505428f00797a0df,8,200,391219,107.196,1305.031,299777
1787910217618,94ecf158-1b8f-bebe-971a-8f3ad16157a7,/p/8/e103553d709e8c61,2,200,169306,301.649,2133.253,79365
1787910219197,d562dbfa-e416-a92c-eb5b-040317304d8f,/p/0/76a186979aa18ab6,4,200,78445,563.074,566.265,138531
1787910213348,ac47686c-321d-867c-2827-06e9849b4857,/p/2/da79b41c476cde06,1,200,400666,270.470,6420.977,62400
1787910214007,5d1302d4-5607-08c1-055f-739ccda90560,/p/0/7895b0ad4ba10fe3,5,200,478198,233.243,5872.584,81429
1787910212912,6f9c5d35-2792-1d60-554c-5c1ca4bb4050,/p/1/a26c32098aeef180,3,200,229089,478.852,6979.434,32823
1787910217618,94ecf158-1b8f-bebe-971a-8f3ad16157a7,/p/0/e103533d709e88fb,2,200,208131,58.124,2297.203,90602
1787910218433,34551a5a-115c-9b17-89bc-e0783571b8b4,/p/11/505427f007979f2c,8,200,279661,97.463,1499.967,186445
1787910218433,34551a5a-115c-9b17-89bc-e0783571b8b4,/p/0/505429f00797a292,8,200,413485,107.303,1678.870,246288
1787910210588,f21fc724-b7e7-a835-0bb6-03869d5d1aa1,/p/0/d1216824dcff3d4,2,200,3127469,203.652,9523.852,328383
1787910214645,3b749c58-6ab7-9e3a-6b7d-15a638eaf40e,/p/6/1bc53ec92e653a19,6,200,433805,222.593,5606.565,77374
1787910201884,b3f8da67-88d4-279f-1898-80bb9e742475,/p/1/e5ecc9223fba47d8,6,200,6160256,164.632,18617.575,330884
1787910214048,d0c9dc3c-e97e-1997-92d8-49dfc9d01e04,/p/0/c7a4774e846719f6,4,200,463278,318.441,6469.503,71610
1787910219048,b22108c2-3e1c-3fb6-ab64-c0e8f18baa13,/p/0/6c79b34d880cfe6c,5,200,215642,99.289,1762.565,122346
1787910219752,94ecf158-1b8f-bebe-971a-8f3ad16157a7,/p/7/29c085e17b11a6dd,3,200,41892,459.438,1072.132,39074
1787910220502,b3f8da67-88d4-279f-1898-80bb9e742475,/p/0/30b07bbb6080beb7,7,200,126457,43.734,463.528,272814
1787910216344,89b3e9b2-5c13-83bd-0f75-05bc48e88e5e,/p/3/316d532f9041dbbe,2,200,427557,254.608,4641.912,92108
1787910220502,b3f8da67-88d4-279f-1898-80bb9e742475,/p/0/30b07abb6080bd04,7,200,69587,285.091,595.198,116914
1787910219048,b22108c2-3e1c-3fb6-ab64-c0e8f18baa13,/p/6/6c79b44d880d001f,5,200,385930,74.085,2061.262,187230
1787910219933,34551a5a-115c-9b17-89bc-e0783571b8b4,/p/10/92f557abd3189dda,9,200,293469,528.144,1405.497,208801
1787910219933,34551a5a-115c-9b17-89bc-e0783571b8b4,/p/0/92f555abd3189a74,9,200,321773,182.051,1483.905,216842
1787910220502,b3f8da67-88d4-279f-1898-80bb9e742475,/p/0/30b07cbb6080c06a,7,200,232745,188.000,989.481,235219
1787910220827,f99a057d-4265-464a-1275-c552392e5629,/?crawl=180,0,200,258368,40.123,695.130,371683
1787910221110,b22108c2-3e1c-3fb6-ab64-c0e8f18baa13,/p/0/c3dad0e1ce43a738,6,200,99723,108.433,499.203,199764
1787910221338,34551a5a-115c-9b17-89bc-e0783571b8b4,/p/0/484199675fd76773,10,200,53878,118.253,306.214,175949
1787910220827,64133af4-6f42-146b-9035-94218e38dbc9,/?crawl=182,0,200,285855,52.551,973.048,293773
1787910221338,34551a5a-115c-9b17-89bc-e0783571b8b4,/p/0/48419a675fd76926,10,200,78782,118.326,476.823,165223
1787910221110,b22108c2-3e1c-3fb6-ab64-c0e8f18baa13,/p/0/c3dad3e1ce43ac51,6,200,115621,85.857,713.114,162135
1787910216692,5d1302d4-5607-08c1-055f-739ccda90560,/p/0/9d54402b92451c1e,6,200,428000,231.745,5167.275,82829
1787910210827,5f6e702d-dbb1-ddc2-7496-b4af82399011,/?crawl=170,0,200,3962050,34.179,11085.439,357410
1787910212912,6f9c5d35-2792-1d60-554c-5c1ca4bb4050,/p/0/a26c34098aeef4e6,3,200,302272,478.837,9040.704,33435
1787910220986,89b3e9b2-5c13-83bd-0f75-05bc48e88e5e,/p/0/6919e4c85cea260d,3,200,64484,252.277,990.821,65081
1787910221338,34551a5a-115c-9b17-89bc-e0783571b8b4,/p/9/484198675fd765c0,10,200,152866,107.361,660.665,231382
1787910216902,1a504232-e6b4-5e75-449c-c40f2966781c,/p/4/9e528e65793f0293,3,200,317836,317.544,5140.182,61834
1787910214895,1a504232-e6b4-5e75-449c-c40f2966781c,/p/0/c5a2b16ffe627d25,2,200,382615,291.077,7146.864,53536
1787910222042,1a504232-e6b4-5e75-449c-c40f2966781c,/p/3/fa4c0f541cf50f5e,4,200,12733,25.452,26.088,488076
1787910216692,5d1302d4-5607-08c1-055f-739ccda90560,/p/0/9d543e2b924518b8,6,200,474868,231.649,5442.597,87250
1787910221827,bc400b67-5e11-4908-8113-215b7eb51394,/?crawl=184,0,200,143066,39.628,377.443,379040
1787910210243,ff97e90e-0cfa-199c-ead3-6cce0eb92255,/p/0/1aa24dbff1e74020,1,200,2189947,234.124,11996.388,182551
1787910221800,64133af4-6f42-146b-9035-94218e38dbc9,/p/4/541576aeb17821ba,1,200,17483,149.421,453.466,38554
1787910211196,65d214dc-e787-2aae-26a6-d901ba3321b1,/p/0/b9ec3f89b3e0049e,1,200,225085,960.648,11130.252,20223
1787910221999,34551a5a-115c-9b17-89bc-e0783571b8b4,/p/0/1ab2c458b215212c,11,200,39807,99.392,366.462,108625
1787910222042,1a504232-e6b4-5e75-449c-c40f2966781c,/p/0/fa4c0d541cf50bf8,4,200,59750,26.021,340.682,175383
1787910222042,1a504232-e6b4-5e75-449c-c40f2966781c,/p/0/fa4c10541cf51111,4,200,89695,26.129,341.720,262481
1787910215827,65126b3c-9e51-13e4-c8fc-1abf5045a9a5,/?crawl=176,0,200,429523,224.869,6572.137,65355
1787910215865,6641819c-a82d-afa9-a70e-f325f4d05153,/p/0/7d061743a1b889d2,2,200,219113,424.973,6650.596,32946
1787910190039,88ba8b3a-d142-75de-c30e-f5e7f764e17b,/p/0/e37f816d65724337,2,200,485343,1192.745,32583.120,14896
1787910219048,b22108c2-3e1c-3fb6-ab64-c0e8f18baa13,/p/0/6c79b64d880d0385,5,200,494215,108.463,3586.160,137812
1787910219769,ac47686c-321d-867c-2827-06e9849b4857,/p/0/a4f2748e46f706c,2,200,169762,460.566,2873.989,59068
1787910219484,571e7041-48cc-42d0-213e-6fed6c2f16db,/p/0/e2620bab57a99bf1,1,200,507597,152.609,3260.372,155687
1787910220252,3b749c58-6ab7-9e3a-6b7d-15a638eaf40e,/p/0/84fe0e617d17308f,7,200,264644,295.286,2517.154,105136
1787910221110,b22108c2-3e1c-3fb6-ab64-c0e8f18baa13,/p/5/c3dad2e1ce43aa9e,6,200,430618,85.944,1700.407,253244
1787910222205,bc400b67-5e11-4908-8113-215b7eb51394,/p/8/df97767d35d65d48,1,200,104375,37.003,715.618,145853
1787910222810,b22108c2-3e1c-3fb6-ab64-c0e8f18baa13,/p/0/27aec61d73c67e1d,7,200,55132,72.563,170.522,323314
1787910219484,571e7041-48cc-42d0-213e-6fed6c2f16db,/p/3/e26209ab57a9988b,1,200,487292,36.836,3601.858,135289
1787910220827,8a564192-88f8-6f49-375a-56a10565b2ea,/?crawl=181,0,200,348601,71.229,2377.332,146635
1787910219769,ac47686c-321d-867c-2827-06e9849b4857,/p/0/a4f2a48e46f7585,2,200,295015,462.405,3505.166,84166
1787910222827,9caa87a6-63f9-182e-5f14-b59782e63fbe,/?crawl=185,0,200,243966,26.253,453.984,537389
1787910221999,34551a5a-115c-9b17-89bc-e0783571b8b4,/p/8/1ab2c658b2152492,11,200,277636,109.771,1304.869,212769
1787910222810,b22108c2-3e1c-3fb6-ab64-c0e8f18baa13,/p/4/27aec41d73c67ab7,7,200,148041,93.221,595.962,248407
1787910223086,571e7041-48cc-42d0-213e-6fed6c2f16db,/p/0/6e56fa49869ce451,2,200,40902,36.443,364.823,112115
1787910221827,2f842279-d3ac-7494-7aab-4c4029ba93c4,/?crawl=183,0,200,422823,59.837,1634.191,258735
1787910218957,39b41ee3-7601-23f1-2631-650725ee5b10,/p/1/dce70b376f4a3bc7,2,200,226245,438.616,4533.264,49908
1787910206717,e7b16f51-3341-6422-abdd-50630d2997f9,/p/0/742b3da271b0e371,1,200,2671526,384.009,17026.197,156907
1787910219892,6f9c5d35-2792-1d60-554c-5c1ca4bb4050,/p/0/9bc49fa1dbb6a909,4,200,314259,398.015,3931.629,79931
1787910219769,ac47686c-321d-867c-2827-06e9849b4857,/p/1/a4f2948e46f73d2,2,200,378630,315.952,4149.499,91247
1787910220824,94ecf158-1b8f-bebe-971a-8f3ad16157a7,/p/0/6bc5a4f21502d711,4,200,147752,325.678,3312.452,44605
1787910221913,5f6e702d-dbb1-ddc2-7496-b4af82399011,/p/0/470f5dbeb2d1e640,1,200,329628,32.038,2351.922,140153
1787910219752,94ecf158-1b8f-bebe-971a-8f3ad16157a7,/p/0/29c084e17b11a52a,3,200,215009,496.313,4549.039,47265
1787910223304,34551a5a-115c-9b17-89bc-e0783571b8b4,/p/0/d159476fdbbbd8ed,12,200,69840,148.432,1001.697,69722
1787910221999,34551a5a-115c-9b17-89bc-e0783571b8b4,/p/0/1ab2c758b2152645,11,200,458532,99.378,2376.566,192939
1787910188239,0a02f36c-282b-eed8-c8ea-da6e09d12a51,/p/0/b3aaefe96cb19945,14,200,5922416,960.237,36142.806,163862
1787910221913,5f6e702d-dbb1-ddc2-7496-b4af82399011,/p/2/470f5ebeb2d1e7f3,1,200,372414,161.703,2480.890,150113
1787910221913,5f6e702d-dbb1-ddc2-7496-b4af82399011,/p/0/470f60beb2d1eb59,1,200,439062,96.585,2561.601,171401
1787910223919,ac47686c-321d-867c-2827-06e9849b4857,/p/0/e161f9d85d2e045c,3,200,25458,354.717,556.317,45762
1787910221522,f99a057d-4265-464a-1275-c552392e5629,/p/0/2d40cdf3884238fa,1,200,521857,39.059,2968.227,175814
1787910222383,1a504232-e6b4-5e75-449c-c40f2966781c,/p/0/5b7556f0fe8d9061,5,200,210876,1200.250,2108.790,99999
1787910221522,f99a057d-4265-464a-1275-c552392e5629,/p/0/2d40cbf388423594,1,200,447541,153.572,2970.879,150643
1787910223086,571e7041-48cc-42d0-213e-6fed6c2f16db,/p/2/6e56f849869ce0eb,2,200,263546,36.427,1458.670,180676
1787910223406,b22108c2-3e1c-3fb6-ab64-c0e8f18baa13,/p/0/3ec70f8dae80b60b,8,200,169785,87.360,1196.061,141953
1787910221522,f99a057d-4265-464a-1275-c552392e5629,/p/0/2d40ccf388423747,1,200,372162,115.322,3102.805,119944
1787910216902,1a504232-e6b4-5e75-449c-c40f2966781c,/p/0/9e529065793f05f9,3,200,2589999,287.241,7791.833,332399
1787910222254,64133af4-6f42-146b-9035-94218e38dbc9,/p/0/7f0ea8641b88d2ee,2,200,45822,252.337,2460.381,18624
1787910223406,b22108c2-3e1c-3fb6-ab64-c0e8f18baa13,/p/3/3ec7118dae80b971,8,200,296993,78.997,1375.765,215875
1787910224782,b22108c2-3e1c-3fb6-ab64-c0e8f18baa13,/p/0/cdf737353dded731,9,200,16763,103.849,126.485,132530
1787910223304,34551a5a-115c-9b17-89bc-e0783571b8b4,/p/7/d159456fdbbbd587,12,200,261372,148.396,1781.372,146725
1787910222810,b22108c2-3e1c-3fb6-ab64-c0e8f18baa13,/p/0/27aec31d73c67904,7,200,422314,72.760,2294.597,184047
1787910224827,e49b4ee7-4e13-bd1d-1313-5806ef6ad1f2,/?crawl=189,0,200,14364,212.411,325.024,44194
1787910219336,db35cebd-fd77-cf12-e315-d0ba551529d2,/p/0/28230a9299d8b805,1,200,386188,250.024,5827.366,66271
1787910203200,407c995c-84da-f786-dd41-e4e609aabe3b,/p/0/db2954b47409eea3,11,200,4200969,2238.931,22273.148,188611
1787910223406,b22108c2-3e1c-3fb6-ab64-c0e8f18baa13,/p/0/3ec7108dae80b7be,8,200,438083,79.111,2076.605,210961
1787910220986,89b3e9b2-5c13-83bd-0f75-05bc48e88e5e,/p/0/6919e1c85cea20f4,3,200,349404,252.367,4532.791,77084
1787910224393,5f6e702d-dbb1-ddc2-7496-b4af82399011,/p/0/79c0e1fe02577876,2,200,186490,80.594,1289.850,144583
1787910202117,202ca0a9-969d-e337-18b0-a8a1c747a4a6,/p/11/57d6c465875630f3,3,200,5811286,372.076,23625.758,245972
1787910222068,1a504232-e6b4-5e75-449c-c40f2966781c,/p/2/5b7554f0fe8d8cfb,5,200,2942252,882.880,3730.120,788782
1787910159027,cda6bc5a-e6d5-5aae-77a8-e148cb046c27,/p/0/f9fe4210cd05e49d,2,200,5840590,423.600,66793.746,87442
1787910161219,cda6bc5a-e6d5-5aae-77a8-e148cb046c27,/p/2/78e6aa3e8befadb6,3,200,6143316,346.983,64612.265,95080
1787910225832,cda6bc5a-e6d5-5aae-77a8-e148cb046c27,/p/0/e9bc0fd271d46bac,4,200,16296,1.636,2.405,6775391
1787910225827,056e65ec-143f-669f-54c4-c359c8bb4ba2,/?crawl=190,0,200,134949,33.602,277.982,485459
1787910209146,1a504232-e6b4-5e75-449c-c40f2966781c,/p/0/2681e72c1f450972,1,200,5002194,168.757,16967.914,294803
1787910222068,1a504232-e6b4-5e75-449c-c40f2966781c,/p/0/5b7553f0fe8d8b48,5,200,4016960,882.171,4071.805,986531
1787910219197,d562dbfa-e416-a92c-eb5b-040317304d8f,/p/0/76a185979aa18903,4,200,352326,562.455,6973.171,50526
1787910202743,d562dbfa-e416-a92c-eb5b-040317304d8f,/p/0/c4187ed31297bc09,2,200,2322860,561.874,23437.889,99107
1787910218957,39b41ee3-7601-23f1-2631-650725ee5b10,/p/0/dce70d376f4a3f2d,2,200,417075,80.769,7251.216,57518
1787910222920,bc400b67-5e11-4908-8113-215b7eb51394,/p/7/5c5925586b3a5789,2,200,94096,338.675,3412.856,27571
1787910222205,bc400b67-5e11-4908-8113-215b7eb51394,/p/0/df97787d35d660ae,1,200,313280,55.531,4129.151,75870
1787910222920,bc400b67-5e11-4908-8113-215b7eb51394,/p/0/5c5923586b3a5423,2,200,329898,205.672,3423.747,96356
1787910223829,ba52c45a-0d6b-8e9a-7ce5-5361c3297308,/?crawl=188,0,200,516598,74.834,2642.787,195475
1787910219752,94ecf158-1b8f-bebe-971a-8f3ad16157a7,/p/0/29c083e17b11a377,3,200,313705,530.363,6743.644,46519
1787910217618,94ecf158-1b8f-bebe-971a-8f3ad16157a7,/p/0/e103543d709e8aae,2,200,498447,166.561,8876.939,56151
1787910225832,cda6bc5a-e6d5-5aae-77a8-e148cb046c27,/p/0/e9bc12d271d470c5,4,200,297142,2.384,669.615,443750
1787910224782,b22108c2-3e1c-3fb6-ab64-c0e8f18baa13,/p/2/cdf736353dded57e,9,200,457740,78.059,1736.569,263589
1787910225742,202ca0a9-969d-e337-18b0-a8a1c747a4a6,/p/0/171abbe061cf7157,4,200,56042,55.778,856.247,65451
1787910211196,65d214dc-e787-2aae-26a6-d901ba3321b1,/p/8/b9ec3d89b3e00138,1,200,260798,1623.194,15421.898,16911
1787910218957,39b41ee3-7601-23f1-2631-650725ee5b10,/p/0/dce70a376f4a3a14,2,200,329532,398.777,7809.820,42195
1787910222254,64133af4-6f42-146b-9035-94218e38dbc9,/p/3/7f0ea6641b88cf88,2,200,242937,252.292,4553.766,53349
1787910224394,5f6e702d-dbb1-ddc2-7496-b4af82399011,/p/1/79c0dffe02577510,2,200,426716,160.513,2556.369,166923
1787910226334,bc400b67-5e11-4908-8113-215b7eb51394,/p/0/b19270f363b55bea,3,200,131222,204.504,642.930,204100
1787910226333,bc400b67-5e11-4908-8113-215b7eb51394,/p/6/b1926ef363b55884,3,200,262415,182.390,651.868,402559
1787910225085,34551a5a-115c-9b17-89bc-e0783571b8b4,/p/0/1e3201f09b5881fd,13,200,323662,139.108,1912.748,169213
1787910225799,1a504232-e6b4-5e75-449c-c40f2966781c,/p/1/7420d13376321be4,6,200,216859,341.788,1274.650,170132
1787910225798,1a504232-e6b4-5e75-449c-c40f2966781c,/p/0/7420d33376321f4a,6,200,508459,341.679,1280.829,396977
1787910225085,34551a5a-115c-9b17-89bc-e0783571b8b4,/p/6/1e31fff09b587e97,13,200,342777,108.490,2123.176,161445
1787910226519,b22108c2-3e1c-3fb6-ab64-c0e8f18baa13,/p/1/aef2782239524f06,10,200,139161,120.484,746.088,186521
1787910223281,9caa87a6-63f9-182e-5f14-b59782e63fbe,/p/0/7301cddaca7156c1,1,200,511243,213.927,4041.674,126493
1787910223281,9caa87a6-63f9-182e-5f14-b59782e63fbe,/p/0/7301cadaca7151a8,1,200,471750,51.789,4066.134,116019
1787910223919,ac47686c-321d-867c-2827-06e9849b4857,/p/0/e161fbd85d2e07c2,3,200,337479,306.082,3450.742,97799
1787910222205,bc400b67-5e11-4908-8113-215b7eb51394,/p/0/df97777d35d65efb,1,200,2297200,93.993,5210.488,440880
1787910224908,b22108c2-3e1c-3fb6-ab64-c0e8f18baa13,/p/0/cdf734353dded218,9,200,522882,108.188,2545.202,205438
1787910223490,39b41ee3-7601-23f1-2631-650725ee5b10,/p/0/fb37ad927414b864,3,200,144005,561.668,4030.804,35726
1787910224545,571e7041-48cc-42d0-213e-6fed6c2f16db,/p/1/876d6166a5366dcb,3,200,230310,207.461,3005.457,76631
1787910225085,34551a5a-115c-9b17-89bc-e0783571b8b4,/p/0/1e31fef09b587ce4,13,200,359208,97.635,2523.325,142355
1787910224545,571e7041-48cc-42d0-213e-6fed6c2f16db,/p/0/876d6366a5367131,3,200,251777,207.632,3102.717,81147
1787910227208,34551a5a-115c-9b17-89bc-e0783571b8b4,/p/0/2a0ae7d65e548b08,14,200,64251,101.258,456.493,140749
1787910227073,1a504232-e6b4-5e75-449c-c40f2966781c,/p/0/3763a7d688697e22,7,200,387136,335.629,753.375,513869
1787910226950,5f6e702d-dbb1-ddc2-7496-b4af82399011,/p/0/6d6a4723e1963ce7,3,200,88013,183.139,892.075,98661
1787910227073,1a504232-e6b4-5e75-449c-c40f2966781c,/p/0/3763a8d688697fd5,7,200,473078,335.141,827.875,571436
1787910227073,1a504232-e6b4-5e75-449c-c40f2966781c,/p/0/3763a6d688697c6f,7,200,436444,336.638,828.421,526839
1787910225799,1a504232-e6b4-5e75-449c-c40f2966781c,/p/0/7420d23376321d97,6,200,3197294,341.437,2129.247,1501608
1787910220824,94ecf158-1b8f-bebe-971a-8f3ad16157a7,/p/0/6bc5a1f21502d1f8,4,200,507393,271.845,7122.796,71235
1787910225742,202ca0a9-969d-e337-18b0-a8a1c747a4a6,/p/10/171abae061cf6fa4,4,200,340821,162.295,2228.409,152944
1787910226950,5f6e702d-dbb1-ddc2-7496-b4af82399011,/p/0/6d6a4823e1963e9a,3,200,127553,167.000,1053.360,121092
1787910227209,34551a5a-115c-9b17-89bc-e0783571b8b4,/p/5/2a0ae9d65e548e6e,14,200,93013,123.531,796.228,116817
1787910225742,202ca0a9-969d-e337-18b0-a8a1c747a4a6,/p/0/171abce061cf730a,4,200,222735,136.785,2309.835,96429
1787910227209,34551a5a-115c-9b17-89bc-e0783571b8b4,/p/0/2a0aead65e549021,14,200,130100,111.873,855.820,152018
1787910226950,5f6e702d-dbb1-ddc2-7496-b4af82399011,/p/0/6d6a4623e1963b34,3,200,151005,230.863,1248.636,120936
1787910226985,bc400b67-5e11-4908-8113-215b7eb51394,/p/0/1c6e17e6cdfa3685,4,200,230759,932.493,1258.340,183384
1787910226985,bc400b67-5e11-4908-8113-215b7eb51394,/p/0/1c6e14e6cdfa316c,4,200,252189,932.102,1259.940,200159
1787910225832,cda6bc5a-e6d5-5aae-77a8-e148cb046c27,/p/1/e9bc11d271d46f12,4,200,2854814,2.528,2526.875,1129780
1787910226807,64133af4-6f42-146b-9035-94218e38dbc9,/p/0/d740533841409e47,3,200,51403,554.784,1586.171,32407
1787910203286,92fc7929-54a8-b7cf-82d7-0ca1e3ebc787,/p/0/d27c51873fb2eb6,1,200,2586771,132.242,25120.683,102974
1787910223490,39b41ee3-7601-23f1-2631-650725ee5b10,/p/0/fb37b0927414bd7d,3,200,246422,561.543,4989.584,49387
1787910223490,39b41ee3-7601-23f1-2631-650725ee5b10,/p/0/fb37af927414bbca,3,200,195142,442.480,5029.024,38803
1787910226518,b22108c2-3e1c-3fb6-ab64-c0e8f18baa13,/p/0/aef2762239524ba0,10,200,396586,88.533,2126.926,186460
1787910223205,8a564192-88f8-6f49-375a-56a10565b2ea,/p/0/c0ab21511cdd2ba7,1,200,282650,206.867,5458.180,51785
1787910227551,571e7041-48cc-42d0-213e-6fed6c2f16db,/p/0/df224198045cd6cf,4,200,103111,214.771,1168.188,88266
1787910210089,b22108c2-3e1c-3fb6-ab64-c0e8f18baa13,/p/0/817cfcdaa0d44fa9,2,200,4758863,24.942,18730.539,254070
1787910214517,edc5b198-1eea-9f91-8df1-351f156ad215,/p/0/d0e046d53f866f7a,5,200,198440,730.664,14454.055,13729
1787910227971,202ca0a9-969d-e337-18b0-a8a1c747a4a6,/p/0/39c39c581a87f17e,5,200,417365,190.952,1003.229,416022
1787910227971,202ca0a9-969d-e337-18b0-a8a1c747a4a6,/p/9/39c39a581a87ee18,5,200,432641,109.083,1004.129,430862
1787910228005,34551a5a-115c-9b17-89bc-e0783571b8b4,/p/0/2eb2b408bb89b2e,15,200,109272,100.465,1028.876,106205
1787910223461,2f842279-d3ac-7494-7aab-4c4029ba93c4,/p/0/e77fca0c46131467,1,200,479262,55.077,5683.930,84319
1787910223461,2f842279-d3ac-7494-7aab-4c4029ba93c4,/p/23/e77fcc0c461317cd,1,200,377638,81.114,5827.913,64798
1787910227454,b22108c2-3e1c-3fb6-ab64-c0e8f18baa13,/p/0/512b2a14e1c19b6e,11,200,362567,140.337,1846.148,196391
1787910228005,34551a5a-115c-9b17-89bc-e0783571b8b4,/p/4/2eb29408bb897c8,15,200,284756,100.371,1394.467,204204
1787910228359,cda6bc5a-e6d5-5aae-77a8-e148cb046c27,/p/0/6ba2158f3f292a7b,5,200,40506,230.964,1111.550,36441
1787910226333,bc400b67-5e11-4908-8113-215b7eb51394,/p/0/b1926ff363b55a37,3,200,2130266,182.427,3256.696,654119
1787910228975,202ca0a9-969d-e337-18b0-a8a1c747a4a6,/p/8/3e91187b67bf153a,6,200,206891,314.879,633.620,326522
1787910228975,202ca0a9-969d-e337-18b0-a8a1c747a4a6,/p/0/3e91197b67bf16ed,6,200,308716,315.182,642.747,480307
1787910228975,202ca0a9-969d-e337-18b0-a8a1c747a4a6,/p/0/3e91167b67bf11d4,6,200,514483,314.064,661.411,777857
1787910227551,571e7041-48cc-42d0-213e-6fed6c2f16db,/p/0/df224298045cd882,4,200,122348,214.778,2097.095,58342
1787910193255,88ba8b3a-d142-75de-c30e-f5e7f764e17b,/p/0/f22cdf2d5fdfcc42,3,200,442786,1302.263,37084.492,11940
1787910202634,7e10bbab-f605-815d-df81-10b3ba79674b,/p/0/9950bcea44785571,3,200,5318377,136.007,27728.016,191805
1787910226807,64133af4-6f42-146b-9035-94218e38dbc9,/p/2/d740523841409c94,3,200,128439,271.393,3587.336,35803
1787910227551,571e7041-48cc-42d0-213e-6fed6c2f16db,/p/0/df224398045cda35,4,200,289273,196.968,2910.708,99382
1787910229827,9cfee087-4ea9-49c7-a4be-32feb12c5798,/?crawl=191,0,200,378455,27.801,658.308,574890
1787910229609,202ca0a9-969d-e337-18b0-a8a1c747a4a6,/p/7/47f603d4cfe2947d,7,200,45621,973.877,974.804,46800
1787910229609,202ca0a9-969d-e337-18b0-a8a1c747a4a6,/p/0/47f602d4cfe292ca,7,200,291807,973.182,987.267,295570
1787910229399,34551a5a-115c-9b17-89bc-e0783571b8b4,/p/0/1d98988e74dc88a2,16,200,168878,98.215,1531.671,110257
1787910208133,5d1302d4-5607-08c1-055f-739ccda90560,/p/0/5408b7cedc14b852,3,200,4405666,212.690,22802.740,193208
1787910229289,2f842279-d3ac-7494-7aab-4c4029ba93c4,/p/22/1dd49a7c83bc8dfa,2,200,118047,273.643,2088.044,56535
1787910230395,64133af4-6f42-146b-9035-94218e38dbc9,/p/0/36cbc49f4a99a2e4,4,200,245673,951.343,1004.730,244516
1787910222920,bc400b67-5e11-4908-8113-215b7eb51394,/p/0/5c5924586b3a55d6,2,200,5135169,186.866,8504.295,603832
1787910230827,b4cfb06a-6eb5-9fac-37a9-695d7a454313,/?crawl=194,0,200,203607,46.376,640.181,318046
1787910230584,202ca0a9-969d-e337-18b0-a8a1c747a4a6,/p/0/46285d18c5263077,8,200,163002,333.760,1087.902,149831
1787910230584,202ca0a9-969d-e337-18b0-a8a1c747a4a6,/p/0/46285e18c526322a,8,200,254513,332.904,1088.570,233805
1787910228359,cda6bc5a-e6d5-5aae-77a8-e148cb046c27,/p/0/6ba2168f3f292c2e,5,200,318212,78.539,3419.570,93056
1787910228359,cda6bc5a-e6d5-5aae-77a8-e148cb046c27,/p/0/6ba2178f3f292de1,5,200,306917,230.970,3573.525,85886
1787910230828,1e17e678-7ea3-9d34-cd83-e1b887f0e788,/?crawl=192,0,200,465389,46.963,1392.106,334306
1787910224394,5f6e702d-dbb1-ddc2-7496-b4af82399011,/p/0/79c0e0fe025776c3,2,200,2595592,160.524,8024.681,323451
1787910231827,65ed3daa-6c5b-6cb3-d4db-d590ff374c7c,/?crawl=195,0,200,250591,44.452,706.674,354606
1787910227971,202ca0a9-969d-e337-18b0-a8a1c747a4a6,/p/0/39c39b581a87efcb,5,200,4297325,244.589,4735.201,907527
1787910232827,299766e6-2fcb-f204-7283-7b83bd92ea2e,/?crawl=197,0,200,151497,21.023,186.705,811425
1787910232534,65ed3daa-6c5b-6cb3-d4db-d590ff374c7c,/p/0/d21cebd5b7ea4878,1,200,72209,220.352,717.752,100604
1787910213666,7e10bbab-f605-815d-df81-10b3ba79674b,/p/0/efb5762649769c28,6,200,3574183,152.994,19949.735,179159
1787910225152,e49b4ee7-4e13-bd1d-1313-5806ef6ad1f2,/p/0/2558786478057e75,1,200,243499,246.372,8547.905,28486
1787910226985,bc400b67-5e11-4908-8113-215b7eb51394,/p/5/1c6e15e6cdfa331f,4,200,3972779,932.376,6740.071,589427
1787910232827,c196aeca-6621-7424-f662-7602b8ae6529,/?crawl=198,0,200,523155,30.655,929.232,562997
1787910208165,edc5b198-1eea-9f91-8df1-351f156ad215,/p/0/97aec2abb49e36c4,4,200,435523,293.577,25597.495,17014
1787910232534,65ed3daa-6c5b-6cb3-d4db-d590ff374c7c,/p/0/d21ceed5b7ea4d91,1,200,232888,40.409,1237.714,188160
1787910232827,f57d019f-4a26-54d3-f218-dbf45fb6506f,/?crawl=199,0,200,296780,56.000,1081.468,274423
1787910232220,1e17e678-7ea3-9d34-cd83-e1b887f0e788,/p/0/8c5bedee75bb2e17,1,200,151001,43.115,1902.846,79355
1787910209740,7e10bbab-f605-815d-df81-10b3ba79674b,/p/0/e6a4d8af2b30aa87,4,200,4737101,110.881,24724.905,191592
1787910233725,bc400b67-5e11-4908-8113-215b7eb51394,/p/4/8a5251bb6c2b6eb0,5,200,74252,38.052,740.325,100296
1787910219336,db35cebd-fd77-cf12-e315-d0ba551529d2,/p/3/2823099299d8b652,1,200,5799281,250.056,15165.320,382404
1787910233827,8391ccf6-cadc-0903-6c3b-9a115727777f,/?crawl=201,0,200,341169,38.090,806.053,423259
1787910159756,b4adaf70-07f6-7a64-9577-306cbff66ac6,/p/0/ba327611a4306525,4,200,5332758,413.836,74973.243,71129
1787910234466,bc400b67-5e11-4908-8113-215b7eb51394,/p/0/8fa81271e3f11872,6,200,42033,224.319,468.770,89667
1787910232534,65ed3daa-6c5b-6cb3-d4db-d590ff374c7c,/p/1/d21cedd5b7ea4bde,1,200,245351,220.450,2463.651,99588
1787910232220,1e17e678-7ea3-9d34-cd83-e1b887f0e788,/p/0/8c5becee75bb2c64,1,200,280088,191.365,2992.899,93584
1787910230584,202ca0a9-969d-e337-18b0-a8a1c747a4a6,/p/6/46285f18c52633dd,8,200,5447448,333.238,4758.449,1144795
1787910229609,202ca0a9-969d-e337-18b0-a8a1c747a4a6,/p/0/47f601d4cfe29117,7,200,5566792,973.269,5733.703,970890
1787910235342,202ca0a9-969d-e337-18b0-a8a1c747a4a6,/p/0/13c13ed3718896b7,9,200,25627,2.456,4.989,5136533
1787910235342,202ca0a9-969d-e337-18b0-a8a1c747a4a6,/p/5/13c13dd371889504,9,200,97347,2.394,5.699,17080564
1787910233725,bc400b67-5e11-4908-8113-215b7eb51394,/p/0/8a5253bb6c2b7216,5,200,206047,76.106,1639.065,125710
1787910223281,9caa87a6-63f9-182e-5f14-b59782e63fbe,/p/9/7301cbdaca71535b,1,200,5802065,25.368,12101.901,479434
1787910198248,bdc3760a-7816-6e4e-660f-cc91c678b82f,/p/0/fabf9d5bc217307e,4,200,4575860,347.533,37142.046,123199
1787910214517,edc5b198-1eea-9f91-8df1-351f156ad215,/p/0/d0e045d53f866dc7,5,200,349823,730.763,20951.137,16697
1787910234466,bc400b67-5e11-4908-8113-215b7eb51394,/p/0/8fa81171e3f116bf,6,200,132315,224.413,1123.507,117770
1787910220254,3b749c58-6ab7-9e3a-6b7d-15a638eaf40e,/p/5/84fe10617d1733f5,7,200,2176387,569.781,15375.264,141551
1787910235342,202ca0a9-969d-e337-18b0-a8a1c747a4a6,/p/0/13c13fd37188986a,9,200,405001,1.690,314.203,1288978
1787910233725,bc400b67-5e11-4908-8113-215b7eb51394,/p/0/8a5252bb6c2b7063,5,200,205528,188.484,1940.425,105919
1787910235348,202ca0a9-969d-e337-18b0-a8a1c747a4a6,/p/0/913f2e9b67faabf8,10,200,78094,308.293,344.810,226484
1787910232220,1e17e678-7ea3-9d34-cd83-e1b887f0e788,/p/0/8c5befee75bb317d,1,200,437968,43.163,3482.757,125753
1787910212882,7e10bbab-f605-815d-df81-10b3ba79674b,/p/1/efb5782649769f8e,6,200,4910630,186.310,22852.958,214879
1787910235383,9caa87a6-63f9-182e-5f14-b59782e63fbe,/p/0/bae9d15ea4669f09,2,200,94324,48.157,369.264,255438
1787910235348,202ca0a9-969d-e337-18b0-a8a1c747a4a6,/p/4/913f2f9b67faadab,10,200,213323,308.742,525.490,405950
1787910220824,94ecf158-1b8f-bebe-971a-8f3ad16157a7,/p/6/6bc5a3f21502d55e,4,200,2647649,353.331,15194.054,174256
1787910235348,202ca0a9-969d-e337-18b0-a8a1c747a4a6,/p/0/913f319b67fab111,10,200,475505,308.877,844.110,563321
1787910235873,202ca0a9-969d-e337-18b0-a8a1c747a4a6,/p/3/74999a70638066ee,11,200,183204,318.664,325.073,563578
1787910234466,bc400b67-5e11-4908-8113-215b7eb51394,/p/3/8fa81071e3f1150c,6,200,288989,335.232,1747.059,165415
1787910223830,ab4a83dd-0dfa-3d69-8df4-8de38b64f109,/?crawl=187,0,200,3484475,49.608,12469.443,279441
1787910210996,b22108c2-3e1c-3fb6-ab64-c0e8f18baa13,/p/0/70e59a11553943a0,4,200,6289364,87.371,25369.945,247906
1787910196200,d562dbfa-e416-a92c-eb5b-040317304d8f,/p/0/b5f4f8ac96bef0b8,1,200,3739437,405.435,40255.346,92893
1787910221800,64133af4-6f42-146b-9035-94218e38dbc9,/p/0/541577aeb178236d,1,200,2809745,50.783,14671.330,191513
1787910221800,64133af4-6f42-146b-9035-94218e38dbc9,/p/0/541574aeb1781e54,1,200,3259000,352.063,14685.152,221925
1787910231377,2f842279-d3ac-7494-7aab-4c4029ba93c4,/p/0/f6c5ff42bd7a1958,3,200,221680,361.572,5210.942,42541
1787910214645,3b749c58-6ab7-9e3a-6b7d-15a638eaf40e,/p/0/1bc53cc92e6536b3,6,200,3301368,266.671,21943.205,150451
1787910213512,3b749c58-6ab7-9e3a-6b7d-15a638eaf40e,/p/0/226344e1bcadf5b4,5,200,3514993,292.070,23078.332,152307
1787910235735,7e10bbab-f605-815d-df81-10b3ba79674b,/p/0/e85d10215e00c7b7,7,200,218160,22.675,952.557,229026
1787910235735,7e10bbab-f605-815d-df81-10b3ba79674b,/p/0/e85d11215e00c96a,7,200,210544,109.023,1083.976,194233
1787910236827,99c5119e-69b6-df31-d497-e801a8e4faec,/?crawl=202,0,200,9253,50.944,73.054,126659
1787910235873,202ca0a9-969d-e337-18b0-a8a1c747a4a6,/p/0/74999b70638068a1,11,200,520634,318.461,1027.366,506766
1787910235629,3b749c58-6ab7-9e3a-6b7d-15a638eaf40e,/p/0/dcdcd8dd61e51bf4,8,200,173916,983.984,1304.131,133358
1787910235629,3b749c58-6ab7-9e3a-6b7d-15a638eaf40e,/p/4/dcdcdadd61e51f5a,8,200,201642,983.873,1319.039,152870
1787910234998,65ed3daa-6c5b-6cb3-d4db-d590ff374c7c,/p/0/8475bc05f40ad239,2,200,197844,254.354,2034.281,97255
1787910228005,34551a5a-115c-9b17-89bc-e0783571b8b4,/p/0/2eb2a408bb8997b,15,200,2431092,109.716,9153.347,265596
1787910236199,202ca0a9-969d-e337-18b0-a8a1c747a4a6,/p/0/ecfdee908df499e6,12,200,262151,760.171,1042.222,251531
1787910231377,2f842279-d3ac-7494-7aab-4c4029ba93c4,/p/21/f6c60142bd7a1cbe,3,200,278979,420.235,5923.331,47098
1787910231467,b4cfb06a-6eb5-9fac-37a9-695d7a454313,/p/0/658742334c85403e,1,200,419162,227.108,5839.244,71784
1787910234997,65ed3daa-6c5b-6cb3-d4db-d590ff374c7c,/p/0/8475ba05f40aced3,2,200,345700,116.131,2331.070,148301
1787910234998,65ed3daa-6c5b-6cb3-d4db-d590ff374c7c,/p/0/8475b905f40acd20,2,200,331603,38.053,2408.002,137709
1787910236213,bc400b67-5e11-4908-8113-215b7eb51394,/p/0/bb6d48f2ab2c628e,7,200,164050,56.130,1218.076,134680
1787910226807,64133af4-6f42-146b-9035-94218e38dbc9,/p/0/d740543841409ffa,3,200,2962959,247.274,10639.374,278490
1787910235383,9caa87a6-63f9-182e-5f14-b59782e63fbe,/p/8/bae9cf5ea4669ba3,2,200,518900,129.788,2175.952,238470
1787910233909,f57d019f-4a26-54d3-f218-dbf45fb6506f,/p/0/8473995f657e7545,1,200,235001,153.621,3674.926,63947
1787910232827,7cfcc10e-7cf4-e553-a2b5-7d69bb55a7f9,/?crawl=196,0,200,6248313,11.994,4787.403,1305157
1787910235629,3b749c58-6ab7-9e3a-6b7d-15a638eaf40e,/p/0/dcdcdbdd61e5210d,8,200,518895,983.731,2009.379,258237
1787910222254,64133af4-6f42-146b-9035-94218e38dbc9,/p/0/7f0ea7641b88d13b,2,200,3398981,301.034,15515.541,219069
1787910237615,7cfcc10e-7cf4-e553-a2b5-7d69bb55a7f9,/p/0/3eb29a78234f5931,1,200,164521,10.783,178.347,922477
1787910231467,b4cfb06a-6eb5-9fac-37a9-695d7a454313,/p/1/658743334c8541f1,1,200,503305,64.335,6329.590,79516
1787910220254,3b749c58-6ab7-9e3a-6b7d-15a638eaf40e,/p/0/84fe0f617d173242,7,200,5330143,743.880,17637.277,302209
1787910236948,3b749c58-6ab7-9e3a-6b7d-15a638eaf40e,/p/0/7dd5648d9cc4385,9,200,54872,943.036,946.857,57952
1787910213348,ac47686c-321d-867c-2827-06e9849b4857,/p/0/da79b21c476cdaa0,1,200,3565798,47.502,24578.110,145080
1787910236948,3b749c58-6ab7-9e3a-6b7d-15a638eaf40e,/p/0/7dd5348d9cc3e6c,9,200,425165,943.198,1030.922,412412
1787910233909,f57d019f-4a26-54d3-f218-dbf45fb6506f,/p/1/8473985f657e7392,1,200,350787,153.660,4084.270,85887
1787910236018,94ecf158-1b8f-bebe-971a-8f3ad16157a7,/p/0/694c2fe9c6aa24d2,5,200,138134,54.619,2005.406,68881
1787910223829,582d7278-74d9-8c9f-5186-81aaf9b6603f,/?crawl=186,0,200,4731216,66.096,14246.225,332103
1787910231467,b4cfb06a-6eb5-9fac-37a9-695d7a454313,/p/0/658741334c853e8b,1,200,482587,41.917,6636.188,72721
1787910237797,b4cfb06a-6eb5-9fac-37a9-695d7a454313,/p/0/3e3d72b9c3528f3a,2,200,39229,220.388,372.682,105261
1787910237797,b4cfb06a-6eb5-9fac-37a9-695d7a454313,/p/0/3e3d71b9c3528d87,2,200,5401,349.847,417.915,12924
1787910237615,7cfcc10e-7cf4-e553-a2b5-7d69bb55a7f9,/p/3/3eb29878234f55cb,1,200,397671,77.534,635.760,625505
1787910236213,bc400b67-5e11-4908-8113-215b7eb51394,/p/2/bb6d49f2ab2c6441,7,200,398071,37.388,2040.533,195082
1787910238250,7cfcc10e-7cf4-e553-a2b5-7d69bb55a7f9,/p/0/db92ca954877df8a,2,200,41469,57.571,131.392,315613
1787910230827,e9dc3f40-d06f-88e9-70ce-0f74670c99d8,/?crawl=193,0,200,2379397,43.118,7627.046,311968
1787910238075,582d7278-74d9-8c9f-5186-81aaf9b6603f,/p/4/66c21385f0c496e,1,200,285801,21.337,382.067,748039
1787910238075,582d7278-74d9-8c9f-5186-81aaf9b6603f,/p/0/66c1f385f0c4608,1,200,301298,1.945,402.373,748803
1787910238075,582d7278-74d9-8c9f-5186-81aaf9b6603f,/p/0/66c22385f0c4b21,1,200,368085,3.017,414.038,889012
1787910238457,582d7278-74d9-8c9f-5186-81aaf9b6603f,/p/0/3bf96271fdfa887,2,200,45228,32.169,123.773,365412
1787910237559,9caa87a6-63f9-182e-5f14-b59782e63fbe,/p/0/a70e118090674957,3,200,106065,138.842,1052.396,100784
1787910238454,e9dc3f40-d06f-88e9-70ce-0f74670c99d8,/p/0/f8f19890e1203804,1,200,63209,38.439,205.983,306865
1787910230395,64133af4-6f42-146b-9035-94218e38dbc9,/p/1/36cbc59f4a99a497,4,200,3618319,951.368,8290.566,436438
1787910231400,64133af4-6f42-146b-9035-94218e38dbc9,/p/0/36cbc79f4a99a7fd,4,200,3777317,594.283,7288.436,518262
1787910212452,70836bff-40f2-1f0f-7dfa-3dcce2efeb0b,/p/0/3248d837a1cd514f,10,200,5006209,322.646,26243.508,190760
1787910236949,3b749c58-6ab7-9e3a-6b7d-15a638eaf40e,/p/3/7dd5448d9cc401f,9,200,504559,942.698,1810.052,278754
1787910236018,94ecf158-1b8f-bebe-971a-8f3ad16157a7,/p/0/694c2ee9c6aa231f,5,200,207604,245.217,2769.549,74960
1787910238250,7cfcc10e-7cf4-e553-a2b5-7d69bb55a7f9,/p/0/db92c9954877ddd7,2,200,297367,67.141,589.134,504752
1787910238250,7cfcc10e-7cf4-e553-a2b5-7d69bb55a7f9,/p/2/db92cb954877e13d,2,200,258972,66.995,589.193,439537
1787910238457,582d7278-74d9-8c9f-5186-81aaf9b6603f,/p/0/3bf97271fdfaa3a,2,200,201857,32.018,402.865,501054
1787910233909,f57d019f-4a26-54d3-f218-dbf45fb6506f,/p/0/8473965f657e702c,1,200,460390,50.772,4957.860,92861
1787910209635,92fc7929-54a8-b7cf-82d7-0ca1e3ebc787,/p/0/9fe43e62a299219,4,200,2962145,141.230,29277.960,101173
1787910238686,64133af4-6f42-146b-9035-94218e38dbc9,/p/0/cca7c466356164a4,5,200,14295,222.887,249.452,57306
1787910238840,7cfcc10e-7cf4-e553-a2b5-7d69bb55a7f9,/p/1/479cc2431fc59b89,3,200,19023,70.089,164.446,115679
1787910238840,7cfcc10e-7cf4-e553-a2b5-7d69bb55a7f9,/p/0/479cc0431fc59823,3,200,83712,63.160,245.773,340607
1787910239004,7cfcc10e-7cf4-e553-a2b5-7d69bb55a7f9,/p/0/78ff80b18b73fb45,4,200,7000,61.612,81.089,86325
1787910237559,9caa87a6-63f9-182e-5f14-b59782e63fbe,/p/7/a70e1080906747a4,3,200,277909,138.791,1545.260,179846
1787910225152,e49b4ee7-4e13-bd1d-1313-5806ef6ad1f2,/p/1/2558766478057b0f,1,200,245070,1554.294,14266.870,17178
1787910238454,e9dc3f40-d06f-88e9-70ce-0f74670c99d8,/p/0/f8f19a90e1203b6a,1,200,147061,205.953,1136.799,129364
1787910227265,b22108c2-3e1c-3fb6-ab64-c0e8f18baa13,/p/0/512b2b14e1c19d21,11,200,3429819,80.174,12411.985,276331
1787910147402,bcd4ed17-009f-a3dd-d16f-419d96ba6ee3,/p/22/e0155b9db34b2e3a,2,200,5532286,724.242,92310.164,59931
1787910226519,b22108c2-3e1c-3fb6-ab64-c0e8f18baa13,/p/0/aef27922395250b9,10,200,3415547,74.009,13203.498,258685
1787910219933,34551a5a-115c-9b17-89bc-e0783571b8b4,/p/0/92f558abd3189f8d,9,200,5091648,181.772,19790.281,257280
1787910236018,94ecf158-1b8f-bebe-971a-8f3ad16157a7,/p/5/694c30e9c6aa2685,5,200,504383,217.908,3782.655,133341
1787910237993,f57d019f-4a26-54d3-f218-dbf45fb6506f,/p/0/7e442c8a9342a285,2,200,153634,256.631,1847.592,83154
1787910239004,7cfcc10e-7cf4-e553-a2b5-7d69bb55a7f9,/p/0/78ff7fb18b73f992,4,200,233296,66.976,936.593,249090
1787910236213,bc400b67-5e11-4908-8113-215b7eb51394,/p/0/bb6d47f2ab2c60db,7,200,458400,74.515,3734.760,122739
1787910205605,92fc7929-54a8-b7cf-82d7-0ca1e3ebc787,/p/0/3648dd4988b5bf20,2,200,3541514,226.060,34462.344,102765
1787910238457,582d7278-74d9-8c9f-5186-81aaf9b6603f,/p/3/3bf98271fdfabed,2,200,2106571,123.439,1631.116,1291491
1787910239004,7cfcc10e-7cf4-e553-a2b5-7d69bb55a7f9,/p/0/78ff7eb18b73f7df,4,200,392644,57.496,1168.484,336029
1787910238253,bc400b67-5e11-4908-8113-215b7eb51394,/p/0/88b6473ed3a6c4aa,8,200,131068,185.130,1982.915,66099
1787910235735,7e10bbab-f605-815d-df81-10b3ba79674b,/p/0/e85d0f215e00c604,7,200,2808973,108.817,4588.610,612162
1787910239828,a171fcac-f691-8af3-f13b-08c3ca9d8a09,/?crawl=203,0,200,183027,60.275,564.044,324491
1787910234501,db35cebd-fd77-cf12-e315-d0ba551529d2,/p/0/d6c3bfed7b656bca,2,200,436820,158.463,5923.322,73746
1787910223919,ac47686c-321d-867c-2827-06e9849b4857,/p/0/e161fad85d2e060f,3,200,2729496,445.523,16511.171,165312
1787910226618,65d214dc-e787-2aae-26a6-d901ba3321b1,/p/0/93f3cfaa43d8cf6a,2,200,226145,623.025,13906.340,16262
1787910216571,53461352-1ef1-cff3-5064-81b8e3b79826,/p/0/b9406f1007293315,5,200,3810518,40.115,24113.284,158026
1787910240392,a171fcac-f691-8af3-f13b-08c3ca9d8a09,/p/0/33c40e4be109d8d7,1,200,64517,45.146,306.654,210390
1787910239801,94ecf158-1b8f-bebe-971a-8f3ad16157a7,/p/4/c1546faffef041ba,6,200,103055,82.449,903.547,114056
1787910222399,65126b3c-9e51-13e4-c8fc-1abf5045a9a5,/p/0/bb8d5cf02e73a8ff,1,200,489103,638.917,18364.088,26634
1787910215554,465a32fe-089b-66e1-743d-6bf81e48bcc9,/p/0/cd000b943ac3838d,3,200,174984,514.441,25292.259,6918
1787910240392,a171fcac-f691-8af3-f13b-08c3ca9d8a09,/p/1/33c40d4be109d724,1,200,31805,218.161,497.456,63935
1787910234501,db35cebd-fd77-cf12-e315-d0ba551529d2,/p/0/d6c3beed7b656a17,2,200,436130,483.750,6733.994,64765
1787910229399,34551a5a-115c-9b17-89bc-e0783571b8b4,/p/3/1d98998e74dc8a55,16,200,3482363,98.208,11892.190,292828
1787910238253,bc400b67-5e11-4908-8113-215b7eb51394,/p/0/88b6463ed3a6c2f7,8,200,504229,185.091,3331.271,151362
1787910237993,f57d019f-4a26-54d3-f218-dbf45fb6506f,/p/0/7e44298a93429d6c,2,200,405716,256.623,3643.361,111358
1787910238686,64133af4-6f42-146b-9035-94218e38dbc9,/p/0/cca7c56635616657,5,200,452457,421.354,3189.745,141847
1787910222399,65126b3c-9e51-13e4-c8fc-1abf5045a9a5,/p/0/bb8d5df02e73aab2,1,200,433331,209.961,19588.703,22121
1787910228645,b22108c2-3e1c-3fb6-ab64-c0e8f18baa13,/p/0/512b2914e1c199bb,11,200,5343249,103.272,13363.660,399834
1787910238759,3b749c58-6ab7-9e3a-6b7d-15a638eaf40e,/p/0/82b5a06b8055cf63,10,200,480219,51.154,3565.263,134694
1787910241292,34551a5a-115c-9b17-89bc-e0783571b8b4,/p/2/362cf231b8e6af3b,17,200,163098,109.153,1145.202,142419
1787910240704,94ecf158-1b8f-bebe-971a-8f3ad16157a7,/p/3/6f1749be68f4c749,7,200,117152,298.742,1743.714,67185
1787910233827,e09a31d1-a55b-5bee-97eb-fdbb3e7de301,/?crawl=200,0,200,4779793,33.953,8785.881,544031
1787910239105,9caa87a6-63f9-182e-5f14-b59782e63fbe,/p/6/560a4defdad70981,4,200,473281,164.410,3605.392,131270
1787910242827,1b2a4302-396a-16af-5c92-03547010d29c,/?crawl=207,0,200,144245,24.704,208.703,691149
1787910241828,2f620a10-e898-7df5-5c5d-d659db1f523c,/?crawl=206,0,200,353983,50.921,1215.311,291269
1787910241292,34551a5a-115c-9b17-89bc-e0783571b8b4,/p/0/362cf131b8e6ad88,17,200,196532,99.087,1826.561,107597
1787910241828,90ed1c25-9021-447c-eb85-53f34f9e58b2,/?crawl=205,0,200,338772,60.269,1323.535,255960
1787910238759,3b749c58-6ab7-9e3a-6b7d-15a638eaf40e,/p/2/82b5a26b8055d2c9,10,200,506261,247.172,4406.963,114878
1787910242613,e09a31d1-a55b-5bee-97eb-fdbb3e7de301,/p/0/ee030b649edab5f7,1,200,450849,3.629,615.411,732598
1787910242613,e09a31d1-a55b-5bee-97eb-fdbb3e7de301,/p/0/ee030c649edab7aa,1,200,380484,2.356,616.811,616857
1787910242613,e09a31d1-a55b-5bee-97eb-fdbb3e7de301,/p/4/ee030d649edab95d,1,200,267728,3.430,617.068,433871
1787910243230,e09a31d1-a55b-5bee-97eb-fdbb3e7de301,/p/3/c638e9289f8e432a,2,200,46648,3.103,5.679,8213918
1787910243036,1b2a4302-396a-16af-5c92-03547010d29c,/p/0/e61ab8d58e9e008b,1,200,68556,31.724,240.775,284730
1787910219197,d562dbfa-e416-a92c-eb5b-040317304d8f,/p/2/76a184979aa18750,4,200,2825113,563.016,24319.860,116165
1787910240089,582d7278-74d9-8c9f-5186-81aaf9b6603f,/p/2/2cb04dddf0b5cd67,3,200,140644,773.346,3600.527,39062
1787910237615,7cfcc10e-7cf4-e553-a2b5-7d69bb55a7f9,/p/0/3eb29778234f5418,1,200,4192243,72.887,6090.573,688317
1787910231377,2f842279-d3ac-7494-7aab-4c4029ba93c4,/p/0/f6c60242bd7a1e71,3,200,480917,362.115,12394.940,38799
1787910235873,202ca0a9-969d-e337-18b0-a8a1c747a4a6,/p/0/7499987063806388,11,200,4515637,319.055,7992.337,564996
1787910237993,f57d019f-4a26-54d3-f218-dbf45fb6506f,/p/0/7e442a8a93429f1f,2,200,3831149,256.561,5967.968,641952
1787910226618,65d214dc-e787-2aae-26a6-d901ba3321b1,/p/0/93f3ceaa43d8cdb7,2,200,212852,1576.464,17403.562,12230
1787910217686,53461352-1ef1-cff3-5064-81b8e3b79826,/p/0/907e5006fd17a05f,6,200,4287276,99.188,26354.677,162676
1787910243036,1b2a4302-396a-16af-5c92-03547010d29c,/p/0/e61ab9d58e9e023e,1,200,421418,20.699,1037.193,406306
1787910239104,9caa87a6-63f9-182e-5f14-b59782e63fbe,/p/0/560a4befdad7061b,4,200,474092,164.462,4972.513,95343
1787910243230,e09a31d1-a55b-5bee-97eb-fdbb3e7de301,/p/0/c638e7289f8e3fc4,2,200,244469,329.165,964.187,253549
1787910243236,e09a31d1-a55b-5bee-97eb-fdbb3e7de301,/p/0/ae1c69f1f0e5360,3,200,22770,958.310,960.470,23707
1787910242827,20bed0a1-3b3f-3aa7-097e-0ad416139e92,/?crawl=210,0,200,429841,51.368,1450.428,296355
1787910244278,20bed0a1-3b3f-3aa7-097e-0ad416139e92,/p/0/1d3df178d5a6e19a,1,200,5533,47.705,71.798,77064
1787910243236,e09a31d1-a55b-5bee-97eb-fdbb3e7de301,/p/0/ae1c99f1f0e5879,3,200,421831,958.776,1193.129,353550
1787910243236,e09a31d1-a55b-5bee-97eb-fdbb3e7de301,/p/2/ae1c79f1f0e5513,3,200,222785,958.404,1197.222,186085
1787910242437,34551a5a-115c-9b17-89bc-e0783571b8b4,/p/0/f3efcc87a2de9cbe,18,200,246150,750.752,2026.461,121468
1787910240089,582d7278-74d9-8c9f-5186-81aaf9b6603f,/p/0/2cb04fddf0b5d0cd,3,200,165884,773.165,4405.005,37658
1787910242437,34551a5a-115c-9b17-89bc-e0783571b8b4,/p/1/f3efcd87a2de9e71,18,200,156635,732.409,2260.496,69292
1787910244697,34551a5a-115c-9b17-89bc-e0783571b8b4,/p/0/e29dc01444b24f17,19,200,38297,113.481,284.853,134445
1787910224545,571e7041-48cc-42d0-213e-6fed6c2f16db,/p/0/876d6066a5366c18,3,200,3394105,187.015,20440.174,166051
1787910238840,7cfcc10e-7cf4-e553-a2b5-7d69bb55a7f9,/p/0/479cc1431fc599d6,3,200,5691022,69.918,6195.560,918565
1787910239801,94ecf158-1b8f-bebe-971a-8f3ad16157a7,/p/0/c1546daffef03e54,6,200,303500,55.734,5247.286,57839
1787910242448,94ecf158-1b8f-bebe-971a-8f3ad16157a7,/p/2/a62630f1c7bb9d4e,8,200,94291,301.624,2680.804,35173
1787910243118,34551a5a-115c-9b17-89bc-e0783571b8b4,/p/0/f3efcb87a2de9b0b,18,200,300756,118.956,2065.190,145631
1787910240392,a171fcac-f691-8af3-f13b-08c3ca9d8a09,/p/0/33c40f4be109da8a,1,200,412780,45.138,4831.661,85432
1787910244827,8ccb28f3-443e-efa1-9857-60d42e2a4b7b,/?crawl=211,0,200,340383,25.627,451.021,754695
1787910243517,d562dbfa-e416-a92c-eb5b-040317304d8f,/p/0/eed759dd60189cb1,5,200,121924,80.398,1787.528,68208
1787910243166,3b749c58-6ab7-9e3a-6b7d-15a638eaf40e,/p/0/5bfd8635a0e6d752,11,200,217143,244.410,2244.892,96728
1787910244827,df481320-7ae2-be0a-5a04-81fa7d9caa24,/?crawl=213,0,200,354740,30.636,658.786,538476
1787910237301,2f842279-d3ac-7494-7aab-4c4029ba93c4,/p/0/b10e369ba75a75e3,4,200,292129,280.562,8224.893,35518
1787910244827,d32b69ad-48c7-59f9-dfdd-8241e725234c,/?crawl=212,0,200,444450,25.048,704.776,630626
1787910245532,d32b69ad-48c7-59f9-dfdd-8241e725234c,/p/3/44129a33fedcca5a,1,200,41859,18.912,239.008,175136
1787910243689,582d7278-74d9-8c9f-5186-81aaf9b6603f,/p/0/6fe8db6c19010270,4,200,85122,385.513,2116.874,40211
1787910245771,d32b69ad-48c7-59f9-dfdd-8241e725234c,/p/2/ed5d6310328c8c24,2,200,13690,127.958,213.710,64059
1787910226618,65d214dc-e787-2aae-26a6-d901ba3321b1,/p/7/93f3d0aa43d8d11d,2,200,364835,306.601,19517.479,18693
1787910244077,9caa87a6-63f9-182e-5f14-b59782e63fbe,/p/0/6315777aaa8d78e7,5,200,230438,166.392,2124.775,108453
1787910243689,582d7278-74d9-8c9f-5186-81aaf9b6603f,/p/1/6fe8dd6c190105d6,4,200,131917,352.532,2569.664,51336
1787910243166,3b749c58-6ab7-9e3a-6b7d-15a638eaf40e,/p/0/5bfd8535a0e6d59f,11,200,274356,221.476,3129.248,87675
1787910245278,8ccb28f3-443e-efa1-9857-60d42e2a4b7b,/p/4/b0a844d66a41d447,1,200,298182,31.198,1023.428,291356
1787910245827,d828a9cb-ad94-c44a-2b73-79ad15446319,/?crawl=214,0,200,256602,31.028,517.640,495715
1787910245486,df481320-7ae2-be0a-5a04-81fa7d9caa24,/p/0/d77ced919377bd07,1,200,82091,27.195,892.174,92012
1787910245532,d32b69ad-48c7-59f9-dfdd-8241e725234c,/p/0/44129b33fedccc0d,1,200,114714,163.757,904.955,126762
1787910240889,a171fcac-f691-8af3-f13b-08c3ca9d8a09,/p/0/af84e920ee6eccb2,2,200,372127,220.775,5620.726,66206
1787910244433,e09a31d1-a55b-5bee-97eb-fdbb3e7de301,/p/1/d8f320a05a46b99e,4,200,476382,985.957,2126.617,224009
1787910243772,2f842279-d3ac-7494-7aab-4c4029ba93c4,/p/0/b10e379ba75a7796,4,200,95586,389.889,2811.927,33993
1787910242710,9caa87a6-63f9-182e-5f14-b59782e63fbe,/p/0/6315787aaa8d7a9a,5,200,345797,190.570,3921.023,88191
1787910245278,8ccb28f3-443e-efa1-9857-60d42e2a4b7b,/p/0/b0a843d66a41d294,1,200,303861,57.816,1357.091,223906
1787910242710,9caa87a6-63f9-182e-5f14-b59782e63fbe,/p/5/6315797aaa8d7c4d,5,200,372303,177.575,3944.763,94379
1787910246302,8ccb28f3-443e-efa1-9857-60d42e2a4b7b,/p/0/4f4a58ec751918e7,2,200,74153,130.561,409.822,180940
1787910240889,a171fcac-f691-8af3-f13b-08c3ca9d8a09,/p/0/af84e720ee6ec94c,2,200,431933,220.837,5892.221,73306
1787910246437,d32b69ad-48c7-59f9-dfdd-8241e725234c,/p/0/c49c056cc92785ab,3,200,42199,122.528,362.180,116514
1787910245985,d32b69ad-48c7-59f9-dfdd-8241e725234c,/p/0/c49c066cc927875e,3,200,171020,120.292,814.410,209992
1787910246560,e09a31d1-a55b-5bee-97eb-fdbb3e7de301,/p/0/50727609d9cb3c4b,5,200,98893,385.052,388.563,254509
1787910216344,89b3e9b2-5c13-83bd-0f75-05bc48e88e5e,/p/0/316d542f9041dd71,2,200,3149732,43.678,30622.668,102856
1787910243043,2f620a10-e898-7df5-5c5d-d659db1f523c,/p/0/79850f332338f851,1,200,358128,194.896,3980.189,89978
1787910244697,34551a5a-115c-9b17-89bc-e0783571b8b4,/p/0/e29dbf1444b24d64,19,200,356949,103.402,2440.070,146286
1787910223086,571e7041-48cc-42d0-213e-6fed6c2f16db,/p/0/6e56f749869cdf38,2,200,4366028,93.021,24192.405,180471
1787910216344,89b3e9b2-5c13-83bd-0f75-05bc48e88e5e,/p/0/316d512f9041d858,2,200,3399272,64.985,30963.664,109783
1787910244278,20bed0a1-3b3f-3aa7-097e-0ad416139e92,/p/0/1d3df078d5a6dfe7,1,200,421529,71.788,3073.227,137162
1787910246345,d828a9cb-ad94-c44a-2b73-79ad15446319,/p/1/cf949a02833b05e8,1,200,195460,145.706,1190.352,164204
1787910244982,34551a5a-115c-9b17-89bc-e0783571b8b4,/p/0/e29dc21444b2527d,19,200,479859,108.950,2627.150,182654
1787910245486,df481320-7ae2-be0a-5a04-81fa7d9caa24,/p/0/d77cee919377beba,1,200,396522,79.401,2146.368,184741
1787910243166,3b749c58-6ab7-9e3a-6b7d-15a638eaf40e,/p/1/5bfd8435a0e6d3ec,11,200,431925,221.502,4476.165,96494
1787910223304,34551a5a-115c-9b17-89bc-e0783571b8b4,/p/0/d159446fdbbbd3d4,12,200,5357156,170.036,24504.454,218620
1787910207932,6641819c-a82d-afa9-a70e-f325f4d05153,/p/0/e0c0e944dd15ef11,1,200,2381553,712.707,40004.515,59532
1787910246560,e09a31d1-a55b-5bee-97eb-fdbb3e7de301,/p/0/50727509d9cb3a98,5,200,382796,385.642,1380.232,277342
1787910244278,20bed0a1-3b3f-3aa7-097e-0ad416139e92,/p/5/1d3def78d5a6de34,1,200,521506,71.738,3747.822,139149
1787910246302,8ccb28f3-443e-efa1-9857-60d42e2a4b7b,/p/0/4f4a59ec75191a9a,2,200,307458,149.748,1801.705,170648
1787910245532,d32b69ad-48c7-59f9-dfdd-8241e725234c,/p/0/44129833fedcc6f4,1,200,466707,163.800,2574.182,181303
1787910246302,8ccb28f3-443e-efa1-9857-60d42e2a4b7b,/p/3/4f4a57ec75191734,2,200,375597,130.567,1888.728,198862
1787910238253,bc400b67-5e11-4908-8113-215b7eb51394,/p/1/88b6453ed3a6c144,8,200,2871425,223.698,9939.853,288880
1787910246345,d828a9cb-ad94-c44a-2b73-79ad15446319,/p/0/cf949c02833b094e,1,200,338237,30.484,1931.716,175097
1787910240704,94ecf158-1b8f-bebe-971a-8f3ad16157a7,/p/0/6f1747be68f4c3e3,7,200,324714,271.718,7594.772,42755
1787910246655,9caa87a6-63f9-182e-5f14-b59782e63fbe,/p/0/27b03da979fa4ef0,6,200,104679,135.947,1683.946,62163
1787910247535,d828a9cb-ad94-c44a-2b73-79ad15446319,/p/0/a9a40841ea42cb1d,2,200,55298,317.078,840.165,65818
1787910248191,8ccb28f3-443e-efa1-9857-60d42e2a4b7b,/p/0/f084a6822bbe6ec2,3,200,21856,143.231,218.793,99894
1787910218827,5984f7bf-a1a3-9d07-7c49-f46e3979edd6,/?crawl=179,0,200,6036381,69.979,29626.184,203752
1787910245985,d32b69ad-48c7-59f9-dfdd-8241e725234c,/p/1/c49c076cc9278911,3,200,506322,108.992,2497.826,202705
1787910248453,5984f7bf-a1a3-9d07-7c49-f46e3979edd6,/p/0/4ef7b44dc30ea278,1,200,22583,65.986,133.173,169576
1787910247535,d828a9cb-ad94-c44a-2b73-79ad15446319,/p/0/a9a40641ea42c7b7,2,200,152518,159.511,1081.463,141029
1787910245771,d32b69ad-48c7-59f9-dfdd-8241e725234c,/p/0/ed5d6510328c8f8a,2,200,505847,166.575,3017.538,167636
1787910247535,d828a9cb-ad94-c44a-2b73-79ad15446319,/p/0/a9a40741ea42c96a,2,200,161653,331.542,1298.554,124487
1787910243036,1b2a4302-396a-16af-5c92-03547010d29c,/p/14/e61ab7d58e9dfed8,1,200,3664188,123.744,5837.123,627739
1787910239419,e49b4ee7-4e13-bd1d-1313-5806ef6ad1f2,/p/0/340099a1931cb1c9,2,200,105376,2193.009,9462.510,11136
1787910248483,d32b69ad-48c7-59f9-dfdd-8241e725234c,/p/0/73683597be1cdb6a,4,200,94405,94.172,459.147,205610
1787910243152,90ed1c25-9021-447c-eb85-53f34f9e58b2,/p/0/cef6290b7d3eafe,1,200,424443,169.609,5865.519,72362
1787910239801,94ecf158-1b8f-bebe-971a-8f3ad16157a7,/p/0/c15470affef0436d,6,200,345197,136.176,9291.557,37152
1787910243152,90ed1c25-9021-447c-eb85-53f34f9e58b2,/p/0/cef6090b7d3e798,1,200,519802,85.670,5949.605,87367
1787910248193,bc400b67-5e11-4908-8113-215b7eb51394,/p/0/a7dc1f0559538f74,9,200,122037,55.266,1011.902,120602
1787910248873,1b2a4302-396a-16af-5c92-03547010d29c,/p/0/e0db709dc59ef7b7,2,200,85480,62.690,337.584,253211
1787910238454,e9dc3f40-d06f-88e9-70ce-0f74670c99d8,/p/0/f8f19990e12039b7,1,200,3470321,229.344,10877.499,319037
1787910248299,94ecf158-1b8f-bebe-971a-8f3ad16157a7,/p/0/cbb56a08f93f723a,9,200,104286,273.565,1041.003,100178
1787910217686,53461352-1ef1-cff3-5064-81b8e3b79826,/p/2/907e4f06fd179eac,6,200,5605499,109.074,31825.517,176132
1787910248191,8ccb28f3-443e-efa1-9857-60d42e2a4b7b,/p/0/f084a5822bbe6d0f,3,200,279943,161.506,1336.081,209525
1787910248025,20bed0a1-3b3f-3aa7-097e-0ad416139e92,/p/0/f84b0a5c4a57299f,2,200,137371,48.789,1575.315,87202
1787910246655,9caa87a6-63f9-182e-5f14-b59782e63fbe,/p/4/27b03fa979fa5256,6,200,292876,123.900,3058.432,95760
1787910249511,53461352-1ef1-cff3-5064-81b8e3b79826,/p/0/5b1c44c58658433a,7,200,38808,99.563,332.400,116751
1787910216571,53461352-1ef1-cff3-5064-81b8e3b79826,/p/0/b9406c1007292dfc,5,200,5901736,19.568,33291.961,177272
1787910248193,bc400b67-5e11-4908-8113-215b7eb51394,/p/0/a7dc2105595392da,9,200,263017,129.977,1708.543,153942
1787910248827,ade48f0c-dc8f-ae30-8cfb-7b7ac789fbf2,/?crawl=215,0,200,200328,69.497,1093.799,183149
1787910248827,7111757e-9931-d305-b6ca-1f889120056e,/?crawl=216,0,200,418876,39.406,1104.373,379289
1787910203286,92fc7929-54a8-b7cf-82d7-0ca1e3ebc787,/p/0/d27c41873fb2d03,1,200,6170795,27.459,46671.355,132218
1787910247642,3b749c58-6ab7-9e3a-6b7d-15a638eaf40e,/p/0/178d8780e33fbd53,12,200,133022,219.451,2336.228,56939
1787910248191,8ccb28f3-443e-efa1-9857-60d42e2a4b7b,/p/2/f084a7822bbe7075,3,200,508066,143.251,1972.902,257522
1787910229399,34551a5a-115c-9b17-89bc-e0783571b8b4,/p/0/1d98978e74dc86ef,16,200,6074393,119.599,20854.447,291276
1787910248873,1b2a4302-396a-16af-5c92-03547010d29c,/p/13/e0db729dc59efb1d,2,200,498750,19.535,1555.449,320647
1787910248025,20bed0a1-3b3f-3aa7-097e-0ad416139e92,/p/0/f84b0b5c4a572b52,2,200,348859,48.725,2425.810,143811
1787910244433,e09a31d1-a55b-5bee-97eb-fdbb3e7de301,/p/0/d8f31ea05a46b638,4,200,2718353,985.895,6035.164,450419
1787910249932,7111757e-9931-d305-b6ca-1f889120056e,/p/0/f66942bdac70eea8,1,200,67871,38.680,545.206,124487
1787910248483,d32b69ad-48c7-59f9-dfdd-8241e725234c,/p/0/73683497be1cd9b7,4,200,442924,94.157,2015.433,219766
1787910236199,202ca0a9-969d-e337-18b0-a8a1c747a4a6,/p/2/ecfdec908df49680,12,200,4459606,760.188,14357.506,310611
1787910248453,5984f7bf-a1a3-9d07-7c49-f46e3979edd6,/p/0/4ef7b54dc30ea42b,1,200,235768,164.808,2183.705,107967
1787910249511,53461352-1ef1-cff3-5064-81b8e3b79826,/p/1/5b1c45c5865844ed,7,200,223927,129.210,1133.572,197541
1787910217686,53461352-1ef1-cff3-5064-81b8e3b79826,/p/0/907e5106fd17a212,6,200,6085775,109.194,32968.617,184593
1787910248827,e691194e-b4c1-a929-59bd-337dec07dcd6,/?crawl=217,0,200,405667,66.247,1857.459,218399
1787910248453,5984f7bf-a1a3-9d07-7c49-f46e3979edd6,/p/0/4ef7b64dc30ea5de,1,200,253682,164.811,2349.240,107985
1787910250163,8ccb28f3-443e-efa1-9857-60d42e2a4b7b,/p/0/e782d7bc10c5adb8,4,200,142323,107.240,852.046,167037
1787910243230,e09a31d1-a55b-5bee-97eb-fdbb3e7de301,/p/0/c638ea289f8e44dd,2,200,5893319,5.668,7803.526,755212
1787910239419,e49b4ee7-4e13-bd1d-1313-5806ef6ad1f2,/p/0/340097a1931cae63,2,200,160580,2192.936,11645.414,13789
1787910250428,1b2a4302-396a-16af-5c92-03547010d29c,/p/12/88e08e3592b82420,3,200,125780,144.049,672.112,187142
1787910250163,8ccb28f3-443e-efa1-9857-60d42e2a4b7b,/p/1/e782d9bc10c5b11e,4,200,215252,117.055,1054.380,204150
1787910223205,8a564192-88f8-6f49-375a-56a10565b2ea,/p/0/c0ab20511cdd29f4,1,200,3730893,69.120,28262.069,132011
1787910223204,8a564192-88f8-6f49-375a-56a10565b2ea,/p/0/c0ab23511cdd2f0d,1,200,3956048,137.815,28264.700,139964
1787910204063,7e69f724-e6a0-2a40-4452-8a4b906303f6,/p/0/9bca7c7240dcc0b5,3,200,3623092,1036.024,47544.484,76204
1787910250645,53461352-1ef1-cff3-5064-81b8e3b79826,/p/0/6edecc7de19cd29f,8,200,207382,165.732,1050.881,197341
1787910251101,1b2a4302-396a-16af-5c92-03547010d29c,/p/0/943a952bdb923548,4,200,22919,182.443,659.095,34773
1787910250645,53461352-1ef1-cff3-5064-81b8e3b79826,/p/0/6edecd7de19cd452,8,200,268864,97.862,1199.278,224188
1787910251827,c3233af3-6798-cd10-58ca-164c2e53f97b,/?crawl=219,0,200,17809,26.811,49.050,363077
1787910251876,c3233af3-6798-cd10-58ca-164c2e53f97b,/p/0/155598e9c56a21fc,1,200,30971,129.399,295.519,104802
1787910251218,8ccb28f3-443e-efa1-9857-60d42e2a4b7b,/p/0/7e1612a0bf28f9d8,5,200,109173,97.416,997.516,109445
1787910204063,7e69f724-e6a0-2a40-4452-8a4b906303f6,/p/0/9bca7b7240dcbf02,3,200,5110496,895.232,48507.947,105354
1787910246259,582d7278-74d9-8c9f-5186-81aaf9b6603f,/p/0/ba37f3ebcbd8bbd,5,200,255405,314.466,6350.049,40221
1787910250645,53461352-1ef1-cff3-5064-81b8e3b79826,/p/0/6edece7de19cd605,8,200,519101,165.609,2011.274,258096
1787910242827,bee3d183-ac7c-c0ec-20d5-0af98bee2515,/?crawl=209,0,200,4545134,33.040,10003.818,454340
1787910250163,8ccb28f3-443e-efa1-9857-60d42e2a4b7b,/p/0/e782dabc10c5b2d1,4,200,482695,98.070,2699.535,178807
1787910249932,7111757e-9931-d305-b6ca-1f889120056e,/p/0/f66945bdac70f3c1,1,200,467183,143.447,3030.190,154176
1787910251218,8ccb28f3-443e-efa1-9857-60d42e2a4b7b,/p/0/7e1615a0bf28fef1,5,200,280696,173.339,1812.825,154839
1787910208132,92fc7929-54a8-b7cf-82d7-0ca1e3ebc787,/p/6/9fe42e62a299066,4,200,6165218,179.082,44965.662,137109
1787910240889,a171fcac-f691-8af3-f13b-08c3ca9d8a09,/p/0/af84ea20ee6ece65,2,200,2620776,243.032,12374.350,211791
1787910245278,8ccb28f3-443e-efa1-9857-60d42e2a4b7b,/p/0/b0a846d66a41d7ad,1,200,2205232,21.302,8029.365,274646
1787910251218,8ccb28f3-443e-efa1-9857-60d42e2a4b7b,/p/0/7e1613a0bf28fb8b,5,200,492142,108.644,2193.182,224396
1787910251101,1b2a4302-396a-16af-5c92-03547010d29c,/p/0/943a982bdb923a61,4,200,335548,162.373,2381.488,140898
1787910249713,9caa87a6-63f9-182e-5f14-b59782e63fbe,/p/0/747612a390f03452,7,200,348234,163.112,3786.614,91964
1787910250428,1b2a4302-396a-16af-5c92-03547010d29c,/p/0/88e08f3592b825d3,3,200,446553,122.252,3124.772,142907
1787910250428,1b2a4302-396a-16af-5c92-03547010d29c,/p/0/88e0903592b82786,3,200,415183,112.233,3193.763,129998
1787910252827,4554079d-1420-510c-38ca-4f4ef1f0fdf9,/?crawl=222,0,200,325324,38.988,799.503,406908
1787910235383,9caa87a6-63f9-182e-5f14-b59782e63fbe,/p/0/bae9ce5ea46699f0,2,200,2531934,164.639,18369.306,137835
1787910251101,1b2a4302-396a-16af-5c92-03547010d29c,/p/11/943a972bdb9238ae,4,200,500468,213.439,2766.175,180924
1787910245048,94ecf158-1b8f-bebe-971a-8f3ad16157a7,/p/0/a6262ef1c7bb99e8,8,200,475872,271.464,8938.934,53236
1787910253097,92fc7929-54a8-b7cf-82d7-0ca1e3ebc787,/p/5/7b65773e6612256e,5,200,62956,223.951,941.915,66838
1787910239712,bcd4ed17-009f-a3dd-d16f-419d96ba6ee3,/p/0/88236028ebda2a0b,3,200,263565,715.697,14400.506,18302
1787910246259,582d7278-74d9-8c9f-5186-81aaf9b6603f,/p/0/ba37e3ebcbd8a0a,5,200,419556,379.517,7948.372,52785
1787910253827,94842fac-a0ca-65e9-7e11-3080fcf99d81,/?crawl=225,0,200,433552,20.842,511.080,848306
1787910246345,d828a9cb-ad94-c44a-2b73-79ad15446319,/p/0/cf949b02833b079b,1,200,3123318,235.098,8020.627,389411
1787910253867,1b2a4302-396a-16af-5c92-03547010d29c,/p/10/955b1d31aa9c609f,5,200,67919,125.731,546.787,124215
1787910253827,5515c72f-40b2-f184-ff1b-ea4aa95ee51a,/?crawl=224,0,200,163097,56.164,610.166,267299
1787910249511,53461352-1ef1-cff3-5064-81b8e3b79826,/p/0/5b1c43c586584187,7,200,2123154,99.629,4970.687,427135
1787910252827,857f40eb-84f8-f761-93f4-421390c88b0a,/?crawl=221,0,200,386658,65.805,1699.451,227519
1787910250556,202ca0a9-969d-e337-18b0-a8a1c747a4a6,/p/1/cf2ac5a8853e8a2e,13,200,244743,321.881,3987.504,61377
1787910253827,feb73dc3-f420-7e6b-b3f9-395fbdb5cc29,/?crawl=223,0,200,341516,45.147,958.079,356459
1787910241292,34551a5a-115c-9b17-89bc-e0783571b8b4,/p/0/362cf431b8e6b2a1,17,200,5224079,99.275,13509.592,386694
1787910253867,1b2a4302-396a-16af-5c92-03547010d29c,/p/0/955b1c31aa9c5eec,5,200,89357,115.087,968.986,92217
1787910250685,e691194e-b4c1-a929-59bd-337dec07dcd6,/p/1/89d39a1b410be821,1,200,514164,194.417,4505.243,114126
1787910254785,feb73dc3-f420-7e6b-b3f9-395fbdb5cc29,/p/0/2002517bcd74b815,1,200,92670,245.378,575.232,161100
1787910254785,feb73dc3-f420-7e6b-b3f9-395fbdb5cc29,/p/0/20024e7bcd74b2fc,1,200,358958,41.709,580.396,618471
1787910245771,d32b69ad-48c7-59f9-dfdd-8241e725234c,/p/0/ed5d6410328c8dd7,2,200,2955868,193.296,9622.803,307173
1787910242827,9a14ab57-6136-a861-9270-530d55827fd8,/?crawl=208,0,200,5604723,33.121,12737.280,440025
1787910254528,857f40eb-84f8-f761-93f4-421390c88b0a,/p/2/f92da5c0a43eca3c,1,200,41411,448.053,1038.248,39885
1787910250827,2ee20978-8e84-b243-63bc-68d509852845,/?crawl=218,0,200,301810,237.720,4903.312,61552
1787910254414,1b2a4302-396a-16af-5c92-03547010d29c,/p/0/d2a4d1fb0f83daa6,6,200,173739,378.824,1325.211,131103
1787910254828,dd3108d0-e672-b95a-87a3-0f6387f152c9,/?crawl=226,0,200,357336,47.953,1048.077,340945
1787910253500,9caa87a6-63f9-182e-5f14-b59782e63fbe,/p/0/747611a390f0329f,7,200,240013,290.964,2439.039,98405
1787910248483,d32b69ad-48c7-59f9-dfdd-8241e725234c,/p/0/73683397be1cd804,4,200,2972254,113.312,7526.410,394910
1787910253867,1b2a4302-396a-16af-5c92-03547010d29c,/p/0/955b1f31aa9c6405,5,200,332565,115.069,2176.877,152772
1787910255827,5a867274-6461-6cfd-5377-f43c304d3564,/?crawl=228,0,200,149908,27.925,276.266,542621
1787910254414,1b2a4302-396a-16af-5c92-03547010d29c,/p/9/d2a4cffb0f83d740,6,200,305392,378.164,1740.311,175481
1787910252827,abfee969-8d18-cdc7-e5fe-f732f4016a26,/?crawl=220,0,200,4953204,10.462,3423.101,1446993
1787910254827,bd92841b-61bc-ac51-d538-a7b4a7fe8e31,/?crawl=227,0,200,280329,88.007,1542.921,181687
1787910256250,abfee969-8d18-cdc7-e5fe-f732f4016a26,/p/0/8c97fb1e38d9c04f,1,200,86366,7.465,137.271,629166
1787910256250,abfee969-8d18-cdc7-e5fe-f732f4016a26,/p/0/8c97fd1e38d9c3b5,1,200,203296,10.162,224.951,903734
1787910215554,465a32fe-089b-66e1-743d-6bf81e48bcc9,/p/2/cd000a943ac381da,3,200,462368,699.682,40955.119,11290
1787910237797,b4cfb06a-6eb5-9fac-37a9-695d7a454313,/p/0/3e3d70b9c3528bd4,2,200,5919673,243.071,18731.984,316020
1787910245486,df481320-7ae2-be0a-5a04-81fa7d9caa24,/p/5/d77cef919377c06d,1,200,5244096,27.223,11067.743,473818
1787910253097,92fc7929-54a8-b7cf-82d7-0ca1e3ebc787,/p/0/7b65753e66122208,5,200,260360,323.609,3468.313,75068
1787910255827,d831c348-5458-dc01-9f31-fa5f61ba72df,/?crawl=229,0,200,387833,29.147,787.066,492758
1787910254039,92fc7929-54a8-b7cf-82d7-0ca1e3ebc787,/p/0/e558ffc68d81eb24,6,200,323322,140.876,2623.019,123263
1787910193201,ae2ba754-4451-0a3d-491a-73d4ddfe037f,/p/0/ee3b71ec5b02007b,1,200,5423912,84.283,63473.905,85451
1787910256370,bd92841b-61bc-ac51-d538-a7b4a7fe8e31,/p/0/d258f9057b08dab0,1,200,56497,79.629,433.207,130416
1787910220986,89b3e9b2-5c13-83bd-0f75-05bc48e88e5e,/p/2/6919e3c85cea245a,3,200,6012704,252.279,35862.108,167662
1787910256849,89b3e9b2-5c13-83bd-0f75-05bc48e88e5e,/p/0/f3efe105a8a46f11,4,200,4629,41.354,41.425,111744
1787910254039,92fc7929-54a8-b7cf-82d7-0ca1e3ebc787,/p/0/e55902c68d81f03d,6,200,253979,291.804,2894.391,87749
1787910255566,857f40eb-84f8-f761-93f4-421390c88b0a,/p/0/9326c5e51907fb13,2,200,15744,371.820,1407.265,11188
1787910254039,92fc7929-54a8-b7cf-82d7-0ca1e3ebc787,/p/4/e55901c68d81ee8a,6,200,303678,154.097,3086.724,98382
1787910254785,feb73dc3-f420-7e6b-b3f9-395fbdb5cc29,/p/0/2002507bcd74b662,1,200,4070835,41.416,2383.823,1707692
1787910256103,5a867274-6461-6cfd-5377-f43c304d3564,/p/0/27eaa50addb16f34,1,200,173531,25.375,1102.861,157346
1787910223461,2f842279-d3ac-7494-7aab-4c4029ba93c4,/p/0/e77fcb0c4613161a,1,200,2376580,161.767,33829.944,70251
1787910250556,202ca0a9-969d-e337-18b0-a8a1c747a4a6,/p/0/cf2ac6a8853e8be1,13,200,391986,349.850,6762.311,57966
1787910253097,92fc7929-54a8-b7cf-82d7-0ca1e3ebc787,/p/0/7b65783e66122721,5,200,496059,224.040,4506.558,110075
1787910256554,df481320-7ae2-be0a-5a04-81fa7d9caa24,/p/0/3b3550ad559db270,2,200,177912,26.980,1063.499,167289
1787910214048,d0c9dc3c-e97e-1997-92d8-49dfc9d01e04,/p/0/c7a4764e84671843,4,200,3959822,293.125,43675.477,90665
1787910257126,92fc7929-54a8-b7cf-82d7-0ca1e3ebc787,/p/0/60bf8601cd7216f1,7,200,98473,132.996,692.511,142197
1787910248193,bc400b67-5e11-4908-8113-215b7eb51394,/p/0/a7dc22055953948d,9,200,3354157,36.889,9638.184,348007
1787910248025,20bed0a1-3b3f-3aa7-097e-0ad416139e92,/p/4/f84b0c5c4a572d05,2,200,2481004,48.753,9863.549,251533
1787910256103,5a867274-6461-6cfd-5377-f43c304d3564,/p/0/27eaa80addb1744d,1,200,422398,94.648,1879.536,224735
1787910256155,1b2a4302-396a-16af-5c92-03547010d29c,/p/8/91b7bded9821313b,7,200,287146,105.755,1842.325,155861
1787910256554,df481320-7ae2-be0a-5a04-81fa7d9caa24,/p/0/3b3553ad559db789,2,200,318876,92.845,1454.513,219232
1787910256155,1b2a4302-396a-16af-5c92-03547010d29c,/p/0/91b7bced98212f88,7,200,272705,95.649,1864.078,146295
1787910256849,89b3e9b2-5c13-83bd-0f75-05bc48e88e5e,/p/1/f3efe005a8a46d5e,4,200,159927,213.124,1191.592,134213
1787910256554,df481320-7ae2-be0a-5a04-81fa7d9caa24,/p/4/3b3552ad559db5d6,2,200,311010,79.987,1506.400,206459
1787910258060,df481320-7ae2-be0a-5a04-81fa7d9caa24,/p/3/5f0f0bec40045d8d,3,200,38371,27.882,149.094,257361
1787910210499,92fc7929-54a8-b7cf-82d7-0ca1e3ebc787,/p/0/9fe40e62a298d00,4,200,5941566,147.647,47798.576,124304
1787910258040,89b3e9b2-5c13-83bd-0f75-05bc48e88e5e,/p/0/d2fd4298c50ae251,5,200,37508,254.023,701.480,53470
1787910256250,abfee969-8d18-cdc7-e5fe-f732f4016a26,/p/0/8c97fa1e38d9be9c,1,200,5523916,21.555,2570.119,2149284
1787910257997,1b2a4302-396a-16af-5c92-03547010d29c,/p/0/f6c7bd5a4dffcb52,8,200,114369,108.225,857.587,133361
1787910256848,89b3e9b2-5c13-83bd-0f75-05bc48e88e5e,/p/0/f3efde05a8a469f8,4,200,393902,62.916,2380.793,165450
1787910255190,e691194e-b4c1-a929-59bd-337dec07dcd6,/p/0/5f9abd74ba48db92,2,200,136851,1526.847,4041.829,33859
1787910256370,bd92841b-61bc-ac51-d538-a7b4a7fe8e31,/p/0/d258fc057b08dfc9,1,200,224719,393.010,2874.446,78178
1787910258060,df481320-7ae2-be0a-5a04-81fa7d9caa24,/p/0/5f0f0aec40045bda,3,200,159276,79.021,1223.066,130227
1787910257126,92fc7929-54a8-b7cf-82d7-0ca1e3ebc787,/p/3/60bf8501cd72153e,7,200,519129,168.041,2398.801,216412
1787910254528,857f40eb-84f8-f761-93f4-421390c88b0a,/p/0/f92da6c0a43ecbef,1,200,398110,75.522,5157.887,77185
1787910244433,e09a31d1-a55b-5bee-97eb-fdbb3e7de301,/p/0/d8f321a05a46bb51,4,200,5422208,986.396,15410.446,351853
1787910255876,dd3108d0-e672-b95a-87a3-0f6387f152c9,/p/0/65c34e630fa3d0c3,1,200,426936,209.771,3995.190,106862
1787910258209,df481320-7ae2-be0a-5a04-81fa7d9caa24,/p/0/6505375ca9d666c9,4,200,175465,160.957,1739.089,100895
1787910256155,1b2a4302-396a-16af-5c92-03547010d29c,/p/0/91b7bfed982134a1,7,200,510241,95.660,3809.702,133932
1787910258209,df481320-7ae2-be0a-5a04-81fa7d9caa24,/p/2/6505355ca9d66363,4,200,250669,147.855,1948.658,128637
1787910258209,df481320-7ae2-be0a-5a04-81fa7d9caa24,/p/0/6505345ca9d661b0,4,200,224724,190.013,2046.209,109825
1787910255876,dd3108d0-e672-b95a-87a3-0f6387f152c9,/p/2/65c350630fa3d429,1,200,503417,62.084,4416.377,113989
1787910255566,857f40eb-84f8-f761-93f4-421390c88b0a,/p/0/9326c6e51907fcc6,2,200,210523,1345.302,4867.968,43247
1787910256370,bd92841b-61bc-ac51-d538-a7b4a7fe8e31,/p/3/d258fb057b08de16,1,200,491159,314.971,4244.785,115709
1787910260158,df481320-7ae2-be0a-5a04-81fa7d9caa24,/p/1/97ecb914a1f66e62,5,200,64693,179.726,545.034,118695
1787910254527,857f40eb-84f8-f761-93f4-421390c88b0a,/p/0/f92da7c0a43ecda2,1,200,285374,514.577,6263.434,45562
1787910209727,b4adaf70-07f6-7a64-9577-306cbff66ac6,/p/0/a8693a90e54741d7,7,0,2489687,382.189,51100.197,48722
1787910203560,b4adaf70-07f6-7a64-9577-306cbff66ac6,/p/0/1cec75e882fe85f2,6,0,2586175,6161.378,57267.599,45159
1787910209727,b4adaf70-07f6-7a64-9577-306cbff66ac6,/p/2/a8693c90e547453d,7,0,2785927,382.107,51100.169,54519
1787910198886,bdc3760a-7816-6e4e-660f-cc91c678b82f,/p/10/779a146701a3b716,5,200,3003563,641.426,61993.935,48449
1787910258040,89b3e9b2-5c13-83bd-0f75-05bc48e88e5e,/p/0/d2fd4098c50adeeb,5,200,460698,233.842,2920.323,157756
1787910255566,857f40eb-84f8-f761-93f4-421390c88b0a,/p/1/9326c7e51907fe79,2,200,363275,401.879,5536.441,65615
1787910260292,dd3108d0-e672-b95a-87a3-0f6387f152c9,/p/1/3f15479674f83d42,2,200,36653,256.498,848.479,43198
1787910239712,bcd4ed17-009f-a3dd-d16f-419d96ba6ee3,/p/0/88236128ebda2bbe,3,200,498798,783.078,21450.972,23253
1787910258040,89b3e9b2-5c13-83bd-0f75-05bc48e88e5e,/p/0/d2fd4198c50ae09e,5,200,405485,211.593,3136.836,129266
1787910243152,90ed1c25-9021-447c-eb85-53f34f9e58b2,/p/0/cef6390b7d3ecb1,1,200,3750365,56.108,18132.131,206835
1787910249932,7111757e-9931-d305-b6ca-1f889120056e,/p/1/f66944bdac70f20e,1,200,4623135,58.973,11445.616,403922
1787910257889,20bed0a1-3b3f-3aa7-097e-0ad416139e92,/p/0/9e19aa242f05ec8f,3,200,376775,120.357,3575.200,105386
1787910238685,64133af4-6f42-146b-9035-94218e38dbc9,/p/0/cca7c6663561680a,5,200,6094697,272.711,22924.475,265860
1787910258060,df481320-7ae2-be0a-5a04-81fa7d9caa24,/p/0/5f0f09ec40045a27,3,200,498880,67.171,3581.955,139276
1787910214517,edc5b198-1eea-9f91-8df1-351f156ad215,/p/9/d0e047d53f86712d,5,200,2760271,882.480,47246.856,58422
1787910208165,edc5b198-1eea-9f91-8df1-351f156ad215,/p/0/97aec5abb49e3bdd,4,200,2881241,909.630,53599.650,53755
1787910257889,20bed0a1-3b3f-3aa7-097e-0ad416139e92,/p/0/9e19ab242f05ee42,3,200,394108,48.374,3885.668,101426
1787910145534,bcd4ed17-009f-a3dd-d16f-419d96ba6ee3,/p/0/fdcca5b3ac4d5427,1,0,5939139,118.905,116293.698,51070
1787910239712,bcd4ed17-009f-a3dd-d16f-419d96ba6ee3,/p/21/88236228ebda2d71,3,0,311279,715.712,22115.703,14075
1787910260880,bdc3760a-7816-6e4e-660f-cc91c678b82f,/p/0/c1f263f6ee275d41,6,200,147605,1034.782,1075.508,137242
1787910260880,bdc3760a-7816-6e4e-660f-cc91c678b82f,/p/0/c1f260f6ee275828,6,200,181199,1061.732,1076.636,168301
1787910260880,bdc3760a-7816-6e4e-660f-cc91c678b82f,/p/9/c1f262f6ee275b8e,6,200,186448,1034.846,1081.439,172407
1787910198886,bdc3760a-7816-6e4e-660f-cc91c678b82f,/p/0/779a126701a3b3b0,5,200,5955594,641.838,63094.189,94392
1787910261961,bdc3760a-7816-6e4e-660f-cc91c678b82f,/p/0/f614256f443c95fd,7,200,33253,18.700,19.166,1735030
1787910261764,edc5b198-1eea-9f91-8df1-351f156ad215,/p/0/ba7c9d8fb93c1a62,6,200,402359,3.615,327.849,1227268
1787910259525,92fc7929-54a8-b7cf-82d7-0ca1e3ebc787,/p/2/82c66fd80187773,8,200,313679,168.252,2752.850,113947
1787910261961,bdc3760a-7816-6e4e-660f-cc91c678b82f,/p/8/f614246f443c944a,7,200,397340,19.170,532.273,746497
1787910262494,bdc3760a-7816-6e4e-660f-cc91c678b82f,/p/7/10f5d3adbf358b2d,8,200,106023,468.227,474.786,223307
1787910262494,bdc3760a-7816-6e4e-660f-cc91c678b82f,/p/0/10f5d2adbf35897a,8,200,205042,468.465,475.185,431499
1787910262494,bdc3760a-7816-6e4e-660f-cc91c678b82f,/p/0/10f5d1adbf3587c7,8,200,124195,468.520,475.915,260961
1787910261103,857f40eb-84f8-f761-93f4-421390c88b0a,/p/0/1aeafe8c209a1f3e,3,200,152092,61.753,2150.491,70724
1787910260292,dd3108d0-e672-b95a-87a3-0f6387f152c9,/p/0/3f15459674f839dc,2,200,240773,256.502,3102.650,77602
1787910239828,56d3aeef-5534-d227-8053-bb282bac9ad2,/?crawl=204,0,200,214665,916.799,23617.053,9089
1787910210205,6f9c5d35-2792-1d60-554c-5c1ca4bb4050,/p/0/3583f834ec1a8b8c,2,200,2616079,339.344,53279.993,49101
1787910262969,bdc3760a-7816-6e4e-660f-cc91c678b82f,/p/0/8e71e8ac89f85c8a,9,200,397855,497.021,716.698,555122
1787910262969,bdc3760a-7816-6e4e-660f-cc91c678b82f,/p/6/8e71e9ac89f85e3d,9,200,523102,691.974,745.104,702052
1787910251876,c3233af3-6798-cd10-58ca-164c2e53f97b,/p/0/155599e9c56a23af,1,200,3654698,23.690,11931.267,306313
1787910260703,df481320-7ae2-be0a-5a04-81fa7d9caa24,/p/0/89928631917c1194,6,200,381952,159.488,3114.738,122627
1787910261961,bdc3760a-7816-6e4e-660f-cc91c678b82f,/p/0/f614226f443c90e4,7,200,4139244,19.245,1909.385,2167841
1787910260158,df481320-7ae2-be0a-5a04-81fa7d9caa24,/p/0/97ecb714a1f66afc,5,200,388473,167.590,3868.808,100412
1787910248873,1b2a4302-396a-16af-5c92-03547010d29c,/p/0/e0db719dc59ef96a,2,200,3067495,31.710,15158.538,202361
1787910246560,e09a31d1-a55b-5bee-97eb-fdbb3e7de301,/p/0/50727709d9cb3dfe,5,200,6135130,384.369,17497.431,350630
1787910261764,edc5b198-1eea-9f91-8df1-351f156ad215,/p/0/ba7c9c8fb93c18af,6,200,3746607,4.061,2318.167,1616194
1787910261141,dd3108d0-e672-b95a-87a3-0f6387f152c9,/p/0/f778e59a4195c858,3,200,219077,210.054,3029.633,72311
1787910254544,202ca0a9-969d-e337-18b0-a8a1c747a4a6,/p/0/c3584f7349d97a04,14,200,464581,338.139,9628.308,48252
1787910260158,df481320-7ae2-be0a-5a04-81fa7d9caa24,/p/0/97ecba14a1f67015,5,200,408421,192.965,4044.401,100984
1787910260703,df481320-7ae2-be0a-5a04-81fa7d9caa24,/p/0/89928731917c1347,6,200,356597,132.465,3551.303,100413
1787910261764,edc5b198-1eea-9f91-8df1-351f156ad215,/p/8/ba7c9e8fb93c1c15,6,200,4729295,313.355,2625.879,1801033
1787910263714,bdc3760a-7816-6e4e-660f-cc91c678b82f,/p/0/dd8099046a1c7e7e,10,200,273573,368.830,696.930,392540
1787910263714,bdc3760a-7816-6e4e-660f-cc91c678b82f,/p/0/dd8098046a1c7ccb,10,200,308370,365.394,701.403,439648
1787910234501,db35cebd-fd77-cf12-e315-d0ba551529d2,/p/2/d6c3c0ed7b656d7d,2,200,5069772,483.944,29931.995,169376
1787910222399,65126b3c-9e51-13e4-c8fc-1abf5045a9a5,/p/0/bb8d5ef02e73ac65,1,200,4467110,1064.755,42033.977,106274
1787910264390,edc5b198-1eea-9f91-8df1-351f156ad215,/p/0/4ec24c0da005e8d3,7,200,268493,15.674,231.005,1162281
1787910264433,db35cebd-fd77-cf12-e315-d0ba551529d2,/p/1/b780a9aaf41b407b,3,200,32834,72.549,321.722,102057
1787910261377,7111757e-9931-d305-b6ca-1f889120056e,/p/0/653b972daf25a6b,2,200,229092,145.027,3720.155,61581
1787910205855,ae2ba754-4451-0a3d-491a-73d4ddfe037f,/p/0/65e0145386503c58,3,200,3953900,492.264,59350.174,66620
1787910256103,5a867274-6461-6cfd-5377-f43c304d3564,/p/5/27eaa60addb170e7,1,200,4244948,25.388,9141.446,464363
1787910265245,5a867274-6461-6cfd-5377-f43c304d3564,/p/0/638930a9b019c8fa,2,200,15294,27.094,53.201,287478
1787910255190,e691194e-b4c1-a929-59bd-337dec07dcd6,/p/0/5f9abc74ba48d9df,2,200,471022,1526.845,10125.285,46519
1787910204515,ae2ba754-4451-0a3d-491a-73d4ddfe037f,/p/0/92fce791d31ab1e5,2,200,4503333,410.862,60881.754,73969
1787910261377,7111757e-9931-d305-b6ca-1f889120056e,/p/0/653b872daf258b8,2,200,330995,99.639,4208.432,78650
1787910262968,bdc3760a-7816-6e4e-660f-cc91c678b82f,/p/0/8e71e7ac89f85ad7,9,200,4767715,577.596,2626.441,1815276
1787910257889,20bed0a1-3b3f-3aa7-097e-0ad416139e92,/p/3/9e19ac242f05eff5,3,200,3095668,167.942,7714.228,401293
1787910261103,857f40eb-84f8-f761-93f4-421390c88b0a,/p/0/1aeaff8c209a20f1,3,200,422172,93.986,4615.123,91476
1787910261377,7111757e-9931-d305-b6ca-1f889120056e,/p/0/653ba72daf25c1e,2,200,443887,99.619,4397.210,100947
1787910260292,dd3108d0-e672-b95a-87a3-0f6387f152c9,/p/0/3f15489674f83ef5,2,200,358381,234.738,5509.346,65050
1787910263714,bdc3760a-7816-6e4e-660f-cc91c678b82f,/p/5/dd809a046a1c8031,10,200,3265883,368.834,2105.650,1551010
1787910265245,5a867274-6461-6cfd-5377-f43c304d3564,/p/0/63892fa9b019c747,2,200,161933,79.202,665.012,243504
1787910265819,bdc3760a-7816-6e4e-660f-cc91c678b82f,/p/4/b46c20377149d40,11,200,205079,8.147,183.555,1117259
1787910265603,20bed0a1-3b3f-3aa7-097e-0ad416139e92,/p/0/cea01848e0cc20a8,4,200,292655,4.411,541.095,540857
1787910265603,20bed0a1-3b3f-3aa7-097e-0ad416139e92,/p/2/cea01a48e0cc240e,4,200,210941,4.211,541.209,389759
1787910265603,20bed0a1-3b3f-3aa7-097e-0ad416139e92,/p/0/cea01b48e0cc25c1,4,200,291173,3.090,541.795,537422
1787910262278,92fc7929-54a8-b7cf-82d7-0ca1e3ebc787,/p/0/3ec42c739a5df7db,9,200,366060,210.719,3917.265,93448
1787910255190,e691194e-b4c1-a929-59bd-337dec07dcd6,/p/0/5f9abe74ba48dd45,2,200,484069,1558.295,11021.728,43920
1787910266003,bdc3760a-7816-6e4e-660f-cc91c678b82f,/p/3/b32c4a83225c1cd8,12,200,321843,18.178,220.588,1459020
1787910266003,bdc3760a-7816-6e4e-660f-cc91c678b82f,/p/0/b32c4b83225c1e8b,12,200,202484,15.905,241.772,837500
1787910264390,edc5b198-1eea-9f91-8df1-351f156ad215,/p/7/4ec24b0da005e720,7,200,3715443,7.593,1912.545,1942670
1787910266224,bdc3760a-7816-6e4e-660f-cc91c678b82f,/p/2/939a986fb3443dff,13,200,147681,13.270,91.753,1609548
1787910266302,edc5b198-1eea-9f91-8df1-351f156ad215,/p/6/5446deb3166bd6b5,8,200,30113,12.040,20.111,1497338
1787910266302,edc5b198-1eea-9f91-8df1-351f156ad215,/p/0/5446ddb3166bd502,8,200,194892,8.914,150.669,1293507
1787910266224,bdc3760a-7816-6e4e-660f-cc91c678b82f,/p/0/939a976fb3443c4c,13,200,237651,10.347,252.753,940249
1787910266145,20bed0a1-3b3f-3aa7-097e-0ad416139e92,/p/1/546c2edecac54ef5,5,200,57038,3.612,332.291,171651
1787910266145,20bed0a1-3b3f-3aa7-097e-0ad416139e92,/p/0/546c2ddecac54d42,5,200,294175,2.324,337.071,872739
1787910265245,5a867274-6461-6cfd-5377-f43c304d3564,/p/4/63892ea9b019c594,2,200,485571,53.208,1240.206,391524
1787910266315,bdc3760a-7816-6e4e-660f-cc91c678b82f,/p/1/72e593aea3515d07,14,200,178843,17.611,180.255,992167
1787910266323,edc5b198-1eea-9f91-8df1-351f156ad215,/p/0/43b7bed3df11d0fd,9,200,175398,7.956,186.235,941812
1787910264390,edc5b198-1eea-9f91-8df1-351f156ad215,/p/0/4ec24d0da005ea86,7,200,3996958,11.013,2132.622,1874199
1787910266496,bdc3760a-7816-6e4e-660f-cc91c678b82f,/p/0/72e595aea351606d,14,200,63776,14.132,45.416,1404276
1787910266245,bdc3760a-7816-6e4e-660f-cc91c678b82f,/p/0/939a9a6fb3444165,13,200,467640,9.739,401.346,1165178
1787910261141,dd3108d0-e672-b95a-87a3-0f6387f152c9,/p/0/f778e79a4195cbbe,3,200,376045,209.839,5516.600,68166
1787910266476,bdc3760a-7816-6e4e-660f-cc91c678b82f,/p/0/72e592aea3515b54,14,200,292327,15.045,244.642,1194916
1787910266646,bdc3760a-7816-6e4e-660f-cc91c678b82f,/p/0/6cac8d61de2041cf,15,200,107893,31.141,123.397,874356
1787910261141,dd3108d0-e672-b95a-87a3-0f6387f152c9,/p/0/f778e89a4195cd71,3,200,404515,230.728,5663.014,71431
1787910266541,bdc3760a-7816-6e4e-660f-cc91c678b82f,/p/0/6cac8c61de20401c,15,200,260965,10.491,300.785,867612
1787910264433,db35cebd-fd77-cf12-e315-d0ba551529d2,/p/0/b780a8aaf41b3ec8,3,200,130098,286.239,2437.846,53366
1787910251876,c3233af3-6798-cd10-58ca-164c2e53f97b,/p/0/15559be9c56a2715,1,200,5999539,117.014,15012.755,399629
1787910260615,bd92841b-61bc-ac51-d538-a7b4a7fe8e31,/p/0/17773ee49856d36f,2,200,486572,427.063,6410.333,75904
1787910266485,5a867274-6461-6cfd-5377-f43c304d3564,/p/0/89b7b571a299edb2,3,200,72258,289.067,666.945,108342
1787910266477,20bed0a1-3b3f-3aa7-097e-0ad416139e92,/p/0/4ef6e5abe846cfab,6,200,306999,401.785,747.080,410932
1787910266477,20bed0a1-3b3f-3aa7-097e-0ad416139e92,/p/0/4ef6e6abe846d15e,6,200,496735,401.801,848.209,585628
1787910266485,5a867274-6461-6cfd-5377-f43c304d3564,/p/0/89b7b471a299ebff,3,200,168384,141.113,930.017,181055
1787910239419,e49b4ee7-4e13-bd1d-1313-5806ef6ad1f2,/p/0/340096a1931cacb0,2,200,2500098,2192.873,27999.951,89289
1787910266485,5a867274-6461-6cfd-5377-f43c304d3564,/p/3/89b7b371a299ea4c,3,200,375232,27.245,1173.453,319767
1787910266323,edc5b198-1eea-9f91-8df1-351f156ad215,/p/0/43b7bbd3df11cbe4,9,200,2978225,8.387,1431.197,2080933
1787910262278,92fc7929-54a8-b7cf-82d7-0ca1e3ebc787,/p/1/3ec42b739a5df628,9,200,440132,182.971,5621.912,78289
1787910260615,bd92841b-61bc-ac51-d538-a7b4a7fe8e31,/p/0/17773fe49856d522,2,200,484428,78.538,7289.457,66456
1787910262278,92fc7929-54a8-b7cf-82d7-0ca1e3ebc787,/p/0/3ec42d739a5df98e,9,200,518713,157.392,5702.332,90965
1787910266323,edc5b198-1eea-9f91-8df1-351f156ad215,/p/5/43b7bcd3df11cd97,9,200,4353404,7.929,1810.445,2404605
1787910268133,edc5b198-1eea-9f91-8df1-351f156ad215,/p/4/d07f21eb3b892b74,10,200,65212,10.217,18.179,3587147
1787910268151,edc5b198-1eea-9f91-8df1-351f156ad215,/p/0/20c769d62170bd2f,11,200,48533,8.518,25.792,1881690
1787910268151,edc5b198-1eea-9f91-8df1-351f156ad215,/p/0/20c76ad62170bee2,11,200,119138,7.646,59.901,1988916
1787910268133,edc5b198-1eea-9f91-8df1-351f156ad215,/p/0/d07f23eb3b892eda,10,200,208896,10.446,109.908,1900648
1787910268133,edc5b198-1eea-9f91-8df1-351f156ad215,/p/0/d07f22eb3b892d27,10,200,435835,12.106,149.844,2908588
1787910268151,edc5b198-1eea-9f91-8df1-351f156ad215,/p/3/20c768d62170bb7c,11,200,376556,8.019,140.757,2675221
1787910266302,edc5b198-1eea-9f91-8df1-351f156ad215,/p/0/5446dcb3166bd34f,8,200,5522762,9.611,2090.167,2642258
1787910260615,bd92841b-61bc-ac51-d538-a7b4a7fe8e31,/p/2/17773de49856d1bc,2,200,4593118,466.892,8133.819,564694
1787910265819,bdc3760a-7816-6e4e-660f-cc91c678b82f,/p/0/b46c4037714a0a6,11,200,2756553,15.860,3033.539,908692
1787910211215,d0c9dc3c-e97e-1997-92d8-49dfc9d01e04,/p/0/8c5fc522ba0bca19,3,200,6015826,291.740,57768.545,104137
1787910268749,bd92841b-61bc-ac51-d538-a7b4a7fe8e31,/p/0/d2f78fca7a9c11c4,3,200,88093,2.391,312.433,281958
1787910268749,bd92841b-61bc-ac51-d538-a7b4a7fe8e31,/p/1/d2f791ca7a9c152a,3,200,274257,2.375,316.062,867730
1787910268749,bd92841b-61bc-ac51-d538-a7b4a7fe8e31,/p/0/d2f792ca7a9c16dd,3,200,408735,2.354,330.346,1237293
1787910214048,d0c9dc3c-e97e-1997-92d8-49dfc9d01e04,/p/6/c7a4754e84671690,4,200,5865022,293.154,55203.424,106244
1787910269065,bd92841b-61bc-ac51-d538-a7b4a7fe8e31,/p/0/2f01d2186bd15ef,4,200,275264,14.717,361.049,762400
1787910269065,bd92841b-61bc-ac51-d538-a7b4a7fe8e31,/p/0/2f01f2186bd1955,4,200,296564,14.291,361.584,820180
1787910269065,bd92841b-61bc-ac51-d538-a7b4a7fe8e31,/p/0/2f01c2186bd143c,4,200,326230,14.312,361.943,901329
1787910266144,20bed0a1-3b3f-3aa7-097e-0ad416139e92,/p/0/546c2cdecac54b8f,5,200,4228938,3.701,3299.105,1281844
1787910267659,5a867274-6461-6cfd-5377-f43c304d3564,/p/2/4bb4710289ba2b9c,4,200,369229,82.820,1820.547,202812
1787910268292,edc5b198-1eea-9f91-8df1-351f156ad215,/p/0/d2c73934ccaff42a,12,200,368094,1003.256,1332.765,276188
1787910269479,5a867274-6461-6cfd-5377-f43c304d3564,/p/1/6944bfedb9314990,5,200,7271,135.527,198.672,36598
1787910225152,e49b4ee7-4e13-bd1d-1313-5806ef6ad1f2,/p/0/255875647805795c,1,200,4686950,1446.800,44866.053,104465
1787910207932,6641819c-a82d-afa9-a70e-f325f4d05153,/p/0/e0c0e644dd15e9f8,1,200,4585840,143.893,62269.100,73646
1787910215865,6641819c-a82d-afa9-a70e-f325f4d05153,/p/0/7d061643a1b8881f,2,200,5223837,462.651,54526.356,95804
1787910263445,56d3aeef-5534-d227-8053-bb282bac9ad2,/p/1/a059b7ee4c6ee111,1,200,167060,288.074,6949.602,24039
1787910239105,9caa87a6-63f9-182e-5f14-b59782e63fbe,/p/0/560a4cefdad707ce,4,200,3917259,252.786,31352.516,124942
1787910267980,92fc7929-54a8-b7cf-82d7-0ca1e3ebc787,/p/0/59dbb3ef5d4d9665,10,200,223740,430.777,2483.073,90106
1787910267659,5a867274-6461-6cfd-5377-f43c304d3564,/p/0/4bb4720289ba2d4f,4,200,393694,54.820,2876.624,136860
1787910254415,1b2a4302-396a-16af-5c92-03547010d29c,/p/0/d2a4d0fb0f83d8f3,6,200,3423739,150.049,16249.294,210701
1787910269252,d0c9dc3c-e97e-1997-92d8-49dfc9d01e04,/p/0/bc2f71872e80800a,5,200,141167,146.176,1415.575,99724
1787910270535,5a867274-6461-6cfd-5377-f43c304d3564,/p/0/30c6f6a9a9ed51ae,6,200,40875,135.894,553.003,73915
1787910264755,db35cebd-fd77-cf12-e315-d0ba551529d2,/p/0/9fa1025568f62e32,4,200,271591,355.953,6385.989,42529
1787910267900,92fc7929-54a8-b7cf-82d7-0ca1e3ebc787,/p/0/59dbb0ef5d4d914c,10,200,231480,511.143,3445.672,67180
1787910249713,9caa87a6-63f9-182e-5f14-b59782e63fbe,/p/3/747613a390f03605,7,200,3031328,199.390,21741.108,139428
1787910266477,20bed0a1-3b3f-3aa7-097e-0ad416139e92,/p/0/4ef6e7abe846d311,6,200,4175498,401.772,5185.341,805250
1787910254544,202ca0a9-969d-e337-18b0-a8a1c747a4a6,/p/0/c358507349d97bb7,14,0,1040463,421.544,17283.403,60200
1787910254544,202ca0a9-969d-e337-18b0-a8a1c747a4a6,/p/0/c358527349d97f1d,14,0,939259,338.493,17283.542,54344
1787910236199,202ca0a9-969d-e337-18b0-a8a1c747a4a6,/p/0/ecfded908df49833,12,0,4076735,760.140,35628.594,114423
1787910250556,202ca0a9-969d-e337-18b0-a8a1c747a4a6,/p/0/cf2ac3a8853e86c8,13,0,1241359,458.112,21271.107,58359
1787910258019,1b2a4302-396a-16af-5c92-03547010d29c,/p/0/f6c7bc5a4dffc99f,8,200,3117234,160.415,13890.892,224408
1787910264433,db35cebd-fd77-cf12-e315-d0ba551529d2,/p/0/b780abaaf41b43e1,3,200,382539,144.605,7489.076,51080
1787910257997,1b2a4302-396a-16af-5c92-03547010d29c,/p/7/f6c7be5a4dffcd05,8,200,3804443,98.870,14162.589,268626
1787910269251,d0c9dc3c-e97e-1997-92d8-49dfc9d01e04,/p/0/bc2f70872e807e57,5,200,522465,194.300,3520.232,148418
1787910272160,1b2a4302-396a-16af-5c92-03547010d29c,/p/6/b0fdd6d634f17298,9,200,238168,318.290,656.461,362806
1787910264755,db35cebd-fd77-cf12-e315-d0ba551529d2,/p/0/9fa1015568f62c7f,4,200,493645,426.517,8405.962,58726
1787910269479,5a867274-6461-6cfd-5377-f43c304d3564,/p/0/6944c0edb9314b43,5,200,388072,147.076,4085.307,94992
1787910269678,5a867274-6461-6cfd-5377-f43c304d3564,/p/0/30c6f4a9a9ed4e48,6,200,505353,149.179,4090.590,123540
1787910269251,d0c9dc3c-e97e-1997-92d8-49dfc9d01e04,/p/5/bc2f72872e8081bd,5,200,3920795,49.644,4521.201,867202
1787910271454,9caa87a6-63f9-182e-5f14-b59782e63fbe,/p/2/4361d11d07039e0e,8,200,224255,133.856,2428.717,92335
1787910260703,df481320-7ae2-be0a-5a04-81fa7d9caa24,/p/0/89928831917c14fa,6,200,5622253,159.522,13248.551,424367
1787910273773,d0c9dc3c-e97e-1997-92d8-49dfc9d01e04,/p/4/e7ec9863cc5192bc,6,200,181791,2.546,328.322,553698
1787910273773,d0c9dc3c-e97e-1997-92d8-49dfc9d01e04,/p/0/e7ec9963cc51946f,6,200,94592,1.345,328.448,287997
1787910242448,94ecf158-1b8f-bebe-971a-8f3ad16157a7,/p/0/a62631f1c7bb9f01,8,200,2707862,301.660,32410.567,83549
1787910245129,94ecf158-1b8f-bebe-971a-8f3ad16157a7,/p/1/cbb56b08f93f73ed,9,200,3051409,328.821,29750.976,102565
1787910271454,9caa87a6-63f9-182e-5f14-b59782e63fbe,/p/0/4361d21d07039fc1,8,200,376279,120.571,3450.763,109042
1787910272816,1b2a4302-396a-16af-5c92-03547010d29c,/p/0/6b732d9a433c0cdd,10,200,294106,608.249,2228.419,131980
1787910272816,1b2a4302-396a-16af-5c92-03547010d29c,/p/5/6b732c9a433c0b2a,10,200,393345,543.078,2489.283,158015
1787910274101,d0c9dc3c-e97e-1997-92d8-49dfc9d01e04,/p/0/22e0889f66b1b3ca,7,200,363543,674.130,1329.945,273352
1787910274101,d0c9dc3c-e97e-1997-92d8-49dfc9d01e04,/p/3/22e0869f66b1b064,7,200,191508,673.455,1331.085,143874
1787910275306,1b2a4302-396a-16af-5c92-03547010d29c,/p/0/f4f801b7a2e2c4c6,11,200,6153,124.251,155.032,39689
1787910274101,d0c9dc3c-e97e-1997-92d8-49dfc9d01e04,/p/0/22e0879f66b1b217,7,200,508444,994.410,1653.247,307543
1787910249092,94ecf158-1b8f-bebe-971a-8f3ad16157a7,/p/0/cbb56908f93f7087,9,200,4228002,302.018,26718.644,158242
1787910240704,94ecf158-1b8f-bebe-971a-8f3ad16157a7,/p/0/6f1748be68f4c596,7,200,4011085,298.742,35109.422,114245
1787910274880,94ecf158-1b8f-bebe-971a-8f3ad16157a7,/p/0/83743d1380f0207f,10,200,436076,914.539,935.826,465980
1787910272816,1b2a4302-396a-16af-5c92-03547010d29c,/p/0/6b732a9a433c07c4,10,200,362012,1465.538,3083.728,117394
1787910243043,2f620a10-e898-7df5-5c5d-d659db1f523c,/p/0/79850d332338f4eb,1,200,5065093,123.465,33021.352,153388
1787910275432,d0c9dc3c-e97e-1997-92d8-49dfc9d01e04,/p/2/fe3f4f5579cacf04,8,200,63751,676.610,714.927,89171
1787910275432,d0c9dc3c-e97e-1997-92d8-49dfc9d01e04,/p/0/fe3f515579cad26a,8,200,165094,714.852,851.022,193995
1787910255876,dd3108d0-e672-b95a-87a3-0f6387f152c9,/p/0/65c34f630fa3d276,1,200,4544931,40.511,20616.781,220448
1787910255730,2ee20978-8e84-b243-63bc-68d509852845,/p/0/81eb468c30cf3102,1,200,414021,237.729,20850.940,19856
1787910255730,2ee20978-8e84-b243-63bc-68d509852845,/p/16/81eb448c30cf2d9c,1,200,377123,237.724,20851.016,18087
1787910276147,d0c9dc3c-e97e-1997-92d8-49dfc9d01e04,/p/0/5a562deefb60a556,9,200,305668,625.341,655.249,466491
1787910276147,d0c9dc3c-e97e-1997-92d8-49dfc9d01e04,/p/0/5a562ceefb60a3a3,9,200,464705,625.071,990.787,469026
1787910273883,9caa87a6-63f9-182e-5f14-b59782e63fbe,/p/1/fdd2d518037923e3,9,200,290414,151.342,3281.392,88503
1787910255730,2ee20978-8e84-b243-63bc-68d509852845,/p/0/81eb458c30cf2f4f,1,200,436281,593.643,21896.236,19925
1787910266003,bdc3760a-7816-6e4e-660f-cc91c678b82f,/p/0/b32c4c83225c203e,12,0,4330322,15.426,11824.216,366225
1787910265819,bdc3760a-7816-6e4e-660f-cc91c678b82f,/p/0/b46c30377149ef3,11,0,4013178,8.198,12007.807,334214
1787910266721,bdc3760a-7816-6e4e-660f-cc91c678b82f,/p/0/6cac8e61de204382,15,0,3239322,13.094,11106.169,291669
1787910275432,d0c9dc3c-e97e-1997-92d8-49dfc9d01e04,/p/0/fe3f505579cad0b7,8,200,2270659,664.007,2451.818,926112
1787910273773,d0c9dc3c-e97e-1997-92d8-49dfc9d01e04,/p/0/e7ec9a63cc519622,6,200,5705135,2.760,4163.943,1370128
1787910275306,1b2a4302-396a-16af-5c92-03547010d29c,/p/0/f4f800b7a2e2c313,11,200,393288,145.494,2633.718,149328
1787910261103,857f40eb-84f8-f761-93f4-421390c88b0a,/p/0/1aeafd8c209a1d8b,3,200,3395379,94.021,17026.758,199414
1787910274880,94ecf158-1b8f-bebe-971a-8f3ad16157a7,/p/0/83743e1380f02232,10,200,2653814,914.775,3274.944,810339
1787910274905,9caa87a6-63f9-182e-5f14-b59782e63fbe,/p/0/fdd2d71803792749,9,200,239661,288.280,3427.942,69914
1787910276147,d0c9dc3c-e97e-1997-92d8-49dfc9d01e04,/p/1/5a562eeefb60a709,9,200,2743021,625.114,2259.248,1214130
1787910278407,d0c9dc3c-e97e-1997-92d8-49dfc9d01e04,/p/0/8a3b7e54877f690c,10,200,354408,22.883,321.155,1103543
1787910256614,d831c348-5458-dc01-9f31-fa5f61ba72df,/p/1/948050ad49167ad4,1,200,3556375,28.599,22196.436,160223
1787910278407,d0c9dc3c-e97e-1997-92d8-49dfc9d01e04,/p/0/8a3b8054877f6c72,10,200,487510,1.136,410.713,1186986
1787910274880,94ecf158-1b8f-bebe-971a-8f3ad16157a7,/p/0/83743c1380f01ecc,10,200,5588658,914.640,4636.427,1205380
1787910278407,d0c9dc3c-e97e-1997-92d8-49dfc9d01e04,/p/0/8a3b7f54877f6abf,10,200,4947310,27.325,1297.017,3814375
1787910243517,d562dbfa-e416-a92c-eb5b-040317304d8f,/p/0/eed756dd60189798,5,200,3181761,403.815,37153.651,85638
1787910246136,65d214dc-e787-2aae-26a6-d901ba3321b1,/p/0/a4f1eac365bfb049,3,0,70656,327.936,34794.876,2031
1787910246136,65d214dc-e787-2aae-26a6-d901ba3321b1,/p/6/a4f1e8c365bface3,3,0,65808,327.938,34794.913,1891
1787910246136,65d214dc-e787-2aae-26a6-d901ba3321b1,/p/0/a4f1e7c365bfab30,3,0,55424,1948.512,34794.938,1593
1787910243517,d562dbfa-e416-a92c-eb5b-040317304d8f,/p/1/eed757dd6018994b,5,200,5137206,322.151,37744.845,136104
1787910278811,d831c348-5458-dc01-9f31-fa5f61ba72df,/p/0/9c884dab1c6c8a88,2,200,230256,158.061,2555.072,90117
1787910243043,2f620a10-e898-7df5-5c5d-d659db1f523c,/p/0/79850c332338f338,1,200,6147000,48.495,38330.465,160369
1787910281262,d562dbfa-e416-a92c-eb5b-040317304d8f,/p/0/63965dadee059711,6,200,443877,2.541,327.784,1354177
1787910278811,d831c348-5458-dc01-9f31-fa5f61ba72df,/p/0/9c884fab1c6c8dee,2,200,255574,142.953,2975.463,85894
1787910281262,d562dbfa-e416-a92c-eb5b-040317304d8f,/p/0/63965badee0593ab,6,200,452323,314.918,621.046,728325
1787910250685,e691194e-b4c1-a929-59bd-337dec07dcd6,/p/0/89d3981b410be4bb,1,200,3854109,66.369,31422.342,122655
1787910278333,9caa87a6-63f9-182e-5f14-b59782e63fbe,/p/0/6d32565295d03e04,10,200,414564,139.494,3954.573,104832
1787910263445,56d3aeef-5534-d227-8053-bb282bac9ad2,/p/0/a059b5ee4c6eddab,1,200,254192,1390.439,19024.855,13361
1787910281262,d562dbfa-e416-a92c-eb5b-040317304d8f,/p/0/63965aadee0591f8,6,200,4410458,2.480,1501.066,2938217
1787910259525,92fc7929-54a8-b7cf-82d7-0ca1e3ebc787,/p/0/82c65fd801875c0,8,200,3247436,130.345,23482.697,138291
1787910256614,d831c348-5458-dc01-9f31-fa5f61ba72df,/p/0/948051ad49167c87,1,200,4364765,157.195,27201.709,160459
1787910208876,6f9c5d35-2792-1d60-554c-5c1ca4bb4050,/p/0/2e6a3ebb2f81c75d,1,200,3984143,200.875,75497.806,52772
1787910272160,1b2a4302-396a-16af-5c92-03547010d29c,/p/0/b0fdd8d634f175fe,9,200,3797664,4.168,12256.185,309857
1787910257126,92fc7929-54a8-b7cf-82d7-0ca1e3ebc787,/p/0/60bf8301cd7211d8,7,200,3441133,133.014,27412.917,125530
1787910247642,3b749c58-6ab7-9e3a-6b7d-15a638eaf40e,/p/0/178d8880e33fbf06,12,200,3847646,350.582,37011.086,103959
1787910282288,9caa87a6-63f9-182e-5f14-b59782e63fbe,/p/0/6d32595295d0431d,10,200,265616,175.526,3470.771,76529
1787910259525,92fc7929-54a8-b7cf-82d7-0ca1e3ebc787,/p/0/82c68fd80187ad9,8,200,3803098,143.971,27031.568,140691
1787910238759,3b749c58-6ab7-9e3a-6b7d-15a638eaf40e,/p/0/82b5a16b8055d116,10,200,5571583,268.516,47977.540,116129
1787910174402,88ba8b3a-d142-75de-c30e-f5e7f764e17b,/p/0/ddf3152f67346cf4,1,200,2773394,1105.741,112435.263,24667
1787910247642,3b749c58-6ab7-9e3a-6b7d-15a638eaf40e,/p/0/178d8980e33fc0b9,12,0,4621983,240.759,40184.974,115018
1787910190039,88ba8b3a-d142-75de-c30e-f5e7f764e17b,/p/0/e37f826d657244ea,2,0,2306215,1192.575,97788.159,23584
1787910208876,6f9c5d35-2792-1d60-554c-5c1ca4bb4050,/p/0/2e6a3bbb2f81c244,1,200,4491899,371.166,79999.539,56149
1787910267900,92fc7929-54a8-b7cf-82d7-0ca1e3ebc787,/p/0/59dbb1ef5d4d92ff,10,200,4481887,472.305,21554.735,207931
1787910272160,1b2a4302-396a-16af-5c92-03547010d29c,/p/0/b0fdd7d634f1744b,9,200,4906044,2.257,17424.154,281566
1787910250685,e691194e-b4c1-a929-59bd-337dec07dcd6,/p/0/89d3991b410be66e,1,200,5304293,162.612,38927.219,136262
1787910256614,d831c348-5458-dc01-9f31-fa5f61ba72df,/p/0/948052ad49167e3a,1,200,5800828,142.879,33168.738,174888
1787910264755,db35cebd-fd77-cf12-e315-d0ba551529d2,/p/0/9fa1005568f62acc,4,200,3690955,390.090,25057.506,147299
1787910237559,9caa87a6-63f9-182e-5f14-b59782e63fbe,/p/0/a70e128090674b0a,3,200,6103798,125.423,52514.326,116231
1787910267659,5a867274-6461-6cfd-5377-f43c304d3564,/p/0/4bb4730289ba2f02,4,200,3784984,28.998,22568.079,167714
1787910215554,465a32fe-089b-66e1-743d-6bf81e48bcc9,/p/0/cd0008943ac37e74,3,0,713927,556.088,75272.845,9485
1787910256509,465a32fe-089b-66e1-743d-6bf81e48bcc9,/p/0/c0a4b535cec692a9,4,0,380107,1838.541,34317.701,11076
1787910256509,465a32fe-089b-66e1-743d-6bf81e48bcc9,/p/1/c0a4b335cec68f43,4,0,284031,2122.764,34317.669,8277
1787910178748,465a32fe-089b-66e1-743d-6bf81e48bcc9,/p/0/c89038f8d90ba46b,1,0,1794503,686.647,112078.817,16011
1787910256510,465a32fe-089b-66e1-743d-6bf81e48bcc9,/p/0/c0a4b235cec68d90,4,0,293330,1524.859,34317.643,8547
1787910275306,1b2a4302-396a-16af-5c92-03547010d29c,/p/4/f4f7ffb7a2e2c160,11,200,4754788,154.838,15567.735,305426
1787910276581,2ee20978-8e84-b243-63bc-68d509852845,/p/15/fd76c0f25a6890f8,2,200,306239,1159.478,14673.572,20870
1787910278811,d831c348-5458-dc01-9f31-fa5f61ba72df,/p/0/9c8850ab1c6c8fa1,2,200,4431283,142.897,12710.630,348628
1787910270394,56d3aeef-5534-d227-8053-bb282bac9ad2,/p/0/1dc0cec05792321e,2,200,180944,2892.648,21350.646,8475
1787910290873,1b2a4302-396a-16af-5c92-03547010d29c,/p/0/4cb8d45ead2cdb9d,12,200,237693,39.829,944.134,251758
1787910290873,1b2a4302-396a-16af-5c92-03547010d29c,/p/3/4cb8d35ead2cd9ea,12,200,371113,29.868,1298.411,285821
1787910276581,2ee20978-8e84-b243-63bc-68d509852845,/p/0/fd76c2f25a68945e,2,200,312577,1159.501,15709.339,19898
1787910290873,1b2a4302-396a-16af-5c92-03547010d29c,/p/0/4cb8d15ead2cd684,12,200,463595,20.390,1611.288,287717
1787910292172,1b2a4302-396a-16af-5c92-03547010d29c,/p/2/b7ea018752a3d52,13,200,134910,114.496,741.535,181933
1787910292172,1b2a4302-396a-16af-5c92-03547010d29c,/p/0/b7ea118752a3f05,13,200,326675,125.058,1686.750,193671
1787910292913,1b2a4302-396a-16af-5c92-03547010d29c,/p/0/db46779b92b860d1,14,200,364303,105.132,2176.369,167390
1787910292914,1b2a4302-396a-16af-5c92-03547010d29c,/p/1/db46759b92b85d6b,14,200,411315,114.736,2316.735,177541
1787910292914,1b2a4302-396a-16af-5c92-03547010d29c,/p/0/db46749b92b85bb8,14,200,391070,126.572,2396.465,163186
1787910291255,2ee20978-8e84-b243-63bc-68d509852845,/p/14/fbc2bc33b8535705,3,200,62410,1272.099,4168.705,14971
1787910223823,6f9c5d35-2792-1d60-554c-5c1ca4bb4050,/p/0/9bc49da1dbb6a5a3,4,200,4239036,1386.661,72224.290,58693
1787910246655,9caa87a6-63f9-182e-5f14-b59782e63fbe,/p/0/27b040a979fa5409,6,200,6210392,136.054,49836.257,124616
1787910277165,9caa87a6-63f9-182e-5f14-b59782e63fbe,/p/0/6d32575295d03fb7,10,200,2541731,146.450,19342.503,131407
1787910295230,1b2a4302-396a-16af-5c92-03547010d29c,/p/0/b742a1f57799034e,15,200,304216,138.968,1582.458,192243
1787910295230,1b2a4302-396a-16af-5c92-03547010d29c,/p/0/b742a0f57799019b,15,200,340653,139.027,2021.805,168490
1787910295230,1b2a4302-396a-16af-5c92-03547010d29c,/p/0/b7429ff57798ffe8,15,200,404770,229.730,2053.252,197136
1787910269479,5a867274-6461-6cfd-5377-f43c304d3564,/p/0/6944c1edb9314cf6,5,200,4845210,135.508,27989.863,173106
1787910268292,edc5b198-1eea-9f91-8df1-351f156ad215,/p/2/d2c73a34ccaff5dd,12,200,4037833,988.896,30047.658,134381
1787910271454,9caa87a6-63f9-182e-5f14-b59782e63fbe,/p/0/4361cf1d07039aa8,8,200,3876113,133.843,27478.432,141060
1787910269678,5a867274-6461-6cfd-5377-f43c304d3564,/p/0/30c6f5a9a9ed4ffb,6,200,5957841,256.439,29520.453,201821
1787910270394,56d3aeef-5534-d227-8053-bb282bac9ad2,/p/0/1dc0cfc0579233d1,2,200,317257,3470.017,29638.456,10704
1787910263445,56d3aeef-5534-d227-8053-bb282bac9ad2,/p/0/a059b6ee4c6edf5e,1,200,505547,2359.502,36867.546,13713
1787910229289,2f842279-d3ac-7494-7aab-4c4029ba93c4,/p/0/1dd49b7c83bc8fad,2,200,6219900,387.429,71247.801,87300
1787910273883,9caa87a6-63f9-182e-5f14-b59782e63fbe,/p/0/fdd2d41803792230,9,200,4682422,125.820,26734.418,175146
1787910243689,582d7278-74d9-8c9f-5186-81aaf9b6603f,/p/0/6fe8de6c19010789,4,200,4115368,352.512,57137.095,72026
1787910237301,2f842279-d3ac-7494-7aab-4c4029ba93c4,/p/20/b10e359ba75a7430,4,200,6257392,334.652,63981.390,97800
1787910301282,2f842279-d3ac-7494-7aab-4c4029ba93c4,/p/0/c6eac58594d704bb,5,200,7819,276.260,526.331,14856
1787910246259,582d7278-74d9-8c9f-5186-81aaf9b6603f,/p/0/ba37d3ebcbd8857,5,200,4013446,346.164,55717.895,72032
1787910212912,6f9c5d35-2792-1d60-554c-5c1ca4bb4050,/p/0/a26c33098aeef333,3,200,6280113,442.426,89359.296,70279
1787910240089,582d7278-74d9-8c9f-5186-81aaf9b6603f,/p/0/2cb04cddf0b5cbb4,3,200,4200412,107.241,62661.961,67033
1787910298340,edc5b198-1eea-9f91-8df1-351f156ad215,/p/1/b831d8f407334137,13,200,216276,386.256,4671.677,46295
1787910301282,2f842279-d3ac-7494-7aab-4c4029ba93c4,/p/0/c6eac68594d7066e,5,200,125331,303.995,1781.901,70336
1787910221953,6f9c5d35-2792-1d60-554c-5c1ca4bb4050,/p/0/9bc49ea1dbb6a756,4,200,5503355,812.175,81975.313,67134
1787910301282,2f842279-d3ac-7494-7aab-4c4029ba93c4,/p/19/c6eac78594d70821,5,200,251069,276.290,2841.070,88371
1787910292172,1b2a4302-396a-16af-5c92-03547010d29c,/p/0/b7e9e18752a39ec,13,200,6266360,102.841,12094.782,518104
1787910229289,2f842279-d3ac-7494-7aab-4c4029ba93c4,/p/0/1dd4987c83bc8a94,2,200,6127619,301.493,75111.580,81580
1787910303011,edc5b198-1eea-9f91-8df1-351f156ad215,/p/0/6d76478ea85ea713,14,0,47992,461.273,1815.835,26430
1787910268292,edc5b198-1eea-9f91-8df1-351f156ad215,/p/0/d2c73834ccaff277,12,0,4415546,989.698,36535.322,120857
1787910303012,edc5b198-1eea-9f91-8df1-351f156ad215,/p/0/6d76488ea85ea8c6,14,0,48513,499.627,1815.815,26717
1787910303012,edc5b198-1eea-9f91-8df1-351f156ad215,/p/0/6d76498ea85eaa79,14,0,38034,461.306,1815.811,20946
1787910298340,edc5b198-1eea-9f91-8df1-351f156ad215,/p/0/b831d7f407333f84,13,0,266083,463.835,6487.585,41014
1787910298340,edc5b198-1eea-9f91-8df1-351f156ad215,/p/0/b831daf40733449d,13,0,293331,386.261,6487.620,45214
1787910304123,2f842279-d3ac-7494-7aab-4c4029ba93c4,/p/18/7ddd9718fb55947d,6,200,163898,277.518,2339.298,70063
1787910306463,2f842279-d3ac-7494-7aab-4c4029ba93c4,/p/17/a5f3be565187dce1,7,200,14871,304.392,748.281,19874
1787910304123,2f842279-d3ac-7494-7aab-4c4029ba93c4,/p/0/7ddd9518fb559117,6,200,357720,277.619,5747.005,62245
1787910304123,2f842279-d3ac-7494-7aab-4c4029ba93c4,/p/0/7ddd9618fb5592ca,6,200,494718,277.542,6718.408,73636
1787910306463,2f842279-d3ac-7494-7aab-4c4029ba93c4,/p/0/a5f3bc565187d97b,7,200,272885,332.494,6101.281,44726
1787910306463,2f842279-d3ac-7494-7aab-4c4029ba93c4,/p/0/a5f3bd565187db2e,7,200,271860,276.405,6562.304,41428
1787910307211,2f842279-d3ac-7494-7aab-4c4029ba93c4,/p/16/93b1afa047657e1b,8,200,449299,303.047,7639.974,58809
1787910307211,2f842279-d3ac-7494-7aab-4c4029ba93c4,/p/0/93b1aea047657c68,8,200,458850,331.329,7640.935,60052
1787910309870,2f842279-d3ac-7494-7aab-4c4029ba93c4,/p/0/93b1b1a047658181,8,200,512397,333.043,4982.172,102846
1787910314851,2f842279-d3ac-7494-7aab-4c4029ba93c4,/p/15/e514362c523d5665,9,200,377893,13.539,343.402,1100440
1787910314851,2f842279-d3ac-7494-7aab-4c4029ba93c4,/p/0/e514342c523d52ff,9,200,499405,14.257,343.736,1452874
1787910315194,2f842279-d3ac-7494-7aab-4c4029ba93c4,/p/0/69a08c00e299952,10,200,282783,466.922,475.720,594432
1787910314851,2f842279-d3ac-7494-7aab-4c4029ba93c4,/p/0/e514352c523d54b2,9,200,2755099,14.686,2429.832,1133864
1787910270394,56d3aeef-5534-d227-8053-bb282bac9ad2,/p/0/1dc0cdc05792306b,2,200,3452192,1371.467,49525.126,69706
1787910291255,2ee20978-8e84-b243-63bc-68d509852845,/p/0/fbc2bb33b8535552,3,200,382355,1153.234,45519.178,8400
1787910315194,2f842279-d3ac-7494-7aab-4c4029ba93c4,/p/14/69a09c00e299b05,10,0,3315955,467.914,26632.792,124506
1787910315194,2f842279-d3ac-7494-7aab-4c4029ba93c4,/p/0/69a07c00e29979f,10,0,3733727,466.854,26632.813,140193
1787910295424,2ee20978-8e84-b243-63bc-68d509852845,/p/13/4a35b6e693b21df2,4,200,425672,1509.791,56370.646,7551
1787910295424,2ee20978-8e84-b243-63bc-68d509852845,/p/0/4a35b7e693b21fa5,4,200,509125,1404.364,57306.156,8884
1787910351795,2ee20978-8e84-b243-63bc-68d509852845,/p/0/17dd4679c188df7a,5,200,32532,1170.286,3784.265,8597
1787910352730,2ee20978-8e84-b243-63bc-68d509852845,/p/0/17dd4579c188ddc7,5,200,64583,1100.525,6837.915,9445
1787910276582,2ee20978-8e84-b243-63bc-68d509852845,/p/0/fd76c1f25a6892ab,2,0,1228931,1159.536,94245.717,13040
1787910351795,2ee20978-8e84-b243-63bc-68d509852845,/p/12/17dd4779c188e12d,5,0,248339,1277.289,19032.732,13048
1787910291255,2ee20978-8e84-b243-63bc-68d509852845,/p/0/fbc2ba33b853539f,3,0,836615,1272.146,79572.250,10514
1787910295424,2ee20978-8e84-b243-63bc-68d509852845,/p/0/4a35b4e693b21a8c,4,0,714975,1280.873,75403.513,9482
