t_start_ms,client,path,depth,status,bytes,ttfb_ms,total_ms,bytes_per_s
1787815246305,3e340235-a476-afef-4a40-4f38df10a537,/?crawl=0,0,200,339781,23.558,517.721,656301
1787815246305,34b69e21-870e-7b51-cd5c-c6d7ebc990e9,/?crawl=1,0,200,428359,33.013,635.232,674335
1787815246940,34b69e21-870e-7b51-cd5c-c6d7ebc990e9,/p/2/7f495002caaea5ed,1,200,144912,1.993,15.440,9385746
1787815246940,34b69e21-870e-7b51-cd5c-c6d7ebc990e9,/p/0/7f494e02caaea287,1,200,138427,1.347,15.806,8758027
1787815246940,34b69e21-870e-7b51-cd5c-c6d7ebc990e9,/p/0/7f494f02caaea43a,1,200,293707,2.269,17.706,16587743
1787815247304,161b30d4-dbe2-5052-5dcb-0f971f676399,/?crawl=3,0,200,174981,41.987,465.734,375710
1787815246822,3e340235-a476-afef-4a40-4f38df10a537,/p/0/ebdefba53613b18d,1,200,257456,123.048,1246.643,206520
1787815246822,3e340235-a476-afef-4a40-4f38df10a537,/p/1/ebdefaa53613afda,1,200,381670,111.899,1573.008,242637
1787815248395,3e340235-a476-afef-4a40-4f38df10a537,/p/0/928700abba78355f,2,200,7853,142.488,221.261,35492
1787815248395,3e340235-a476-afef-4a40-4f38df10a537,/p/0/928701abba783712,2,200,78181,153.133,578.801,135074
1787815247770,161b30d4-dbe2-5052-5dcb-0f971f676399,/p/0/5874a747a178bd2d,1,200,197932,36.094,1613.896,122642
1787815248395,3e340235-a476-afef-4a40-4f38df10a537,/p/0/9286ffabba7833ac,2,200,267056,153.140,990.615,269586
1787815247770,161b30d4-dbe2-5052-5dcb-0f971f676399,/p/0/5874a447a178b814,1,200,365297,129.085,2414.490,151294
1787815247770,161b30d4-dbe2-5052-5dcb-0f971f676399,/p/3/5874a547a178b9c7,1,200,509165,36.061,2741.474,185727
1787815250307,a3113622-153a-4853-9f4b-e682800ffcd5,/?crawl=4,0,200,201501,28.820,371.106,542974
1787815251304,ed42c88f-4aa9-7d0f-7e68-53c544c4dfb3,/?crawl=7,0,200,56756,27.994,113.796,498754
1787815251418,ed42c88f-4aa9-7d0f-7e68-53c544c4dfb3,/p/0/acb51d14f0ce4e1,1,200,10437,25.801,50.523,206580
1787815251304,553b9ccc-860b-52b9-85ef-0d28103041fa,/?crawl=6,0,200,45942,51.968,172.135,266895
1787815250679,a3113622-153a-4853-9f4b-e682800ffcd5,/p/0/9e35a62ee3a7d941,1,200,121254,90.713,891.469,136016
1787815251304,452971bf-e875-1435-2f47-7f6c6fe20dea,/?crawl=8,0,200,175181,40.771,480.140,364854
1787815246955,34b69e21-870e-7b51-cd5c-c6d7ebc990e9,/p/0/6c7444d39f053166,2,200,2406683,2.772,4866.890,494501
1787815250679,a3113622-153a-4853-9f4b-e682800ffcd5,/p/0/9e35a52ee3a7d78e,1,200,358342,36.498,1507.690,237676
1787815250679,a3113622-153a-4853-9f4b-e682800ffcd5,/p/0/9e35a32ee3a7d428,1,200,404616,25.688,1557.846,259728
1787815251418,ed42c88f-4aa9-7d0f-7e68-53c544c4dfb3,/p/0/acb4fd14f0ce17b,1,200,311799,75.837,1119.215,278587
1787815251476,553b9ccc-860b-52b9-85ef-0d28103041fa,/p/0/7760fb73ba71ed1b,1,200,88843,48.080,1134.767,78292
1787815251304,9fdb75b2-e53e-03fe-6b2c-ae349e1d4f9c,/?crawl=5,0,200,430217,50.861,1439.832,298797
1787815251418,ed42c88f-4aa9-7d0f-7e68-53c544c4dfb3,/p/0/acb4ed14f0cdfc8,1,200,457032,37.803,1367.760,334146
1787815251476,553b9ccc-860b-52b9-85ef-0d28103041fa,/p/0/7760fc73ba71eece,1,200,203215,71.871,1619.227,125501
1787815252304,b93bd898-c1c5-1dfb-d880-2d01ea6e3184,/?crawl=9,0,200,374828,103.376,1265.606,296165
1787815251784,452971bf-e875-1435-2f47-7f6c6fe20dea,/p/0/508c50b8913c00f5,1,200,239464,38.296,1822.940,131361
1787815247304,e6643b89-1dd1-2310-bf50-2a904aaa6e86,/?crawl=2,0,200,216354,702.593,6533.032,33117
1787815251476,553b9ccc-860b-52b9-85ef-0d28103041fa,/p/3/7760fa73ba71eb68,1,200,477895,143.936,2608.688,183194
1787815251784,452971bf-e875-1435-2f47-7f6c6fe20dea,/p/8/508c4fb8913bff42,1,200,342045,38.283,2419.507,141370
1787815254085,553b9ccc-860b-52b9-85ef-0d28103041fa,/p/2/77757d36acfce723,2,200,17499,48.682,120.688,144994
1787815254085,553b9ccc-860b-52b9-85ef-0d28103041fa,/p/0/77757f36acfcea89,2,200,29531,73.101,262.966,112300
1787815250511,161b30d4-dbe2-5052-5dcb-0f971f676399,/p/2/f31fea218144672f,2,200,485076,69.998,3879.879,125023
1787815254304,28cc50e5-3465-4b99-2b80-02383cb906cd,/?crawl=12,0,200,44359,86.304,297.598,149057
1787815254391,161b30d4-dbe2-5052-5dcb-0f971f676399,/p/0/bc0c70547536d455,3,200,31386,205.097,654.497,47954
1787815246822,3e340235-a476-afef-4a40-4f38df10a537,/p/0/ebdef8a53613ac74,1,200,4623134,21.965,8366.896,552551
1787815254204,452971bf-e875-1435-2f47-7f6c6fe20dea,/p/0/1e712e84d5666890,2,200,75744,191.386,1381.484,54828
1787815254391,161b30d4-dbe2-5052-5dcb-0f971f676399,/p/0/bc0c6d547536cf3c,3,200,87158,205.144,1336.334,65222
1787815254602,28cc50e5-3465-4b99-2b80-02383cb906cd,/p/0/c2fd8c056d07fe07,1,200,45497,210.159,1219.858,37297
1787815255304,0749ca82-1e65-8f0a-ba8a-b79b9d25deac,/?crawl=13,0,200,189286,75.052,969.905,195159
1787815254206,553b9ccc-860b-52b9-85ef-0d28103041fa,/p/1/c88446e088c7df71,3,200,161383,238.503,2488.285,64857
1787815254206,553b9ccc-860b-52b9-85ef-0d28103041fa,/p/0/c88445e088c7ddbe,3,200,206233,238.487,2726.385,75643
1787815253570,b93bd898-c1c5-1dfb-d880-2d01ea6e3184,/p/0/e3f6a41625d6f3a2,1,200,345850,347.820,3484.178,99263
1787815254204,452971bf-e875-1435-2f47-7f6c6fe20dea,/p/0/1e713184d5666da9,2,200,264543,191.314,2943.914,89861
1787815257304,1ff3bcd1-0da7-cd02-1374-522545639cba,/?crawl=15,0,200,253138,40.949,709.704,356681
1787815254204,452971bf-e875-1435-2f47-7f6c6fe20dea,/p/7/1e713084d5666bf6,2,200,422624,229.803,4038.221,104656
1787815256305,e74dc3e9-9b81-1c67-b868-f59eb1ef8038,/?crawl=14,0,200,102706,213.545,2118.626,48478
1787815257304,63c575a9-d481-947a-51d7-c87f17963167,/?crawl=16,0,200,416840,51.547,1383.075,301386
1787815258304,0478c1ea-68e1-75c7-cddd-a5d083df15bb,/?crawl=17,0,200,279501,32.920,579.129,482623
1787815256694,553b9ccc-860b-52b9-85ef-0d28103041fa,/p/0/b310c0b95819ac25,4,200,132319,261.345,2440.295,54223
1787815254602,28cc50e5-3465-4b99-2b80-02383cb906cd,/p/0/c2fd8d056d07ffba,1,200,373483,83.356,4657.651,80187
1787815258883,0478c1ea-68e1-75c7-cddd-a5d083df15bb,/p/0/e1e9e13186012fa8,1,200,63235,28.903,416.764,151729
1787815259304,3281b132-3631-e78d-6f4e-faac523fc3a0,/?crawl=18,0,200,93626,37.084,236.787,395402
1787815258014,1ff3bcd1-0da7-cd02-1374-522545639cba,/p/0/bb153a765ccb4a4e,1,200,130243,280.012,1859.018,70060
1787815254085,553b9ccc-860b-52b9-85ef-0d28103041fa,/p/0/77757c36acfce570,2,200,472450,144.156,5872.229,80455
1787815259541,3281b132-3631-e78d-6f4e-faac523fc3a0,/p/3/d6385d9efa64af,1,200,94642,32.893,623.782,151723
1787815258883,0478c1ea-68e1-75c7-cddd-a5d083df15bb,/p/3/e1e9e3318601330e,1,200,403277,58.877,1654.875,243690
1787815260304,ed827d04-f232-b34f-a621-d4ff29686646,/?crawl=21,0,200,163763,28.569,296.995,551400
1787815258883,0478c1ea-68e1-75c7-cddd-a5d083df15bb,/p/0/e1e9e431860134c1,1,200,403049,74.059,1788.568,225347
1787815258242,452971bf-e875-1435-2f47-7f6c6fe20dea,/p/0/3792e4aa8682a89c,3,200,245122,191.786,2838.687,86350
1787815260601,ed827d04-f232-b34f-a621-d4ff29686646,/p/0/9dc3d485946060c5,1,200,133453,75.762,982.697,135803
1787815260601,ed827d04-f232-b34f-a621-d4ff29686646,/p/0/9dc3d18594605bac,1,200,296073,26.161,1301.800,227434
1787815260601,ed827d04-f232-b34f-a621-d4ff29686646,/p/0/9dc3d28594605d5f,1,200,348179,63.926,1391.739,250176
1787815256694,553b9ccc-860b-52b9-85ef-0d28103041fa,/p/0/b310bdb95819a70c,4,200,418646,261.427,5437.043,76999
1787815260538,0478c1ea-68e1-75c7-cddd-a5d083df15bb,/p/0/d6ca26eaec9be3bb,2,200,243600,162.751,1597.087,152528
1787815262304,5d605fca-a4ff-8fee-584e-47beb8f0c9b4,/?crawl=25,0,200,53759,23.247,90.621,593227
1787815260304,ba000cd4-e548-1dc6-ed04-22483848222c,/?crawl=22,0,200,381516,79.307,2104.596,181278
1787815258242,452971bf-e875-1435-2f47-7f6c6fe20dea,/p/0/3792e7aa8682adb5,3,200,419759,229.050,4288.158,97888
1787815262409,ba000cd4-e548-1dc6-ed04-22483848222c,/p/0/312e25e328fb500c,1,200,48041,79.159,397.389,120892
1787815246955,34b69e21-870e-7b51-cd5c-c6d7ebc990e9,/p/1/6c7445d39f053319,2,200,5347595,2.487,16301.347,328046
1787815258424,e74dc3e9-9b81-1c67-b868-f59eb1ef8038,/p/0/4e7f8cd3f1663b48,1,200,72451,937.641,4850.775,14936
1787815259541,3281b132-3631-e78d-6f4e-faac523fc3a0,/p/0/d63a5d9efa6815,1,200,342741,97.845,3877.207,88399
1787815262409,ba000cd4-e548-1dc6-ed04-22483848222c,/p/0/312e28e328fb5525,1,200,115159,236.559,1238.650,92971
1787815253837,e6643b89-1dd1-2310-bf50-2a904aaa6e86,/p/0/c50a51ea0cddc71a,1,200,121158,296.554,10028.064,12082
1787815256274,0749ca82-1e65-8f0a-ba8a-b79b9d25deac,/p/0/2f9336a7d86d07f4,1,200,510897,71.713,7593.158,67284
1787815256274,0749ca82-1e65-8f0a-ba8a-b79b9d25deac,/p/15/2f9338a7d86d0b5a,1,200,501123,250.624,7700.322,65078
1787815262409,ba000cd4-e548-1dc6-ed04-22483848222c,/p/0/312e27e328fb5372,1,200,430256,355.355,1638.552,262583
1787815263305,fe9f5242-1dee-d8c5-2769-78aba5955fb8,/?crawl=28,0,200,286360,44.917,794.842,360273
1787815263305,09982139-5e76-f214-cc24-4e66c50bbb4e,/?crawl=26,0,200,258138,50.209,868.222,297318
1787815260165,3281b132-3631-e78d-6f4e-faac523fc3a0,/p/2/a4f0d44f7ac2882e,2,200,373296,219.599,4095.094,91157
1787815260165,3281b132-3631-e78d-6f4e-faac523fc3a0,/p/0/a4f0d24f7ac284c8,2,200,433631,170.493,4290.750,101062
1787815264304,d8034ba6-4789-5f97-4360-1ea481a9ca9b,/?crawl=29,0,200,350234,14.793,262.568,1333877
1787815264173,09982139-5e76-f214-cc24-4e66c50bbb4e,/p/5/e384d26cd68f7b26,1,200,57571,70.749,431.220,133507
1787815264567,d8034ba6-4789-5f97-4360-1ea481a9ca9b,/p/0/39167c7239380c44,1,200,82454,28.472,181.946,453179
1787815264260,3281b132-3631-e78d-6f4e-faac523fc3a0,/p/0/e280f72fd1470076,3,200,53102,161.840,721.959,73553
1787815263257,34b69e21-870e-7b51-cd5c-c6d7ebc990e9,/p/0/a623967e298e8ed0,3,200,163673,210.475,1789.432,91466
1787815246955,34b69e21-870e-7b51-cd5c-c6d7ebc990e9,/p/0/6c7443d39f052fb3,2,200,5872440,2.544,18353.439,319964
1787815259304,6ecd8cf8-f9e4-22fd-ee79-91329d872865,/?crawl=19,0,200,3882478,40.781,6245.562,621638
1787815264604,09982139-5e76-f214-cc24-4e66c50bbb4e,/p/0/6b54c514d4dd6a68,2,200,60916,263.496,1102.277,55264
1787815260304,ed44bc0f-ef2d-a9ce-7a2d-62863ae567a0,/?crawl=20,0,200,5225825,32.953,5501.913,949820
1787815265304,29a6f688-2430-d1d8-66fa-7a8c858c2805,/?crawl=31,0,200,502144,24.602,773.210,649428
1787815263975,0749ca82-1e65-8f0a-ba8a-b79b9d25deac,/p/14/a0c121534132ac98,2,200,75937,356.695,2114.920,35905
1787815266078,29a6f688-2430-d1d8-66fa-7a8c858c2805,/p/0/fcdef48081d955e2,1,200,24271,23.253,57.080,425208
1787815266078,29a6f688-2430-d1d8-66fa-7a8c858c2805,/p/0/fcdef58081d95795,1,200,34226,68.016,167.830,203933
1787815266078,29a6f688-2430-d1d8-66fa-7a8c858c2805,/p/0/fcdef28081d9527c,1,200,178198,57.052,372.340,478589
1787815265806,ed44bc0f-ef2d-a9ce-7a2d-62863ae567a0,/p/0/a597f27ffc56ab2,1,200,283455,1.702,667.114,424897
1787815264100,fe9f5242-1dee-d8c5-2769-78aba5955fb8,/p/0/a5ac2a14a49d1b4a,1,200,257923,158.663,2389.281,107950
1787815263257,34b69e21-870e-7b51-cd5c-c6d7ebc990e9,/p/0/a623987e298e9236,3,200,490579,162.039,3387.542,144819
1787815265806,ed44bc0f-ef2d-a9ce-7a2d-62863ae567a0,/p/0/a597e27ffc568ff,1,200,437155,2.162,875.647,499237
1787815265806,ed44bc0f-ef2d-a9ce-7a2d-62863ae567a0,/p/10/a597d27ffc5674c,1,200,245047,3.159,908.111,269842
1787815264100,fe9f5242-1dee-d8c5-2769-78aba5955fb8,/p/12/a5ac2814a49d17e4,1,200,410851,38.934,2787.206,147406
1787815266714,ed44bc0f-ef2d-a9ce-7a2d-62863ae567a0,/p/0/4192951ef5e9be6d,2,200,26852,57.065,179.694,149432
1787815258424,e74dc3e9-9b81-1c67-b868-f59eb1ef8038,/p/13/4e7f8dd3f1663cfb,1,200,492286,232.280,8579.595,57379
1787815264567,d8034ba6-4789-5f97-4360-1ea481a9ca9b,/p/9/39167d7239380df7,1,200,2240689,18.690,3131.344,715568
1787815267698,d8034ba6-4789-5f97-4360-1ea481a9ca9b,/p/8/4cd715588c21e05f,2,200,51811,50.876,256.999,201600
1787815264604,09982139-5e76-f214-cc24-4e66c50bbb4e,/p/0/6b54c814d4dd6f81,2,200,213108,263.485,3475.299,61321
1787815266089,0749ca82-1e65-8f0a-ba8a-b79b9d25deac,/p/13/fff7c9fdfee5ac87,3,200,80718,428.106,2267.388,35600
1787815268304,331385a9-7318-219a-59f0-3ebce55bbba8,/?crawl=36,0,200,12255,44.342,64.356,190425
1787815267698,d8034ba6-4789-5f97-4360-1ea481a9ca9b,/p/0/4cd714588c21deac,2,200,212764,50.863,804.534,264456
1787815267698,d8034ba6-4789-5f97-4360-1ea481a9ca9b,/p/0/4cd717588c21e3c5,2,200,251300,55.555,939.702,267425
1787815264260,3281b132-3631-e78d-6f4e-faac523fc3a0,/p/1/e280f52fd146fd10,3,200,451877,161.769,4405.608,102569
1787815267003,e74dc3e9-9b81-1c67-b868-f59eb1ef8038,/p/12/2059daba701f765b,2,200,151430,180.899,1773.806,85370
1787815263975,0749ca82-1e65-8f0a-ba8a-b79b9d25deac,/p/0/a0c123534132affe,2,200,379794,393.053,4956.261,76629
1787815266089,0749ca82-1e65-8f0a-ba8a-b79b9d25deac,/p/0/fff7cbfdfee5afed,3,200,209611,357.917,2842.280,73747
1787815264304,a1600f92-0f69-ec40-9031-91960e1644b6,/?crawl=30,0,200,4441882,18.935,4796.373,926092
1787815267955,d8034ba6-4789-5f97-4360-1ea481a9ca9b,/p/0/c0bd8789a7d76ee5,3,200,345532,73.288,1193.382,289540
1787815264173,09982139-5e76-f214-cc24-4e66c50bbb4e,/p/0/e384d06cd68f77c0,1,200,403060,47.147,5038.790,79991
1787815269101,a1600f92-0f69-ec40-9031-91960e1644b6,/p/0/904949de16744bf5,1,200,99892,16.635,286.462,348709
1787815266714,ed44bc0f-ef2d-a9ce-7a2d-62863ae567a0,/p/0/4192921ef5e9b954,2,200,420787,119.112,2720.576,154668
1787815267955,d8034ba6-4789-5f97-4360-1ea481a9ca9b,/p/7/c0bd8689a7d76d32,3,200,462895,87.104,1480.552,312650
1787815267955,d8034ba6-4789-5f97-4360-1ea481a9ca9b,/p/0/c0bd8489a7d769cc,3,200,511210,58.831,1542.473,331422
1787815269101,a1600f92-0f69-ec40-9031-91960e1644b6,/p/0/904947de1674488f,1,200,140338,39.932,405.469,346113
1787815269436,d8034ba6-4789-5f97-4360-1ea481a9ca9b,/p/0/80b608eddd171e75,4,200,102542,51.023,259.671,394893
1787815269101,a1600f92-0f69-ec40-9031-91960e1644b6,/p/0/904948de16744a42,1,200,312102,16.628,613.688,508568
1787815267003,e74dc3e9-9b81-1c67-b868-f59eb1ef8038,/p/0/2059d9ba701f74a8,2,200,246754,197.895,2932.651,84140
1787815269436,d8034ba6-4789-5f97-4360-1ea481a9ca9b,/p/6/80b607eddd171cc2,4,200,205940,50.955,762.516,270080
1787815269436,d8034ba6-4789-5f97-4360-1ea481a9ca9b,/p/0/80b605eddd17195c,4,200,468107,56.933,1342.219,348756
1787815270199,d8034ba6-4789-5f97-4360-1ea481a9ca9b,/p/0/2ee4a6d3c5962f16,5,200,62814,578.994,695.298,90341
1787815264173,09982139-5e76-f214-cc24-4e66c50bbb4e,/p/0/e384d36cd68f7cd9,1,200,498813,47.143,6812.945,73215
1787815271304,9faa9546-7464-257f-611f-fdcf1ef233cd,/?crawl=41,0,200,14089,61.966,91.035,154764
1787815268666,3281b132-3631-e78d-6f4e-faac523fc3a0,/p/0/924b6c83966aa045,4,200,196667,178.062,2878.841,68315
1787815260538,0478c1ea-68e1-75c7-cddd-a5d083df15bb,/p/0/d6ca27eaec9be56e,2,200,2493237,133.725,11083.189,224957
1787815267305,63135859-d311-aab9-b4d2-e0ee12621def,/?crawl=34,0,200,2521812,28.448,4395.146,573772
1787815270200,d8034ba6-4789-5f97-4360-1ea481a9ca9b,/p/0/2ee4a5d3c5962d63,5,200,482853,577.592,1550.123,311493
1787815270315,29e71566-23fb-c266-6f70-fdb259fb1808,/?crawl=38,0,200,433136,93.759,1543.986,280531
1787815266887,fe9f5242-1dee-d8c5-2769-78aba5955fb8,/p/0/4374c74c414db74d,2,200,438095,218.157,5034.486,87019
1787815271700,63135859-d311-aab9-b4d2-e0ee12621def,/p/0/429ff267c4087043,1,200,58227,25.841,237.729,244930
1787815268666,3281b132-3631-e78d-6f4e-faac523fc3a0,/p/0/924b6b83966a9e92,4,200,152539,178.012,3327.285,45845
1787815260538,0478c1ea-68e1-75c7-cddd-a5d083df15bb,/p/2/d6ca25eaec9be208,2,200,2838942,148.585,11482.919,247232
1787815271304,7d9bd299-f439-b81d-f69e-7c44eab037c8,/?crawl=40,0,200,379301,21.156,783.507,484107
1787815253305,63feb0eb-2564-8058-5024-1e4cb93e9190,/?crawl=11,0,200,4393792,84.911,18847.166,233127
1787815272021,0478c1ea-68e1-75c7-cddd-a5d083df15bb,/p/0/c9f7e6818846fadf,3,200,80883,28.913,222.354,363758
1787815250511,161b30d4-dbe2-5052-5dcb-0f971f676399,/p/0/f31fec2181446a95,2,200,2997076,36.691,21782.669,137590
1787815268931,0749ca82-1e65-8f0a-ba8a-b79b9d25deac,/p/0/15e11fa3b744dba3,4,200,497153,595.075,3473.442,143130
1787815254602,28cc50e5-3465-4b99-2b80-02383cb906cd,/p/1/c2fd8e056d08016d,1,200,6079367,416.179,17851.300,340556
1787815272454,28cc50e5-3465-4b99-2b80-02383cb906cd,/p/0/1af64c81ce9ddb1d,2,200,14266,19.221,20.187,706686
1787815272453,28cc50e5-3465-4b99-2b80-02383cb906cd,/p/0/1af64981ce9dd604,2,200,373173,2.465,114.158,3268925
1787815250512,161b30d4-dbe2-5052-5dcb-0f971f676399,/p/0/f31fe9218144657c,2,200,3435019,87.582,22094.482,155470
1787815261304,c5aa0efa-81cb-c472-cc06-ea5a979bd993,/?crawl=24,0,200,2356356,71.380,11321.869,208124
1787815266887,fe9f5242-1dee-d8c5-2769-78aba5955fb8,/p/0/4374c44c414db234,2,200,453574,197.610,5751.609,78860
1787815271304,f8d57306-52e3-084e-5070-0ace3c1af0f2,/?crawl=43,0,200,402987,162.961,1346.610,299260
1787815272088,7d9bd299-f439-b81d-f69e-7c44eab037c8,/p/0/20ef3f38b3416b8d,1,200,150889,93.613,644.983,233943
1787815253837,e6643b89-1dd1-2310-bf50-2a904aaa6e86,/p/0/c50a50ea0cddc567,1,200,366648,1189.536,18917.244,19382
1787815268369,331385a9-7318-219a-59f0-3ebce55bbba8,/p/4/1bcb49ac9ad28783,1,200,405157,232.545,4460.465,90833
1787815271304,d23f0858-b1f7-bef1-1fdf-a9606a32322a,/?crawl=42,0,200,302146,72.379,1545.254,195532
1787815261304,fd5674f4-7e92-846e-8aca-195ffeced01e,/?crawl=23,0,200,479752,233.952,11554.284,41522
1787815272088,7d9bd299-f439-b81d-f69e-7c44eab037c8,/p/5/20ef3e38b34169da,1,200,268259,16.968,848.105,316304
1787815272152,63feb0eb-2564-8058-5024-1e4cb93e9190,/p/6/8be8decaf371f34,1,200,131833,54.139,825.386,159723
1787815272088,7d9bd299-f439-b81d-f69e-7c44eab037c8,/p/0/20ef3c38b3416674,1,200,284313,93.609,913.860,311112
1787815272021,0478c1ea-68e1-75c7-cddd-a5d083df15bb,/p/0/c9f7e7818846fc92,3,200,203175,161.569,1038.730,195599
1787815264567,d8034ba6-4789-5f97-4360-1ea481a9ca9b,/p/0/39167f723938115d,1,200,4777865,11.720,8540.469,559438
1787815254206,553b9ccc-860b-52b9-85ef-0d28103041fa,/p/0/c88444e088c7dc0b,3,200,2181335,238.532,18910.945,115348
1787815271700,63135859-d311-aab9-b4d2-e0ee12621def,/p/1/429ff467c40873a9,1,200,439098,89.698,1511.591,290487
1787815272626,c5aa0efa-81cb-c472-cc06-ea5a979bd993,/p/0/bcb028b1ad5990b3,1,200,28432,381.957,591.091,48101
1787815271395,9faa9546-7464-257f-611f-fdcf1ef233cd,/p/0/b459919647dc5c87,1,200,155945,59.497,1824.399,85477
1787815272453,28cc50e5-3465-4b99-2b80-02383cb906cd,/p/0/1af64b81ce9dd96a,2,200,2938020,19.473,908.336,3234506
1787815263257,34b69e21-870e-7b51-cd5c-c6d7ebc990e9,/p/0/a623977e298e9083,3,200,3541739,161.992,10223.577,346429
1787815272936,7d9bd299-f439-b81d-f69e-7c44eab037c8,/p/0/90e8f72529b72fed,2,200,173583,65.619,572.249,303335
1787815273212,63135859-d311-aab9-b4d2-e0ee12621def,/p/0/5652738044150d4e,2,200,17663,163.347,328.098,53834
1787815254391,161b30d4-dbe2-5052-5dcb-0f971f676399,/p/1/bc0c6f547536d2a2,3,200,5627805,223.942,19295.945,291657
1787815270313,e51c2ccc-530c-0524-fc27-87f81183ca9e,/?crawl=39,0,200,3528037,109.928,3590.683,982553
1787815271395,9faa9546-7464-257f-611f-fdcf1ef233cd,/p/0/b459929647dc5e3a,1,200,256477,300.776,2638.361,97211
1787815270199,d8034ba6-4789-5f97-4360-1ea481a9ca9b,/p/5/2ee4a4d3c5962bb0,5,200,2774933,577.980,3883.380,714567
1787815273687,161b30d4-dbe2-5052-5dcb-0f971f676399,/p/0/b74763373d29667b,4,200,151809,3.424,446.993,339623
1787815273687,161b30d4-dbe2-5052-5dcb-0f971f676399,/p/0/b74765373d2969e1,4,200,335449,1.861,448.084,748630
1787815272936,7d9bd299-f439-b81d-f69e-7c44eab037c8,/p/0/90e8f42529b72ad4,2,200,388921,99.648,1230.310,316116
1787815272936,7d9bd299-f439-b81d-f69e-7c44eab037c8,/p/4/90e8f62529b72e3a,2,200,416715,91.658,1248.483,333777
1787815273212,63135859-d311-aab9-b4d2-e0ee12621def,/p/0/5652728044150b9b,2,200,188830,126.419,1148.272,164447
1787815253837,e6643b89-1dd1-2310-bf50-2a904aaa6e86,/p/1/c50a4fea0cddc3b4,1,200,423749,890.751,20567.155,20603
1787815273212,63135859-d311-aab9-b4d2-e0ee12621def,/p/0/5652748044150f01,2,200,271270,151.070,1313.318,206553
1787815268666,3281b132-3631-e78d-6f4e-faac523fc3a0,/p/0/924b6983966a9b2c,4,200,479606,195.507,6049.631,79279
1787815274304,8f2e4d7d-498d-7300-494d-d801cfe79269,/?crawl=46,0,200,92097,68.476,421.224,218641
1787815273904,e51c2ccc-530c-0524-fc27-87f81183ca9e,/p/5/98319f6d26b1067a,1,200,301344,89.254,907.421,332089
1787815274083,d8034ba6-4789-5f97-4360-1ea481a9ca9b,/p/4/9a492d9b7597bc0b,6,200,320463,15.187,776.832,412526
1787815274083,d8034ba6-4789-5f97-4360-1ea481a9ca9b,/p/0/9a492c9b7597ba58,6,200,453836,15.157,805.569,563373
1787815258014,1ff3bcd1-0da7-cd02-1374-522545639cba,/p/0/bb1539765ccb489b,1,200,3127900,36.753,16895.883,185128
1787815272850,d23f0858-b1f7-bef1-1fdf-a9606a32322a,/p/0/fa1a957d8a0b811a,1,200,131026,73.370,2212.822,59212
1787815273904,e51c2ccc-530c-0524-fc27-87f81183ca9e,/p/0/98319d6d26b10314,1,200,433275,17.344,1159.576,373650
1787815274083,d8034ba6-4789-5f97-4360-1ea481a9ca9b,/p/0/9a492f9b7597bf71,6,200,517200,9.894,1110.115,465898
1787815272626,c5aa0efa-81cb-c472-cc06-ea5a979bd993,/p/0/bcb029b1ad599266,1,200,173214,382.093,2686.663,64472
1787815274185,7d9bd299-f439-b81d-f69e-7c44eab037c8,/p/0/43a41cfd26e23ee6,3,200,282366,93.433,1166.677,242026
1787815274185,7d9bd299-f439-b81d-f69e-7c44eab037c8,/p/3/43a41dfd26e24099,3,200,312491,93.443,1175.221,265900
1787815274185,7d9bd299-f439-b81d-f69e-7c44eab037c8,/p/0/43a41bfd26e23d33,3,200,380958,18.940,1241.024,306971
1787815274812,e51c2ccc-530c-0524-fc27-87f81183ca9e,/p/4/b76f83b21eb862c9,2,200,168733,79.865,880.081,191724
1787815273687,161b30d4-dbe2-5052-5dcb-0f971f676399,/p/0/b74764373d29682e,4,200,395693,3.379,2023.032,195594
1787815272626,c5aa0efa-81cb-c472-cc06-ea5a979bd993,/p/5/bcb027b1ad598f00,1,200,284201,66.823,3140.139,90506
1787815274304,0cac6aae-1489-56e0-7461-86608a6b60d9,/?crawl=47,0,200,341122,67.298,1568.932,217423
1787815275692,e51c2ccc-530c-0524-fc27-87f81183ca9e,/p/0/cbfe66d857bce706,3,200,47767,84.014,364.302,131119
1787815275304,1e6d9d81-8b6c-6e3a-7184-79ceb2af2878,/?crawl=49,0,200,362573,38.508,907.750,399420
1787815271859,29e71566-23fb-c266-6f70-fdb259fb1808,/p/0/2b9bf2cabb4bf927,1,200,513599,50.592,4402.526,116660
1787815275692,e51c2ccc-530c-0524-fc27-87f81183ca9e,/p/3/cbfe67d857bce8b9,3,200,119904,99.343,730.812,164070
1787815276304,d179d41e-b523-39e2-94e1-1eb7aef09fe5,/?crawl=51,0,200,177660,29.918,331.011,536719
1787815276212,1e6d9d81-8b6c-6e3a-7184-79ceb2af2878,/p/0/1906e8a9a304af55,1,200,64621,36.142,428.240,150899
1787815274812,e51c2ccc-530c-0524-fc27-87f81183ca9e,/p/0/b76f82b21eb86116,2,200,439395,79.867,1973.786,222615
1787815272978,63feb0eb-2564-8058-5024-1e4cb93e9190,/p/0/43bc1812a805d245,2,200,205020,328.907,3814.622,53746
1787815272978,63feb0eb-2564-8058-5024-1e4cb93e9190,/p/5/43bc1612a805cedf,2,200,212024,328.999,3896.660,54412
1787815275304,65e643b8-1fe4-00ce-db24-fee708c914ce,/?crawl=50,0,200,497095,50.128,1645.600,302075
1787815275360,7d9bd299-f439-b81d-f69e-7c44eab037c8,/p/0/b4fef7c0936130f0,4,200,416886,74.933,1599.474,260639
1787815274812,e51c2ccc-530c-0524-fc27-87f81183ca9e,/p/0/b76f81b21eb85f63,2,200,522483,88.064,2214.300,235959
1787815276423,e51c2ccc-530c-0524-fc27-87f81183ca9e,/p/2/62db96fd3af5dcb4,4,200,72189,78.874,627.817,114984
1787815271859,29e71566-23fb-c266-6f70-fdb259fb1808,/p/0/2b9bf4cabb4bfc8d,1,200,521961,127.002,5245.643,99504
1787815272829,331385a9-7318-219a-59f0-3ebce55bbba8,/p/0/c772907fd1d8d475,2,200,252612,308.105,4294.092,58828
1787815275360,7d9bd299-f439-b81d-f69e-7c44eab037c8,/p/2/b4fef9c093613456,4,200,523352,111.227,1770.905,295528
1787815272829,331385a9-7318-219a-59f0-3ebce55bbba8,/p/3/c7728f7fd1d8d2c2,2,200,306158,227.450,4395.313,69656
1787815274304,470096c7-fd9e-c4f0-2fd2-4cde63612b99,/?crawl=45,0,200,287386,207.888,2961.044,97056
1787815277131,7d9bd299-f439-b81d-f69e-7c44eab037c8,/p/0/5c98bf71152e0742,5,200,25793,95.246,215.240,119834
1787815274725,8f2e4d7d-498d-7300-494d-d801cfe79269,/p/0/ac713e07379fa568,1,200,188678,321.365,2735.269,68980
1787815276635,d179d41e-b523-39e2-94e1-1eb7aef09fe5,/p/0/a62a0bdea1f69976,1,200,236000,41.829,1029.067,229334
1787815277265,470096c7-fd9e-c4f0-2fd2-4cde63612b99,/p/0/66b03c1ff570843b,1,200,25032,243.370,415.897,60188
1787815276635,d179d41e-b523-39e2-94e1-1eb7aef09fe5,/p/3/a62a09dea1f69610,1,200,168256,27.259,1133.501,148439
1787815272850,d23f0858-b1f7-bef1-1fdf-a9606a32322a,/p/0/fa1a947d8a0b7f67,1,200,406802,147.910,4970.316,81846
1787815272850,d23f0858-b1f7-bef1-1fdf-a9606a32322a,/p/8/fa1a937d8a0b7db4,1,200,448000,73.318,5044.075,88817
1787815275692,e51c2ccc-530c-0524-fc27-87f81183ca9e,/p/0/cbfe65d857bce553,3,200,407752,76.444,2255.876,180751
1787815258014,1ff3bcd1-0da7-cd02-1374-522545639cba,/p/10/bb1538765ccb46e8,1,200,4106896,242.314,19942.968,205932
1787815276874,63feb0eb-2564-8058-5024-1e4cb93e9190,/p/4/f2e85ca86133d7a0,3,200,58297,275.975,1483.931,39286
1787815272152,63feb0eb-2564-8058-5024-1e4cb93e9190,/p/0/8be8fecaf37229a,1,200,329130,246.788,6206.200,53032
1787815278304,6989ced1-4e36-73a0-d057-df18438d76d0,/?crawl=52,0,200,22829,32.056,61.378,371939
1787815277894,d23f0858-b1f7-bef1-1fdf-a9606a32322a,/p/0/e25f0b3e4386c61,2,200,41499,72.917,557.551,74431
1787815268777,e74dc3e9-9b81-1c67-b868-f59eb1ef8038,/p/0/e30b01233a62e9f9,3,200,28191,1158.774,9691.535,2909
1787815271700,63135859-d311-aab9-b4d2-e0ee12621def,/p/0/429ff367c40871f6,1,200,2905234,25.684,6814.736,426316
1787815277050,e51c2ccc-530c-0524-fc27-87f81183ca9e,/p/1/32fd7fbd491b4424,5,200,213353,117.810,1564.134,136403
1787815277265,470096c7-fd9e-c4f0-2fd2-4cde63612b99,/p/1/66b03e1ff57087a1,1,200,52331,450.766,1424.705,36731
1787815276212,1e6d9d81-8b6c-6e3a-7184-79ceb2af2878,/p/0/1906e7a9a304ada2,1,200,499454,106.088,2500.177,199767
1787815278304,d32de357-8cc0-e20a-ebf9-a4cc09761d0b,/?crawl=53,0,200,283664,26.445,469.396,604317
1787815276212,1e6d9d81-8b6c-6e3a-7184-79ceb2af2878,/p/0/1906e6a9a304abef,1,200,497189,53.399,2624.374,189451
1787815277131,7d9bd299-f439-b81d-f69e-7c44eab037c8,/p/1/5c98c071152e08f5,5,200,433963,104.578,1865.810,232587
1787815278774,d32de357-8cc0-e20a-ebf9-a4cc09761d0b,/p/0/ccfeb499cb2c8236,1,200,110098,23.666,343.422,320591
1787815278997,7d9bd299-f439-b81d-f69e-7c44eab037c8,/p/0/4aa630609338e771,6,200,7113,98.212,209.966,33877
1787815276422,e51c2ccc-530c-0524-fc27-87f81183ca9e,/p/0/62db97fd3af5de67,4,200,398253,86.664,2812.429,141605
1787815278774,d32de357-8cc0-e20a-ebf9-a4cc09761d0b,/p/0/ccfeb299cb2c7ed0,1,200,115979,71.273,581.960,199290
1787815274725,8f2e4d7d-498d-7300-494d-d801cfe79269,/p/0/ac714007379fa8ce,1,200,499440,63.388,4695.802,106359
1787815276950,65e643b8-1fe4-00ce-db24-fee708c914ce,/p/0/3994613c36918f89,1,200,278317,46.274,2490.397,111756
1787815277225,331385a9-7318-219a-59f0-3ebce55bbba8,/p/0/e563c547388ae806,3,200,130504,244.496,2348.537,55568
1787815278304,9be8c8ed-4ea5-2062-ff35-3b8a81f1f7ed,/?crawl=54,0,200,312601,61.899,1271.041,245941
1787815279304,0680c16d-18ab-b5a6-fb8a-c7d863e58fa9,/?crawl=55,0,200,101427,48.586,339.387,298854
1787815274726,8f2e4d7d-498d-7300-494d-d801cfe79269,/p/0/ac713f07379fa71b,1,200,507953,190.674,5357.774,94807
1787815279575,9be8c8ed-4ea5-2062-ff35-3b8a81f1f7ed,/p/0/873db3b288fd62bc,1,200,44001,201.926,531.874,82728
1787815266714,ed44bc0f-ef2d-a9ce-7a2d-62863ae567a0,/p/9/4192931ef5e9bb07,2,200,5507781,153.459,13598.885,405017
1787815277957,1ff3bcd1-0da7-cd02-1374-522545639cba,/p/0/daf1cf7ff8aec429,2,200,269936,227.047,2428.759,111142
1787815280313,ed44bc0f-ef2d-a9ce-7a2d-62863ae567a0,/p/0/63b2fbd322013220,3,200,48987,27.264,119.367,410391
1787815277957,1ff3bcd1-0da7-cd02-1374-522545639cba,/p/0/daf1cc7ff8aebf10,2,200,413788,38.336,2655.155,155843
1787815274860,d8034ba6-4789-5f97-4360-1ea481a9ca9b,/p/0/73e1b25bdcb06b6c,7,200,2651554,75.778,5886.886,450417
1787815278997,7d9bd299-f439-b81d-f69e-7c44eab037c8,/p/0/4aa62d609338e258,6,200,303178,115.943,1799.656,168464
1787815276950,65e643b8-1fe4-00ce-db24-fee708c914ce,/p/0/39945e3c36918a70,1,200,420932,46.230,3880.607,108471
1787815272829,331385a9-7318-219a-59f0-3ebce55bbba8,/p/0/c7728d7fd1d8cf5c,2,200,486296,206.641,8006.293,60739
1787815278997,7d9bd299-f439-b81d-f69e-7c44eab037c8,/p/0/4aa62f609338e5be,6,200,414183,98.163,1875.825,220801
1787815278358,63feb0eb-2564-8058-5024-1e4cb93e9190,/p/3/6ab17e0ffc671114,4,200,80702,519.229,2527.997,31923
1787815276950,65e643b8-1fe4-00ce-db24-fee708c914ce,/p/5/39945f3c36918c23,1,200,491615,259.815,3952.860,124369
1787815267305,8cb74705-6b91-38bf-1a7e-0901efe0c132,/?crawl=35,0,200,2714540,72.793,13721.235,197835
1787815277894,d23f0858-b1f7-bef1-1fdf-a9606a32322a,/p/7/e25eeb3e43868fb,2,200,256864,72.893,3252.018,78986
1787815277769,d179d41e-b523-39e2-94e1-1eb7aef09fe5,/p/2/27c2272683a3567e,2,200,383802,133.164,3430.630,111875
1787815277265,470096c7-fd9e-c4f0-2fd2-4cde63612b99,/p/0/66b03d1ff57085ee,1,200,141558,415.791,3971.216,35646
1787815275766,c5aa0efa-81cb-c472-cc06-ea5a979bd993,/p/0/b26c67d8fdf15643,2,200,179185,558.929,5787.879,30959
1787815277948,e51c2ccc-530c-0524-fc27-87f81183ca9e,/p/0/32fd81bd491b478a,5,200,512745,138.512,3628.527,141309
1787815251784,452971bf-e875-1435-2f47-7f6c6fe20dea,/p/0/508c4db8913bfbdc,1,200,5290288,57.933,29843.393,177268
1787815277769,d179d41e-b523-39e2-94e1-1eb7aef09fe5,/p/0/27c2282683a35831,2,200,486863,133.250,3887.547,125237
1787815275766,c5aa0efa-81cb-c472-cc06-ea5a979bd993,/p/4/b26c66d8fdf15490,2,200,178721,593.975,5927.622,30151
1787815280886,63feb0eb-2564-8058-5024-1e4cb93e9190,/p/0/6ab1800ffc67147a,4,200,25215,300.948,905.476,27847
1787815275873,0cac6aae-1489-56e0-7461-86608a6b60d9,/p/0/3fdb9564cc3a9ee1,1,200,484867,194.621,5931.233,81748
1787815275873,0cac6aae-1489-56e0-7461-86608a6b60d9,/p/0/3fdb9264cc3a99c8,1,200,385843,64.741,5964.616,64689
1787815274860,d8034ba6-4789-5f97-4360-1ea481a9ca9b,/p/0/73e1b55bdcb07085,7,200,3605633,59.477,6988.368,515948
1787815259541,3281b132-3631-e78d-6f4e-faac523fc3a0,/p/0/d6375d9efa62fc,1,200,2507139,97.935,22332.476,112264
1787815280313,ed44bc0f-ef2d-a9ce-7a2d-62863ae567a0,/p/0/63b2fed322013739,3,200,416161,133.307,1724.590,241310
1787815266304,e07ca8dd-a6fc-0448-1afb-13a11a268b28,/?crawl=32,0,200,5198691,64.866,15762.958,329804
1787815280313,ed44bc0f-ef2d-a9ce-7a2d-62863ae567a0,/p/8/63b2fdd322013586,3,200,434671,73.128,1861.664,233485
1787815278690,470096c7-fd9e-c4f0-2fd2-4cde63612b99,/p/0/fb6ecd0e9b4fde91,2,200,93835,593.722,3668.530,25578
1787815281026,8cb74705-6b91-38bf-1a7e-0901efe0c132,/p/0/af359d0a2f6d7a30,1,200,57628,345.467,1381.213,41723
1787815282304,e0d036c2-b593-f2f7-d9b7-9fae6a22b46f,/?crawl=60,0,200,32761,71.625,180.947,181053
1787815279575,9be8c8ed-4ea5-2062-ff35-3b8a81f1f7ed,/p/0/873db6b288fd67d5,1,200,391965,55.730,2975.975,131710
1787815282304,1cf52f86-b72d-b329-7e9f-ab00fc76d7b0,/?crawl=59,0,200,219273,20.479,303.032,723596
1787815280903,65e643b8-1fe4-00ce-db24-fee708c914ce,/p/0/fdc6c6e4b6a795a0,2,200,160317,47.167,1780.383,90046
1787815277225,331385a9-7318-219a-59f0-3ebce55bbba8,/p/2/e563c347388ae4a0,3,200,482039,244.460,5526.119,87229
1787815282485,e0d036c2-b593-f2f7-d9b7-9fae6a22b46f,/p/2/150fa4cc85e3a088,1,200,46530,110.330,434.568,107072
1787815282304,ce64557d-453a-515f-e207-e2cc57208192,/?crawl=57,0,200,211263,49.467,718.342,294098
1787815280903,65e643b8-1fe4-00ce-db24-fee708c914ce,/p/4/fdc6c7e4b6a79753,2,200,284633,47.071,2278.230,124936
1787815282304,108c8b66-9697-13f3-c04b-5ad9afcac289,/?crawl=58,0,200,318835,43.319,977.092,326310
1787815278774,d32de357-8cc0-e20a-ebf9-a4cc09761d0b,/p/0/ccfeb599cb2c83e9,1,200,4253653,59.926,4531.396,938707
1787815281199,d179d41e-b523-39e2-94e1-1eb7aef09fe5,/p/0/f134e7a7df438ac,3,200,246661,134.028,2123.543,116155
1787815276874,63feb0eb-2564-8058-5024-1e4cb93e9190,/p/0/f2e85ea86133db06,3,200,259827,411.665,6507.965,39924
1787815274860,d8034ba6-4789-5f97-4360-1ea481a9ca9b,/p/3/73e1b45bdcb06ed2,7,200,5873804,59.619,8715.617,673940
1787815282751,331385a9-7318-219a-59f0-3ebce55bbba8,/p/0/324a6570f63f3760,4,200,26088,287.640,861.949,30266
1787815269304,8932535e-9b64-cb37-fd14-1d68673e7fd8,/?crawl=37,0,200,487981,269.458,14314.120,34091
1787815283575,d8034ba6-4789-5f97-4360-1ea481a9ca9b,/p/0/58f174906c4cef16,8,200,41299,9.504,84.897,486462
1787815272021,0478c1ea-68e1-75c7-cddd-a5d083df15bb,/p/1/c9f7e5818846f92c,3,200,5333989,147.363,11661.585,457398
1787815283181,65e643b8-1fe4-00ce-db24-fee708c914ce,/p/0/1bb79050c982bf18,3,200,25873,383.670,595.185,43471
1787815256694,553b9ccc-860b-52b9-85ef-0d28103041fa,/p/0/b310bfb95819aa72,4,200,5158746,261.360,27148.938,190016
1787815258242,452971bf-e875-1435-2f47-7f6c6fe20dea,/p/6/3792e6aa8682ac02,3,200,6210318,191.709,25682.078,241815
1787815282485,e0d036c2-b593-f2f7-d9b7-9fae6a22b46f,/p/0/150fa5cc85e3a23b,1,200,66319,289.446,1505.622,44048
1787815283575,d8034ba6-4789-5f97-4360-1ea481a9ca9b,/p/2/58f175906c4cf0c9,8,200,339021,15.662,508.961,666103
1787815268777,e74dc3e9-9b81-1c67-b868-f59eb1ef8038,/p/0/e30afe233a62e4e0,3,200,72564,1531.932,15331.949,4733
1787815282608,1cf52f86-b72d-b329-7e9f-ab00fc76d7b0,/p/9/417cb4cb46ce46a8,1,200,373796,79.377,1572.770,237667
1787815281576,e51c2ccc-530c-0524-fc27-87f81183ca9e,/p/0/8e70b8eba2a9b956,6,200,371418,77.389,2706.179,137248
1787815281199,d179d41e-b523-39e2-94e1-1eb7aef09fe5,/p/1/f13507a7df43c12,3,200,330198,145.860,3128.482,105546
1787815282608,1cf52f86-b72d-b329-7e9f-ab00fc76d7b0,/p/0/417cb5cb46ce485b,1,200,426049,19.984,1773.142,240279
1787815283181,65e643b8-1fe4-00ce-db24-fee708c914ce,/p/3/1bb79150c982c0cb,3,200,81916,290.112,1284.246,63785
1787815281026,8cb74705-6b91-38bf-1a7e-0901efe0c132,/p/0/af35a00a2f6d7f49,1,200,286245,204.437,3516.493,81401
1787815283683,0478c1ea-68e1-75c7-cddd-a5d083df15bb,/p/0/90fbb70a41ad08ac,4,200,116542,44.453,891.039,130793
1787815281026,8cb74705-6b91-38bf-1a7e-0901efe0c132,/p/1/af359f0a2f6d7d96,1,200,327084,68.850,3586.704,91193
1787815271859,29e71566-23fb-c266-6f70-fdb259fb1808,/p/0/2b9bf3cabb4bfada,1,200,4882985,253.132,12833.570,380485
1787815278690,470096c7-fd9e-c4f0-2fd2-4cde63612b99,/p/0/fb6eca0e9b4fd978,2,200,152575,593.785,6108.885,24976
1787815282175,ed44bc0f-ef2d-a9ce-7a2d-62863ae567a0,/p/7/6f828b6fd6b1ddfe,4,200,411123,147.649,2673.907,153754
1787815284180,1cf52f86-b72d-b329-7e9f-ab00fc76d7b0,/p/0/f81c94914362db0e,2,200,113993,98.876,719.151,158511
1787815284084,d8034ba6-4789-5f97-4360-1ea481a9ca9b,/p/1/aa71d77648c02de0,9,200,335703,52.703,817.591,410600
1787815283924,452971bf-e875-1435-2f47-7f6c6fe20dea,/p/0/acb955fee764e855,4,200,127334,57.776,1071.345,118854
1787815283924,452971bf-e875-1435-2f47-7f6c6fe20dea,/p/0/acb952fee764e33c,4,200,144849,190.801,1185.383,122196
1787815284180,1cf52f86-b72d-b329-7e9f-ab00fc76d7b0,/p/0/f81c93914362d95b,2,200,133796,119.544,987.142,135539
1787815284180,1cf52f86-b72d-b329-7e9f-ab00fc76d7b0,/p/8/f81c95914362dcc1,2,200,289990,139.968,1242.069,233473
1787815283282,108c8b66-9697-13f3-c04b-5ad9afcac289,/p/0/d4e70c28db694021,1,200,266081,259.681,2190.962,121445
1787815280903,65e643b8-1fe4-00ce-db24-fee708c914ce,/p/0/fdc6c9e4b6a79ab9,2,200,518091,139.902,4638.064,111704
1787815285422,1cf52f86-b72d-b329-7e9f-ab00fc76d7b0,/p/0/c4ba408c6355951b,3,200,38609,97.062,250.253,154280
1787815284902,d8034ba6-4789-5f97-4360-1ea481a9ca9b,/p/0/16fc9b4589bc2aaa,10,200,189448,54.356,911.780,207778
1787815263305,71d51f65-0f4a-4aae-f6b2-ad04f139a00e,/?crawl=27,0,200,5525799,60.032,22514.353,245435
1787815283683,0478c1ea-68e1-75c7-cddd-a5d083df15bb,/p/0/90fbb80a41ad0a5f,4,200,339243,490.213,2138.643,158625
1787815283683,0478c1ea-68e1-75c7-cddd-a5d083df15bb,/p/0/90fbb90a41ad0c12,4,200,415688,44.456,2138.676,194367
1787815260165,3281b132-3631-e78d-6f4e-faac523fc3a0,/p/0/a4f0d54f7ac289e1,2,200,3302002,186.402,25664.646,128660
1787815284084,d8034ba6-4789-5f97-4360-1ea481a9ca9b,/p/0/aa71d97648c03146,9,200,518679,68.773,1747.085,296883
1787815285423,1cf52f86-b72d-b329-7e9f-ab00fc76d7b0,/p/0/c4ba418c635596ce,3,200,77362,118.000,419.412,184454
1787815284902,d8034ba6-4789-5f97-4360-1ea481a9ca9b,/p/0/16fc9a4589bc28f7,10,200,196769,54.306,959.573,205059
1787815284328,d179d41e-b523-39e2-94e1-1eb7aef09fe5,/p/0/1e251430257da14a,4,200,108414,173.838,1563.039,69361
1787815267305,321a4300-0258-0b4e-ecc7-17716e887cda,/?crawl=33,0,200,5223422,77.759,18610.846,280665
1787815271304,a350c9e6-f13c-9da5-e0ca-0ad0e8044e1a,/?crawl=44,0,200,4423219,49.225,14636.475,302205
1787815283924,452971bf-e875-1435-2f47-7f6c6fe20dea,/p/5/acb953fee764e4ef,4,200,516785,38.049,2104.568,245554
1787815253570,b93bd898-c1c5-1dfb-d880-2d01ea6e3184,/p/0/e3f6a31625d6f1ef,1,200,4811686,48.291,32476.471,148159
1787815284902,d8034ba6-4789-5f97-4360-1ea481a9ca9b,/p/0/16fc994589bc2744,10,200,275625,60.970,1185.005,232594
1787815284304,fc97bfa7-235d-3fc5-1122-8ebed5c0cde0,/?crawl=62,0,200,359764,77.454,1872.998,192079
1787815283023,ce64557d-453a-515f-e207-e2cc57208192,/p/0/1aa80b101d985c35,1,200,366096,96.662,3168.839,115530
1787815275360,7d9bd299-f439-b81d-f69e-7c44eab037c8,/p/0/b4fefac093613609,4,200,3608538,111.280,10869.713,331981
1787815276874,63feb0eb-2564-8058-5024-1e4cb93e9190,/p/0/f2e85da86133d953,3,200,491221,303.255,9496.555,51726
1787815285819,71d51f65-0f4a-4aae-f6b2-ad04f139a00e,/p/2/76ef27ca6b2a7139,1,200,64409,56.424,631.587,101980
1787815285423,1cf52f86-b72d-b329-7e9f-ab00fc76d7b0,/p/7/c4ba428c63559881,3,200,270318,108.119,1048.417,257834
1787815283023,ce64557d-453a-515f-e207-e2cc57208192,/p/1/1aa80a101d985a82,1,200,383767,48.044,3602.149,106538
1787815284849,ed44bc0f-ef2d-a9ce-7a2d-62863ae567a0,/p/0/6111d15803996205,5,200,211049,145.457,1854.875,113781
1787815281146,d23f0858-b1f7-bef1-1fdf-a9606a32322a,/p/6/4c37f2e496d832e3,3,200,282044,477.862,5655.876,49867
1787815283282,108c8b66-9697-13f3-c04b-5ad9afcac289,/p/5/d4e70a28db693cbb,1,200,465075,44.409,3609.059,128863
1787815281146,d23f0858-b1f7-bef1-1fdf-a9606a32322a,/p/0/4c37f4e496d83649,3,200,190425,406.117,5765.423,33029
1787815286177,fc97bfa7-235d-3fc5-1122-8ebed5c0cde0,/p/0/3be45087af198e61,1,200,54423,265.096,791.293,68777
1787815286625,ce64557d-453a-515f-e207-e2cc57208192,/p/0/ef15028250f16298,2,200,408538,133.689,345.137,1183697
1787815286625,ce64557d-453a-515f-e207-e2cc57208192,/p/0/ef15058250f167b1,2,200,410139,122.353,357.664,1146715
1787815286029,452971bf-e875-1435-2f47-7f6c6fe20dea,/p/0/e9f47ca9d222ec90,5,200,110076,37.836,1015.868,108357
1787815286029,452971bf-e875-1435-2f47-7f6c6fe20dea,/p/4/e9f47ea9d222eff6,5,200,166390,133.060,1166.023,142699
1787815284849,ed44bc0f-ef2d-a9ce-7a2d-62863ae567a0,/p/0/6111ce5803995cec,5,200,189385,145.521,2462.098,76920
1787815264260,3281b132-3631-e78d-6f4e-faac523fc3a0,/p/0/e280f62fd146fec3,3,200,3675508,176.855,23174.385,158602
1787815278690,470096c7-fd9e-c4f0-2fd2-4cde63612b99,/p/0/fb6ecc0e9b4fdcde,2,200,446106,593.749,8831.846,50511
1787815284465,65e643b8-1fe4-00ce-db24-fee708c914ce,/p/0/db5ebfbac7df721,4,200,216521,235.822,3299.219,65628
1787815283181,65e643b8-1fe4-00ce-db24-fee708c914ce,/p/0/1bb79350c982c431,3,200,349776,290.001,4798.937,72886
1787815277131,7d9bd299-f439-b81d-f69e-7c44eab037c8,/p/0/5c98be71152e058f,5,200,4583409,95.264,10892.559,420784
1787815272858,fd5674f4-7e92-846e-8aca-195ffeced01e,/p/0/c4987c40bd9647d2,1,200,313190,230.490,15263.877,20518
1787815283618,8932535e-9b64-cb37-fd14-1d68673e7fd8,/p/0/8860f64f063794d6,1,200,84442,277.214,4556.340,18533
1787815272858,fd5674f4-7e92-846e-8aca-195ffeced01e,/p/3/c4987d40bd964985,1,200,313812,1148.334,15382.974,20400
1787815283382,63feb0eb-2564-8058-5024-1e4cb93e9190,/p/0/9bc31b0448fc693e,5,200,178876,329.594,4911.523,36420
1787815264100,fe9f5242-1dee-d8c5-2769-78aba5955fb8,/p/0/a5ac2914a49d1997,1,200,3714884,38.931,24283.169,152982
1787815284849,ed44bc0f-ef2d-a9ce-7a2d-62863ae567a0,/p/6/6111d05803996052,5,200,357411,159.884,3572.010,100059
1787815288304,5bf49a11-3401-a7a4-7d34-f0e4ab04e2d3,/?crawl=67,0,200,113776,24.789,154.372,737024
1787815285941,a350c9e6-f13c-9da5-e0ca-0ad0e8044e1a,/p/0/d345e9c260d59341,1,200,205461,47.672,2643.596,77720
1787815288459,5bf49a11-3401-a7a4-7d34-f0e4ab04e2d3,/p/17/1cf7fa5b96205b0d,1,200,18713,99.568,139.241,134393
1787815288304,a7d0117f-003c-b893-d416-ea849f48a0e9,/?crawl=68,0,200,291097,37.976,730.024,398750
1787815286891,108c8b66-9697-13f3-c04b-5ad9afcac289,/p/4/f74611d0f70c1966,2,200,118165,237.870,2200.895,53690
1787815274304,7c1e49a5-1a38-8625-e86a-7a995365ad59,/?crawl=48,0,200,5809357,40.945,14886.908,390233
1787815283023,ce64557d-453a-515f-e207-e2cc57208192,/p/0/1aa808101d98571c,1,200,2625687,238.190,6170.524,425521
1787815272858,fd5674f4-7e92-846e-8aca-195ffeced01e,/p/0/c4987b40bd96461f,1,200,330016,342.024,16405.529,20116
1787815288421,ed44bc0f-ef2d-a9ce-7a2d-62863ae567a0,/p/5/6059ac7bc28e122d,6,200,107006,255.949,1055.447,101385
1787815285304,7f448789-bd91-b2b9-e95f-95b6d3b2cce0,/?crawl=64,0,200,2635860,25.510,4249.808,620230
1787815282920,e0d036c2-b593-f2f7-d9b7-9fae6a22b46f,/p/1/9fad1ee20bb18108,2,200,322035,360.643,6734.083,47822
1787815289554,7f448789-bd91-b2b9-e95f-95b6d3b2cce0,/p/0/62b8fb42d84f7a87,1,200,101017,22.036,237.872,424670
1787815264604,09982139-5e76-f214-cc24-4e66c50bbb4e,/p/4/6b54c714d4dd6dce,2,200,6233660,239.571,25262.642,246754
1787815278358,63feb0eb-2564-8058-5024-1e4cb93e9190,/p/0/6ab17f0ffc6712c7,4,200,515928,272.553,11568.741,44597
1787815286891,108c8b66-9697-13f3-c04b-5ad9afcac289,/p/0/f74612d0f70c1b19,2,200,339102,215.984,3214.363,105496
1787815285819,71d51f65-0f4a-4aae-f6b2-ad04f139a00e,/p/0/76ef25ca6b2a6dd3,1,200,196793,171.273,4452.095,44202
1787815268777,e74dc3e9-9b81-1c67-b868-f59eb1ef8038,/p/11/e30b00233a62e846,3,200,72945,1514.399,21583.211,3380
1787815285819,71d51f65-0f4a-4aae-f6b2-ad04f139a00e,/p/0/76ef26ca6b2a6f86,1,200,282678,56.374,4711.023,60004
1787815253570,b93bd898-c1c5-1dfb-d880-2d01ea6e3184,/p/4/e3f6a51625d6f555,1,200,5949736,279.327,37015.258,160737
1787815282751,331385a9-7318-219a-59f0-3ebce55bbba8,/p/1/324a6670f63f3913,4,200,398251,207.120,7841.643,50787
1787815289554,7f448789-bd91-b2b9-e95f-95b6d3b2cce0,/p/1/62b8fa42d84f78d4,1,200,179815,34.219,1133.577,158626
1787815285941,a350c9e6-f13c-9da5-e0ca-0ad0e8044e1a,/p/1/d345e8c260d5918e,1,200,460997,143.502,4774.047,96563
1787815274404,e6643b89-1dd1-2310-bf50-2a904aaa6e86,/p/0/e8863d11efa7e3b2,2,200,209838,298.910,16494.456,12722
1787815289554,7f448789-bd91-b2b9-e95f-95b6d3b2cce0,/p/0/62b8fc42d84f7c3a,1,200,343582,109.630,1353.528,253842
1787815286802,d23f0858-b1f7-bef1-1fdf-a9606a32322a,/p/0/b58a6fa41cbb146a,4,200,146259,366.450,4275.546,34208
1787815290715,a350c9e6-f13c-9da5-e0ca-0ad0e8044e1a,/p/0/433e6c48b2e63e72,2,200,30588,338.005,434.960,70324
1787815290342,90b20640-f595-53b4-cafb-11365dc0d2d0,/?crawl=71,0,200,361806,223.947,859.155,421118
1787815284084,d8034ba6-4789-5f97-4360-1ea481a9ca9b,/p/0/aa71d87648c02f93,9,200,3446816,68.718,7200.601,478684
1787815276785,e51c2ccc-530c-0524-fc27-87f81183ca9e,/p/0/62db98fd3af5e01a,4,200,2668645,85.979,14731.550,181152
1787815266887,fe9f5242-1dee-d8c5-2769-78aba5955fb8,/p/11/4374c64c414db59a,2,200,4432203,236.486,24678.946,179594
1787815284613,8cb74705-6b91-38bf-1a7e-0901efe0c132,/p/0/bf70d315b4b55f10,2,200,446285,903.249,7086.628,62976
1787815290352,0fb30b2c-7f00-9973-50c9-e1a66649e8ac,/?crawl=69,0,200,478548,225.270,1408.727,339702
1787815274404,e6643b89-1dd1-2310-bf50-2a904aaa6e86,/p/0/e8863b11efa7e04c,2,200,200603,1336.428,17358.303,11557
1787815283575,d8034ba6-4789-5f97-4360-1ea481a9ca9b,/p/0/58f173906c4ced63,8,200,5416562,54.851,8254.842,656168
1787815286625,ce64557d-453a-515f-e207-e2cc57208192,/p/0/ef15038250f1644b,2,200,4105203,167.682,5262.955,780019
1787815279235,e51c2ccc-530c-0524-fc27-87f81183ca9e,/p/0/8e70b7eba2a9b7a3,6,200,2166688,78.374,12857.760,168512
1787815282485,e0d036c2-b593-f2f7-d9b7-9fae6a22b46f,/p/0/150fa6cc85e3a3ee,1,200,439825,73.254,9640.569,45622
1787815287304,13609c2b-27bd-5493-5ad2-09fe17a82ecd,/?crawl=65,0,200,5452081,17.455,4902.291,1112150
1787815290688,7f448789-bd91-b2b9-e95f-95b6d3b2cce0,/p/0/14e0d11427383138,2,200,401794,220.426,1522.668,263875
1787815284613,8cb74705-6b91-38bf-1a7e-0901efe0c132,/p/0/bf70d415b4b560c3,2,200,444476,832.799,7601.023,58476
1787815290689,7f448789-bd91-b2b9-e95f-95b6d3b2cce0,/p/0/14e0d3142738349e,2,200,360389,219.131,1594.121,226074
1787815290352,0583420b-7232-d146-2f4b-1142cd2b8778,/?crawl=70,0,200,482689,248.978,1931.183,249945
1787815286451,71d51f65-0f4a-4aae-f6b2-ad04f139a00e,/p/0/a37d9ab870c96132,2,200,408581,315.718,5916.009,69064
1787815290585,b93bd898-c1c5-1dfb-d880-2d01ea6e3184,/p/0/8cd08eaa5dba8a30,2,200,199277,114.650,1790.875,111274
1787815290689,7f448789-bd91-b2b9-e95f-95b6d3b2cce0,/p/0/14e0d41427383651,2,200,387981,222.101,1728.755,224428
1787815292284,0583420b-7232-d146-2f4b-1142cd2b8778,/p/0/9aff6f829c9281cb,1,200,36612,51.619,158.853,230478
1787815288421,ed44bc0f-ef2d-a9ce-7a2d-62863ae567a0,/p/0/6059ab7bc28e107a,6,200,445090,239.207,4044.245,110055
1787815277957,1ff3bcd1-0da7-cd02-1374-522545639cba,/p/9/daf1ce7ff8aec276,2,200,5858500,132.314,14508.466,403799
1787815289476,ed44bc0f-ef2d-a9ce-7a2d-62863ae567a0,/p/0/121b125ad404f4ff,7,200,306462,218.559,3127.027,98004
1787815291304,a5349b38-cbfc-4df3-d9e0-7f93099f73d0,/?crawl=72,0,200,521681,41.841,1481.316,352174
1787815275873,0cac6aae-1489-56e0-7461-86608a6b60d9,/p/11/3fdb9364cc3a9b7b,1,200,2683765,163.790,17119.902,156763
1787815287195,452971bf-e875-1435-2f47-7f6c6fe20dea,/p/0/b72c9caae1376c42,6,200,505883,579.195,5869.120,86194
1787815291761,0fb30b2c-7f00-9973-50c9-e1a66649e8ac,/p/5/d274f3d75a6e603,1,200,185415,39.313,1317.243,140760
1787815290586,b93bd898-c1c5-1dfb-d880-2d01ea6e3184,/p/3/8cd090aa5dba8d96,2,200,121674,369.912,2507.099,48532
1787815290586,b93bd898-c1c5-1dfb-d880-2d01ea6e3184,/p/0/8cd091aa5dba8f49,2,200,234865,369.858,2507.014,93683
1787815281146,d23f0858-b1f7-bef1-1fdf-a9606a32322a,/p/0/4c37f1e496d83130,3,200,451136,406.016,12148.575,37135
1787815292465,1ff3bcd1-0da7-cd02-1374-522545639cba,/p/0/4d79c23b05096333,3,200,127155,188.984,980.545,129678
1787815286451,71d51f65-0f4a-4aae-f6b2-ad04f139a00e,/p/0/a37d99b870c95f7f,2,200,468406,315.900,7029.988,66630
1787815291566,fe9f5242-1dee-d8c5-2769-78aba5955fb8,/p/0/d54ea5396dd9b1c5,3,200,301202,40.147,2276.214,132326
1787815293304,6f0efafe-e89d-5630-efce-78caa6d5edb0,/?crawl=76,0,200,125803,63.857,544.646,230981
1787815293849,6f0efafe-e89d-5630-efce-78caa6d5edb0,/p/0/c1d41e3dc5c874bd,1,200,8524,61.419,93.071,91586
1787815293304,1ab85c26-3c31-03fe-56cf-9e345653fe8a,/?crawl=75,0,200,153089,59.261,638.932,239601
1787815291304,18a30cde-efa9-2e06-c7ee-862256ca2fbd,/?crawl=73,0,200,504921,281.567,2843.240,177586
1787815294147,18a30cde-efa9-2e06-c7ee-862256ca2fbd,/p/0/e0c07369dec1a65e,1,200,33941,75.685,222.601,152475
1787815293304,eb7e981e-236e-e62e-fcbd-039d90b367ca,/?crawl=77,0,200,368286,45.863,1097.704,335506
1787815294304,2a2268c8-9112-1d57-fb69-190a46be0fff,/?crawl=78,0,200,74769,40.708,213.496,350213
1787815291566,fe9f5242-1dee-d8c5-2769-78aba5955fb8,/p/10/d54ea3396dd9ae5f,3,200,446068,220.768,2969.686,150207
1787815286891,108c8b66-9697-13f3-c04b-5ad9afcac289,/p/0/f7460fd0f70c1600,2,200,367594,237.999,7683.037,47845
1787815292284,0583420b-7232-d146-2f4b-1142cd2b8778,/p/0/9aff70829c92837e,1,200,347004,264.076,2392.376,145046
1787815286802,d23f0858-b1f7-bef1-1fdf-a9606a32322a,/p/5/b58a70a41cbb161d,4,200,294905,402.348,7898.262,37338
1787815288421,ed44bc0f-ef2d-a9ce-7a2d-62863ae567a0,/p/0/6059aa7bc28e0ec7,6,200,472668,222.583,6279.373,75273
1787815290716,a350c9e6-f13c-9da5-e0ca-0ad0e8044e1a,/p/0/433e6b48b2e63cbf,2,200,334920,249.206,4049.242,82712
1787815291761,0fb30b2c-7f00-9973-50c9-e1a66649e8ac,/p/0/d27513d75a6e969,1,200,297628,198.297,3074.423,96808
1787815292284,0583420b-7232-d146-2f4b-1142cd2b8778,/p/5/9aff71829c928531,1,200,444842,158.720,2567.306,173272
1787815293943,1ab85c26-3c31-03fe-56cf-9e345653fe8a,/p/0/553e729b5a63691d,1,200,90526,58.160,953.585,94932
1787815289476,ed44bc0f-ef2d-a9ce-7a2d-62863ae567a0,/p/4/121b115ad404f34c,7,200,487321,204.425,5540.965,87949
1787815292465,1ff3bcd1-0da7-cd02-1374-522545639cba,/p/0/4d79c33b050964e6,3,200,462564,37.654,2557.248,180884
1787815290716,a350c9e6-f13c-9da5-e0ca-0ad0e8044e1a,/p/0/433e6a48b2e63b0c,2,200,379061,249.405,4456.355,85061
1787815294536,fe9f5242-1dee-d8c5-2769-78aba5955fb8,/p/0/6df29844d4bbbd2,4,200,46273,197.894,689.740,67088
1787815295017,ed44bc0f-ef2d-a9ce-7a2d-62863ae567a0,/p/0/68eb46bbfcf45237,8,200,10768,161.341,218.955,49179
1787815295304,1e46a455-56c8-91fa-0560-77e275a2328b,/?crawl=80,0,200,16457,126.408,171.531,95942
1787815294402,eb7e981e-236e-e62e-fcbd-039d90b367ca,/p/0/2e69c7e0312d7cf7,1,200,139575,148.003,1229.556,113517
1787815295304,ef03f431-9299-2706-2fa0-625d62315506,/?crawl=81,0,200,175649,30.245,344.402,510012
1787815281694,c5aa0efa-81cb-c472-cc06-ea5a979bd993,/p/0/7c18913206f69804,3,200,519999,734.437,14007.507,37123
1787815294402,eb7e981e-236e-e62e-fcbd-039d90b367ca,/p/0/2e69c8e0312d7eaa,1,200,234502,42.565,1443.417,162463
1787815294402,eb7e981e-236e-e62e-fcbd-039d90b367ca,/p/8/2e69c6e0312d7b44,1,200,233285,148.029,1532.007,152274
1787815286802,d23f0858-b1f7-bef1-1fdf-a9606a32322a,/p/0/b58a6ea41cbb12b7,4,200,505050,474.720,9162.496,55121
1787815294700,d23f0858-b1f7-bef1-1fdf-a9606a32322a,/p/4/e15a51e902f613d8,5,200,54771,360.303,1264.896,43301
1787815294700,d23f0858-b1f7-bef1-1fdf-a9606a32322a,/p/0/e15a52e902f6158b,5,200,157836,432.763,1267.852,124491
1787815294700,d23f0858-b1f7-bef1-1fdf-a9606a32322a,/p/0/e15a53e902f6173e,5,200,233765,397.340,1269.194,184184
1787815292993,0cac6aae-1489-56e0-7461-86608a6b60d9,/p/0/ecdaf16a234cf506,2,200,213541,195.777,3165.119,67467
1787815288242,fd5674f4-7e92-846e-8aca-195ffeced01e,/p/0/a02e33edd5666543,2,200,208380,1022.470,7989.227,26083
1787815294851,0583420b-7232-d146-2f4b-1142cd2b8778,/p/0/955fc3f5425b1d0c,2,200,244856,24.973,1386.611,176586
1787815294536,fe9f5242-1dee-d8c5-2769-78aba5955fb8,/p/9/6df27844d4bb86c,4,200,210681,215.913,1870.579,112629
1787815288241,fd5674f4-7e92-846e-8aca-195ffeced01e,/p/0/a02e34edd56666f6,2,200,453965,1128.890,8248.318,55037
1787815295934,eb7e981e-236e-e62e-fcbd-039d90b367ca,/p/0/37923309f3d5df42,2,200,80804,34.395,562.550,143639
1787815292993,0cac6aae-1489-56e0-7461-86608a6b60d9,/p/10/ecdaef6a234cf1a0,2,200,296140,66.116,3561.623,83147
1787815293943,1ab85c26-3c31-03fe-56cf-9e345653fe8a,/p/0/553e6f9b5a636404,1,200,257019,290.621,2629.593,97741
1787815295934,eb7e981e-236e-e62e-fcbd-039d90b367ca,/p/7/37923109f3d5dbdc,2,200,105473,159.285,649.815,162312
1787815294147,18a30cde-efa9-2e06-c7ee-862256ca2fbd,/p/0/e0c07269dec1a4ab,1,200,193025,373.191,2556.042,75517
1787815295965,d23f0858-b1f7-bef1-1fdf-a9606a32322a,/p/3/7013a703d53e8e21,6,200,109501,774.765,776.781,140968
1787815283618,8932535e-9b64-cb37-fd14-1d68673e7fd8,/p/4/8860f44f06379170,1,200,351840,1084.818,13125.606,26806
1787815295965,d23f0858-b1f7-bef1-1fdf-a9606a32322a,/p/0/7013a603d53e8c6e,6,200,176464,774.290,779.234,226458
1787815283618,8932535e-9b64-cb37-fd14-1d68673e7fd8,/p/0/8860f54f06379323,1,200,394850,1222.674,13126.072,30081
1787815295965,d23f0858-b1f7-bef1-1fdf-a9606a32322a,/p/0/7013a503d53e8abb,6,200,160442,774.461,782.248,205104
1787815293078,0fb30b2c-7f00-9973-50c9-e1a66649e8ac,/p/4/9e2cac445ebe0ec5,2,200,321605,193.491,3792.435,84802
1787815293078,0fb30b2c-7f00-9973-50c9-e1a66649e8ac,/p/0/9e2cab445ebe0d12,2,200,360794,252.074,3967.967,90927
1787815290593,331385a9-7318-219a-59f0-3ebce55bbba8,/p/0/57db927da3657e8e,5,200,328487,645.442,6495.699,50570
1787815293093,b93bd898-c1c5-1dfb-d880-2d01ea6e3184,/p/0/38ae7f88b93b47ae,3,200,328049,49.169,4020.628,81591
1787815293943,1ab85c26-3c31-03fe-56cf-9e345653fe8a,/p/2/553e719b5a63676a,1,200,489793,58.195,3351.932,146123
1787815294147,18a30cde-efa9-2e06-c7ee-862256ca2fbd,/p/1/e0c07169dec1a2f8,1,200,397564,222.581,3312.849,120007
1787815296555,0cac6aae-1489-56e0-7461-86608a6b60d9,/p/9/c8f316cd38f2c68f,3,200,21853,326.184,987.506,22129
1787815297460,18a30cde-efa9-2e06-c7ee-862256ca2fbd,/p/0/8ac1ecb4a77c5f64,2,200,7585,75.654,113.327,66930
1787815296584,eb7e981e-236e-e62e-fcbd-039d90b367ca,/p/0/84b32410d798fac2,3,200,90608,190.858,996.330,90942
1787815296304,d66568bc-db56-b020-ae6e-bd870e82c002,/?crawl=82,0,200,441412,43.045,1280.465,344728
1787815295649,ef03f431-9299-2706-2fa0-625d62315506,/p/0/51c50f883a9bd6c9,1,200,440289,29.555,2186.950,201326
1787815293093,b93bd898-c1c5-1dfb-d880-2d01ea6e3184,/p/0/38ae7e88b93b45fb,3,200,419481,49.231,4816.086,87100
1787815297585,d66568bc-db56-b020-ae6e-bd870e82c002,/p/0/9786116f7ccaf7f6,1,200,88791,63.741,395.201,224673
1787815293093,b93bd898-c1c5-1dfb-d880-2d01ea6e3184,/p/2/38ae8088b93b4961,3,200,337800,260.633,4910.971,68785
1787815296742,d23f0858-b1f7-bef1-1fdf-a9606a32322a,/p/2/1c15702535b53adf,7,200,190299,940.663,1265.209,150409
1787815296742,d23f0858-b1f7-bef1-1fdf-a9606a32322a,/p/0/1c15722535b53e45,7,200,375255,940.432,1269.653,295557
1787815295934,eb7e981e-236e-e62e-fcbd-039d90b367ca,/p/0/37923209f3d5dd8f,2,200,330046,72.010,2085.080,158289
1787815290593,331385a9-7318-219a-59f0-3ebce55bbba8,/p/0/57db937da3658041,5,200,450559,626.464,7470.074,60315
1787815295649,ef03f431-9299-2706-2fa0-625d62315506,/p/0/51c50d883a9bd363,1,200,427063,29.591,2592.558,164726
1787815296406,fe9f5242-1dee-d8c5-2769-78aba5955fb8,/p/0/7ff8d1f6f4ff3870,5,200,257801,200.160,1870.243,137844
1787815296406,fe9f5242-1dee-d8c5-2769-78aba5955fb8,/p/0/7ff8d4f6f4ff3d89,5,200,279170,219.108,1878.285,148630
1787815296584,eb7e981e-236e-e62e-fcbd-039d90b367ca,/p/0/84b32310d798f90f,3,200,140701,242.938,1768.165,79575
1787815297460,18a30cde-efa9-2e06-c7ee-862256ca2fbd,/p/0/8ac1efb4a77c647d,2,200,122690,113.334,941.092,130370
1787815296744,8932535e-9b64-cb37-fd14-1d68673e7fd8,/p/0/ab82372466b7ef82,2,200,205247,2.900,1690.368,121421
1787815297295,1ab85c26-3c31-03fe-56cf-9e345653fe8a,/p/0/accdd9742e0a3cc5,2,200,114927,57.864,1330.410,86385
1787815289654,e0d036c2-b593-f2f7-d9b7-9fae6a22b46f,/p/0/2d7d57403e81de7,3,200,370215,814.980,8973.604,41256
1787815296871,0fb30b2c-7f00-9973-50c9-e1a66649e8ac,/p/3/37850116db983566,3,200,76125,234.435,1777.661,42823
1787815271395,9faa9546-7464-257f-611f-fdcf1ef233cd,/p/2/b459939647dc5fed,1,200,5954293,300.725,27268.825,218355
1787815274404,e6643b89-1dd1-2310-bf50-2a904aaa6e86,/p/0/e8863c11efa7e1ff,2,200,511793,2527.983,24289.028,21071
1787815277894,d23f0858-b1f7-bef1-1fdf-a9606a32322a,/p/0/e25edb3e4386748,2,200,5092360,182.055,20812.911,244673
1787815296304,548a7f9d-41e4-e529-50a4-b4a5553f5aa5,/?crawl=83,0,200,438163,81.689,2472.701,177200
1787815295018,ed44bc0f-ef2d-a9ce-7a2d-62863ae567a0,/p/0/68eb47bbfcf453ea,8,200,415993,191.819,3975.220,104647
1787815279575,9be8c8ed-4ea5-2062-ff35-3b8a81f1f7ed,/p/3/873db4b288fd646f,1,200,4316323,287.964,19480.677,221569
1787815297295,1ab85c26-3c31-03fe-56cf-9e345653fe8a,/p/0/accdd6742e0a37ac,2,200,159482,172.095,1797.769,88711
1787815297585,d66568bc-db56-b020-ae6e-bd870e82c002,/p/7/97860f6f7ccaf490,1,200,274885,210.045,1683.536,163278
1787815298007,d23f0858-b1f7-bef1-1fdf-a9606a32322a,/p/0/d720af9c4159d1b8,8,200,155561,740.705,1401.242,111017
1787815289654,e0d036c2-b593-f2f7-d9b7-9fae6a22b46f,/p/0/2d7d77403e8214d,3,200,341437,771.761,9801.947,34834
1787815295017,ed44bc0f-ef2d-a9ce-7a2d-62863ae567a0,/p/3/68eb48bbfcf4559d,8,200,396148,247.561,4502.698,87980
1787815278615,e51c2ccc-530c-0524-fc27-87f81183ca9e,/p/0/8e70b6eba2a9b5f0,6,200,4745600,77.726,20911.317,226939
1787815297295,1ab85c26-3c31-03fe-56cf-9e345653fe8a,/p/1/accdd7742e0a395f,2,200,276334,172.137,2232.855,123758
1787815298664,9faa9546-7464-257f-611f-fdcf1ef233cd,/p/1/f774e12897280ba4,2,200,39523,240.583,962.002,41084
1787815273904,e51c2ccc-530c-0524-fc27-87f81183ca9e,/p/0/9831a06d26b1082d,1,200,5944080,89.214,25777.050,230596
1787815277050,e51c2ccc-530c-0524-fc27-87f81183ca9e,/p/0/32fd80bd491b45d7,5,200,5494964,86.880,22786.884,241146
1787815297460,18a30cde-efa9-2e06-c7ee-862256ca2fbd,/p/0/8ac1edb4a77c6117,2,200,373048,187.789,2693.010,138525
1787815298664,9faa9546-7464-257f-611f-fdcf1ef233cd,/p/0/f774e22897280d57,2,200,187501,64.783,1524.032,123030
1787815296744,8932535e-9b64-cb37-fd14-1d68673e7fd8,/p/0/ab82362466b7edcf,2,200,447395,95.815,3517.991,127173
1787815296871,0fb30b2c-7f00-9973-50c9-e1a66649e8ac,/p/0/3784ff16db983200,3,200,184141,234.423,3423.390,53789
1787815297542,0cac6aae-1489-56e0-7461-86608a6b60d9,/p/0/70a15c83998d8fc1,4,200,67294,491.625,2752.975,24444
1787815299056,9be8c8ed-4ea5-2062-ff35-3b8a81f1f7ed,/p/0/24a46cefcfd2fb53,2,200,332043,7.472,1301.902,255045
1787815299528,1ab85c26-3c31-03fe-56cf-9e345653fe8a,/p/0/501624f987dff028,3,200,67424,201.128,840.269,80241
1787815299056,9be8c8ed-4ea5-2062-ff35-3b8a81f1f7ed,/p/2/24a46befcfd2f9a0,2,200,508692,7.349,1469.052,346272
1787815296744,8932535e-9b64-cb37-fd14-1d68673e7fd8,/p/3/ab82352466b7ec1c,2,200,510694,66.972,4050.298,126088
1787815298664,9faa9546-7464-257f-611f-fdcf1ef233cd,/p/0/f774e32897280f0a,2,200,146302,155.649,2177.895,67176
1787815299056,9be8c8ed-4ea5-2062-ff35-3b8a81f1f7ed,/p/0/24a46defcfd2fd06,2,200,521080,7.296,1789.211,291235
1787815285941,a350c9e6-f13c-9da5-e0ca-0ad0e8044e1a,/p/0/d345e6c260d58e28,1,200,3750770,95.301,14981.705,250357
1787815291566,fe9f5242-1dee-d8c5-2769-78aba5955fb8,/p/0/d54ea2396dd9acac,3,200,2463361,238.855,9458.720,260433
1787815300525,9be8c8ed-4ea5-2062-ff35-3b8a81f1f7ed,/p/1/1c4556fa4aab22f2,3,200,381252,320.391,664.358,573865
1787815300525,9be8c8ed-4ea5-2062-ff35-3b8a81f1f7ed,/p/0/1c4554fa4aab1f8c,3,200,454985,320.244,665.651,683519
1787815299528,1ab85c26-3c31-03fe-56cf-9e345653fe8a,/p/0/501627f987dff541,3,200,180770,57.045,1711.301,105633
1787815301304,6d5e3f1b-7395-7ddd-5bb8-9ccd5b8cb14e,/?crawl=86,0,200,88009,12.814,80.147,1098092
1787815299626,9faa9546-7464-257f-611f-fdcf1ef233cd,/p/0/d4939662b8ed1a1c,3,200,111010,358.696,1871.927,59303
1787815299268,d66568bc-db56-b020-ae6e-bd870e82c002,/p/0/c11cbd535691298f,2,200,221319,253.990,2307.886,95897
1787815301384,6d5e3f1b-7395-7ddd-5bb8-9ccd5b8cb14e,/p/0/e52f66e5cf36d042,1,200,172694,13.449,238.652,723622
1787815290363,e74dc3e9-9b81-1c67-b868-f59eb1ef8038,/p/10/66e9600c0de4b787,4,200,84736,4227.382,11347.640,7467
1787815301384,6d5e3f1b-7395-7ddd-5bb8-9ccd5b8cb14e,/p/0/e52f65e5cf36ce8f,1,200,149295,62.889,411.456,362846
1787815300794,8932535e-9b64-cb37-fd14-1d68673e7fd8,/p/0/439933622bbe042b,3,200,126064,30.524,1096.541,114965
1787815299520,ed44bc0f-ef2d-a9ce-7a2d-62863ae567a0,/p/0/60923926049f99,9,200,219794,198.542,2456.133,89488
1787815300304,14d2fd6b-98b5-376a-463f-21c8ff0d7c36,/?crawl=84,0,200,460207,56.636,1802.692,255289
1787815295476,1e46a455-56c8-91fa-0560-77e275a2328b,/p/0/be5ab82aa600dd50,1,200,374147,187.081,6673.502,56065
1787815301190,9be8c8ed-4ea5-2062-ff35-3b8a81f1f7ed,/p/0/b30088b120152e0,4,200,443536,334.183,975.598,454630
1787815296871,0fb30b2c-7f00-9973-50c9-e1a66649e8ac,/p/0/37850216db983719,3,200,311900,254.058,5363.562,58152
1787815299268,d66568bc-db56-b020-ae6e-bd870e82c002,/p/0/c11cbe5356912b42,2,200,234052,358.564,3041.642,76949
1787815302304,fff1ea97-b6b4-3164-10bb-35abbc98d713,/?crawl=89,0,200,19831,36.234,73.203,270905
1787815302304,f96cf050-1440-7233-cad8-3abef4e2a5ef,/?crawl=88,0,200,53438,24.506,91.492,584076
1787815302396,f96cf050-1440-7233-cad8-3abef4e2a5ef,/p/0/59ad63174ad88de8,1,200,15629,22.698,44.693,349697
1787815298004,b93bd898-c1c5-1dfb-d880-2d01ea6e3184,/p/0/8f813f011f1064d8,4,200,204932,188.791,4630.132,44261
1787815298004,b93bd898-c1c5-1dfb-d880-2d01ea6e3184,/p/0/8f8142011f1069f1,4,200,216627,449.251,4630.587,46782
1787815302396,f96cf050-1440-7233-cad8-3abef4e2a5ef,/p/5/59ad65174ad8914e,1,200,202289,44.558,471.676,428873
1787815301304,82028ba3-52a7-a42a-a64e-e0cd50293bb1,/?crawl=85,0,200,338388,69.386,1570.952,215403
1787815302377,fff1ea97-b6b4-3164-10bb-35abbc98d713,/p/12/ed17ba74df738761,1,200,64849,182.440,572.953,113184
1787815297089,331385a9-7318-219a-59f0-3ebce55bbba8,/p/0/57db907da3657b28,5,200,424977,266.420,5878.732,72291
1787815295304,cf6b0c32-d027-3b38-e2ca-a9d4c3aeba8a,/?crawl=79,0,200,308634,498.824,7676.240,40206
1787815298649,0fb30b2c-7f00-9973-50c9-e1a66649e8ac,/p/0/ce414c9e48988a49,4,200,286096,195.098,4423.735,64673
1787815298777,548a7f9d-41e4-e529-50a4-b4a5553f5aa5,/p/7/2af064cd1165eaa3,1,200,306139,82.745,4463.559,68586
1787815301384,6d5e3f1b-7395-7ddd-5bb8-9ccd5b8cb14e,/p/0/e52f64e5cf36ccdc,1,200,2208311,62.925,1942.918,1136595
1787815303304,19626a39-cfe2-b4f2-9bee-f6b505059680,/?crawl=90,0,200,288955,18.683,369.563,781882
1787815303674,19626a39-cfe2-b4f2-9bee-f6b505059680,/p/11/8f1fd8166f34bbdf,1,200,4298,19.583,19.652,218700
1787815300794,8932535e-9b64-cb37-fd14-1d68673e7fd8,/p/2/439932622bbe0278,3,200,339586,118.682,2915.887,116461
1787815302867,f96cf050-1440-7233-cad8-3abef4e2a5ef,/p/0/208acacdfa1df214,2,200,167417,145.152,1131.770,147925
1787815298777,548a7f9d-41e4-e529-50a4-b4a5553f5aa5,/p/0/2af063cd1165e8f0,1,200,405158,451.300,5243.834,77264
1787815302377,fff1ea97-b6b4-3164-10bb-35abbc98d713,/p/0/ed17b874df7383fb,1,200,203047,35.418,1681.573,120748
1787815300794,8932535e-9b64-cb37-fd14-1d68673e7fd8,/p/0/439934622bbe05de,3,200,470616,118.664,3499.456,134483
1787815289867,09982139-5e76-f214-cc24-4e66c50bbb4e,/p/0/717b63874330707d,3,200,2291527,297.657,14429.083,158813
1787815301304,4a600044-b824-75ce-64cc-0ee37bb6476e,/?crawl=87,0,200,457209,73.223,3011.638,151814
1787815303241,548a7f9d-41e4-e529-50a4-b4a5553f5aa5,/p/6/ba53e505ef329f5b,2,200,32300,651.472,1188.522,27177
1787815304304,48566d99-8687-1c66-c262-45eb68f9fd83,/?crawl=92,0,200,64062,31.013,146.617,436934
1787815304304,6a276a8c-84f2-66fc-21c1-b3663e7b234f,/?crawl=93,0,200,114372,31.453,240.811,474945
1787815303240,548a7f9d-41e4-e529-50a4-b4a5553f5aa5,/p/0/ba53e705ef32a2c1,2,200,36849,408.662,1311.729,28092
1787815304545,6a276a8c-84f2-66fc-21c1-b3663e7b234f,/p/0/228a2b7403cfae8c,1,200,14222,31.871,47.541,299153
1787815302950,fff1ea97-b6b4-3164-10bb-35abbc98d713,/p/0/9c51850e14ae2b57,2,200,135067,217.150,1676.271,80576
1787815276635,d179d41e-b523-39e2-94e1-1eb7aef09fe5,/p/0/a62a0adea1f697c3,1,200,3209146,79.715,28016.172,114546
1787815300294,0fb30b2c-7f00-9973-50c9-e1a66649e8ac,/p/0/ce41499e48988530,4,200,407326,252.480,4648.385,87627
1787815299520,ed44bc0f-ef2d-a9ce-7a2d-62863ae567a0,/p/2/60903926049c33,9,200,471488,150.954,5430.416,86824
1787815303674,19626a39-cfe2-b4f2-9bee-f6b505059680,/p/0/8f1fda166f34bf45,1,200,226066,30.271,1418.662,159352
1787815277769,d179d41e-b523-39e2-94e1-1eb7aef09fe5,/p/0/27c2252683a35318,2,200,3210561,145.227,27449.662,116962
1787815288304,5da666f7-3930-edb3-8a37-ce435aa8f714,/?crawl=66,0,200,4666522,54.960,17008.175,274369
1787815294851,0583420b-7232-d146-2f4b-1142cd2b8778,/p/4/955fc5f5425b2072,2,200,2569145,40.028,10531.650,243945
1787815298649,0fb30b2c-7f00-9973-50c9-e1a66649e8ac,/p/2/ce414b9e48988896,4,200,409701,827.893,6840.893,59890
1787815302868,f96cf050-1440-7233-cad8-3abef4e2a5ef,/p/0/208acdcdfa1df72d,2,200,430270,134.188,2631.105,163532
1787815303693,19626a39-cfe2-b4f2-9bee-f6b505059680,/p/0/aaa3b78a419dde8,2,200,351330,108.289,1837.335,191217
1787815303694,19626a39-cfe2-b4f2-9bee-f6b505059680,/p/0/aaa3e78a419e301,2,200,264924,108.253,1837.336,144189
1787815297542,0cac6aae-1489-56e0-7461-86608a6b60d9,/p/8/70a15b83998d8e0e,4,200,479985,328.140,8152.455,58876
1787815303694,19626a39-cfe2-b4f2-9bee-f6b505059680,/p/10/aaa3d78a419e14e,2,200,309468,116.450,2011.536,153847
1787815286471,1cf52f86-b72d-b329-7e9f-ab00fc76d7b0,/p/6/7933a7c80ad1879e,4,200,3505255,110.069,19350.688,181144
1787815302951,fff1ea97-b6b4-3164-10bb-35abbc98d713,/p/0/9c51860e14ae2d0a,2,200,274412,216.876,2921.808,93919
1787815305383,0583420b-7232-d146-2f4b-1142cd2b8778,/p/3/22dff7f3a589b521,3,200,93289,136.966,570.822,163429
1787815292465,1ff3bcd1-0da7-cd02-1374-522545639cba,/p/8/4d79c43b05096699,3,200,4583786,226.958,13498.481,339578
1787815302981,cf6b0c32-d027-3b38-e2ca-a9d4c3aeba8a,/p/0/6c427238631fe039,1,200,42463,1353.660,3040.549,13966
1787815302377,fff1ea97-b6b4-3164-10bb-35abbc98d713,/p/0/ed17b974df7385ae,1,200,397478,182.427,3680.364,108000
1787815295476,1e46a455-56c8-91fa-0560-77e275a2328b,/p/0/be5abb2aa600e269,1,200,4241121,681.580,10628.436,399035
1787815302951,fff1ea97-b6b4-3164-10bb-35abbc98d713,/p/11/9c51870e14ae2ebd,2,200,397741,255.074,3199.855,124300
1787815284304,df4ac379-8e22-4164-6bfd-c5879d5cd9b5,/?crawl=63,0,200,6172004,52.778,21874.161,282160
1787815295649,ef03f431-9299-2706-2fa0-625d62315506,/p/0/51c50e883a9bd516,1,200,4699635,100.051,10533.224,446173
1787815304304,c0c10915-3471-79f2-0f28-e98cd9c13848,/?crawl=91,0,200,328949,82.490,1884.586,174547
1787815304545,6a276a8c-84f2-66fc-21c1-b3663e7b234f,/p/0/228a2d7403cfb1f2,1,200,368635,62.584,1683.018,219032
1787815296555,0cac6aae-1489-56e0-7461-86608a6b60d9,/p/0/c8f315cd38f2c4dc,3,200,482069,358.807,9776.483,49309
1787815283304,16864d94-b0b1-7c67-8072-6515eeb7838a,/?crawl=61,0,200,4140516,80.895,23034.291,179754
1787815303710,8932535e-9b64-cb37-fd14-1d68673e7fd8,/p/0/38d4cda8eb10640,4,200,292879,333.077,2687.628,108973
1787815305313,5da666f7-3930-edb3-8a37-ce435aa8f714,/p/4/898da4fe018564fa,1,200,146268,109.147,1105.678,132288
1787815306338,16864d94-b0b1-7c67-8072-6515eeb7838a,/p/0/a879fc2a1a7e9a01,1,200,39332,75.599,265.469,148161
1787815306150,fff1ea97-b6b4-3164-10bb-35abbc98d713,/p/0/5836b1a83244f47f,3,200,65854,54.120,475.761,138418
1787815305695,0cac6aae-1489-56e0-7461-86608a6b60d9,/p/0/ab7c2d504b32ada9,5,200,48201,990.745,993.384,48522
1787815305695,0cac6aae-1489-56e0-7461-86608a6b60d9,/p/7/ab7c2c504b32abf6,5,200,16020,991.729,994.732,16105
1787815306178,df4ac379-8e22-4164-6bfd-c5879d5cd9b5,/p/0/cf4ea2e543b47f5b,1,200,58720,49.153,543.004,108139
1787815304451,48566d99-8687-1c66-c262-45eb68f9fd83,/p/0/b5f481d1986aa652,1,200,372743,28.650,2445.457,152423
1787815298004,b93bd898-c1c5-1dfb-d880-2d01ea6e3184,/p/1/8f8141011f10683e,4,200,3910841,424.034,8937.796,437562
1787815304316,4a600044-b824-75ce-64cc-0ee37bb6476e,/p/0/7899bc4363d1c655,1,200,169705,249.123,2675.486,63430
1787815305705,19626a39-cfe2-b4f2-9bee-f6b505059680,/p/9/7efba44c16008f07,3,200,216096,111.798,1320.916,163596
1787815289867,09982139-5e76-f214-cc24-4e66c50bbb4e,/p/0/717b608743306b64,3,200,5368476,48.579,17161.254,312825
1787815305822,1cf52f86-b72d-b329-7e9f-ab00fc76d7b0,/p/0/d1b57e48e9216930,5,200,113309,167.535,1236.759,91618
1787815304451,48566d99-8687-1c66-c262-45eb68f9fd83,/p/6/b5f482d1986aa805,1,200,350132,142.497,2719.453,128751
1787815295476,1e46a455-56c8-91fa-0560-77e275a2328b,/p/18/be5aba2aa600e0b6,1,200,4353884,610.812,11892.606,366100
1787815307170,48566d99-8687-1c66-c262-45eb68f9fd83,/p/5/1ca9644d4b7f9b31,2,200,28648,157.259,297.711,96228
1787815301190,9be8c8ed-4ea5-2062-ff35-3b8a81f1f7ed,/p/0/b30098b12015493,4,200,2302169,333.069,6305.016,365133
1787815306179,df4ac379-8e22-4164-6bfd-c5879d5cd9b5,/p/0/cf4ea3e543b4810e,1,200,166145,48.950,1328.637,125049
1787815305383,0583420b-7232-d146-2f4b-1142cd2b8778,/p/0/22dff6f3a589b36e,3,200,225819,149.073,2222.464,101608
1787815306339,16864d94-b0b1-7c67-8072-6515eeb7838a,/p/0/a879f92a1a7e94e8,1,200,129397,265.363,1284.518,100736
1787815289867,09982139-5e76-f214-cc24-4e66c50bbb4e,/p/3/717b618743306d17,3,200,6117699,48.434,17851.189,342705
1787815307718,09982139-5e76-f214-cc24-4e66c50bbb4e,/p/2/c237bca8dbe39025,4,200,123533,4.147,326.777,378035
1787815307368,1e46a455-56c8-91fa-0560-77e275a2328b,/p/0/1bb2f2720bffa4ca,2,200,235094,13.260,687.943,341735
1787815307368,1e46a455-56c8-91fa-0560-77e275a2328b,/p/0/1bb2f1720bffa317,2,200,423260,3.956,691.602,611999
1787815306150,fff1ea97-b6b4-3164-10bb-35abbc98d713,/p/10/5836b3a83244f7e5,3,200,384216,36.769,1916.276,200501
1787815286451,71d51f65-0f4a-4aae-f6b2-ad04f139a00e,/p/1/a37d9bb870c962e5,2,200,4162147,287.250,21694.037,191857
1787815303710,8932535e-9b64-cb37-fd14-1d68673e7fd8,/p/0/38d4fda8eb10b59,4,200,439548,333.190,4507.707,97510
1787815306150,fff1ea97-b6b4-3164-10bb-35abbc98d713,/p/0/5836b2a83244f632,3,200,386707,36.858,2113.964,182930
1787815305304,ab20e2c6-17bf-e321-abcd-e30c10aef1f9,/?crawl=94,0,200,161222,240.371,2965.911,54358
1787815306178,df4ac379-8e22-4164-6bfd-c5879d5cd9b5,/p/5/cf4ea4e543b482c1,1,200,366387,174.234,2093.958,174973
1787815288459,5bf49a11-3401-a7a4-7d34-f0e4ab04e2d3,/p/0/1cf7f95b9620595a,1,200,3436419,18.356,19936.084,172372
1787815308305,dc1bc04f-82e3-aae1-b398-98a3731896a3,/?crawl=100,0,200,37957,38.997,110.238,344319
1787815303710,8932535e-9b64-cb37-fd14-1d68673e7fd8,/p/1/38d4dda8eb107f3,4,200,500115,279.994,4734.005,105643
1787815305822,1cf52f86-b72d-b329-7e9f-ab00fc76d7b0,/p/5/d1b57f48e9216ae3,5,200,476983,138.392,2720.143,175352
1787815305822,1cf52f86-b72d-b329-7e9f-ab00fc76d7b0,/p/0/d1b58148e9216e49,5,200,405014,138.406,2741.654,147726
1787815305705,19626a39-cfe2-b4f2-9bee-f6b505059680,/p/0/7efba64c1600926d,3,200,494845,121.903,2859.580,173048
1787815308305,19391e0a-3e31-7406-f722-99624c645e62,/?crawl=99,0,200,404780,15.808,294.633,1373846
1787815308599,19391e0a-3e31-7406-f722-99624c645e62,/p/0/97082ea57f717817,1,200,66156,8.013,141.421,467794
1787815308305,3e71326f-e416-3c5e-6236-7bd18a29c656,/?crawl=98,0,200,86312,70.065,455.399,189530
1787815305954,0583420b-7232-d146-2f4b-1142cd2b8778,/p/2/627a3c3eb041dd03,4,200,297949,177.873,2824.314,105494
1787815306942,b93bd898-c1c5-1dfb-d880-2d01ea6e3184,/p/0/a418e9fe0c740157,5,200,453073,2.788,1857.493,243916
1787815306942,b93bd898-c1c5-1dfb-d880-2d01ea6e3184,/p/0/a418ebfe0c7404bd,5,200,444513,2.519,1860.372,238938
1787815306942,b93bd898-c1c5-1dfb-d880-2d01ea6e3184,/p/0/a418e8fe0c73ffa4,5,200,376791,2.463,1860.429,202529
1787815307718,09982139-5e76-f214-cc24-4e66c50bbb4e,/p/0/c237bba8dbe38e72,4,200,115786,3.844,1258.258,92021
1787815307718,09982139-5e76-f214-cc24-4e66c50bbb4e,/p/0/c237baa8dbe38cbf,4,200,288051,3.175,1263.129,228046
1787815308305,63a2f736-a599-8f16-6df1-716b89ede193,/?crawl=97,0,200,333593,36.862,883.905,377408
1787815306189,c0c10915-3471-79f2-0f28-e98cd9c13848,/p/0/fbb583b8da99c77f,1,200,192791,82.124,3066.814,62864
1787815305705,19626a39-cfe2-b4f2-9bee-f6b505059680,/p/0/7efba34c16008d54,3,200,520110,133.618,3560.669,146071
1787815307026,19626a39-cfe2-b4f2-9bee-f6b505059680,/p/0/dfff0cff435fbd34,4,200,324934,116.677,2319.745,140073
1787815302980,cf6b0c32-d027-3b38-e2ca-a9d4c3aeba8a,/p/0/6c426f38631fdb20,1,200,216521,186.116,6547.501,33069
1787815308045,09982139-5e76-f214-cc24-4e66c50bbb4e,/p/1/9644957186d43aea,5,200,217064,926.755,1607.419,135039
1787815306339,16864d94-b0b1-7c67-8072-6515eeb7838a,/p/3/a879fa2a1a7e969b,1,200,475694,381.132,3400.478,139890
1787815308599,19391e0a-3e31-7406-f722-99624c645e62,/p/0/97082fa57f7179ca,1,200,362368,8.054,1203.688,301048
1787815308415,dc1bc04f-82e3-aae1-b398-98a3731896a3,/p/3/f4ea2857f44ac675,1,200,293236,218.084,1432.175,204749
1787815307170,48566d99-8687-1c66-c262-45eb68f9fd83,/p/0/1ca9624d4b7f97cb,2,200,160394,143.414,2700.084,59403
1787815308415,dc1bc04f-82e3-aae1-b398-98a3731896a3,/p/0/f4ea2657f44ac30f,1,200,153139,218.182,1558.289,98274
1787815308415,dc1bc04f-82e3-aae1-b398-98a3731896a3,/p/0/f4ea2757f44ac4c2,1,200,221257,36.750,1618.568,136699
1787815253305,8992b43b-4174-a0c1-16dc-9bd47c511dd8,/?crawl=10,0,200,3638840,268.611,56736.259,64136
1787815308563,1cf52f86-b72d-b329-7e9f-ab00fc76d7b0,/p/0/660b135b1075c0e1,6,200,283142,187.873,1524.875,185682
1787815308272,df4ac379-8e22-4164-6bfd-c5879d5cd9b5,/p/0/8bcb73de09de1bbd,2,200,326305,49.164,1884.589,173144
1787815305490,0fb30b2c-7f00-9973-50c9-e1a66649e8ac,/p/0/1552855cdc7f04a3,5,200,481601,215.204,4725.083,101924
1787815308045,09982139-5e76-f214-cc24-4e66c50bbb4e,/p/0/9644937186d43784,5,200,512560,918.307,2175.237,235634
1787815308045,09982139-5e76-f214-cc24-4e66c50bbb4e,/p/0/9644967186d43c9d,5,200,501461,917.544,2176.747,230372
1787815307026,19626a39-cfe2-b4f2-9bee-f6b505059680,/p/8/dfff0eff435fc09a,4,200,496317,129.459,3236.494,153350
1787815308145,71d51f65-0f4a-4aae-f6b2-ad04f139a00e,/p/0/d842180214fcc5,3,200,123287,288.260,2133.287,57792
1787815308444,8932535e-9b64-cb37-fd14-1d68673e7fd8,/p/0/f806d175c1da177f,5,200,203362,61.238,1836.113,110757
1787815306189,c0c10915-3471-79f2-0f28-e98cd9c13848,/p/2/fbb582b8da99c5cc,1,200,235101,407.747,4185.501,56170
1787815309309,d74fc138-801b-2556-1caa-0b8c6881304b,/?crawl=101,0,200,431149,130.006,1105.665,389945
1787815308067,fff1ea97-b6b4-3164-10bb-35abbc98d713,/p/9/b4dea288b7effe22,4,200,253729,215.875,2380.148,106602
1787815304951,ed44bc0f-ef2d-a9ce-7a2d-62863ae567a0,/p/1/85463f84c55c358c,10,200,491162,214.822,5516.391,89037
1787815309308,d9b27d91-0fa9-612c-4b18-86aa6c1a66d6,/?crawl=103,0,200,422227,205.304,1193.455,353786
1787815309189,63a2f736-a599-8f16-6df1-716b89ede193,/p/21/d4e0d7fdb163d9a6,1,200,191355,82.681,1325.022,144416
1787815305964,1ff3bcd1-0da7-cd02-1374-522545639cba,/p/0/d761b2d51095b084,4,200,508044,37.960,4551.032,111633
1787815308067,fff1ea97-b6b4-3164-10bb-35abbc98d713,/p/0/b4dea388b7efffd5,4,200,384511,215.842,2452.341,156793
1787815296584,eb7e981e-236e-e62e-fcbd-039d90b367ca,/p/6/84b32510d798fc75,3,200,5353115,190.914,13999.549,382378
1787815302396,f96cf050-1440-7233-cad8-3abef4e2a5ef,/p/0/59ad66174ad89301,1,200,2427685,111.252,8213.711,295565
1787815310263,19626a39-cfe2-b4f2-9bee-f6b505059680,/p/0/844d4b1e1097783f,5,200,38759,101.146,372.544,104039
1787815310583,eb7e981e-236e-e62e-fcbd-039d90b367ca,/p/0/7e683d278579db6,4,200,67262,35.127,210.345,319771
1787815305383,0583420b-7232-d146-2f4b-1142cd2b8778,/p/0/22dff5f3a589b1bb,3,200,522898,125.395,5457.027,95821
1787815304429,548a7f9d-41e4-e529-50a4-b4a5553f5aa5,/p/0/b79e003b464c150,3,200,285874,531.707,6420.145,44528
1787815310263,19626a39-cfe2-b4f2-9bee-f6b505059680,/p/0/844d4c1e109779f2,5,200,140470,101.075,637.631,220300
1787815307468,48566d99-8687-1c66-c262-45eb68f9fd83,/p/4/8916c7c8ba634782,3,200,210631,215.108,3510.463,60001
1787815308778,0583420b-7232-d146-2f4b-1142cd2b8778,/p/0/a2497dbf8ad31dfc,5,200,146494,275.293,2223.010,65899
1787815309653,09982139-5e76-f214-cc24-4e66c50bbb4e,/p/0/a389fdcc75606ba3,6,200,29619,1048.009,1410.099,21005
1787815305954,0583420b-7232-d146-2f4b-1142cd2b8778,/p/0/627a3b3eb041db50,4,200,466138,218.769,5167.655,90203
1787815308145,71d51f65-0f4a-4aae-f6b2-ad04f139a00e,/p/0/d840180214f95f,3,200,432351,56.391,3108.103,139104
1787815305954,0583420b-7232-d146-2f4b-1142cd2b8778,/p/0/627a3e3eb041e069,4,200,480002,312.980,5323.891,90160
1787815305490,0fb30b2c-7f00-9973-50c9-e1a66649e8ac,/p/1/1552845cdc7f02f0,5,200,476861,197.036,5846.377,81565
1787815286029,452971bf-e875-1435-2f47-7f6c6fe20dea,/p/0/e9f47fa9d222f1a9,5,200,3240178,37.681,25308.043,128030
1787815310583,eb7e981e-236e-e62e-fcbd-039d90b367ca,/p/5/7e684d278579f69,4,200,170818,175.652,877.586,194645
1787815308272,df4ac379-8e22-4164-6bfd-c5879d5cd9b5,/p/4/8bcb72de09de1a0a,2,200,297361,324.462,3341.649,88986
1787815308067,fff1ea97-b6b4-3164-10bb-35abbc98d713,/p/0/b4dea088b7effabc,4,200,409830,197.671,3658.714,112015
1787815310467,ed44bc0f-ef2d-a9ce-7a2d-62863ae567a0,/p/0/85464184c55c38f2,10,200,98458,179.932,1264.151,77885
1787815309847,dc1bc04f-82e3-aae1-b398-98a3731896a3,/p/0/8abfc8a30bae3909,2,200,222093,227.135,1998.135,111150
1787815311305,734b25fb-d87c-a41b-9c0b-2584b6aa4c78,/?crawl=108,0,200,15673,169.062,624.768,25086
1787815309309,8d3a41de-125a-6e14-905a-7e4ffe51442b,/?crawl=102,0,200,494783,196.475,2673.050,185101
1787815307368,1e46a455-56c8-91fa-0560-77e275a2328b,/p/17/1bb2f3720bffa67d,2,200,3516982,5.410,4656.778,755239
1787815308270,ab20e2c6-17bf-e321-abcd-e30c10aef1f9,/p/0/417684a01cc8e6f9,1,200,159294,250.494,3764.402,42316
1787815281694,c5aa0efa-81cb-c472-cc06-ea5a979bd993,/p/3/7c18923206f699b7,3,200,2694476,804.219,30390.719,88661
1787815310375,c0c10915-3471-79f2-0f28-e98cd9c13848,/p/1/dcf14ad54e724d8f,2,200,492799,448.978,1728.228,285147
1787815309653,09982139-5e76-f214-cc24-4e66c50bbb4e,/p/0/a389fccc756069f0,6,200,236109,926.548,2494.892,94637
1787815310502,d9b27d91-0fa9-612c-4b18-86aa6c1a66d6,/p/8/3aab283f3679e43c,1,200,246533,39.466,1669.583,147661
1787815311305,7e3c1cd0-0bdb-f00a-7159-a3e2c48d65fc,/?crawl=107,0,200,238347,57.761,877.682,271564
1787815306331,0cac6aae-1489-56e0-7461-86608a6b60d9,/p/0/ab7c2a504b32a890,5,200,521133,994.540,5887.860,88510
1787815306690,0cac6aae-1489-56e0-7461-86608a6b60d9,/p/0/cf85096fb93321a4,6,200,371037,976.490,5531.878,67073
1787815292993,0cac6aae-1489-56e0-7461-86608a6b60d9,/p/0/ecdaf06a234cf353,2,200,2281619,162.215,19235.147,118617
1787815308760,3e71326f-e416-3c5e-6236-7bd18a29c656,/p/9/2a728303140c6c77,1,200,290015,65.779,3506.348,82711
1787815304545,6a276a8c-84f2-66fc-21c1-b3663e7b234f,/p/0/228a2e7403cfb3a5,1,200,3671490,106.293,7773.539,472306
1787815310415,d74fc138-801b-2556-1caa-0b8c6881304b,/p/0/617fd3fa5fafd215,1,200,271293,36.119,1934.089,140269
1787815308542,1cf52f86-b72d-b329-7e9f-ab00fc76d7b0,/p/4/660b115b1075bd7b,6,200,502989,218.014,3811.010,131983
1787815310263,19626a39-cfe2-b4f2-9bee-f6b505059680,/p/7/844d4d1e10977ba5,5,200,366146,101.039,2105.438,173905
1787815275766,c5aa0efa-81cb-c472-cc06-ea5a979bd993,/p/0/b26c68d8fdf157f6,2,200,3015364,244.792,36661.224,82249
1787815311305,10282b25-88d2-49b4-dc6b-7ab3b875e9e4,/?crawl=105,0,200,349264,58.029,1288.768,271006
1787815309847,dc1bc04f-82e3-aae1-b398-98a3731896a3,/p/0/8abfc5a30bae33f0,2,200,380766,235.866,2784.588,136741
1787815308599,19391e0a-3e31-7406-f722-99624c645e62,/p/3/97082da57f717664,1,200,4705571,96.237,4095.967,1148830
1787815310583,eb7e981e-236e-e62e-fcbd-039d90b367ca,/p/0/7e682d278579c03,4,200,348581,175.708,2164.902,161015
1787815306418,5da666f7-3930-edb3-8a37-ce435aa8f714,/p/0/eae79ce7711d10a4,2,200,376242,314.166,6481.621,58048
1787815312266,3e71326f-e416-3c5e-6236-7bd18a29c656,/p/0/f047287a34f2e28,2,200,94273,642.310,644.642,146241
1787815312368,19626a39-cfe2-b4f2-9bee-f6b505059680,/p/0/8cc8b506290d8346,6,200,84593,135.965,591.428,143032
1787815282607,1cf52f86-b72d-b329-7e9f-ab00fc76d7b0,/p/0/417cb6cb46ce4a0e,1,200,5894120,59.305,30357.243,194159
1787815312353,1cf52f86-b72d-b329-7e9f-ab00fc76d7b0,/p/0/8e4815b6dbace719,7,200,43663,103.874,621.706,70231
1787815284465,65e643b8-1fe4-00ce-db24-fee708c914ce,/p/0/db5e8fbac7df208,4,200,4567660,428.301,28668.233,159328
1787815296406,fe9f5242-1dee-d8c5-2769-78aba5955fb8,/p/8/7ff8d3f6f4ff3bd6,5,200,4893865,219.061,16798.604,291326
1787815311305,fcc71696-59c9-cb76-035c-e8d211ab173b,/?crawl=106,0,200,464772,66.430,1937.815,239843
1787815312266,3e71326f-e416-3c5e-6236-7bd18a29c656,/p/0/f047587a34f3341,2,200,357115,641.861,988.319,361336
1787815312266,3e71326f-e416-3c5e-6236-7bd18a29c656,/p/8/f047387a34f2fdb,2,200,234887,648.453,989.299,237428
1787815307170,48566d99-8687-1c66-c262-45eb68f9fd83,/p/0/1ca9634d4b7f997e,2,200,450381,172.811,6105.877,73762
1787815310415,d74fc138-801b-2556-1caa-0b8c6881304b,/p/1/617fd2fa5fafd062,1,200,420482,71.375,2967.802,141681
1787815305313,5da666f7-3930-edb3-8a37-ce435aa8f714,/p/0/898da5fe018566ad,1,200,514780,55.685,8111.496,63463
1787815312695,19391e0a-3e31-7406-f722-99624c645e62,/p/0/350f87bcdd102369,2,200,332603,8.903,771.484,431121
1787815312085,c5aa0efa-81cb-c472-cc06-ea5a979bd993,/p/0/c7d7ba560abfea7c,4,200,146061,1413.999,1443.543,101182
1787815312593,10282b25-88d2-49b4-dc6b-7ab3b875e9e4,/p/4/13d67d840d43f816,1,200,96869,268.335,949.044,102070
1787815289092,108c8b66-9697-13f3-c04b-5ad9afcac289,/p/0/917797234a71c49b,3,200,2120989,263.602,24451.959,86741
1787815312695,19391e0a-3e31-7406-f722-99624c645e62,/p/2/350f86bcdd1021b6,2,200,452445,8.941,853.119,530342
1787815312103,c0c10915-3471-79f2-0f28-e98cd9c13848,/p/0/89de52d43609eea2,3,200,14134,1447.102,1456.709,9703
1787815299268,d66568bc-db56-b020-ae6e-bd870e82c002,/p/6/c11cbf5356912cf5,2,200,3711086,232.359,14310.819,259320
1787815312695,19391e0a-3e31-7406-f722-99624c645e62,/p/0/350f84bcdd101e50,2,200,486249,26.612,943.250,515504
1787815284328,d179d41e-b523-39e2-94e1-1eb7aef09fe5,/p/0/1e251330257d9f97,4,200,3644187,146.521,29326.871,124261
1787815311461,eb7e981e-236e-e62e-fcbd-039d90b367ca,/p/0/4eca3f8e999f5260,5,200,240213,173.526,2200.412,109167
1787815294851,0583420b-7232-d146-2f4b-1142cd2b8778,/p/0/955fc6f5425b2225,2,200,3828045,24.987,18821.252,203389
1787815308145,71d51f65-0f4a-4aae-f6b2-ad04f139a00e,/p/0/d841180214fb12,3,200,2664057,288.237,5552.591,479786
1787815311614,df4ac379-8e22-4164-6bfd-c5879d5cd9b5,/p/0/9afb5576d1d42ae8,3,200,120684,268.076,2125.441,56781
1787815284465,65e643b8-1fe4-00ce-db24-fee708c914ce,/p/2/db5e9fbac7df3bb,4,200,5167969,306.656,29291.691,176431
1787815294536,fe9f5242-1dee-d8c5-2769-78aba5955fb8,/p/0/6df28844d4bba1f,4,200,5385455,215.833,19230.120,280053
1787815312368,19626a39-cfe2-b4f2-9bee-f6b505059680,/p/0/8cc8b406290d8193,6,200,204473,145.577,1433.663,142623
1787815297585,d66568bc-db56-b020-ae6e-bd870e82c002,/p/0/9786106f7ccaf643,1,200,5022970,42.935,16335.566,307487
1787815313579,d66568bc-db56-b020-ae6e-bd870e82c002,/p/5/2299f65ff3ac08ca,3,200,167338,341.218,343.787,486749
1787815312103,c0c10915-3471-79f2-0f28-e98cd9c13848,/p/0/89de50d43609eb3c,3,200,238814,1447.916,1840.552,129751
1787815312103,c0c10915-3471-79f2-0f28-e98cd9c13848,/p/0/89de53d43609f055,3,200,443641,1446.369,1844.941,240464
1787815312085,c5aa0efa-81cb-c472-cc06-ea5a979bd993,/p/2/c7d7bc560abfede2,4,200,90652,1415.032,1865.664,48590
1787815301711,e74dc3e9-9b81-1c67-b868-f59eb1ef8038,/p/9/85b840dab4ace62a,5,200,139431,1753.746,12274.265,11360
1787815299626,9faa9546-7464-257f-611f-fdcf1ef233cd,/p/0/d4939962b8ed1f35,3,200,2943581,326.634,14377.979,204728
1787815313548,19391e0a-3e31-7406-f722-99624c645e62,/p/0/8c3504e1ab89be50,3,200,170842,67.110,471.391,362421
1787815256274,0749ca82-1e65-8f0a-ba8a-b79b9d25deac,/p/0/2f9339a7d86d0d0d,1,200,3440419,71.732,57783.860,59539
1787815313757,65e643b8-1fe4-00ce-db24-fee708c914ce,/p/1/1e8a6abdf407c74c,5,200,128094,13.395,317.731,403153
1787815310514,63a2f736-a599-8f16-6df1-716b89ede193,/p/0/effe8a39a2533d53,2,200,254393,185.315,3587.043,70920
1787815312025,1e46a455-56c8-91fa-0560-77e275a2328b,/p/0/3c069b017e492b83,3,200,245884,287.163,2271.105,108266
1787815313276,48566d99-8687-1c66-c262-45eb68f9fd83,/p/0/76b8168ba158fad9,4,200,52187,329.056,1087.042,48008
1787815313549,19391e0a-3e31-7406-f722-99624c645e62,/p/0/8c3507e1ab89c369,3,200,508521,67.043,842.483,603598
1787815288598,5bf49a11-3401-a7a4-7d34-f0e4ab04e2d3,/p/0/8ea7da918a1689be,2,200,4347242,147.671,25809.418,168436
1787815313579,d66568bc-db56-b020-ae6e-bd870e82c002,/p/0/2299f75ff3ac0a7d,3,200,218497,344.142,967.073,225937
1787815313382,d74fc138-801b-2556-1caa-0b8c6881304b,/p/0/868fdab2571ad03b,2,200,118527,197.242,1197.983,98939
1787815281694,c5aa0efa-81cb-c472-cc06-ea5a979bd993,/p/0/7c18943206f69d1d,3,200,4576023,768.874,32894.941,139110
1787815311461,eb7e981e-236e-e62e-fcbd-039d90b367ca,/p/4/4eca408e999f5413,5,200,521568,190.578,3166.736,164702
1787815313757,65e643b8-1fe4-00ce-db24-fee708c914ce,/p/0/1e8a6bbdf407c8ff,5,200,247659,2.108,925.431,267615
1787815313757,65e643b8-1fe4-00ce-db24-fee708c914ce,/p/0/1e8a6cbdf407cab2,5,200,400523,4.076,927.237,431953
1787815314075,65e643b8-1fe4-00ce-db24-fee708c914ce,/p/0/f05dc2226ba2bc33,6,200,36311,609.475,609.813,59544
1787815314075,65e643b8-1fe4-00ce-db24-fee708c914ce,/p/0/f05dc1226ba2ba80,6,200,48230,609.981,610.309,79026
1787815314075,65e643b8-1fe4-00ce-db24-fee708c914ce,/p/0/f05dc3226ba2bde6,6,200,196107,609.468,612.975,319926
1787815310979,48566d99-8687-1c66-c262-45eb68f9fd83,/p/3/76b8148ba158f773,4,200,422238,142.121,3801.794,111063
1787815312353,1cf52f86-b72d-b329-7e9f-ab00fc76d7b0,/p/3/8e4814b6dbace566,7,200,424192,182.842,2476.768,171268
1787815306304,dac67aa3-6e0a-202f-e278-dd7cbc66cb98,/?crawl=95,0,200,2991767,47.032,8526.473,350880
1787815313951,c5aa0efa-81cb-c472-cc06-ea5a979bd993,/p/1/7705d126e48d5ad3,5,200,81677,640.897,961.593,84939
1787815313542,10282b25-88d2-49b4-dc6b-7ab3b875e9e4,/p/0/86e70f3ae6ec1d88,2,200,36845,346.859,1373.240,26831
1787815313950,c5aa0efa-81cb-c472-cc06-ea5a979bd993,/p/0/7705d326e48d5e39,5,200,458865,641.873,989.738,463622
1787815312025,1e46a455-56c8-91fa-0560-77e275a2328b,/p/16/3c069a017e4929d0,3,200,376375,76.042,2944.064,127842
1787815312171,d9b27d91-0fa9-612c-4b18-86aa6c1a66d6,/p/0/e9cc9d95c5c275ce,2,200,176832,505.200,2813.869,62843
1787815298007,d23f0858-b1f7-bef1-1fdf-a9606a32322a,/p/1/d720b19c4159d51e,8,200,2282965,740.583,16987.540,134391
1787815288598,5bf49a11-3401-a7a4-7d34-f0e4ab04e2d3,/p/16/8ea7d8918a168658,2,200,4505241,128.342,26454.777,170300
1787815310447,fff1ea97-b6b4-3164-10bb-35abbc98d713,/p/0/ec530ca5254931e6,5,200,490985,197.778,4644.381,105716
1787815312593,10282b25-88d2-49b4-dc6b-7ab3b875e9e4,/p/0/13d67e840d43f9c9,1,200,241097,49.716,2537.323,95020
1787815314831,dac67aa3-6e0a-202f-e278-dd7cbc66cb98,/p/2/ae0c2d42882ded80,1,200,36646,40.960,339.775,107854
1787815313542,10282b25-88d2-49b4-dc6b-7ab3b875e9e4,/p/3/86e7113ae6ec20ee,2,200,80736,264.478,1638.532,49273
1787815312182,7e3c1cd0-0bdb-f00a-7159-a3e2c48d65fc,/p/0/ed01d4c8e40e0f56,1,200,514679,54.513,3135.331,164155
1787815300525,9be8c8ed-4ea5-2062-ff35-3b8a81f1f7ed,/p/0/1c4557fa4aab24a5,3,200,4768474,320.424,14912.258,319769
1787815303674,19626a39-cfe2-b4f2-9bee-f6b505059680,/p/0/8f1fd7166f34ba2c,1,200,2796143,19.545,11778.031,237403
1787815314781,48566d99-8687-1c66-c262-45eb68f9fd83,/p/2/e8040c3d23e7edd6,5,200,48637,206.089,689.023,70588
1787815315305,14083928-4f13-aa04-3e54-8c263b088cb1,/?crawl=111,0,200,42323,65.143,198.154,213587
1787815313923,d66568bc-db56-b020-ae6e-bd870e82c002,/p/4/af135a88ee451b38,4,200,97074,1283.527,1609.885,60299
1787815313923,d66568bc-db56-b020-ae6e-bd870e82c002,/p/0/af135c88ee451e9e,4,200,168641,1283.593,1612.190,104604
1787815311731,ed44bc0f-ef2d-a9ce-7a2d-62863ae567a0,/p/0/5c2dacadab1c6f43,11,200,244252,169.387,3824.303,63868
1787815313923,d66568bc-db56-b020-ae6e-bd870e82c002,/p/0/af135b88ee451ceb,4,200,454562,1283.501,1641.710,276883
1787815312025,1e46a455-56c8-91fa-0560-77e275a2328b,/p/0/3c069c017e492d36,3,200,364339,336.733,3577.455,101843
1787815314628,eb7e981e-236e-e62e-fcbd-039d90b367ca,/p/3/f259bc3d657b3947,6,200,54262,192.853,980.715,55329
1787815281199,d179d41e-b523-39e2-94e1-1eb7aef09fe5,/p/0/f13517a7df43dc5,3,200,4708460,170.980,34590.680,136119
1787815313383,d74fc138-801b-2556-1caa-0b8c6881304b,/p/0/868fdcb2571ad3a1,2,200,341066,180.374,2414.727,141244
1787815313548,19391e0a-3e31-7406-f722-99624c645e62,/p/1/8c3506e1ab89c1b6,3,200,2427353,67.003,2271.515,1068605
1787815306418,5da666f7-3930-edb3-8a37-ce435aa8f714,/p/0/eae79fe7711d15bd,2,200,476883,314.188,9534.259,50018
1787815315533,d66568bc-db56-b020-ae6e-bd870e82c002,/p/3/580b932eb3f702a3,5,200,117266,394.694,494.799,236997
1787815313579,d66568bc-db56-b020-ae6e-bd870e82c002,/p/0/2299f45ff3ac0564,3,200,3220210,341.202,2468.706,1304412
1787815313256,3e71326f-e416-3c5e-6236-7bd18a29c656,/p/0/64b578e8b3f2aa0f,3,200,52344,2794.826,2798.136,18707
1787815315533,d66568bc-db56-b020-ae6e-bd870e82c002,/p/0/580b952eb3f70609,5,200,442672,393.420,540.221,819427
1787815315820,19391e0a-3e31-7406-f722-99624c645e62,/p/0/d60415b644442273,4,200,104793,17.925,333.111,314589
1787815315820,19391e0a-3e31-7406-f722-99624c645e62,/p/0/d60414b6444420c0,4,200,260994,35.763,373.936,697965
1787815299528,1ab85c26-3c31-03fe-56cf-9e345653fe8a,/p/0/501626f987dff38e,3,200,3967446,172.299,16759.915,236722
1787815313242,fcc71696-59c9-cb76-035c-e8d211ab173b,/p/0/806c272678a90050,1,200,207799,324.012,3087.219,67309
1787815314830,1cf52f86-b72d-b329-7e9f-ab00fc76d7b0,/p/0/d3685d70a263cccd,8,200,201375,109.776,1505.668,133745
1787815315181,10282b25-88d2-49b4-dc6b-7ab3b875e9e4,/p/2/5aa937427eba4bc3,3,200,88763,310.891,1206.240,73586
1787815315820,19391e0a-3e31-7406-f722-99624c645e62,/p/0/d60417b6444425d9,4,200,428154,11.240,582.096,735538
1787815307304,e42a0fc0-fbc0-f549-8686-3f7bff440e94,/?crawl=96,0,200,4694796,37.199,9116.928,514954
1787815313205,fe9f5242-1dee-d8c5-2769-78aba5955fb8,/p/0/9dce05ded2bfbbf,6,200,341410,300.025,3221.491,105979
1787815316028,d66568bc-db56-b020-ae6e-bd870e82c002,/p/2/306dd078169cd304,6,200,125899,81.910,401.000,313963
1787815316028,d66568bc-db56-b020-ae6e-bd870e82c002,/p/0/306dd278169cd66a,6,200,320202,78.444,403.770,793030
1787815287195,452971bf-e875-1435-2f47-7f6c6fe20dea,/p/0/b72c9baae1376a8f,6,200,3728026,597.829,29247.693,127464
1787815302868,f96cf050-1440-7233-cad8-3abef4e2a5ef,/p/4/208acccdfa1df57a,2,200,6064911,134.105,13662.406,443912
1787815315053,5bf49a11-3401-a7a4-7d34-f0e4ab04e2d3,/p/15/6c406e237583f560,3,200,379690,130.358,1609.189,235951
1787815315053,5bf49a11-3401-a7a4-7d34-f0e4ab04e2d3,/p/0/6c406f237583f713,3,200,260435,202.745,1609.585,161803
1787815310514,63a2f736-a599-8f16-6df1-716b89ede193,/p/20/effe8939a2533ba0,2,200,480589,205.532,6158.787,78033
1787815309739,16864d94-b0b1-7c67-8072-6515eeb7838a,/p/0/bae9211e6de3b0dd,2,200,363233,474.435,6955.501,52222
1787815316028,d66568bc-db56-b020-ae6e-bd870e82c002,/p/0/306dd178169cd4b7,6,200,267291,49.523,707.254,377928
1787815313383,d74fc138-801b-2556-1caa-0b8c6881304b,/p/0/868fdbb2571ad1ee,2,200,397810,236.436,3434.427,115830
1787815316530,f96cf050-1440-7233-cad8-3abef4e2a5ef,/p/0/641f205f69f6c3d0,3,200,72805,80.650,309.069,235562
1787815314912,c5aa0efa-81cb-c472-cc06-ea5a979bd993,/p/0/d4f65522f6337d8c,6,200,181261,1287.569,1936.841,93586
1787815314912,c5aa0efa-81cb-c472-cc06-ea5a979bd993,/p/0/d4f65822f63382a5,6,200,393911,1287.614,1953.841,201609
1787815310514,63a2f736-a599-8f16-6df1-716b89ede193,/p/0/effe8b39a2533f06,2,200,473804,455.271,6384.880,74207
1787815314304,b65c0c64-3b12-5a25-dd6f-f7450caa3086,/?crawl=109,0,200,458176,82.743,2601.372,176129
1787815287195,452971bf-e875-1435-2f47-7f6c6fe20dea,/p/3/b72c9aaae13768dc,6,200,3720986,307.141,29720.839,125198
1787815316673,63a2f736-a599-8f16-6df1-716b89ede193,/p/0/85178d621b2a41cd,3,200,13136,207.284,244.340,53761
1787815314995,d23f0858-b1f7-bef1-1fdf-a9606a32322a,/p/0/45a48b0ccb66e0f8,9,200,44789,854.991,2031.317,22049
1787815312171,d9b27d91-0fa9-612c-4b18-86aa6c1a66d6,/p/0/e9cc9c95c5c2741b,2,200,386205,217.023,4903.135,78767
1787815313256,3e71326f-e416-3c5e-6236-7bd18a29c656,/p/0/64b579e8b3f2abc2,3,200,367827,2794.637,3995.800,92053
1787815312219,0cac6aae-1489-56e0-7461-86608a6b60d9,/p/0/cf850c6fb93326bd,6,200,240860,748.186,5097.416,47251
1787815314969,1e46a455-56c8-91fa-0560-77e275a2328b,/p/0/d0a461616b6f9a6e,4,200,209956,466.052,2415.163,86932
1787815315053,5bf49a11-3401-a7a4-7d34-f0e4ab04e2d3,/p/0/6c4070237583f8c6,3,200,428624,121.677,2338.314,183305
1787815315305,5dc1e98b-e944-26bb-e977-30c41b3bf4a0,/?crawl=110,0,200,425905,73.502,2095.138,203283
1787815317304,1444af44-e257-f0a8-290f-fb91f3b658e2,/?crawl=113,0,200,39988,52.594,146.863,272281
1787815288459,5bf49a11-3401-a7a4-7d34-f0e4ab04e2d3,/p/0/1cf7f85b962057a7,1,200,5455808,122.624,29012.564,188050
1787815317304,9bf2b6df-b71f-4735-ded7-322fbe959fbf,/?crawl=114,0,200,170424,16.767,175.427,971483
1787815288598,5bf49a11-3401-a7a4-7d34-f0e4ab04e2d3,/p/0/8ea7d9918a16880b,2,200,6247375,100.903,28884.146,216291
1787815316673,63a2f736-a599-8f16-6df1-716b89ede193,/p/19/85178b621b2a3e67,3,200,69593,317.202,866.201,80343
1787815317451,1444af44-e257-f0a8-290f-fb91f3b658e2,/p/5/29395bba9b6cc405,1,200,18531,47.433,97.275,190501
1787815316429,d66568bc-db56-b020-ae6e-bd870e82c002,/p/0/4627840a744e9837,7,200,37557,1003.868,1137.814,33008
1787815312085,c5aa0efa-81cb-c472-cc06-ea5a979bd993,/p/0/c7d7bd560abfef95,4,200,2471355,1414.047,5518.289,447848
1787815314830,1cf52f86-b72d-b329-7e9f-ab00fc76d7b0,/p/2/d3685c70a263cb1a,8,200,313857,98.219,2776.882,113025
1787815316906,b65c0c64-3b12-5a25-dd6f-f7450caa3086,/p/0/fcd27ee7048782ad,1,200,24592,206.215,738.428,33303
1787815316916,452971bf-e875-1435-2f47-7f6c6fe20dea,/p/0/dd7ad63ca58ff8f8,7,200,117763,37.858,797.147,147731
1787815316906,b65c0c64-3b12-5a25-dd6f-f7450caa3086,/p/0/fcd27be704877d94,1,200,83328,81.049,820.244,101589
1787815316662,5bf49a11-3401-a7a4-7d34-f0e4ab04e2d3,/p/14/58d19a20a18b14da,4,200,53578,820.064,1114.268,48084
1787815317480,9bf2b6df-b71f-4735-ded7-322fbe959fbf,/p/0/2151082b8b300ce6,1,200,92827,45.248,321.510,288722
1787815284328,d179d41e-b523-39e2-94e1-1eb7aef09fe5,/p/0/1e251530257da2fd,4,200,5813340,146.481,33551.814,173265
1787815313951,c5aa0efa-81cb-c472-cc06-ea5a979bd993,/p/0/7705d026e48d5920,5,200,2390839,641.510,3999.389,597801
1787815316530,f96cf050-1440-7233-cad8-3abef4e2a5ef,/p/0/641f235f69f6c8e9,3,200,412444,116.198,1486.853,277394
1787815316530,f96cf050-1440-7233-cad8-3abef4e2a5ef,/p/3/641f225f69f6c736,3,200,485275,22.748,1498.106,323926
1787815310979,48566d99-8687-1c66-c262-45eb68f9fd83,/p/0/76b8138ba158f5c0,4,200,478830,213.129,7101.016,67431
1787815317480,9bf2b6df-b71f-4735-ded7-322fbe959fbf,/p/0/2151062b8b300980,1,200,266669,17.915,692.407,385134
1787815299626,9faa9546-7464-257f-611f-fdcf1ef233cd,/p/0/d4939762b8ed1bcf,3,200,4120003,468.736,18622.577,221237
1787815312182,7e3c1cd0-0bdb-f00a-7159-a3e2c48d65fc,/p/0/ed01d2c8e40e0bf0,1,200,3534446,81.696,6066.840,582584
1787815317304,e006d3a4-893c-ecdd-0350-87bafabb266c,/?crawl=112,0,200,107274,109.927,991.454,108199
1787815306189,c0c10915-3471-79f2-0f28-e98cd9c13848,/p/0/fbb584b8da99c932,1,200,3393367,245.250,12110.689,280196
1787815311336,0fb30b2c-7f00-9973-50c9-e1a66649e8ac,/p/0/45baeeaed084268,6,200,429184,386.418,7095.596,60486
1787815315181,10282b25-88d2-49b4-dc6b-7ab3b875e9e4,/p/0/5aa939427eba4f29,3,200,162053,260.218,3255.206,49783
1787815313242,fcc71696-59c9-cb76-035c-e8d211ab173b,/p/0/806c2a2678a90569,1,200,411500,385.535,5265.630,78148
1787815318304,4b473034-07dc-a01a-2c10-98e499d69fba,/?crawl=115,0,200,143324,26.468,225.797,634746
1787815313242,fcc71696-59c9-cb76-035c-e8d211ab173b,/p/0/806c282678a90203,1,200,510009,59.944,5351.774,95297
1787815317451,1444af44-e257-f0a8-290f-fb91f3b658e2,/p/0/29395aba9b6cc252,1,200,135316,97.324,1154.428,117215
1787815315609,eb7e981e-236e-e62e-fcbd-039d90b367ca,/p/2/459dccc1d5f91203,7,200,318560,227.868,3103.592,102642
1787815314969,1e46a455-56c8-91fa-0560-77e275a2328b,/p/0/d0a460616b6f98bb,4,200,511063,256.466,3847.755,132821
1787815303241,548a7f9d-41e4-e529-50a4-b4a5553f5aa5,/p/0/ba53e405ef329da8,2,200,521518,731.588,15667.009,33288
1787815312182,7e3c1cd0-0bdb-f00a-7159-a3e2c48d65fc,/p/0/ed01d3c8e40e0da3,1,200,4966127,157.429,6796.061,730736
1787815317451,1444af44-e257-f0a8-290f-fb91f3b658e2,/p/0/293959ba9b6cc09f,1,200,85886,218.151,1563.860,54919
1787815316429,d66568bc-db56-b020-ae6e-bd870e82c002,/p/0/4627850a744e99ea,7,200,247311,1409.091,2616.963,94503
1787815316429,d66568bc-db56-b020-ae6e-bd870e82c002,/p/1/4627860a744e9b9d,7,200,366775,1004.037,2618.696,140060
1787815314781,48566d99-8687-1c66-c262-45eb68f9fd83,/p/0/e8040d3d23e7ef89,5,200,335835,195.459,4316.299,77806
1787815318028,f96cf050-1440-7233-cad8-3abef4e2a5ef,/p/2/7a8d2a20ce411ccc,4,200,289323,122.640,1199.874,241128
1787815316662,5bf49a11-3401-a7a4-7d34-f0e4ab04e2d3,/p/0/58d19b20a18b168d,4,200,347737,820.315,2603.756,133552
1787815309847,dc1bc04f-82e3-aae1-b398-98a3731896a3,/p/2/8abfc7a30bae3756,2,200,3189953,192.438,9422.349,338552
1787815315503,14083928-4f13-aa04-3e54-8c263b088cb1,/p/0/264b2ff7236db45,1,200,364662,52.447,3800.504,95951
1787815313256,3e71326f-e416-3c5e-6236-7bd18a29c656,/p/7/64b577e8b3f2a85c,3,200,394544,2794.275,6095.849,64723
1787815319312,23087d11-f88e-3bd5-56d4-52d133194380,/?crawl=116,0,200,11521,35.566,42.412,271642
1787815317777,5bf49a11-3401-a7a4-7d34-f0e4ab04e2d3,/p/13/a8745d91a32ca938,5,200,137986,760.749,1585.138,87050
1787815316387,10282b25-88d2-49b4-dc6b-7ab3b875e9e4,/p/0/d623f17522339ff7,4,200,141567,364.577,3014.624,46960
1787815317539,63a2f736-a599-8f16-6df1-716b89ede193,/p/0/88d9dff4a70eab97,4,200,62879,310.825,1961.503,32057
1787815314628,eb7e981e-236e-e62e-fcbd-039d90b367ca,/p/0/f259bb3d657b3794,6,200,325183,175.651,5004.355,64980
1787815316336,1cf52f86-b72d-b329-7e9f-ab00fc76d7b0,/p/0/d3685a70a263c7b4,8,200,318683,97.534,3327.627,95769
1787815316916,452971bf-e875-1435-2f47-7f6c6fe20dea,/p/0/dd7ad93ca58ffe11,7,200,381090,196.588,2885.516,132070
1787815314831,dac67aa3-6e0a-202f-e278-dd7cbc66cb98,/p/0/ae0c2e42882def33,1,200,428723,212.112,4998.675,85767
1787815317777,5bf49a11-3401-a7a4-7d34-f0e4ab04e2d3,/p/0/a8745e91a32caaeb,5,200,121546,760.678,2076.536,58533
1787815315503,14083928-4f13-aa04-3e54-8c263b088cb1,/p/0/264afff7236d62c,1,200,413449,263.394,4417.717,93589
1787815317776,5bf49a11-3401-a7a4-7d34-f0e4ab04e2d3,/p/0/a8745f91a32cac9e,5,200,123367,869.012,2146.938,57462
1787815284613,8cb74705-6b91-38bf-1a7e-0901efe0c132,/p/0/bf70d615b4b56429,2,200,6266385,142.126,35379.516,177119
1787815318028,f96cf050-1440-7233-cad8-3abef4e2a5ef,/p/0/7a8d2c20ce412032,4,200,366469,23.907,2013.598,181997
1787815319270,dc1bc04f-82e3-aae1-b398-98a3731896a3,/p/1/8b74b4a71f461495,3,200,207897,34.787,802.486,259066
1787815317400,5dc1e98b-e944-26bb-e977-30c41b3bf4a0,/p/8/6efa5ba1dd9be1cc,1,200,133658,387.127,2705.387,49404
1787815317607,1cf52f86-b72d-b329-7e9f-ab00fc76d7b0,/p/1/f6beffd120e929da,9,200,414267,97.485,2676.722,154767
1787815319228,f96cf050-1440-7233-cad8-3abef4e2a5ef,/p/1/e532ece8c98cfcd7,5,200,151739,464.708,1067.572,142135
1787815319097,48566d99-8687-1c66-c262-45eb68f9fd83,/p/0/b3978f4b0003cf51,6,200,174649,225.541,1222.102,142909
1787815319270,dc1bc04f-82e3-aae1-b398-98a3731896a3,/p/0/8b74b2a71f46112f,3,200,149355,177.015,1172.483,127384
1787815268369,331385a9-7318-219a-59f0-3ebce55bbba8,/p/0/1bcb4bac9ad28ae9,1,200,4033608,42.203,52196.766,77277
1787815317400,5dc1e98b-e944-26bb-e977-30c41b3bf4a0,/p/0/6efa5da1dd9be532,1,200,221625,212.978,3377.986,65609
1787815319362,5bf49a11-3401-a7a4-7d34-f0e4ab04e2d3,/p/0/8a4f280d9a63aa76,6,200,166188,227.891,1510.410,110028
1787815319048,d66568bc-db56-b020-ae6e-bd870e82c002,/p/0/bcc7650ba7923782,8,200,84285,963.877,1884.789,44719
1787815317549,1444af44-e257-f0a8-290f-fb91f3b658e2,/p/0/7a7fb0964b3247ea,2,200,139665,308.570,3523.416,39639
1787815315470,48566d99-8687-1c66-c262-45eb68f9fd83,/p/0/e8040a3d23e7ea70,5,200,425433,171.811,5764.005,73809
1787815314831,dac67aa3-6e0a-202f-e278-dd7cbc66cb98,/p/0/ae0c2f42882df0e6,1,200,500908,41.107,6580.899,76115
1787815289092,108c8b66-9697-13f3-c04b-5ad9afcac289,/p/0/917798234a71c64e,3,200,2948675,416.795,32321.174,91230
1787815319362,5bf49a11-3401-a7a4-7d34-f0e4ab04e2d3,/p/12/8a4f260d9a63a710,6,200,251528,227.676,2098.285,119873
1787815320284,1cf52f86-b72d-b329-7e9f-ab00fc76d7b0,/p/0/f6befdd120e92674,9,200,99866,169.663,1184.723,84295
1787815316673,63a2f736-a599-8f16-6df1-716b89ede193,/p/0/85178a621b2a3cb4,3,200,384986,244.212,4823.690,79812
1787815317549,1444af44-e257-f0a8-290f-fb91f3b658e2,/p/0/7a7faf964b324637,2,200,346074,358.098,3973.977,87085
1787815320304,0c39296c-9d09-a3b9-cfb4-8e11142eafe6,/?crawl=117,0,200,468071,43.063,1343.618,348366
1787815286471,1cf52f86-b72d-b329-7e9f-ab00fc76d7b0,/p/0/7933a5c80ad18438,4,200,5510856,110.183,35370.388,155804
1787815310041,8992b43b-4174-a0c1-16dc-9bd47c511dd8,/p/0/9c28e54a43d218ad,1,200,197803,385.537,11813.296,16744
1787815296742,d23f0858-b1f7-bef1-1fdf-a9606a32322a,/p/0/1c156f2535b5392c,7,200,3833574,940.204,25141.905,152477
1787815314628,eb7e981e-236e-e62e-fcbd-039d90b367ca,/p/0/f259be3d657b3cad,6,200,374751,192.876,7266.874,51570
1787815318296,e006d3a4-893c-ecdd-0350-87bafabb266c,/p/13/95cf065d06d1cdf2,1,200,160816,213.098,3684.755,43644
1787815319362,5bf49a11-3401-a7a4-7d34-f0e4ab04e2d3,/p/0/8a4f270d9a63a8c3,6,200,487220,144.118,2740.038,177815
1787815310304,0259e658-774f-d392-9487-017f5735e0f8,/?crawl=104,0,200,4346628,39.294,11901.676,365211
1787815320105,5dc1e98b-e944-26bb-e977-30c41b3bf4a0,/p/0/f2d08b96f08b5eb3,2,200,23755,566.333,2138.971,11106
1787815321304,a55038e8-f907-c643-c309-eef4df21ca8a,/?crawl=118,0,200,334276,48.961,1109.353,301325
1787815317480,9bf2b6df-b71f-4735-ded7-322fbe959fbf,/p/0/2151072b8b300b33,1,200,4317620,70.972,5045.108,855803
1787815286471,1cf52f86-b72d-b329-7e9f-ab00fc76d7b0,/p/0/7933a8c80ad18951,4,200,5769477,129.764,36127.936,159696
1787815319228,f96cf050-1440-7233-cad8-3abef4e2a5ef,/p/0/e532ebe8c98cfb24,5,200,411766,283.866,3407.276,120849
1787815318712,eb7e981e-236e-e62e-fcbd-039d90b367ca,/p/1/7c20d3bec0731945,8,200,263436,281.534,4041.363,65185
1787815321841,1cf52f86-b72d-b329-7e9f-ab00fc76d7b0,/p/0/ca8a56ad50ec95e1,10,200,75653,99.488,1082.584,69882
1787815321460,5bf49a11-3401-a7a4-7d34-f0e4ab04e2d3,/p/0/f23364f5078b4fd0,7,200,269053,164.219,1611.360,166973
1787815318080,48566d99-8687-1c66-c262-45eb68f9fd83,/p/1/b3978e4b0003cd9e,6,200,482630,155.821,5003.678,96455
1787815315171,dac67aa3-6e0a-202f-e278-dd7cbc66cb98,/p/0/993a1ea75f6afb02,2,200,500450,208.952,8094.155,61829
1787815323304,48aed0f1-d51c-f9ee-d3dc-d8ab6c4698fb,/?crawl=121,0,200,24733,47.695,94.702,261166
1787815317400,5dc1e98b-e944-26bb-e977-30c41b3bf4a0,/p/0/6efa5ca1dd9be37f,1,200,384254,70.096,6090.672,63089
1787815322326,e433120d-9660-b149-3ae2-ab6d26b5c37e,/?crawl=119,0,200,451105,139.002,1283.417,351488
1787815263975,0749ca82-1e65-8f0a-ba8a-b79b9d25deac,/p/0/a0c122534132ae4b,2,200,3030184,393.027,59703.643,50754
1787815323610,e433120d-9660-b149-3ae2-ab6d26b5c37e,/p/0/9db75dec170e8bdd,1,200,21108,40.795,80.707,261539
1787815317539,63a2f736-a599-8f16-6df1-716b89ede193,/p/18/88d9e1f4a70eaefd,4,200,440472,233.097,6239.870,70590
1787815322207,0259e658-774f-d392-9487-017f5735e0f8,/p/0/a740d1e1a1deec76,1,200,138889,167.211,1584.046,87680
1787815322414,a55038e8-f907-c643-c309-eef4df21ca8a,/p/0/a4d088e827395ca,1,200,208306,194.513,1413.541,147365
1787815321468,1cf52f86-b72d-b329-7e9f-ab00fc76d7b0,/p/0/ca8a55ad50ec942e,10,200,247301,153.366,2498.904,98964
1787815323304,e4c8a592-ef20-dddc-e06d-c3bb2884d28d,/?crawl=122,0,200,386080,32.791,785.396,491574
1787815319270,dc1bc04f-82e3-aae1-b398-98a3731896a3,/p/0/8b74b3a71f4612e2,3,200,307316,86.810,4972.219,61807
1787815322318,86ebf542-ef38-601a-6982-dd2a1767e854,/?crawl=120,0,200,521281,134.096,1983.703,262782
1787815319632,eb7e981e-236e-e62e-fcbd-039d90b367ca,/p/0/7c20d2bec0731792,8,200,255530,837.075,4796.340,53276
1787815320072,dc1bc04f-82e3-aae1-b398-98a3731896a3,/p/0/510bc6c398c7e2d8,4,200,433414,299.700,4362.653,99346
1787815320072,dc1bc04f-82e3-aae1-b398-98a3731896a3,/p/0/510bc9c398c7e7f1,4,200,406476,283.831,4398.353,92415
1787815321648,0c39296c-9d09-a3b9-cfb4-8e11142eafe6,/p/0/db9005444900ea06,1,200,260535,39.594,2835.045,91898
1787815322206,0259e658-774f-d392-9487-017f5735e0f8,/p/0/a740d0e1a1deeac3,1,200,444825,267.333,2518.880,176596
1787815307026,19626a39-cfe2-b4f2-9bee-f6b505059680,/p/0/dfff0fff435fc24d,4,200,6085875,96.748,17887.410,340232
1787815323399,48aed0f1-d51c-f9ee-d3dc-d8ab6c4698fb,/p/0/6d5f6e668d0d9d1a,1,200,188477,47.942,1514.742,124428
1787815312368,19626a39-cfe2-b4f2-9bee-f6b505059680,/p/6/8cc8b306290d7fe0,6,200,5895051,135.822,12637.269,466481
1787815320296,f96cf050-1440-7233-cad8-3abef4e2a5ef,/p/0/ca9fd995a60e0acf,6,200,493691,114.597,4755.112,103823
1787815324090,e4c8a592-ef20-dddc-e06d-c3bb2884d28d,/p/5/279e6c7f4ade7bed,1,200,139585,132.933,972.333,143557
1787815325006,19626a39-cfe2-b4f2-9bee-f6b505059680,/p/0/3bfab4bcc03e34f4,7,200,92868,4.198,108.116,858969
1787815322414,a55038e8-f907-c643-c309-eef4df21ca8a,/p/0/a4d068e82739264,1,200,375973,115.086,2953.343,127304
1787815314995,d23f0858-b1f7-bef1-1fdf-a9606a32322a,/p/0/45a48d0ccb66e45e,9,200,494430,702.267,10447.215,47326
1787815313205,fe9f5242-1dee-d8c5-2769-78aba5955fb8,/p/7/9dcdf5ded2bfa0c,6,200,2122993,195.763,12290.309,172737
1787815322599,1cf52f86-b72d-b329-7e9f-ab00fc76d7b0,/p/0/ca8a53ad50ec90c8,10,200,447741,362.236,2903.059,154231
1787815282751,331385a9-7318-219a-59f0-3ebce55bbba8,/p/0/324a6870f63f3c79,4,200,3698437,246.946,42755.736,86502
1787815325304,8b7b632e-92c1-abff-df12-ea19e08d1599,/?crawl=123,0,200,448689,15.291,333.889,1343825
1787815323083,48566d99-8687-1c66-c262-45eb68f9fd83,/p/0/dc5dadcf7f2506ff,7,200,228108,241.435,2703.803,84366
1787815321648,0c39296c-9d09-a3b9-cfb4-8e11142eafe6,/p/0/db9004444900e853,1,200,518936,39.702,4146.537,125149
1787815323610,e433120d-9660-b149-3ae2-ab6d26b5c37e,/p/1/9db75bec170e8877,1,200,409276,185.554,2279.871,179517
1787815314912,c5aa0efa-81cb-c472-cc06-ea5a979bd993,/p/0/d4f65722f63380f2,6,200,4391074,1288.007,10999.154,399219
1787815286177,fc97bfa7-235d-3fc5-1122-8ebed5c0cde0,/p/6/3be44f87af198cae,1,200,3573252,265.145,39847.971,89672
1787815325638,8b7b632e-92c1-abff-df12-ea19e08d1599,/p/0/94341521b6438274,1,200,207063,11.169,437.821,472940
1787815325638,8b7b632e-92c1-abff-df12-ea19e08d1599,/p/0/94341821b643878d,1,200,251242,57.485,587.528,427626
1787815323779,63a2f736-a599-8f16-6df1-716b89ede193,/p/0/fbf7f98e0375b60a,5,200,144335,224.752,2468.331,58475
1787815325638,8b7b632e-92c1-abff-df12-ea19e08d1599,/p/1/94341721b64385da,1,200,468388,57.518,683.442,685337
1787815268369,331385a9-7318-219a-59f0-3ebce55bbba8,/p/0/1bcb48ac9ad285d0,1,200,4788856,126.294,58019.683,82538
1787815323399,48aed0f1-d51c-f9ee-d3dc-d8ab6c4698fb,/p/0/6d5f6c668d0d99b4,1,200,421327,142.253,3023.481,139352
1787815315181,10282b25-88d2-49b4-dc6b-7ab3b875e9e4,/p/0/5aa936427eba4a10,3,200,241838,260.168,11268.018,21462
1787815313543,10282b25-88d2-49b4-dc6b-7ab3b875e9e4,/p/0/86e7123ae6ec22a1,2,200,348697,318.307,12906.810,27017
1787815312593,10282b25-88d2-49b4-dc6b-7ab3b875e9e4,/p/0/13d67b840d43f4b0,1,200,400759,268.362,13884.523,28864
1787815318436,10282b25-88d2-49b4-dc6b-7ab3b875e9e4,/p/0/d623f2752233a1aa,4,200,409592,347.916,8044.044,50919
1787815308270,ab20e2c6-17bf-e321-abcd-e30c10aef1f9,/p/8/417682a01cc8e393,1,200,444057,1476.007,18210.645,24384
1787815320105,5dc1e98b-e944-26bb-e977-30c41b3bf4a0,/p/7/f2d08d96f08b6219,2,200,519409,600.807,6395.537,81214
1787815326322,8b7b632e-92c1-abff-df12-ea19e08d1599,/p/0/195b757c4f948510,2,200,110152,14.662,258.277,426488
1787815326322,8b7b632e-92c1-abff-df12-ea19e08d1599,/p/0/195b767c4f9486c3,2,200,131167,27.401,268.626,488288
1787815292304,0bc6c343-fd5b-3b3e-37e3-d1d8563349f9,/?crawl=74,0,200,6269328,77.078,34383.771,182334
1787815315503,14083928-4f13-aa04-3e54-8c263b088cb1,/p/7/264b0ff7236d7df,1,200,2163965,263.426,11203.433,193152
1787815282920,e0d036c2-b593-f2f7-d9b7-9fae6a22b46f,/p/0/9fad20e20bb1846e,2,200,5112126,360.700,43820.479,116661
1787815326322,8b7b632e-92c1-abff-df12-ea19e08d1599,/p/0/195b777c4f948876,2,200,346332,20.547,434.753,796618
1787815319352,3e71326f-e416-3c5e-6236-7bd18a29c656,/p/6/15e6c5c0c6179f82,4,200,266181,413.006,7407.221,35935
1787815325062,e4c8a592-ef20-dddc-e06d-c3bb2884d28d,/p/0/d6bc51d282368f7f,2,200,168689,185.992,1715.023,98360
1787815324302,86ebf542-ef38-601a-6982-dd2a1767e854,/p/0/c9c0c421a88e14,1,200,195902,319.949,2593.794,75527
1787815310840,0583420b-7232-d146-2f4b-1142cd2b8778,/p/0/a24980bf8ad32315,5,200,3839385,161.137,16081.159,238751
1787815324090,e4c8a592-ef20-dddc-e06d-c3bb2884d28d,/p/0/279e6a7f4ade7887,1,200,462832,28.965,2863.380,161638
1787815324090,e4c8a592-ef20-dddc-e06d-c3bb2884d28d,/p/0/279e6b7f4ade7a3a,1,200,329843,118.345,2904.788,113551
1787815310415,d74fc138-801b-2556-1caa-0b8c6881304b,/p/0/617fd0fa5fafccfc,1,200,6060773,198.248,16586.928,365395
1787815325062,e4c8a592-ef20-dddc-e06d-c3bb2884d28d,/p/0/d6bc52d282369132,2,200,233147,185.877,2047.494,113869
1787815268932,0749ca82-1e65-8f0a-ba8a-b79b9d25deac,/p/0/15e120a3b744dd56,4,200,2918848,346.943,58252.034,50107
1787815306418,5da666f7-3930-edb3-8a37-ce435aa8f714,/p/3/eae79de7711d1257,2,200,2644661,287.472,21154.614,125016
1787815325006,19626a39-cfe2-b4f2-9bee-f6b505059680,/p/5/3bfab5bcc03e36a7,7,200,261144,3.045,2571.167,101566
1787815326025,fc97bfa7-235d-3fc5-1122-8ebed5c0cde0,/p/5/671bff86e08a3a0,2,200,74675,598.171,1614.791,46244
1787815315533,d66568bc-db56-b020-ae6e-bd870e82c002,/p/0/580b922eb3f700f0,5,200,5149479,393.685,12237.892,420782
1787815293849,6f0efafe-e89d-5630-efce-78caa6d5edb0,/p/0/c1d41b3dc5c86fa4,1,200,4158169,93.008,33943.412,122503
1787815282920,e0d036c2-b593-f2f7-d9b7-9fae6a22b46f,/p/0/9fad1fe20bb182bb,2,200,5854688,569.897,44898.117,130399
1787815319352,3e71326f-e416-3c5e-6236-7bd18a29c656,/p/0/15e6c6c0c617a135,4,200,302978,594.138,8697.293,34836
1787815323084,48566d99-8687-1c66-c262-45eb68f9fd83,/p/0/dc5daccf7f25054c,7,200,456895,153.979,5111.902,89379
1787815321895,eb7e981e-236e-e62e-fcbd-039d90b367ca,/p/0/7c20d1bec07315df,8,200,351347,252.477,6333.419,55475
1787815324302,86ebf542-ef38-601a-6982-dd2a1767e854,/p/0/c9c1c421a88fc7,1,200,483892,53.731,3940.736,122792
1787815325890,e433120d-9660-b149-3ae2-ab6d26b5c37e,/p/0/a14a6116b213e016,2,200,239883,226.737,2377.979,100877
1787815301190,9be8c8ed-4ea5-2062-ff35-3b8a81f1f7ed,/p/0/b300b8b120157f9,4,200,6119461,27.083,27175.254,225185
1787815323779,63a2f736-a599-8f16-6df1-716b89ede193,/p/17/fbf7f78e0375b2a4,5,200,342806,185.347,4617.862,74235
1787815327577,19626a39-cfe2-b4f2-9bee-f6b505059680,/p/0/e87f538e0fa666a8,8,200,36526,283.876,823.930,44331
1787815305313,5da666f7-3930-edb3-8a37-ce435aa8f714,/p/0/898da2fe01856194,1,200,4381179,160.786,23194.734,188887
1787815327577,19626a39-cfe2-b4f2-9bee-f6b505059680,/p/0/e87f568e0fa66bc1,8,200,178363,331.546,1164.055,153226
1787815317549,1444af44-e257-f0a8-290f-fb91f3b658e2,/p/4/7a7fb1964b32499d,2,200,2548272,357.792,11264.681,226218
1787815325787,48566d99-8687-1c66-c262-45eb68f9fd83,/p/0/dc5daecf7f2508b2,7,200,261251,142.666,3274.138,79792
1787815310447,fff1ea97-b6b4-3164-10bb-35abbc98d713,/p/8/ec530da525493399,5,200,3343264,180.302,18614.365,179607
1787815308272,df4ac379-8e22-4164-6bfd-c5879d5cd9b5,/p/0/8bcb70de09de16a4,2,200,2633870,347.659,20921.918,125890
1787815327577,19626a39-cfe2-b4f2-9bee-f6b505059680,/p/4/e87f558e0fa66a0e,8,200,432578,283.776,1647.360,262589
1787815326706,14083928-4f13-aa04-3e54-8c263b088cb1,/p/0/2402e8f8119127f3,2,200,197951,133.276,2525.990,78366
1787815322754,eb7e981e-236e-e62e-fcbd-039d90b367ca,/p/0/793b0ece8732a24e,9,200,456217,290.288,6540.142,69756
1787815328397,63a2f736-a599-8f16-6df1-716b89ede193,/p/0/40564d3f3cc81913,6,200,90978,234.487,927.755,98063
1787815326501,5dc1e98b-e944-26bb-e977-30c41b3bf4a0,/p/0/3a392f142dba366b,3,200,225651,354.293,2871.639,78579
1787815309653,09982139-5e76-f214-cc24-4e66c50bbb4e,/p/0/a389ffcc75606f09,6,200,5418504,1048.071,19778.062,273965
1787815326501,5dc1e98b-e944-26bb-e977-30c41b3bf4a0,/p/0/3a3930142dba381e,3,200,195310,389.446,2931.109,66633
1787815321460,5bf49a11-3401-a7a4-7d34-f0e4ab04e2d3,/p/0/f23367f5078b54e9,7,200,2330934,155.039,8018.907,290680
1787815323399,48aed0f1-d51c-f9ee-d3dc-d8ab6c4698fb,/p/0/6d5f6d668d0d9b67,1,200,2690811,305.158,6223.617,432355
1787815319352,3e71326f-e416-3c5e-6236-7bd18a29c656,/p/0/15e6c3c0c6179c1c,4,200,393417,413.128,10341.877,38041
1787815326706,14083928-4f13-aa04-3e54-8c263b088cb1,/p/0/2402e9f8119129a6,2,200,273593,53.693,3008.537,90939
1787815327573,5da666f7-3930-edb3-8a37-ce435aa8f714,/p/0/715063b24f1468de,3,200,206230,937.542,2166.228,95202
1787815327573,5da666f7-3930-edb3-8a37-ce435aa8f714,/p/2/715064b24f146a91,3,200,413002,935.520,2166.661,190617
1787815289654,e0d036c2-b593-f2f7-d9b7-9fae6a22b46f,/p/0/2d7d67403e81f9a,3,200,5732257,691.207,40104.612,142933
1787815308778,0583420b-7232-d146-2f4b-1142cd2b8778,/p/1/a2497ebf8ad31faf,5,200,5973316,156.741,21008.939,284323
1787815329224,19626a39-cfe2-b4f2-9bee-f6b505059680,/p/0/bee7f24d0677c7ee,9,200,61709,114.177,599.910,102864
1787815326481,ab20e2c6-17bf-e321-abcd-e30c10aef1f9,/p/0/758ed841e240778f,2,200,26282,1412.347,3354.975,7834
1787815277225,331385a9-7318-219a-59f0-3ebce55bbba8,/p/0/e563c447388ae653,3,200,5243346,244.499,52751.036,99398
1787815283282,108c8b66-9697-13f3-c04b-5ad9afcac289,/p/0/d4e70928db693b08,1,200,5576578,87.109,46822.850,119099
1787815323779,63a2f736-a599-8f16-6df1-716b89ede193,/p/0/fbf7f88e0375b457,5,200,401437,204.845,6542.823,61355
1787815311614,df4ac379-8e22-4164-6bfd-c5879d5cd9b5,/p/0/9afb5876d1d43001,3,200,2736109,319.183,18712.150,146221
1787815329224,19626a39-cfe2-b4f2-9bee-f6b505059680,/p/0/bee7f14d0677c63b,9,200,221633,146.534,1147.088,193214
1787815329224,19626a39-cfe2-b4f2-9bee-f6b505059680,/p/3/bee7f34d0677c9a1,9,200,474482,95.054,1706.211,278091
1787815321460,5bf49a11-3401-a7a4-7d34-f0e4ab04e2d3,/p/11/f23365f5078b5183,7,200,2640734,146.159,9548.063,276573
1787815307468,48566d99-8687-1c66-c262-45eb68f9fd83,/p/0/8916c8c8ba634935,3,200,2219867,177.028,23654.759,93844
1787815318296,e006d3a4-893c-ecdd-0350-87bafabb266c,/p/0/95cf045d06d1ca8c,1,200,444621,154.642,12878.370,34525
1787815328813,1444af44-e257-f0a8-290f-fb91f3b658e2,/p/0/e815b9c5050f4142,3,200,364145,47.025,2387.975,152491
1787815330931,19626a39-cfe2-b4f2-9bee-f6b505059680,/p/0/932d7c276074010f,10,200,58430,127.726,326.124,179165
1787815329787,0583420b-7232-d146-2f4b-1142cd2b8778,/p/0/6e9ebe37e07c354b,6,200,225813,126.944,1482.253,152344
1787815319663,1cf52f86-b72d-b329-7e9f-ab00fc76d7b0,/p/0/f6bf00d120e92b8d,9,200,2804339,125.118,11670.832,240286
1787815293849,6f0efafe-e89d-5630-efce-78caa6d5edb0,/p/2/c1d41c3dc5c87157,1,200,4674297,213.525,37532.278,124541
1787815308760,3e71326f-e416-3c5e-6236-7bd18a29c656,/p/0/2a728203140c6ac4,1,200,2804282,430.556,22622.068,123962
1787815326759,3e71326f-e416-3c5e-6236-7bd18a29c656,/p/0/20bbb1bceaeecc48,5,200,189242,713.526,4690.137,40349
1787815325890,e433120d-9660-b149-3ae2-ab6d26b5c37e,/p/0/a14a6216b213e1c9,2,200,513892,247.487,5600.085,91765
1787815329787,0583420b-7232-d146-2f4b-1142cd2b8778,/p/0/6e9ebd37e07c3398,6,200,238919,30.814,1813.455,131748
1787815327640,fc97bfa7-235d-3fc5-1122-8ebed5c0cde0,/p/4/3567c9b8d3cb6206,3,200,203460,449.761,3998.112,50889
1787815327640,fc97bfa7-235d-3fc5-1122-8ebed5c0cde0,/p/0/3567cab8d3cb63b9,3,200,279366,449.753,3998.987,69859
1787815331381,6f0efafe-e89d-5630-efce-78caa6d5edb0,/p/0/8d9e9741b1651832,2,200,35533,208.509,420.057,84591
1787815331008,5bf49a11-3401-a7a4-7d34-f0e4ab04e2d3,/p/0/23317fa69ae23ae0,8,200,106968,99.363,854.910,125122
1787815329324,63a2f736-a599-8f16-6df1-716b89ede193,/p/0/40564e3f3cc81ac6,6,200,275737,293.065,2567.572,107392
1787815316916,452971bf-e875-1435-2f47-7f6c6fe20dea,/p/2/dd7ad73ca58ffaab,7,200,4894050,37.876,15047.674,325236
1787815297542,0cac6aae-1489-56e0-7461-86608a6b60d9,/p/0/70a15983998d8aa8,4,200,3600180,523.446,34432.434,104558
1787815329787,0583420b-7232-d146-2f4b-1142cd2b8778,/p/0/6e9ebf37e07c36fe,6,200,474797,57.121,2190.525,216750
1787815331008,5bf49a11-3401-a7a4-7d34-f0e4ab04e2d3,/p/0/233182a69ae23ff9,8,200,231237,90.367,1153.796,200414
1787815311614,df4ac379-8e22-4164-6bfd-c5879d5cd9b5,/p/3/9afb5676d1d42c9b,3,200,5368101,268.136,20548.885,261236
1787815320106,5dc1e98b-e944-26bb-e977-30c41b3bf4a0,/p/0/f2d08c96f08b6066,2,200,2973462,742.799,12093.284,245877
1787815331964,452971bf-e875-1435-2f47-7f6c6fe20dea,/p/0/7d4cd78f775d0642,8,200,76233,38.440,244.297,312050
1787815266090,0749ca82-1e65-8f0a-ba8a-b79b9d25deac,/p/0/fff7c8fdfee5aad4,3,200,5750140,357.950,66196.191,86865
1787815331008,5bf49a11-3401-a7a4-7d34-f0e4ab04e2d3,/p/10/233180a69ae23c93,8,200,265450,117.449,1285.957,206422
1787815316662,5bf49a11-3401-a7a4-7d34-f0e4ab04e2d3,/p/0/58d19820a18b1174,4,200,3603197,820.477,15650.810,230224
1787815327640,fc97bfa7-235d-3fc5-1122-8ebed5c0cde0,/p/0/3567c7b8d3cb5ea0,3,200,422147,637.154,4720.130,89435
1787815328813,1444af44-e257-f0a8-290f-fb91f3b658e2,/p/3/e815bac5050f42f5,3,200,379228,256.688,3548.858,106859
1787815298007,d23f0858-b1f7-bef1-1fdf-a9606a32322a,/p/0/d720b29c4159d6d1,8,200,3022106,740.584,34405.449,87838
1787815322207,0259e658-774f-d392-9487-017f5735e0f8,/p/4/a740d2e1a1deee29,1,200,3305483,167.514,10276.804,321645
1787815325495,fe9f5242-1dee-d8c5-2769-78aba5955fb8,/p/0/e047304baf346d43,7,200,509173,216.064,7025.493,72475
1787815330931,19626a39-cfe2-b4f2-9bee-f6b505059680,/p/2/932d7b276073ff5c,10,200,355607,96.351,1590.815,223538
1787815331639,fc97bfa7-235d-3fc5-1122-8ebed5c0cde0,/p/0/b3c07f2686a9677,4,200,50772,1053.773,1054.258,48159
1787815332521,19626a39-cfe2-b4f2-9bee-f6b505059680,/p/0/fb17800061dcb1fe,11,200,64158,96.350,328.226,195469
1787815308542,1cf52f86-b72d-b329-7e9f-ab00fc76d7b0,/p/0/660b105b1075bbc8,6,200,4404607,100.795,24357.718,180830
1787815268357,0749ca82-1e65-8f0a-ba8a-b79b9d25deac,/p/12/15e11ea3b744d9f0,4,200,5463121,594.575,64576.818,84599
1787815328813,1444af44-e257-f0a8-290f-fb91f3b658e2,/p/0/e815b8c5050f3f8f,3,200,471012,256.748,4212.901,111802
1787815310447,fff1ea97-b6b4-3164-10bb-35abbc98d713,/p/0/ec530ba525493033,5,200,5531070,197.977,22643.698,244265
1787815329062,fff1ea97-b6b4-3164-10bb-35abbc98d713,/p/0/7efa1af38f49d514,6,200,111747,4030.603,4032.356,27713
1787815329061,fff1ea97-b6b4-3164-10bb-35abbc98d713,/p/0/7efa1df38f49da2d,6,200,306824,4030.153,4043.259,75885
1787815314969,1e46a455-56c8-91fa-0560-77e275a2328b,/p/15/d0a462616b6f9c21,4,200,4703804,256.408,18150.226,259160
1787815333120,1e46a455-56c8-91fa-0560-77e275a2328b,/p/14/c9660203b51f301c,5,200,20891,46.741,91.689,227846
1787815312965,1cf52f86-b72d-b329-7e9f-ab00fc76d7b0,/p/0/8e4812b6dbace200,7,200,4423420,101.038,20312.360,217770
1787815328049,3e71326f-e416-3c5e-6236-7bd18a29c656,/p/0/20bbb4bceaeed161,5,200,270870,617.488,5250.126,51593
1787815332294,5bf49a11-3401-a7a4-7d34-f0e4ab04e2d3,/p/0/e4c6b2b76ecce240,9,200,337160,27.782,1008.868,334196
1787815331638,fc97bfa7-235d-3fc5-1122-8ebed5c0cde0,/p/3/b3c06f2686a94c4,4,200,205543,1054.443,1740.463,118097
1787815332484,0259e658-774f-d392-9487-017f5735e0f8,/p/0/f7f3ecf4e9782117,2,200,163863,37.217,920.432,178028
1787815332484,0259e658-774f-d392-9487-017f5735e0f8,/p/0/f7f3edf4e97822ca,2,200,102267,247.892,1037.111,98608
1787815326481,ab20e2c6-17bf-e321-abcd-e30c10aef1f9,/p/0/758ed941e2407942,2,200,93433,1276.693,7050.658,13252
1787815331964,452971bf-e875-1435-2f47-7f6c6fe20dea,/p/1/7d4cd58f775d02dc,8,200,311508,206.307,1644.452,189430
1787815326759,3e71326f-e416-3c5e-6236-7bd18a29c656,/p/5/20bbb2bceaeecdfb,5,200,380346,412.806,6881.506,55271
1787815328397,63a2f736-a599-8f16-6df1-716b89ede193,/p/16/40564c3f3cc81760,6,200,387537,234.376,5267.533,73571
1787815332294,5bf49a11-3401-a7a4-7d34-f0e4ab04e2d3,/p/9/e4c6b3b76ecce3f3,9,200,439795,19.035,1378.559,319025
1787815332294,5bf49a11-3401-a7a4-7d34-f0e4ab04e2d3,/p/0/e4c6b5b76ecce759,9,200,427485,37.139,1460.093,292779
1787815324302,86ebf542-ef38-601a-6982-dd2a1767e854,/p/0/c9c3c421a8932d,1,200,6027097,53.642,9483.435,635539
1787815332484,0259e658-774f-d392-9487-017f5735e0f8,/p/3/f7f3eef4e978247d,2,200,255364,191.156,1396.394,182874
1787815333673,5bf49a11-3401-a7a4-7d34-f0e4ab04e2d3,/p/0/9991df599b0e8181,10,200,66801,90.108,257.289,259634
1787815332521,19626a39-cfe2-b4f2-9bee-f6b505059680,/p/0/fb177f0061dcb04b,11,200,331002,145.608,1459.755,226752
1787815315171,dac67aa3-6e0a-202f-e278-dd7cbc66cb98,/p/1/993a1fa75f6afcb5,2,200,4963945,246.344,18814.594,263835
1787815320072,dc1bc04f-82e3-aae1-b398-98a3731896a3,/p/0/510bc7c398c7e48b,4,200,4354734,283.611,14019.081,310629
1787815332304,44fb2a9d-e797-8d90-5530-e491304695c9,/?crawl=125,0,200,399349,68.435,1791.491,222914
1787815331381,6f0efafe-e89d-5630-efce-78caa6d5edb0,/p/1/8d9e9841b16519e5,2,200,2962942,59.297,2759.684,1073653
1787815333379,fc97bfa7-235d-3fc5-1122-8ebed5c0cde0,/p/2/b036659e676728f7,5,200,438973,380.321,840.816,522080
1787815333379,fc97bfa7-235d-3fc5-1122-8ebed5c0cde0,/p/0/b036649e67672744,5,200,229856,380.518,840.960,273326
1787815329740,5da666f7-3930-edb3-8a37-ce435aa8f714,/p/0/ac08596cecba8da1,4,200,102595,3284.163,4706.439,21799
1787815321981,e006d3a4-893c-ecdd-0350-87bafabb266c,/p/12/48bea53d8c0801dd,2,200,456084,449.700,12469.169,36577
1787815331381,6f0efafe-e89d-5630-efce-78caa6d5edb0,/p/0/8d9e9641b165167f,2,200,3237991,298.990,3086.872,1048955
1787815333673,5bf49a11-3401-a7a4-7d34-f0e4ab04e2d3,/p/8/9991de599b0e7fce,10,200,308128,81.515,799.114,385587
1787815315171,dac67aa3-6e0a-202f-e278-dd7cbc66cb98,/p/0/993a1da75f6af94f,2,200,6163517,208.898,19379.707,318040
1787815333664,63a2f736-a599-8f16-6df1-716b89ede193,/p/15/9ee0a4f954883e9e,7,200,70755,185.438,911.833,77596
1787815310041,8992b43b-4174-a0c1-16dc-9bd47c511dd8,/p/0/9c28e24a43d21394,1,200,484523,1993.294,24772.051,19559
1787815334096,44fb2a9d-e797-8d90-5530-e491304695c9,/p/0/1fb617f03aa1c31b,1,200,80267,64.654,757.686,105937
1787815286177,fc97bfa7-235d-3fc5-1122-8ebed5c0cde0,/p/0/3be44d87af198948,1,200,6217381,74.749,48686.272,127703
1787815326026,fc97bfa7-235d-3fc5-1122-8ebed5c0cde0,/p/0/671c0f86e08a553,2,200,2815428,448.898,8848.066,318197
1787815333986,dac67aa3-6e0a-202f-e278-dd7cbc66cb98,/p/0/52bc05294c2511d4,3,200,75107,520.652,910.448,82495
1787815329740,5da666f7-3930-edb3-8a37-ce435aa8f714,/p/0/ac08566cecba8888,4,200,254397,3284.751,5231.110,48632
1787815334141,6f0efafe-e89d-5630-efce-78caa6d5edb0,/p/0/cac379b520043f3d,3,200,118845,327.827,952.804,124732
1787815334141,6f0efafe-e89d-5630-efce-78caa6d5edb0,/p/0/cac376b520043a24,3,200,487078,327.140,965.418,504525
1787815326501,5dc1e98b-e944-26bb-e977-30c41b3bf4a0,/p/6/3a3931142dba39d1,3,200,2636384,389.478,8670.951,304048
1787815327304,f9ac92eb-1252-5f06-7cc4-1f45fa8220a1,/?crawl=124,0,200,4485429,29.439,7881.800,569087
1787815333673,5bf49a11-3401-a7a4-7d34-f0e4ab04e2d3,/p/0/9991dc599b0e7c68,10,200,409159,90.126,1543.708,265050
1787815331964,452971bf-e875-1435-2f47-7f6c6fe20dea,/p/0/7d4cd68f775d048f,8,200,447026,206.205,3288.684,135929
1787815289092,108c8b66-9697-13f3-c04b-5ad9afcac289,/p/3/917796234a71c2e8,3,200,6110169,216.778,46207.455,132233
1787815333985,dac67aa3-6e0a-202f-e278-dd7cbc66cb98,/p/0/52bc08294c2516ed,3,200,114064,564.949,1353.429,84278
1787815335186,f9ac92eb-1252-5f06-7cc4-1f45fa8220a1,/p/0/b3206b4dcf3cb5c8,1,200,60079,25.020,187.835,319850
1787815335172,5dc1e98b-e944-26bb-e977-30c41b3bf4a0,/p/0/4dec8b527a5922a3,4,200,12557,72.256,322.353,38954
1787815334864,fc97bfa7-235d-3fc5-1122-8ebed5c0cde0,/p/0/a5df1b6525c1219b,6,200,81782,660.854,662.991,123353
1787815334472,5bf49a11-3401-a7a4-7d34-f0e4ab04e2d3,/p/7/b7fbe39e34df6d93,11,200,201650,105.549,1057.412,190701
1787815305964,1ff3bcd1-0da7-cd02-1374-522545639cba,/p/7/d761b3d51095b237,4,200,5560372,37.996,29650.797,187529
1787815335304,1360ae5a-bf91-0db1-25fb-3c3e7a9c795c,/?crawl=129,0,200,125878,61.741,555.297,226686
1787815334096,44fb2a9d-e797-8d90-5530-e491304695c9,/p/0/1fb618f03aa1c4ce,1,200,200325,64.945,1928.329,103885
1787815335304,07441853-5a0b-0fea-263f-0b9c1a49df63,/?crawl=128,0,200,321463,37.610,729.377,440737
1787815332363,1444af44-e257-f0a8-290f-fb91f3b658e2,/p/2/66dd1e289177a010,4,200,279514,448.925,3719.676,75145
1787815335186,f9ac92eb-1252-5f06-7cc4-1f45fa8220a1,/p/0/b3206e4dcf3cbae1,1,200,207324,149.058,948.338,218618
1787815334874,fc97bfa7-235d-3fc5-1122-8ebed5c0cde0,/p/0/a5df1c6525c1234e,6,200,309378,653.740,1277.831,242112
1787815310502,d9b27d91-0fa9-612c-4b18-86aa6c1a66d6,/p/0/3aab293f3679e5ef,1,200,2407332,117.046,25804.186,93292
1787815320296,f96cf050-1440-7233-cad8-3abef4e2a5ef,/p/0/ca9fd895a60e091c,6,200,2352950,138.476,16047.299,146626
1787815329740,5da666f7-3930-edb3-8a37-ce435aa8f714,/p/1/ac08586cecba8bee,4,200,459105,3284.141,6625.156,69297
1787815333120,1e46a455-56c8-91fa-0560-77e275a2328b,/p/0/c9660303b51f31cf,5,200,208133,114.907,3445.421,60409
1787815335299,108c8b66-9697-13f3-c04b-5ad9afcac289,/p/2/f17ccb7c51bbf327,4,200,120672,363.320,1297.203,93025
1787815335172,5dc1e98b-e944-26bb-e977-30c41b3bf4a0,/p/5/4dec8a527a5920f0,4,200,163262,72.443,1566.982,104189
1787815325062,e4c8a592-ef20-dddc-e06d-c3bb2884d28d,/p/4/d6bc53d2823692e5,2,200,4999115,156.660,11693.667,427506
1787815336083,1444af44-e257-f0a8-290f-fb91f3b658e2,/p/0/eee91896d8776e73,5,200,56993,281.478,706.599,80658
1787815332934,0749ca82-1e65-8f0a-ba8a-b79b9d25deac,/p/0/aef29ec7089a81ed,5,200,294703,108.562,3879.390,75966
1787815332163,df4ac379-8e22-4164-6bfd-c5879d5cd9b5,/p/0/8dc25757bb668ca0,4,200,336620,659.341,4667.938,72113
1787815333120,1e46a455-56c8-91fa-0560-77e275a2328b,/p/0/c9660403b51f3382,5,200,257273,249.444,3746.479,68671
1787815336304,365440e8-3b12-d7b5-07b9-ad55baa9c2da,/?crawl=130,0,200,491367,21.845,595.161,825603
1787815336596,108c8b66-9697-13f3-c04b-5ad9afcac289,/p/1/3143ded2760f9987,5,200,8832,212.724,386.613,22845
1787815336899,365440e8-3b12-d7b5-07b9-ad55baa9c2da,/p/0/7ad9f60e0af9acd1,1,200,39801,17.748,172.523,230699
1787815336596,108c8b66-9697-13f3-c04b-5ad9afcac289,/p/0/3143e0d2760f9ced,5,200,32310,234.260,558.767,57824
1787815336983,108c8b66-9697-13f3-c04b-5ad9afcac289,/p/0/11c0c75e11e2f4ba,6,200,10489,279.186,429.084,24445
1787815332163,df4ac379-8e22-4164-6bfd-c5879d5cd9b5,/p/0/8dc25a57bb6691b9,4,200,496490,533.879,5432.020,91401
1787815336899,365440e8-3b12-d7b5-07b9-ad55baa9c2da,/p/0/7ad9f30e0af9a7b8,1,200,329835,17.736,764.470,431456
1787815335615,1ff3bcd1-0da7-cd02-1374-522545639cba,/p/0/8fcf8a36f0572e8b,5,200,212572,303.992,2087.995,101807
1787815333641,3e71326f-e416-3c5e-6236-7bd18a29c656,/p/0/bddda34509499907,6,200,155119,516.040,4115.993,37687
1787815336899,365440e8-3b12-d7b5-07b9-ad55baa9c2da,/p/1/7ad9f50e0af9ab1e,1,200,338930,36.749,862.447,392986
1787815337304,702b7d66-0ccc-7dff-26e7-1a1bb8b4a3ab,/?crawl=134,0,200,158237,55.300,587.737,269231
1787815316906,b65c0c64-3b12-5a25-dd6f-f7450caa3086,/p/12/fcd27de7048780fa,1,200,5055000,245.842,21051.322,240127
1787815333641,3e71326f-e416-3c5e-6236-7bd18a29c656,/p/4/bddda24509499754,6,200,141866,584.034,4322.132,32823
1787815333608,452971bf-e875-1435-2f47-7f6c6fe20dea,/p/0/8e84f71c7df01aed,9,200,448362,207.287,4360.492,102824
1787815320296,f96cf050-1440-7233-cad8-3abef4e2a5ef,/p/0/ca9fdb95a60e0e35,6,200,2631454,126.722,17835.998,147536
1787815335530,5bf49a11-3401-a7a4-7d34-f0e4ab04e2d3,/p/0/3e2f260428fc4d05,12,200,462647,92.602,2605.125,177591
1787815322414,a55038e8-f907-c643-c309-eef4df21ca8a,/p/0/a4d078e82739417,1,200,4250236,510.628,15730.509,270191
1787815333211,1e46a455-56c8-91fa-0560-77e275a2328b,/p/0/bda81d05ef4c6cc8,6,200,443317,251.569,4990.946,88824
1787815321648,0c39296c-9d09-a3b9-cfb4-8e11142eafe6,/p/13/db9006444900ebb9,1,200,5002263,245.361,16847.723,296910
1787815334220,fc97bfa7-235d-3fc5-1122-8ebed5c0cde0,/p/0/b036679e67672c5d,5,200,2306033,668.388,4282.590,538467
1787815337762,365440e8-3b12-d7b5-07b9-ad55baa9c2da,/p/0/b56a1ced9c8b4ecc,2,200,241139,63.204,798.760,301892
1787815333880,0259e658-774f-d392-9487-017f5735e0f8,/p/2/a3537e0f2b79aae0,3,200,522402,209.297,4770.365,109510
1787815335530,5bf49a11-3401-a7a4-7d34-f0e4ab04e2d3,/p/0/3e2f230428fc47ec,12,200,512901,92.703,3200.457,160259
1787815336756,e4c8a592-ef20-dddc-e06d-c3bb2884d28d,/p/0/f396893d374161d,3,200,333830,30.085,1995.917,167256
1787815336597,108c8b66-9697-13f3-c04b-5ad9afcac289,/p/0/3143ddd2760f97d4,5,200,158857,234.140,2307.096,68856
1787815333211,1e46a455-56c8-91fa-0560-77e275a2328b,/p/13/bda81f05ef4c702e,6,200,378332,272.901,5735.941,65958
1787815337155,108c8b66-9697-13f3-c04b-5ad9afcac289,/p/0/11c0c55e11e2f154,6,200,127245,256.964,1813.168,70178
1787815305964,1ff3bcd1-0da7-cd02-1374-522545639cba,/p/0/d761b5d51095b59d,4,200,5469039,38.008,33046.091,165497
1787815334141,6f0efafe-e89d-5630-efce-78caa6d5edb0,/p/0/cac378b520043d8a,3,200,5264786,328.170,4879.863,1078880
1787815332934,0749ca82-1e65-8f0a-ba8a-b79b9d25deac,/p/0/aef29bc7089a7cd4,5,200,481971,72.323,6209.015,77624
1787815336083,1444af44-e257-f0a8-290f-fb91f3b658e2,/p/1/eee91a96d87771d9,5,200,135148,233.980,3095.302,43662
1787815313205,fe9f5242-1dee-d8c5-2769-78aba5955fb8,/p/0/9dce15ded2bfd72,6,200,3187119,195.691,26030.324,122439
1787815337762,365440e8-3b12-d7b5-07b9-ad55baa9c2da,/p/0/b56a1eed9c8b5232,2,200,440964,18.518,1506.950,292620
1787815325006,19626a39-cfe2-b4f2-9bee-f6b505059680,/p/0/3bfab7bcc03e3a0d,7,200,5154365,4.452,14379.984,358440
1787815337963,3e71326f-e416-3c5e-6236-7bd18a29c656,/p/0/fa9e0cb0378a8fae,7,200,38879,622.663,1719.619,22609
1787815336739,5dc1e98b-e944-26bb-e977-30c41b3bf4a0,/p/4/5b4aee89c4cb0d90,5,200,94823,389.718,2945.866,32188
1787815320319,48566d99-8687-1c66-c262-45eb68f9fd83,/p/0/b3978c4b0003ca38,6,200,2664335,258.516,19396.206,137364
1787815334096,44fb2a9d-e797-8d90-5530-e491304695c9,/p/2/1fb616f03aa1c168,1,200,2340219,383.114,5757.944,406433
1787815339178,1444af44-e257-f0a8-290f-fb91f3b658e2,/p/0/ef26778357af8975,6,200,74216,286.395,882.629,84085
1787815339854,44fb2a9d-e797-8d90-5530-e491304695c9,/p/0/b298fd6366a645b0,2,200,62499,126.363,354.612,176246
1787815338304,25cff348-5e81-98b4-fafc-1d1ec23b7b1a,/?crawl=135,0,200,158163,146.774,1956.462,80841
1787815336304,5516d01a-6676-68dc-29bf-584c13ffbfaa,/?crawl=131,0,200,5790896,11.728,4031.445,1436432
1787815339854,44fb2a9d-e797-8d90-5530-e491304695c9,/p/1/b298fe6366a64763,2,200,93371,39.177,528.233,176761
1787815282175,ed44bc0f-ef2d-a9ce-7a2d-62863ae567a0,/p/0/6f82896fd6b1da98,4,200,5335939,29.836,58219.904,91651
1787815316387,10282b25-88d2-49b4-dc6b-7ab3b875e9e4,/p/1/d623f07522339e44,4,200,4645980,312.071,24108.660,192710
1787815333641,3e71326f-e416-3c5e-6236-7bd18a29c656,/p/0/bddda44509499aba,6,200,421367,378.062,6870.609,61329
1787815336983,108c8b66-9697-13f3-c04b-5ad9afcac289,/p/0/11c0c85e11e2f66d,6,200,318500,279.241,3536.068,90072
1787815340336,5516d01a-6676-68dc-29bf-584c13ffbfaa,/p/0/e44496b9f949f7e,1,200,191627,10.525,280.804,682423
1787815340304,35ac03d0-51a9-63b9-a4a8-48ace02c60be,/?crawl=137,0,200,131890,42.429,370.249,356220
1787815340336,5516d01a-6676-68dc-29bf-584c13ffbfaa,/p/0/e444a6b9f94a131,1,200,209766,55.759,385.114,544686
1787815340336,5516d01a-6676-68dc-29bf-584c13ffbfaa,/p/0/e44486b9f949dcb,1,200,499342,27.059,532.411,937888
1787815334576,63a2f736-a599-8f16-6df1-716b89ede193,/p/14/7131eab5cb27cd39,8,200,283186,257.720,6369.746,44458
1787815335299,108c8b66-9697-13f3-c04b-5ad9afcac289,/p/0/f17cca7c51bbf174,4,200,522258,299.762,5651.644,92408
1787815333664,63a2f736-a599-8f16-6df1-716b89ede193,/p/0/9ee0a5f954884051,7,200,411480,566.087,7298.426,56379
1787815304316,4a600044-b824-75ce-64cc-0ee37bb6476e,/p/1/7899ba4363d1c2ef,1,200,3915390,73.495,36781.707,106449
1787815340674,35ac03d0-51a9-63b9-a4a8-48ace02c60be,/p/0/3518f426c8ca8ba4,1,200,72821,39.804,676.383,107662
1787815304316,4a600044-b824-75ce-64cc-0ee37bb6476e,/p/0/7899b94363d1c13c,1,200,3822598,213.744,37097.819,103041
1787815341098,4a600044-b824-75ce-64cc-0ee37bb6476e,/p/0/cae5ffb6e181b275,2,200,141461,316.184,320.033,442020
1787815340382,44fb2a9d-e797-8d90-5530-e491304695c9,/p/0/2326cb0dfb63fa14,3,200,161500,127.136,1042.050,154983
1787815341098,4a600044-b824-75ce-64cc-0ee37bb6476e,/p/0/cae5fdb6e181af0f,2,200,331197,317.063,335.172,988142
1787815338496,0c39296c-9d09-a3b9-cfb4-8e11142eafe6,/p/12/9cb336fbd996209f,2,200,142742,43.335,3076.790,46393
1787815338496,0c39296c-9d09-a3b9-cfb4-8e11142eafe6,/p/0/9cb335fbd9961eec,2,200,291647,168.410,3080.674,94670
1787815338496,0c39296c-9d09-a3b9-cfb4-8e11142eafe6,/p/0/9cb338fbd9962405,2,200,478997,43.335,3083.177,155358
1787815339854,44fb2a9d-e797-8d90-5530-e491304695c9,/p/0/b299006366a64ac9,2,200,403175,25.861,1800.748,223893
1787815332360,fc97bfa7-235d-3fc5-1122-8ebed5c0cde0,/p/0/b3c08f2686a982a,4,200,4627110,701.100,9298.109,497640
1787815338651,0259e658-774f-d392-9487-017f5735e0f8,/p/0/69d81a307ddc3ee7,4,200,186180,361.725,3019.194,61665
1787815337892,702b7d66-0ccc-7dff-26e7-1a1bb8b4a3ab,/p/0/c8834b845d65851d,1,200,423048,159.321,3789.703,111631
1787815339307,fdf0536c-6a54-53be-3866-39099ef4d3ab,/?crawl=136,0,200,418395,78.566,2380.975,175724
1787815326025,fc97bfa7-235d-3fc5-1122-8ebed5c0cde0,/p/0/671c1f86e08a706,2,200,5165114,486.388,15728.189,328399
1787815338947,1e46a455-56c8-91fa-0560-77e275a2328b,/p/0/e788d7f07e754dc2,7,200,237392,530.929,2810.824,84456
1787815340674,35ac03d0-51a9-63b9-a4a8-48ace02c60be,/p/0/3518f726c8ca90bd,1,200,215478,39.859,1117.262,192863
1787815340382,44fb2a9d-e797-8d90-5530-e491304695c9,/p/0/2326cd0dfb63fd7a,3,200,198682,152.601,1451.640,136867
1787815329062,fff1ea97-b6b4-3164-10bb-35abbc98d713,/p/7/7efa1bf38f49d6c7,6,200,4078221,4029.236,12779.044,319134
1787815336083,1444af44-e257-f0a8-290f-fb91f3b658e2,/p/0/eee91996d8777026,5,200,296345,281.268,5778.970,51280
1787815325890,e433120d-9660-b149-3ae2-ab6d26b5c37e,/p/0/a14a5f16b213dcb0,2,200,2521980,206.189,15987.230,157750
1787815338948,1e46a455-56c8-91fa-0560-77e275a2328b,/p/12/e788d5f07e754a5c,7,200,179671,364.048,2945.169,61005
1787815340496,10282b25-88d2-49b4-dc6b-7ab3b875e9e4,/p/0/215f2ea0ded4b0d7,5,200,138099,50.511,1437.783,96050
1787815337892,702b7d66-0ccc-7dff-26e7-1a1bb8b4a3ab,/p/16/c8834a845d65836a,1,200,258080,233.484,4101.862,62918
1787815341841,fff1ea97-b6b4-3164-10bb-35abbc98d713,/p/0/40bf47bd6c71bc6,7,200,31783,109.946,234.821,135350
1787815338948,1e46a455-56c8-91fa-0560-77e275a2328b,/p/0/e788d6f07e754c0f,7,200,223135,363.834,3394.440,65735
1787815336365,5da666f7-3930-edb3-8a37-ce435aa8f714,/p/0/58f3288a1701feeb,5,200,436245,417.468,6029.759,72349
1787815338651,0259e658-774f-d392-9487-017f5735e0f8,/p/0/69d81b307ddc409a,4,200,379962,472.712,3784.948,100388
1787815327573,5da666f7-3930-edb3-8a37-ce435aa8f714,/p/0/715062b24f14672b,3,200,2882301,934.774,14871.800,193810
1787815319048,d66568bc-db56-b020-ae6e-bd870e82c002,/p/0/bcc7640ba79235cf,8,200,3533419,941.122,23491.869,150410
1787815340395,ed44bc0f-ef2d-a9ce-7a2d-62863ae567a0,/p/0/5c2daeadab1c72a9,11,200,142469,231.055,2273.115,62676
1787815319228,f96cf050-1440-7233-cad8-3abef4e2a5ef,/p/0/e532eee8c98d003d,5,200,4398658,372.443,23479.704,187339
1787815334304,e05bb7f6-272b-355e-0d2c-78db980475ad,/?crawl=127,0,200,2915944,44.836,8468.512,344328
1787815296555,0cac6aae-1489-56e0-7461-86608a6b60d9,/p/0/c8f318cd38f2c9f5,3,200,4753597,358.832,46233.181,102818
1787815338651,0259e658-774f-d392-9487-017f5735e0f8,/p/1/69d819307ddc3d34,4,200,387151,265.178,4143.383,93438
1787815280304,12028cc7-a6cb-1a51-d45d-d5f675c8e8a9,/?crawl=56,0,200,2958822,272.541,62618.545,47252
1787815332304,fc04e8ae-bcfa-a7e8-fa67-69e77ae9c9a2,/?crawl=126,0,200,411282,300.863,10718.611,38371
1787815341573,0c39296c-9d09-a3b9-cfb4-8e11142eafe6,/p/0/1fa892c4ad579b32,3,200,102899,487.916,1497.792,68700
1787815336365,5da666f7-3930-edb3-8a37-ce435aa8f714,/p/0/58f32a8a17020251,5,200,472535,286.401,6729.403,70219
1787815332521,19626a39-cfe2-b4f2-9bee-f6b505059680,/p/1/fb17810061dcb3b1,11,200,3129501,106.290,10702.340,292413
1787815272152,63feb0eb-2564-8058-5024-1e4cb93e9190,/p/0/8be8eecaf3720e7,1,200,4355940,246.827,71143.963,61227
1787815341573,0c39296c-9d09-a3b9-cfb4-8e11142eafe6,/p/11/1fa893c4ad579ce5,3,200,76766,403.578,1726.455,44465
1787815307468,48566d99-8687-1c66-c262-45eb68f9fd83,/p/0/8916c5c8ba63441c,3,200,4910434,189.015,35840.583,137008
1787815341893,1e46a455-56c8-91fa-0560-77e275a2328b,/p/0/3c2e5700072e4e0a,8,200,72980,570.022,1436.304,50811
1787815337963,3e71326f-e416-3c5e-6236-7bd18a29c656,/p/3/fa9e0ab0378a8c48,7,200,185894,517.254,5448.246,34120
1787815341893,1e46a455-56c8-91fa-0560-77e275a2328b,/p/0/3c2e5600072e4c57,8,200,86599,401.905,1596.160,54255
1787815332163,df4ac379-8e22-4164-6bfd-c5879d5cd9b5,/p/2/8dc25857bb668e53,4,200,2413146,195.915,11350.064,212611
1787815341098,4a600044-b824-75ce-64cc-0ee37bb6476e,/p/0/cae5feb6e181b0c2,2,200,4783879,316.973,2499.893,1913633
1787815341841,fff1ea97-b6b4-3164-10bb-35abbc98d713,/p/6/40bf27bd6c71860,7,200,345487,36.104,1800.283,191907
1787815314995,d23f0858-b1f7-bef1-1fdf-a9606a32322a,/p/0/45a48c0ccb66e2ab,9,200,3376934,928.629,28743.451,117485
1787815326481,ab20e2c6-17bf-e321-abcd-e30c10aef1f9,/p/7/758eda41e2407af5,2,200,366398,1276.736,17263.716,21224
1787815318028,f96cf050-1440-7233-cad8-3abef4e2a5ef,/p/0/7a8d2b20ce411e7f,4,200,5720762,122.586,25775.798,221943
1787815337964,3e71326f-e416-3c5e-6236-7bd18a29c656,/p/0/fa9e0bb0378a8dfb,7,200,454590,446.905,5893.311,77137
1787815343224,19626a39-cfe2-b4f2-9bee-f6b505059680,/p/0/1f5c2bbbf1f9e3a3,12,200,105702,101.870,699.642,151080
1787815342923,12028cc7-a6cb-1a51-d45d-d5f675c8e8a9,/p/0/ae125e6db2334ee2,1,200,45086,269.754,1037.702,43448
1787815340496,10282b25-88d2-49b4-dc6b-7ab3b875e9e4,/p/0/215f2fa0ded4b28a,5,200,428258,50.531,3476.483,123187
1787815341841,fff1ea97-b6b4-3164-10bb-35abbc98d713,/p/0/40bf37bd6c71a13,7,200,415234,125.818,2145.006,193582
1787815341688,fdf0536c-6a54-53be-3866-39099ef4d3ab,/p/0/a1aea1c9342f9aaa,1,200,246285,477.159,2449.736,100535
1787815319048,d66568bc-db56-b020-ae6e-bd870e82c002,/p/0/bcc7630ba792341c,8,200,3731312,941.140,25141.330,148413
1787815334450,e006d3a4-893c-ecdd-0350-87bafabb266c,/p/11/a3ba37f0b0638fa8,3,200,383681,271.288,9766.205,39287
1787815343299,0c39296c-9d09-a3b9-cfb4-8e11142eafe6,/p/0/eb9ba77ab688d760,4,200,58759,204.354,939.868,62518
1787815342794,0259e658-774f-d392-9487-017f5735e0f8,/p/0/4114b91a7b4eb198,5,200,104345,190.901,1446.828,72120
1787815343224,19626a39-cfe2-b4f2-9bee-f6b505059680,/p/0/1f5c2abbf1f9e1f0,12,200,214434,91.990,1145.171,187251
1787815343299,0c39296c-9d09-a3b9-cfb4-8e11142eafe6,/p/0/eb9baa7ab688dc79,4,200,128891,307.455,1203.014,107140
1787815343224,19626a39-cfe2-b4f2-9bee-f6b505059680,/p/0/1f5c2dbbf1f9e709,12,200,397009,91.949,1443.288,275073
1787815304451,48566d99-8687-1c66-c262-45eb68f9fd83,/p/0/b5f480d1986aa49f,1,200,5984566,155.872,40224.331,148780
1787815336739,5dc1e98b-e944-26bb-e977-30c41b3bf4a0,/p/0/5b4af089c4cb10f6,5,200,321939,354.206,7941.537,40539
1787815330931,19626a39-cfe2-b4f2-9bee-f6b505059680,/p/0/932d7d27607402c2,10,200,4023077,117.322,13851.414,290445
1787815343641,fff1ea97-b6b4-3164-10bb-35abbc98d713,/p/0/5cae962114d8066c,8,200,127283,199.474,1204.925,105636
1787815337762,365440e8-3b12-d7b5-07b9-ad55baa9c2da,/p/0/b56a1ded9c8b507f,2,200,5310536,45.770,7115.254,746359
1787815343641,fff1ea97-b6b4-3164-10bb-35abbc98d713,/p/0/5cae992114d80b85,8,200,159253,181.060,1241.421,128283
1787815335186,f9ac92eb-1252-5f06-7cc4-1f45fa8220a1,/p/4/b3206c4dcf3cb77b,1,200,5372518,136.862,10002.085,537140
1787815342794,0259e658-774f-d392-9487-017f5735e0f8,/p/0/4114ba1a7b4eb34b,5,200,175804,284.848,2538.861,69245
1787815343412,3e71326f-e416-3c5e-6236-7bd18a29c656,/p/2/44b87e47a93faf1e,8,200,103808,445.170,2014.909,51520
1787815341893,1e46a455-56c8-91fa-0560-77e275a2328b,/p/11/3c2e5500072e4aa4,8,200,475609,449.437,3599.320,132139
1787815343513,df4ac379-8e22-4164-6bfd-c5879d5cd9b5,/p/0/82b68328f1ad2d04,5,200,173860,144.537,2035.560,85411
1787815343304,74679cd6-51a6-def2-fd41-4cc0c75826dd,/?crawl=139,0,200,445819,78.275,2299.183,193903
1787815345304,d1011d9f-5343-c4b8-8767-7499047217b7,/?crawl=143,0,200,295841,17.682,394.026,750816
1787815298777,548a7f9d-41e4-e529-50a4-b4a5553f5aa5,/p/0/2af066cd1165ee09,1,200,2393237,451.416,47161.211,50746
1787815334220,fc97bfa7-235d-3fc5-1122-8ebed5c0cde0,/p/1/a5df1a6525c11fe8,6,200,3524310,668.604,11772.833,299360
1787815345188,f9ac92eb-1252-5f06-7cc4-1f45fa8220a1,/p/3/75323cd046187590,2,200,157721,155.430,911.751,172987
1787815345698,d1011d9f-5343-c4b8-8767-7499047217b7,/p/5/45614fe3bc981d78,1,200,84580,76.756,491.000,172261
1787815342773,e05bb7f6-272b-355e-0d2c-78db980475ad,/p/0/468ac2ab63d7af41,1,200,414821,129.070,3547.062,116948
1787815311929,734b25fb-d87c-a41b-9c0b-2584b6aa4c78,/p/0/903cd144992273a7,1,200,501382,4164.945,34423.861,14565
1787815333608,452971bf-e875-1435-2f47-7f6c6fe20dea,/p/0/8e84f61c7df0193a,9,200,2294513,226.963,12778.293,179563
1787815343513,df4ac379-8e22-4164-6bfd-c5879d5cd9b5,/p/1/82b68528f1ad306a,5,200,273225,48.291,3038.083,89933
1787815341688,fdf0536c-6a54-53be-3866-39099ef4d3ab,/p/0/a1aea0c9342f98f7,1,200,509162,453.943,4911.056,103677
1787815339178,1444af44-e257-f0a8-290f-fb91f3b658e2,/p/0/ef26768357af87c2,6,200,491933,527.801,7436.197,66154
1787815343299,0c39296c-9d09-a3b9-cfb4-8e11142eafe6,/p/10/eb9ba87ab688d913,4,200,440403,286.847,3339.313,131884
1787815342794,0259e658-774f-d392-9487-017f5735e0f8,/p/0/4114bb1a7b4eb4fe,5,200,386933,209.504,3851.148,100472
1787815315556,ed44bc0f-ef2d-a9ce-7a2d-62863ae567a0,/p/0/5c2dabadab1c6d90,11,200,2710575,172.205,31167.528,86968
1787815336739,5dc1e98b-e944-26bb-e977-30c41b3bf4a0,/p/0/5b4aef89c4cb0f43,5,200,448338,389.782,10006.552,44804
1787815343513,df4ac379-8e22-4164-6bfd-c5879d5cd9b5,/p/0/82b68628f1ad321d,5,200,463805,48.268,3238.054,143236
1787815340674,35ac03d0-51a9-63b9-a4a8-48ace02c60be,/p/5/3518f526c8ca8d57,1,200,4180901,195.241,6172.080,677389
1787815345304,8e551002-bf5c-1717-e281-4fa00d9030bd,/?crawl=145,0,200,402200,57.740,1570.913,256030
1787815345188,f9ac92eb-1252-5f06-7cc4-1f45fa8220a1,/p/0/75323dd046187743,2,200,191337,155.415,1716.124,111494
1787815345604,74679cd6-51a6-def2-fd41-4cc0c75826dd,/p/0/72f19e7efabceee6,1,200,482618,367.759,1370.642,352111
1787815323610,e433120d-9660-b149-3ae2-ab6d26b5c37e,/p/0/9db75aec170e86c4,1,200,5921781,80.627,23381.089,253272
1787815340963,63a2f736-a599-8f16-6df1-716b89ede193,/p/0/7131e8b5cb27c9d3,8,200,420328,285.681,6044.895,69534
1787815312171,d9b27d91-0fa9-612c-4b18-86aa6c1a66d6,/p/7/e9cc9e95c5c27781,2,200,4678135,296.047,34924.685,133949
1787815304429,548a7f9d-41e4-e529-50a4-b4a5553f5aa5,/p/0/b79e303b464c669,3,200,3984785,531.833,42671.370,93383
1787815345604,74679cd6-51a6-def2-fd41-4cc0c75826dd,/p/2/72f19f7efabcf099,1,200,353414,220.783,1682.227,210087
1787815342773,e05bb7f6-272b-355e-0d2c-78db980475ad,/p/2/468ac1ab63d7ad8e,1,200,520967,256.818,4517.073,115333
1787815291761,0fb30b2c-7f00-9973-50c9-e1a66649e8ac,/p/0/d274e3d75a6e450,1,200,3065443,117.824,55692.858,55042
1787815309189,63a2f736-a599-8f16-6df1-716b89ede193,/p/0/d4e0d8fdb163db59,1,200,3197247,276.240,38483.323,83081
1787815341994,702b7d66-0ccc-7dff-26e7-1a1bb8b4a3ab,/p/0/cbfdb5903632e514,2,200,315768,252.110,5732.859,55080
1787815347304,50a6f0fa-e0b7-dd57-0c37-c9b4125c792b,/?crawl=147,0,200,157379,41.043,444.070,354401
1787815304429,548a7f9d-41e4-e529-50a4-b4a5553f5aa5,/p/5/b79e103b464c303,3,200,5730866,531.775,43329.395,132263
1787815346189,d1011d9f-5343-c4b8-8767-7499047217b7,/p/4/76ecee079914a49a,2,200,161920,1052.758,1574.451,102842
1787815347286,74679cd6-51a6-def2-fd41-4cc0c75826dd,/p/0/e0f3c0ad979e05ae,2,200,65035,490.375,495.570,131233
1787815347286,74679cd6-51a6-def2-fd41-4cc0c75826dd,/p/1/e0f3bead979e0248,2,200,188090,490.135,498.789,377093
1787815347286,74679cd6-51a6-def2-fd41-4cc0c75826dd,/p/0/e0f3bfad979e03fb,2,200,258632,444.481,501.838,515369
1787815345604,74679cd6-51a6-def2-fd41-4cc0c75826dd,/p/0/72f19d7efabced33,1,200,3424637,73.710,2206.575,1552015
1787815347748,50a6f0fa-e0b7-dd57-0c37-c9b4125c792b,/p/0/930aa75a0f03f92a,1,200,29070,59.295,205.787,141263
1787815347304,f3b91457-307d-d26c-a23a-f070dcbd30a4,/?crawl=146,0,200,176730,53.314,675.998,261436
1787815347759,548a7f9d-41e4-e529-50a4-b4a5553f5aa5,/p/0/8fbe8d0627aacd3b,4,200,8738,7.450,315.860,27664
1787815345698,d1011d9f-5343-c4b8-8767-7499047217b7,/p/0/456150e3bc981f2b,1,200,320200,18.914,2435.296,131483
1787815282175,ed44bc0f-ef2d-a9ce-7a2d-62863ae567a0,/p/0/6f828c6fd6b1dfb1,4,200,6111416,147.577,65972.612,92636
1787815347096,d9b27d91-0fa9-612c-4b18-86aa6c1a66d6,/p/6/70ac6eaaa297346c,3,200,64128,342.557,1065.102,60208
1787815337957,b65c0c64-3b12-5a25-dd6f-f7450caa3086,/p/11/8e9c2f2d5c975cfc,2,200,414229,2.419,10314.648,40159
1787815341304,ef9ba657-0067-9096-2382-ba2d211b55c7,/?crawl=138,0,200,4445433,36.767,7147.977,621915
1787815345993,fc97bfa7-235d-3fc5-1122-8ebed5c0cde0,/p/0/f09acf696098eb62,7,200,176586,75.929,2593.880,68078
1787815333985,dac67aa3-6e0a-202f-e278-dd7cbc66cb98,/p/0/52bc06294c251387,3,200,4677583,458.958,14601.204,320356
1787815347759,548a7f9d-41e4-e529-50a4-b4a5553f5aa5,/p/0/8fbe8e0627aaceee,4,200,408626,2.436,1034.489,395003
1787815348161,d9b27d91-0fa9-612c-4b18-86aa6c1a66d6,/p/0/1e5cd9f96afad6c9,4,200,19681,241.964,632.766,31103
1787815346100,f9ac92eb-1252-5f06-7cc4-1f45fa8220a1,/p/2/ed2cdfc388f8cb8d,3,200,351946,163.857,2718.118,129481
1787815286371,63feb0eb-2564-8058-5024-1e4cb93e9190,/p/0/9bc31a0448fc678b,5,200,4254007,275.283,62499.101,68065
1787815348452,ef9ba657-0067-9096-2382-ba2d211b55c7,/p/3/df874a216621fa86,1,200,103443,19.059,558.565,185194
1787815339685,5dc1e98b-e944-26bb-e977-30c41b3bf4a0,/p/0/5a4bcb828e66740a,6,200,319195,375.798,9335.264,34192
1787815346847,35ac03d0-51a9-63b9-a4a8-48ace02c60be,/p/4/955891bec7c39179,2,200,281021,168.049,2212.708,127003
1787815325495,fe9f5242-1dee-d8c5-2769-78aba5955fb8,/p/6/e0472f4baf346b90,7,200,3522293,194.589,23576.753,149397
1787815340382,44fb2a9d-e797-8d90-5530-e491304695c9,/p/0/2326cc0dfb63fbc7,3,200,4085433,152.476,8713.672,468853
1787815347785,74679cd6-51a6-def2-fd41-4cc0c75826dd,/p/0/f4c9595670a8f943,3,200,396427,1323.316,1337.911,296303
1787815335615,1ff3bcd1-0da7-cd02-1374-522545639cba,/p/6/8fcf8c36f05731f1,5,200,3102477,189.202,13612.677,227911
1787815346100,f9ac92eb-1252-5f06-7cc4-1f45fa8220a1,/p/0/ed2cdec388f8c9da,3,200,498521,163.815,3159.598,157780
1787815272978,63feb0eb-2564-8058-5024-1e4cb93e9190,/p/0/43bc1512a805cd2c,2,200,4941536,301.527,76313.892,64753
1787815346551,df4ac379-8e22-4164-6bfd-c5879d5cd9b5,/p/0/a049f77d1fce3bad,6,200,277709,225.360,2867.072,96862
1787815346551,df4ac379-8e22-4164-6bfd-c5879d5cd9b5,/p/0/a049f57d1fce3847,6,200,256715,249.342,2941.878,87262
1787815346847,35ac03d0-51a9-63b9-a4a8-48ace02c60be,/p/0/95588fbec7c38e13,2,200,364828,92.218,2701.248,135059
1787815347290,e05bb7f6-272b-355e-0d2c-78db980475ad,/p/1/1651036c310ad003,2,200,115502,235.777,2276.245,50742
1787815346189,d1011d9f-5343-c4b8-8767-7499047217b7,/p/0/76ecec079914a134,2,200,317097,1133.422,3486.756,90943
1787815345993,fc97bfa7-235d-3fc5-1122-8ebed5c0cde0,/p/0/f09ad0696098ed15,7,200,215819,113.464,3723.014,57969
1787815347764,d1011d9f-5343-c4b8-8767-7499047217b7,/p/0/93afa3e07ff5f47e,3,200,225511,143.236,1962.166,114930
1787815339685,5dc1e98b-e944-26bb-e977-30c41b3bf4a0,/p/0/5a4bca828e667257,6,200,470203,577.201,10046.203,46804
1787815349011,ef9ba657-0067-9096-2382-ba2d211b55c7,/p/0/1c71d31666fc1a54,2,200,110277,251.506,870.360,126703
1787815347304,233fe5c1-26ef-36ac-99d4-512b9764450e,/?crawl=148,0,200,354509,168.640,2597.851,136462
1787815346638,0c39296c-9d09-a3b9-cfb4-8e11142eafe6,/p/0/43b276149ab57e9,5,200,246693,202.943,3501.759,70448
1787815348161,d9b27d91-0fa9-612c-4b18-86aa6c1a66d6,/p/5/1e5cd8f96afad516,4,200,111249,283.937,2042.709,54462
1787815346552,df4ac379-8e22-4164-6bfd-c5879d5cd9b5,/p/0/a049f47d1fce3694,6,200,470216,395.669,3659.072,128507
1787815347764,d1011d9f-5343-c4b8-8767-7499047217b7,/p/3/93afa4e07ff5f631,3,200,199738,103.217,2632.497,75874
1787815336756,e4c8a592-ef20-dddc-e06d-c3bb2884d28d,/p/0/f396593d3741104,3,200,3252106,60.616,13703.881,237313
1787815349059,35ac03d0-51a9-63b9-a4a8-48ace02c60be,/p/3/a52a917ffa016245,3,200,93832,488.451,1400.789,66985
1787815346847,35ac03d0-51a9-63b9-a4a8-48ace02c60be,/p/0/955890bec7c38fc6,2,200,347089,243.066,3711.010,93530
1787815348452,ef9ba657-0067-9096-2382-ba2d211b55c7,/p/0/df874b216621fc39,1,200,417612,31.001,2142.329,194934
1787815349566,e05bb7f6-272b-355e-0d2c-78db980475ad,/p/0/167c01f3eadf9fa9,3,200,27714,279.837,1232.588,22484
1787815349072,fe9f5242-1dee-d8c5-2769-78aba5955fb8,/p/0/9987289ede516490,8,200,177804,211.353,1820.153,97686
1787815349059,35ac03d0-51a9-63b9-a4a8-48ace02c60be,/p/0/a52a907ffa016092,3,200,165857,228.325,1859.850,89178
1787815333880,0259e658-774f-d392-9487-017f5735e0f8,/p/0/a3537f0f2b79ac93,3,200,2564239,266.695,17184.067,149222
1787815333880,0259e658-774f-d392-9487-017f5735e0f8,/p/0/a353800f2b79ae46,3,200,2772249,37.043,17184.708,161321
1787815345492,1e46a455-56c8-91fa-0560-77e275a2328b,/p/0/15a9a18b10ab1b15,9,200,447471,308.412,5648.145,79224
1787815348452,ef9ba657-0067-9096-2382-ba2d211b55c7,/p/0/df8748216621f720,1,200,442213,113.105,2697.514,163934
1787815349011,ef9ba657-0067-9096-2382-ba2d211b55c7,/p/2/1c71d41666fc1c07,2,200,249797,257.447,2150.088,116180
1787815350396,d1011d9f-5343-c4b8-8767-7499047217b7,/p/2/527855dce58865c7,4,200,166916,144.403,869.557,191955
1787815336756,e4c8a592-ef20-dddc-e06d-c3bb2884d28d,/p/3/f396793d374146a,3,200,3468450,75.952,14537.190,238592
1787815339685,5dc1e98b-e944-26bb-e977-30c41b3bf4a0,/p/3/5a4bcc828e6675bd,6,200,452721,929.566,11648.994,38864
1787815345492,1e46a455-56c8-91fa-0560-77e275a2328b,/p/0/15a99e8b10ab15fc,9,200,330992,282.395,5877.941,56311
1787815350460,35ac03d0-51a9-63b9-a4a8-48ace02c60be,/p/2/68e0bf3b78997b5,4,200,87603,383.796,920.710,95147
1787815347096,d9b27d91-0fa9-612c-4b18-86aa6c1a66d6,/p/0/70ac6faaa297361f,3,200,334392,221.634,4334.735,77142
1787815344216,e006d3a4-893c-ecdd-0350-87bafabb266c,/p/10/1cfc62d278cbd722,4,200,107901,297.819,7269.564,14843
1787815347759,548a7f9d-41e4-e529-50a4-b4a5553f5aa5,/p/4/8fbe8c0627aacb88,4,200,4454079,315.818,3733.240,1193087
1787815349011,ef9ba657-0067-9096-2382-ba2d211b55c7,/p/0/1c71d61666fc1f6d,2,200,387484,257.659,2537.034,152731
1787815345492,1e46a455-56c8-91fa-0560-77e275a2328b,/p/10/15a9a08b10ab1962,9,200,477872,233.188,6131.726,77934
1787815346100,f9ac92eb-1252-5f06-7cc4-1f45fa8220a1,/p/0/ed2cddc388f8c827,3,200,493961,124.087,5547.967,89035
1787815310502,d9b27d91-0fa9-612c-4b18-86aa6c1a66d6,/p/0/3aab2a3f3679e7a2,1,200,4682488,39.472,41193.709,113670
1787815351492,548a7f9d-41e4-e529-50a4-b4a5553f5aa5,/p/0/ecb6799b62f30230,5,200,116378,4.553,338.266,344043
1787815337304,ab26aace-a219-cdc4-0c38-30c83d8f2c44,/?crawl=133,0,200,3347617,60.240,14594.174,229380
1787815351266,d1011d9f-5343-c4b8-8767-7499047217b7,/p/1/9e655ccbc10ed7f,5,200,60316,106.114,722.082,83531
1787815350304,1ba5a7f7-e26e-549d-91f2-076824ecdff3,/?crawl=149,0,200,485609,57.978,1723.915,281690
1787815347980,f3b91457-307d-d26c-a23a-f070dcbd30a4,/p/0/2674fcb7a39eef3d,1,200,250423,44.394,4082.189,61345
1787815336304,07bdf8ac-ffaa-2064-c3ca-f25896e9c5f4,/?crawl=132,0,200,3183768,72.480,15781.295,201743
1787815334472,5bf49a11-3401-a7a4-7d34-f0e4ab04e2d3,/p/0/b7fbe29e34df6be0,11,200,4824952,105.551,17615.754,273900
1787815347672,63a2f736-a599-8f16-6df1-716b89ede193,/p/0/8a6825fd8f3aab5,9,200,239556,189.685,4466.725,53631
1787815349228,1ff3bcd1-0da7-cd02-1374-522545639cba,/p/5/24e5cacc8be26a1d,6,200,33303,2977.440,2977.730,11184
1787815349227,1ff3bcd1-0da7-cd02-1374-522545639cba,/p/0/24e5c8cc8be266b7,6,200,98193,2980.342,2985.785,32887
1787815351161,ef9ba657-0067-9096-2382-ba2d211b55c7,/p/0/8869c00c4252ccf3,3,200,199636,110.924,1093.420,182579
1787815348818,f9ac92eb-1252-5f06-7cc4-1f45fa8220a1,/p/0/5ab23266c07a4d93,4,200,445364,157.188,3445.168,129272
1787815346638,0c39296c-9d09-a3b9-cfb4-8e11142eafe6,/p/9/43b266149ab5636,5,200,378301,224.080,5698.848,66382
1787815292465,ed44bc0f-ef2d-a9ce-7a2d-62863ae567a0,/p/0/121b135ad404f6b2,7,200,5127726,179.673,59925.703,85568
1787815351161,ef9ba657-0067-9096-2382-ba2d211b55c7,/p/0/8869c10c4252cea6,3,200,232642,111.021,1248.497,186338
1787815326706,14083928-4f13-aa04-3e54-8c263b088cb1,/p/6/2402eaf811912b59,2,200,5607880,158.490,25705.627,218158
1787815351381,35ac03d0-51a9-63b9-a4a8-48ace02c60be,/p/1/d5033f3707e667fa,5,200,78186,225.926,1042.516,74997
1787815346875,8e551002-bf5c-1717-e281-4fa00d9030bd,/p/4/b9df50153839e1ea,1,200,298544,282.094,5579.290,53509
1787815350396,d1011d9f-5343-c4b8-8767-7499047217b7,/p/0/527854dce5886414,4,200,230306,106.105,2073.811,111054
1787815341688,fdf0536c-6a54-53be-3866-39099ef4d3ab,/p/0/a1ae9fc9342f9744,1,200,2415316,179.999,10910.227,221381
1787815350460,35ac03d0-51a9-63b9-a4a8-48ace02c60be,/p/0/68e0af3b7899602,4,200,143047,268.728,2164.987,66073
1787815352304,9a32b0ef-c270-6f9f-10f8-32b2894067a2,/?crawl=151,0,200,173947,26.067,351.825,494413
1787815311461,eb7e981e-236e-e62e-fcbd-039d90b367ca,/p/0/4eca428e999f5779,5,200,3382616,190.664,41277.300,81949
1787815348134,d1011d9f-5343-c4b8-8767-7499047217b7,/p/0/93afa2e07ff5f2cb,3,200,505779,122.552,4675.680,108172
1787815352304,cc7fa748-2c8b-1e14-ec06-f6218b33d4ac,/?crawl=150,0,200,158759,51.957,561.165,282910
1787815351624,1e46a455-56c8-91fa-0560-77e275a2328b,/p/9/15410bdaeda9473b,10,200,62475,284.543,1424.324,43863
1787815351381,35ac03d0-51a9-63b9-a4a8-48ace02c60be,/p/0/d5033d3707e66494,5,200,74190,207.853,1672.722,44353
1787815343745,ab20e2c6-17bf-e321-abcd-e30c10aef1f9,/p/0/b205a0cdb142437b,3,200,95859,1293.030,9324.131,10281
1787815352625,35ac03d0-51a9-63b9-a4a8-48ace02c60be,/p/0/d9346e6e66bb2c98,6,200,21745,386.160,486.439,44702
1787815348818,f9ac92eb-1252-5f06-7cc4-1f45fa8220a1,/p/1/5ab23166c07a4be0,4,200,497642,157.414,4560.173,109128
1787815281792,63feb0eb-2564-8058-5024-1e4cb93e9190,/p/2/9bc31c0448fc6af1,5,200,5907534,274.415,71741.129,82345
1787815352412,14083928-4f13-aa04-3e54-8c263b088cb1,/p/0/c04c3523aa1f7324,3,200,137243,297.609,1263.938,108584
1787815353305,5da4b05c-7bb2-0b7f-fe15-0f7ec7728840,/?crawl=152,0,200,122552,62.763,461.122,265769
1787815335299,108c8b66-9697-13f3-c04b-5ad9afcac289,/p/0/f17ccd7c51bbf68d,4,200,4955569,43.371,18554.827,267077
1787815349072,fe9f5242-1dee-d8c5-2769-78aba5955fb8,/p/5/99872a9ede5167f6,8,200,491939,307.465,4887.115,100660
1787815352424,35ac03d0-51a9-63b9-a4a8-48ace02c60be,/p/0/d9346f6e66bb2e4b,6,200,100293,239.991,1550.130,64700
1787815352028,1ba5a7f7-e26e-549d-91f2-076824ecdff3,/p/0/d0e34db240f655a0,1,200,159733,52.978,1982.801,80559
1787815352337,0c39296c-9d09-a3b9-cfb4-8e11142eafe6,/p/0/b14475ae7c99108b,6,200,102062,421.128,1835.676,55599
1787815315609,eb7e981e-236e-e62e-fcbd-039d90b367ca,/p/0/459dcec1d5f91569,7,200,3086222,297.347,38587.664,79979
1787815349566,e05bb7f6-272b-355e-0d2c-78db980475ad,/p/0/167bfef3eadf9a90,3,200,390182,216.790,4697.141,83068
1787815351988,d1011d9f-5343-c4b8-8767-7499047217b7,/p/0/9e654ccbc10ebcc,5,200,285316,123.969,2281.752,125043
1787815350460,35ac03d0-51a9-63b9-a4a8-48ace02c60be,/p/0/68e09f3b789944f,4,200,286949,288.528,3820.941,75099
1787815352028,1ba5a7f7-e26e-549d-91f2-076824ecdff3,/p/0/d0e350b240f65ab9,1,200,83644,282.119,2318.473,36077
1787815348272,b65c0c64-3b12-5a25-dd6f-f7450caa3086,/p/0/15dd47fe3736ff70,3,200,125685,1933.621,6112.072,20563
1787815343641,fff1ea97-b6b4-3164-10bb-35abbc98d713,/p/5/5cae972114d8081f,8,200,3756084,269.795,10786.648,348216
1787815299520,ed44bc0f-ef2d-a9ce-7a2d-62863ae567a0,/p/0/608f3926049a80,9,200,5569410,166.692,54923.014,101404
1787815354304,721d2a18-d5d4-9573-5d6a-dfab11b899dc,/?crawl=156,0,200,27861,60.445,149.828,185953
1787815354304,d3f3f40b-c3ea-f844-52ad-3f984808282f,/?crawl=154,0,200,106883,31.626,213.447,500747
1787815354304,c646942c-ed5a-0fb7-d9a0-14e1ac87f778,/?crawl=153,0,200,55558,68.139,266.050,208825
1787815352028,1ba5a7f7-e26e-549d-91f2-076824ecdff3,/p/0/d0e34fb240f65906,1,200,227951,52.920,2577.914,88425
1787815352337,0c39296c-9d09-a3b9-cfb4-8e11142eafe6,/p/8/b14474ae7c990ed8,6,200,122031,276.348,2304.809,52946
1787815352206,1ff3bcd1-0da7-cd02-1374-522545639cba,/p/4/3f6f05711607ac71,7,200,218085,714.997,2444.957,89198
1787815332934,0749ca82-1e65-8f0a-ba8a-b79b9d25deac,/p/11/aef29dc7089a803a,5,200,3530074,72.360,22016.248,160339
1787815351898,ab26aace-a219-cdc4-0c38-30c83d8f2c44,/p/0/e76f9eb0765eb358,1,200,298941,58.780,3077.860,97126
1787815352657,9a32b0ef-c270-6f9f-10f8-32b2894067a2,/p/0/d1ad7a3f8550f68,1,200,360224,55.259,2335.004,154271
1787815353766,5da4b05c-7bb2-0b7f-fe15-0f7ec7728840,/p/0/a0852c018cf003c8,1,200,71967,161.589,1254.144,57383
1787815347096,d9b27d91-0fa9-612c-4b18-86aa6c1a66d6,/p/0/70ac70aaa29737d2,3,200,506348,221.781,7926.096,63884
1787815352412,14083928-4f13-aa04-3e54-8c263b088cb1,/p/5/c04c3623aa1f74d7,3,200,252395,391.129,2740.272,92106
1787815353048,1e46a455-56c8-91fa-0560-77e275a2328b,/p/8/576325f9e7ad4255,11,200,126567,535.523,2192.252,57734
1787815355304,068c83ac-685f-09a7-5056-92f63c6ceb4a,/?crawl=157,0,200,25955,44.780,105.912,245061
1787815305490,0fb30b2c-7f00-9973-50c9-e1a66649e8ac,/p/0/1552865cdc7f0656,5,200,2158931,215.504,49925.848,43243
1787815354642,0c39296c-9d09-a3b9-cfb4-8e11142eafe6,/p/0/3966eec184af39ff,7,200,21898,245.013,813.646,26913
1787815304951,ed44bc0f-ef2d-a9ce-7a2d-62863ae567a0,/p/0/85464084c55c373f,10,200,5556772,185.065,50528.318,109973
1787815351161,ef9ba657-0067-9096-2382-ba2d211b55c7,/p/1/8869bf0c4252cb40,3,200,2444175,144.198,4318.104,566030
1787815355479,ef9ba657-0067-9096-2382-ba2d211b55c7,/p/0/7d8a14db55d628e5,4,200,19595,20.090,41.782,468985
1787815306690,0cac6aae-1489-56e0-7461-86608a6b60d9,/p/6/cf850a6fb9332357,6,200,5819800,976.574,48853.252,119128
1787815354651,1ff3bcd1-0da7-cd02-1374-522545639cba,/p/3/a40bc520493e5203,8,200,86140,244.189,910.898,94566
1787815354304,3210135b-09a8-2ca1-46dc-bdbd37136c45,/?crawl=155,0,200,464433,40.488,1265.860,366891
1787815353766,5da4b05c-7bb2-0b7f-fe15-0f7ec7728840,/p/2/a0852e018cf0072e,1,200,177872,161.525,1836.967,96829
1787815333608,452971bf-e875-1435-2f47-7f6c6fe20dea,/p/0/8e84f51c7df01787,9,200,5688101,342.812,21999.010,258562
1787815352656,9a32b0ef-c270-6f9f-10f8-32b2894067a2,/p/0/d1adaa3f8551481,1,200,325235,177.231,2954.497,110081
1787815353766,5da4b05c-7bb2-0b7f-fe15-0f7ec7728840,/p/0/a0852f018cf008e1,1,200,286658,51.413,1999.020,143399
1787815354950,0749ca82-1e65-8f0a-ba8a-b79b9d25deac,/p/0/184bbfa34b147068,6,200,102503,70.847,820.846,124875
1787815334472,5bf49a11-3401-a7a4-7d34-f0e4ab04e2d3,/p/0/b7fbe59e34df70f9,11,200,5598304,124.709,21311.424,262690
1787815301711,e74dc3e9-9b81-1c67-b868-f59eb1ef8038,/p/0/85b841dab4ace7dd,5,200,411124,2447.637,54131.841,7595
1787815352657,9a32b0ef-c270-6f9f-10f8-32b2894067a2,/p/7/d1ad8a3f855111b,1,200,514937,334.327,3293.977,156327
1787815352470,d1011d9f-5343-c4b8-8767-7499047217b7,/p/0/9e657ccbc10f0e5,5,200,404544,124.480,3502.498,115502
1787815352206,1ff3bcd1-0da7-cd02-1374-522545639cba,/p/0/3f6f04711607aabe,7,200,175185,440.391,3789.958,46223
1787815352809,d1011d9f-5343-c4b8-8767-7499047217b7,/p/0/f758dde860646c3c,6,200,399821,129.819,3256.728,122768
1787815351381,35ac03d0-51a9-63b9-a4a8-48ace02c60be,/p/0/d503403707e669ad,5,200,386777,361.262,4694.098,82396
1787815309740,16864d94-b0b1-7c67-8072-6515eeb7838a,/p/0/bae91e1e6de3abc4,2,200,5385117,549.023,46387.454,116090
1787815355543,0cac6aae-1489-56e0-7461-86608a6b60d9,/p/0/136f580077b48386,7,200,42232,301.107,601.110,70257
1787815335530,5bf49a11-3401-a7a4-7d34-f0e4ab04e2d3,/p/6/3e2f250428fc4b52,12,200,5938165,92.666,20616.663,288027
1787815352412,14083928-4f13-aa04-3e54-8c263b088cb1,/p/0/c04c3823aa1f783d,3,200,480552,56.954,3748.898,128185
1787815356146,5bf49a11-3401-a7a4-7d34-f0e4ab04e2d3,/p/0/d3db0a5f56aedebf,13,200,17607,18.618,36.877,477449
1787815354428,fff1ea97-b6b4-3164-10bb-35abbc98d713,/p/4/ed12b0b9290a0fdf,9,200,272650,37.290,1782.217,152984
1787815355951,9a32b0ef-c270-6f9f-10f8-32b2894067a2,/p/0/d5fd9a68fe89fe38,2,200,94948,23.705,315.764,300693
1787815332363,1444af44-e257-f0a8-290f-fb91f3b658e2,/p/0/66dd1f289177a1c3,4,200,2336422,308.830,23999.193,97354
1787815353533,63feb0eb-2564-8058-5024-1e4cb93e9190,/p/0/4aacd8ed63ced014,6,200,265058,65.237,2888.581,91761
1787815354642,0c39296c-9d09-a3b9-cfb4-8e11142eafe6,/p/7/3966edc184af384c,7,200,97338,265.893,1790.968,54349
1787815356146,5bf49a11-3401-a7a4-7d34-f0e4ab04e2d3,/p/5/d3db095f56aedd0c,13,200,116643,55.204,322.873,361266
1787815354428,fff1ea97-b6b4-3164-10bb-35abbc98d713,/p/0/ed12b2b9290a1345,9,200,291353,111.098,2092.158,139260
1787815356469,5bf49a11-3401-a7a4-7d34-f0e4ab04e2d3,/p/4/d99e59f8d6e0f565,14,200,10071,95.078,133.663,75346
1787815351293,e4c8a592-ef20-dddc-e06d-c3bb2884d28d,/p/0/8a433efda6a3e1e4,4,200,390729,28.977,5316.348,73496
1787815351293,e4c8a592-ef20-dddc-e06d-c3bb2884d28d,/p/0/8a4341fda6a3e6fd,4,200,497114,175.091,5325.156,93352
1787815356146,5bf49a11-3401-a7a4-7d34-f0e4ab04e2d3,/p/0/d3db0b5f56aee072,13,200,216018,36.989,503.228,429265
1787815355479,ef9ba657-0067-9096-2382-ba2d211b55c7,/p/0/7d8a11db55d623cc,4,200,354541,62.544,1214.696,291876
1787815355479,ef9ba657-0067-9096-2382-ba2d211b55c7,/p/0/7d8a13db55d62732,4,200,516216,41.816,1314.017,392853
1787815344304,29d0d395-37bb-0d0c-b54a-f56f7894572c,/?crawl=140,0,200,5026065,36.140,12490.208,402400
1787815353379,f9ac92eb-1252-5f06-7cc4-1f45fa8220a1,/p/0/b0139a2fc1b99f30,5,200,502290,188.855,3687.670,136208
1787815353048,1e46a455-56c8-91fa-0560-77e275a2328b,/p/0/576324f9e7ad40a2,11,200,156635,720.386,4104.744,38160
1787815355951,9a32b0ef-c270-6f9f-10f8-32b2894067a2,/p/0/d5fd9d68fe8a0351,2,200,345592,62.250,1280.645,269858
1787815351624,1e46a455-56c8-91fa-0560-77e275a2328b,/p/0/15410adaeda94588,10,200,454096,357.595,5669.561,80094
1787815354642,0c39296c-9d09-a3b9-cfb4-8e11142eafe6,/p/0/3966efc184af3bb2,7,200,160868,203.519,2652.054,60658
1787815355951,9a32b0ef-c270-6f9f-10f8-32b2894067a2,/p/6/d5fd9b68fe89ffeb,2,200,319577,138.380,1344.324,237723
1787815353379,f9ac92eb-1252-5f06-7cc4-1f45fa8220a1,/p/0/b0139b2fc1b9a0e3,5,200,393289,139.321,3967.636,99124
1787815355543,0cac6aae-1489-56e0-7461-86608a6b60d9,/p/0/136f570077b481d3,7,200,185976,567.322,1807.040,102918
1787815353054,35ac03d0-51a9-63b9-a4a8-48ace02c60be,/p/0/d934716e66bb31b1,6,200,521835,225.901,4298.439,121401
1787815352139,63a2f736-a599-8f16-6df1-716b89ede193,/p/0/8a67f5fd8f3a59c,9,200,112923,199.824,5351.477,21101
1787815347008,63a2f736-a599-8f16-6df1-716b89ede193,/p/13/8a6815fd8f3a902,9,200,432785,185.835,10485.805,41273
1787815353379,f9ac92eb-1252-5f06-7cc4-1f45fa8220a1,/p/0/b0139c2fc1b9a296,5,200,468985,150.450,4120.457,113819
1787815354270,d1011d9f-5343-c4b8-8767-7499047217b7,/p/0/f758dee860646def,6,200,504184,99.125,3268.991,154232
1787815354570,c646942c-ed5a-0fb7-d9a0-14e1ac87f778,/p/0/33ef825f218afb8e,1,200,210618,65.613,2979.232,70695
1787815355973,d1011d9f-5343-c4b8-8767-7499047217b7,/p/0/f758dfe860646fa2,6,200,241728,93.269,1583.344,152669
1787815352337,0c39296c-9d09-a3b9-cfb4-8e11142eafe6,/p/0/b14476ae7c99123e,6,200,317864,324.363,5299.261,59983
1787815315609,eb7e981e-236e-e62e-fcbd-039d90b367ca,/p/0/459dcbc1d5f91050,7,200,5322721,210.584,42153.612,126270
1787815351334,5dc1e98b-e944-26bb-e977-30c41b3bf4a0,/p/0/8302da5b66a71ae7,7,200,247829,394.004,6428.756,38550
1787815328228,eb7e981e-236e-e62e-fcbd-039d90b367ca,/p/0/793b0cce87329ee8,9,200,4273909,210.671,29539.612,144684
1787815350204,d9b27d91-0fa9-612c-4b18-86aa6c1a66d6,/p/0/f993bd796be73802,5,200,523560,210.783,7565.248,69206
1787815354518,d3f3f40b-c3ea-f844-52ad-3f984808282f,/p/0/c759d9bcb625f507,1,200,411299,143.796,3270.388,125765
1787815353533,63feb0eb-2564-8058-5024-1e4cb93e9190,/p/0/4aacdbed63ced52d,6,200,320946,310.668,4265.020,75251
1787815356210,fff1ea97-b6b4-3164-10bb-35abbc98d713,/p/3/7c979e8669f2b324,10,200,116446,255.614,1625.983,71616
1787815324429,eb7e981e-236e-e62e-fcbd-039d90b367ca,/p/0/793b0fce8732a401,9,200,5947375,208.027,33460.144,177745
1787815356603,5bf49a11-3401-a7a4-7d34-f0e4ab04e2d3,/p/0/c36d30ba73fafb5f,15,200,187535,149.607,1298.092,144470
1787815354651,1ff3bcd1-0da7-cd02-1374-522545639cba,/p/0/a40bc420493e5050,8,200,205897,244.226,3252.440,63305
1787815356210,fff1ea97-b6b4-3164-10bb-35abbc98d713,/p/0/7c979f8669f2b4d7,10,200,154721,237.331,1735.431,89154
1787815356304,455fa536-9bd1-c34a-d685-a2f8bbac7925,/?crawl=158,0,200,287204,82.068,1642.479,174860
1787815353960,fe9f5242-1dee-d8c5-2769-78aba5955fb8,/p/0/7d327422860fc162,9,200,273321,257.171,4129.312,66190
1787815345427,3e71326f-e416-3c5e-6236-7bd18a29c656,/p/0/37e243e4e907f2be,9,200,227835,345.730,12850.837,17729
1787815353960,fe9f5242-1dee-d8c5-2769-78aba5955fb8,/p/4/7d327222860fbdfc,9,200,371647,297.270,4352.809,85381
1787815354454,721d2a18-d5d4-9573-5d6a-dfab11b899dc,/p/0/ee2e8477df5be12d,1,200,234620,289.956,3906.750,60055
1787815356210,fff1ea97-b6b4-3164-10bb-35abbc98d713,/p/0/7c97a08669f2b68a,10,200,199235,201.737,2167.428,91922
1787815356469,5bf49a11-3401-a7a4-7d34-f0e4ab04e2d3,/p/0/d99e58f8d6e0f3b2,14,200,331216,95.048,2012.920,164545
1787815354454,721d2a18-d5d4-9573-5d6a-dfab11b899dc,/p/4/ee2e8377df5bdf7a,1,200,349259,56.435,4167.834,83799
1787815353048,1e46a455-56c8-91fa-0560-77e275a2328b,/p/0/576323f9e7ad3eef,11,200,276455,349.393,5602.301,49347
1787815345427,3e71326f-e416-3c5e-6236-7bd18a29c656,/p/0/37e242e4e907f10b,9,200,487023,480.854,13225.196,36825
1787815354570,c646942c-ed5a-0fb7-d9a0-14e1ac87f778,/p/0/33ef815f218af9db,1,200,274112,166.295,4119.716,66537
1787815357494,63a2f736-a599-8f16-6df1-716b89ede193,/p/12/8dbaac48fbfce711,10,200,22602,566.080,1292.707,17484
1787815336365,5da666f7-3930-edb3-8a37-ce435aa8f714,/p/0/58f3298a1702009e,5,200,4783988,311.300,22433.970,213247
1787815356603,5bf49a11-3401-a7a4-7d34-f0e4ab04e2d3,/p/3/c36d32ba73fafec5,15,200,454190,111.874,2237.987,202946
1787815352454,8e551002-bf5c-1717-e281-4fa00d9030bd,/p/0/f8750d5b71e26be,2,200,272491,337.779,6389.427,42647
1787815346875,8e551002-bf5c-1717-e281-4fa00d9030bd,/p/0/b9df4e153839de84,1,200,476463,56.113,11978.531,39776
1787815352454,8e551002-bf5c-1717-e281-4fa00d9030bd,/p/0/f874fd5b71e250b,2,200,477700,345.552,6410.333,74520
1787815354454,721d2a18-d5d4-9573-5d6a-dfab11b899dc,/p/0/ee2e8177df5bdc14,1,200,302388,375.222,4431.199,68241
1787815354950,0749ca82-1e65-8f0a-ba8a-b79b9d25deac,/p/0/184bc2a34b147581,6,200,336734,391.156,4041.102,83327
1787815357304,dfb72c95-9df6-a302-4f7f-eb28eb530616,/?crawl=160,0,200,373822,67.942,1761.638,212201
1787815345427,3e71326f-e416-3c5e-6236-7bd18a29c656,/p/1/37e241e4e907ef58,9,200,417059,378.321,13668.918,30511
1787815355570,3210135b-09a8-2ca1-46dc-bdbd37136c45,/p/0/5ac42d1a4ac0e7b4,1,200,296477,198.440,3573.496,82966
1787815357304,22d12676-3c4b-bc77-5504-3e3ba727582d,/?crawl=159,0,200,425500,66.735,1925.058,221032
1787815354428,fff1ea97-b6b4-3164-10bb-35abbc98d713,/p/0/ed12afb9290a0e2c,9,200,506273,37.369,4825.717,104911
1787815354950,0749ca82-1e65-8f0a-ba8a-b79b9d25deac,/p/10/184bc1a34b1473ce,6,200,435697,427.088,4325.018,100739
1787815348272,b65c0c64-3b12-5a25-dd6f-f7450caa3086,/p/0/15dd4afe37370489,3,200,380629,1876.585,11011.058,34568
1787815355603,5da4b05c-7bb2-0b7f-fe15-0f7ec7728840,/p/0/90986485d6b27a3c,2,200,250692,267.273,3770.223,66493
1787815357295,9a32b0ef-c270-6f9f-10f8-32b2894067a2,/p/5/44f95f62106b99f8,3,200,445979,25.154,2106.769,211689
1787815358622,721d2a18-d5d4-9573-5d6a-dfab11b899dc,/p/0/fd890c0202d0734e,2,200,60294,263.326,809.500,74483
1787815359229,22d12676-3c4b-bc77-5504-3e3ba727582d,/p/0/71c82db7537d6083,1,200,7718,194.611,227.174,33974
1787815355152,14083928-4f13-aa04-3e54-8c263b088cb1,/p/0/5402b6cb0c9c1fef,4,200,322635,319.881,4309.525,74866
1787815357494,63a2f736-a599-8f16-6df1-716b89ede193,/p/0/8dbaab48fbfce55e,10,200,87096,511.309,1975.283,44093
1787815355570,3210135b-09a8-2ca1-46dc-bdbd37136c45,/p/0/5ac4301a4ac0eccd,1,200,437349,38.309,3988.634,109649
1787815356433,0c39296c-9d09-a3b9-cfb4-8e11142eafe6,/p/6/21605e5ae5bd26f0,8,200,194556,228.336,3137.027,62019
1787815332362,1444af44-e257-f0a8-290f-fb91f3b658e2,/p/0/66dd20289177a376,4,200,2447803,285.314,27233.569,89882
1787815355152,14083928-4f13-aa04-3e54-8c263b088cb1,/p/4/5402b8cb0c9c2355,4,200,465351,294.638,4547.909,102322
1787815357295,9a32b0ef-c270-6f9f-10f8-32b2894067a2,/p/0/44f96062106b9bab,3,200,405852,49.771,2410.558,168364
1787815359229,22d12676-3c4b-bc77-5504-3e3ba727582d,/p/0/71c82cb7537d5ed0,1,200,102293,64.081,584.735,174939
1787815359402,9a32b0ef-c270-6f9f-10f8-32b2894067a2,/p/0/97a58e39b2a936c7,4,200,77328,127.495,653.447,118339
1787815358841,5bf49a11-3401-a7a4-7d34-f0e4ab04e2d3,/p/0/c0ab4cebe83198bc,16,200,229487,114.608,1217.705,188459
1787815359304,60d6c10a-b45d-5e48-b604-04773a6e6ae0,/?crawl=161,0,200,412695,26.503,775.977,531839
1787815359275,0749ca82-1e65-8f0a-ba8a-b79b9d25deac,/p/0/2bcb9c861a2c03d8,7,200,24644,390.681,870.056,28325
1787815355603,5da4b05c-7bb2-0b7f-fe15-0f7ec7728840,/p/0/90986785d6b27f55,2,200,358299,267.246,4597.777,77929
1787815351486,e006d3a4-893c-ecdd-0350-87bafabb266c,/p/0/1cfc63d278cbd8d5,4,200,191959,568.479,8794.987,21826
1787815355996,1ff3bcd1-0da7-cd02-1374-522545639cba,/p/2/d9806960d9de78c0,9,200,277223,188.599,4287.919,64652
1787815360304,3952e698-9ec0-461c-370f-3bcdd2b0f130,/?crawl=162,0,200,27045,15.149,32.584,830011
1787815353960,fe9f5242-1dee-d8c5-2769-78aba5955fb8,/p/0/7d327322860fbfaf,9,200,438026,316.489,6436.014,68059
1787815355603,5da4b05c-7bb2-0b7f-fe15-0f7ec7728840,/p/1/90986685d6b27da2,2,200,427569,162.003,4834.916,88434
1787815358841,5bf49a11-3401-a7a4-7d34-f0e4ab04e2d3,/p/2/c0ab4eebe8319c22,16,200,340258,114.491,1687.286,201660
1787815352205,1ff3bcd1-0da7-cd02-1374-522545639cba,/p/0/3f6f03711607a90b,7,200,439425,320.263,8325.026,52784
1787815357836,fff1ea97-b6b4-3164-10bb-35abbc98d713,/p/0/d3ad0f8bb2f025b1,11,200,372202,216.133,2833.658,131350
1787815360337,3952e698-9ec0-461c-370f-3bcdd2b0f130,/p/0/c509e6713d9def63,1,200,206203,64.253,439.217,469479
1787815357836,fff1ea97-b6b4-3164-10bb-35abbc98d713,/p/2/d3ad0e8bb2f023fe,11,200,350560,216.150,3236.066,108329
1787815351898,ab26aace-a219-cdc4-0c38-30c83d8f2c44,/p/0/e76fa1b0765eb871,1,200,2600944,88.690,9203.846,282593
1787815351293,e4c8a592-ef20-dddc-e06d-c3bb2884d28d,/p/2/8a433ffda6a3e397,4,200,3833725,175.070,9961.004,384873
1787815359402,9a32b0ef-c270-6f9f-10f8-32b2894067a2,/p/4/97a59039b2a93a2d,4,200,242195,179.094,2062.116,117450
1787815359402,9a32b0ef-c270-6f9f-10f8-32b2894067a2,/p/0/97a58f39b2a9387a,4,200,406561,179.075,2062.187,197150
1787815358787,63a2f736-a599-8f16-6df1-716b89ede193,/p/0/8dbaaa48fbfce3ab,10,200,163172,188.975,2690.481,60648
1787815339178,1444af44-e257-f0a8-290f-fb91f3b658e2,/p/0/ef26748357af845c,6,200,2549958,308.150,22430.610,113682
1787815348272,b65c0c64-3b12-5a25-dd6f-f7450caa3086,/p/10/15dd48fe37370123,3,200,396119,1057.028,13449.186,29453
1787815345304,b3a23f41-af11-6422-808e-1c535d4af12f,/?crawl=144,0,200,3295074,68.174,16457.298,200220
1787815358622,721d2a18-d5d4-9573-5d6a-dfab11b899dc,/p/0/fd890b0202d0719b,2,200,363615,291.885,3149.265,115460
1787815360438,5da4b05c-7bb2-0b7f-fe15-0f7ec7728840,/p/0/8866256a037744e7,3,200,111040,185.752,1379.362,80501
1787815351898,ab26aace-a219-cdc4-0c38-30c83d8f2c44,/p/2/e76f9fb0765eb50b,1,200,5907058,299.081,10043.311,588158
1787815360337,3952e698-9ec0-461c-370f-3bcdd2b0f130,/p/0/c509e7713d9df116,1,200,369611,12.952,1632.642,226388
1787815358313,fe9f5242-1dee-d8c5-2769-78aba5955fb8,/p/3/8305b12d0612141,10,200,378672,217.128,3674.008,103068
1787815345993,fc97bfa7-235d-3fc5-1122-8ebed5c0cde0,/p/0/f09acd696098e7fc,7,200,2621914,376.633,16143.674,162411
1787815348818,f9ac92eb-1252-5f06-7cc4-1f45fa8220a1,/p/0/5ab23366c07a4f46,4,200,2527696,157.380,13372.698,189019
1787815310375,c0c10915-3471-79f2-0f28-e98cd9c13848,/p/0/dcf149d54e724bdc,2,200,5556061,531.285,51844.808,107167
1787815360080,60d6c10a-b45d-5e48-b604-04773a6e6ae0,/p/0/acaea587fcd13f6,1,200,285830,61.541,2140.259,133549
1787815359570,0c39296c-9d09-a3b9-cfb4-8e11142eafe6,/p/5/5c8f3cc91cbc6d44,9,200,124578,244.952,2733.026,45582
1787815361464,9a32b0ef-c270-6f9f-10f8-32b2894067a2,/p/0/7bd12cfc57eaaa97,5,200,64287,138.738,850.998,75543
1787815357294,0c39296c-9d09-a3b9-cfb4-8e11142eafe6,/p/0/2160605ae5bd2a56,8,200,381173,225.145,5028.235,75807
1787815361942,ab26aace-a219-cdc4-0c38-30c83d8f2c44,/p/0/884d471a03ab4bcb,2,200,105126,312.043,382.577,274784
1787815358622,721d2a18-d5d4-9573-5d6a-dfab11b899dc,/p/3/fd890a0202d06fe8,2,200,447392,436.327,3705.505,120737
1787815361942,ab26aace-a219-cdc4-0c38-30c83d8f2c44,/p/0/884d481a03ab4d7e,2,200,290389,2.763,393.845,737318
1787815361987,fe9f5242-1dee-d8c5-2769-78aba5955fb8,/p/0/7500e50d47b060cf,11,200,48832,353.017,369.570,132132
1787815361987,fe9f5242-1dee-d8c5-2769-78aba5955fb8,/p/2/7500e40d47b05f1c,11,200,25705,368.481,369.812,69508
1787815360080,60d6c10a-b45d-5e48-b604-04773a6e6ae0,/p/2/acae8587fcd1090,1,200,236549,190.138,2394.585,98785
1787815310374,c0c10915-3471-79f2-0f28-e98cd9c13848,/p/0/dcf14cd54e7250f5,2,200,5414667,490.647,52335.077,103462
1787815355842,e74dc3e9-9b81-1c67-b868-f59eb1ef8038,/p/8/cf92057e18a4b638,6,200,507489,1124.885,6875.290,73813
1787815361072,fff1ea97-b6b4-3164-10bb-35abbc98d713,/p/0/a177a5d84f9d29ce,12,200,188248,179.672,1707.900,110222
1787815361304,c73dac6e-70cd-a441-9567-fe760f466832,/?crawl=163,0,200,336436,67.323,1488.740,225987
1787815362793,c73dac6e-70cd-a441-9567-fe760f466832,/p/0/319f9113a902f950,1,200,14311,61.038,93.035,153824
1787815302981,cf6b0c32-d027-3b38-e2ca-a9d4c3aeba8a,/p/5/6c427138631fde86,1,200,3956738,1138.615,60007.073,65938
1787815361254,e4c8a592-ef20-dddc-e06d-c3bb2884d28d,/p/0/2cce2a10a9ab5ef0,5,200,288516,148.090,1756.264,164278
1787815360528,5bf49a11-3401-a7a4-7d34-f0e4ab04e2d3,/p/0/82f6d1c504a27ef,17,200,334433,90.040,2529.048,132237
1787815359275,0749ca82-1e65-8f0a-ba8a-b79b9d25deac,/p/9/2bcb9e861a2c073e,7,200,361874,72.411,3784.553,95619
1787815360438,5da4b05c-7bb2-0b7f-fe15-0f7ec7728840,/p/0/8866276a0377484d,3,200,289025,50.619,2629.256,109927
1787815361942,ab26aace-a219-cdc4-0c38-30c83d8f2c44,/p/1/884d461a03ab4a18,2,200,516324,2.877,1229.416,419975
1787815309740,16864d94-b0b1-7c67-8072-6515eeb7838a,/p/2/bae91f1e6de3ad77,2,200,5947997,106.822,53571.937,111028
1787815360438,5da4b05c-7bb2-0b7f-fe15-0f7ec7728840,/p/0/8866246a03774334,3,200,429348,212.727,3058.681,140370
1787815360528,5bf49a11-3401-a7a4-7d34-f0e4ab04e2d3,/p/0/82f6e1c504a29a2,17,200,483536,108.588,2989.507,161744
1787815361072,fff1ea97-b6b4-3164-10bb-35abbc98d713,/p/1/a177a3d84f9d2668,12,200,272896,216.023,2570.962,106145
1787815359066,dfb72c95-9df6-a302-4f7f-eb28eb530616,/p/11/9e353db6146806a3,1,200,142976,404.936,4593.677,31125
1787815362356,fe9f5242-1dee-d8c5-2769-78aba5955fb8,/p/0/7500e60d47b06282,11,200,165554,753.055,1337.020,123823
1787815325495,fe9f5242-1dee-d8c5-2769-78aba5955fb8,/p/0/e047314baf346ef6,7,200,5416406,234.467,38204.941,141772
1787815361762,b3a23f41-af11-6422-808e-1c535d4af12f,/p/0/4d49a472ccd4d64a,1,200,107798,329.539,1941.613,55520
1787815361464,9a32b0ef-c270-6f9f-10f8-32b2894067a2,/p/0/7bd12dfc57eaac4a,5,200,414908,125.913,2313.220,179364
1787815362793,c73dac6e-70cd-a441-9567-fe760f466832,/p/6/319f9313a902fcb6,1,200,108023,124.639,1166.672,92591
1787815360528,5bf49a11-3401-a7a4-7d34-f0e4ab04e2d3,/p/1/82f6c1c504a263c,17,200,506373,99.157,3446.240,146935
1787815362356,fe9f5242-1dee-d8c5-2769-78aba5955fb8,/p/1/bee0767bacfe8f40,12,200,437929,752.442,1670.785,262110
1787815311929,734b25fb-d87c-a41b-9c0b-2584b6aa4c78,/p/2/903cd3449922770d,1,200,2847775,3209.498,52153.214,54604
1787815361464,9a32b0ef-c270-6f9f-10f8-32b2894067a2,/p/3/7bd12bfc57eaa8e4,5,200,465312,126.006,2718.294,171178
1787815362475,60d6c10a-b45d-5e48-b604-04773a6e6ae0,/p/0/5f60a3d7372b721d,2,200,216391,138.361,1783.982,121297
1787815364083,734b25fb-d87c-a41b-9c0b-2584b6aa4c78,/p/0/a87bd60c3a5d8e44,2,200,22713,100.288,180.635,125740
1787815362475,60d6c10a-b45d-5e48-b604-04773a6e6ae0,/p/0/5f60a0d7372b6d04,2,200,322025,126.054,1860.342,173100
1787815311929,734b25fb-d87c-a41b-9c0b-2584b6aa4c78,/p/0/903cd2449922755a,1,200,3055210,303.273,52481.778,58215
1787815362327,721d2a18-d5d4-9573-5d6a-dfab11b899dc,/p/0/afc8211c7084d549,3,200,155192,229.567,2099.742,73910
1787815362475,60d6c10a-b45d-5e48-b604-04773a6e6ae0,/p/1/5f60a2d7372b706a,2,200,265292,125.987,2067.808,128296
1787815357153,1e46a455-56c8-91fa-0560-77e275a2328b,/p/0/97c1b45ca06365e,12,200,431291,350.786,7390.736,58356
1787815364083,734b25fb-d87c-a41b-9c0b-2584b6aa4c78,/p/1/a87bd70c3a5d8ff7,2,200,166290,93.515,482.764,344454
1787815357903,1ff3bcd1-0da7-cd02-1374-522545639cba,/p/0/d9806a60d9de7a73,9,200,378370,190.849,6671.873,56711
1787815363312,16864d94-b0b1-7c67-8072-6515eeb7838a,/p/1/b1c1c38653e8e862,3,200,48090,528.048,1353.315,35535
1787815364304,8e7a01ec-a46f-8fd1-cdff-5aa0b89c8aab,/?crawl=165,0,200,164380,44.049,445.646,368857
1787815363060,0749ca82-1e65-8f0a-ba8a-b79b9d25deac,/p/0/1a5d85930302dfac,8,200,39885,359.307,1730.821,23044
1787815364027,fe9f5242-1dee-d8c5-2769-78aba5955fb8,/p/0/2a5d06857dc61845,13,200,68861,605.304,828.113,83154
1787815363312,16864d94-b0b1-7c67-8072-6515eeb7838a,/p/0/b1c1c48653e8ea15,3,200,155838,73.654,1580.758,98584
1787815364083,734b25fb-d87c-a41b-9c0b-2584b6aa4c78,/p/0/a87bd90c3a5d935d,2,200,364886,93.877,888.149,410839
1787815362328,721d2a18-d5d4-9573-5d6a-dfab11b899dc,/p/0/afc81e1c7084d030,3,200,284626,55.688,2709.203,105059
1787815364750,8e7a01ec-a46f-8fd1-cdff-5aa0b89c8aab,/p/0/58743fced238ec42,1,200,39274,39.954,447.032,87855
1787815361761,b3a23f41-af11-6422-808e-1c535d4af12f,/p/0/4d49a372ccd4d497,1,200,292766,66.746,3441.588,85067
1787815364566,734b25fb-d87c-a41b-9c0b-2584b6aa4c78,/p/0/7f81a4fc114047e0,3,200,168875,87.109,707.416,238721
1787815364566,734b25fb-d87c-a41b-9c0b-2584b6aa4c78,/p/0/7f81a7fc11404cf9,3,200,190359,94.362,825.686,230546
1787815365304,ae73129a-f067-5805-ca89-9ca050b023cd,/?crawl=167,0,200,51389,33.700,127.865,401899
1787815363700,fe9f5242-1dee-d8c5-2769-78aba5955fb8,/p/0/bee0787bacfe92a6,12,200,280759,932.121,1820.205,154246
1787815363693,fe9f5242-1dee-d8c5-2769-78aba5955fb8,/p/0/bee0777bacfe90f3,12,200,331910,1066.827,1832.273,181147
1787815362322,0c39296c-9d09-a3b9-cfb4-8e11142eafe6,/p/4/b13cab9653d597d3,10,200,152343,344.691,3220.033,47311
1787815340496,10282b25-88d2-49b4-dc6b-7ab3b875e9e4,/p/0/215f30a0ded4b43d,5,200,6188535,101.487,25062.120,246928
1787815364566,734b25fb-d87c-a41b-9c0b-2584b6aa4c78,/p/0/7f81a6fc11404b46,3,200,482626,94.448,1012.661,476592
1787815365304,a6935384-2c16-f0dc-d435-47058514eb2e,/?crawl=169,0,200,500155,32.772,352.961,1417028
1787815363060,0749ca82-1e65-8f0a-ba8a-b79b9d25deac,/p/8/1a5d86930302e15f,8,200,180123,402.204,2624.893,68621
1787815354570,c646942c-ed5a-0fb7-d9a0-14e1ac87f778,/p/11/33ef835f218afd41,1,200,5832408,366.471,11195.649,520953
1787815364575,1ff3bcd1-0da7-cd02-1374-522545639cba,/p/0/9743cddfa5c2faea,10,200,54121,303.549,1269.218,42641
1787815365766,c646942c-ed5a-0fb7-d9a0-14e1ac87f778,/p/0/23da9c7c82ec0f1e,2,200,50204,39.798,90.197,556604
1787815359700,14083928-4f13-aa04-3e54-8c263b088cb1,/p/3/ce365282943c291b,5,200,420714,291.397,6164.702,68246
1787815365304,c1f0de7f-b6b0-74a5-0ef3-ec37baba2fe8,/?crawl=166,0,200,265218,34.802,596.311,444764
1787815365304,5a1c49f5-5c65-54f7-6847-117810ebe534,/?crawl=168,0,200,168136,135.349,626.632,268317
1787815365432,ae73129a-f067-5805-ca89-9ca050b023cd,/p/3/7f48e889fb6ed502,1,200,38067,180.478,538.698,70665
1787815364543,60d6c10a-b45d-5e48-b604-04773a6e6ae0,/p/0/5811b53d7b95133f,3,200,197360,190.865,1525.988,129333
1787815363975,5bf49a11-3401-a7a4-7d34-f0e4ab04e2d3,/p/0/ccf852d5ee37d392,18,200,223527,153.452,2121.432,105366
1787815365766,c646942c-ed5a-0fb7-d9a0-14e1ac87f778,/p/0/23da9b7c82ec0d6b,2,200,341079,39.764,366.551,930508
1787815360337,3952e698-9ec0-461c-370f-3bcdd2b0f130,/p/3/c509e8713d9df2c9,1,200,6222920,35.717,5839.304,1065696
1787815362718,e74dc3e9-9b81-1c67-b868-f59eb1ef8038,/p/0/cf92067e18a4b7eb,6,200,223889,285.258,3462.522,64661
1787815365931,5a1c49f5-5c65-54f7-6847-117810ebe534,/p/0/3987eaa2b93fbaa1,1,200,311923,2.672,314.746,991030
1787815365931,5a1c49f5-5c65-54f7-6847-117810ebe534,/p/0/3987e7a2b93fb588,1,200,117940,314.687,315.852,373403
1787815366176,3952e698-9ec0-461c-370f-3bcdd2b0f130,/p/2/873fbb14e023c1dc,2,200,42073,57.012,107.713,390604
1787815345188,f9ac92eb-1252-5f06-7cc4-1f45fa8220a1,/p/0/75323ed0461878f6,2,200,5336761,102.675,21231.658,251359
1787815363975,5bf49a11-3401-a7a4-7d34-f0e4ab04e2d3,/p/0/ccf851d5ee37d1df,18,200,377678,180.392,2470.377,152883
1787815363171,ab26aace-a219-cdc4-0c38-30c83d8f2c44,/p/0/9b2b484c7e1ec79,3,200,186604,388.103,3336.157,55934
1787815293078,0fb30b2c-7f00-9973-50c9-e1a66649e8ac,/p/0/9e2caa445ebe0b5f,2,200,4094138,193.520,73452.419,55739
1787815366176,3952e698-9ec0-461c-370f-3bcdd2b0f130,/p/0/873fbc14e023c38f,2,200,211710,12.286,366.622,577461
1787815365931,5a1c49f5-5c65-54f7-6847-117810ebe534,/p/1/3987e8a2b93fb73b,1,200,58176,316.838,660.468,88083
1787815360281,e006d3a4-893c-ecdd-0350-87bafabb266c,/p/0/1cfc60d278cbd3bc,4,200,164905,293.808,6326.590,26065
1787815359700,14083928-4f13-aa04-3e54-8c263b088cb1,/p/0/ce365482943c2c81,5,200,482522,265.898,6985.568,69074
1787815363975,5bf49a11-3401-a7a4-7d34-f0e4ab04e2d3,/p/0/ccf853d5ee37d545,18,200,421206,97.162,2839.074,148360
1787815365900,c1f0de7f-b6b0-74a5-0ef3-ec37baba2fe8,/p/0/12b33de79009cb15,1,200,113874,32.206,921.427,123584
1787815361721,b65c0c64-3b12-5a25-dd6f-f7450caa3086,/p/9/57c09d2dd7e3c183,4,200,140999,453.201,5103.168,27630
1787815366284,3952e698-9ec0-461c-370f-3bcdd2b0f130,/p/1/c40bc346897c43df,3,200,180569,79.013,671.832,268771
1787815364183,9a32b0ef-c270-6f9f-10f8-32b2894067a2,/p/0/f82fd98b87d2629c,6,200,446821,139.834,3015.877,148156
1787815364543,60d6c10a-b45d-5e48-b604-04773a6e6ae0,/p/0/5811b73d7b9516a5,3,200,353783,178.528,2684.728,131776
1787815366956,3952e698-9ec0-461c-370f-3bcdd2b0f130,/p/0/37f7790b9da242f2,4,200,70012,72.183,280.461,249632
1787815366956,3952e698-9ec0-461c-370f-3bcdd2b0f130,/p/0/37f77a0b9da244a5,4,200,124306,55.729,391.158,317789
1787815366956,3952e698-9ec0-461c-370f-3bcdd2b0f130,/p/0/37f7780b9da2413f,4,200,94867,66.531,430.354,220440
1787815350396,d1011d9f-5343-c4b8-8767-7499047217b7,/p/0/527857dce588692d,4,200,3359774,125.460,17008.813,197531
1787815362988,cf6b0c32-d027-3b38-e2ca-a9d4c3aeba8a,/p/0/39541c369e570072,2,200,127405,679.151,4423.436,28802
1787815366176,3952e698-9ec0-461c-370f-3bcdd2b0f130,/p/0/873fbd14e023c542,2,200,341462,57.031,1236.626,276124
1787815365685,0749ca82-1e65-8f0a-ba8a-b79b9d25deac,/p/0/778c572464a26f3a,9,200,34685,388.818,1889.484,18357
1787815365766,c646942c-ed5a-0fb7-d9a0-14e1ac87f778,/p/10/23da9d7c82ec10d1,2,200,3915503,3.741,1926.244,2032714
1787815367304,7e68917e-d5ce-540a-17e4-1d60dcdc2790,/?crawl=173,0,200,77572,75.450,422.119,183768
1787815365865,14083928-4f13-aa04-3e54-8c263b088cb1,/p/2/d8272b80f808f285,6,200,95695,288.901,1882.204,50842
1787815333212,1e46a455-56c8-91fa-0560-77e275a2328b,/p/0/bda82005ef4c71e1,6,200,3133918,552.495,34644.071,90460
1787815359570,0c39296c-9d09-a3b9-cfb4-8e11142eafe6,/p/0/5c8f3dc91cbc6ef7,9,200,443586,244.995,8329.220,53257
1787815359066,dfb72c95-9df6-a302-4f7f-eb28eb530616,/p/0/9e353fb614680a09,1,200,313138,66.829,8850.321,35382
1787815367692,c646942c-ed5a-0fb7-d9a0-14e1ac87f778,/p/9/f61ab2767bcd2cfb,3,200,82410,64.238,231.957,355282
1787815366591,5a1c49f5-5c65-54f7-6847-117810ebe534,/p/0/b6e506c1a66dc47c,2,200,171106,1027.553,1333.247,128338
1787815367692,c646942c-ed5a-0fb7-d9a0-14e1ac87f778,/p/0/f61ab1767bcd2b48,3,200,344984,6.261,267.402,1290133
1787815343745,ab20e2c6-17bf-e321-abcd-e30c10aef1f9,/p/6/b205a2cdb14246e1,3,200,345515,1293.002,24224.918,14263
1787815367924,c646942c-ed5a-0fb7-d9a0-14e1ac87f778,/p/0/f0095193d3e5563f,4,200,118834,13.407,84.418,1407683
1787815367692,c646942c-ed5a-0fb7-d9a0-14e1ac87f778,/p/0/f61ab4767bcd3061,3,200,334109,2.042,356.777,936465
1787815367924,c646942c-ed5a-0fb7-d9a0-14e1ac87f778,/p/0/f0095293d3e557f2,4,200,236664,16.447,133.935,1767008
1787815365971,ae73129a-f067-5805-ca89-9ca050b023cd,/p/0/8fe4002173529f30,2,200,119212,155.571,2188.728,54466
1787815367304,9f954951-59a6-5661-8c03-9a01a0565f38,/?crawl=172,0,200,504342,28.582,919.118,548724
1787815364750,8e7a01ec-a46f-8fd1-cdff-5aa0b89c8aab,/p/0/58743eced238ea8f,1,200,336429,39.961,3565.097,94367
1787815346189,d1011d9f-5343-c4b8-8767-7499047217b7,/p/0/76ecef079914a64d,2,200,4711400,1152.727,22157.617,212631
1787815365900,c1f0de7f-b6b0-74a5-0ef3-ec37baba2fe8,/p/0/12b33ce79009c962,1,200,218751,64.198,2477.145,88308
1787815362988,cf6b0c32-d027-3b38-e2ca-a9d4c3aeba8a,/p/0/39541b369e56febf,2,200,268302,84.131,5402.388,49664
1787815365657,a6935384-2c16-f0dc-d435-47058514eb2e,/p/0/a61d954524a4c48e,1,200,174099,4.439,2739.808,63544
1787815349059,35ac03d0-51a9-63b9-a4a8-48ace02c60be,/p/0/a52a8f7ffa015edf,3,200,5043932,390.716,19432.669,259559
1787815363643,fff1ea97-b6b4-3164-10bb-35abbc98d713,/p/0/d51a5cf51cd549c4,13,200,381225,182.466,4888.852,77978
1787815362988,cf6b0c32-d027-3b38-e2ca-a9d4c3aeba8a,/p/4/39541d369e570225,2,200,340519,963.476,5636.187,60417
1787815365657,a6935384-2c16-f0dc-d435-47058514eb2e,/p/0/a61d944524a4c2db,1,200,163818,1614.813,2991.526,54761
1787815364665,16864d94-b0b1-7c67-8072-6515eeb7838a,/p/0/d1b1dc1c0e3f301,4,200,196053,419.473,4128.020,47493
1787815364665,16864d94-b0b1-7c67-8072-6515eeb7838a,/p/0/d1b1ac1c0e3ede8,4,200,162999,494.057,4166.627,39120
1787815359700,14083928-4f13-aa04-3e54-8c263b088cb1,/p/0/ce365182943c2768,5,200,518568,329.988,9227.887,56196
1787815365432,ae73129a-f067-5805-ca89-9ca050b023cd,/p/0/7f48e689fb6ed19c,1,200,442185,96.919,3622.396,122070
1787815363312,16864d94-b0b1-7c67-8072-6515eeb7838a,/p/0/b1c1c18653e8e4fc,3,200,318176,528.170,5746.674,55367
1787815367924,c646942c-ed5a-0fb7-d9a0-14e1ac87f778,/p/8/f0095093d3e5548c,4,200,6088435,15.311,1164.534,5228215
1787815369089,c646942c-ed5a-0fb7-d9a0-14e1ac87f778,/p/7/53a37ab9cf4eac0,5,200,85534,7.511,27.195,3145177
1787815366591,5a1c49f5-5c65-54f7-6847-117810ebe534,/p/0/b6e507c1a66dc62f,2,200,502837,1027.366,2548.427,197313
1787815333664,63a2f736-a599-8f16-6df1-716b89ede193,/p/0/9ee0a2f954883b38,7,200,2208229,353.797,35492.349,62217
1787815369089,c646942c-ed5a-0fb7-d9a0-14e1ac87f778,/p/0/53a39ab9cf4ee26,5,200,193631,2.734,89.023,2175070
1787815359096,3e71326f-e416-3c5e-6236-7bd18a29c656,/p/0/423df9c0d3308004,10,200,341772,666.654,10133.830,33726
1787815358841,5bf49a11-3401-a7a4-7d34-f0e4ab04e2d3,/p/0/c0ab4febe8319dd5,16,200,2193583,123.416,10521.838,208479
1787815368304,9b756a86-8abd-2ab1-135b-50a13ba82815,/?crawl=174,0,200,201656,82.420,1076.975,187243
1787815369089,c646942c-ed5a-0fb7-d9a0-14e1ac87f778,/p/0/53a38ab9cf4ec73,5,200,388000,1.510,305.114,1271656
1787815369116,c646942c-ed5a-0fb7-d9a0-14e1ac87f778,/p/0/d5ede350f17a32a3,6,200,281263,21.151,287.792,977312
1787815365657,a6935384-2c16-f0dc-d435-47058514eb2e,/p/0/a61d934524a4c128,1,200,506563,1616.678,3825.225,132427
1787815365432,ae73129a-f067-5805-ca89-9ca050b023cd,/p/0/7f48e989fb6ed6b5,1,200,281323,31.898,4066.132,69187
1787815366607,e006d3a4-893c-ecdd-0350-87bafabb266c,/p/9/c6a06022d877cda2,5,200,112756,351.214,2919.276,38625
1787815344305,f290b8bb-2495-d3c8-2b2d-93e36d7a784f,/?crawl=141,0,200,4864796,74.664,25247.693,192683
1787815364665,16864d94-b0b1-7c67-8072-6515eeb7838a,/p/0/d1b1bc1c0e3ef9b,4,200,308184,419.442,4888.694,63040
1787815355570,3210135b-09a8-2ca1-46dc-bdbd37136c45,/p/2/5ac42e1a4ac0e967,1,200,4176329,198.486,14154.130,295061
1787815365971,ae73129a-f067-5805-ca89-9ca050b023cd,/p/2/8fe401217352a0e3,2,200,329615,187.540,3905.532,84397
1787815340946,63a2f736-a599-8f16-6df1-716b89ede193,/p/0/7131e9b5cb27cb86,8,200,2104585,231.458,29136.242,72233
1787815368224,9f954951-59a6-5661-8c03-9a01a0565f38,/p/0/5ebb72f767e1f9e7,1,200,174244,84.380,1921.382,90687
1787815365971,ae73129a-f067-5805-ca89-9ca050b023cd,/p/0/8fe403217352a449,2,200,508260,203.736,4409.039,115277
1787815345698,d1011d9f-5343-c4b8-8767-7499047217b7,/p/0/456151e3bc9820de,1,200,6114467,76.788,24800.517,246546
1787815366304,51428ba2-52a8-8af3-b7cf-b484e83bda78,/?crawl=170,0,200,517099,119.907,4219.786,122542
1787815363660,dfb72c95-9df6-a302-4f7f-eb28eb530616,/p/0/3edb83a456f0a38f,2,200,266771,763.939,6967.413,38288
1787815368224,9f954951-59a6-5661-8c03-9a01a0565f38,/p/0/5ebb73f767e1fb9a,1,200,338070,27.001,2519.198,134197
1787815366591,5a1c49f5-5c65-54f7-6847-117810ebe534,/p/0/b6e509c1a66dc995,2,200,5293515,3.109,4172.380,1268704
1787815358312,fe9f5242-1dee-d8c5-2769-78aba5955fb8,/p/0/8305912d0611ddb,10,200,3177316,217.280,12492.185,254344
1787815366284,3952e698-9ec0-461c-370f-3bcdd2b0f130,/p/0/c40bc546897c4745,3,200,2662755,84.407,4554.454,584649
1787815369724,3210135b-09a8-2ca1-46dc-bdbd37136c45,/p/1/c6fa63c1fb49fa96,2,200,161380,293.562,1143.218,141163
1787815369116,c646942c-ed5a-0fb7-d9a0-14e1ac87f778,/p/6/d5ede550f17a3609,6,200,4690101,23.589,1857.540,2524899
1787815368224,9f954951-59a6-5661-8c03-9a01a0565f38,/p/0/5ebb71f767e1f834,1,200,516689,69.375,2791.010,185126
1787815370974,c646942c-ed5a-0fb7-d9a0-14e1ac87f778,/p/0/74b8317c283ecfa5,7,200,68165,13.909,49.780,1369332
1787815370974,c646942c-ed5a-0fb7-d9a0-14e1ac87f778,/p/0/74b82e7c283eca8c,7,200,177877,17.878,121.125,1468546
1787815369157,63a2f736-a599-8f16-6df1-716b89ede193,/p/0/5f2329d098219e9c,11,200,151534,242.975,2135.853,70948
1787815369116,c646942c-ed5a-0fb7-d9a0-14e1ac87f778,/p/0/d5ede450f17a3456,6,200,5539341,21.139,2215.101,2500718
1787815371304,4cc59da5-43fd-bad1-f6e4-04780c37b1b1,/?crawl=177,0,200,188935,33.369,436.906,432439
1787815355543,0cac6aae-1489-56e0-7461-86608a6b60d9,/p/5/136f560077b48020,7,200,3380380,368.508,16281.150,207625
1787815370974,c646942c-ed5a-0fb7-d9a0-14e1ac87f778,/p/5/74b82f7c283ecc3f,7,200,4702032,17.937,1037.899,4530338
1787815360080,60d6c10a-b45d-5e48-b604-04773a6e6ae0,/p/0/acae9587fcd1243,1,200,2505332,50.475,11943.349,209768
1787815335615,1ff3bcd1-0da7-cd02-1374-522545639cba,/p/0/8fcf8b36f057303e,5,200,5821763,207.717,36423.344,159836
1787815372012,c646942c-ed5a-0fb7-d9a0-14e1ac87f778,/p/0/63962e369fbadb7e,8,200,199588,2.565,65.330,3055055
1787815352454,8e551002-bf5c-1717-e281-4fa00d9030bd,/p/3/f874ed5b71e2358,2,200,2274721,411.627,19625.938,115904
1787815372012,c646942c-ed5a-0fb7-d9a0-14e1ac87f778,/p/0/63962d369fbad9cb,8,200,92037,2.659,69.621,1321976
1787815372012,c646942c-ed5a-0fb7-d9a0-14e1ac87f778,/p/4/63962c369fbad818,8,200,444318,16.804,126.909,3501067
1787815372139,c646942c-ed5a-0fb7-d9a0-14e1ac87f778,/p/0/afcb6cd693460b31,9,200,107672,9.522,64.200,1677132
1787815369877,ae73129a-f067-5805-ca89-9ca050b023cd,/p/0/862bc603d15d258f,3,200,310910,347.647,2336.480,133068
1787815372139,c646942c-ed5a-0fb7-d9a0-14e1ac87f778,/p/3/afcb6bd69346097e,9,200,162547,1.762,80.004,2031735
1787815311336,0fb30b2c-7f00-9973-50c9-e1a66649e8ac,/p/0/45bafeaed08441b,6,200,2759571,270.836,60923.642,45296
1787815372139,c646942c-ed5a-0fb7-d9a0-14e1ac87f778,/p/0/afcb69d693460618,9,200,371597,1.744,152.113,2442899
1787815372219,c646942c-ed5a-0fb7-d9a0-14e1ac87f778,/p/0/73c3e627e5a0c61a,10,200,197693,16.688,145.776,1356140
1787815365900,c1f0de7f-b6b0-74a5-0ef3-ec37baba2fe8,/p/0/12b33be79009c7af,1,200,2203945,64.206,6483.840,339914
1787815372219,c646942c-ed5a-0fb7-d9a0-14e1ac87f778,/p/2/73c3e727e5a0c7cd,10,200,437066,16.726,185.683,2353835
1787815372219,c646942c-ed5a-0fb7-d9a0-14e1ac87f778,/p/0/73c3e527e5a0c467,10,200,315762,16.735,198.493,1590801
1787815365542,0c39296c-9d09-a3b9-cfb4-8e11142eafe6,/p/0/b13caa9653d59620,10,200,270086,243.865,6888.665,39207
1787815370868,3210135b-09a8-2ca1-46dc-bdbd37136c45,/p/0/285fcc6a10c65787,3,200,107264,292.435,1585.240,67664
1787815372404,c646942c-ed5a-0fb7-d9a0-14e1ac87f778,/p/1/18e75ed957de5120,11,200,249136,13.163,129.638,1921775
1787815348161,d9b27d91-0fa9-612c-4b18-86aa6c1a66d6,/p/0/1e5cd6f96afad1b0,4,200,2434704,387.830,24431.075,99656
1787815367747,14083928-4f13-aa04-3e54-8c263b088cb1,/p/1/e151dd368ce4436f,7,200,197928,296.409,4861.675,40712
1787815363660,dfb72c95-9df6-a302-4f7f-eb28eb530616,/p/10/3edb85a456f0a6f5,2,200,357390,763.973,8964.288,39868
1787815372404,c646942c-ed5a-0fb7-d9a0-14e1ac87f778,/p/0/18e75fd957de52d3,11,200,339324,13.193,219.653,1544819
1787815372534,c646942c-ed5a-0fb7-d9a0-14e1ac87f778,/p/0/e8618b41091b3395,12,200,137023,16.558,101.575,1348981
1787815372534,c646942c-ed5a-0fb7-d9a0-14e1ac87f778,/p/0/e8618941091b302f,12,200,109005,16.630,111.062,981475
1787815372404,c646942c-ed5a-0fb7-d9a0-14e1ac87f778,/p/0/18e760d957de5486,11,200,497935,20.830,296.601,1678806
1787815366284,3952e698-9ec0-461c-370f-3bcdd2b0f130,/p/0/c40bc246897c422c,3,200,5499779,62.218,6519.471,843593
1787815364543,60d6c10a-b45d-5e48-b604-04773a6e6ae0,/p/0/5811b63d7b9514f2,3,200,3255219,190.726,8455.876,384965
1787815372534,c646942c-ed5a-0fb7-d9a0-14e1ac87f778,/p/0/e8618a41091b31e2,12,200,2110085,16.543,482.775,4370740
1787815356603,5bf49a11-3401-a7a4-7d34-f0e4ab04e2d3,/p/0/c36d31ba73fafd12,15,200,3772517,130.429,16648.168,226603
1787815310041,8992b43b-4174-a0c1-16dc-9bd47c511dd8,/p/1/9c28e34a43d21547,1,0,2044071,784.623,63263.972,32310
1787815353533,63feb0eb-2564-8058-5024-1e4cb93e9190,/p/1/4aacd9ed63ced1c7,6,0,4466026,310.789,19772.329,225873
1787815354518,d3f3f40b-c3ea-f844-52ad-3f984808282f,/p/0/c759dabcb625f6ba,1,200,4515161,199.249,19052.711,236983
1787815372624,dfb72c95-9df6-a302-4f7f-eb28eb530616,/p/9/40c63b99852f72e3,3,200,20840,377.789,992.724,20993
1787815371304,f6f4b872-79f0-4f30-c47e-5518c872138a,/?crawl=178,0,200,515241,67.739,2383.179,216199
1787815369381,9b756a86-8abd-2ab1-135b-50a13ba82815,/p/5/37e6c73c3eac0c0e,1,200,200388,229.242,4363.011,45929
1787815372304,3f54556b-7cfd-672f-2970-b78642394a5b,/?crawl=179,0,200,317839,69.989,1504.158,211307
1787815346875,8e551002-bf5c-1717-e281-4fa00d9030bd,/p/0/b9df51153839e39d,1,200,2959854,282.048,26993.000,109653
1787815368624,cf6b0c32-d027-3b38-e2ca-a9d4c3aeba8a,/p/0/fc079155b91edfd5,3,200,101584,502.093,5305.366,19147
1787815365844,1ff3bcd1-0da7-cd02-1374-522545639cba,/p/0/9743ccdfa5c2f937,10,200,493351,244.721,8384.779,58839
1787815359229,22d12676-3c4b-bc77-5504-3e3ba727582d,/p/0/71c82fb7537d63e9,1,200,5813309,390.077,15051.950,386216
1787815356469,5bf49a11-3401-a7a4-7d34-f0e4ab04e2d3,/p/0/d99e57f8d6e0f1ff,14,200,5029241,95.106,17888.783,281139
1787815371741,4cc59da5-43fd-bad1-f6e4-04780c37b1b1,/p/0/a47c70deaa111448,1,200,190023,162.964,2797.447,67927
1787815354518,d3f3f40b-c3ea-f844-52ad-3f984808282f,/p/0/c759d8bcb625f354,1,200,4836885,29.159,20036.387,241405
1787815370868,3210135b-09a8-2ca1-46dc-bdbd37136c45,/p/0/285fcb6a10c655d4,3,200,312979,352.527,3958.239,79070
1787815369724,3210135b-09a8-2ca1-46dc-bdbd37136c45,/p/0/c6fa61c1fb49f730,2,200,508863,43.487,5121.205,99364
1787815371741,4cc59da5-43fd-bad1-f6e4-04780c37b1b1,/p/8/a47c71deaa1115fb,1,200,189433,178.632,3237.489,58512
1787815308760,3e71326f-e416-3c5e-6236-7bd18a29c656,/p/0/2a728503140c6fdd,1,200,5508123,430.833,66328.662,83043
1787815369724,3210135b-09a8-2ca1-46dc-bdbd37136c45,/p/0/c6fa64c1fb49fc49,2,200,486130,257.200,5440.234,89358
1787815347980,f3b91457-307d-d26c-a23a-f070dcbd30a4,/p/0/2674f9b7a39eea24,1,200,5380594,44.277,27195.570,197848
1787815368624,cf6b0c32-d027-3b38-e2ca-a9d4c3aeba8a,/p/3/fc078f55b91edc6f,3,200,119289,825.058,6618.093,18025
1787815363060,0749ca82-1e65-8f0a-ba8a-b79b9d25deac,/p/0/1a5d88930302e4c5,8,0,682355,437.753,12244.941,55725
1787815365685,0749ca82-1e65-8f0a-ba8a-b79b9d25deac,/p/7/778c552464a26bd4,9,0,339087,353.629,9620.166,35248
1787815359275,0749ca82-1e65-8f0a-ba8a-b79b9d25deac,/p/0/2bcb9f861a2c08f1,7,0,981215,72.391,16029.662,61212
1787815365685,0749ca82-1e65-8f0a-ba8a-b79b9d25deac,/p/0/778c562464a26d87,9,0,414055,424.446,9620.212,43040
1787815374980,4cc59da5-43fd-bad1-f6e4-04780c37b1b1,/p/0/63c2e33f99b198e2,2,200,12521,349.973,432.631,28942
1787815318296,e006d3a4-893c-ecdd-0350-87bafabb266c,/p/0/95cf075d06d1cfa5,1,200,2152676,405.686,57290.974,37574
1787815371741,4cc59da5-43fd-bad1-f6e4-04780c37b1b1,/p/0/a47c73deaa111961,1,200,519005,32.329,3850.308,134796
1787815375304,76867539-874f-9317-5aab-6d0421d2a69c,/?crawl=181,0,200,338647,37.265,872.370,388192
1787815361254,e4c8a592-ef20-dddc-e06d-c3bb2884d28d,/p/0/2cce2d10a9ab6409,5,200,3590215,28.409,14923.610,240573
1787815359096,3e71326f-e416-3c5e-6236-7bd18a29c656,/p/0/423dfbc0d330836a,10,200,2635108,371.950,17104.699,154058
1787815290363,e74dc3e9-9b81-1c67-b868-f59eb1ef8038,/p/0/66e95f0c0de4b5d4,4,0,1667939,3366.044,85942.011,19408
1787815313985,e74dc3e9-9b81-1c67-b868-f59eb1ef8038,/p/0/85b83edab4ace2c4,5,0,1244931,1683.311,62320.189,19976
1787815258424,e74dc3e9-9b81-1c67-b868-f59eb1ef8038,/p/0/4e7f8fd3f1664061,1,0,2628655,347.384,117881.490,22299
1787815267003,e74dc3e9-9b81-1c67-b868-f59eb1ef8038,/p/0/2059dcba701f79c1,2,0,2053371,165.996,109301.854,18786
1787815376305,e74dc3e9-9b81-1c67-b868-f59eb1ef8038,/p/7/16ba097405eb8b41,7,0,0,0.015,0.000,0
1787815366180,e74dc3e9-9b81-1c67-b868-f59eb1ef8038,/p/0/cf92077e18a4b99e,6,0,451783,167.504,10124.883,44621
1787815376305,e74dc3e9-9b81-1c67-b868-f59eb1ef8038,/p/0/16ba087405eb898e,7,0,0,0.006,0.000,0
1787815290360,e74dc3e9-9b81-1c67-b868-f59eb1ef8038,/p/0/66e9620c0de4baed,4,0,1722547,3796.910,85944.666,20043
1787815376305,e74dc3e9-9b81-1c67-b868-f59eb1ef8038,/p/0/16ba077405eb87db,7,0,0,0.006,0.000,0
1787815361254,e4c8a592-ef20-dddc-e06d-c3bb2884d28d,/p/1/2cce2b10a9ab60a3,5,200,3680523,133.264,15259.314,241198
1787815374979,4cc59da5-43fd-bad1-f6e4-04780c37b1b1,/p/7/63c2e43f99b19a95,2,200,247331,188.179,1590.775,155478
1787815335172,5dc1e98b-e944-26bb-e977-30c41b3bf4a0,/p/0/4dec8c527a592456,4,200,2631079,178.721,41535.027,63346
1787815376304,fb058f7a-53f7-c86f-c2ee-289ac5d682aa,/?crawl=182,0,200,127531,89.934,726.560,175527
1787815376513,e4c8a592-ef20-dddc-e06d-c3bb2884d28d,/p/0/afd83a0087a1c105,6,200,74917,28.998,543.685,137795
1787815372080,8e551002-bf5c-1717-e281-4fa00d9030bd,/p/2/b9a25f302bcdd4b4,3,200,353054,332.155,5068.285,69659
1787815372624,dfb72c95-9df6-a302-4f7f-eb28eb530616,/p/0/40c63d99852f7649,3,200,217934,410.653,4545.561,47944
1787815309188,63a2f736-a599-8f16-6df1-716b89ede193,/p/0/d4e0d5fdb163d640,1,200,5393966,183.316,68022.972,79296
1787815360284,1ff3bcd1-0da7-cd02-1374-522545639cba,/p/0/d9806b60d9de7c26,9,0,1202583,227.830,17020.630,70654
1787815349228,1ff3bcd1-0da7-cd02-1374-522545639cba,/p/0/24e5c9cc8be2686a,6,0,1929915,2977.595,28076.423,68738
1787815360531,1ff3bcd1-0da7-cd02-1374-522545639cba,/p/1/9743cedfa5c2fc9d,10,0,1118122,208.105,16773.718,66659
1787815355561,1ff3bcd1-0da7-cd02-1374-522545639cba,/p/0/a40bc720493e5569,8,0,1672243,205.954,21742.771,76910
1787815369382,9b756a86-8abd-2ab1-135b-50a13ba82815,/p/0/37e6c83c3eac0dc1,1,200,369257,75.859,8370.672,44113
1787815347980,f3b91457-307d-d26c-a23a-f070dcbd30a4,/p/6/2674fab7a39eebd7,1,200,5783417,252.002,29894.931,193458
1787815367747,14083928-4f13-aa04-3e54-8c263b088cb1,/p/0/e151dc368ce441bc,7,200,498131,268.078,10324.391,48248
1787815377031,fb058f7a-53f7-c86f-c2ee-289ac5d682aa,/p/0/e381cce5d7514cc7,1,200,85074,52.635,1070.373,79481
1787815369381,9b756a86-8abd-2ab1-135b-50a13ba82815,/p/0/37e6c53c3eac08a8,1,200,444203,384.562,8869.386,50083
1787815376513,e4c8a592-ef20-dddc-e06d-c3bb2884d28d,/p/0/afd8370087a1bbec,6,200,398135,28.917,1755.376,226809
1787815362328,721d2a18-d5d4-9573-5d6a-dfab11b899dc,/p/2/afc81f1c7084d1e3,3,200,3902658,344.596,16102.909,242357
1787815378304,82415893-2ab4-7ff9-5c23-674ddf0978c6,/?crawl=184,0,200,225509,15.301,192.212,1173234
1787815372080,8e551002-bf5c-1717-e281-4fa00d9030bd,/p/0/b9a260302bcdd667,3,200,505354,418.507,6552.571,77123
1787815377304,e7d3915d-16bf-ba53-2385-c6194eacdb65,/?crawl=183,0,200,247455,82.738,1429.493,173107
1787815372431,0c39296c-9d09-a3b9-cfb4-8e11142eafe6,/p/3/82e92090f329c366,11,200,377593,267.183,6358.680,59382
1787815357295,9a32b0ef-c270-6f9f-10f8-32b2894067a2,/p/0/44f96162106b9d5e,3,200,4044512,25.190,21554.766,187639
1787815366824,b65c0c64-3b12-5a25-dd6f-f7450caa3086,/p/8/94db860e7bf49506,5,200,288866,480.315,12065.511,23941
1787815377149,8e551002-bf5c-1717-e281-4fa00d9030bd,/p/0/9317bb89fa8697dc,4,200,104173,334.059,1766.758,58963
1787815347748,50a6f0fa-e0b7-dd57-0c37-c9b4125c792b,/p/0/930aa65a0f03f777,1,200,5510151,42.401,31588.779,174434
1787815370867,3210135b-09a8-2ca1-46dc-bdbd37136c45,/p/0/285fcd6a10c6593a,3,200,2221440,273.424,8617.983,257768
1787815379304,c49809ce-1e0b-10d9-6024-9dfc810efd11,/?crawl=188,0,200,47661,53.525,314.965,151321
1787815376570,4cc59da5-43fd-bad1-f6e4-04780c37b1b1,/p/0/68130c41919e6a6b,3,200,359037,177.258,3190.673,112527
1787815376177,76867539-874f-9317-5aab-6d0421d2a69c,/p/1/76ec22436bec42da,1,200,354115,188.479,3584.709,98785
1787815378304,8c4b883f-7af1-ae8c-c101-a1f478818567,/?crawl=187,0,200,513273,47.077,1458.464,351927
1787815347785,74679cd6-51a6-def2-fd41-4cc0c75826dd,/p/0/f4c9585670a8f790,3,200,3990797,111.854,32133.628,124194
1787815376177,76867539-874f-9317-5aab-6d0421d2a69c,/p/0/76ec23436bec448d,1,200,413430,33.794,3845.076,107522
1787815371824,0cac6aae-1489-56e0-7461-86608a6b60d9,/p/0/592e3049eca1f31c,8,200,328512,128.178,8302.869,39566
1787815376570,4cc59da5-43fd-bad1-f6e4-04780c37b1b1,/p/0/68130d41919e6c1e,3,200,423829,193.574,3616.803,117183
1787815347785,74679cd6-51a6-def2-fd41-4cc0c75826dd,/p/0/f4c95a5670a8faf6,3,200,5214994,112.140,32430.486,160805
1787815377875,f3b91457-307d-d26c-a23a-f070dcbd30a4,/p/5/e55ebcddb23c8f30,2,200,210584,78.232,2394.436,87947
1787815378304,de489acb-a1f2-3b88-37a4-73b1b11cf59c,/?crawl=185,0,200,77616,247.105,2039.097,38064
1787815377875,f3b91457-307d-d26c-a23a-f070dcbd30a4,/p/0/e55ebdddb23c90e3,2,200,255704,51.708,2498.910,102326
1787815378734,e7d3915d-16bf-ba53-2385-c6194eacdb65,/p/0/5017778842b656b4,1,200,143653,80.819,1671.351,85950
1787815378496,82415893-2ab4-7ff9-5c23-674ddf0978c6,/p/0/bcad212aae1b5eee,1,200,487544,92.107,2209.067,220701
1787815368928,14083928-4f13-aa04-3e54-8c263b088cb1,/p/0/e151df368ce446d5,7,200,501352,427.605,11785.655,42539
1787815380270,f3b91457-307d-d26c-a23a-f070dcbd30a4,/p/0/8ad102f1c5156df4,3,200,14702,287.737,471.042,31212
1787815379762,76867539-874f-9317-5aab-6d0421d2a69c,/p/0/f6c98d22972828a7,2,200,116014,228.938,1082.328,107189
1787815369877,ae73129a-f067-5805-ca89-9ca050b023cd,/p/1/862bc503d15d23dc,3,200,2215236,209.101,10988.409,201598
1787815376570,4cc59da5-43fd-bad1-f6e4-04780c37b1b1,/p/6/68130e41919e6dd1,3,200,508947,161.434,4323.386,117720
1787815378734,e7d3915d-16bf-ba53-2385-c6194eacdb65,/p/0/5017788842b65867,1,200,137293,405.959,2364.572,58063
1787815366304,9e0fba65-906f-29ac-85bf-db388693d2aa,/?crawl=171,0,200,2523796,82.358,14801.939,170504
1787815378072,14083928-4f13-aa04-3e54-8c263b088cb1,/p/0/9f1009bd28cfdcdd,8,200,140351,704.283,3092.702,45381
1787815364750,8e7a01ec-a46f-8fd1-cdff-5aa0b89c8aab,/p/9/58743dced238e8dc,1,200,5243881,122.923,16450.678,318764
1787815288242,fd5674f4-7e92-846e-8aca-195ffeced01e,/p/2/a02e32edd5666390,2,0,5894415,1128.706,93062.791,63338
1787815380893,4cc59da5-43fd-bad1-f6e4-04780c37b1b1,/p/0/d4f22e39a27af35d,4,200,49224,183.705,689.052,71437
1787815357294,1e46a455-56c8-91fa-0560-77e275a2328b,/p/0/97c1a45ca0634ab,12,200,4360494,259.900,24335.530,179182
1787815381201,8e7a01ec-a46f-8fd1-cdff-5aa0b89c8aab,/p/0/445c83b5f9079438,2,200,26110,60.095,567.560,46004
1787815377031,fb058f7a-53f7-c86f-c2ee-289ac5d682aa,/p/0/e381cee5d751502d,1,200,481254,183.865,4803.346,100191
1787815347748,50a6f0fa-e0b7-dd57-0c37-c9b4125c792b,/p/0/930aa55a0f03f5c4,1,200,6094755,205.653,34093.389,178766
1787815373744,9b756a86-8abd-2ab1-135b-50a13ba82815,/p/0/2d12190c5d1e7ad7,2,200,302140,497.028,8099.462,37304
1787815379619,c49809ce-1e0b-10d9-6024-9dfc810efd11,/p/7/6f03ccb45baf8855,1,200,222392,73.134,2298.267,96765
1787815371824,0cac6aae-1489-56e0-7461-86608a6b60d9,/p/4/592e3149eca1f4cf,8,200,505830,376.980,10132.190,49923
1787815380343,de489acb-a1f2-3b88-37a4-73b1b11cf59c,/p/4/2942cccd19806a8e,1,200,46436,829.063,1664.349,27900
1787815373744,9b756a86-8abd-2ab1-135b-50a13ba82815,/p/0/2d121a0c5d1e7c8a,2,200,474398,534.873,8404.668,56445
1787815373744,9b756a86-8abd-2ab1-135b-50a13ba82815,/p/4/2d121b0c5d1e7e3d,2,200,474038,497.034,8404.694,56402
1787815378430,721d2a18-d5d4-9573-5d6a-dfab11b899dc,/p/1/87e8e984d26f06a2,4,200,107519,573.132,3785.868,28400
1787815377875,f3b91457-307d-d26c-a23a-f070dcbd30a4,/p/0/e55ebeddb23c9296,2,200,422287,159.124,4369.313,96648
1787815378304,168b7fc3-923a-2dbb-aa94-6b747403f3df,/?crawl=186,0,200,3756059,28.739,4054.187,926464
1787815349073,fe9f5242-1dee-d8c5-2769-78aba5955fb8,/p/0/99872b9ede5169a9,8,200,5763772,284.441,33330.638,172927
1787815317539,63a2f736-a599-8f16-6df1-716b89ede193,/p/0/88d9e0f4a70ead4a,4,200,4794649,232.993,64994.517,73770
1787815381201,8e7a01ec-a46f-8fd1-cdff-5aa0b89c8aab,/p/8/445c85b5f907979e,2,200,219541,392.765,1377.430,159384
1787815381304,408306b2-68ef-a9fd-3d97-035da486e75e,/?crawl=191,0,200,447225,36.829,1294.574,345461
1787815380714,14083928-4f13-aa04-3e54-8c263b088cb1,/p/0/9f1006bd28cfd7c4,8,200,102106,344.868,1969.429,51845
1787815380893,4cc59da5-43fd-bad1-f6e4-04780c37b1b1,/p/5/d4f22d39a27af1aa,4,200,222624,167.360,1830.776,121601
1787815367970,ab20e2c6-17bf-e321-abcd-e30c10aef1f9,/p/0/3e8a372611c639c6,4,200,141846,1940.706,14991.273,9462
1787815382304,4c48e9e8-5a19-c03d-3947-95518656d187,/?crawl=192,0,200,141097,81.531,792.119,178126
1787815378890,b65c0c64-3b12-5a25-dd6f-f7450caa3086,/p/0/94db840e7bf491a0,5,200,100618,614.340,4209.914,23900
1787815379763,8c4b883f-7af1-ae8c-c101-a1f478818567,/p/6/26e2211f04a7e68,1,200,288150,205.137,3378.604,85287
1787815371304,19fafd0a-eb0b-5405-6877-f611ae66cc46,/?crawl=176,0,200,3048800,50.438,11849.053,257303
1787815380865,ae73129a-f067-5805-ca89-9ca050b023cd,/p/0/1a04abeb7222b667,4,200,213340,161.610,2302.214,92667
1787815382724,4cc59da5-43fd-bad1-f6e4-04780c37b1b1,/p/0/2dbff3df4aa58e82,5,200,22719,177.580,503.907,45086
1787815349566,e05bb7f6-272b-355e-0d2c-78db980475ad,/p/0/167bfff3eadf9c43,3,200,2596520,301.319,33665.042,77128
1787815365521,fe9f5242-1dee-d8c5-2769-78aba5955fb8,/p/0/2a5d04857dc614df,13,0,1420151,304.294,17784.536,79853
1787815364855,fe9f5242-1dee-d8c5-2769-78aba5955fb8,/p/0/2a5d05857dc61692,13,0,1789263,677.268,18449.798,96980
1787815358313,fe9f5242-1dee-d8c5-2769-78aba5955fb8,/p/0/8305a12d0611f8e,10,0,3706458,217.159,24992.614,148302
1787815382578,8e7a01ec-a46f-8fd1-cdff-5aa0b89c8aab,/p/7/4fc4b0fd76900877,3,200,47175,325.338,742.467,63538
1787815383096,4c48e9e8-5a19-c03d-3947-95518656d187,/p/0/ab3b56a6130e421d,1,200,42706,79.269,278.229,153492
1787815381201,8e7a01ec-a46f-8fd1-cdff-5aa0b89c8aab,/p/0/445c86b5f9079951,2,200,278482,60.039,2177.970,127863
1787815326688,0bc6c343-fd5b-3b3e-37e3-d1d8563349f9,/p/4/e8a8c6f8eefe5d7d,1,200,3654806,78.156,56731.293,64423
1787815378790,0c39296c-9d09-a3b9-cfb4-8e11142eafe6,/p/0/82e92190f329c519,11,200,217075,391.288,4758.448,45619
1787815379762,76867539-874f-9317-5aab-6d0421d2a69c,/p/0/f6c98f2297282c0d,2,200,507123,267.945,3800.539,133435
1787815380270,f3b91457-307d-d26c-a23a-f070dcbd30a4,/p/4/8ad104f1c515715a,3,200,364486,314.150,3365.404,108304
1787815376513,e4c8a592-ef20-dddc-e06d-c3bb2884d28d,/p/0/afd8380087a1bd9f,6,200,2946613,116.568,7182.349,410258
1787815380270,f3b91457-307d-d26c-a23a-f070dcbd30a4,/p/0/8ad105f1c515730d,3,200,328380,260.121,3495.842,93934
1787815368624,cf6b0c32-d027-3b38-e2ca-a9d4c3aeba8a,/p/0/fc078e55b91edabc,3,200,388342,301.126,15284.880,25407
1787815378734,e7d3915d-16bf-ba53-2385-c6194eacdb65,/p/0/5017798842b65a1a,1,200,426067,446.891,5197.681,81973
1787815366824,b65c0c64-3b12-5a25-dd6f-f7450caa3086,/p/0/94db870e7bf496b9,5,200,493595,521.730,17165.524,28755
1787815379304,419ec04a-3ac5-43e5-eb84-bca38d6ad0bc,/?crawl=189,0,200,3214937,21.619,4783.311,672115
1787815382578,8e7a01ec-a46f-8fd1-cdff-5aa0b89c8aab,/p/0/4fc4affd769006c4,3,200,142041,192.305,1511.537,93971
1787815382216,721d2a18-d5d4-9573-5d6a-dfab11b899dc,/p/0/680e0eee9898cc49,5,200,52376,837.106,2205.407,23749
1787815383304,94ddeec8-4713-1ccc-0771-93b0a7c1f7b0,/?crawl=194,0,200,288264,57.824,1129.853,255134
1787815382304,4a6c49a8-b979-6363-6b9f-5b92c5c2687b,/?crawl=193,0,200,519822,61.092,2173.323,239183
1787815383153,19fafd0a-eb0b-5405-6877-f611ae66cc46,/p/2/11121c8115761fe8,1,200,200566,99.997,1391.302,144157
1787815381106,9e0fba65-906f-29ac-85bf-db388693d2aa,/p/9/18fa721025b2da6d,1,200,195785,80.740,3694.473,52994
1787815351431,d9b27d91-0fa9-612c-4b18-86aa6c1a66d6,/p/0/f993bc796be7364f,5,200,4448468,264.472,33803.268,131599
1787815384088,419ec04a-3ac5-43e5-eb84-bca38d6ad0bc,/p/0/db997856c71493f5,1,200,316095,65.678,1147.546,275453
1787815385304,984a07c8-a759-6177-8955-ffd038d5104d,/?crawl=196,0,200,39276,44.068,125.981,311761
1787815359469,63a2f736-a599-8f16-6df1-716b89ede193,/p/11/5f232bd09821a202,11,200,2517063,225.617,25964.042,96944
1787815361477,63a2f736-a599-8f16-6df1-716b89ede193,/p/0/5f232cd09821a3b5,11,200,2502264,233.067,24031.336,104125
1787815383141,8c4b883f-7af1-ae8c-c101-a1f478818567,/p/5/881919401a8fc01d,2,200,120618,327.285,2701.028,44656
1787815379619,c49809ce-1e0b-10d9-6024-9dfc810efd11,/p/0/6f03cab45baf84ef,1,200,382235,242.988,6592.845,57977
1787815311336,0fb30b2c-7f00-9973-50c9-e1a66649e8ac,/p/0/45bb1eaed084781,6,200,5331028,329.785,74882.707,71192
1787815385304,440d284a-4e1e-ee1c-2872-92f3eb9b00c6,/?crawl=197,0,200,445972,31.259,983.944,453249
1787815350204,d9b27d91-0fa9-612c-4b18-86aa6c1a66d6,/p/4/f993be796be739b5,5,200,4991069,228.650,36098.869,138261
1787815383321,8e7a01ec-a46f-8fd1-cdff-5aa0b89c8aab,/p/0/f658c1c9cbc0111,4,200,238034,238.272,3006.434,79175
1787815385433,63a2f736-a599-8f16-6df1-716b89ede193,/p/0/dbc313c5d74693ce,12,200,126896,95.439,1063.263,119346
1787815351624,1e46a455-56c8-91fa-0560-77e275a2328b,/p/0/15410ddaeda94aa1,10,200,5174460,357.754,35137.937,147261
1787815382578,8e7a01ec-a46f-8fd1-cdff-5aa0b89c8aab,/p/0/4fc4b2fd76900bdd,3,200,394586,211.443,4259.741,92631
1787815385430,984a07c8-a759-6177-8955-ffd038d5104d,/p/3/5d92002fc0a2681e,1,200,124483,204.595,1433.500,86838
1787815373617,dfb72c95-9df6-a302-4f7f-eb28eb530616,/p/8/b8ca051cfdc1ec1e,4,200,464902,511.833,13330.686,34875
1787815381918,c49809ce-1e0b-10d9-6024-9dfc810efd11,/p/0/c9f27544f2434238,2,200,225708,265.689,5165.597,43694
1787815383321,8e7a01ec-a46f-8fd1-cdff-5aa0b89c8aab,/p/6/f658a1c9cbbfdab,4,200,335577,218.153,3779.094,88798
1787815382724,4cc59da5-43fd-bad1-f6e4-04780c37b1b1,/p/0/2dbff2df4aa58ccf,5,200,464051,193.962,4402.248,105412
1787815378496,82415893-2ab4-7ff9-5c23-674ddf0978c6,/p/0/bcad202aae1b5d3b,1,200,4857730,38.769,8891.119,546358
1787815386303,d9b27d91-0fa9-612c-4b18-86aa6c1a66d6,/p/0/2f29f32c89e1e564,6,200,134383,122.311,1114.130,120617
1787815355241,1e46a455-56c8-91fa-0560-77e275a2328b,/p/7/97c1c45ca063811,12,200,5547860,279.600,32222.560,172173
1787815383635,f3b91457-307d-d26c-a23a-f070dcbd30a4,/p/0/58cd6ecdf9f7ad69,4,200,306014,130.492,3828.325,79934
1787815385433,63a2f736-a599-8f16-6df1-716b89ede193,/p/0/dbc312c5d746921b,12,200,311375,192.247,2086.225,149253
1787815385433,63a2f736-a599-8f16-6df1-716b89ede193,/p/10/dbc311c5d7469068,12,200,344642,95.389,2104.623,163755
1787815387538,63a2f736-a599-8f16-6df1-716b89ede193,/p/0/c186f6cfdbcee63c,13,200,20165,37.487,73.463,274492
1787815386303,d9b27d91-0fa9-612c-4b18-86aa6c1a66d6,/p/3/2f29f52c89e1e8ca,6,200,198849,39.541,1313.820,151352
1787815383635,f3b91457-307d-d26c-a23a-f070dcbd30a4,/p/3/58cd6dcdf9f7abb6,4,200,238801,388.454,4039.085,59123
1787815364182,9a32b0ef-c270-6f9f-10f8-32b2894067a2,/p/0/f82fdc8b87d267b5,6,200,5316952,126.520,23557.973,225696
1787815383153,19fafd0a-eb0b-5405-6877-f611ae66cc46,/p/0/11121e811576234e,1,200,342639,49.024,4651.127,73668
1787815384545,19fafd0a-eb0b-5405-6877-f611ae66cc46,/p/1/be34ed34aac50676,2,200,174110,241.838,3378.107,51541
1787815386303,d9b27d91-0fa9-612c-4b18-86aa6c1a66d6,/p/0/2f29f62c89e1ea7d,6,200,212362,80.658,1670.514,127124
1787815382216,721d2a18-d5d4-9573-5d6a-dfab11b899dc,/p/0/680e0bee9898c730,5,200,313003,399.877,5778.731,54165
1787815387304,4a9a9b40-5bdd-8b68-01de-b1e076285221,/?crawl=199,0,200,426936,25.780,736.702,579524
1787815387538,63a2f736-a599-8f16-6df1-716b89ede193,/p/0/c186f9cfdbceeb55,13,200,93407,92.165,605.049,154379
1787815375305,56cfadbd-66c1-9860-600b-c47552cd4177,/?crawl=180,0,200,5387518,37.754,12957.607,415780
1787815375242,cf6b0c32-d027-3b38-e2ca-a9d4c3aeba8a,/p/0/a5036d9b28a4405b,4,200,165915,1216.965,13143.668,12623
1787815387100,8e7a01ec-a46f-8fd1-cdff-5aa0b89c8aab,/p/0/706a091a0fb93014,5,200,423713,216.655,1336.411,317053
1787815387100,8e7a01ec-a46f-8fd1-cdff-5aa0b89c8aab,/p/0/706a0c1a0fb9352d,5,200,482769,236.727,1337.166,361039
1787815381956,0cac6aae-1489-56e0-7461-86608a6b60d9,/p/3/7b178aa9dcab6f9a,9,200,275085,357.826,6486.217,42411
1787815387923,19fafd0a-eb0b-5405-6877-f611ae66cc46,/p/0/3654663f0a044d70,3,200,13965,275.744,521.376,26785
1787815378496,82415893-2ab4-7ff9-5c23-674ddf0978c6,/p/4/bcad222aae1b60a1,1,200,5709742,14.026,10087.656,566013
1787815387538,63a2f736-a599-8f16-6df1-716b89ede193,/p/9/c186f8cfdbcee9a2,13,200,286552,73.433,1049.115,273137
1787815382149,9b756a86-8abd-2ab1-135b-50a13ba82815,/p/0/e626e08735a96522,3,200,308473,421.528,6454.377,47793
1787815384434,94ddeec8-4713-1ccc-0771-93b0a7c1f7b0,/p/0/36bd5674976c7dab,1,200,248230,169.417,4177.094,59426
1787815372624,dfb72c95-9df6-a302-4f7f-eb28eb530616,/p/0/40c63a99852f7130,3,200,419449,511.652,16058.555,26120
1787815387100,8e7a01ec-a46f-8fd1-cdff-5aa0b89c8aab,/p/5/706a0b1a0fb9337a,5,200,515791,216.567,1660.008,310716
1787815385430,984a07c8-a759-6177-8955-ffd038d5104d,/p/0/5d91fe2fc0a264b8,1,200,360194,40.180,3385.067,106407
1787815381918,c49809ce-1e0b-10d9-6024-9dfc810efd11,/p/6/c9f27644f24343eb,2,200,475670,338.653,6958.012,68363
1787815388683,dfb72c95-9df6-a302-4f7f-eb28eb530616,/p/0/eb125c99fdf9deb9,5,200,4743,340.881,545.405,8696
1787815387463,1e46a455-56c8-91fa-0560-77e275a2328b,/p/6/7531b1271c303d29,13,200,204453,113.690,1802.313,113439
1787815388584,82415893-2ab4-7ff9-5c23-674ddf0978c6,/p/0/e5ad9c723a168dc6,2,200,363360,28.143,714.582,508493
1787815308444,8932535e-9b64-cb37-fd14-1d68673e7fd8,/p/0/f806d075c1da15cc,5,0,1774591,31.566,80860.333,21946
1787815308444,8932535e-9b64-cb37-fd14-1d68673e7fd8,/p/0/f806d275c1da1932,5,0,1797647,31.533,80860.389,22231
1787815364183,9a32b0ef-c270-6f9f-10f8-32b2894067a2,/p/2/f82fda8b87d2644f,6,200,5822789,139.864,25267.376,230447
1787815388443,0cac6aae-1489-56e0-7461-86608a6b60d9,/p/2/71bf79b50b28289c,10,200,55338,331.959,1115.545,49606
1787815383153,19fafd0a-eb0b-5405-6877-f611ae66cc46,/p/0/11121d811576219b,1,200,439276,151.428,6448.357,68122
1787815384478,4a6c49a8-b979-6363-6b9f-5b92c5c2687b,/p/2/3ea5ab03a7a9367d,1,200,314614,182.100,5134.907,61270
1787815384478,4a6c49a8-b979-6363-6b9f-5b92c5c2687b,/p/0/3ea5aa03a7a934ca,1,200,361711,61.131,5165.771,70021
1787815388587,63a2f736-a599-8f16-6df1-716b89ede193,/p/0/c9b28453f8e039ce,14,200,102295,191.544,1061.775,96343
1787815388262,56cfadbd-66c1-9860-600b-c47552cd4177,/p/0/a5676a10087373a,1,200,278365,32.469,1419.260,196134
1787815384545,19fafd0a-eb0b-5405-6877-f611ae66cc46,/p/0/be34eb34aac50310,2,200,294562,241.804,5156.784,57121
1787815388760,8e7a01ec-a46f-8fd1-cdff-5aa0b89c8aab,/p/0/e8211ea4598a2b3e,6,200,269653,848.459,1075.071,250824
1787815385843,8c4b883f-7af1-ae8c-c101-a1f478818567,/p/0/c94a17939c61c0f3,3,200,318854,275.343,4023.896,79240
1787815388304,e6643b89-1dd1-2310-bf50-2a904aaa6e86,/?crawl=202,0,200,10650,1101.280,1601.809,6649
1787815383141,8c4b883f-7af1-ae8c-c101-a1f478818567,/p/0/881917401a8fbcb7,2,200,433501,224.311,6806.458,63690
1787815386288,440d284a-4e1e-ee1c-2872-92f3eb9b00c6,/p/0/f0fc548d553d5c7e,1,200,334489,157.108,3667.975,91192
1787815367970,ab20e2c6-17bf-e321-abcd-e30c10aef1f9,/p/0/3e8a362611c63813,4,200,214518,1940.603,22003.504,9749
1787815383096,4c48e9e8-5a19-c03d-3947-95518656d187,/p/0/ab3b53a6130e3d04,1,200,458931,278.235,7022.706,65350
1787815388876,c49809ce-1e0b-10d9-6024-9dfc810efd11,/p/0/78f98f4291968d00,3,200,49858,290.440,1264.123,39441
1787815388587,63a2f736-a599-8f16-6df1-716b89ede193,/p/8/c9b28253f8e03668,14,200,228163,37.738,1566.554,145646
1787815388760,8e7a01ec-a46f-8fd1-cdff-5aa0b89c8aab,/p/0/e8211da4598a298b,6,200,301418,791.008,1464.194,205859
1787815388760,8e7a01ec-a46f-8fd1-cdff-5aa0b89c8aab,/p/4/e8211fa4598a2cf1,6,200,231779,967.041,1466.651,158033
1787815385430,984a07c8-a759-6177-8955-ffd038d5104d,/p/0/5d92012fc0a269d1,1,200,311798,204.554,4801.666,64935
1787815382216,721d2a18-d5d4-9573-5d6a-dfab11b899dc,/p/0/680e0cee9898c8e3,5,200,439703,399.835,8015.945,54854
1787815386947,dfb72c95-9df6-a302-4f7f-eb28eb530616,/p/7/eb125b99fdf9dd06,5,200,101997,409.784,3298.840,30919
1787815388587,63a2f736-a599-8f16-6df1-716b89ede193,/p/0/c9b28353f8e0381b,14,200,326702,112.721,1702.642,191879
1787815384801,9e0fba65-906f-29ac-85bf-db388693d2aa,/p/0/a8d3b157673b71b0,2,200,148169,405.081,5555.246,26672
1787815389305,161b30d4-dbe2-5052-5dcb-0f971f676399,/?crawl=203,0,200,413781,40.571,1057.949,391116
1787815341994,702b7d66-0ccc-7dff-26e7-1a1bb8b4a3ab,/p/15/cbfdb6903632e6c7,2,200,4584461,303.745,48447.756,94627
1787815351492,548a7f9d-41e4-e529-50a4-b4a5553f5aa5,/p/3/ecb67a9b62f303e3,5,200,3731988,338.770,38987.268,95723
1787815384545,19fafd0a-eb0b-5405-6877-f611ae66cc46,/p/0/be34ee34aac50829,2,200,297798,264.255,5945.937,50084
1787815390304,a3113622-153a-4853-9f4b-e682800ffcd5,/?crawl=204,0,200,223413,26.935,393.077,568370
1787815390363,161b30d4-dbe2-5052-5dcb-0f971f676399,/p/0/b9a5f79c374d8a3a,1,200,32049,39.575,377.480,84902
1787815386864,984a07c8-a759-6177-8955-ffd038d5104d,/p/0/72c1ae67f4512055,2,200,263472,244.820,3877.845,67943
1787815390697,a3113622-153a-4853-9f4b-e682800ffcd5,/p/14/b1bda30d2710d168,1,200,22042,25.450,65.551,336258
1787815390442,702b7d66-0ccc-7dff-26e7-1a1bb8b4a3ab,/p/0/6e5352e2f2b82555,3,200,7169,285.697,363.586,19717
1787815381956,0cac6aae-1489-56e0-7461-86608a6b60d9,/p/0/7b1788a9dcab6c34,9,200,417694,357.710,8854.996,47170
1787815388876,c49809ce-1e0b-10d9-6024-9dfc810efd11,/p/0/78f9924291969219,3,200,111145,266.201,2014.180,55181
1787815390304,553b9ccc-860b-52b9-85ef-0d28103041fa,/?crawl=206,0,200,237882,50.274,795.888,298889
1787815386864,984a07c8-a759-6177-8955-ffd038d5104d,/p/2/72c1ad67f4511ea2,2,200,276278,204.565,4459.211,61957
1787815389266,1e46a455-56c8-91fa-0560-77e275a2328b,/p/0/89e542d33d8950b1,14,200,98390,256.718,2058.193,47804
1787815388876,c49809ce-1e0b-10d9-6024-9dfc810efd11,/p/5/78f9904291968eb3,3,200,205100,290.514,2495.704,82181
1787815388262,56cfadbd-66c1-9860-600b-c47552cd4177,/p/1/a5677a1008738ed,1,200,510546,165.594,3142.235,162479
1787815389613,4a6c49a8-b979-6363-6b9f-5b92c5c2687b,/p/0/bb0676b7ac6eb5a6,2,200,60506,438.453,1794.474,33718
1787815390363,161b30d4-dbe2-5052-5dcb-0f971f676399,/p/0/b9a5f69c374d8887,1,200,187164,39.636,1056.222,177201
1787815361762,b3a23f41-af11-6422-808e-1c535d4af12f,/p/11/4d49a572ccd4d7fd,1,200,6028999,98.879,29698.455,203007
1787815390153,63a2f736-a599-8f16-6df1-716b89ede193,/p/0/5ad86081614401ef,15,200,166233,262.997,1405.317,118289
1787815384478,4a6c49a8-b979-6363-6b9f-5b92c5c2687b,/p/0/3ea5a903a7a93317,1,200,446667,61.061,7260.770,61518
1787815389450,9a32b0ef-c270-6f9f-10f8-32b2894067a2,/p/1/f48a47fdb40a2f09,7,200,381188,26.225,2325.809,163895
1787815387463,1e46a455-56c8-91fa-0560-77e275a2328b,/p/0/7531af271c3039c3,13,200,374790,44.462,4421.588,84764
1787815381106,9e0fba65-906f-29ac-85bf-db388693d2aa,/p/0/18fa711025b2d8ba,1,200,486681,80.489,10852.017,44847
1787815387463,1e46a455-56c8-91fa-0560-77e275a2328b,/p/0/7531b0271c303b76,13,200,337004,44.377,4635.537,72700
1787815381106,9e0fba65-906f-29ac-85bf-db388693d2aa,/p/0/18fa701025b2d707,1,200,516513,241.654,11011.214,46908
1787815389612,4a6c49a8-b979-6363-6b9f-5b92c5c2687b,/p/0/bb0675b7ac6eb3f3,2,200,126103,408.856,2606.647,48377
1787815388443,0cac6aae-1489-56e0-7461-86608a6b60d9,/p/0/71bf7ab50b282a4f,10,200,93680,361.491,3846.363,24355
1787815389612,4a6c49a8-b979-6363-6b9f-5b92c5c2687b,/p/1/bb0677b7ac6eb759,2,200,172717,543.738,2727.282,63329
1787815391100,553b9ccc-860b-52b9-85ef-0d28103041fa,/p/11/d8924dc85046bd8e,1,200,175772,47.311,1247.851,140860
1787815385843,8c4b883f-7af1-ae8c-c101-a1f478818567,/p/4/c94a16939c61bf40,3,200,421194,234.637,6705.020,62818
1787815371304,e887db64-7e3f-9785-193f-e045cbf09f14,/?crawl=175,0,200,5139232,56.006,21251.110,241834
1787815391323,984a07c8-a759-6177-8955-ffd038d5104d,/p/0/249600507aaf7aa0,3,200,96855,225.154,1247.988,77609
1787815380304,aff4d4dc-1a12-25d9-4afe-e55be64bd77d,/?crawl=190,0,200,2956641,61.227,12349.181,239420
1787815390442,702b7d66-0ccc-7dff-26e7-1a1bb8b4a3ab,/p/14/6e5351e2f2b823a2,3,200,148728,257.295,2232.002,66634
1787815384801,9e0fba65-906f-29ac-85bf-db388693d2aa,/p/0/a8d3b457673b76c9,2,200,413260,445.420,7879.726,52446
1787815392304,ed42c88f-4aa9-7d0f-7e68-53c544c4dfb3,/?crawl=207,0,200,282738,27.054,485.163,582769
1787815388443,0cac6aae-1489-56e0-7461-86608a6b60d9,/p/0/71bf7bb50b282c02,10,200,163233,331.968,4408.096,37030
1787815392304,452971bf-e875-1435-2f47-7f6c6fe20dea,/?crawl=208,0,200,213938,40.414,572.236,373863
1787815390153,63a2f736-a599-8f16-6df1-716b89ede193,/p/7/5ad8628161440555,15,200,390025,153.496,2770.385,140784
1787815390153,63a2f736-a599-8f16-6df1-716b89ede193,/p/0/5ad86181614403a2,15,200,497114,188.650,2809.371,176949
1787815392555,e887db64-7e3f-9785-193f-e045cbf09f14,/p/0/cb511a99d346febb,1,200,29371,55.279,411.631,71353
1787815390227,8e7a01ec-a46f-8fd1-cdff-5aa0b89c8aab,/p/3/97fcfbb21b4d99ee,7,200,244006,629.492,3014.021,80957
1787815384801,9e0fba65-906f-29ac-85bf-db388693d2aa,/p/8/a8d3b357673b7516,2,200,428078,405.066,8602.119,49764
1787815391371,c49809ce-1e0b-10d9-6024-9dfc810efd11,/p/0/b4fed135d89341d4,4,200,112142,265.713,2034.453,55121
1787815390479,548a7f9d-41e4-e529-50a4-b4a5553f5aa5,/p/2/cf70814d8c69c821,6,200,148736,442.723,3078.680,48312
1787815393304,b93bd898-c1c5-1dfb-d880-2d01ea6e3184,/?crawl=209,0,200,27068,161.814,323.267,83733
1787815387617,d9b27d91-0fa9-612c-4b18-86aa6c1a66d6,/p/0/1b72f1be00decc01,7,200,319223,222.957,6029.912,52940
1787815387617,d9b27d91-0fa9-612c-4b18-86aa6c1a66d6,/p/0/1b72eebe00dec6e8,7,200,294180,203.277,6031.814,48771
1787815390697,a3113622-153a-4853-9f4b-e682800ffcd5,/p/0/b1bda40d2710d31b,1,200,162802,126.380,2976.092,54703
1787815392876,452971bf-e875-1435-2f47-7f6c6fe20dea,/p/0/64144e96d4a4facf,1,200,138708,151.491,820.275,169099
1787815391776,9a32b0ef-c270-6f9f-10f8-32b2894067a2,/p/0/46c56239c907f28e,8,200,203457,152.389,1947.698,104460
1787815383100,b65c0c64-3b12-5a25-dd6f-f7450caa3086,/p/7/4c53ec603b393572,6,200,347898,483.767,10626.919,32737
1787815391323,984a07c8-a759-6177-8955-ffd038d5104d,/p/0/249603507aaf7fb9,3,200,261251,203.705,2478.347,105413
1787815357836,fff1ea97-b6b4-3164-10bb-35abbc98d713,/p/0/d3ad0c8bb2f02098,11,200,3309333,216.229,36024.850,91863
1787815392789,ed42c88f-4aa9-7d0f-7e68-53c544c4dfb3,/p/1/6bfca325e4e1b3a1,1,200,237577,135.343,1144.508,207580
1787815371824,0cac6aae-1489-56e0-7461-86608a6b60d9,/p/0/592e3349eca1f835,8,0,1277551,128.278,22480.335,56830
1787815390811,0cac6aae-1489-56e0-7461-86608a6b60d9,/p/0/f212d381843d5fb1,11,0,152826,358.340,3493.128,43750
1787815381956,0cac6aae-1489-56e0-7461-86608a6b60d9,/p/0/7b178ba9dcab714d,9,0,519415,325.380,12348.133,42064
1787815389558,0cac6aae-1489-56e0-7461-86608a6b60d9,/p/1/f212d281843d5dfe,11,0,157151,480.896,4746.421,33109
1787815392289,0cac6aae-1489-56e0-7461-86608a6b60d9,/p/0/f212d081843d5a98,11,0,89519,365.615,2015.649,44412
1787815392340,4a6c49a8-b979-6363-6b9f-5b92c5c2687b,/p/0/3c55f879191ac4a,3,200,145985,60.749,1994.985,73176
1787815394304,1ff3bcd1-0da7-cd02-1374-522545639cba,/?crawl=215,0,200,20222,43.113,80.849,250119
1787815394304,e74dc3e9-9b81-1c67-b868-f59eb1ef8038,/?crawl=214,0,200,14402,64.698,86.342,166802
1787815351334,5dc1e98b-e944-26bb-e977-30c41b3bf4a0,/p/2/8302dc5b66a71e4d,7,200,3757984,358.963,43194.429,87002
1787815351334,5dc1e98b-e944-26bb-e977-30c41b3bf4a0,/p/0/8302db5b66a71c9a,7,200,4439578,393.896,43201.918,102763
1787815394529,5dc1e98b-e944-26bb-e977-30c41b3bf4a0,/p/0/cae8d82fe62d143d,8,200,7274,7.498,13.530,537635
1787815394385,1ff3bcd1-0da7-cd02-1374-522545639cba,/p/0/ef186c9b5ba9b831,1,200,26035,150.295,224.803,115813
1787815392924,63a2f736-a599-8f16-6df1-716b89ede193,/p/0/90cdfa234d3a343a,16,200,165545,58.757,1692.065,97836
1787815394391,e74dc3e9-9b81-1c67-b868-f59eb1ef8038,/p/0/8282bef8f044a92b,1,200,90740,41.767,311.238,291545
1787815390763,a3113622-153a-4853-9f4b-e682800ffcd5,/p/0/4b1339b75494c30b,2,200,378069,150.644,3991.550,94717
1787815392340,4a6c49a8-b979-6363-6b9f-5b92c5c2687b,/p/0/3c55e879191aa97,3,200,175984,180.451,2476.685,71056
1787815393934,ed42c88f-4aa9-7d0f-7e68-53c544c4dfb3,/p/0/ad5cca95490cb63c,2,200,43149,163.384,907.945,47524
1787815392555,e887db64-7e3f-9785-193f-e045cbf09f14,/p/2/cb511c99d3470221,1,200,289898,55.209,2333.094,124255
1787815384088,419ec04a-3ac5-43e5-eb84-bca38d6ad0bc,/p/2/db997756c7149242,1,200,4611530,95.249,10847.807,425112
1787815394529,5dc1e98b-e944-26bb-e977-30c41b3bf4a0,/p/0/cae8d52fe62d0f24,8,200,186755,7.350,579.128,322476
1787815394935,419ec04a-3ac5-43e5-eb84-bca38d6ad0bc,/p/0/3c6af405e4058569,2,200,10945,101.215,190.155,57558
1787815394529,5dc1e98b-e944-26bb-e977-30c41b3bf4a0,/p/1/cae8d72fe62d128a,8,200,451110,314.963,639.487,705425
1787815393403,9e0fba65-906f-29ac-85bf-db388693d2aa,/p/0/b695226034efdf3b,3,200,152837,80.709,1931.347,79135
1787815393403,9e0fba65-906f-29ac-85bf-db388693d2aa,/p/7/b695246034efe2a1,3,200,82484,402.032,2012.525,40985
1787815394385,1ff3bcd1-0da7-cd02-1374-522545639cba,/p/0/ef18699b5ba9b318,1,200,238074,37.239,1070.621,222370
1787815392674,702b7d66-0ccc-7dff-26e7-1a1bb8b4a3ab,/p/13/180397b70d0e547a,4,200,102784,377.697,2788.451,36861
1787815392340,4a6c49a8-b979-6363-6b9f-5b92c5c2687b,/p/0/3c560879191adfd,3,200,425113,120.267,3138.334,135458
1787815392876,452971bf-e875-1435-2f47-7f6c6fe20dea,/p/0/64144f96d4a4fc82,1,200,398004,57.215,2653.683,149982
1787815392876,452971bf-e875-1435-2f47-7f6c6fe20dea,/p/0/64144d96d4a4f91c,1,200,465347,38.068,2675.858,173906
1787815391100,553b9ccc-860b-52b9-85ef-0d28103041fa,/p/0/d8924ec85046bf41,1,200,297333,312.212,4580.199,64917
1787815351492,548a7f9d-41e4-e529-50a4-b4a5553f5aa5,/p/0/ecb67c9b62f30749,5,200,4395692,1.877,44238.978,99362
1787815394304,0749ca82-1e65-8f0a-ba8a-b79b9d25deac,/?crawl=213,0,200,291189,75.331,1479.426,196826
1787815390763,a3113622-153a-4853-9f4b-e682800ffcd5,/p/13/4b1338b75494c158,2,200,522736,150.695,5091.615,102666
1787815391460,b3a23f41-af11-6422-808e-1c535d4af12f,/p/0/8d2f0702d48797a,2,200,375021,195.417,4395.680,85316
1787815395168,5dc1e98b-e944-26bb-e977-30c41b3bf4a0,/p/0/26cc7da8ab07a88d,9,200,196243,1.950,703.586,278918
1787815394888,e887db64-7e3f-9785-193f-e045cbf09f14,/p/0/df0610dd96219354,2,200,26917,338.810,983.615,27365
1787815363960,c73dac6e-70cd-a441-9567-fe760f466832,/p/0/a74ee8b02ec1d81b,2,200,2560525,380.432,31943.071,80159
1787815395168,5dc1e98b-e944-26bb-e977-30c41b3bf4a0,/p/0/26cc7ba8ab07a527,9,200,429028,1.841,784.683,546753
1787815394391,e74dc3e9-9b81-1c67-b868-f59eb1ef8038,/p/0/8282bff8f044aade,1,200,224371,311.101,1602.917,139977
1787815391371,c49809ce-1e0b-10d9-6024-9dfc810efd11,/p/0/b4fed435d89346ed,4,200,300135,289.776,4671.671,64246
1787815393241,8e7a01ec-a46f-8fd1-cdff-5aa0b89c8aab,/p/0/d55bb88b23eeff8f,8,200,228526,194.196,2824.502,80908
1787815391100,553b9ccc-860b-52b9-85ef-0d28103041fa,/p/0/d8924bc85046ba28,1,200,377176,47.318,4988.529,75609
1787815394385,1ff3bcd1-0da7-cd02-1374-522545639cba,/p/11/ef186b9b5ba9b67e,1,200,411022,337.379,1819.828,225858
1787815391371,c49809ce-1e0b-10d9-6024-9dfc810efd11,/p/4/b4fed335d893453a,4,200,381148,240.804,4843.098,78699
1787815347290,e05bb7f6-272b-355e-0d2c-78db980475ad,/p/0/1651026c310ace50,2,200,4802640,257.244,48940.154,98133
1787815390227,8e7a01ec-a46f-8fd1-cdff-5aa0b89c8aab,/p/0/97fcf9b21b4d9688,7,200,418246,629.584,6018.412,69494
1787815391460,b3a23f41-af11-6422-808e-1c535d4af12f,/p/10/8d2ee702d487614,2,200,330663,64.629,4815.902,68661
1787815375242,cf6b0c32-d027-3b38-e2ca-a9d4c3aeba8a,/p/2/a5036c9b28a43ea8,4,200,497339,1326.658,21050.632,23626
1787815392348,553b9ccc-860b-52b9-85ef-0d28103041fa,/p/10/79259cb377aae8cf,2,200,207306,294.949,4052.775,51152
1787815390246,dfb72c95-9df6-a302-4f7f-eb28eb530616,/p/6/4d1d3dc3254536a8,6,200,211736,514.113,6249.158,33882
1787815390227,8e7a01ec-a46f-8fd1-cdff-5aa0b89c8aab,/p/0/97fcfcb21b4d9ba1,7,200,438955,629.449,6271.297,69994
1787815384088,419ec04a-3ac5-43e5-eb84-bca38d6ad0bc,/p/0/db997556c7148edc,1,200,4762953,18.359,12439.420,382892
1787815321981,e006d3a4-893c-ecdd-0350-87bafabb266c,/p/0/48bea43d8c08002a,2,200,2822366,465.294,74719.955,37773
1787815396401,553b9ccc-860b-52b9-85ef-0d28103041fa,/p/0/86719b59e5398849,3,200,6492,289.920,340.265,19079
1787815394391,e74dc3e9-9b81-1c67-b868-f59eb1ef8038,/p/6/8282c0f8f044ac91,1,200,462421,271.087,2378.969,194379
1787815383419,0bc6c343-fd5b-3b3e-37e3-d1d8563349f9,/p/0/d67c126ac398b086,2,200,392675,578.830,13389.664,29327
1787815393241,8e7a01ec-a46f-8fd1-cdff-5aa0b89c8aab,/p/2/d55bb78b23eefddc,8,200,237540,212.557,3859.716,61543
1787815388304,3e340235-a476-afef-4a40-4f38df10a537,/?crawl=200,0,200,5861370,23.353,9018.046,649960
1787815396214,c49809ce-1e0b-10d9-6024-9dfc810efd11,/p/0/2d767ea02dc897d4,5,200,30849,262.622,1113.407,27707
1787815394888,e887db64-7e3f-9785-193f-e045cbf09f14,/p/1/df0611dd96219507,2,200,240464,282.957,2604.313,92333
1787815362793,c73dac6e-70cd-a441-9567-fe760f466832,/p/0/319f9413a902fe69,1,200,3137680,250.706,34741.980,90314
1787815389866,8c4b883f-7af1-ae8c-c101-a1f478818567,/p/0/c94a18939c61c2a6,3,200,473376,453.508,7770.041,60923
1787815395855,a3113622-153a-4853-9f4b-e682800ffcd5,/p/12/855580c00ea516a4,3,200,240933,212.506,1924.173,125214
1787815386304,8b6d1fd9-ed01-e254-8a8a-4186bf8c9e5b,/?crawl=198,0,200,4831231,45.612,11499.196,420136
1787815396215,c49809ce-1e0b-10d9-6024-9dfc810efd11,/p/3/2d7680a02dc89b3a,5,200,71016,579.229,1595.199,44519
1787815396205,1ff3bcd1-0da7-cd02-1374-522545639cba,/p/10/30ee489bfc829899,2,200,244671,36.515,1610.549,151918
1787815397493,e887db64-7e3f-9785-193f-e045cbf09f14,/p/0/25a3c53b40f3fb5a,3,200,21432,306.925,388.810,55122
1787815395168,5dc1e98b-e944-26bb-e977-30c41b3bf4a0,/p/0/26cc7aa8ab07a374,9,200,3689020,2.776,2777.897,1327990
1787815395415,9e0fba65-906f-29ac-85bf-db388693d2aa,/p/6/28822581901e947,4,200,34640,408.234,2537.230,13653
1787815394888,e887db64-7e3f-9785-193f-e045cbf09f14,/p/0/df0613dd9621986d,2,200,221816,311.833,3108.634,71355
1787815396495,dfb72c95-9df6-a302-4f7f-eb28eb530616,/p/0/4d1d3ec32545385b,6,200,40986,377.348,1574.216,26036
1787815392348,553b9ccc-860b-52b9-85ef-0d28103041fa,/p/0/79259bb377aae71c,2,200,364691,367.756,5723.000,63724
1787815397816,1ff3bcd1-0da7-cd02-1374-522545639cba,/p/0/fb04bc0f476155fa,3,200,5772,190.700,285.240,20236
1787815388584,82415893-2ab4-7ff9-5c23-674ddf0978c6,/p/3/e5ad9d723a168f79,2,200,5361858,14.713,9528.866,562696
1787815369876,ae73129a-f067-5805-ca89-9ca050b023cd,/p/0/862bc703d15d2742,3,200,4849826,178.796,28336.743,171150
1787815395855,a3113622-153a-4853-9f4b-e682800ffcd5,/p/0/855582c00ea51a0a,3,200,285828,138.424,2495.356,114544
1787815398113,82415893-2ab4-7ff9-5c23-674ddf0978c6,/p/0/5e5343dbdbbe21d8,3,200,80703,66.256,319.910,252268
1787815392348,553b9ccc-860b-52b9-85ef-0d28103041fa,/p/0/79259eb377aaec35,2,200,345000,271.409,6086.353,56684
1787815396276,b3a23f41-af11-6422-808e-1c535d4af12f,/p/0/6da7abb05f43fa6,3,200,268073,489.011,2423.090,110633
1787815396276,b3a23f41-af11-6422-808e-1c535d4af12f,/p/9/6da7bbb05f44159,3,200,472423,423.236,2427.895,194581
1787815396401,553b9ccc-860b-52b9-85ef-0d28103041fa,/p/9/86719a59e5398696,3,200,199086,340.298,2387.322,83393
1787815380865,ae73129a-f067-5805-ca89-9ca050b023cd,/p/0/1a04adeb7222b9cd,4,200,2533307,161.718,17991.882,140803
1787815393241,8e7a01ec-a46f-8fd1-cdff-5aa0b89c8aab,/p/0/d55bb98b23ef0142,8,200,476379,212.498,5675.887,83930
1787815363643,fff1ea97-b6b4-3164-10bb-35abbc98d713,/p/0/d51a5df51cd54b77,13,200,3474735,219.410,35289.622,98463
1787815397493,e887db64-7e3f-9785-193f-e045cbf09f14,/p/0/25a3c43b40f3f9a7,3,200,109971,445.838,1446.528,76024
1787815396770,e74dc3e9-9b81-1c67-b868-f59eb1ef8038,/p/0/a4fec5c3164f802f,2,200,156105,41.760,2189.738,71289
1787815396276,b3a23f41-af11-6422-808e-1c535d4af12f,/p/0/6da79bb05f43df3,3,200,474012,325.880,2695.235,175870
1787815396293,cf6b0c32-d027-3b38-e2ca-a9d4c3aeba8a,/p/0/92ed67fc9caf456,5,200,21910,1046.307,2843.836,7704
1787815398113,82415893-2ab4-7ff9-5c23-674ddf0978c6,/p/0/5e5346dbdbbe26f1,3,200,341658,72.207,1157.119,295266
1787815388584,82415893-2ab4-7ff9-5c23-674ddf0978c6,/p/0/e5ad9b723a168c13,2,200,5854836,47.918,10738.234,545233
1787815397810,c49809ce-1e0b-10d9-6024-9dfc810efd11,/p/0/4db6cdf3e4b8f756,6,200,116533,265.282,1525.292,76400
1787815391460,b3a23f41-af11-6422-808e-1c535d4af12f,/p/0/8d2ef702d4877c7,2,200,2261967,64.619,7912.601,285869
1787815398704,b3a23f41-af11-6422-808e-1c535d4af12f,/p/8/6f6b342ad53eadc2,4,200,273908,574.542,692.525,395521
1787815396205,1ff3bcd1-0da7-cd02-1374-522545639cba,/p/0/30ee479bfc8296e6,2,200,451194,207.976,3208.320,140632
1787815397779,a3113622-153a-4853-9f4b-e682800ffcd5,/p/11/6b792fd20db41653,4,200,116384,181.561,1657.166,70231
1787815397493,e887db64-7e3f-9785-193f-e045cbf09f14,/p/0/25a3c63b40f3fd0d,3,200,189126,306.918,1952.350,96871
1787815397953,9e0fba65-906f-29ac-85bf-db388693d2aa,/p/0/1b69f016c25214a1,5,200,39635,773.085,1583.134,25036
1787815398704,b3a23f41-af11-6422-808e-1c535d4af12f,/p/0/6f6b322ad53eaa5c,4,200,412754,574.545,839.255,491810
1787815389228,dfb72c95-9df6-a302-4f7f-eb28eb530616,/p/0/eb125999fdf9d9a0,5,200,363608,644.868,10413.783,34916
1787815395855,a3113622-153a-4853-9f4b-e682800ffcd5,/p/0/855581c00ea51857,3,200,412834,152.227,3871.753,106627
1787815399397,b3a23f41-af11-6422-808e-1c535d4af12f,/p/7/52c0de8d98ea7eea,5,200,247670,75.698,421.055,588213
1787815399397,b3a23f41-af11-6422-808e-1c535d4af12f,/p/0/52c0dc8d98ea7b84,5,200,227587,40.492,457.016,497984
1787815334450,e006d3a4-893c-ecdd-0350-87bafabb266c,/p/0/a3ba38f0b063915b,3,200,2468213,308.912,65425.261,37726
1787815392653,aff4d4dc-1a12-25d9-4afe-e55be64bd77d,/p/0/8466aceae9d857aa,1,200,499104,84.498,7241.402,68924
1787815392653,aff4d4dc-1a12-25d9-4afe-e55be64bd77d,/p/0/8466abeae9d855f7,1,200,485379,279.312,7296.461,66523
1787815399818,b3a23f41-af11-6422-808e-1c535d4af12f,/p/0/41fd199667cd8158,6,200,99245,30.344,174.432,568961
1787815395784,0749ca82-1e65-8f0a-ba8a-b79b9d25deac,/p/0/15ed175684dfa457,1,200,226866,781.511,4256.047,53304
1787815399818,b3a23f41-af11-6422-808e-1c535d4af12f,/p/6/41fd1b9667cd84be,6,200,133161,30.308,246.292,540663
1787815399818,b3a23f41-af11-6422-808e-1c535d4af12f,/p/0/41fd1c9667cd8671,6,200,97523,30.270,259.675,375558
1787815397803,8b6d1fd9-ed01-e254-8a8a-4186bf8c9e5b,/p/3/e913fffe4500a3ac,1,200,294671,220.540,2454.427,120057
1787815397803,8b6d1fd9-ed01-e254-8a8a-4186bf8c9e5b,/p/0/e91401fe4500a712,1,200,243824,43.812,2499.415,97552
1787815387617,d9b27d91-0fa9-612c-4b18-86aa6c1a66d6,/p/2/1b72efbe00dec89b,7,200,3655590,222.944,12686.890,288139
1787815342923,12028cc7-a6cb-1a51-d45d-d5f675c8e8a9,/p/2/ae125f6db2335095,1,0,1188959,774.057,57381.530,20720
1787815342923,12028cc7-a6cb-1a51-d45d-d5f675c8e8a9,/p/0/ae125d6db2334d2f,1,0,1168487,1037.756,57381.578,20363
1787815399397,b3a23f41-af11-6422-808e-1c535d4af12f,/p/0/52c0df8d98ea809d,5,200,485707,45.678,932.189,521039
1787815400064,b3a23f41-af11-6422-808e-1c535d4af12f,/p/0/bab22d4c322a61bf,7,200,123943,200.868,265.324,467138
1787815397953,9e0fba65-906f-29ac-85bf-db388693d2aa,/p/0/1b69ed16c2520f88,5,200,93157,733.795,2391.119,38960
1787815400304,d9b27d91-0fa9-612c-4b18-86aa6c1a66d6,/p/0/82337fd63e9940dd,8,200,10322,37.848,59.649,173046
1787815400304,3281b132-3631-e78d-6f4e-faac523fc3a0,/?crawl=218,0,200,20593,33.691,64.655,318506
1787815397101,8e7a01ec-a46f-8fd1-cdff-5aa0b89c8aab,/p/1/c64acb535a57caa2,9,200,296792,200.215,3274.065,90649
1787815388304,34b69e21-870e-7b51-cd5c-c6d7ebc990e9,/?crawl=201,0,200,2176628,93.744,12221.929,178092
1787815347290,e05bb7f6-272b-355e-0d2c-78db980475ad,/p/0/1651056c310ad369,2,200,4895960,235.911,53349.953,91771
1787815400064,b3a23f41-af11-6422-808e-1c535d4af12f,/p/5/bab22f4c322a6525,7,200,406218,228.388,594.684,683082
1787815343412,3e71326f-e416-3c5e-6236-7bd18a29c656,/p/0/44b87c47a93fabb8,8,200,4098873,343.438,57269.871,71571
1787815400659,b3a23f41-af11-6422-808e-1c535d4af12f,/p/0/2b1653fba16c9649,8,200,32957,46.633,63.375,520035
1787815390363,161b30d4-dbe2-5052-5dcb-0f971f676399,/p/0/b9a5f89c374d8bed,1,200,3879999,59.630,10425.270,372173
1787815376177,76867539-874f-9317-5aab-6d0421d2a69c,/p/0/76ec20436bec3f74,1,200,4270108,33.825,24658.898,173167
1787815400369,3281b132-3631-e78d-6f4e-faac523fc3a0,/p/0/34d96b829dd8d445,1,200,89758,31.312,620.896,144562
1787815400304,d9b27d91-0fa9-612c-4b18-86aa6c1a66d6,/p/0/82337cd63e993bc4,8,200,177684,59.721,760.137,233753
1787815396205,1ff3bcd1-0da7-cd02-1374-522545639cba,/p/0/30ee469bfc829533,2,200,514784,283.288,4866.217,105787
1787815395784,0749ca82-1e65-8f0a-ba8a-b79b9d25deac,/p/16/15ed165684dfa2a4,1,200,473108,215.200,5300.723,89253
1787815342773,e05bb7f6-272b-355e-0d2c-78db980475ad,/p/0/468abfab63d7aa28,1,200,6267898,235.333,58324.010,107467
1787815396401,553b9ccc-860b-52b9-85ef-0d28103041fa,/p/0/86719859e5398330,3,200,427929,290.114,4769.172,89728
1787815400304,0478c1ea-68e1-75c7-cddd-a5d083df15bb,/?crawl=217,0,200,423248,31.321,868.023,487600
1787815400659,b3a23f41-af11-6422-808e-1c535d4af12f,/p/0/2b1650fba16c9130,8,200,467969,33.166,600.758,778964
1787815393304,63feb0eb-2564-8058-5024-1e4cb93e9190,/?crawl=211,0,200,2111228,60.963,7997.542,263985
1787815400304,d9b27d91-0fa9-612c-4b18-86aa6c1a66d6,/p/1/82337ed63e993f2a,8,200,166887,142.615,1003.806,166254
1787815400659,b3a23f41-af11-6422-808e-1c535d4af12f,/p/4/2b1652fba16c9496,8,200,441005,33.218,693.243,636148
1787815399304,63c575a9-d481-947a-51d7-c87f17963167,/?crawl=216,0,200,369365,67.473,2150.757,171737
1787815393304,28cc50e5-3465-4b99-2b80-02383cb906cd,/?crawl=212,0,200,2306613,86.681,8225.084,280436
1787815383304,4e7fcad3-e4b7-ed53-7182-51c2cf84d8e9,/?crawl=195,0,200,5058109,49.937,18292.802,276508
1787815401304,ed827d04-f232-b34f-a621-d4ff29686646,/?crawl=221,0,200,197095,28.607,349.907,563279
1787815383990,b65c0c64-3b12-5a25-dd6f-f7450caa3086,/p/0/4c53ed603b393725,6,200,508991,532.331,17724.718,28716
1787815401308,d9b27d91-0fa9-612c-4b18-86aa6c1a66d6,/p/0/f9ba59017d5c864c,9,200,43113,59.736,419.708,102722
1787815401308,d9b27d91-0fa9-612c-4b18-86aa6c1a66d6,/p/0/f9ba5c017d5c8b65,9,200,56143,40.509,440.383,127487
1787815401654,ed827d04-f232-b34f-a621-d4ff29686646,/p/0/7c3b8ad05a9b99d3,1,200,63744,24.266,168.624,378025
1787815401302,63feb0eb-2564-8058-5024-1e4cb93e9190,/p/0/3cc1c211ae15907d,1,200,42200,54.749,632.434,66726
1787815401308,d9b27d91-0fa9-612c-4b18-86aa6c1a66d6,/p/0/f9ba5b017d5c89b2,9,200,131819,40.548,660.229,199656
1787815401597,4e7fcad3-e4b7-ed53-7182-51c2cf84d8e9,/p/0/ca27a9d22c077058,1,200,88735,41.582,441.955,200778
1787815397953,9e0fba65-906f-29ac-85bf-db388693d2aa,/p/5/1b69ef16c25212ee,5,200,117228,1054.820,4091.869,28649
1787815400258,8b6d1fd9-ed01-e254-8a8a-4186bf8c9e5b,/p/0/e7f6a2004eef8b6f,2,200,164950,269.562,1787.144,92298
1787815395784,0749ca82-1e65-8f0a-ba8a-b79b9d25deac,/p/0/15ed185684dfa60a,1,200,472753,72.759,6278.865,75293
1787815398788,553b9ccc-860b-52b9-85ef-0d28103041fa,/p/8/f1980268211e0f43,4,200,161817,291.516,3300.412,49029
1787815395415,9e0fba65-906f-29ac-85bf-db388693d2aa,/p/0/28821581901e794,4,200,287456,407.999,6706.601,42862
1787815398113,82415893-2ab4-7ff9-5c23-674ddf0978c6,/p/2/5e5345dbdbbe253e,3,200,3849899,66.200,4027.663,955864
1787815386288,440d284a-4e1e-ee1c-2872-92f3eb9b00c6,/p/0/f0fc538d553d5acb,1,200,3217428,32.204,15863.491,202820
1787815390479,548a7f9d-41e4-e529-50a4-b4a5553f5aa5,/p/0/cf707f4d8c69c4bb,6,200,498921,402.222,11675.962,42731
1787815401352,b3a23f41-af11-6422-808e-1c535d4af12f,/p/0/8a8b9018a9c5b8f2,9,200,438939,31.121,823.550,532984
1787815401352,b3a23f41-af11-6422-808e-1c535d4af12f,/p/0/8a8b8f18a9c5b73f,9,200,393062,31.054,869.685,451959
1787815380865,ae73129a-f067-5805-ca89-9ca050b023cd,/p/0/1a04aceb7222b81a,4,200,4251319,161.617,21441.802,198272
1787815401085,0749ca82-1e65-8f0a-ba8a-b79b9d25deac,/p/0/c5bc1c9992e4826a,2,200,23557,397.849,1222.983,19262
1787815401304,6ecd8cf8-f9e4-22fd-ee79-91329d872865,/?crawl=219,0,200,421912,37.724,1070.562,394103
1787815397803,8b6d1fd9-ed01-e254-8a8a-4186bf8c9e5b,/p/0/e91400fe4500a55f,1,200,495314,286.429,4591.164,107884
1787815400369,3281b132-3631-e78d-6f4e-faac523fc3a0,/p/0/34d969829dd8d0df,1,200,393591,64.465,2055.154,191514
1787815401352,b3a23f41-af11-6422-808e-1c535d4af12f,/p/3/8a8b8e18a9c5b58c,9,200,495568,45.343,1118.133,443210
1787815401529,28cc50e5-3465-4b99-2b80-02383cb906cd,/p/0/a9576db4197a9c1d,1,200,55197,1.739,952.868,57927
1787815401529,28cc50e5-3465-4b99-2b80-02383cb906cd,/p/0/a9576ab4197a9704,1,200,35352,3.841,953.631,37071
1787815402375,6ecd8cf8-f9e4-22fd-ee79-91329d872865,/p/0/a16f1425093ddacc,1,200,7656,55.143,109.557,69881
1787815402141,82415893-2ab4-7ff9-5c23-674ddf0978c6,/p/1/ddd2c1799abf0c74,4,200,136941,11.091,377.485,362772
1787815401597,4e7fcad3-e4b7-ed53-7182-51c2cf84d8e9,/p/0/ca27acd22c077571,1,200,138476,116.429,943.137,146825
1787815363171,ab26aace-a219-cdc4-0c38-30c83d8f2c44,/p/0/9b2b384c7e1eac6,3,200,4345433,61.322,39406.621,110272
1787815401597,4e7fcad3-e4b7-ed53-7182-51c2cf84d8e9,/p/4/ca27aad22c07720b,1,200,61336,290.345,1019.890,60140
1787815401085,0749ca82-1e65-8f0a-ba8a-b79b9d25deac,/p/0/c5bc1b9992e480b7,2,200,128555,360.664,1581.902,81266
1787815355152,14083928-4f13-aa04-3e54-8c263b088cb1,/p/0/5402b7cb0c9c21a2,4,200,3596672,319.707,47616.479,75534
1787815402141,82415893-2ab4-7ff9-5c23-674ddf0978c6,/p/0/ddd2c2799abf0e27,4,200,191024,48.848,710.153,268990
1787815402518,82415893-2ab4-7ff9-5c23-674ddf0978c6,/p/0/cc30b16328260402,5,200,68819,80.167,351.913,195557
1787815402470,b3a23f41-af11-6422-808e-1c535d4af12f,/p/0/e017614ef21da597,10,200,172564,32.035,413.159,417670
1787815379762,76867539-874f-9317-5aab-6d0421d2a69c,/p/0/f6c98c22972826f4,2,200,4832301,210.905,23125.155,208963
1787815397779,a3113622-153a-4853-9f4b-e682800ffcd5,/p/0/6b792ed20db414a0,4,200,350866,130.793,5115.647,68587
1787815326688,0bc6c343-fd5b-3b3e-37e3-d1d8563349f9,/p/0/e8a8c5f8eefe5bca,1,200,4076171,229.233,76211.350,53485
1787815387923,19fafd0a-eb0b-5405-6877-f611ae66cc46,/p/0/3654673f0a044f23,3,200,4051880,323.125,15062.677,269001
1787815397101,8e7a01ec-a46f-8fd1-cdff-5aa0b89c8aab,/p/0/c64ac9535a57c73c,9,200,405220,239.707,5909.279,68574
1787815402518,82415893-2ab4-7ff9-5c23-674ddf0978c6,/p/0/cc30af632826009c,5,200,119869,74.392,503.357,238139
1787815397637,8c4b883f-7af1-ae8c-c101-a1f478818567,/p/0/42a807d9f4234d34,4,200,185072,3599.932,5421.889,34134
1787815401085,0749ca82-1e65-8f0a-ba8a-b79b9d25deac,/p/15/c5bc1d9992e4841d,2,200,144379,937.967,2011.966,71760
1787815402471,b3a23f41-af11-6422-808e-1c535d4af12f,/p/2/e017634ef21da8fd,10,200,451650,35.380,752.004,600595
1787815402617,4e7fcad3-e4b7-ed53-7182-51c2cf84d8e9,/p/0/d3ca052e213ac487,2,200,53008,253.172,631.458,83945
1787815402141,82415893-2ab4-7ff9-5c23-674ddf0978c6,/p/0/ddd2c3799abf0fda,4,200,496544,35.637,1138.529,436128
1787815400526,34b69e21-870e-7b51-cd5c-c6d7ebc990e9,/p/1/92d14de10e179fc7,1,200,161888,96.825,2849.253,56818
1787815377031,fb058f7a-53f7-c86f-c2ee-289ac5d682aa,/p/0/e381cbe5d7514b14,1,200,6188169,132.521,26380.368,234575
1787815396215,c49809ce-1e0b-10d9-6024-9dfc810efd11,/p/0/2d7681a02dc89ced,5,200,480186,335.162,7230.882,66408
1787815399875,e006d3a4-893c-ecdd-0350-87bafabb266c,/p/0/5b477b97fe41df09,6,200,408843,248.017,3697.219,110581
1787815397810,c49809ce-1e0b-10d9-6024-9dfc810efd11,/p/0/4db6ccf3e4b8f5a3,6,200,416748,265.138,5771.286,72211
1787815393558,548a7f9d-41e4-e529-50a4-b4a5553f5aa5,/p/0/6371e34737003fdd,7,200,272782,694.830,10119.129,26957
1787815400258,8b6d1fd9-ed01-e254-8a8a-4186bf8c9e5b,/p/0/e7f6a3004eef8d22,2,200,407411,334.968,3471.003,117376
1787815400526,34b69e21-870e-7b51-cd5c-c6d7ebc990e9,/p/0/92d14fe10e17a32d,1,200,209635,113.319,3382.963,61968
1787815379619,c49809ce-1e0b-10d9-6024-9dfc810efd11,/p/0/6f03cbb45baf86a2,1,200,2210527,243.018,24296.401,90982
1787815387923,19fafd0a-eb0b-5405-6877-f611ae66cc46,/p/0/3654693f0a045289,3,200,5918519,300.151,16032.290,369162
1787815396701,e006d3a4-893c-ecdd-0350-87bafabb266c,/p/8/5b477a97fe41dd56,6,200,487957,215.136,7330.275,66567
1787815398704,b3a23f41-af11-6422-808e-1c535d4af12f,/p/0/6f6b352ad53eaf75,4,200,3105329,574.754,5327.760,582858
1787815321981,e006d3a4-893c-ecdd-0350-87bafabb266c,/p/0/48bea33d8c07fe77,2,200,2935546,500.003,82051.279,35777
1787815403223,b3a23f41-af11-6422-808e-1c535d4af12f,/p/1/65e779ae8c7ed6fa,11,200,467841,34.994,858.376,545030
1787815400258,8b6d1fd9-ed01-e254-8a8a-4186bf8c9e5b,/p/2/e7f6a1004eef89bc,2,200,449138,334.973,3873.484,115952
1787815400064,b3a23f41-af11-6422-808e-1c535d4af12f,/p/0/bab22e4c322a6372,7,200,2725041,200.974,4077.797,668263
1787815403223,b3a23f41-af11-6422-808e-1c535d4af12f,/p/0/65e777ae8c7ed394,11,200,420660,49.051,974.533,431653
1787815401529,28cc50e5-3465-4b99-2b80-02383cb906cd,/p/9/a9576bb4197a98b7,1,200,4096189,322.720,2686.836,1524540
1787815389906,e6643b89-1dd1-2310-bf50-2a904aaa6e86,/p/0/263ba43ea2b2978d,1,200,66291,7726.221,14316.528,4630
1787815401302,63feb0eb-2564-8058-5024-1e4cb93e9190,/p/0/3cc1bf11ae158b64,1,200,380901,164.576,2925.862,130184
1787815401654,ed827d04-f232-b34f-a621-d4ff29686646,/p/0/7c3b8bd05a9b9b86,1,200,434104,79.566,2605.677,166599
1787815402895,a3113622-153a-4853-9f4b-e682800ffcd5,/p/0/7194608b749e1db4,5,200,150626,177.099,1378.370,109278
1787815402045,9e0fba65-906f-29ac-85bf-db388693d2aa,/p/4/105a0f194b8be8d3,6,200,87500,440.898,2333.391,37499
1787815404081,b3a23f41-af11-6422-808e-1c535d4af12f,/p/0/574036d6d9f4cd0,12,200,138462,36.694,321.844,430214
1787815398788,553b9ccc-860b-52b9-85ef-0d28103041fa,/p/0/f1980168211e0d90,4,200,417474,242.325,5657.593,73790
1787815402375,6ecd8cf8-f9e4-22fd-ee79-91329d872865,/p/9/a16f1625093dde32,1,200,429222,37.630,2162.739,198462
1787815356433,0c39296c-9d09-a3b9-cfb4-8e11142eafe6,/p/0/21605f5ae5bd28a3,8,200,3187539,206.078,48186.700,66150
1787815404032,e006d3a4-893c-ecdd-0350-87bafabb266c,/p/0/e5bb542a85aa522f,7,200,113352,338.172,675.267,167863
1787815404031,e006d3a4-893c-ecdd-0350-87bafabb266c,/p/7/e5bb532a85aa507c,7,200,174247,339.125,679.243,256531
1787815404081,b3a23f41-af11-6422-808e-1c535d4af12f,/p/0/574046d6d9f4e83,12,200,433590,63.999,664.182,652818
1787815404538,6ecd8cf8-f9e4-22fd-ee79-91329d872865,/p/0/8e61638ad9e13a9b,2,200,11029,202.288,237.069,46522
1787815404142,b3a23f41-af11-6422-808e-1c535d4af12f,/p/0/574066d6d9f51e9,12,200,290957,42.702,651.946,446290
1787815402518,82415893-2ab4-7ff9-5c23-674ddf0978c6,/p/0/cc30b0632826024f,5,200,2163926,66.949,2286.525,946382
1787815402375,6ecd8cf8-f9e4-22fd-ee79-91329d872865,/p/0/a16f1725093ddfe5,1,200,519168,54.921,2434.384,213265
1787815404538,6ecd8cf8-f9e4-22fd-ee79-91329d872865,/p/0/8e61648ad9e13c4e,2,200,4510,237.153,271.703,16599
1787815394935,419ec04a-3ac5-43e5-eb84-bca38d6ad0bc,/p/0/3c6af105e4058050,2,200,4129854,91.587,9900.312,417144
1787815403376,34b69e21-870e-7b51-cd5c-c6d7ebc990e9,/p/0/b8a9e2e6c096ea72,2,200,120283,227.208,1549.389,77633
1787815395462,702b7d66-0ccc-7dff-26e7-1a1bb8b4a3ab,/p/12/2528e7cd3a7fed12,5,200,436893,421.649,9475.588,46107
1787815404216,28cc50e5-3465-4b99-2b80-02383cb906cd,/p/8/c28c5a81be201e0a,2,200,258310,5.850,724.750,356412
1787815341994,702b7d66-0ccc-7dff-26e7-1a1bb8b4a3ab,/p/0/cbfdb8903632ea2d,2,200,5088922,252.358,62947.295,80844
1787815361072,fff1ea97-b6b4-3164-10bb-35abbc98d713,/p/0/a177a4d84f9d281b,12,200,5445416,197.754,43933.943,123946
1787815403573,e006d3a4-893c-ecdd-0350-87bafabb266c,/p/0/5b477897fe41d9f0,6,200,360168,548.406,1450.757,248262
1787815390304,9fdb75b2-e53e-03fe-6b2c-ae349e1d4f9c,/?crawl=205,0,200,4183086,50.946,14732.282,283940
1787815402617,4e7fcad3-e4b7-ed53-7182-51c2cf84d8e9,/p/3/d3ca072e213ac7ed,2,200,299589,49.369,2473.209,121134
1787815402089,553b9ccc-860b-52b9-85ef-0d28103041fa,/p/0/ea853e3181d50eac,5,200,204692,330.552,3085.338,66343
1787815367970,ab20e2c6-17bf-e321-abcd-e30c10aef1f9,/p/5/3e8a382611c63b79,4,200,438305,1679.767,37366.698,11730
1787815393727,b65c0c64-3b12-5a25-dd6f-f7450caa3086,/p/0/4c53ea603b39320c,6,200,285455,535.478,11664.334,24472
1787815394935,419ec04a-3ac5-43e5-eb84-bca38d6ad0bc,/p/1/3c6af305e40583b6,2,200,4122802,101.298,10455.864,394305
1787815402617,4e7fcad3-e4b7-ed53-7182-51c2cf84d8e9,/p/0/d3ca062e213ac63a,2,200,455903,252.980,2790.205,163394
1787815405090,4e7fcad3-e4b7-ed53-7182-51c2cf84d8e9,/p/0/fa89e2b072aea119,3,200,123765,319.407,359.131,344624
1787815405090,4e7fcad3-e4b7-ed53-7182-51c2cf84d8e9,/p/2/fa89e0b072ae9db3,3,200,435336,323.349,474.447,917565
1787815405090,4e7fcad3-e4b7-ed53-7182-51c2cf84d8e9,/p/0/fa89dfb072ae9c00,3,200,319643,317.005,474.553,673566
1787815382149,9b756a86-8abd-2ab1-135b-50a13ba82815,/p/3/e626de8735a961bc,3,200,2732836,77.199,23439.994,116589
1787815341572,0c39296c-9d09-a3b9-cfb4-8e11142eafe6,/p/0/1fa891c4ad57997f,3,200,5220363,237.309,64076.452,81471
1787815402089,553b9ccc-860b-52b9-85ef-0d28103041fa,/p/0/ea85413181d513c5,5,200,275472,307.315,3580.354,76940
1787815405391,419ec04a-3ac5-43e5-eb84-bca38d6ad0bc,/p/0/5e92a50daea881d4,3,200,73902,95.961,279.210,264682
1787815403223,b3a23f41-af11-6422-808e-1c535d4af12f,/p/0/65e77aae8c7ed8ad,11,200,2142551,67.129,2504.565,855458
1787815404216,28cc50e5-3465-4b99-2b80-02383cb906cd,/p/0/c28c5881be201aa4,2,200,310101,8.601,1547.250,200421
1787815404216,28cc50e5-3465-4b99-2b80-02383cb906cd,/p/0/c28c5b81be201fbd,2,200,395860,1.486,1550.145,255370
1787815404941,28cc50e5-3465-4b99-2b80-02383cb906cd,/p/0/ba9641ec178091a2,3,200,65321,825.467,827.145,78972
1787815363643,fff1ea97-b6b4-3164-10bb-35abbc98d713,/p/0/d51a5ff51cd54edd,13,200,5109705,236.705,42195.028,121097
1787815365865,14083928-4f13-aa04-3e54-8c263b088cb1,/p/0/d8272980f808ef1f,6,200,5071127,442.074,39996.972,126788
1787815334450,e006d3a4-893c-ecdd-0350-87bafabb266c,/p/0/a3ba39f0b063930e,3,200,4020758,403.332,71493.404,56240
1787815405565,4e7fcad3-e4b7-ed53-7182-51c2cf84d8e9,/p/0/a34cd71737df11a3,4,200,208573,1.893,386.442,539726
1787815405565,4e7fcad3-e4b7-ed53-7182-51c2cf84d8e9,/p/1/a34cd91737df1509,4,200,185705,4.795,397.093,467661
1787815405565,4e7fcad3-e4b7-ed53-7182-51c2cf84d8e9,/p/0/a34cd81737df1356,4,200,220658,4.079,397.996,554423
1787815404304,c5aa0efa-81cb-c472-cc06-ea5a979bd993,/?crawl=224,0,200,347337,71.328,1682.730,206413
1787815404538,6ecd8cf8-f9e4-22fd-ee79-91329d872865,/p/8/8e61628ad9e138e8,2,200,516724,271.692,1560.848,331053
1787815404941,28cc50e5-3465-4b99-2b80-02383cb906cd,/p/7/ba963fec17808e3c,3,200,275400,826.808,1220.907,225570
1787815402089,553b9ccc-860b-52b9-85ef-0d28103041fa,/p/7/ea853f3181d5105f,5,200,346004,307.327,4115.172,84080
1787815405962,4e7fcad3-e4b7-ed53-7182-51c2cf84d8e9,/p/0/f28f703a089190e2,5,200,136811,5.362,317.930,430319
1787815405962,4e7fcad3-e4b7-ed53-7182-51c2cf84d8e9,/p/0/f28f6f3a08918f2f,5,200,496870,3.516,439.884,1129548
1787815405962,4e7fcad3-e4b7-ed53-7182-51c2cf84d8e9,/p/0/f28f713a08919295,5,200,520744,7.779,441.729,1178876
1787815403376,34b69e21-870e-7b51-cd5c-c6d7ebc990e9,/p/0/b8a9e3e6c096ec25,2,200,128690,227.386,3069.459,41926
1787815375587,e006d3a4-893c-ecdd-0350-87bafabb266c,/p/0/c6a05e22d877ca3c,5,200,3615620,307.614,30874.442,117107
1787815404941,28cc50e5-3465-4b99-2b80-02383cb906cd,/p/0/ba9640ec17808fef,3,200,230689,825.310,1542.490,149556
1787815403376,34b69e21-870e-7b51-cd5c-c6d7ebc990e9,/p/0/b8a9e0e6c096e70c,2,200,118361,211.499,3171.821,37316
1787815405023,e006d3a4-893c-ecdd-0350-87bafabb266c,/p/0/515591e12dfb0e0e,8,200,253111,1041.879,1567.867,161437
1787815404710,e006d3a4-893c-ecdd-0350-87bafabb266c,/p/6/515592e12dfb0fc1,8,200,360201,1354.232,1894.394,190140
1787815363171,ab26aace-a219-cdc4-0c38-30c83d8f2c44,/p/0/9b2b184c7e1e760,3,200,5731292,61.282,43484.096,131802
1787815343412,3e71326f-e416-3c5e-6236-7bd18a29c656,/p/0/44b87f47a93fb0d1,8,200,5091901,513.310,63346.824,80381
1787815401714,b65c0c64-3b12-5a25-dd6f-f7450caa3086,/p/6/26e850c6c3f2bf67,7,200,330801,490.367,5083.622,65072
1787815406098,6ecd8cf8-f9e4-22fd-ee79-91329d872865,/p/0/d34b1df93a9d1adf,3,200,152183,92.218,944.066,161199
1787815404378,9e0fba65-906f-29ac-85bf-db388693d2aa,/p/3/2a7011edc3404d64,7,200,79184,408.204,2753.880,28754
1787815365865,14083928-4f13-aa04-3e54-8c263b088cb1,/p/0/d8272a80f808f0d2,6,200,5553380,316.684,41297.426,134473
1787815372609,14083928-4f13-aa04-3e54-8c263b088cb1,/p/0/9f1008bd28cfdb2a,8,200,6139747,550.531,34568.657,177610
1787815406162,28cc50e5-3465-4b99-2b80-02383cb906cd,/p/0/d587f6f4c217395c,4,200,328220,321.627,1094.611,299851
1787815402045,9e0fba65-906f-29ac-85bf-db388693d2aa,/p/0/105a11194b8bec39,6,200,117101,441.169,5247.896,22314
1787815405649,0c39296c-9d09-a3b9-cfb4-8e11142eafe6,/p/0/3138d1137acc62a0,12,200,493149,558.420,1671.208,295085
1787815406098,6ecd8cf8-f9e4-22fd-ee79-91329d872865,/p/0/d34b1ef93a9d1c92,3,200,224448,36.588,1321.676,169821
1787815400375,8e7a01ec-a46f-8fd1-cdff-5aa0b89c8aab,/p/0/a63a6e5a7860bf23,10,200,483090,271.459,7051.170,68512
1787815381918,c49809ce-1e0b-10d9-6024-9dfc810efd11,/p/0/c9f27844f2434751,2,200,4039883,290.624,25579.676,157933
1787815406162,28cc50e5-3465-4b99-2b80-02383cb906cd,/p/0/d587f9f4c2173e75,4,200,300816,323.918,1400.387,214809
1787815386288,440d284a-4e1e-ee1c-2872-92f3eb9b00c6,/p/11/f0fc558d553d5e31,1,200,5743570,171.962,21289.321,269786
1787815403097,0749ca82-1e65-8f0a-ba8a-b79b9d25deac,/p/14/a47c7a09d3d7e2ea,3,200,197105,216.085,4506.273,43740
1787815406605,e006d3a4-893c-ecdd-0350-87bafabb266c,/p/0/e77065ad892acb2a,9,200,227547,657.836,1048.810,216957
1787815407304,5d605fca-a4ff-8fee-584e-47beb8f0c9b4,/?crawl=225,0,200,235628,25.039,365.782,644176
1787815337892,702b7d66-0ccc-7dff-26e7-1a1bb8b4a3ab,/p/0/c88348845d658004,1,200,5579687,51.280,70101.938,79594
1787815382149,9b756a86-8abd-2ab1-135b-50a13ba82815,/p/0/e626df8735a9636f,3,200,3561480,464.181,25885.836,137584
1787815405589,9b756a86-8abd-2ab1-135b-50a13ba82815,/p/0/862aff4a0621de1a,4,200,308931,2446.008,2453.007,125940
1787815405589,9b756a86-8abd-2ab1-135b-50a13ba82815,/p/0/862afe4a0621dc67,4,200,203839,2446.267,2454.685,83041
1787815405589,9b756a86-8abd-2ab1-135b-50a13ba82815,/p/2/862b004a0621dfcd,4,200,297323,2447.470,2456.969,121012
1787815400369,3281b132-3631-e78d-6f4e-faac523fc3a0,/p/0/34d96a829dd8d292,1,200,2925756,80.578,7698.385,380048
1787815406162,28cc50e5-3465-4b99-2b80-02383cb906cd,/p/6/d587f8f4c2173cc2,4,200,2269490,321.544,1918.068,1183217
1787815362303,0c39296c-9d09-a3b9-cfb4-8e11142eafe6,/p/0/5c8f3ec91cbc70aa,9,200,4130063,225.080,45862.936,90052
1787815404131,8b6d1fd9-ed01-e254-8a8a-4186bf8c9e5b,/p/0/694d9e24dfcdf091,3,200,481903,44.058,4104.516,117408
1787815399642,dfb72c95-9df6-a302-4f7f-eb28eb530616,/p/5/c63add599f7483ef,7,200,275538,477.569,8604.529,32022
1787815401654,ed827d04-f232-b34f-a621-d4ff29686646,/p/0/7c3b8cd05a9b9d39,1,200,2733318,130.071,6608.818,413586
1787815404131,8b6d1fd9-ed01-e254-8a8a-4186bf8c9e5b,/p/1/694d9c24dfcded2b,3,200,454578,132.415,4220.153,107716
1787815408046,9b756a86-8abd-2ab1-135b-50a13ba82815,/p/0/5d3f30dd4389bdbd,5,200,46530,64.541,334.109,139266
1787815407304,71d51f65-0f4a-4aae-f6b2-ad04f139a00e,/?crawl=227,0,200,286239,60.076,1156.317,247544
1787815378430,721d2a18-d5d4-9573-5d6a-dfab11b899dc,/p/0/87e8e784d26f033c,4,200,2979349,117.986,30042.754,99170
1787815407578,440d284a-4e1e-ee1c-2872-92f3eb9b00c6,/p/10/ffb9665fbf5cc559,2,200,153653,97.274,935.514,164245
1787815391323,984a07c8-a759-6177-8955-ffd038d5104d,/p/1/249601507aaf7c53,3,200,2818345,203.640,17200.208,163855
1787815407304,09982139-5e76-f214-cc24-4e66c50bbb4e,/?crawl=226,0,200,368252,51.028,1248.283,295007
1787815383419,0bc6c343-fd5b-3b3e-37e3-d1d8563349f9,/p/3/d67c136ac398b239,2,200,2118896,427.218,25181.673,84144
1787815408461,71d51f65-0f4a-4aae-f6b2-ad04f139a00e,/p/0/a310368b83d187ac,1,200,21116,58.448,143.687,146959
1787815326688,0bc6c343-fd5b-3b3e-37e3-d1d8563349f9,/p/0/e8a8c4f8eefe5a17,1,200,6241247,229.292,81926.335,76181
1787815408552,09982139-5e76-f214-cc24-4e66c50bbb4e,/p/0/fa5e42def3696b2,1,200,21085,49.003,96.662,218131
1787815407320,0c39296c-9d09-a3b9-cfb4-8e11142eafe6,/p/0/3138d4137acc67b9,12,200,440923,842.210,1509.274,292142
1787815346638,0c39296c-9d09-a3b9-cfb4-8e11142eafe6,/p/0/43b246149ab52d0,5,200,5852853,224.136,62202.105,94094
1787815408080,28cc50e5-3465-4b99-2b80-02383cb906cd,/p/0/f574d25ef859ee1f,5,200,170668,3.798,823.696,207198
1787815406605,e006d3a4-893c-ecdd-0350-87bafabb266c,/p/5/e77063ad892ac7c4,9,200,292042,671.883,2444.528,119468
1787815406204,553b9ccc-860b-52b9-85ef-0d28103041fa,/p/6/998343e0f4fb775e,6,200,210177,264.918,3032.318,69312
1787815408513,440d284a-4e1e-ee1c-2872-92f3eb9b00c6,/p/0/16de26a531d0f052,3,200,81316,177.312,825.947,98452
1787815408080,28cc50e5-3465-4b99-2b80-02383cb906cd,/p/5/f574d45ef859f185,5,200,180765,7.368,1265.872,142799
1787815405037,9fdb75b2-e53e-03fe-6b2c-ae349e1d4f9c,/p/23/4527f86abbabc77b,1,200,420800,329.583,4432.666,94932
1787815408080,28cc50e5-3465-4b99-2b80-02383cb906cd,/p/0/f574d35ef859efd2,5,200,443529,4.564,1588.582,279198
1787815408461,71d51f65-0f4a-4aae-f6b2-ad04f139a00e,/p/2/a310378b83d1895f,1,200,176147,143.651,1448.481,121608
1787815392924,63a2f736-a599-8f16-6df1-716b89ede193,/p/0/90cdf9234d3a3287,16,200,3127260,194.744,17355.456,180189
1787815409346,28cc50e5-3465-4b99-2b80-02383cb906cd,/p/0/ad41b008a09ac49f,6,200,139859,322.672,984.588,142048
1787815408523,984a07c8-a759-6177-8955-ffd038d5104d,/p/0/6a0034c37579ab07,4,200,86776,246.253,1807.776,48002
1787815407578,440d284a-4e1e-ee1c-2872-92f3eb9b00c6,/p/0/ffb9655fbf5cc3a6,2,200,465227,97.235,2829.304,164432
1787815406204,553b9ccc-860b-52b9-85ef-0d28103041fa,/p/0/998341e0f4fb73f8,6,200,330978,240.261,4244.159,77984
1787815410311,a1600f92-0f69-ec40-9031-91960e1644b6,/?crawl=230,0,200,80636,28.176,201.175,400825
1787815404938,702b7d66-0ccc-7dff-26e7-1a1bb8b4a3ab,/p/0/2528e8cd3a7feec5,5,200,202741,3403.361,5619.969,36075
1787815408352,8b6d1fd9-ed01-e254-8a8a-4186bf8c9e5b,/p/0/a0dc87360ace30ee,4,200,171665,221.904,2282.681,75203
1787815407578,440d284a-4e1e-ee1c-2872-92f3eb9b00c6,/p/0/ffb9645fbf5cc1f3,2,200,419476,33.385,3128.190,134095
1787815409909,71d51f65-0f4a-4aae-f6b2-ad04f139a00e,/p/0/4413020b5e8dbdf5,2,200,59183,320.305,1197.363,49428
1787815409469,9fdb75b2-e53e-03fe-6b2c-ae349e1d4f9c,/p/0/5b515d2bfec5a9b7,2,200,113099,380.600,1747.115,64735
1787815401302,63feb0eb-2564-8058-5024-1e4cb93e9190,/p/2/3cc1c111ae158eca,1,200,2190784,82.433,9937.785,220450
1787815409470,9fdb75b2-e53e-03fe-6b2c-ae349e1d4f9c,/p/0/5b515e2bfec5ab6a,2,200,132298,261.930,1771.753,74671
1787815407603,0749ca82-1e65-8f0a-ba8a-b79b9d25deac,/p/0/2d78c105405d1573,4,200,192154,461.625,3649.571,52651
1787815408552,09982139-5e76-f214-cc24-4e66c50bbb4e,/p/0/fa5e22def36934c,1,200,408831,96.668,2712.839,150702
1787815408553,09982139-5e76-f214-cc24-4e66c50bbb4e,/p/0/fa5e32def3694ff,1,200,389212,192.255,2762.805,140876
1787815407994,702b7d66-0ccc-7dff-26e7-1a1bb8b4a3ab,/p/11/e15685e9b5a9c0fd,6,200,125869,704.042,3408.108,36932
1787815409346,28cc50e5-3465-4b99-2b80-02383cb906cd,/p/0/ad41b108a09ac652,6,200,220469,322.777,2164.810,101842
1787815408513,440d284a-4e1e-ee1c-2872-92f3eb9b00c6,/p/0/16de25a531d0ee9f,3,200,342357,160.702,3144.618,108871
1787815408046,9b756a86-8abd-2ab1-135b-50a13ba82815,/p/0/5d3f2ddd4389b8a4,5,200,363585,258.693,3720.701,97719
1787815402471,b3a23f41-af11-6422-808e-1c535d4af12f,/p/0/e017624ef21da74a,10,200,4022717,35.424,9382.873,428730
1787815410512,a1600f92-0f69-ec40-9031-91960e1644b6,/p/3/6ec10428dcaf8bcf,1,200,325203,163.908,1415.285,229779
1787815410512,a1600f92-0f69-ec40-9031-91960e1644b6,/p/0/6ec10628dcaf8f35,1,200,344195,92.451,1415.584,243147
1787815367899,0c39296c-9d09-a3b9-cfb4-8e11142eafe6,/p/0/b13cad9653d59b39,10,200,4682438,307.839,44071.071,106247
1787815411307,29a6f688-2430-d1d8-66fa-7a8c858c2805,/?crawl=231,0,200,456588,40.433,727.432,627671
1787815407603,0749ca82-1e65-8f0a-ba8a-b79b9d25deac,/p/0/2d78c205405d1726,4,200,159154,1210.383,4489.996,35446
1787815408046,9b756a86-8abd-2ab1-135b-50a13ba82815,/p/1/5d3f2fdd4389bc0a,5,200,360277,372.870,4062.484,88684
1787815408513,440d284a-4e1e-ee1c-2872-92f3eb9b00c6,/p/9/16de24a531d0ecec,3,200,483194,259.748,3604.303,134060
1787815408601,0bc6c343-fd5b-3b3e-37e3-d1d8563349f9,/p/0/fcbf5780d98e5bc,3,0,151778,1488.919,3703.351,40984
1787815408601,0bc6c343-fd5b-3b3e-37e3-d1d8563349f9,/p/0/fcbf8780d98ead5,3,0,113003,1483.730,3703.238,30515
1787815408601,0bc6c343-fd5b-3b3e-37e3-d1d8563349f9,/p/2/fcbf7780d98e922,3,0,108384,1485.146,3703.275,29267
1787815383419,0bc6c343-fd5b-3b3e-37e3-d1d8563349f9,/p/0/d67c116ac398aed3,2,0,3457007,427.209,28885.080,119681
1787815359096,3e71326f-e416-3c5e-6236-7bd18a29c656,/p/0/423dfac0d33081b7,10,200,5900070,338.737,53216.882,110868
1787815408352,8b6d1fd9-ed01-e254-8a8a-4186bf8c9e5b,/p/0/a0dc86360ace2f3b,4,200,279092,245.653,3985.285,70031
1787815404378,9e0fba65-906f-29ac-85bf-db388693d2aa,/p/0/2a7012edc3404f17,7,200,352246,449.001,8003.622,44011
1787815389450,9a32b0ef-c270-6f9f-10f8-32b2894067a2,/p/0/f48a45fdb40a2ba3,7,200,3358817,26.215,23072.044,145580
1787815401304,ed44bc0f-ef2d-a9ce-7a2d-62863ae567a0,/?crawl=220,0,200,4919985,33.192,11246.576,437465
1787815404941,702b7d66-0ccc-7dff-26e7-1a1bb8b4a3ab,/p/0/2528e5cd3a7fe9ac,5,200,229550,3401.072,7634.400,30068
1787815409346,28cc50e5-3465-4b99-2b80-02383cb906cd,/p/4/ad41af08a09ac2ec,6,200,374058,323.391,3377.061,110764
1787815392924,63a2f736-a599-8f16-6df1-716b89ede193,/p/6/90cdfb234d3a35ed,16,200,4216195,77.852,19903.873,211828
1787815412828,63a2f736-a599-8f16-6df1-716b89ede193,/p/5/81c75ed96b9d2415,17,200,9539,37.215,54.182,176055
1787815411928,a1600f92-0f69-ec40-9031-91960e1644b6,/p/2/b20829e588ac47b6,2,200,163671,86.279,1034.655,158189
1787815412551,ed44bc0f-ef2d-a9ce-7a2d-62863ae567a0,/p/12/e8d13772c600a726,1,200,100196,27.902,425.430,235517
1787815411928,a1600f92-0f69-ec40-9031-91960e1644b6,/p/0/b20827e588ac4450,2,200,248886,86.488,1087.661,228827
1787815412551,ed44bc0f-ef2d-a9ce-7a2d-62863ae567a0,/p/0/e8d13872c600a8d9,1,200,67442,197.552,484.233,139276
1787815404620,0c39296c-9d09-a3b9-cfb4-8e11142eafe6,/p/2/3138d2137acc6453,12,200,2859990,1270.157,8513.518,335935
1787815407603,0749ca82-1e65-8f0a-ba8a-b79b9d25deac,/p/13/2d78c305405d18d9,4,200,238831,390.611,5558.587,42966
1787815411240,63feb0eb-2564-8058-5024-1e4cb93e9190,/p/1/96f1ecabefca85b6,2,200,294010,113.690,1984.441,148158
1787815411307,e07ca8dd-a6fc-0448-1afb-13a11a268b28,/?crawl=232,0,200,461964,93.915,2127.123,217178
1787815408460,71d51f65-0f4a-4aae-f6b2-ad04f139a00e,/p/0/a310398b83d18cc5,1,200,504499,58.467,5136.515,98218
1787815411928,a1600f92-0f69-ec40-9031-91960e1644b6,/p/0/b2082ae588ac4969,2,200,447723,94.092,1759.230,254499
1787815412828,63a2f736-a599-8f16-6df1-716b89ede193,/p/0/81c75cd96b9d20af,17,200,87035,130.279,869.059,100149
1787815413309,63135859-d311-aab9-b4d2-e0ee12621def,/?crawl=234,0,200,251602,29.395,440.433,571260
1787815409304,d8034ba6-4789-5f97-4360-1ea481a9ca9b,/?crawl=229,0,200,5878440,13.958,4481.272,1311779
1787815413785,d8034ba6-4789-5f97-4360-1ea481a9ca9b,/p/0/178e35bcff734a6b,1,200,87908,13.369,117.626,747349
1787815409236,553b9ccc-860b-52b9-85ef-0d28103041fa,/p/5/c76d00af8789c8bc,7,200,169361,704.340,4674.940,36227
1787815412963,a1600f92-0f69-ec40-9031-91960e1644b6,/p/1/1892607559fc254f,3,200,177344,87.802,967.154,183367
1787815413786,d8034ba6-4789-5f97-4360-1ea481a9ca9b,/p/0/178e36bcff734c1e,1,200,98855,38.177,208.248,474698
1787815383321,8e7a01ec-a46f-8fd1-cdff-5aa0b89c8aab,/p/0/f65891c9cbbfbf8,4,200,6216663,238.218,30718.670,202374
1787815410558,702b7d66-0ccc-7dff-26e7-1a1bb8b4a3ab,/p/0/e15684e9b5a9bf4a,6,200,259495,393.479,3515.155,73822
1787815382008,de489acb-a1f2-3b88-37a4-73b1b11cf59c,/p/0/3ee04e577576503,2,200,493835,2996.389,32107.123,15381
1787815413786,d8034ba6-4789-5f97-4360-1ea481a9ca9b,/p/1/178e37bcff734dd1,1,200,377161,57.629,438.434,860245
1787815405987,c5aa0efa-81cb-c472-cc06-ea5a979bd993,/p/0/367a8ae9186c7c0c,1,200,501984,70.556,8339.819,60191
1787815408304,fe9f5242-1dee-d8c5-2769-78aba5955fb8,/?crawl=228,0,200,2223476,45.215,6065.653,366568
1787815414304,e51c2ccc-530c-0524-fc27-87f81183ca9e,/?crawl=239,0,200,138570,17.534,149.012,929927
1787815414224,d8034ba6-4789-5f97-4360-1ea481a9ca9b,/p/0/148fe5711167b027,2,200,207724,13.954,243.308,853748
1787815412963,a1600f92-0f69-ec40-9031-91960e1644b6,/p/0/18925f7559fc239c,3,200,484493,96.659,1518.687,319021
1787815412962,a1600f92-0f69-ec40-9031-91960e1644b6,/p/0/1892627559fc28b5,3,200,170937,114.126,1519.125,112523
1787815383096,4c48e9e8-5a19-c03d-3947-95518656d187,/p/3/ab3b55a6130e406a,1,200,4923101,278.209,31450.302,156536
1787815412882,63a2f736-a599-8f16-6df1-716b89ede193,/p/0/796efd04f8ec06b0,18,200,75413,307.209,1708.979,44128
1787815408523,984a07c8-a759-6177-8955-ffd038d5104d,/p/0/6a0033c37579a954,4,200,331800,267.014,6075.811,54610
1787815408523,984a07c8-a759-6177-8955-ffd038d5104d,/p/0/6a0035c37579acba,4,200,389280,267.181,6077.915,64048
1787815391776,9a32b0ef-c270-6f9f-10f8-32b2894067a2,/p/0/46c56339c907f441,8,200,3590318,126.062,22867.701,157004
1787815414304,331385a9-7318-219a-59f0-3ebce55bbba8,/?crawl=236,0,200,109325,45.434,343.492,318276
1787815414453,e51c2ccc-530c-0524-fc27-87f81183ca9e,/p/8/76a959b7ecec4654,1,200,123000,16.372,240.777,510847
1787815391405,56cfadbd-66c1-9860-600b-c47552cd4177,/p/0/a91e4dc819ed6fbe,2,200,2409492,177.051,23321.862,103315
1787815412118,440d284a-4e1e-ee1c-2872-92f3eb9b00c6,/p/0/6a828bf4f9af7a51,4,200,297887,178.240,2609.424,114158
1787815392653,aff4d4dc-1a12-25d9-4afe-e55be64bd77d,/p/0/8466aaeae9d85444,1,200,5894219,57.088,22137.569,266254
1787815412304,321a4300-0258-0b4e-ecc7-17716e887cda,/?crawl=233,0,200,483346,75.965,2489.326,194167
1787815386864,984a07c8-a759-6177-8955-ffd038d5104d,/p/0/72c1ab67f4511b3c,2,200,4429900,244.838,28004.264,158187
1787815406798,b65c0c64-3b12-5a25-dd6f-f7450caa3086,/p/0/26e852c6c3f2c2cd,7,200,336673,7416.764,8171.016,41203
1787815414224,d8034ba6-4789-5f97-4360-1ea481a9ca9b,/p/0/148fe6711167b1da,2,200,511570,13.508,831.939,614913
1787815414224,d8034ba6-4789-5f97-4360-1ea481a9ca9b,/p/0/148fe7711167b38d,2,200,445969,67.651,842.937,529066
1787815405391,419ec04a-3ac5-43e5-eb84-bca38d6ad0bc,/p/0/5e92a70daea8853a,3,200,3957704,22.176,9698.740,408064
1787815405391,419ec04a-3ac5-43e5-eb84-bca38d6ad0bc,/p/0/5e92a80daea886ed,3,200,3724138,126.860,9698.746,383981
1787815413133,0c39296c-9d09-a3b9-cfb4-8e11142eafe6,/p/0/34baeaaf1ae7422f,13,200,180705,412.867,1960.179,92188
1787815413749,63135859-d311-aab9-b4d2-e0ee12621def,/p/0/2117b0b28a43b6e9,1,200,291787,22.448,1345.115,216923
1787815413930,a1600f92-0f69-ec40-9031-91960e1644b6,/p/0/4149230691c191ca,4,200,417505,552.385,1232.326,338794
1787815413930,a1600f92-0f69-ec40-9031-91960e1644b6,/p/0/4149220691c19017,4,200,79324,552.126,1296.347,61190
1787815413750,63135859-d311-aab9-b4d2-e0ee12621def,/p/0/2117adb28a43b1d0,1,200,208865,124.657,1497.605,139466
1787815412117,440d284a-4e1e-ee1c-2872-92f3eb9b00c6,/p/0/6a8288f4f9af7538,4,200,410560,244.028,3184.877,128909
1787815396293,cf6b0c32-d027-3b38-e2ca-a9d4c3aeba8a,/p/1/92ed47fc9caf0f0,5,0,399321,1154.018,19011.448,21004
1787815396293,cf6b0c32-d027-3b38-e2ca-a9d4c3aeba8a,/p/0/92ed57fc9caf2a3,5,0,344195,1153.978,19011.434,18105
1787815375242,cf6b0c32-d027-3b38-e2ca-a9d4c3aeba8a,/p/0/a5036e9b28a4420e,4,0,933251,1217.258,40062.448,23295
1787815389266,1e46a455-56c8-91fa-0560-77e275a2328b,/p/0/89e53fd33d894b98,14,0,3851271,235.910,26039.255,147903
1787815389266,1e46a455-56c8-91fa-0560-77e275a2328b,/p/5/89e541d33d894efe,14,0,3661450,256.771,26039.360,140612
1787815388262,56cfadbd-66c1-9860-600b-c47552cd4177,/p/0/a5675a100873587,1,200,3062533,32.622,27091.294,113045
1787815382008,de489acb-a1f2-3b88-37a4-73b1b11cf59c,/p/0/3ee05e5775766b6,2,200,512783,1916.985,33352.751,15375
1787815412976,ed44bc0f-ef2d-a9ce-7a2d-62863ae567a0,/p/0/9b5beec30aff6b88,2,200,267150,144.229,2589.077,103183
1787815393934,ed42c88f-4aa9-7d0f-7e68-53c544c4dfb3,/p/0/ad5ccd95490cbb55,2,200,3150487,125.616,21638.938,145593
1787815414305,29e71566-23fb-c266-6f70-fdb259fb1808,/?crawl=238,0,200,245008,117.237,1297.528,188827
1787815415304,7d9bd299-f439-b81d-f69e-7c44eab037c8,/?crawl=240,0,200,250300,13.081,315.060,794451
1787815411240,63feb0eb-2564-8058-5024-1e4cb93e9190,/p/0/96f1eaabefca8250,2,200,312278,328.226,4437.132,70378
1787815391405,56cfadbd-66c1-9860-600b-c47552cd4177,/p/0/a91e4ec819ed7171,2,200,3042310,161.160,24418.245,124592
1787815413434,e07ca8dd-a6fc-0448-1afb-13a11a268b28,/p/0/9595ade405e57642,1,200,123945,354.244,2483.238,49913
1787815409236,553b9ccc-860b-52b9-85ef-0d28103041fa,/p/0/c76d02af8789cc22,7,200,312402,241.296,6725.848,46448
1787815413133,0c39296c-9d09-a3b9-cfb4-8e11142eafe6,/p/1/34bae9af1ae7407c,13,200,299114,247.832,2840.838,105291
1787815412109,9b756a86-8abd-2ab1-135b-50a13ba82815,/p/0/fff7e3977abfd95f,6,200,250427,75.733,3981.378,62900
1787815415602,29e71566-23fb-c266-6f70-fdb259fb1808,/p/0/a13af1581873c67,1,200,22179,356.605,562.130,39455
1787815413133,0c39296c-9d09-a3b9-cfb4-8e11142eafe6,/p/0/34baebaf1ae743e2,13,200,258617,392.644,3071.438,84201
1787815393558,548a7f9d-41e4-e529-50a4-b4a5553f5aa5,/p/0/6371e04737003ac4,7,0,2109475,452.454,22746.281,92739
1787815393558,548a7f9d-41e4-e529-50a4-b4a5553f5aa5,/p/1/6371e24737003e2a,7,0,2025562,859.036,22746.227,89050
1787815390479,548a7f9d-41e4-e529-50a4-b4a5553f5aa5,/p/0/cf70804d8c69c66e,6,0,2267307,402.135,25824.947,87795
1787815414694,e51c2ccc-530c-0524-fc27-87f81183ca9e,/p/0/2ebb163e87f337bd,2,200,231073,101.855,1635.501,141286
1787815412976,ed44bc0f-ef2d-a9ce-7a2d-62863ae567a0,/p/0/9b5bf1c30aff70a1,2,200,437011,158.560,3395.743,128694
1787815415619,7d9bd299-f439-b81d-f69e-7c44eab037c8,/p/0/9cd275756c3c2243,1,200,220304,20.953,757.691,290757
1787815412976,ed44bc0f-ef2d-a9ce-7a2d-62863ae567a0,/p/11/9b5bf0c30aff6eee,2,200,360543,158.651,3409.546,105745
1787815384434,94ddeec8-4713-1ccc-0771-93b0a7c1f7b0,/p/4/36bd5574976c7bf8,1,200,4180788,281.414,31987.670,130700
1787815414453,e51c2ccc-530c-0524-fc27-87f81183ca9e,/p/0/76a95ab7ecec4807,1,200,444764,48.607,1998.521,222547
1787815414305,8932535e-9b64-cb37-fd14-1d68673e7fd8,/?crawl=237,0,200,111671,272.238,2175.056,51342
1787815414304,8cb74705-6b91-38bf-1a7e-0901efe0c132,/?crawl=235,0,200,457307,69.673,2196.302,208217
1787815415619,7d9bd299-f439-b81d-f69e-7c44eab037c8,/p/0/9cd274756c3c2090,1,200,242597,20.973,890.124,272543
1787815415974,0c39296c-9d09-a3b9-cfb4-8e11142eafe6,/p/0/27589bd088b615e5,14,200,36897,230.474,572.466,64453
1787815404707,e006d3a4-893c-ecdd-0350-87bafabb266c,/p/0/e5bb552a85aa53e2,7,200,2146669,1370.913,11857.858,181033
1787815414453,e51c2ccc-530c-0524-fc27-87f81183ca9e,/p/0/76a95bb7ecec49ba,1,200,467630,86.999,2120.722,220505
1787815414694,e51c2ccc-530c-0524-fc27-87f81183ca9e,/p/7/2ebb153e87f3360a,2,200,316602,155.210,1887.030,167778
1787815389906,e6643b89-1dd1-2310-bf50-2a904aaa6e86,/p/1/263ba33ea2b295da,1,200,377781,3019.693,26720.230,14138
1787815409469,9fdb75b2-e53e-03fe-6b2c-ae349e1d4f9c,/p/22/5b515f2bfec5ad1d,2,200,468286,404.303,7162.782,65378
1787815415619,7d9bd299-f439-b81d-f69e-7c44eab037c8,/p/0/9cd276756c3c23f6,1,200,364844,58.644,1047.461,348313
1787815415974,0c39296c-9d09-a3b9-cfb4-8e11142eafe6,/p/0/27589ad088b61432,14,200,67500,251.037,694.336,97215
1787815414370,fe9f5242-1dee-d8c5-2769-78aba5955fb8,/p/6/8423e25f6ad857be,1,200,320970,41.836,2504.928,128135
1787815378430,721d2a18-d5d4-9573-5d6a-dfab11b899dc,/p/0/87e8ea84d26f0855,4,200,4951281,172.828,38569.328,128374
1787815414547,4c48e9e8-5a19-c03d-3947-95518656d187,/p/2/68d498f15b0ef029,2,200,94284,361.998,2472.125,38139
1787815416565,e006d3a4-893c-ecdd-0350-87bafabb266c,/p/0/6cfd6e2ee878660e,10,200,12945,191.547,482.314,26839
1787815391405,56cfadbd-66c1-9860-600b-c47552cd4177,/p/0/a91e4cc819ed6e0b,2,200,3427658,161.134,25718.873,133274
1787815416632,9fdb75b2-e53e-03fe-6b2c-ae349e1d4f9c,/p/0/3aeec50b38d4383a,3,200,22290,287.843,526.620,42327
1787815412576,702b7d66-0ccc-7dff-26e7-1a1bb8b4a3ab,/p/10/b9928583fe65d7a3,7,200,197930,286.255,4584.665,43172
1787815415962,553b9ccc-860b-52b9-85ef-0d28103041fa,/p/0/8069fa623f232305,8,200,61928,265.818,1250.388,49527
1787815416875,fe9f5242-1dee-d8c5-2769-78aba5955fb8,/p/0/fe749869926e6870,2,200,9745,334.567,373.212,26111
1787815414794,321a4300-0258-0b4e-ecc7-17716e887cda,/p/0/22b5786714a7e7c,1,200,175647,369.079,2629.658,66795
1787815414370,fe9f5242-1dee-d8c5-2769-78aba5955fb8,/p/0/8423e35f6ad85971,1,200,403347,41.685,3080.755,130925
1787815416304,9faa9546-7464-257f-611f-fdcf1ef233cd,/?crawl=241,0,200,274292,62.787,1154.185,237650
1787815414547,4c48e9e8-5a19-c03d-3947-95518656d187,/p/0/68d497f15b0eee76,2,200,138112,201.290,3275.758,42162
1787815416501,8cb74705-6b91-38bf-1a7e-0901efe0c132,/p/0/8dad5b54f5a8c0d6,1,200,79497,70.859,1343.066,59191
1787815414370,fe9f5242-1dee-d8c5-2769-78aba5955fb8,/p/0/8423e05f6ad85458,1,200,406672,62.280,3557.731,114307
1787815392555,e887db64-7e3f-9785-193f-e045cbf09f14,/p/0/cb511b99d347006e,1,200,4718483,165.250,25379.815,185915
1787815416581,e51c2ccc-530c-0524-fc27-87f81183ca9e,/p/0/e13fd2deb97c143c,3,200,310019,92.117,1399.495,221522
1787815407293,9e0fba65-906f-29ac-85bf-db388693d2aa,/p/2/b01b113011a6c50d,8,200,500667,661.718,10723.913,46687
1787815397810,c49809ce-1e0b-10d9-6024-9dfc810efd11,/p/2/4db6cbf3e4b8f3f0,6,200,6039606,289.471,20235.184,298471
1787815389450,9a32b0ef-c270-6f9f-10f8-32b2894067a2,/p/0/f48a46fdb40a2d56,7,200,4533629,38.302,28609.625,158465
1787815416581,e51c2ccc-530c-0524-fc27-87f81183ca9e,/p/6/e13fd3deb97c15ef,3,200,412870,84.713,1533.408,269250
1787815413224,63feb0eb-2564-8058-5024-1e4cb93e9190,/p/0/3a8978700c0bbdbb,3,200,290292,274.092,4898.144,59266
1787815392789,ed42c88f-4aa9-7d0f-7e68-53c544c4dfb3,/p/0/6bfca225e4e1b1ee,1,200,3738207,123.376,25454.186,146860
1787815415974,0c39296c-9d09-a3b9-cfb4-8e11142eafe6,/p/0/275899d088b6127f,14,200,391090,572.461,2350.706,166371
1787815418304,a350c9e6-f13c-9da5-e0ca-0ad0e8044e1a,/?crawl=244,0,200,10362,145.570,191.935,53987
1787815416875,fe9f5242-1dee-d8c5-2769-78aba5955fb8,/p/5/fe749a69926e6bd6,2,200,234778,535.969,1668.355,140724
1787815415602,29e71566-23fb-c266-6f70-fdb259fb1808,/p/0/a13ae1581873ab4,1,200,468167,51.218,2984.087,156888
1787815412723,28cc50e5-3465-4b99-2b80-02383cb906cd,/p/0/9f51227ad89d8397,7,200,383373,82.854,5864.284,65374
1787815413434,e07ca8dd-a6fc-0448-1afb-13a11a268b28,/p/13/9595aee405e577f5,1,200,459985,323.161,5209.196,88302
1787815412382,9e0fba65-906f-29ac-85bf-db388693d2aa,/p/0/b01b103011a6c35a,8,200,487642,400.675,6263.907,77849
1787815416304,d23f0858-b1f7-bef1-1fdf-a9606a32322a,/?crawl=242,0,200,503494,72.766,2348.744,214367
1787815413162,0749ca82-1e65-8f0a-ba8a-b79b9d25deac,/p/0/f3f2996215456a72,5,200,144982,575.266,5493.929,26389
1787815391776,9a32b0ef-c270-6f9f-10f8-32b2894067a2,/p/0/46c56039c907ef28,8,200,5079545,165.430,26978.618,188280
1787815414073,702b7d66-0ccc-7dff-26e7-1a1bb8b4a3ab,/p/0/b9928483fe65d5f0,7,200,197776,428.643,4794.764,41248
1787815413162,0749ca82-1e65-8f0a-ba8a-b79b9d25deac,/p/0/f3f29862154568bf,5,200,205604,610.259,5708.273,36019
1787815416875,fe9f5242-1dee-d8c5-2769-78aba5955fb8,/p/0/fe749b69926e6d89,2,200,222990,434.730,2011.685,110847
1787815416386,ed44bc0f-ef2d-a9ce-7a2d-62863ae567a0,/p/0/133fe7f7b84a6ca,3,200,291085,148.792,2510.412,115951
1787815377149,8e551002-bf5c-1717-e281-4fa00d9030bd,/p/0/9317be89fa869cf5,4,200,4356574,334.088,41790.838,104247
1787815416386,ed44bc0f-ef2d-a9ce-7a2d-62863ae567a0,/p/0/133fd7f7b84a517,3,200,326183,148.805,2593.926,125749
1787815344304,047dd541-b4bc-30bf-7e87-81328c8d9396,/?crawl=142,0,200,3000787,325.586,74691.210,40176
1787815416581,e51c2ccc-530c-0524-fc27-87f81183ca9e,/p/0/e13fd5deb97c1955,3,200,488102,77.361,2546.048,191710
1787815404131,8b6d1fd9-ed01-e254-8a8a-4186bf8c9e5b,/p/0/694d9b24dfcdeb78,3,200,2146769,88.138,15009.357,143029
1787815412109,9b756a86-8abd-2ab1-135b-50a13ba82815,/p/0/fff7e2977abfd7ac,6,200,478790,455.152,7080.517,67621
1787815418304,470096c7-fd9e-c4f0-2fd2-4cde63612b99,/?crawl=245,0,200,64718,226.318,891.816,72569
1787815418653,d23f0858-b1f7-bef1-1fdf-a9606a32322a,/p/5/c3a71f3095720cb6,1,200,413460,7.435,861.083,480163
1787815418115,e51c2ccc-530c-0524-fc27-87f81183ca9e,/p/0/5f55aa4cd1f4ade8,4,200,406650,78.583,1439.089,282575
1787815418045,c49809ce-1e0b-10d9-6024-9dfc810efd11,/p/1/37135e3bcd40d3c9,7,200,207097,145.912,1647.783,125682
1787815418115,e51c2ccc-530c-0524-fc27-87f81183ca9e,/p/5/5f55ac4cd1f4b14e,4,200,316900,138.499,1644.636,192687
1787815418653,d23f0858-b1f7-bef1-1fdf-a9606a32322a,/p/0/c3a71d3095720950,1,200,405586,6.612,1176.038,344875
1787815418653,d23f0858-b1f7-bef1-1fdf-a9606a32322a,/p/0/c3a7203095720e69,1,200,340459,327.505,1176.964,289269
1787815419759,e51c2ccc-530c-0524-fc27-87f81183ca9e,/p/4/90fb1c8493151559,5,200,29946,76.460,186.993,160145
1787815418045,c49809ce-1e0b-10d9-6024-9dfc810efd11,/p/0/37135d3bcd40d216,7,200,200341,47.252,1938.032,103373
1787815417458,9faa9546-7464-257f-611f-fdcf1ef233cd,/p/0/303cc8d300d714f0,1,200,216174,60.445,2538.426,85161
1787815416386,ed44bc0f-ef2d-a9ce-7a2d-62863ae567a0,/p/10/133ff7f7b84a87d,3,200,509329,191.528,3690.888,137996
1787815419946,e51c2ccc-530c-0524-fc27-87f81183ca9e,/p/3/bf80c196ae151d60,6,200,21646,113.163,134.158,161347
1787815419759,e51c2ccc-530c-0524-fc27-87f81183ca9e,/p/0/90fb1b84931513a6,5,200,47717,86.844,369.234,129232
1787815418543,fe9f5242-1dee-d8c5-2769-78aba5955fb8,/p/4/8c43a40c9be0de63,3,200,97154,264.974,1606.987,60457
1787815413750,63135859-d311-aab9-b4d2-e0ee12621def,/p/3/2117aeb28a43b383,1,200,3213400,35.489,6513.922,493313
1787815392789,ed42c88f-4aa9-7d0f-7e68-53c544c4dfb3,/p/0/6bfca125e4e1b03b,1,200,4920769,24.712,27519.127,178813
1787815416501,8cb74705-6b91-38bf-1a7e-0901efe0c132,/p/0/8dad5a54f5a8bf23,1,200,370093,138.681,3985.126,92869
1787815416422,94ddeec8-4713-1ccc-0771-93b0a7c1f7b0,/p/0/6745e268b407980e,2,200,268666,311.055,4089.075,65703
1787815420077,ed44bc0f-ef2d-a9ce-7a2d-62863ae567a0,/p/9/6163ffd0ecca2813,4,200,67320,232.870,738.281,91185
1787815419693,c49809ce-1e0b-10d9-6024-9dfc810efd11,/p/0/827a932157525896,8,200,69870,322.925,1157.278,60374
1787815420264,63135859-d311-aab9-b4d2-e0ee12621def,/p/2/d3b2dead4587152f,2,200,131132,63.813,674.189,194503
1787815420129,e51c2ccc-530c-0524-fc27-87f81183ca9e,/p/2/f2c702531ba62d9c,7,200,144988,86.796,863.526,167902
1787815387675,f3b91457-307d-d26c-a23a-f070dcbd30a4,/p/0/d87469923e092669,5,200,2395276,290.190,33330.667,71864
1787815420304,8f2e4d7d-498d-7300-494d-d801cfe79269,/?crawl=246,0,200,154249,65.169,711.645,216750
1787815383548,0c39296c-9d09-a3b9-cfb4-8e11142eafe6,/p/0/82e91e90f329c000,11,200,6267880,208.832,37480.698,167230
1787815413911,553b9ccc-860b-52b9-85ef-0d28103041fa,/p/4/8069f8623f231f9f,8,200,404295,460.678,7128.992,56711
1787815417458,9faa9546-7464-257f-611f-fdcf1ef233cd,/p/0/303cc9d300d716a3,1,200,250629,89.984,3595.118,69714
1787815402304,ba000cd4-e548-1dc6-ed04-22483848222c,/?crawl=222,0,200,3108912,79.931,18793.714,165423
1787815414794,321a4300-0258-0b4e-ecc7-17716e887cda,/p/0/22b5a86714a8395,1,200,482724,74.748,6369.465,75787
1787815416633,9fdb75b2-e53e-03fe-6b2c-ae349e1d4f9c,/p/0/3aeec40b38d43687,3,200,321504,287.620,4648.366,69165
1787815418496,a350c9e6-f13c-9da5-e0ca-0ad0e8044e1a,/p/0/ea7bcbebbea7fc42,1,200,204635,170.944,2788.937,73374
1787815418496,a350c9e6-f13c-9da5-e0ca-0ad0e8044e1a,/p/0/ea7bcaebbea7fa8f,1,200,362674,570.735,2791.840,129905
1787815406098,6ecd8cf8-f9e4-22fd-ee79-91329d872865,/p/7/d34b1ff93a9d1e45,3,200,5521505,92.298,15196.289,363346
1787815419759,e51c2ccc-530c-0524-fc27-87f81183ca9e,/p/0/90fb1a84931511f3,5,200,241824,92.777,1614.388,149793
1787815397816,1ff3bcd1-0da7-cd02-1374-522545639cba,/p/9/fb04ba0f47615294,3,200,4066678,380.212,23708.159,171531
1787815382724,4cc59da5-43fd-bad1-f6e4-04780c37b1b1,/p/4/2dbff1df4aa58b1c,5,200,2899734,177.497,38859.404,74621
1787815408246,dfb72c95-9df6-a302-4f7f-eb28eb530616,/p/0/c63adc599f74823c,7,200,410255,476.093,13349.132,30733
1787815372080,8e551002-bf5c-1717-e281-4fa00d9030bd,/p/0/b9a261302bcdd81a,3,200,5686257,332.226,49548.701,114761
1787815420150,fe9f5242-1dee-d8c5-2769-78aba5955fb8,/p/0/5c011e617ba2d9fb,4,200,96137,218.721,1620.707,59318
1787815421524,1ff3bcd1-0da7-cd02-1374-522545639cba,/p/0/4984619cfb474415,4,200,8626,303.228,340.746,25315
1787815405037,9fdb75b2-e53e-03fe-6b2c-ae349e1d4f9c,/p/0/4527f76abbabc5c8,1,200,2498388,42.355,16850.027,148272
1787815420150,fe9f5242-1dee-d8c5-2769-78aba5955fb8,/p/3/5c0120617ba2dd61,4,200,121559,237.034,1738.715,69913
1787815405037,9fdb75b2-e53e-03fe-6b2c-ae349e1d4f9c,/p/0/4527fa6abbabcae1,1,200,3062755,256.643,16855.622,181705
1787815420150,fe9f5242-1dee-d8c5-2769-78aba5955fb8,/p/0/5c011f617ba2dbae,4,200,147231,199.834,1778.829,82768
1787815396770,e74dc3e9-9b81-1c67-b868-f59eb1ef8038,/p/5/a4fec4c3164f7e7c,2,200,4212697,1113.005,25323.423,166356
1787815419946,e51c2ccc-530c-0524-fc27-87f81183ca9e,/p/0/bf80c296ae151f13,6,200,354716,98.590,2171.643,163340
1787815421889,fe9f5242-1dee-d8c5-2769-78aba5955fb8,/p/2/df8b572a1cb3b5b3,5,200,27980,195.219,374.336,74746
1787815416632,9fdb75b2-e53e-03fe-6b2c-ae349e1d4f9c,/p/21/3aeec30b38d434d4,3,200,3475519,334.694,5663.060,613717
1787815418496,a350c9e6-f13c-9da5-e0ca-0ad0e8044e1a,/p/2/ea7bc9ebbea7f8dc,1,200,5225756,570.807,3808.025,1372301
1787815383635,f3b91457-307d-d26c-a23a-f070dcbd30a4,/p/0/58cd6bcdf9f7a850,4,200,2817762,130.585,38681.158,72846
1787815421524,1ff3bcd1-0da7-cd02-1374-522545639cba,/p/0/49845e9cfb473efc,4,200,98815,227.864,836.810,118085
1787815422304,a350c9e6-f13c-9da5-e0ca-0ad0e8044e1a,/p/0/f902e310ae9cca2d,2,200,135016,13.277,70.179,1923882
1787815400526,34b69e21-870e-7b51-cd5c-c6d7ebc990e9,/p/0/92d14ce10e179e14,1,200,3382688,197.424,21853.059,154792
1787815422296,9fdb75b2-e53e-03fe-6b2c-ae349e1d4f9c,/p/0/e1d12717c194925d,4,200,269972,6.644,125.837,2145415
1787815422295,9fdb75b2-e53e-03fe-6b2c-ae349e1d4f9c,/p/20/e1d12617c19490aa,4,200,376755,6.751,182.764,2061432
1787815422305,a350c9e6-f13c-9da5-e0ca-0ad0e8044e1a,/p/1/f902e110ae9cc6c7,2,200,466413,13.270,216.629,2153047
1787815421304,7c1e49a5-1a38-8625-e86a-7a995365ad59,/?crawl=248,0,200,507707,39.212,1272.770,398899
1787815422478,9fdb75b2-e53e-03fe-6b2c-ae349e1d4f9c,/p/0/5a652264195dac85,5,200,90687,10.104,115.238,786954
1787815408352,8b6d1fd9-ed01-e254-8a8a-4186bf8c9e5b,/p/0/a0dc88360ace32a1,4,200,2338499,423.124,14261.190,163976
1787815417019,4c48e9e8-5a19-c03d-3947-95518656d187,/p/0/a8bac10788415cca,3,200,198304,842.744,5630.994,35217
1787815419693,c49809ce-1e0b-10d9-6024-9dfc810efd11,/p/0/827a942157525a49,8,200,276979,322.987,3024.256,91586
1787815416422,94ddeec8-4713-1ccc-0771-93b0a7c1f7b0,/p/3/6745e368b40799c1,2,200,367829,311.107,6307.003,58321
1787815422478,9fdb75b2-e53e-03fe-6b2c-ae349e1d4f9c,/p/19/5a652164195daad2,5,200,454050,20.092,254.505,1784050
1787815413224,63feb0eb-2564-8058-5024-1e4cb93e9190,/p/0/3a897a700c0bc121,3,200,492383,580.482,9520.985,51716
1787815363960,c73dac6e-70cd-a441-9567-fe760f466832,/p/0/a74ee9b02ec1d9ce,2,200,5256822,411.882,58851.282,89324
1787815413911,553b9ccc-860b-52b9-85ef-0d28103041fa,/p/0/8069f7623f231dec,8,200,481574,484.100,8920.327,53986
1787815416422,94ddeec8-4713-1ccc-0771-93b0a7c1f7b0,/p/0/6745e168b407965b,2,200,501436,283.607,6418.445,78124
1787815422733,9fdb75b2-e53e-03fe-6b2c-ae349e1d4f9c,/p/0/7ce29e56b5eaf89,6,200,74225,19.394,109.882,675495
1787815422521,a350c9e6-f13c-9da5-e0ca-0ad0e8044e1a,/p/0/c69343646417fbe8,3,200,451675,12.756,377.307,1197103
1787815420992,e51c2ccc-530c-0524-fc27-87f81183ca9e,/p/0/f2c703531ba62f4f,7,200,396884,77.711,1950.772,203450
1787815421595,dfb72c95-9df6-a302-4f7f-eb28eb530616,/p/0/c63adf599f748755,7,200,53290,447.107,1370.622,38880
1787815421304,0cac6aae-1489-56e0-7461-86608a6b60d9,/?crawl=247,0,200,375704,70.706,1706.329,220183
1787815421374,e51c2ccc-530c-0524-fc27-87f81183ca9e,/p/0/f2c704531ba63102,7,200,185598,85.948,1682.159,110333
1787815422733,9fdb75b2-e53e-03fe-6b2c-ae349e1d4f9c,/p/18/7ce28e56b5eadd6,6,200,444330,28.941,325.775,1363917
1787815418646,9e0fba65-906f-29ac-85bf-db388693d2aa,/p/1/815115e1e28424ac,9,200,240732,1274.110,4490.082,53614
1787815423059,9fdb75b2-e53e-03fe-6b2c-ae349e1d4f9c,/p/0/edb3e1642d80e98b,7,200,132524,17.536,140.034,946373
1787815420938,63135859-d311-aab9-b4d2-e0ee12621def,/p/0/da4e145330fae84,3,200,273473,213.604,2446.833,111766
1787815397816,1ff3bcd1-0da7-cd02-1374-522545639cba,/p/0/fb04bb0f47615447,3,200,4478939,398.733,25671.928,174468
1787815418045,c49809ce-1e0b-10d9-6024-9dfc810efd11,/p/0/37135c3bcd40d063,7,200,497023,341.903,5472.200,90827
1787815377149,8e551002-bf5c-1717-e281-4fa00d9030bd,/p/1/9317bd89fa869b42,4,200,5168111,334.001,46377.189,111436
1787815420938,63135859-d311-aab9-b4d2-e0ee12621def,/p/1/da4e345330fb1ea,3,200,304988,213.511,2589.593,117774
1787815423059,9fdb75b2-e53e-03fe-6b2c-ae349e1d4f9c,/p/17/edb3e0642d80e7d8,7,200,433340,20.571,473.194,915776
1787815418643,e07ca8dd-a6fc-0448-1afb-13a11a268b28,/p/0/2dadcd9c9e121141,2,200,280339,485.602,4903.059,57176
1787815423532,9fdb75b2-e53e-03fe-6b2c-ae349e1d4f9c,/p/16/9e6bc867a35ec6f0,8,200,18040,18.214,28.089,642235
1787815423059,9fdb75b2-e53e-03fe-6b2c-ae349e1d4f9c,/p/0/edb3e2642d80eb3e,7,200,471761,13.647,526.728,895645
1787815423526,8e551002-bf5c-1717-e281-4fa00d9030bd,/p/0/1b4078a825955445,5,200,20871,57.402,111.696,186855
1787815420264,63135859-d311-aab9-b4d2-e0ee12621def,/p/0/d3b2ddad4587137c,2,200,495064,37.339,3454.299,143318
1787815413930,a1600f92-0f69-ec40-9031-91960e1644b6,/p/0/4149210691c18e64,4,200,3903225,552.506,9821.856,397402
1787815419693,c49809ce-1e0b-10d9-6024-9dfc810efd11,/p/0/827a9221575256e3,8,200,478950,290.344,4144.153,115572
1787815422118,e51c2ccc-530c-0524-fc27-87f81183ca9e,/p/1/1551c68beea37cb7,8,200,264765,90.865,1728.350,153189
1787815421524,1ff3bcd1-0da7-cd02-1374-522545639cba,/p/8/49845f9cfb4740af,4,200,380944,208.950,2363.958,161147
1787815423585,9fdb75b2-e53e-03fe-6b2c-ae349e1d4f9c,/p/15/d14e88185f5ae39d,9,200,275501,16.370,334.731,823053
1787815423532,9fdb75b2-e53e-03fe-6b2c-ae349e1d4f9c,/p/0/9e6bc967a35ec8a3,8,200,293768,19.704,427.864,686592
1787815398350,a3113622-153a-4853-9f4b-e682800ffcd5,/p/0/6b7931d20db419b9,4,200,2836360,149.338,25645.591,110598
1787815393934,ed42c88f-4aa9-7d0f-7e68-53c544c4dfb3,/p/0/ad5ccc95490cb9a2,2,200,6180550,138.100,30090.741,205397
1787815423920,9fdb75b2-e53e-03fe-6b2c-ae349e1d4f9c,/p/0/d14e87185f5ae1ea,9,200,106154,12.238,137.635,771274
1787815422577,7c1e49a5-1a38-8625-e86a-7a995365ad59,/p/1/38251f621113d128,1,200,213457,74.110,1599.129,133483
1787815423960,9fdb75b2-e53e-03fe-6b2c-ae349e1d4f9c,/p/0/d14e86185f5ae037,9,200,192936,15.685,230.140,838344
1787815421295,6ecd8cf8-f9e4-22fd-ee79-91329d872865,/p/0/111ed5108e6fd38a,4,200,265286,158.794,2999.786,88435
1787815422832,553b9ccc-860b-52b9-85ef-0d28103041fa,/p/0/73e59f4b02ec90,9,200,51402,289.133,1464.473,35099
1787815423528,63135859-d311-aab9-b4d2-e0ee12621def,/p/0/d96e9b90b36bfad8,4,200,101058,153.916,802.804,125881
1787815422577,7c1e49a5-1a38-8625-e86a-7a995365ad59,/p/0/382521621113d48e,1,200,191000,35.919,1761.086,108456
1787815387675,f3b91457-307d-d26c-a23a-f070dcbd30a4,/p/2/d87468923e0924b6,5,200,2523493,368.057,36794.860,68583
1787815423056,e51c2ccc-530c-0524-fc27-87f81183ca9e,/p/0/1551c88beea3801d,8,200,213207,77.112,1438.720,148192
1787815420938,63135859-d311-aab9-b4d2-e0ee12621def,/p/0/da4e445330fb39d,3,200,476421,185.132,3592.587,132612
1787815422093,e74dc3e9-9b81-1c67-b868-f59eb1ef8038,/p/0/d84ae4f9331f77eb,3,200,119407,632.493,2468.243,48377
1787815421016,8f2e4d7d-498d-7300-494d-d801cfe79269,/p/0/115072a6e7dde19c,1,200,191889,293.512,3553.071,54007
1787815421295,6ecd8cf8-f9e4-22fd-ee79-91329d872865,/p/6/111ed6108e6fd53d,4,200,471682,34.364,3288.118,143450
1787815387675,f3b91457-307d-d26c-a23a-f070dcbd30a4,/p/0/d87466923e092150,5,200,2615237,316.103,36928.467,70819
1787815424190,9fdb75b2-e53e-03fe-6b2c-ae349e1d4f9c,/p/0/39addc3b93996ecf,10,200,506630,11.873,531.188,953767
1787815422521,a350c9e6-f13c-9da5-e0ca-0ad0e8044e1a,/p/0/c693466464180101,3,200,3951838,16.837,2237.460,1766216
1787815422305,a350c9e6-f13c-9da5-e0ca-0ad0e8044e1a,/p/0/f902e010ae9cc514,2,200,5153480,8.610,2714.485,1898511
1787815412882,63a2f736-a599-8f16-6df1-716b89ede193,/p/0/796f0004f8ec0bc9,18,200,3739403,322.026,12187.226,306830
1787815410512,a1600f92-0f69-ec40-9031-91960e1644b6,/p/0/6ec10328dcaf8a1c,1,200,6144152,17.084,14605.574,420672
1787815422729,94ddeec8-4713-1ccc-0771-93b0a7c1f7b0,/p/0/e5c91735ae8fce70,3,200,139068,366.739,2413.214,57628
1787815422521,a350c9e6-f13c-9da5-e0ca-0ad0e8044e1a,/p/0/c69344646417fd9b,3,200,5042598,17.492,2621.288,1923710
1787815424721,9fdb75b2-e53e-03fe-6b2c-ae349e1d4f9c,/p/0/39addd3b93997082,10,200,481302,14.695,458.199,1050421
1787815423528,63135859-d311-aab9-b4d2-e0ee12621def,/p/0/d96e9c90b36bfc8b,4,200,243451,140.213,1660.682,146597
1787815424495,e51c2ccc-530c-0524-fc27-87f81183ca9e,/p/0/f5f4cb1aa3f5f335,9,200,80027,94.110,717.796,111490
1787815364304,c5bb65ff-e22e-415f-b69a-1a96c2e4d6b1,/?crawl=164,0,200,3691702,479.640,60934.693,60585
1787815422263,fe9f5242-1dee-d8c5-2769-78aba5955fb8,/p/0/5aaaec4bbd7a4ff6,6,200,311272,376.937,3011.277,103369
1787815421889,fe9f5242-1dee-d8c5-2769-78aba5955fb8,/p/0/df8b592a1cb3b919,5,200,359458,213.768,3398.932,105756
1787815405336,ab20e2c6-17bf-e321-abcd-e30c10aef1f9,/p/0/e1fd199ca12f4492,5,0,181402,2666.760,19967.743,9085
1787815405337,ab20e2c6-17bf-e321-abcd-e30c10aef1f9,/p/0/e1fd189ca12f42df,5,0,182451,2544.034,19967.644,9137
1787815405336,ab20e2c6-17bf-e321-abcd-e30c10aef1f9,/p/4/e1fd179ca12f412c,5,0,182303,3069.871,19967.717,9130
1787815343745,ab20e2c6-17bf-e321-abcd-e30c10aef1f9,/p/0/b205a1cdb142452e,3,0,1262747,1420.882,81559.618,15483
1787815308270,ab20e2c6-17bf-e321-abcd-e30c10aef1f9,/p/0/417681a01cc8e1e0,1,0,1873043,250.450,117034.116,16004
1787815420815,ed44bc0f-ef2d-a9ce-7a2d-62863ae567a0,/p/8/e310d133a0964032,5,200,362791,154.900,4494.413,80720
1787815421889,fe9f5242-1dee-d8c5-2769-78aba5955fb8,/p/0/df8b562a1cb3b400,5,200,508650,233.112,3732.574,136273
1787815422295,9fdb75b2-e53e-03fe-6b2c-ae349e1d4f9c,/p/0/e1d12417c1948d44,4,200,3856178,10.667,3360.066,1147649
1787815423527,63135859-d311-aab9-b4d2-e0ee12621def,/p/0/d96e9e90b36bfff1,4,200,514599,249.650,2148.123,239558
1787815417160,702b7d66-0ccc-7dff-26e7-1a1bb8b4a3ab,/p/0/b9928783fe65db09,7,200,307335,255.069,8591.755,35771
1787815424058,9fdb75b2-e53e-03fe-6b2c-ae349e1d4f9c,/p/14/39addb3b93996d1c,10,200,2624637,14.892,1715.877,1529619
1787815425774,9fdb75b2-e53e-03fe-6b2c-ae349e1d4f9c,/p/0/8f82bfb266518609,11,200,22273,8.718,28.115,792201
1787815422733,9fdb75b2-e53e-03fe-6b2c-ae349e1d4f9c,/p/0/7ce26e56b5eaa70,6,200,3716039,13.626,3087.174,1203703
1787815423560,9fdb75b2-e53e-03fe-6b2c-ae349e1d4f9c,/p/0/9e6bca67a35eca56,8,200,2956773,14.586,2289.358,1291529
1787815424470,f3b91457-307d-d26c-a23a-f070dcbd30a4,/p/1/ec7499449b43907e,6,200,73335,264.003,1423.930,51502
1787815425774,9fdb75b2-e53e-03fe-6b2c-ae349e1d4f9c,/p/0/8f82bcb2665180f0,11,200,405991,8.752,129.352,3138653
1787815422478,9fdb75b2-e53e-03fe-6b2c-ae349e1d4f9c,/p/0/5a651f64195da76c,5,200,4527663,12.493,3461.252,1308100
1787815417019,4c48e9e8-5a19-c03d-3947-95518656d187,/p/1/a8babf0788415964,3,200,332722,682.415,8928.996,37263
1787815417019,4c48e9e8-5a19-c03d-3947-95518656d187,/p/0/a8bac00788415b17,3,200,357842,803.501,8933.143,40058
1787815421584,4cc59da5-43fd-bad1-f6e4-04780c37b1b1,/p/0/21fa9922a7dac69b,6,200,296213,361.251,4378.806,67647
1787815422577,7c1e49a5-1a38-8625-e86a-7a995365ad59,/p/0/382520621113d2db,1,200,493104,35.917,3390.669,145430
1787815390697,a3113622-153a-4853-9f4b-e682800ffcd5,/p/0/b1bda50d2710d4ce,1,200,4172498,65.603,35292.544,118226
1787815422943,e51c2ccc-530c-0524-fc27-87f81183ca9e,/p/0/1551c58beea37b04,8,200,416144,81.559,3121.250,133326
1787815420077,ed44bc0f-ef2d-a9ce-7a2d-62863ae567a0,/p/0/616401d0ecca2b79,4,200,463057,233.123,6058.626,76429
1787815363960,c73dac6e-70cd-a441-9567-fe760f466832,/p/5/a74eeab02ec1db81,2,200,6200188,380.338,62180.493,99713
1787815414969,b65c0c64-3b12-5a25-dd6f-f7450caa3086,/p/5/1c19fffdb3c0f381,8,200,303966,433.989,11226.855,27075
1787815420815,ed44bc0f-ef2d-a9ce-7a2d-62863ae567a0,/p/0/e310d233a09641e5,5,200,477235,165.665,5454.405,87495
1787815425275,fe9f5242-1dee-d8c5-2769-78aba5955fb8,/p/0/5aaaeb4bbd7a4e43,6,200,193688,612.631,1029.673,188106
1787815418643,e07ca8dd-a6fc-0448-1afb-13a11a268b28,/p/0/2dadca9c9e120c28,2,200,486324,388.093,7671.267,63396
1787815425774,9fdb75b2-e53e-03fe-6b2c-ae349e1d4f9c,/p/13/8f82beb266518456,11,200,4541354,9.787,550.016,8256771
1787815422093,e74dc3e9-9b81-1c67-b868-f59eb1ef8038,/p/0/d84ae5f9331f799e,3,200,430214,254.572,4262.652,100926
1787815422966,dfb72c95-9df6-a302-4f7f-eb28eb530616,/p/4/fb85772b3bbd826b,8,200,120081,412.042,3468.504,34620
1787815426324,9fdb75b2-e53e-03fe-6b2c-ae349e1d4f9c,/p/0/9f19f0c0e1ca5cf4,12,200,442564,3.861,115.059,3846415
1787815425310,ed44bc0f-ef2d-a9ce-7a2d-62863ae567a0,/p/7/6b6a63c9ee6eb5f8,6,200,42437,168.785,1129.475,37572
1787815426324,9fdb75b2-e53e-03fe-6b2c-ae349e1d4f9c,/p/0/9f19f3c0e1ca620d,12,200,393481,2.041,129.408,3040622
1787815425212,e51c2ccc-530c-0524-fc27-87f81183ca9e,/p/0/f5f4c81aa3f5ee1c,9,200,265671,83.633,1314.638,202087
1787815421584,4cc59da5-43fd-bad1-f6e4-04780c37b1b1,/p/3/21fa9b22a7daca01,6,200,303504,473.162,4959.877,61192
1787815420264,63135859-d311-aab9-b4d2-e0ee12621def,/p/0/d3b2e0ad45871895,2,200,4000794,25.546,6328.980,632139
1787815423526,8e551002-bf5c-1717-e281-4fa00d9030bd,/p/0/1b4076a8259550df,5,200,398004,309.029,3129.162,127192
1787815399727,a3113622-153a-4853-9f4b-e682800ffcd5,/p/0/7194638b749e22cd,5,200,3883307,266.471,26928.877,144206
1787815423888,1ff3bcd1-0da7-cd02-1374-522545639cba,/p/7/d01ad3159e8af375,5,200,341755,38.132,2786.036,122667
1787815418543,fe9f5242-1dee-d8c5-2769-78aba5955fb8,/p/0/8c43a30c9be0dcb0,3,200,2242604,343.471,8169.993,274493
1787815421016,8f2e4d7d-498d-7300-494d-d801cfe79269,/p/0/115075a6e7dde6b5,1,200,400592,262.525,5716.084,70082
1787815418643,e07ca8dd-a6fc-0448-1afb-13a11a268b28,/p/12/2dadcc9c9e120f8e,2,200,381265,518.221,8091.557,47119
1787815426135,ed44bc0f-ef2d-a9ce-7a2d-62863ae567a0,/p/0/6b6a64c9ee6eb7ab,6,200,51584,165.736,628.012,82139
1787815425894,f3b91457-307d-d26c-a23a-f070dcbd30a4,/p/0/27b1889c98cc4803,7,200,12935,366.815,870.043,14867
1787815423888,1ff3bcd1-0da7-cd02-1374-522545639cba,/p/0/d01ad1159e8af00f,5,200,368455,230.035,2937.356,125438
1787815399436,a3113622-153a-4853-9f4b-e682800ffcd5,/p/10/7194628b749e211a,5,200,3493156,234.124,27419.502,127397
1787815423846,e51c2ccc-530c-0524-fc27-87f81183ca9e,/p/0/f5f4ca1aa3f5f182,9,200,483533,92.000,3048.535,158612
1787815421584,4cc59da5-43fd-bad1-f6e4-04780c37b1b1,/p/0/21fa9a22a7dac84e,6,200,517679,329.229,5365.717,96479
1787815422093,e74dc3e9-9b81-1c67-b868-f59eb1ef8038,/p/4/d84ae3f9331f7638,3,200,497836,234.981,4870.119,102223
1787815423011,0cac6aae-1489-56e0-7461-86608a6b60d9,/p/0/a4bac8047c78d7af,1,200,372550,66.790,3958.139,94123
1787815426324,9fdb75b2-e53e-03fe-6b2c-ae349e1d4f9c,/p/12/9f19f1c0e1ca5ea7,12,200,4224946,7.303,767.772,5502868
1787815412117,440d284a-4e1e-ee1c-2872-92f3eb9b00c6,/p/8/6a828af4f9af789e,4,200,5947725,29.833,15039.978,395461
1787815390763,a3113622-153a-4853-9f4b-e682800ffcd5,/p/0/4b133ab75494c4be,2,200,4526351,175.814,36408.983,124320
1787815426140,c73dac6e-70cd-a441-9567-fe760f466832,/p/4/8b903e4fbaed97b5,3,200,96632,62.657,1258.933,76757
1787815424176,7c1e49a5-1a38-8625-e86a-7a995365ad59,/p/0/4a5da096303911ae,2,200,302251,218.254,3370.240,89682
1787815424176,7c1e49a5-1a38-8625-e86a-7a995365ad59,/p/0/4a5d9e9630390e48,2,200,487033,218.340,3551.880,137120
1787815426140,c73dac6e-70cd-a441-9567-fe760f466832,/p/0/8b903d4fbaed9602,3,200,110268,282.642,1668.289,66096
1787815424583,6ecd8cf8-f9e4-22fd-ee79-91329d872865,/p/0/fab9860fb3a9de63,5,200,233734,195.976,3241.076,72116
1787815426435,dfb72c95-9df6-a302-4f7f-eb28eb530616,/p/0/fb85762b3bbd80b8,8,200,232159,227.921,1443.133,160872
1787815425894,f3b91457-307d-d26c-a23a-f070dcbd30a4,/p/0/27b1879c98cc4650,7,200,113990,392.722,2083.351,54715
1787815417458,9faa9546-7464-257f-611f-fdcf1ef233cd,/p/0/303ccbd300d71a09,1,200,5519970,60.438,10612.501,520138
1787815425894,f3b91457-307d-d26c-a23a-f070dcbd30a4,/p/0/27b1899c98cc49b6,7,200,111206,341.194,2197.626,50603
1787815424470,f3b91457-307d-d26c-a23a-f070dcbd30a4,/p/0/ec749a449b439231,6,200,312200,238.668,3641.693,85729
1787815427092,9fdb75b2-e53e-03fe-6b2c-ae349e1d4f9c,/p/0/f2c99f3c996a5ea3,13,200,135160,168.355,1166.792,115839
1787815412882,63a2f736-a599-8f16-6df1-716b89ede193,/p/4/796efe04f8ec0863,18,0,4398127,379.157,15423.363,285160
1787815412828,63a2f736-a599-8f16-6df1-716b89ede193,/p/0/81c75dd96b9d2262,17,0,4301019,54.145,15477.653,277886
1787815405943,e006d3a4-893c-ecdd-0350-87bafabb266c,/p/0/515590e12dfb0c5b,8,200,2806259,980.382,22494.460,124753
1787815418868,702b7d66-0ccc-7dff-26e7-1a1bb8b4a3ab,/p/9/89f860d4f3b34571,8,200,503841,270.182,9574.128,52625
1787815424583,6ecd8cf8-f9e4-22fd-ee79-91329d872865,/p/0/fab9870fb3a9e016,5,200,389508,178.707,3967.927,98164
1787815426963,e74dc3e9-9b81-1c67-b868-f59eb1ef8038,/p/0/88e6dfcd9b8c6121,4,200,141609,209.806,1686.775,83953
1787815415602,29e71566-23fb-c266-6f70-fdb259fb1808,/p/0/a13b11581873fcd,1,200,3248151,254.518,13110.675,247749
1787815426963,e74dc3e9-9b81-1c67-b868-f59eb1ef8038,/p/0/88e6dccd9b8c5c08,4,200,142869,209.899,1901.668,75128
1787815422264,fe9f5242-1dee-d8c5-2769-78aba5955fb8,/p/1/5aaaed4bbd7a51a9,6,200,5044253,336.940,6621.466,761803
1787815423011,0cac6aae-1489-56e0-7461-86608a6b60d9,/p/0/a4bac9047c78d962,1,200,377008,394.216,5887.030,64040
1787815427157,440d284a-4e1e-ee1c-2872-92f3eb9b00c6,/p/0/263a1bd2a4bb35ed,5,200,328696,99.002,1782.895,184361
1787815427092,9fdb75b2-e53e-03fe-6b2c-ae349e1d4f9c,/p/11/f2c9a13c996a6209,13,200,165004,238.369,1957.394,84298
1787815426543,4cc59da5-43fd-bad1-f6e4-04780c37b1b1,/p/2/d7f5629b99296363,7,200,167450,181.291,2543.433,65836
1787815418543,fe9f5242-1dee-d8c5-2769-78aba5955fb8,/p/0/8c43a60c9be0e1c9,3,200,5240670,245.347,10661.604,491546
1787815427157,440d284a-4e1e-ee1c-2872-92f3eb9b00c6,/p/0/263a18d2a4bb30d4,5,200,369195,33.566,2199.808,167831
1787815426439,ed44bc0f-ef2d-a9ce-7a2d-62863ae567a0,/p/6/c7440c51a7663fb2,7,200,269586,196.436,3028.075,89029
1787815428885,fe9f5242-1dee-d8c5-2769-78aba5955fb8,/p/0/cf434ab1038cdc5f,7,200,66839,320.011,655.332,101993
1787815428885,fe9f5242-1dee-d8c5-2769-78aba5955fb8,/p/0/cf4349b1038cdaac,7,200,213346,319.838,702.559,303670
1787815426856,a3113622-153a-4853-9f4b-e682800ffcd5,/p/0/cd4b88c940929552,6,200,506226,130.557,2808.182,180268
1787815427399,c73dac6e-70cd-a441-9567-fe760f466832,/p/0/b7fb0386a72cad28,4,200,85171,346.815,2388.324,35661
1787815426140,c73dac6e-70cd-a441-9567-fe760f466832,/p/0/8b903c4fbaed944f,3,200,332896,126.693,3679.517,90473
1787815427157,440d284a-4e1e-ee1c-2872-92f3eb9b00c6,/p/7/263a1ad2a4bb343a,5,200,521833,33.543,2673.960,195154
1787815374979,4cc59da5-43fd-bad1-f6e4-04780c37b1b1,/p/0/63c2e23f99b1972f,2,200,4829549,174.797,54987.742,87830
1787815429831,440d284a-4e1e-ee1c-2872-92f3eb9b00c6,/p/6/cc7f0e8e01a2812a,6,200,47233,31.755,144.833,326120
1787815377169,dfb72c95-9df6-a302-4f7f-eb28eb530616,/p/0/b8ca031cfdc1e8b8,4,200,3490617,449.369,52847.022,66051
1787815359066,dfb72c95-9df6-a302-4f7f-eb28eb530616,/p/0/9e353cb6146804f0,1,200,3995281,170.012,70982.327,56286
1787815426963,e74dc3e9-9b81-1c67-b868-f59eb1ef8038,/p/3/88e6decd9b8c5f6e,4,200,352226,230.343,3098.803,113665
1787815429049,9fdb75b2-e53e-03fe-6b2c-ae349e1d4f9c,/p/0/87fcc43d640907de,14,200,54609,316.223,1327.087,41150
1787815416501,8cb74705-6b91-38bf-1a7e-0901efe0c132,/p/4/8dad5954f5a8bd70,1,200,2306225,344.429,13965.052,165143
1787815427399,c73dac6e-70cd-a441-9567-fe760f466832,/p/0/b7fb0686a72cb241,4,200,191564,346.873,3071.167,62375
1787815396770,e74dc3e9-9b81-1c67-b868-f59eb1ef8038,/p/0/a4fec6c3164f81e2,2,200,4981158,1113.040,33774.258,147484
1787815426674,1ff3bcd1-0da7-cd02-1374-522545639cba,/p/6/edc56301409bd597,6,200,363139,302.183,4021.597,90297
1787815416480,8932535e-9b64-cb37-fd14-1d68673e7fd8,/p/0/b48202101edea630,1,200,189800,272.641,14261.940,13308
1787815428885,fe9f5242-1dee-d8c5-2769-78aba5955fb8,/p/0/cf434cb1038cdfc5,7,200,3059373,336.426,1962.812,1558668
1787815429967,4cc59da5-43fd-bad1-f6e4-04780c37b1b1,/p/0/9f4a9f2d064686a3,8,200,118778,352.812,1141.668,104039
1787815430696,1ff3bcd1-0da7-cd02-1374-522545639cba,/p/0/3c32073e1f698422,7,200,9425,190.180,457.153,20617
1787815423304,1e6d9d81-8b6c-6e3a-7184-79ceb2af2878,/?crawl=249,0,200,2574606,57.073,8118.320,317135
1787815427399,c73dac6e-70cd-a441-9567-fe760f466832,/p/3/b7fb0486a72caedb,4,200,375660,377.384,4036.276,93071
1787815425752,702b7d66-0ccc-7dff-26e7-1a1bb8b4a3ab,/p/0/89f85fd4f3b343be,8,200,281422,278.541,5686.082,49493
1787815429049,9fdb75b2-e53e-03fe-6b2c-ae349e1d4f9c,/p/10/87fcc53d64090991,14,200,210154,242.089,2427.895,86558
1787815430062,e74dc3e9-9b81-1c67-b868-f59eb1ef8038,/p/0/5cd61092881a8250,5,200,155720,711.278,1739.750,89507
1787815429049,9fdb75b2-e53e-03fe-6b2c-ae349e1d4f9c,/p/0/87fcc33d6409062b,14,200,293622,316.355,2881.363,101904
1787815429087,4cc59da5-43fd-bad1-f6e4-04780c37b1b1,/p/1/9f4aa12d06468a09,8,200,198055,212.587,3090.910,64077
1787815425948,4c48e9e8-5a19-c03d-3947-95518656d187,/p/0/2ddec2d9f16f0c2b,4,200,209847,375.318,6327.681,33163
1787815431422,1e6d9d81-8b6c-6e3a-7184-79ceb2af2878,/p/0/cb8f76bfa5aecaa1,1,200,135988,36.945,915.921,148471
1787815431423,1e6d9d81-8b6c-6e3a-7184-79ceb2af2878,/p/0/cb8f73bfa5aec588,1,200,132841,125.248,949.990,139834
1787815426735,e07ca8dd-a6fc-0448-1afb-13a11a268b28,/p/0/1057d11ba59a78,3,200,302489,332.974,5676.933,53284
1787815369527,e006d3a4-893c-ecdd-0350-87bafabb266c,/p/0/c6a06122d877cf55,5,200,6226629,393.247,62926.552,98951
1787815418996,047dd541-b4bc-30bf-7e87-81328c8d9396,/p/1/d8cba5415133138b,1,200,182275,1686.316,13586.082,13416
1787815421040,553b9ccc-860b-52b9-85ef-0d28103041fa,/p/0/73e89f4b02f1a9,9,200,503441,365.031,11591.464,43432
1787815393304,8992b43b-4174-a0c1-16dc-9bd47c511dd8,/?crawl=210,0,200,5287905,261.675,39511.575,133832
1787815429831,440d284a-4e1e-ee1c-2872-92f3eb9b00c6,/p/0/cc7f0c8e01a27dc4,6,200,290384,112.069,3011.735,96418
1787815431436,c73dac6e-70cd-a441-9567-fe760f466832,/p/0/6081163806b4bba1,5,200,113102,123.534,1574.530,71832
1787815430062,e74dc3e9-9b81-1c67-b868-f59eb1ef8038,/p/0/5cd61392881a8769,5,200,353551,648.954,3038.081,116373
1787815431436,c73dac6e-70cd-a441-9567-fe760f466832,/p/2/6081153806b4b9ee,5,200,303731,61.486,1687.214,180019
1787815431436,c73dac6e-70cd-a441-9567-fe760f466832,/p/0/6081133806b4b688,5,200,270773,123.617,1688.249,160387
1787815426674,1ff3bcd1-0da7-cd02-1374-522545639cba,/p/0/edc56201409bd3e4,6,200,498482,282.192,6544.445,76169
1787815416626,e6643b89-1dd1-2310-bf50-2a904aaa6e86,/p/0/10c0d0b351bd2596,2,200,136427,2526.370,16645.313,8196
1787815429976,440d284a-4e1e-ee1c-2872-92f3eb9b00c6,/p/0/e2af702201478b62,7,200,332295,394.019,3375.412,98446
1787815431423,1e6d9d81-8b6c-6e3a-7184-79ceb2af2878,/p/9/cb8f74bfa5aec73b,1,200,521668,142.536,1947.922,267807
1787815405987,c5aa0efa-81cb-c472-cc06-ea5a979bd993,/p/2/367a8ce9186c7f72,1,200,2623272,281.702,27471.604,95490
1787815433123,c73dac6e-70cd-a441-9567-fe760f466832,/p/1/fa254b5fab020766,6,200,333068,2.892,338.720,983314
1787815433123,c73dac6e-70cd-a441-9567-fe760f466832,/p/0/fa254c5fab020919,6,200,374145,2.920,417.365,896446
1787815433123,c73dac6e-70cd-a441-9567-fe760f466832,/p/0/fa25495fab020400,6,200,483924,2.929,417.683,1158592
1787815429087,4cc59da5-43fd-bad1-f6e4-04780c37b1b1,/p/0/9f4aa02d06468856,8,200,372098,180.078,4612.470,80672
1787815430466,8cb74705-6b91-38bf-1a7e-0901efe0c132,/p/0/ad42117b0f0a79bb,2,200,205988,443.637,3394.970,60674
1787815432816,8992b43b-4174-a0c1-16dc-9bd47c511dd8,/p/0/d02c156f42b0832a,1,200,109096,110.720,1107.513,98505
1787815429467,ed44bc0f-ef2d-a9ce-7a2d-62863ae567a0,/p/0/c7440a51a7663c4c,7,200,402134,153.045,4553.053,88322
1787815426735,e07ca8dd-a6fc-0448-1afb-13a11a268b28,/p/0/105ad11ba59f91,3,200,361605,365.292,7303.737,49510
1787815433370,1e6d9d81-8b6c-6e3a-7184-79ceb2af2878,/p/0/9be2cc8def5a74a,2,200,83854,126.388,676.976,123866
1787815361721,b65c0c64-3b12-5a25-dd6f-f7450caa3086,/p/0/57c09f2dd7e3c4e9,4,0,2821987,453.206,72583.362,38879
1787815361721,b65c0c64-3b12-5a25-dd6f-f7450caa3086,/p/0/57c09c2dd7e3bfd0,4,0,3004971,412.336,72583.350,41400
1787815337957,b65c0c64-3b12-5a25-dd6f-f7450caa3086,/p/0/8e9c312d5c976062,2,0,4801706,611.621,96347.364,49837
1787815434304,b65c0c64-3b12-5a25-dd6f-f7450caa3086,/p/4/c5d12a7b74a66bee,9,0,0,0.016,0.000,0
1787815337957,b65c0c64-3b12-5a25-dd6f-f7450caa3086,/p/0/8e9c302d5c975eaf,2,0,4269034,4.764,96347.344,44309
1787815434304,b65c0c64-3b12-5a25-dd6f-f7450caa3086,/p/0/1c19fdfdb3c0f01b,8,0,0,0.025,0.000,0
1787815434304,b65c0c64-3b12-5a25-dd6f-f7450caa3086,/p/0/c5d1287b74a66888,9,0,0,0.006,0.000,0
1787815426196,b65c0c64-3b12-5a25-dd6f-f7450caa3086,/p/0/1c19fefdb3c0f1ce,8,0,230171,621.025,8108.398,28387
1787815405391,b65c0c64-3b12-5a25-dd6f-f7450caa3086,/p/0/26e84fc6c3f2bdb4,7,0,1347795,1404.975,28913.366,46615
1787815434304,b65c0c64-3b12-5a25-dd6f-f7450caa3086,/p/0/c5d12b7b74a66da1,9,0,0,0.012,0.000,0
1787815412109,9b756a86-8abd-2ab1-135b-50a13ba82815,/p/0/fff7e4977abfdb12,6,200,3363445,379.156,22428.414,149964
1787815433459,c5aa0efa-81cb-c472-cc06-ea5a979bd993,/p/0/da19c5a541c345f6,2,200,51609,382.857,1255.159,41118
1787815432816,8992b43b-4174-a0c1-16dc-9bd47c511dd8,/p/0/d02c146f42b08177,1,200,318656,4.057,1913.407,166539
1787815429831,440d284a-4e1e-ee1c-2872-92f3eb9b00c6,/p/0/cc7f0f8e01a282dd,6,200,517132,62.942,4941.307,104655
1787815418304,f8d57306-52e3-084e-5070-0ace3c1af0f2,/?crawl=243,0,200,4939077,46.348,16574.479,297993
1787815418115,e51c2ccc-530c-0524-fc27-87f81183ca9e,/p/0/5f55ad4cd1f4b301,4,200,4484830,145.715,17060.875,262872
1787815433459,c5aa0efa-81cb-c472-cc06-ea5a979bd993,/p/1/da19c6a541c347a9,2,200,89866,417.752,1777.231,50565
1787815432178,4cc59da5-43fd-bad1-f6e4-04780c37b1b1,/p/0/6e7dd5184e671171,9,200,354176,161.724,3123.359,113396
1787815433699,4cc59da5-43fd-bad1-f6e4-04780c37b1b1,/p/0/6e7dd2184e670c58,9,200,370868,179.117,1609.668,230400
1787815432178,4cc59da5-43fd-bad1-f6e4-04780c37b1b1,/p/0/6e7dd4184e670fbe,9,200,474410,193.801,3133.162,151416
1787815433370,1e6d9d81-8b6c-6e3a-7184-79ceb2af2878,/p/0/9be2bc8def5a597,2,200,389538,35.893,2013.310,193481
1787815434879,f8d57306-52e3-084e-5070-0ace3c1af0f2,/p/0/5711738e2a0d0116,1,200,96476,40.542,651.080,148178
1787815406605,e006d3a4-893c-ecdd-0350-87bafabb266c,/p/0/e77064ad892ac977,9,200,3117755,660.523,28929.740,107770
1787815433459,c5aa0efa-81cb-c472-cc06-ea5a979bd993,/p/0/da19c4a541c34443,2,200,105375,347.552,2127.471,49531
1787815431477,9fdb75b2-e53e-03fe-6b2c-ae349e1d4f9c,/p/9/48402aeff8096d59,15,200,261853,975.907,4214.874,62126
1787815426856,a3113622-153a-4853-9f4b-e682800ffcd5,/p/9/cd4b89c940929705,6,200,2204876,142.396,8891.898,247965
1787815433370,1e6d9d81-8b6c-6e3a-7184-79ceb2af2878,/p/8/9be2dc8def5a8fd,2,200,508328,89.464,2424.583,209656
1787815434879,f8d57306-52e3-084e-5070-0ace3c1af0f2,/p/6/5711748e2a0d02c9,1,200,135298,109.929,1067.739,126714
1787815430696,1ff3bcd1-0da7-cd02-1374-522545639cba,/p/5/3c32053e1f6980bc,7,200,448784,571.745,5273.277,85105
1787815435748,a3113622-153a-4853-9f4b-e682800ffcd5,/p/0/a8c28b3a3566125e,7,200,4807,160.076,311.786,15418
1787815424470,f3b91457-307d-d26c-a23a-f070dcbd30a4,/p/0/ec7497449b438d18,6,200,2538538,159.123,11623.797,218391
1787815432816,8992b43b-4174-a0c1-16dc-9bd47c511dd8,/p/7/d02c166f42b084dd,1,200,4083343,57.369,3315.662,1231532
1787815436132,8992b43b-4174-a0c1-16dc-9bd47c511dd8,/p/0/e87f2c368016f46,2,200,143997,3.053,147.683,975040
1787815414694,e51c2ccc-530c-0524-fc27-87f81183ca9e,/p/0/2ebb133e87f332a4,2,200,6031369,116.882,21599.964,279231
1787815392548,8c4b883f-7af1-ae8c-c101-a1f478818567,/p/3/42a809d9f423509a,4,200,3404077,226.960,43770.215,77772
1787815436132,8992b43b-4174-a0c1-16dc-9bd47c511dd8,/p/6/e87f0c368016be0,2,200,333366,33.479,320.398,1040474
1787815436452,8992b43b-4174-a0c1-16dc-9bd47c511dd8,/p/5/b53f4da76904c43d,3,200,82517,33.111,149.363,552461
1787815435748,a3113622-153a-4853-9f4b-e682800ffcd5,/p/0/a8c28a3a356610ab,7,200,171205,160.063,937.415,182635
1787815434879,f8d57306-52e3-084e-5070-0ace3c1af0f2,/p/0/5711728e2a0cff63,1,200,233817,40.575,1863.797,125452
1787815436601,8992b43b-4174-a0c1-16dc-9bd47c511dd8,/p/0/491130be41db6f31,4,200,63888,33.741,186.744,342115
1787815435969,1ff3bcd1-0da7-cd02-1374-522545639cba,/p/4/e9bbe61a619e1db,8,200,61925,209.124,927.480,66767
1787815436452,8992b43b-4174-a0c1-16dc-9bd47c511dd8,/p/0/b53f4ca76904c28a,3,200,280926,33.067,497.289,564915
1787815436601,8992b43b-4174-a0c1-16dc-9bd47c511dd8,/p/0/49112dbe41db6a18,4,200,285118,73.863,590.639,482728
1787815398788,553b9ccc-860b-52b9-85ef-0d28103041fa,/p/0/f1980468211e12a9,4,200,2508386,266.935,38486.700,65175
1787815436601,8992b43b-4174-a0c1-16dc-9bd47c511dd8,/p/4/49112ebe41db6bcb,4,200,421804,33.735,679.933,620361
1787815409050,e006d3a4-893c-ecdd-0350-87bafabb266c,/p/4/6cfd6c2ee87862a8,10,0,2276311,1593.316,28254.795,80564
1787815409050,e006d3a4-893c-ecdd-0350-87bafabb266c,/p/0/6cfd6d2ee878645b,10,0,2249063,1518.542,28254.853,79599
1787815435748,a3113622-153a-4853-9f4b-e682800ffcd5,/p/8/a8c2893a35660ef8,7,200,353765,199.514,1592.715,222114
1787815435795,1e6d9d81-8b6c-6e3a-7184-79ceb2af2878,/p/0/1fa91079fa865650,3,200,276990,34.345,1692.648,163643
1787815406204,553b9ccc-860b-52b9-85ef-0d28103041fa,/p/0/998344e0f4fb7911,6,200,2097812,388.386,31446.487,66711
1787815420081,e51c2ccc-530c-0524-fc27-87f81183ca9e,/p/0/bf80c396ae1520c6,6,200,6059432,102.990,17940.432,337753
1787815437281,8992b43b-4174-a0c1-16dc-9bd47c511dd8,/p/0/ceb409f1d912bd80,5,200,367256,33.346,745.092,492900
1787815437281,8992b43b-4174-a0c1-16dc-9bd47c511dd8,/p/0/ceb40cf1d912c299,5,200,386048,33.360,812.850,474932
1787815437281,8992b43b-4174-a0c1-16dc-9bd47c511dd8,/p/3/ceb40bf1d912c0e6,5,200,448310,29.802,843.408,531546
1787815424176,7c1e49a5-1a38-8625-e86a-7a995365ad59,/p/0/4a5d9f9630390ffb,2,200,4474048,270.356,14042.821,318600
1787815412551,ed44bc0f-ef2d-a9ce-7a2d-62863ae567a0,/p/0/e8d13572c600a3c0,1,200,2825115,76.088,25844.126,109314
1787815431477,9fdb75b2-e53e-03fe-6b2c-ae349e1d4f9c,/p/0/484028eff80969f3,15,200,433421,903.877,6990.624,62000
1787815421041,553b9ccc-860b-52b9-85ef-0d28103041fa,/p/3/73e79f4b02eff6,9,200,3146175,244.644,17562.553,179141
1787815431477,9fdb75b2-e53e-03fe-6b2c-ae349e1d4f9c,/p/0/484029eff8096ba6,15,200,429689,950.959,7299.973,58862
1787815423011,0cac6aae-1489-56e0-7461-86608a6b60d9,/p/2/a4baca047c78db15,1,200,4334352,394.189,15884.779,272862
1787815435236,c5aa0efa-81cb-c472-cc06-ea5a979bd993,/p/0/151a525ee1071e8e,3,200,146496,523.970,3667.395,39946
1787815437341,a3113622-153a-4853-9f4b-e682800ffcd5,/p/7/f110b7d7273a6361,8,200,239509,150.264,1593.300,150323
1787815435947,f8d57306-52e3-084e-5070-0ace3c1af0f2,/p/0/f1d927b93ebb81fb,2,200,315208,219.042,3054.562,103193
1787815435795,1e6d9d81-8b6c-6e3a-7184-79ceb2af2878,/p/7/1fa91179fa865803,3,200,484755,160.434,3234.094,149889
1787815433462,c73dac6e-70cd-a441-9567-fe760f466832,/p/0/8cdfe539b70c408c,7,200,288107,580.734,5600.173,51446
1787815435947,f8d57306-52e3-084e-5070-0ace3c1af0f2,/p/0/f1d928b93ebb83ae,2,200,296206,264.271,3253.635,91038
1787815437341,a3113622-153a-4853-9f4b-e682800ffcd5,/p/0/f110b6d7273a61ae,8,200,230524,198.915,2000.458,115236
1787815431438,702b7d66-0ccc-7dff-26e7-1a1bb8b4a3ab,/p/8/57101ccff403eeda,9,200,275998,288.115,7973.185,34616
1787815438934,a3113622-153a-4853-9f4b-e682800ffcd5,/p/6/3e4a7fdc29e00483,9,200,26432,139.429,659.019,40108
1787815435969,1ff3bcd1-0da7-cd02-1374-522545639cba,/p/0/e9bc061a619e541,8,200,228492,209.132,3651.505,62575
1787815436132,8992b43b-4174-a0c1-16dc-9bd47c511dd8,/p/0/e87f1c368016d93,2,200,2183530,3.081,3497.409,624328
1787815438896,0cac6aae-1489-56e0-7461-86608a6b60d9,/p/0/dc389e663da36b57,2,200,148187,2.399,806.958,183637
1787815435969,1ff3bcd1-0da7-cd02-1374-522545639cba,/p/0/e9bbd61a619e028,8,200,241204,190.064,3784.399,63736
1787815437341,a3113622-153a-4853-9f4b-e682800ffcd5,/p/0/f110b5d7273a5ffb,8,200,344023,150.299,2695.351,127636
1787815433462,c73dac6e-70cd-a441-9567-fe760f466832,/p/0/8cdfe839b70c45a5,7,200,352365,1009.080,6625.051,53187
1787815436318,8c4b883f-7af1-ae8c-c101-a1f478818567,/p/2/b338f5f77e959fd5,5,200,253796,267.136,3817.764,66478
1787815418996,047dd541-b4bc-30bf-7e87-81328c8d9396,/p/0/d8cba741513316f1,1,200,380567,320.485,21158.421,17987
1787815438896,0cac6aae-1489-56e0-7461-86608a6b60d9,/p/0/dc389f663da36d0a,2,200,297905,5.087,1295.859,229890
1787815411240,63feb0eb-2564-8058-5024-1e4cb93e9190,/p/0/96f1edabefca8769,2,200,3144871,328.088,28979.220,108522
1787815409236,553b9ccc-860b-52b9-85ef-0d28103041fa,/p/0/c76d01af8789ca6f,7,200,5312888,241.123,31072.439,170984
1787815438603,553b9ccc-860b-52b9-85ef-0d28103041fa,/p/2/5f484ffde511e95a,10,200,30220,1705.779,1706.089,17713
1787815438603,553b9ccc-860b-52b9-85ef-0d28103041fa,/p/0/5f484dfde511e5f4,10,200,134935,1706.145,1708.224,78991
1787815438603,553b9ccc-860b-52b9-85ef-0d28103041fa,/p/0/5f4850fde511eb0d,10,200,12922,1708.085,1708.140,7565
1787815439753,1ff3bcd1-0da7-cd02-1374-522545639cba,/p/0/c27b324d849b841e,9,200,33123,349.568,595.323,55639
1787815404304,fd5674f4-7e92-846e-8aca-195ffeced01e,/?crawl=223,0,200,304326,832.778,36170.226,8414
1787815380893,4cc59da5-43fd-bad1-f6e4-04780c37b1b1,/p/0/d4f22b39a27aee44,4,200,5887083,199.774,59646.545,98699
1787815438896,0cac6aae-1489-56e0-7461-86608a6b60d9,/p/1/dc389d663da369a4,2,200,332303,4.643,1923.380,172770
1787815439029,1e6d9d81-8b6c-6e3a-7184-79ceb2af2878,/p/0/a0fa08824ccf816,4,200,188655,216.441,2020.406,93375
1787815439029,1e6d9d81-8b6c-6e3a-7184-79ceb2af2878,/p/0/a0f9f8824ccf663,4,200,248292,234.478,2235.589,111063
1787815403097,0749ca82-1e65-8f0a-ba8a-b79b9d25deac,/p/0/a47c7809d3d7df84,3,200,2417763,431.044,38267.068,63181
1787815428442,702b7d66-0ccc-7dff-26e7-1a1bb8b4a3ab,/p/0/89f85ed4f3b3420b,8,200,499366,298.158,13035.817,38307
1787815439593,a3113622-153a-4853-9f4b-e682800ffcd5,/p/0/138ad265f4f3365c,10,200,221201,128.216,1986.193,111369
1787815439621,1ff3bcd1-0da7-cd02-1374-522545639cba,/p/0/c27b314d849b826b,9,200,99972,226.853,2113.195,47308
1787815426544,4cc59da5-43fd-bad1-f6e4-04780c37b1b1,/p/0/d7f5619b992961b0,7,200,2776278,324.634,15593.923,178036
1787815435692,9fdb75b2-e53e-03fe-6b2c-ae349e1d4f9c,/p/8/7e3e8718a5d94b85,16,200,402344,263.636,6485.401,62038
1787815430062,e74dc3e9-9b81-1c67-b868-f59eb1ef8038,/p/2/5cd61192881a8403,5,200,3484836,502.033,12181.010,286088
1787815439593,a3113622-153a-4853-9f4b-e682800ffcd5,/p/5/138ad365f4f3380f,10,200,303077,128.081,3032.733,99935
1787815430016,dfb72c95-9df6-a302-4f7f-eb28eb530616,/p/3/6ad34672b0c88fdf,9,200,131934,9388.103,12692.601,10395
1787815435692,9fdb75b2-e53e-03fe-6b2c-ae349e1d4f9c,/p/0/7e3e8618a5d949d2,16,200,431564,263.589,7247.627,59546
1787815440309,553b9ccc-860b-52b9-85ef-0d28103041fa,/p/0/1066125e7a44d334,11,200,168586,284.010,2669.854,63144
1787815438395,ed44bc0f-ef2d-a9ce-7a2d-62863ae567a0,/p/0/3777557a2e6eba9a,8,200,418524,208.838,4608.595,90814
1787815442243,e74dc3e9-9b81-1c67-b868-f59eb1ef8038,/p/0/1bbcef095248e317,6,200,41703,43.424,764.166,54573
1787815436318,8c4b883f-7af1-ae8c-c101-a1f478818567,/p/0/b338f4f77e959e22,5,200,347254,226.183,6689.838,51908
1787815442243,e74dc3e9-9b81-1c67-b868-f59eb1ef8038,/p/1/1bbcf1095248e67d,6,200,81268,84.961,826.233,98360
1787815405987,c5aa0efa-81cb-c472-cc06-ea5a979bd993,/p/0/367a8de9186c8125,1,200,3252619,351.567,37121.552,87621
1787815435947,f8d57306-52e3-084e-5070-0ace3c1af0f2,/p/5/f1d926b93ebb8048,2,200,2853520,241.754,7381.669,386568
1787815440036,a3113622-153a-4853-9f4b-e682800ffcd5,/p/0/138ad565f4f33b75,10,200,256641,258.532,3328.057,77114
1787815439029,1e6d9d81-8b6c-6e3a-7184-79ceb2af2878,/p/6/a0f9e8824ccf4b0,4,200,488325,253.121,4469.449,109258
1787815442177,9fdb75b2-e53e-03fe-6b2c-ae349e1d4f9c,/p/7/15b27a18b53a6c9b,17,200,53772,261.438,1384.898,38827
1787815438934,a3113622-153a-4853-9f4b-e682800ffcd5,/p/0/3e4a81dc29e007e9,9,200,452857,139.471,4632.985,97746
1787815441478,702b7d66-0ccc-7dff-26e7-1a1bb8b4a3ab,/p/0/57101acff403eb74,9,200,110462,354.401,2393.896,46143
1787815442626,a3113622-153a-4853-9f4b-e682800ffcd5,/p/4/981f4d1557c3fc1d,11,200,143641,126.588,1287.522,111564
1787815440309,553b9ccc-860b-52b9-85ef-0d28103041fa,/p/1/1066145e7a44d69a,11,200,199430,283.989,3685.083,54118
1787815384434,94ddeec8-4713-1ccc-0771-93b0a7c1f7b0,/p/0/36bd5774976c7f5e,1,200,6066656,55.435,59795.068,101457
1787815379763,8c4b883f-7af1-ae8c-c101-a1f478818567,/p/0/26e2311f04a801b,1,200,4860816,39.907,64514.322,75345
1787815443913,a3113622-153a-4853-9f4b-e682800ffcd5,/p/3/6ade54ce24208eff,12,200,47514,175.164,483.706,98229
1787815424583,6ecd8cf8-f9e4-22fd-ee79-91329d872865,/p/5/fab9880fb3a9e1c9,5,200,3432870,178.763,19960.191,171986
1787815442626,a3113622-153a-4853-9f4b-e682800ffcd5,/p/0/981f4c1557c3fa6a,11,200,236228,126.658,2113.699,111760
1787815409909,71d51f65-0f4a-4aae-f6b2-ad04f139a00e,/p/1/4413010b5e8dbc42,2,200,4050080,320.443,35107.015,115364
1787815440136,8c4b883f-7af1-ae8c-c101-a1f478818567,/p/0/b338f3f77e959c6f,5,200,287132,189.483,5010.787,57303
1787815400375,8e7a01ec-a46f-8fd1-cdff-5aa0b89c8aab,/p/0/a63a6d5a7860bd70,10,200,4819008,211.873,44781.772,107611
1787815443913,a3113622-153a-4853-9f4b-e682800ffcd5,/p/0/6ade53ce24208d4c,12,200,120669,223.104,1295.594,93138
1787815432582,047dd541-b4bc-30bf-7e87-81328c8d9396,/p/0/f5e842a519193352,2,200,153010,2307.070,12651.099,12095
1787815440309,553b9ccc-860b-52b9-85ef-0d28103041fa,/p/0/1066155e7a44d84d,11,200,467435,79.113,4985.550,93758
1787815444543,6ecd8cf8-f9e4-22fd-ee79-91329d872865,/p/4/2aec1ec35efef4b,6,200,64473,179.890,970.212,66452
1787815443328,f8d57306-52e3-084e-5070-0ace3c1af0f2,/p/0/a4ec3dd8bc5e4677,3,200,209493,132.111,2234.032,93774
1787815414794,321a4300-0258-0b4e-ecc7-17716e887cda,/p/6/22b5986714a81e2,1,200,5414225,74.806,31100.716,174087
1787815397101,8e7a01ec-a46f-8fd1-cdff-5aa0b89c8aab,/p/0/c64acc535a57cc55,9,200,5265760,258.627,48801.600,107901
1787815443994,553b9ccc-860b-52b9-85ef-0d28103041fa,/p/0/d9471d7edfb1657f,12,200,176767,264.442,1997.318,88502
1787815443499,1e6d9d81-8b6c-6e3a-7184-79ceb2af2878,/p/5/f11a20d8e83ce7a0,5,200,228986,253.128,2617.878,87470
1787815445016,71d51f65-0f4a-4aae-f6b2-ad04f139a00e,/p/0/27ac29500922584f,3,200,62603,401.361,1175.977,53235
1787815443328,f8d57306-52e3-084e-5070-0ace3c1af0f2,/p/4/a4ec3fd8bc5e49dd,3,200,364074,132.097,2874.049,126676
1787815443070,e74dc3e9-9b81-1c67-b868-f59eb1ef8038,/p/0/e2ca5d09566bc37,7,200,315533,212.677,3292.085,95846
1787815443070,e74dc3e9-9b81-1c67-b868-f59eb1ef8038,/p/0/e2ca7d09566bf9d,7,200,370093,212.736,3293.567,112368
1787815442243,e74dc3e9-9b81-1c67-b868-f59eb1ef8038,/p/0/1bbcf0095248e4ca,6,200,470613,432.430,4120.707,114207
1787815413162,0749ca82-1e65-8f0a-ba8a-b79b9d25deac,/p/12/f3f297621545670c,5,200,2277095,575.274,33248.565,68487
1787815445147,8c4b883f-7af1-ae8c-c101-a1f478818567,/p/0/6373ec431cb48943,6,200,61194,222.437,1334.237,45864
1787815445513,6ecd8cf8-f9e4-22fd-ee79-91329d872865,/p/0/bd02068950ccf16d,7,200,58966,199.251,1042.922,56539
1787815443499,1e6d9d81-8b6c-6e3a-7184-79ceb2af2878,/p/0/f11a22d8e83ceb06,5,200,291821,288.192,3130.338,93223
1787815444543,6ecd8cf8-f9e4-22fd-ee79-91329d872865,/p/0/2aec3ec35eff2b1,6,200,187842,179.874,2211.967,84921
1787815423526,8e551002-bf5c-1717-e281-4fa00d9030bd,/p/0/1b4077a825955292,5,200,5581125,111.612,23241.333,240138
1787815443328,f8d57306-52e3-084e-5070-0ace3c1af0f2,/p/0/a4ec3ed8bc5e482a,3,200,483226,44.380,3441.333,140418
1787815421016,8f2e4d7d-498d-7300-494d-d801cfe79269,/p/1/115074a6e7dde502,1,200,5616928,65.964,25767.698,217983
1787815446784,8f2e4d7d-498d-7300-494d-d801cfe79269,/p/0/9e8b1965958d040e,2,200,59149,2.543,20.947,2823747
1787815446784,8f2e4d7d-498d-7300-494d-d801cfe79269,/p/0/9e8b1a65958d05c1,2,200,79596,2.166,43.853,1815053
1787815446784,8f2e4d7d-498d-7300-494d-d801cfe79269,/p/0/9e8b1865958d025b,2,200,127832,2.715,45.642,2800752
1787815446410,0749ca82-1e65-8f0a-ba8a-b79b9d25deac,/p/0/22a4411c0d2c9191,6,200,8242,396.378,431.695,19092
1787815426856,a3113622-153a-4853-9f4b-e682800ffcd5,/p/0/cd4b87c94092939f,6,200,3719380,156.842,20241.696,183748
1787815429976,440d284a-4e1e-ee1c-2872-92f3eb9b00c6,/p/0/e2af6f22014789af,7,200,3735946,472.430,17225.399,216886
1787815443070,e74dc3e9-9b81-1c67-b868-f59eb1ef8038,/p/0/e2ca4d09566ba84,7,200,4466255,233.718,4629.962,964642
1787815446117,1e6d9d81-8b6c-6e3a-7184-79ceb2af2878,/p/4/659ddc9841a31c1d,6,200,122526,209.761,1696.107,72240
1787815445016,71d51f65-0f4a-4aae-f6b2-ad04f139a00e,/p/0/27ac28500922569c,3,200,175864,373.583,2838.663,61953
1787815444277,8c4b883f-7af1-ae8c-c101-a1f478818567,/p/0/6373ed431cb48af6,6,200,203899,219.918,3583.408,56901
1787815445209,a3113622-153a-4853-9f4b-e682800ffcd5,/p/0/217c6f4930314ceb,13,200,283951,140.001,2691.290,105507
1787815447098,a3113622-153a-4853-9f4b-e682800ffcd5,/p/0/217c704930314e9e,13,200,86614,138.605,827.767,104636
1787815445016,71d51f65-0f4a-4aae-f6b2-ad04f139a00e,/p/0/27ac2a5009225a02,3,200,462688,401.397,2942.995,157217
1787815409909,71d51f65-0f4a-4aae-f6b2-ad04f139a00e,/p/0/4412ff0b5e8db8dc,2,200,5354420,463.468,38098.386,140542
1787815416626,e6643b89-1dd1-2310-bf50-2a904aaa6e86,/p/0/10c0d1b351bd2749,2,200,393220,2680.279,31458.167,12500
1787815443364,a3113622-153a-4853-9f4b-e682800ffcd5,/p/0/981f4b1557c3f8b7,11,200,496397,138.613,4867.486,101982
1787815444543,6ecd8cf8-f9e4-22fd-ee79-91329d872865,/p/0/2aec0ec35efed98,6,200,330099,198.469,3705.010,89095
1787815445894,321a4300-0258-0b4e-ecc7-17716e887cda,/p/5/dce4e58a8435d936,2,200,150297,73.939,2365.331,63542
1787815445894,321a4300-0258-0b4e-ecc7-17716e887cda,/p/0/dce4e38a8435d5d0,2,200,139314,73.910,2402.213,57994
1787815442709,dfb72c95-9df6-a302-4f7f-eb28eb530616,/p/0/6ad34872b0c89345,9,200,175246,540.263,5681.678,30844
1787815443008,8c4b883f-7af1-ae8c-c101-a1f478818567,/p/1/6373ee431cb48ca9,6,200,432060,241.230,5439.815,79425
1787815413224,63feb0eb-2564-8058-5024-1e4cb93e9190,/p/0/3a8977700c0bbc08,3,200,5105484,387.090,35457.248,143990
1787815400375,8e7a01ec-a46f-8fd1-cdff-5aa0b89c8aab,/p/0/a63a6f5a7860c0d6,10,200,6181241,193.051,48307.820,127955
1787815439411,702b7d66-0ccc-7dff-26e7-1a1bb8b4a3ab,/p/0/57101dcff403f08d,9,200,510954,301.339,9311.632,54873
1787815443004,ed44bc0f-ef2d-a9ce-7a2d-62863ae567a0,/p/0/3777547a2e6eb8e7,8,200,423788,147.084,6226.344,68064
1787815426543,4cc59da5-43fd-bad1-f6e4-04780c37b1b1,/p/0/d7f5649b992966c9,7,200,5802871,292.604,22761.269,254945
1787815418996,047dd541-b4bc-30bf-7e87-81328c8d9396,/p/0/d8cba441513311d8,1,200,431044,1537.243,30360.838,14197
1787815448448,8c4b883f-7af1-ae8c-c101-a1f478818567,/p/0/7683a5b99d37ab66,7,200,40252,323.000,979.148,41109
1787815443499,1e6d9d81-8b6c-6e3a-7184-79ceb2af2878,/p/0/f11a21d8e83ce953,5,200,519015,253.110,6040.071,85929
1787815448448,8c4b883f-7af1-ae8c-c101-a1f478818567,/p/0/7683a4b99d37a9b3,7,200,55352,225.581,1176.867,47033
1787815446410,0749ca82-1e65-8f0a-ba8a-b79b9d25deac,/p/0/22a43e1c0d2c8c78,6,200,234227,359.980,3516.753,66603
1787815420077,ed44bc0f-ef2d-a9ce-7a2d-62863ae567a0,/p/0/6163fed0ecca2660,4,200,2635914,232.825,30034.453,87763
1787815421295,6ecd8cf8-f9e4-22fd-ee79-91329d872865,/p/0/111ed4108e6fd1d7,4,200,5170833,105.349,29778.709,173642
1787815446202,f8d57306-52e3-084e-5070-0ace3c1af0f2,/p/0/c40eac99a37fccd7,4,200,500504,281.970,5057.513,98962
1787815403097,0749ca82-1e65-8f0a-ba8a-b79b9d25deac,/p/0/a47c7b09d3d7e49d,3,200,3123033,73.777,48279.307,64687
1787815442177,9fdb75b2-e53e-03fe-6b2c-ae349e1d4f9c,/p/0/15b27918b53a6ae8,17,200,478725,355.709,9244.715,51784
1787815447813,1e6d9d81-8b6c-6e3a-7184-79ceb2af2878,/p/0/f809e75d17a42272,7,200,261327,232.268,4240.073,61633
1787815429976,440d284a-4e1e-ee1c-2872-92f3eb9b00c6,/p/5/e2af6e22014787fc,7,200,6170973,353.194,22112.280,279074
1787815398070,dfb72c95-9df6-a302-4f7f-eb28eb530616,/p/0/4d1d3fc325453a0e,6,200,3471626,409.503,54030.171,64253
1787815443562,9fdb75b2-e53e-03fe-6b2c-ae349e1d4f9c,/p/0/f9f36fa3fbe609ed,18,200,391779,237.965,8598.751,45562
1787815423888,1ff3bcd1-0da7-cd02-1374-522545639cba,/p/0/d01ad2159e8af1c2,5,200,2712882,56.743,28392.885,95548
1787815446410,0749ca82-1e65-8f0a-ba8a-b79b9d25deac,/p/11/22a4401c0d2c8fde,6,200,4429060,359.910,6055.115,731458
1787815445894,321a4300-0258-0b4e-ecc7-17716e887cda,/p/0/dce4e68a8435dae9,2,200,427260,148.067,6622.043,64521
1787815452465,0749ca82-1e65-8f0a-ba8a-b79b9d25deac,/p/0/f3407ab5d4d460d9,7,200,115782,14.439,324.133,357205
1787815452465,0749ca82-1e65-8f0a-ba8a-b79b9d25deac,/p/0/f34077b5d4d45bc0,7,200,429814,1.500,350.191,1227371
1787815446117,1e6d9d81-8b6c-6e3a-7184-79ceb2af2878,/p/0/659dda9841a318b7,6,200,492021,192.879,6703.358,73399
1787815392674,702b7d66-0ccc-7dff-26e7-1a1bb8b4a3ab,/p/0/180398b70d0e562d,4,200,3014735,325.279,60171.554,50102
1787815448260,321a4300-0258-0b4e-ecc7-17716e887cda,/p/0/6aff69643ce947c2,3,200,168867,514.023,4700.875,35922
1787815430048,dfb72c95-9df6-a302-4f7f-eb28eb530616,/p/0/6ad34572b0c88e2c,9,200,506754,9454.998,23034.278,22000
1787815392548,8c4b883f-7af1-ae8c-c101-a1f478818567,/p/0/42a80ad9f423524d,4,200,4204884,309.418,60998.687,68934
1787815452100,dfb72c95-9df6-a302-4f7f-eb28eb530616,/p/0/84528b8faee045d1,10,200,43299,439.611,1562.170,27717
1787815447813,1e6d9d81-8b6c-6e3a-7184-79ceb2af2878,/p/3/f809e85d17a42425,7,200,427860,196.412,6007.134,71225
1787815452089,440d284a-4e1e-ee1c-2872-92f3eb9b00c6,/p/0/3cd75d177b5df60d,8,200,361421,32.273,1986.766,181914
1787815452089,440d284a-4e1e-ee1c-2872-92f3eb9b00c6,/p/0/3cd75a177b5df0f4,8,200,386618,179.568,2352.515,164342
1787815452089,440d284a-4e1e-ee1c-2872-92f3eb9b00c6,/p/4/3cd75b177b5df2a7,8,200,457336,179.682,2668.765,171366
1787815443562,9fdb75b2-e53e-03fe-6b2c-ae349e1d4f9c,/p/6/f9f36ea3fbe6083a,18,200,522673,262.362,11251.234,46455
1787815420815,ed44bc0f-ef2d-a9ce-7a2d-62863ae567a0,/p/0/e310cf33a0963ccc,5,200,2814710,165.591,34247.827,82187
1787815454757,440d284a-4e1e-ee1c-2872-92f3eb9b00c6,/p/0/a37bbc540b17deb4,9,200,68897,32.499,506.914,135915
1787815448260,321a4300-0258-0b4e-ecc7-17716e887cda,/p/4/6aff6a643ce94975,3,200,486012,589.060,7032.159,69113
1787815448260,321a4300-0258-0b4e-ecc7-17716e887cda,/p/0/6aff68643ce9460f,3,200,455828,514.079,7180.706,63480
1787815454814,9fdb75b2-e53e-03fe-6b2c-ae349e1d4f9c,/p/0/ccd03b6aadfc4e86,19,200,18961,288.877,671.656,28230
1787815453820,1e6d9d81-8b6c-6e3a-7184-79ceb2af2878,/p/2/10e2a8ea4c35f9eb,8,200,127423,178.013,2095.602,60805
1787815383142,8c4b883f-7af1-ae8c-c101-a1f478818567,/p/0/881918401a8fbe6a,2,200,5767018,244.982,73225.583,78757
1787815455292,321a4300-0258-0b4e-ecc7-17716e887cda,/p/0/aebcc0e638f319f1,4,200,55956,333.156,1107.891,50507
1787815363660,dfb72c95-9df6-a302-4f7f-eb28eb530616,/p/0/3edb84a456f0a542,2,200,5113096,694.232,92873.761,55054
1787815452845,702b7d66-0ccc-7dff-26e7-1a1bb8b4a3ab,/p/0/42769d76a5049463,10,200,146349,257.861,4074.430,35919
1787815455292,321a4300-0258-0b4e-ecc7-17716e887cda,/p/0/aebcbde638f314d8,4,200,155766,185.260,1739.491,89547
1787815411402,702b7d66-0ccc-7dff-26e7-1a1bb8b4a3ab,/p/0/e15683e9b5a9bd97,6,0,2298783,564.108,45902.252,50080
1787815448723,702b7d66-0ccc-7dff-26e7-1a1bb8b4a3ab,/p/0/42769e76a5049616,10,0,492167,360.735,8581.305,57353
1787815392674,702b7d66-0ccc-7dff-26e7-1a1bb8b4a3ab,/p/0/180395b70d0e5114,4,0,3465391,248.613,64630.490,53619
1787815390442,702b7d66-0ccc-7dff-26e7-1a1bb8b4a3ab,/p/0/6e534fe2f2b8203c,3,0,3392947,311.222,66862.523,50745
1787815443872,702b7d66-0ccc-7dff-26e7-1a1bb8b4a3ab,/p/7/42769f76a50497c9,10,0,672226,260.286,13432.616,50044
1787815448391,dfb72c95-9df6-a302-4f7f-eb28eb530616,/p/2/84528a8faee0441e,10,200,352846,437.451,9035.344,39052
1787815379763,8c4b883f-7af1-ae8c-c101-a1f478818567,/p/0/26e2411f04a81ce,1,200,6233508,205.245,77689.099,80237
1787815453820,1e6d9d81-8b6c-6e3a-7184-79ceb2af2878,/p/0/10e2aaea4c35fd51,8,200,251149,195.632,3780.886,66426
1787815444397,a3113622-153a-4853-9f4b-e682800ffcd5,/p/0/6ade56ce24209265,12,200,2302146,201.954,14017.663,164232
1787815453820,1e6d9d81-8b6c-6e3a-7184-79ceb2af2878,/p/0/10e2a7ea4c35f838,8,200,283837,212.820,5118.550,55453
1787815395415,9e0fba65-906f-29ac-85bf-db388693d2aa,/p/0/28824581901ecad,4,200,2766957,528.719,63874.555,43319
1787815426270,ed44bc0f-ef2d-a9ce-7a2d-62863ae567a0,/p/0/6b6a65c9ee6eb95e,6,200,2912887,169.455,33602.593,86686
1787815455916,1e6d9d81-8b6c-6e3a-7184-79ceb2af2878,/p/1/f4ec9c766cc6392b,9,200,285094,210.976,4158.790,68552
1787815455485,9fdb75b2-e53e-03fe-6b2c-ae349e1d4f9c,/p/0/ccd03a6aadfc4cd3,19,200,200342,260.817,4788.953,41834
1787815457426,dfb72c95-9df6-a302-4f7f-eb28eb530616,/p/0/a9ef5e9b357a5be8,11,200,126949,343.822,3413.755,37187
1787815457601,1e6d9d81-8b6c-6e3a-7184-79ceb2af2878,/p/0/f4ec9b766cc63778,9,200,252603,199.699,3568.635,70784
1787815445513,6ecd8cf8-f9e4-22fd-ee79-91329d872865,/p/0/bd02038950ccec54,7,200,3670176,234.658,16066.533,228436
1787815445513,6ecd8cf8-f9e4-22fd-ee79-91329d872865,/p/3/bd02048950ccee07,7,200,4150313,180.609,16346.008,253904
1787815461859,6ecd8cf8-f9e4-22fd-ee79-91329d872865,/p/2/246ed5e522bbc0f3,8,200,216865,12.317,33.462,6480846
1787815454814,9fdb75b2-e53e-03fe-6b2c-ae349e1d4f9c,/p/5/ccd03c6aadfc5039,19,200,375617,288.843,7158.990,52468
1787815413434,e07ca8dd-a6fc-0448-1afb-13a11a268b28,/p/0/9595ace405e5748f,1,200,4686088,67.088,48599.526,96423
1787815452465,0749ca82-1e65-8f0a-ba8a-b79b9d25deac,/p/10/f34079b5d4d45f26,7,200,3731450,14.615,10037.979,371733
1787815462503,0749ca82-1e65-8f0a-ba8a-b79b9d25deac,/p/0/75afed1023a02c96,8,200,58457,69.966,321.327,181924
1787815461859,6ecd8cf8-f9e4-22fd-ee79-91329d872865,/p/0/246ed4e522bbbf40,8,200,422238,2.700,1117.526,377833
1787815461859,6ecd8cf8-f9e4-22fd-ee79-91329d872865,/p/0/246ed7e522bbc459,8,200,476453,2.673,1119.108,425744
1787815461893,6ecd8cf8-f9e4-22fd-ee79-91329d872865,/p/0/a2fc5b919de9c7e0,9,200,142287,1085.670,1087.383,130853
1787815412723,28cc50e5-3465-4b99-2b80-02383cb906cd,/p/0/9f51237ad89d854a,7,200,4033779,209.801,51145.633,78868
1787815453083,dfb72c95-9df6-a302-4f7f-eb28eb530616,/p/0/8452888faee040b8,10,200,437603,475.166,10832.072,40399
1787815432582,047dd541-b4bc-30bf-7e87-81328c8d9396,/p/0/f5e841a51919319f,2,0,477400,2307.045,31722.658,15049
1787815432582,047dd541-b4bc-30bf-7e87-81328c8d9396,/p/0/f5e840a519192fec,2,0,429154,2307.067,31722.680,13528
1787815430696,1ff3bcd1-0da7-cd02-1374-522545639cba,/p/0/3c32063e1f69826f,7,200,3459047,266.912,33697.355,102650
1787815457426,dfb72c95-9df6-a302-4f7f-eb28eb530616,/p/1/a9ef609b357a5f4e,11,200,306938,447.133,7176.977,42767
1787815433462,c73dac6e-70cd-a441-9567-fe760f466832,/p/0/8cdfe639b70c423f,7,200,5902640,433.925,31177.247,189325
1787815422729,94ddeec8-4713-1ccc-0771-93b0a7c1f7b0,/p/0/e5c91a35ae8fd389,3,200,4398680,282.745,42203.878,104225
1787815436897,1ff3bcd1-0da7-cd02-1374-522545639cba,/p/3/c27b304d849b80b8,9,200,2920670,224.893,28108.002,103909
1787815435795,1e6d9d81-8b6c-6e3a-7184-79ceb2af2878,/p/0/1fa91379fa865b69,3,200,3020114,177.663,29258.438,103222
1787815459290,9e0fba65-906f-29ac-85bf-db388693d2aa,/p/0/815117e1e2842812,9,200,150976,442.234,5886.547,25648
1787815465005,1ff3bcd1-0da7-cd02-1374-522545639cba,/p/2/2c0322e38e881c0e,10,200,41761,187.811,471.487,88573
1787815458939,1e6d9d81-8b6c-6e3a-7184-79ceb2af2878,/p/0/f4ec9e766cc63c91,9,200,437796,247.617,6627.570,66057
1787815426735,e07ca8dd-a6fc-0448-1afb-13a11a268b28,/p/11/1058d11ba59c2b,3,200,5920408,434.198,38970.397,151921
1787815465705,e07ca8dd-a6fc-0448-1afb-13a11a268b28,/p/0/87cb6d260ffd0118,4,200,452562,2.038,351.739,1286642
1787815434020,ed44bc0f-ef2d-a9ce-7a2d-62863ae567a0,/p/5/3777567a2e6ebc4d,8,200,4578454,209.706,32328.064,141625
1787815440475,fd5674f4-7e92-846e-8aca-195ffeced01e,/p/0/5566e1153165af60,1,200,493085,1144.305,25887.861,19047
1787815422729,94ddeec8-4713-1ccc-0771-93b0a7c1f7b0,/p/2/e5c91835ae8fd023,3,200,4965423,310.413,44265.007,112175
1787815466994,94ddeec8-4713-1ccc-0771-93b0a7c1f7b0,/p/0/10fb18ac80ffad27,4,200,19096,56.734,113.562,168154
1787815412723,28cc50e5-3465-4b99-2b80-02383cb906cd,/p/3/9f51217ad89d81e4,7,200,5795048,82.828,54396.799,106533
1787815467120,28cc50e5-3465-4b99-2b80-02383cb906cd,/p/0/e2b2939a92fe9a58,8,200,24782,2.010,2.201,11258936
1787815465476,1ff3bcd1-0da7-cd02-1374-522545639cba,/p/0/900ce0489d00f015,11,200,96159,190.041,1806.101,53241
1787815460074,1e6d9d81-8b6c-6e3a-7184-79ceb2af2878,/p/0/600c064be6d38333,10,200,489565,282.063,7232.901,67686
1787815438934,a3113622-153a-4853-9f4b-e682800ffcd5,/p/0/3e4a7edc29e002d0,9,200,5349480,139.363,28392.374,188413
1787815467120,28cc50e5-3465-4b99-2b80-02383cb906cd,/p/0/e2b2969a92fe9f71,8,200,290653,3.439,307.363,945633
1787815467120,28cc50e5-3465-4b99-2b80-02383cb906cd,/p/2/e2b2949a92fe9c0b,8,200,464476,2.352,310.236,1497170
1787815467430,28cc50e5-3465-4b99-2b80-02383cb906cd,/p/0/7f532df17cce2dfe,9,200,50880,2.403,13.437,3786615
1787815465705,e07ca8dd-a6fc-0448-1afb-13a11a268b28,/p/0/87cb70260ffd0631,4,200,4607627,2.118,1793.662,2568838
1787815465054,1e6d9d81-8b6c-6e3a-7184-79ceb2af2878,/p/0/600c084be6d38699,10,200,204032,196.954,2483.737,82147
1787815465705,e07ca8dd-a6fc-0448-1afb-13a11a268b28,/p/10/87cb6e260ffd02cb,4,200,6084276,2.098,1965.748,3095145
1787815426763,ed44bc0f-ef2d-a9ce-7a2d-62863ae567a0,/p/0/c7440d51a7664165,7,200,5113507,174.686,40919.471,124965
1787815467430,28cc50e5-3465-4b99-2b80-02383cb906cd,/p/0/7f532cf17cce2c4b,9,200,270522,18.471,253.229,1068288
1787815467430,28cc50e5-3465-4b99-2b80-02383cb906cd,/p/1/7f532ef17cce2fb1,9,200,447041,13.246,254.327,1757738
1787815467685,28cc50e5-3465-4b99-2b80-02383cb906cd,/p/0/6f953a06cd41525c,10,200,199179,1.878,37.992,5242646
1787815467685,28cc50e5-3465-4b99-2b80-02383cb906cd,/p/0/6f953b06cd41540f,10,200,306091,1.674,40.964,7472245
1787815466994,94ddeec8-4713-1ccc-0771-93b0a7c1f7b0,/p/1/10fb1aac80ffb08d,4,200,119768,113.433,1247.226,96027
1787815454757,440d284a-4e1e-ee1c-2872-92f3eb9b00c6,/p/3/a37bbd540b17e067,9,200,3116815,139.121,13590.980,229330
1787815444740,a3113622-153a-4853-9f4b-e682800ffcd5,/p/2/217c6e4930314b38,13,200,5372469,125.661,23855.066,225213
1787815448448,8c4b883f-7af1-ae8c-c101-a1f478818567,/p/0/7683a6b99d37ad19,7,200,4620990,363.687,20352.214,227051
1787815466349,ed44bc0f-ef2d-a9ce-7a2d-62863ae567a0,/p/4/944beb474861dbda,9,200,328248,187.682,2613.102,125616
1787815466348,ed44bc0f-ef2d-a9ce-7a2d-62863ae567a0,/p/0/944be9474861d874,9,200,367980,156.064,2659.424,138368
1787815467685,28cc50e5-3465-4b99-2b80-02383cb906cd,/p/0/6f953c06cd4155c2,10,200,4787729,1.649,1371.805,3490094
1787815468348,440d284a-4e1e-ee1c-2872-92f3eb9b00c6,/p/0/9db300affa7bae60,10,200,46997,174.962,716.042,65634
1787815468595,a3113622-153a-4853-9f4b-e682800ffcd5,/p/0/d8e0b5c1b82ef270,14,200,157207,91.529,1062.018,148027
1787815455292,321a4300-0258-0b4e-ecc7-17716e887cda,/p/3/aebcbfe638f3183e,4,200,3233738,185.226,14493.987,223109
1787815443994,553b9ccc-860b-52b9-85ef-0d28103041fa,/p/0/d9471c7edfb163cc,12,200,3650035,313.209,25925.610,140789
1787815468962,ed44bc0f-ef2d-a9ce-7a2d-62863ae567a0,/p/0/6b9353a6ff604c31,10,200,170472,157.920,1435.696,118738
1787815468595,a3113622-153a-4853-9f4b-e682800ffcd5,/p/0/d8e0b8c1b82ef789,14,200,486332,24.056,1809.904,268706
1787815468595,a3113622-153a-4853-9f4b-e682800ffcd5,/p/1/d8e0b7c1b82ef5d6,14,200,497313,133.162,2016.637,246605
1787815465476,1ff3bcd1-0da7-cd02-1374-522545639cba,/p/0/900cdd489d00eafc,11,200,354368,189.996,5439.208,65151
1787815464603,dfb72c95-9df6-a302-4f7f-eb28eb530616,/p/0/354bee449db15bd1,12,200,250537,340.386,6671.028,37556
1787815468348,440d284a-4e1e-ee1c-2872-92f3eb9b00c6,/p/0/9db303affa7bb379,10,200,444300,205.241,3102.985,143185
1787815469786,321a4300-0258-0b4e-ecc7-17716e887cda,/p/0/f868e6a483c71730,5,200,505875,4.048,1912.041,264573
1787815461973,9fdb75b2-e53e-03fe-6b2c-ae349e1d4f9c,/p/0/a0dccaafe342ffbf,20,200,443478,238.786,9731.581,45571
1787815468241,94ddeec8-4713-1ccc-0771-93b0a7c1f7b0,/p/0/81a22b65c4236694,5,200,227471,660.975,3467.770,65596
1787815465476,1ff3bcd1-0da7-cd02-1374-522545639cba,/p/1/900cde489d00ecaf,11,200,446922,209.530,6354.591,70331
1787815470611,a3113622-153a-4853-9f4b-e682800ffcd5,/p/0/3f3f186c8a83be1b,15,200,261177,27.241,1241.959,210294
1787815470611,a3113622-153a-4853-9f4b-e682800ffcd5,/p/0/3f3f176c8a83bc68,15,200,238465,77.804,1293.722,184325
1787815468962,ed44bc0f-ef2d-a9ce-7a2d-62863ae567a0,/p/3/6b9352a6ff604a7e,10,200,417591,173.637,2989.831,139670
1787815470611,a3113622-153a-4853-9f4b-e682800ffcd5,/p/0/3f3f196c8a83bfce,15,200,485061,27.375,1734.724,279618
1787815435236,c5aa0efa-81cb-c472-cc06-ea5a979bd993,/p/0/151a505ee1071b28,3,200,3975019,350.137,37207.045,106835
1787815471704,9fdb75b2-e53e-03fe-6b2c-ae349e1d4f9c,/p/0/a0dccbafe3430172,20,200,15238,405.069,740.614,20575
1787815454757,440d284a-4e1e-ee1c-2872-92f3eb9b00c6,/p/0/a37bbf540b17e3cd,9,200,3790240,32.549,17957.758,211064
1787815446202,f8d57306-52e3-084e-5070-0ace3c1af0f2,/p/0/c40ead99a37fce8a,4,200,4104340,217.881,26572.054,154461
1787815430466,8cb74705-6b91-38bf-1a7e-0901efe0c132,/p/3/ad42107b0f0a7808,2,200,4268210,101.020,42346.655,100792
1787815471951,ed44bc0f-ef2d-a9ce-7a2d-62863ae567a0,/p/2/b5da60ff56888455,11,200,55115,333.896,953.711,57790
1787815464603,dfb72c95-9df6-a302-4f7f-eb28eb530616,/p/0/354beb449db156b8,12,200,271480,510.361,8443.236,32154
1787815430466,8cb74705-6b91-38bf-1a7e-0901efe0c132,/p/0/ad42127b0f0a7b6e,2,200,4417833,100.871,42876.960,103035
1787815465176,9e0fba65-906f-29ac-85bf-db388693d2aa,/p/0/146daeb5063cf05a,10,200,224064,682.523,8178.746,27396
1787815468962,ed44bc0f-ef2d-a9ce-7a2d-62863ae567a0,/p/0/6b9350a6ff604718,10,200,429912,187.807,4592.701,93608
1787815472813,8cb74705-6b91-38bf-1a7e-0901efe0c132,/p/0/fddbfb8a7b865c7f,3,200,226301,223.540,1160.910,194934
1787815472813,8cb74705-6b91-38bf-1a7e-0901efe0c132,/p/2/fddbfd8a7b865fe5,3,200,257342,223.497,1163.333,221211
1787815467671,e07ca8dd-a6fc-0448-1afb-13a11a268b28,/p/9/60dc0caba3afc5a6,5,200,474664,190.331,6378.887,74412
1787815473976,8cb74705-6b91-38bf-1a7e-0901efe0c132,/p/0/80faa5c03fc80cf5,4,200,272946,42.693,357.044,764460
1787815464603,dfb72c95-9df6-a302-4f7f-eb28eb530616,/p/0/354bed449db15a1e,12,200,369653,340.415,9944.896,37170
1787815471831,1ff3bcd1-0da7-cd02-1374-522545639cba,/p/0/652f8c3dbab4b711,12,200,295511,225.614,2740.200,107843
1787815471831,1ff3bcd1-0da7-cd02-1374-522545639cba,/p/0/652f893dbab4b1f8,12,200,393510,207.233,2763.581,142391
1787815416480,8932535e-9b64-cb37-fd14-1d68673e7fd8,/p/12/b48204101edea996,1,200,2669805,1339.015,58174.104,45893
1787815416480,8932535e-9b64-cb37-fd14-1d68673e7fd8,/p/0/b48205101edeab49,1,200,2589191,933.254,58750.578,44071
1787815474654,8932535e-9b64-cb37-fd14-1d68673e7fd8,/p/11/6ee339570a76145f,2,200,19123,404.344,651.550,29350
1787815467671,e07ca8dd-a6fc-0448-1afb-13a11a268b28,/p/0/60dc0daba3afc759,5,200,490503,126.819,7718.171,63552
1787815473976,8cb74705-6b91-38bf-1a7e-0901efe0c132,/p/1/80faa4c03fc80b42,4,200,198141,345.951,1473.092,134507
1787815475449,8cb74705-6b91-38bf-1a7e-0901efe0c132,/p/0/a9ddb7d9be2f4e7d,5,200,137676,340.014,358.173,384384
1787815475306,8932535e-9b64-cb37-fd14-1d68673e7fd8,/p/0/b9173b9657e1b17f,3,200,8377,582.725,683.442,12257
1787815475449,8cb74705-6b91-38bf-1a7e-0901efe0c132,/p/0/a9ddb4d9be2f4964,5,200,259581,340.067,705.154,368120
1787815443994,553b9ccc-860b-52b9-85ef-0d28103041fa,/p/0/d9471e7edfb16732,12,200,5564088,241.922,32178.560,172913
1787815473554,ed44bc0f-ef2d-a9ce-7a2d-62863ae567a0,/p/0/20cfcae28d9ebfae,12,200,219121,272.276,2626.685,83421
1787815471952,ed44bc0f-ef2d-a9ce-7a2d-62863ae567a0,/p/0/b5da5fff568882a2,11,200,365433,317.155,4244.722,86091
1787815461893,6ecd8cf8-f9e4-22fd-ee79-91329d872865,/p/0/a2fc5e919de9ccf9,9,200,2805962,1087.654,14451.136,194169
1787815468241,94ddeec8-4713-1ccc-0771-93b0a7c1f7b0,/p/0/81a22c65c4236847,5,200,4340829,633.103,8642.035,502292
1787815468241,94ddeec8-4713-1ccc-0771-93b0a7c1f7b0,/p/0/81a22e65c4236bad,5,200,5897838,633.357,8642.276,682440
1787815472905,ed44bc0f-ef2d-a9ce-7a2d-62863ae567a0,/p/0/20cfc9e28d9ebdfb,12,200,293530,189.404,4036.548,72718
1787815474050,e07ca8dd-a6fc-0448-1afb-13a11a268b28,/p/8/1d1d90162e0a3e0f,6,200,113349,393.476,2974.284,38110
1787815474654,8932535e-9b64-cb37-fd14-1d68673e7fd8,/p/0/6ee338570a7612ac,2,200,178211,301.504,2381.353,74836
1787815468348,440d284a-4e1e-ee1c-2872-92f3eb9b00c6,/p/2/9db302affa7bb1c6,10,200,2606249,220.146,8843.601,294704
1787815466994,94ddeec8-4713-1ccc-0771-93b0a7c1f7b0,/p/0/10fb19ac80ffaeda,4,200,6273674,311.974,10213.331,614263
1787815477192,440d284a-4e1e-ee1c-2872-92f3eb9b00c6,/p/0/fe65be1f0b7e27a5,11,200,13417,30.135,79.338,169113
1787815457426,dfb72c95-9df6-a302-4f7f-eb28eb530616,/p/0/a9ef619b357a6101,11,0,880011,413.420,19878.105,44270
1787815373617,dfb72c95-9df6-a302-4f7f-eb28eb530616,/p/0/b8ca061cfdc1edd1,4,0,5356931,478.289,103687.614,51664
1787815427878,dfb72c95-9df6-a302-4f7f-eb28eb530616,/p/0/fb85792b3bbd85d1,8,0,2411575,497.883,49426.570,48791
1787815449539,1e6d9d81-8b6c-6e3a-7184-79ceb2af2878,/p/0/f809e65d17a420bf,7,200,2585684,191.414,28196.884,91701
1787815446202,f8d57306-52e3-084e-5070-0ace3c1af0f2,/p/3/c40eae99a37fd03d,4,200,5555449,217.912,31709.643,175197
1787815477912,f8d57306-52e3-084e-5070-0ace3c1af0f2,/p/2/948ffaa3a09efd46,5,200,18411,42.903,85.180,216142
1787815477997,f8d57306-52e3-084e-5070-0ace3c1af0f2,/p/0/7788c8243695fe,6,200,24762,215.001,523.494,47301
1787815477192,440d284a-4e1e-ee1c-2872-92f3eb9b00c6,/p/1/fe65bd1f0b7e25f2,11,200,358605,163.719,1658.164,216266
1787815477192,440d284a-4e1e-ee1c-2872-92f3eb9b00c6,/p/0/fe65bb1f0b7e228c,11,200,386355,30.309,1674.425,230739
1787815478850,440d284a-4e1e-ee1c-2872-92f3eb9b00c6,/p/0/cbab270219f40687,12,200,23270,32.258,98.551,236122
1787815474654,8932535e-9b64-cb37-fd14-1d68673e7fd8,/p/0/6ee33b570a7617c5,2,200,304857,678.219,4384.045,69538
1787815475306,8932535e-9b64-cb37-fd14-1d68673e7fd8,/p/10/b9173a9657e1afcc,3,200,445467,279.543,4297.637,103654
1787815477912,f8d57306-52e3-084e-5070-0ace3c1af0f2,/p/0/948ff8a3a09ef9e0,5,200,139101,85.200,1937.865,71781
1787815474050,e07ca8dd-a6fc-0448-1afb-13a11a268b28,/p/0/1d1d8f162e0a3c5c,6,200,275859,358.229,5813.215,47454
1787815477997,f8d57306-52e3-084e-5070-0ace3c1af0f2,/p/1/7786c824369298,6,200,121866,281.022,2170.937,56135
1787815419514,d23f0858-b1f7-bef1-1fdf-a9606a32322a,/p/0/93ecc2414f066b51,2,200,4955815,316.627,60795.577,81516
1787815435236,c5aa0efa-81cb-c472-cc06-ea5a979bd993,/p/0/151a535ee1072041,3,200,5653798,453.572,45245.219,124959
1787815419514,d23f0858-b1f7-bef1-1fdf-a9606a32322a,/p/4/93ecc1414f06699e,2,200,6223499,316.287,61155.472,101765
1787815478850,440d284a-4e1e-ee1c-2872-92f3eb9b00c6,/p/0/cbab280219f4083a,12,200,394876,83.482,1825.719,216285
1787815419514,d23f0858-b1f7-bef1-1fdf-a9606a32322a,/p/0/93ecbf414f066638,2,200,5886185,319.692,61178.948,96213
1787815480670,d23f0858-b1f7-bef1-1fdf-a9606a32322a,/p/0/86732d9921664384,3,200,496707,46.755,407.208,1219788
1787815414547,4c48e9e8-5a19-c03d-3947-95518656d187,/p/0/68d496f15b0eecc3,2,200,5360443,79.490,67739.052,79134
1787815461893,6ecd8cf8-f9e4-22fd-ee79-91329d872865,/p/1/a2fc5c919de9c993,9,200,5330498,1087.522,20437.342,260821
1787815480168,f8d57306-52e3-084e-5070-0ace3c1af0f2,/p/0/a9eac681b4f84e97,7,200,125924,226.630,2302.894,54681
1787815442177,9fdb75b2-e53e-03fe-6b2c-ae349e1d4f9c,/p/0/15b27c18b53a7001,17,200,2384840,379.048,40805.064,58445
1787815446117,1e6d9d81-8b6c-6e3a-7184-79ceb2af2878,/p/0/659ddb9841a31a6a,6,200,4194485,209.733,37218.782,112698
1787815482330,6ecd8cf8-f9e4-22fd-ee79-91329d872865,/p/0/7eda733bb07127ec,10,200,202188,109.214,1538.256,131440
1787815427092,9fdb75b2-e53e-03fe-6b2c-ae349e1d4f9c,/p/0/f2c9a03c996a6056,13,200,3911405,49.334,56879.309,68767
1787815440819,0cac6aae-1489-56e0-7461-86608a6b60d9,/p/0/89b83d518594df61,3,200,2975408,630.246,43262.469,68776
1787815469786,321a4300-0258-0b4e-ecc7-17716e887cda,/p/0/f868e9a483c71c49,5,200,2985627,2.036,14337.850,208234
1787815480168,f8d57306-52e3-084e-5070-0ace3c1af0f2,/p/0/a9eac781b4f8504a,7,200,307037,270.777,4303.356,71348
1787815380343,de489acb-a1f2-3b88-37a4-73b1b11cf59c,/p/0/2942cacd19806728,1,200,2446525,236.520,104190.389,23481
1787815477025,e07ca8dd-a6fc-0448-1afb-13a11a268b28,/p/7/9498ec82ff1a1741,7,200,330007,357.130,7593.002,43462
1787815482330,6ecd8cf8-f9e4-22fd-ee79-91329d872865,/p/0/7eda743bb071299f,10,200,369292,35.889,2294.795,160926
1787815482330,6ecd8cf8-f9e4-22fd-ee79-91329d872865,/p/0/7eda763bb0712d05,10,200,396642,127.606,2421.229,163818
1787815425948,4c48e9e8-5a19-c03d-3947-95518656d187,/p/0/2ddec1d9f16f0a78,4,200,4046406,253.441,59015.471,68565
1787815480168,f8d57306-52e3-084e-5070-0ace3c1af0f2,/p/0/a9eac581b4f84ce4,7,200,503865,249.076,5733.422,87882
1787815461170,1e6d9d81-8b6c-6e3a-7184-79ceb2af2878,/p/0/600c054be6d38180,10,200,4019378,190.601,25074.548,160297
1787815407132,9e0fba65-906f-29ac-85bf-db388693d2aa,/p/0/2a7013edc34050ca,7,0,3669895,646.583,79171.992,46353
1787815423136,9e0fba65-906f-29ac-85bf-db388693d2aa,/p/0/815116e1e284265f,9,0,2463487,673.399,63168.301,38999
1787815473355,9e0fba65-906f-29ac-85bf-db388693d2aa,/p/0/146dafb5063cf20d,10,0,945547,522.849,12949.068,73020
1787815402045,9e0fba65-906f-29ac-85bf-db388693d2aa,/p/0/105a0e194b8be720,6,0,4211999,521.544,84259.346,49989
1787815418016,9e0fba65-906f-29ac-85bf-db388693d2aa,/p/0/b01b0f3011a6c1a7,8,0,3284015,1880.752,68287.798,48091
1787815486304,9e0fba65-906f-29ac-85bf-db388693d2aa,/p/0/146dacb5063cecf4,10,0,0,0.023,0.000,0
1787815393403,9e0fba65-906f-29ac-85bf-db388693d2aa,/p/0/b695236034efe0ee,3,0,4259719,80.636,92901.434,45852
1787815440819,0cac6aae-1489-56e0-7461-86608a6b60d9,/p/0/89b83c518594ddae,3,200,3291953,630.209,45855.228,71790
1787815425948,4c48e9e8-5a19-c03d-3947-95518656d187,/p/0/2ddec3d9f16f0dde,4,200,5355360,294.764,61765.322,86705
1787815477025,e07ca8dd-a6fc-0448-1afb-13a11a268b28,/p/0/9498ea82ff1a13db,7,200,427618,357.148,10835.590,39464
1787815484618,e07ca8dd-a6fc-0448-1afb-13a11a268b28,/p/6/2866bb0206f66d93,8,200,145006,358.776,4937.324,29369
1787815461973,9fdb75b2-e53e-03fe-6b2c-ae349e1d4f9c,/p/4/a0dcc9afe342fe0c,20,200,2567230,285.806,29171.558,88005
1787815477025,e07ca8dd-a6fc-0448-1afb-13a11a268b28,/p/0/9498eb82ff1a158e,7,200,522674,326.711,14191.110,36831
1787815426674,1ff3bcd1-0da7-cd02-1374-522545639cba,/p/0/edc56501409bd8fd,6,200,6139266,263.883,65053.255,94373
1787815472813,8cb74705-6b91-38bf-1a7e-0901efe0c132,/p/0/fddbfc8a7b865e32,3,200,5111055,223.436,19000.311,268998
1787815478850,440d284a-4e1e-ee1c-2872-92f3eb9b00c6,/p/0/cbab260219f404d4,12,200,6068038,114.019,14241.020,426096
1787815466349,ed44bc0f-ef2d-a9ce-7a2d-62863ae567a0,/p/0/944bec474861dd8d,9,200,4004675,171.962,27480.732,145727
1787815469786,321a4300-0258-0b4e-ecc7-17716e887cda,/p/2/f868e7a483c718e3,5,200,3993975,325.497,24805.186,161014
1787815491144,9fdb75b2-e53e-03fe-6b2c-ae349e1d4f9c,/p/0/a83c01f832a1420,21,200,216154,241.509,3862.310,55965
1787815438125,8992b43b-4174-a0c1-16dc-9bd47c511dd8,/p/2/a119720d97137cf1,6,200,2125832,31.025,58028.361,36634
1787815487860,e07ca8dd-a6fc-0448-1afb-13a11a268b28,/p/0/2866bd0206f670f9,8,200,284050,427.004,8713.806,32598
1787815471951,ed44bc0f-ef2d-a9ce-7a2d-62863ae567a0,/p/0/b5da5eff568880ef,11,200,3741945,289.060,24839.644,150644
1787815496153,8992b43b-4174-a0c1-16dc-9bd47c511dd8,/p/1/aa40932055782ce7,7,200,60590,232.363,1110.153,54578
1787815496574,e07ca8dd-a6fc-0448-1afb-13a11a268b28,/p/0/8c657eeb4cc392af,9,200,24481,595.548,1047.840,23363
1787815496153,8992b43b-4174-a0c1-16dc-9bd47c511dd8,/p/0/aa40922055782b34,7,200,72035,272.629,1734.596,41528
1787815484618,e07ca8dd-a6fc-0448-1afb-13a11a268b28,/p/0/2866ba0206f66be0,8,200,465273,421.500,13493.939,34480
1787815491144,9fdb75b2-e53e-03fe-6b2c-ae349e1d4f9c,/p/3/a83c21f832a1786,21,200,425531,313.159,6980.757,60958
1787815479603,8932535e-9b64-cb37-fd14-1d68673e7fd8,/p/9/609852f4d5e6df65,4,200,311722,279.768,18558.400,16797
1787815436452,8992b43b-4174-a0c1-16dc-9bd47c511dd8,/p/0/b53f4ba76904c0d7,3,200,3205738,39.299,61849.354,51831
1787815382008,de489acb-a1f2-3b88-37a4-73b1b11cf59c,/p/3/3ee06e577576869,2,0,2976247,1441.149,116296.492,25592
1787815380343,de489acb-a1f2-3b88-37a4-73b1b11cf59c,/p/0/2942cdcd19806c41,1,0,2836791,590.005,117960.813,24049
1787815498125,9fdb75b2-e53e-03fe-6b2c-ae349e1d4f9c,/p/0/e38869c9e44a7709,22,200,29780,264.065,719.228,41406
1787815440819,0cac6aae-1489-56e0-7461-86608a6b60d9,/p/0/89b83a518594da48,3,200,6177018,129.668,58570.819,105462
1787815440475,fd5674f4-7e92-846e-8aca-195ffeced01e,/p/13/5566e2153165b113,1,200,2179636,1354.506,60219.210,36195
1787815497263,8992b43b-4174-a0c1-16dc-9bd47c511dd8,/p/0/ef03219c4b985cb8,8,200,146319,258.283,3874.369,37766
1787815498125,9fdb75b2-e53e-03fe-6b2c-ae349e1d4f9c,/p/2/e38868c9e44a7556,22,200,174853,240.009,3385.639,51645
1787815472905,ed44bc0f-ef2d-a9ce-7a2d-62863ae567a0,/p/1/20cfc8e28d9ebc48,12,200,6161142,162.532,28646.091,215078
1787815494591,321a4300-0258-0b4e-ecc7-17716e887cda,/p/0/697b31a694b4433d,6,200,414029,74.586,7165.462,57781
1787815500694,fd5674f4-7e92-846e-8aca-195ffeced01e,/p/12/1337023ad9c847dc,2,200,202300,229.796,2160.033,93656
1787815501551,ed44bc0f-ef2d-a9ce-7a2d-62863ae567a0,/p/0/7d0177fc3aa511e7,13,200,193739,30.149,1484.011,130551
1787815498301,8992b43b-4174-a0c1-16dc-9bd47c511dd8,/p/0/ef03239c4b98601e,8,200,267160,253.415,4903.140,54488
1787815477997,f8d57306-52e3-084e-5070-0ace3c1af0f2,/p/0/7787c82436944b,6,200,4349861,237.312,25265.746,172164
1787815501551,ed44bc0f-ef2d-a9ce-7a2d-62863ae567a0,/p/0/7d0178fc3aa5139a,13,200,294651,30.175,1954.812,150731
1787815501511,9fdb75b2-e53e-03fe-6b2c-ae349e1d4f9c,/p/1/56881b28ab35fff6,23,200,117513,288.557,2013.196,58371
1787815477912,f8d57306-52e3-084e-5070-0ace3c1af0f2,/p/0/948ffba3a09efef9,5,200,4631139,105.559,25812.363,179416
1787815503524,9fdb75b2-e53e-03fe-6b2c-ae349e1d4f9c,/p/0/56881928ab35fc90,23,200,7300,239.567,574.719,12702
1787815497888,8992b43b-4174-a0c1-16dc-9bd47c511dd8,/p/0/ef03229c4b985e6b,8,200,398550,275.118,6291.341,63349
1787815500694,fd5674f4-7e92-846e-8aca-195ffeced01e,/p/0/1337043ad9c84b42,2,200,425763,182.866,4262.427,99887
1787815473976,8cb74705-6b91-38bf-1a7e-0901efe0c132,/p/0/80faa2c03fc807dc,4,200,4050642,344.048,31333.653,129274
1787815501511,9fdb75b2-e53e-03fe-6b2c-ae349e1d4f9c,/p/0/56881c28ab3601a9,23,200,334414,312.536,5769.759,57960
1787815462503,0749ca82-1e65-8f0a-ba8a-b79b9d25deac,/p/9/75afee1023a02e49,8,200,4389257,356.844,45196.716,97115
1787815416626,e6643b89-1dd1-2310-bf50-2a904aaa6e86,/p/0/10c0cfb351bd23e3,2,0,1339811,2223.679,91677.990,14614
1787815389906,e6643b89-1dd1-2310-bf50-2a904aaa6e86,/p/0/263ba13ea2b29274,1,0,1767891,3019.756,118398.293,14932
1787815507280,9fdb75b2-e53e-03fe-6b2c-ae349e1d4f9c,/p/0/8e68970ae90db750,24,200,60294,237.719,1407.332,42843
1787815501551,ed44bc0f-ef2d-a9ce-7a2d-62863ae567a0,/p/0/7d0176fc3aa51034,13,200,2845321,30.162,7229.183,393588
1787815438125,8992b43b-4174-a0c1-16dc-9bd47c511dd8,/p/0/a119700d9713798b,6,200,3560505,31.092,72083.516,49394
1787815504099,9fdb75b2-e53e-03fe-6b2c-ae349e1d4f9c,/p/0/8e68980ae90db903,24,0,330570,263.372,6205.587,53270
1787815508688,9fdb75b2-e53e-03fe-6b2c-ae349e1d4f9c,/p/0/8e689a0ae90dbc69,24,0,93712,310.268,1616.458,57974
1787815491144,9fdb75b2-e53e-03fe-6b2c-ae349e1d4f9c,/p/0/a83c31f832a1939,21,0,961547,241.510,19160.031,50185
1787815435692,9fdb75b2-e53e-03fe-6b2c-ae349e1d4f9c,/p/0/7e3e8518a5d9481f,16,0,5302923,263.678,74612.432,71073
1787815498125,9fdb75b2-e53e-03fe-6b2c-ae349e1d4f9c,/p/0/e38866c9e44a71f0,22,0,605291,288.426,12179.247,49699
1787815451422,9fdb75b2-e53e-03fe-6b2c-ae349e1d4f9c,/p/0/f9f36ca3fbe604d4,18,0,4656079,334.319,58882.186,79074
1787815507700,0749ca82-1e65-8f0a-ba8a-b79b9d25deac,/p/0/4c97884697d7bd25,9,200,96845,355.775,2651.542,36524
1787815507700,0749ca82-1e65-8f0a-ba8a-b79b9d25deac,/p/0/4c97854697d7b80c,9,200,122991,392.200,2724.820,45137
1787815465005,1ff3bcd1-0da7-cd02-1374-522545639cba,/p/0/2c0323e38e881dc1,10,200,5226679,187.726,46126.146,113313
1787815438125,8992b43b-4174-a0c1-16dc-9bd47c511dd8,/p/0/a119710d97137b3e,6,200,5905956,30.962,73871.804,79949
1787815496153,8992b43b-4174-a0c1-16dc-9bd47c511dd8,/p/0/aa4095205578304d,7,200,3948760,232.338,15902.072,248317
1787815462503,0749ca82-1e65-8f0a-ba8a-b79b9d25deac,/p/0/75afec1023a02ae3,8,200,5331700,321.312,49869.915,106912
1787815507700,0749ca82-1e65-8f0a-ba8a-b79b9d25deac,/p/8/4c97874697d7bb72,9,200,6273195,392.179,5937.413,1056554
1787815471831,1ff3bcd1-0da7-cd02-1374-522545639cba,/p/0/652f8a3dbab4b3ab,12,0,5289919,244.549,42474.738,124543
1787815513638,0749ca82-1e65-8f0a-ba8a-b79b9d25deac,/p/0/73953117210ae6d2,10,0,52184,63.449,667.924,78129
1787815465005,1ff3bcd1-0da7-cd02-1374-522545639cba,/p/0/2c0320e38e8818a8,10,0,5728627,207.105,49300.967,116197
1787815513638,0749ca82-1e65-8f0a-ba8a-b79b9d25deac,/p/0/73953017210ae51f,10,0,29128,100.039,667.967,43607
1787815513638,0749ca82-1e65-8f0a-ba8a-b79b9d25deac,/p/7/73953217210ae885,10,0,43345,63.438,667.967,64891
1787815480670,d23f0858-b1f7-bef1-1fdf-a9606a32322a,/p/0/867330992166489d,3,200,4505754,47.138,33911.672,132867
1787815475449,8cb74705-6b91-38bf-1a7e-0901efe0c132,/p/0/a9ddb5d9be2f4b17,5,200,5733862,340.359,39277.405,145984
1787815479603,8932535e-9b64-cb37-fd14-1d68673e7fd8,/p/0/609851f4d5e6ddb2,4,200,451363,253.699,37784.221,11946
1787815480670,d23f0858-b1f7-bef1-1fdf-a9606a32322a,/p/3/86732e9921664537,3,200,5308297,47.227,38338.230,138460
1787815519008,d23f0858-b1f7-bef1-1fdf-a9606a32322a,/p/2/7c562e1697c3a8b7,4,200,115429,73.600,1892.429,60995
1787815494591,321a4300-0258-0b4e-ecc7-17716e887cda,/p/1/697b30a694b4418a,6,200,2617847,111.772,28986.463,90313
1787815440475,fd5674f4-7e92-846e-8aca-195ffeced01e,/p/0/5566e4153165b479,1,0,3009163,223.744,83829.730,35896
1787815502854,fd5674f4-7e92-846e-8aca-195ffeced01e,/p/11/13d18d09d556953e,3,0,289491,162.579,21450.409,13496
1787815502854,fd5674f4-7e92-846e-8aca-195ffeced01e,/p/0/13d18b09d55691d8,3,0,199778,209.162,21450.419,9313
1787815502854,fd5674f4-7e92-846e-8aca-195ffeced01e,/p/0/13d18e09d55696f1,3,0,263219,371.048,21450.396,12271
1787815500694,fd5674f4-7e92-846e-8aca-195ffeced01e,/p/0/1337033ad9c8498f,2,0,492315,170.737,23610.502,20852
1787815523578,321a4300-0258-0b4e-ecc7-17716e887cda,/p/0/ffb3cc73360935ae,7,200,37165,371.168,1451.016,25613
1787815498162,8932535e-9b64-cb37-fd14-1d68673e7fd8,/p/8/9df9f2ac1cc82297,5,200,201388,1545.724,28740.001,7007
1787815523578,321a4300-0258-0b4e-ecc7-17716e887cda,/p/0/ffb3cb73360933fb,7,200,289666,408.485,5194.024,55769
1787815523578,321a4300-0258-0b4e-ecc7-17716e887cda,/p/0/ffb3cd7336093761,7,200,461197,408.505,6760.340,68221
1787815494591,321a4300-0258-0b4e-ecc7-17716e887cda,/p/0/697b2ea694b43e24,6,200,4266332,74.612,35886.361,118884
1787815519008,d23f0858-b1f7-bef1-1fdf-a9606a32322a,/p/0/7c562d1697c3a704,4,200,497936,109.391,11558.387,43080
1787815519008,d23f0858-b1f7-bef1-1fdf-a9606a32322a,/p/0/7c56301697c3ac1d,4,200,503817,73.588,11670.044,43172
1787815467671,e07ca8dd-a6fc-0448-1afb-13a11a268b28,/p/0/60dc0aaba3afc240,5,0,4133755,64.264,63633.538,64962
1787815474050,e07ca8dd-a6fc-0448-1afb-13a11a268b28,/p/0/1d1d92162e0a4175,6,0,3462675,358.203,57254.634,60479
1787815491216,e07ca8dd-a6fc-0448-1afb-13a11a268b28,/p/0/8c657feb4cc39462,9,0,2865515,357.774,40089.138,71479
1787815489555,e07ca8dd-a6fc-0448-1afb-13a11a268b28,/p/5/8c6580eb4cc39615,9,0,2692314,361.315,41749.891,64487
1787815520900,d23f0858-b1f7-bef1-1fdf-a9606a32322a,/p/0/588ad8aa6973391c,5,200,466533,375.396,11511.875,40526
1787815520900,d23f0858-b1f7-bef1-1fdf-a9606a32322a,/p/1/588adaaa69733c82,5,200,459730,413.634,11772.592,39051
1787815532673,d23f0858-b1f7-bef1-1fdf-a9606a32322a,/p/0/722dfcba316b7dd1,6,200,7824,374.005,555.797,14077
1787815532673,d23f0858-b1f7-bef1-1fdf-a9606a32322a,/p/0/722df9ba316b78b8,6,200,22597,408.721,782.019,28896
1787815498162,8932535e-9b64-cb37-fd14-1d68673e7fd8,/p/0/9df9f1ac1cc820e4,5,0,231498,3288.557,36142.609,6405
1787815498162,8932535e-9b64-cb37-fd14-1d68673e7fd8,/p/0/9df9f4ac1cc825fd,5,0,293463,1545.704,36142.657,8120
1787815526902,8932535e-9b64-cb37-fd14-1d68673e7fd8,/p/7/d3d2ca289a7e3244,6,0,60113,1395.144,7402.599,8121
1787815526902,8932535e-9b64-cb37-fd14-1d68673e7fd8,/p/0/d3d2cb289a7e33f7,6,0,48087,1540.929,7402.652,6496
1787815534304,8932535e-9b64-cb37-fd14-1d68673e7fd8,/p/0/d3d2cc289a7e35aa,6,0,0,0.014,0.000,0
1787815475306,8932535e-9b64-cb37-fd14-1d68673e7fd8,/p/0/b9173c9657e1b332,3,0,983067,254.138,58998.781,16662
1787815479603,8932535e-9b64-cb37-fd14-1d68673e7fd8,/p/0/609850f4d5e6dbff,4,0,611859,279.758,54701.066,11186
1787815532673,d23f0858-b1f7-bef1-1fdf-a9606a32322a,/p/0/722dfbba316b7c1e,6,0,350763,408.687,3631.742,96583
1787815520900,d23f0858-b1f7-bef1-1fdf-a9606a32322a,/p/0/588adbaa69733e35,5,0,834947,413.719,15404.354,54202
