t_start_ms,client,path,depth,status,bytes,ttfb_ms,total_ms,bytes_per_s
1787861578536,3b9118f6-a6b8-0466-4971-9726e002fdc6,/?crawl=0,0,200,423400,47.599,1326.616,319158
1787861580536,075bb5b2-f73c-b1b6-16a6-a8aac3d8e10d,/?crawl=1,0,200,372957,37.063,875.625,425932
1787861582536,db41988a-cfeb-c354-2576-11b327b489e6,/?crawl=3,0,200,45824,40.056,187.141,244864
1787861582536,511821f3-2da6-a5dc-feba-e7a13652bfec,/?crawl=2,0,200,72494,80.263,419.103,172974
1787861582955,511821f3-2da6-a5dc-feba-e7a13652bfec,/p/0/79d8ca2ca3c873a1,1,200,105244,77.036,1636.776,64300
1787861583536,b8635a67-275b-87ec-7bbb-a60c5f4f7f0a,/?crawl=4,0,200,409410,72.907,2044.222,200277
1787861582723,db41988a-cfeb-c354-2576-11b327b489e6,/p/0/d431c8a3863649b,1,200,362382,107.799,3156.928,114789
1787861585537,14a0d658-c8ad-8e29-eddd-450d22f88b50,/?crawl=6,0,200,173377,45.199,552.080,314043
1787861582955,511821f3-2da6-a5dc-feba-e7a13652bfec,/p/18/79d8c92ca3c871ee,1,200,258912,77.001,3219.590,80418
1787861582955,511821f3-2da6-a5dc-feba-e7a13652bfec,/p/0/79d8c72ca3c86e88,1,200,259454,115.922,3295.834,78722
1787861582723,db41988a-cfeb-c354-2576-11b327b489e6,/p/0/d431d8a3863664e,1,200,458005,107.720,3649.793,125488
1787861586175,511821f3-2da6-a5dc-feba-e7a13652bfec,/p/17/9c63cfdd511fbcec,2,200,15517,113.618,228.959,67772
1787861582723,db41988a-cfeb-c354-2576-11b327b489e6,/p/6/d431e8a38636801,1,200,470895,35.308,3741.846,125846
1787861586465,db41988a-cfeb-c354-2576-11b327b489e6,/p/0/6619b3ac154dfb7f,2,200,40832,37.479,202.475,201665
1787861586465,db41988a-cfeb-c354-2576-11b327b489e6,/p/0/6619b4ac154dfd32,2,200,123001,74.474,759.794,161887
1787861586465,db41988a-cfeb-c354-2576-11b327b489e6,/p/5/6619b2ac154df9cc,2,200,288577,130.139,1184.316,243665
1787861586089,14a0d658-c8ad-8e29-eddd-450d22f88b50,/p/0/c7821fa2f6344bed,1,200,253848,44.913,2360.105,107558
1787861587537,704d14c1-a1c7-314f-fe26-d91b81c4b00c,/?crawl=8,0,200,326021,44.858,974.164,334668
1787861586175,511821f3-2da6-a5dc-feba-e7a13652bfec,/p/0/9c63d0dd511fbe9f,2,200,114096,151.264,2388.314,47773
1787861588536,f606f715-a47f-a7f1-01cc-09f3eb37d616,/?crawl=9,0,200,200077,19.765,244.776,817389
1787861588511,704d14c1-a1c7-314f-fe26-d91b81c4b00c,/p/3/b7b17384d5bad530,1,200,32421,105.600,338.954,95650
1787861588511,704d14c1-a1c7-314f-fe26-d91b81c4b00c,/p/0/b7b17484d5bad6e3,1,200,74189,41.815,443.598,167244
1787861586089,14a0d658-c8ad-8e29-eddd-450d22f88b50,/p/4/c7821ea2f6344a3a,1,200,325926,89.383,2886.826,112901
1787861587650,db41988a-cfeb-c354-2576-11b327b489e6,/p/4/9154bde0f61eaf5f,3,200,195015,110.415,1483.250,131478
1787861588976,14a0d658-c8ad-8e29-eddd-450d22f88b50,/p/3/232a011e90e1d038,2,200,21507,266.066,535.123,40191
1787861589536,0eb4acb4-1267-caa8-88db-a24c26d8698b,/?crawl=11,0,200,439548,9.296,230.811,1904367
1787861589536,5d7c934a-ba16-892b-3c8e-8857ce3f8d14,/?crawl=10,0,200,104890,78.778,582.735,179996
1787861585580,b8635a67-275b-87ec-7bbb-a60c5f4f7f0a,/p/4/a0ad73e7ccfe5e14,1,200,279284,287.844,4660.334,59928
1787861585580,b8635a67-275b-87ec-7bbb-a60c5f4f7f0a,/p/0/a0ad74e7ccfe5fc7,1,200,369236,144.376,5270.980,70051
1787861588850,704d14c1-a1c7-314f-fe26-d91b81c4b00c,/p/0/5613aba19056e93,2,200,226993,252.309,2850.103,79644
1787861587650,db41988a-cfeb-c354-2576-11b327b489e6,/p/0/9154bfe0f61eb2c5,3,200,496823,36.976,4225.034,117590
1787861591537,db78ba94-0262-a6f8-29ec-d9f4736c8efe,/?crawl=15,0,200,244198,33.358,516.697,472614
1787861590241,b8635a67-275b-87ec-7bbb-a60c5f4f7f0a,/p/3/683787a5043cdfef,2,200,56671,718.367,1938.354,29237
1787861589133,db41988a-cfeb-c354-2576-11b327b489e6,/p/3/83945a626dab833b,4,200,283963,202.704,3084.848,92051
1787861591537,2cd9a0fd-a26b-f302-139e-84fe1695521e,/?crawl=13,0,200,436184,32.152,856.152,509470
1787861589133,db41988a-cfeb-c354-2576-11b327b489e6,/p/0/839459626dab8188,4,200,247284,202.794,3390.727,72929
1787861588850,704d14c1-a1c7-314f-fe26-d91b81c4b00c,/p/0/5613bba19057046,2,200,344709,252.333,3692.742,93348
1787861591537,78410207-983b-34de-da3c-435ec3ff63a1,/?crawl=14,0,200,216341,64.418,1009.372,214332
1787861588511,704d14c1-a1c7-314f-fe26-d91b81c4b00c,/p/0/b7b17584d5bad896,1,200,374286,41.844,4053.285,92341
1787861590119,5d7c934a-ba16-892b-3c8e-8857ce3f8d14,/p/0/173aa14aed3b4fde,1,200,187592,116.733,2524.822,74299
1787861592536,e0462316-a48d-3073-9be8-2d611839dd56,/?crawl=16,0,200,17874,62.986,122.618,145770
1787861592218,db41988a-cfeb-c354-2576-11b327b489e6,/p/2/24ad53d5a7900989,5,200,28174,198.809,492.085,57254
1787861586404,511821f3-2da6-a5dc-feba-e7a13652bfec,/p/0/1783917fe6bc5c6a,3,200,237938,415.862,6739.458,35305
1787861592393,2cd9a0fd-a26b-f302-139e-84fe1695521e,/p/0/5cfba3322f6a710b,1,200,153371,24.868,776.886,197418
1787861590241,b8635a67-275b-87ec-7bbb-a60c5f4f7f0a,/p/0/683786a5043cde3c,2,200,127492,396.159,2977.883,42813
1787861592546,78410207-983b-34de-da3c-435ec3ff63a1,/p/6/64e3f7c13fa729dd,1,200,74710,62.199,815.022,91666
1787861586537,ac409a5b-4f53-60df-d6e3-d35993f4ac56,/?crawl=7,0,200,2358180,42.164,6854.919,344013
1787861592393,2cd9a0fd-a26b-f302-139e-84fe1695521e,/p/0/5cfba4322f6a72be,1,200,207600,142.068,1141.840,181812
1787861592218,db41988a-cfeb-c354-2576-11b327b489e6,/p/0/24ad51d5a7900623,5,200,94077,198.834,1587.164,59274
1787861586175,511821f3-2da6-a5dc-feba-e7a13652bfec,/p/0/9c63d1dd511fc052,2,200,336106,113.557,7653.209,43917
1787861592393,2cd9a0fd-a26b-f302-139e-84fe1695521e,/p/19/5cfba2322f6a6f58,1,200,416729,39.467,1445.299,288334
1787861586404,511821f3-2da6-a5dc-feba-e7a13652bfec,/p/16/1783927fe6bc5e1d,3,200,405540,377.396,7576.082,53529
1787861586404,511821f3-2da6-a5dc-feba-e7a13652bfec,/p/0/1783907fe6bc5ab7,3,200,400914,377.410,7767.215,51616
1787861589133,db41988a-cfeb-c354-2576-11b327b489e6,/p/0/83945c626dab86a1,4,200,412231,220.272,5225.184,78893
1787861593838,2cd9a0fd-a26b-f302-139e-84fe1695521e,/p/0/3aca24018d05a02f,2,200,144750,118.917,837.339,172869
1787861592054,db78ba94-0262-a6f8-29ec-d9f4736c8efe,/p/0/d179a363ab0c357d,1,200,486361,29.031,2747.381,177027
1787861593838,2cd9a0fd-a26b-f302-139e-84fe1695521e,/p/18/3aca26018d05a395,2,200,159206,130.943,975.071,163276
1787861592218,db41988a-cfeb-c354-2576-11b327b489e6,/p/0/24ad52d5a79007d6,5,200,168024,180.241,2981.464,56356
1787861592659,e0462316-a48d-3073-9be8-2d611839dd56,/p/0/3e0f4f061671411d,1,200,211835,60.636,2707.044,78253
1787861590241,b8635a67-275b-87ec-7bbb-a60c5f4f7f0a,/p/0/683789a5043ce355,2,200,224827,360.541,5125.425,43865
1787861592659,e0462316-a48d-3073-9be8-2d611839dd56,/p/10/3e0f4d0616713db7,1,200,203763,60.580,2829.415,72016
1787861593805,db41988a-cfeb-c354-2576-11b327b489e6,/p/0/65bce053658632b4,6,200,124033,224.496,1834.382,67616
1787861595536,641a18cf-732c-df86-431f-313eb2170fd3,/?crawl=19,0,200,62421,37.124,156.380,399163
1787861592710,db41988a-cfeb-c354-2576-11b327b489e6,/p/1/65bce2536586361a,6,200,325597,198.247,3459.002,94130
1787861594813,2cd9a0fd-a26b-f302-139e-84fe1695521e,/p/17/6489cea74aee8ac,3,200,213389,136.935,1662.941,128320
1787861594813,2cd9a0fd-a26b-f302-139e-84fe1695521e,/p/0/6489dea74aeea5f,3,200,204009,150.456,1704.316,119701
1787861595536,bd9871e6-b1c1-bcbc-86af-5893fe3b4cb6,/?crawl=20,0,200,294739,55.170,1044.380,282214
1787861595536,64e8cd20-1bf4-cebe-8cc7-fe3eb5083c1d,/?crawl=18,0,200,438719,43.346,1210.806,362336
1787861596476,2cd9a0fd-a26b-f302-139e-84fe1695521e,/p/0/45090b4a2902f900,4,200,40713,182.326,456.784,89130
1787861592179,b8635a67-275b-87ec-7bbb-a60c5f4f7f0a,/p/2/dd74907ed2f0788e,3,200,208947,434.087,4770.084,43804
1787861590119,5d7c934a-ba16-892b-3c8e-8857ce3f8d14,/p/0/173aa04aed3b4e2b,1,200,497985,77.506,6901.435,72157
1787861596169,db41988a-cfeb-c354-2576-11b327b489e6,/p/0/6f45e5ed57e9134b,7,200,60439,238.392,919.295,65745
1787861588976,14a0d658-c8ad-8e29-eddd-450d22f88b50,/p/0/232a021e90e1d1eb,2,200,431510,221.469,8164.974,52849
1787861593980,511821f3-2da6-a5dc-feba-e7a13652bfec,/p/15/715d2108d9d6b48c,4,200,206411,263.271,3645.134,56626
1787861589511,14a0d658-c8ad-8e29-eddd-450d22f88b50,/p/0/4ff8af37c404ac5b,3,200,353225,245.476,8332.028,42394
1787861589511,14a0d658-c8ad-8e29-eddd-450d22f88b50,/p/2/4ff8b137c404afc1,3,200,417408,224.704,8466.849,49299
1787861596169,db41988a-cfeb-c354-2576-11b327b489e6,/p/0/6f45e6ed57e914fe,7,200,159713,202.773,1832.037,87178
1787861595536,0a384d5b-7afe-b99b-ca3e-dafac0a90ce9,/?crawl=21,0,200,437871,85.218,2477.805,176717
1787861595488,e0462316-a48d-3073-9be8-2d611839dd56,/p/9/1660b24f52568ce1,2,200,144561,333.893,2641.571,54725
1787861595488,e0462316-a48d-3073-9be8-2d611839dd56,/p/0/1660b04f5256897b,2,200,140115,303.850,2762.885,50713
1787861597978,14a0d658-c8ad-8e29-eddd-450d22f88b50,/p/0/3a56fa426d78e45b,4,200,26639,244.500,636.550,41849
1787861596476,2cd9a0fd-a26b-f302-139e-84fe1695521e,/p/0/45090e4a2902fe19,4,200,272695,130.867,2161.375,126167
1787861592546,78410207-983b-34de-da3c-435ec3ff63a1,/p/0/64e3f5c13fa72677,1,200,336459,96.294,6239.466,53924
1787861593361,78410207-983b-34de-da3c-435ec3ff63a1,/p/0/a976c14b3d8e6f31,2,200,221071,361.045,5491.177,40259
1787861596581,bd9871e6-b1c1-bcbc-86af-5893fe3b4cb6,/p/0/9d2a6d0103ea32d4,1,200,244797,53.315,2289.928,106902
1787861596476,2cd9a0fd-a26b-f302-139e-84fe1695521e,/p/16/45090c4a2902fab3,4,200,311575,145.906,2534.265,122945
1787861597536,a000b344-6f71-d67c-52fc-116740c0521c,/?crawl=22,0,200,491119,45.476,1491.918,329186
1787861598536,24ec9911-b2f3-f43d-e8ab-5034432365d0,/?crawl=24,0,200,380448,11.970,514.905,738870
1787861599051,24ec9911-b2f3-f43d-e8ab-5034432365d0,/p/0/4f81178ab17e5a88,1,200,84201,24.002,274.250,307023
1787861596169,db41988a-cfeb-c354-2576-11b327b489e6,/p/0/6f45e7ed57e916b1,7,200,289097,184.381,3232.835,89425
1787861597978,14a0d658-c8ad-8e29-eddd-450d22f88b50,/p/0/3a56fb426d78e60e,4,200,265474,308.443,1424.500,186363
1787861598536,e6b11cab-8824-7f24-d6d5-46f0094b3759,/?crawl=23,0,200,491252,38.138,1313.067,374126
1787861599536,99d61f44-b025-57d8-5d2c-3a892dd7a452,/?crawl=25,0,200,244238,27.476,487.825,500667
1787861597625,511821f3-2da6-a5dc-feba-e7a13652bfec,/p/0/7794b464fb5f8a4b,5,200,72829,419.306,2563.157,28414
1787861596581,bd9871e6-b1c1-bcbc-86af-5893fe3b4cb6,/p/1/9d2a6f0103ea363a,1,200,376797,53.298,3666.621,102764
1787861600024,99d61f44-b025-57d8-5d2c-3a892dd7a452,/p/0/e2eb6ee846195401,1,200,23003,159.569,256.489,89684
1787861599051,24ec9911-b2f3-f43d-e8ab-5034432365d0,/p/0/4f811a8ab17e5fa1,1,200,320801,119.731,1334.293,240428
1787861596581,bd9871e6-b1c1-bcbc-86af-5893fe3b4cb6,/p/0/9d2a700103ea37ed,1,200,449200,155.479,3819.054,117621
1787861593980,511821f3-2da6-a5dc-feba-e7a13652bfec,/p/0/715d2208d9d6b63f,4,200,354883,413.683,6430.411,55188
1787861595488,e0462316-a48d-3073-9be8-2d611839dd56,/p/0/1660b14f52568b2e,2,200,254543,333.872,4928.033,51652
1787861599051,24ec9911-b2f3-f43d-e8ab-5034432365d0,/p/5/4f81198ab17e5dee,1,200,423467,95.082,1394.032,303771
1787861600445,24ec9911-b2f3-f43d-e8ab-5034432365d0,/p/4/c1c2f14fad217aa2,2,200,8518,23.948,35.840,237666
1787861593980,511821f3-2da6-a5dc-feba-e7a13652bfec,/p/0/715d2308d9d6b7f2,4,200,405591,227.313,7070.708,57362
1787861600481,24ec9911-b2f3-f43d-e8ab-5034432365d0,/p/3/6176e1e2430dfb90,3,200,148507,119.808,628.547,236270
1787861600481,24ec9911-b2f3-f43d-e8ab-5034432365d0,/p/0/6176e2e2430dfd43,3,200,132989,119.722,738.692,180033
1787861592546,78410207-983b-34de-da3c-435ec3ff63a1,/p/0/64e3f6c13fa7282a,1,200,496384,96.318,8793.280,56450
1787861600536,46db7605-dfc0-6150-e651-9c9fa71a6e4c,/?crawl=26,0,200,464199,29.157,814.782,569722
1787861599011,2cd9a0fd-a26b-f302-139e-84fe1695521e,/p/0/6774b4eab2547704,5,200,237574,153.183,2340.974,101485
1787861600536,5c0dad1d-0e1a-eca2-a1f1-d89ad4b13a5e,/?crawl=28,0,200,424601,29.010,846.393,501659
1787861600481,24ec9911-b2f3-f43d-e8ab-5034432365d0,/p/0/6176e3e2430dfef6,3,200,255844,143.571,1012.885,252589
1787861600536,ef346761-1105-54c1-5e91-2f5043d9bfc7,/?crawl=29,0,200,268110,52.338,992.748,270069
1787861600445,24ec9911-b2f3-f43d-e8ab-5034432365d0,/p/0/c1c2f24fad217c55,2,200,281539,108.020,1153.333,244109
1787861600024,99d61f44-b025-57d8-5d2c-3a892dd7a452,/p/0/e2eb6de84619524e,1,200,426860,167.475,1667.972,255916
1787861601536,53ad883d-d0fd-9a9c-fcb9-02199a5b6069,/?crawl=34,0,200,353958,30.032,242.746,1458141
1787861601536,778eecd5-41f7-f871-82da-ed060afa509d,/?crawl=31,0,200,144152,27.802,277.625,519233
1787861597625,511821f3-2da6-a5dc-feba-e7a13652bfec,/p/0/7794b564fb5f8bfe,5,200,231444,419.270,4297.276,53858
1787861593361,78410207-983b-34de-da3c-435ec3ff63a1,/p/5/a976c04b3d8e6d7e,2,200,505297,361.082,8561.989,59016
1787861598130,e0462316-a48d-3073-9be8-2d611839dd56,/p/0/7b53a79f7d6aa463,3,200,212164,396.055,3807.234,55727
1787861601536,57aece9d-5272-87f8-bf70-0fb01f75c0ee,/?crawl=30,0,200,105320,72.554,533.887,197270
1787861599011,2cd9a0fd-a26b-f302-139e-84fe1695521e,/p/15/6774b5eab25478b7,5,200,384605,180.976,3478.157,110577
1787861598130,e0462316-a48d-3073-9be8-2d611839dd56,/p/0/7b53a89f7d6aa616,3,200,259332,304.811,4386.421,59122
1787861601536,f91cbe30-bd24-ddba-24a0-b308b72ba4fa,/?crawl=33,0,200,317834,47.125,1011.405,314250
1787861598130,e0462316-a48d-3073-9be8-2d611839dd56,/p/8/7b53a69f7d6aa2b0,3,200,190906,335.028,4477.243,42639
1787861597625,511821f3-2da6-a5dc-feba-e7a13652bfec,/p/14/7794b664fb5f8db1,5,200,373493,380.757,5164.781,72315
1787861601220,24ec9911-b2f3-f43d-e8ab-5034432365d0,/p/0/6972ac94e2185a11,4,200,522713,58.000,1602.406,326205
1787861601110,24ec9911-b2f3-f43d-e8ab-5034432365d0,/p/0/6972a994e21854f8,4,200,522705,55.749,1807.680,289158
1787861601351,46db7605-dfc0-6150-e651-9c9fa71a6e4c,/p/0/28ac6fcf8848737b,1,200,294904,27.347,1574.992,187242
1787861596949,b8635a67-275b-87ec-7bbb-a60c5f4f7f0a,/p/0/49ff6d99eef62a3a,4,200,227174,395.165,6114.625,37153
1787861601923,78410207-983b-34de-da3c-435ec3ff63a1,/p/0/d6cdfdec6cef9d12,3,200,80357,328.392,1589.962,50540
1787861601814,778eecd5-41f7-f871-82da-ed060afa509d,/p/2/22653aa6f29f6270,1,200,277199,141.143,1906.237,145417
1787861600247,bd9871e6-b1c1-bcbc-86af-5893fe3b4cb6,/p/0/d71d0cd1d941b5b1,2,200,344545,152.495,3527.391,97677
1787861592179,b8635a67-275b-87ec-7bbb-a60c5f4f7f0a,/p/0/dd74917ed2f07a41,3,200,413158,398.003,11673.664,35392
1787861593536,8a17a6f8-9b1a-9577-7aa1-7321c22deb5e,/?crawl=17,0,200,4679867,35.553,10748.356,435403
1787861588850,704d14c1-a1c7-314f-fe26-d91b81c4b00c,/p/2/56139ba19056ce0,2,200,4499233,252.326,15779.630,285129
1787861602489,2cd9a0fd-a26b-f302-139e-84fe1695521e,/p/14/8208daf15281af89,6,200,151678,145.989,2150.174,70542
1787861600247,bd9871e6-b1c1-bcbc-86af-5893fe3b4cb6,/p/0/d71d0bd1d941b3fe,2,200,426983,256.899,4425.263,96488
1787861602548,f91cbe30-bd24-ddba-24a0-b308b72ba4fa,/p/0/4939e3621bd54b30,1,200,227203,44.929,2233.612,101720
1787861604284,8a17a6f8-9b1a-9577-7aa1-7321c22deb5e,/p/0/aaa4f8a881d64957,1,200,98245,65.334,647.089,151826
1787861601529,ef346761-1105-54c1-5e91-2f5043d9bfc7,/p/7/95421971f3ad7bb5,1,200,246041,106.867,3421.893,71902
1787861601814,778eecd5-41f7-f871-82da-ed060afa509d,/p/0/22653ca6f29f65d6,1,200,494438,27.788,3245.087,152365
1787861598014,0a384d5b-7afe-b99b-ca3e-dafac0a90ce9,/p/17/3094c45e98852c4d,1,200,418904,403.113,7143.056,58645
1787861604284,8a17a6f8-9b1a-9577-7aa1-7321c22deb5e,/p/0/aaa4f9a881d64b0a,1,200,166102,81.490,896.309,185318
1787861601923,78410207-983b-34de-da3c-435ec3ff63a1,/p/0/d6cdfcec6cef9b5f,3,200,187156,430.630,3274.599,57154
1787861603720,778eecd5-41f7-f871-82da-ed060afa509d,/p/0/77fff678750d2cbe,2,200,131185,193.463,1587.334,82645
1787861590536,a78a54d7-ad44-14fa-b111-eb6efb5a6456,/?crawl=12,0,200,4230035,147.243,14922.651,283464
1787861600445,24ec9911-b2f3-f43d-e8ab-5034432365d0,/p/0/c1c2ef4fad21773c,2,200,2339341,35.816,5067.527,461634
1787861602607,e0462316-a48d-3073-9be8-2d611839dd56,/p/7/e47280debc442803,4,200,243436,334.640,3049.852,79819
1787861602070,57aece9d-5272-87f8-bf70-0fb01f75c0ee,/p/0/b5cf9204873a5be9,1,200,255424,70.853,3745.860,68188
1787861604951,ef346761-1105-54c1-5e91-2f5043d9bfc7,/p/0/de4df997d6d3576c,2,200,36683,282.692,965.004,38013
1787861602548,f91cbe30-bd24-ddba-24a0-b308b72ba4fa,/p/0/4939e6621bd55049,1,200,462762,228.216,3377.388,137018
1787861602548,f91cbe30-bd24-ddba-24a0-b308b72ba4fa,/p/2/4939e5621bd54e96,1,200,443030,228.256,3606.654,122837
1787861602489,2cd9a0fd-a26b-f302-139e-84fe1695521e,/p/0/8208d9f15281add6,6,200,345799,243.097,3846.276,89905
1787861601110,24ec9911-b2f3-f43d-e8ab-5034432365d0,/p/2/6972aa94e21856ab,4,200,3466333,55.690,5243.464,661077
1787861598014,0a384d5b-7afe-b99b-ca3e-dafac0a90ce9,/p/0/3094c35e98852a9a,1,200,518801,80.490,8446.559,61422
1787861604630,704d14c1-a1c7-314f-fe26-d91b81c4b00c,/p/0/61257c1d243bc1e6,3,200,166126,169.556,2019.985,82241
1787861602070,57aece9d-5272-87f8-bf70-0fb01f75c0ee,/p/0/b5cf8f04873a56d0,1,200,361997,247.949,4638.082,78049
1787861606353,24ec9911-b2f3-f43d-e8ab-5034432365d0,/p/0/3fe5d26faf7f0495,5,200,143844,12.113,375.909,382657
1787861596949,b8635a67-275b-87ec-7bbb-a60c5f4f7f0a,/p/0/49ff6c99eef62887,4,200,347350,395.220,9780.585,35514
1787861602790,511821f3-2da6-a5dc-feba-e7a13652bfec,/p/13/e89334a916493629,6,200,242462,150.395,3951.781,61355
1787861606536,63121d69-d3e5-b1dd-5329-5b8e32cf2362,/?crawl=37,0,200,91352,37.775,229.273,398443
1787861606765,63121d69-d3e5-b1dd-5329-5b8e32cf2362,/p/0/96e33bd86e412895,1,200,6031,68.465,68.518,88020
1787861584536,e8623d64-28fe-07e6-f237-3df27f9381e3,/?crawl=5,0,200,174453,977.863,22457.205,7768
1787861606154,f91cbe30-bd24-ddba-24a0-b308b72ba4fa,/p/0/b0fe1c1e430492d1,2,200,90930,46.110,848.184,107205
1787861592054,db78ba94-0262-a6f8-29ec-d9f4736c8efe,/p/11/d179a263ab0c33ca,1,200,3401343,29.149,15048.590,226024
1787861606335,2cd9a0fd-a26b-f302-139e-84fe1695521e,/p/0/67c83d9f2a9eab5d,7,200,55213,136.965,827.258,66742
1787861603720,778eecd5-41f7-f871-82da-ed060afa509d,/p/1/77fff778750d2e71,2,200,462012,138.321,3508.374,131688
1787861604630,704d14c1-a1c7-314f-fe26-d91b81c4b00c,/p/1/61257d1d243bc399,3,200,295788,42.426,2606.997,113459
1787861606765,63121d69-d3e5-b1dd-5329-5b8e32cf2362,/p/0/96e338d86e41237c,1,200,198565,68.522,888.644,223447
1787861606536,d75d8410-655c-ca2c-f14c-1161b9ce9a9f,/?crawl=36,0,200,396914,57.559,1537.466,258161
1787861606765,63121d69-d3e5-b1dd-5329-5b8e32cf2362,/p/0/96e33ad86e4126e2,1,200,327073,34.117,1313.462,249016
1787861601529,ef346761-1105-54c1-5e91-2f5043d9bfc7,/p/0/95421771f3ad784f,1,200,496977,54.843,6562.813,75726
1787861604951,ef346761-1105-54c1-5e91-2f5043d9bfc7,/p/0/de4dfc97d6d35c85,2,200,484563,282.608,3151.780,153743
1787861607237,704d14c1-a1c7-314f-fe26-d91b81c4b00c,/p/0/fd0446da4688bcf5,4,200,61734,271.856,1138.994,54200
1787861604630,704d14c1-a1c7-314f-fe26-d91b81c4b00c,/p/0/61257b1d243bc033,3,200,364033,148.523,3808.483,95585
1787861600024,99d61f44-b025-57d8-5d2c-3a892dd7a452,/p/0/e2eb6ce84619509b,1,200,5242786,83.190,8470.923,618916
1787861604639,2cd9a0fd-a26b-f302-139e-84fe1695521e,/p/13/67c83c9f2a9ea9aa,7,200,338893,162.534,3926.279,86314
1787861602489,2cd9a0fd-a26b-f302-139e-84fe1695521e,/p/0/8208d8f15281ac23,6,200,489425,146.042,6103.772,80184
1787861607102,db78ba94-0262-a6f8-29ec-d9f4736c8efe,/p/0/a69e212fb19f3f47,2,200,186377,169.069,1763.894,105662
1787861586089,14a0d658-c8ad-8e29-eddd-450d22f88b50,/p/0/c7821ca2f63446d4,1,200,2159617,155.653,22873.194,94417
1787861604536,3823a59a-64d5-1f25-6969-4acd4d959977,/?crawl=35,0,200,3147808,20.027,4455.542,706493
1787861606154,f91cbe30-bd24-ddba-24a0-b308b72ba4fa,/p/1/b0fe1b1e4304911e,2,200,428188,68.811,2888.174,148256
1787861607102,db78ba94-0262-a6f8-29ec-d9f4736c8efe,/p/0/a69e222fb19f40fa,2,200,351434,153.328,2570.722,136706
1787861607237,704d14c1-a1c7-314f-fe26-d91b81c4b00c,/p/0/fd0445da4688bb42,4,200,371522,229.598,2606.574,142533
1787861607229,778eecd5-41f7-f871-82da-ed060afa509d,/p/0/3533da92f3e6604,3,200,289812,153.951,2622.096,110527
1787861606353,24ec9911-b2f3-f43d-e8ab-5034432365d0,/p/1/3fe5d16faf7f02e2,5,200,2479353,23.592,3866.761,641196
1787861610220,24ec9911-b2f3-f43d-e8ab-5034432365d0,/p/0/37172b265047910d,6,200,204789,75.461,704.728,290593
1787861610537,e1b4f7d0-6fbc-11df-c9e9-ed51b07cb8c2,/?crawl=39,0,200,183275,37.077,435.180,421148
1787861606742,511821f3-2da6-a5dc-feba-e7a13652bfec,/p/12/320780868fca89c1,7,200,108981,458.206,4291.374,25395
1787861610220,24ec9911-b2f3-f43d-e8ab-5034432365d0,/p/0/3717282650478bf4,6,200,320550,63.894,890.011,360164
1787861592054,db78ba94-0262-a6f8-29ec-d9f4736c8efe,/p/0/d179a063ab0c3064,1,200,4051875,90.451,19092.720,212221
1787861610972,e1b4f7d0-6fbc-11df-c9e9-ed51b07cb8c2,/p/0/bdb7e693977714bb,1,200,23932,98.692,214.990,111317
1787861610220,24ec9911-b2f3-f43d-e8ab-5034432365d0,/p/0/3717292650478da7,6,200,420868,69.355,1068.184,394003
1787861607229,778eecd5-41f7-f871-82da-ed060afa509d,/p/0/35340a92f3e6b1d,3,200,510890,181.552,4505.157,113401
1787861605657,e0462316-a48d-3073-9be8-2d611839dd56,/p/6/330277480ad76151,5,200,217140,361.774,6173.051,35175
1787861610972,e1b4f7d0-6fbc-11df-c9e9-ed51b07cb8c2,/p/0/bdb7e7939777166e,1,200,264939,32.789,1299.392,203895
1787861609043,f91cbe30-bd24-ddba-24a0-b308b72ba4fa,/p/0/e79c3d4c9736e9e9,3,200,214720,229.953,3275.551,65552
1787861602607,e0462316-a48d-3073-9be8-2d611839dd56,/p/0/e47282debc442b69,4,200,388262,364.606,9861.617,39371
1787861610972,e1b4f7d0-6fbc-11df-c9e9-ed51b07cb8c2,/p/6/bdb7e59397771308,1,200,452650,149.094,1714.823,263963
1787861612537,d7efe175-5c93-c053-4069-41f476c1a1c3,/?crawl=41,0,200,121565,26.073,227.826,533588
1787861612537,a178c44a-6bec-8fe2-fb11-32cf9991c5d6,/?crawl=40,0,200,141090,45.475,421.361,334844
1787861606993,e8623d64-28fe-07e6-f237-3df27f9381e3,/p/0/3417cb456199578d,1,0,21888,942.184,6079.831,3600
1787861602790,511821f3-2da6-a5dc-feba-e7a13652bfec,/p/0/e89333a916493476,6,200,491705,75.816,10287.589,47796
1787861606353,24ec9911-b2f3-f43d-e8ab-5034432365d0,/p/0/3fe5cf6faf7eff7c,5,200,5663825,35.756,6910.378,819612
1787861602790,511821f3-2da6-a5dc-feba-e7a13652bfec,/p/0/e89332a9164932c3,6,200,516862,336.097,10512.766,49165
1787861612765,d7efe175-5c93-c053-4069-41f476c1a1c3,/p/0/cf29b418328436a5,1,200,100556,25.902,538.626,186690
1787861608593,2cd9a0fd-a26b-f302-139e-84fe1695521e,/p/0/d9d9fbfd3491bd64,8,200,510023,138.199,4828.001,105639
1787861612958,a178c44a-6bec-8fe2-fb11-32cf9991c5d6,/p/0/3bbf5dba9de93edf,1,200,43243,215.826,575.255,75172
1787861612765,d7efe175-5c93-c053-4069-41f476c1a1c3,/p/1/cf29b2183284333f,1,200,178133,99.811,824.358,216087
1787861605157,0a384d5b-7afe-b99b-ca3e-dafac0a90ce9,/p/0/5a7d9887d25b08b0,2,200,343461,525.827,8554.336,40151
1787861608074,d75d8410-655c-ca2c-f14c-1161b9ce9a9f,/p/0/2a4d8e3602dc198f,1,200,519368,56.640,5683.431,91383
1787861613536,20eadea6-4de0-a1c6-600b-169ca7df169c,/?crawl=43,0,200,351193,16.724,366.976,956992
1787861613589,d7efe175-5c93-c053-4069-41f476c1a1c3,/p/0/2c7ec9a9fd1d8be3,2,200,36996,124.802,444.771,83180
1787861613536,77a4bcf9-dd77-4db3-6495-bb3e35d535dd,/?crawl=44,0,200,452381,18.030,533.767,847526
1787861609043,f91cbe30-bd24-ddba-24a0-b308b72ba4fa,/p/0/e79c3b4c9736e683,3,200,423439,229.883,5375.064,78778
1787861612687,e1b4f7d0-6fbc-11df-c9e9-ed51b07cb8c2,/p/0/dc7ec210e923e344,2,200,220781,49.099,1805.026,122315
1787861612687,e1b4f7d0-6fbc-11df-c9e9-ed51b07cb8c2,/p/5/dc7ec410e923e6aa,2,200,288441,31.881,1889.138,152684
1787861606993,e8623d64-28fe-07e6-f237-3df27f9381e3,/p/0/3417c84561995274,1,200,302424,319.794,7605.772,39762
1787861605157,0a384d5b-7afe-b99b-ca3e-dafac0a90ce9,/p/0/5a7d9b87d25b0dc9,2,200,427815,486.885,9751.634,43871
1787861612765,d7efe175-5c93-c053-4069-41f476c1a1c3,/p/0/cf29b1183284318c,1,200,489721,88.076,2270.546,215684
1787861612687,e1b4f7d0-6fbc-11df-c9e9-ed51b07cb8c2,/p/0/dc7ec510e923e85d,2,200,424461,96.513,2399.808,176873
1787861587650,db41988a-cfeb-c354-2576-11b327b489e6,/p/0/9154bce0f61eadac,3,200,4406588,129.886,27442.127,160577
1787861592710,db41988a-cfeb-c354-2576-11b327b489e6,/p/0/65bce353658637cd,6,200,4139666,198.298,22386.011,184922
1787861606742,511821f3-2da6-a5dc-feba-e7a13652bfec,/p/0/32077e868fca865b,7,200,241516,458.226,8443.351,28604
1787861606742,511821f3-2da6-a5dc-feba-e7a13652bfec,/p/0/32077f868fca880e,7,200,262189,495.285,8898.709,29464
1787861614576,e1b4f7d0-6fbc-11df-c9e9-ed51b07cb8c2,/p/4/329c3382016f2847,3,200,131947,211.053,1160.171,113731
1787861612958,a178c44a-6bec-8fe2-fb11-32cf9991c5d6,/p/0/3bbf5eba9de94092,1,200,461441,215.865,2849.894,161915
1787861600247,bd9871e6-b1c1-bcbc-86af-5893fe3b4cb6,/p/0/d71d0ad1d941b24b,2,200,5472375,178.707,15628.927,350144
1787861607102,db78ba94-0262-a6f8-29ec-d9f4736c8efe,/p/10/a69e202fb19f3d94,2,200,3801679,169.135,9303.759,408618
1787861616536,f748c4a9-b56c-1de0-1eea-a1026f4f0b4c,/?crawl=47,0,200,27964,47.891,117.083,238840
1787861616406,db78ba94-0262-a6f8-29ec-d9f4736c8efe,/p/0/7460401700b50572,3,200,159787,1.646,322.112,496060
1787861616406,db78ba94-0262-a6f8-29ec-d9f4736c8efe,/p/0/74603f1700b503bf,3,200,426439,2.626,326.004,1308079
1787861607237,704d14c1-a1c7-314f-fe26-d91b81c4b00c,/p/0/fd0444da4688b98f,4,200,2779227,208.371,9637.378,288380
1787861614576,e1b4f7d0-6fbc-11df-c9e9-ed51b07cb8c2,/p/0/329c3582016f2bad,3,200,277952,162.703,2568.933,108197
1787861615737,e1b4f7d0-6fbc-11df-c9e9-ed51b07cb8c2,/p/3/7bf9bb9bffd89750,4,200,135375,168.500,1458.188,92838
1787861616536,2cf02ef3-b422-9b02-b075-a01a1dd957ca,/?crawl=46,0,200,236692,42.528,694.613,340754
1787861616406,db78ba94-0262-a6f8-29ec-d9f4736c8efe,/p/9/7460411700b50725,3,200,4103856,1.666,873.153,4700040
1787861606993,e8623d64-28fe-07e6-f237-3df27f9381e3,/p/4/3417c94561995427,1,200,138396,7605.902,10596.660,13060
1787861617279,db78ba94-0262-a6f8-29ec-d9f4736c8efe,/p/0/eb45f2d9e625cb65,4,200,147580,2.531,314.444,469336
1787861617279,db78ba94-0262-a6f8-29ec-d9f4736c8efe,/p/8/eb45f0d9e625c7ff,4,200,441475,311.461,345.076,1279357
1787861605657,e0462316-a48d-3073-9be8-2d611839dd56,/p/0/330275480ad75deb,5,200,446870,331.812,12090.988,36959
1787861617624,db78ba94-0262-a6f8-29ec-d9f4736c8efe,/p/7/7370cfca2be78484,5,200,118740,329.999,350.273,338993
1787861617624,db78ba94-0262-a6f8-29ec-d9f4736c8efe,/p/0/7370d0ca2be78637,5,200,102012,330.138,350.724,290861
1787861601351,46db7605-dfc0-6150-e651-9c9fa71a6e4c,/p/12/28ac6ecf884871c8,1,200,4562231,132.075,16777.576,271924
1787861611033,511821f3-2da6-a5dc-feba-e7a13652bfec,/p/0/7f489b583fafd294,8,200,341563,451.761,7191.480,47496
1787861617195,e1b4f7d0-6fbc-11df-c9e9-ed51b07cb8c2,/p/0/3580db551c2158d3,5,200,56570,197.039,1050.802,53835
1787861617536,026d241f-55b8-35e5-776d-93d92ac37c4c,/?crawl=49,0,200,294226,37.595,748.945,392854
1787861604284,8a17a6f8-9b1a-9577-7aa1-7321c22deb5e,/p/1/aaa4f7a881d647a4,1,200,5906377,33.343,14100.068,418890
1787861617975,db78ba94-0262-a6f8-29ec-d9f4736c8efe,/p/0/5fbf4ebed54fc2b9,6,200,354518,571.774,590.681,600185
1787861618129,46db7605-dfc0-6150-e651-9c9fa71a6e4c,/p/11/d4a8fd517d7c7009,2,200,89391,128.243,529.279,168892
1787861612537,c19dff93-642e-f7b3-d458-96a67c8dde5e,/?crawl=42,0,200,2591033,35.857,6181.514,419158
1787861614576,e1b4f7d0-6fbc-11df-c9e9-ed51b07cb8c2,/p/0/329c3282016f2694,3,200,424471,178.774,4314.858,98374
1787861617975,db78ba94-0262-a6f8-29ec-d9f4736c8efe,/p/6/5fbf4dbed54fc106,6,200,496789,571.973,926.135,536411
1787861616653,f748c4a9-b56c-1de0-1eea-a1026f4f0b4c,/p/1/a855075d094e4719,1,200,243970,236.129,2317.471,105274
1787861617231,2cf02ef3-b422-9b02-b075-a01a1dd957ca,/p/1/14eab1ff74b35106,1,200,213931,211.571,1829.680,116923
1787861617231,2cf02ef3-b422-9b02-b075-a01a1dd957ca,/p/0/14eab2ff74b352b9,1,200,212003,128.470,1850.494,114566
1787861618718,c19dff93-642e-f7b3-d458-96a67c8dde5e,/p/0/62940775c71f2952,1,200,39575,137.762,378.051,104682
1787861618129,46db7605-dfc0-6150-e651-9c9fa71a6e4c,/p/0/d4a8fb517d7c6ca3,2,200,324282,46.151,1034.252,313542
1787861618901,db78ba94-0262-a6f8-29ec-d9f4736c8efe,/p/0/488ac55506b176a8,7,200,156029,273.026,284.186,549038
1787861618901,db78ba94-0262-a6f8-29ec-d9f4736c8efe,/p/0/488ac85506b17bc1,7,200,283559,272.506,292.671,968867
1787861615737,e1b4f7d0-6fbc-11df-c9e9-ed51b07cb8c2,/p/0/7bf9bd9bffd89ab6,4,200,270766,201.601,3499.893,77364
1787861618718,c19dff93-642e-f7b3-d458-96a67c8dde5e,/p/0/62940875c71f2b05,1,200,118270,86.264,638.092,185349
1787861617279,db78ba94-0262-a6f8-29ec-d9f4736c8efe,/p/0/eb45efd9e625c64c,4,200,4553364,1.355,2140.072,2127668
1787861618718,c19dff93-642e-f7b3-d458-96a67c8dde5e,/p/0/62940575c71f25ec,1,200,152374,34.015,758.672,200843
1787861618285,026d241f-55b8-35e5-776d-93d92ac37c4c,/p/1/6a7c5d04d75be3d7,1,200,215741,37.012,1300.379,165906
1787861615737,e1b4f7d0-6fbc-11df-c9e9-ed51b07cb8c2,/p/0/7bf9bc9bffd89903,4,200,391769,201.573,3898.062,100504
1787861617624,db78ba94-0262-a6f8-29ec-d9f4736c8efe,/p/0/7370d1ca2be787ea,5,200,4512937,330.086,2057.112,2193822
1787861618536,847733cd-ecd0-44c0-a794-55469e536a70,/?crawl=50,0,200,79108,171.370,1310.847,60349
1787861617975,db78ba94-0262-a6f8-29ec-d9f4736c8efe,/p/0/5fbf4bbed54fbda0,6,200,5107436,572.765,1999.316,2554592
1787861618285,026d241f-55b8-35e5-776d-93d92ac37c4c,/p/0/6a7c5f04d75be73d,1,200,225873,111.164,1929.908,117038
1787861619536,377516b3-a78c-7597-1b6d-34904424a4c3,/?crawl=51,0,200,180125,86.205,1031.357,174649
1787861617195,e1b4f7d0-6fbc-11df-c9e9-ed51b07cb8c2,/p/0/3580dc551c215a86,5,200,411360,230.451,3412.250,120554
1787861617231,2cf02ef3-b422-9b02-b075-a01a1dd957ca,/p/0/14eaafff74b34da0,1,200,407472,41.926,3493.198,116647
1787861611830,e0462316-a48d-3073-9be8-2d611839dd56,/p/5/320fb9b7130938a8,6,200,296544,517.321,8954.138,33118
1787861620536,a0c93df2-0c9e-a1e5-7bd7-10e5dc41918a,/?crawl=52,0,200,286844,34.868,666.570,430328
1787861619585,026d241f-55b8-35e5-776d-93d92ac37c4c,/p/0/80eefafa1fc233c7,2,200,64958,201.132,1886.784,34428
1787861619847,847733cd-ecd0-44c0-a794-55469e536a70,/p/0/c1af2870b4982022,1,200,70172,533.806,1696.142,41372
1787861618385,8a17a6f8-9b1a-9577-7aa1-7321c22deb5e,/p/0/936d1dacc504c8ff,2,200,488100,100.057,3763.068,129708
1787861618658,46db7605-dfc0-6150-e651-9c9fa71a6e4c,/p/10/27cc3a219f276eb,3,200,301922,159.144,3550.425,85038
1787861619847,847733cd-ecd0-44c0-a794-55469e536a70,/p/0/c1af2970b49821d5,1,200,183430,307.410,2448.985,74900
1787861616653,f748c4a9-b56c-1de0-1eea-a1026f4f0b4c,/p/0/a855065d094e4566,1,200,453594,236.110,5680.373,79853
1787861616653,f748c4a9-b56c-1de0-1eea-a1026f4f0b4c,/p/0/a855055d094e43b3,1,200,404654,50.304,5728.716,70636
1787861622208,46db7605-dfc0-6150-e651-9c9fa71a6e4c,/p/9/2a0000503729ad57,4,200,35944,116.482,207.439,173275
1787861622208,46db7605-dfc0-6150-e651-9c9fa71a6e4c,/p/0/29ffff503729aba4,4,200,27318,196.174,313.634,87102
1787861621536,35c2d368-4c09-3404-010a-a1f8024bfde7,/?crawl=54,0,200,247290,62.956,1039.772,237831
1787861619060,2cf02ef3-b422-9b02-b075-a01a1dd957ca,/p/0/e13b603ad59785d5,2,200,317929,210.061,3670.292,86622
1787861619847,847733cd-ecd0-44c0-a794-55469e536a70,/p/0/c1af2770b4981e6f,1,200,253238,84.055,2945.930,85962
1787861622416,46db7605-dfc0-6150-e651-9c9fa71a6e4c,/p/0/2a0002503729b0bd,4,200,149753,47.128,518.598,288765
1787861619060,2cf02ef3-b422-9b02-b075-a01a1dd957ca,/p/0/e13b5f3ad5978422,2,200,298752,252.037,3874.572,77106
1787861621203,a0c93df2-0c9e-a1e5-7bd7-10e5dc41918a,/p/0/9ada80b58b623915,1,200,397751,33.618,2143.381,185572
1787861618901,db78ba94-0262-a6f8-29ec-d9f4736c8efe,/p/5/488ac75506b17a0e,7,200,6136763,272.771,4634.209,1324231
1787861621203,a0c93df2-0c9e-a1e5-7bd7-10e5dc41918a,/p/0/9ada7db58b6233fc,1,200,324265,101.380,2402.909,134947
1787861621203,a0c93df2-0c9e-a1e5-7bd7-10e5dc41918a,/p/4/9ada7eb58b6235af,1,200,346568,170.886,2449.336,141495
1787861618658,46db7605-dfc0-6150-e651-9c9fa71a6e4c,/p/0/27cc2a219f27538,3,200,441434,196.485,5067.022,87119
1787861623572,e471e057-27df-6378-f5c5-7be9416489bb,/?crawl=57,0,200,50591,55.406,169.455,298551
1787861619586,026d241f-55b8-35e5-776d-93d92ac37c4c,/p/0/80eefbfa1fc2357a,2,200,300182,256.243,4230.158,70962
1787861623742,e471e057-27df-6378-f5c5-7be9416489bb,/p/0/b9c6d4e1a45b6903,1,200,34674,36.896,126.485,274136
1787861605157,0a384d5b-7afe-b99b-ca3e-dafac0a90ce9,/p/16/5a7d9987d25b0a63,2,200,2930542,525.915,18924.995,154850
1787861618971,f748c4a9-b56c-1de0-1eea-a1026f4f0b4c,/p/0/cd1e2c1807aff12,2,200,386855,232.387,5392.230,71743
1787861622934,46db7605-dfc0-6150-e651-9c9fa71a6e4c,/p/0/b3b3969390184565,5,200,516812,102.130,1667.256,309978
1787861590119,5d7c934a-ba16-892b-3c8e-8857ce3f8d14,/p/0/173aa24aed3b5191,1,200,5585580,272.150,34584.534,161505
1787861618971,f748c4a9-b56c-1de0-1eea-a1026f4f0b4c,/p/0/cd1e0c1807afbac,2,200,511218,255.560,5958.870,85791
1787861623652,a0c93df2-0c9e-a1e5-7bd7-10e5dc41918a,/p/3/2abd69c0be496000,2,200,267145,165.575,1672.318,159745
1787861624082,0a384d5b-7afe-b99b-ca3e-dafac0a90ce9,/p/0/d93e3c618c44aea9,3,200,210794,361.992,1242.623,169636
1787861624082,0a384d5b-7afe-b99b-ca3e-dafac0a90ce9,/p/0/d93e39618c44a990,3,200,210204,362.331,1412.563,148810
1787861623535,db78ba94-0262-a6f8-29ec-d9f4736c8efe,/p/4/3698cbb4882d17b,8,200,333594,172.435,2004.969,166384
1787861598014,0a384d5b-7afe-b99b-ca3e-dafac0a90ce9,/p/0/3094c25e988528e7,1,200,5487009,241.266,27721.179,197936
1787861622522,46db7605-dfc0-6150-e651-9c9fa71a6e4c,/p/8/b3b39593901843b2,5,200,273535,217.666,3350.193,81648
1787861623742,e471e057-27df-6378-f5c5-7be9416489bb,/p/0/b9c6d5e1a45b6ab6,1,200,424196,107.974,2136.986,198502
1787861619585,026d241f-55b8-35e5-776d-93d92ac37c4c,/p/0/80eefcfa1fc2372d,2,200,2296353,219.996,6309.422,363956
1787861625872,46db7605-dfc0-6150-e651-9c9fa71a6e4c,/p/7/e7c1283df67061ca,6,200,7233,47.895,48.036,150574
1787861613589,d7efe175-5c93-c053-4069-41f476c1a1c3,/p/0/2c7ec8a9fd1d8a30,2,200,3298206,149.594,12338.344,267314
1787861606154,f91cbe30-bd24-ddba-24a0-b308b72ba4fa,/p/0/b0fe191e43048db8,2,200,2748250,46.110,19960.546,137684
1787861620784,e0462316-a48d-3073-9be8-2d611839dd56,/p/4/9b501a0589c1de8c,7,200,191140,333.164,5377.722,35543
1787861625920,46db7605-dfc0-6150-e651-9c9fa71a6e4c,/p/0/e7c1263df6705e64,6,200,73369,46.129,253.498,289426
1787861625540,db78ba94-0262-a6f8-29ec-d9f4736c8efe,/p/0/422a7d1b43f64a64,9,200,44262,168.804,674.088,65662
1787861613589,d7efe175-5c93-c053-4069-41f476c1a1c3,/p/0/2c7ecba9fd1d8f49,2,200,3558256,149.631,12726.799,279588
1787861620567,377516b3-a78c-7597-1b6d-34904424a4c3,/p/0/2e44d5131ffd2d75,1,200,315760,165.244,5871.062,53782
1787861625540,db78ba94-0262-a6f8-29ec-d9f4736c8efe,/p/0/422a801b43f64f7d,9,200,154716,168.799,1219.434,126875
1787861623725,46db7605-dfc0-6150-e651-9c9fa71a6e4c,/p/0/b3b393939018404c,5,200,332145,180.443,3280.815,101239
1787861620567,377516b3-a78c-7597-1b6d-34904424a4c3,/p/0/2e44d4131ffd2bc2,1,200,272713,412.785,6451.200,42273
1787861618285,026d241f-55b8-35e5-776d-93d92ac37c4c,/p/0/6a7c5c04d75be224,1,200,5804409,128.973,8802.801,659382
1787861623535,db78ba94-0262-a6f8-29ec-d9f4736c8efe,/p/0/3698ebb4882d4e1,8,200,395738,172.643,3696.534,107056
1787861617195,e1b4f7d0-6fbc-11df-c9e9-ed51b07cb8c2,/p/2/3580da551c215720,5,200,3340483,180.382,10038.622,332763
1787861624082,0a384d5b-7afe-b99b-ca3e-dafac0a90ce9,/p/15/d93e3a618c44ab43,3,200,6133670,361.948,3291.791,1863323
1787861626174,46db7605-dfc0-6150-e651-9c9fa71a6e4c,/p/6/92a8d70d4e249185,7,200,379057,44.432,1228.476,308559
1787861627374,0a384d5b-7afe-b99b-ca3e-dafac0a90ce9,/p/0/c38e2cd9765bba75,4,200,50746,14.363,30.162,1682473
1787861627374,0a384d5b-7afe-b99b-ca3e-dafac0a90ce9,/p/14/c38e2bd9765bb8c2,4,200,274960,13.953,64.243,4280029
1787861623652,a0c93df2-0c9e-a1e5-7bd7-10e5dc41918a,/p/0/2abd6ac0be4961b3,2,200,386881,34.615,3807.352,101614
1787861601536,799e7c6c-b8db-52c2-ef71-bbb83522a80a,/?crawl=32,0,200,5770485,60.363,25954.755,222329
1787861627402,46db7605-dfc0-6150-e651-9c9fa71a6e4c,/p/0/92a8d50d4e248e1f,7,200,19423,45.414,90.922,213623
1787861625540,db78ba94-0262-a6f8-29ec-d9f4736c8efe,/p/3/422a7f1b43f64dca,9,200,251245,228.257,1963.812,127937
1787861612958,a178c44a-6bec-8fe2-fb11-32cf9991c5d6,/p/7/3bbf5cba9de93d2c,1,200,4317747,40.782,14550.684,296738
1787861627374,0a384d5b-7afe-b99b-ca3e-dafac0a90ce9,/p/0/c38e29d9765bb55c,4,200,448250,3.367,245.180,1828251
1787861627438,0a384d5b-7afe-b99b-ca3e-dafac0a90ce9,/p/0/ada3b8dca6245a0e,5,200,145439,180.835,225.739,644281
1787861627438,0a384d5b-7afe-b99b-ca3e-dafac0a90ce9,/p/13/ada3b9dca6245bc1,5,200,138265,180.917,316.655,436642
1787861627438,0a384d5b-7afe-b99b-ca3e-dafac0a90ce9,/p/0/ada3b7dca624585b,5,200,280800,281.079,332.229,845199
1787861627537,4677883e-630b-7685-91b9-65dd12aabd03,/?crawl=62,0,200,290310,17.330,250.998,1156623
1787861627537,eed871d6-198b-fb2c-0574-26f38d299489,/?crawl=63,0,200,386304,15.964,331.369,1165782
1787861627755,0a384d5b-7afe-b99b-ca3e-dafac0a90ce9,/p/12/ce04020a5c20c3ca,6,200,152270,15.567,267.963,568250
1787861627868,eed871d6-198b-fb2c-0574-26f38d299489,/p/0/ff09f3fee9310a51,1,200,90219,51.159,194.655,463481
1787861601351,46db7605-dfc0-6150-e651-9c9fa71a6e4c,/p/0/28ac70cf8848752e,1,200,5957345,27.509,26726.364,222901
1787861627788,4677883e-630b-7685-91b9-65dd12aabd03,/p/1/6b9f9ca1549610d8,1,200,103756,20.281,338.721,306317
1787861627868,eed871d6-198b-fb2c-0574-26f38d299489,/p/0/ff09f1fee93106eb,1,200,111419,14.499,286.772,388529
1787861627509,a178c44a-6bec-8fe2-fb11-32cf9991c5d6,/p/0/ab02c96dbbb9621e,2,200,99273,40.914,717.560,138348
1787861627537,24f84baf-29cd-89db-646c-574afbc97d16,/?crawl=64,0,200,465109,24.827,740.362,628218
1787861627868,eed871d6-198b-fb2c-0574-26f38d299489,/p/0/ff09f0fee9310538,1,200,317685,39.591,445.943,712389
1787861627755,0a384d5b-7afe-b99b-ca3e-dafac0a90ce9,/p/0/ce04000a5c20c064,6,200,145936,78.909,589.255,247662
1787861627755,0a384d5b-7afe-b99b-ca3e-dafac0a90ce9,/p/0/ce04030a5c20c57d,6,200,125045,78.984,590.885,211623
1787861628023,0a384d5b-7afe-b99b-ca3e-dafac0a90ce9,/p/0/ef52bdc00598a423,7,200,14611,323.008,323.161,45213
1787861628023,0a384d5b-7afe-b99b-ca3e-dafac0a90ce9,/p/11/ef52bfc00598a789,7,200,237659,324.005,327.974,724626
1787861627491,799e7c6c-b8db-52c2-ef71-bbb83522a80a,/p/0/dca438bfb0704143,1,200,37800,288.203,878.065,43049
1787861627509,a178c44a-6bec-8fe2-fb11-32cf9991c5d6,/p/6/ab02ca6dbbb963d1,2,200,88097,125.466,888.281,99177
1787861628127,4677883e-630b-7685-91b9-65dd12aabd03,/p/0/90f0aa4e82768f5e,2,200,76722,73.478,290.295,264290
1787861622536,05276a64-d50c-00f6-028a-85dfc6c913ad,/?crawl=56,0,200,4543529,23.140,6030.075,753478
1787861627493,46db7605-dfc0-6150-e651-9c9fa71a6e4c,/p/5/91fd7be3fe0e25f0,8,200,416589,45.600,1322.575,314983
1787861609043,f91cbe30-bd24-ddba-24a0-b308b72ba4fa,/p/0/e79c3a4c9736e4d0,3,200,3096620,275.387,19997.989,154847
1787861627504,db78ba94-0262-a6f8-29ec-d9f4736c8efe,/p/0/5692f6b5af8045c1,10,200,205250,152.027,1618.073,126848
1787861617748,e0462316-a48d-3073-9be8-2d611839dd56,/p/0/320fbbb713093c0e,6,200,389911,333.952,11393.496,34222
1787861628351,0a384d5b-7afe-b99b-ca3e-dafac0a90ce9,/p/10/1006704c84d7b651,8,200,483521,377.521,816.184,592417
1787861621536,fc5c6a76-4c3e-f80e-8dc9-150c1e5763af,/?crawl=53,0,200,6140360,22.423,7664.093,801185
1787861627006,46db7605-dfc0-6150-e651-9c9fa71a6e4c,/p/0/92a8d60d4e248fd2,7,200,268140,131.123,2217.586,120915
1787861627504,db78ba94-0262-a6f8-29ec-d9f4736c8efe,/p/2/5692f5b5af80440e,10,200,171252,152.008,1758.224,97401
1787861628127,4677883e-630b-7685-91b9-65dd12aabd03,/p/0/90f0a84e82768bf8,2,200,279678,92.468,1155.510,242039
1787861628816,46db7605-dfc0-6150-e651-9c9fa71a6e4c,/p/0/91fd7de3fe0e2956,8,200,74757,88.587,483.614,154580
1787861627537,c58fb707-9d25-0af0-5d59-9e86ee1fde45,/?crawl=60,0,200,447913,60.330,1769.217,253170
1787861593838,2cd9a0fd-a26b-f302-139e-84fe1695521e,/p/0/3aca25018d05a1e2,2,200,4090130,24.747,35497.392,115223
1787861625325,a0c93df2-0c9e-a1e5-7bd7-10e5dc41918a,/p/0/a6a45ce699041eb0,3,200,391180,165.135,4097.220,95474
1787861628536,e76575ce-54af-b608-c2d4-39f31c30a0f1,/?crawl=66,0,200,351318,37.547,912.271,385103
1787861628566,05276a64-d50c-00f6-028a-85dfc6c913ad,/p/0/4d312b3f38f660c9,1,200,301429,20.750,888.672,339190
1787861628566,05276a64-d50c-00f6-028a-85dfc6c913ad,/p/3/4d31293f38f65d63,1,200,191474,20.764,1012.075,189190
1787861625872,46db7605-dfc0-6150-e651-9c9fa71a6e4c,/p/0/e7c1293df670637d,6,200,434667,152.901,3779.334,115012
1787861629448,e76575ce-54af-b608-c2d4-39f31c30a0f1,/p/0/b948f417a701ec8a,1,200,42499,36.259,242.209,175464
1787861614536,20b2286b-d80f-2501-6bb1-a6ad689a7a63,/?crawl=45,0,200,2563869,81.638,15167.543,169037
1787861629200,fc5c6a76-4c3e-f80e-8dc9-150c1e5763af,/p/0/7702b57f6c74302,1,200,130656,39.810,511.884,255246
1787861629306,c58fb707-9d25-0af0-5d59-9e86ee1fde45,/p/0/9274455c7dcbf998,1,200,141237,56.777,445.781,316831
1787861629200,fc5c6a76-4c3e-f80e-8dc9-150c1e5763af,/p/0/7702a57f6c7414f,1,200,140028,100.682,581.141,240953
1787861629200,fc5c6a76-4c3e-f80e-8dc9-150c1e5763af,/p/4/7702957f6c73f9c,1,200,191447,19.746,590.552,324183
1787861627234,e1b4f7d0-6fbc-11df-c9e9-ed51b07cb8c2,/p/0/54907c0fd3a6a70b,6,200,410182,162.856,2688.183,152587
1787861629791,fc5c6a76-4c3e-f80e-8dc9-150c1e5763af,/p/0/688589fdda4073bc,2,200,67112,18.383,184.227,364289
1787861627504,db78ba94-0262-a6f8-29ec-d9f4736c8efe,/p/0/5692f3b5af8040a8,10,200,309658,166.203,2640.338,117280
1787861629306,c58fb707-9d25-0af0-5d59-9e86ee1fde45,/p/0/9274485c7dcbfeb1,1,200,407836,173.585,843.638,483425
1787861629306,c58fb707-9d25-0af0-5d59-9e86ee1fde45,/p/0/9274475c7dcbfcfe,1,200,480904,201.769,844.547,569423
1787861602070,57aece9d-5272-87f8-bf70-0fb01f75c0ee,/p/3/b5cf9004873a5883,1,200,4952375,424.993,28162.674,175849
1787861629262,db78ba94-0262-a6f8-29ec-d9f4736c8efe,/p/0/cd04174572b51f34,11,200,99050,165.494,985.257,100532
1787861627234,e1b4f7d0-6fbc-11df-c9e9-ed51b07cb8c2,/p/0/54907d0fd3a6a8be,6,200,462358,32.102,3070.242,150593
1787861628397,a178c44a-6bec-8fe2-fb11-32cf9991c5d6,/p/0/26d42b3280326dbf,3,200,142914,230.003,1942.286,73580
1787861629167,0a384d5b-7afe-b99b-ca3e-dafac0a90ce9,/p/9/81be75887fbbb830,9,200,189170,651.098,1328.003,142447
1787861628023,0a384d5b-7afe-b99b-ca3e-dafac0a90ce9,/p/0/ef52bec00598a5d6,7,200,4196697,323.145,2500.009,1678673
1787861594813,2cd9a0fd-a26b-f302-139e-84fe1695521e,/p/0/6489eea74aeec12,3,200,3495639,150.536,35773.823,97715
1787861622536,94af7e17-9e5f-29c5-f27b-73121b769071,/?crawl=55,0,200,2952072,40.847,8100.118,364448
1787861629791,fc5c6a76-4c3e-f80e-8dc9-150c1e5763af,/p/3/68858afdda40756f,2,200,306072,18.381,863.494,354458
1787861630636,94af7e17-9e5f-29c5-f27b-73121b769071,/p/6/e09b7e9ccd915376,1,200,16655,40.051,76.192,218592
1787861629167,0a384d5b-7afe-b99b-ca3e-dafac0a90ce9,/p/0/81be76887fbbb9e3,9,200,367148,651.566,1551.903,236579
1787861629167,0a384d5b-7afe-b99b-ca3e-dafac0a90ce9,/p/0/81be77887fbbbb96,9,200,424685,651.349,1581.639,268509
1787861601814,778eecd5-41f7-f871-82da-ed060afa509d,/p/0/22653ba6f29f6423,1,200,4617148,126.666,28981.856,159312
1787861630233,57aece9d-5272-87f8-bf70-0fb01f75c0ee,/p/0/38a67f00993277fd,2,200,35365,248.877,639.451,55305
1787861619060,2cf02ef3-b422-9b02-b075-a01a1dd957ca,/p/0/e13b5d3ad59780bc,2,200,3183855,273.255,12090.109,263344
1787861627491,799e7c6c-b8db-52c2-ef71-bbb83522a80a,/p/0/dca439bfb07042f6,1,200,449444,173.406,3794.899,118434
1787861629578,05276a64-d50c-00f6-028a-85dfc6c913ad,/p/2/b4c642c5ae03a2db,2,200,321010,114.366,1734.518,185072
1787861629262,db78ba94-0262-a6f8-29ec-d9f4736c8efe,/p/0/cd041a4572b5244d,11,200,307329,180.594,2087.856,147198
1787861627509,a178c44a-6bec-8fe2-fb11-32cf9991c5d6,/p/0/ab02c86dbbb9606b,2,200,522092,40.906,4159.937,125505
1787861628077,46db7605-dfc0-6150-e651-9c9fa71a6e4c,/p/0/91fd7ce3fe0e27a3,8,200,473395,192.417,3684.982,128466
1787861628397,a178c44a-6bec-8fe2-fb11-32cf9991c5d6,/p/5/26d42d3280327125,3,200,317305,293.599,3420.313,92771
1787861629223,46db7605-dfc0-6150-e651-9c9fa71a6e4c,/p/4/6ac939ea7cd5b6d0,9,200,296758,141.300,2639.097,112447
1787861607229,778eecd5-41f7-f871-82da-ed060afa509d,/p/0/3533ea92f3e67b7,3,200,4107672,167.975,24647.836,166654
1787861618971,f748c4a9-b56c-1de0-1eea-a1026f4f0b4c,/p/0/cd1e1c1807afd5f,2,200,2531478,232.363,12918.727,195954
1787861592179,b8635a67-275b-87ec-7bbb-a60c5f4f7f0a,/p/0/dd748e7ed2f07528,3,200,2189936,362.256,39735.289,55113
1787861631313,05276a64-d50c-00f6-028a-85dfc6c913ad,/p/1/ee5b6dc145189bf8,3,200,60460,206.215,602.316,100379
1787861628397,a178c44a-6bec-8fe2-fb11-32cf9991c5d6,/p/0/26d42c3280326f72,3,200,346788,272.326,3547.364,97759
1787861630495,0a384d5b-7afe-b99b-ca3e-dafac0a90ce9,/p/8/a4cdd911f0bc416,10,200,332567,1213.047,1577.324,210843
1787861629578,05276a64-d50c-00f6-028a-85dfc6c913ad,/p/0/b4c641c5ae03a128,2,200,462940,114.385,2501.307,185079
1787861597978,14a0d658-c8ad-8e29-eddd-450d22f88b50,/p/1/3a56f9426d78e2a8,4,200,3662186,223.235,34128.715,107305
1787861629448,e76575ce-54af-b608-c2d4-39f31c30a0f1,/p/1/b948f217a701e924,1,200,509523,125.758,2738.945,186029
1787861629262,db78ba94-0262-a6f8-29ec-d9f4736c8efe,/p/1/cd04184572b520e7,11,200,496902,165.497,3088.474,160889
1787861629652,46db7605-dfc0-6150-e651-9c9fa71a6e4c,/p/0/6ac93bea7cd5ba36,9,200,254664,139.445,2804.089,90819
1787861632080,05276a64-d50c-00f6-028a-85dfc6c913ad,/p/0/a8ac10a6ff97680b,4,200,56878,185.337,567.541,100218
1787861632536,ffb98901-750c-cfe9-0b9e-43c0cc4ed137,/?crawl=69,0,200,280118,14.364,211.579,1323938
1787861632187,e76575ce-54af-b608-c2d4-39f31c30a0f1,/p/0/8aad2cf09fb5a4c,2,200,89986,183.004,744.843,120812
1787861630654,fc5c6a76-4c3e-f80e-8dc9-150c1e5763af,/p/0/c16951f71f9a545f,3,200,419014,96.889,2293.230,182718
1787861632187,e76575ce-54af-b608-c2d4-39f31c30a0f1,/p/0/8aad4cf09fb5db2,2,200,39533,220.472,782.134,50545
1787861630233,57aece9d-5272-87f8-bf70-0fb01f75c0ee,/p/2/38a67e009932764a,2,200,274785,70.887,2776.642,98963
1787861632748,ffb98901-750c-cfe9-0b9e-43c0cc4ed137,/p/0/8a8befcd6d8f3f13,1,200,194006,24.713,452.539,428706
1787861630233,57aece9d-5272-87f8-bf70-0fb01f75c0ee,/p/0/38a67c00993272e4,2,200,294504,355.832,2990.798,98470
1787861627788,4677883e-630b-7685-91b9-65dd12aabd03,/p/0/6b9f9ea15496143e,1,200,2210362,13.430,5504.105,401584
1787861630713,94af7e17-9e5f-29c5-f27b-73121b769071,/p/5/613b0b602c647851,2,200,179696,187.907,2616.800,68670
1787861632748,ffb98901-750c-cfe9-0b9e-43c0cc4ed137,/p/9/8a8bf1cd6d8f4279,1,200,420000,11.210,696.619,602912
1787861632748,ffb98901-750c-cfe9-0b9e-43c0cc4ed137,/p/0/8a8bf0cd6d8f40c6,1,200,432293,36.161,833.990,518343
1787861630636,94af7e17-9e5f-29c5-f27b-73121b769071,/p/0/e09b7f9ccd915529,1,200,302729,76.126,2984.083,101448
1787861633444,ffb98901-750c-cfe9-0b9e-43c0cc4ed137,/p/8/5f7363fa2ff80da1,2,200,79324,56.352,226.902,349596
1787861633536,10d5c855-2c20-10f2-f0df-71e3c8ac6c49,/?crawl=71,0,200,74536,50.355,264.646,281644
1787861633444,ffb98901-750c-cfe9-0b9e-43c0cc4ed137,/p/0/5f7362fa2ff80bee,2,200,116866,61.974,429.638,272010
1787861633671,ffb98901-750c-cfe9-0b9e-43c0cc4ed137,/p/0/bffd32bebbdede49,3,200,35324,62.282,215.355,164027
1787861630536,fd111076-7bba-4902-a46f-5308b1b46dd9,/?crawl=67,0,200,5777959,9.695,3487.298,1656858
1787861603720,778eecd5-41f7-f871-82da-ed060afa509d,/p/0/77fff578750d2b0b,2,200,5795916,138.328,30334.305,191068
1787861617536,140484ae-5ccb-ebbf-b258-b34e8c61e299,/?crawl=48,0,200,3995802,58.725,16615.832,240482
1787861634023,fd111076-7bba-4902-a46f-5308b1b46dd9,/p/12/4cb347753b9cdf37,1,200,60577,44.620,138.789,436468
1787861633671,ffb98901-750c-cfe9-0b9e-43c0cc4ed137,/p/7/bffd31bebbdedc96,3,200,218521,56.630,501.848,435433
1787861632187,e76575ce-54af-b608-c2d4-39f31c30a0f1,/p/0/8aad5cf09fb5f65,2,200,335382,201.408,2001.094,167599
1787861633536,a7e70a58-c14d-5f1e-172b-398f8e3ca12a,/?crawl=70,0,200,123750,84.997,695.096,178033
1787861634173,ffb98901-750c-cfe9-0b9e-43c0cc4ed137,/p/0/1026aafbac5275ff,4,200,61775,66.331,225.314,274173
1787861632456,46db7605-dfc0-6150-e651-9c9fa71a6e4c,/p/0/efd867d61f6dc80d,10,200,208989,172.359,2022.617,103326
1787861634023,fd111076-7bba-4902-a46f-5308b1b46dd9,/p/0/4cb349753b9ce29d,1,200,218359,17.382,510.585,427664
1787861617590,e8623d64-28fe-07e6-f237-3df27f9381e3,/p/0/e5bfb0f30a928c22,2,200,228346,322.773,16981.415,13447
1787861634162,fd111076-7bba-4902-a46f-5308b1b46dd9,/p/0/5d5328c7c069d45c,2,200,149256,48.821,503.600,296378
1787861631818,a178c44a-6bec-8fe2-fb11-32cf9991c5d6,/p/0/f0ce2855b7531f21,4,200,411521,210.917,2867.617,143506
1787861631818,a178c44a-6bec-8fe2-fb11-32cf9991c5d6,/p/0/f0ce2555b7531a08,4,200,315298,146.916,2976.396,105933
1787861601529,ef346761-1105-54c1-5e91-2f5043d9bfc7,/p/0/95421871f3ad7a02,1,200,5944405,54.833,33300.757,178507
1787861631863,46db7605-dfc0-6150-e651-9c9fa71a6e4c,/p/3/efd865d61f6dc4a7,10,200,459241,262.600,3099.523,148165
1787861632072,0a384d5b-7afe-b99b-ca3e-dafac0a90ce9,/p/0/6e545944ca88cb31,11,200,317312,1017.827,2908.548,109096
1787861632073,0a384d5b-7afe-b99b-ca3e-dafac0a90ce9,/p/7/6e545844ca88c97e,11,200,235235,1017.919,2910.285,80829
1787861634023,fd111076-7bba-4902-a46f-5308b1b46dd9,/p/0/4cb346753b9cdd84,1,200,517898,8.569,963.518,537507
1787861632351,db78ba94-0262-a6f8-29ec-d9f4736c8efe,/p/0/d9326d1300f979f8,12,200,329533,190.858,2662.807,123754
1787861633671,ffb98901-750c-cfe9-0b9e-43c0cc4ed137,/p/0/bffd2fbebbded930,3,200,511919,83.972,1522.505,336235
1787861634162,fd111076-7bba-4902-a46f-5308b1b46dd9,/p/11/5d532ac7c069d7c2,2,200,523158,60.905,1078.321,485160
1787861632647,05276a64-d50c-00f6-028a-85dfc6c913ad,/p/0/a8ac11a6ff9769be,4,200,343826,121.622,2625.992,130932
1787861632107,14a0d658-c8ad-8e29-eddd-450d22f88b50,/p/0/cb1213d3bab5b34d,5,200,175786,287.436,3188.716,55128
1787861631818,a178c44a-6bec-8fe2-fb11-32cf9991c5d6,/p/4/f0ce2655b7531bbb,4,200,429619,126.981,3482.623,123361
1787861635300,a178c44a-6bec-8fe2-fb11-32cf9991c5d6,/p/0/f5fccb94b33a3a17,5,200,19202,42.750,85.121,225585
1787861633009,57aece9d-5272-87f8-bf70-0fb01f75c0ee,/p/0/1faa832701f8568c,3,200,170453,357.868,2421.828,70382
1787861634173,ffb98901-750c-cfe9-0b9e-43c0cc4ed137,/p/6/1026a9fbac52744c,4,200,431316,61.175,1333.671,323405
1787861623742,e471e057-27df-6378-f5c5-7be9416489bb,/p/16/b9c6d3e1a45b6750,1,200,4986534,219.279,11919.966,418335
1787861635507,ffb98901-750c-cfe9-0b9e-43c0cc4ed137,/p/0/d19fe44eff151846,5,200,11941,63.670,180.731,66071
1787861635300,a178c44a-6bec-8fe2-fb11-32cf9991c5d6,/p/0/f5fccc94b33a3bca,5,200,35019,214.626,400.562,87425
1787861632351,db78ba94-0262-a6f8-29ec-d9f4736c8efe,/p/0/d932701300f97f11,12,200,381265,176.631,3593.581,106096
1787861635507,ffb98901-750c-cfe9-0b9e-43c0cc4ed137,/p/0/d19fe34eff151693,5,200,163432,63.632,476.504,342981
1787861633801,10d5c855-2c20-10f2-f0df-71e3c8ac6c49,/p/4/84f9beb4ffdfeb94,1,200,253523,47.381,2188.333,115852
1787861635662,e471e057-27df-6378-f5c5-7be9416489bb,/p/0/ad73be4bcf290eb8,2,200,360508,1.798,343.529,1049425
1787861632107,14a0d658-c8ad-8e29-eddd-450d22f88b50,/p/0/cb1211d3bab5afe7,5,200,287476,265.357,3974.169,72336
1787861635536,f3500c5e-6540-a152-df30-59e45deaafd7,/?crawl=73,0,200,239087,35.789,596.163,401043
1787861604951,ef346761-1105-54c1-5e91-2f5043d9bfc7,/p/6/de4dfb97d6d35ad2,2,200,4138215,257.994,31215.376,132570
1787861633009,57aece9d-5272-87f8-bf70-0fb01f75c0ee,/p/1/1faa852701f859f2,3,200,239966,357.849,3204.923,74874
1787861635662,e471e057-27df-6378-f5c5-7be9416489bb,/p/15/ad73bf4bcf29106b,2,200,449289,2.578,668.692,671892
1787861632351,db78ba94-0262-a6f8-29ec-d9f4736c8efe,/p/0/d9326e1300f97bab,12,200,522686,176.602,3991.197,130960
1787861631313,05276a64-d50c-00f6-028a-85dfc6c913ad,/p/0/ee5b6fc145189f5e,3,200,523602,143.585,5096.596,102736
1787861633009,57aece9d-5272-87f8-bf70-0fb01f75c0ee,/p/0/1faa862701f85ba5,3,200,261428,250.714,3528.131,74098
1787861635241,fd111076-7bba-4902-a46f-5308b1b46dd9,/p/0/174f2777e4ad5c19,3,200,472799,48.126,1307.765,361532
1787861631862,46db7605-dfc0-6150-e651-9c9fa71a6e4c,/p/0/efd864d61f6dc2f4,10,200,514884,201.000,4880.594,105496
1787861635241,fd111076-7bba-4902-a46f-5308b1b46dd9,/p/10/174f2577e4ad58b3,3,200,521300,48.024,1530.781,340545
1787861636214,57aece9d-5272-87f8-bf70-0fb01f75c0ee,/p/0/cec394b934f88359,4,200,12622,323.206,573.399,22013
1787861629704,20b2286b-d80f-2501-6bb1-a6ad689a7a63,/p/0/81805ea1e0185e59,1,200,409928,80.874,7154.488,57297
1787861628127,4677883e-630b-7685-91b9-65dd12aabd03,/p/0/90f0ab4e82769111,2,200,4150567,66.218,8801.084,471597
1787861625324,a0c93df2-0c9e-a1e5-7bd7-10e5dc41918a,/p/0/a6a45fe6990423c9,3,200,3567752,198.602,11675.380,305579
1787861627234,e1b4f7d0-6fbc-11df-c9e9-ed51b07cb8c2,/p/1/54907e0fd3a6aa71,6,200,3270620,65.819,9854.100,331904
1787861629704,20b2286b-d80f-2501-6bb1-a6ad689a7a63,/p/7/81805ca1e0185af3,1,200,513692,336.507,7396.090,69455
1787861636166,ef346761-1105-54c1-5e91-2f5043d9bfc7,/p/5/f78349fe3a4bc4f,3,200,123153,52.773,963.419,127829
1787861636536,1c40a1fe-4f94-00da-0061-d8b2b7bdc45e,/?crawl=76,0,200,21500,478.202,689.679,31174
1787861636536,cb2e282a-da04-e5ee-2e3e-2cdd4942519d,/?crawl=74,0,200,406067,28.845,710.131,571820
1787861637246,cb2e282a-da04-e5ee-2e3e-2cdd4942519d,/p/0/cababe9c420f095b,1,200,7845,24.939,37.621,208527
1787861635662,e471e057-27df-6378-f5c5-7be9416489bb,/p/0/ad73c14bcf2913d1,2,200,2387059,2.569,1638.988,1456422
1787861636331,e471e057-27df-6378-f5c5-7be9416489bb,/p/0/29ae68c0f221209c,3,200,10776,971.872,972.250,11084
1787861636331,e471e057-27df-6378-f5c5-7be9416489bb,/p/14/29ae69c0f221224f,3,200,105562,971.683,973.511,108434
1787861633329,94af7e17-9e5f-29c5-f27b-73121b769071,/p/4/78490b4a292ab6ec,3,200,236895,182.402,3975.568,59588
1787861636331,e471e057-27df-6378-f5c5-7be9416489bb,/p/0/29ae6bc0f22125b5,3,200,255177,971.772,978.830,260696
1787861637304,e471e057-27df-6378-f5c5-7be9416489bb,/p/0/d4a0ea801c84602a,4,200,35968,5.502,18.900,1903097
1787861633801,10d5c855-2c20-10f2-f0df-71e3c8ac6c49,/p/0/84f9c0b4ffdfeefa,1,200,331898,47.469,3522.803,94214
1787861633801,10d5c855-2c20-10f2-f0df-71e3c8ac6c49,/p/0/84f9bfb4ffdfed47,1,200,274064,47.326,3522.740,77799
1787861636771,fd111076-7bba-4902-a46f-5308b1b46dd9,/p/9/2dfb01918a87eaa5,4,200,184929,52.380,575.263,321469
1787861636214,57aece9d-5272-87f8-bf70-0fb01f75c0ee,/p/0/cec391b934f87e40,4,200,69970,394.234,1179.500,59322
1787861630636,94af7e17-9e5f-29c5-f27b-73121b769071,/p/0/e09b7c9ccd915010,1,200,486779,149.557,6764.588,71960
1787861632107,14a0d658-c8ad-8e29-eddd-450d22f88b50,/p/0/cb1210d3bab5ae34,5,200,375288,418.888,5475.516,68539
1787861636536,892a4dd6-7531-a228-16c6-61c79507db2f,/?crawl=77,0,200,262515,57.484,1047.696,250564
1787861630713,94af7e17-9e5f-29c5-f27b-73121b769071,/p/0/613b0a602c64769e,2,200,522079,301.833,6934.494,75287
1787861634152,140484ae-5ccb-ebbf-b258-b34e8c61e299,/p/0/d71208a742c0ef77,1,200,377223,57.195,3701.481,101911
1787861637246,cb2e282a-da04-e5ee-2e3e-2cdd4942519d,/p/0/cababd9c420f07a8,1,200,180371,37.612,709.744,254135
1787861637304,e471e057-27df-6378-f5c5-7be9416489bb,/p/13/d4a0e8801c845cc4,4,200,309314,5.475,688.021,449571
1787861637304,e471e057-27df-6378-f5c5-7be9416489bb,/p/0/d4a0e9801c845e77,4,200,369791,5.583,688.647,536982
1787861637992,e471e057-27df-6378-f5c5-7be9416489bb,/p/12/3869766f453df3aa,5,200,30148,4.850,5.651,5334833
1787861629142,e0462316-a48d-3073-9be8-2d611839dd56,/p/0/9b501c0589c1e1f2,7,200,383054,303.674,8858.059,43244
1787861636132,f3500c5e-6540-a152-df30-59e45deaafd7,/p/0/abce67702915d454,1,200,280958,121.241,1914.526,146751
1787861635989,10d5c855-2c20-10f2-f0df-71e3c8ac6c49,/p/3/c9f2dc304e5f32d7,2,200,150648,234.574,2061.827,73065
1787861636771,fd111076-7bba-4902-a46f-5308b1b46dd9,/p/0/2dfaff918a87e73f,4,200,365885,57.773,1311.520,278978
1787861634152,140484ae-5ccb-ebbf-b258-b34e8c61e299,/p/0/d71209a742c0f12a,1,200,338044,172.689,3934.652,85915
1787861636771,fd111076-7bba-4902-a46f-5308b1b46dd9,/p/0/2dfb00918a87e8f2,4,200,334585,52.311,1326.681,252197
1787861608074,d75d8410-655c-ca2c-f14c-1161b9ce9a9f,/p/0/2a4d8f3602dc1b42,1,200,3880343,166.982,30078.753,129006
1787861636132,f3500c5e-6540-a152-df30-59e45deaafd7,/p/1/abce69702915d7ba,1,200,302634,33.989,2104.558,143799
1787861623652,a0c93df2-0c9e-a1e5-7bd7-10e5dc41918a,/p/0/2abd6bc0be496366,2,200,5169445,247.828,14603.679,353982
1787861637992,e471e057-27df-6378-f5c5-7be9416489bb,/p/0/3869776f453df55d,5,200,48081,7.082,330.063,145672
1787861610537,de5b2487-1898-4464-ee92-df65aa12b343,/?crawl=38,0,200,4886280,79.975,27805.115,175733
1787861627788,4677883e-630b-7685-91b9-65dd12aabd03,/p/0/6b9f9da15496128b,1,200,6008945,20.265,10771.520,557855
1787861629299,46db7605-dfc0-6150-e651-9c9fa71a6e4c,/p/0/6ac93aea7cd5b883,9,200,2662312,88.300,9434.051,282202
1787861637998,e471e057-27df-6378-f5c5-7be9416489bb,/p/0/84330cff8facd531,6,200,77107,330.874,768.841,100290
1787861625325,a0c93df2-0c9e-a1e5-7bd7-10e5dc41918a,/p/2/a6a45de699042063,3,200,5719578,214.888,13501.208,423635
1787861638237,f3500c5e-6540-a152-df30-59e45deaafd7,/p/0/905fbefd1767936a,2,200,28829,263.076,591.306,48755
1787861638826,a0c93df2-0c9e-a1e5-7bd7-10e5dc41918a,/p/0/b98561142e7728e7,4,200,6046,2.514,2.575,2348269
1787861638826,a0c93df2-0c9e-a1e5-7bd7-10e5dc41918a,/p/0/b98562142e772a9a,4,200,34072,4.008,5.111,6665793
1787861638826,a0c93df2-0c9e-a1e5-7bd7-10e5dc41918a,/p/1/b98560142e772734,4,200,228305,3.987,8.115,28132736
1787861637347,fd111076-7bba-4902-a46f-5308b1b46dd9,/p/0/5b523d62218787b6,5,200,418876,124.921,1673.951,250232
1787861637100,20b2286b-d80f-2501-6bb1-a6ad689a7a63,/p/0/a0fab40b87664e91,2,200,66949,405.118,1978.823,33833
1787861637992,e471e057-27df-6378-f5c5-7be9416489bb,/p/0/3869746f453df044,5,200,356891,4.250,1090.384,327308
1787861638083,fd111076-7bba-4902-a46f-5308b1b46dd9,/p/0/5b523c6221878603,5,200,355632,47.304,1067.786,333055
1787861618385,8a17a6f8-9b1a-9577-7aa1-7321c22deb5e,/p/0/936d1cacc504c74c,2,200,4413116,115.784,20787.309,212299
1787861637088,e1b4f7d0-6fbc-11df-c9e9-ed51b07cb8c2,/p/0/2d1f57d8876f4e58,7,200,317889,162.950,2192.027,145021
1787861636132,f3500c5e-6540-a152-df30-59e45deaafd7,/p/0/abce6a702915d96d,1,200,437584,33.969,3439.860,127210
1787861633620,94af7e17-9e5f-29c5-f27b-73121b769071,/p/0/78490d4a292aba52,3,200,358710,180.937,5966.551,60120
1787861638834,a0c93df2-0c9e-a1e5-7bd7-10e5dc41918a,/p/0/3cdd391a45c2119e,5,200,325409,2.156,809.664,401906
1787861637088,e1b4f7d0-6fbc-11df-c9e9-ed51b07cb8c2,/p/0/2d1f59d8876f51be,7,200,378453,162.970,2573.173,147076
1787861636743,46db7605-dfc0-6150-e651-9c9fa71a6e4c,/p/0/5162ca7c8012cfe6,11,200,388170,139.635,3083.749,125876
1787861638237,f3500c5e-6540-a152-df30-59e45deaafd7,/p/0/905fbcfd17679004,2,200,136591,263.080,1594.529,85662
1787861636166,ef346761-1105-54c1-5e91-2f5043d9bfc7,/p/0/f78339fe3a4ba9c,3,200,256928,288.225,3775.726,68047
1787861638834,a0c93df2-0c9e-a1e5-7bd7-10e5dc41918a,/p/0/3cdd3a1a45c21351,5,200,198128,2.233,1159.257,170909
1787861629448,e76575ce-54af-b608-c2d4-39f31c30a0f1,/p/0/b948f317a701ead7,1,200,3154427,125.760,10758.398,293206
1787861605657,e0462316-a48d-3073-9be8-2d611839dd56,/p/0/330276480ad75f9e,5,200,2280471,544.015,34583.478,65941
1787861637401,94af7e17-9e5f-29c5-f27b-73121b769071,/p/0/8633b524346c0867,4,200,182131,299.786,3206.347,56803
1787861627537,47bd32bb-9dda-4a39-83f8-0e02e265a52c,/?crawl=65,0,200,419688,568.055,13071.888,32106
1787861637305,94af7e17-9e5f-29c5-f27b-73121b769071,/p/3/8633b424346c06b4,4,200,224931,342.097,3334.763,67450
1787861636166,ef346761-1105-54c1-5e91-2f5043d9bfc7,/p/0/f78369fe3a4bfb5,3,200,249599,288.141,4542.843,54943
1787861640536,15822e6f-528f-42ff-2ce6-861dd5c1e9c7,/?crawl=80,0,200,83650,33.177,184.695,452908
1787861634231,a7e70a58-c14d-5f1e-172b-398f8e3ca12a,/p/0/18641312947adff4,1,200,457460,232.935,6537.091,69979
1787861640536,9687b68a-8191-ad7b-2aca-9af5641efcd0,/?crawl=79,0,200,329153,59.624,233.998,1406647
1787861592659,e0462316-a48d-3073-9be8-2d611839dd56,/p/0/3e0f4c0616713c04,1,200,3599898,90.527,48193.986,74696
1787861640241,e0462316-a48d-3073-9be8-2d611839dd56,/p/0/cdb3b06027e1dbf0,8,200,158423,616.376,629.249,251765
1787861637130,ef346761-1105-54c1-5e91-2f5043d9bfc7,/p/4/44adb3fc1b2b8bb5,4,200,280033,364.548,3889.039,72006
1787861623535,db78ba94-0262-a6f8-29ec-d9f4736c8efe,/p/0/3698bbb4882cfc8,8,200,4555464,31.157,17817.807,255669
1787861635989,10d5c855-2c20-10f2-f0df-71e3c8ac6c49,/p/0/c9f2db304e5f3124,2,200,347028,327.131,5422.475,63998
1787861640721,15822e6f-528f-42ff-2ce6-861dd5c1e9c7,/p/0/396c7b2b4f6a2066,1,200,173277,29.767,831.007,208514
1787861627491,799e7c6c-b8db-52c2-ef71-bbb83522a80a,/p/2/dca43abfb07044a9,1,200,2942590,288.289,14113.583,208493
1787861633444,ffb98901-750c-cfe9-0b9e-43c0cc4ed137,/p/0/5f7361fa2ff80a3b,2,200,3716662,56.372,8217.302,452297
1787861641604,799e7c6c-b8db-52c2-ef71-bbb83522a80a,/p/1/dd7dd2fc590672b8,2,200,12858,57.306,115.030,111780
1787861640609,47bd32bb-9dda-4a39-83f8-0e02e265a52c,/p/0/7387f03064d2c7f7,1,200,42813,224.669,1415.202,30252
1787861618385,8a17a6f8-9b1a-9577-7aa1-7321c22deb5e,/p/0/936d1eacc504cab2,2,200,5341559,32.350,23794.862,224484
1787861641720,799e7c6c-b8db-52c2-ef71-bbb83522a80a,/p/0/6ffa7487ba19eecf,3,200,29702,423.568,516.890,57463
1787861638342,de5b2487-1898-4464-ee92-df65aa12b343,/p/1/51223af12c12091b,1,200,91627,79.360,4052.897,22608
1787861641536,54fd9232-0b5d-8474-febd-6c2e9cc1625b,/?crawl=81,0,200,312515,45.506,899.588,347398
1787861641604,799e7c6c-b8db-52c2-ef71-bbb83522a80a,/p/0/dd7dd4fc5906761e,2,200,78109,114.925,924.568,84482
1787861635241,fd111076-7bba-4902-a46f-5308b1b46dd9,/p/0/174f2477e4ad5700,3,200,2796922,48.094,7449.692,375441
1787861638834,a0c93df2-0c9e-a1e5-7bd7-10e5dc41918a,/p/0/3cdd371a45c20e38,5,200,2786529,2.343,3892.962,715786
1787861638051,10d5c855-2c20-10f2-f0df-71e3c8ac6c49,/p/0/6ea1e0ff9f5b6a92,3,200,279214,424.814,4684.438,59605
1787861629791,fc5c6a76-4c3e-f80e-8dc9-150c1e5763af,/p/0/68858cfdda4078d5,2,200,3646866,97.195,13132.997,277687
1787861634983,0a384d5b-7afe-b99b-ca3e-dafac0a90ce9,/p/6/e113484746e87477,12,200,332883,281.242,7982.608,41701
1787861630654,fc5c6a76-4c3e-f80e-8dc9-150c1e5763af,/p/0/c16952f71f9a5612,3,200,2881179,96.944,12468.146,231083
1787861627537,a8007299-286b-9f40-1cf9-3dd1c25cd7f2,/?crawl=61,0,200,4864657,48.595,15878.401,306369
1787861630654,fc5c6a76-4c3e-f80e-8dc9-150c1e5763af,/p/2/c16953f71f9a57c5,3,200,3688442,105.753,12842.790,287199
1787861642778,cb774f21-9726-b68c-227e-e40ba3e81d1b,/?crawl=82,0,200,380262,54.481,1103.909,344469
1787861641604,799e7c6c-b8db-52c2-ef71-bbb83522a80a,/p/0/dd7dd3fc5906746b,2,200,127352,86.635,2519.240,50552
1787861628351,0a384d5b-7afe-b99b-ca3e-dafac0a90ce9,/p/0/10066f4c84d7b49e,8,200,4303681,387.334,15794.954,272472
1787861642965,0a384d5b-7afe-b99b-ca3e-dafac0a90ce9,/p/0/e113474746e872c4,12,200,29554,493.882,1220.457,24216
1787861637130,ef346761-1105-54c1-5e91-2f5043d9bfc7,/p/0/44adb2fc1b2b8a02,4,200,412476,339.217,7137.039,57794
1787861638051,10d5c855-2c20-10f2-f0df-71e3c8ac6c49,/p/2/6ea1deff9f5b672c,3,200,440973,307.274,6267.015,70364
1787861643497,fc5c6a76-4c3e-f80e-8dc9-150c1e5763af,/p/0/ea484861e64b1e43,4,200,157140,107.618,829.251,189496
1787861643497,fc5c6a76-4c3e-f80e-8dc9-150c1e5763af,/p/1/ea484761e64b1c90,4,200,189556,139.580,865.664,218972
1787861634152,140484ae-5ccb-ebbf-b258-b34e8c61e299,/p/10/d71207a742c0edc4,1,200,3230157,229.406,10298.727,313646
1787861634162,fd111076-7bba-4902-a46f-5308b1b46dd9,/p/0/5d532bc7c069d975,2,200,5671549,48.768,10304.068,550418
1787861638342,de5b2487-1898-4464-ee92-df65aa12b343,/p/0/51223cf12c120c81,1,200,288597,157.408,6291.623,45870
1787861640853,e0462316-a48d-3073-9be8-2d611839dd56,/p/0/cdb3b36027e1e109,8,200,225519,1248.481,3799.308,59358
1787861641019,ef346761-1105-54c1-5e91-2f5043d9bfc7,/p/3/305217630de7c5d4,5,200,147902,291.598,3635.268,40685
1787861601923,78410207-983b-34de-da3c-435ec3ff63a1,/p/4/d6cdfbec6cef99ac,3,200,4881455,430.637,42815.713,114011
1787861642436,54fd9232-0b5d-8474-febd-6c2e9cc1625b,/p/1/ccd6ce88e4051313,1,200,349078,55.826,2308.714,151200
1787861643536,5d4f252a-7ce0-0225-7fba-167375ef0217,/?crawl=83,0,200,439706,43.901,1219.441,360580
1787861593361,78410207-983b-34de-da3c-435ec3ff63a1,/p/0/a976be4b3d8e6a18,2,200,5252530,361.099,51394.213,102201
1787861644451,140484ae-5ccb-ebbf-b258-b34e8c61e299,/p/0/533063d5a598ce8,2,200,397593,2.582,654.012,607929
1787861644451,140484ae-5ccb-ebbf-b258-b34e8c61e299,/p/9/533083d5a59904e,2,200,498776,4.235,656.787,759418
1787861644739,78410207-983b-34de-da3c-435ec3ff63a1,/p/0/1fefb8c0af13acac,4,200,184465,158.600,382.442,482334
1787861644739,78410207-983b-34de-da3c-435ec3ff63a1,/p/3/1fefbac0af13b012,4,200,130351,16.274,494.701,263494
1787861642436,54fd9232-0b5d-8474-febd-6c2e9cc1625b,/p/0/ccd6d088e4051679,1,200,281835,195.134,2835.149,99407
1787861608074,d75d8410-655c-ca2c-f14c-1161b9ce9a9f,/p/0/2a4d903602dc1cf5,1,200,5696408,83.251,37252.373,152914
1787861643415,a8007299-286b-9f40-1cf9-3dd1c25cd7f2,/p/0/25de9bba1266f15e,1,200,159741,95.789,1932.319,82668
1787861643415,a8007299-286b-9f40-1cf9-3dd1c25cd7f2,/p/2/25de9cba1266f311,1,200,270365,47.222,2002.185,135035
1787861599011,2cd9a0fd-a26b-f302-139e-84fe1695521e,/p/0/6774b7eab2547c1d,5,200,5082544,142.236,46458.979,109399
1787861635300,a178c44a-6bec-8fe2-fb11-32cf9991c5d6,/p/3/f5fccd94b33a3d7d,5,200,5532155,85.051,10185.437,543144
1787861644739,78410207-983b-34de-da3c-435ec3ff63a1,/p/0/1fefbbc0af13b1c5,4,200,349039,16.184,813.634,428988
1787861645234,78410207-983b-34de-da3c-435ec3ff63a1,/p/0/5e7293e12732ddcd,5,200,151884,318.976,322.464,471010
1787861645234,78410207-983b-34de-da3c-435ec3ff63a1,/p/2/5e7292e12732dc1a,5,200,232479,321.887,337.514,688799
1787861635507,ffb98901-750c-cfe9-0b9e-43c0cc4ed137,/p/5/d19fe54eff1519f9,5,200,5047254,88.635,10098.420,499806
1787861637347,fd111076-7bba-4902-a46f-5308b1b46dd9,/p/8/5b523e6221878969,5,200,6030198,73.572,8302.867,726279
1787861645650,fd111076-7bba-4902-a46f-5308b1b46dd9,/p/0/a44aaadb36cf852c,6,200,44012,15.785,40.648,1082746
1787861645650,fd111076-7bba-4902-a46f-5308b1b46dd9,/p/7/a44aabdb36cf86df,6,200,93371,40.563,138.628,673538
1787861644654,ef346761-1105-54c1-5e91-2f5043d9bfc7,/p/0/5444c6ed61a330b7,6,200,46139,460.264,1173.931,39303
1787861643882,cb774f21-9726-b68c-227e-e40ba3e81d1b,/p/0/604121e678a005c0,1,200,191588,204.312,2065.428,92759
1787861645108,140484ae-5ccb-ebbf-b258-b34e8c61e299,/p/0/2ee77e2f3e62fcdf,3,200,276924,528.510,858.014,322750
1787861645417,a8007299-286b-9f40-1cf9-3dd1c25cd7f2,/p/0/7739f4d18cb28d0d,2,200,17715,259.836,612.648,28915
1787861645650,fd111076-7bba-4902-a46f-5308b1b46dd9,/p/0/a44aaddb36cf8a45,6,200,273799,64.168,435.841,628209
1787861611033,511821f3-2da6-a5dc-feba-e7a13652bfec,/p/11/7f489c583fafd447,8,200,5753569,412.665,35090.992,163961
1787861588976,14a0d658-c8ad-8e29-eddd-450d22f88b50,/p/0/232a031e90e1d39e,2,200,6156335,221.504,57161.032,107702
1787861644654,ef346761-1105-54c1-5e91-2f5043d9bfc7,/p/2/5444c8ed61a3341d,6,200,63061,358.396,1540.267,40942
1787861640640,94af7e17-9e5f-29c5-f27b-73121b769071,/p/2/a229bb3878e66a32,5,200,233580,2536.092,5555.616,42044
1787861641019,ef346761-1105-54c1-5e91-2f5043d9bfc7,/p/0/305219630de7c93a,5,200,281283,291.818,5201.884,54073
1787861641720,799e7c6c-b8db-52c2-ef71-bbb83522a80a,/p/0/6ffa7687ba19f235,3,200,453386,674.814,4503.704,100670
1787861645788,fd111076-7bba-4902-a46f-5308b1b46dd9,/p/6/57450babb10c83b5,7,200,147067,51.946,443.777,331399
1787861645486,a178c44a-6bec-8fe2-fb11-32cf9991c5d6,/p/2/e1687127e2390fe1,6,200,437772,3.305,793.405,551764
1787861645486,a178c44a-6bec-8fe2-fb11-32cf9991c5d6,/p/0/e1687027e2390e2e,6,200,166322,340.544,828.136,200839
1787861644363,fc5c6a76-4c3e-f80e-8dc9-150c1e5763af,/p/0/32e0d0536f32c1cd,5,200,383105,100.056,1969.206,194548
1787861645605,ffb98901-750c-cfe9-0b9e-43c0cc4ed137,/p/0/afc3fa87a2c173af,6,200,243366,67.761,746.133,326170
1787861643415,a8007299-286b-9f40-1cf9-3dd1c25cd7f2,/p/0/25de9aba1266efab,1,200,352205,71.397,3156.829,111569
1787861640609,47bd32bb-9dda-4a39-83f8-0e02e265a52c,/p/3/7387f23064d2cb5d,1,200,176381,1414.903,6041.875,29193
1787861646232,fd111076-7bba-4902-a46f-5308b1b46dd9,/p/0/7e03edc57de21dd3,8,200,165126,70.590,601.005,274750
1787861645605,ffb98901-750c-cfe9-0b9e-43c0cc4ed137,/p/4/afc3f987a2c171fc,6,200,399574,67.798,1264.827,315912
1787861644363,fc5c6a76-4c3e-f80e-8dc9-150c1e5763af,/p/0/32e0cd536f32bcb4,5,200,519375,100.202,2509.475,206966
1787861646870,ffb98901-750c-cfe9-0b9e-43c0cc4ed137,/p/3/4a3f593d79d617b8,7,200,19826,57.117,157.925,125541
1787861645788,fd111076-7bba-4902-a46f-5308b1b46dd9,/p/0/57450aabb10c8202,7,200,410900,51.902,1278.014,321514
1787861645788,fd111076-7bba-4902-a46f-5308b1b46dd9,/p/0/574509abb10c804f,7,200,520976,63.531,1316.157,395831
1787861646232,fd111076-7bba-4902-a46f-5308b1b46dd9,/p/0/7e03eec57de21f86,8,200,324031,63.426,883.113,366919
1787861637246,cb2e282a-da04-e5ee-2e3e-2cdd4942519d,/p/0/cabac09c420f0cc1,1,200,5519772,61.668,9908.196,557092
1787861644756,5d4f252a-7ce0-0225-7fba-167375ef0217,/p/4/f3ab79440d3aff39,1,200,240694,138.524,2466.634,97580
1787861645571,78410207-983b-34de-da3c-435ec3ff63a1,/p/0/15fb66694150b37e,6,200,369584,929.061,1721.696,214663
1787861643882,cb774f21-9726-b68c-227e-e40ba3e81d1b,/p/4/604123e678a00926,1,200,469396,204.302,3605.156,130201
1787861646870,ffb98901-750c-cfe9-0b9e-43c0cc4ed137,/p/0/4a3f5b3d79d61b1e,7,200,171060,66.964,682.141,250769
1787861634173,ffb98901-750c-cfe9-0b9e-43c0cc4ed137,/p/0/1026abfbac5277b2,4,200,6224124,61.159,13390.275,464824
1787861589511,14a0d658-c8ad-8e29-eddd-450d22f88b50,/p/0/4ff8b037c404ae0e,3,200,6195517,245.420,58090.136,106654
1787861629578,05276a64-d50c-00f6-028a-85dfc6c913ad,/p/0/b4c644c5ae03a641,2,200,2985256,176.707,18025.752,165611
1787861647028,ffb98901-750c-cfe9-0b9e-43c0cc4ed137,/p/2/c8d065d9d1747d91,8,200,137016,57.214,644.793,212496
1787861638237,f3500c5e-6540-a152-df30-59e45deaafd7,/p/0/905fbffd1767951d,2,200,3473109,295.886,9543.568,363921
1787861646279,a178c44a-6bec-8fe2-fb11-32cf9991c5d6,/p/1/21ba318309b0bebf,7,200,384970,868.129,1653.402,232835
1787861641019,ef346761-1105-54c1-5e91-2f5043d9bfc7,/p/0/305218630de7c787,5,200,413722,318.880,6914.748,59832
1787861647552,ffb98901-750c-cfe9-0b9e-43c0cc4ed137,/p/0/c8d063d9d1747a2b,8,200,101991,55.073,544.804,187207
1787861642396,de5b2487-1898-4464-ee92-df65aa12b343,/p/0/8be894a23945db37,2,200,298295,414.319,5856.922,50930
1787861628351,0a384d5b-7afe-b99b-ca3e-dafac0a90ce9,/p/0/10066e4c84d7b2eb,8,200,4155858,377.502,19990.210,207895
1787861647933,a178c44a-6bec-8fe2-fb11-32cf9991c5d6,/p/0/96c57111ad043845,8,200,187981,337.908,549.017,342395
1787861646870,ffb98901-750c-cfe9-0b9e-43c0cc4ed137,/p/0/4a3f5a3d79d6196b,7,200,477789,57.044,1797.204,265851
1787861647933,a178c44a-6bec-8fe2-fb11-32cf9991c5d6,/p/0/96c57011ad043692,8,200,390450,337.404,797.178,489790
1787861648536,55de2469-3e53-045c-20fe-b4e0b8f8707f,/?crawl=89,0,200,194422,13.075,236.699,821388
1787861637536,3ecab947-9adc-8543-dc32-36748afaef53,/?crawl=78,0,200,4065620,42.373,11441.225,355348
1787861648536,6014114d-ea06-f12e-ffca-2ddf06711321,/?crawl=90,0,200,268892,29.917,544.340,493978
1787861645417,a8007299-286b-9f40-1cf9-3dd1c25cd7f2,/p/1/7739f3d18cb28b5a,2,200,485896,259.948,3795.737,128011
1787861648097,ffb98901-750c-cfe9-0b9e-43c0cc4ed137,/p/0/476e14b6f88f7d25,9,200,269844,80.546,1145.062,235659
1787861640640,94af7e17-9e5f-29c5-f27b-73121b769071,/p/0/a229bc3878e66be5,5,200,345002,2536.859,8748.637,39435
1787861645572,78410207-983b-34de-da3c-435ec3ff63a1,/p/1/15fb64694150b018,6,200,380480,930.121,3912.276,97253
1787861648773,55de2469-3e53-045c-20fe-b4e0b8f8707f,/p/0/68297b7588dcc711,1,200,93525,612.371,782.260,119557
1787861644318,10d5c855-2c20-10f2-f0df-71e3c8ac6c49,/p/0/afe4567e44e992c1,4,200,299174,239.652,5316.849,56269
1787861644745,54fd9232-0b5d-8474-febd-6c2e9cc1625b,/p/0/db3e4058107e74ee,2,200,390446,241.666,4933.864,79136
1787861648773,55de2469-3e53-045c-20fe-b4e0b8f8707f,/p/0/6829787588dcc1f8,1,200,254220,627.353,987.435,257455
1787861617590,e8623d64-28fe-07e6-f237-3df27f9381e3,/p/3/e5bfaef30a9288bc,2,200,491505,322.770,32182.361,15272
1787861646232,fd111076-7bba-4902-a46f-5308b1b46dd9,/p/5/7e03efc57de22139,8,200,4737101,57.485,3587.356,1320499
1787861634981,0a384d5b-7afe-b99b-ca3e-dafac0a90ce9,/p/0/6e545644ca88c618,11,200,429945,764.109,14858.137,28937
1787861628566,05276a64-d50c-00f6-028a-85dfc6c913ad,/p/0/4d31283f38f65bb0,1,200,3773865,72.419,21356.558,176708
1787861649820,fd111076-7bba-4902-a46f-5308b1b46dd9,/p/0/e0d06149d788dd28,9,200,67918,50.249,178.633,380210
1787861649820,fd111076-7bba-4902-a46f-5308b1b46dd9,/p/4/e0d06249d788dedb,9,200,97759,13.021,203.889,479472
1787861648536,db62612a-a12c-0c8c-f5c1-7f1728b62a52,/?crawl=87,0,200,491823,47.971,1511.590,325368
1787861644451,140484ae-5ccb-ebbf-b258-b34e8c61e299,/p/0/533093d5a599201,2,200,5064511,2.712,5601.002,904215
1787861649389,94af7e17-9e5f-29c5-f27b-73121b769071,/p/0/5d27fdb89df5a6e1,6,200,59443,234.102,664.666,89433
1787861645108,140484ae-5ccb-ebbf-b258-b34e8c61e299,/p/8/2ee77d2f3e62fb2c,3,200,3171980,528.575,4963.931,639006
1787861626536,cc0ea801-9fad-cff2-c2e8-1c5fb9bf58a9,/?crawl=58,0,200,5123898,69.389,23578.343,217314
1787861596949,b8635a67-275b-87ec-7bbb-a60c5f4f7f0a,/p/1/49ff6e99eef62bed,4,200,3754374,430.621,53205.680,70563
1787861650024,fd111076-7bba-4902-a46f-5308b1b46dd9,/p/0/b6a2aaecfc5b2594,10,200,71475,67.897,177.106,403572
1787861649536,3ef5c280-32c3-96e8-6350-2dc034654c57,/?crawl=91,0,200,258246,42.759,710.599,363420
1787861631536,cc2353a1-1881-35ef-b067-5c85111b4dc0,/?crawl=68,0,200,3837748,74.969,18746.660,204716
1787861650115,cc0ea801-9fad-cff2-c2e8-1c5fb9bf58a9,/p/0/5d01d35d596fd0ba,1,200,27288,53.797,187.160,145801
1787861648536,177d2d65-6c19-bec7-90ab-ed03f2aaca94,/?crawl=88,0,200,357012,74.560,1767.828,201949
1787861640640,94af7e17-9e5f-29c5-f27b-73121b769071,/p/0/a229b93878e666cc,5,200,493352,2536.252,9766.326,50516
1787861648977,3ecab947-9adc-8543-dc32-36748afaef53,/p/0/7d116b25efa33475,1,200,120553,196.867,1440.621,83681
1787861645108,140484ae-5ccb-ebbf-b258-b34e8c61e299,/p/0/2ee77f2f3e62fe92,3,200,3539722,528.457,5310.602,666539
1787861650023,fd111076-7bba-4902-a46f-5308b1b46dd9,/p/3/b6a2abecfc5b2747,10,200,179473,67.980,418.622,428723
1787861649536,57cc2657-578a-f14f-47a7-86b41e502016,/?crawl=92,0,200,344096,43.267,1024.150,335982
1787861631313,05276a64-d50c-00f6-028a-85dfc6c913ad,/p/0/ee5b6ec145189dab,3,200,3595256,132.473,19296.204,186319
1787861650072,140484ae-5ccb-ebbf-b258-b34e8c61e299,/p/0/72dda5d239a0eb72,4,200,7048,403.890,604.454,11660
1787861650304,177d2d65-6c19-bec7-90ab-ed03f2aaca94,/p/0/d4bf2417f441cd98,1,200,88920,69.746,740.171,120134
1787861650442,fd111076-7bba-4902-a46f-5308b1b46dd9,/p/0/a8a7ec2ede87fb9e,11,200,150091,59.121,635.042,236348
1787861646196,94af7e17-9e5f-29c5-f27b-73121b769071,/p/1/5d27fcb89df5a52e,6,200,325147,241.220,4889.486,66499
1787861607162,2cd9a0fd-a26b-f302-139e-84fe1695521e,/p/0/67c83a9f2a9ea644,7,200,5073080,146.472,43961.218,115399
1787861650442,fd111076-7bba-4902-a46f-5308b1b46dd9,/p/0/a8a7eb2ede87f9eb,11,200,337773,50.327,733.367,460578
1787861636214,57aece9d-5272-87f8-bf70-0fb01f75c0ee,/p/0/cec393b934f881a6,4,200,4471529,394.219,15188.472,294403
1787861647487,cb774f21-9726-b68c-227e-e40ba3e81d1b,/p/0/47a1cbcd3c9544ce,2,200,389380,224.829,3930.536,99065
1787861649080,6014114d-ea06-f12e-ffca-2ddf06711321,/p/0/bf5c44e16618fff6,1,200,226463,202.944,2343.480,96635
1787861650072,140484ae-5ccb-ebbf-b258-b34e8c61e299,/p/0/72dda4d239a0e9bf,4,200,120694,431.972,1378.753,87538
1787861649080,6014114d-ea06-f12e-ffca-2ddf06711321,/p/4/bf5c45e1661901a9,1,200,278361,27.900,2434.133,114357
1787861644536,8b36e4d6-1b61-3627-9dee-07eaca16e7c1,/?crawl=84,0,200,6114126,21.369,6995.002,874071
1787861650072,140484ae-5ccb-ebbf-b258-b34e8c61e299,/p/7/72dda3d239a0e80c,4,200,213691,346.465,1503.272,142151
1787861651531,8b36e4d6-1b61-3627-9dee-07eaca16e7c1,/p/0/8715cfa1a1d5f6ff,1,200,66487,103.632,308.231,215705
1787861651575,140484ae-5ccb-ebbf-b258-b34e8c61e299,/p/0/1ae1823c16f1206a,5,200,25915,313.254,430.130,60249
1787861644318,10d5c855-2c20-10f2-f0df-71e3c8ac6c49,/p/1/afe4547e44e98f5b,4,200,465077,332.296,7984.430,58248
1787861637088,e1b4f7d0-6fbc-11df-c9e9-ed51b07cb8c2,/p/0/2d1f5ad8876f5371,7,200,5995571,30.957,15223.921,393826
1787861651531,8b36e4d6-1b61-3627-9dee-07eaca16e7c1,/p/4/8715cea1a1d5f54c,1,200,324791,18.505,827.680,392411
1787861651531,8b36e4d6-1b61-3627-9dee-07eaca16e7c1,/p/0/8715d0a1a1d5f8b2,1,200,325222,60.403,847.494,383746
1787861648977,3ecab947-9adc-8543-dc32-36748afaef53,/p/1/7d116925efa3310f,1,200,514356,139.270,3410.623,150810
1787861644363,fc5c6a76-4c3e-f80e-8dc9-150c1e5763af,/p/0/32e0cf536f32c01a,5,200,2600531,91.409,8061.665,322580
1787861633536,45d18854-2a45-bd65-4123-2f92730d23f1,/?crawl=72,0,200,4150963,68.311,18918.157,219417
1787861649213,a8007299-286b-9f40-1cf9-3dd1c25cd7f2,/p/0/45af17f303f8df05,3,200,223393,473.356,3281.724,68072
1787861640721,15822e6f-528f-42ff-2ce6-861dd5c1e9c7,/p/0/396c7a2b4f6a1eb3,1,200,2760196,194.480,11790.314,234107
1787861650155,b8635a67-275b-87ec-7bbb-a60c5f4f7f0a,/p/0/b136bbf5828e931d,5,200,126820,678.764,2652.299,47815
1787861652359,8b36e4d6-1b61-3627-9dee-07eaca16e7c1,/p/3/1e15e86806a7c205,2,200,122722,96.129,466.108,263291
1787861650115,cc0ea801-9fad-cff2-c2e8-1c5fb9bf58a9,/p/5/5d01d45d596fd26d,1,200,309278,53.902,2741.295,112822
1787861652359,8b36e4d6-1b61-3627-9dee-07eaca16e7c1,/p/0/1e15e66806a7be9f,2,200,231252,29.141,519.490,445152
1787861644318,10d5c855-2c20-10f2-f0df-71e3c8ac6c49,/p/0/afe4537e44e98da8,4,200,474812,239.573,8567.452,55420
1787861626536,70b54076-e994-68bc-5727-c6f17bc9a54f,/?crawl=59,0,200,5284499,76.182,26399.205,200176
1787861649839,0a384d5b-7afe-b99b-ca3e-dafac0a90ce9,/p/0/606760ebab16928c,13,200,102847,777.053,3155.267,32595
1787861648773,55de2469-3e53-045c-20fe-b4e0b8f8707f,/p/15/6829797588dcc3ab,1,200,5708850,608.595,4334.722,1317005
1787861647222,5d4f252a-7ce0-0225-7fba-167375ef0217,/p/3/6d89059ed93cd0d1,2,200,284718,374.937,5897.603,48277
1787861652536,078a76f5-a48f-06a9-ad35-8489fffd4553,/?crawl=95,0,200,317685,29.385,585.400,542680
1787861653108,55de2469-3e53-045c-20fe-b4e0b8f8707f,/p/0/cfad0b058784e767,2,200,12127,10.559,16.754,723843
1787861652825,8b36e4d6-1b61-3627-9dee-07eaca16e7c1,/p/2/45240a20a0d0ce9,3,200,71324,119.034,347.906,205010
1787861649080,6014114d-ea06-f12e-ffca-2ddf06711321,/p/0/bf5c43e16618fe43,1,200,422160,158.004,4187.017,100826
1787861650048,db62612a-a12c-0c8c-f5c1-7f1728b62a52,/p/0/4154ceba5fa6d785,1,200,373587,67.134,3247.521,115038
1787861650155,b8635a67-275b-87ec-7bbb-a60c5f4f7f0a,/p/0/b136b8f5828e8e04,5,200,169144,427.729,3152.825,53648
1787861651085,94af7e17-9e5f-29c5-f27b-73121b769071,/p/0/339b05e037ff2f7c,7,200,113324,222.104,2247.054,50432
1787861631915,05276a64-d50c-00f6-028a-85dfc6c913ad,/p/0/a8ac0fa6ff976658,4,200,5854992,115.287,21673.095,270150
1787861650048,db62612a-a12c-0c8c-f5c1-7f1728b62a52,/p/0/4154cdba5fa6d5d2,1,200,331627,296.153,3551.168,93385
1787861652388,3ecab947-9adc-8543-dc32-36748afaef53,/p/0/c66f318faa31f882,2,200,97174,222.558,1332.314,72936
1787861653108,55de2469-3e53-045c-20fe-b4e0b8f8707f,/p/14/cfad0a058784e5b4,2,200,433505,51.299,615.092,704781
1787861653723,55de2469-3e53-045c-20fe-b4e0b8f8707f,/p/13/bd0b0f8e2c31dd33,3,200,7194,56.970,84.053,85588
1787861650048,db62612a-a12c-0c8c-f5c1-7f1728b62a52,/p/0/4154ccba5fa6d41f,1,200,442878,251.693,3943.546,112305
1787861642396,de5b2487-1898-4464-ee92-df65aa12b343,/p/0/8be896a23945de9d,2,200,476891,890.596,11601.340,41107
1787861613078,511821f3-2da6-a5dc-feba-e7a13652bfec,/p/0/7f489e583fafd7ad,8,200,6271545,452.940,40973.620,153063
1787861652303,10d5c855-2c20-10f2-f0df-71e3c8ac6c49,/p/0/b1fe422419c0bd28,5,200,91210,328.674,1780.619,51224
1787861653173,8b36e4d6-1b61-3627-9dee-07eaca16e7c1,/p/1/9f0acedf6ec8fe49,4,200,125878,129.995,987.576,127462
1787861613421,2cd9a0fd-a26b-f302-139e-84fe1695521e,/p/0/d9d9fefd3491c27d,8,200,5254044,195.191,40769.844,128871
1787861653120,5d4f252a-7ce0-0225-7fba-167375ef0217,/p/0/db1cdfe4d8935fe7,3,200,54894,298.374,1177.855,46605
1787861640721,15822e6f-528f-42ff-2ce6-861dd5c1e9c7,/p/8/396c792b4f6a1d00,1,200,3719354,166.161,13636.847,272743
1787861654358,15822e6f-528f-42ff-2ce6-861dd5c1e9c7,/p/0/8607faca7e5569d6,2,200,14708,30.404,60.708,242276
1787861647673,ffb98901-750c-cfe9-0b9e-43c0cc4ed137,/p/0/476e11b6f88f780c,9,200,2146793,128.874,6796.918,315848
1787861646194,ef346761-1105-54c1-5e91-2f5043d9bfc7,/p/0/1051d834d33afae4,7,200,462183,262.671,8293.523,55728
1787861653723,55de2469-3e53-045c-20fe-b4e0b8f8707f,/p/0/bd0b118e2c31e099,3,200,276892,56.932,816.213,339240
1787861653807,55de2469-3e53-045c-20fe-b4e0b8f8707f,/p/0/92ceb2cb772e1ff3,4,200,213874,96.470,750.545,284958
1787861608565,2cd9a0fd-a26b-f302-139e-84fe1695521e,/p/12/d9d9fcfd3491bf17,8,200,6011209,190.396,46038.142,130570
1787861653807,55de2469-3e53-045c-20fe-b4e0b8f8707f,/p/12/92ceb4cb772e2359,4,200,267533,70.730,840.479,318310
1787861652856,cc0ea801-9fad-cff2-c2e8-1c5fb9bf58a9,/p/0/4b4566169e19d8a2,2,200,63489,402.084,1822.347,34839
1787861654536,172547a3-f5e7-6698-335a-d90ff465f6e8,/?crawl=97,0,200,73167,31.352,158.234,462397
1787861649213,a8007299-286b-9f40-1cf9-3dd1c25cd7f2,/p/0/45af14f303f8d9ec,3,200,399593,353.496,5549.080,72011
1787861650155,b8635a67-275b-87ec-7bbb-a60c5f4f7f0a,/p/0/b136b9f5828e8fb7,5,200,294892,463.754,4661.980,63255
1787861650023,fd111076-7bba-4902-a46f-5308b1b46dd9,/p/0/b6a2adecfc5b2aad,10,200,2231723,67.172,4817.757,463229
1787861652825,8b36e4d6-1b61-3627-9dee-07eaca16e7c1,/p/0/4523ea20a0d0983,3,200,290970,91.332,2098.320,138668
1787861654647,55de2469-3e53-045c-20fe-b4e0b8f8707f,/p/0/9a2c83a48514ce38,5,200,86506,83.437,305.372,283281
1787861649772,e8623d64-28fe-07e6-f237-3df27f9381e3,/p/2/d0d12bd4306220f2,3,200,241360,1048.337,5235.184,46103
1787861637998,e471e057-27df-6378-f5c5-7be9416489bb,/p/0/843309ff8facd018,6,200,4954745,331.629,17170.238,288566
1787861654694,172547a3-f5e7-6698-335a-d90ff465f6e8,/p/0/52c69c3efab3f96f,1,200,79608,27.992,518.163,153635
1787861653723,55de2469-3e53-045c-20fe-b4e0b8f8707f,/p/0/bd0b0e8e2c31db80,3,200,391873,45.601,1573.504,249045
1787861654604,2cd9a0fd-a26b-f302-139e-84fe1695521e,/p/11/310e23f061397900,9,200,147257,31.696,712.475,206684
1787861620567,377516b3-a78c-7597-1b6d-34904424a4c3,/p/0/2e44d2131ffd285c,1,200,5819127,85.111,34872.479,166869
1787861651575,140484ae-5ccb-ebbf-b258-b34e8c61e299,/p/0/1ae1813c16f11eb7,5,200,366244,429.975,3890.051,94149
1787861652359,8b36e4d6-1b61-3627-9dee-07eaca16e7c1,/p/0/1e15e76806a7c052,2,200,437824,128.950,3126.710,140027
1787861651085,94af7e17-9e5f-29c5-f27b-73121b769071,/p/0/339b06e037ff312f,7,200,356422,222.041,4412.161,80782
1787861654647,55de2469-3e53-045c-20fe-b4e0b8f8707f,/p/0/9a2c86a48514d351,5,200,260550,65.677,868.896,299863
1787861655536,c74deb59-00a9-e22e-b500-80ce78c0a61e,/?crawl=99,0,200,33216,10.684,23.873,1391356
1787861653122,078a76f5-a48f-06a9-ad35-8489fffd4553,/p/1/799b45fa23e9e3e2,1,200,484696,149.794,2453.357,197564
1787861652856,cc0ea801-9fad-cff2-c2e8-1c5fb9bf58a9,/p/0/4b4565169e19d6ef,2,200,171881,335.780,2735.141,62842
1787861655560,c74deb59-00a9-e22e-b500-80ce78c0a61e,/p/3/c7449b707655bc2e,1,200,32430,52.112,94.320,343831
1787861652303,10d5c855-2c20-10f2-f0df-71e3c8ac6c49,/p/0/b1fe432419c0bedb,5,200,152666,443.522,3358.392,45458
1787861655316,2cd9a0fd-a26b-f302-139e-84fe1695521e,/p/0/a0e95a0e8e28e4e3,10,200,31499,149.538,357.623,88079
1787861654694,172547a3-f5e7-6698-335a-d90ff465f6e8,/p/0/52c69d3efab3fb22,1,200,237783,28.068,979.533,242751
1787861652388,3ecab947-9adc-8543-dc32-36748afaef53,/p/0/c66f2f8faa31f51c,2,200,355017,279.857,3307.725,107330
1787861637998,e471e057-27df-6378-f5c5-7be9416489bb,/p/11/84330bff8facd37e,6,200,5430495,324.636,17792.846,305207
1787861649773,e8623d64-28fe-07e6-f237-3df27f9381e3,/p/0/d0d12cd4306222a5,3,200,246249,1457.762,6049.048,40709
1787861654647,55de2469-3e53-045c-20fe-b4e0b8f8707f,/p/11/9a2c85a48514d19e,5,200,462302,83.417,1231.127,375511
1787861655575,078a76f5-a48f-06a9-ad35-8489fffd4553,/p/0/d7efa2a31876a2fc,2,200,34690,200.909,310.602,111686
1787861655560,c74deb59-00a9-e22e-b500-80ce78c0a61e,/p/0/c7449c707655bde1,1,200,178447,47.975,330.008,540736
1787861646125,511821f3-2da6-a5dc-feba-e7a13652bfec,/p/0/88407bd13e2e30d3,9,200,495060,415.177,9775.702,50642
1787861655560,c74deb59-00a9-e22e-b500-80ce78c0a61e,/p/0/c74499707655b8c8,1,200,251091,7.563,341.975,734237
1787861618129,46db7605-dfc0-6150-e651-9c9fa71a6e4c,/p/0/d4a8fc517d7c6e56,2,200,4938063,141.576,37828.825,130537
1787861655655,c74deb59-00a9-e22e-b500-80ce78c0a61e,/p/2/964c233244b87c15,2,200,167935,47.670,368.807,455347
1787861650304,177d2d65-6c19-bec7-90ab-ed03f2aaca94,/p/0/d4bf2617f441d0fe,1,200,504235,671.271,5856.249,86102
1787861654694,172547a3-f5e7-6698-335a-d90ff465f6e8,/p/3/52c69b3efab3f7bc,1,200,435114,56.331,1486.094,292790
1787861654358,15822e6f-528f-42ff-2ce6-861dd5c1e9c7,/p/7/8607f8ca7e556670,2,200,471165,60.650,1851.814,254434
1787861643497,fc5c6a76-4c3e-f80e-8dc9-150c1e5763af,/p/0/ea484961e64b1ff6,4,200,6281839,19.704,12796.253,490912
1787861654161,8b36e4d6-1b61-3627-9dee-07eaca16e7c1,/p/0/f01474b38fb1c06a,5,200,247487,88.493,2143.779,115444
1787861585580,b8635a67-275b-87ec-7bbb-a60c5f4f7f0a,/p/0/a0ad75e7ccfe617a,1,200,5116294,72.689,70742.183,72323
1787861656023,c74deb59-00a9-e22e-b500-80ce78c0a61e,/p/1/586907b874d3c1d,3,200,106274,38.760,382.623,277751
1787861655791,e471e057-27df-6378-f5c5-7be9416489bb,/p/0/eefb0b81d0082f8b,7,200,83688,221.166,661.079,126593
1787861655655,c74deb59-00a9-e22e-b500-80ce78c0a61e,/p/0/964c223244b87a62,2,200,323672,47.765,819.976,394733
1787861652303,10d5c855-2c20-10f2-f0df-71e3c8ac6c49,/p/0/b1fe442419c0c08e,5,200,293737,490.608,4297.442,68352
1787861649820,fd111076-7bba-4902-a46f-5308b1b46dd9,/p/0/e0d06449d788e241,9,200,4285750,30.146,6804.194,629869
1787861656023,c74deb59-00a9-e22e-b500-80ce78c0a61e,/p/0/5868e7b874d38b7,3,200,434787,67.486,846.372,513707
1787861656406,c74deb59-00a9-e22e-b500-80ce78c0a61e,/p/0/dc93c548067223f3,4,200,105837,40.526,474.398,223098
1787861656406,c74deb59-00a9-e22e-b500-80ce78c0a61e,/p/0/dc93c44806722240,4,200,121823,44.405,482.542,252461
1787861656023,c74deb59-00a9-e22e-b500-80ce78c0a61e,/p/0/5868f7b874d3a6a,3,200,208341,51.062,881.528,236341
1787861655879,55de2469-3e53-045c-20fe-b4e0b8f8707f,/p/0/18bf92381cd292fc,6,200,301674,47.928,1148.519,262664
1787861655316,2cd9a0fd-a26b-f302-139e-84fe1695521e,/p/10/a0e9590e8e28e330,10,200,176159,134.960,1745.618,100915
1787861652454,45d18854-2a45-bd65-4123-2f92730d23f1,/p/0/3f38bdcdbdb0cc1a,1,200,258206,218.932,4758.425,54263
1787861655791,e471e057-27df-6378-f5c5-7be9416489bb,/p/0/eefb0c81d008313e,7,200,275062,35.767,1432.404,192028
1787861647673,ffb98901-750c-cfe9-0b9e-43c0cc4ed137,/p/1/476e12b6f88f79bf,9,200,3244907,106.535,9561.361,339377
1787861655575,078a76f5-a48f-06a9-ad35-8489fffd4553,/p/0/d7efa5a31876a815,2,200,188938,172.385,1728.189,109327
1787861618658,46db7605-dfc0-6150-e651-9c9fa71a6e4c,/p/0/27cc5a219f27a51,3,200,4848398,183.185,38674.677,125364
1787861650442,fd111076-7bba-4902-a46f-5308b1b46dd9,/p/2/a8a7ea2ede87f838,11,200,4971923,66.987,6974.054,712917
1787861654924,8b36e4d6-1b61-3627-9dee-07eaca16e7c1,/p/0/f01475b38fb1c21d,5,200,440225,94.579,2598.739,169399
1787861657235,ffb98901-750c-cfe9-0b9e-43c0cc4ed137,/p/0/f972761e5df7ee15,10,200,82569,85.603,329.153,250853
1787861655316,2cd9a0fd-a26b-f302-139e-84fe1695521e,/p/0/a0e95b0e8e28e696,10,200,390927,245.441,2639.480,148108
1787861655536,84440f1f-10e5-884b-4fdb-09883296d085,/?crawl=98,0,200,421764,63.967,2424.289,173974
1787861652935,70b54076-e994-68bc-5727-c6f17bc9a54f,/p/0/c9977fffc4d4de0d,1,200,284864,252.626,5093.034,55932
1787861634962,46db7605-dfc0-6150-e651-9c9fa71a6e4c,/p/2/5162c87c8012cc80,11,200,4496357,123.423,23122.946,194454
1787861657416,fd111076-7bba-4902-a46f-5308b1b46dd9,/p/1/5ee5fa41acb00e9a,12,200,505270,27.074,677.961,745279
1787861657235,ffb98901-750c-cfe9-0b9e-43c0cc4ed137,/p/0/f972741e5df7eaaf,10,200,276217,63.855,958.086,288301
1787861652935,70b54076-e994-68bc-5727-c6f17bc9a54f,/p/0/c9977cffc4d4d8f4,1,200,346590,71.683,5395.970,64231
1787861646279,a178c44a-6bec-8fe2-fb11-32cf9991c5d6,/p/0/21ba338309b0c225,7,200,3255139,868.316,12091.052,269219
1787861658085,46db7605-dfc0-6150-e651-9c9fa71a6e4c,/p/1/cd071e5af8da70dd,12,200,239213,57.120,319.274,749240
1787861655486,8b36e4d6-1b61-3627-9dee-07eaca16e7c1,/p/0/f01472b38fb1bd04,5,200,508201,89.371,3098.767,164001
1787861658094,fd111076-7bba-4902-a46f-5308b1b46dd9,/p/0/6c409082901f2fde,13,200,117001,120.525,501.479,233312
1787861657536,a7d185f1-59de-57a2-731d-7a35303a4a1a,/?crawl=100,0,200,372966,46.159,1125.290,331440
1787861655575,078a76f5-a48f-06a9-ad35-8489fffd4553,/p/0/d7efa3a31876a4af,2,200,463887,160.465,3124.349,148475
1787861658570,a36e22df-1f8d-72d1-42d6-b5f29e6a6608,/?crawl=103,0,200,28286,70.523,136.966,206519
1787861657416,fd111076-7bba-4902-a46f-5308b1b46dd9,/p/0/5ee5fb41acb0104d,12,200,512230,8.514,1293.960,395862
1787861658405,46db7605-dfc0-6150-e651-9c9fa71a6e4c,/p/0/2edbe9ee15b8456f,13,200,98744,54.827,328.838,300282
1787861658570,087dcedb-5340-1962-4ca8-b6bd0c1a3e36,/?crawl=106,0,200,168543,26.150,222.180,758586
1787861658085,46db7605-dfc0-6150-e651-9c9fa71a6e4c,/p/0/cd071c5af8da6d77,12,200,105788,123.184,772.736,136901
1787861657235,ffb98901-750c-cfe9-0b9e-43c0cc4ed137,/p/0/f972731e5df7e8fc,10,200,460177,58.598,1645.483,279661
1787861658792,087dcedb-5340-1962-4ca8-b6bd0c1a3e36,/p/1/848154f6ba5f3a45,1,200,9671,95.760,144.711,66830
1787861658094,fd111076-7bba-4902-a46f-5308b1b46dd9,/p/0/6c408f82901f2e2b,13,200,379795,76.858,1022.655,371381
1787861658085,46db7605-dfc0-6150-e651-9c9fa71a6e4c,/p/0/cd071d5af8da6f2a,12,200,458203,101.472,1118.773,409558
1787861656180,172547a3-f5e7-6698-335a-d90ff465f6e8,/p/0/469b3d8ad3db157b,2,200,503190,67.073,3060.549,164412
1787861658094,fd111076-7bba-4902-a46f-5308b1b46dd9,/p/0/6c409182901f3191,13,200,417245,120.655,1147.002,363770
1787861646651,47bd32bb-9dda-4a39-83f8-0e02e265a52c,/p/0/20ff84d65a694c2c,2,200,179705,1490.846,12750.395,14094
1787861634962,46db7605-dfc0-6150-e651-9c9fa71a6e4c,/p/0/5162c97c8012ce33,11,200,5409268,123.540,24523.003,220579
1787861657062,2cd9a0fd-a26b-f302-139e-84fe1695521e,/p/9/da00d64258175e6,11,200,176814,177.394,2439.459,72481
1787861658937,087dcedb-5340-1962-4ca8-b6bd0c1a3e36,/p/0/54408c07cae138f7,2,200,71688,139.130,570.127,125740
1787861602607,e0462316-a48d-3073-9be8-2d611839dd56,/p/0/e4727fdebc442650,4,200,4428526,304.681,56969.057,77736
1787861652935,70b54076-e994-68bc-5727-c6f17bc9a54f,/p/6/c9977effc4d4dc5a,1,200,521481,71.703,6651.873,78396
1787861658570,6e77f6d9-35ff-9418-6cd8-b206a64e0836,/?crawl=104,0,200,373219,55.250,1074.359,347388
1787861657062,2cd9a0fd-a26b-f302-139e-84fe1695521e,/p/0/da00e6425817799,11,200,339664,162.788,2644.992,128418
1787861647028,ffb98901-750c-cfe9-0b9e-43c0cc4ed137,/p/0/c8d064d9d1747bde,8,200,5145245,57.211,12685.165,405611
1787861656475,c74deb59-00a9-e22e-b500-80ce78c0a61e,/p/0/dc93c74806722759,4,200,2475276,42.003,3271.490,756620
1787861657961,84440f1f-10e5-884b-4fdb-09883296d085,/p/0/5aaeefce0af0b08e,1,200,467950,502.176,1821.114,256958
1787861657961,84440f1f-10e5-884b-4fdb-09883296d085,/p/0/5aaeeece0af0aedb,1,200,483341,502.743,1823.979,264993
1787861658571,46a19b38-6363-2991-c990-8f41ceea29b7,/?crawl=105,0,200,454933,53.500,1229.978,369871
1787861654298,5d4f252a-7ce0-0225-7fba-167375ef0217,/p/0/db1ce0e4d893619a,3,200,285835,397.831,5621.853,50844
1787861645605,ffb98901-750c-cfe9-0b9e-43c0cc4ed137,/p/0/afc3fb87a2c17562,6,200,6115327,78.614,14624.106,418168
1787861657536,da09c190-9dca-84eb-ee4e-d1c79b5feb95,/?crawl=101,0,200,2629986,19.281,2707.104,971513
1787861658661,a7d185f1-59de-57a2-731d-7a35303a4a1a,/p/0/100354c53ebd75d3,1,200,178868,214.210,1636.132,109324
1787861658707,a36e22df-1f8d-72d1-42d6-b5f29e6a6608,/p/0/a36dab22d3586d99,1,200,164512,52.280,1604.099,102557
1787861657062,2cd9a0fd-a26b-f302-139e-84fe1695521e,/p/0/da00b6425817280,11,200,310909,177.369,3264.963,95226
1787861652454,45d18854-2a45-bd65-4123-2f92730d23f1,/p/0/3f38bccdbdb0ca67,1,200,270795,60.095,7950.460,34060
1787861660243,da09c190-9dca-84eb-ee4e-d1c79b5feb95,/p/0/7c990167aa228326,1,200,63294,57.086,185.158,341838
1787861659501,2cd9a0fd-a26b-f302-139e-84fe1695521e,/p/0/f993f5e62c6c3359,12,200,17615,893.634,1054.007,16712
1787861659587,70b54076-e994-68bc-5727-c6f17bc9a54f,/p/5/c5c1f61e39b7f0f7,2,200,101445,72.404,978.643,103659
1787861658792,087dcedb-5340-1962-4ca8-b6bd0c1a3e36,/p/0/848152f6ba5f36df,1,200,317247,95.842,1867.770,169853
1787861645486,a178c44a-6bec-8fe2-fb11-32cf9991c5d6,/p/0/e1686f27e2390c7b,6,200,5779277,3.511,15334.405,376883
1787861656210,15822e6f-528f-42ff-2ce6-861dd5c1e9c7,/p/0/aa127155daaf161d,3,200,437300,192.471,4768.627,91704
1787861646651,47bd32bb-9dda-4a39-83f8-0e02e265a52c,/p/0/20ff87d65a695145,2,200,205508,2499.425,14331.453,14340
1787861655008,e8623d64-28fe-07e6-f237-3df27f9381e3,/p/1/d14bde670d457929,4,200,198873,918.818,5982.518,33242
1787861660536,7958d49c-642e-e4b5-c747-9167d1d457b9,/?crawl=108,0,200,321501,25.037,533.130,603044
1787861652856,cc0ea801-9fad-cff2-c2e8-1c5fb9bf58a9,/p/4/4b4567169e19da55,2,200,2670824,335.768,8377.735,318800
1787861651537,38c71256-320e-4ca8-ea46-cc2f98929410,/?crawl=93,0,200,4588269,52.270,9707.347,472659
1787861658405,46db7605-dfc0-6150-e651-9c9fa71a6e4c,/p/0/2edbe8ee15b843bc,13,200,4342638,55.048,2873.325,1511363
1787861655655,c74deb59-00a9-e22e-b500-80ce78c0a61e,/p/0/964c213244b878af,2,200,5743609,47.765,5752.580,998440
1787861658937,087dcedb-5340-1962-4ca8-b6bd0c1a3e36,/p/0/54408b07cae13744,2,200,406972,119.556,2518.982,161562
1787861658404,46db7605-dfc0-6150-e651-9c9fa71a6e4c,/p/0/2edbeaee15b84722,13,200,5442058,55.255,3066.459,1774705
1787861657961,84440f1f-10e5-884b-4fdb-09883296d085,/p/7/5aaef0ce0af0b241,1,200,2682653,96.004,3601.904,744787
1787861658662,a7d185f1-59de-57a2-731d-7a35303a4a1a,/p/0/100353c53ebd7420,1,200,408464,44.698,2938.048,139026
1787861658661,a7d185f1-59de-57a2-731d-7a35303a4a1a,/p/0/100356c53ebd7939,1,200,462016,235.027,3109.531,148581
1787861661563,84440f1f-10e5-884b-4fdb-09883296d085,/p/0/1f4f40be5e739f6c,2,200,168156,50.344,209.590,802310
1787861660243,da09c190-9dca-84eb-ee4e-d1c79b5feb95,/p/0/7c990067aa228173,1,200,452445,113.081,1591.616,284268
1787861660243,da09c190-9dca-84eb-ee4e-d1c79b5feb95,/p/2/7c98ff67aa227fc0,1,200,517650,113.173,1591.739,325210
1787861657416,fd111076-7bba-4902-a46f-5308b1b46dd9,/p/0/5ee5f841acb00b34,12,200,5401331,18.324,4634.730,1165404
1787861660566,70b54076-e994-68bc-5727-c6f17bc9a54f,/p/0/715817d8b95a0e1b,3,200,53973,543.528,1669.272,32333
1787861661835,da09c190-9dca-84eb-ee4e-d1c79b5feb95,/p/0/8af643639abadf71,2,200,136534,72.418,413.527,330170
1787861661234,cc0ea801-9fad-cff2-c2e8-1c5fb9bf58a9,/p/3/545c6ab87d62069d,3,200,372044,1092.311,1455.258,255655
1787861659801,46a19b38-6363-2991-c990-8f41ceea29b7,/p/0/ca4256ddfc8e5b72,1,200,329636,36.756,2930.747,112475
1787861653807,55de2469-3e53-045c-20fe-b4e0b8f8707f,/p/0/92ceb3cb772e21a6,4,200,3185438,92.072,8930.060,356710
1787861659801,46a19b38-6363-2991-c990-8f41ceea29b7,/p/1/ca4254ddfc8e580c,1,200,392958,113.474,2949.416,133232
1787861660566,70b54076-e994-68bc-5727-c6f17bc9a54f,/p/4/715816d8b95a0c68,3,200,88042,362.975,2325.009,37867
1787861646651,47bd32bb-9dda-4a39-83f8-0e02e265a52c,/p/2/20ff86d65a694f92,2,200,359223,1261.412,16257.057,22096
1787861641720,799e7c6c-b8db-52c2-ef71-bbb83522a80a,/p/0/6ffa7587ba19f082,3,200,4395382,388.713,21286.083,206491
1787861640609,47bd32bb-9dda-4a39-83f8-0e02e265a52c,/p/0/7387f13064d2c9aa,1,200,401015,1415.158,22412.960,17892
1787861661835,da09c190-9dca-84eb-ee4e-d1c79b5feb95,/p/0/8af640639abada58,2,200,307539,25.428,1187.275,259029
1787861655879,55de2469-3e53-045c-20fe-b4e0b8f8707f,/p/0/18bf95381cd29815,6,200,2676716,48.106,7180.796,372760
1787861661835,da09c190-9dca-84eb-ee4e-d1c79b5feb95,/p/1/8af641639abadc0b,2,200,431618,145.231,1392.428,309975
1787861662750,46a19b38-6363-2991-c990-8f41ceea29b7,/p/0/9d17fc3758e5515b,2,200,48806,193.070,568.996,85776
1787861660536,771121a6-4d15-c363-8d2d-d19eeb6166cf,/?crawl=109,0,200,326058,144.615,3083.036,105759
1787861653108,55de2469-3e53-045c-20fe-b4e0b8f8707f,/p/0/cfad0c058784e91a,2,200,4960032,16.782,10693.430,463839
1787861659501,2cd9a0fd-a26b-f302-139e-84fe1695521e,/p/8/f993f4e62c6c31a6,12,200,458777,974.963,4352.389,105408
1787861646279,a178c44a-6bec-8fe2-fb11-32cf9991c5d6,/p/0/21ba308309b0bd0c,7,200,3410288,868.166,17604.919,193712
1787861661244,38c71256-320e-4ca8-ea46-cc2f98929410,/p/0/51d47c8a84822d6,1,200,424130,87.685,2717.813,156056
1787861662690,cc0ea801-9fad-cff2-c2e8-1c5fb9bf58a9,/p/2/68093f7edd897d0,4,200,24664,1273.411,1275.018,19344
1787861652825,8b36e4d6-1b61-3627-9dee-07eaca16e7c1,/p/0/4523fa20a0d0b36,3,200,2378072,109.009,11175.988,212784
1787861648341,0a384d5b-7afe-b99b-ca3e-dafac0a90ce9,/p/0/606763ebab1697a5,13,200,346905,653.869,15677.109,22128
1787861661244,38c71256-320e-4ca8-ea46-cc2f98929410,/p/0/51d46c8a8482123,1,200,451398,29.379,2804.036,160982
1787861662690,cc0ea801-9fad-cff2-c2e8-1c5fb9bf58a9,/p/0/68095f7edd89b36,4,200,259392,1274.214,1488.571,174256
1787861650114,cc0ea801-9fad-cff2-c2e8-1c5fb9bf58a9,/p/0/5d01d25d596fcf07,1,200,5655769,389.614,14064.069,402143
1787861662750,46a19b38-6363-2991-c990-8f41ceea29b7,/p/0/9d17fe3758e554c1,2,200,158874,390.351,1435.768,110654
1787861663228,da09c190-9dca-84eb-ee4e-d1c79b5feb95,/p/0/9889648838c133d4,3,200,257143,137.204,1118.380,229925
1787861654358,15822e6f-528f-42ff-2ce6-861dd5c1e9c7,/p/0/8607f9ca7e556823,2,200,2170811,30.274,10226.134,212281
1787861653173,8b36e4d6-1b61-3627-9dee-07eaca16e7c1,/p/0/9f0accdf6ec8fae3,4,200,2692179,87.298,11535.955,233373
1787861663854,2cd9a0fd-a26b-f302-139e-84fe1695521e,/p/0/5d35ba393adc561c,13,200,109417,166.711,908.897,120384
1787861655879,55de2469-3e53-045c-20fe-b4e0b8f8707f,/p/10/18bf93381cd294af,6,200,4959653,47.971,8894.210,557627
1787861663965,cc0ea801-9fad-cff2-c2e8-1c5fb9bf58a9,/p/1/70145432840fd999,5,200,396471,665.653,892.948,444003
1787861663619,771121a6-4d15-c363-8d2d-d19eeb6166cf,/p/0/17ebab544efa320b,1,200,90500,537.923,1368.733,66120
1787861663227,da09c190-9dca-84eb-ee4e-d1c79b5feb95,/p/0/9889658838c13587,3,200,457575,137.188,1861.625,245793
1787861664773,55de2469-3e53-045c-20fe-b4e0b8f8707f,/p/0/f93e9efda83fd8eb,7,200,216606,16.865,361.512,599166
1787861655008,e8623d64-28fe-07e6-f237-3df27f9381e3,/p/0/d14bdd670d457776,4,200,375850,813.990,10195.623,36864
1787861659707,2cd9a0fd-a26b-f302-139e-84fe1695521e,/p/0/f993f2e62c6c2e40,12,200,510488,700.502,5581.762,91456
1787861662908,47bd32bb-9dda-4a39-83f8-0e02e265a52c,/p/0/d000c17093807948,3,200,31138,1029.142,2489.569,12507
1787861662891,70b54076-e994-68bc-5727-c6f17bc9a54f,/p/3/2a246cefff0b21f7,4,200,61521,475.871,2542.018,24202
1787861664178,cc0ea801-9fad-cff2-c2e8-1c5fb9bf58a9,/p/0/70145332840fd7e6,5,200,197067,701.024,1300.645,151515
1787861661563,84440f1f-10e5-884b-4fdb-09883296d085,/p/0/1f4f43be5e73a485,2,200,4893069,7.953,4032.435,1213428
1787861664773,55de2469-3e53-045c-20fe-b4e0b8f8707f,/p/0/f93e9ffda83fda9e,7,200,518351,11.204,874.919,592456
1787861661563,84440f1f-10e5-884b-4fdb-09883296d085,/p/6/1f4f42be5e73a2d2,2,200,4698648,52.559,4135.098,1136285
1787861665698,84440f1f-10e5-884b-4fdb-09883296d085,/p/5/728b9acbfbe17314,3,200,76870,53.549,147.757,520245
1787861653173,8b36e4d6-1b61-3627-9dee-07eaca16e7c1,/p/0/9f0acddf6ec8fc96,4,200,3957945,120.874,12786.603,309538
1787861663854,2cd9a0fd-a26b-f302-139e-84fe1695521e,/p/7/5d35bc393adc5982,13,200,219802,179.690,2124.725,103450
1787861662750,46a19b38-6363-2991-c990-8f41ceea29b7,/p/0/9d17fb3758e54fa8,2,200,453753,193.002,3386.693,133981
1787861659587,70b54076-e994-68bc-5727-c6f17bc9a54f,/p/0/c5c1f81e39b7f45d,2,200,289909,324.631,6583.087,44038
1787861653122,078a76f5-a48f-06a9-ad35-8489fffd4553,/p/0/799b46fa23e9e595,1,200,3290478,42.024,13085.740,251455
1787861651515,6014114d-ea06-f12e-ffca-2ddf06711321,/p/3/ebbd44ece094b0eb,2,200,2760597,146.237,14793.519,186609
1787861665698,84440f1f-10e5-884b-4fdb-09883296d085,/p/0/728b9bcbfbe174c7,3,200,355561,56.568,621.938,571699
1787861665537,e97be7b3-6df1-7d98-6e23-95a652e06386,/?crawl=115,0,200,312449,38.836,796.030,392509
1787861656210,15822e6f-528f-42ff-2ce6-861dd5c1e9c7,/p/6/aa127055daaf146a,3,200,3041686,145.530,10248.334,296798
1787861665846,84440f1f-10e5-884b-4fdb-09883296d085,/p/0/f44a605314c32253,4,200,276431,33.873,653.451,423032
1787861662891,70b54076-e994-68bc-5727-c6f17bc9a54f,/p/0/2a246eefff0b255d,4,200,80251,694.777,3638.557,22056
1787861663619,771121a6-4d15-c363-8d2d-d19eeb6166cf,/p/0/17ebac544efa33be,1,200,305175,53.169,2931.226,104112
1787861665846,84440f1f-10e5-884b-4fdb-09883296d085,/p/4/f44a625314c325b9,4,200,376156,35.420,711.697,528534
1787861664858,cc0ea801-9fad-cff2-c2e8-1c5fb9bf58a9,/p/0/e7b040c7412662b1,6,200,258538,624.824,1715.560,150702
1787861665846,84440f1f-10e5-884b-4fdb-09883296d085,/p/0/f44a615314c32406,4,200,410875,33.755,738.846,556104
1787861665479,cc0ea801-9fad-cff2-c2e8-1c5fb9bf58a9,/p/0/e7b03fc7412660fe,6,200,265331,1099.370,1143.438,232047
1787861635989,10d5c855-2c20-10f2-f0df-71e3c8ac6c49,/p/0/c9f2de304e5f363d,2,200,3283963,303.948,30662.823,107099
1787861666333,e97be7b3-6df1-7d98-6e23-95a652e06386,/p/0/3d1f31a8fd9c6deb,1,200,55355,35.438,379.898,145710
1787861660536,ef2f5bc5-7600-3cf6-6a41-011cf47a1e9c,/?crawl=107,0,200,368023,225.938,6335.755,58087
1787861666333,e97be7b3-6df1-7d98-6e23-95a652e06386,/p/1/3d1f33a8fd9c7151,1,200,74195,213.229,636.017,116656
1787861666558,84440f1f-10e5-884b-4fdb-09883296d085,/p/0/7234e748cb78c3b5,5,200,333373,40.759,411.849,809455
1787861666872,ef2f5bc5-7600-3cf6-6a41-011cf47a1e9c,/p/7/f116ff9925c44432,1,200,10044,229.973,344.094,29190
1787861666458,15822e6f-528f-42ff-2ce6-861dd5c1e9c7,/p/5/ce1464357c2b1a17,4,200,119479,974.925,983.820,121444
1787861666458,15822e6f-528f-42ff-2ce6-861dd5c1e9c7,/p/0/ce1463357c2b1864,4,200,259838,973.552,986.413,263417
1787861666458,15822e6f-528f-42ff-2ce6-861dd5c1e9c7,/p/0/ce1466357c2b1d7d,4,200,403639,972.747,989.587,407886
1787861656210,15822e6f-528f-42ff-2ce6-861dd5c1e9c7,/p/0/aa126e55daaf1104,3,200,5239372,266.755,11302.435,463561
1787861666573,cc0ea801-9fad-cff2-c2e8-1c5fb9bf58a9,/p/0/e7b03ec741265f4b,6,200,117721,371.875,974.609,120788
1787861658792,087dcedb-5340-1962-4ca8-b6bd0c1a3e36,/p/0/848153f6ba5f3892,1,200,3336088,20.448,9044.243,368863
1787861666536,bf68d0ac-338e-b2bc-570b-49cd9646ad59,/?crawl=116,0,200,234679,80.982,1334.905,175802
1787861664773,55de2469-3e53-045c-20fe-b4e0b8f8707f,/p/9/f93e9dfda83fd738,7,200,4455483,49.363,3189.304,1397008
1787861666170,70b54076-e994-68bc-5727-c6f17bc9a54f,/p/0/cc3bc8cd9086985a,5,200,78806,395.892,1928.562,40863
1787861666536,7197bcf4-f4a1-303b-c4a6-c0014468c27d,/?crawl=117,0,200,344111,68.723,1585.426,217046
1787861667536,2ad201d0-84bc-84b3-d955-f677f17c125f,/?crawl=119,0,200,168000,61.531,746.026,225193
1787861667442,15822e6f-528f-42ff-2ce6-861dd5c1e9c7,/p/4/6e06425e4de718df,5,200,82461,365.702,878.328,93884
1787861667442,15822e6f-528f-42ff-2ce6-861dd5c1e9c7,/p/0/6e06415e4de7172c,5,200,40413,365.634,1028.570,39290
1787861638051,10d5c855-2c20-10f2-f0df-71e3c8ac6c49,/p/0/6ea1dfff9f5b68df,3,200,4460972,282.708,30426.700,146614
1787861667871,bf68d0ac-338e-b2bc-570b-49cd9646ad59,/p/0/82e035903fcb927e,1,200,40642,240.266,609.120,66722
1787861667962,55de2469-3e53-045c-20fe-b4e0b8f8707f,/p/8/ed9f049ed5cae3f0,8,200,220215,48.300,528.993,416291
1787861662908,47bd32bb-9dda-4a39-83f8-0e02e265a52c,/p/1/d000c27093807afb,3,200,182492,223.624,5667.332,32201
1787861612469,e0462316-a48d-3073-9be8-2d611839dd56,/p/0/320fbab713093a5b,6,200,5012150,822.247,56109.061,89329
1787861668536,cd3dd65c-dc14-e66d-763b-bc8f15ddfdd8,/?crawl=120,0,200,132766,10.384,84.649,1568429
1787861668491,55de2469-3e53-045c-20fe-b4e0b8f8707f,/p/7/d48e917d804479c,9,200,84564,52.265,156.999,538628
1787861667962,55de2469-3e53-045c-20fe-b4e0b8f8707f,/p/0/ed9f069ed5cae756,8,200,379158,7.591,712.797,531930
1787861658937,087dcedb-5340-1962-4ca8-b6bd0c1a3e36,/p/0/54408e07cae13c5d,2,200,3944751,91.663,9764.491,403989
1787861653121,078a76f5-a48f-06a9-ad35-8489fffd4553,/p/0/799b43fa23e9e07c,1,200,4455371,27.562,15658.870,284527
1787861660536,e8f3a735-80d5-d527-57a0-309e81b145e1,/?crawl=110,0,200,4073244,30.080,8376.235,486286
1787861667871,bf68d0ac-338e-b2bc-570b-49cd9646ad59,/p/4/82e033903fcb8f18,1,200,47827,322.444,1057.280,45236
1787861667962,55de2469-3e53-045c-20fe-b4e0b8f8707f,/p/0/ed9f059ed5cae5a3,8,200,416524,44.438,966.325,431039
1787861648977,3ecab947-9adc-8543-dc32-36748afaef53,/p/0/7d116825efa32f5c,1,200,3162823,38.905,20101.926,157339
1787861668491,55de2469-3e53-045c-20fe-b4e0b8f8707f,/p/0/d48eb17d8044b02,9,200,270640,52.233,618.549,437540
1787861661244,38c71256-320e-4ca8-ea46-cc2f98929410,/p/15/51d45c8a8481f70,1,200,3046071,145.378,7895.771,385785
1787861668491,55de2469-3e53-045c-20fe-b4e0b8f8707f,/p/0/d48ea17d804494f,9,200,180343,52.223,657.989,274082
1787861666308,6014114d-ea06-f12e-ffca-2ddf06711321,/p/0/b90e731e5ab859d9,3,200,266079,158.908,2940.861,90477
1787861663227,da09c190-9dca-84eb-ee4e-d1c79b5feb95,/p/0/9889678838c138ed,3,200,4709045,22.038,6148.407,765897
1787861668648,55de2469-3e53-045c-20fe-b4e0b8f8707f,/p/6/d40aba9d6fc1d175,10,200,190709,84.933,754.356,252811
1787861668675,55de2469-3e53-045c-20fe-b4e0b8f8707f,/p/0/d40ab89d6fc1ce0f,10,200,295860,73.176,757.007,390829
1787861668122,7197bcf4-f4a1-303b-c4a6-c0014468c27d,/p/1/164a88edd466852b,1,200,114115,65.781,1379.833,82702
1787861669140,38c71256-320e-4ca8-ea46-cc2f98929410,/p/14/b0854cbd528c298a,2,200,60308,28.963,407.984,147820
1787861655791,e471e057-27df-6378-f5c5-7be9416489bb,/p/10/eefb0a81d0082dd8,7,200,5123928,111.235,13844.073,370117
1787861665698,84440f1f-10e5-884b-4fdb-09883296d085,/p/0/728b9ccbfbe1767a,3,200,2852843,7.994,3976.319,717458
1787861669403,55de2469-3e53-045c-20fe-b4e0b8f8707f,/p/0/8632338b6bb83918,11,200,101355,55.862,278.358,364117
1787861660990,e8623d64-28fe-07e6-f237-3df27f9381e3,/p/0/8e8ca6c6dd89b227,5,200,249650,408.646,8698.783,28699
1787861669536,91d46326-f52c-184b-64e4-de6c5b2f238a,/?crawl=122,0,200,100081,31.030,200.523,499100
1787861669635,e471e057-27df-6378-f5c5-7be9416489bb,/p/0/a72d038ad600a834,8,200,31718,36.270,109.036,290894
1787861669403,55de2469-3e53-045c-20fe-b4e0b8f8707f,/p/0/8632368b6bb83e31,11,200,168634,47.845,411.444,409859
1787861636536,6d88c14f-db70-cf17-5b72-5012b11b6399,/?crawl=75,0,200,5878749,84.717,33285.063,176618
1787861668621,cd3dd65c-dc14-e66d-763b-bc8f15ddfdd8,/p/0/269914d5f23976ae,1,200,216424,37.067,1363.871,158684
1787861669635,e471e057-27df-6378-f5c5-7be9416489bb,/p/0/a72d068ad600ad4d,8,200,83268,108.905,435.584,191164
1787861669403,55de2469-3e53-045c-20fe-b4e0b8f8707f,/p/5/8632348b6bb83acb,11,200,388657,55.845,751.517,517163
1787861667442,15822e6f-528f-42ff-2ce6-861dd5c1e9c7,/p/0/6e06445e4de71c45,5,200,293909,536.782,2715.334,108240
1787861666308,6014114d-ea06-f12e-ffca-2ddf06711321,/p/0/b90e701e5ab854c0,3,200,324077,159.016,3882.626,83469
1787861668621,cd3dd65c-dc14-e66d-763b-bc8f15ddfdd8,/p/9/269915d5f2397861,1,200,398354,11.079,1582.811,251675
1787861669140,38c71256-320e-4ca8-ea46-cc2f98929410,/p/0/b0854dbd528c2b3d,2,200,125960,188.850,1260.025,99966
1787861659801,46a19b38-6363-2991-c990-8f41ceea29b7,/p/0/ca4255ddfc8e59bf,1,200,2670692,171.121,10673.897,250208
1787861662536,a75977ad-1a1c-59e7-6b95-2310da56e939,/?crawl=112,0,200,476677,239.085,8181.310,58264
1787861669635,e471e057-27df-6378-f5c5-7be9416489bb,/p/9/a72d058ad600ab9a,8,200,304199,183.120,1086.912,279875
1787861668320,15822e6f-528f-42ff-2ce6-861dd5c1e9c7,/p/0/7f675af33f192b72,6,200,266063,356.125,2541.887,104671
1787861670722,e471e057-27df-6378-f5c5-7be9416489bb,/p/8/1cf1793ffc03f36d,9,200,33813,36.594,164.762,205224
1787861670154,55de2469-3e53-045c-20fe-b4e0b8f8707f,/p/0/9bff4d784533bf7f,12,200,268770,62.895,807.937,332662
1787861670154,55de2469-3e53-045c-20fe-b4e0b8f8707f,/p/0/9bff4e784533c132,12,200,302491,52.710,832.176,363494
1787861670204,cd3dd65c-dc14-e66d-763b-bc8f15ddfdd8,/p/0/6defc84561938f56,2,200,213472,51.095,794.883,268558
1787861651515,6014114d-ea06-f12e-ffca-2ddf06711321,/p/0/ebbd46ece094b451,2,200,3641130,158.903,19651.753,185283
1787861665978,2cd9a0fd-a26b-f302-139e-84fe1695521e,/p/0/c980516ce118ae27,14,200,495468,165.919,5373.393,92208
1787861661069,7958d49c-642e-e4b5-c747-9167d1d457b9,/p/4/ab55ffb1e395266b,1,200,2117553,38.406,10456.899,202503
1787861668320,15822e6f-528f-42ff-2ce6-861dd5c1e9c7,/p/3/7f675bf33f192d25,6,200,513912,370.745,3229.240,159143
1787861652388,3ecab947-9adc-8543-dc32-36748afaef53,/p/0/c66f308faa31f6cf,2,200,3781027,222.504,19209.189,196834
1787861668122,7197bcf4-f4a1-303b-c4a6-c0014468c27d,/p/0/164a87edd4668378,1,200,162014,197.728,3480.319,46551
1787861647933,a178c44a-6bec-8fe2-fb11-32cf9991c5d6,/p/0/96c56f11ad0434df,8,200,5599661,337.406,23718.441,236089
1787861669501,7197bcf4-f4a1-303b-c4a6-c0014468c27d,/p/0/ecfa0b0000e32679,2,200,38164,330.460,2167.511,17607
1787861671536,89487a21-ce36-eeca-849c-d99c8724e963,/?crawl=125,0,200,241666,24.406,332.010,727888
1787861671536,4d5139d1-631e-0221-8409-6a381f8e8654,/?crawl=124,0,200,125813,42.953,383.227,328299
1787861671868,89487a21-ce36-eeca-849c-d99c8724e963,/p/0/e0d816eeb00a5c4d,1,200,40062,19.493,79.759,502290
1787861645417,a8007299-286b-9f40-1cf9-3dd1c25cd7f2,/p/0/7739f1d18cb287f4,2,200,3750156,235.111,26622.213,140866
1787861671919,4d5139d1-631e-0221-8409-6a381f8e8654,/p/3/74426b4c44a550ad,1,200,67502,43.433,255.640,264051
1787861671868,89487a21-ce36-eeca-849c-d99c8724e963,/p/0/e0d815eeb00a5a9a,1,200,175385,119.870,411.550,426157
1787861666558,84440f1f-10e5-884b-4fdb-09883296d085,/p/3/7234e548cb78c04f,5,200,5282373,42.848,5756.977,917560
1787861666558,84440f1f-10e5-884b-4fdb-09883296d085,/p/0/7234e448cb78be9c,5,200,5710240,33.249,5772.441,989225
1787861672315,84440f1f-10e5-884b-4fdb-09883296d085,/p/2/a41b2e0531494d01,6,200,22839,30.790,45.407,502989
1787861672315,84440f1f-10e5-884b-4fdb-09883296d085,/p/0/a41b2c053149499b,6,200,85281,19.782,69.895,1220128
1787861671526,7958d49c-642e-e4b5-c747-9167d1d457b9,/p/0/cb4c138ea1a2e4d0,2,200,134955,118.459,930.311,145064
1787861642396,de5b2487-1898-4464-ee92-df65aa12b343,/p/0/8be893a23945d984,2,200,2200239,809.962,30128.098,73029
1787861671550,15822e6f-528f-42ff-2ce6-861dd5c1e9c7,/p/2/d0551329d80d12b8,7,200,103697,174.970,1013.896,102276
1787861671868,89487a21-ce36-eeca-849c-d99c8724e963,/p/0/e0d813eeb00a5734,1,200,302861,29.486,704.289,430024
1787861660990,e8623d64-28fe-07e6-f237-3df27f9381e3,/p/0/8e8ca5c6dd89b074,5,200,395227,370.393,11602.709,34063
1787861672360,84440f1f-10e5-884b-4fdb-09883296d085,/p/0/dc74aeeaadfd5cad,7,200,144234,83.026,380.913,378654
1787861672315,84440f1f-10e5-884b-4fdb-09883296d085,/p/0/a41b2d0531494b4e,6,200,289627,41.369,436.703,663213
1787861669548,38c71256-320e-4ca8-ea46-cc2f98929410,/p/13/d70742826d154248,3,200,404111,146.412,3208.949,125933
1787861670722,e471e057-27df-6378-f5c5-7be9416489bb,/p/0/1cf1773ffc03f007,9,200,152249,184.416,2090.060,72844
1787861651575,140484ae-5ccb-ebbf-b258-b34e8c61e299,/p/6/1ae1803c16f11d04,5,200,4975383,56.192,21696.350,229319
1787861672536,f5ce8c67-d4e5-c4b9-34c3-00091c5e0e58,/?crawl=126,0,200,463190,29.062,841.705,550299
1787861673378,f5ce8c67-d4e5-c4b9-34c3-00091c5e0e58,/p/0/4d6dc2911b6f67ed,1,200,20021,26.243,52.228,383338
1787861669501,7197bcf4-f4a1-303b-c4a6-c0014468c27d,/p/0/ecfa080000e32160,2,200,392479,430.053,3961.207,99081
1787861634231,a7e70a58-c14d-5f1e-172b-398f8e3ca12a,/p/0/18641612947ae50d,1,200,3539346,348.613,39304.923,90048
1787861660566,70b54076-e994-68bc-5727-c6f17bc9a54f,/p/0/715818d8b95a0fce,3,200,509174,617.629,13079.242,38930
1787861671526,7958d49c-642e-e4b5-c747-9167d1d457b9,/p/0/cb4c168ea1a2e9e9,2,200,254789,179.473,2131.752,119521
1787861671526,7958d49c-642e-e4b5-c747-9167d1d457b9,/p/3/cb4c148ea1a2e683,2,200,356566,167.316,2301.144,154952
1787861669548,38c71256-320e-4ca8-ea46-cc2f98929410,/p/0/d70744826d1545ae,3,200,439830,176.110,4346.739,101186
1787861671550,15822e6f-528f-42ff-2ce6-861dd5c1e9c7,/p/0/d0551429d80d146b,7,200,208641,147.632,2434.900,85688
1787861651515,6014114d-ea06-f12e-ffca-2ddf06711321,/p/0/ebbd43ece094af38,2,200,4186675,158.663,22484.848,186200
1787861672175,4d5139d1-631e-0221-8409-6a381f8e8654,/p/0/95b7711546039f56,2,200,85734,282.522,1828.910,46877
1787861672757,38c71256-320e-4ca8-ea46-cc2f98929410,/p/0/6572297cc234e281,4,200,84040,220.997,1378.963,60944
1787861673378,f5ce8c67-d4e5-c4b9-34c3-00091c5e0e58,/p/0/4d6dc0911b6f6487,1,200,236781,52.294,806.247,293683
1787861672757,38c71256-320e-4ca8-ea46-cc2f98929410,/p/12/6572277cc234df1b,4,200,219106,163.251,1812.776,120868
1787861665433,70b54076-e994-68bc-5727-c6f17bc9a54f,/p/2/cc3bc9cd90869a0d,5,200,344372,557.018,9167.969,37563
1787861668122,7197bcf4-f4a1-303b-c4a6-c0014468c27d,/p/0/164a8aedd4668891,1,200,2678065,99.521,6503.401,411795
1787861674570,38c71256-320e-4ca8-ea46-cc2f98929410,/p/0/636fbd8e9a899a90,5,200,9755,292.103,378.899,25746
1787861665203,e8623d64-28fe-07e6-f237-3df27f9381e3,/p/0/8e8ca8c6dd89b58d,5,200,391305,489.837,9852.622,39716
1787861667871,bf68d0ac-338e-b2bc-570b-49cd9646ad59,/p/0/82e034903fcb90cb,1,200,410455,80.499,7258.899,56545
1787861672757,38c71256-320e-4ca8-ea46-cc2f98929410,/p/0/6572267cc234dd68,4,200,247612,148.139,2429.232,101930
1787861670154,55de2469-3e53-045c-20fe-b4e0b8f8707f,/p/4/9bff4f784533c2e5,12,200,3587548,49.653,5039.911,711828
1787861670717,a75977ad-1a1c-59e7-6b95-2310da56e939,/p/0/d0898b0692376aca,1,200,70737,1261.754,4594.111,15397
1787861672360,84440f1f-10e5-884b-4fdb-09883296d085,/p/1/dc74aceaadfd5947,7,200,3406363,53.762,3013.101,1130517
1787861656181,172547a3-f5e7-6698-335a-d90ff465f6e8,/p/2/469b3f8ad3db18e1,2,200,5110354,107.916,19275.053,265128
1787861670204,cd3dd65c-dc14-e66d-763b-bc8f15ddfdd8,/p/0/6defc74561938da3,2,200,2633692,55.778,5275.514,499229
1787861633329,94af7e17-9e5f-29c5-f27b-73121b769071,/p/0/78490c4a292ab89f,3,200,3359634,182.445,42178.514,79653
1787861656181,172547a3-f5e7-6698-335a-d90ff465f6e8,/p/0/469b3e8ad3db172e,2,200,5173498,25.250,19399.590,266681
1787861675373,84440f1f-10e5-884b-4fdb-09883296d085,/p/0/fc74996bdcf2266e,8,200,103823,43.053,232.176,447173
1787861675374,84440f1f-10e5-884b-4fdb-09883296d085,/p/0/fc74986bdcf224bb,8,200,274872,45.338,398.074,690505
1787861658707,a36e22df-1f8d-72d1-42d6-b5f29e6a6608,/p/0/a36daa22d3586be6,1,200,2212207,78.438,17091.711,129432
1787861668928,bf68d0ac-338e-b2bc-570b-49cd9646ad59,/p/3/734902eae4bf1cde,2,200,336682,611.787,6880.366,48934
1787861675456,172547a3-f5e7-6698-335a-d90ff465f6e8,/p/0/3c11422fd603cb0b,3,200,66334,151.503,434.941,152513
1787861672360,84440f1f-10e5-884b-4fdb-09883296d085,/p/0/dc74abeaadfd5794,7,200,3795349,96.070,3583.755,1059042
1787861634231,a7e70a58-c14d-5f1e-172b-398f8e3ca12a,/p/2/18641412947ae1a7,1,200,5005620,77.750,41721.821,119976
1787861675194,55de2469-3e53-045c-20fe-b4e0b8f8707f,/p/0/d071ff68cad2b312,13,200,264879,68.995,758.914,349024
1787861675374,84440f1f-10e5-884b-4fdb-09883296d085,/p/0/fc74976bdcf22308,8,200,462816,35.742,600.521,770691
1787861669501,7197bcf4-f4a1-303b-c4a6-c0014468c27d,/p/0/ecfa0a0000e324c6,2,200,5741694,462.928,6519.137,880745
1787861666308,6014114d-ea06-f12e-ffca-2ddf06711321,/p/2/b90e721e5ab85826,3,200,2410325,172.603,9751.297,247180
1787861674545,f8c41e35-4b17-f9f7-9acd-9fea89c80962,/?crawl=128,0,200,444221,58.999,1549.260,286731
1787861671919,4d5139d1-631e-0221-8409-6a381f8e8654,/p/0/7442694c44a54d47,1,200,326791,214.835,4211.998,77586
1787861676060,6014114d-ea06-f12e-ffca-2ddf06711321,/p/0/b6c8cf5a4e0017dd,4,200,56678,29.129,128.233,441992
1787861675194,55de2469-3e53-045c-20fe-b4e0b8f8707f,/p/0/d071fe68cad2b15f,13,200,438245,59.187,999.077,438650
1787861668648,55de2469-3e53-045c-20fe-b4e0b8f8707f,/p/0/d40ab99d6fc1cfc2,10,200,5499337,47.360,7638.052,719992
1787861671550,15822e6f-528f-42ff-2ce6-861dd5c1e9c7,/p/0/d0551529d80d161e,7,200,451171,161.662,4812.478,93750
1787861675536,506c59fd-68b8-f068-6b08-3a045474fd52,/?crawl=130,0,200,466097,30.973,921.969,505545
1787861672564,15822e6f-528f-42ff-2ce6-861dd5c1e9c7,/p/0/68195ee62e46535f,8,200,410147,212.504,3904.224,105052
1787861669536,4b07540a-ec66-9bca-94be-5bf327082e1b,/?crawl=121,0,200,2704762,39.558,6990.947,386895
1787861676536,c16e53db-6210-f32b-2ef7-c5f42da391f5,/?crawl=131,0,200,4858,30.510,30.579,158869
1787861675456,172547a3-f5e7-6698-335a-d90ff465f6e8,/p/0/3c11432fd603ccbe,3,200,174311,138.232,1114.779,156364
1787861676060,6014114d-ea06-f12e-ffca-2ddf06711321,/p/0/b6c8cc5a4e0012c4,4,200,140143,140.476,589.819,237603
1787861669821,6d88c14f-db70-cf17-5b72-5012b11b6399,/p/0/37506b3ead7416ae,1,200,398810,159.068,6846.348,58251
1787861673827,7958d49c-642e-e4b5-c747-9167d1d457b9,/p/2/76634245c4681313,3,200,460386,180.591,2856.394,161177
1787861653120,5d4f252a-7ce0-0225-7fba-167375ef0217,/p/2/db1cdee4d8935e34,3,200,2243701,259.164,23585.947,95129
1787861676060,6014114d-ea06-f12e-ffca-2ddf06711321,/p/1/b6c8cd5a4e001477,4,200,136676,128.095,674.957,202496
1787861673827,7958d49c-642e-e4b5-c747-9167d1d457b9,/p/0/76634145c4681160,3,200,262220,134.365,2930.006,89495
1787861668621,cd3dd65c-dc14-e66d-763b-bc8f15ddfdd8,/p/0/269913d5f23974fb,1,200,4274888,11.076,8138.523,525266
1787861675456,172547a3-f5e7-6698-335a-d90ff465f6e8,/p/1/3c11412fd603c958,3,200,415143,138.126,1395.278,297534
1787861671920,4d5139d1-631e-0221-8409-6a381f8e8654,/p/0/74426a4c44a54efa,1,200,453244,214.673,4968.071,91231
1787861647222,5d4f252a-7ce0-0225-7fba-167375ef0217,/p/0/6d89049ed93ccf1e,2,200,3142697,198.679,29697.197,105825
1787861644756,5d4f252a-7ce0-0225-7fba-167375ef0217,/p/0/f3ab77440d3afbd3,1,200,3053421,38.599,32189.462,94858
1787861676757,7958d49c-642e-e4b5-c747-9167d1d457b9,/p/0/702bfc61c41c6dc3,4,200,11305,142.048,222.513,50806
1787861676851,172547a3-f5e7-6698-335a-d90ff465f6e8,/p/0/22b76f0602a19bae,4,200,44720,29.334,181.823,245953
1787861666536,bd6b727f-38e5-20d2-5374-008cd6ffcd71,/?crawl=118,0,200,235990,889.074,10557.426,22353
1787861676735,6014114d-ea06-f12e-ffca-2ddf06711321,/p/0/2f34596ce018bd54,5,200,102236,26.410,379.106,269676
1787861675953,a7e70a58-c14d-5f1e-172b-398f8e3ca12a,/p/1/4b6d42e36b72f1c9,2,200,444375,4.334,1167.022,380777
1787861675953,a7e70a58-c14d-5f1e-172b-398f8e3ca12a,/p/0/4b6d41e36b72f016,2,200,69657,4.383,1167.119,59683
1787861670204,cd3dd65c-dc14-e66d-763b-bc8f15ddfdd8,/p/8/6defc94561939109,2,200,4429303,60.028,6983.634,634240
1787861676706,5d4f252a-7ce0-0225-7fba-167375ef0217,/p/0/5d3916f361d80be1,4,200,268978,335.912,684.766,392803
1787861676706,5d4f252a-7ce0-0225-7fba-167375ef0217,/p/1/5d3915f361d80a2e,4,200,215437,335.968,690.983,311783
1787861647222,5d4f252a-7ce0-0225-7fba-167375ef0217,/p/0/6d89039ed93ccd6b,2,200,3780053,217.732,30183.815,125234
1787861649213,a8007299-286b-9f40-1cf9-3dd1c25cd7f2,/p/0/45af15f303f8db9f,3,200,4657726,307.440,28275.590,164726
1787861672175,4d5139d1-631e-0221-8409-6a381f8e8654,/p/2/95b76f1546039bf0,2,200,441855,241.971,5381.969,82099
1787861677537,89448aad-84c3-8a4a-533a-a85a227ce00c,/?crawl=134,0,200,78812,26.177,130.632,603312
1787861671536,6e4d1db7-ea92-13df-5a19-18e403923cd4,/?crawl=123,0,200,493634,215.502,6181.808,79853
1787861677187,cd3dd65c-dc14-e66d-763b-bc8f15ddfdd8,/p/0/cf8fe7526eed81a0,3,200,305929,40.218,669.173,457175
1787861676851,172547a3-f5e7-6698-335a-d90ff465f6e8,/p/0/22b76e0602a199fb,4,200,228080,82.788,1021.353,223312
1787861677537,cd1dfc92-bb76-84b6-217a-1ad8b2aee606,/?crawl=132,0,200,81137,65.014,381.455,212704
1787861666530,70b54076-e994-68bc-5727-c6f17bc9a54f,/p/0/cc3bc7cd908696a7,5,200,369914,438.841,11406.082,32431
1787861676458,506c59fd-68b8-f068-6b08-3a045474fd52,/p/3/a0a9491fdb8a93b8,1,200,71795,95.554,1544.520,46484
1787861676735,6014114d-ea06-f12e-ffca-2ddf06711321,/p/0/2f345b6ce018c0ba,5,200,296321,177.850,1312.737,225728
1787861644756,5d4f252a-7ce0-0225-7fba-167375ef0217,/p/0/f3ab78440d3afd86,1,200,4333745,78.760,33296.715,130155
1787861676735,6014114d-ea06-f12e-ffca-2ddf06711321,/p/0/2f345c6ce018c26d,5,200,265191,190.754,1355.165,195689
1787861674570,38c71256-320e-4ca8-ea46-cc2f98929410,/p/11/636fbf8e9a899df6,5,200,406108,161.962,3603.391,112702
1787861677397,5d4f252a-7ce0-0225-7fba-167375ef0217,/p/0/78afa891ae196348,5,200,29793,883.557,884.187,33695
1787861676851,172547a3-f5e7-6698-335a-d90ff465f6e8,/p/0/22b7700602a19d61,4,200,459063,95.827,1434.366,320046
1787861677397,5d4f252a-7ce0-0225-7fba-167375ef0217,/p/0/78afa991ae1964fb,5,200,225850,884.443,896.354,251965
1787861677557,4d5139d1-631e-0221-8409-6a381f8e8654,/p/0/49058371fa255051,3,200,93792,218.821,781.844,119963
1787861673272,140484ae-5ccb-ebbf-b258-b34e8c61e299,/p/0/549d10370df66559,6,200,422393,56.866,5085.869,83052
1787861658707,a36e22df-1f8d-72d1-42d6-b5f29e6a6608,/p/0/a36da822d3586880,1,200,5048148,103.917,19691.272,256365
1787861676458,506c59fd-68b8-f068-6b08-3a045474fd52,/p/0/a0a94a1fdb8a956b,1,200,207958,95.554,1983.776,104829
1787861677667,89448aad-84c3-8a4a-533a-a85a227ce00c,/p/3/ee529e962df66c04,1,200,186762,74.637,913.418,204465
1787861677718,6e4d1db7-ea92-13df-5a19-18e403923cd4,/p/0/6c5a17bd3468998e,1,200,115676,76.052,863.340,133987
1787861677667,89448aad-84c3-8a4a-533a-a85a227ce00c,/p/0/ee52a0962df66f6a,1,200,213447,23.810,925.176,230710
1787861677397,5d4f252a-7ce0-0225-7fba-167375ef0217,/p/0/78afab91ae196861,5,200,517626,885.113,1242.536,416588
1787861676919,5d4f252a-7ce0-0225-7fba-167375ef0217,/p/0/5d3913f361d806c8,4,200,2627214,476.322,1725.025,1523001
1787861677557,4d5139d1-631e-0221-8409-6a381f8e8654,/p/0/49058071fa254b38,3,200,85193,241.877,1102.740,77256
1787861673271,140484ae-5ccb-ebbf-b258-b34e8c61e299,/p/0/549d0d370df66040,6,200,428196,114.382,5515.953,77629
1787861675194,55de2469-3e53-045c-20fe-b4e0b8f8707f,/p/3/d0720068cad2b4c5,13,200,4641092,55.579,3648.487,1272059
1787861654604,2cd9a0fd-a26b-f302-139e-84fe1695521e,/p/0/310e24f061397ab3,9,200,2946398,82.964,24473.890,120389
1787861677918,cd1dfc92-bb76-84b6-217a-1ad8b2aee606,/p/0/c77df4db04c08191,1,200,96369,63.523,1226.241,78589
1787861629704,20b2286b-d80f-2501-6bb1-a6ad689a7a63,/p/0/81805ba1e0185940,1,200,3352881,242.135,49485.094,67755
1787861662536,7c870cb3-83f6-373d-80a3-ee54092c3355,/?crawl=114,0,200,2894103,75.766,16652.906,173790
1787861678843,55de2469-3e53-045c-20fe-b4e0b8f8707f,/p/0/fc8d4b45c36ee982,14,200,68414,6.922,349.565,195712
1787861678003,506c59fd-68b8-f068-6b08-3a045474fd52,/p/0/dc2ac1b731509add,2,200,333913,383.756,1231.928,271049
1787861676458,506c59fd-68b8-f068-6b08-3a045474fd52,/p/0/a0a94b1fdb8a971e,1,200,469483,27.134,2793.811,168044
1787861677120,a7e70a58-c14d-5f1e-172b-398f8e3ca12a,/p/0/fb8a1bb982b832ac,3,200,368047,337.098,2157.640,170578
1787861677120,a7e70a58-c14d-5f1e-172b-398f8e3ca12a,/p/0/fb8a1db982b83612,3,200,401721,333.641,2161.748,185832
1787861646194,ef346761-1105-54c1-5e91-2f5043d9bfc7,/p/1/1051d934d33afc97,7,200,3085311,262.649,33217.633,92882
1787861678003,506c59fd-68b8-f068-6b08-3a045474fd52,/p/2/dc2ac0b73150992a,2,200,370185,139.271,1426.686,259472
1787861675809,bf68d0ac-338e-b2bc-570b-49cd9646ad59,/p/0/3833d0b99f80261b,3,200,100467,491.001,3726.718,26959
1787861676567,c16e53db-6210-f32b-2ef7-c5f42da391f5,/p/0/34139d7d70258818,1,200,332801,85.698,2984.548,111508
1787861679429,506c59fd-68b8-f068-6b08-3a045474fd52,/p/1/fbd33b53ba79f6fd,3,200,59561,80.472,216.403,275231
1787861679646,506c59fd-68b8-f068-6b08-3a045474fd52,/p/0/51870e8dd8d25db1,4,200,16388,67.696,97.100,168775
1787861678843,55de2469-3e53-045c-20fe-b4e0b8f8707f,/p/2/fc8d4c45c36eeb35,14,200,456841,16.817,945.181,483337
1787861650304,177d2d65-6c19-bec7-90ab-ed03f2aaca94,/p/0/d4bf2517f441cf4b,1,200,5404931,529.507,29516.712,183114
1787861676684,7958d49c-642e-e4b5-c747-9167d1d457b9,/p/1/702bfe61c41c7129,4,200,380871,166.257,3142.758,121190
1787861677187,cd3dd65c-dc14-e66d-763b-bc8f15ddfdd8,/p/0/cf8fea526eed86b9,3,200,2152569,9.699,2739.366,785791
1787861679429,506c59fd-68b8-f068-6b08-3a045474fd52,/p/0/fbd33a53ba79f54a,3,200,154409,75.003,497.845,310155
1787861676567,c16e53db-6210-f32b-2ef7-c5f42da391f5,/p/10/34139e7d702589cb,1,200,368980,130.780,3485.839,105851
1787861663619,771121a6-4d15-c363-8d2d-d19eeb6166cf,/p/4/17ebaa544efa3058,1,200,3932886,537.851,16444.291,239164
1787861676567,c16e53db-6210-f32b-2ef7-c5f42da391f5,/p/0/3413a07d70258d31,1,200,502574,28.361,3505.700,143359
1787861678174,38c71256-320e-4ca8-ea46-cc2f98929410,/p/10/a4c2c8febe1e2caf,6,200,141365,145.979,1979.163,71427
1787861644745,54fd9232-0b5d-8474-febd-6c2e9cc1625b,/p/0/db3e3e58107e7188,2,200,4276276,426.567,35454.780,120612
1787861679827,7958d49c-642e-e4b5-c747-9167d1d457b9,/p/0/9f34e68adf7d6e79,5,200,25887,152.848,437.657,59149
1787861670718,a75977ad-1a1c-59e7-6b95-2310da56e939,/p/0/d0898a0692376917,1,200,303803,227.339,9594.519,31664
1787861652536,0469ebea-1f0e-d0de-ba8f-7712ce531285,/?crawl=94,0,200,4954224,82.578,27988.393,177010
1787861673378,f5ce8c67-d4e5-c4b9-34c3-00091c5e0e58,/p/0/4d6dbf911b6f62d4,1,200,3756080,116.288,7266.534,516901
1787861679646,506c59fd-68b8-f068-6b08-3a045474fd52,/p/0/51870c8dd8d25a4b,4,200,440038,80.128,1084.319,405820
1787861679788,55de2469-3e53-045c-20fe-b4e0b8f8707f,/p/0/549e5c24d2f9e815,15,200,323623,67.066,992.894,325939
1787861678174,38c71256-320e-4ca8-ea46-cc2f98929410,/p/0/a4c2c7febe1e2afc,6,200,184573,190.544,2695.864,68465
1787861679646,506c59fd-68b8-f068-6b08-3a045474fd52,/p/0/51870b8dd8d25898,4,200,496910,74.583,1266.419,392374
1787861680525,0469ebea-1f0e-d0de-ba8f-7712ce531285,/p/0/d059b57b884d9f5,1,200,8310,395.591,474.270,17522
1787861680536,57dd727b-3951-1615-1f76-0f02b3fe38d8,/?crawl=136,0,200,92697,43.603,479.419,193353
1787861679412,ef346761-1105-54c1-5e91-2f5043d9bfc7,/p/0/c5c0acc4aea9fb26,8,200,156652,1323.731,1644.078,95283
1787861680064,771121a6-4d15-c363-8d2d-d19eeb6166cf,/p/0/1fddcfced02054ff,2,200,66970,371.301,999.060,67033
1787861679788,55de2469-3e53-045c-20fe-b4e0b8f8707f,/p/1/549e5b24d2f9e662,15,200,497823,67.086,1413.801,352117
1787861680536,27914413-c05c-cc47-c52c-ef7a595bf19c,/?crawl=135,0,200,323574,35.650,725.405,446060
1787861678581,89448aad-84c3-8a4a-533a-a85a227ce00c,/p/0/83297531f9b2a56c,2,200,260937,1065.242,2691.208,96959
1787861680525,0469ebea-1f0e-d0de-ba8f-7712ce531285,/p/0/d059a57b884d842,1,200,50800,238.393,834.259,60892
1787861677187,cd3dd65c-dc14-e66d-763b-bc8f15ddfdd8,/p/7/cf8fe8526eed8353,3,200,4355552,9.648,4178.540,1042362
1787861679412,ef346761-1105-54c1-5e91-2f5043d9bfc7,/p/0/c5c0adc4aea9fcd9,8,200,231563,1325.025,1976.707,117146
1787861679412,ef346761-1105-54c1-5e91-2f5043d9bfc7,/p/0/c5c0abc4aea9f973,8,200,206927,1325.182,1979.449,104538
1787861677667,89448aad-84c3-8a4a-533a-a85a227ce00c,/p/0/ee529f962df66db7,1,200,498138,124.192,3842.667,129633
1787861680053,c16e53db-6210-f32b-2ef7-c5f42da391f5,/p/9/a36fa760720f8168,2,200,249885,139.028,1484.421,168338
1787861674601,70b54076-e994-68bc-5727-c6f17bc9a54f,/p/1/70a3c691f2d47106,6,200,382311,395.373,6971.220,54841
1787861678581,89448aad-84c3-8a4a-533a-a85a227ce00c,/p/2/83297631f9b2a71f,2,200,447812,1077.700,3071.843,145780
1787861681262,27914413-c05c-cc47-c52c-ef7a595bf19c,/p/0/81bcf3f3c2916217,1,200,26167,154.690,428.277,61098
1787861681366,cd3dd65c-dc14-e66d-763b-bc8f15ddfdd8,/p/0/2490a43634329805,4,200,170925,50.661,370.769,461001
1787861681202,55de2469-3e53-045c-20fe-b4e0b8f8707f,/p/0/16f677a89c1f6049,16,200,255356,161.685,549.194,464965
1787861677718,6e4d1db7-ea92-13df-5a19-18e403923cd4,/p/1/6c5a15bd34689628,1,200,362099,111.276,4042.134,89581
1787861681202,55de2469-3e53-045c-20fe-b4e0b8f8707f,/p/0/16f674a89c1f5b30,16,200,154907,161.996,586.595,264078
1787861646221,ef346761-1105-54c1-5e91-2f5043d9bfc7,/p/0/1051db34d33afffd,7,200,4332750,339.532,35744.449,121215
1787861681366,cd3dd65c-dc14-e66d-763b-bc8f15ddfdd8,/p/6/2490a33634329652,4,200,504214,88.120,659.094,765011
1787861637130,ef346761-1105-54c1-5e91-2f5043d9bfc7,/p/0/44adb1fc1b2b884f,4,200,5677374,264.810,44970.013,126248
1787861680524,0469ebea-1f0e-d0de-ba8f-7712ce531285,/p/0/d059957b884d68f,1,200,253037,78.693,1741.371,145309
1787861680053,c16e53db-6210-f32b-2ef7-c5f42da391f5,/p/0/a36fa860720f831b,2,200,330496,196.588,2340.478,141209
1787861682025,cd3dd65c-dc14-e66d-763b-bc8f15ddfdd8,/p/0/46fbd49cc7149c58,5,200,144899,53.448,463.058,312918
1787861681572,70b54076-e994-68bc-5727-c6f17bc9a54f,/p/0/ef561e5da50d5ed6,7,200,246640,878.952,1084.742,227372
1787861682025,cd3dd65c-dc14-e66d-763b-bc8f15ddfdd8,/p/5/46fbd59cc7149e0b,5,200,211296,53.389,757.565,278915
1787861682025,cd3dd65c-dc14-e66d-763b-bc8f15ddfdd8,/p/0/46fbd79cc714a171,5,200,411155,59.813,812.692,505918
1787861678843,55de2469-3e53-045c-20fe-b4e0b8f8707f,/p/0/fc8d4a45c36ee7cf,14,200,2118966,12.736,3998.571,529931
1787861680064,771121a6-4d15-c363-8d2d-d19eeb6166cf,/p/3/1fddd1ced0205865,2,200,402428,58.348,2901.024,138719
1787861682783,cd3dd65c-dc14-e66d-763b-bc8f15ddfdd8,/p/0/3066fd33bb76756c,6,200,97099,64.675,362.962,267518
1787861682783,cd3dd65c-dc14-e66d-763b-bc8f15ddfdd8,/p/0/30670033bb767a85,6,200,222316,59.411,482.791,460481
1787861681653,89448aad-84c3-8a4a-533a-a85a227ce00c,/p/0/8bd0b9ce070239ff,3,200,193450,161.249,1629.509,118717
1787861681262,27914413-c05c-cc47-c52c-ef7a595bf19c,/p/0/81bcf2f3c2916064,1,200,299414,184.883,2204.937,135793
1787861642436,54fd9232-0b5d-8474-febd-6c2e9cc1625b,/p/0/ccd6cd88e4051160,1,200,4503535,256.841,41061.377,109678
1787861680264,7958d49c-642e-e4b5-c747-9167d1d457b9,/p/0/9f34e48adf7d6b13,5,200,349479,119.074,3294.549,106078
1787861680064,771121a6-4d15-c363-8d2d-d19eeb6166cf,/p/0/1fddd0ced02056b2,2,200,403811,399.381,3497.316,115463
1787861647487,cb774f21-9726-b68c-227e-e40ba3e81d1b,/p/3/47a1cccd3c954681,2,200,4144436,224.794,36080.149,114867
1787861682783,cd3dd65c-dc14-e66d-763b-bc8f15ddfdd8,/p/4/3066ff33bb7678d2,6,200,414793,64.556,815.524,508622
1787861683598,cd3dd65c-dc14-e66d-763b-bc8f15ddfdd8,/p/0/55a81c647ba3cbff,7,200,39225,49.242,73.226,535667
1787861680053,c16e53db-6210-f32b-2ef7-c5f42da391f5,/p/0/a36fa960720f84ce,2,200,509731,58.412,3713.383,137269
1787861682965,771121a6-4d15-c363-8d2d-d19eeb6166cf,/p/0/6eb58d92486fe2ee,3,200,71951,266.656,1086.711,66210
1787861679827,7958d49c-642e-e4b5-c747-9167d1d457b9,/p/0/9f34e58adf7d6cc6,5,200,379142,142.140,4353.162,87096
1787861683598,cd3dd65c-dc14-e66d-763b-bc8f15ddfdd8,/p/0/55a81d647ba3cdb2,7,200,271590,49.424,631.823,429851
1787861683568,cb774f21-9726-b68c-227e-e40ba3e81d1b,/p/2/1ac3ee68baba85f5,3,200,62976,285.347,715.370,88033
1787861644654,ef346761-1105-54c1-5e91-2f5043d9bfc7,/p/0/5444c7ed61a3326a,6,200,5701063,332.544,39644.451,143805
1787861680870,38c71256-320e-4ca8-ea46-cc2f98929410,/p/0/5a9fcce16bbffe84,7,200,266580,160.375,3431.768,77680
1787861681537,c16e53db-6210-f32b-2ef7-c5f42da391f5,/p/8/d8daf8b6628104ac,3,200,307359,280.397,2817.347,109095
1787861683598,cd3dd65c-dc14-e66d-763b-bc8f15ddfdd8,/p/3/55a81b647ba3ca4c,7,200,371269,98.063,763.538,486248
1787861681653,89448aad-84c3-8a4a-533a-a85a227ce00c,/p/1/8bd0b8ce0702384c,3,200,513745,126.507,2776.814,185012
1787861675809,bf68d0ac-338e-b2bc-570b-49cd9646ad59,/p/2/3833d2b99f802981,3,200,261165,570.613,8646.113,30206
1787861680153,38c71256-320e-4ca8-ea46-cc2f98929410,/p/9/5a9fcde16bc00037,7,200,410635,164.233,4457.715,92118
1787861683536,2b1b30b9-9bf5-ee87-33d2-4329488e5c8d,/?crawl=137,0,200,411259,27.484,1113.861,369219
1787861684362,cd3dd65c-dc14-e66d-763b-bc8f15ddfdd8,/p/2/f030c336c61157fc,8,200,173327,48.302,631.090,274647
1787861678003,506c59fd-68b8-f068-6b08-3a045474fd52,/p/0/dc2abeb7315095c4,2,200,3290694,139.220,7050.372,466740
1787861679429,506c59fd-68b8-f068-6b08-3a045474fd52,/p/0/fbd33953ba79f397,3,200,2977157,63.814,5694.564,522807
1787861684355,c16e53db-6210-f32b-2ef7-c5f42da391f5,/p/0/aea05d92230ddcf0,4,200,44360,168.912,820.642,54055
1787861679189,7c870cb3-83f6-373d-80a3-ee54092c3355,/p/0/a9b4df4b69017cf1,1,200,441300,75.142,6019.930,73307
1787861684455,bf68d0ac-338e-b2bc-570b-49cd9646ad59,/p/0/237731843c29b2f7,4,200,25960,533.519,859.299,30211
1787861646124,511821f3-2da6-a5dc-feba-e7a13652bfec,/p/10/88407ad13e2e2f20,9,200,3206636,415.311,39270.556,81655
1787861684993,cd3dd65c-dc14-e66d-763b-bc8f15ddfdd8,/p/0/869de11890ba5853,9,200,115194,61.620,421.852,273067
1787861684429,89448aad-84c3-8a4a-533a-a85a227ce00c,/p/0/ef86b0b99a28de42,4,200,90541,161.770,1010.804,89573
1787861646537,daa39011-f338-206b-27a8-2251a0598e5b,/?crawl=85,0,200,5908898,229.334,38907.308,151871
1787861684362,cd3dd65c-dc14-e66d-763b-bc8f15ddfdd8,/p/0/f030c436c61159af,8,200,430469,48.255,1085.402,396599
1787861681202,55de2469-3e53-045c-20fe-b4e0b8f8707f,/p/0/16f676a89c1f5e96,16,200,2852330,96.534,4250.757,671017
1787861681760,6e4d1db7-ea92-13df-5a19-18e403923cd4,/p/0/c8791fa6eed4c5f7,2,200,123248,505.654,3809.678,32351
1787861684355,c16e53db-6210-f32b-2ef7-c5f42da391f5,/p/7/aea05e92230ddea3,4,200,69459,168.742,1256.905,55262
1787861679788,55de2469-3e53-045c-20fe-b4e0b8f8707f,/p/0/549e5924d2f9e2fc,15,200,3745280,76.441,5883.071,636620
1787861638000,e0462316-a48d-3073-9be8-2d611839dd56,/p/3/cdb3b16027e1dda3,8,200,5593860,885.083,47685.320,117308
1787861677120,a7e70a58-c14d-5f1e-172b-398f8e3ca12a,/p/0/fb8a1eb982b837c5,3,200,2176587,33.882,8571.477,253934
1787861684536,201f7550-9c12-1644-fb3b-52df7b0a7f83,/?crawl=139,0,200,389878,48.893,1172.653,332475
1787861684536,2b850159-7cea-af46-16ff-7bb9e9d16034,/?crawl=140,0,200,360487,38.171,1266.336,284669
1787861685536,a1f4902f-8abc-f758-dec1-136369238e96,/?crawl=142,0,200,494568,17.737,490.923,1007424
1787861638342,de5b2487-1898-4464-ee92-df65aa12b343,/p/0/512239f12c120768,1,200,4772391,914.184,47710.866,100027
1787861684993,cd3dd65c-dc14-e66d-763b-bc8f15ddfdd8,/p/1/869de31890ba5bb9,9,200,289878,61.575,1074.837,269695
1787861675953,a7e70a58-c14d-5f1e-172b-398f8e3ca12a,/p/0/4b6d40e36b72ee63,2,200,4581267,4.535,10165.326,450676
1787861685803,2b850159-7cea-af46-16ff-7bb9e9d16034,/p/0/7297d7d34bfdfd44,1,200,97721,66.266,386.944,252546
1787861682965,771121a6-4d15-c363-8d2d-d19eeb6166cf,/p/2/6eb58b92486fdf88,3,200,381145,323.419,3267.865,116634
1787861686068,cd3dd65c-dc14-e66d-763b-bc8f15ddfdd8,/p/0/c5b87eef84fcdd3f,10,200,73390,48.534,440.618,166562
1787861686233,771121a6-4d15-c363-8d2d-d19eeb6166cf,/p/0/1d817518f894f12a,4,200,7832,297.659,377.133,20767
1787861681537,c16e53db-6210-f32b-2ef7-c5f42da391f5,/p/0/d8dafab662810812,3,200,441057,201.248,5080.418,86815
1787861684650,2b1b30b9-9bf5-ee87-33d2-4329488e5c8d,/p/6/a8919eaeebc74e3d,1,200,108790,235.273,2114.696,51445
1787861684283,cb774f21-9726-b68c-227e-e40ba3e81d1b,/p/1/784934eeccfff7f1,4,200,140217,227.288,2602.625,53875
1787861684429,89448aad-84c3-8a4a-533a-a85a227ce00c,/p/0/ef86b1b99a28dff5,4,200,317605,161.771,2510.759,126498
1787861686765,2b1b30b9-9bf5-ee87-33d2-4329488e5c8d,/p/0/d83266881cb6e0f7,2,200,7360,250.310,345.989,21272
1787861681760,6e4d1db7-ea92-13df-5a19-18e403923cd4,/p/0/c87921a6eed4c95d,2,200,331696,397.505,5617.043,59052
1787861630719,0a384d5b-7afe-b99b-ca3e-dafac0a90ce9,/p/0/a4cdb911f0bc0b0,10,200,4284297,997.976,56712.117,75545
1787861686027,a1f4902f-8abc-f758-dec1-136369238e96,/p/0/996c828e7533e96a,1,200,126430,77.864,1412.722,89494
1787861644745,54fd9232-0b5d-8474-febd-6c2e9cc1625b,/p/0/db3e4158107e76a1,2,200,6004906,221.412,42703.007,140620
1787861673271,140484ae-5ccb-ebbf-b258-b34e8c61e299,/p/5/549d0f370df663a6,6,200,2743853,199.697,14202.385,193197
1787861686068,cd3dd65c-dc14-e66d-763b-bc8f15ddfdd8,/p/0/c5b87fef84fcdef2,10,200,495571,48.638,1467.748,337640
1787861685612,c16e53db-6210-f32b-2ef7-c5f42da391f5,/p/0/48209d2e5a4f0d6,5,200,144806,166.358,1963.713,73741
1787861686027,a1f4902f-8abc-f758-dec1-136369238e96,/p/0/996c838e7533eb1d,1,200,197574,16.899,1551.885,127312
1787861684650,2b1b30b9-9bf5-ee87-33d2-4329488e5c8d,/p/0/a8919daeebc74c8a,1,200,224990,196.464,2959.544,76022
1787861686536,523d70e7-b5ba-e0f4-037e-4a837aa475f0,/?crawl=143,0,200,431250,38.354,1079.866,399355
1787861685803,2b850159-7cea-af46-16ff-7bb9e9d16034,/p/0/7297dad34bfe025d,1,200,157290,49.668,1816.808,86575
1787861667216,ef2f5bc5-7600-3cf6-6a41-011cf47a1e9c,/p/6/82e17ec8573f7815,2,200,399151,1971.555,20419.289,19548
1787861667216,ef2f5bc5-7600-3cf6-6a41-011cf47a1e9c,/p/0/82e17dc8573f7662,2,200,420863,1157.608,20421.867,20608
1787861666872,ef2f5bc5-7600-3cf6-6a41-011cf47a1e9c,/p/0/f117009925c445e5,1,200,511388,463.199,20767.335,24625
1787861686068,cd3dd65c-dc14-e66d-763b-bc8f15ddfdd8,/p/0/c5b87def84fcdb8c,10,200,474390,48.583,1618.675,293073
1787861687536,29a64f4e-3da9-e5fd-278e-990fb1e14314,/?crawl=145,0,200,41651,58.264,194.433,214218
1787861685395,511821f3-2da6-a5dc-feba-e7a13652bfec,/p/0/2b94f04ba547230,10,200,93894,382.335,2364.991,39702
1787861687731,29a64f4e-3da9-e5fd-278e-990fb1e14314,/p/0/91842eff64f7324b,1,200,13888,56.428,112.850,123066
1787861661234,cc0ea801-9fad-cff2-c2e8-1c5fb9bf58a9,/p/0/545c69b87d6204ea,3,200,5332664,1092.683,26677.713,199892
1787861687638,ef2f5bc5-7600-3cf6-6a41-011cf47a1e9c,/p/0/fd24dbc20cf31c6e,3,200,66035,132.608,389.524,169527
1787861686765,2b1b30b9-9bf5-ee87-33d2-4329488e5c8d,/p/0/d83267881cb6e2aa,2,200,129827,231.999,1608.331,80722
1787861687635,ef2f5bc5-7600-3cf6-6a41-011cf47a1e9c,/p/5/fd24d9c20cf31908,3,200,287872,78.894,926.197,310811
1787861685709,201f7550-9c12-1644-fb3b-52df7b0a7f83,/p/0/98c0f590cb4ddc99,1,200,209302,41.416,2941.909,71145
1787861687731,29a64f4e-3da9-e5fd-278e-990fb1e14314,/p/16/91842dff64f73098,1,200,114871,168.234,971.215,118276
1787861684301,38c71256-320e-4ca8-ea46-cc2f98929410,/p/0/5a9fcfe16bc0039d,7,200,363348,191.061,4573.203,79452
1787861685685,e0462316-a48d-3073-9be8-2d611839dd56,/p/0/e930853cc1fbfd4a,9,200,140611,394.601,3238.813,43414
1787861685612,c16e53db-6210-f32b-2ef7-c5f42da391f5,/p/6/48207d2e5a4ed70,5,200,356076,149.048,3324.396,107110
1787861688562,ef2f5bc5-7600-3cf6-6a41-011cf47a1e9c,/p/0/9578de1bfd331a50,4,200,72552,105.542,395.120,183620
1787861630523,0a384d5b-7afe-b99b-ca3e-dafac0a90ce9,/p/0/a4cde911f0bc5c9,10,200,5558517,1190.731,58455.149,95090
1787861685685,e0462316-a48d-3073-9be8-2d611839dd56,/p/2/e930833cc1fbf9e4,9,200,163551,333.754,3308.493,49434
1787861688562,ef2f5bc5-7600-3cf6-6a41-011cf47a1e9c,/p/4/9578e01bfd331db6,4,200,47189,105.198,433.290,108908
1787861684536,55dedd4c-51c4-de1a-60f2-229a57f43051,/?crawl=138,0,200,437906,136.065,4581.943,95572
1787861688995,ef2f5bc5-7600-3cf6-6a41-011cf47a1e9c,/p/0/330355c64b4c9548,5,200,29654,145.434,177.620,166952
1787861686886,cb774f21-9726-b68c-227e-e40ba3e81d1b,/p/0/784932eeccfff48b,4,200,130054,306.581,2312.337,56244
1787861686536,a7382727-c510-9915-ba88-b607669b1892,/?crawl=144,0,200,495947,68.644,2677.363,185237
1787861670718,a75977ad-1a1c-59e7-6b95-2310da56e939,/p/4/d089890692376764,1,200,514306,227.454,18571.866,27693
1787861674545,95d3b189-2c97-d7f4-77e1-bd96e7e9637b,/?crawl=127,0,200,5400709,87.257,14782.504,365345
1787861685709,201f7550-9c12-1644-fb3b-52df7b0a7f83,/p/0/98c0f290cb4dd780,1,200,441185,41.479,3727.658,118354
1787861688936,c16e53db-6210-f32b-2ef7-c5f42da391f5,/p/0/387dac96890d580b,6,200,45540,207.470,525.037,86737
1787861685685,e0462316-a48d-3073-9be8-2d611839dd56,/p/0/e930843cc1fbfb97,9,200,291421,303.118,3877.919,75149
1787861685709,201f7550-9c12-1644-fb3b-52df7b0a7f83,/p/5/98c0f390cb4dd933,1,200,355271,227.097,3854.312,92175
1787861688537,746de133-ac6b-05bb-1099-3236a8d2c822,/?crawl=146,0,200,507458,46.245,1048.503,483983
1787861687616,523d70e7-b5ba-e0f4-037e-4a837aa475f0,/p/0/6022f30e098f6bd,1,200,82763,183.945,2075.410,39878
1787861684611,38c71256-320e-4ca8-ea46-cc2f98929410,/p/8/14142500a333d241,8,200,387343,291.684,5112.228,75768
1787861686765,2b1b30b9-9bf5-ee87-33d2-4329488e5c8d,/p/5/d83268881cb6e45d,2,200,418638,250.188,3181.535,131584
1787861681262,27914413-c05c-cc47-c52c-ef7a595bf19c,/p/0/81bcf5f3c291657d,1,200,3070171,27.170,8692.925,353180
1787861626162,e0462316-a48d-3073-9be8-2d611839dd56,/p/0/9b501b0589c1e03f,7,200,6181285,303.005,63986.738,96603
1787861688995,ef2f5bc5-7600-3cf6-6a41-011cf47a1e9c,/p/3/330356c64b4c96fb,5,200,276527,83.391,1271.540,217474
1787861683568,cb774f21-9726-b68c-227e-e40ba3e81d1b,/p/0/1ac3ed68baba8442,3,200,385279,326.367,7046.279,54678
1787861681366,cd3dd65c-dc14-e66d-763b-bc8f15ddfdd8,/p/0/2490a136343292ec,4,200,4650783,15.435,9468.602,491179
1787861683568,cb774f21-9726-b68c-227e-e40ba3e81d1b,/p/0/1ac3ec68baba828f,3,200,461466,326.313,7359.116,62707
1787861690614,cb774f21-9726-b68c-227e-e40ba3e81d1b,/p/0/c93de9ef096f1d82,5,200,27698,315.755,317.042,87364
1787861686027,a1f4902f-8abc-f758-dec1-136369238e96,/p/0/996c818e7533e7b7,1,200,3784731,16.755,4907.111,771275
1787861689946,2b1b30b9-9bf5-ee87-33d2-4329488e5c8d,/p/0/ba481420b94b3b05,3,200,284446,196.977,1085.707,261992
1787861669821,6d88c14f-db70-cf17-5b72-5012b11b6399,/p/4/3750693ead741348,1,200,3420145,79.412,21303.877,160541
1787861688562,ef2f5bc5-7600-3cf6-6a41-011cf47a1e9c,/p/0/9578e11bfd331f69,4,200,307529,128.836,2573.737,119487
1787861684536,f4c41001-1cba-99f6-00f9-b9d8c4578b45,/?crawl=141,0,200,4584760,23.959,6678.728,686472
1787861689563,201f7550-9c12-1644-fb3b-52df7b0a7f83,/p/0/7f90c5174263345e,2,200,167285,221.955,1666.158,100402
1787861673827,7958d49c-642e-e4b5-c747-9167d1d457b9,/p/0/76634445c4681679,3,200,2220783,180.546,17424.080,127455
1787861691125,6d88c14f-db70-cf17-5b72-5012b11b6399,/p/0/f8d47e8c7977a5e3,2,200,44527,42.970,153.958,289216
1787861687616,523d70e7-b5ba-e0f4-037e-4a837aa475f0,/p/2/6022e30e098f50a,1,200,516161,183.985,3747.502,137735
1787861661234,cc0ea801-9fad-cff2-c2e8-1c5fb9bf58a9,/p/0/545c68b87d620337,3,200,6244681,1092.874,30132.679,207239
1787861688936,c16e53db-6210-f32b-2ef7-c5f42da391f5,/p/0/387dad96890d59be,6,200,161453,420.781,2525.203,63937
1787861643882,cb774f21-9726-b68c-227e-e40ba3e81d1b,/p/0/604124e678a00ad9,1,200,5404908,40.926,47694.440,113324
1787861689198,cb774f21-9726-b68c-227e-e40ba3e81d1b,/p/0/c93deaef096f1f35,5,200,262168,286.705,2380.008,110154
1787861686233,771121a6-4d15-c363-8d2d-d19eeb6166cf,/p/1/1d817318f894edc4,4,200,429440,269.546,5374.264,79907
1787861691125,6d88c14f-db70-cf17-5b72-5012b11b6399,/p/3/f8d4808c7977a949,2,200,478630,46.523,737.782,648742
1787861690267,ef2f5bc5-7600-3cf6-6a41-011cf47a1e9c,/p/2/aa7144f23b5a01bf,6,200,231318,131.990,1605.011,144122
1787861691863,6d88c14f-db70-cf17-5b72-5012b11b6399,/p/0/fa1486713be6f64,3,200,174184,38.979,285.180,610785
1787861689563,201f7550-9c12-1644-fb3b-52df7b0a7f83,/p/0/7f90c417426332ab,2,200,289169,43.703,2587.289,111765
1787861688994,e0462316-a48d-3073-9be8-2d611839dd56,/p/0/bb283d6a583f0537,10,200,183298,478.442,3161.817,57972
1787861687474,140484ae-5ccb-ebbf-b258-b34e8c61e299,/p/0/aca9a69c3820bb3f,7,200,379401,143.780,4779.225,79385
1787861647487,cb774f21-9726-b68c-227e-e40ba3e81d1b,/p/0/47a1cacd3c95431b,2,200,5343715,204.867,44799.433,119281
1787861690927,cb774f21-9726-b68c-227e-e40ba3e81d1b,/p/0/c93de8ef096f1bcf,5,200,493282,833.244,1373.063,359257
1787861661069,7958d49c-642e-e4b5-c747-9167d1d457b9,/p/0/ab5601b1e39529d1,1,200,4789192,26.048,31256.019,153225
1787861691863,6d88c14f-db70-cf17-5b72-5012b11b6399,/p/0/fa14b6713be747d,3,200,215521,36.119,547.470,393667
1787861687474,140484ae-5ccb-ebbf-b258-b34e8c61e299,/p/4/aca9a59c3820b98c,7,200,410379,287.791,4953.030,82854
1787861687474,140484ae-5ccb-ebbf-b258-b34e8c61e299,/p/0/aca9a79c3820bcf2,7,200,457873,58.726,4953.055,92443
1787861685395,511821f3-2da6-a5dc-feba-e7a13652bfec,/p/9/2b95104ba547596,10,200,329147,612.284,7068.220,46567
1787861688936,c16e53db-6210-f32b-2ef7-c5f42da391f5,/p/5/387dae96890d5b71,6,200,341823,250.755,3681.089,92859
1787861677557,4d5139d1-631e-0221-8409-6a381f8e8654,/p/1/49058271fa254e9e,3,200,2381708,241.877,15210.203,156586
1787861689563,201f7550-9c12-1644-fb3b-52df7b0a7f83,/p/4/7f90c317426330f8,2,200,467159,136.518,3349.037,139491
1787861688875,38c71256-320e-4ca8-ea46-cc2f98929410,/p/0/14142400a333d08e,8,200,464789,251.277,4107.427,113158
1787861691364,523d70e7-b5ba-e0f4-037e-4a837aa475f0,/p/1/874da6f8fba51851,2,200,252676,201.047,1706.075,148104
1787861688994,e0462316-a48d-3073-9be8-2d611839dd56,/p/1/bb283f6a583f089d,10,200,298670,387.924,4132.703,72270
1787861688702,29a64f4e-3da9-e5fd-278e-990fb1e14314,/p/0/b18a15fba33eee5c,2,200,186818,641.012,4501.625,41500
1787861684362,cd3dd65c-dc14-e66d-763b-bc8f15ddfdd8,/p/0/f030c536c6115b62,8,200,4186093,48.336,8957.037,467352
1787861661536,ec1ab826-5fa2-5c86-7338-75d952e5b6a0,/?crawl=111,0,200,5280048,187.225,31841.768,165821
1787861653536,e31cfc97-375b-38ce-99d3-47bbbe115dc8,/?crawl=96,0,200,4684100,226.758,39921.000,117334
1787861684283,cb774f21-9726-b68c-227e-e40ba3e81d1b,/p/0/784933eeccfff63e,4,200,2126701,204.803,9182.590,231601
1787861692767,4d5139d1-631e-0221-8409-6a381f8e8654,/p/0/a667fba2f42a0880,4,200,46536,211.002,733.994,63401
1787861652454,45d18854-2a45-bd65-4123-2f92730d23f1,/p/7/3f38becdbdb0cdcd,1,200,6092422,59.999,41053.012,148404
1787861691536,6fe6b239-68ab-c384-65a1-dc489c88a54b,/?crawl=148,0,200,360564,84.885,2028.922,177712
1787861669821,6d88c14f-db70-cf17-5b72-5012b11b6399,/p/0/37506a3ead7414fb,1,200,5815228,159.046,23756.781,244782
1787861689723,38c71256-320e-4ca8-ea46-cc2f98929410,/p/0/14142300a333cedb,8,200,345394,206.860,3896.448,88643
1787861689118,55dedd4c-51c4-de1a-60f2-229a57f43051,/p/0/5569f3336b2e4d3,1,200,386215,372.202,4554.590,84797
1787861689327,95d3b189-2c97-d7f4-77e1-bd96e7e9637b,/p/0/ba036d3386d471da,1,200,200464,139.560,4384.537,45721
1787861692617,c16e53db-6210-f32b-2ef7-c5f42da391f5,/p/0/688567d388b39762,7,200,55871,260.330,1121.411,49822
1787861691125,6d88c14f-db70-cf17-5b72-5012b11b6399,/p/0/f8d47f8c7977a796,2,200,2414533,39.261,2629.022,918415
1787861693507,45d18854-2a45-bd65-4123-2f92730d23f1,/p/6/a97693e526f918fe,2,200,145337,3.417,317.114,458311
1787861693507,45d18854-2a45-bd65-4123-2f92730d23f1,/p/0/a97694e526f91ab1,2,200,451655,3.695,332.264,1359325
1787861693507,45d18854-2a45-bd65-4123-2f92730d23f1,/p/0/a97691e526f91598,2,200,422135,313.402,340.313,1240430
1787861693825,45d18854-2a45-bd65-4123-2f92730d23f1,/p/0/8c331faa1adecd19,3,200,6570,23.287,23.336,281541
1787861688702,29a64f4e-3da9-e5fd-278e-990fb1e14314,/p/0/b18a18fba33ef375,2,200,250320,615.545,5177.035,48352
1787861693126,e0462316-a48d-3073-9be8-2d611839dd56,/p/0/1a78711399765451,11,200,17014,335.663,795.263,21394
1787861693825,45d18854-2a45-bd65-4123-2f92730d23f1,/p/5/8c331daa1adec9b3,3,200,101945,23.126,127.296,800848
1787861689118,55dedd4c-51c4-de1a-60f2-229a57f43051,/p/1/5569e3336b2e320,1,200,477427,52.319,4919.337,97051
1787861691364,523d70e7-b5ba-e0f4-037e-4a837aa475f0,/p/0/874da5f8fba5169e,2,200,257933,220.344,2676.591,96366
1787861693952,45d18854-2a45-bd65-4123-2f92730d23f1,/p/4/595e8677585ee42e,4,200,38233,71.570,93.767,407745
1787861688702,29a64f4e-3da9-e5fd-278e-990fb1e14314,/p/15/b18a16fba33ef00f,2,200,395914,333.962,5403.646,73268
1787861692463,511821f3-2da6-a5dc-feba-e7a13652bfec,/p/8/56a724b9c646971e,11,200,73317,380.005,1708.482,42914
1787861637647,94af7e17-9e5f-29c5-f27b-73121b769071,/p/0/8633b624346c0a1a,4,200,5117064,221.932,56593.469,90418
1787861684993,cd3dd65c-dc14-e66d-763b-bc8f15ddfdd8,/p/0/869de21890ba5a06,9,200,5126497,85.404,9315.964,550292
1787861691863,6d88c14f-db70-cf17-5b72-5012b11b6399,/p/2/fa14a6713be72ca,3,200,4845975,36.054,2446.263,1980971
1787861694309,6d88c14f-db70-cf17-5b72-5012b11b6399,/p/0/d047a67169904a3e,4,200,229082,10.641,153.201,1495299
1787861694309,6d88c14f-db70-cf17-5b72-5012b11b6399,/p/0/d047a5716990488b,4,200,375470,8.785,184.959,2030019
1787861693070,523d70e7-b5ba-e0f4-037e-4a837aa475f0,/p/0/7d690e410d792cd1,3,200,99672,230.978,1436.281,69396
1787861694309,6d88c14f-db70-cf17-5b72-5012b11b6399,/p/1/d047a77169904bf1,4,200,497444,1.756,202.676,2454380
1787861689213,a7382727-c510-9915-ba88-b607669b1892,/p/1/24ee835cf99226ab,1,200,316338,764.980,5314.240,59526
1787861689213,a7382727-c510-9915-ba88-b607669b1892,/p/0/24ee855cf9922a11,1,200,334726,101.966,5347.965,62589
1787861693952,45d18854-2a45-bd65-4123-2f92730d23f1,/p/0/595e8477585ee0c8,4,200,299902,93.856,617.214,485897
1787861693952,45d18854-2a45-bd65-4123-2f92730d23f1,/p/0/595e8777585ee5e1,4,200,445345,93.836,617.417,721303
1787861694512,6d88c14f-db70-cf17-5b72-5012b11b6399,/p/0/56843a8ced86acb5,5,200,182659,7.349,105.329,1734177
1787861689214,a7382727-c510-9915-ba88-b607669b1892,/p/0/24ee825cf99224f8,1,200,242259,764.762,5413.457,44751
1787861694512,6d88c14f-db70-cf17-5b72-5012b11b6399,/p/0/5684378ced86a79c,5,200,341897,1.831,140.118,2440063
1787861694512,6d88c14f-db70-cf17-5b72-5012b11b6399,/p/0/5684398ced86ab02,5,200,235970,1.854,140.316,1681702
1787861662908,47bd32bb-9dda-4a39-83f8-0e02e265a52c,/p/0/d000c47093807e61,3,200,495714,1140.840,31782.249,15597
1787861661069,7958d49c-642e-e4b5-c747-9167d1d457b9,/p/0/ab55feb1e39524b8,1,200,5751182,74.184,33661.090,170855
1787861693378,ec1ab826-5fa2-5c86-7338-75d952e5b6a0,/p/0/8ac8881f500847ea,1,200,287482,3.158,1361.947,211082
1787861693378,ec1ab826-5fa2-5c86-7338-75d952e5b6a0,/p/0/8ac8871f50084637,1,200,275234,23.356,1362.805,201961
1787861693378,ec1ab826-5fa2-5c86-7338-75d952e5b6a0,/p/5/8ac8891f5008499d,1,200,454327,4.038,1363.857,333119
1787861691607,771121a6-4d15-c363-8d2d-d19eeb6166cf,/p/0/3f950095e1c063a6,5,200,190851,379.806,3260.713,58530
1787861693457,e31cfc97-375b-38ce-99d3-47bbbe115dc8,/p/4/e630f09c8f4eedcf,1,200,219852,24.478,1415.224,155348
1787861693457,e31cfc97-375b-38ce-99d3-47bbbe115dc8,/p/0/e630f29c8f4ef135,1,200,54389,95.769,1428.297,38080
1787861693457,e31cfc97-375b-38ce-99d3-47bbbe115dc8,/p/0/e630ef9c8f4eec1c,1,200,99153,3.566,1428.406,69415
1787861692617,c16e53db-6210-f32b-2ef7-c5f42da391f5,/p/4/688568d388b39915,7,200,225637,275.186,2299.412,98128
1787861692767,4d5139d1-631e-0221-8409-6a381f8e8654,/p/0/a667fea2f42a0d99,4,200,182462,210.982,2177.933,83778
1787861694742,ec1ab826-5fa2-5c86-7338-75d952e5b6a0,/p/0/b566017037bb1f55,2,200,281651,4.068,323.590,870395
1787861693070,523d70e7-b5ba-e0f4-037e-4a837aa475f0,/p/0/7d690d410d792b1e,3,200,146989,285.288,2006.943,73240
1787861694172,511821f3-2da6-a5dc-feba-e7a13652bfec,/p/0/9ef3cdcefb30e497,12,200,41873,607.124,922.670,45382
1787861685395,511821f3-2da6-a5dc-feba-e7a13652bfec,/p/0/2b95204ba547749,10,200,482658,612.207,9714.013,49687
1787861692463,511821f3-2da6-a5dc-feba-e7a13652bfec,/p/0/56a722b9c64693b8,11,200,226709,379.939,2657.736,85302
1787861692767,4d5139d1-631e-0221-8409-6a381f8e8654,/p/0/a667fca2f42a0a33,4,200,267789,233.792,2371.924,112899
1787861694046,45d18854-2a45-bd65-4123-2f92730d23f1,/p/0/5c23007a6a9c1fcd,5,200,346018,531.359,1194.668,289635
1787861694046,45d18854-2a45-bd65-4123-2f92730d23f1,/p/0/5c22fd7a6a9c1ab4,5,200,307849,531.273,1197.494,257078
1787861684650,2b1b30b9-9bf5-ee87-33d2-4329488e5c8d,/p/0/a8919caeebc74ad7,1,200,4788602,39.258,10755.682,445216
1787861692617,c16e53db-6210-f32b-2ef7-c5f42da391f5,/p/0/688566d388b395af,7,200,180897,228.579,2899.318,62393
1787861685803,2b850159-7cea-af46-16ff-7bb9e9d16034,/p/2/7297d8d34bfdfef7,1,200,3547970,166.909,9721.623,364957
1787861665979,2cd9a0fd-a26b-f302-139e-84fe1695521e,/p/6/c980536ce118b18d,14,200,3811288,176.735,29555.300,128954
1787861694742,ec1ab826-5fa2-5c86-7338-75d952e5b6a0,/p/0/b565fe7037bb1a3c,2,200,389646,4.539,804.413,484385
1787861692912,201f7550-9c12-1644-fb3b-52df7b0a7f83,/p/0/9e1baa43c223d834,3,200,259693,40.775,2668.693,97311
1787861668320,15822e6f-528f-42ff-2ce6-861dd5c1e9c7,/p/0/7f6759f33f1929bf,6,200,4051203,355.957,27505.673,147286
1787861694872,e31cfc97-375b-38ce-99d3-47bbbe115dc8,/p/0/bd584ad7d4d4a7e5,2,200,316571,836.722,960.050,329744
1787861694872,e31cfc97-375b-38ce-99d3-47bbbe115dc8,/p/3/bd5849d7d4d4a632,2,200,327502,836.850,960.266,341053
1787861668575,47bd32bb-9dda-4a39-83f8-0e02e265a52c,/p/0/f121b5326df32771,4,200,469243,1499.525,27308.365,17183
1787861695095,511821f3-2da6-a5dc-feba-e7a13652bfec,/p/0/9ef3cecefb30e64a,12,200,319790,869.106,879.125,363759
1787861646124,511821f3-2da6-a5dc-feba-e7a13652bfec,/p/0/88407cd13e2e3286,9,200,4727966,602.738,49873.140,94800
1787861695833,e31cfc97-375b-38ce-99d3-47bbbe115dc8,/p/0/1898013c216b6be3,3,200,282568,24.522,234.858,1203146
1787861693825,45d18854-2a45-bd65-4123-2f92730d23f1,/p/0/8c331caa1adec800,3,200,2422793,22.948,2287.210,1059279
1787861695833,e31cfc97-375b-38ce-99d3-47bbbe115dc8,/p/2/1898033c216b6f49,3,200,215631,19.051,300.995,716395
1787861692427,140484ae-5ccb-ebbf-b258-b34e8c61e299,/p/0/9142fe6b696e3bcb,8,200,321690,292.817,3738.780,86041
1787861665979,2cd9a0fd-a26b-f302-139e-84fe1695521e,/p/0/c980526ce118afda,14,200,4544533,176.632,30205.552,150454
1787861696134,e31cfc97-375b-38ce-99d3-47bbbe115dc8,/p/0/3c104b370d4a99cd,4,200,21468,32.223,56.135,382437
1787861695534,2cd9a0fd-a26b-f302-139e-84fe1695521e,/p/0/12ce8e57bf77a5f9,15,200,4781,655.831,655.900,7289
1787861678581,89448aad-84c3-8a4a-533a-a85a227ce00c,/p/0/83297831f9b2aa85,2,200,2917822,1088.613,17743.905,164441
1787861695524,2b850159-7cea-af46-16ff-7bb9e9d16034,/p/0/3e19f6c05c23d4ee,2,200,94174,203.462,806.964,116702
1787861662536,41e71b47-fff6-5fbf-1c1b-46ec8f0593c5,/?crawl=113,0,200,3544603,101.591,33863.033,104675
1787861689946,2b1b30b9-9bf5-ee87-33d2-4329488e5c8d,/p/4/ba481220b94b379f,3,200,4630729,213.981,6457.867,717068
1787861694106,29a64f4e-3da9-e5fd-278e-990fb1e14314,/p/0/c7357d50ddd53c5d,3,200,194825,364.016,2330.125,83611
1787861693127,e0462316-a48d-3073-9be8-2d611839dd56,/p/0/1a786e1399764f38,11,200,236548,367.236,3317.480,71304
1787861692982,38c71256-320e-4ca8-ea46-cc2f98929410,/p/7/90ebbaad08eb51df,9,200,484731,1926.174,3525.799,137481
1787861691363,523d70e7-b5ba-e0f4-037e-4a837aa475f0,/p/0/874da4f8fba514eb,2,200,440699,201.187,5320.966,82823
1787861692912,201f7550-9c12-1644-fb3b-52df7b0a7f83,/p/0/9e1bad43c223dd4d,3,200,522734,40.748,3778.173,138356
1787861694046,45d18854-2a45-bd65-4123-2f92730d23f1,/p/3/5c22ff7a6a9c1e1a,5,200,3903604,531.526,2649.725,1473211
1787861676684,7958d49c-642e-e4b5-c747-9167d1d457b9,/p/0/702bfd61c41c6f76,4,200,4965414,261.224,20043.361,247734
1787861696696,45d18854-2a45-bd65-4123-2f92730d23f1,/p/2/e67ef134bf84e2f7,6,200,89439,12.269,40.705,2197228
1787861694528,a7382727-c510-9915-ba88-b607669b1892,/p/0/3b7672046209b787,2,200,157164,134.452,2238.799,70200
1787861694742,ec1ab826-5fa2-5c86-7338-75d952e5b6a0,/p/4/b565ff7037bb1bef,2,200,5457962,3.610,2038.637,2677260
1787861694528,a7382727-c510-9915-ba88-b607669b1892,/p/0/3b7673046209b93a,2,200,179885,166.733,2271.296,79199
1787861694528,a7382727-c510-9915-ba88-b607669b1892,/p/0/3b7671046209b5d4,2,200,157748,272.117,2440.549,64636
1787861696781,ec1ab826-5fa2-5c86-7338-75d952e5b6a0,/p/0/810148db351226a7,3,200,310185,5.189,201.652,1538220
1787861696781,ec1ab826-5fa2-5c86-7338-75d952e5b6a0,/p/3/810147db351224f4,3,200,348956,3.596,207.290,1683423
1787861696536,47263df5-83c1-4ecc-ffae-ae70baeb7f74,/?crawl=152,0,200,99180,72.381,469.461,211264
1787861696736,45d18854-2a45-bd65-4123-2f92730d23f1,/p/1/70b1ee907de020c2,7,200,372986,19.401,354.356,1052574
1787861696696,45d18854-2a45-bd65-4123-2f92730d23f1,/p/0/e67ef034bf84e144,6,200,365309,6.743,474.687,769579
1787861696736,45d18854-2a45-bd65-4123-2f92730d23f1,/p/0/70b1ef907de02275,7,200,344427,19.375,445.873,772477
1787861697170,45d18854-2a45-bd65-4123-2f92730d23f1,/p/0/3afea63f10e940b6,8,200,64759,12.071,108.342,597725
1787861696988,ec1ab826-5fa2-5c86-7338-75d952e5b6a0,/p/0/f154f0deb4987778,4,200,382986,14.486,290.953,1316316
1787861696988,ec1ab826-5fa2-5c86-7338-75d952e5b6a0,/p/2/f154f2deb4987ade,4,200,324630,18.982,334.864,969438
1787861694038,55dedd4c-51c4-de1a-60f2-229a57f43051,/p/0/ad1c8d209bedede1,2,200,198726,387.965,3367.774,59008
1787861695524,2b850159-7cea-af46-16ff-7bb9e9d16034,/p/0/3e19f5c05c23d33b,2,200,387554,35.168,1893.965,204626
1787861697323,ec1ab826-5fa2-5c86-7338-75d952e5b6a0,/p/0/78d8085c7db3fdcb,5,200,97239,34.246,106.452,913456
1787861697091,45d18854-2a45-bd65-4123-2f92730d23f1,/p/0/3afea53f10e93f03,8,200,459636,13.197,422.489,1087925
1787861637100,20b2286b-d80f-2501-6bb1-a6ad689a7a63,/p/0/a0fab10b87664978,2,200,4326540,486.435,60448.916,71573
1787861697323,ec1ab826-5fa2-5c86-7338-75d952e5b6a0,/p/0/78d8095c7db3ff7e,5,200,189396,17.531,234.153,808857
1787861692427,140484ae-5ccb-ebbf-b258-b34e8c61e299,/p/0/9142ff6b696e3d7e,8,200,424994,60.892,5155.284,82439
1787861696536,faaca8c9-c1d6-1c07-ad40-251e22db0d72,/?crawl=151,0,200,297000,56.343,1095.919,271005
1787861694106,29a64f4e-3da9-e5fd-278e-990fb1e14314,/p/14/c7357c50ddd53aaa,3,200,209214,337.980,3664.566,57091
1787861668575,47bd32bb-9dda-4a39-83f8-0e02e265a52c,/p/0/f121b2326df32258,4,200,2334301,1141.487,29224.887,79874
1787861695524,2b850159-7cea-af46-16ff-7bb9e9d16034,/p/1/3e19f7c05c23d6a1,2,200,493377,167.589,2279.872,216406
1787861669140,38c71256-320e-4ca8-ea46-cc2f98929410,/p/0/b0854abd528c2624,2,200,3212173,57.279,28692.895,111950
1787861697804,2b850159-7cea-af46-16ff-7bb9e9d16034,/p/0/b0f2f5a2ce184ca2,3,200,15823,33.126,66.722,237148
1787861650283,cc2353a1-1881-35ef-b067-5c85111b4dc0,/p/0/f7219a6fd8f44900,1,200,2878508,515.498,47588.441,60488
1787861653332,94af7e17-9e5f-29c5-f27b-73121b769071,/p/0/339b07e037ff32e2,7,200,4231418,266.170,44635.263,94800
1787861697632,faaca8c9-c1d6-1c07-ad40-251e22db0d72,/p/0/353d0e451765167b,1,200,49618,53.074,439.888,112797
1787861697536,909a965e-5985-b89f-3822-cb24f36b1fc7,/?crawl=154,0,200,396389,33.190,790.484,501451
1787861644146,0a384d5b-7afe-b99b-ca3e-dafac0a90ce9,/p/0/e1134a4746e877dd,12,200,5181878,449.574,54332.965,95373
1787861684429,89448aad-84c3-8a4a-533a-a85a227ce00c,/p/0/ef86afb99a28dc8f,4,200,2811874,223.562,14059.070,200004
1787861695517,c16e53db-6210-f32b-2ef7-c5f42da391f5,/p/0/7024dcfdcd085416,8,200,186038,182.645,3041.228,61172
1787861654604,2cd9a0fd-a26b-f302-139e-84fe1695521e,/p/0/310e25f061397c66,9,200,6275290,154.164,44151.434,142131
1787861695534,2cd9a0fd-a26b-f302-139e-84fe1695521e,/p/5/12ce8d57bf77a446,15,200,223956,664.927,3336.620,67121
1787861630713,94af7e17-9e5f-29c5-f27b-73121b769071,/p/0/613b09602c6474eb,2,200,5758517,207.177,68182.231,84458
1787861698536,1d0fa183-a5d1-33f0-4b30-cca9e56d8974,/?crawl=155,0,200,124731,50.266,413.931,301333
1787861695534,2cd9a0fd-a26b-f302-139e-84fe1695521e,/p/0/12ce8b57bf77a0e0,15,200,370916,656.022,3556.292,104299
1787861694917,c16e53db-6210-f32b-2ef7-c5f42da391f5,/p/0/7024dbfdcd085263,8,200,322339,286.324,4188.993,76949
1787861696696,45d18854-2a45-bd65-4123-2f92730d23f1,/p/0/e67ef334bf84e65d,6,200,3279302,35.594,2414.525,1358156
1787861698950,1d0fa183-a5d1-33f0-4b30-cca9e56d8974,/p/0/82e664bb69d0f07a,1,200,29350,46.603,161.039,182254
1787861697833,38c71256-320e-4ca8-ea46-cc2f98929410,/p/6/4f4351ed2251812f,10,200,80913,156.628,1283.134,63059
1787861663854,2cd9a0fd-a26b-f302-139e-84fe1695521e,/p/0/5d35bd393adc5b35,13,200,5277120,241.757,35276.659,149592
1787861696988,ec1ab826-5fa2-5c86-7338-75d952e5b6a0,/p/0/f154f3deb4987c91,4,200,2836180,20.847,2158.128,1314185
1787861697770,29a64f4e-3da9-e5fd-278e-990fb1e14314,/p/0/83ec5bf3e2c03fcd,4,200,80253,331.639,1439.613,55746
1787861697006,47263df5-83c1-4ecc-ffae-ae70baeb7f74,/p/0/7afe122c59943b0e,1,200,170415,234.940,2284.976,74581
1787861697804,2b850159-7cea-af46-16ff-7bb9e9d16034,/p/0/b0f2f4a2ce184aef,3,200,337860,66.880,1502.493,224866
1787861696781,ec1ab826-5fa2-5c86-7338-75d952e5b6a0,/p/0/810149db3512285a,3,200,3515458,12.562,2564.232,1370959
1787861696508,38c71256-320e-4ca8-ea46-cc2f98929410,/p/0/90ebbcad08eb5545,9,200,199946,495.605,2851.318,70124
1787861650053,94af7e17-9e5f-29c5-f27b-73121b769071,/p/0/5d27fab89df5a1c8,6,200,4567170,300.359,49314.801,92613
1787861697804,2b850159-7cea-af46-16ff-7bb9e9d16034,/p/0/b0f2f6a2ce184e55,3,200,355776,66.751,1673.956,212536
1787861672175,4d5139d1-631e-0221-8409-6a381f8e8654,/p/0/95b7701546039da3,2,200,4660133,221.608,27350.296,170387
1787861644186,0a384d5b-7afe-b99b-ca3e-dafac0a90ce9,/p/5/606762ebab1695f2,13,200,5537697,494.172,55346.292,100055
1787861698871,2cd9a0fd-a26b-f302-139e-84fe1695521e,/p/4/cbafde671f764d6e,16,200,150955,286.135,665.238,226919
1787861666872,ef2f5bc5-7600-3cf6-6a41-011cf47a1e9c,/p/0/f116fd9925c440cc,1,200,2940273,230.056,32850.850,89504
1787861697323,ec1ab826-5fa2-5c86-7338-75d952e5b6a0,/p/1/78d8075c7db3fc18,5,200,4556501,20.465,2400.144,1898429
1787861697091,45d18854-2a45-bd65-4123-2f92730d23f1,/p/0/3afea43f10e93d50,8,200,3699994,17.848,2656.347,1392888
1787861677918,cd1dfc92-bb76-84b6-217a-1ad8b2aee606,/p/2/c77df3db04c07fde,1,200,2206158,222.458,22000.848,100276
1787861696404,2b1b30b9-9bf5-ee87-33d2-4329488e5c8d,/p/0/5c54adc235f6e619,4,200,121063,2402.225,3532.947,34267
1787861699723,ec1ab826-5fa2-5c86-7338-75d952e5b6a0,/p/0/ee2cfc52642f1660,6,200,468213,14.694,240.869,1943850
1787861699536,7592a36c-53d5-1622-e191-3c1898bf49e1,/?crawl=157,0,200,106973,73.751,551.609,193929
1787861699532,0a384d5b-7afe-b99b-ca3e-dafac0a90ce9,/p/4/5f52243531dce690,14,200,32724,124.077,559.660,58471
1787861696404,2b1b30b9-9bf5-ee87-33d2-4329488e5c8d,/p/3/5c54abc235f6e2b3,4,200,213143,2403.061,3838.732,55524
1787861664179,cc0ea801-9fad-cff2-c2e8-1c5fb9bf58a9,/p/0/70145232840fd633,5,200,5367545,714.254,36076.277,148783
1787861699532,0a384d5b-7afe-b99b-ca3e-dafac0a90ce9,/p/0/5f52253531dce843,14,200,50401,82.826,745.110,67642
1787861699536,95bbc4ab-1104-f4a8-c3f8-901ef0d5d29c,/?crawl=158,0,200,337787,32.893,766.482,440698
1787861699723,ec1ab826-5fa2-5c86-7338-75d952e5b6a0,/p/0/ee2cfe52642f19c6,6,200,471994,11.229,602.976,782774
1787861699723,ec1ab826-5fa2-5c86-7338-75d952e5b6a0,/p/0/ee2cfd52642f1813,6,200,448646,6.307,603.099,743901
1787861699116,38c71256-320e-4ca8-ea46-cc2f98929410,/p/0/4f4350ed22517f7c,10,200,100132,358.607,1310.050,76434
1787861696736,45d18854-2a45-bd65-4123-2f92730d23f1,/p/0/70b1ec907de01d5c,7,200,6050577,17.953,3700.898,1634894
1787861694872,e31cfc97-375b-38ce-99d3-47bbbe115dc8,/p/0/bd5847d7d4d4a2cc,2,200,5315386,13.194,5596.668,949741
1787861687635,ef2f5bc5-7600-3cf6-6a41-011cf47a1e9c,/p/0/fd24dac20cf31abb,3,200,2298152,98.029,12851.938,178818
1787861698871,2cd9a0fd-a26b-f302-139e-84fe1695521e,/p/0/cbafdc671f764a08,16,200,180259,381.717,1667.638,108092
1787861662690,cc0ea801-9fad-cff2-c2e8-1c5fb9bf58a9,/p/0/68094f7edd89983,4,200,5612841,1258.506,37928.857,147983
1787861672564,15822e6f-528f-42ff-2ce6-861dd5c1e9c7,/p/1/681960e62e4656c5,8,200,4611597,150.986,28075.795,164255
1787861668575,47bd32bb-9dda-4a39-83f8-0e02e265a52c,/p/0/f121b4326df325be,4,200,5817612,1597.012,32129.622,181067
1787861695833,e31cfc97-375b-38ce-99d3-47bbbe115dc8,/p/0/1898023c216b6d96,3,200,4919711,30.084,5001.619,983624
1787861637100,20b2286b-d80f-2501-6bb1-a6ad689a7a63,/p/6/a0fab30b87664cde,2,200,5449004,404.836,64095.363,85014
1787861700537,ffaf06c5-7132-4c9f-3328-7fc61a93d82c,/?crawl=159,0,200,391171,28.435,722.798,541190
1787861701260,ffaf06c5-7132-4c9f-3328-7fc61a93d82c,/p/0/99ea6558728d6949,1,200,71911,26.246,183.784,391280
1787861697632,faaca8c9-c1d6-1c07-ad40-251e22db0d72,/p/8/353d1045176519e1,1,200,393828,53.136,3986.604,98788
1787861701536,61584925-d9a4-b547-bc53-29b2abab3248,/?crawl=161,0,200,42583,69.676,241.061,176649
1787861696134,e31cfc97-375b-38ce-99d3-47bbbe115dc8,/p/0/3c1048370d4a94b4,4,200,5968610,24.799,5711.394,1045036
1787861696134,e31cfc97-375b-38ce-99d3-47bbbe115dc8,/p/1/3c104a370d4a981a,4,200,6204870,41.506,5734.955,1081939
1787861689173,ef2f5bc5-7600-3cf6-6a41-011cf47a1e9c,/p/0/330358c64b4c9a61,5,200,2165267,107.467,12797.789,169191
1787861701777,61584925-d9a4-b547-bc53-29b2abab3248,/p/0/887896d3d78045ac,1,200,39252,68.822,274.001,143255
1787861694106,29a64f4e-3da9-e5fd-278e-990fb1e14314,/p/0/c7357a50ddd53744,3,200,471311,392.427,7945.678,59317
1787861669548,38c71256-320e-4ca8-ea46-cc2f98929410,/p/0/d70743826d1543fb,3,200,3656834,161.322,32719.036,111765
1787861698950,1d0fa183-a5d1-33f0-4b30-cca9e56d8974,/p/2/82e665bb69d0f22d,1,200,411230,207.277,3337.481,123216
1787861699919,cd1dfc92-bb76-84b6-217a-1ad8b2aee606,/p/0/9ba4311073451c4c,2,200,114786,395.223,2589.234,44332
1787861692463,511821f3-2da6-a5dc-feba-e7a13652bfec,/p/0/56a725b9c64698d1,11,0,3686663,380.055,10072.930,365997
1787861694172,511821f3-2da6-a5dc-feba-e7a13652bfec,/p/7/9ef3cccefb30e2e4,12,0,2837778,379.282,8364.427,339267
1787861698950,1d0fa183-a5d1-33f0-4b30-cca9e56d8974,/p/0/82e663bb69d0eec7,1,200,257520,46.670,3668.791,70192
1787861700303,95bbc4ab-1104-f4a8-c3f8-901ef0d5d29c,/p/0/6800dfaddf26fd0,1,200,139790,82.449,2354.954,59360
1787861702288,1d0fa183-a5d1-33f0-4b30-cca9e56d8974,/p/1/8df57bb6eaf23258,2,200,8514,352.997,373.551,22792
1787861700303,95bbc4ab-1104-f4a8-c3f8-901ef0d5d29c,/p/0/68010faddf274e9,1,200,292425,33.377,2369.894,123392
1787861699536,2cd9a0fd-a26b-f302-139e-84fe1695521e,/p/3/e5a965043d4e5848,17,200,415957,284.443,3152.025,131965
1787861698871,2cd9a0fd-a26b-f302-139e-84fe1695521e,/p/0/cbafdf671f764f21,16,200,414140,354.366,3817.390,108488
1787861699723,ef2f5bc5-7600-3cf6-6a41-011cf47a1e9c,/p/1/a5690c27acf52a31,7,200,484081,94.375,3118.595,155224
1787861700243,2b1b30b9-9bf5-ee87-33d2-4329488e5c8d,/p/0/6380b917843298ae,5,200,198927,207.877,2610.322,76208
1787861699359,38c71256-320e-4ca8-ea46-cc2f98929410,/p/0/4f4353ed22518495,10,200,327232,187.891,3510.406,93218
1787861697006,47263df5-83c1-4ecc-ffae-ae70baeb7f74,/p/0/7afe112c5994395b,1,200,476178,64.733,5881.757,80958
1787861689946,2b1b30b9-9bf5-ee87-33d2-4329488e5c8d,/p/0/ba481120b94b35ec,3,200,5560413,213.931,12983.814,428257
1787861702536,84bc9cc6-049d-2c79-0a0a-77cda35b5253,/?crawl=162,0,200,400564,20.123,506.721,790501
1787861672564,15822e6f-528f-42ff-2ce6-861dd5c1e9c7,/p/0/68195fe62e465512,8,200,4948256,182.666,30515.941,162153
1787861697006,47263df5-83c1-4ecc-ffae-ae70baeb7f74,/p/5/7afe102c599437a8,1,200,481154,99.124,6078.899,79152
1787861701777,61584925-d9a4-b547-bc53-29b2abab3248,/p/5/887898d3d7804912,1,200,108402,171.693,1336.771,81092
1787861699536,2cd9a0fd-a26b-f302-139e-84fe1695521e,/p/0/e5a967043d4e5bae,17,200,469693,185.217,3633.810,129256
1787861700487,ef2f5bc5-7600-3cf6-6a41-011cf47a1e9c,/p/0/a5690b27acf5287e,7,200,443161,130.132,2687.618,164890
1787861702688,2cd9a0fd-a26b-f302-139e-84fe1695521e,/p/2/fc621586997709f2,18,200,67645,145.558,565.293,119664
1787861701869,e31cfc97-375b-38ce-99d3-47bbbe115dc8,/p/0/c8d695b6fcb9512a,5,200,80593,604.525,1406.916,57283
1787861701619,faaca8c9-c1d6-1c07-ad40-251e22db0d72,/p/0/3df0ba4e5a2f0492,2,200,480718,280.158,1657.974,289943
1787861700639,15822e6f-528f-42ff-2ce6-861dd5c1e9c7,/p/0/a41c641f8d19dbce,9,200,268320,168.794,2654.588,101078
1787861700092,0a384d5b-7afe-b99b-ca3e-dafac0a90ce9,/p/0/dcb1cd509c47c69f,15,200,154643,556.348,3254.224,47521
1787861703085,47263df5-83c1-4ecc-ffae-ae70baeb7f74,/p/0/62f57efc88087f85,2,200,39239,67.522,262.394,149542
1787861700303,95bbc4ab-1104-f4a8-c3f8-901ef0d5d29c,/p/0/6800ffaddf27336,1,200,523227,33.417,3121.403,167626
1787861699532,0a384d5b-7afe-b99b-ca3e-dafac0a90ce9,/p/0/5f52263531dce9f6,14,200,182752,249.257,3896.246,46905
1787861666969,e97be7b3-6df1-7d98-6e23-95a652e06386,/p/0/ba15dca2d3d20fcd,2,200,4082623,182.279,36528.638,111765
1787861701260,ffaf06c5-7132-4c9f-3328-7fc61a93d82c,/p/0/99ea6358728d65e3,1,200,353714,157.129,2345.681,150794
1787861701971,ef2f5bc5-7600-3cf6-6a41-011cf47a1e9c,/p/0/a5690a27acf526cb,7,200,363563,85.447,1669.098,217820
1787861701195,20b2286b-d80f-2501-6bb1-a6ad689a7a63,/p/0/4ee2142a14f9cbf,3,200,355146,80.526,2522.711,140780
1787861693126,e0462316-a48d-3073-9be8-2d611839dd56,/p/0/1a786f13997650eb,11,200,3321357,428.606,10608.806,313075
1787861701195,20b2286b-d80f-2501-6bb1-a6ad689a7a63,/p/5/4ee2342a14fa025,3,200,431455,282.847,2641.578,163332
1787861701195,20b2286b-d80f-2501-6bb1-a6ad689a7a63,/p/0/4ee2242a14f9e72,3,200,259277,323.738,2641.676,98149
1787861701869,e31cfc97-375b-38ce-99d3-47bbbe115dc8,/p/0/c8d696b6fcb952dd,5,200,182354,264.390,2086.250,87408
1787861703640,ef2f5bc5-7600-3cf6-6a41-011cf47a1e9c,/p/0/cbdecb19d06ae97,8,200,38232,84.775,325.137,117587
1787861689536,a260d372-9b51-140b-34ac-abefee6e2807,/?crawl=147,0,200,133557,909.748,14443.136,9247
1787861688994,e0462316-a48d-3073-9be8-2d611839dd56,/p/0/bb283e6a583f06ea,10,200,5825855,296.979,15165.749,384146
1787861703837,20b2286b-d80f-2501-6bb1-a6ad689a7a63,/p/0/ef5f4d476f0fc5c9,4,200,57932,13.101,323.861,178879
1787861703837,20b2286b-d80f-2501-6bb1-a6ad689a7a63,/p/4/ef5f4b476f0fc263,4,200,183439,4.410,615.491,298037
1787861703837,20b2286b-d80f-2501-6bb1-a6ad689a7a63,/p/0/ef5f4a476f0fc0b0,4,200,444977,3.153,617.236,720919
1787861666333,e97be7b3-6df1-7d98-6e23-95a652e06386,/p/0/3d1f32a8fd9c6f9e,1,200,5007961,35.380,38155.874,131250
1787861655008,e8623d64-28fe-07e6-f237-3df27f9381e3,/p/0/d14bdc670d4575c3,4,0,1188827,370.230,49528.549,24003
1787861649772,e8623d64-28fe-07e6-f237-3df27f9381e3,/p/0/d0d129d430621d8c,3,0,1546411,1048.260,54763.764,28238
1787861617590,e8623d64-28fe-07e6-f237-3df27f9381e3,/p/0/e5bfaff30a928a6f,2,0,2150907,1892.714,86946.104,24738
1787861666969,e97be7b3-6df1-7d98-6e23-95a652e06386,/p/0/ba15daa2d3d20c67,2,200,5441287,182.213,37598.479,144721
1787861681653,89448aad-84c3-8a4a-533a-a85a227ce00c,/p/0/8bd0bace07023bb2,3,200,4831194,138.855,22986.531,210175
1787861699536,2cd9a0fd-a26b-f302-139e-84fe1695521e,/p/0/e5a966043d4e59fb,17,200,513356,314.742,5144.942,99779
1787861679189,7c870cb3-83f6-373d-80a3-ee54092c3355,/p/2/a9b4de4b69017b3e,1,200,2272755,455.123,25535.710,89003
1787861703253,2cd9a0fd-a26b-f302-139e-84fe1695521e,/p/0/6432502eb3777628,19,200,143444,173.176,1526.244,93985
1787861704452,20b2286b-d80f-2501-6bb1-a6ad689a7a63,/p/3/476bb2c00ace1e76,5,200,122732,15.044,334.938,366433
1787861666969,e97be7b3-6df1-7d98-6e23-95a652e06386,/p/0/ba15d9a2d3d20ab4,2,200,5595892,198.311,37846.310,147858
1787861700088,7592a36c-53d5-1622-e191-3c1898bf49e1,/p/0/5c11bb00409b0607,1,200,359767,500.266,4896.063,73481
1787861697770,29a64f4e-3da9-e5fd-278e-990fb1e14314,/p/0/83ec58f3e2c03ab4,4,200,449757,357.970,7221.153,62283
1787861700088,7592a36c-53d5-1622-e191-3c1898bf49e1,/p/0/5c11bd00409b096d,1,200,405216,500.532,4914.036,82461
1787861703253,2cd9a0fd-a26b-f302-139e-84fe1695521e,/p/0/6432532eb3777b41,19,200,245222,162.019,1820.229,134720
1787861681537,c16e53db-6210-f32b-2ef7-c5f42da391f5,/p/0/d8daf9b66281065f,3,200,2696715,185.681,23573.713,114395
1787861704453,20b2286b-d80f-2501-6bb1-a6ad689a7a63,/p/0/476bb3c00ace2029,5,200,347254,330.997,675.682,513931
1787861699919,cd1dfc92-bb76-84b6-217a-1ad8b2aee606,/p/1/9ba4331073451fb2,2,200,295100,457.172,5274.957,55944
1787861657536,90bfe094-d3f2-bf15-c1cc-4652b70e79b3,/?crawl=102,0,200,4528443,240.654,47783.555,94770
1787861702841,ef2f5bc5-7600-3cf6-6a41-011cf47a1e9c,/p/0/cbdeeb19d06b1fd,8,200,428468,146.626,2592.684,165260
1787861703085,47263df5-83c1-4ecc-ffae-ae70baeb7f74,/p/4/62f57cfc88087c1f,2,200,160808,262.332,2394.669,67153
1787861703175,ef2f5bc5-7600-3cf6-6a41-011cf47a1e9c,/p/0/cbdedb19d06b04a,8,200,420326,123.733,2367.470,177542
1787861703043,84bc9cc6-049d-2c79-0a0a-77cda35b5253,/p/0/f50e457642e55665,1,200,384226,48.990,2639.809,145551
1787861704452,20b2286b-d80f-2501-6bb1-a6ad689a7a63,/p/0/476bb0c00ace1b10,5,200,374438,329.363,1287.304,290870
1787861704788,20b2286b-d80f-2501-6bb1-a6ad689a7a63,/p/2/5e4fcecfe2116ef4,6,200,233673,953.145,962.393,242804
1787861704787,20b2286b-d80f-2501-6bb1-a6ad689a7a63,/p/0/5e4fd0cfe211725a,6,200,299772,952.283,964.321,310863
1787861699919,cd1dfc92-bb76-84b6-217a-1ad8b2aee606,/p/0/9ba4341073452165,2,200,467851,426.176,5872.349,79670
1787861693070,523d70e7-b5ba-e0f4-037e-4a837aa475f0,/p/0/7d690c410d79296b,3,200,5232072,249.477,12835.808,407615
1787861687616,523d70e7-b5ba-e0f4-037e-4a837aa475f0,/p/0/6022c30e098f1a4,1,200,5864046,41.218,18290.962,320598
1787861703114,61584925-d9a4-b547-bc53-29b2abab3248,/p/0/95d430f627499bfd,2,200,72049,341.350,2901.044,24836
1787861701619,faaca8c9-c1d6-1c07-ad40-251e22db0d72,/p/7/3df0bb4e5a2f0645,2,200,2540931,280.261,4511.265,563241
1787861700092,0a384d5b-7afe-b99b-ca3e-dafac0a90ce9,/p/0/dcb1ce509c47c852,15,200,366160,389.863,6177.979,59269
1787861702870,38c71256-320e-4ca8-ea46-cc2f98929410,/p/0/b5c3bf28a470713c,11,200,309445,161.810,3402.581,90944
1787861702267,38c71256-320e-4ca8-ea46-cc2f98929410,/p/0/b5c3c228a4707655,11,200,339445,161.958,4242.442,80012
1787861702661,1d0fa183-a5d1-33f0-4b30-cca9e56d8974,/p/0/a7ad56d9fad750f9,3,200,241808,255.141,3928.322,61555
1787861677537,f63e0a93-5065-1460-74f2-0e1716ee038f,/?crawl=133,0,200,5921259,66.535,29116.296,203366
1787861702661,1d0fa183-a5d1-33f0-4b30-cca9e56d8974,/p/0/a7ad55d9fad74f46,3,200,234993,345.498,4142.690,56725
1787861698536,ff921ee4-da02-eee3-b6e5-a378f293157d,/?crawl=156,0,200,4063045,30.370,8289.964,490116
1787861705750,20b2286b-d80f-2501-6bb1-a6ad689a7a63,/p/0/bb0d9d86e3eab537,7,200,187341,206.577,1098.430,170553
1787861705750,20b2286b-d80f-2501-6bb1-a6ad689a7a63,/p/1/bb0d9c86e3eab384,7,200,316119,206.426,1103.710,286415
1787861705750,20b2286b-d80f-2501-6bb1-a6ad689a7a63,/p/0/bb0d9e86e3eab6ea,7,200,403155,206.586,1116.656,361038
1787861703536,eef8311f-5df1-233e-88f4-22f416519a56,/?crawl=163,0,200,347501,132.709,3375.382,102952
1787861705194,cd1dfc92-bb76-84b6-217a-1ad8b2aee606,/p/0/efc0d689e8c695e3,3,200,108706,376.039,1826.968,59501
1787861706536,f63a7ccc-cbea-5a28-1300-65595c8e9e99,/?crawl=165,0,200,351255,41.214,788.796,445305
1787861707325,f63a7ccc-cbea-5a28-1300-65595c8e9e99,/p/0/3acf445d85147279,1,200,50588,45.296,281.490,179715
1787861706130,faaca8c9-c1d6-1c07-ad40-251e22db0d72,/p/0/d420c243c9cbdf41,3,200,24758,38.856,1637.375,15121
1787861706826,ff921ee4-da02-eee3-b6e5-a378f293157d,/p/0/c8a766a2ac0011a7,1,200,179365,88.964,947.821,189239
1787861707325,f63a7ccc-cbea-5a28-1300-65595c8e9e99,/p/0/3acf435d851470c6,1,200,92425,92.717,473.276,195288
1787861707325,f63a7ccc-cbea-5a28-1300-65595c8e9e99,/p/0/3acf415d85146d60,1,200,80224,30.650,501.656,159918
1787861704725,7c870cb3-83f6-373d-80a3-ee54092c3355,/p/1/a938d1c0ba7f6b75,2,200,157635,379.781,3404.568,46301
1787861706826,ff921ee4-da02-eee3-b6e5-a378f293157d,/p/0/c8a767a2ac00135a,1,200,279388,155.320,1387.024,201430
1787861703979,a260d372-9b51-140b-34ac-abefee6e2807,/p/0/b858d9ba8e2d1e71,1,200,48880,1685.205,4247.875,11507
1787861705194,cd1dfc92-bb76-84b6-217a-1ad8b2aee606,/p/0/efc0d589e8c69430,3,200,168417,407.363,3088.929,54523
1787861706854,20b2286b-d80f-2501-6bb1-a6ad689a7a63,/p/0/79bdcafc49135bc4,8,200,34318,1579.445,1580.557,21713
1787861706826,ff921ee4-da02-eee3-b6e5-a378f293157d,/p/0/c8a765a2ac000ff4,1,200,480987,25.274,1671.073,287831
1787861707536,e7219492-91c7-173b-87f0-f984c416af04,/?crawl=166,0,200,361429,42.429,967.374,373619
1787861704725,7c870cb3-83f6-373d-80a3-ee54092c3355,/p/0/a938cfc0ba7f680f,2,200,192532,415.952,3780.101,50933
1787861706653,f63e0a93-5065-1460-74f2-0e1716ee038f,/p/0/5ae84838995b743e,1,200,142032,68.461,1861.441,76302
1787861687731,29a64f4e-3da9-e5fd-278e-990fb1e14314,/p/0/91842fff64f733fe,1,200,2280736,112.850,20849.754,109389
1787861706653,f63e0a93-5065-1460-74f2-0e1716ee038f,/p/5/5ae84938995b75f1,1,200,165317,170.854,1964.172,84166
1787861697536,b8f8c897-4a4f-f679-573b-aa45190e1b15,/?crawl=153,0,200,4022788,40.832,11125.628,361579
1787861708504,e7219492-91c7-173b-87f0-f984c416af04,/p/0/a764effff0797e19,1,200,33069,38.096,170.847,193559
1787861692912,201f7550-9c12-1644-fb3b-52df7b0a7f83,/p/3/9e1bab43c223d9e7,3,200,4623276,129.686,15846.183,291760
1787861704788,20b2286b-d80f-2501-6bb1-a6ad689a7a63,/p/0/5e4fcfcfe21170a7,6,200,3993198,953.099,3975.983,1004330
1787861706854,20b2286b-d80f-2501-6bb1-a6ad689a7a63,/p/0/79bdcdfc491360dd,8,200,520607,1578.162,1936.511,268838
1787861701777,61584925-d9a4-b547-bc53-29b2abab3248,/p/0/887899d3d7804ac5,1,200,497842,205.727,7020.876,70909
1787861694536,1add9fbc-a741-9f97-8b54-5416580c8021,/?crawl=149,0,200,4936423,74.084,14287.173,345514
1787861695536,06a7be38-baed-1d82-db7d-70d78f275459,/?crawl=150,0,200,2886543,64.854,13346.777,216273
1787861692427,140484ae-5ccb-ebbf-b258-b34e8c61e299,/p/3/9142fd6b696e3a18,8,200,5913248,60.655,16585.628,356528
1787861709013,140484ae-5ccb-ebbf-b258-b34e8c61e299,/p/0/8c30c2a3e711de87,9,200,92609,2.347,11.434,8099221
1787861705194,cd1dfc92-bb76-84b6-217a-1ad8b2aee606,/p/0/efc0d889e8c69949,3,200,233784,407.431,3907.043,59837
1787861708617,f63e0a93-5065-1460-74f2-0e1716ee038f,/p/4/7ded48c66082495b,2,200,9644,339.118,506.663,19034
1787861708536,17fff782-aebe-39e2-22fd-c78ff278c352,/?crawl=168,0,200,114369,75.587,614.572,186095
1787861708883,06a7be38-baed-1d82-db7d-70d78f275459,/p/0/a1d2b8e782ca2068,1,200,35581,62.834,346.524,102680
1787861709013,140484ae-5ccb-ebbf-b258-b34e8c61e299,/p/2/8c30c4a3e711e1ed,9,200,250689,11.454,424.990,589870
1787861709013,140484ae-5ccb-ebbf-b258-b34e8c61e299,/p/0/8c30c3a3e711e03a,9,200,255117,11.645,426.226,598549
1787861709438,140484ae-5ccb-ebbf-b258-b34e8c61e299,/p/1/36086ec6167de62f,10,200,12394,22.733,222.720,55648
1787861709537,b8cbfcfc-b83b-e47c-da1b-a552e3179120,/?crawl=173,0,200,42773,48.860,155.327,275375
1787861709438,140484ae-5ccb-ebbf-b258-b34e8c61e299,/p/0/360870c6167de995,10,200,281244,22.839,312.398,900275
1787861709438,140484ae-5ccb-ebbf-b258-b34e8c61e299,/p/0/36086dc6167de47c,10,200,411310,2.756,317.165,1296831
1787861703043,84bc9cc6-049d-2c79-0a0a-77cda35b5253,/p/0/f50e427642e5514c,1,200,2149964,28.887,6769.440,317599
1787861708883,06a7be38-baed-1d82-db7d-70d78f275459,/p/0/a1d2bbe782ca2581,1,200,92859,346.424,967.825,95946
1787861708662,b8f8c897-4a4f-f679-573b-aa45190e1b15,/p/1/e686589ee2f2dbb,1,200,180871,37.159,1258.120,143763
1787861709660,140484ae-5ccb-ebbf-b258-b34e8c61e299,/p/0/23679764fa88a9c0,11,200,213299,95.242,307.326,694048
1787861709660,140484ae-5ccb-ebbf-b258-b34e8c61e299,/p/0/23679964fa88ad26,11,200,100220,95.405,307.472,325948
1787861709660,140484ae-5ccb-ebbf-b258-b34e8c61e299,/p/0/23679a64fa88aed9,11,200,345090,94.524,318.247,1084347
1787861701260,ffaf06c5-7132-4c9f-3328-7fc61a93d82c,/p/0/99ea6458728d6796,1,200,3861953,130.844,8749.565,441388
1787861674570,38c71256-320e-4ca8-ea46-cc2f98929410,/p/0/636fc08e9a899fa9,5,200,3832031,176.216,35493.328,107965
1787861705479,47263df5-83c1-4ecc-ffae-ae70baeb7f74,/p/0/54201657a1405872,3,200,236915,410.168,4611.155,51379
1787861709537,9f610f46-783a-896f-5483-dcbc9c073ba5,/?crawl=169,0,200,216217,54.949,754.724,286485
1787861703114,61584925-d9a4-b547-bc53-29b2abab3248,/p/4/95d42ff627499a4a,2,200,515745,375.929,7201.637,71615
1787861675536,f09d4879-89d5-849d-60c3-f1c9050b7476,/?crawl=129,0,200,3564344,274.621,34893.771,102148
1787861705479,47263df5-83c1-4ecc-ffae-ae70baeb7f74,/p/0/54201557a14056bf,3,200,267439,444.221,4995.418,53537
1787861650283,cc2353a1-1881-35ef-b067-5c85111b4dc0,/p/3/f7219c6fd8f44c66,1,200,4173047,127.581,60223.651,69292
1787861708504,e7219492-91c7-173b-87f0-f984c416af04,/p/12/a764edfff0797ab3,1,200,184184,38.089,2152.583,85564
1787861703114,61584925-d9a4-b547-bc53-29b2abab3248,/p/0/95d42df6274996e4,2,200,458944,376.020,7543.623,60839
1787861708883,06a7be38-baed-1d82-db7d-70d78f275459,/p/3/a1d2bae782ca23ce,1,200,275427,62.678,1798.065,153180
1787861705320,90bfe094-d3f2-bf15-c1cc-4652b70e79b3,/p/0/36d7fe8067f36046,1,200,310193,256.954,5441.221,57008
1787861670722,e471e057-27df-6378-f5c5-7be9416489bb,/p/0/1cf1783ffc03f1ba,9,200,5148387,36.508,40101.497,128384
1787861710316,61584925-d9a4-b547-bc53-29b2abab3248,/p/0/89f1b751b1719165,3,200,29225,341.951,515.481,56695
1787861708129,7c870cb3-83f6-373d-80a3-ee54092c3355,/p/0/9edb409b29b41635,3,200,130738,413.900,2825.090,46277
1787861705320,90bfe094-d3f2-bf15-c1cc-4652b70e79b3,/p/2/36d7ff8067f361f9,1,200,391924,377.481,5776.675,67846
1787861705320,90bfe094-d3f2-bf15-c1cc-4652b70e79b3,/p/0/36d7fd8067f35e93,1,200,410477,225.384,5778.248,71038
1787861711096,90bfe094-d3f2-bf15-c1cc-4652b70e79b3,/p/1/3cee3bdd68ba169f,2,200,142163,3.993,27.953,5085874
1787861711097,90bfe094-d3f2-bf15-c1cc-4652b70e79b3,/p/0/3cee3add68ba14ec,2,200,22294,27.831,30.048,741953
1787861708759,201f7550-9c12-1644-fb3b-52df7b0a7f83,/p/0/943753105635ad97,4,200,297425,40.428,2549.989,116638
1787861708759,201f7550-9c12-1644-fb3b-52df7b0a7f83,/p/2/943752105635abe4,4,200,411334,40.442,2557.698,160822
1787861705479,47263df5-83c1-4ecc-ffae-ae70baeb7f74,/p/3/54201457a140550c,3,200,262403,477.990,6030.098,43516
1787861702688,2cd9a0fd-a26b-f302-139e-84fe1695521e,/p/0/fc6213869977068c,18,0,1572611,184.084,8848.978,177717
1787861703253,2cd9a0fd-a26b-f302-139e-84fe1695521e,/p/1/6432512eb37777db,19,0,1279647,161.990,8283.647,154479
1787861702688,2cd9a0fd-a26b-f302-139e-84fe1695521e,/p/0/fc62168699770ba5,18,0,1244651,156.987,8848.962,140655
1787861649484,78410207-983b-34de-da3c-435ec3ff63a1,/p/0/cb4652449a67104a,7,0,1612567,430.003,62053.184,25987
1787861645234,78410207-983b-34de-da3c-435ec3ff63a1,/p/0/5e7290e12732d8b4,5,0,4588330,319.067,66303.096,69202
1787861649484,78410207-983b-34de-da3c-435ec3ff63a1,/p/0/cb4650449a670ce4,7,0,1370239,460.525,62053.205,22082
1787861649484,78410207-983b-34de-da3c-435ec3ff63a1,/p/0/cb4651449a670e97,7,0,1853619,495.196,62053.187,29871
1787861645572,78410207-983b-34de-da3c-435ec3ff63a1,/p/0/15fb65694150b1cb,6,0,1930815,930.530,65965.600,29270
1787861708504,e7219492-91c7-173b-87f0-f984c416af04,/p/0/a764ecfff0797900,1,200,339837,113.594,3081.970,110266
1787861709920,b8f8c897-4a4f-f679-573b-aa45190e1b15,/p/0/df29949a8aff3dbd,2,200,144073,195.264,1676.173,85954
1787861697770,29a64f4e-3da9-e5fd-278e-990fb1e14314,/p/13/83ec5af3e2c03e1a,4,200,4914950,275.875,13941.531,352540
1787861711124,90bfe094-d3f2-bf15-c1cc-4652b70e79b3,/p/0/f3a638c43c865cc4,3,200,104186,376.049,634.073,164312
1787861710656,e7219492-91c7-173b-87f0-f984c416af04,/p/0/effa7e7ef3a87bf0,2,200,89830,207.518,1103.564,81400
1787861709537,8ae8eed2-2f2e-bf83-57c1-10306f13d8ab,/?crawl=172,0,200,458431,76.062,2265.737,202332
1787861710656,e7219492-91c7-173b-87f0-f984c416af04,/p/0/effa817ef3a88109,2,200,101384,245.499,1180.757,85864
1787861711124,90bfe094-d3f2-bf15-c1cc-4652b70e79b3,/p/0/f3a63ac43c86602a,3,200,300888,402.076,954.926,315090
1787861710681,06a7be38-baed-1d82-db7d-70d78f275459,/p/2/62bd6bdd0fc408ba,2,200,122592,343.782,1515.718,80880
1787861710656,e7219492-91c7-173b-87f0-f984c416af04,/p/11/effa807ef3a87f56,2,200,354714,188.891,1765.329,200934
1787861685612,c16e53db-6210-f32b-2ef7-c5f42da391f5,/p/0/48208d2e5a4ef23,5,200,3093685,195.965,26826.649,115321
1787861706854,20b2286b-d80f-2501-6bb1-a6ad689a7a63,/p/0/79bdcbfc49135d77,8,200,4913980,1579.653,5686.215,864192
1787861708129,7c870cb3-83f6-373d-80a3-ee54092c3355,/p/0/9edb3e9b29b412cf,3,200,140534,414.092,4559.223,30824
1787861712536,e4b5a307-f1fc-44a9-99ea-c3324fda44dd,/?crawl=175,0,200,236420,24.104,361.981,653129
1787861708662,b8f8c897-4a4f-f679-573b-aa45190e1b15,/p/0/e686789ee2f3121,1,200,443675,166.016,4453.328,99628
1787861708617,f63e0a93-5065-1460-74f2-0e1716ee038f,/p/0/7ded47c6608247a8,2,200,190628,374.145,4552.697,41871
1787861712536,56b2d16f-ba15-784f-0371-876edbf8d1bf,/?crawl=177,0,200,313993,33.067,669.232,469184
1787861711803,8ae8eed2-2f2e-bf83-57c1-10306f13d8ab,/p/0/bcc7cd367ea24855,1,200,103900,69.633,1409.909,73693
1787861710292,9f610f46-783a-896f-5483-dcbc9c073ba5,/p/0/23cb41c07c57f644,1,200,200831,51.320,2994.190,67074
1787861711509,47263df5-83c1-4ecc-ffae-ae70baeb7f74,/p/0/ffa2f85b7d0e1db6,4,200,52578,473.959,1784.529,29463
1787861703043,84bc9cc6-049d-2c79-0a0a-77cda35b5253,/p/5/f50e437642e552ff,1,200,4758204,18.836,10258.787,463817
1787861711096,90bfe094-d3f2-bf15-c1cc-4652b70e79b3,/p/0/3cee3ddd68ba1a05,2,200,2574875,30.163,2291.666,1123582
1787861709537,c326abe4-a69c-1078-15d9-0de3a497f1dd,/?crawl=170,0,200,208513,211.691,3922.386,53160
1787861710292,9f610f46-783a-896f-5483-dcbc9c073ba5,/p/0/23cb44c07c57fb5d,1,200,181050,152.449,3171.099,57094
1787861709920,b8f8c897-4a4f-f679-573b-aa45190e1b15,/p/0/df29919a8aff38a4,2,200,334843,183.231,3651.006,91713
1787861708662,b8f8c897-4a4f-f679-573b-aa45190e1b15,/p/0/e686489ee2f2c08,1,200,520811,147.509,5053.908,103051
1787861711317,201f7550-9c12-1644-fb3b-52df7b0a7f83,/p/0/160295cea22dcb54,5,200,409115,1577.540,2508.564,163087
1787861713302,84bc9cc6-049d-2c79-0a0a-77cda35b5253,/p/4/cd7a7212992bd855,2,200,142836,29.182,560.593,254795
1787861713862,84bc9cc6-049d-2c79-0a0a-77cda35b5253,/p/0/3df72dfac57171da,3,200,92317,96.405,464.620,198694
1787861677918,cd1dfc92-bb76-84b6-217a-1ad8b2aee606,/p/0/c77df1db04c07c78,1,200,4349739,63.554,36463.233,119291
1787861670887,e471e057-27df-6378-f5c5-7be9416489bb,/p/0/485eb81db3678ff9,10,200,5692127,279.406,43506.069,130835
1787861713862,84bc9cc6-049d-2c79-0a0a-77cda35b5253,/p/0/3df72cfac5717027,3,200,99514,105.997,656.621,151555
1787861708759,201f7550-9c12-1644-fb3b-52df7b0a7f83,/p/0/943754105635af4a,4,200,3794666,60.823,5761.227,658656
1787861694917,c16e53db-6210-f32b-2ef7-c5f42da391f5,/p/3/7024dafdcd0850b0,8,200,2639145,269.153,19630.368,134442
1787861701536,b6397a0a-de6e-8449-2db8-4a66f3b728fe,/?crawl=160,0,200,2211267,81.630,13044.147,169522
1787861711125,90bfe094-d3f2-bf15-c1cc-4652b70e79b3,/p/0/f3a63bc43c8661dd,3,200,2587374,376.547,3467.083,746268
1787861704725,7c870cb3-83f6-373d-80a3-ee54092c3355,/p/0/a938d0c0ba7f69c2,2,200,399712,379.679,10044.528,39794
1787861710316,61584925-d9a4-b547-bc53-29b2abab3248,/p/0/89f1b451b1718c4c,3,200,417855,341.970,4470.536,93469
1787861713302,84bc9cc6-049d-2c79-0a0a-77cda35b5253,/p/0/cd7a7012992bd4ef,2,200,429713,20.040,1584.600,271181
1787861708617,f63e0a93-5065-1460-74f2-0e1716ee038f,/p/0/7ded4ac660824cc1,2,200,228432,339.114,6362.494,35903
1787861714547,c16e53db-6210-f32b-2ef7-c5f42da391f5,/p/2/c98e8c99237330aa,9,200,36484,198.592,475.051,76800
1787861713862,84bc9cc6-049d-2c79-0a0a-77cda35b5253,/p/3/3df72bfac5716e74,3,200,293519,106.014,1273.945,230402
1787861706653,f63e0a93-5065-1460-74f2-0e1716ee038f,/p/0/5ae84738995b728b,1,200,382243,137.525,8654.320,44168
1787861711803,8ae8eed2-2f2e-bf83-57c1-10306f13d8ab,/p/5/bcc7cc367ea246a2,1,200,206291,213.617,3516.438,58665
1787861712422,e7219492-91c7-173b-87f0-f984c416af04,/p/0/42f6c5a1a860386e,3,200,380969,214.301,3058.069,124578
1787861700092,0a384d5b-7afe-b99b-ca3e-dafac0a90ce9,/p/3/dcb1cc509c47c4ec,15,0,2066079,430.838,15444.137,133778
1787861712422,e7219492-91c7-173b-87f0-f984c416af04,/p/10/42f6c6a1a8603a21,3,200,475942,39.361,3370.610,141204
1787861709151,17fff782-aebe-39e2-22fd-c78ff278c352,/p/0/b735981e10f2ee0a,1,200,426709,72.021,6808.922,62669
1787861700088,7592a36c-53d5-1622-e191-3c1898bf49e1,/p/0/5c11ba00409b0454,1,200,4749253,85.862,15970.727,297372
1787861710506,cc2353a1-1881-35ef-b067-5c85111b4dc0,/p/0/3d47041e8f57bc94,2,200,370376,439.176,5612.123,65996
1787861715136,84bc9cc6-049d-2c79-0a0a-77cda35b5253,/p/2/ca7cf972578f4329,4,200,147119,113.812,1011.542,145440
1787861710506,cc2353a1-1881-35ef-b067-5c85111b4dc0,/p/2/3d47051e8f57be47,2,200,385170,403.078,5722.883,67303
1787861710681,06a7be38-baed-1d82-db7d-70d78f275459,/p/0/62bd69dd0fc40554,2,200,324348,60.941,5812.799,55799
1787861713205,56b2d16f-ba15-784f-0371-876edbf8d1bf,/p/0/288cc1dc0d16469,1,200,425019,146.768,3365.254,126296
1787861716536,43f1db63-92fd-e893-1eb3-cf286c3670c1,/?crawl=183,0,200,230705,25.611,402.342,573405
1787861715319,8ae8eed2-2f2e-bf83-57c1-10306f13d8ab,/p/0/d75c13101d99ca36,2,200,47604,386.178,1619.722,29390
1787861711712,29a64f4e-3da9-e5fd-278e-990fb1e14314,/p/12/cddcbdfc2aa6e6cb,5,200,404020,347.133,5228.629,77271
1787861711316,201f7550-9c12-1644-fb3b-52df7b0a7f83,/p/0/160298cea22dd06d,5,200,4026889,1577.733,5639.818,714010
1787861711316,201f7550-9c12-1644-fb3b-52df7b0a7f83,/p/1/160296cea22dcd07,5,200,5257104,1573.988,5650.313,930409
1787861716938,43f1db63-92fd-e893-1eb3-cf286c3670c1,/p/0/b8d9fa6bdf94e011,1,200,31662,25.819,78.646,402589
1787861710506,cc2353a1-1881-35ef-b067-5c85111b4dc0,/p/0/3d47071e8f57c1ad,2,200,508628,366.833,6511.835,78108
1787861650283,cc2353a1-1881-35ef-b067-5c85111b4dc0,/p/0/f7219d6fd8f44e19,1,200,4700281,385.689,66736.476,70430
1787861716230,cc2353a1-1881-35ef-b067-5c85111b4dc0,/p/0/bc584e3fa0326f0c,3,200,217538,789.716,797.440,272796
1787861716229,cc2353a1-1881-35ef-b067-5c85111b4dc0,/p/1/bc58503fa0327272,3,200,409597,789.783,802.810,510204
1787861715319,8ae8eed2-2f2e-bf83-57c1-10306f13d8ab,/p/4/d75c11101d99c6d0,2,200,76033,351.473,1794.523,42369
1787861670887,e471e057-27df-6378-f5c5-7be9416489bb,/p/7/485eb71db3678e46,10,200,5634519,279.305,46238.984,121856
1787861709151,17fff782-aebe-39e2-22fd-c78ff278c352,/p/0/b735971e10f2ec57,1,200,481890,360.961,8023.415,60060
1787861712197,06a7be38-baed-1d82-db7d-70d78f275459,/p/1/6998a165930d55ed,3,200,223599,506.615,5073.196,44075
1787861716967,201f7550-9c12-1644-fb3b-52df7b0a7f83,/p/0/a690c90c7adad083,6,200,468667,2.666,451.098,1038947
1787861712197,06a7be38-baed-1d82-db7d-70d78f275459,/p/0/69989f65930d5287,3,200,166925,414.539,5228.182,31928
1787861712197,06a7be38-baed-1d82-db7d-70d78f275459,/p/0/6998a065930d543a,3,200,174690,637.978,5228.152,33413
1787861717126,e471e057-27df-6378-f5c5-7be9416489bb,/p/0/d31f6fb562ee8c15,11,200,20332,202.871,314.112,64729
1787861715136,84bc9cc6-049d-2c79-0a0a-77cda35b5253,/p/0/ca7cf772578f3fc3,4,200,361414,180.093,2317.040,155981
1787861717032,cc2353a1-1881-35ef-b067-5c85111b4dc0,/p/0/25b1146e378ff6c0,4,200,187913,65.392,496.534,378449
1787861717032,cc2353a1-1881-35ef-b067-5c85111b4dc0,/p/0/25b1176e378ffbd9,4,200,229232,65.314,566.122,404917
1787861715022,c16e53db-6210-f32b-2ef7-c5f42da391f5,/p/0/8d9a52ee13cebf1,10,200,193587,166.305,2660.900,72752
1787861716148,84bc9cc6-049d-2c79-0a0a-77cda35b5253,/p/0/521133cf0772141c,5,200,271203,155.796,1539.632,176148
1787861716967,201f7550-9c12-1644-fb3b-52df7b0a7f83,/p/0/a690cb0c7adad3e9,6,200,347276,2.430,791.772,438606
1787861693619,38c71256-320e-4ca8-ea46-cc2f98929410,/p/0/90ebb9ad08eb502c,9,200,2749120,1303.425,24395.725,112689
1787861716967,201f7550-9c12-1644-fb3b-52df7b0a7f83,/p/0/a690ca0c7adad236,6,200,495918,3.282,1112.788,445654
1787861716148,84bc9cc6-049d-2c79-0a0a-77cda35b5253,/p/1/521134cf077215cf,5,200,342368,137.281,2034.852,168252
1787861715792,e7219492-91c7-173b-87f0-f984c416af04,/p/0/72cb7293ceff6a9f,4,200,222274,191.235,2404.038,92459
1787861717536,e38aab1b-594d-88f5-6c92-1ad064148fb7,/?crawl=185,0,200,301757,40.938,810.860,372145
1787861714580,b6397a0a-de6e-8449-2db8-4a66f3b728fe,/p/0/1be2ec316c1b3bbf,1,200,254775,81.121,3836.337,66411
1787861716941,29a64f4e-3da9-e5fd-278e-990fb1e14314,/p/11/b22ba87898f3478f,6,200,87874,384.663,1607.242,54674
1787861717126,e471e057-27df-6378-f5c5-7be9416489bb,/p/6/d31f6db562ee88af,11,200,173937,202.874,1430.695,121575
1787861706536,26626e80-074a-d09d-a152-cd407cb64f10,/?crawl=164,0,200,222143,576.701,12081.897,18386
1787861717536,f66d792e-951f-ab3b-318a-520d402d8530,/?crawl=184,0,200,85405,123.604,1082.190,78919
1787861711712,29a64f4e-3da9-e5fd-278e-990fb1e14314,/p/0/cddcbffc2aa6ea31,5,200,495002,347.071,6919.262,71540
1787861717270,06a7be38-baed-1d82-db7d-70d78f275459,/p/0/fa95dfb2c5510aa6,4,200,55368,309.853,1566.624,35342
1787861718536,0d0834ea-82d9-c921-cc17-6f4fbdd0f4fe,/?crawl=186,0,200,403692,14.711,344.795,1170817
1787861716938,43f1db63-92fd-e893-1eb3-cf286c3670c1,/p/0/b8d9f76bdf94daf8,1,200,330740,78.704,1971.951,167722
1787861670887,e471e057-27df-6378-f5c5-7be9416489bb,/p/0/485eb51db3678ae0,10,200,5936105,261.566,48040.151,123565
1787861711509,47263df5-83c1-4ecc-ffae-ae70baeb7f74,/p/0/ffa2f75b7d0e1c03,4,200,447123,407.934,7432.982,60154
1787861718881,0d0834ea-82d9-c921-cc17-6f4fbdd0f4fe,/p/0/99eda33fc69bab0a,1,200,52209,16.267,62.901,830013
1787861714580,b6397a0a-de6e-8449-2db8-4a66f3b728fe,/p/2/1be2ee316c1b3f25,1,200,314287,279.010,4434.745,70869
1787861718536,cedf9a3f-c47b-86f2-9b02-81b92947cc31,/?crawl=187,0,200,207876,43.281,568.005,365976
1787861716148,84bc9cc6-049d-2c79-0a0a-77cda35b5253,/p/0/521136cf07721935,5,200,430788,165.737,2967.375,145175
1787861716938,43f1db63-92fd-e893-1eb3-cf286c3670c1,/p/12/b8d9f96bdf94de5e,1,200,353366,78.673,2209.653,159919
1787861713459,c326abe4-a69c-1078-15d9-0de3a497f1dd,/p/0/95f3237b556c5de2,1,200,201585,652.335,5715.671,35269
1787861718183,84bc9cc6-049d-2c79-0a0a-77cda35b5253,/p/0/f851151b71e7d0c4,6,200,163468,103.320,1031.000,158553
1787861719148,43f1db63-92fd-e893-1eb3-cf286c3670c1,/p/11/ed67317923072342,2,200,18819,24.632,88.869,211762
1787861718183,84bc9cc6-049d-2c79-0a0a-77cda35b5253,/p/0/f851161b71e7d277,6,200,165939,93.181,1174.507,141284
1787861718618,26626e80-074a-d09d-a152-cd407cb64f10,/p/0/ce3997bb19af6526,1,200,12354,683.867,800.676,15429
1787861709124,f63e0a93-5065-1460-74f2-0e1716ee038f,/p/0/2878da9e7c2d7a5,3,200,519448,405.045,10340.191,50236
1787861715792,e7219492-91c7-173b-87f0-f984c416af04,/p/9/72cb7493ceff6e05,4,200,393385,191.232,4037.787,97426
1787861714547,c16e53db-6210-f32b-2ef7-c5f42da391f5,/p/0/c98e8d992373325d,9,200,457471,183.296,5332.433,85790
1787861600536,0528d7e3-d1df-a66d-5305-4bd79b81c1f4,/?crawl=27,0,200,4606367,283.738,119382.463,38585
1787861715319,8ae8eed2-2f2e-bf83-57c1-10306f13d8ab,/p/0/d75c12101d99c883,2,200,195049,668.762,4660.999,41847
1787861701869,e31cfc97-375b-38ce-99d3-47bbbe115dc8,/p/0/c8d693b6fcb94dc4,5,200,3805990,452.699,18175.719,209400
1787861718557,e471e057-27df-6378-f5c5-7be9416489bb,/p/0/89b3a215578cb030,12,200,114150,183.323,1676.402,68092
1787861718881,0d0834ea-82d9-c921-cc17-6f4fbdd0f4fe,/p/3/99eda43fc69bacbd,1,200,187541,68.990,1408.729,133128
1787861715022,c16e53db-6210-f32b-2ef7-c5f42da391f5,/p/1/8d9a32ee13ce88b,10,200,405422,166.318,5330.724,76054
1787861718618,26626e80-074a-d09d-a152-cd407cb64f10,/p/0/ce3998bb19af66d9,1,200,55295,230.043,1830.085,30214
1787861715022,c16e53db-6210-f32b-2ef7-c5f42da391f5,/p/0/8d9a22ee13ce6d8,10,200,459115,151.048,5468.840,83951
1787861719919,0528d7e3-d1df-a66d-5305-4bd79b81c1f4,/p/0/bc16c62d1ce36b41,1,0,122434,22.071,617.589,198245
1787861719919,0528d7e3-d1df-a66d-5305-4bd79b81c1f4,/p/0/bc16c32d1ce36628,1,0,49135,176.432,617.631,79554
1787861719919,0528d7e3-d1df-a66d-5305-4bd79b81c1f4,/p/6/bc16c42d1ce367db,1,0,67511,119.945,617.775,109281
1787861720353,c16e53db-6210-f32b-2ef7-c5f42da391f5,/p/0/46bf73767cf2652f,11,200,4430,167.338,211.041,20991
1787861714547,c16e53db-6210-f32b-2ef7-c5f42da391f5,/p/0/c98e8a9923732d44,9,200,455379,214.860,6031.383,75502
1787861703979,a260d372-9b51-140b-34ac-abefee6e2807,/p/1/b858d8ba8e2d1cbe,1,200,418759,1798.838,16731.461,25028
1787861719830,e7219492-91c7-173b-87f0-f984c416af04,/p/0/1f6ab5c27e075f0f,5,200,43769,206.658,921.617,47492
1787861710292,9f610f46-783a-896f-5483-dcbc9c073ba5,/p/1/23cb43c07c57f9aa,1,200,2268904,177.460,10744.863,211162
1787861712536,eca21f56-7b48-b820-357b-2d1062e9e8af,/?crawl=176,0,200,5199029,23.900,8516.499,610466
1787861718347,e38aab1b-594d-88f5-6c92-1ad064148fb7,/p/1/dfaea42708caca84,1,200,220922,211.108,2780.079,79466
1787861715536,19ce9cbf-94d8-0d15-2e5e-16dbba8e6c68,/?crawl=180,0,200,521865,208.922,5726.951,91124
1787861713459,c326abe4-a69c-1078-15d9-0de3a497f1dd,/p/0/95f3227b556c5c2f,1,200,419402,199.651,7852.309,53411
1787861718557,e471e057-27df-6378-f5c5-7be9416489bb,/p/0/89b3a515578cb549,12,200,208166,257.077,2847.692,73100
1787861720536,5381714b-f0f4-a770-1f30-4fa89a3302c0,/?crawl=189,0,200,171445,80.514,950.418,180389
1787861719237,43f1db63-92fd-e893-1eb3-cf286c3670c1,/p/10/2cb9c4e0f9d2aa76,3,200,259607,165.893,2281.885,113769
1787861717270,06a7be38-baed-1d82-db7d-70d78f275459,/p/0/fa95deb2c55108f3,4,200,244425,403.982,4315.567,56638
1787861720353,c16e53db-6210-f32b-2ef7-c5f42da391f5,/p/0/46bf74767cf266e2,11,200,159926,167.241,1233.767,129624
1787861720353,c16e53db-6210-f32b-2ef7-c5f42da391f5,/p/0/46bf75767cf26895,11,200,172310,153.603,1368.120,125947
1787861719148,43f1db63-92fd-e893-1eb3-cf286c3670c1,/p/0/ed672f7923071fdc,2,200,302873,101.264,2744.207,110368
1787861718548,29a64f4e-3da9-e5fd-278e-990fb1e14314,/p/0/aa779dbae2389137,7,200,145615,277.175,3471.260,41949
1787861721053,eca21f56-7b48-b820-357b-2d1062e9e8af,/p/0/6f1e77c02c367009,1,200,182652,79.461,1025.200,178162
1787861719015,b6397a0a-de6e-8449-2db8-4a66f3b728fe,/p/1/48ebfc1774fedf5d,2,200,89485,639.850,3090.818,28952
1787861717270,06a7be38-baed-1d82-db7d-70d78f275459,/p/0/fa95ddb2c5510740,4,200,357682,341.655,4845.442,73818
1787861721536,132d6526-89d8-1234-40d1-3ed468c66efe,/?crawl=190,0,200,311756,30.068,604.937,515353
1787861718347,e38aab1b-594d-88f5-6c92-1ad064148fb7,/p/0/dfaea62708cacdea,1,200,341502,38.023,3846.917,88773
1787861721053,eca21f56-7b48-b820-357b-2d1062e9e8af,/p/0/6f1e74c02c366af0,1,200,272875,44.513,1163.219,234586
1787861721519,43f1db63-92fd-e893-1eb3-cf286c3670c1,/p/0/c20917daaf302a35,4,200,112714,166.291,775.294,145382
1787861714580,b6397a0a-de6e-8449-2db8-4a66f3b728fe,/p/0/1be2ed316c1b3d72,1,200,382230,81.129,7766.092,49218
1787861689290,a75977ad-1a1c-59e7-6b95-2310da56e939,/p/0/9940131ddf227f60,2,200,454364,1394.695,33164.271,13700
1787861715792,e7219492-91c7-173b-87f0-f984c416af04,/p/0/72cb7393ceff6c52,4,200,511367,405.936,6850.246,74649
1787861719830,e7219492-91c7-173b-87f0-f984c416af04,/p/0/1f6ab6c27e0760c2,5,200,345126,249.764,2851.452,121035
1787861719237,43f1db63-92fd-e893-1eb3-cf286c3670c1,/p/0/2cb9c2e0f9d2a710,3,200,436011,165.892,3655.703,119269
1787861718347,e38aab1b-594d-88f5-6c92-1ad064148fb7,/p/0/dfaea52708cacc37,1,200,385935,58.191,4559.464,84645
1787861722536,1faaaf63-992c-698a-4522-662c899004ef,/?crawl=191,0,200,134821,48.884,466.051,289284
1787861678174,38c71256-320e-4ca8-ea46-cc2f98929410,/p/0/a4c2cafebe1e3015,6,200,5911118,190.588,44887.759,131687
1787861700639,15822e6f-528f-42ff-2ce6-861dd5c1e9c7,/p/0/a41c651f8d19dd81,9,200,4935129,168.841,22476.506,219568
1787861719830,e7219492-91c7-173b-87f0-f984c416af04,/p/8/1f6ab7c27e076275,5,200,367765,206.685,3460.505,106275
1787861717114,8ae8eed2-2f2e-bf83-57c1-10306f13d8ab,/p/3/2961b1cfc4724561,3,200,327571,717.435,6212.504,52728
1787861713302,84bc9cc6-049d-2c79-0a0a-77cda35b5253,/p/0/cd7a7112992bd6a2,2,200,2160108,67.370,10106.803,213728
1787861721127,e38aab1b-594d-88f5-6c92-1ad064148fb7,/p/0/71b0df98594bc472,2,200,233141,193.181,2302.273,101266
1787861719104,cedf9a3f-c47b-86f2-9b02-81b92947cc31,/p/0/6834ce23200b344,1,200,439162,123.371,4328.600,101456
1787861689289,a75977ad-1a1c-59e7-6b95-2310da56e939,/p/0/9940161ddf228479,2,200,425948,1394.889,34315.215,12413
1787861719237,43f1db63-92fd-e893-1eb3-cf286c3670c1,/p/0/2cb9c5e0f9d2ac29,3,200,467808,152.734,4420.405,105829
1787861718618,f66d792e-951f-ab3b-318a-520d402d8530,/p/0/7318f9849d65c097,1,200,165098,435.709,5119.033,32252
1787861700639,15822e6f-528f-42ff-2ce6-861dd5c1e9c7,/p/0/a41c631f8d19da1b,9,200,5510648,153.939,23152.931,238011
1787861679189,7c870cb3-83f6-373d-80a3-ee54092c3355,/p/0/a9b4dc4b690177d8,1,200,6127819,379.288,44609.152,137367
1787861719104,cedf9a3f-c47b-86f2-9b02-81b92947cc31,/p/0/6834fe23200b85d,1,200,429227,123.244,4777.835,89837
1787861708130,7c870cb3-83f6-373d-80a3-ee54092c3355,/p/0/9edb3f9b29b41482,3,200,4554792,375.393,15813.240,288037
1787861723291,e7219492-91c7-173b-87f0-f984c416af04,/p/0/fc5d8dae87c1e973,6,200,80936,188.281,868.446,93196
1787861710536,7f7f75ba-4d66-3386-c703-40b285f49170,/?crawl=174,0,200,4985948,38.276,13652.271,365210
1787861714536,6394778c-21bb-cf35-f305-d548ae484994,/?crawl=179,0,200,3562034,42.160,9763.120,364846
1787861684355,c16e53db-6210-f32b-2ef7-c5f42da391f5,/p/0/aea06092230de209,4,200,5777600,168.936,40024.883,144350
1787861721892,43f1db63-92fd-e893-1eb3-cf286c3670c1,/p/0/c20914daaf30251c,4,200,349948,128.156,2522.599,138725
1787861721519,43f1db63-92fd-e893-1eb3-cf286c3670c1,/p/9/c20916daaf302882,4,200,399675,153.012,2896.062,138006
1787861723003,1faaaf63-992c-698a-4522-662c899004ef,/p/0/32ea2bb5c8e5f802,1,200,139899,97.579,1571.392,89029
1787861723003,1faaaf63-992c-698a-4522-662c899004ef,/p/5/32ea2cb5c8e5f9b5,1,200,221649,50.114,1768.249,125349
1787861719015,b6397a0a-de6e-8449-2db8-4a66f3b728fe,/p/0/48ebfb1774feddaa,2,200,197027,679.735,5893.829,33429
1787861724415,43f1db63-92fd-e893-1eb3-cf286c3670c1,/p/0/1dd3037aeb5f6e2c,5,200,53090,139.915,530.084,100154
1787861701619,faaca8c9-c1d6-1c07-ad40-251e22db0d72,/p/0/3df0b94e5a2f02df,2,200,4610403,254.121,23332.777,197593
1787861713205,56b2d16f-ba15-784f-0371-876edbf8d1bf,/p/0/288ca1dc0d16103,1,200,2530827,28.425,11753.022,215334
1787861721037,9f610f46-783a-896f-5483-dcbc9c073ba5,/p/0/963560965843faed,2,200,380584,50.186,3923.654,96997
1787861694038,55dedd4c-51c4-de1a-60f2-229a57f43051,/p/0/ad1c8a209bede8c8,2,200,2810482,339.120,30993.213,90681
1787861724299,6394778c-21bb-cf35-f305-d548ae484994,/p/5/c4b021c58edf0127,1,200,127669,109.301,908.517,140525
1787861721037,9f610f46-783a-896f-5483-dcbc9c073ba5,/p/0/96355f965843f93a,2,200,494231,50.220,4230.918,116814
1787861694038,55dedd4c-51c4-de1a-60f2-229a57f43051,/p/0/ad1c8b209bedea7b,2,200,3089172,387.952,31252.793,98845
1787861721037,9f610f46-783a-896f-5483-dcbc9c073ba5,/p/0/96355e965843f787,2,200,350316,227.159,4254.499,82340
1787861722106,b6397a0a-de6e-8449-2db8-4a66f3b728fe,/p/0/34feaca0aa109d23,3,200,116995,519.128,3284.136,35624
1787861723291,e7219492-91c7-173b-87f0-f984c416af04,/p/0/fc5d8eae87c1eb26,6,200,252617,209.650,2110.789,119679
1787861691607,771121a6-4d15-c363-8d2d-d19eeb6166cf,/p/0/3f94ff95e1c061f3,5,200,3421074,353.490,33822.974,101146
1787861716941,29a64f4e-3da9-e5fd-278e-990fb1e14314,/p/0/b22ba77898f345dc,6,200,439800,300.963,8511.330,51672
1787861700426,38c71256-320e-4ca8-ea46-cc2f98929410,/p/5/b5c3c128a47074a2,11,200,4746091,148.641,25129.227,188867
1787861710316,61584925-d9a4-b547-bc53-29b2abab3248,/p/3/89f1b651b1718fb2,3,200,2836175,445.723,15314.866,185191
1787861716941,29a64f4e-3da9-e5fd-278e-990fb1e14314,/p/0/b22baa7898f34af5,6,200,403987,330.083,8888.559,45450
1787861715536,6eec3580-fa4c-009f-7463-73efc3ce3ef5,/?crawl=181,0,200,4772595,22.544,10297.966,463450
1787861725631,61584925-d9a4-b547-bc53-29b2abab3248,/p/2/fbe0ec43aeff0d95,4,200,288910,24.924,372.606,775376
1787861725556,38c71256-320e-4ca8-ea46-cc2f98929410,/p/0/503057ac1bbf7598,12,200,62539,28.737,449.199,139224
1787861725631,61584925-d9a4-b547-bc53-29b2abab3248,/p/0/fbe0ea43aeff0a2f,4,200,412845,24.056,375.764,1098682
1787861725631,61584925-d9a4-b547-bc53-29b2abab3248,/p/0/fbe0eb43aeff0be2,4,200,427929,22.345,382.090,1119969
1787861725208,6394778c-21bb-cf35-f305-d548ae484994,/p/0/97dbf8e9918022c6,2,200,34878,349.845,836.528,41694
1787861726003,61584925-d9a4-b547-bc53-29b2abab3248,/p/0/78240ada198de1bc,5,200,234627,22.402,152.068,1542903
1787861726003,61584925-d9a4-b547-bc53-29b2abab3248,/p/0/78240dda198de6d5,5,200,139817,9.503,152.512,916760
1787861724415,43f1db63-92fd-e893-1eb3-cf286c3670c1,/p/8/1dd3057aeb5f7192,5,200,256545,152.311,1759.624,145795
1787861726003,61584925-d9a4-b547-bc53-29b2abab3248,/p/1/78240bda198de36f,5,200,416680,9.603,185.592,2245134
1787861724415,43f1db63-92fd-e893-1eb3-cf286c3670c1,/p/0/1dd3067aeb5f7345,5,200,322623,126.676,1798.016,179433
1787861726189,61584925-d9a4-b547-bc53-29b2abab3248,/p/0/f690f541d638ff3a,6,200,87982,313.328,315.640,278742
1787861722106,b6397a0a-de6e-8449-2db8-4a66f3b728fe,/p/0/34feada0aa109ed6,3,200,159574,559.220,4526.344,35255
1787861726189,61584925-d9a4-b547-bc53-29b2abab3248,/p/0/f690f341d638fbd4,6,200,370813,312.914,484.929,764675
1787861703085,47263df5-83c1-4ecc-ffae-ae70baeb7f74,/p/0/62f57bfc88087a6c,2,200,2547800,195.683,23913.316,106543
1787861725834,6eec3580-fa4c-009f-7463-73efc3ce3ef5,/p/0/920550b0b65ef59e,1,200,275176,28.691,1168.435,235508
1787861715136,84bc9cc6-049d-2c79-0a0a-77cda35b5253,/p/0/ca7cf872578f4176,4,200,3400190,123.437,11894.808,285855
1787861723326,8ae8eed2-2f2e-bf83-57c1-10306f13d8ab,/p/0/dcdd4568ef525b54,4,200,108085,530.924,3745.322,28859
1787861721487,5381714b-f0f4-a770-1f30-4fa89a3302c0,/p/5/f6b2a3c4118741a0,1,200,289397,79.565,5753.881,50296
1787861717114,8ae8eed2-2f2e-bf83-57c1-10306f13d8ab,/p/0/2961afcfc47241fb,3,200,409077,717.451,10166.545,40238
1787861725556,38c71256-320e-4ca8-ea46-cc2f98929410,/p/4/503058ac1bbf774b,12,200,440215,43.683,1852.673,237611
1787861689118,55dedd4c-51c4-de1a-60f2-229a57f43051,/p/0/556a03336b2e686,1,200,4036170,372.311,38294.059,105399
1787861726189,61584925-d9a4-b547-bc53-29b2abab3248,/p/0/f690f641d63900ed,6,200,3535335,2.727,1279.148,2763820
1787861720711,a260d372-9b51-140b-34ac-abefee6e2807,/p/0/fe10dd00fca0b150,2,200,63671,1241.497,6787.187,9381
1787861725834,6eec3580-fa4c-009f-7463-73efc3ce3ef5,/p/0/92054fb0b65ef3eb,1,200,332451,139.311,1746.647,190337
1787861719015,b6397a0a-de6e-8449-2db8-4a66f3b728fe,/p/0/48ebfa1774fedbf7,2,200,354486,719.844,8621.110,41118
1787861668928,bf68d0ac-338e-b2bc-570b-49cd9646ad59,/p/0/734903eae4bf1e91,2,200,3015739,488.442,58766.772,51317
1787861725834,6eec3580-fa4c-009f-7463-73efc3ce3ef5,/p/5/92054eb0b65ef238,1,200,335075,82.171,1869.977,179187
1787861717114,8ae8eed2-2f2e-bf83-57c1-10306f13d8ab,/p/0/2961b0cfc47243ae,3,200,425216,856.616,10622.972,40028
1787861718618,26626e80-074a-d09d-a152-cd407cb64f10,/p/0/ce3996bb19af6373,1,200,477737,346.841,9178.183,52051
1787861713205,56b2d16f-ba15-784f-0371-876edbf8d1bf,/p/0/288cb1dc0d162b6,1,200,3791294,88.069,14720.253,257556
1787861711509,47263df5-83c1-4ecc-ffae-ae70baeb7f74,/p/2/ffa2f95b7d0e1f69,4,200,3637027,507.415,16529.452,220033
1787861726536,a39bb26c-5fbf-27e7-6053-fb106f68e15d,/?crawl=192,0,200,336020,69.994,1547.314,217163
1787861722106,b6397a0a-de6e-8449-2db8-4a66f3b728fe,/p/0/34feaea0aa10a089,3,200,402045,559.206,6050.307,66450
1787861727409,38c71256-320e-4ca8-ea46-cc2f98929410,/p/3/7f978e0ec04a35b5,13,200,68884,145.757,829.804,83012
1787861710681,06a7be38-baed-1d82-db7d-70d78f275459,/p/0/62bd6cdd0fc40a6d,2,200,5744445,343.670,17748.335,323661
1787861725208,6394778c-21bb-cf35-f305-d548ae484994,/p/0/97dbf7e991802113,2,200,374535,182.233,3383.450,110696
1787861727536,d231bfe4-810c-83ad-d0be-f23d9b528cd3,/?crawl=194,0,200,391892,42.755,1115.825,351213
1787861721487,5381714b-f0f4-a770-1f30-4fa89a3302c0,/p/0/f6b2a4c411874353,1,200,398915,435.411,7216.812,55276
1787861721053,eca21f56-7b48-b820-357b-2d1062e9e8af,/p/0/6f1e76c02c366e56,1,200,4845358,24.868,7762.887,624170
1787861724299,6394778c-21bb-cf35-f305-d548ae484994,/p/0/c4b020c58edeff74,1,200,500783,181.229,4652.617,107635
1787861713536,b351302f-0f11-f0ce-1413-6c6357a771f0,/?crawl=178,0,200,6229425,34.284,15537.657,400924
1787861709920,b8f8c897-4a4f-f679-573b-aa45190e1b15,/p/0/df29929a8aff3a57,2,200,5640337,326.014,19230.921,293295
1787861726175,43f1db63-92fd-e893-1eb3-cf286c3670c1,/p/0/4935585562d85023,6,200,384993,153.721,2991.690,128687
1787861696404,2b1b30b9-9bf5-ee87-33d2-4329488e5c8d,/p/0/5c54aac235f6e100,4,200,4225397,2402.992,32775.723,128918
1787861728238,38c71256-320e-4ca8-ea46-cc2f98929410,/p/0/f3b17dbf75263270,14,200,52133,218.961,1053.572,49482
1787861718881,0d0834ea-82d9-c921-cc17-6f4fbdd0f4fe,/p/0/99eda23fc69ba957,1,200,3072152,16.226,10467.737,293488
1787861723003,1faaaf63-992c-698a-4522-662c899004ef,/p/0/32ea2ab5c8e5f64f,1,200,514359,50.150,6370.619,80739
1787861728652,d231bfe4-810c-83ad-d0be-f23d9b528cd3,/p/0/51d681e1e1df2b56,1,200,76614,40.486,787.752,97257
1787861729074,b351302f-0f11-f0ce-1413-6c6357a771f0,/p/0/3145cd67fa440cc7,1,200,60927,32.947,377.981,161191
1787861728039,47263df5-83c1-4ecc-ffae-ae70baeb7f74,/p/0/a1817cea7579b51b,5,200,65548,113.953,1417.055,46256
1787861691136,ef2f5bc5-7600-3cf6-6a41-011cf47a1e9c,/p/0/aa7143f23b5a000c,6,200,4425157,78.617,38553.934,114778
1787861727704,6eec3580-fa4c-009f-7463-73efc3ce3ef5,/p/4/1e4d60712d875210,2,200,106654,274.330,2025.576,52654
1787861729074,b351302f-0f11-f0ce-1413-6c6357a771f0,/p/0/3145cc67fa440b14,1,200,103070,98.046,709.909,145188
1787861659587,70b54076-e994-68bc-5727-c6f17bc9a54f,/p/0/c5c1f51e39b7ef44,2,200,3592658,72.391,70506.077,50955
1787861728039,47263df5-83c1-4ecc-ffae-ae70baeb7f74,/p/0/a1817dea7579b6ce,5,200,108281,168.325,2088.827,51838
1787861709151,17fff782-aebe-39e2-22fd-c78ff278c352,/p/1/b735991e10f2efbd,1,200,3783120,215.293,21278.848,177788
1787861718183,84bc9cc6-049d-2c79-0a0a-77cda35b5253,/p/0/f851171b71e7d42a,6,200,5862799,112.435,12509.366,468673
1787861730430,17fff782-aebe-39e2-22fd-c78ff278c352,/p/0/17f32f90de5f9719,2,200,365800,2.663,329.209,1111149
1787861727408,38c71256-320e-4ca8-ea46-cc2f98929410,/p/0/7f978c0ec04a324f,13,200,380734,174.530,3462.703,109953
1787861728238,38c71256-320e-4ca8-ea46-cc2f98929410,/p/0/f3b180bf75263789,14,200,209429,145.550,2661.844,78678
1787861720290,0d0834ea-82d9-c921-cc17-6f4fbdd0f4fe,/p/0/e77e5089b338546f,2,200,3232448,77.798,10633.373,303991
1787861712422,e7219492-91c7-173b-87f0-f984c416af04,/p/0/42f6c4a1a86036bb,3,200,4925906,214.372,18566.617,265310
1787861724771,1faaaf63-992c-698a-4522-662c899004ef,/p/0/bd2f8d8f77b2d3d7,2,200,422161,252.197,6287.684,67141
1787861727704,6eec3580-fa4c-009f-7463-73efc3ce3ef5,/p/0/1e4d61712d8753c3,2,200,290162,95.214,3393.015,85517
1787861707536,a7209b11-208b-a02e-ce9f-326ec906256c,/?crawl=167,0,200,5917515,59.257,23615.906,250573
1787861728652,d231bfe4-810c-83ad-d0be-f23d9b528cd3,/p/0/51d67fe1e1df27f0,1,200,301605,62.344,2576.427,117063
1787861723326,8ae8eed2-2f2e-bf83-57c1-10306f13d8ab,/p/2/dcdd4768ef525eba,4,200,394584,565.952,8142.182,48462
1787861720290,0d0834ea-82d9-c921-cc17-6f4fbdd0f4fe,/p/0/e77e5189b3385622,2,200,3742699,63.929,11197.863,334233
1787861715536,05e48497-844a-01f1-22bc-bb6f8a229f94,/?crawl=182,0,200,2833847,74.550,15964.839,177506
1787861727409,38c71256-320e-4ca8-ea46-cc2f98929410,/p/0/7f978d0ec04a3402,13,200,516320,188.412,4159.280,124137
1787861728238,38c71256-320e-4ca8-ea46-cc2f98929410,/p/2/f3b17fbf752635d6,14,200,358754,159.798,3403.869,105396
1787861728652,d231bfe4-810c-83ad-d0be-f23d9b528cd3,/p/0/51d682e1e1df2d09,1,200,373249,62.351,3027.953,123268
1787861729730,6eec3580-fa4c-009f-7463-73efc3ce3ef5,/p/0/4c0c524422dbec0f,3,200,197924,245.088,1980.524,99935
1787861667216,ef2f5bc5-7600-3cf6-6a41-011cf47a1e9c,/p/0/82e17cc8573f74af,2,200,5875028,1275.530,64683.114,90828
1787861717032,cc2353a1-1881-35ef-b067-5c85111b4dc0,/p/0/25b1166e378ffa26,4,200,3183455,73.799,14967.949,212685
1787861731642,38c71256-320e-4ca8-ea46-cc2f98929410,/p/0/4ca502555b03c01c,15,200,64278,174.047,405.110,158668
1787861730430,17fff782-aebe-39e2-22fd-c78ff278c352,/p/0/17f32c90de5f9200,2,200,2962853,1.733,1673.227,1770742
1787861728039,47263df5-83c1-4ecc-ffae-ae70baeb7f74,/p/1/a1817bea7579b368,5,200,360226,113.905,4213.461,85494
1787861719104,cedf9a3f-c47b-86f2-9b02-81b92947cc31,/p/0/6834ee23200b6aa,1,200,3647586,41.385,13177.684,276800
1787861730430,17fff782-aebe-39e2-22fd-c78ff278c352,/p/0/17f32d90de5f93b3,2,200,5031127,2.246,2065.099,2436264
1787861728083,a39bb26c-5fbf-27e7-6053-fb106f68e15d,/p/0/78ab2e9d0b151ae2,1,200,302653,67.242,4530.745,66800
1787861729730,6eec3580-fa4c-009f-7463-73efc3ce3ef5,/p/3/4c0c514422dbea5c,3,200,224232,257.909,3280.763,68348
1787861728083,a39bb26c-5fbf-27e7-6053-fb106f68e15d,/p/6/78ab2c9d0b15177c,1,200,270165,328.590,4929.862,54802
1787861720290,0d0834ea-82d9-c921-cc17-6f4fbdd0f4fe,/p/2/e77e5289b33857d5,2,200,5530494,63.885,12892.440,428972
1787861718536,ba09548e-7e15-326c-2113-0c68d568fdd7,/?crawl=188,0,200,3303239,284.435,14648.884,225494
1787861723291,e7219492-91c7-173b-87f0-f984c416af04,/p/7/fc5d8cae87c1e7c0,6,200,6201037,324.559,9973.719,621738
1787861733182,0d0834ea-82d9-c921-cc17-6f4fbdd0f4fe,/p/0/79fc9068aa11281a,3,200,57656,13.586,107.766,535011
1787861686233,771121a6-4d15-c363-8d2d-d19eeb6166cf,/p/0/1d817418f894ef77,4,200,4695037,323.541,47216.458,99436
1787861733182,0d0834ea-82d9-c921-cc17-6f4fbdd0f4fe,/p/0/79fc8f68aa112667,3,200,165961,13.514,359.827,461224
1787861716229,cc2353a1-1881-35ef-b067-5c85111b4dc0,/p/0/bc58513fa0327425,3,200,4448607,790.454,17348.338,256428
1787861733182,0d0834ea-82d9-c921-cc17-6f4fbdd0f4fe,/p/1/79fc8e68aa1124b4,3,200,248982,26.253,405.113,614599
1787861731642,38c71256-320e-4ca8-ea46-cc2f98929410,/p/1/4ca504555b03c382,15,200,311310,174.018,2185.332,142454
1787861731152,a7209b11-208b-a02e-ce9f-326ec906256c,/p/0/13fa99a25bde8653,1,200,228455,214.746,2813.879,81189
1787861733265,e7219492-91c7-173b-87f0-f984c416af04,/p/0/fa950a1ec86946c3,7,200,125105,38.750,737.956,169529
1787861731468,8ae8eed2-2f2e-bf83-57c1-10306f13d8ab,/p/1/8d9e1721d96351ba,5,200,104034,385.735,2536.370,41017
1787861697632,faaca8c9-c1d6-1c07-ad40-251e22db0d72,/p/0/353d0f451765182e,1,200,5606736,207.199,36650.156,152980
1787861700243,2b1b30b9-9bf5-ee87-33d2-4329488e5c8d,/p/0/6380b817843296fb,5,200,4460373,208.080,34120.962,130722
1787861733587,0d0834ea-82d9-c921-cc17-6f4fbdd0f4fe,/p/0/8f007d947c92d715,4,200,330402,67.907,815.433,405186
1787861733587,0d0834ea-82d9-c921-cc17-6f4fbdd0f4fe,/p/0/8f007a947c92d1fc,4,200,335538,74.099,907.727,369646
1787861733013,a39bb26c-5fbf-27e7-6053-fb106f68e15d,/p/5/f7f617104ebdedff,2,200,50931,330.209,1615.394,31529
1787861731152,a7209b11-208b-a02e-ce9f-326ec906256c,/p/9/13fa98a25bde84a0,1,200,395824,52.558,3543.364,111709
1787861681760,6e4d1db7-ea92-13df-5a19-18e403923cd4,/p/0/c87920a6eed4c7aa,2,200,4869501,361.882,53398.852,91191
1787861731468,8ae8eed2-2f2e-bf83-57c1-10306f13d8ab,/p/0/8d9e1521d9634e54,5,200,147598,457.707,3977.106,37112
1787861733013,a39bb26c-5fbf-27e7-6053-fb106f68e15d,/p/0/f7f619104ebdf165,2,200,113943,330.176,2462.723,46267
1787861734536,ca2c0680-f6ca-325d-2bda-fd8f1068bccb,/?crawl=197,0,200,177908,79.069,942.777,188706
1787861675809,bf68d0ac-338e-b2bc-570b-49cd9646ad59,/p/0/3833d1b99f8027ce,3,200,2799622,570.665,59737.211,46866
1787861735536,e0738717-def0-345d-08de-af89b5125918,/?crawl=198,0,200,8261,31.994,32.047,257776
1787861689327,95d3b189-2c97-d7f4-77e1-bd96e7e9637b,/p/2/ba036b3386d46e74,1,200,3905846,548.058,46358.632,84253
1787861733265,e7219492-91c7-173b-87f0-f984c416af04,/p/0/fa950b1ec8694876,7,200,413927,118.841,2585.007,160126
1787861733265,e7219492-91c7-173b-87f0-f984c416af04,/p/6/fa950c1ec8694a29,7,200,440166,38.713,2622.259,167858
1787861731642,38c71256-320e-4ca8-ea46-cc2f98929410,/p/0/4ca505555b03c535,15,200,477892,188.560,4265.474,112037
1787861733828,38c71256-320e-4ca8-ea46-cc2f98929410,/p/0/771c512d29ff271f,16,200,188993,160.745,2123.447,89003
1787861724299,6394778c-21bb-cf35-f305-d548ae484994,/p/0/c4b023c58edf048d,1,200,2521832,36.612,11816.061,213424
1787861721127,e38aab1b-594d-88f5-6c92-1ad064148fb7,/p/0/71b0e098594bc625,2,200,4280691,232.190,15196.750,281685
1787861735568,e0738717-def0-345d-08de-af89b5125918,/p/0/3ad28044d922b0d4,1,200,101163,28.535,1039.844,97287
1787861733828,38c71256-320e-4ca8-ea46-cc2f98929410,/p/0/771c502d29ff256c,16,200,367563,146.375,2822.720,130216
1787861725208,6394778c-21bb-cf35-f305-d548ae484994,/p/4/97dbf9e991802479,2,200,3606322,349.931,11554.470,312115
1787861736762,6394778c-21bb-cf35-f305-d548ae484994,/p/3/c5771cd2abcf6eb4,3,200,32702,2.440,2.860,11432727
1787861736762,6394778c-21bb-cf35-f305-d548ae484994,/p/0/c5771ed2abcf721a,3,200,57648,11.460,25.884,2227186
1787861677718,6e4d1db7-ea92-13df-5a19-18e403923cd4,/p/0/6c5a16bd346897db,1,200,5789165,75.925,59237.982,97727
1787861720711,a260d372-9b51-140b-34ac-abefee6e2807,/p/0/fe10df00fca0b4b6,2,200,283706,1579.670,16261.294,17447
1787861736765,6394778c-21bb-cf35-f305-d548ae484994,/p/0/c69805262ceced05,4,200,47440,119.910,321.117,147734
1787861736762,6394778c-21bb-cf35-f305-d548ae484994,/p/0/c5771dd2abcf7067,3,200,504306,2.772,323.983,1556584
1787861736765,6394778c-21bb-cf35-f305-d548ae484994,/p/2/c69803262cece99f,4,200,361819,108.562,327.737,1103993
1787861702288,1d0fa183-a5d1-33f0-4b30-cca9e56d8974,/p/0/8df57cb6eaf2340b,2,200,3388327,396.212,34828.720,97285
1787861721127,e38aab1b-594d-88f5-6c92-1ad064148fb7,/p/0/71b0dd98594bc10c,2,200,5762138,212.746,16062.449,358733
1787861735887,e7219492-91c7-173b-87f0-f984c416af04,/p/5/e73845a76ff96643,8,200,165887,38.030,1426.227,116312
1787861731501,05e48497-844a-01f1-22bc-bb6f8a229f94,/p/0/4c444dc9742fd2be,1,200,332564,322.267,5851.875,56830
1787861733587,0d0834ea-82d9-c921-cc17-6f4fbdd0f4fe,/p/0/8f007c947c92d562,4,200,4034483,12.715,3962.193,1018245
1787861702661,1d0fa183-a5d1-33f0-4b30-cca9e56d8974,/p/0/a7ad53d9fad74be0,3,200,3401043,231.942,34938.291,97344
1787861702288,1d0fa183-a5d1-33f0-4b30-cca9e56d8974,/p/0/8df57db6eaf235be,2,200,3601886,373.655,35335.805,101933
1787861737093,6394778c-21bb-cf35-f305-d548ae484994,/p/0/7e047573ec599206,5,200,190790,319.943,635.148,300387
1787861737093,6394778c-21bb-cf35-f305-d548ae484994,/p/1/7e047373ec598ea0,5,200,296785,319.334,643.247,461386
1787861737093,6394778c-21bb-cf35-f305-d548ae484994,/p/0/7e047473ec599053,5,200,313784,319.847,644.159,487122
1787861735479,ca2c0680-f6ca-325d-2bda-fd8f1068bccb,/p/15/be6c2c844d443543,1,200,149500,498.235,2531.516,59056
1787861736765,6394778c-21bb-cf35-f305-d548ae484994,/p/0/c69802262cece7ec,4,200,2184065,96.912,1287.849,1695901
1787861709124,f63e0a93-5065-1460-74f2-0e1716ee038f,/p/3/2878ca9e7c2d5f2,3,200,3033367,405.021,29112.971,104193
1787861737736,6394778c-21bb-cf35-f305-d548ae484994,/p/0/acb2013d14e981f4,6,200,431659,317.117,519.071,831599
1787861709124,f63e0a93-5065-1460-74f2-0e1716ee038f,/p/0/2878aa9e7c2d28c,3,200,4452127,404.976,29146.641,152749
1787861737736,6394778c-21bb-cf35-f305-d548ae484994,/p/0/acb2033d14e9855a,6,200,431322,317.122,543.320,793864
1787861735568,e0738717-def0-345d-08de-af89b5125918,/p/2/3ad28244d922b43a,1,200,488312,44.106,2988.076,163420
1787861734629,a39bb26c-5fbf-27e7-6053-fb106f68e15d,/p/0/ec99e150d05e48f0,3,200,149750,421.879,4068.382,36808
1787861738237,f63e0a93-5065-1460-74f2-0e1716ee038f,/p/0/34666907e0d1f293,4,200,311882,33.550,499.877,623918
1787861738237,f63e0a93-5065-1460-74f2-0e1716ee038f,/p/0/34666a07e0d1f446,4,200,491798,33.947,501.670,980323
1787861738237,f63e0a93-5065-1460-74f2-0e1716ee038f,/p/2/34666807e0d1f0e0,4,200,356496,34.178,501.982,710177
1787861737736,6394778c-21bb-cf35-f305-d548ae484994,/p/0/acb2023d14e983a7,6,200,412756,318.212,1062.589,388444
1787861682965,771121a6-4d15-c363-8d2d-d19eeb6166cf,/p/0/6eb58c92486fe13b,3,200,6094622,295.369,55844.331,109136
1787861738556,e0738717-def0-345d-08de-af89b5125918,/p/1/33ce401877e1d682,2,200,35093,154.019,415.694,84420
1787861734629,a39bb26c-5fbf-27e7-6053-fb106f68e15d,/p/0/ec99e450d05e4e09,3,200,155672,390.919,4368.001,35639
1787861738739,f63e0a93-5065-1460-74f2-0e1716ee038f,/p/1/8e7420b0271d2fd6,5,200,212053,2.611,324.502,653472
1787861732252,47263df5-83c1-4ecc-ffae-ae70baeb7f74,/p/0/ed6932fdc5926070,6,200,478593,117.638,6824.744,70126
1787861735887,e7219492-91c7-173b-87f0-f984c416af04,/p/0/e73847a76ff969a9,8,200,348646,94.319,3210.162,108607
1787861734696,a7209b11-208b-a02e-ce9f-326ec906256c,/p/0/ecee3c3d8ccfde70,2,200,259649,268.256,4442.545,58446
1787861732252,47263df5-83c1-4ecc-ffae-ae70baeb7f74,/p/0/ed6933fdc5926223,6,200,440564,286.083,6992.375,63006
1787861738536,075bb5b2-f73c-b1b6-16a6-a8aac3d8e10d,/?crawl=201,0,200,332006,33.201,766.767,432994
1787861738739,f63e0a93-5065-1460-74f2-0e1716ee038f,/p/0/8e7421b0271d3189,5,200,520870,2.908,647.774,804093
1787861738011,ca2c0680-f6ca-325d-2bda-fd8f1068bccb,/p/0/81e689a430ae4c34,2,200,29537,1309.265,1460.019,20231
1787861738536,bf36b8a2-68a5-eaa3-8129-d4925f18fef6,/?crawl=199,0,200,353974,43.121,1039.720,340451
1787861700243,2b1b30b9-9bf5-ee87-33d2-4329488e5c8d,/p/2/6380ba1784329a61,5,200,6259239,190.153,39347.898,159074
1787861739063,f63e0a93-5065-1460-74f2-0e1716ee038f,/p/0/678f664277fc2382,6,200,32278,540.345,541.840,59571
1787861739064,f63e0a93-5065-1460-74f2-0e1716ee038f,/p/0/678f654277fc21cf,6,200,144692,538.763,542.548,266690
1787861739064,f63e0a93-5065-1460-74f2-0e1716ee038f,/p/0/678f644277fc201c,6,200,446354,540.287,574.443,777021
1787861738739,f63e0a93-5065-1460-74f2-0e1716ee038f,/p/0/8e741eb0271d2c70,5,200,3214542,313.796,1000.974,3211415
1787861734629,a39bb26c-5fbf-27e7-6053-fb106f68e15d,/p/4/ec99e350d05e4c56,3,200,251886,390.931,5218.749,48266
1787861738972,e0738717-def0-345d-08de-af89b5125918,/p/0/e64c5e79271eeeb4,3,200,68731,206.918,1078.909,63704
1787861717126,e471e057-27df-6378-f5c5-7be9416489bb,/p/0/d31f6cb562ee86fc,11,200,4177699,202.891,22927.143,182216
1787861729074,b351302f-0f11-f0ce-1413-6c6357a771f0,/p/0/3145ce67fa440e7a,1,200,4778798,65.693,11212.110,426218
1787861718618,f66d792e-951f-ab3b-318a-520d402d8530,/p/0/7318fb849d65c3fd,1,200,352960,145.864,21850.016,16154
1787861733011,6eec3580-fa4c-009f-7463-73efc3ce3ef5,/p/0/b95c7c990cc143f3,4,200,279924,246.881,7471.417,37466
1787861739576,bf36b8a2-68a5-eaa3-8129-d4925f18fef6,/p/4/ce3cd7a26dbdaa4d,1,200,134109,62.693,1074.788,124777
1787861739536,b8635a67-275b-87ec-7bbb-a60c5f4f7f0a,/?crawl=204,0,200,225635,73.075,1147.560,196621
1787861739591,2b1b30b9-9bf5-ee87-33d2-4329488e5c8d,/p/0/1fce3240222830f1,6,200,145031,41.119,1285.384,112831
1787861739591,2b1b30b9-9bf5-ee87-33d2-4329488e5c8d,/p/1/1fce304022282d8b,6,200,160069,97.042,1339.533,119496
1787861734005,8ae8eed2-2f2e-bf83-57c1-10306f13d8ab,/p/0/3f93a88432287133,6,200,222974,526.730,7017.573,31774
1787861738536,3b9118f6-a6b8-0466-4971-9726e002fdc6,/?crawl=200,0,200,523168,45.891,2514.672,208046
1787861737313,e7219492-91c7-173b-87f0-f984c416af04,/p/0/4969ea08bb0c323b,9,200,410681,252.435,4285.111,95839
1787861738556,e0738717-def0-345d-08de-af89b5125918,/p/0/33ce411877e1d835,2,200,299503,154.048,3267.261,91668
1787861740651,bf36b8a2-68a5-eaa3-8129-d4925f18fef6,/p/0/37ff902443cf48d1,2,200,5457,1284.649,1309.477,4167
1787861737313,e7219492-91c7-173b-87f0-f984c416af04,/p/0/4969eb08bb0c33ee,9,200,321140,194.962,4662.886,68872
1787861691607,771121a6-4d15-c363-8d2d-d19eeb6166cf,/p/0/3f94fe95e1c06040,5,200,5597408,379.599,50409.507,111039
1787861738972,e0738717-def0-345d-08de-af89b5125918,/p/0/e64c6179271ef3cd,3,200,294823,179.110,3068.874,96069
1787861740931,2b1b30b9-9bf5-ee87-33d2-4329488e5c8d,/p/0/bd22556ab135b30c,7,200,106866,199.047,1139.230,93806
1787861738972,e0738717-def0-345d-08de-af89b5125918,/p/0/e64c5f79271ef067,3,200,336408,162.517,3157.330,106548
1787861740931,2b1b30b9-9bf5-ee87-33d2-4329488e5c8d,/p/0/bd22586ab135b825,7,200,102947,219.118,1217.813,84534
1787861737313,e7219492-91c7-173b-87f0-f984c416af04,/p/4/4969e908bb0c3088,9,200,452413,194.935,4894.277,92437
1787861738556,e0738717-def0-345d-08de-af89b5125918,/p/0/33ce3e1877e1d31c,2,200,400635,154.037,3801.190,105397
1787861739591,2b1b30b9-9bf5-ee87-33d2-4329488e5c8d,/p/0/1fce2f4022282bd8,6,200,381705,41.148,2941.653,129759
1787861662891,70b54076-e994-68bc-5727-c6f17bc9a54f,/p/0/2a246befff0b2044,4,200,4209570,403.423,79642.617,52856
1787861674601,70b54076-e994-68bc-5727-c6f17bc9a54f,/p/0/70a3c791f2d472b9,6,200,3700369,502.265,67957.452,54451
1787861682657,70b54076-e994-68bc-5727-c6f17bc9a54f,/p/0/ef561c5da50d5b70,7,200,2252929,1338.674,59901.558,37611
1787861681572,70b54076-e994-68bc-5727-c6f17bc9a54f,/p/0/ef561f5da50d6089,7,200,3233940,867.115,61028.461,52991
1787861733011,6eec3580-fa4c-009f-7463-73efc3ce3ef5,/p/0/b95c7d990cc145a6,4,200,411581,232.670,9693.439,42460
1787861674601,70b54076-e994-68bc-5727-c6f17bc9a54f,/p/0/70a3c491f2d46da0,6,200,5843095,686.023,68179.313,85702
1787861733537,2334168d-4f79-3110-7b14-033e6870b0d6,/?crawl=196,0,200,4688883,28.076,9330.325,502542
1787861735686,95d3b189-2c97-d7f4-77e1-bd96e7e9637b,/p/0/a42972972324ede3,2,200,257920,390.256,7183.865,35903
1787861739536,db41988a-cfeb-c354-2576-11b327b489e6,/?crawl=203,0,200,2927976,38.907,3374.092,867782
1787861733011,6eec3580-fa4c-009f-7463-73efc3ce3ef5,/p/2/b95c7b990cc14240,4,200,485937,218.244,10213.460,47578
1787861739576,bf36b8a2-68a5-eaa3-8129-d4925f18fef6,/p/0/ce3cd6a26dbda89a,1,200,233951,42.320,3671.614,63719
1787861742910,db41988a-cfeb-c354-2576-11b327b489e6,/p/0/c1f683d035510e51,1,200,236763,2.060,447.659,528892
1787861742910,db41988a-cfeb-c354-2576-11b327b489e6,/p/2/c1f681d035510aeb,1,200,436797,3.003,447.830,975363
1787861742910,db41988a-cfeb-c354-2576-11b327b489e6,/p/0/c1f680d035510938,1,200,485678,3.393,462.083,1051061
1787861719148,43f1db63-92fd-e893-1eb3-cf286c3670c1,/p/0/ed673279230724f5,2,200,4362001,50.209,24234.167,179994
1787861724771,1faaaf63-992c-698a-4522-662c899004ef,/p/0/bd2f8e8f77b2d58a,2,200,2180287,1177.464,18643.347,116947
1787861741536,ac409a5b-4f53-60df-d6e3-d35993f4ac56,/?crawl=207,0,200,392281,76.635,1962.256,199913
1787861718557,e471e057-27df-6378-f5c5-7be9416489bb,/p/5/89b3a315578cb1e3,12,0,5242199,238.580,25015.407,209559
1787861743358,db41988a-cfeb-c354-2576-11b327b489e6,/p/0/3f3d78a2fea3ddb4,2,200,291798,14.168,458.696,636147
1787861743358,db41988a-cfeb-c354-2576-11b327b489e6,/p/0/3f3d7ba2fea3e2cd,2,200,209377,33.489,460.600,454575
1787861743224,6eec3580-fa4c-009f-7463-73efc3ce3ef5,/p/1/69bd5754fffb1b1e,5,200,21653,263.613,594.575,36418
1787861735686,95d3b189-2c97-d7f4-77e1-bd96e7e9637b,/p/0/a42973972324ef96,2,200,367069,390.189,8588.087,42742
1787861742867,2334168d-4f79-3110-7b14-033e6870b0d6,/p/0/2b01d926b8a94296,1,200,367160,27.677,1536.125,239017
1787861741051,3b9118f6-a6b8-0466-4971-9726e002fdc6,/p/0/5560d82dc9ec02b1,1,200,347127,200.074,3529.195,98359
1787861742207,e7219492-91c7-173b-87f0-f984c416af04,/p/0/f6a43adee769f138,10,200,213185,213.962,2424.364,87934
1787861741051,3b9118f6-a6b8-0466-4971-9726e002fdc6,/p/0/5560d72dc9ec00fe,1,200,421859,44.904,3617.264,116624
1787861742867,2334168d-4f79-3110-7b14-033e6870b0d6,/p/0/2b01d826b8a940e3,1,200,339600,108.210,1898.991,178832
1787861739303,075bb5b2-f73c-b1b6-16a6-a8aac3d8e10d,/p/0/e8cb2b8b5e86f55e,1,200,518884,1105.656,5517.199,94048
1787861740536,e8623d64-28fe-07e6-f237-3df27f9381e3,/?crawl=205,0,200,358414,327.784,4291.724,83513
1787861742867,2334168d-4f79-3110-7b14-033e6870b0d6,/p/2/2b01d726b8a93f30,1,200,401795,108.313,1990.226,201884
1787861744858,2334168d-4f79-3110-7b14-033e6870b0d6,/p/0/8759607e2840bdb5,2,200,25338,25.549,77.476,327045
1787861742207,e7219492-91c7-173b-87f0-f984c416af04,/p/3/f6a43bdee769f2eb,10,200,211393,271.336,2850.339,74164
1787861743819,6eec3580-fa4c-009f-7463-73efc3ce3ef5,/p/0/145267fcc167cae0,6,200,43688,266.862,1354.304,32259
1787861740684,b8635a67-275b-87ec-7bbb-a60c5f4f7f0a,/p/4/a30a2ca41c57d94a,1,200,367355,72.933,4511.401,81428
1787861745058,e7219492-91c7-173b-87f0-f984c416af04,/p/0/3d21e0fcae47e3d4,11,200,6143,249.621,327.816,18739
1787861738010,ca2c0680-f6ca-325d-2bda-fd8f1068bccb,/p/14/81e68aa430ae4de7,2,200,304834,1272.392,7456.284,40883
1787861709537,b11a86fc-166c-c27d-85d5-1a916a4581fe,/?crawl=171,0,200,3479823,201.584,36150.266,96260
1787861727536,e8375951-2443-d5c6-bba7-e4a43390b79f,/?crawl=193,0,200,4030409,76.346,18190.296,221569
1787861744858,2334168d-4f79-3110-7b14-033e6870b0d6,/p/1/87595e7e2840ba4f,2,200,325050,77.365,1056.605,307636
1787861745536,a78a54d7-ad44-14fa-b111-eb6efb5a6456,/?crawl=212,0,200,120920,56.925,437.769,276219
1787861745974,a78a54d7-ad44-14fa-b111-eb6efb5a6456,/p/0/2254d9f09d0d01a,1,200,18481,52.817,100.097,184631
1787861744828,e8623d64-28fe-07e6-f237-3df27f9381e3,/p/4/36748201b0f2cf5d,1,200,92156,176.445,1314.607,70102
1787861745467,ca2c0680-f6ca-325d-2bda-fd8f1068bccb,/p/13/8d9d131492ff1701,3,200,8769,413.484,712.117,12314
1787861733828,38c71256-320e-4ca8-ea46-cc2f98929410,/p/0/771c532d29ff2a85,16,200,2684620,146.463,12442.267,215766
1787861740684,b8635a67-275b-87ec-7bbb-a60c5f4f7f0a,/p/0/a30a2aa41c57d5e4,1,200,310184,107.940,5624.630,55147
1787861735479,ca2c0680-f6ca-325d-2bda-fd8f1068bccb,/p/0/be6c2b844d443390,1,200,500835,459.464,10887.120,46003
1787861745974,a78a54d7-ad44-14fa-b111-eb6efb5a6456,/p/3/2254e9f09d0d1cd,1,200,89256,146.327,554.152,161068
1787861734005,8ae8eed2-2f2e-bf83-57c1-10306f13d8ab,/p/0/3f93a78432286f80,6,200,411888,562.574,12541.788,32841
1787861744536,5d7c934a-ba16-892b-3c8e-8857ce3f8d14,/?crawl=210,0,200,383607,78.763,2046.909,187408
1787861742207,e7219492-91c7-173b-87f0-f984c416af04,/p/0/f6a43ddee769f651,10,200,474592,290.162,4559.949,104078
1787861746528,a78a54d7-ad44-14fa-b111-eb6efb5a6456,/p/0/7468eeed8b6268fc,2,200,5354,279.222,340.325,15732
1787861745687,b11a86fc-166c-c27d-85d5-1a916a4581fe,/p/0/295d75d8ea074edc,1,200,263621,3.327,1236.337,213227
1787861726175,43f1db63-92fd-e893-1eb3-cf286c3670c1,/p/7/49355a5562d85389,6,200,4014229,140.621,21030.960,190872
1787861735568,e0738717-def0-345d-08de-af89b5125918,/p/0/3ad28344d922b5ed,1,200,3400400,28.366,11760.513,289137
1787861745726,e8375951-2443-d5c6-bba7-e4a43390b79f,/p/1/c1581fa9fb00d8f,1,200,93204,82.834,1857.483,50178
1787861747537,db78ba94-0262-a6f8-29ec-d9f4736c8efe,/?crawl=215,0,200,28679,32.959,77.526,369929
1787861733537,0e5214e9-ffe9-b4f0-107f-30de4c94aea4,/?crawl=195,0,200,401217,7580.593,14078.597,28498
1787861713459,c326abe4-a69c-1078-15d9-0de3a497f1dd,/p/2/95f3217b556c5a7c,1,200,5086783,199.755,34198.781,148742
1787861747536,e0462316-a48d-3073-9be8-2d611839dd56,/?crawl=216,0,200,74892,62.322,336.261,222720
1787861745974,a78a54d7-ad44-14fa-b111-eb6efb5a6456,/p/0/2254c9f09d0ce67,1,200,178139,100.074,1972.976,90289
1787861745914,2334168d-4f79-3110-7b14-033e6870b0d6,/p/0/de8bbae613494b07,3,200,292402,154.411,2057.973,142083
1787861747873,e0462316-a48d-3073-9be8-2d611839dd56,/p/0/b47bf928b764f981,1,200,6658,212.211,243.094,27389
1787861738010,ca2c0680-f6ca-325d-2bda-fd8f1068bccb,/p/0/81e68ca430ae514d,2,200,429266,1235.351,10126.820,42389
1787861745058,e7219492-91c7-173b-87f0-f984c416af04,/p/0/3d21e3fcae47e8ed,11,200,259431,249.687,3127.829,82943
1787861745195,b8635a67-275b-87ec-7bbb-a60c5f4f7f0a,/p/3/239c406181a3a7e4,2,200,169265,360.766,3016.360,56116
1787861747614,db78ba94-0262-a6f8-29ec-d9f4736c8efe,/p/0/fa3cfb0ff9941aae,1,200,178721,30.993,749.522,238447
1787861718548,29a64f4e-3da9-e5fd-278e-990fb1e14314,/p/10/aa779cbae2388f84,7,200,2236051,305.578,29875.374,74846
1787861744536,0eb4acb4-1267-caa8-88db-a24c26d8698b,/?crawl=211,0,200,5611333,9.128,4125.886,1360031
1787861706130,faaca8c9-c1d6-1c07-ad40-251e22db0d72,/p/6/d420c043c9cbdbdb,3,200,4177399,36.856,42589.520,98085
1787861748662,0eb4acb4-1267-caa8-88db-a24c26d8698b,/p/0/47e650864bfff2fa,1,200,131291,10.311,169.576,774231
1787861745914,2334168d-4f79-3110-7b14-033e6870b0d6,/p/0/de8bb9e613494954,3,200,506704,181.312,3093.206,163812
1787861706130,faaca8c9-c1d6-1c07-ad40-251e22db0d72,/p/0/d420bf43c9cbda28,3,200,4266738,925.927,42898.672,99461
1787861747206,43f1db63-92fd-e893-1eb3-cf286c3670c1,/p/0/462683747f46d6bc,7,200,275485,128.697,1855.547,148466
1787861747206,43f1db63-92fd-e893-1eb3-cf286c3670c1,/p/0/462686747f46dbd5,7,200,235598,141.064,1919.742,122724
1787861748662,0eb4acb4-1267-caa8-88db-a24c26d8698b,/p/0/47e64f864bfff147,1,200,317921,29.141,558.715,569022
1787861747614,db78ba94-0262-a6f8-29ec-d9f4736c8efe,/p/3/fa3cf90ff9941748,1,200,320885,183.447,1610.459,199251
1787861735445,8ae8eed2-2f2e-bf83-57c1-10306f13d8ab,/p/0/3f93a984322872e6,6,200,465239,423.604,13856.949,33574
1787861748662,0eb4acb4-1267-caa8-88db-a24c26d8698b,/p/3/47e64e864bffef94,1,200,472597,53.222,661.100,714865
1787861743358,db41988a-cfeb-c354-2576-11b327b489e6,/p/1/3f3d7aa2fea3e11a,2,200,3667609,33.350,6084.855,602744
1787861747873,e0462316-a48d-3073-9be8-2d611839dd56,/p/0/b47bf828b764f7ce,1,200,160161,181.482,1642.966,97483
1787861749323,0eb4acb4-1267-caa8-88db-a24c26d8698b,/p/0/b3f5351a3188b207,2,200,109232,54.513,275.921,395881
1787861749443,db41988a-cfeb-c354-2576-11b327b489e6,/p/0/e86b5342f1b2dc80,3,200,48063,35.165,163.586,293809
1787861748536,8a17a6f8-9b1a-9577-7aa1-7321c22deb5e,/?crawl=217,0,200,509684,33.439,1182.231,431120
1787861747206,43f1db63-92fd-e893-1eb3-cf286c3670c1,/p/6/462685747f46da22,7,200,449670,152.950,2632.504,170815
1787861725556,38c71256-320e-4ca8-ea46-cc2f98929410,/p/0/50305aac1bbf7ab1,12,200,5674666,29.055,24319.556,233338
1787861749323,0eb4acb4-1267-caa8-88db-a24c26d8698b,/p/2/b3f5371a3188b56d,2,200,452810,16.740,670.233,675601
1787861724771,1faaaf63-992c-698a-4522-662c899004ef,/p/4/bd2f8c8f77b2d224,2,200,4010739,1153.312,25288.262,158601
1787861749443,db41988a-cfeb-c354-2576-11b327b489e6,/p/0/e86b5442f1b2de33,3,200,88545,201.246,744.442,118941
1787861689327,95d3b189-2c97-d7f4-77e1-bd96e7e9637b,/p/0/ba036c3386d47027,1,200,5826680,547.980,61009.824,95504
1787861749443,db41988a-cfeb-c354-2576-11b327b489e6,/p/0/e86b5542f1b2dfe6,3,200,251909,72.451,995.390,253076
1787861749993,0eb4acb4-1267-caa8-88db-a24c26d8698b,/p/0/ba1fbb11d1714b88,3,200,158039,126.298,525.337,300833
1787861749838,43f1db63-92fd-e893-1eb3-cf286c3670c1,/p/5/e8fb972cb9883a35,8,200,91348,139.231,787.956,115930
1787861743224,6eec3580-fa4c-009f-7463-73efc3ce3ef5,/p/0/69bd5854fffb1cd1,5,200,235275,277.101,7443.616,31608
1787861735686,95d3b189-2c97-d7f4-77e1-bd96e7e9637b,/p/1/a42974972324f149,2,200,2662841,431.276,15038.896,177064
1787861749993,0eb4acb4-1267-caa8-88db-a24c26d8698b,/p/0/ba1fbe11d17150a1,3,200,293796,78.787,858.125,342370
1787861750536,64e8cd20-1bf4-cebe-8cc7-fe3eb5083c1d,/?crawl=218,0,200,142453,44.275,397.364,358495
1787861749993,0eb4acb4-1267-caa8-88db-a24c26d8698b,/p/1/ba1fbd11d1714eee,3,200,468006,79.040,1003.815,466227
1787861749838,43f1db63-92fd-e893-1eb3-cf286c3670c1,/p/0/e8fb962cb9883882,8,200,188946,139.229,1203.176,157039
1787861750725,95d3b189-2c97-d7f4-77e1-bd96e7e9637b,/p/0/f8078172a315aa83,3,200,152990,1.802,362.245,422338
1787861739848,a39bb26c-5fbf-27e7-6053-fb106f68e15d,/p/3/fb112490d0231b0a,4,200,350280,329.894,11304.380,30986
1787861746583,5d7c934a-ba16-892b-3c8e-8857ce3f8d14,/p/2/db50a3e3e09ae5a7,1,200,402160,77.184,4571.901,87963
1787861739848,a39bb26c-5fbf-27e7-6053-fb106f68e15d,/p/0/fb112290d02317a4,4,200,385159,361.168,11340.282,33964
1787861739848,a39bb26c-5fbf-27e7-6053-fb106f68e15d,/p/0/fb112590d0231cbd,4,200,294384,329.845,11342.524,25954
1787861750626,43f1db63-92fd-e893-1eb3-cf286c3670c1,/p/0/db224d982b8d2568,9,200,75542,126.658,619.258,121988
1787861749838,43f1db63-92fd-e893-1eb3-cf286c3670c1,/p/0/e8fb952cb98836cf,8,200,168513,126.056,1533.130,109914
1787861750997,0eb4acb4-1267-caa8-88db-a24c26d8698b,/p/0/80ab167d0a372250,4,200,216256,55.962,423.853,510215
1787861748137,ca2c0680-f6ca-325d-2bda-fd8f1068bccb,/p/0/8a366872e1273a63,4,200,119277,563.145,3365.489,35441
1787861749225,db78ba94-0262-a6f8-29ec-d9f4736c8efe,/p/0/34e518b2f8407e5c,2,200,295048,184.337,2443.070,120769
1787861750997,0eb4acb4-1267-caa8-88db-a24c26d8698b,/p/0/80ab177d0a372403,4,200,284488,48.027,688.737,413058
1787861751536,a000b344-6f71-d67c-52fc-116740c0521c,/?crawl=222,0,200,46109,46.758,155.211,297073
1787861750725,95d3b189-2c97-d7f4-77e1-bd96e7e9637b,/p/0/f8078072a315a8d0,3,200,436953,1.804,974.871,448216
1787861750725,95d3b189-2c97-d7f4-77e1-bd96e7e9637b,/p/0/f8078272a315ac36,3,200,461458,3.450,976.770,472432
1787861749718,8a17a6f8-9b1a-9577-7aa1-7321c22deb5e,/p/0/2111a3cb22ca036e,1,200,341674,82.372,2075.210,164646
1787861745727,e8375951-2443-d5c6-bba7-e4a43390b79f,/p/0/c1583fa9fb010f5,1,200,390499,138.301,6380.542,61202
1787861735887,e7219492-91c7-173b-87f0-f984c416af04,/p/0/e73844a76ff96490,8,200,2176286,94.283,16224.189,134138
1787861744536,f606f715-a47f-a7f1-01cc-09f3eb37d616,/?crawl=209,0,200,5968905,19.556,7889.422,756571
1787861750626,43f1db63-92fd-e893-1eb3-cf286c3670c1,/p/4/db224e982b8d271b,9,200,275928,176.092,1825.908,151118
1787861749718,8a17a6f8-9b1a-9577-7aa1-7321c22deb5e,/p/0/2111a1cb22ca0008,1,200,500898,31.812,2761.280,181401
1787861745173,6eec3580-fa4c-009f-7463-73efc3ce3ef5,/p/0/14526afcc167cff9,6,200,256513,245.974,7322.096,35033
1787861749323,0eb4acb4-1267-caa8-88db-a24c26d8698b,/p/0/b3f5361a3188b3ba,2,200,2167541,10.795,3184.273,680702
1787861752426,f606f715-a47f-a7f1-01cc-09f3eb37d616,/p/0/4d787f9eb9af4313,1,200,43068,16.318,94.453,455974
1787861747584,e8375951-2443-d5c6-bba7-e4a43390b79f,/p/0/576be1028eba1bbc,2,200,215297,223.898,5007.580,42994
1787861750059,1faaaf63-992c-698a-4522-662c899004ef,/p/3/56e097130ae7201e,3,200,278465,71.001,2532.532,109955
1787861752536,24ec9911-b2f3-f43d-e8ab-5034432365d0,/?crawl=224,0,200,191364,12.277,144.387,1325355
1787861752426,f606f715-a47f-a7f1-01cc-09f3eb37d616,/p/0/4d78809eb9af44c6,1,200,114584,94.404,349.497,327854
1787861752681,24ec9911-b2f3-f43d-e8ab-5034432365d0,/p/0/b1029815979d6a93,1,200,83277,11.745,100.752,826553
1787861740931,2b1b30b9-9bf5-ee87-33d2-4329488e5c8d,/p/0/bd22576ab135b672,7,200,4067209,218.961,11866.144,342757
1787861750536,0a384d5b-7afe-b99b-ca3e-dafac0a90ce9,/?crawl=221,0,200,4765465,83.305,2289.917,2081065
1787861749225,db78ba94-0262-a6f8-29ec-d9f4736c8efe,/p/0/34e51bb2f8408375,2,200,517953,198.307,3673.269,141006
1787861752536,99d61f44-b025-57d8-5d2c-3a892dd7a452,/?crawl=225,0,200,223507,28.030,425.135,525732
1787861746179,ca2c0680-f6ca-325d-2bda-fd8f1068bccb,/p/12/8a366a72e1273dc9,4,200,229145,526.638,6948.813,32976
1787861751536,e6b11cab-8824-7f24-d6d5-46f0094b3759,/?crawl=223,0,200,334841,39.282,1812.016,184789
1787861750997,0eb4acb4-1267-caa8-88db-a24c26d8698b,/p/0/80ab187d0a3725b6,4,200,2732508,68.452,2400.058,1138517
1787861751155,5d7c934a-ba16-892b-3c8e-8857ce3f8d14,/p/0/a132c8b181d24a8a,2,200,60486,384.409,2253.240,26844
1787861746536,2cd9a0fd-a26b-f302-139e-84fe1695521e,/?crawl=213,0,200,3715042,32.613,6909.189,537696
1787861752452,43f1db63-92fd-e893-1eb3-cf286c3670c1,/p/3/8bb23a149e544e1d,10,200,179007,125.661,1038.014,172451
1787861752452,43f1db63-92fd-e893-1eb3-cf286c3670c1,/p/0/8bb238149e544ab7,10,200,347204,177.479,1048.218,331233
1787861750626,43f1db63-92fd-e893-1eb3-cf286c3670c1,/p/0/db2250982b8d2a81,9,200,498354,201.387,2875.901,173286
1787861726175,43f1db63-92fd-e893-1eb3-cf286c3670c1,/p/0/4935595562d851d6,6,200,5726442,166.226,27330.344,209527
1787861752680,24ec9911-b2f3-f43d-e8ab-5034432365d0,/p/0/b1029915979d6c46,1,200,519447,59.545,838.462,619524
1787861748720,faaca8c9-c1d6-1c07-ad40-251e22db0d72,/p/5/ec3ccb34567642e6,4,200,389673,282.616,4861.964,80147
1787861747584,e8375951-2443-d5c6-bba7-e4a43390b79f,/p/0/576be4028eba20d5,2,200,317515,266.568,5999.579,52923
1787861745467,ca2c0680-f6ca-325d-2bda-fd8f1068bccb,/p/0/8d9d121492ff154e,3,200,219351,375.613,8335.387,26316
1787861753348,e6b11cab-8824-7f24-d6d5-46f0094b3759,/p/0/b8eaeca4a7da2365,1,200,119222,136.015,755.019,157906
1787861753490,43f1db63-92fd-e893-1eb3-cf286c3670c1,/p/2/bd59c6140f9da724,11,200,211594,351.051,654.786,323150
1787861753490,43f1db63-92fd-e893-1eb3-cf286c3670c1,/p/0/bd59c7140f9da8d7,11,200,431073,350.572,726.425,593417
1787861753501,43f1db63-92fd-e893-1eb3-cf286c3670c1,/p/0/bd59c8140f9daa8a,11,200,40468,744.397,745.188,54306
1787861753445,2cd9a0fd-a26b-f302-139e-84fe1695521e,/p/2/6ebaf9417535dbba,1,200,126197,131.553,830.923,151876
1787861752961,99d61f44-b025-57d8-5d2c-3a892dd7a452,/p/6/446cec732c385ef3,1,200,368163,40.486,1552.733,237106
1787861754145,43f1db63-92fd-e893-1eb3-cf286c3670c1,/p/0/1e795f67e03167f5,12,200,60958,324.083,397.526,153344
1787861754145,43f1db63-92fd-e893-1eb3-cf286c3670c1,/p/1/1e795e67e0316642,12,200,155880,323.888,399.633,390057
1787861754276,2cd9a0fd-a26b-f302-139e-84fe1695521e,/p/0/b56b2129ab7232d8,2,200,60807,134.899,520.091,116916
1787861747584,e8375951-2443-d5c6-bba7-e4a43390b79f,/p/0/576be3028eba1f22,2,200,462558,335.419,7221.373,64054
1787861753348,e6b11cab-8824-7f24-d6d5-46f0094b3759,/p/0/b8eaeba4a7da21b2,1,200,204591,195.365,1473.373,138859
1787861754145,43f1db63-92fd-e893-1eb3-cf286c3670c1,/p/0/1e795c67e03162dc,12,200,190011,323.820,719.231,264186
1787861752452,43f1db63-92fd-e893-1eb3-cf286c3670c1,/p/0/8bb239149e544c6a,10,200,2831493,177.353,2412.370,1173739
1787861744536,704d14c1-a1c7-314f-fe26-d91b81c4b00c,/?crawl=208,0,200,3568750,43.264,10336.763,345248
1787861711712,29a64f4e-3da9-e5fd-278e-990fb1e14314,/p/0/cddcbcfc2aa6e518,5,200,3236484,233.718,43166.636,74977
1787861747616,0e5214e9-ffe9-b4f0-107f-30de4c94aea4,/p/0/e540d63f767a1fb6,1,200,104106,1516.418,7292.417,14276
1787861750933,64e8cd20-1bf4-cebe-8cc7-fe3eb5083c1d,/p/13/3ffdf8f73bc3350f,1,200,379444,38.378,4016.172,94479
1787861750059,1faaaf63-992c-698a-4522-662c899004ef,/p/0/56e098130ae721d1,3,200,371068,306.359,4928.419,75291
1787861752961,99d61f44-b025-57d8-5d2c-3a892dd7a452,/p/0/446ceb732c385d40,1,200,295258,26.771,2043.012,144521
1787861741051,3b9118f6-a6b8-0466-4971-9726e002fdc6,/p/0/5560d52dc9ebfd98,1,200,3559110,245.610,13996.617,254284
1787861745687,b11a86fc-166c-c27d-85d5-1a916a4581fe,/p/2/295d76d8ea07508f,1,200,3381759,2.944,9655.689,350235
1787861754545,43f1db63-92fd-e893-1eb3-cf286c3670c1,/p/0/b71d41de7d0b6bd8,13,200,181586,319.903,936.742,193849
1787861754545,43f1db63-92fd-e893-1eb3-cf286c3670c1,/p/0/b71d43de7d0b6f3e,13,200,382086,319.830,938.848,406973
1787861753128,ca2c0680-f6ca-325d-2bda-fd8f1068bccb,/p/0/b226fb143c92af87,5,200,59874,371.340,2360.305,25367
1787861753348,e6b11cab-8824-7f24-d6d5-46f0094b3759,/p/0/b8eaeaa4a7da1fff,1,200,483300,36.522,2161.840,223560
1787861739303,075bb5b2-f73c-b1b6-16a6-a8aac3d8e10d,/p/2/e8cb2c8b5e86f711,1,200,3039766,1105.634,16256.098,186992
1787861755343,b11a86fc-166c-c27d-85d5-1a916a4581fe,/p/0/23ff557aa4646b41,2,200,35835,127.046,384.726,93144
1787861732252,47263df5-83c1-4ecc-ffae-ae70baeb7f74,/p/0/ed6935fdc5926589,6,200,3889868,570.625,23517.280,165405
1787861751155,5d7c934a-ba16-892b-3c8e-8857ce3f8d14,/p/0/a132c7b181d248d7,2,200,170951,461.250,4687.344,36471
1787861752680,24ec9911-b2f3-f43d-e8ab-5034432365d0,/p/19/b1029715979d68e0,1,200,3775038,64.908,3323.215,1135959
1787861755536,ef346761-1105-54c1-5e91-2f5043d9bfc7,/?crawl=229,0,200,132956,52.849,490.692,270956
1787861754536,5c0dad1d-0e1a-eca2-a1f1-d89ad4b13a5e,/?crawl=228,0,200,319308,31.647,1584.714,201493
1787861752961,99d61f44-b025-57d8-5d2c-3a892dd7a452,/p/0/446cee732c386259,1,200,511688,26.809,3258.037,157054
1787861752536,46db7605-dfc0-6150-e651-9c9fa71a6e4c,/?crawl=226,0,200,2118450,24.676,3708.867,571185
1787861752592,1faaaf63-992c-698a-4522-662c899004ef,/p/2/d73dd6c48d239727,4,200,243878,323.611,3734.702,65301
1787861756004,24ec9911-b2f3-f43d-e8ab-5034432365d0,/p/18/9090c6fcb90f5a2c,2,200,195698,12.230,370.416,528319
1787861754514,99d61f44-b025-57d8-5d2c-3a892dd7a452,/p/5/7a6158385089633b,2,200,284318,137.674,2053.206,138475
1787861754545,43f1db63-92fd-e893-1eb3-cf286c3670c1,/p/0/b71d42de7d0b6d8b,13,200,3466635,319.808,2039.272,1699938
1787861747658,c326abe4-a69c-1078-15d9-0de3a497f1dd,/p/0/2989221dd9d417a4,2,200,445199,121.901,8995.445,49492
1787861756374,24ec9911-b2f3-f43d-e8ab-5034432365d0,/p/17/222adab9c6fbb242,3,200,70680,56.089,303.842,232621
1787861756121,5c0dad1d-0e1a-eca2-a1f1-d89ad4b13a5e,/p/0/99fe98788ee0f377,1,200,123854,113.202,581.923,212836
1787861755536,57aece9d-5272-87f8-bf70-0fb01f75c0ee,/?crawl=230,0,200,235292,73.637,1174.436,200345
1787861748423,29a64f4e-3da9-e5fd-278e-990fb1e14314,/p/0/1bd9beda7d1c718f,8,200,432567,275.416,8388.148,51569
1787861756678,24ec9911-b2f3-f43d-e8ab-5034432365d0,/p/0/2ef5d5a253a816b6,4,200,19907,74.876,138.302,143938
1787861756536,778eecd5-41f7-f871-82da-ed060afa509d,/?crawl=231,0,200,144772,31.188,298.354,485235
1787861753446,2cd9a0fd-a26b-f302-139e-84fe1695521e,/p/0/6ebafa417535dd6d,1,200,469047,90.353,3496.016,134166
1787861755559,075bb5b2-f73c-b1b6-16a6-a8aac3d8e10d,/p/0/678dadc1b2fd0024,2,200,119694,165.845,1433.825,83479
1787861756004,24ec9911-b2f3-f43d-e8ab-5034432365d0,/p/0/9090c7fcb90f5bdf,2,200,308780,59.411,1026.123,300919
1787861746583,5d7c934a-ba16-892b-3c8e-8857ce3f8d14,/p/0/db50a2e3e09ae3f4,1,200,492012,364.621,10525.109,46746
1787861756567,99d61f44-b025-57d8-5d2c-3a892dd7a452,/p/4/2f7320ae38cb06e7,3,200,68167,135.006,599.512,113704
1787861754873,704d14c1-a1c7-314f-fe26-d91b81c4b00c,/p/0/ba0e2a4125144d00,1,200,303280,41.889,2297.536,132002
1787861745195,b8635a67-275b-87ec-7bbb-a60c5f4f7f0a,/p/0/239c426181a3ab4a,2,200,479937,397.001,12009.010,39965
1787861756711,57aece9d-5272-87f8-bf70-0fb01f75c0ee,/p/0/849bb94200b825d5,1,200,62841,71.438,503.484,124812
1787861754514,99d61f44-b025-57d8-5d2c-3a892dd7a452,/p/0/7a61573850896188,2,200,345205,193.167,2749.290,125562
1787861753802,ca2c0680-f6ca-325d-2bda-fd8f1068bccb,/p/0/b226fc143c92b13a,5,200,111932,594.451,3462.204,32330
1787861756834,778eecd5-41f7-f871-82da-ed060afa509d,/p/0/f13161e46c1d2c5c,1,200,121686,28.374,526.122,231288
1787861756245,46db7605-dfc0-6150-e651-9c9fa71a6e4c,/p/3/d7d741d0c0d35506,1,200,182898,127.393,1165.828,156882
1787861755343,b11a86fc-166c-c27d-85d5-1a916a4581fe,/p/0/23ff527aa4646628,2,200,490912,118.143,2231.947,219948
1787861746366,ca2c0680-f6ca-325d-2bda-fd8f1068bccb,/p/0/8a366972e1273c16,4,200,388484,377.668,11312.361,34342
1787861748211,b8635a67-275b-87ec-7bbb-a60c5f4f7f0a,/p/2/793bb40ec440c1fa,3,200,306938,433.633,9493.120,32333
1787861752426,f606f715-a47f-a7f1-01cc-09f3eb37d616,/p/1/4d78819eb9af4679,1,200,4651522,51.339,5316.056,874995
1787861756004,24ec9911-b2f3-f43d-e8ab-5034432365d0,/p/0/9090c8fcb90f5d92,2,200,487526,12.233,1745.656,279280
1787861756374,24ec9911-b2f3-f43d-e8ab-5034432365d0,/p/0/222ad8b9c6fbaedc,3,200,312821,74.086,1414.236,221194
1787861754276,2cd9a0fd-a26b-f302-139e-84fe1695521e,/p/0/b56b2429ab7237f1,2,200,442581,335.030,3539.289,125048
1787861754276,2cd9a0fd-a26b-f302-139e-84fe1695521e,/p/1/b56b2329ab72363e,2,200,455232,295.259,3565.700,127670
1787861754514,99d61f44-b025-57d8-5d2c-3a892dd7a452,/p/0/7a615a38508966a1,2,200,385529,260.540,3345.898,115224
1787861723326,8ae8eed2-2f2e-bf83-57c1-10306f13d8ab,/p/0/dcdd4868ef52606d,4,200,4387825,812.193,34569.197,126929
1787861756816,24ec9911-b2f3-f43d-e8ab-5034432365d0,/p/0/2ef5d4a253a81503,4,200,324313,75.788,1165.887,278169
1787861754950,64e8cd20-1bf4-cebe-8cc7-fe3eb5083c1d,/p/0/d138f9f4efc1104d,2,200,188548,370.406,3147.752,59899
1787861756678,24ec9911-b2f3-f43d-e8ab-5034432365d0,/p/16/2ef5d6a253a81869,4,200,473235,86.664,1443.078,327934
1787861753582,faaca8c9-c1d6-1c07-ad40-251e22db0d72,/p/0/c36b7df19da9a21d,5,200,295072,362.235,4555.405,64774
1787861757742,f606f715-a47f-a7f1-01cc-09f3eb37d616,/p/0/2d3e3485a70968e4,2,200,92714,16.059,413.898,224002
1787861711803,8ae8eed2-2f2e-bf83-57c1-10306f13d8ab,/p/0/bcc7ca367ea2433c,1,200,5450522,107.344,46355.264,117582
1787861756711,57aece9d-5272-87f8-bf70-0fb01f75c0ee,/p/0/849bb84200b82422,1,200,122151,392.649,1500.139,81426
1787861756121,5c0dad1d-0e1a-eca2-a1f1-d89ad4b13a5e,/p/0/99fe99788ee0f52a,1,200,360376,27.761,2178.234,165444
1787861756121,5c0dad1d-0e1a-eca2-a1f1-d89ad4b13a5e,/p/3/99fe97788ee0f1c4,1,200,405654,70.802,2192.455,185023
1787861756834,778eecd5-41f7-f871-82da-ed060afa509d,/p/0/f13163e46c1d2fc2,1,200,322158,56.636,1498.012,215057
1787861758121,24ec9911-b2f3-f43d-e8ab-5034432365d0,/p/15/ccf8338b86d68db8,5,200,94588,56.208,227.504,415764
1787861738536,511821f3-2da6-a5dc-feba-e7a13652bfec,/?crawl=202,0,200,4863198,80.594,19826.504,245288
1787861756245,46db7605-dfc0-6150-e651-9c9fa71a6e4c,/p/0/d7d73fd0c0d351a0,1,200,444406,26.029,2160.438,205702
1787861731468,8ae8eed2-2f2e-bf83-57c1-10306f13d8ab,/p/0/8d9e1821d963536d,5,200,5770949,421.543,26958.113,214071
1787861757742,f606f715-a47f-a7f1-01cc-09f3eb37d616,/p/0/2d3e3785a7096dfd,2,200,272830,15.994,708.825,384905
1787861740536,14a0d658-c8ad-8e29-eddd-450d22f88b50,/?crawl=206,0,200,5680944,45.463,17923.165,316961
1787861756245,46db7605-dfc0-6150-e651-9c9fa71a6e4c,/p/0/d7d742d0c0d356b9,1,200,348078,127.390,2218.948,156866
1787861757742,f606f715-a47f-a7f1-01cc-09f3eb37d616,/p/0/2d3e3685a7096c4a,2,200,283216,41.621,728.339,388852
1787861731152,a7209b11-208b-a02e-ce9f-326ec906256c,/p/0/13fa9aa25bde8806,1,200,2326173,108.562,27348.638,85056
1787861755559,075bb5b2-f73c-b1b6-16a6-a8aac3d8e10d,/p/1/678daec1b2fd01d7,2,200,362537,165.947,2995.269,121037
1787861754873,704d14c1-a1c7-314f-fe26-d91b81c4b00c,/p/10/ba0e2c4125145066,1,200,444102,125.862,3708.923,119739
1787861749719,8a17a6f8-9b1a-9577-7aa1-7321c22deb5e,/p/0/2111a4cb22ca0521,1,200,3060055,163.990,8926.714,342797
1787861757167,99d61f44-b025-57d8-5d2c-3a892dd7a452,/p/0/c97777b43db0cb9c,4,200,159349,138.180,1530.851,104092
1787861757411,46db7605-dfc0-6150-e651-9c9fa71a6e4c,/p/0/f515799016eb2ab1,2,200,162558,148.272,1371.334,118540
1787861758121,24ec9911-b2f3-f43d-e8ab-5034432365d0,/p/0/ccf8348b86d68f6b,5,200,162588,56.246,762.725,213167
1787861750536,bd9871e6-b1c1-bcbc-86af-5893fe3b4cb6,/?crawl=220,0,200,2382034,57.636,8360.353,284920
1787861746583,5d7c934a-ba16-892b-3c8e-8857ce3f8d14,/p/0/db50a5e3e09ae90d,1,200,3749518,192.342,12375.265,302985
1787861748211,b8635a67-275b-87ec-7bbb-a60c5f4f7f0a,/p/0/793bb20ec440be94,3,200,323951,433.686,10818.525,29944
1787861745195,b8635a67-275b-87ec-7bbb-a60c5f4f7f0a,/p/0/239c416181a3a997,2,200,413699,432.592,13906.279,29749
1787861756327,1faaaf63-992c-698a-4522-662c899004ef,/p/1/f38c70f21d07d0c,5,200,103801,269.418,2845.782,36475
1787861758459,14a0d658-c8ad-8e29-eddd-450d22f88b50,/p/0/7c3582e8f321eed7,1,200,43972,238.119,721.220,60969
1787861756711,57aece9d-5272-87f8-bf70-0fb01f75c0ee,/p/0/849bb74200b8226f,1,200,324630,71.405,2532.291,128196
1787861745687,b11a86fc-166c-c27d-85d5-1a916a4581fe,/p/0/295d78d8ea0753f5,1,200,4969048,1.702,13665.788,363612
1787861758896,bd9871e6-b1c1-bcbc-86af-5893fe3b4cb6,/p/2/feabec8bea09412c,1,200,40040,51.706,484.406,82658
1787861758363,511821f3-2da6-a5dc-feba-e7a13652bfec,/p/0/2e8c2d72a0b6168b,1,200,97056,112.681,1207.582,80372
1787861727240,5381714b-f0f4-a770-1f30-4fa89a3302c0,/p/4/4413189afb107dbe,2,0,91616,397.364,32465.213,2822
1787861727240,5381714b-f0f4-a770-1f30-4fa89a3302c0,/p/0/4413169afb107a58,2,0,95808,436.410,32465.227,2951
1787861727240,5381714b-f0f4-a770-1f30-4fa89a3302c0,/p/0/4413199afb107f71,2,0,81135,397.234,32465.207,2499
1787861721487,5381714b-f0f4-a770-1f30-4fa89a3302c0,/p/0/f6b2a5c411874506,1,0,405671,200.899,38219.149,10614
1787861758121,24ec9911-b2f3-f43d-e8ab-5034432365d0,/p/0/ccf8358b86d6911e,5,200,432393,62.264,1585.629,272695
1787861757411,46db7605-dfc0-6150-e651-9c9fa71a6e4c,/p/0/f515769016eb2598,2,200,392404,210.463,2340.630,167649
1787861751152,a39bb26c-5fbf-27e7-6053-fb106f68e15d,/p/2/4882ea50818364d4,5,200,360320,525.336,8652.651,41643
1787861756327,1faaaf63-992c-698a-4522-662c899004ef,/p/0/f38c80f21d07ebf,5,200,139407,245.005,3523.756,39562
1787861757705,b8635a67-275b-87ec-7bbb-a60c5f4f7f0a,/p/1/e493d7c843d0673d,4,200,98848,429.444,2292.616,43116
1787861758349,24ec9911-b2f3-f43d-e8ab-5034432365d0,/p/14/5e93ac2bbfcc900d,6,200,468344,68.087,1691.114,276944
1787861757167,99d61f44-b025-57d8-5d2c-3a892dd7a452,/p/3/c97778b43db0cd4f,4,200,339714,192.573,2876.973,118080
1787861758349,24ec9911-b2f3-f43d-e8ab-5034432365d0,/p/0/5e93aa2bbfcc8ca7,6,200,456139,61.504,1896.216,240552
1787861751188,a39bb26c-5fbf-27e7-6053-fb106f68e15d,/p/0/4882ec508183683a,5,200,426574,489.502,9179.789,46469
1787861756567,99d61f44-b025-57d8-5d2c-3a892dd7a452,/p/0/2f7322ae38cb0a4d,3,200,473571,162.802,3827.973,123713
1787861758349,24ec9911-b2f3-f43d-e8ab-5034432365d0,/p/0/5e93ab2bbfcc8e5a,6,200,470538,68.099,2059.351,228488
1787861745467,ca2c0680-f6ca-325d-2bda-fd8f1068bccb,/p/0/8d9d111492ff139b,3,200,493393,524.758,15009.465,32872
1787861758459,14a0d658-c8ad-8e29-eddd-450d22f88b50,/p/2/7c3581e8f321ed24,1,200,356271,42.831,2117.510,168250
1787861754950,64e8cd20-1bf4-cebe-8cc7-fe3eb5083c1d,/p/0/d138f6f4efc10b34,2,200,389174,397.842,5651.259,68865
1787861755343,b11a86fc-166c-c27d-85d5-1a916a4581fe,/p/1/23ff547aa464698e,2,200,4430988,118.122,5391.182,821896
1787861760734,b11a86fc-166c-c27d-85d5-1a916a4581fe,/p/0/b0c16dc0c53c8b63,3,200,153136,2.696,160.565,953733
1787861760577,14a0d658-c8ad-8e29-eddd-450d22f88b50,/p/1/3338017aefb5e94e,2,200,12635,221.759,332.203,38034
1787861760040,24ec9911-b2f3-f43d-e8ab-5034432365d0,/p/13/d18c44566c63e007,7,200,267466,153.747,977.842,273527
1787861758582,704d14c1-a1c7-314f-fe26-d91b81c4b00c,/p/0/2249accbb237a83e,2,200,162598,377.926,2509.348,64797
1787861760040,24ec9911-b2f3-f43d-e8ab-5034432365d0,/p/0/d18c46566c63e36d,7,200,308471,153.842,1098.712,280757
1787861758582,704d14c1-a1c7-314f-fe26-d91b81c4b00c,/p/0/2249abcbb237a68b,2,200,164118,419.784,2676.579,61316
1787861746536,78410207-983b-34de-da3c-435ec3ff63a1,/?crawl=214,0,200,3277689,70.398,14760.095,222064
1787861731501,05e48497-844a-01f1-22bc-bb6f8a229f94,/p/1/4c444ec9742fd471,1,200,2857399,72.549,29850.166,95725
1787861753128,ca2c0680-f6ca-325d-2bda-fd8f1068bccb,/p/11/b226fa143c92add4,5,200,2554036,409.256,8236.476,310088
1787861761364,ca2c0680-f6ca-325d-2bda-fd8f1068bccb,/p/0/3f06c40e9342787d,6,200,30840,38.020,122.169,252437
1787861753536,0528d7e3-d1df-a66d-5305-4bd79b81c1f4,/?crawl=227,0,200,187600,1178.890,7958.582,23572
1787861761364,ca2c0680-f6ca-325d-2bda-fd8f1068bccb,/p/0/3f06c10e93427364,6,200,119624,32.775,140.440,851777
1787861761364,ca2c0680-f6ca-325d-2bda-fd8f1068bccb,/p/10/3f06c20e93427517,6,200,260500,32.718,239.177,1089150
1787861757705,b8635a67-275b-87ec-7bbb-a60c5f4f7f0a,/p/0/e493d6c843d0658a,4,200,127307,393.138,3949.573,32233
1787861761604,ca2c0680-f6ca-325d-2bda-fd8f1068bccb,/p/0/d876b7eca958e747,7,200,64435,30.774,102.411,629179
1787861761604,ca2c0680-f6ca-325d-2bda-fd8f1068bccb,/p/9/d876b9eca958eaad,7,200,247674,32.983,352.070,703480
1787861753582,faaca8c9-c1d6-1c07-ad40-251e22db0d72,/p/0/c36b7af19da99d04,5,200,418939,311.091,8402.923,49856
1787861761956,ca2c0680-f6ca-325d-2bda-fd8f1068bccb,/p/0/cfee1eb3dd023427,8,200,97543,29.614,228.662,426582
1787861758555,075bb5b2-f73c-b1b6-16a6-a8aac3d8e10d,/p/0/28874420bc94fb95,3,200,296978,196.657,3743.507,79331
1787861761018,24ec9911-b2f3-f43d-e8ab-5034432365d0,/p/0/c9cadd861c81ebe2,8,200,372386,58.576,1414.445,263274
1787861751152,a39bb26c-5fbf-27e7-6053-fb106f68e15d,/p/0/4882eb5081836687,5,200,426331,357.705,11337.122,37605
1787861758363,511821f3-2da6-a5dc-feba-e7a13652bfec,/p/2/2e8c2c72a0b614d8,1,200,336460,112.684,4130.510,81457
1787861761956,ca2c0680-f6ca-325d-2bda-fd8f1068bccb,/p/8/cfee1db3dd023274,8,200,359101,32.668,592.651,605923
1787861747616,0e5214e9-ffe9-b4f0-107f-30de4c94aea4,/p/0/e540d73f767a2169,1,200,323206,1402.372,15106.228,21396
1787861760577,14a0d658-c8ad-8e29-eddd-450d22f88b50,/p/0/3337ff7aefb5e5e8,2,200,115859,242.521,2203.791,52573
1787861759381,bd9871e6-b1c1-bcbc-86af-5893fe3b4cb6,/p/1/3c5ce5d15c091df6,2,200,211960,254.245,3406.443,62223
1787861749225,db78ba94-0262-a6f8-29ec-d9f4736c8efe,/p/2/34e51ab2f84081c2,2,200,2632147,212.871,13563.053,194067
1787861761956,ca2c0680-f6ca-325d-2bda-fd8f1068bccb,/p/0/cfee1fb3dd0235da,8,200,498993,35.820,838.455,595134
1787861745914,2334168d-4f79-3110-7b14-033e6870b0d6,/p/0/de8bbbe613494cba,3,200,4152802,154.436,16883.847,245963
1787861758555,075bb5b2-f73c-b1b6-16a6-a8aac3d8e10d,/p/0/28874220bc94f82f,3,200,355094,165.627,4313.677,82318
1787861762548,ca2c0680-f6ca-325d-2bda-fd8f1068bccb,/p/7/f899925e6e30ba4c,9,200,157410,29.779,347.326,453205
1787861668928,bf68d0ac-338e-b2bc-570b-49cd9646ad59,/p/0/734900eae4bf1978,2,200,4497266,774.473,94010.800,47838
1787861757842,2cd9a0fd-a26b-f302-139e-84fe1695521e,/p/0/eda2394ba0dc900c,3,200,519288,161.413,5238.015,99138
1787861760044,99d61f44-b025-57d8-5d2c-3a892dd7a452,/p/2/644df209a0d7a4e9,5,200,301469,152.031,3128.812,96353
1787861757411,46db7605-dfc0-6150-e651-9c9fa71a6e4c,/p/2/f515779016eb274b,2,200,2455468,148.365,5793.571,423826
1787861762896,ca2c0680-f6ca-325d-2bda-fd8f1068bccb,/p/6/fd74f364c43f0211,10,200,174989,36.498,424.026,412685
1787861760734,b11a86fc-166c-c27d-85d5-1a916a4581fe,/p/0/b0c16fc0c53c8ec9,3,200,2543133,34.276,2588.799,982360
1787861740651,bf36b8a2-68a5-eaa3-8129-d4925f18fef6,/p/3/37ff8e2443cf456b,2,200,2265462,1176.505,22675.032,99910
1787861751155,5d7c934a-ba16-892b-3c8e-8857ce3f8d14,/p/1/a132c9b181d24c3d,2,200,6008125,422.634,12256.298,490207
1787861763326,bf36b8a2-68a5-eaa3-8129-d4925f18fef6,/p/0/752288d60e1c22ed,3,200,7601,234.557,256.488,29635
1787861762548,ca2c0680-f6ca-325d-2bda-fd8f1068bccb,/p/0/f899945e6e30bdb2,9,200,483259,44.379,1078.800,447960
1787861760044,99d61f44-b025-57d8-5d2c-3a892dd7a452,/p/0/644df109a0d7a336,5,200,355801,138.049,3599.964,98835
1787861758363,511821f3-2da6-a5dc-feba-e7a13652bfec,/p/0/2e8c2e72a0b6183e,1,200,468547,75.513,5410.557,86599
1787861763627,ca2c0680-f6ca-325d-2bda-fd8f1068bccb,/p/5/b4ebc539c5ab4ac9,11,200,98510,35.296,203.049,485154
1787861763204,46db7605-dfc0-6150-e651-9c9fa71a6e4c,/p/1/ed96c07577e892da,3,200,119745,75.571,636.626,188093
1787861763326,bf36b8a2-68a5-eaa3-8129-d4925f18fef6,/p/2/752287d60e1c213a,3,200,12239,278.436,618.097,19801
1787861763320,ca2c0680-f6ca-325d-2bda-fd8f1068bccb,/p/0/fd74f164c43efeab,10,200,404824,29.596,667.463,606512
1787861759030,b8635a67-275b-87ec-7bbb-a60c5f4f7f0a,/p/0/e493d5c843d063d7,4,200,178702,466.392,5083.999,35150
1787861760734,b11a86fc-166c-c27d-85d5-1a916a4581fe,/p/0/b0c16cc0c53c89b0,3,200,4321349,6.790,3380.394,1278357
1787861762788,db78ba94-0262-a6f8-29ec-d9f4736c8efe,/p/1/e3a05abedd3797d8,3,200,160985,164.471,1376.906,116918
1787861763830,ca2c0680-f6ca-325d-2bda-fd8f1068bccb,/p/0/b4ebc439c5ab4916,11,200,382549,18.405,359.746,1063386
1787861744858,2334168d-4f79-3110-7b14-033e6870b0d6,/p/0/87595d7e2840b89c,2,200,5399546,51.286,19425.820,277957
1787861763987,ca2c0680-f6ca-325d-2bda-fd8f1068bccb,/p/0/b4ebc339c5ab4763,11,200,206815,17.967,317.107,652193
1787861764190,ca2c0680-f6ca-325d-2bda-fd8f1068bccb,/p/4/695d1f3a35ee1929,12,200,240374,15.616,223.071,1077566
1787861763173,99d61f44-b025-57d8-5d2c-3a892dd7a452,/p/0/927b07747d666602,6,200,160153,147.605,1242.094,128938
1787861735479,ca2c0680-f6ca-325d-2bda-fd8f1068bccb,/p/0/be6c2e844d4438a9,1,200,5259578,75.858,28940.146,181740
1787861764419,ca2c0680-f6ca-325d-2bda-fd8f1068bccb,/p/3/6c94cdffaf972f9b,13,200,13050,15.442,20.404,639591
1787861764304,ca2c0680-f6ca-325d-2bda-fd8f1068bccb,/p/0/695d1e3a35ee1776,12,200,142082,15.990,139.279,1020126
1787861764439,ca2c0680-f6ca-325d-2bda-fd8f1068bccb,/p/0/6c94ccffaf972de8,13,200,6641,14.218,15.772,421068
1787861764455,ca2c0680-f6ca-325d-2bda-fd8f1068bccb,/p/2/29aa45ef38699b1f,14,200,7322,15.573,21.087,347232
1787861764413,ca2c0680-f6ca-325d-2bda-fd8f1068bccb,/p/0/695d1d3a35ee15c3,12,200,214112,17.340,269.888,793335
1787861745058,e7219492-91c7-173b-87f0-f984c416af04,/p/2/3d21e1fcae47e587,11,200,5666964,210.756,19803.835,286155
1787861764444,ca2c0680-f6ca-325d-2bda-fd8f1068bccb,/p/0/6c94cfffaf973301,13,200,496912,14.479,488.520,1017178
1787861761604,ca2c0680-f6ca-325d-2bda-fd8f1068bccb,/p/0/d876b8eca958e8fa,7,200,2537666,30.662,3413.267,743471
1787861764476,ca2c0680-f6ca-325d-2bda-fd8f1068bccb,/p/0/29aa44ef3869996c,14,200,489231,14.903,567.454,862151
1787861750536,641a18cf-732c-df86-431f-313eb2170fd3,/?crawl=219,0,200,5966304,37.457,14546.867,410144
1787861760577,14a0d658-c8ad-8e29-eddd-450d22f88b50,/p/0/3338027aefb5eb01,2,200,294036,221.688,4604.417,63860
1787861765017,ca2c0680-f6ca-325d-2bda-fd8f1068bccb,/p/0/553101070e9ca469,15,200,192964,15.760,211.559,912103
1787861734696,a7209b11-208b-a02e-ce9f-326ec906256c,/p/8/ecee3e3d8ccfe1d6,2,200,2948196,294.715,30634.692,96237
1787861765044,ca2c0680-f6ca-325d-2bda-fd8f1068bccb,/p/0/5530fe070e9c9f50,15,200,372871,17.421,349.064,1068202
1787861760909,14a0d658-c8ad-8e29-eddd-450d22f88b50,/p/0/b310baa618d9a62e,3,200,325049,281.417,4666.071,69662
1787861756834,778eecd5-41f7-f871-82da-ed060afa509d,/p/0/f13164e46c1d3175,1,200,4129787,112.527,9042.408,456713
1787861765330,a7209b11-208b-a02e-ce9f-326ec906256c,/p/0/fdfb5a8dee5e95fe,3,200,38535,400.107,570.075,67596
1787861684455,bf68d0ac-338e-b2bc-570b-49cd9646ad59,/p/0/237732843c29b4aa,4,200,4025897,412.819,81451.508,49427
1787861762548,ca2c0680-f6ca-325d-2bda-fd8f1068bccb,/p/0/f899935e6e30bbff,9,200,3057961,29.614,3444.427,887800
1787861761495,0528d7e3-d1df-a66d-5305-4bd79b81c1f4,/p/0/6b41952e556e47b3,1,200,76636,558.974,4710.546,16269
1787861764165,db78ba94-0262-a6f8-29ec-d9f4736c8efe,/p/0/35d8bd96ecf2ffaf,4,200,159028,243.127,2108.490,75423
1787861758896,bd9871e6-b1c1-bcbc-86af-5893fe3b4cb6,/p/0/feabee8bea094492,1,200,472035,51.685,7423.432,63587
1787861760368,a39bb26c-5fbf-27e7-6053-fb106f68e15d,/p/0/e0ca3d4e0b1d0198,6,200,268354,422.186,6074.003,44181
1787861762896,ca2c0680-f6ca-325d-2bda-fd8f1068bccb,/p/0/fd74f264c43f005e,10,200,4151477,30.032,3720.211,1115925
1787861763841,46db7605-dfc0-6150-e651-9c9fa71a6e4c,/p/0/da9e2154f1b95190,4,200,276689,163.562,2897.215,95502
1787861763644,99d61f44-b025-57d8-5d2c-3a892dd7a452,/p/0/927b06747d66644f,6,200,307368,188.953,3144.170,97758
1787861684455,bf68d0ac-338e-b2bc-570b-49cd9646ad59,/p/1/237730843c29b144,4,200,4791287,492.661,82350.182,58182
1787861765330,a7209b11-208b-a02e-ce9f-326ec906256c,/p/7/fdfb588dee5e9298,3,200,486385,407.379,1565.064,310777
1787861762788,db78ba94-0262-a6f8-29ec-d9f4736c8efe,/p/0/e3a05cbedd379b3e,3,200,435495,150.189,4246.392,102556
1787861764932,ca2c0680-f6ca-325d-2bda-fd8f1068bccb,/p/1/553100070e9ca2b6,15,200,3634869,17.273,2135.276,1702294
1787861759381,bd9871e6-b1c1-bcbc-86af-5893fe3b4cb6,/p/0/3c5ce6d15c091fa9,2,200,380250,280.384,7708.712,49327
1787861767068,ca2c0680-f6ca-325d-2bda-fd8f1068bccb,/p/0/3ea1441e3bc5c930,16,200,41265,15.638,44.320,931066
1787861759997,b8635a67-275b-87ec-7bbb-a60c5f4f7f0a,/p/0/8b76cf69e788b1aa,5,200,263140,689.335,7116.611,36975
1787861759381,bd9871e6-b1c1-bcbc-86af-5893fe3b4cb6,/p/0/3c5ce3d15c091a90,2,200,440971,308.004,7785.651,56639
1787861767068,ca2c0680-f6ca-325d-2bda-fd8f1068bccb,/p/0/3ea1451e3bc5cae3,16,200,294694,15.634,160.043,1841343
1787861764683,ca2c0680-f6ca-325d-2bda-fd8f1068bccb,/p/0/29aa47ef38699e85,14,200,4500943,18.521,2582.894,1742597
1787861759172,1faaaf63-992c-698a-4522-662c899004ef,/p/0/856511de2ad2b2fe,6,200,389027,271.727,8179.806,47559
1787861763944,bf36b8a2-68a5-eaa3-8129-d4925f18fef6,/p/1/e1f49d65db02,4,200,200204,295.436,3427.532,58411
1787861760909,14a0d658-c8ad-8e29-eddd-450d22f88b50,/p/0/b310bba618d9a7e1,3,200,510354,259.129,6532.238,78129
1787861647536,f1696276-66c7-2468-4d80-ed299ca9116f,/?crawl=86,0,0,4712122,221.078,120000.205,39268
1787861766805,bf68d0ac-338e-b2bc-570b-49cd9646ad59,/p/0/9d28821e649e7c2,5,200,295291,2.223,755.295,390961
1787861766805,bf68d0ac-338e-b2bc-570b-49cd9646ad59,/p/0/9d28621e649e45c,5,200,330177,3.004,755.205,437202
1787861766805,bf68d0ac-338e-b2bc-570b-49cd9646ad59,/p/0/9d28721e649e60f,5,200,478344,2.129,757.183,631742
1787861746528,a78a54d7-ad44-14fa-b111-eb6efb5a6456,/p/2/7468f0ed8b626c62,2,200,2992082,253.856,21053.249,142120
1787861764862,e7219492-91c7-173b-87f0-f984c416af04,/p/1/dce48b4d96a125f0,12,200,316691,38.220,2818.801,112350
1787861747873,e0462316-a48d-3073-9be8-2d611839dd56,/p/0/b47bf728b764f61b,1,200,4934827,60.390,19850.332,248602
1787861762788,db78ba94-0262-a6f8-29ec-d9f4736c8efe,/p/0/e3a05bbedd37998b,3,200,490410,178.899,4955.364,98965
1787861703979,a260d372-9b51-140b-34ac-abefee6e2807,/p/0/b858d6ba8e2d1958,1,200,5576087,225.959,63779.868,87427
1787861756374,24ec9911-b2f3-f43d-e8ab-5034432365d0,/p/0/222adbb9c6fbb3f5,3,200,3681362,68.222,11408.610,322683
1787861720711,a260d372-9b51-140b-34ac-abefee6e2807,/p/0/fe10e000fca0b669,2,200,4605456,1129.392,47097.419,97786
1787861767068,ca2c0680-f6ca-325d-2bda-fd8f1068bccb,/p/0/3ea1471e3bc5ce49,16,200,4567978,16.882,928.169,4921492
1787861764862,e7219492-91c7-173b-87f0-f984c416af04,/p/0/dce48d4d96a12956,12,200,428406,38.201,3411.609,125573
1787861763173,99d61f44-b025-57d8-5d2c-3a892dd7a452,/p/1/927b08747d6667b5,6,200,439110,199.880,5123.112,85712
1787861766896,a7209b11-208b-a02e-ce9f-326ec906256c,/p/6/aed3ba5b492d7303,4,200,303647,86.855,1480.907,205041
1787861768376,a7209b11-208b-a02e-ce9f-326ec906256c,/p/0/b2b1bc98d31059bb,5,200,15682,63.659,99.525,157568
1787861754873,704d14c1-a1c7-314f-fe26-d91b81c4b00c,/p/0/ba0e2d4125145219,1,200,2144761,41.907,13841.858,154947
1787861767681,e7219492-91c7-173b-87f0-f984c416af04,/p/0/6ffa5c270fc577fb,13,200,77251,210.432,1132.071,68239
1787861764165,db78ba94-0262-a6f8-29ec-d9f4736c8efe,/p/0/35d8be96ecf30162,4,200,480908,211.883,4728.299,101708
1787861758582,704d14c1-a1c7-314f-fe26-d91b81c4b00c,/p/9/2249adcbb237a9f1,2,200,2580824,419.753,10316.838,250156
1787861768476,a7209b11-208b-a02e-ce9f-326ec906256c,/p/0/b2b1bd98d3105b6e,5,200,323775,68.511,736.982,439326
1787861768377,a7209b11-208b-a02e-ce9f-326ec906256c,/p/5/b2b1bb98d3105808,5,200,401817,69.096,924.310,434721
1787861769301,a7209b11-208b-a02e-ce9f-326ec906256c,/p/0/2a304edabcc0364a,6,200,21436,31.768,64.551,332078
1787861763326,bf36b8a2-68a5-eaa3-8129-d4925f18fef6,/p/0/752285d60e1c1dd4,3,200,384315,212.531,6061.719,63400
1787861759805,a39bb26c-5fbf-27e7-6053-fb106f68e15d,/p/1/e0ca3f4e0b1d04fe,6,200,398921,397.621,9621.364,41462
1787861767681,e7219492-91c7-173b-87f0-f984c416af04,/p/0/6ffa5d270fc579ae,13,200,175710,249.652,1787.666,98290
1787861745726,e8375951-2443-d5c6-bba7-e4a43390b79f,/p/0/c1580fa9fb00bdc,1,200,4137539,124.348,23801.877,173832
1787861769365,a7209b11-208b-a02e-ce9f-326ec906256c,/p/0/2a304ddabcc03497,6,200,203522,27.792,314.191,647765
1787861744828,e8623d64-28fe-07e6-f237-3df27f9381e3,/p/0/36748101b0f2cdaa,1,200,182402,295.068,24942.970,7313
1787861767681,e7219492-91c7-173b-87f0-f984c416af04,/p/0/6ffa5b270fc57648,13,200,198251,230.125,2143.402,92494
1787861761351,05e48497-844a-01f1-22bc-bb6f8a229f94,/p/0/5d40ce12cb42e9ae,2,200,384637,359.155,8527.528,45105
1787861768296,99d61f44-b025-57d8-5d2c-3a892dd7a452,/p/0/ea2f1f6449c1ad73,7,200,159916,243.899,1658.885,96400
1787861768899,704d14c1-a1c7-314f-fe26-d91b81c4b00c,/p/0/e52d1067137b454,3,200,387388,2.836,1079.929,358716
1787861768899,704d14c1-a1c7-314f-fe26-d91b81c4b00c,/p/0/e52d4067137b96d,3,200,376927,1.322,1080.073,348983
1787861761495,0528d7e3-d1df-a66d-5305-4bd79b81c1f4,/p/0/6b41962e556e4966,1,200,185416,559.006,8565.733,21646
1787861767581,a78a54d7-ad44-14fa-b111-eb6efb5a6456,/p/0/9da296ec8dfafb87,3,200,222190,330.472,2524.978,87997
1787861763944,bf36b8a2-68a5-eaa3-8129-d4925f18fef6,/p/0/dff49d65d79c,4,200,407615,232.019,6522.242,62496
1787861734696,a7209b11-208b-a02e-ce9f-326ec906256c,/p/0/ecee3f3d8ccfe389,2,200,6196051,294.733,35899.163,172596
1787861761495,0528d7e3-d1df-a66d-5305-4bd79b81c1f4,/p/9/6b41972e556e4b19,1,200,172452,701.568,9215.896,18712
1787861767352,1faaaf63-992c-698a-4522-662c899004ef,/p/0/85650fde2ad2af98,6,200,160987,269.236,3391.070,47474
1787861768296,99d61f44-b025-57d8-5d2c-3a892dd7a452,/p/0/ea2f206449c1af26,7,200,205590,135.523,2666.962,77088
1787861762787,bd9871e6-b1c1-bcbc-86af-5893fe3b4cb6,/p/0/662003c14108e8fa,3,200,427272,328.517,8284.377,51576
1787861762493,511821f3-2da6-a5dc-feba-e7a13652bfec,/p/0/2fe1ae716aeb958a,2,200,466625,413.080,8713.331,53553
1787861758313,5c0dad1d-0e1a-eca2-a1f1-d89ad4b13a5e,/p/0/9f71d0907b200a9d,2,200,2259872,28.004,12974.798,174174
1787861762493,511821f3-2da6-a5dc-feba-e7a13652bfec,/p/1/2fe1af716aeb973d,2,200,439533,413.025,8903.602,49366
1787861766896,a7209b11-208b-a02e-ce9f-326ec906256c,/p/0/aed3b95b492d7150,4,200,2392609,62.507,4573.471,523149
1787861761351,05e48497-844a-01f1-22bc-bb6f8a229f94,/p/0/5d40cf12cb42eb61,2,200,452614,468.604,10224.520,44268
1787861768296,99d61f44-b025-57d8-5d2c-3a892dd7a452,/p/0/ea2f1e6449c1abc0,7,200,361987,149.343,3384.095,106967
1787861761018,24ec9911-b2f3-f43d-e8ab-5034432365d0,/p/12/c9cadb861c81e87c,8,200,3831356,75.705,10681.314,358697
1787861746528,a78a54d7-ad44-14fa-b111-eb6efb5a6456,/p/0/7468f1ed8b626e15,2,200,3270899,279.200,25252.799,129526
1787861759997,b8635a67-275b-87ec-7bbb-a60c5f4f7f0a,/p/0/8b76d069e788b35d,5,200,416835,400.820,11801.559,35320
1787861739576,bf36b8a2-68a5-eaa3-8129-d4925f18fef6,/p/0/ce3cd5a26dbda6e7,1,200,3520037,42.344,32237.134,109192
1787861769388,bf36b8a2-68a5-eaa3-8129-d4925f18fef6,/p/0/ac2b42e745e7ddcb,5,200,9920,2430.904,2432.120,4079
1787861765330,a7209b11-208b-a02e-ce9f-326ec906256c,/p/0/fdfb598dee5e944b,3,200,3089897,407.415,6648.330,464763
1787861729730,6eec3580-fa4c-009f-7463-73efc3ce3ef5,/p/0/4c0c534422dbedc2,3,200,3111618,232.699,42324.213,73519
1787861767581,a78a54d7-ad44-14fa-b111-eb6efb5a6456,/p/0/9da297ec8dfafd3a,3,200,340932,304.793,5177.413,65850
1787861766895,a7209b11-208b-a02e-ce9f-326ec906256c,/p/0/aed3bc5b492d7669,4,200,4630652,74.728,6045.197,766005
1787861747614,db78ba94-0262-a6f8-29ec-d9f4736c8efe,/p/0/fa3cfa0ff99418fb,1,200,4520445,167.371,25366.486,178205
1787861769301,a7209b11-208b-a02e-ce9f-326ec906256c,/p/4/2a304fdabcc037fd,6,200,4631215,27.328,3865.764,1198008
1787861773167,a7209b11-208b-a02e-ce9f-326ec906256c,/p/3/251653fe0af1bee2,7,200,44114,2.451,21.220,2078844
1787861718631,29a64f4e-3da9-e5fd-278e-990fb1e14314,/p/0/aa779ebae23892ea,7,200,4603101,331.874,54571.851,84349
1787861773188,a7209b11-208b-a02e-ce9f-326ec906256c,/p/0/c8b60fee884004da,8,200,86102,27.360,166.801,516195
1787861771699,24ec9911-b2f3-f43d-e8ab-5034432365d0,/p/11/964dcf2477b7f270,9,200,415494,56.813,1710.230,242946
1787861773188,a7209b11-208b-a02e-ce9f-326ec906256c,/p/2/c8b610ee8840068d,8,200,252059,27.340,337.627,746560
1787861773167,a7209b11-208b-a02e-ce9f-326ec906256c,/p/0/251654fe0af1c095,7,200,256832,16.574,413.353,621337
1787861760040,24ec9911-b2f3-f43d-e8ab-5034432365d0,/p/0/d18c43566c63de54,7,200,4531098,192.898,13542.149,334592
1787861773167,a7209b11-208b-a02e-ce9f-326ec906256c,/p/0/251651fe0af1bb7c,7,200,447686,12.103,419.708,1066660
1787861766320,bd9871e6-b1c1-bcbc-86af-5893fe3b4cb6,/p/0/662002c14108e747,3,200,514449,278.120,7331.530,70169
1787861771699,24ec9911-b2f3-f43d-e8ab-5034432365d0,/p/0/964dd12477b7f5d6,9,200,439785,67.801,1963.379,223994
1787861773188,a7209b11-208b-a02e-ce9f-326ec906256c,/p/0/c8b60eee88400327,8,200,406833,29.889,514.939,790060
1787861773526,a7209b11-208b-a02e-ce9f-326ec906256c,/p/0/b40d80763f3dd5db,9,200,242814,23.114,232.980,1042211
1787861771699,24ec9911-b2f3-f43d-e8ab-5034432365d0,/p/0/964dd02477b7f423,9,200,518095,56.783,2127.661,243504
1787861773526,a7209b11-208b-a02e-ce9f-326ec906256c,/p/0/b40d81763f3dd78e,9,200,385817,38.213,367.017,1051224
1787861773526,a7209b11-208b-a02e-ce9f-326ec906256c,/p/1/b40d82763f3dd941,9,200,518152,25.053,395.369,1310554
1787861773921,a7209b11-208b-a02e-ce9f-326ec906256c,/p/0/aa2ec08190e476b0,10,200,22778,1.923,6.760,3369301
1787861773921,a7209b11-208b-a02e-ce9f-326ec906256c,/p/0/aa2ec38190e47bc9,10,200,122181,18.887,64.421,1896601
1787861773921,a7209b11-208b-a02e-ce9f-326ec906256c,/p/0/aa2ec18190e47863,10,200,361813,6.697,144.266,2507961
1787861689290,a75977ad-1a1c-59e7-6b95-2310da56e939,/p/3/9940141ddf228113,2,200,4142951,5266.412,84874.363,48813
1787861773410,24ec9911-b2f3-f43d-e8ab-5034432365d0,/p/0/17662e56c4ec5d3e,10,200,138284,470.456,936.693,147630
1787861773410,24ec9911-b2f3-f43d-e8ab-5034432365d0,/p/10/17662f56c4ec5ef1,10,200,269271,452.402,1017.135,264735
1787861731501,05e48497-844a-01f1-22bc-bb6f8a229f94,/p/0/4c444cc9742fd10b,1,200,4939734,72.582,42992.141,114899
1787861774427,24ec9911-b2f3-f43d-e8ab-5034432365d0,/p/9/e71f6b0e82ca6995,11,200,22181,57.331,94.066,235803
1787861773582,24ec9911-b2f3-f43d-e8ab-5034432365d0,/p/0/17662d56c4ec5b8b,10,200,274162,279.760,1018.235,269252
1787861748423,29a64f4e-3da9-e5fd-278e-990fb1e14314,/p/9/1bd9c0da7d1c74f5,8,200,4412981,529.421,26419.490,167035
1787861774164,a75977ad-1a1c-59e7-6b95-2310da56e939,/p/2/554f8fd09a88230d,3,200,93518,76.157,768.770,121646
1787861770466,bf36b8a2-68a5-eaa3-8129-d4925f18fef6,/p/0/ac2b43e745e7df7e,5,200,252403,1531.955,4480.076,56339
1787861774600,24ec9911-b2f3-f43d-e8ab-5034432365d0,/p/0/118cb80e735349b,12,200,52123,58.418,388.490,134168
1787861769426,a39bb26c-5fbf-27e7-6053-fb106f68e15d,/p/0/75f57d23be62880a,7,200,221055,642.616,5571.681,39675
1787861748423,29a64f4e-3da9-e5fd-278e-990fb1e14314,/p/0/1bd9bfda7d1c7342,8,200,6050505,416.102,26762.308,226083
1787861774843,29a64f4e-3da9-e5fd-278e-990fb1e14314,/p/8/2cb3aa9c9d9cd8f1,9,200,164415,342.992,418.921,392472
1787861774843,29a64f4e-3da9-e5fd-278e-990fb1e14314,/p/0/2cb3a89c9d9cd58b,9,200,278345,342.826,459.668,605535
1787861761351,05e48497-844a-01f1-22bc-bb6f8a229f94,/p/0/5d40cd12cb42e7fb,2,200,5259801,359.140,14034.275,374783
1787861774933,a75977ad-1a1c-59e7-6b95-2310da56e939,/p/1/1fde1bfd73b11b44,4,200,12016,132.409,456.308,26333
1787861774427,24ec9911-b2f3-f43d-e8ab-5034432365d0,/p/0/e71f690e82ca662f,11,200,283841,63.949,1073.014,264527
1787861691872,ef2f5bc5-7600-3cf6-6a41-011cf47a1e9c,/p/0/aa7146f23b5a0525,6,200,6246832,88.528,83671.670,74659
1787861774521,24ec9911-b2f3-f43d-e8ab-5034432365d0,/p/0/118cc80e735364e,12,200,208143,102.610,1060.198,196325
1787861768899,704d14c1-a1c7-314f-fe26-d91b81c4b00c,/p/8/e52d3067137b7ba,3,200,3446765,3.088,6804.547,506538
1787861775262,29a64f4e-3da9-e5fd-278e-990fb1e14314,/p/0/967a6ce9e1acd889,10,200,43000,467.071,468.880,91708
1787861774521,24ec9911-b2f3-f43d-e8ab-5034432365d0,/p/8/118cd80e7353801,12,200,355955,56.312,1217.416,292386
1787861771397,511821f3-2da6-a5dc-feba-e7a13652bfec,/p/0/cdf30f819d07653,3,200,161403,451.485,4389.347,36772
1787861774933,a75977ad-1a1c-59e7-6b95-2310da56e939,/p/0/1fde1dfd73b11eaa,4,200,140969,132.523,868.690,162278
1787861775262,29a64f4e-3da9-e5fd-278e-990fb1e14314,/p/0/967a69e9e1acd370,10,200,176529,467.098,559.086,315746
1787861747658,c326abe4-a69c-1078-15d9-0de3a497f1dd,/p/0/2989251dd9d41cbd,2,200,3362520,323.474,28262.643,118974
1787861739303,075bb5b2-f73c-b1b6-16a6-a8aac3d8e10d,/p/0/e8cb2a8b5e86f3ab,1,200,5612000,33.015,36861.624,152245
1787861774843,29a64f4e-3da9-e5fd-278e-990fb1e14314,/p/0/2cb3a99c9d9cd73e,9,200,2683813,342.885,1340.835,2001599
1787861775703,704d14c1-a1c7-314f-fe26-d91b81c4b00c,/p/0/874de314b39112de,4,200,97266,43.491,629.799,154440
1787861747658,c326abe4-a69c-1078-15d9-0de3a497f1dd,/p/1/2989231dd9d41957,2,200,5184621,121.963,28743.811,180373
1787861770711,0528d7e3-d1df-a66d-5305-4bd79b81c1f4,/p/8/8c21e5092292ca79,2,200,78659,690.042,5742.172,13698
1787861758313,5c0dad1d-0e1a-eca2-a1f1-d89ad4b13a5e,/p/0/9f71cd907b200584,2,200,3745550,56.160,18174.025,206094
1787861757842,2cd9a0fd-a26b-f302-139e-84fe1695521e,/p/0/eda23a4ba0dc91bf,3,200,2649060,146.339,18712.112,141569
1787861761018,24ec9911-b2f3-f43d-e8ab-5034432365d0,/p/0/c9cadc861c81ea2f,8,200,5456976,75.823,15544.521,351055
1787861776402,c326abe4-a69c-1078-15d9-0de3a497f1dd,/p/0/729a069bfee2d2e5,3,200,234195,324.323,444.295,527116
1787861776402,c326abe4-a69c-1078-15d9-0de3a497f1dd,/p/0/729a049bfee2cf7f,3,200,414471,1.272,596.005,695415
1787861775738,24ec9911-b2f3-f43d-e8ab-5034432365d0,/p/7/b20dd86f4b995c86,13,200,376519,63.062,1312.070,286966
1787861775739,24ec9911-b2f3-f43d-e8ab-5034432365d0,/p/0/b20dd96f4b995e39,13,200,361013,56.974,1410.728,255906
1787861776402,c326abe4-a69c-1078-15d9-0de3a497f1dd,/p/0/729a059bfee2d132,3,200,2425787,3.886,784.048,3093927
1787861775738,24ec9911-b2f3-f43d-e8ab-5034432365d0,/p/0/b20dd66f4b995920,13,200,427048,57.177,1686.096,253276
1787861775262,29a64f4e-3da9-e5fd-278e-990fb1e14314,/p/7/967a6ae9e1acd523,10,200,2173728,466.791,2209.826,983665
1787861775389,a75977ad-1a1c-59e7-6b95-2310da56e939,/p/0/8342ac8cd63c2a06,5,200,214017,155.761,2260.083,94694
1787861718618,f66d792e-951f-ab3b-318a-520d402d8530,/p/0/7318f8849d65bee4,1,200,2156022,145.875,59149.922,36450
1787861774933,a75977ad-1a1c-59e7-6b95-2310da56e939,/p/0/1fde1cfd73b11cf7,4,200,358068,132.400,3395.573,105451
1787861777050,24ec9911-b2f3-f43d-e8ab-5034432365d0,/p/6/feeb6027e01f9004,14,200,481627,81.964,1507.025,319588
1787861775703,704d14c1-a1c7-314f-fe26-d91b81c4b00c,/p/0/874de214b391112b,4,200,391909,43.443,2881.459,136011
1787861777050,24ec9911-b2f3-f43d-e8ab-5034432365d0,/p/0/feeb6127e01f91b7,14,200,462588,69.705,1548.437,298745
1787861758555,075bb5b2-f73c-b1b6-16a6-a8aac3d8e10d,/p/0/28874320bc94f9e2,3,200,2926335,213.136,20138.579,145310
1787861775389,a75977ad-1a1c-59e7-6b95-2310da56e939,/p/0/8342ad8cd63c2bb9,5,200,348138,168.973,3453.292,100813
1787861771397,511821f3-2da6-a5dc-feba-e7a13652bfec,/p/0/cdf2ff819d074a0,3,200,463218,530.042,7829.796,59161
1787861769426,a39bb26c-5fbf-27e7-6053-fb106f68e15d,/p/0/75f57e23be6289bd,7,200,384715,358.924,9935.330,38722
1787861771397,511821f3-2da6-a5dc-feba-e7a13652bfec,/p/0/cdf31f819d07806,3,200,472704,451.632,8056.446,58674
1787861746143,e8623d64-28fe-07e6-f237-3df27f9381e3,/p/0/66a13eb038842427,2,200,50003,3742.895,33678.509,1485
1787861775802,a75977ad-1a1c-59e7-6b95-2310da56e939,/p/0/8342ab8cd63c2853,5,200,506843,127.673,4334.185,116941
1787861758313,5c0dad1d-0e1a-eca2-a1f1-d89ad4b13a5e,/p/2/9f71cf907b2008ea,2,200,5152173,98.816,21826.896,236047
1787861764862,e7219492-91c7-173b-87f0-f984c416af04,/p/0/dce48c4d96a127a3,12,200,4732978,135.326,15773.001,300068
1787861764165,db78ba94-0262-a6f8-29ec-d9f4736c8efe,/p/0/35d8bc96ecf2fdfc,4,200,5166282,211.871,16479.088,313505
1787861778557,24ec9911-b2f3-f43d-e8ab-5034432365d0,/p/0/11f61bc945fccb99,15,200,345497,58.396,2265.504,152503
1787861760044,99d61f44-b025-57d8-5d2c-3a892dd7a452,/p/0/644df009a0d7a183,5,200,2768163,177.652,20859.867,132703
1787861777472,29a64f4e-3da9-e5fd-278e-990fb1e14314,/p/6/85390c430f9b720c,11,200,285284,162.418,3514.987,81162
1787861778558,24ec9911-b2f3-f43d-e8ab-5034432365d0,/p/5/11f619c945fcc833,15,200,429474,64.120,2454.135,175000
1787861780140,5c0dad1d-0e1a-eca2-a1f1-d89ad4b13a5e,/p/0/1af51d7055dfca43,3,200,168463,136.600,1087.983,154840
1787861767581,a78a54d7-ad44-14fa-b111-eb6efb5a6456,/p/1/9da295ec8dfaf9d4,3,200,6252969,250.395,14078.294,444157
1787861769426,a39bb26c-5fbf-27e7-6053-fb106f68e15d,/p/0/75f57c23be628657,7,200,453866,454.364,12271.293,36986
1787861781660,a78a54d7-ad44-14fa-b111-eb6efb5a6456,/p/0/cd386c9def4d7db0,4,200,73891,101.193,480.817,153678
1787861756567,99d61f44-b025-57d8-5d2c-3a892dd7a452,/p/0/2f731fae38cb0534,3,200,3591262,203.560,25591.979,140328
1787861780140,5c0dad1d-0e1a-eca2-a1f1-d89ad4b13a5e,/p/1/1af51f7055dfcda9,3,200,510959,23.740,2204.332,231798
1787861780140,5c0dad1d-0e1a-eca2-a1f1-d89ad4b13a5e,/p/0/1af51e7055dfcbf6,3,200,459150,80.384,2245.462,204479
1787861774164,a75977ad-1a1c-59e7-6b95-2310da56e939,/p/0/554f8dd09a881fa7,3,0,1375575,165.893,8372.219,164302
1787861774164,a75977ad-1a1c-59e7-6b95-2310da56e939,/p/0/554f8ed09a88215a,3,0,1481495,345.909,8372.183,176954
1787861781012,24ec9911-b2f3-f43d-e8ab-5034432365d0,/p/0/c886a0719c7af05e,16,200,279944,75.338,1538.638,181943
1787861782345,5c0dad1d-0e1a-eca2-a1f1-d89ad4b13a5e,/p/0/cb3f1ac4012a19e0,4,200,47715,54.991,315.307,151329
1787861755559,075bb5b2-f73c-b1b6-16a6-a8aac3d8e10d,/p/0/678db0c1b2fd053d,2,200,5285130,197.255,27444.213,192577
1787861757263,99d61f44-b025-57d8-5d2c-3a892dd7a452,/p/0/c9777ab43db0d0b5,4,200,4064564,163.285,25876.266,157077
1787861763841,46db7605-dfc0-6150-e651-9c9fa71a6e4c,/p/0/da9e2454f1b956a9,4,200,2423467,192.470,19429.949,124728
1787861756327,1faaaf63-992c-698a-4522-662c899004ef,/p/0/f38c90f21d08072,5,200,2264612,269.483,26964.975,83983
1787861781660,a78a54d7-ad44-14fa-b111-eb6efb5a6456,/p/0/cd386e9def4d8116,4,200,198013,153.224,1722.981,114925
1787861781660,a78a54d7-ad44-14fa-b111-eb6efb5a6456,/p/0/cd386d9def4d7f63,4,200,294251,49.434,2008.579,146497
1787861753445,2cd9a0fd-a26b-f302-139e-84fe1695521e,/p/0/6ebaf7417535d854,1,200,6017165,27.826,30385.398,198028
1787861763204,46db7605-dfc0-6150-e651-9c9fa71a6e4c,/p/0/ed96be7577e88f74,3,200,3727634,75.580,21017.204,177361
1787861780987,29a64f4e-3da9-e5fd-278e-990fb1e14314,/p/0/bc0b9e79f38e1a93,12,200,166811,275.795,3279.313,50868
1787861744828,e8623d64-28fe-07e6-f237-3df27f9381e3,/p/0/36748001b0f2cbf7,1,200,265532,1.925,39549.181,6714
1787861759850,1faaaf63-992c-698a-4522-662c899004ef,/p/0/856512de2ad2b4b1,6,200,3090335,306.686,24879.950,124210
1787861757842,2cd9a0fd-a26b-f302-139e-84fe1695521e,/p/0/eda23b4ba0dc9372,3,200,5264055,161.411,26900.948,195683
1787861763841,46db7605-dfc0-6150-e651-9c9fa71a6e4c,/p/0/da9e2354f1b954f6,4,200,4212683,130.214,21059.463,200038
1787861763204,46db7605-dfc0-6150-e651-9c9fa71a6e4c,/p/0/ed96c17577e8948d,3,200,5398600,24.052,22058.899,244736
1787861728083,a39bb26c-5fbf-27e7-6053-fb106f68e15d,/p/0/78ab2d9d0b15192f,1,200,3400763,231.519,57264.293,59387
1787861760909,14a0d658-c8ad-8e29-eddd-450d22f88b50,/p/0/b310b9a618d9a47b,3,200,3457378,259.156,24695.906,139998
1787861758459,14a0d658-c8ad-8e29-eddd-450d22f88b50,/p/0/7c3583e8f321f08a,1,200,5711730,217.338,27505.291,207659
1787861748720,faaca8c9-c1d6-1c07-ad40-251e22db0d72,/p/0/ec3cc93456763f80,4,200,3437169,256.731,37273.849,92214
1787861780987,29a64f4e-3da9-e5fd-278e-990fb1e14314,/p/5/bc0ba079f38e1df9,12,200,269749,329.359,5407.918,49880
1787861770711,0528d7e3-d1df-a66d-5305-4bd79b81c1f4,/p/0/8c21e4092292c8c6,2,200,130526,2481.645,15871.655,8224
1787861748720,faaca8c9-c1d6-1c07-ad40-251e22db0d72,/p/0/ec3ccc3456764499,4,200,4450159,282.573,37975.406,117185
1787861743819,6eec3580-fa4c-009f-7463-73efc3ce3ef5,/p/0/145268fcc167cc93,6,200,4710919,337.732,43044.410,109443
1787861727704,6eec3580-fa4c-009f-7463-73efc3ce3ef5,/p/0/1e4d62712d875576,2,200,5708383,150.255,59230.157,96376
1787861743224,6eec3580-fa4c-009f-7463-73efc3ce3ef5,/p/0/69bd5554fffb17b8,5,200,4880149,291.408,44484.103,109705
1787861767372,bf36b8a2-68a5-eaa3-8129-d4925f18fef6,/p/0/ac2b41e745e7dc18,5,200,2345185,216.617,20492.691,114440
1787861775703,704d14c1-a1c7-314f-fe26-d91b81c4b00c,/p/7/874de114b3910f78,4,200,3940336,127.591,12808.176,307642
1787861750059,1faaaf63-992c-698a-4522-662c899004ef,/p/0/56e095130ae71cb8,3,200,4202583,306.526,39750.861,105723
1787861777050,24ec9911-b2f3-f43d-e8ab-5034432365d0,/p/0/feeb6227e01f936a,14,200,3172360,75.393,12966.909,244650
1787861788512,704d14c1-a1c7-314f-fe26-d91b81c4b00c,/p/6/c2b4502993429e94,5,200,171400,169.027,1854.919,92403
1787861788512,704d14c1-a1c7-314f-fe26-d91b81c4b00c,/p/0/c2b451299342a047,5,200,159304,211.719,1918.555,83033
1787861762493,511821f3-2da6-a5dc-feba-e7a13652bfec,/p/0/2fe1ad716aeb93d7,2,200,3182487,374.810,28470.181,111783
1787861786395,29a64f4e-3da9-e5fd-278e-990fb1e14314,/p/4/6bb43716e2ebc1d0,13,200,204811,305.221,4802.995,42642
1787861786395,29a64f4e-3da9-e5fd-278e-990fb1e14314,/p/0/6bb43816e2ebc383,13,200,177686,276.682,5027.453,35343
1787861788512,704d14c1-a1c7-314f-fe26-d91b81c4b00c,/p/0/c2b452299342a1fa,5,200,323923,42.371,2947.347,109903
1787861753582,faaca8c9-c1d6-1c07-ad40-251e22db0d72,/p/4/c36b7bf19da99eb7,5,200,4340821,284.624,37900.654,114532
1787861763944,bf36b8a2-68a5-eaa3-8129-d4925f18fef6,/p/0/e2f49d65dcb5,4,200,3239080,379.704,27538.643,117619
1787861790367,704d14c1-a1c7-314f-fe26-d91b81c4b00c,/p/5/61c5226bb163235,6,200,186636,582.609,1724.730,108212
1787861778558,24ec9911-b2f3-f43d-e8ab-5034432365d0,/p/0/11f618c945fcc680,15,200,3470891,64.208,13734.765,252708
1787861740651,bf36b8a2-68a5-eaa3-8129-d4925f18fef6,/p/0/37ff8d2443cf43b8,2,200,6248063,1030.609,51918.720,120343
1787861781012,24ec9911-b2f3-f43d-e8ab-5034432365d0,/p/4/c886a1719c7af211,16,200,3036129,58.678,11918.706,254736
1787861791482,faaca8c9-c1d6-1c07-ad40-251e22db0d72,/p/0/4764d04c858dccab,6,200,111713,184.190,1593.589,70102
1787861792091,704d14c1-a1c7-314f-fe26-d91b81c4b00c,/p/0/280448d738ab651d,7,200,67510,272.784,1073.122,62910
1787861791198,29a64f4e-3da9-e5fd-278e-990fb1e14314,/p/3/27875830e53cfa66,14,200,105329,506.267,1966.545,53560
1787861740684,b8635a67-275b-87ec-7bbb-a60c5f4f7f0a,/p/0/a30a2da41c57dafd,1,200,2698993,72.928,52694.260,51220
1787861781012,24ec9911-b2f3-f43d-e8ab-5034432365d0,/p/0/c8869f719c7aeeab,16,200,3627434,58.707,12389.844,292775
1787861792930,24ec9911-b2f3-f43d-e8ab-5034432365d0,/p/0/c259fbf68631b312,17,200,242765,57.889,835.568,290539
1787861792091,704d14c1-a1c7-314f-fe26-d91b81c4b00c,/p/0/280445d738ab6004,7,200,125962,294.174,2125.554,59261
1787861790367,704d14c1-a1c7-314f-fe26-d91b81c4b00c,/p/0/61c5026bb162ecf,6,200,287313,603.462,3871.082,74220
1787861754950,64e8cd20-1bf4-cebe-8cc7-fe3eb5083c1d,/p/12/d138f8f4efc10e9a,2,200,4379563,344.280,39353.691,111287
1787861793165,29a64f4e-3da9-e5fd-278e-990fb1e14314,/p/0/27875630e53cf700,14,200,43948,302.610,1209.289,36342
1787861792930,24ec9911-b2f3-f43d-e8ab-5034432365d0,/p/0/c259faf68631b15f,17,200,508018,57.824,1451.500,349995
1787861782345,5c0dad1d-0e1a-eca2-a1f1-d89ad4b13a5e,/p/0/cb3f1cc4012a1d46,4,200,4084217,112.252,12433.541,328484
1787861782345,5c0dad1d-0e1a-eca2-a1f1-d89ad4b13a5e,/p/0/cb3f1dc4012a1ef9,4,200,4914731,69.523,12556.645,391405
1787861790367,704d14c1-a1c7-314f-fe26-d91b81c4b00c,/p/0/61c5126bb163082,6,200,392654,582.676,4624.887,84900
1787861774427,24ec9911-b2f3-f43d-e8ab-5034432365d0,/p/0/e71f6a0e82ca67e2,11,200,6096392,57.322,20867.135,292153
1787861765083,641a18cf-732c-df86-431f-313eb2170fd3,/p/7/ac93a399a7283efc,1,200,4249724,185.370,30554.502,139087
1787861794303,64e8cd20-1bf4-cebe-8cc7-fe3eb5083c1d,/p/11/8bdf5e9f19e4112a,3,200,111476,239.722,1509.954,73827
1787861752592,1faaaf63-992c-698a-4522-662c899004ef,/p/0/d73dd5c48d239574,4,200,5061432,248.837,43578.517,116145
1787861765083,641a18cf-732c-df86-431f-313eb2170fd3,/p/0/ac93a599a7284262,1,200,4813512,33.971,32044.441,150214
1787861791423,29a64f4e-3da9-e5fd-278e-990fb1e14314,/p/0/27875930e53cfc19,14,200,274876,307.879,6478.803,42427
1787861794374,29a64f4e-3da9-e5fd-278e-990fb1e14314,/p/2/d3f74a95742b597b,15,200,159244,313.169,4167.056,38215
1787861792930,24ec9911-b2f3-f43d-e8ab-5034432365d0,/p/3/c259f9f68631afac,17,200,5622392,63.409,5834.633,963624
1787861798765,24ec9911-b2f3-f43d-e8ab-5034432365d0,/p/2/54a6f44c7c5a8e95,18,200,9589,11.960,18.149,528344
1787861798783,24ec9911-b2f3-f43d-e8ab-5034432365d0,/p/0/dfbbd5302b8196a9,19,200,170975,58.334,711.899,240167
1787861795638,641a18cf-732c-df86-431f-313eb2170fd3,/p/6/816850972d6c3ecd,2,200,382103,199.011,4021.496,95015
1787861798765,24ec9911-b2f3-f43d-e8ab-5034432365d0,/p/0/54a6f34c7c5a8ce2,18,200,346233,23.778,978.969,353671
1787861798783,24ec9911-b2f3-f43d-e8ab-5034432365d0,/p/0/dfbbd2302b819190,19,200,260903,58.303,1026.212,254239
1787861795637,641a18cf-732c-df86-431f-313eb2170fd3,/p/0/81684e972d6c3b67,2,200,484621,163.884,4783.682,101307
1787861795638,641a18cf-732c-df86-431f-313eb2170fd3,/p/0/81684f972d6c3d1a,2,200,483999,199.004,5114.186,94639
1787861752592,1faaaf63-992c-698a-4522-662c899004ef,/p/0/d73dd8c48d239a8d,4,200,5963377,323.615,48395.650,123221
1787861799659,641a18cf-732c-df86-431f-313eb2170fd3,/p/0/79a8317a1bee1dce,3,200,107703,201.561,1526.933,70535
1787861798541,29a64f4e-3da9-e5fd-278e-990fb1e14314,/p/0/d3f74c95742b5ce1,15,200,178106,279.019,3958.614,44992
1787861758896,bd9871e6-b1c1-bcbc-86af-5893fe3b4cb6,/p/0/feabed8bea0942df,1,200,5124895,179.003,43654.586,117396
1787861762788,bd9871e6-b1c1-bcbc-86af-5893fe3b4cb6,/p/0/662004c14108eaad,3,200,4650365,379.617,39814.971,116799
1787861799659,641a18cf-732c-df86-431f-313eb2170fd3,/p/5/79a8327a1bee1f81,3,200,321803,185.345,3084.898,104316
1787861750933,64e8cd20-1bf4-cebe-8cc7-fe3eb5083c1d,/p/0/3ffdfaf73bc33875,1,200,5565016,213.741,52441.032,106119
1787861799659,641a18cf-732c-df86-431f-313eb2170fd3,/p/0/79a8307a1bee1c1b,3,200,504722,185.365,4712.968,107092
1787861798783,24ec9911-b2f3-f43d-e8ab-5034432365d0,/p/1/dfbbd3302b819343,19,200,3804729,63.917,6459.226,589038
1787861763411,5d7c934a-ba16-892b-3c8e-8857ce3f8d14,/p/0/58568ed59b964e07,3,200,2695042,76.838,41999.326,64169
1787861802744,641a18cf-732c-df86-431f-313eb2170fd3,/p/0/e1ed31ceba5a2456,4,200,276065,185.671,2758.757,100069
1787861802744,641a18cf-732c-df86-431f-313eb2170fd3,/p/0/e1ed30ceba5a22a3,4,200,244894,202.229,2790.167,87770
1787861802744,641a18cf-732c-df86-431f-313eb2170fd3,/p/4/e1ed32ceba5a2609,4,200,405406,168.232,3428.016,118263
1787861805243,24ec9911-b2f3-f43d-e8ab-5034432365d0,/p/0/425fa570002d8ea4,20,200,307515,70.729,1052.683,292125
1787861805243,24ec9911-b2f3-f43d-e8ab-5034432365d0,/p/0/425fa870002d93bd,20,200,299413,59.977,1088.551,275057
1787861806172,641a18cf-732c-df86-431f-313eb2170fd3,/p/0/33cce79bce1e7124,5,200,52425,167.144,583.092,89909
1787861798765,24ec9911-b2f3-f43d-e8ab-5034432365d0,/p/0/54a6f24c7c5a8b2f,18,200,4793594,11.982,8488.884,564691
1787861777472,29a64f4e-3da9-e5fd-278e-990fb1e14314,/p/0/85390d430f9b73bf,11,0,1605659,162.395,30063.974,53408
1787861797901,29a64f4e-3da9-e5fd-278e-990fb1e14314,/p/0/d3f74995742b57c8,15,0,378290,306.191,9634.706,39263
1787861786395,29a64f4e-3da9-e5fd-278e-990fb1e14314,/p/0/6bb43916e2ebc536,13,0,941355,333.708,21141.049,44527
1787861777472,29a64f4e-3da9-e5fd-278e-990fb1e14314,/p/0/85390e430f9b7572,11,0,1548507,217.486,30064.050,51507
1787861780987,29a64f4e-3da9-e5fd-278e-990fb1e14314,/p/0/bc0b9f79f38e1c46,12,0,1211883,384.976,26549.004,45647
1787861802500,29a64f4e-3da9-e5fd-278e-990fb1e14314,/p/1/21b244c5300fd3d0,16,0,197753,326.224,5036.509,39264
1787861806172,641a18cf-732c-df86-431f-313eb2170fd3,/p/0/33ccea9bce1e763d,5,200,298613,184.297,2955.297,101043
1787861803374,64e8cd20-1bf4-cebe-8cc7-fe3eb5083c1d,/p/0/5997555f19a66208,4,200,343551,194.975,6477.241,53040
1787861805243,24ec9911-b2f3-f43d-e8ab-5034432365d0,/p/0/425fa770002d920a,20,200,4548607,70.976,4719.275,963836
1787861806172,641a18cf-732c-df86-431f-313eb2170fd3,/p/3/33cce89bce1e72d7,5,200,521929,184.204,4250.710,122786
1787861765083,641a18cf-732c-df86-431f-313eb2170fd3,/p/0/ac93a499a72840af,1,200,6091842,167.727,45786.950,133048
1787861750934,64e8cd20-1bf4-cebe-8cc7-fe3eb5083c1d,/p/0/3ffdf7f73bc3335c,1,200,5648647,194.548,60084.798,94011
1787861810423,641a18cf-732c-df86-431f-313eb2170fd3,/p/0/910e4b4cf2886c21,6,200,53794,193.927,650.248,82728
1787861792091,704d14c1-a1c7-314f-fe26-d91b81c4b00c,/p/4/280446d738ab61b7,7,200,6212534,251.853,20040.509,309999
1787861810423,641a18cf-732c-df86-431f-313eb2170fd3,/p/2/910e4a4cf2886a6e,6,200,366900,193.925,2120.228,173047
1787861810423,641a18cf-732c-df86-431f-313eb2170fd3,/p/0/910e484cf2886708,6,200,394209,211.767,2155.548,182881
1787861812132,704d14c1-a1c7-314f-fe26-d91b81c4b00c,/p/0/ddc6b2dd7594b7e9,8,200,131080,42.421,996.154,131586
1787861812132,704d14c1-a1c7-314f-fe26-d91b81c4b00c,/p/3/ddc6b1dd7594b636,8,200,97192,105.249,1143.292,85011
1787861761654,b8635a67-275b-87ec-7bbb-a60c5f4f7f0a,/p/0/8b76cd69e788ae44,5,200,3967519,392.353,52033.539,76249
1787861812543,641a18cf-732c-df86-431f-313eb2170fd3,/p/0/626e12581cfbbfc7,7,200,353618,52.003,2071.224,170729
1787861812543,641a18cf-732c-df86-431f-313eb2170fd3,/p/1/626e11581cfbbe14,7,200,336235,52.070,2205.677,152441
1787861814749,641a18cf-732c-df86-431f-313eb2170fd3,/p/0/d1eb14aa3be55961,8,200,40079,183.367,467.514,85728
1787861814749,641a18cf-732c-df86-431f-313eb2170fd3,/p/0/d1eb11aa3be55448,8,200,129740,166.068,935.761,138647
1787861812543,641a18cf-732c-df86-431f-313eb2170fd3,/p/0/626e13581cfbc17a,7,200,396075,177.320,3159.190,125372
1787861813275,704d14c1-a1c7-314f-fe26-d91b81c4b00c,/p/0/a492e05ef4425c6c,9,200,169360,231.227,2534.075,66833
1787861814749,641a18cf-732c-df86-431f-313eb2170fd3,/p/0/d1eb13aa3be557ae,8,200,294827,166.094,1425.501,206823
1787861776453,0528d7e3-d1df-a66d-5305-4bd79b81c1f4,/p/0/e45afacffcd918ad,3,200,497055,1823.196,39924.718,12450
1787861791483,faaca8c9-c1d6-1c07-ad40-251e22db0d72,/p/0/4764d14c858dce5e,6,0,3316651,52.608,25053.827,132381
1787861791482,faaca8c9-c1d6-1c07-ad40-251e22db0d72,/p/3/4764d24c858dd011,6,0,3536666,52.759,25053.962,141162
1787861795813,64e8cd20-1bf4-cebe-8cc7-fe3eb5083c1d,/p/10/5997575f19a6656e,4,200,2267557,220.418,21941.396,103346
1787861763411,5d7c934a-ba16-892b-3c8e-8857ce3f8d14,/p/0/585690d59b96516d,3,200,5660905,229.943,55794.904,101459
1787861763412,5d7c934a-ba16-892b-3c8e-8857ce3f8d14,/p/0/58568fd59b964fba,3,200,5716852,191.612,55886.327,102294
1787861794303,64e8cd20-1bf4-cebe-8cc7-fe3eb5083c1d,/p/0/8bdf5c9f19e40dc4,3,200,3947708,199.384,26030.230,151659
1787861748211,b8635a67-275b-87ec-7bbb-a60c5f4f7f0a,/p/0/793bb50ec440c3ad,3,200,6139184,362.223,73271.198,83787
1787861817755,64e8cd20-1bf4-cebe-8cc7-fe3eb5083c1d,/p/9/b252eb92e2aa1506,5,200,226442,654.198,4731.657,47857
1787861817755,64e8cd20-1bf4-cebe-8cc7-fe3eb5083c1d,/p/0/b252e992e2aa11a0,5,200,319307,625.611,6372.090,50110
1787861824127,64e8cd20-1bf4-cebe-8cc7-fe3eb5083c1d,/p/0/b0ea07578ad70844,6,200,67686,217.956,1196.959,56548
1787861822487,64e8cd20-1bf4-cebe-8cc7-fe3eb5083c1d,/p/0/b0ea0a578ad70d5d,6,200,268572,220.405,4396.143,61093
1787861822487,64e8cd20-1bf4-cebe-8cc7-fe3eb5083c1d,/p/8/b0ea09578ad70baa,6,200,253817,261.068,4793.655,52949
1787861827280,64e8cd20-1bf4-cebe-8cc7-fe3eb5083c1d,/p/7/a849f09ec09287d0,7,200,53879,221.464,1382.780,38964
1787861827280,64e8cd20-1bf4-cebe-8cc7-fe3eb5083c1d,/p/0/a849f19ec0928983,7,200,211661,221.424,2998.578,70587
1787861830279,64e8cd20-1bf4-cebe-8cc7-fe3eb5083c1d,/p/0/83cb1e29469e3406,8,200,19704,220.090,602.086,32726
1787861827280,64e8cd20-1bf4-cebe-8cc7-fe3eb5083c1d,/p/0/a849f29ec0928b36,7,200,297894,241.090,5170.754,57611
1787861795813,64e8cd20-1bf4-cebe-8cc7-fe3eb5083c1d,/p/0/5997585f19a66721,4,200,4176512,239.691,36950.931,113029
1787861776453,0528d7e3-d1df-a66d-5305-4bd79b81c1f4,/p/7/e45af8cffcd91547,3,200,3059730,3196.869,59664.293,51282
1787861836117,0528d7e3-d1df-a66d-5305-4bd79b81c1f4,/p/0/ca9d7b7dd5c0fb37,4,200,69828,201.852,984.436,70932
1787861836117,0528d7e3-d1df-a66d-5305-4bd79b81c1f4,/p/0/ca9d7c7dd5c0fcea,4,200,66152,201.786,1057.683,62544
1787861759805,a39bb26c-5fbf-27e7-6053-fb106f68e15d,/p/0/e0ca404e0b1d06b1,6,0,3695963,462.743,78597.071,47024
1787861733013,a39bb26c-5fbf-27e7-6053-fb106f68e15d,/p/0/f7f616104ebdec4c,2,0,4894607,426.848,105388.366,46444
1787861836117,0528d7e3-d1df-a66d-5305-4bd79b81c1f4,/p/6/ca9d7d7dd5c0fe9d,4,200,275783,183.349,2497.066,110443
1787861838615,0528d7e3-d1df-a66d-5305-4bd79b81c1f4,/p/0/7bd7b2ae4a82e0e8,5,200,237874,202.983,3862.914,61579
1787861838615,0528d7e3-d1df-a66d-5305-4bd79b81c1f4,/p/0/7bd7b5ae4a82e601,5,200,238401,183.816,3975.972,59960
1787861794303,64e8cd20-1bf4-cebe-8cc7-fe3eb5083c1d,/p/0/8bdf5f9f19e412dd,3,200,4956344,219.505,49362.126,100408
1787861813275,704d14c1-a1c7-314f-fe26-d91b81c4b00c,/p/2/a492e25ef4425fd2,9,200,4490885,210.105,33155.816,135448
1787861812132,704d14c1-a1c7-314f-fe26-d91b81c4b00c,/p/0/ddc6afdd7594b2d0,8,200,4913131,42.518,36449.264,134794
1787861817755,64e8cd20-1bf4-cebe-8cc7-fe3eb5083c1d,/p/0/b252ec92e2aa16b9,5,200,2393765,598.925,31220.390,76673
1787861846431,704d14c1-a1c7-314f-fe26-d91b81c4b00c,/p/1/5eedfe7793e9fa0d,10,200,254980,210.680,3782.530,67410
1787861846431,704d14c1-a1c7-314f-fe26-d91b81c4b00c,/p/0/5eedfc7793e9f6a7,10,200,392185,231.907,5725.491,68498
1787861850214,704d14c1-a1c7-314f-fe26-d91b81c4b00c,/p/0/c3e6d7c380843d98,11,200,117828,210.911,2924.858,40285
1787861828663,64e8cd20-1bf4-cebe-8cc7-fe3eb5083c1d,/p/6/83cb1f29469e35b9,8,200,2737277,263.175,24808.496,110336
1787861747616,0e5214e9-ffe9-b4f0-107f-30de4c94aea4,/p/0/e540d53f767a1e03,1,0,4733011,234.309,105921.469,44684
1787861853472,64e8cd20-1bf4-cebe-8cc7-fe3eb5083c1d,/p/0/85eb37e46b4f92b6,9,200,126275,239.247,1697.730,74379
1787861853472,64e8cd20-1bf4-cebe-8cc7-fe3eb5083c1d,/p/5/85eb35e46b4f8f50,9,200,288490,198.912,2620.542,110088
1787861850214,704d14c1-a1c7-314f-fe26-d91b81c4b00c,/p/0/c3e6d8c380843f4b,11,200,375494,210.934,6994.895,53681
1787861850214,704d14c1-a1c7-314f-fe26-d91b81c4b00c,/p/0/c3e6dac3808442b1,11,200,407458,337.982,7058.050,57730
1787861853472,64e8cd20-1bf4-cebe-8cc7-fe3eb5083c1d,/p/0/85eb36e46b4f9103,9,200,453185,198.941,4898.816,92509
1787861813275,704d14c1-a1c7-314f-fe26-d91b81c4b00c,/p/0/a492e35ef4426185,9,200,5702476,231.184,46284.218,123206
1787861746142,e8623d64-28fe-07e6-f237-3df27f9381e3,/p/0/66a13fb0388425da,2,0,1391723,372.218,114394.449,12166
1787861746142,e8623d64-28fe-07e6-f237-3df27f9381e3,/p/3/66a13db038842274,2,0,1545983,3324.282,114394.436,13514
1787861856092,64e8cd20-1bf4-cebe-8cc7-fe3eb5083c1d,/p/0/35cfad0342ca05be,10,200,503817,197.222,6287.090,80135
1787861856092,64e8cd20-1bf4-cebe-8cc7-fe3eb5083c1d,/p/4/35cfab0342ca0258,10,200,522521,216.982,6629.700,78815
1787861862722,64e8cd20-1bf4-cebe-8cc7-fe3eb5083c1d,/p/0/e9dd1ca4d7f4511,11,200,22048,198.163,476.684,46253
1787861862722,64e8cd20-1bf4-cebe-8cc7-fe3eb5083c1d,/p/0/e9dceca4d7f3ff8,11,200,72794,216.931,1116.648,65190
1787861846431,704d14c1-a1c7-314f-fe26-d91b81c4b00c,/p/0/5eedfd7793e9f85a,10,200,2747194,252.409,17916.044,153337
1787861862722,64e8cd20-1bf4-cebe-8cc7-fe3eb5083c1d,/p/3/e9dcfca4d7f41ab,11,200,435668,216.969,3966.177,109846
1787861856092,64e8cd20-1bf4-cebe-8cc7-fe3eb5083c1d,/p/0/35cfac0342ca040b,10,0,1260651,217.011,14443.806,87280
1787861830881,64e8cd20-1bf4-cebe-8cc7-fe3eb5083c1d,/p/0/83cb1d29469e3253,8,0,4145283,199.278,39655.026,104534
1787861866688,64e8cd20-1bf4-cebe-8cc7-fe3eb5083c1d,/p/2/887e183e3e43a698,12,0,231071,216.973,3847.896,60051
1787861866688,64e8cd20-1bf4-cebe-8cc7-fe3eb5083c1d,/p/0/887e1a3e3e43a9fe,12,0,198583,236.262,3847.951,51607
1787861866688,64e8cd20-1bf4-cebe-8cc7-fe3eb5083c1d,/p/0/887e193e3e43a84b,12,0,239455,197.032,3847.890,62230
1787861776453,0528d7e3-d1df-a66d-5305-4bd79b81c1f4,/p/0/e45af7cffcd91394,3,0,4108603,3477.520,97083.128,42320
1787861770711,0528d7e3-d1df-a66d-5305-4bd79b81c1f4,/p/0/8c21e3092292c713,2,0,4492107,278.472,102825.564,43687
1787861838615,0528d7e3-d1df-a66d-5305-4bd79b81c1f4,/p/5/7bd7b4ae4a82e44e,5,0,708138,202.999,34921.755,20278
