t_start_ms,client,path,depth,status,bytes,ttfb_ms,total_ms,bytes_per_s
1787797878099,f7c998b3-5110-ead8-1c5b-78722c3cdddc,/?crawl=1,0,200,130631,24.564,207.021,631003
1787797878099,69e3f629-204b-a521-d46c-17022bb9325b,/?crawl=0,0,200,77496,41.164,214.961,360511
1787797878306,f7c998b3-5110-ead8-1c5b-78722c3cdddc,/p/0/c1831b13a860efab,1,200,161416,23.491,734.105,219881
1787797878306,f7c998b3-5110-ead8-1c5b-78722c3cdddc,/p/0/c1831c13a860f15e,1,200,168081,23.546,778.035,216033
1787797879100,5684ed70-3a5c-de0c-dcb0-2554388d8f92,/?crawl=3,0,200,31579,77.961,155.396,203216
1787797878306,f7c998b3-5110-ead8-1c5b-78722c3cdddc,/p/2/c1831a13a860edf8,1,200,433881,45.365,1195.491,362931
1787797879501,f7c998b3-5110-ead8-1c5b-78722c3cdddc,/p/1/5fcac809968a6e57,2,200,67849,67.637,389.189,174334
1787797878314,69e3f629-204b-a521-d46c-17022bb9325b,/p/0/54ed71713cfbe771,1,200,427058,39.696,2682.715,159189
1787797878314,69e3f629-204b-a521-d46c-17022bb9325b,/p/3/54ed6f713cfbe40b,1,200,516880,173.958,2703.465,191192
1787797879100,160edf7b-27b2-08e1-9481-79abb2597327,/?crawl=4,0,200,454023,78.789,2456.534,184823
1787797881556,160edf7b-27b2-08e1-9481-79abb2597327,/p/0/a296c3e78f67baa4,1,200,23959,76.230,193.207,124007
1787797881099,a8b2b5fb-0a9c-cb0f-869a-18420532160a,/?crawl=5,0,200,269150,81.069,1488.135,180864
1787797878314,69e3f629-204b-a521-d46c-17022bb9325b,/p/0/54ed6e713cfbe258,1,200,2899325,155.391,4715.612,614835
1787797879501,f7c998b3-5110-ead8-1c5b-78722c3cdddc,/p/0/5fcaca09968a71bd,2,200,492654,101.473,3826.360,128753
1787797881556,160edf7b-27b2-08e1-9481-79abb2597327,/p/1/a296c4e78f67bc57,1,200,149775,308.325,1876.787,79804
1787797881099,b96efb17-8f22-c0c4-3f5a-a16c633c9583,/?crawl=6,0,200,2255104,18.819,2469.140,913315
1787797883568,b96efb17-8f22-c0c4-3f5a-a16c633c9583,/p/0/c96b6da2b89da517,1,200,96205,16.752,246.113,390897
1787797883568,b96efb17-8f22-c0c4-3f5a-a16c633c9583,/p/0/c96b6ea2b89da6ca,1,200,458169,16.719,1200.457,381662
1787797882587,a8b2b5fb-0a9c-cb0f-869a-18420532160a,/p/0/f2c7189faccc9aa,1,200,243857,315.667,4391.370,55531
1787797887099,0e9c7adf-4183-9989-0e3b-d0c05cb8a59f,/?crawl=12,0,200,9605,45.781,67.278,142766
1787797883568,b96efb17-8f22-c0c4-3f5a-a16c633c9583,/p/0/c96b6fa2b89da87d,1,200,3156772,66.607,4088.788,772056
1787797888099,878ce734-4f6d-dfdc-5416-cb0f718bf5fe,/?crawl=15,0,200,24480,48.396,93.652,261392
1787797886099,217e1954-c0c2-0697-baaf-354547aa5a45,/?crawl=10,0,200,121391,244.963,2458.248,49381
1787797888193,878ce734-4f6d-dfdc-5416-cb0f718bf5fe,/p/0/6fd6f0af26ad0737,1,200,40893,44.904,392.937,104070
1787797888193,878ce734-4f6d-dfdc-5416-cb0f718bf5fe,/p/0/6fd6efaf26ad0584,1,200,208739,68.815,1573.056,132697
1787797890100,e14090b3-7dfb-bbac-d72c-a25623c987fe,/?crawl=18,0,200,372454,39.023,440.784,844980
1787797883433,160edf7b-27b2-08e1-9481-79abb2597327,/p/0/367a692b33a4705,2,200,395771,385.507,7516.462,52654
1787797887166,0e9c7adf-4183-9989-0e3b-d0c05cb8a59f,/p/1/b597f09668dc24fe,1,200,484194,43.478,3787.644,127835
1787797890541,e14090b3-7dfb-bbac-d72c-a25623c987fe,/p/0/f3709bee9ace89f3,1,200,82461,87.741,480.147,171741
1787797890541,e14090b3-7dfb-bbac-d72c-a25623c987fe,/p/0/f3709cee9ace8ba6,1,200,247760,87.669,595.321,416179
1787797883433,160edf7b-27b2-08e1-9481-79abb2597327,/p/0/367a592b33a4552,2,200,311847,385.496,7785.928,40053
1787797890541,e14090b3-7dfb-bbac-d72c-a25623c987fe,/p/2/f3709aee9ace8840,1,200,503747,18.596,937.581,537284
1787797891099,57a3b147-4cda-ee57-1f5e-54a9b89469de,/?crawl=19,0,200,181374,52.520,628.187,288726
1787797891727,57a3b147-4cda-ee57-1f5e-54a9b89469de,/p/6/86daf04c2f697e53,1,200,4266,47.626,265.789,16050
1787797891727,57a3b147-4cda-ee57-1f5e-54a9b89469de,/p/0/86daf24c2f6981b9,1,200,55028,265.807,609.329,90309
1787797891727,57a3b147-4cda-ee57-1f5e-54a9b89469de,/p/0/86daef4c2f697ca0,1,200,138903,47.330,704.957,197038
1787797891993,57a3b147-4cda-ee57-1f5e-54a9b89469de,/p/0/cc63df2d0092ad1c,2,200,18216,276.137,453.062,40206
1787797887166,0e9c7adf-4183-9989-0e3b-d0c05cb8a59f,/p/0/b597ee9668dc2198,1,200,516655,64.809,5326.400,96999
1787797887166,0e9c7adf-4183-9989-0e3b-d0c05cb8a59f,/p/0/b597f19668dc26b1,1,200,490502,43.458,5348.402,91710
1787797891993,57a3b147-4cda-ee57-1f5e-54a9b89469de,/p/5/cc63e02d0092aecf,2,200,30879,276.126,522.011,59154
1787797888557,217e1954-c0c2-0697-baaf-354547aa5a45,/p/0/8ec346db3fa63a8b,1,200,66227,1197.330,3995.964,16573
1787797892099,a056b4d1-a94d-5775-ad57-fb68a7e01b19,/?crawl=21,0,200,299342,29.449,571.610,523682
1787797891099,862fdc7c-098a-bdbf-627e-039a14917bb0,/?crawl=20,0,200,440325,40.857,1776.356,247881
1787797891478,e14090b3-7dfb-bbac-d72c-a25623c987fe,/p/0/74c278b4d458f5d4,2,200,462846,19.682,1398.294,331008
1787797892670,a056b4d1-a94d-5775-ad57-fb68a7e01b19,/p/7/1fddaaed5bb92e60,1,200,115981,24.267,635.655,182459
1787797893099,d2fa5913-858b-28a7-5d8f-902dad879851,/?crawl=22,0,200,145324,54.193,537.675,270282
1787797892670,a056b4d1-a94d-5775-ad57-fb68a7e01b19,/p/0/1fddabed5bb93013,1,200,192730,121.053,1119.036,172229
1787797892515,57a3b147-4cda-ee57-1f5e-54a9b89469de,/p/4/569f0933de777f1d,3,200,136269,136.342,1280.655,106406
1787797892670,a056b4d1-a94d-5775-ad57-fb68a7e01b19,/p/0/1fddaced5bb931c6,1,200,171019,79.665,1157.743,147718
1787797890954,0e9c7adf-4183-9989-0e3b-d0c05cb8a59f,/p/0/43814ad0adc32e09,2,200,294875,239.048,3272.710,90101
1787797890954,0e9c7adf-4183-9989-0e3b-d0c05cb8a59f,/p/0/438147d0adc328f0,2,200,335339,260.992,3663.329,91539
1787797894099,f914de05-6b76-495a-b6e7-1894d3914121,/?crawl=23,0,200,200254,51.596,634.065,315826
1787797894099,418530c3-e63b-5a60-d864-171d3888496b,/?crawl=24,0,200,234975,45.205,695.640,337782
1787797894099,c3d3123c-e745-d4c6-2ad1-c55eb00b6074,/?crawl=25,0,200,488471,25.476,777.526,628238
1787797881017,69e3f629-204b-a521-d46c-17022bb9325b,/p/0/f9ee38096e03ab2f,2,200,3471928,314.932,13922.815,249370
1787797894795,418530c3-e63b-5a60-d864-171d3888496b,/p/0/f154c142bffb0c,1,200,34949,40.932,227.594,153558
1787797892875,862fdc7c-098a-bdbf-627e-039a14917bb0,/p/0/b347ff4af05422c0,1,200,274351,204.420,2167.292,126587
1787797892875,862fdc7c-098a-bdbf-627e-039a14917bb0,/p/0/b348024af05427d9,1,200,277621,56.170,2220.073,125050
1787797895099,8393b772-4912-94fe-b478-93b5effa24cb,/?crawl=28,0,200,205721,13.754,154.126,1334760
1787797895253,8393b772-4912-94fe-b478-93b5effa24cb,/p/0/4e9aaa37952bd358,1,200,16496,10.342,21.137,780433
1787797893306,a056b4d1-a94d-5775-ad57-fb68a7e01b19,/p/0/53d96f5fc2094776,2,200,316217,133.342,2061.753,153373
1787797892875,862fdc7c-098a-bdbf-627e-039a14917bb0,/p/2/b348004af0542473,1,200,479580,235.679,2646.929,181184
1787797895253,8393b772-4912-94fe-b478-93b5effa24cb,/p/0/4e9aad37952bd871,1,200,191235,32.456,294.326,649739
1787797895253,8393b772-4912-94fe-b478-93b5effa24cb,/p/0/4e9aab37952bd50b,1,200,238677,21.194,335.972,710407
1787797893306,a056b4d1-a94d-5775-ad57-fb68a7e01b19,/p/0/53d96e5fc20945c3,2,200,446395,175.280,2408.208,185364
1787797888099,bdff2a5b-36ea-222a-9f4c-540c2a4173f4,/?crawl=13,0,200,2123658,50.777,7626.544,278456
1787797893306,a056b4d1-a94d-5775-ad57-fb68a7e01b19,/p/6/53d96d5fc2094410,2,200,425382,161.148,2449.787,173640
1787797895522,862fdc7c-098a-bdbf-627e-039a14917bb0,/p/0/fc2e1b5b309e6bc,2,200,35202,123.186,262.511,134097
1787797893796,57a3b147-4cda-ee57-1f5e-54a9b89469de,/p/3/c90226399156a15a,4,200,184599,135.566,2115.512,87260
1787797895099,e5a7d5e1-c2aa-1381-882d-288c9f7a5a51,/?crawl=27,0,200,347212,34.783,879.815,394642
1787797895099,efae07d3-6174-d5cc-334b-da855350efd6,/?crawl=26,0,200,180335,81.498,1044.370,172674
1787797896099,7ee80d9a-c383-931c-d5d1-03cf58c4cdb6,/?crawl=31,0,200,235043,21.400,147.634,1592062
1787797896246,7ee80d9a-c383-931c-d5d1-03cf58c4cdb6,/p/0/2e0d32a5019ef4d7,1,200,117354,16.596,28.446,4125519
1787797881556,160edf7b-27b2-08e1-9481-79abb2597327,/p/0/a296c6e78f67bfbd,1,200,2497528,76.299,14791.081,168854
1787797895979,e5a7d5e1-c2aa-1381-882d-288c9f7a5a51,/p/3/945bab1ed75af2d2,1,200,23891,37.174,375.999,63540
1787797888193,878ce734-4f6d-dfdc-5416-cb0f718bf5fe,/p/0/6fd6f2af26ad0a9d,1,200,2423989,68.782,8376.680,289373
1787797892515,57a3b147-4cda-ee57-1f5e-54a9b89469de,/p/0/569f0733de777bb7,3,200,388902,149.516,4057.998,95836
1787797896099,df17e0ba-5540-8e69-2829-bdb4fa71e5e0,/?crawl=30,0,200,92877,71.667,491.201,189081
1787797894877,c3d3123c-e745-d4c6-2ad1-c55eb00b6074,/p/0/6d870263ae250a12,1,200,381714,23.620,1751.552,217929
1787797895099,a6e4192b-6dce-2941-3a81-b2236c12861c,/?crawl=29,0,200,490528,49.458,1662.973,294971
1787797896099,b3404c61-998b-e65c-4b2c-70afbe4a9a7e,/?crawl=32,0,200,262905,43.631,723.620,363319
1787797896762,a6e4192b-6dce-2941-3a81-b2236c12861c,/p/0/bb3056da0090e0ab,1,200,49096,53.020,250.579,195930
1787797894877,c3d3123c-e745-d4c6-2ad1-c55eb00b6074,/p/3/6d870063ae2506ac,1,200,461535,70.603,2200.629,209729
1787797883433,160edf7b-27b2-08e1-9481-79abb2597327,/p/0/367a392b33a41ec,2,200,4121404,424.103,13718.014,300437
1787797885099,c475b5fc-e008-706b-ac3f-2e783ad28c42,/?crawl=8,0,200,4171668,57.807,12064.302,345786
1787797895522,862fdc7c-098a-bdbf-627e-039a14917bb0,/p/1/fc2e2b5b309e86f,2,200,293867,176.189,1651.800,177907
1787797895756,a056b4d1-a94d-5775-ad57-fb68a7e01b19,/p/5/fafbed49beca1dc1,3,200,267983,65.351,1420.845,188608
1787797896246,7ee80d9a-c383-931c-d5d1-03cf58c4cdb6,/p/3/2e0d34a5019ef83d,1,200,508338,3.133,1018.980,498869
1787797893796,57a3b147-4cda-ee57-1f5e-54a9b89469de,/p/0/c90227399156a30d,4,200,317432,148.695,3664.564,86622
1787797895979,e5a7d5e1-c2aa-1381-882d-288c9f7a5a51,/p/0/945ba91ed75aef6c,1,200,193816,37.125,1496.930,129476
1787797882587,a8b2b5fb-0a9c-cb0f-869a-18420532160a,/p/5/f2c6f89faccc644,1,200,2362285,276.381,14917.703,158354
1787797894795,418530c3-e63b-5a60-d864-171d3888496b,/p/0/f157c142c00025,1,200,486647,122.321,2747.517,177123
1787797882587,a8b2b5fb-0a9c-cb0f-869a-18420532160a,/p/0/f2c7089faccc7f7,1,200,3451445,77.657,15246.929,226370
1787797881017,69e3f629-204b-a521-d46c-17022bb9325b,/p/2/f9ee37096e03a97c,2,200,3969849,314.239,16872.970,235279
1787797897265,7ee80d9a-c383-931c-d5d1-03cf58c4cdb6,/p/0/86959bd167434bef,2,200,101065,142.760,632.176,159868
1787797897174,862fdc7c-098a-bdbf-627e-039a14917bb0,/p/0/13abda16b8d0d192,3,200,54874,174.313,780.556,70301
1787797897174,862fdc7c-098a-bdbf-627e-039a14917bb0,/p/0/13abd916b8d0cfdf,3,200,89971,174.347,1026.029,87689
1787797898099,0b1b1fb7-fdd9-cd3d-b3dc-21049d39a98d,/?crawl=33,0,200,255266,82.837,219.513,1162875
1787797898318,0b1b1fb7-fdd9-cd3d-b3dc-21049d39a98d,/p/0/73888e9d8690a64,1,200,120799,2.725,15.614,7736554
1787797897505,a8b2b5fb-0a9c-cb0f-869a-18420532160a,/p/4/20f094de914c836d,2,200,515811,329.316,857.649,601424
1787797897266,7ee80d9a-c383-931c-d5d1-03cf58c4cdb6,/p/2/86959dd167434f55,2,200,212105,155.174,1155.533,183556
1787797897077,c3d3123c-e745-d4c6-2ad1-c55eb00b6074,/p/0/43c8a5c1bdc56d06,2,200,197387,138.558,1477.978,133552
1787797893636,d2fa5913-858b-28a7-5d8f-902dad879851,/p/1/da1cab06198a1099,1,200,415376,101.468,4936.068,84151
1787797898318,0b1b1fb7-fdd9-cd3d-b3dc-21049d39a98d,/p/0/7388be9d8690f7d,1,200,91884,1.616,293.944,312590
1787797885099,98156463-acbb-838a-4995-b01d2e8bc10e,/?crawl=9,0,200,3087221,62.233,13539.197,228021
1787797898362,a8b2b5fb-0a9c-cb0f-869a-18420532160a,/p/0/4b0247d3f869b9f6,3,200,45477,368.569,370.546,122730
1787797897163,c475b5fc-e008-706b-ac3f-2e783ad28c42,/p/3/b99ac48498243373,1,200,159380,55.022,1572.574,101350
1787797898638,98156463-acbb-838a-4995-b01d2e8bc10e,/p/8/26306f2703893d60,1,200,29167,60.380,150.270,194097
1787797898573,d2fa5913-858b-28a7-5d8f-902dad879851,/p/0/b1044e9a6eb49b0c,2,200,26205,279.891,408.095,64213
1787797898421,7ee80d9a-c383-931c-d5d1-03cf58c4cdb6,/p/0/6612c5c9e56b2d9b,3,200,119859,86.964,626.537,191304
1787797898362,a8b2b5fb-0a9c-cb0f-869a-18420532160a,/p/3/4b0245d3f869b690,3,200,102932,368.999,688.516,149498
1787797897177,a056b4d1-a94d-5775-ad57-fb68a7e01b19,/p/0/c5ebe34c09790dd2,4,200,216875,145.585,2013.773,107696
1787797896355,e5a7d5e1-c2aa-1381-882d-288c9f7a5a51,/p/0/4c630976b814c701,2,200,256945,241.172,2889.489,88924
1787797898318,0b1b1fb7-fdd9-cd3d-b3dc-21049d39a98d,/p/0/73889e9d8690c17,1,200,2691641,2.449,938.885,2866849
1787797897266,7ee80d9a-c383-931c-d5d1-03cf58c4cdb6,/p/0/86959cd167434da2,2,200,332027,155.130,2123.073,156390
1787797895911,57a3b147-4cda-ee57-1f5e-54a9b89469de,/p/2/11b5dc939e802292,5,200,340651,148.946,3493.216,97518
1787797896143,efae07d3-6174-d5cc-334b-da855350efd6,/p/3/27c6007c6bf5e8e5,1,200,215708,79.217,3318.052,65010
1787797896355,e5a7d5e1-c2aa-1381-882d-288c9f7a5a51,/p/0/4c630676b814c1e8,2,200,295440,223.721,3135.178,94234
1787797896823,b3404c61-998b-e65c-4b2c-70afbe4a9a7e,/p/0/73ce358c43ce17b7,1,200,264404,194.447,2699.450,97947
1787797898362,a8b2b5fb-0a9c-cb0f-869a-18420532160a,/p/0/4b0246d3f869b843,3,200,487037,368.453,1319.687,369055
1787797898421,7ee80d9a-c383-931c-d5d1-03cf58c4cdb6,/p/0/6612c6c9e56b2f4e,3,200,349504,95.542,1566.446,223119
1787797899051,a8b2b5fb-0a9c-cb0f-869a-18420532160a,/p/0/70f8ba4b34f2923e,4,200,130840,641.197,986.163,132676
1787797899099,a19f7f98-5ed1-178b-e963-8e4117aa45fa,/?crawl=34,0,200,384071,35.317,962.900,398869
1787797897174,862fdc7c-098a-bdbf-627e-039a14917bb0,/p/0/13abdb16b8d0d345,3,200,500180,193.377,2993.507,167088
1787797898421,7ee80d9a-c383-931c-d5d1-03cf58c4cdb6,/p/1/6612c4c9e56b2be8,3,200,398577,95.325,1845.129,216016
1787797900100,02225034-1495-e3cf-b847-c2b1dc9287fb,/?crawl=37,0,200,238249,87.490,446.771,533269
1787797899462,efae07d3-6174-d5cc-334b-da855350efd6,/p/2/b6ce95bc2e0f99eb,2,200,26446,401.566,1085.688,24359
1787797897460,57a3b147-4cda-ee57-1f5e-54a9b89469de,/p/0/11b5da939e801f2c,5,200,330378,134.581,3547.783,93122
1787797899462,efae07d3-6174-d5cc-334b-da855350efd6,/p/0/b6ce94bc2e0f9838,2,200,55589,401.665,1689.145,32910
1787797888099,0bb84ea3-2309-8bc6-58fc-d04b8d46de2b,/?crawl=14,0,200,3480307,56.088,13093.103,265812
1787797898638,98156463-acbb-838a-4995-b01d2e8bc10e,/p/0/2630702703893f13,1,200,140125,179.253,2593.136,54037
1787797898736,c475b5fc-e008-706b-ac3f-2e783ad28c42,/p/2/585e43e98e339482,2,200,128971,334.606,2621.188,49203
1787797888557,217e1954-c0c2-0697-baaf-354547aa5a45,/p/0/8ec347db3fa63c3e,1,200,351958,227.742,12823.655,27446
1787797900266,7ee80d9a-c383-931c-d5d1-03cf58c4cdb6,/p/0/b56e9f02fcf5c53b,4,200,239255,111.994,1186.219,201695
1787797896590,df17e0ba-5540-8e69-2829-bdb4fa71e5e0,/p/0/9aa2e0476d0403dd,1,200,370622,246.931,4909.967,75484
1787797901099,a84ac208-99bf-0681-2570-915069b3f4f0,/?crawl=38,0,200,303200,29.887,569.630,532275
1787797900100,fab9cd95-890b-e7db-7687-e324d45d5151,/?crawl=36,0,200,391429,138.563,1643.474,238172
1787797896573,57a3b147-4cda-ee57-1f5e-54a9b89469de,/p/0/11b5dd939e802445,5,200,478423,203.487,5582.100,85707
1787797901669,a84ac208-99bf-0681-2570-915069b3f4f0,/p/0/ff50355ac82c5345,1,200,39424,25.372,491.076,80281
1787797898573,d2fa5913-858b-28a7-5d8f-902dad879851,/p/0/b1044f9a6eb49cbf,2,200,326896,382.975,3720.607,87861
1787797901669,a84ac208-99bf-0681-2570-915069b3f4f0,/p/0/ff50325ac82c4e2c,1,200,170340,25.393,832.675,204570
1787797900546,02225034-1495-e3cf-b847-c2b1dc9287fb,/p/0/b98f337385fd3218,1,200,307914,26.008,1977.826,155683
1787797900062,a19f7f98-5ed1-178b-e963-8e4117aa45fa,/p/1/4cf989d11a9829de,1,200,351798,219.014,2463.901,142781
1787797898736,c475b5fc-e008-706b-ac3f-2e783ad28c42,/p/0/585e44e98e339635,2,200,223513,306.552,3821.639,58486
1787797891478,e14090b3-7dfb-bbac-d72c-a25623c987fe,/p/0/74c27bb4d458faed,2,200,4813405,88.300,11134.551,432294
1787797897890,69e3f629-204b-a521-d46c-17022bb9325b,/p/1/ab2d4e5680975ece,3,200,412786,246.519,4776.700,86417
1787797901743,fab9cd95-890b-e7db-7687-e324d45d5151,/p/1/2624df15f1623db8,1,200,88910,398.331,961.310,92488
1787797897890,69e3f629-204b-a521-d46c-17022bb9325b,/p/0/ab2d4c5680975b68,3,200,417847,227.803,4814.473,86790
1787797896246,7ee80d9a-c383-931c-d5d1-03cf58c4cdb6,/p/0/2e0d33a5019ef68a,1,200,2182074,16.571,6720.293,324699
1787797879891,f7c998b3-5110-ead8-1c5b-78722c3cdddc,/p/0/a4560de9fcdfb063,3,200,3609341,147.390,23083.858,156358
1787797902705,fab9cd95-890b-e7db-7687-e324d45d5151,/p/0/dd6bad5ac5ee9b2,2,200,5425,341.180,481.973,11256
1787797896590,df17e0ba-5540-8e69-2829-bdb4fa71e5e0,/p/0/9aa2dd476d03fec4,1,200,505235,71.055,6602.391,76523
1787797891478,e14090b3-7dfb-bbac-d72c-a25623c987fe,/p/1/74c27ab4d458f93a,2,200,5563224,53.645,11862.066,468993
1787797900062,a19f7f98-5ed1-178b-e963-8e4117aa45fa,/p/0/4cf987d11a982678,1,200,426353,97.720,3305.434,128985
1787797903099,daeb5238-77c6-dbfb-3639-d2dca1097e72,/?crawl=39,0,200,354254,16.896,309.290,1145380
1787797902667,69e3f629-204b-a521-d46c-17022bb9325b,/p/0/d98b4fadb134f38,4,200,32162,230.568,753.258,42697
1787797902526,a19f7f98-5ed1-178b-e963-8e4117aa45fa,/p/0/a8d06d0699059f72,2,200,72141,240.479,994.417,72546
1787797901743,fab9cd95-890b-e7db-7687-e324d45d5151,/p/0/2624e015f1623f6b,1,200,108882,398.107,1926.447,56520
1787797903341,e14090b3-7dfb-bbac-d72c-a25623c987fe,/p/0/fd5cbb0a76c61f23,3,200,160418,40.608,516.812,310399
1787797903341,e14090b3-7dfb-bbac-d72c-a25623c987fe,/p/0/fd5cbd0a76c62289,3,200,226082,16.174,660.007,342545
1787797898638,98156463-acbb-838a-4995-b01d2e8bc10e,/p/0/26307127038940c6,1,200,298175,179.397,5376.743,55456
1787797902667,69e3f629-204b-a521-d46c-17022bb9325b,/p/0/d98b5fadb1350eb,4,200,110896,268.995,1356.980,81723
1787797903341,e14090b3-7dfb-bbac-d72c-a25623c987fe,/p/0/fd5cba0a76c61d70,3,200,418680,16.152,889.748,470560
1787797895522,862fdc7c-098a-bdbf-627e-039a14917bb0,/p/0/fc2e4b5b309ebd5,2,200,2615547,35.715,8725.346,299764
1787797897163,c475b5fc-e008-706b-ac3f-2e783ad28c42,/p/0/b99ac384982431c0,1,200,356115,278.851,7090.854,50222
1787797903408,daeb5238-77c6-dbfb-3639-d2dca1097e72,/p/0/92ba88b85cc745f2,1,200,448633,15.094,918.309,488542
1787797903408,daeb5238-77c6-dbfb-3639-d2dca1097e72,/p/1/92ba89b85cc747a5,1,200,414665,33.926,1014.671,408669
1787797878099,1e4cbd2e-35c6-9a6c-646a-44d298f37d63,/?crawl=2,0,200,3689191,133.474,26504.282,139192
1787797890100,9ab40283-f209-5116-d31d-55e6dfb10446,/?crawl=17,0,200,4161989,92.051,14558.749,285875
1787797904659,9ab40283-f209-5116-d31d-55e6dfb10446,/p/5/96ab9b6a4fe2f35d,1,200,114911,2.695,46.967,2446658
1787797904659,9ab40283-f209-5116-d31d-55e6dfb10446,/p/0/96ab996a4fe2eff7,1,200,53241,2.585,58.154,915513
1787797899461,efae07d3-6174-d5cc-334b-da855350efd6,/p/0/b6ce97bc2e0f9d51,2,200,201319,482.232,5351.610,37618
1787797904423,daeb5238-77c6-dbfb-3639-d2dca1097e72,/p/0/1491f103d711b369,2,200,147680,94.317,583.089,253272
1787797904603,1e4cbd2e-35c6-9a6c-646a-44d298f37d63,/p/0/7bc2192c6631ce7e,1,200,7165,274.338,412.817,17356
1787797901357,c475b5fc-e008-706b-ac3f-2e783ad28c42,/p/0/3198e62e510c0f11,3,200,155170,527.346,3730.489,41595
1787797904706,9ab40283-f209-5116-d31d-55e6dfb10446,/p/4/384d1a320ccd8926,2,200,113297,320.603,748.455,151374
1787797904706,9ab40283-f209-5116-d31d-55e6dfb10446,/p/0/384d1b320ccd8ad9,2,200,215593,320.513,752.447,286522
1787797904706,9ab40283-f209-5116-d31d-55e6dfb10446,/p/0/384d18320ccd85c0,2,200,194037,319.857,752.705,257786
1787797904423,daeb5238-77c6-dbfb-3639-d2dca1097e72,/p/0/1491f003d711b1b6,2,200,330220,114.143,1073.284,307673
1787797904423,daeb5238-77c6-dbfb-3639-d2dca1097e72,/p/0/1491ef03d711b003,2,200,412593,68.682,1105.878,373091
1787797902667,69e3f629-204b-a521-d46c-17022bb9325b,/p/0/d98b6fadb13529e,4,200,295661,211.899,3014.894,98067
1787797898789,98156463-acbb-838a-4995-b01d2e8bc10e,/p/0/7520d7def0b30a1b,2,200,366993,302.020,6913.996,53080
1787797902526,a19f7f98-5ed1-178b-e963-8e4117aa45fa,/p/0/a8d06e069905a125,2,200,409885,257.545,3257.976,125810
1787797902705,fab9cd95-890b-e7db-7687-e324d45d5151,/p/0/dd6bbd5ac5eeb65,2,200,235829,284.359,3119.960,75587
1787797899051,a8b2b5fb-0a9c-cb0f-869a-18420532160a,/p/2/70f8bb4b34f293f1,4,200,272077,641.093,6820.445,39891
1787797901743,fab9cd95-890b-e7db-7687-e324d45d5151,/p/0/2624e115f162411e,1,200,357020,56.699,4137.537,86288
1787797901151,efae07d3-6174-d5cc-334b-da855350efd6,/p/0/db88e8135778b555,3,200,165981,401.517,5185.777,32007
1787797902526,a19f7f98-5ed1-178b-e963-8e4117aa45fa,/p/0/a8d06b0699059c0c,2,200,471312,257.927,3825.851,123191
1787797906099,1d37a3af-d1a0-f2c8-e975-9a1d823fd617,/?crawl=42,0,200,75281,67.459,377.530,199404
1787797905454,9ab40283-f209-5116-d31d-55e6dfb10446,/p/0/d999d26d4802a558,3,200,318591,231.735,1328.008,239901
1787797902705,fab9cd95-890b-e7db-7687-e324d45d5151,/p/0/dd6b9d5ac5ee7ff,2,200,487923,313.164,4176.467,116827
1787797902155,57a3b147-4cda-ee57-1f5e-54a9b89469de,/p/0/639abfa11d578ddd,6,200,437412,270.033,5174.613,84530
1787797906099,5c91e877-9f60-5c6b-1af8-0f7ee24cde0f,/?crawl=44,0,200,391373,46.330,1241.149,315331
1787797906477,1d37a3af-d1a0-f2c8-e975-9a1d823fd617,/p/0/e3283f31a700f66c,1,200,103566,172.850,1469.655,70470
1787797907099,c2af1c94-d682-0902-5b2d-c9714f83392c,/?crawl=45,0,200,492227,32.363,913.919,538589
1787797906099,4c0e54f7-0d75-b4ad-a428-73ea5eef78ae,/?crawl=43,0,200,4898303,9.524,2080.508,2354379
1787797908180,4c0e54f7-0d75-b4ad-a428-73ea5eef78ae,/p/0/4fbdecd412660572,1,200,17237,8.439,28.274,609636
1787797908180,4c0e54f7-0d75-b4ad-a428-73ea5eef78ae,/p/3/4fbdead41266020c,1,200,46155,12.090,42.040,1097886
1787797908222,4c0e54f7-0d75-b4ad-a428-73ea5eef78ae,/p/0/82d4f67db86f79d0,2,200,52601,34.945,113.222,464581
1787797879891,f7c998b3-5110-ead8-1c5b-78722c3cdddc,/p/0/a4560ee9fcdfb216,3,200,5081485,132.794,28497.079,178316
1787797908222,4c0e54f7-0d75-b4ad-a428-73ea5eef78ae,/p/0/82d4f97db86f7ee9,2,200,264234,34.934,394.527,669749
1787797908222,4c0e54f7-0d75-b4ad-a428-73ea5eef78ae,/p/2/82d4f77db86f7b83,2,200,384876,38.066,497.712,773290
1787797879502,f7c998b3-5110-ead8-1c5b-78722c3cdddc,/p/0/5fcac709968a6ca4,2,200,4953623,22.822,29236.441,169433
1787797907099,59b14c7f-ebce-4660-7fe8-bd40c809d011,/?crawl=46,0,200,427992,53.805,1658.215,258104
1787797908720,4c0e54f7-0d75-b4ad-a428-73ea5eef78ae,/p/0/86c3bb150f88b10a,3,200,47854,37.270,146.831,325911
1787797897077,c3d3123c-e745-d4c6-2ad1-c55eb00b6074,/p/0/43c8a4c1bdc56b53,2,200,2296655,126.538,11899.268,193008
1787797905871,a8b2b5fb-0a9c-cb0f-869a-18420532160a,/p/1/a5b3febd08d8e869,5,200,102985,305.201,3262.006,31571
1787797908720,4c0e54f7-0d75-b4ad-a428-73ea5eef78ae,/p/1/86c3b9150f88ada4,3,200,352017,40.037,464.306,758157
1787797908720,4c0e54f7-0d75-b4ad-a428-73ea5eef78ae,/p/0/86c3ba150f88af57,3,200,291650,37.212,474.300,614906
1787797881017,69e3f629-204b-a521-d46c-17022bb9325b,/p/0/f9ee39096e03ace2,2,200,5441236,313.991,28339.671,192001
1787797908757,59b14c7f-ebce-4660-7fe8-bd40c809d011,/p/6/957eeabb54951fd3,1,200,42674,73.580,646.953,65961
1787797908757,59b14c7f-ebce-4660-7fe8-bd40c809d011,/p/0/957eecbb54952339,1,200,39249,73.593,669.614,58614
1787797903408,daeb5238-77c6-dbfb-3639-d2dca1097e72,/p/0/92ba87b85cc7443f,1,200,5450087,48.311,6053.536,900315
1787797909184,4c0e54f7-0d75-b4ad-a428-73ea5eef78ae,/p/0/9dcca658c7235968,4,200,167779,36.278,307.097,546340
1787797908099,131b657c-6e34-d433-520a-b2182da98158,/?crawl=47,0,200,392667,57.786,1523.256,257781
1787797909184,4c0e54f7-0d75-b4ad-a428-73ea5eef78ae,/p/0/9dcca958c7235e81,4,200,280723,39.177,463.110,606170
1787797906477,1d37a3af-d1a0-f2c8-e975-9a1d823fd617,/p/0/e3284231a700fb85,1,200,343782,69.748,3214.207,106957
1787797901357,c475b5fc-e008-706b-ac3f-2e783ad28c42,/p/1/3198e52e510c0d5e,3,200,442056,527.305,8361.305,52869
1787797908757,59b14c7f-ebce-4660-7fe8-bd40c809d011,/p/0/957ee9bb54951e20,1,200,120941,140.495,984.067,122899
1787797879891,f7c998b3-5110-ead8-1c5b-78722c3cdddc,/p/0/a4560fe9fcdfb3c9,3,200,5636432,132.732,29853.331,188804
1787797909184,4c0e54f7-0d75-b4ad-a428-73ea5eef78ae,/p/0/9dcca858c7235cce,4,200,419340,36.209,569.406,736452
1787797899099,a3d617d2-e4f1-dded-1399-827196027c15,/?crawl=35,0,200,5610899,3921.120,10803.282,519370
1787797906477,1d37a3af-d1a0-f2c8-e975-9a1d823fd617,/p/2/e3284031a700f81f,1,200,287888,342.967,3537.066,81392
1787797894795,418530c3-e63b-5a60-d864-171d3888496b,/p/4/f155c142bffcbf,1,200,4739289,165.304,15221.805,311349
1787797909099,aaff7191-9dde-147b-d0ca-aad85d6e9641,/?crawl=49,0,200,446779,34.566,1000.747,446446
1787797909099,2534398d-010f-4e91-88bf-baf4d6c8706b,/?crawl=48,0,200,287228,66.068,1276.080,225086
1787797894877,c3d3123c-e745-d4c6-2ad1-c55eb00b6074,/p/0/6d870163ae25085f,1,200,3759503,23.623,15659.847,240073
1787797897077,c3d3123c-e745-d4c6-2ad1-c55eb00b6074,/p/2/43c8a3c1bdc569a0,2,200,3074710,138.529,13607.765,225953
1787797909404,59b14c7f-ebce-4660-7fe8-bd40c809d011,/p/5/161cf55307eaab1,2,200,242492,164.639,1287.282,188375
1787797900547,efae07d3-6174-d5cc-334b-da855350efd6,/p/0/db88e5135778b03c,3,200,341366,401.253,10284.183,33193
1787797910375,2534398d-010f-4e91-88bf-baf4d6c8706b,/p/0/a54f93d9750e9177,1,200,19668,63.776,510.013,38564
1787797901669,a84ac208-99bf-0681-2570-915069b3f4f0,/p/2/ff50345ac82c5192,1,200,4850014,52.096,9275.665,522875
1787797910375,2534398d-010f-4e91-88bf-baf4d6c8706b,/p/3/a54f95d9750e94dd,1,200,48973,63.774,669.015,73202
1787797909719,c475b5fc-e008-706b-ac3f-2e783ad28c42,/p/0/8edf38f0eaaedb53,4,200,54940,307.920,1334.756,41161
1787797910685,c3d3123c-e745-d4c6-2ad1-c55eb00b6074,/p/0/d88c644ef78b973f,3,200,77265,23.461,394.304,195953
1787797910100,aaff7191-9dde-147b-d0ca-aad85d6e9641,/p/0/11e53e7be0739b64,1,200,93039,220.269,1144.491,81293
1787797908180,4c0e54f7-0d75-b4ad-a428-73ea5eef78ae,/p/0/4fbdebd4126603bf,1,200,5126978,25.000,3167.408,1618667
1787797900266,7ee80d9a-c383-931c-d5d1-03cf58c4cdb6,/p/0/b56e9e02fcf5c388,4,200,4485613,93.811,11254.223,398572
1787797911099,dcdb694f-2f6b-cc9f-88f5-b36952ca530e,/?crawl=54,0,200,281736,26.007,426.169,661090
1787797898573,d2fa5913-858b-28a7-5d8f-902dad879851,/p/0/b104519a6eb4a025,2,200,2468662,254.993,13040.572,189306
1787797911525,dcdb694f-2f6b-cc9f-88f5-b36952ca530e,/p/0/eb8e798ab4973436,1,200,49194,22.716,122.472,401674
1787797910101,3d483c4b-a97f-2835-19ed-8be893e438bd,/?crawl=50,0,200,275582,50.993,1596.372,172630
1787797910685,c3d3123c-e745-d4c6-2ad1-c55eb00b6074,/p/1/d88c634ef78b958c,3,200,271085,70.664,1042.704,259983
1787797910685,c3d3123c-e745-d4c6-2ad1-c55eb00b6074,/p/0/d88c654ef78b98f2,3,200,333214,70.657,1077.076,309369
1787797911044,2534398d-010f-4e91-88bf-baf4d6c8706b,/p/0/67ce6c713c45cac0,2,200,27346,318.546,732.946,37310
1787797911698,3d483c4b-a97f-2835-19ed-8be893e438bd,/p/2/3937cd010703091c,1,200,5914,85.186,128.059,46182
1787797910014,1d37a3af-d1a0-f2c8-e975-9a1d823fd617,/p/1/7e756cab51672317,2,200,120660,406.912,1811.594,66604
1787797911525,dcdb694f-2f6b-cc9f-88f5-b36952ca530e,/p/0/eb8e778ab49730d0,1,200,92345,55.181,302.247,305528
1787797911728,c3d3123c-e745-d4c6-2ad1-c55eb00b6074,/p/0/3c9b8cd088c62f7a,4,200,22380,57.794,105.585,211962
1787797911697,3d483c4b-a97f-2835-19ed-8be893e438bd,/p/0/3937cf0107030c82,1,200,10355,128.147,168.836,61332
1787797910100,aaff7191-9dde-147b-d0ca-aad85d6e9641,/p/0/11e5417be073a07d,1,200,225805,204.075,1776.838,127082
1787797910100,aaff7191-9dde-147b-d0ca-aad85d6e9641,/p/12/11e5407be0739eca,1,200,427449,44.202,1856.474,230248
1787797910944,a84ac208-99bf-0681-2570-915069b3f4f0,/p/0/b5205236b84a9dab,2,200,163370,106.786,1038.166,157364
1787797909622,131b657c-6e34-d433-520a-b2182da98158,/p/1/214955dbffa29c0,1,200,239991,55.026,2430.674,98734
1787797893636,d2fa5913-858b-28a7-5d8f-902dad879851,/p/0/da1ca906198a0d33,1,200,4014444,49.942,18434.546,217767
1787797893637,d2fa5913-858b-28a7-5d8f-902dad879851,/p/0/da1caa06198a0ee6,1,200,5176348,153.207,18498.331,279828
1787797911525,dcdb694f-2f6b-cc9f-88f5-b36952ca530e,/p/0/eb8e788ab4973283,1,200,314056,111.681,695.754,451389
1787797910944,a84ac208-99bf-0681-2570-915069b3f4f0,/p/0/b5205336b84a9f5e,2,200,313912,26.006,1317.766,238215
1787797900062,a19f7f98-5ed1-178b-e963-8e4117aa45fa,/p/0/4cf98ad11a982b91,1,200,3429657,270.816,12254.159,279877
1787797910101,8340325b-ab03-261d-0abc-92b2283a897e,/?crawl=51,0,200,422391,100.018,2281.083,185171
1787797911099,fa651107-1d49-98c1-ea50-883d2a7c6f4f,/?crawl=53,0,200,371460,55.914,1354.842,274172
1787797911728,c3d3123c-e745-d4c6-2ad1-c55eb00b6074,/p/0/3c9b8ad088c62c14,4,200,219547,46.727,780.281,281369
1787797909404,59b14c7f-ebce-4660-7fe8-bd40c809d011,/p/0/161cd55307ea74b,2,200,492770,128.397,3123.840,157745
1787797890954,0e9c7adf-4183-9989-0e3b-d0c05cb8a59f,/p/0/438148d0adc32aa3,2,200,6036785,216.844,21632.849,279056
1787797910944,a84ac208-99bf-0681-2570-915069b3f4f0,/p/1/b5205436b84aa111,2,200,480826,26.149,1776.280,270693
1787797911728,c3d3123c-e745-d4c6-2ad1-c55eb00b6074,/p/0/3c9b8bd088c62dc7,4,200,389450,116.903,1037.495,375375
1787797896590,df17e0ba-5540-8e69-2829-bdb4fa71e5e0,/p/0/9aa2df476d04022a,1,200,2473944,71.022,16214.695,152574
1787797910017,418530c3-e63b-5a60-d864-171d3888496b,/p/3/afca6cda02ea0e48,2,200,273249,244.681,2860.434,95527
1787797900266,7ee80d9a-c383-931c-d5d1-03cf58c4cdb6,/p/0/b56ea002fcf5c6ee,4,200,5918619,85.478,13009.833,454934
1787797912454,fa651107-1d49-98c1-ea50-883d2a7c6f4f,/p/0/f376cc19c4d3e9a2,1,200,79410,53.317,859.661,92374
1787797910691,59b14c7f-ebce-4660-7fe8-bd40c809d011,/p/0/1744b352fa978b92,3,200,412618,138.119,2638.162,156404
1787797911956,aaff7191-9dde-147b-d0ca-aad85d6e9641,/p/0/9bc681cc0b6c9c6f,2,200,166514,238.693,1400.005,118938
1787797912721,a84ac208-99bf-0681-2570-915069b3f4f0,/p/0/ed57ce2538a237e9,3,200,71321,134.386,638.867,111637
1787797912454,fa651107-1d49-98c1-ea50-883d2a7c6f4f,/p/0/f376cb19c4d3e7ef,1,200,79765,53.383,938.550,84987
1787797910691,59b14c7f-ebce-4660-7fe8-bd40c809d011,/p/4/1744b152fa97882c,3,200,393213,161.391,2774.952,141701
1787797911044,2534398d-010f-4e91-88bf-baf4d6c8706b,/p/2/67ce6e713c45ce26,2,200,113958,350.372,2511.570,45373
1787797913099,a3d882e4-c11e-5774-e891-7258bcf8bf44,/?crawl=57,0,200,109463,62.500,465.043,235383
1787797913099,a8764f15-d84a-95bd-6e96-9a76e65d48a3,/?crawl=58,0,200,446901,19.869,515.478,866965
1787797913564,a3d882e4-c11e-5774-e891-7258bcf8bf44,/p/0/a5cd75a372680fa3,1,200,8933,58.099,86.054,103807
1787797912721,a84ac208-99bf-0681-2570-915069b3f4f0,/p/0/ed57cc2538a23483,3,200,230858,80.664,934.474,247046
1787797912053,131b657c-6e34-d433-520a-b2182da98158,/p/0/6c7b3789ad6f7fca,2,200,78024,273.431,1699.593,45907
1787797912454,fa651107-1d49-98c1-ea50-883d2a7c6f4f,/p/1/f376cd19c4d3eb55,1,200,209195,53.365,1347.581,155237
1787797913801,fa651107-1d49-98c1-ea50-883d2a7c6f4f,/p/0/582f51e3691b6d45,2,200,29243,51.379,127.276,229761
1787797913466,59b14c7f-ebce-4660-7fe8-bd40c809d011,/p/0/9b4500733f20114d,4,200,50225,161.130,532.129,94385
1787797912721,a84ac208-99bf-0681-2570-915069b3f4f0,/p/0/ed57cd2538a23636,3,200,435874,27.173,1372.187,317649
1787797913556,2534398d-010f-4e91-88bf-baf4d6c8706b,/p/0/af55a2c9458b6765,3,200,15619,348.365,570.721,27367
1787797910692,59b14c7f-ebce-4660-7fe8-bd40c809d011,/p/0/1744b252fa9789df,3,200,411210,150.659,3448.826,119232
1787797910014,1d37a3af-d1a0-f2c8-e975-9a1d823fd617,/p/0/7e756bab51672164,2,200,254721,406.843,4139.775,61530
1787797911956,aaff7191-9dde-147b-d0ca-aad85d6e9641,/p/11/9bc683cc0b6c9fd5,2,200,402073,29.905,2223.819,180803
1787797909719,c475b5fc-e008-706b-ac3f-2e783ad28c42,/p/0/8edf39f0eaaedd06,4,200,220486,367.554,4737.057,46545
1787797900546,02225034-1495-e3cf-b847-c2b1dc9287fb,/p/0/b98f367385fd3731,1,200,4106032,137.695,14440.867,284334
1787797912877,418530c3-e63b-5a60-d864-171d3888496b,/p/2/655a894f14ee14e9,3,200,151953,229.940,2173.217,69921
1787797913466,59b14c7f-ebce-4660-7fe8-bd40c809d011,/p/0/9b44fd733f200c34,4,200,260633,137.517,1707.282,152660
1787797913801,fa651107-1d49-98c1-ea50-883d2a7c6f4f,/p/0/582f4fe3691b69df,2,200,181188,127.274,1417.844,127791
1787797910014,1d37a3af-d1a0-f2c8-e975-9a1d823fd617,/p/0/7e756eab5167267d,2,200,317935,83.263,5540.769,57381
1787797911826,3d483c4b-a97f-2835-19ed-8be893e438bd,/p/0/f8e7337bd3c7dfa6,2,200,156432,413.647,3853.353,40596
1787797897890,69e3f629-204b-a521-d46c-17022bb9325b,/p/0/ab2d4f5680976081,3,200,3981555,227.775,17823.858,223383
1787797904603,1e4cbd2e-35c6-9a6c-646a-44d298f37d63,/p/1/7bc21a2c6631d031,1,200,484105,274.232,11278.257,42924
1787797915050,418530c3-e63b-5a60-d864-171d3888496b,/p/0/e95ce520820604d5,4,200,39432,209.634,840.377,46922
1787797912877,418530c3-e63b-5a60-d864-171d3888496b,/p/0/655a874f14ee1183,3,200,185083,270.969,3075.782,60174
1787797912100,3e765856-7636-aec0-bf39-c9ffaa22a050,/?crawl=55,0,200,6094766,14.688,3936.731,1548179
1787797913801,fa651107-1d49-98c1-ea50-883d2a7c6f4f,/p/0/582f4ee3691b682c,2,200,413441,154.885,2250.696,183695
1787797916037,3e765856-7636-aec0-bf39-c9ffaa22a050,/p/3/7ef8cce8493226e3,1,200,15507,8.739,18.336,845708
1787797916037,3e765856-7636-aec0-bf39-c9ffaa22a050,/p/0/7ef8cbe849322530,1,200,27722,52.768,128.660,215467
1787797905872,a8b2b5fb-0a9c-cb0f-869a-18420532160a,/p/0/a5b3fdbd08d8e6b6,5,200,367156,305.252,10461.000,35098
1787797916036,3e765856-7636-aec0-bf39-c9ffaa22a050,/p/0/7ef8cee849322a49,1,200,186153,18.370,446.360,417047
1787797909719,c475b5fc-e008-706b-ac3f-2e783ad28c42,/p/0/8edf37f0eaaed9a0,4,200,404252,275.231,6775.998,59659
1787797897177,a056b4d1-a94d-5775-ad57-fb68a7e01b19,/p/4/c5ebe14c09790a6c,4,200,2828505,132.471,19510.428,144974
1787797913564,a3d882e4-c11e-5774-e891-7258bcf8bf44,/p/0/a5cd76a372681156,1,200,417513,86.030,3158.033,132207
1787797905871,a8b2b5fb-0a9c-cb0f-869a-18420532160a,/p/0/a5b3fcbd08d8e503,5,200,323959,226.193,11094.017,29201
1787797913099,5d5a5106-edc4-1d8c-ddf7-cd66bba046fb,/?crawl=56,0,200,3388845,26.888,4144.760,817622
1787797900546,02225034-1495-e3cf-b847-c2b1dc9287fb,/p/2/b98f347385fd33cb,1,200,5481012,124.527,16774.653,326744
1787797917099,42989c18-f183-7e6b-32c5-255afc36f572,/?crawl=64,0,200,127650,37.459,304.523,419180
1787797915050,418530c3-e63b-5a60-d864-171d3888496b,/p/1/e95ce42082060322,4,200,129891,251.160,2380.069,54574
1787797916099,b911bd22-3123-d038-3239-60b57e06a805,/?crawl=62,0,200,411165,59.761,1558.841,263763
1787797917321,02225034-1495-e3cf-b847-c2b1dc9287fb,/p/0/9ae86f6965463343,2,200,486929,2.287,345.135,1410838
1787797917244,5d5a5106-edc4-1d8c-ddf7-cd66bba046fb,/p/0/12632345ddcd1ea9,1,200,126325,96.623,459.102,275157
1787797911826,3d483c4b-a97f-2835-19ed-8be893e438bd,/p/0/f8e7327bd3c7ddf3,2,200,279149,495.016,5978.799,46690
1787797903099,f19b46cf-90ab-2283-67cb-57fa37b2600a,/?crawl=40,0,200,3131093,67.762,14745.252,212346
1787797917099,1b1fb81a-3810-c737-642e-61acab561a22,/?crawl=63,0,200,258357,44.309,748.111,345346
1787797914180,aaff7191-9dde-147b-d0ca-aad85d6e9641,/p/10/2582fcebae052f1e,3,200,446188,191.277,3825.604,116632
1787797909133,a8b2b5fb-0a9c-cb0f-869a-18420532160a,/p/0/2d3799015c72cc65,6,200,299085,389.581,8931.578,33486
1787797914180,aaff7191-9dde-147b-d0ca-aad85d6e9641,/p/0/2582faebae052bb8,3,200,363754,157.787,3978.414,91432
1787797896143,efae07d3-6174-d5cc-334b-da855350efd6,/p/0/27c5ff7c6bf5e732,1,200,2862138,279.110,22086.232,129589
1787797896143,efae07d3-6174-d5cc-334b-da855350efd6,/p/0/27c5fe7c6bf5e57f,1,200,3035599,79.289,22113.146,137276
1787797895756,a056b4d1-a94d-5775-ad57-fb68a7e01b19,/p/0/fafbec49beca1c0e,3,200,4178647,129.623,22675.321,184282
1787797917658,b911bd22-3123-d038-3239-60b57e06a805,/p/0/3cb12d1426ca9657,1,200,94226,53.674,848.066,111107
1787797913556,2534398d-010f-4e91-88bf-baf4d6c8706b,/p/1/af55a0c9458b63ff,3,200,282524,316.931,5023.234,56243
1787797912053,131b657c-6e34-d433-520a-b2182da98158,/p/0/6c7b3589ad6f7c64,2,200,471290,300.006,6529.857,72175
1787797915891,418530c3-e63b-5a60-d864-171d3888496b,/p/0/e95ce2208205ffbc,4,200,191166,293.792,2868.293,66648
1787797911698,3d483c4b-a97f-2835-19ed-8be893e438bd,/p/0/3937ce0107030acf,1,200,438905,168.740,7224.598,60751
1787797900547,efae07d3-6174-d5cc-334b-da855350efd6,/p/1/db88e6135778b1ef,3,200,4647310,482.282,18425.347,252224
1787797914099,c42549ee-1a1b-bc68-aaa1-cb2621d8352a,/?crawl=59,0,200,2147932,30.037,4929.118,435764
1787797911826,1d37a3af-d1a0-f2c8-e975-9a1d823fd617,/p/0/fe91fb0580a934b9,3,200,474819,486.397,7238.131,65600
1787797911826,1d37a3af-d1a0-f2c8-e975-9a1d823fd617,/p/0/fe91fa0580a93306,3,200,329556,380.236,7271.353,45323
1787797917658,b911bd22-3123-d038-3239-60b57e06a805,/p/2/3cb12f1426ca99bd,1,200,164732,134.965,1562.234,105446
1787797913556,2534398d-010f-4e91-88bf-baf4d6c8706b,/p/0/af559fc9458b624c,3,200,336123,348.338,5726.713,58694
1787797918973,efae07d3-6174-d5cc-334b-da855350efd6,/p/0/d4b1679a3bcda65b,4,200,119697,11.692,362.069,330591
1787797911826,1d37a3af-d1a0-f2c8-e975-9a1d823fd617,/p/0/fe91f90580a93153,3,200,499594,450.436,7654.585,65267
1787797917321,02225034-1495-e3cf-b847-c2b1dc9287fb,/p/1/9ae86e6965463190,2,200,2485509,2.343,2172.000,1144341
1787797897177,a056b4d1-a94d-5775-ad57-fb68a7e01b19,/p/0/c5ebe24c09790c1f,4,200,5179256,145.538,22785.676,227303
1787797918973,efae07d3-6174-d5cc-334b-da855350efd6,/p/0/d4b1699a3bcda9c1,4,200,237541,9.203,1204.036,197287
1787797914099,458a2b01-f02e-bc56-0a17-1834180f3f43,/?crawl=60,0,200,50363,493.442,6134.937,8209
1787797919028,c42549ee-1a1b-bc68-aaa1-cb2621d8352a,/p/0/67f4cc4b4075ae14,1,200,216705,106.478,1299.209,166798
1787797919493,02225034-1495-e3cf-b847-c2b1dc9287fb,/p/0/c7702543a1f65842,3,200,26786,284.451,869.088,30821
1787797895756,a056b4d1-a94d-5775-ad57-fb68a7e01b19,/p/0/fafbeb49beca1a5b,3,200,5587526,25.777,24702.141,226196
1787797917847,1b1fb81a-3810-c737-642e-61acab561a22,/p/0/a946d7b6922fa044,1,200,418866,41.431,2808.612,149136
1787797916333,a8b2b5fb-0a9c-cb0f-869a-18420532160a,/p/0/2d3798015c72cab2,6,200,156154,436.833,4403.551,35461
1787797918006,aaff7191-9dde-147b-d0ca-aad85d6e9641,/p/9/92937c49bebe8a1f,4,200,250598,232.538,2850.157,87924
1787797912877,418530c3-e63b-5a60-d864-171d3888496b,/p/0/655a884f14ee1336,3,200,395315,249.394,8104.639,48776
1787797920856,aaff7191-9dde-147b-d0ca-aad85d6e9641,/p/8/121e2b856fdb859d,5,200,13565,208.391,241.007,56285
1787797917658,b911bd22-3123-d038-3239-60b57e06a805,/p/0/3cb12e1426ca980a,1,200,261661,326.832,3449.179,75862
1787797918006,aaff7191-9dde-147b-d0ca-aad85d6e9641,/p/0/92937b49bebe886c,4,200,280105,167.718,3303.363,84794
1787797896823,b3404c61-998b-e65c-4b2c-70afbe4a9a7e,/p/8/73ce348c43ce1604,1,200,4190552,194.401,24560.997,170618
1787797895979,e5a7d5e1-c2aa-1381-882d-288c9f7a5a51,/p/0/945bac1ed75af485,1,200,4616277,61.308,25485.445,181134
1787797920856,aaff7191-9dde-147b-d0ca-aad85d6e9641,/p/0/121e2a856fdb83ea,5,200,28672,241.302,634.031,45222
1787797921099,1c1da836-b2b3-14dc-dca7-b1493bc22ca4,/?crawl=68,0,200,129975,42.059,396.074,328158
1787797918579,2534398d-010f-4e91-88bf-baf4d6c8706b,/p/0/f78c649a84716b3,4,200,129692,384.740,3114.670,41639
1787797921097,aaff7191-9dde-147b-d0ca-aad85d6e9641,/p/0/121e29856fdb8237,5,200,76523,307.937,727.705,105157
1787797915882,1e4cbd2e-35c6-9a6c-646a-44d298f37d63,/p/0/b00549cf0d8106c1,2,200,196147,666.077,6197.820,31648
1787797921384,b3404c61-998b-e65c-4b2c-70afbe4a9a7e,/p/7/e8bb95f679865054,2,200,52373,235.479,853.668,61351
1787797917431,418530c3-e63b-5a60-d864-171d3888496b,/p/0/c30c2a96b645dd0b,5,200,306057,213.701,4984.883,61397
1787797918579,2534398d-010f-4e91-88bf-baf4d6c8706b,/p/0/f78c849a8471a19,4,200,190903,318.617,4083.078,46755
1787797922101,c3ccb6ab-7a94-eba1-f582-acd04a337457,/?crawl=70,0,200,238956,135.556,871.965,274043
1787797919493,02225034-1495-e3cf-b847-c2b1dc9287fb,/p/0/c7702343a1f654dc,3,200,472860,284.463,3711.231,127413
1787797923099,11a715fc-2eae-fe5d-24be-7f4140cd67fa,/?crawl=71,0,200,22823,223.387,444.843,51306
1787797919493,02225034-1495-e3cf-b847-c2b1dc9287fb,/p/0/c7702643a1f659f5,3,200,426154,260.768,4061.799,104918
1787797918006,aaff7191-9dde-147b-d0ca-aad85d6e9641,/p/0/92937e49bebe8d85,4,200,437707,232.647,5595.558,78224
1787797917244,5d5a5106-edc4-1d8c-ddf7-cd66bba046fb,/p/0/12632045ddcd1990,1,200,2660119,51.539,6616.883,402020
1787797921101,62a4cefc-2434-7945-7c04-3ff814c3a24f,/?crawl=69,0,200,452715,71.899,3007.653,150521
1787797913466,59b14c7f-ebce-4660-7fe8-bd40c809d011,/p/3/9b44ff733f200f9a,4,200,3269686,114.633,10644.265,307178
1787797922238,b3404c61-998b-e65c-4b2c-70afbe4a9a7e,/p/6/428a651642596adc,3,200,50135,197.493,1883.661,26616
1787797896762,a6e4192b-6dce-2941-3a81-b2236c12861c,/p/0/bb3055da0090def8,1,200,3991961,250.582,27689.386,144169
1787797918759,418530c3-e63b-5a60-d864-171d3888496b,/p/0/c30c2c96b645e071,5,200,287228,207.922,5700.449,50387
1787797924099,dd07d31b-a488-2faa-b136-3aa0efe469fc,/?crawl=74,0,200,107506,46.617,363.193,296003
1787797918579,2534398d-010f-4e91-88bf-baf4d6c8706b,/p/0/f78c749a8471866,4,200,364470,349.782,5894.573,61831
1787797917844,f19b46cf-90ab-2283-67cb-57fa37b2600a,/p/3/9fceaecd036e445,1,200,375127,168.733,6743.449,55628
1787797921495,1c1da836-b2b3-14dc-dca7-b1493bc22ca4,/p/7/7a89d96c58bcfcff,1,200,286417,35.416,3155.391,90771
1787797924111,59b14c7f-ebce-4660-7fe8-bd40c809d011,/p/0/c0a1dd000e652dac,5,200,105617,124.880,610.143,173102
1787797909622,131b657c-6e34-d433-520a-b2182da98158,/p/0/214965dbffa2b73,1,200,2409621,165.236,15099.528,159583
1787797921495,1c1da836-b2b3-14dc-dca7-b1493bc22ca4,/p/0/7a89d86c58bcfb4c,1,200,269128,123.930,3311.105,81280
1787797921825,aaff7191-9dde-147b-d0ca-aad85d6e9641,/p/0/fde541c62a0100ea,6,200,283432,278.233,2982.716,95025
1787797915882,1e4cbd2e-35c6-9a6c-646a-44d298f37d63,/p/0/b00548cf0d81050e,2,200,369678,666.104,8977.560,41178
1787797891993,57a3b147-4cda-ee57-1f5e-54a9b89469de,/p/0/cc63e22d0092b235,2,200,3371640,289.629,33062.277,101978
1787797896355,e5a7d5e1-c2aa-1381-882d-288c9f7a5a51,/p/2/4c630776b814c39b,2,200,5926074,276.301,28780.041,205909
1787797919220,b911bd22-3123-d038-3239-60b57e06a805,/p/0/962b97ba28acede9,2,200,490492,351.163,5986.787,81929
1787797917844,f19b46cf-90ab-2283-67cb-57fa37b2600a,/p/0/9fce9ecd036e292,1,200,496013,168.856,7611.383,65167
1787797916055,3e765856-7636-aec0-bf39-c9ffaa22a050,/p/0/83b81d1f360976a8,2,200,4436072,54.512,9440.600,469893
1787797917244,5d5a5106-edc4-1d8c-ddf7-cd66bba046fb,/p/8/12632245ddcd1cf6,1,200,4278737,16.776,8298.681,515592
1787797916055,3e765856-7636-aec0-bf39-c9ffaa22a050,/p/0/83b8201f36097bc1,2,200,4819815,67.270,9550.273,504678
1787797925099,5a589aab-bb4e-c0b0-6827-cacae890fe99,/?crawl=75,0,200,440430,22.099,557.654,789791
1787797924111,59b14c7f-ebce-4660-7fe8-bd40c809d011,/p/0/c0a1e0000e6532c5,5,200,309295,113.887,1667.739,185458
1787797925657,5a589aab-bb4e-c0b0-6827-cacae890fe99,/p/0/71006176cdec959a,1,200,48401,38.921,160.642,301298
1787797917321,02225034-1495-e3cf-b847-c2b1dc9287fb,/p/0/9ae87069654634f6,2,200,3248488,2.277,8502.571,382059
1787797924651,1c1da836-b2b3-14dc-dca7-b1493bc22ca4,/p/6/707edc3825d0b93f,2,200,93045,193.965,1180.590,78812
1787797925543,5d5a5106-edc4-1d8c-ddf7-cd66bba046fb,/p/0/2f2983bfa870945,2,200,98713,16.564,363.037,271909
1787797916055,3e765856-7636-aec0-bf39-c9ffaa22a050,/p/2/83b81f1f36097a0e,2,200,4870165,54.557,9862.392,493812
1787797924111,59b14c7f-ebce-4660-7fe8-bd40c809d011,/p/2/c0a1de000e652f5f,5,200,325596,124.929,1807.680,180118
1787797925542,5d5a5106-edc4-1d8c-ddf7-cd66bba046fb,/p/7/2f2973bfa870792,2,200,194384,25.406,527.598,368432
1787797917099,89a12de7-1a83-e323-aa62-af1ab1ea5c69,/?crawl=65,0,200,3115427,44.286,8990.043,346542
1787797925917,3e765856-7636-aec0-bf39-c9ffaa22a050,/p/0/658a472311ad1f3c,3,200,143180,50.873,259.896,550912
1787797909404,59b14c7f-ebce-4660-7fe8-bd40c809d011,/p/0/161ce55307ea8fe,2,200,4457773,140.624,16791.235,265482
1787797925135,e5a7d5e1-c2aa-1381-882d-288c9f7a5a51,/p/1/eae84cedf2322efc,3,200,191818,34.464,1102.490,173986
1787797925919,59b14c7f-ebce-4660-7fe8-bd40c809d011,/p/1/68f20381b14b79a3,6,200,31733,147.019,359.142,88358
1787797925917,3e765856-7636-aec0-bf39-c9ffaa22a050,/p/1/658a492311ad22a2,3,200,187949,50.898,379.708,494983
1787797897505,a8b2b5fb-0a9c-cb0f-869a-18420532160a,/p/0/20f092de914c8007,2,200,3581298,329.243,28968.678,123627
1787797924121,b3404c61-998b-e65c-4b2c-70afbe4a9a7e,/p/5/333452e8fff95787,4,200,140248,251.687,2389.743,58687
1787797925656,5a589aab-bb4e-c0b0-6827-cacae890fe99,/p/0/71006076cdec93e7,1,200,332519,38.921,879.227,378195
1787797926297,3e765856-7636-aec0-bf39-c9ffaa22a050,/p/0/55a72a40d98f1b55,4,200,175266,49.996,492.317,356002
1787797926297,3e765856-7636-aec0-bf39-c9ffaa22a050,/p/0/55a72940d98f19a2,4,200,178032,58.290,512.393,347452
1787797925917,3e765856-7636-aec0-bf39-c9ffaa22a050,/p/0/658a4a2311ad2455,3,200,519659,9.952,1032.044,503524
1787797924462,dd07d31b-a488-2faa-b136-3aa0efe469fc,/p/0/dd960d193951a13a,1,200,261927,44.045,2511.994,104271
1787797926070,5d5a5106-edc4-1d8c-ddf7-cd66bba046fb,/p/6/3fd475dc52c6880e,3,200,176497,87.583,905.876,194836
1787797926297,3e765856-7636-aec0-bf39-c9ffaa22a050,/p/0/55a72840d98f17ef,4,200,465942,54.342,728.728,639391
1787797926070,5d5a5106-edc4-1d8c-ddf7-cd66bba046fb,/p/0/3fd476dc52c689c1,3,200,224698,87.545,1039.199,216222
1787797919099,5bb2dcb3-e65e-13f8-9e97-775375e86d63,/?crawl=67,0,200,393534,248.254,8021.307,49061
1787797924462,dd07d31b-a488-2faa-b136-3aa0efe469fc,/p/0/dd960b1939519dd4,1,200,241868,203.426,2671.725,90529
1787797926976,5d5a5106-edc4-1d8c-ddf7-cd66bba046fb,/p/5/e8ee60b74acd267d,4,200,39686,97.592,442.493,89687
1787797924588,f19b46cf-90ab-2283-67cb-57fa37b2600a,/p/0/ff41ce6090938c51,2,200,169151,469.809,3429.704,49319
1787797924108,62a4cefc-2434-7945-7c04-3ff814c3a24f,/p/0/e71f850ec422089f,1,200,320092,69.986,3935.396,81337
1787797925135,e5a7d5e1-c2aa-1381-882d-288c9f7a5a51,/p/0/eae84dedf23230af,3,200,300649,181.666,3125.604,96189
1787797926238,e5a7d5e1-c2aa-1381-882d-288c9f7a5a51,/p/0/b9ae6f9ad593231b,4,200,147365,182.911,2114.862,69681
1787797926089,89a12de7-1a83-e323-aa62-af1ab1ea5c69,/p/0/34c8db85168de29e,1,200,288686,41.711,2296.637,125699
1787797928099,6c9127e2-f235-a143-26bc-92cba9ff5a44,/?crawl=77,0,200,85984,55.502,357.065,240808
1787797904099,458e7d59-ccd1-a2b4-3ae1-c4419237d274,/?crawl=41,0,200,4486386,79.652,24426.110,183672
1787797926278,59b14c7f-ebce-4660-7fe8-bd40c809d011,/p/0/5879f81ee13f21af,7,200,299469,111.679,2266.854,132108
1787797925918,59b14c7f-ebce-4660-7fe8-bd40c809d011,/p/0/68f20581b14b7d09,6,200,363530,112.598,2650.943,137132
1787797926089,89a12de7-1a83-e323-aa62-af1ab1ea5c69,/p/0/34c8da85168de0eb,1,200,279077,104.584,2551.649,109371
1787797926511,b3404c61-998b-e65c-4b2c-70afbe4a9a7e,/p/0/333451e8fff955d4,4,200,107267,233.282,2144.620,50017
1787797916965,a8b2b5fb-0a9c-cb0f-869a-18420532160a,/p/0/2d3797015c72c8ff,6,200,376611,431.076,11696.050,32200
1787797924588,f19b46cf-90ab-2283-67cb-57fa37b2600a,/p/2/ff41cd6090938a9e,2,200,235174,469.843,4105.807,57278
1787797901008,57a3b147-4cda-ee57-1f5e-54a9b89469de,/p/0/639abca11d5788c4,6,200,2864372,161.721,27855.252,102831
1787797926089,89a12de7-1a83-e323-aa62-af1ab1ea5c69,/p/1/34c8d985168ddf38,1,200,386555,83.970,2782.944,138901
1787797924108,62a4cefc-2434-7945-7c04-3ff814c3a24f,/p/14/e71f840ec42206ec,1,200,334957,348.742,4843.267,69159
1787797924651,1c1da836-b2b3-14dc-dca7-b1493bc22ca4,/p/0/707edb3825d0b78c,2,200,351847,213.944,4331.515,81230
1787797926238,e5a7d5e1-c2aa-1381-882d-288c9f7a5a51,/p/0/b9ae719ad5932681,4,200,262249,217.198,2772.035,94605
1787797911044,2534398d-010f-4e91-88bf-baf4d6c8706b,/p/0/67ce6f713c45cfd9,2,200,3300062,350.277,17969.679,183646
1787797923544,11a715fc-2eae-fe5d-24be-7f4140cd67fa,/p/0/23570b007b80bb9b,1,200,127723,2546.376,5554.263,22995
1787797924108,62a4cefc-2434-7945-7c04-3ff814c3a24f,/p/0/e71f860ec4220a52,1,200,377355,245.158,5015.990,75230
1787797929099,0784c774-9f88-c7ee-5938-a3e54b608ff3,/?crawl=79,0,200,26771,53.704,129.213,207186
1787797929099,fbde3dfa-c31a-bd64-2430-b5ac2238df9e,/?crawl=78,0,200,96713,40.966,159.788,605257
1787797924099,8af6d21c-c555-4ee8-ee2a-928b7e4cdb9f,/?crawl=72,0,200,4599054,20.037,5257.227,874806
1787797926976,5d5a5106-edc4-1d8c-ddf7-cd66bba046fb,/p/0/e8ee5eb74acd2317,4,200,393520,97.538,2498.830,157482
1787797918973,efae07d3-6174-d5cc-334b-da855350efd6,/p/0/d4b1669a3bcda4a8,4,200,6238163,11.693,10566.548,590369
1787797910375,2534398d-010f-4e91-88bf-baf4d6c8706b,/p/0/a54f94d9750e932a,1,200,5991231,95.462,19253.560,311175
1787797929356,8af6d21c-c555-4ee8-ee2a-928b7e4cdb9f,/p/0/69180de7bdafde7b,1,200,101912,80.565,322.704,315807
1787797926278,59b14c7f-ebce-4660-7fe8-bd40c809d011,/p/0/5879f91ee13f2362,7,200,372866,111.811,3433.321,108602
1787797928693,f19b46cf-90ab-2283-67cb-57fa37b2600a,/p/1/26b0241ba60d6c1e,3,200,22211,336.911,1072.145,20716
1787797914099,ab520529-6a6e-77a2-b89c-c097883cf706,/?crawl=61,0,200,5774101,40.068,15668.590,368514
1787797896762,a6e4192b-6dce-2941-3a81-b2236c12861c,/p/0/bb3057da0090e25e,1,200,5425405,53.012,33036.007,164227
1787797929228,0784c774-9f88-c7ee-5938-a3e54b608ff3,/p/0/88046213d6a90e69,1,200,33095,127.049,586.575,56421
1787797919099,78a83871-d5f5-c12b-5835-49edf71fc86e,/?crawl=66,0,200,5666498,31.236,10737.267,527741
1787797929259,fbde3dfa-c31a-bd64-2430-b5ac2238df9e,/p/0/f49a0cb6420e1856,1,200,233890,4.192,630.738,370820
1787797929259,fbde3dfa-c31a-bd64-2430-b5ac2238df9e,/p/0/f49a0ab6420e14f0,1,200,450519,3.697,641.262,702551
1787797928872,89a12de7-1a83-e323-aa62-af1ab1ea5c69,/p/0/588a0915558939b,2,200,113057,42.261,1097.484,103015
1787797919028,c42549ee-1a1b-bc68-aaa1-cb2621d8352a,/p/16/67f4cd4b4075afc7,1,200,2709723,31.448,11096.879,244188
1787797911099,3bea3d9f-48cd-f49c-c757-c6700e855e45,/?crawl=52,0,200,4788598,53.832,19057.966,251265
1787797929356,8af6d21c-c555-4ee8-ee2a-928b7e4cdb9f,/p/0/69180ee7bdafe02e,1,200,376497,17.461,827.140,455179
1787797930099,bc24846c-aab4-1d78-18c7-e91b24b29742,/?crawl=80,0,200,461409,24.812,188.444,2448518
1787797930287,bc24846c-aab4-1d78-18c7-e91b24b29742,/p/0/bcd4b427cf32ca33,1,200,7498,6.578,9.565,783861
1787797929228,0784c774-9f88-c7ee-5938-a3e54b608ff3,/p/0/88046013d6a90b03,1,200,133440,178.252,1098.455,121480
1787797930157,3bea3d9f-48cd-f49c-c757-c6700e855e45,/p/0/600c78bc3038f6f5,1,200,11010,172.191,196.286,56092
1787797929356,8af6d21c-c555-4ee8-ee2a-928b7e4cdb9f,/p/2/69180ce7bdafdcc8,1,200,424459,71.339,1069.473,396886
1787797929475,5d5a5106-edc4-1d8c-ddf7-cd66bba046fb,/p/0/51b8a5dae1e2b2d0,5,200,137494,106.242,1010.121,136116
1787797929767,ab520529-6a6e-77a2-b89c-c097883cf706,/p/0/82722ffb68f9b937,1,200,95861,94.522,752.146,127450
1787797929228,0784c774-9f88-c7ee-5938-a3e54b608ff3,/p/0/88046113d6a90cb6,1,200,199034,50.662,1300.768,153013
1787797927419,5d5a5106-edc4-1d8c-ddf7-cd66bba046fb,/p/4/51b8a7dae1e2b636,5,200,416883,94.785,3126.532,133337
1787797904659,9ab40283-f209-5116-d31d-55e6dfb10446,/p/0/96ab9a6a4fe2f1aa,1,200,4214227,58.051,25911.551,162639
1787797930287,bc24846c-aab4-1d78-18c7-e91b24b29742,/p/0/bcd4b527cf32cbe6,1,200,449799,9.539,330.677,1360237
1787797928952,62a4cefc-2434-7945-7c04-3ff814c3a24f,/p/13/af70ec7f26d171aa,2,200,101168,172.557,1705.034,59335
1787797930545,5d5a5106-edc4-1d8c-ddf7-cd66bba046fb,/p/3/7254a140cbd25ff5,6,200,11566,95.670,112.935,102413
1787797929836,78a83871-d5f5-c12b-5835-49edf71fc86e,/p/0/ef07d79dd45ebe0b,1,200,184973,39.809,866.939,213363
1787797927419,5d5a5106-edc4-1d8c-ddf7-cd66bba046fb,/p/0/51b8a8dae1e2b7e9,5,200,444740,94.848,3291.289,135126
1787797928693,f19b46cf-90ab-2283-67cb-57fa37b2600a,/p/0/26b0221ba60d68b8,3,200,108222,336.945,2044.178,52942
1787797928872,89a12de7-1a83-e323-aa62-af1ab1ea5c69,/p/0/588a29155589701,2,200,259596,106.590,2200.786,117956
1787797924651,1c1da836-b2b3-14dc-dca7-b1493bc22ca4,/p/0/707ede3825d0bca5,2,200,387298,193.965,6619.578,58508
1787797930426,8af6d21c-c555-4ee8-ee2a-928b7e4cdb9f,/p/1/f5e4049102bd44f2,2,200,279852,99.552,922.187,303466
1787797925831,1c1da836-b2b3-14dc-dca7-b1493bc22ca4,/p/0/18629df0a7480392,3,200,319233,220.582,5562.587,57389
1787797881099,558e27b6-befe-b208-ddb1-bf55a81229d0,/?crawl=7,0,200,4130263,284.260,50429.200,81902
1787797916687,a056b4d1-a94d-5775-ad57-fb68a7e01b19,/p/3/f3b251ff984bc4cd,5,200,3836271,874.798,14861.809,258129
1787797931099,f9106e87-b7bd-df17-60d1-0a2b093e0b4e,/?crawl=83,0,200,411498,32.271,464.046,886762
1787797931099,27e17e5b-a7c2-cec0-318f-bc4daa743daa,/?crawl=81,0,200,170945,46.267,518.247,329853
1787797929836,78a83871-d5f5-c12b-5835-49edf71fc86e,/p/3/ef07d99dd45ec171,1,200,377898,52.967,1856.918,203508
1787797931099,a776d2e4-61dd-f4bf-a959-7057990f7aff,/?crawl=82,0,200,116159,74.801,620.967,187061
1787797925656,5a589aab-bb4e-c0b0-6827-cacae890fe99,/p/4/71006276cdec974d,1,200,4668511,19.417,6179.858,755440
1787797930710,5d5a5106-edc4-1d8c-ddf7-cd66bba046fb,/p/2/d747c38ccb980236,7,200,163774,158.905,1445.659,113287
1787797925831,1c1da836-b2b3-14dc-dca7-b1493bc22ca4,/p/5/18629bf0a748002c,3,200,480072,199.993,6339.123,75732
1787797930157,3bea3d9f-48cd-f49c-c757-c6700e855e45,/p/2/600c77bc3038f542,1,200,299513,196.258,2017.353,148468
1787797929767,ab520529-6a6e-77a2-b89c-c097883cf706,/p/0/82722efb68f9b784,1,200,366137,39.610,2428.641,150758
1787797931693,78a83871-d5f5-c12b-5835-49edf71fc86e,/p/0/87c9c2b7c8030929,2,200,18186,159.177,507.136,35860
1787797930287,bc24846c-aab4-1d78-18c7-e91b24b29742,/p/6/bcd4b627cf32cd99,1,200,4645414,12.947,1929.260,2407874
1787797932217,bc24846c-aab4-1d78-18c7-e91b24b29742,/p/0/d712fcabfb797b76,2,200,92791,5.839,95.171,974991
1787797932217,bc24846c-aab4-1d78-18c7-e91b24b29742,/p/5/d712fdabfb797d29,2,200,96472,21.525,111.005,869078
1787797932328,bc24846c-aab4-1d78-18c7-e91b24b29742,/p/0/97563bcccebc3a45,3,200,19889,35.580,61.462,323599
1787797932328,bc24846c-aab4-1d78-18c7-e91b24b29742,/p/0/975638cccebc352c,3,200,57137,35.482,93.347,612095
1787797923544,11a715fc-2eae-fe5d-24be-7f4140cd67fa,/p/0/23570c007b80bd4e,1,200,465753,549.366,8960.135,51981
1787797931836,5a589aab-bb4e-c0b0-6827-cacae890fe99,/p/3/e9d80f14b2a03094,2,200,185474,95.858,703.149,263776
1787797932328,bc24846c-aab4-1d78-18c7-e91b24b29742,/p/4/97563acccebc3892,3,200,436064,35.560,392.704,1110414
1787797930426,8af6d21c-c555-4ee8-ee2a-928b7e4cdb9f,/p/0/f5e4059102bd46a5,2,200,510142,90.157,2391.541,213311
1787797931348,8af6d21c-c555-4ee8-ee2a-928b7e4cdb9f,/p/0/1df80ccd953c5ae9,3,200,246134,91.017,1534.069,160445
1787797932540,5a589aab-bb4e-c0b0-6827-cacae890fe99,/p/0/5c9b89e3cc950450,3,200,42396,134.638,421.781,100517
1787797930125,c42549ee-1a1b-bc68-aaa1-cb2621d8352a,/p/15/103b38dfdcae25d0,2,200,390386,161.882,2983.420,130852
1787797930545,5d5a5106-edc4-1d8c-ddf7-cd66bba046fb,/p/0/7254a040cbd25e42,6,200,356130,112.941,2582.077,137924
1787797927120,5bb2dcb3-e65e-13f8-9e97-775375e86d63,/p/12/5b9d84403fc3cb5e,1,200,109712,276.744,6025.841,18207
1787797932156,5d5a5106-edc4-1d8c-ddf7-cd66bba046fb,/p/0/d747c48ccb9803e9,7,200,120231,115.064,1032.682,116426
1787797922973,c3ccb6ab-7a94-eba1-f582-acd04a337457,/p/0/8fecb5a2e6e5c588,1,200,2461888,51.050,10394.191,236852
1787797922973,c3ccb6ab-7a94-eba1-f582-acd04a337457,/p/0/8fecb8a2e6e5caa1,1,200,2564325,151.803,10394.866,246691
1787797931836,5a589aab-bb4e-c0b0-6827-cacae890fe99,/p/0/e9d81014b2a03247,2,200,366570,19.059,1596.415,229621
1787797932721,bc24846c-aab4-1d78-18c7-e91b24b29742,/p/0/efa834e09815f863,4,200,462772,31.327,799.102,579115
1787797932720,bc24846c-aab4-1d78-18c7-e91b24b29742,/p/0/efa835e09815fa16,4,200,505730,40.550,810.777,623759
1787797931549,a056b4d1-a94d-5775-ad57-fb68a7e01b19,/p/0/b786aa3afcf13540,6,200,194596,185.353,2025.718,96063
1787797931348,8af6d21c-c555-4ee8-ee2a-928b7e4cdb9f,/p/0/1df80acd953c5783,3,200,432541,99.936,2303.267,187795
1787797931348,8af6d21c-c555-4ee8-ee2a-928b7e4cdb9f,/p/0/1df80bcd953c5936,3,200,514056,90.989,2372.664,216658
1787797932540,5a589aab-bb4e-c0b0-6827-cacae890fe99,/p/2/5c9b8ae3cc950603,3,200,208343,96.260,1273.433,163607
1787797916687,a056b4d1-a94d-5775-ad57-fb68a7e01b19,/p/0/f3b24fff984bc167,5,200,4276636,874.915,17171.399,249056
1787797922973,c3ccb6ab-7a94-eba1-f582-acd04a337457,/p/2/8fecb7a2e6e5c8ee,1,200,3923879,126.486,10988.241,357098
1787797934099,9b6facf4-1b02-23d8-fb60-de9ed8e411f9,/?crawl=85,0,200,18492,15.813,33.704,548664
1787797931693,78a83871-d5f5-c12b-5835-49edf71fc86e,/p/2/87c9c0b7c80305c3,2,200,455197,172.145,2440.207,186540
1787797933188,5d5a5106-edc4-1d8c-ddf7-cd66bba046fb,/p/1/87aa473b6acc3844,8,200,176935,119.953,995.575,177721
1787797931618,27e17e5b-a7c2-cec0-318f-bc4daa743daa,/p/0/296a61ca3a97d939,1,200,314988,42.757,2567.199,122697
1787797932540,5a589aab-bb4e-c0b0-6827-cacae890fe99,/p/0/5c9b8ce3cc950969,3,200,452257,96.183,1681.273,268997
1787797931528,558e27b6-befe-b208-ddb1-bf55a81229d0,/p/0/36011b452402b41d,1,200,400981,199.223,2749.711,145827
1787797930157,3bea3d9f-48cd-f49c-c757-c6700e855e45,/p/0/600c75bc3038f1dc,1,200,485425,245.623,4178.258,116179
1787797933127,5d5a5106-edc4-1d8c-ddf7-cd66bba046fb,/p/0/d747c18ccb97fed0,7,200,167632,103.805,1221.113,137278
1787797928656,b3404c61-998b-e65c-4b2c-70afbe4a9a7e,/p/0/333454e8fff95aed,4,200,287441,194.398,5791.240,49634
1787797926238,e5a7d5e1-c2aa-1381-882d-288c9f7a5a51,/p/0/b9ae6e9ad5932168,4,200,2354403,200.270,8247.451,285470
1787797933813,5a589aab-bb4e-c0b0-6827-cacae890fe99,/p/1/fce88ae3f30b486f,4,200,120660,120.619,674.683,178839
1787797910017,418530c3-e63b-5a60-d864-171d3888496b,/p/0/afca6eda02ea11ae,2,200,4756477,75.061,24497.672,194160
1787797931618,27e17e5b-a7c2-cec0-318f-bc4daa743daa,/p/0/296a5eca3a97d420,1,200,318048,42.832,2950.996,107776
1787797934134,78a83871-d5f5-c12b-5835-49edf71fc86e,/p/1/3ba7b6ba1fc6017a,3,200,30641,147.824,453.164,67616
1787797932217,bc24846c-aab4-1d78-18c7-e91b24b29742,/p/0/d712fbabfb7979c3,2,200,2704958,15.187,2417.512,1118902
1787797930657,62a4cefc-2434-7945-7c04-3ff814c3a24f,/p/0/fd907b89b23bf302,3,200,122491,459.574,4011.753,30533
1787797931549,a056b4d1-a94d-5775-ad57-fb68a7e01b19,/p/2/b786ab3afcf136f3,6,200,408763,147.258,3244.521,125986
1787797932174,3bea3d9f-48cd-f49c-c757-c6700e855e45,/p/0/212b077e534358d3,2,200,197806,248.370,2654.216,74525
1787797928525,458e7d59-ccd1-a2b4-3ae1-c4419237d274,/p/0/7692938f3b9beacc,1,200,385036,78.080,6395.615,60203
1787797933108,c42549ee-1a1b-bc68-aaa1-cb2621d8352a,/p/0/be98efd47cc825db,3,200,153909,193.219,1827.534,84217
1787797932174,3bea3d9f-48cd-f49c-c757-c6700e855e45,/p/0/212b087e53435a86,2,200,174438,345.182,2854.193,61116
1787797917847,1b1fb81a-3810-c737-642e-61acab561a22,/p/0/a946dab6922fa55d,1,200,2735180,208.798,17329.273,157836
1787797932170,1c1da836-b2b3-14dc-dca7-b1493bc22ca4,/p/0/6b39ad4931dde0a6,4,200,242153,336.025,3009.181,80471
1787797933813,5a589aab-bb4e-c0b0-6827-cacae890fe99,/p/0/fce88ce3f30b4bd5,4,200,177630,92.859,1481.354,119911
1787797934184,5d5a5106-edc4-1d8c-ddf7-cd66bba046fb,/p/0/87aa483b6acc39f7,8,200,99921,112.718,1117.451,89419
1787797933961,c3ccb6ab-7a94-eba1-f582-acd04a337457,/p/0/ddd4919389c11828,2,200,201089,48.673,1491.383,134834
1787797928525,458e7d59-ccd1-a2b4-3ae1-c4419237d274,/p/0/7692968f3b9befe5,1,200,463436,153.312,7057.110,65669
1787797934133,9b6facf4-1b02-23d8-fb60-de9ed8e411f9,/p/0/7713b4408d03ac6c,1,200,417262,76.875,1473.376,283201
1787797931549,a056b4d1-a94d-5775-ad57-fb68a7e01b19,/p/0/b786ad3afcf13a59,6,200,496480,185.447,4096.319,121201
1787797933109,c42549ee-1a1b-bc68-aaa1-cb2621d8352a,/p/14/be98f1d47cc82941,3,200,226070,178.397,2553.638,88529
1787797932720,bc24846c-aab4-1d78-18c7-e91b24b29742,/p/3/efa833e09815f6b0,4,200,5177032,31.422,3102.498,1668666
1787797928952,62a4cefc-2434-7945-7c04-3ff814c3a24f,/p/0/af70ea7f26d16e44,2,200,385241,380.787,6938.719,55520
1787797935099,ac39224d-dc9e-2189-ae84-9173fba52093,/?crawl=86,0,200,285441,47.155,919.119,310559
1787797909622,131b657c-6e34-d433-520a-b2182da98158,/p/0/214975dbffa2d26,1,200,3884273,165.219,26433.816,146943
1787797935823,bc24846c-aab4-1d78-18c7-e91b24b29742,/p/2/a03b55d87cc38b75,5,200,282605,13.899,255.905,1104335
1787797926099,771ec465-a200-b118-89d1-9cd3f33d952d,/?crawl=76,0,200,468944,230.357,10038.974,46712
1787797934348,5d5a5106-edc4-1d8c-ddf7-cd66bba046fb,/p/0/87aa493b6acc3baa,8,200,268297,83.867,1906.388,140736
1787797928694,f19b46cf-90ab-2283-67cb-57fa37b2600a,/p/0/26b0251ba60d6dd1,3,200,267078,471.903,7631.516,34997
1787797925135,e5a7d5e1-c2aa-1381-882d-288c9f7a5a51,/p/0/eae84eedf2323262,3,200,6179745,199.534,11304.372,546669
1787797934488,5a589aab-bb4e-c0b0-6827-cacae890fe99,/p/0/bdaa378c2cfe13b1,5,200,302130,97.069,2061.930,146528
1787797893796,57a3b147-4cda-ee57-1f5e-54a9b89469de,/p/0/c902243991569df4,4,200,4879335,148.740,42819.724,113951
1787797934488,5a589aab-bb4e-c0b0-6827-cacae890fe99,/p/0/bdaa348c2cfe0e98,5,200,356770,164.615,2230.517,159949
1787797929766,f19b46cf-90ab-2283-67cb-57fa37b2600a,/p/0/d1d206103a1f5a4e,4,200,312037,411.973,6987.867,44654
1787797934447,b3404c61-998b-e65c-4b2c-70afbe4a9a7e,/p/4/12778510bd2c6db4,5,200,139103,196.581,2325.223,59823
1787797936079,bc24846c-aab4-1d78-18c7-e91b24b29742,/p/1/bf4ec0eede6e1b00,6,200,56449,827.996,830.521,67968
1787797936079,bc24846c-aab4-1d78-18c7-e91b24b29742,/p/0/bf4ec1eede6e1cb3,6,200,285058,16.088,840.287,339239
1787797930657,62a4cefc-2434-7945-7c04-3ff814c3a24f,/p/12/fd907989b23bef9c,3,200,338419,423.518,6311.981,53615
1787797936099,be193803-9a2e-d4ca-9e92-f8d98c7770e9,/?crawl=88,0,200,300940,47.832,941.881,319509
1787797936079,bc24846c-aab4-1d78-18c7-e91b24b29742,/p/0/bf4ec2eede6e1e66,6,200,131957,828.112,963.216,136996
1787797929766,f19b46cf-90ab-2283-67cb-57fa37b2600a,/p/0/d1d207103a1f5c01,4,200,235419,353.305,7489.074,31435
1787797934794,a056b4d1-a94d-5775-ad57-fb68a7e01b19,/p/0/a71c91518ce0ef44,7,200,299652,266.054,2502.369,119747
1787797936099,128f72ea-4b36-e668-6a4f-54d0d60314c9,/?crawl=89,0,200,330820,55.917,1230.175,268921
1787797931720,a776d2e4-61dd-f4bf-a959-7057990f7aff,/p/0/96000d6ca5fce4d9,1,200,361564,72.162,5654.089,63947
1787797936919,bc24846c-aab4-1d78-18c7-e91b24b29742,/p/0/b799465b37349be2,7,200,45071,313.257,478.179,94256
1787797916687,a056b4d1-a94d-5775-ad57-fb68a7e01b19,/p/0/f3b250ff984bc31a,5,200,4439126,874.968,20714.029,214305
1787797934134,78a83871-d5f5-c12b-5835-49edf71fc86e,/p/0/3ba7b4ba1fc5fe14,3,200,260040,214.715,3362.756,77329
1787797892515,57a3b147-4cda-ee57-1f5e-54a9b89469de,/p/0/569f0833de777d6a,3,200,5502085,136.322,45143.200,121881
1787797934794,a056b4d1-a94d-5775-ad57-fb68a7e01b19,/p/1/a71c93518ce0f2aa,7,200,444256,131.935,2913.859,152463
1787797936969,62a4cefc-2434-7945-7c04-3ff814c3a24f,/p/11/f555723d9c9f3953,4,200,30027,418.476,766.413,39179
1787797936909,bc24846c-aab4-1d78-18c7-e91b24b29742,/p/0/b799455b37349a2f,7,200,183267,375.385,898.267,204023
1787797932170,1c1da836-b2b3-14dc-dca7-b1493bc22ca4,/p/4/6b39ab4931dddd40,4,200,399309,197.008,5647.938,70700
1787797934794,a056b4d1-a94d-5775-ad57-fb68a7e01b19,/p/0/a71c94518ce0f45d,7,200,496393,146.301,3029.860,163834
1787797933961,c3ccb6ab-7a94-eba1-f582-acd04a337457,/p/0/ddd4949389c11d41,2,200,507280,100.854,3921.042,129374
1787797919220,b911bd22-3123-d038-3239-60b57e06a805,/p/1/962b96ba28acec36,2,200,2216981,324.149,18677.919,118695
1787797936910,bc24846c-aab4-1d78-18c7-e91b24b29742,/p/0/b799445b3734987c,7,200,370538,323.006,1126.976,328790
1787797936018,ac39224d-dc9e-2189-ae84-9173fba52093,/p/2/e3a960e2f868b9bf,1,200,303460,43.488,2057.022,147524
1787797938099,88dd0793-19b2-1a54-d191-86d90cb40db7,/?crawl=90,0,200,42517,24.238,76.056,559019
1787797936255,5d5a5106-edc4-1d8c-ddf7-cd66bba046fb,/p/0/52d7326dfa621ecf,9,200,210388,118.957,1925.692,109253
1787797935301,5d5a5106-edc4-1d8c-ddf7-cd66bba046fb,/p/0/52d7316dfa621d1c,9,200,498986,131.585,2879.258,173304
1787797934587,78a83871-d5f5-c12b-5835-49edf71fc86e,/p/0/dcc173904411a375,4,200,383104,132.694,3751.240,102127
1787797938175,88dd0793-19b2-1a54-d191-86d90cb40db7,/p/0/36e4ea71b883eaa3,1,200,70391,63.805,250.343,281179
1787797934134,78a83871-d5f5-c12b-5835-49edf71fc86e,/p/0/3ba7b7ba1fc6032d,3,200,379028,160.319,4584.102,82683
1787797911826,3d483c4b-a97f-2835-19ed-8be893e438bd,/p/1/f8e7347bd3c7e159,2,200,3692875,455.080,26969.808,136926
1787797937496,78a83871-d5f5-c12b-5835-49edf71fc86e,/p/0/dcc1709044119e5c,4,200,147434,213.827,1312.597,112322
1787797933109,c42549ee-1a1b-bc68-aaa1-cb2621d8352a,/p/0/be98f0d47cc8278e,3,200,456600,280.878,5724.193,79767
1787797937898,b911bd22-3123-d038-3239-60b57e06a805,/p/0/e97b799437b0c881,3,200,40376,274.359,954.934,42281
1787797910017,418530c3-e63b-5a60-d864-171d3888496b,/p/0/afca6dda02ea0ffb,2,200,5433427,58.400,28845.056,188366
1787797899404,57a3b147-4cda-ee57-1f5e-54a9b89469de,/p/1/639abda11d578a77,6,200,5523843,135.995,39471.248,139946
1787797911956,aaff7191-9dde-147b-d0ca-aad85d6e9641,/p/0/9bc682cc0b6c9e22,2,200,3129997,395.830,26952.682,116129
1787797937708,a056b4d1-a94d-5775-ad57-fb68a7e01b19,/p/0/f65ed41ab1a2a04,8,200,202568,115.978,1232.413,164367
1787797898789,98156463-acbb-838a-4995-b01d2e8bc10e,/p/7/7520d9def0b30d81,2,200,5233431,451.447,40152.554,130339
1787797938796,3d483c4b-a97f-2835-19ed-8be893e438bd,/p/0/d08f03cc452eefc3,3,200,17976,82.637,166.338,108069
1787797934587,78a83871-d5f5-c12b-5835-49edf71fc86e,/p/0/dcc172904411a1c2,4,200,433351,146.830,4378.423,98974
1787797931720,a776d2e4-61dd-f4bf-a959-7057990f7aff,/p/14/96000b6ca5fce173,1,200,520217,108.568,7252.497,71729
1787797937041,be193803-9a2e-d4ca-9e92-f8d98c7770e9,/p/2/58276114740a7e31,1,200,194252,68.572,2063.978,94115
1787797898789,98156463-acbb-838a-4995-b01d2e8bc10e,/p/0/7520d8def0b30bce,2,200,5659787,421.244,40394.464,140113
1787797938175,88dd0793-19b2-1a54-d191-86d90cb40db7,/p/0/36e4eb71b883ec56,1,200,472565,22.220,1150.594,410714
1787797938876,57a3b147-4cda-ee57-1f5e-54a9b89469de,/p/0/ff7e20b06f308b84,7,200,103395,26.660,461.218,224178
1787797937708,a056b4d1-a94d-5775-ad57-fb68a7e01b19,/p/0/f65ee41ab1a2bb7,8,200,338213,129.697,1666.922,202897
1787797938175,88dd0793-19b2-1a54-d191-86d90cb40db7,/p/0/36e4e971b883e8f0,1,200,439683,74.792,1334.661,329434
1787797939099,63d6c761-c481-9318-891c-07a2991ae62e,/?crawl=91,0,200,251503,27.747,472.602,532167
1787797930426,8af6d21c-c555-4ee8-ee2a-928b7e4cdb9f,/p/0/f5e4029102bd418c,2,200,5358318,17.515,9145.923,585870
1787797938075,ac39224d-dc9e-2189-ae84-9173fba52093,/p/0/f03cf582f0bb6fe1,2,200,86018,233.833,1567.000,54893
1787797938075,ac39224d-dc9e-2189-ae84-9173fba52093,/p/0/f03cf282f0bb6ac8,2,200,74847,233.856,1567.072,47762
1787797938941,98156463-acbb-838a-4995-b01d2e8bc10e,/p/0/d64d4351afd1ed62,3,200,467811,242.429,703.437,665036
1787797937708,a056b4d1-a94d-5775-ad57-fb68a7e01b19,/p/0/f65f041ab1a2f1d,8,200,474023,129.713,1957.222,242192
1787797937898,b911bd22-3123-d038-3239-60b57e06a805,/p/0/e97b789437b0c6ce,3,200,111796,301.655,2045.207,54662
1787797935662,c42549ee-1a1b-bc68-aaa1-cb2621d8352a,/p/0/d1ca59d1c2160ac2,4,200,317569,150.079,4390.871,72325
1787797935823,bc24846c-aab4-1d78-18c7-e91b24b29742,/p/0/a03b54d87cc389c2,5,200,4008275,7.552,4250.795,942947
1787797936138,771ec465-a200-b118-89d1-9cd3f33d952d,/p/0/b6c1625e101bb514,1,200,8656,3544.417,4059.031,2133
1787797935823,bc24846c-aab4-1d78-18c7-e91b24b29742,/p/0/a03b53d87cc3880f,5,200,4144630,35.950,4390.675,943962
1787797929767,ab520529-6a6e-77a2-b89c-c097883cf706,/p/0/827230fb68f9baea,1,200,3547104,39.688,10611.056,334284
1787797905454,9ab40283-f209-5116-d31d-55e6dfb10446,/p/0/d999d56d4802aa71,3,200,2562252,232.019,34949.490,73313
1787797939572,63d6c761-c481-9318-891c-07a2991ae62e,/p/7/ca4f3ecf4d1edf03,1,200,216691,28.014,907.956,238658
1787797936772,b3404c61-998b-e65c-4b2c-70afbe4a9a7e,/p/0/12778610bd2c6f67,5,200,224048,254.033,3709.322,60401
1787797930738,f19b46cf-90ab-2283-67cb-57fa37b2600a,/p/0/d1d204103a1f56e8,4,200,515195,435.687,9747.905,52852
1787797938876,57a3b147-4cda-ee57-1f5e-54a9b89469de,/p/0/ff7e22b06f308eea,7,200,403258,39.740,1635.947,246498
1787797937041,be193803-9a2e-d4ca-9e92-f8d98c7770e9,/p/0/58275f14740a7acb,1,200,311087,44.691,3471.326,89616
1787797917847,1b1fb81a-3810-c737-642e-61acab561a22,/p/0/a946d9b6922fa3aa,1,200,4626656,188.549,22697.861,203837
1787797936018,ac39224d-dc9e-2189-ae84-9173fba52093,/p/0/e3a962e2f868bd25,1,200,511152,298.747,4632.918,110330
1787797934133,9b6facf4-1b02-23d8-fb60-de9ed8e411f9,/p/6/7713b6408d03afd2,1,200,3129004,84.750,6567.985,476402
1787797925919,59b14c7f-ebce-4660-7fe8-bd40c809d011,/p/0/68f20281b14b77f0,6,200,3984176,112.549,14860.837,268099
1787797936018,ac39224d-dc9e-2189-ae84-9173fba52093,/p/0/e3a95fe2f868b80c,1,200,486721,64.770,4801.540,101368
1787797927120,5bb2dcb3-e65e-13f8-9e97-775375e86d63,/p/0/5b9d85403fc3cd11,1,200,254368,808.237,13713.461,18549
1787797913564,a3d882e4-c11e-5774-e891-7258bcf8bf44,/p/2/a5cd77a372681309,1,200,6202214,230.514,27301.739,227173
1787797938973,a776d2e4-61dd-f4bf-a959-7057990f7aff,/p/0/77220260ea474473,2,200,99654,370.086,2066.755,48218
1787797938180,5d5a5106-edc4-1d8c-ddf7-cd66bba046fb,/p/0/52d7336dfa622082,9,200,489654,86.117,2892.428,169288
1787797905454,9ab40283-f209-5116-d31d-55e6dfb10446,/p/3/d999d36d4802a70b,3,200,3446592,246.169,35682.459,96591
1787797938941,98156463-acbb-838a-4995-b01d2e8bc10e,/p/0/d64d4251afd1ebaf,3,200,2304868,241.935,2274.809,1013214
1787797936969,62a4cefc-2434-7945-7c04-3ff814c3a24f,/p/0/f555743d9c9f3cb9,4,200,135096,418.547,4262.591,31693
1787797939571,63d6c761-c481-9318-891c-07a2991ae62e,/p/0/ca4f40cf4d1ee269,1,200,294114,177.943,1718.095,171186
1787797938941,98156463-acbb-838a-4995-b01d2e8bc10e,/p/6/d64d4451afd1ef15,3,200,2855293,241.892,2523.516,1131474
1787797941465,98156463-acbb-838a-4995-b01d2e8bc10e,/p/5/9bd9f7e531bb1dfd,4,200,12040,47.550,69.026,174427
1787797937329,128f72ea-4b36-e668-6a4f-54d0d60314c9,/p/0/c4bd0bb6df6f881e,1,200,289802,162.166,4295.056,67473
1787797938075,ac39224d-dc9e-2189-ae84-9173fba52093,/p/1/f03cf482f0bb6e2e,2,200,451491,233.811,3597.310,125508
1787797928525,458e7d59-ccd1-a2b4-3ae1-c4419237d274,/p/13/7692958f3b9bee32,1,200,5907814,379.590,13169.741,448590
1787797927120,5bb2dcb3-e65e-13f8-9e97-775375e86d63,/p/0/5b9d82403fc3c7f8,1,200,390331,1342.814,14678.144,26593
1787797929259,fbde3dfa-c31a-bd64-2430-b5ac2238df9e,/p/0/f49a0db6420e1a09,1,200,5844117,3.993,12583.181,464439
1787797937329,128f72ea-4b36-e668-6a4f-54d0d60314c9,/p/0/c4bd09b6df6f84b8,1,200,489757,189.806,4649.653,105332
1787797937329,128f72ea-4b36-e668-6a4f-54d0d60314c9,/p/0/c4bd0cb6df6f89d1,1,200,484109,55.133,4680.695,103427
1787797940866,a3d882e4-c11e-5774-e891-7258bcf8bf44,/p/0/156c04d566ea5d59,2,200,104374,355.510,1191.295,87614
1787797938973,a776d2e4-61dd-f4bf-a959-7057990f7aff,/p/13/77220160ea4742c0,2,200,160564,405.213,3097.213,51841
1787797931836,5a589aab-bb4e-c0b0-6827-cacae890fe99,/p/0/e9d81114b2a033fa,2,200,2306496,95.895,10322.399,223446
1787797938796,3d483c4b-a97f-2835-19ed-8be893e438bd,/p/0/d08f02cc452eee10,3,200,243724,334.038,3461.060,70419
1787797933146,5bb2dcb3-e65e-13f8-9e97-775375e86d63,/p/11/6304a0022f3320b3,2,200,398666,2416.687,9118.307,43721
1787797939105,be193803-9a2e-d4ca-9e92-f8d98c7770e9,/p/1/ac62ae5bd8ed3432,2,200,208693,242.102,3213.709,64938
1787797934133,9b6facf4-1b02-23d8-fb60-de9ed8e411f9,/p/0/7713b7408d03b185,1,200,3622604,15.236,8222.533,440570
1787797938833,c42549ee-1a1b-bc68-aaa1-cb2621d8352a,/p/0/d1ca58d1c216090f,4,200,345746,175.454,3530.135,97941
1787797941465,98156463-acbb-838a-4995-b01d2e8bc10e,/p/0/9bd9f6e531bb1c4a,4,200,435193,4.596,992.907,438302
1787797941465,98156463-acbb-838a-4995-b01d2e8bc10e,/p/0/9bd9f5e531bb1a97,4,200,422652,41.246,1020.884,414006
1787797941534,98156463-acbb-838a-4995-b01d2e8bc10e,/p/0/2493c712ff7c623e,5,200,323683,37.060,956.516,338398
1787797942264,5bb2dcb3-e65e-13f8-9e97-775375e86d63,/p/10/ead8bde828990555,3,200,21944,169.639,230.111,95363
1787797940701,9b6facf4-1b02-23d8-fb60-de9ed8e411f9,/p/0/87cc211ff8a24dd5,2,200,496264,98.962,1895.101,261867
1787797940480,63d6c761-c481-9318-891c-07a2991ae62e,/p/0/5b93be8bf4770b51,2,200,195096,179.330,2137.287,91282
1787797941534,98156463-acbb-838a-4995-b01d2e8bc10e,/p/4/2493c812ff7c63f1,5,200,475641,43.921,1108.330,429151
1787797940701,9b6facf4-1b02-23d8-fb60-de9ed8e411f9,/p/0/87cc1e1ff8a248bc,2,200,512566,85.001,1967.752,260483
1787797899051,a8b2b5fb-0a9c-cb0f-869a-18420532160a,/p/0/70f8b94b34f2908b,4,200,2875823,641.341,43632.985,65909
1787797940482,b3404c61-998b-e65c-4b2c-70afbe4a9a7e,/p/0/12778710bd2c711a,5,200,232092,295.609,2216.240,104723
1787797942071,a776d2e4-61dd-f4bf-a959-7057990f7aff,/p/0/7c844dd32e0ee22,3,200,9550,450.110,628.886,15186
1787797920234,458a2b01-f02e-bc56-0a17-1834180f3f43,/p/0/15dc8658fd94b0fd,1,200,507270,776.847,22613.543,22432
1787797942642,98156463-acbb-838a-4995-b01d2e8bc10e,/p/0/ae3979f166b332f2,6,200,76848,59.772,213.654,359685
1787797930658,5d5a5106-edc4-1d8c-ddf7-cd66bba046fb,/p/0/72549f40cbd25c8f,6,200,2197595,100.372,12278.170,178984
1787797940866,a3d882e4-c11e-5774-e891-7258bcf8bf44,/p/1/156c02d566ea59f3,2,200,226943,57.915,2167.804,104688
1787797939572,63d6c761-c481-9318-891c-07a2991ae62e,/p/0/ca4f3dcf4d1edd50,1,200,520391,137.301,3594.843,144760
1787797942642,98156463-acbb-838a-4995-b01d2e8bc10e,/p/3/ae3977f166b32f8c,6,200,401493,73.687,530.256,757168
1787797942642,98156463-acbb-838a-4995-b01d2e8bc10e,/p/0/ae3978f166b3313f,6,200,360399,64.490,539.142,668468
1787797941137,9ab40283-f209-5116-d31d-55e6dfb10446,/p/2/4d5edab8341f8477,4,200,98116,82.709,2089.440,46958
1787797897505,a8b2b5fb-0a9c-cb0f-869a-18420532160a,/p/0/20f093de914c81ba,2,200,5757471,329.888,45761.309,125815
1787797943173,98156463-acbb-838a-4995-b01d2e8bc10e,/p/2/d8b3bb7279a1e9b2,7,200,124474,20.214,120.671,1031518
1787797938796,3d483c4b-a97f-2835-19ed-8be893e438bd,/p/0/d08f04cc452ef176,3,200,515002,166.371,4499.316,114462
1787797943173,98156463-acbb-838a-4995-b01d2e8bc10e,/p/0/d8b3b97279a1e64c,7,200,104165,18.232,124.052,839690
1787797943099,21d8ef89-c627-98d7-2ec2-8cbc3d24ca15,/?crawl=93,0,200,32591,128.025,241.598,134898
1787797926278,59b14c7f-ebce-4660-7fe8-bd40c809d011,/p/0/5879f71ee13f1ffc,7,200,5859415,111.733,17097.959,342697
1787797936969,62a4cefc-2434-7945-7c04-3ff814c3a24f,/p/0/f555713d9c9f37a0,4,200,247509,383.131,6469.518,38258
1787797925542,5d5a5106-edc4-1d8c-ddf7-cd66bba046fb,/p/0/2f2953bfa87042c,2,200,3458500,16.523,18020.586,191919
1787797943293,98156463-acbb-838a-4995-b01d2e8bc10e,/p/0/3dd099f1b47e0fd9,8,200,324522,24.065,307.325,1055957
1787797926070,5d5a5106-edc4-1d8c-ddf7-cd66bba046fb,/p/0/3fd473dc52c684a8,3,200,2893397,96.041,17535.331,165004
1787797919220,b911bd22-3123-d038-3239-60b57e06a805,/p/0/962b94ba28ace8d0,2,200,3273764,270.373,24435.292,133977
1787797942264,5bb2dcb3-e65e-13f8-9e97-775375e86d63,/p/0/ead8bbe8289901ef,3,0,70523,169.988,1398.480,50428
1787797914180,aaff7191-9dde-147b-d0ca-aad85d6e9641,/p/0/2582fdebae0530d1,3,200,3275619,157.744,29517.483,110972
1787797943293,98156463-acbb-838a-4995-b01d2e8bc10e,/p/1/3dd098f1b47e0e26,8,200,474327,24.312,478.065,992181
1787797941137,9ab40283-f209-5116-d31d-55e6dfb10446,/p/0/4d5ed9b8341f82c4,4,200,119343,122.174,2655.641,44939
1787797943772,98156463-acbb-838a-4995-b01d2e8bc10e,/p/0/653d7b39cddf9f22,9,200,43151,24.486,73.439,587574
1787797938876,57a3b147-4cda-ee57-1f5e-54a9b89469de,/p/0/ff7e23b06f30909d,7,200,2236899,80.295,5069.542,441243
1787797943772,98156463-acbb-838a-4995-b01d2e8bc10e,/p/0/653d7c39cddfa0d5,9,200,194021,24.535,244.885,792294
1787797941695,458e7d59-ccd1-a2b4-3ae1-c4419237d274,/p/12/dca4bd29feba0f8f,2,200,71939,369.990,2350.941,30600
1787797932174,3bea3d9f-48cd-f49c-c757-c6700e855e45,/p/1/212b097e53435c39,2,200,2936300,248.422,11956.735,245577
1787797943771,98156463-acbb-838a-4995-b01d2e8bc10e,/p/0/653d7a39cddf9d6f,9,200,337663,22.395,382.692,882335
1787797943099,07937e4a-a786-2f8f-3052-74db4e03c144,/?crawl=94,0,200,353486,49.396,1110.280,318376
1787797917430,418530c3-e63b-5a60-d864-171d3888496b,/p/0/c30c2996b645db58,5,200,5934204,258.392,26795.454,221463
1787797931693,78a83871-d5f5-c12b-5835-49edf71fc86e,/p/0/87c9bfb7c8030410,2,200,2275016,159.149,12597.939,180586
1787797896823,b3404c61-998b-e65c-4b2c-70afbe4a9a7e,/p/0/73ce368c43ce196a,1,200,5989647,37.699,47600.335,125832
1787797942265,5bb2dcb3-e65e-13f8-9e97-775375e86d63,/p/0/ead8bce8289903a2,3,0,253506,169.541,2283.058,111038
1787797944099,e67917a4-014a-b4ce-4d64-d7e24b4dbbd5,/?crawl=95,0,200,347885,28.002,753.982,461397
1787797941534,98156463-acbb-838a-4995-b01d2e8bc10e,/p/0/2493c612ff7c608b,5,200,3498585,34.426,3344.752,1045992
1787797924462,dd07d31b-a488-2faa-b136-3aa0efe469fc,/p/0/dd960e193951a2ed,1,200,6003789,135.178,20486.448,293061
1787797937818,1c1da836-b2b3-14dc-dca7-b1493bc22ca4,/p/0/5940d67ba8ac5788,5,200,378438,237.175,7150.380,52926
1787797942495,5bb2dcb3-e65e-13f8-9e97-775375e86d63,/p/0/7785d8d15993c740,4,200,186589,298.513,2497.478,74711
1787797937898,b911bd22-3123-d038-3239-60b57e06a805,/p/0/e97b779437b0c51b,3,200,4990516,328.546,7098.724,703016
1787797942698,b3404c61-998b-e65c-4b2c-70afbe4a9a7e,/p/3/3fabbda33b8035d8,6,200,329468,237.750,2396.367,137486
1787797943034,a3d882e4-c11e-5774-e891-7258bcf8bf44,/p/0/a487ac362a5bb246,3,200,100893,316.414,2111.535,47782
1787797912053,131b657c-6e34-d433-520a-b2182da98158,/p/0/6c7b3889ad6f817d,2,200,6110697,299.949,33147.777,184347
1787797945099,b41650fb-c783-e46f-6e55-941f1fddfc3b,/?crawl=96,0,200,31778,77.544,193.643,164106
1787797944131,3bea3d9f-48cd-f49c-c757-c6700e855e45,/p/0/737ab3036092efab,3,200,104805,196.003,1244.866,84190
1787797939105,be193803-9a2e-d4ca-9e92-f8d98c7770e9,/p/0/ac62af5bd8ed35e5,2,200,437299,219.617,6307.518,69330
1787797945293,b41650fb-c783-e46f-6e55-941f1fddfc3b,/p/1/ab62e9a33425ad62,1,200,16392,76.805,154.362,106192
1787797944131,3bea3d9f-48cd-f49c-c757-c6700e855e45,/p/0/737ab2036092edf8,3,200,129357,121.226,1347.168,96021
1787797943663,5bb2dcb3-e65e-13f8-9e97-775375e86d63,/p/0/7785dbd15993cc59,4,200,153288,346.940,1832.236,83662
1787797940866,a3d882e4-c11e-5774-e891-7258bcf8bf44,/p/0/156c01d566ea5840,2,200,400203,234.639,4630.319,86431
1787797944423,b3404c61-998b-e65c-4b2c-70afbe4a9a7e,/p/0/3fabbea33b80378b,6,200,290253,732.304,1087.081,267002
1787797937818,1c1da836-b2b3-14dc-dca7-b1493bc22ca4,/p/3/5940d87ba8ac5aee,5,200,401002,216.779,7731.058,51869
1787797928872,89a12de7-1a83-e323-aa62-af1ab1ea5c69,/p/0/588a1915558954e,2,200,5227892,86.774,16766.284,311810
1787797940701,9b6facf4-1b02-23d8-fb60-de9ed8e411f9,/p/5/87cc201ff8a24c22,2,200,3593969,92.058,4989.309,720334
1787797943034,a3d882e4-c11e-5774-e891-7258bcf8bf44,/p/0/a487aa362a5baee0,3,200,192499,285.322,2784.430,69134
1787797943034,a3d882e4-c11e-5774-e891-7258bcf8bf44,/p/0/a487ab362a5bb093,3,200,236531,316.158,2929.153,80751
1787797944131,3bea3d9f-48cd-f49c-c757-c6700e855e45,/p/0/737ab4036092f15e,3,200,329218,49.010,1942.273,169501
1787797945094,b3404c61-998b-e65c-4b2c-70afbe4a9a7e,/p/0/3fabbfa33b80393e,6,200,451229,411.132,1066.737,422999
1787797943293,98156463-acbb-838a-4995-b01d2e8bc10e,/p/0/3dd096f1b47e0ac0,8,200,4946867,21.619,2994.206,1652147
1787797939105,be193803-9a2e-d4ca-9e92-f8d98c7770e9,/p/0/ac62ac5bd8ed30cc,2,200,410690,219.633,7187.442,57140
1787797945293,b41650fb-c783-e46f-6e55-941f1fddfc3b,/p/0/ab62e7a33425a9fc,1,200,54562,154.385,1035.969,52668
1787797941672,ac39224d-dc9e-2189-ae84-9173fba52093,/p/0/efa96de5b4fdc151,3,200,500277,41.410,4660.547,107343
1787797945690,9b6facf4-1b02-23d8-fb60-de9ed8e411f9,/p/4/202361c848962229,3,200,198302,76.308,646.018,306960
1787797941672,ac39224d-dc9e-2189-ae84-9173fba52093,/p/0/efa96ce5b4fdbf9e,3,200,502588,41.416,4723.815,106395
1787797943173,98156463-acbb-838a-4995-b01d2e8bc10e,/p/0/d8b3bc7279a1eb65,7,200,5764485,18.138,3270.421,1762613
1787797946336,9b6facf4-1b02-23d8-fb60-de9ed8e411f9,/p/3/42f49088947eb3d7,4,200,21668,79.259,130.372,166202
1787797942319,be193803-9a2e-d4ca-9e92-f8d98c7770e9,/p/0/59bd76c1c65e038d,3,200,228475,609.484,4203.182,54358
1787797946099,eb957d3e-5c52-e90f-b8e1-44e17859dc9b,/?crawl=98,0,200,405384,17.347,436.447,928827
1787797943341,21d8ef89-c627-98d7-2ec2-8cbc3d24ca15,/p/0/f123e88a7654c976,1,200,277807,317.551,3211.470,86505
1787797926976,5d5a5106-edc4-1d8c-ddf7-cd66bba046fb,/p/0/e8ee5fb74acd24ca,4,200,5452022,88.906,19585.338,278373
1787797942495,5bb2dcb3-e65e-13f8-9e97-775375e86d63,/p/9/7785d9d15993c8f3,4,200,517632,419.548,4308.542,120141
1787797921384,b3404c61-998b-e65c-4b2c-70afbe4a9a7e,/p/0/e8bb97f6798653ba,2,200,3469334,276.953,25421.736,136471
1787797942070,a776d2e4-61dd-f4bf-a959-7057990f7aff,/p/0/7c843dd32e0ec6f,3,200,186959,444.516,4882.842,38289
1787797945510,b3404c61-998b-e65c-4b2c-70afbe4a9a7e,/p/2/8c5cef39d6052098,7,200,236087,658.079,1615.993,146094
1787797931618,27e17e5b-a7c2-cec0-318f-bc4daa743daa,/p/6/296a60ca3a97d786,1,200,4653589,215.538,15573.857,298808
1787797946336,9b6facf4-1b02-23d8-fb60-de9ed8e411f9,/p/0/42f48f88947eb224,4,200,173968,86.814,855.940,203248
1787797945690,9b6facf4-1b02-23d8-fb60-de9ed8e411f9,/p/0/202360c848962076,3,200,473753,16.399,1524.469,310766
1787797902558,c475b5fc-e008-706b-ac3f-2e783ad28c42,/p/0/3198e32e510c09f8,3,200,3402610,333.465,44670.769,76171
1787797946803,5bb2dcb3-e65e-13f8-9e97-775375e86d63,/p/0/bec10033032cb317,5,200,63342,162.890,535.167,118359
1787797946803,5bb2dcb3-e65e-13f8-9e97-775375e86d63,/p/0/bec10133032cb4ca,5,200,114527,162.966,578.636,197926
1787797946803,5bb2dcb3-e65e-13f8-9e97-775375e86d63,/p/8/bec0ff33032cb164,5,200,262464,136.237,656.464,399815
1787797922237,b3404c61-998b-e65c-4b2c-70afbe4a9a7e,/p/0/428a671642596e42,3,200,3559595,658.010,25232.198,141074
1787797947460,5bb2dcb3-e65e-13f8-9e97-775375e86d63,/p/7/33daba356bcbfeb,6,200,87699,37.531,165.236,530749
1787797947625,5bb2dcb3-e65e-13f8-9e97-775375e86d63,/p/6/432aa075e2b05a6d,7,200,6855,46.318,46.381,147797
1787797947460,5bb2dcb3-e65e-13f8-9e97-775375e86d63,/p/0/33dada356bcc351,6,200,151141,20.897,212.699,710588
1787797943226,9ab40283-f209-5116-d31d-55e6dfb10446,/p/1/5b630f163afbf5d1,5,200,170682,405.238,4520.285,37759
1787797947460,5bb2dcb3-e65e-13f8-9e97-775375e86d63,/p/0/33daaa356bcbe38,6,200,246682,20.866,317.042,778073
1787797920234,458a2b01-f02e-bc56-0a17-1834180f3f43,/p/0/15dc8458fd94ad97,1,200,479221,1967.523,27573.007,17380
1787797933146,5bb2dcb3-e65e-13f8-9e97-775375e86d63,/p/0/63049f022f331f00,2,0,1535651,2544.943,14741.360,104173
1787797944853,e67917a4-014a-b4ce-4d64-d7e24b4dbbd5,/p/4/17f894459f8ab74f,1,200,371360,107.203,3055.877,121523
1787797942319,be193803-9a2e-d4ca-9e92-f8d98c7770e9,/p/0/59bd75c1c65e01da,3,200,307198,496.040,5654.916,54324
1787797942319,be193803-9a2e-d4ca-9e92-f8d98c7770e9,/p/0/59bd74c1c65e0027,3,200,399782,736.113,5656.364,70678
1787797946099,d55b13cc-60cb-24c3-af9a-104c2afc6850,/?crawl=97,0,200,472794,60.934,1898.470,249040
1787797947672,5bb2dcb3-e65e-13f8-9e97-775375e86d63,/p/0/432a9e75e2b05707,7,200,237775,39.128,349.501,680327
1787797944853,e67917a4-014a-b4ce-4d64-d7e24b4dbbd5,/p/0/17f896459f8abab5,1,200,395130,26.737,3175.984,124412
1787797929836,78a83871-d5f5-c12b-5835-49edf71fc86e,/p/0/ef07d89dd45ebfbe,1,200,5049864,27.143,18219.097,277174
1787797947191,27e17e5b-a7c2-cec0-318f-bc4daa743daa,/p/0/410c896f01d8f0cb,2,200,102096,128.485,926.161,110236
1787797941695,458e7d59-ccd1-a2b4-3ae1-c4419237d274,/p/0/dca4bf29feba12f5,2,200,320335,75.408,6437.081,49764
1787797947625,5bb2dcb3-e65e-13f8-9e97-775375e86d63,/p/0/432a9f75e2b058ba,7,200,293838,68.989,522.375,562504
1787797947099,c6954b72-f5dd-e7c0-b2f7-f0be5e507e25,/?crawl=100,0,200,274166,59.728,1061.635,258249
1787797945448,b41650fb-c783-e46f-6e55-941f1fddfc3b,/p/0/dfb0fdbd0a160455,2,200,113674,385.605,2732.151,41606
1787797946535,eb957d3e-5c52-e90f-b8e1-44e17859dc9b,/p/0/d237965e5d5b9cee,1,200,264847,18.897,1661.716,159382
1787797945448,b41650fb-c783-e46f-6e55-941f1fddfc3b,/p/0/dfb0fbbd0a1600ef,2,200,104959,424.220,2769.667,37896
1787797947673,5bb2dcb3-e65e-13f8-9e97-775375e86d63,/p/5/eec471982eec4b8c,8,200,338421,41.059,561.254,602973
1787797947777,5bb2dcb3-e65e-13f8-9e97-775375e86d63,/p/0/eec472982eec4d3f,8,200,342580,22.655,492.398,695738
1787797933146,5bb2dcb3-e65e-13f8-9e97-775375e86d63,/p/0/6304a2022f332419,2,0,1830563,2544.977,15168.285,120684
1787797943099,ba73bdad-b169-8525-68b0-e3946e53462b,/?crawl=92,0,200,3805640,24.492,5305.104,717354
1787797947192,9b6facf4-1b02-23d8-fb60-de9ed8e411f9,/p/0/1b00bc92c3638945,5,200,233703,90.939,1216.558,192102
1787797922238,b3404c61-998b-e65c-4b2c-70afbe4a9a7e,/p/0/428a661642596c8f,3,200,4120810,197.466,26190.239,157341
1787797947887,5bb2dcb3-e65e-13f8-9e97-775375e86d63,/p/0/eec473982eec4ef2,8,200,490699,51.648,563.893,870199
1787797938973,a776d2e4-61dd-f4bf-a959-7057990f7aff,/p/0/77220360ea474626,2,200,435464,441.893,9603.175,45346
1787797948234,5bb2dcb3-e65e-13f8-9e97-775375e86d63,/p/4/f7192a108fe97f91,9,200,408682,63.837,423.162,965781
1787797948234,5bb2dcb3-e65e-13f8-9e97-775375e86d63,/p/0/f71928108fe97c2b,9,200,492600,20.638,552.057,892298
1787797946535,eb957d3e-5c52-e90f-b8e1-44e17859dc9b,/p/4/d237945e5d5b9988,1,200,518895,44.016,2268.033,228786
1787797947192,27e17e5b-a7c2-cec0-318f-bc4daa743daa,/p/5/410c8b6f01d8f431,2,200,250991,42.221,1636.130,153405
1787797947099,0f607590-9868-4d14-ab9e-81122e8285b9,/?crawl=99,0,200,336983,76.477,1761.365,191319
1787797946336,9b6facf4-1b02-23d8-fb60-de9ed8e411f9,/p/0/42f49288947eb73d,4,200,368356,71.896,2575.003,143051
1787797941231,62a4cefc-2434-7945-7c04-3ff814c3a24f,/p/0/9d13938c62453b6e,5,200,327441,525.588,7779.164,42092
1787797948099,62ea2bdc-a515-144e-fb40-a76410aef13f,/?crawl=101,0,200,164419,83.430,934.212,175998
1787797946467,9b6facf4-1b02-23d8-fb60-de9ed8e411f9,/p/2/1b00ba92c36385df,5,200,488239,83.748,2595.149,188135
1787797948161,c6954b72-f5dd-e7c0-b2f7-f0be5e507e25,/p/0/72ade2667121f9eb,1,200,144695,54.173,1023.945,141311
1787797947909,e67917a4-014a-b4ce-4d64-d7e24b4dbbd5,/p/3/2d9f83174e3abb7b,2,200,171841,189.569,1305.157,131663
1787797941137,9ab40283-f209-5116-d31d-55e6dfb10446,/p/0/4d5edcb8341f87dd,4,200,428832,82.209,8083.842,53048
1787797897163,c475b5fc-e008-706b-ac3f-2e783ad28c42,/p/0/b99ac684982436d9,1,200,3810898,111.134,52096.694,73150
1787797943226,9ab40283-f209-5116-d31d-55e6dfb10446,/p/0/5b630d163afbf26b,5,200,296563,405.298,6033.909,49149
1787797948828,27e17e5b-a7c2-cec0-318f-bc4daa743daa,/p/4/8c8c858eaefc3eb6,3,200,54566,302.418,605.974,90047
1787797923544,11a715fc-2eae-fe5d-24be-7f4140cd67fa,/p/4/23570d007b80bf01,1,200,3739650,3108.376,25960.211,144053
1787797948161,c6954b72-f5dd-e7c0-b2f7-f0be5e507e25,/p/0/72ade3667121fb9e,1,200,100474,285.120,1414.779,71017
1787797948404,ba73bdad-b169-8525-68b0-e3946e53462b,/p/2/5db9942ce1b9d516,1,200,326161,46.606,1193.361,273313
1787797948803,eb957d3e-5c52-e90f-b8e1-44e17859dc9b,/p/0/1b9fb40f0ac02bb3,2,200,124110,91.338,830.546,149432
1787797948861,0f607590-9868-4d14-ab9e-81122e8285b9,/p/0/65a1e9bbf1f68f9b,1,200,85518,74.865,787.594,108581
1787797949504,11a715fc-2eae-fe5d-24be-7f4140cd67fa,/p/3/eee7a616d3f119c7,2,200,16140,75.340,149.087,108259
1787797948803,eb957d3e-5c52-e90f-b8e1-44e17859dc9b,/p/3/1b9fb60f0ac02f19,2,200,202215,91.208,857.550,235805
1787797934099,04e72cca-6666-483f-2bec-7ce30a7c2eb0,/?crawl=84,0,200,5983143,40.153,15580.338,384019
1787797948161,c6954b72-f5dd-e7c0-b2f7-f0be5e507e25,/p/0/72ade1667121f838,1,200,163732,314.565,1645.529,99501
1787797947470,b3404c61-998b-e65c-4b2c-70afbe4a9a7e,/p/0/7c400f3a75414a9f,8,200,417047,962.544,2358.675,176814
1787797944046,458e7d59-ccd1-a2b4-3ae1-c4419237d274,/p/0/bf8d561464a24f85,3,200,241033,529.319,5796.229,41584
1787797917844,f19b46cf-90ab-2283-67cb-57fa37b2600a,/p/0/9fce8ecd036e0df,1,200,2130043,65.551,32070.719,66417
1787797949661,eb957d3e-5c52-e90f-b8e1-44e17859dc9b,/p/0/9552f3119d46ed03,3,200,89807,161.916,473.426,189696
1787797949214,e67917a4-014a-b4ce-4d64-d7e24b4dbbd5,/p/0/731a9582f10ad9d0,3,200,88187,143.708,1145.444,76989
1787797949661,eb957d3e-5c52-e90f-b8e1-44e17859dc9b,/p/2/9552f5119d46f069,3,200,139565,130.297,729.316,191364
1787797948404,ba73bdad-b169-8525-68b0-e3946e53462b,/p/0/5db9922ce1b9d1b0,1,200,305195,113.688,1987.620,153548
1787797935099,afa6cb26-104f-9508-97ab-dde183c72f12,/?crawl=87,0,200,6216615,40.981,15310.393,406039
1787797898736,c475b5fc-e008-706b-ac3f-2e783ad28c42,/p/0/585e41e98e33911c,2,200,4365645,306.659,51706.826,84431
1787797937041,be193803-9a2e-d4ca-9e92-f8d98c7770e9,/p/0/58276014740a7c7e,1,200,5987942,265.859,13503.677,443430
1787797933813,5a589aab-bb4e-c0b0-6827-cacae890fe99,/p/0/fce889e3f30b46bc,4,200,5195769,92.807,16780.051,309640
1787797949434,27e17e5b-a7c2-cec0-318f-bc4daa743daa,/p/3/3359ab3d6ae1a3b7,4,200,42848,347.007,1187.220,36091
1787797950099,c5f96876-5074-e161-30ce-f4d44e01fe33,/?crawl=102,0,200,111048,97.442,616.482,180132
1787797948404,ba73bdad-b169-8525-68b0-e3946e53462b,/p/0/5db9952ce1b9d6c9,1,200,495503,23.202,2331.352,212539
1787797950390,eb957d3e-5c52-e90f-b8e1-44e17859dc9b,/p/0/2be1a25b9df15795,4,200,18998,170.111,362.005,52480
1787797949504,11a715fc-2eae-fe5d-24be-7f4140cd67fa,/p/0/eee7a516d3f11814,2,200,112443,149.051,1575.737,71359
1787797945550,1c1da836-b2b3-14dc-dca7-b1493bc22ca4,/p/2/c268239eedfed543,6,200,374644,277.475,5580.138,67139
1787797950390,eb957d3e-5c52-e90f-b8e1-44e17859dc9b,/p/0/2be19f5b9df1527c,4,200,135598,93.535,804.957,168454
1787797947192,27e17e5b-a7c2-cec0-318f-bc4daa743daa,/p/0/410c8a6f01d8f27e,2,200,423762,150.002,4039.151,104914
1787797945549,1c1da836-b2b3-14dc-dca7-b1493bc22ca4,/p/0/c268229eedfed390,6,200,418357,256.505,5758.102,72655
1787797948828,27e17e5b-a7c2-cec0-318f-bc4daa743daa,/p/0/8c8c838eaefc3b50,3,200,158919,237.133,2595.879,61220
1787797949062,9b6facf4-1b02-23d8-fb60-de9ed8e411f9,/p/1/3bd6f62401e0b4f1,6,200,371645,84.238,2380.375,156129
1787797949214,e67917a4-014a-b4ce-4d64-d7e24b4dbbd5,/p/0/731a9882f10adee9,3,200,268455,156.373,2295.257,116961
1787797950409,afa6cb26-104f-9508-97ab-dde183c72f12,/p/0/503f0c8563cdc55f,1,200,52697,265.862,1201.314,43866
1787797948234,5bb2dcb3-e65e-13f8-9e97-775375e86d63,/p/0/f71929108fe97dde,9,200,3284831,45.470,3428.156,958192
1787797934488,5a589aab-bb4e-c0b0-6827-cacae890fe99,/p/0/bdaa358c2cfe104b,5,200,6242558,241.122,17214.542,362633
1787797950716,c5f96876-5074-e161-30ce-f4d44e01fe33,/p/0/99828a219a57e0f8,1,200,149857,70.761,1013.125,147916
1787797947909,e67917a4-014a-b4ce-4d64-d7e24b4dbbd5,/p/0/2d9f85174e3abee1,2,200,437418,132.710,3956.925,110545
1787797949597,ba73bdad-b169-8525-68b0-e3946e53462b,/p/0/3f6878594dcdd083,2,200,443211,111.296,2333.300,189950
1787797951099,d77e4864-d192-f37e-fc29-90a8fc2315c0,/?crawl=104,0,200,258899,52.713,952.911,271693
1787797947909,e67917a4-014a-b4ce-4d64-d7e24b4dbbd5,/p/0/2d9f82174e3ab9c8,2,200,473892,146.654,4143.744,114363
1787797937735,62a4cefc-2434-7945-7c04-3ff814c3a24f,/p/0/9d13928c624539bb,5,200,511236,348.303,14369.451,35578
1787797948657,5bb2dcb3-e65e-13f8-9e97-775375e86d63,/p/0/789e8ca5de40a753,10,200,3239555,22.017,3468.741,933928
1787797952099,3009cce0-fad5-5b0f-698a-0b28c28b024f,/?crawl=105,0,200,43907,26.434,84.935,516946
1787797950390,eb957d3e-5c52-e90f-b8e1-44e17859dc9b,/p/1/2be1a15b9df155e2,4,200,317297,128.239,1912.108,165941
1787797951442,9b6facf4-1b02-23d8-fb60-de9ed8e411f9,/p/0/9bbfacd044381ca7,7,200,139861,99.132,940.312,148739
1787797950409,afa6cb26-104f-9508-97ab-dde183c72f12,/p/3/503f0b8563cdc3ac,1,200,265625,34.610,2009.645,132175
1787797949653,11a715fc-2eae-fe5d-24be-7f4140cd67fa,/p/2/f0d072f728383c83,3,200,102117,529.510,2840.261,35953
1787797921495,1c1da836-b2b3-14dc-dca7-b1493bc22ca4,/p/0/7a89db6c58bd0065,1,200,3145007,53.411,31235.984,100685
1787797951231,27e17e5b-a7c2-cec0-318f-bc4daa743daa,/p/0/d5ec717864089a0e,5,200,30796,213.773,1557.640,19771
1787797952184,3009cce0-fad5-5b0f-698a-0b28c28b024f,/p/0/53c18b3a5828c4e4,1,200,104836,50.868,612.325,171210
1787797948657,5bb2dcb3-e65e-13f8-9e97-775375e86d63,/p/3/789e8ba5de40a5a0,10,200,4660309,27.439,4147.723,1123582
1787797952805,5bb2dcb3-e65e-13f8-9e97-775375e86d63,/p/2/57361f5dfd226e4c,11,200,6273,29.700,31.866,196855
1787797943227,9ab40283-f209-5116-d31d-55e6dfb10446,/p/0/5b630e163afbf41e,5,200,360510,649.254,9624.253,37458
1787797949653,11a715fc-2eae-fe5d-24be-7f4140cd67fa,/p/0/f0d071f728383ad0,3,200,176829,565.200,3251.773,54379
1787797952837,5bb2dcb3-e65e-13f8-9e97-775375e86d63,/p/0/e404e12dd3b86326,12,200,66472,45.439,97.218,683741
1787797952805,5bb2dcb3-e65e-13f8-9e97-775375e86d63,/p/0/5736215dfd2271b2,11,0,73666,25.645,136.784,538557
1787797948428,b3404c61-998b-e65c-4b2c-70afbe4a9a7e,/p/0/7c40103a75414c52,8,200,505993,996.209,4518.803,111975
1787797951308,1c1da836-b2b3-14dc-dca7-b1493bc22ca4,/p/1/800243b01d0f2c58,7,200,158037,1415.429,1745.213,90555
1787797952184,3009cce0-fad5-5b0f-698a-0b28c28b024f,/p/0/53c18e3a5828c9fd,1,200,240396,37.663,875.617,274545
1787797951099,b61245a9-66c2-d39a-8568-5c92774075b2,/?crawl=103,0,200,138022,157.264,1961.411,70369
1787797952837,5bb2dcb3-e65e-13f8-9e97-775375e86d63,/p/1/e404e22dd3b864d9,12,200,222736,23.524,249.612,892330
1787797952837,5bb2dcb3-e65e-13f8-9e97-775375e86d63,/p/0/e404e02dd3b86173,12,200,327046,21.889,313.877,1041957
1787797953060,b61245a9-66c2-d39a-8568-5c92774075b2,/p/0/2cecdf7f2ef2d70b,1,200,6665,156.289,235.735,28273
1787797952805,5bb2dcb3-e65e-13f8-9e97-775375e86d63,/p/0/5736205dfd226fff,11,200,477221,29.651,603.844,790305
1787797947997,d55b13cc-60cb-24c3-af9a-104c2afc6850,/p/0/3ecd3d00c8c0a00f,1,200,363206,172.007,5441.971,66742
1787797953086,5bb2dcb3-e65e-13f8-9e97-775375e86d63,/p/0/26dfe89985804111,13,200,315300,78.081,443.120,711545
1787797945293,b41650fb-c783-e46f-6e55-941f1fddfc3b,/p/0/ab62eaa33425af15,1,200,500901,308.123,8258.269,60654
1787797952419,afa6cb26-104f-9508-97ab-dde183c72f12,/p/2/bd9284a0b7a7e17a,2,200,130178,229.713,1408.354,92433
1787797952383,9b6facf4-1b02-23d8-fb60-de9ed8e411f9,/p/0/9bbfaed04438200d,7,200,292054,76.635,1651.616,176829
1787797952731,1c1da836-b2b3-14dc-dca7-b1493bc22ca4,/p/0/800244b01d0f2e0b,7,200,59665,1490.966,1527.982,39048
1787797947997,d55b13cc-60cb-24c3-af9a-104c2afc6850,/p/1/3ecd3f00c8c0a375,1,200,500823,57.675,6287.599,79653
1787797952302,eb957d3e-5c52-e90f-b8e1-44e17859dc9b,/p/0/ee742956d55d1c1f,5,200,365546,106.699,2002.021,182589
1787797937818,1c1da836-b2b3-14dc-dca7-b1493bc22ca4,/p/0/5940d97ba8ac5ca1,5,200,2579099,258.187,16501.886,156291
1787797948657,5bb2dcb3-e65e-13f8-9e97-775375e86d63,/p/0/789e8da5de40a906,10,200,5949941,31.663,5696.104,1044563
1787797953053,1c1da836-b2b3-14dc-dca7-b1493bc22ca4,/p/0/800245b01d0f2fbe,7,200,403173,1168.124,1352.845,298019
1787797952184,3009cce0-fad5-5b0f-698a-0b28c28b024f,/p/3/53c18c3a5828c697,1,200,506217,25.791,2342.236,216126
1787797949434,27e17e5b-a7c2-cec0-318f-bc4daa743daa,/p/0/3359ad3d6ae1a71d,4,200,282679,257.433,5147.769,54913
1787797950621,27e17e5b-a7c2-cec0-318f-bc4daa743daa,/p/2/d5ec727864089bc1,5,200,141847,238.979,3963.482,35788
1787797949434,27e17e5b-a7c2-cec0-318f-bc4daa743daa,/p/0/3359aa3d6ae1a204,4,200,437224,278.548,5152.406,84858
1787797948828,27e17e5b-a7c2-cec0-318f-bc4daa743daa,/p/0/8c8c868eaefc4069,3,200,485010,280.012,5758.667,84223
1787797924099,723b420d-3eda-b93a-be92-2b324e84df62,/?crawl=73,0,200,5804951,223.698,30493.200,190369
1787797953827,afa6cb26-104f-9508-97ab-dde183c72f12,/p/0/7ab059d46d276a66,3,200,59305,178.538,809.193,73289
1787797954592,723b420d-3eda-b93a-be92-2b324e84df62,/p/0/fc826445524ad641,1,200,30336,14.023,52.172,581465
1787797952302,eb957d3e-5c52-e90f-b8e1-44e17859dc9b,/p/0/ee742b56d55d1f85,5,200,414727,106.720,2610.376,158876
1787797954285,d55b13cc-60cb-24c3-af9a-104c2afc6850,/p/0/7aabfecf6fc744d5,2,200,39953,320.246,662.549,60302
1787797921309,aaff7191-9dde-147b-d0ca-aad85d6e9641,/p/7/fde53fc62a00fd84,6,200,5052065,241.429,33769.162,149606
1787797954592,723b420d-3eda-b93a-be92-2b324e84df62,/p/5/fc826245524ad2db,1,200,222159,52.079,731.835,303564
1787797954099,f81c977b-6f60-aa48-f6b0-0b360d6b952b,/?crawl=106,0,200,352253,54.202,1257.866,280040
1787797953086,5bb2dcb3-e65e-13f8-9e97-775375e86d63,/p/0/26dfe79985803f5e,13,200,3211262,60.773,2306.252,1392416
1787797954406,1c1da836-b2b3-14dc-dca7-b1493bc22ca4,/p/0/91440285bb915d1,8,200,348809,766.774,1089.864,320048
1787797947997,d55b13cc-60cb-24c3-af9a-104c2afc6850,/p/0/3ecd3e00c8c0a1c2,1,200,477978,57.671,7549.882,63309
1787797941672,ac39224d-dc9e-2189-ae84-9173fba52093,/p/0/efa96be5b4fdbdeb,3,200,3515315,148.852,13894.876,252994
1787797954585,27e17e5b-a7c2-cec0-318f-bc4daa743daa,/p/0/bdfd20360c1f849b,6,200,7930,1109.889,1110.460,7141
1787797953086,5bb2dcb3-e65e-13f8-9e97-775375e86d63,/p/0/26dfe69985803dab,13,200,4584664,26.693,2632.193,1741766
1787797949033,62ea2bdc-a515-144e-fb40-a76410aef13f,/p/0/61835c405bcec98,1,200,313026,80.055,6827.089,45851
1787797954526,3009cce0-fad5-5b0f-698a-0b28c28b024f,/p/2/ec4dade6f9272d16,2,200,289468,36.726,1397.686,207105
1787797954526,3009cce0-fad5-5b0f-698a-0b28c28b024f,/p/0/ec4dabe6f92729b0,2,200,338953,25.513,1519.429,223079
1787797947747,9ab40283-f209-5116-d31d-55e6dfb10446,/p/0/ae3a6890abcc9c16,6,200,373815,535.290,8378.009,44619
1787797954320,1c1da836-b2b3-14dc-dca7-b1493bc22ca4,/p/0/9143d285bb910b8,8,200,329189,852.321,1817.051,181167
1787797932170,1c1da836-b2b3-14dc-dca7-b1493bc22ca4,/p/0/6b39ac4931dddef3,4,200,4129110,315.768,23973.574,172236
1787797889099,c161c8a9-3535-8b6e-e1b5-d867ff5e7cf6,/?crawl=16,0,200,2891801,621.204,67087.619,43105
1787797950716,c5f96876-5074-e161-30ce-f4d44e01fe33,/p/13/99828c219a57e45e,1,200,400443,435.402,5501.757,72785
1787797955357,f81c977b-6f60-aa48-f6b0-0b360d6b952b,/p/0/e72be297ecc3be5d,1,200,114650,51.197,915.361,125251
1787797940480,63d6c761-c481-9318-891c-07a2991ae62e,/p/6/5b93bc8bf47707eb,2,200,3571861,165.448,15827.375,225676
1787797956186,c161c8a9-3535-8b6e-e1b5-d867ff5e7cf6,/p/0/341440cbb47f9e4,1,200,49491,135.649,148.655,332924
1787797951424,27e17e5b-a7c2-cec0-318f-bc4daa743daa,/p/0/d5ec70786408985b,5,200,3081971,449.911,5043.022,611136
1787797956186,c161c8a9-3535-8b6e-e1b5-d867ff5e7cf6,/p/0/341460cbb47fd4a,1,200,102057,147.784,313.122,325933
1787797955078,aaff7191-9dde-147b-d0ca-aad85d6e9641,/p/0/3290ad7245e89ed5,7,200,163878,166.135,1456.779,112493
1787797954285,d55b13cc-60cb-24c3-af9a-104c2afc6850,/p/0/7aabfccf6fc7416f,2,200,238802,348.214,2528.916,94429
1787797955924,3009cce0-fad5-5b0f-698a-0b28c28b024f,/p/0/979db42eb6568bbf,3,200,142451,159.665,985.119,144603
1787797954585,27e17e5b-a7c2-cec0-318f-bc4daa743daa,/p/1/bdfd1f360c1f82e8,6,200,3190996,769.221,2570.341,1241468
1787797954285,d55b13cc-60cb-24c3-af9a-104c2afc6850,/p/0/7aabfdcf6fc74322,2,200,354580,373.775,3076.870,115240
1787797954526,3009cce0-fad5-5b0f-698a-0b28c28b024f,/p/0/ec4daee6f9272ec9,2,200,506475,25.515,2936.806,172458
1787797949597,ba73bdad-b169-8525-68b0-e3946e53462b,/p/0/3f6879594dcdd236,2,200,2483873,178.378,7909.389,314041
1787797956218,c5f96876-5074-e161-30ce-f4d44e01fe33,/p/0/2f32e64f746e8f3b,2,200,276309,436.736,1370.664,201588
1787797955924,3009cce0-fad5-5b0f-698a-0b28c28b024f,/p/1/979db62eb6568f25,3,200,332901,121.637,1797.901,185161
1787797955324,723b420d-3eda-b93a-be92-2b324e84df62,/p/4/11b9f23ca0e64ccd,2,200,413037,111.715,2452.105,168442
1787797925831,1c1da836-b2b3-14dc-dca7-b1493bc22ca4,/p/0/18629cf0a74801df,3,200,5169786,220.501,31967.154,161722
1787797949033,62ea2bdc-a515-144e-fb40-a76410aef13f,/p/5/61836c405bcee4b,1,200,505073,241.421,8768.026,57604
1787797933961,c3ccb6ab-7a94-eba1-f582-acd04a337457,/p/1/ddd4939389c11b8e,2,200,6025744,74.916,23938.165,251721
1787797957155,27e17e5b-a7c2-cec0-318f-bc4daa743daa,/p/0/56a5b91b7033c92,7,200,151289,790.261,796.843,189860
1787797956218,c5f96876-5074-e161-30ce-f4d44e01fe33,/p/12/2f32e84f746e92a1,2,200,469291,399.096,1770.960,264992
1787797952419,afa6cb26-104f-9508-97ab-dde183c72f12,/p/0/bd9285a0b7a7e32d,2,200,476923,194.551,5701.619,83647
1787797949504,11a715fc-2eae-fe5d-24be-7f4140cd67fa,/p/0/eee7a816d3f11d2d,2,200,309305,373.306,8858.923,34915
1787797956186,c161c8a9-3535-8b6e-e1b5-d867ff5e7cf6,/p/0/341470cbb47fefd,1,200,3561873,147.597,2220.098,1604377
1787797952494,11a715fc-2eae-fe5d-24be-7f4140cd67fa,/p/0/663a18b46008a7f1,4,200,178615,450.560,6019.714,29672
1787797957155,27e17e5b-a7c2-cec0-318f-bc4daa743daa,/p/0/56a5991b703392c,7,200,443892,791.123,1499.021,296121
1787797957989,c5f96876-5074-e161-30ce-f4d44e01fe33,/p/0/3da646a6e705813e,3,200,158133,46.766,680.812,232271
1787797957989,c5f96876-5074-e161-30ce-f4d44e01fe33,/p/11/3da644a6e7057dd8,3,200,127700,48.425,683.606,186803
1787797957989,c5f96876-5074-e161-30ce-f4d44e01fe33,/p/0/3da645a6e7057f8b,3,200,421555,348.735,689.980,610967
1787797955924,3009cce0-fad5-5b0f-698a-0b28c28b024f,/p/0/979db52eb6568d72,3,200,505841,145.879,2818.259,179487
1787797955078,aaff7191-9dde-147b-d0ca-aad85d6e9641,/p/6/3290ac7245e89d22,7,200,476543,148.847,3700.819,128767
1787797949597,ba73bdad-b169-8525-68b0-e3946e53462b,/p/1/3f687a594dcdd3e9,2,200,3319085,132.385,9404.655,352919
1787797957722,3009cce0-fad5-5b0f-698a-0b28c28b024f,/p/0/c47706c090d19710,4,200,290268,118.490,1283.264,226195
1787797959002,ba73bdad-b169-8525-68b0-e3946e53462b,/p/0/d8c06d73a3ad70d9,3,200,15699,23.990,46.592,336943
1787797935662,c42549ee-1a1b-bc68-aaa1-cb2621d8352a,/p/13/d1ca5ad1c2160c75,4,200,2348931,150.007,23479.976,100040
1787797952494,11a715fc-2eae-fe5d-24be-7f4140cd67fa,/p/1/663a17b46008a63e,4,200,189202,931.123,6693.667,28266
1787797959002,ba73bdad-b169-8525-68b0-e3946e53462b,/p/0/d8c06a73a3ad6bc0,3,200,73331,46.824,296.400,247406
1787797946535,eb957d3e-5c52-e90f-b8e1-44e17859dc9b,/p/0/d237955e5d5b9b3b,1,200,2904583,82.723,12782.997,227222
1787797959100,2c57c4d4-5371-e6dc-df74-a8b3259fcef4,/?crawl=109,0,200,196000,25.293,312.606,626987
1787797957722,3009cce0-fad5-5b0f-698a-0b28c28b024f,/p/0/c47709c090d19c29,4,200,336529,118.522,1712.793,196480
1787797957722,3009cce0-fad5-5b0f-698a-0b28c28b024f,/p/0/c47707c090d198c3,4,200,284512,131.852,1736.971,163798
1787797959412,2c57c4d4-5371-e6dc-df74-a8b3259fcef4,/p/1/6ac58bd760e53db3,1,200,53568,23.331,197.122,271751
1787797958672,c5f96876-5074-e161-30ce-f4d44e01fe33,/p/10/55ced868347e568d,4,200,207625,775.231,1101.178,188548
1787797958673,c5f96876-5074-e161-30ce-f4d44e01fe33,/p/0/55ced768347e54da,4,200,291124,775.604,1101.672,264257
1787797955357,f81c977b-6f60-aa48-f6b0-0b360d6b952b,/p/1/e72be197ecc3bcaa,1,200,454257,179.098,4464.808,101742
1787797951130,1c1da836-b2b3-14dc-dca7-b1493bc22ca4,/p/0/c268259eedfed8a9,6,200,4881661,1590.620,8813.414,553890
1787797956307,63d6c761-c481-9318-891c-07a2991ae62e,/p/0/58fc4fd20c3e239a,3,200,430318,134.840,3682.198,116864
1787797954584,27e17e5b-a7c2-cec0-318f-bc4daa743daa,/p/0/bdfd21360c1f864e,6,200,5905944,768.764,5503.964,1073035
1787797956307,63d6c761-c481-9318-891c-07a2991ae62e,/p/0/58fc4ed20c3e21e7,3,200,468164,190.877,3875.108,120813
1787797921490,aaff7191-9dde-147b-d0ca-aad85d6e9641,/p/0/fde540c62a00ff37,6,200,6017826,334.683,38765.800,155235
1787797944853,e67917a4-014a-b4ce-4d64-d7e24b4dbbd5,/p/0/17f893459f8ab59c,1,200,3096610,133.299,15721.743,196964
1787797959774,c5f96876-5074-e161-30ce-f4d44e01fe33,/p/9/d2ff1a8023c4f2df,5,200,100217,824.345,829.309,120844
1787797919028,c42549ee-1a1b-bc68-aaa1-cb2621d8352a,/p/0/67f4cf4b4075b32d,1,200,5835181,152.979,41589.507,140304
1787797959774,c5f96876-5074-e161-30ce-f4d44e01fe33,/p/0/d2ff198023c4f12c,5,200,232172,827.250,844.122,275045
1787797958779,aaff7191-9dde-147b-d0ca-aad85d6e9641,/p/0/e7fbd8fc95bbb9ed,8,200,150372,238.766,2049.052,73386
1787797957776,723b420d-3eda-b93a-be92-2b324e84df62,/p/3/a8d7e6515286cf8f,3,200,318255,118.764,3156.803,100816
1787797959142,c42549ee-1a1b-bc68-aaa1-cb2621d8352a,/p/12/b57aa9563b9b80c5,5,200,139977,222.902,1799.031,77807
1787797948861,0f607590-9868-4d14-ab9e-81122e8285b9,/p/0/65a1ebbbf1f69301,1,200,471821,374.452,12157.025,38811
1787797960933,723b420d-3eda-b93a-be92-2b324e84df62,/p/2/9ad639172af12e42,4,200,20209,154.426,209.693,96374
1787797960603,c5f96876-5074-e161-30ce-f4d44e01fe33,/p/8/41a8de735b6e81b1,6,200,131549,358.685,672.960,195478
1787797953060,b61245a9-66c2-d39a-8568-5c92774075b2,/p/2/2cece17f2ef2da71,1,200,499797,547.876,8431.012,59281
1787797946161,b3404c61-998b-e65c-4b2c-70afbe4a9a7e,/p/0/8c5cf039d605224b,7,200,2741264,970.662,15346.490,178625
1787797960618,c5f96876-5074-e161-30ce-f4d44e01fe33,/p/0/41a8dd735b6e7ffe,6,200,337842,661.202,1209.622,279295
1787797957776,723b420d-3eda-b93a-be92-2b324e84df62,/p/0/a8d7e8515286d2f5,3,200,459758,118.809,4119.660,111601
1787797959142,c42549ee-1a1b-bc68-aaa1-cb2621d8352a,/p/0/b57aa7563b9b7d5f,5,200,216574,176.575,2755.869,78586
1787797957900,c3ccb6ab-7a94-eba1-f582-acd04a337457,/p/0/5d69cd51fd5d8848,3,200,433025,50.930,4056.776,106741
1787797961827,c5f96876-5074-e161-30ce-f4d44e01fe33,/p/7/b5d5c45372c86cd5,7,200,38331,116.725,232.086,165159
1787797961276,c5f96876-5074-e161-30ce-f4d44e01fe33,/p/0/41a8dc735b6e7e4b,6,200,386017,567.488,862.909,447344
1787797950716,c5f96876-5074-e161-30ce-f4d44e01fe33,/p/0/99828d219a57e611,1,200,5324257,505.715,11460.745,464565
1787797961099,9c3c4ed3-7b64-c0d9-7be5-3309e0cce279,/?crawl=111,0,200,226626,76.343,1182.872,191590
1787797942070,a776d2e4-61dd-f4bf-a959-7057990f7aff,/p/12/7c845dd32e0efd5,3,200,4386403,450.306,20416.533,214846
1787797962139,c5f96876-5074-e161-30ce-f4d44e01fe33,/p/0/b5d5c25372c8696f,7,200,217381,398.693,409.281,531128
1787797931720,a776d2e4-61dd-f4bf-a959-7057990f7aff,/p/0/96000a6ca5fcdfc0,1,200,4563875,435.348,30840.438,147983
1787797961143,723b420d-3eda-b93a-be92-2b324e84df62,/p/0/9ad63a172af12ff5,4,200,161007,152.591,1459.732,110299
1787797959412,2c57c4d4-5371-e6dc-df74-a8b3259fcef4,/p/0/6ac58dd760e54119,1,200,320972,35.202,3257.497,98533
1787797957801,62ea2bdc-a515-144e-fb40-a76410aef13f,/p/0/c9c78287c52e3a6f,2,200,235519,406.954,4870.649,48355
1787797959609,2c57c4d4-5371-e6dc-df74-a8b3259fcef4,/p/0/8ab58f3b2071aba5,2,200,239309,126.351,3093.788,77351
1787797958779,aaff7191-9dde-147b-d0ca-aad85d6e9641,/p/0/e7fbd5fc95bbb4d4,8,200,442834,224.191,4038.032,109666
1787797945448,b41650fb-c783-e46f-6e55-941f1fddfc3b,/p/0/dfb0fcbd0a1602a2,2,200,2162279,424.186,17447.921,123928
1787797959609,2c57c4d4-5371-e6dc-df74-a8b3259fcef4,/p/0/8ab58e3b2071a9f2,2,200,404460,126.356,3354.104,120587
1787797962099,c9551758-8f8e-5544-6aa0-10eb9f9db9a2,/?crawl=112,0,200,176505,72.220,868.971,203119
1787797959609,2c57c4d4-5371-e6dc-df74-a8b3259fcef4,/p/0/8ab58d3b2071a83f,2,200,278790,114.776,3411.996,81709
1787797959142,c42549ee-1a1b-bc68-aaa1-cb2621d8352a,/p/0/b57aa8563b9b7f12,5,200,241239,176.489,3881.085,62158
1787797957776,723b420d-3eda-b93a-be92-2b324e84df62,/p/0/a8d7e5515286cddc,3,200,516745,109.415,5286.351,97751
1787797959412,2c57c4d4-5371-e6dc-df74-a8b3259fcef4,/p/0/6ac58ad760e53c00,1,200,439216,115.364,3701.034,118674
1787797959822,f81c977b-6f60-aa48-f6b0-0b360d6b952b,/p/0/7b248e931c11417c,2,200,266216,287.522,3371.108,78970
1787797957900,c3ccb6ab-7a94-eba1-f582-acd04a337457,/p/0/5d69ce51fd5d89fb,3,200,490553,251.478,5317.780,92248
1787797962060,c5f96876-5074-e161-30ce-f4d44e01fe33,/p/0/b5d5c35372c86b22,7,200,464237,478.015,1178.820,393815
1787797959774,c5f96876-5074-e161-30ce-f4d44e01fe33,/p/0/d2ff1c8023c4f645,5,200,2411880,834.823,3476.590,693749
1787797921384,b3404c61-998b-e65c-4b2c-70afbe4a9a7e,/p/0/e8bb96f679865207,2,200,5934661,215.219,41889.710,141673
1787797962603,723b420d-3eda-b93a-be92-2b324e84df62,/p/1/f968096dbf495adb,5,200,91212,120.161,705.365,129312
1787797962282,9c3c4ed3-7b64-c0d9-7be5-3309e0cce279,/p/0/653359bef335e881,1,200,51527,365.701,1032.445,49908
1787797963099,87b21a38-3a16-10a6-00dd-143b666d6b98,/?crawl=113,0,200,161043,22.695,219.152,734847
1787797956218,c5f96876-5074-e161-30ce-f4d44e01fe33,/p/0/2f32e74f746e90ee,2,200,5697943,362.940,7156.505,796191
1787797962548,c5f96876-5074-e161-30ce-f4d44e01fe33,/p/0/ff318f1a0b57bee1,8,200,455915,700.024,1185.046,384723
1787797958672,c5f96876-5074-e161-30ce-f4d44e01fe33,/p/0/55ced668347e5327,4,200,4332632,775.842,5094.109,850518
1787797960941,c42549ee-1a1b-bc68-aaa1-cb2621d8352a,/p/11/d18ac6e0205d6bab,6,200,230472,199.750,2837.270,81230
1787797959002,ba73bdad-b169-8525-68b0-e3946e53462b,/p/0/d8c06c73a3ad6f26,3,200,3364870,46.647,4987.424,674671
1787797962177,c5f96876-5074-e161-30ce-f4d44e01fe33,/p/6/ff318e1a0b57bd2e,8,200,2568475,362.438,2227.620,1153013
1787797963238,c5f96876-5074-e161-30ce-f4d44e01fe33,/p/0/ff318c1a0b57b9c8,8,200,449377,529.439,1167.034,385059
1787797952302,eb957d3e-5c52-e90f-b8e1-44e17859dc9b,/p/0/ee742a56d55d1dd2,5,200,3119476,98.005,12466.401,250231
1787797964404,c5f96876-5074-e161-30ce-f4d44e01fe33,/p/5/c3dab5d0258d7e84,9,200,105537,3.414,388.468,271675
1787797954259,1c1da836-b2b3-14dc-dca7-b1493bc22ca4,/p/0/9143e285bb9126b,8,200,6061954,750.717,10549.582,574616
1787797964404,c5f96876-5074-e161-30ce-f4d44e01fe33,/p/0/c3dab7d0258d81ea,9,200,234008,2.295,526.087,444808
1787797964404,c5f96876-5074-e161-30ce-f4d44e01fe33,/p/0/c3dab6d0258d8037,9,200,463452,2.317,704.088,658230
1787797964793,c5f96876-5074-e161-30ce-f4d44e01fe33,/p/4/69034bd485d60de6,10,200,6432,315.573,315.619,20379
1787797964793,c5f96876-5074-e161-30ce-f4d44e01fe33,/p/0/69034cd485d60f99,10,200,265912,315.871,357.907,742964
1787797964793,c5f96876-5074-e161-30ce-f4d44e01fe33,/p/0/690349d485d60a80,10,200,173485,315.636,359.418,482683
1787797940480,63d6c761-c481-9318-891c-07a2991ae62e,/p/0/5b93bb8bf4770638,2,200,6192944,151.476,24953.137,248183
1787797962487,a776d2e4-61dd-f4bf-a959-7057990f7aff,/p/11/e046b64e9a297e9a,4,200,235864,110.671,3119.766,75603
1787797961491,b61245a9-66c2-d39a-8568-5c92774075b2,/p/0/5f6840eccf02e6b0,2,200,187311,410.578,4160.860,45017
1787797959100,a51f9150-898b-ba9b-7432-11e1fcd1c3e6,/?crawl=108,0,200,2755174,32.457,6689.749,411850
1787797965099,b62d92a6-2e28-69c1-d2ac-48812da5a869,/?crawl=116,0,200,223162,49.260,759.695,293752
1787797962282,9c3c4ed3-7b64-c0d9-7be5-3309e0cce279,/p/13/653358bef335e6ce,1,200,273284,72.849,3699.556,73869
1787797945690,9b6facf4-1b02-23d8-fb60-de9ed8e411f9,/p/0/20235fc848961ec3,3,200,4140088,22.923,20379.318,203151
1787797965109,c5f96876-5074-e161-30ce-f4d44e01fe33,/p/3/dc265606bf026e0e,11,200,182377,43.962,969.101,188192
1787797965109,c5f96876-5074-e161-30ce-f4d44e01fe33,/p/0/dc265406bf026aa8,11,200,440775,43.793,975.880,451669
1787797959187,11a715fc-2eae-fe5d-24be-7f4140cd67fa,/p/0/25d96f3ff20e8ddb,5,200,178432,518.302,6923.911,25770
1787797949214,e67917a4-014a-b4ce-4d64-d7e24b4dbbd5,/p/2/731a9682f10adb83,3,200,5775532,168.794,16920.387,341336
1787797949661,eb957d3e-5c52-e90f-b8e1-44e17859dc9b,/p/0/9552f4119d46eeb6,3,200,3989786,86.385,16481.331,242079
1787797963308,723b420d-3eda-b93a-be92-2b324e84df62,/p/0/f9680b6dbf495e41,5,200,354835,112.395,3035.387,116899
1787797959822,f81c977b-6f60-aa48-f6b0-0b360d6b952b,/p/0/7b2490931c1144e2,2,200,518730,287.389,6636.227,78166
1787797966134,e67917a4-014a-b4ce-4d64-d7e24b4dbbd5,/p/0/13079e6785900032,4,200,111630,50.206,522.396,213688
1787797959187,11a715fc-2eae-fe5d-24be-7f4140cd67fa,/p/0/25d96e3ff20e8c28,5,200,281876,999.003,7482.561,37671
1787797961896,723b420d-3eda-b93a-be92-2b324e84df62,/p/0/9ad637172af12adc,4,200,502562,174.356,4843.496,103760
1787797966078,c5f96876-5074-e161-30ce-f4d44e01fe33,/p/2/e7b7a4ae3fd7a3c9,12,200,277968,46.426,938.254,296261
1787797949062,9b6facf4-1b02-23d8-fb60-de9ed8e411f9,/p/0/3bd6f42401e0b18b,6,200,3487656,77.743,18261.438,190985
1787797963063,723b420d-3eda-b93a-be92-2b324e84df62,/p/0/f968086dbf495928,5,200,472117,133.361,4271.575,110525
1787797967016,c5f96876-5074-e161-30ce-f4d44e01fe33,/p/1/4d3bf87871d10a14,13,200,56410,339.178,344.653,163672
1787797961898,c42549ee-1a1b-bc68-aaa1-cb2621d8352a,/p/0/d18ac8e0205d6f11,6,200,433435,180.150,5498.024,78835
1787797958099,3e95f795-5d9a-df5b-984d-ce45bac286aa,/?crawl=107,0,200,2673725,49.143,9454.228,282807
1787797966134,e67917a4-014a-b4ce-4d64-d7e24b4dbbd5,/p/1/13079c67858ffccc,4,200,399532,25.114,1580.698,252757
1787797948803,eb957d3e-5c52-e90f-b8e1-44e17859dc9b,/p/0/1b9fb50f0ac02d66,2,200,6038121,83.613,18918.496,319165
1787797963099,0160c204-bd39-f6af-e94f-39c6fc4dd920,/?crawl=115,0,200,500964,123.822,4792.272,104536
1787797951442,9b6facf4-1b02-23d8-fb60-de9ed8e411f9,/p/0/9bbfabd044381af4,7,200,3569593,193.673,16500.781,216329
1787797963779,c42549ee-1a1b-bc68-aaa1-cb2621d8352a,/p/10/64249a5abce5496,7,200,301098,165.689,4323.375,69644
1787797958779,aaff7191-9dde-147b-d0ca-aad85d6e9641,/p/5/e7fbd7fc95bbb83a,8,200,2409269,238.930,9351.936,257622
1787797968131,aaff7191-9dde-147b-d0ca-aad85d6e9641,/p/4/e34b05e7245808e9,9,200,17133,51.635,90.943,188392
1787797965859,b62d92a6-2e28-69c1-d2ac-48812da5a869,/p/0/1f725ad7b106cc6d,1,200,326456,47.396,2390.571,136560
1787797967361,c5f96876-5074-e161-30ce-f4d44e01fe33,/p/0/c33277fe0f4243e6,14,200,51999,663.647,981.051,53003
1787797967016,c5f96876-5074-e161-30ce-f4d44e01fe33,/p/0/4d3bf97871d10bc7,13,200,426246,336.986,1327.450,321101
1787797968222,aaff7191-9dde-147b-d0ca-aad85d6e9641,/p/0/91fa12e1d481c855,10,200,34735,62.130,190.233,182592
1787797955078,aaff7191-9dde-147b-d0ca-aad85d6e9641,/p/0/3290aa7245e899bc,7,200,3204224,180.602,13394.926,239212
1787797966739,723b420d-3eda-b93a-be92-2b324e84df62,/p/0/7e5f8d146c04de05,6,200,180613,111.129,1787.809,101025
1787797965789,a51f9150-898b-ba9b-7432-11e1fcd1c3e6,/p/0/d75b3879cc4a4b06,1,200,376100,182.265,2889.675,130153
1787797968102,c42549ee-1a1b-bc68-aaa1-cb2621d8352a,/p/9/7df7624dc1150695,8,200,45988,164.246,606.521,75823
1787797968131,aaff7191-9dde-147b-d0ca-aad85d6e9641,/p/0/e34b03e724580583,9,200,212359,76.363,590.979,359334
1787797965981,9c3c4ed3-7b64-c0d9-7be5-3309e0cce279,/p/12/49f1a86d7ce76ffb,2,200,112815,373.567,2847.208,39623
1787797968099,15781728-83db-ba86-87ee-c2880d8480a9,/?crawl=117,0,200,260884,42.290,744.971,350194
1787797968099,344fba4f-d381-6668-c16a-61f54cc4bab1,/?crawl=119,0,200,508447,28.415,755.606,672899
1787797966343,723b420d-3eda-b93a-be92-2b324e84df62,/p/0/7e5f8c146c04dc52,6,200,309408,152.800,2614.147,118359
1787797965789,a51f9150-898b-ba9b-7432-11e1fcd1c3e6,/p/0/d75b3779cc4a4953,1,200,519736,213.756,3302.274,157387
1787797968131,aaff7191-9dde-147b-d0ca-aad85d6e9641,/p/0/e34b04e724580736,9,200,459057,66.500,1046.840,438517
1787797963779,c42549ee-1a1b-bc68-aaa1-cb2621d8352a,/p/0/6424aa5abce5649,7,200,482863,179.350,5404.322,89348
1787797930657,62a4cefc-2434-7945-7c04-3ff814c3a24f,/p/0/fd907a89b23bf14f,3,200,2626721,459.488,38560.546,68119
1787797968222,aaff7191-9dde-147b-d0ca-aad85d6e9641,/p/3/91fa11e1d481c6a2,10,200,459674,50.964,1122.719,409429
1787797965859,b62d92a6-2e28-69c1-d2ac-48812da5a869,/p/2/1f7258d7b106c907,1,200,304650,47.435,3559.281,85593
1787797968344,c5f96876-5074-e161-30ce-f4d44e01fe33,/p/0/c33275fe0f424080,14,200,325378,594.090,1086.419,299496
1787797965109,c5f96876-5074-e161-30ce-f4d44e01fe33,/p/0/dc265706bf026fc1,11,200,4402787,43.655,4336.645,1015252
1787797963099,41e84dca-a143-1f51-da0d-7c832f47980d,/?crawl=114,0,200,4311633,20.722,6440.471,669459
1787797937735,62a4cefc-2434-7945-7c04-3ff814c3a24f,/p/10/9d13918c62453808,5,200,2630162,418.235,31804.292,82698
1787797967553,3e95f795-5d9a-df5b-984d-ce45bac286aa,/p/0/7a9634f5815eaf57,1,200,184929,207.713,2069.600,89355
1787797968099,169ab19f-af23-0e9c-8851-b8d46c946a82,/?crawl=118,0,200,345831,74.992,1729.513,199959
1787797959187,11a715fc-2eae-fe5d-24be-7f4140cd67fa,/p/0/25d9703ff20e8f8e,5,200,476187,518.334,10819.264,44013
1787797954592,723b420d-3eda-b93a-be92-2b324e84df62,/p/0/fc826145524ad128,1,200,2359987,63.213,15503.077,152227
1787797924588,f19b46cf-90ab-2283-67cb-57fa37b2600a,/p/0/ff41cb6090938738,2,200,6237758,335.642,45546.415,136954
1787797967334,723b420d-3eda-b93a-be92-2b324e84df62,/p/0/7e5f8a146c04d8ec,6,200,467941,109.655,2815.088,166226
1787797947747,9ab40283-f209-5116-d31d-55e6dfb10446,/p/0/ae3a6790abcc9a63,6,200,2899783,535.190,22467.996,129063
1787797947747,9ab40283-f209-5116-d31d-55e6dfb10446,/p/0/ae3a6690abcc98b0,6,200,2802101,493.344,22469.067,124709
1787797946467,9b6facf4-1b02-23d8-fb60-de9ed8e411f9,/p/0/1b00b992c363842c,5,200,5679452,90.855,23791.503,238718
1787797969345,aaff7191-9dde-147b-d0ca-aad85d6e9641,/p/0/27b4b8e4fa45513d,11,200,444274,50.164,958.733,463397
1787797969418,b62d92a6-2e28-69c1-d2ac-48812da5a869,/p/1/46af900f25b52d58,2,200,39012,308.506,907.532,42987
1787797969345,aaff7191-9dde-147b-d0ca-aad85d6e9641,/p/0/27b4b5e4fa454c24,11,200,404897,50.177,1080.634,374685
1787797967553,3e95f795-5d9a-df5b-984d-ce45bac286aa,/p/4/7a9636f5815eb2bd,1,200,402175,46.678,3094.105,129981
1787797948861,0f607590-9868-4d14-ab9e-81122e8285b9,/p/0/65a1e8bbf1f68de8,1,200,2476257,411.733,21831.682,113425
1787797967553,3e95f795-5d9a-df5b-984d-ce45bac286aa,/p/0/7a9635f5815eb10a,1,200,420705,138.017,3256.088,129206
1787797949062,9b6facf4-1b02-23d8-fb60-de9ed8e411f9,/p/0/3bd6f52401e0b33e,6,200,6245368,70.712,21853.748,285780
1787797968709,c42549ee-1a1b-bc68-aaa1-cb2621d8352a,/p/0/7df7614dc11504e2,8,200,143464,232.631,2277.345,62996
1787797969540,62a4cefc-2434-7945-7c04-3ff814c3a24f,/p/0/3173b2797f4b5643,6,200,71271,850.479,1617.460,44064
1787797969540,62a4cefc-2434-7945-7c04-3ff814c3a24f,/p/0/3173b3797f4b57f6,6,200,162780,850.270,1623.396,100271
1787797969540,62a4cefc-2434-7945-7c04-3ff814c3a24f,/p/9/3173b4797f4b59a9,6,200,291929,850.287,1624.078,179751
1787797928952,62a4cefc-2434-7945-7c04-3ff814c3a24f,/p/0/af70ed7f26d1735d,2,200,5250857,380.586,42215.960,124381
1787797967715,e67917a4-014a-b4ce-4d64-d7e24b4dbbd5,/p/0/ffaf413bed4a68b5,5,200,451609,156.411,3482.904,129664
1787797969183,c42549ee-1a1b-bc68-aaa1-cb2621d8352a,/p/0/7df7604dc115032f,8,200,168810,335.980,2112.633,79905
1787797970648,3e95f795-5d9a-df5b-984d-ce45bac286aa,/p/0/9486af9d4de07598,2,200,43345,301.316,885.730,48937
1787797969418,b62d92a6-2e28-69c1-d2ac-48812da5a869,/p/0/46af920f25b530be,2,200,181756,261.248,2484.662,73151
1787797947126,b3404c61-998b-e65c-4b2c-70afbe4a9a7e,/p/1/7c400e3a754148ec,8,200,4048313,343.545,24813.367,163150
1787797967891,0160c204-bd39-f6af-e94f-39c6fc4dd920,/p/0/b2dcaf3545a1c0cd,1,200,150800,529.765,4173.079,36136
1787797955324,723b420d-3eda-b93a-be92-2b324e84df62,/p/0/11b9f13ca0e64b1a,2,200,4928823,121.666,16788.497,293583
1787797956307,63d6c761-c481-9318-891c-07a2991ae62e,/p/5/58fc4dd20c3e2034,3,200,5658597,162.283,15865.503,356660
1787797955324,723b420d-3eda-b93a-be92-2b324e84df62,/p/0/11b9f03ca0e64967,2,200,5766330,121.780,16917.732,340845
1787797886099,5e499411-6aa2-8415-9b43-9488b7817873,/?crawl=11,0,200,5957664,428.559,86482.405,68889
1787797970647,3e95f795-5d9a-df5b-984d-ce45bac286aa,/p/3/9486b19d4de078fe,2,200,297331,161.898,2349.544,126548
1787797971296,c42549ee-1a1b-bc68-aaa1-cb2621d8352a,/p/0/bd6f3647b84033ee,9,200,121116,147.641,1715.831,70587
1787797967016,c5f96876-5074-e161-30ce-f4d44e01fe33,/p/0/4d3bfa7871d10d7a,13,200,4790106,336.986,6014.239,796461
1787797966078,c5f96876-5074-e161-30ce-f4d44e01fe33,/p/0/e7b7a2ae3fd7a063,12,200,5322790,65.158,6953.206,765516
1787797966078,c5f96876-5074-e161-30ce-f4d44e01fe33,/p/0/e7b7a3ae3fd7a216,12,200,5768815,60.967,6983.174,826102
1787797968342,c5f96876-5074-e161-30ce-f4d44e01fe33,/p/0/c33278fe0f424599,14,200,4248042,595.735,4719.352,900132
1787797971164,62a4cefc-2434-7945-7c04-3ff814c3a24f,/p/0/bc768406ac443cbf,7,200,109497,466.992,1927.622,56804
1787797968844,15781728-83db-ba86-87ee-c2880d8480a9,/p/0/8c08047a1c6bd4a7,1,200,315926,180.000,4347.799,72663
1787797971939,b3404c61-998b-e65c-4b2c-70afbe4a9a7e,/p/0/16c7cac34580913d,9,200,115066,214.785,1304.411,88213
1787797968844,15781728-83db-ba86-87ee-c2880d8480a9,/p/0/8c08057a1c6bd65a,1,200,456439,39.596,4427.933,103082
1787797968844,15781728-83db-ba86-87ee-c2880d8480a9,/p/12/8c08037a1c6bd2f4,1,200,505041,139.530,4467.930,113037
1787797957155,27e17e5b-a7c2-cec0-318f-bc4daa743daa,/p/0/56a5a91b7033adf,7,200,5839266,791.329,16301.346,358208
1787797969828,169ab19f-af23-0e9c-8851-b8d46c946a82,/p/0/5d4b012fe2f928e3,1,200,231050,71.684,3709.923,62279
1787797970326,b62d92a6-2e28-69c1-d2ac-48812da5a869,/p/0/a1af77ff14d093fe,3,200,156622,359.895,3242.567,48302
1787797973099,b584fd37-32ee-bbe2-9a1d-080e1ff1d15f,/?crawl=124,0,200,81361,81.014,479.555,169659
1787797973312,15781728-83db-ba86-87ee-c2880d8480a9,/p/0/b6328740fa544612,2,200,42792,40.445,423.025,101157
1787797973099,488eb045-67a1-089b-f570-bec2086609ff,/?crawl=123,0,200,169498,56.584,658.023,257587
1787797972173,63d6c761-c481-9318-891c-07a2991ae62e,/p/0/212f439a5ae435d4,4,200,311025,82.599,1622.532,191691
1787797972173,63d6c761-c481-9318-891c-07a2991ae62e,/p/4/212f449a5ae43787,4,200,335051,25.357,1636.084,204788
1787797973312,15781728-83db-ba86-87ee-c2880d8480a9,/p/0/b6328640fa54445f,2,200,79334,40.526,545.959,145311
1787797969345,aaff7191-9dde-147b-d0ca-aad85d6e9641,/p/2/27b4b6e4fa454dd7,11,200,3851753,54.419,4555.071,845597
1787797946805,b3404c61-998b-e65c-4b2c-70afbe4a9a7e,/p/0/8c5cf139d60523fe,7,200,4024248,661.656,27154.671,148197
1787797965981,9c3c4ed3-7b64-c0d9-7be5-3309e0cce279,/p/0/49f1aa6d7ce77361,2,200,353863,410.582,8366.280,42296
1787797971939,b3404c61-998b-e65c-4b2c-70afbe4a9a7e,/p/0/16c7c9c345808f8a,9,200,196138,195.501,2592.084,75668
1787797973312,15781728-83db-ba86-87ee-c2880d8480a9,/p/11/b6328840fa5447c5,2,200,347975,60.677,1336.762,260312
1787797971939,b3404c61-998b-e65c-4b2c-70afbe4a9a7e,/p/0/16c7c8c345808dd7,9,200,463388,195.633,2789.177,166138
1787797972172,63d6c761-c481-9318-891c-07a2991ae62e,/p/0/212f469a5ae43aed,4,200,491389,82.604,2872.589,171061
1787797975099,dbb03339-eea4-163e-f3c9-0923228b987b,/?crawl=128,0,200,9051,29.406,43.013,210422
1787797973809,63d6c761-c481-9318-891c-07a2991ae62e,/p/0/c005e76543a8a292,5,200,140412,151.061,1461.450,96077
1787797974100,bfe43ec9-8fa0-2a7f-d056-b7bf188e95a4,/?crawl=126,0,200,207123,100.660,1197.015,173033
1787797972997,3e95f795-5d9a-df5b-984d-ce45bac286aa,/p/0/f07f6554f12eda5a,3,200,192394,231.964,2349.350,81892
1787797972581,5e499411-6aa2-8415-9b43-9488b7817873,/p/1/222d9b38d4412eeb,1,200,170031,711.480,2827.119,60143
1787797973809,63d6c761-c481-9318-891c-07a2991ae62e,/p/3/c005e86543a8a445,5,200,216171,151.103,1685.714,128237
1787797965607,a776d2e4-61dd-f4bf-a959-7057990f7aff,/p/10/5a1acb53b0a747a7,5,200,322320,405.728,9987.828,32271
1787797972581,5e499411-6aa2-8415-9b43-9488b7817873,/p/0/222d9d38d4413251,1,200,450284,135.952,3014.957,149350
1787797973809,63d6c761-c481-9318-891c-07a2991ae62e,/p/0/c005e66543a8a0df,5,200,367884,136.709,1832.787,200724
1787797975408,5e499411-6aa2-8415-9b43-9488b7817873,/p/0/4208e7a305b027a8,2,200,99552,191.959,324.094,307170
1787797975408,5e499411-6aa2-8415-9b43-9488b7817873,/p/0/4208e8a305b0295b,2,200,292395,192.809,454.629,643150
1787797975494,63d6c761-c481-9318-891c-07a2991ae62e,/p/2/ea75e643391adfeb,6,200,72603,133.984,515.563,140823
1787797965981,9c3c4ed3-7b64-c0d9-7be5-3309e0cce279,/p/0/49f1a76d7ce76e48,2,200,364100,373.596,10068.264,36163
1787797973900,aaff7191-9dde-147b-d0ca-aad85d6e9641,/p/0/b3d3cac96a933c81,12,200,188900,216.171,2222.787,84983
1787797975297,bfe43ec9-8fa0-2a7f-d056-b7bf188e95a4,/p/5/54e4cbd6d562f398,1,200,75599,82.040,981.210,77047
1787797975099,20ff866f-0452-c945-cde1-cdc9b1d5805a,/?crawl=127,0,200,408226,42.042,1189.615,343158
1787797973900,aaff7191-9dde-147b-d0ca-aad85d6e9641,/p/1/b3d3c8c96a93391b,12,200,352745,180.482,2558.262,137885
1787797974649,15781728-83db-ba86-87ee-c2880d8480a9,/p/0/7f5c8bf79d7bdb5c,3,200,213974,199.920,1810.204,118204
1787797968222,aaff7191-9dde-147b-d0ca-aad85d6e9641,/p/0/91fa0fe1d481c33c,10,200,4700891,55.768,8314.130,565410
1787797973900,aaff7191-9dde-147b-d0ca-aad85d6e9641,/p/0/b3d3c7c96a933768,12,200,295709,231.715,2668.999,110794
1787797973012,c42549ee-1a1b-bc68-aaa1-cb2621d8352a,/p/0/bd6f3547b840323b,9,200,227174,166.148,3673.350,61844
1787797976010,63d6c761-c481-9318-891c-07a2991ae62e,/p/0/97a9bd137161a9a4,7,200,54304,198.940,692.647,78401
1787797972997,3e95f795-5d9a-df5b-984d-ce45bac286aa,/p/0/f07f6454f12ed8a7,3,200,362422,255.148,3718.989,97452
1787797975494,63d6c761-c481-9318-891c-07a2991ae62e,/p/0/ea75e543391ade38,6,200,194229,146.972,1275.430,152285
1787797976278,bfe43ec9-8fa0-2a7f-d056-b7bf188e95a4,/p/4/d7c7f551dae2bdd1,2,200,7164,484.641,606.070,11820
1787797974649,15781728-83db-ba86-87ee-c2880d8480a9,/p/10/7f5c8df79d7bdec2,3,200,340233,40.281,2265.164,150202
1787797976458,aaff7191-9dde-147b-d0ca-aad85d6e9641,/p/0/22bb5a851cce5c8e,13,200,62280,110.715,491.427,126733
1787797972099,c0d2f8f9-df08-a824-1815-28a762d9f3e1,/?crawl=121,0,200,93235,321.861,5158.871,18073
1787797943341,21d8ef89-c627-98d7-2ec2-8cbc3d24ca15,/p/2/f123e98a7654cb29,1,200,5086762,97.346,33953.979,149813
1787797969418,b62d92a6-2e28-69c1-d2ac-48812da5a869,/p/0/46af910f25b52f0b,2,200,455644,237.405,7879.286,57828
1787797965789,a51f9150-898b-ba9b-7432-11e1fcd1c3e6,/p/7/d75b3679cc4a47a0,1,200,5696633,29.049,11536.427,493795
1787797976099,c0076e2b-9e98-ee90-1ff7-07c9a50be582,/?crawl=131,0,200,256173,78.085,1361.753,188120
1787797975494,63d6c761-c481-9318-891c-07a2991ae62e,/p/0/ea75e843391ae351,6,200,227898,159.925,1972.385,115544
1787797976099,6e7645d3-00f2-67c3-457f-0d55a5168369,/?crawl=130,0,200,510778,39.474,1387.579,368107
1787797976458,aaff7191-9dde-147b-d0ca-aad85d6e9641,/p/0/22bb59851cce5adb,13,200,215250,161.002,1135.672,189535
1787797977326,a51f9150-898b-ba9b-7432-11e1fcd1c3e6,/p/6/6f2dcd43ca84360b,2,200,221181,9.444,425.533,519774
1787797977326,a51f9150-898b-ba9b-7432-11e1fcd1c3e6,/p/0/6f2dcc43ca843458,2,200,225706,9.764,441.009,511795
1787797976099,58a6a1ed-bac0-7b3e-bb57-1f0b230987e8,/?crawl=129,0,200,442554,41.523,1671.886,264703
1787797977326,a51f9150-898b-ba9b-7432-11e1fcd1c3e6,/p/0/6f2dcf43ca843971,2,200,512340,9.857,444.947,1151464
1787797957900,c3ccb6ab-7a94-eba1-f582-acd04a337457,/p/0/5d69cf51fd5d8bae,3,200,4663475,51.000,19939.426,233882
1787797976914,15781728-83db-ba86-87ee-c2880d8480a9,/p/9/fd0ff66fe04d8d17,4,200,71093,202.356,1023.230,69479
1787797972997,3e95f795-5d9a-df5b-984d-ce45bac286aa,/p/2/f07f6654f12edc0d,3,200,457595,277.803,4973.304,92010
1787797976458,aaff7191-9dde-147b-d0ca-aad85d6e9641,/p/0/22bb58851cce5928,13,200,397141,176.443,1577.857,251696
1787797970986,c42549ee-1a1b-bc68-aaa1-cb2621d8352a,/p/8/bd6f3747b84035a1,9,200,472917,164.868,7056.502,67019
1787797966134,e67917a4-014a-b4ce-4d64-d7e24b4dbbd5,/p/0/13079d67858ffe7f,4,200,2848402,75.470,11939.358,238572
1787797977751,a51f9150-898b-ba9b-7432-11e1fcd1c3e6,/p/0/39985d418dbfa2fc,3,200,75133,19.486,326.964,229790
1787797977751,a51f9150-898b-ba9b-7432-11e1fcd1c3e6,/p/5/39985e418dbfa4af,3,200,345304,20.046,334.941,1030941
1787797977751,a51f9150-898b-ba9b-7432-11e1fcd1c3e6,/p/0/399860418dbfa815,3,200,453412,20.112,335.307,1352231
1787797977771,58a6a1ed-bac0-7b3e-bb57-1f0b230987e8,/p/0/c17a757940c7fbd2,1,200,57574,142.050,447.328,128706
1787797977937,15781728-83db-ba86-87ee-c2880d8480a9,/p/0/84602890c193fa04,5,200,7335,221.465,360.162,20366
1787797967891,0160c204-bd39-f6af-e94f-39c6fc4dd920,/p/0/b2dcac3545a1bbb4,1,200,360516,136.062,10409.700,34633
1787797978099,64802555-1cdf-5e60-dd16-3839b4c53a43,/?crawl=132,0,200,42045,113.435,247.249,170051
1787797978087,a51f9150-898b-ba9b-7432-11e1fcd1c3e6,/p/0/26d0f309fa207be2,4,200,375794,28.894,392.625,957133
1787797978086,a51f9150-898b-ba9b-7432-11e1fcd1c3e6,/p/0/26d0f209fa207a2f,4,200,319680,44.654,394.579,810179
1787797978099,10e9cb7f-2e3d-f64d-dcd3-6a092517b6eb,/?crawl=134,0,200,267903,24.747,425.215,630041
1787797976289,20ff866f-0452-c945-cde1-cdc9b1d5805a,/p/0/e84f203469fde7f8,1,200,155518,63.336,2448.887,63506
1787797978524,10e9cb7f-2e3d-f64d-dcd3-6a092517b6eb,/p/0/2fb1418226c0b0ec,1,200,68958,69.565,243.669,282999
1787797978524,10e9cb7f-2e3d-f64d-dcd3-6a092517b6eb,/p/1/2fb1428226c0b29f,1,200,62018,24.763,315.488,196578
1787797978099,05e0c067-bb60-57b9-9b87-4c61ab06cea0,/?crawl=133,0,200,245541,54.343,840.162,292254
1787797978939,05e0c067-bb60-57b9-9b87-4c61ab06cea0,/p/0/7572436968efd219,1,200,33197,49.270,143.449,231421
1787797968829,9c3c4ed3-7b64-c0d9-7be5-3309e0cce279,/p/0/da4d249fc7e1e07c,3,200,416202,444.556,10361.131,40170
1787797975297,bfe43ec9-8fa0-2a7f-d056-b7bf188e95a4,/p/0/54e4cdd6d562f6fe,1,200,160955,411.092,4004.288,40196
1787797950409,afa6cb26-104f-9508-97ab-dde183c72f12,/p/0/503f0d8563cdc712,1,200,2994404,265.844,28988.982,103295
1787797973579,b584fd37-32ee-bbe2-9a1d-080e1ff1d15f,/p/0/7bb97791fe98e171,1,200,288810,395.385,5831.944,49522
1787797977295,21d8ef89-c627-98d7-2ec2-8cbc3d24ca15,/p/1/4d61129f92f593ab,2,200,135348,240.561,2141.659,63198
1787797976278,bfe43ec9-8fa0-2a7f-d056-b7bf188e95a4,/p/0/d7c7f451dae2bc1e,2,200,252045,484.552,3197.400,78828
1787797975297,bfe43ec9-8fa0-2a7f-d056-b7bf188e95a4,/p/0/54e4ccd6d562f54b,1,200,256075,122.554,4180.689,61252
1787797979099,0fbbe26e-91ea-f186-a42b-b756aff181dc,/?crawl=138,0,200,418215,14.615,380.351,1099549
1787797976278,bfe43ec9-8fa0-2a7f-d056-b7bf188e95a4,/p/0/d7c7f351dae2ba6b,2,200,367437,565.164,3203.410,114702
1787797978043,c42549ee-1a1b-bc68-aaa1-cb2621d8352a,/p/0/512b4d42ef35be24,10,200,111869,170.396,1471.901,76003
1787797977295,21d8ef89-c627-98d7-2ec2-8cbc3d24ca15,/p/0/4d61149f92f59711,2,200,145880,264.684,2264.656,64416
1787797965607,a776d2e4-61dd-f4bf-a959-7057990f7aff,/p/0/5a1acd53b0a74b0d,5,200,495353,405.779,13964.597,35472
1787797976884,bfe43ec9-8fa0-2a7f-d056-b7bf188e95a4,/p/0/8209cf4008652960,3,200,483825,408.352,2907.457,166408
1787797979301,bfe43ec9-8fa0-2a7f-d056-b7bf188e95a4,/p/0/8209d24008652e79,3,200,362496,492.345,612.962,591384
1787797979436,21d8ef89-c627-98d7-2ec2-8cbc3d24ca15,/p/0/1614f7ef173a8eac,3,200,12660,269.166,517.443,24466
1787797976288,20ff866f-0452-c945-cde1-cdc9b1d5805a,/p/1/e84f213469fde9ab,1,200,385788,43.040,3677.899,104894
1787797977486,6e7645d3-00f2-67c3-457f-0d55a5168369,/p/0/e207ef0bd454ddb9,1,200,223395,58.422,2507.081,89106
1787797978939,05e0c067-bb60-57b9-9b87-4c61ab06cea0,/p/5/7572426968efd066,1,200,155136,143.450,1079.936,143653
1787797977771,58a6a1ed-bac0-7b3e-bb57-1f0b230987e8,/p/3/c17a767940c7fd85,1,200,208013,40.989,2266.366,91783
1787797977937,15781728-83db-ba86-87ee-c2880d8480a9,/p/0/84602b90c193ff1d,5,200,162452,200.368,2391.840,67919
1787797944046,458e7d59-ccd1-a2b4-3ae1-c4419237d274,/p/11/bf8d551464a24dd2,3,200,2176984,377.538,36327.989,59926
1787797976914,15781728-83db-ba86-87ee-c2880d8480a9,/p/0/fd0ff86fe04d907d,4,200,244160,222.396,3475.432,70253
1787797953827,afa6cb26-104f-9508-97ab-dde183c72f12,/p/1/7ab05ad46d276c19,3,200,2547147,319.783,26616.797,95697
1787797979099,317c9df5-6f3a-1285-5059-e8b6a5cf7384,/?crawl=136,0,200,453741,44.561,1366.232,332111
1787797979099,3a43c60b-5a61-3496-f2c5-9c4d4c7163b0,/?crawl=137,0,200,436722,47.556,1383.243,315723
1787797977486,6e7645d3-00f2-67c3-457f-0d55a5168369,/p/0/e207ec0bd454d8a0,1,200,306266,38.920,3259.843,93951
1787797973579,b584fd37-32ee-bbe2-9a1d-080e1ff1d15f,/p/0/7bb97491fe98dc58,1,200,482700,77.961,7172.616,67298
1787797977486,6e7645d3-00f2-67c3-457f-0d55a5168369,/p/3/e207ed0bd454da53,1,200,334378,136.141,3279.523,101959
1787797979514,c42549ee-1a1b-bc68-aaa1-cb2621d8352a,/p/0/512b5042ef35c33d,10,200,142957,174.921,1255.151,113896
1787797980019,05e0c067-bb60-57b9-9b87-4c61ab06cea0,/p/0/94138a937b37b9e3,2,200,40384,299.717,778.840,51851
1787797979966,20ff866f-0452-c945-cde1-cdc9b1d5805a,/p/0/85194aaa753f7c76,2,200,76248,249.739,879.340,86710
1787797977258,c0d2f8f9-df08-a824-1815-28a762d9f3e1,/p/0/5ccd2065e59fac6a,1,200,75238,975.129,3623.647,20763
1787797980444,afa6cb26-104f-9508-97ab-dde183c72f12,/p/0/752a2e547051be60,4,200,50266,216.123,505.350,99468
1787797980444,afa6cb26-104f-9508-97ab-dde183c72f12,/p/0/752a31547051c379,4,200,46105,179.677,610.872,75474
1787797980465,317c9df5-6f3a-1285-5059-e8b6a5cf7384,/p/0/5685eb3d4ff69b5f,1,200,44327,217.785,610.734,72580
1787797980766,6e7645d3-00f2-67c3-457f-0d55a5168369,/p/2/2a32e90d6999d246,2,200,69465,39.193,374.538,185468
1787797978086,a51f9150-898b-ba9b-7432-11e1fcd1c3e6,/p/4/26d0f409fa207d95,4,200,4841470,29.040,3158.578,1532800
1787797980465,317c9df5-6f3a-1285-5059-e8b6a5cf7384,/p/0/5685ec3d4ff69d12,1,200,122091,42.546,781.647,156197
1787797980465,317c9df5-6f3a-1285-5059-e8b6a5cf7384,/p/0/5685ed3d4ff69ec5,1,200,85441,217.782,781.750,109295
1787797979966,20ff866f-0452-c945-cde1-cdc9b1d5805a,/p/0/851948aa753f7910,2,200,138645,209.289,1364.158,101634
1787797976885,bfe43ec9-8fa0-2a7f-d056-b7bf188e95a4,/p/3/8209d04008652b13,3,200,3927440,449.841,4504.907,871814
1787797977937,15781728-83db-ba86-87ee-c2880d8480a9,/p/8/84602a90c193fd6a,5,200,275882,200.472,3563.500,77419
1787797981245,a51f9150-898b-ba9b-7432-11e1fcd1c3e6,/p/0/99dc8536efcd60a2,5,200,75882,29.419,398.253,190537
1787797977771,58a6a1ed-bac0-7b3e-bb57-1f0b230987e8,/p/0/c17a747940c7fa1f,1,200,508993,40.990,4327.160,117627
1787797978840,10e9cb7f-2e3d-f64d-dcd3-6a092517b6eb,/p/0/a09e596971d7478d,2,200,474694,125.598,3439.723,138004
1787797977258,c0d2f8f9-df08-a824-1815-28a762d9f3e1,/p/0/5ccd1f65e59faab7,1,200,249467,821.883,5034.783,49549
1787797976914,15781728-83db-ba86-87ee-c2880d8480a9,/p/0/fd0ff56fe04d8b64,4,200,428269,202.350,5406.637,79212
1787797981390,bfe43ec9-8fa0-2a7f-d056-b7bf188e95a4,/p/0/4640be6f7186d90a,4,200,335426,22.512,972.587,344880
1787797978840,10e9cb7f-2e3d-f64d-dcd3-6a092517b6eb,/p/0/a09e586971d745da,2,200,512469,125.598,3540.196,144757
1787797978043,c42549ee-1a1b-bc68-aaa1-cb2621d8352a,/p/7/512b4e42ef35bfd7,10,200,335742,155.002,4655.196,72122
1787797980444,afa6cb26-104f-9508-97ab-dde183c72f12,/p/0/752a2f547051c013,4,200,188543,198.469,2277.773,82775
1787797978840,10e9cb7f-2e3d-f64d-dcd3-6a092517b6eb,/p/0/a09e566971d74274,2,200,484142,114.590,3904.161,124007
1787797981245,a51f9150-898b-ba9b-7432-11e1fcd1c3e6,/p/3/99dc8636efcd6255,5,200,344534,183.081,1513.456,227647
1787797977258,c0d2f8f9-df08-a824-1815-28a762d9f3e1,/p/2/5ccd2165e59fae1d,1,200,214197,1192.634,5693.953,37618
1787797981141,6e7645d3-00f2-67c3-457f-0d55a5168369,/p/1/54060c0a5bd421b9,3,200,114589,279.076,1939.823,59072
1787797980019,05e0c067-bb60-57b9-9b87-4c61ab06cea0,/p/0/94138b937b37bb96,2,200,285847,323.475,3137.183,91116
1787797904603,1e4cbd2e-35c6-9a6c-646a-44d298f37d63,/p/0/7bc2182c6631cccb,1,200,4706429,543.061,78645.903,59843
1787797981141,6e7645d3-00f2-67c3-457f-0d55a5168369,/p/0/54060a0a5bd41e53,3,200,157379,238.053,2172.963,72426
1787797980766,6e7645d3-00f2-67c3-457f-0d55a5168369,/p/0/2a32e70d6999cee0,2,200,176114,39.151,2606.039,67579
1787797980037,58a6a1ed-bac0-7b3e-bb57-1f0b230987e8,/p/0/f67e96add247136d,2,200,314805,327.436,3359.720,93700
1787797977461,c0076e2b-9e98-ee90-1ff7-07c9a50be582,/p/5/4e9d97ae3fb9e440,1,200,290229,372.948,6046.631,47998
1787797943341,21d8ef89-c627-98d7-2ec2-8cbc3d24ca15,/p/0/f123e78a7654c7c3,1,200,5111694,48.677,40289.037,126876
1787797980019,05e0c067-bb60-57b9-9b87-4c61ab06cea0,/p/4/941389937b37b830,2,200,268646,299.720,3610.795,74401
1787797982759,a51f9150-898b-ba9b-7432-11e1fcd1c3e6,/p/0/d2f3f708d1fbf8,6,200,96946,163.205,1031.938,93946
1787797980482,3a43c60b-5a61-3496-f2c5-9c4d4c7163b0,/p/0/c31b95dfbb5ba54c,1,200,268506,45.324,3471.419,77348
1787797920234,458a2b01-f02e-bc56-0a17-1834180f3f43,/p/0/15dc8358fd94abe4,1,200,5670681,1967.526,63798.533,88884
1787797975595,a776d2e4-61dd-f4bf-a959-7057990f7aff,/p/9/e7e7c1aa5601888d,6,200,252895,509.593,8449.804,29929
1787797984099,ea6c9012-92f7-6ca5-a8c7-969c8a62c197,/?crawl=141,0,200,129742,19.222,159.441,813729
1787797983630,05e0c067-bb60-57b9-9b87-4c61ab06cea0,/p/0/5c8c240a5e07dcc1,3,200,72087,284.924,811.434,88839
1787797981501,15781728-83db-ba86-87ee-c2880d8480a9,/p/0/8b79841bc05d97bd,6,200,210273,397.159,2964.327,70934
1787797949653,11a715fc-2eae-fe5d-24be-7f4140cd67fa,/p/0/f0d074f728383fe9,3,200,2142824,565.643,34831.097,61520
1787797980482,3a43c60b-5a61-3496-f2c5-9c4d4c7163b0,/p/0/c31b98dfbb5baa65,1,200,348686,224.791,4013.356,86881
1787797983630,05e0c067-bb60-57b9-9b87-4c61ab06cea0,/p/0/5c8c210a5e07d7a8,3,200,52356,379.752,954.355,54860
1787797982759,a51f9150-898b-ba9b-7432-11e1fcd1c3e6,/p/0/d2f6f708d20111,6,200,277143,178.915,1956.652,141641
1787797961099,a91d6e15-10a3-164c-ecc3-b0fa8e9338e4,/?crawl=110,0,200,6282190,57.509,23903.296,262817
1787797981390,bfe43ec9-8fa0-2a7f-d056-b7bf188e95a4,/p/2/4640bf6f7186dabd,4,200,3812892,4.654,3782.350,1008075
1787797985099,c1161622-07c0-a623-c244-7d7c1af1985f,/?crawl=142,0,200,10129,48.889,73.806,137237
1787797978524,10e9cb7f-2e3d-f64d-dcd3-6a092517b6eb,/p/0/2fb1448226c0b605,1,200,2219690,35.505,6815.456,325685
1787797985099,e6ffe83c-bb05-5408-1b56-b486267ebeb9,/?crawl=143,0,200,184993,25.688,323.862,571208
1787797972099,24cf615a-3c96-a59f-a36e-c0204739b056,/?crawl=122,0,200,4787307,39.486,13631.066,351206
1787797985730,24cf615a-3c96-a59f-a36e-c0204739b056,/p/0/a28e214d27cecbe4,1,200,36350,39.188,174.761,207998
1787797982759,a51f9150-898b-ba9b-7432-11e1fcd1c3e6,/p/2/d2f4f708d1fdab,6,200,522660,209.655,3176.017,164565
1787797981501,15781728-83db-ba86-87ee-c2880d8480a9,/p/7/8b79821bc05d9457,6,200,336702,275.414,4441.250,75812
1787797985730,24cf615a-3c96-a59f-a36e-c0204739b056,/p/0/a28e234d27cecf4a,1,200,13241,135.110,271.130,48836
1787797985002,a91d6e15-10a3-164c-ecc3-b0fa8e9338e4,/p/0/f89dac1c87d0d97b,1,200,149429,48.912,1031.215,144906
1787797973099,12ea8ffb-b97b-0a4f-8993-dc9916a8c732,/?crawl=125,0,200,4846335,52.248,13126.237,369210
1787797953827,afa6cb26-104f-9508-97ab-dde183c72f12,/p/0/7ab058d46d2768b3,3,200,3602340,214.411,32539.062,110708
1787797985173,c1161622-07c0-a623-c244-7d7c1af1985f,/p/0/8ecc627d1439a7bc,1,200,133499,141.768,1257.301,106179
1787797984258,ea6c9012-92f7-6ca5-a8c7-969c8a62c197,/p/5/fb620f1f7f9eb50f,1,200,407152,16.807,2239.452,181809
1787797984258,ea6c9012-92f7-6ca5-a8c7-969c8a62c197,/p/0/fb620e1f7f9eb35c,1,200,360609,25.333,2276.447,158409
1787797986225,12ea8ffb-b97b-0a4f-8993-dc9916a8c732,/p/0/f23cbef9333d5d1,1,200,25776,128.892,457.197,56378
1787797986099,812eae03-672a-0f08-ae5b-bd474ffd5545,/?crawl=144,0,200,274035,38.070,658.188,416347
1787797981141,6e7645d3-00f2-67c3-457f-0d55a5168369,/p/0/54060b0a5bd42006,3,200,420203,256.722,5753.278,73037
1787797986498,ea6c9012-92f7-6ca5-a8c7-969c8a62c197,/p/0/ee5f87d672c26525,2,200,65691,90.562,478.684,137233
1787797985730,24cf615a-3c96-a59f-a36e-c0204739b056,/p/0/a28e224d27cecd97,1,200,416073,115.048,1252.638,332157
1787797986225,12ea8ffb-b97b-0a4f-8993-dc9916a8c732,/p/0/f23c9ef9333d26b,1,200,51301,89.922,757.439,67730
1787797985942,15781728-83db-ba86-87ee-c2880d8480a9,/p/6/542841b0d14b0181,7,200,72842,238.001,1137.841,64018
1787797985173,c1161622-07c0-a623-c244-7d7c1af1985f,/p/5/8ecc647d1439ab22,1,200,267029,47.203,1920.351,139052
1787797930125,c42549ee-1a1b-bc68-aaa1-cb2621d8352a,/p/0/103b39dfdcae2783,2,200,5758513,206.913,57313.276,100474
1787797981501,15781728-83db-ba86-87ee-c2880d8480a9,/p/0/8b79811bc05d92a4,6,200,513952,214.835,6059.722,84814
1787797986498,ea6c9012-92f7-6ca5-a8c7-969c8a62c197,/p/0/ee5f84d672c2600c,2,200,268645,99.588,1111.651,241663
1787797976010,63d6c761-c481-9318-891c-07a2991ae62e,/p/0/97a9c0137161aebd,7,200,2940600,170.824,11630.928,252826
1787797987100,2e060094-5db8-ba29-5350-3e2835d4ac54,/?crawl=146,0,200,316321,28.328,606.665,521410
1787797986225,12ea8ffb-b97b-0a4f-8993-dc9916a8c732,/p/0/f23caef9333d41e,1,200,184749,295.207,1567.851,117836
1787797985935,a51f9150-898b-ba9b-7432-11e1fcd1c3e6,/p/1/c254cd9e84f78499,7,200,214379,190.367,1862.010,115133
1787797982698,c42549ee-1a1b-bc68-aaa1-cb2621d8352a,/p/6/6f0e3eedda1c5a7c,11,200,382536,160.137,5173.660,73939
1787797986498,ea6c9012-92f7-6ca5-a8c7-969c8a62c197,/p/4/ee5f86d672c26372,2,200,418296,90.567,1450.115,288457
1787797980766,6e7645d3-00f2-67c3-457f-0d55a5168369,/p/0/2a32ea0d6999d3f9,2,200,441707,196.442,7227.640,61114
1787797930125,c42549ee-1a1b-bc68-aaa1-cb2621d8352a,/p/0/103b3adfdcae2936,2,200,5791437,207.152,57898.915,100027
1787797987948,ea6c9012-92f7-6ca5-a8c7-969c8a62c197,/p/3/bfa5fe539371a3d,3,200,14640,87.499,150.198,97471
1787797985935,a51f9150-898b-ba9b-7432-11e1fcd1c3e6,/p/0/c254cb9e84f78133,7,200,209550,144.516,2170.713,96535
1787797987948,ea6c9012-92f7-6ca5-a8c7-969c8a62c197,/p/0/bfa5ee53937188a,3,200,30701,87.478,186.681,164457
1787797967715,e67917a4-014a-b4ce-4d64-d7e24b4dbbd5,/p/0/ffaf3f3bed4a654f,5,200,5210475,182.340,20420.466,255159
1787797987797,a51f9150-898b-ba9b-7432-11e1fcd1c3e6,/p/0/f8a38a5de730884f,8,200,16704,165.681,398.650,41901
1787797986099,ad3c456b-5574-4ec8-b695-45e6b3670b3a,/?crawl=145,0,200,34874,2040.031,2109.494,16532
1787797979099,d86cc230-db90-b497-3149-baa23a114ea9,/?crawl=135,0,200,3332325,27.349,9120.854,365352
1787797987707,2e060094-5db8-ba29-5350-3e2835d4ac54,/p/11/41230f06c1cdd2d6,1,200,83807,161.447,642.065,130527
1787797988098,ea6c9012-92f7-6ca5-a8c7-969c8a62c197,/p/0/e3d7b5e3cbe76581,4,200,45501,91.021,360.180,126328
1787797955357,f81c977b-6f60-aa48-f6b0-0b360d6b952b,/p/0/e72bdf97ecc3b944,1,200,4141722,152.700,33103.812,125113
1787797976010,63d6c761-c481-9318-891c-07a2991ae62e,/p/1/97a9be137161ab57,7,200,3220092,143.852,12469.005,258248
1787797982952,c0d2f8f9-df08-a824-1815-28a762d9f3e1,/p/0/f16346bbb4231cb,2,200,217442,98.215,5527.756,39336
1787797985002,a91d6e15-10a3-164c-ecc3-b0fa8e9338e4,/p/3/f89dae1c87d0dce1,1,200,422585,256.184,3489.271,121110
1787797952493,11a715fc-2eae-fe5d-24be-7f4140cd67fa,/p/0/663a15b46008a2d8,4,200,5934979,450.660,36002.735,164848
1787797987871,c42549ee-1a1b-bc68-aaa1-cb2621d8352a,/p/5/1231ff16513f8501,12,200,54860,167.305,687.799,79762
1787797988098,ea6c9012-92f7-6ca5-a8c7-969c8a62c197,/p/0/e3d7b2e3cbe76068,4,200,141666,91.058,777.255,182264
1787797985002,a91d6e15-10a3-164c-ecc3-b0fa8e9338e4,/p/0/f89dad1c87d0db2e,1,200,493604,256.185,3986.804,123809
1787797985935,a51f9150-898b-ba9b-7432-11e1fcd1c3e6,/p/0/c254cc9e84f782e6,7,200,332147,206.753,3061.332,108498
1787797985172,bfe43ec9-8fa0-2a7f-d056-b7bf188e95a4,/p/0/3225560824ebea6a,5,200,111526,440.048,3989.707,27953
1787797989099,95af13e3-679d-df04-993b-a734f844a8ca,/?crawl=149,0,200,68435,21.031,92.842,737116
1787797983080,6e7645d3-00f2-67c3-457f-0d55a5168369,/p/0/406d15fce7cce789,4,200,456714,194.110,6242.026,73168
1787797988491,a91d6e15-10a3-164c-ecc3-b0fa8e9338e4,/p/2/91f28f3b710e9ac2,2,200,36498,343.541,832.477,43843
1787797967715,e67917a4-014a-b4ce-4d64-d7e24b4dbbd5,/p/0/ffaf403bed4a6702,5,200,6247556,128.878,21627.585,288870
1787797959822,f81c977b-6f60-aa48-f6b0-0b360d6b952b,/p/0/7b2491931c114695,2,200,3750985,335.482,29645.749,126527
1787797988492,a91d6e15-10a3-164c-ecc3-b0fa8e9338e4,/p/0/91f2903b710e9c75,2,200,61403,291.719,1008.930,60860
1787797987707,2e060094-5db8-ba29-5350-3e2835d4ac54,/p/0/41231006c1cdd489,1,200,216327,40.370,1945.718,111181
1787797989099,abadecde-19c3-fd7c-5c32-fbf4dc79162d,/?crawl=148,0,200,438400,23.614,608.218,720794
1787797988559,c42549ee-1a1b-bc68-aaa1-cb2621d8352a,/p/0/1231fd16513f819b,12,200,100328,195.484,1251.211,80185
1787797983507,c0076e2b-9e98-ee90-1ff7-07c9a50be582,/p/0/8fa3a4cbc1410aed,2,200,214944,630.516,6328.199,33966
1787797989707,abadecde-19c3-fd7c-5c32-fbf4dc79162d,/p/0/34a66ae8fdb72fa,1,200,18089,61.304,133.095,135911
1787797988208,ad3c456b-5574-4ec8-b695-45e6b3670b3a,/p/0/adb8b8a92d32db10,1,200,165865,196.128,1648.304,100628
1787797989707,abadecde-19c3-fd7c-5c32-fbf4dc79162d,/p/0/34a65ae8fdb7147,1,200,50990,19.802,193.822,263077
1787797988098,ea6c9012-92f7-6ca5-a8c7-969c8a62c197,/p/2/e3d7b4e3cbe763ce,4,200,450738,90.995,1912.269,235708
1787797977461,c0076e2b-9e98-ee90-1ff7-07c9a50be582,/p/0/4e9d98ae3fb9e5f3,1,200,500780,150.934,12856.377,38952
1787797982952,c0d2f8f9-df08-a824-1815-28a762d9f3e1,/p/0/f16356bbb42337e,2,200,385426,307.847,7403.918,52057
1787797987797,a51f9150-898b-ba9b-7432-11e1fcd1c3e6,/p/0/f8a3895de730869c,8,200,335071,165.574,2659.919,125970
1787797988479,63d6c761-c481-9318-891c-07a2991ae62e,/p/0/25e451da04a312,8,200,336871,51.701,2184.140,154235
1787797988349,2e060094-5db8-ba29-5350-3e2835d4ac54,/p/0/f37fec68e66475e6,2,200,227004,1125.305,2331.822,97350
1787797985942,15781728-83db-ba86-87ee-c2880d8480a9,/p/0/54283fb0d14afe1b,7,200,229651,218.435,4765.747,48188
1787797988479,63d6c761-c481-9318-891c-07a2991ae62e,/p/0/25e551da04a4c5,8,200,465575,26.545,2304.874,201996
1787797987080,15781728-83db-ba86-87ee-c2880d8480a9,/p/5/209735cc2ca3b1df,8,200,206063,193.375,3845.361,53587
1787797980374,458e7d59-ccd1-a2b4-3ae1-c4419237d274,/p/0/dc746fa0d034c450,4,200,332104,378.454,10810.045,30722
1787797952419,afa6cb26-104f-9508-97ab-dde183c72f12,/p/0/bd9282a0b7a7de14,2,200,5841776,176.931,38930.479,150057
1787797982099,45c91211-d5fc-4832-e57e-891b29500b13,/?crawl=140,0,200,2797538,45.167,9299.781,300818
1787797985942,15781728-83db-ba86-87ee-c2880d8480a9,/p/0/542840b0d14affce,7,200,297694,258.141,5463.488,54488
1787797988349,2e060094-5db8-ba29-5350-3e2835d4ac54,/p/0/f37feb68e6647433,2,200,295826,1153.071,3122.469,94741
1787797990011,ea6c9012-92f7-6ca5-a8c7-969c8a62c197,/p/0/5b6a5d928233869a,5,200,259127,228.589,1492.308,173642
1787797980374,458e7d59-ccd1-a2b4-3ae1-c4419237d274,/p/10/dc7471a0d034c7b6,4,200,470639,417.858,11145.773,42226
1787797987707,2e060094-5db8-ba29-5350-3e2835d4ac54,/p/0/41230d06c1cdcf70,1,200,426403,26.837,3880.649,109879
1787797989324,a91d6e15-10a3-164c-ecc3-b0fa8e9338e4,/p/0/90c50f16e5abe767,3,200,121093,306.163,2273.135,53271
1787797991399,45c91211-d5fc-4832-e57e-891b29500b13,/p/10/67f7b9c1eb03befc,1,200,89516,41.674,450.935,198512
1787797990926,15781728-83db-ba86-87ee-c2880d8480a9,/p/4/ed64b6594440c77f,9,200,63735,200.475,1021.634,62385
1787797988349,2e060094-5db8-ba29-5350-3e2835d4ac54,/p/10/f37fed68e6647799,2,200,508209,1112.445,3617.412,140490
1787797982952,c0d2f8f9-df08-a824-1815-28a762d9f3e1,/p/1/f16366bbb423531,2,200,505317,1417.093,9024.793,55992
1787797990011,ea6c9012-92f7-6ca5-a8c7-969c8a62c197,/p/0/5b6a5c92823384e7,5,200,235997,178.780,2050.055,115117
1787797990099,52fbfa5e-cbd4-6de6-adcc-4411d2409c1e,/?crawl=150,0,200,450281,185.227,2013.272,223656
1787797987093,c1161622-07c0-a623-c244-7d7c1af1985f,/p/0/a5d3cbcc96fd7e0e,2,200,310619,329.773,5093.707,60981
1787797992113,52fbfa5e-cbd4-6de6-adcc-4411d2409c1e,/p/0/ede7857801b2a1f2,1,200,12414,63.523,96.638,128459
1787797975595,a776d2e4-61dd-f4bf-a959-7057990f7aff,/p/0/e7e7c0aa560186da,6,200,501318,437.930,16627.117,30151
1787797991977,c0d2f8f9-df08-a824-1815-28a762d9f3e1,/p/0/e869c2784acb1088,3,200,21993,105.120,314.507,69929
1787797915882,1e4cbd2e-35c6-9a6c-646a-44d298f37d63,/p/0/b00546cf0d8101a8,2,200,6253838,612.819,76468.487,81783
1787797987093,c1161622-07c0-a623-c244-7d7c1af1985f,/p/0/a5d3cacc96fd7c5b,2,200,316358,306.384,5306.762,59614
1787797970099,a9799f6d-0f99-9d57-a23d-b3c8518a6fcb,/?crawl=120,0,200,4642830,65.258,22454.616,206765
1787797990011,ea6c9012-92f7-6ca5-a8c7-969c8a62c197,/p/1/5b6a5e928233884d,5,200,440902,178.992,2550.745,172852
1787797992113,52fbfa5e-cbd4-6de6-adcc-4411d2409c1e,/p/0/ede7867801b2a3a5,1,200,77084,96.394,609.903,126387
1787797989324,a91d6e15-10a3-164c-ecc3-b0fa8e9338e4,/p/1/90c51116e5abeacd,3,200,279879,332.425,3449.934,81126
1787797987093,c1161622-07c0-a623-c244-7d7c1af1985f,/p/4/a5d3cccc96fd7fc1,2,200,384055,353.960,5757.168,66709
1787797979479,0fbbe26e-91ea-f186-a42b-b756aff181dc,/p/6/7d5a97f8792c8aeb,1,200,4502456,14.229,13467.385,334323
1787797991977,c0d2f8f9-df08-a824-1815-28a762d9f3e1,/p/0/e869c3784acb123b,3,200,50350,154.035,975.521,51613
1787797989811,c42549ee-1a1b-bc68-aaa1-cb2621d8352a,/p/4/42bc76fa4dfe1b08,13,200,196463,148.997,3163.736,62098
1787797979479,0fbbe26e-91ea-f186-a42b-b756aff181dc,/p/0/7d5a96f8792c8938,1,200,4567278,58.956,13531.184,337537
1787797965859,b62d92a6-2e28-69c1-d2ac-48812da5a869,/p/0/1f7257d7b106c754,1,200,2654329,47.381,27276.052,97314
1787797991850,45c91211-d5fc-4832-e57e-891b29500b13,/p/0/5933aaccc6c5b6e4,2,200,72726,225.627,1302.461,55837
1787797989324,a91d6e15-10a3-164c-ecc3-b0fa8e9338e4,/p/0/90c51016e5abe91a,3,200,301378,306.103,3866.578,77944
1787797987438,c42549ee-1a1b-bc68-aaa1-cb2621d8352a,/p/0/6f0e40edda1c5de2,11,200,477654,163.665,5757.176,82967
1787797992099,71a74354-aa89-7296-7b7e-c14168f4dfb4,/?crawl=152,0,200,407391,39.477,1101.827,369741
1787797993099,045b9ca5-a781-c867-b842-68f3db03e4e8,/?crawl=154,0,200,54574,29.009,113.817,479489
1787797991966,2e060094-5db8-ba29-5350-3e2835d4ac54,/p/9/4cbdff4e58160e13,3,200,222650,39.919,1262.264,176389
1787797992947,0fbbe26e-91ea-f186-a42b-b756aff181dc,/p/5/75b70979de0d2d90,2,200,112966,77.467,370.471,304925
1787797991966,2e060094-5db8-ba29-5350-3e2835d4ac54,/p/0/4cbdfe4e58160c60,3,200,256067,26.257,1414.030,181090
1787797991520,458e7d59-ccd1-a2b4-3ae1-c4419237d274,/p/0/75fb2fb56a3f780e,5,200,61906,414.971,1932.217,32039
1787797993099,b0923ba3-d944-456d-ae9b-d2ee20877ced,/?crawl=155,0,200,499297,13.436,365.544,1365901
1787797992947,0fbbe26e-91ea-f186-a42b-b756aff181dc,/p/0/75b70a79de0d2f43,2,200,118469,77.466,549.210,215708
1787797991850,45c91211-d5fc-4832-e57e-891b29500b13,/p/9/5933acccc6c5ba4a,2,200,133008,265.768,1804.688,73701
1787797984045,a776d2e4-61dd-f4bf-a959-7057990f7aff,/p/8/2b1ead9d89f5d65,7,200,254731,586.445,9743.226,26144
1787797987560,15781728-83db-ba86-87ee-c2880d8480a9,/p/0/209737cc2ca3b545,8,200,481984,343.760,6248.523,77136
1787797992561,ea6c9012-92f7-6ca5-a8c7-969c8a62c197,/p/0/bcee10643ac79e5a,6,200,172520,107.404,1293.922,133331
1787797993201,71a74354-aa89-7296-7b7e-c14168f4dfb4,/p/0/c712dabcd87cb5cc,1,200,102602,38.665,703.957,145750
1787797993229,2e060094-5db8-ba29-5350-3e2835d4ac54,/p/0/3966017ed2923034,4,200,107033,163.530,777.976,137579
1787797993201,71a74354-aa89-7296-7b7e-c14168f4dfb4,/p/0/c712ddbcd87cbae5,1,200,119809,38.772,839.368,142737
1787797993317,0fbbe26e-91ea-f186-a42b-b756aff181dc,/p/0/9b2abd670f8ea331,3,200,110427,67.020,796.244,138685
1787797988099,a0d89031-7268-879e-e788-3965e7a283ea,/?crawl=147,0,200,447921,215.363,6047.411,74068
1787797992774,a91d6e15-10a3-164c-ecc3-b0fa8e9338e4,/p/0/c14ebf607f5e11,4,200,70973,308.153,1386.582,51186
1787797993317,0fbbe26e-91ea-f186-a42b-b756aff181dc,/p/4/9b2abb670f8e9fcb,3,200,164559,81.512,872.914,188517
1787797991520,458e7d59-ccd1-a2b4-3ae1-c4419237d274,/p/9/75fb30b56a3f79c1,5,200,63788,528.937,2760.802,23105
1787797992562,ea6c9012-92f7-6ca5-a8c7-969c8a62c197,/p/0/bcee0e643ac79af4,6,200,490190,88.665,1777.029,275848
1787797993229,2e060094-5db8-ba29-5350-3e2835d4ac54,/p/8/3966037ed292339a,4,200,129511,151.727,1192.394,108614
1787797988479,63d6c761-c481-9318-891c-07a2991ae62e,/p/0/25e251da049fac,8,200,2466366,78.847,6034.797,408691
1787797991977,c0d2f8f9-df08-a824-1815-28a762d9f3e1,/p/0/e869c5784acb15a1,3,200,262019,603.848,2593.654,101023
1787797985172,bfe43ec9-8fa0-2a7f-d056-b7bf188e95a4,/p/1/3225570824ebec1d,5,200,410863,399.911,9580.259,42886
1787797993099,5edbe3a8-f834-5fa7-a6c5-ac7e9d74713b,/?crawl=153,0,200,492915,50.328,1692.157,291294
1787797971164,62a4cefc-2434-7945-7c04-3ff814c3a24f,/p/8/bc768306ac443b0c,7,200,2467096,247.373,23659.379,104276
1787797993465,b0923ba3-d944-456d-ae9b-d2ee20877ced,/p/1/cd3dba41aabd546,1,200,306473,55.681,1703.083,179952
1787797992850,c1161622-07c0-a623-c244-7d7c1af1985f,/p/3/4745fea813604df9,3,200,174657,283.360,2328.359,75013
1787797992947,0fbbe26e-91ea-f186-a42b-b756aff181dc,/p/0/75b70b79de0d30f6,2,200,510286,71.014,2258.933,225897
1787797994190,0fbbe26e-91ea-f186-a42b-b756aff181dc,/p/0/99278e020870267,4,200,212075,115.555,1043.357,203262
1787797993196,c42549ee-1a1b-bc68-aaa1-cb2621d8352a,/p/0/42bc78fa4dfe1e6e,13,200,152162,177.465,2051.615,74167
1787797993464,b0923ba3-d944-456d-ae9b-d2ee20877ced,/p/0/cd3d9a41aabd1e0,1,200,366376,61.215,1816.528,201690
1787797992112,52fbfa5e-cbd4-6de6-adcc-4411d2409c1e,/p/0/ede7847801b2a03f,1,200,432833,224.781,3185.626,135871
1787797993099,def7e2e3-70b7-e438-3156-fe53c35606b8,/?crawl=156,0,200,450511,72.768,2236.370,201447
1787797994823,62a4cefc-2434-7945-7c04-3ff814c3a24f,/p/0/9af926857e4159e8,8,200,6862,487.142,625.542,10970
1787797993317,0fbbe26e-91ea-f186-a42b-b756aff181dc,/p/0/9b2aba670f8e9e18,3,200,444294,124.035,2138.710,207739
1787797993465,b0923ba3-d944-456d-ae9b-d2ee20877ced,/p/0/cd3dca41aabd6f9,1,200,495590,10.209,1999.905,247807
1787797980037,58a6a1ed-bac0-7b3e-bb57-1f0b230987e8,/p/2/f67e94add2471007,2,200,2461523,347.678,15637.150,157415
1787797995168,b0923ba3-d944-456d-ae9b-d2ee20877ced,/p/0/5d1f0d8ef2e6e3f8,2,200,192238,91.576,537.487,357661
1787797973579,b584fd37-32ee-bbe2-9a1d-080e1ff1d15f,/p/3/7bb97691fe98dfbe,1,200,3135646,395.344,22213.365,141160
1787797993201,71a74354-aa89-7296-7b7e-c14168f4dfb4,/p/5/c712dbbcd87cb77f,1,200,422080,150.886,2663.356,158477
1787797993229,2e060094-5db8-ba29-5350-3e2835d4ac54,/p/0/3966047ed292354d,4,200,356694,151.714,2646.594,134775
1787797970326,b62d92a6-2e28-69c1-d2ac-48812da5a869,/p/0/a1af78ff14d095b1,3,200,2403993,262.025,25608.601,93874
1787797994190,0fbbe26e-91ea-f186-a42b-b756aff181dc,/p/0/99279e02087041a,4,200,364885,87.189,1758.543,207493
1787797969828,169ab19f-af23-0e9c-8851-b8d46c946a82,/p/3/5d4b032fe2f92c49,1,200,2374053,433.810,26202.472,90604
1787797993654,45c91211-d5fc-4832-e57e-891b29500b13,/p/0/1e87f49a4161e7a9,3,200,136508,203.142,2388.438,57154
1787797995168,b0923ba3-d944-456d-ae9b-d2ee20877ced,/p/0/5d1f108ef2e6e911,2,200,435114,79.627,916.549,474731
1787797994281,458e7d59-ccd1-a2b4-3ae1-c4419237d274,/p/0/24ca0e18b3dd5e32,6,200,40566,417.444,1858.499,21827
1787797979479,0fbbe26e-91ea-f186-a42b-b756aff181dc,/p/0/7d5a99f8792c8e51,1,200,5470186,80.414,16797.474,325655
1787797992554,a9799f6d-0f99-9d57-a23d-b3c8518a6fcb,/p/3/c962cc085104b80a,1,200,274551,64.898,3867.504,70989
1787797993654,45c91211-d5fc-4832-e57e-891b29500b13,/p/8/1e87f39a4161e5f6,3,200,174937,224.261,2875.675,60833
1787797995674,58a6a1ed-bac0-7b3e-bb57-1f0b230987e8,/p/0/f412e51e80c3f1f9,3,200,52321,204.045,879.039,59521
1787797992554,a9799f6d-0f99-9d57-a23d-b3c8518a6fcb,/p/0/c962cd085104b9bd,1,200,305487,163.374,4293.721,71147
1787797994421,2e060094-5db8-ba29-5350-3e2835d4ac54,/p/7/74506f2b2d157846,5,200,380068,133.151,2627.736,144637
1787797994421,2e060094-5db8-ba29-5350-3e2835d4ac54,/p/0/74506d2b2d1574e0,5,200,473631,133.188,2635.334,179723
1787797994421,2e060094-5db8-ba29-5350-3e2835d4ac54,/p/0/7450702b2d1579f9,5,200,368928,147.413,2635.904,139963
1787797992774,a91d6e15-10a3-164c-ecc3-b0fa8e9338e4,/p/0/c14cbf607f5aab,4,200,388349,284.040,4295.608,90406
1787797995247,c42549ee-1a1b-bc68-aaa1-cb2621d8352a,/p/3/33837c4d9c020091,14,200,118626,235.299,1849.335,64145
1787797976288,20ff866f-0452-c945-cde1-cdc9b1d5805a,/p/0/e84f233469fded11,1,200,3167755,105.461,20857.134,151879
1787797996099,16fb8e71-85b0-972a-4fc0-223f5c14309d,/?crawl=159,0,200,200254,76.906,1063.894,188227
1787797991520,458e7d59-ccd1-a2b4-3ae1-c4419237d274,/p/0/75fb2eb56a3f765b,5,200,154889,377.541,5720.108,27078
1787797983507,c0076e2b-9e98-ee90-1ff7-07c9a50be582,/p/4/8fa3a3cbc141093a,2,200,3668015,630.543,13774.202,266296
1787797983507,c0076e2b-9e98-ee90-1ff7-07c9a50be582,/p/0/8fa3a1cbc14105d4,2,200,4036467,554.924,14002.515,288267
1787797997282,c0076e2b-9e98-ee90-1ff7-07c9a50be582,/p/0/d0821a033619409f,3,200,329567,16.284,278.983,1181317
1787797997282,c0076e2b-9e98-ee90-1ff7-07c9a50be582,/p/3/d0821c0336194405,3,200,383282,15.078,282.412,1357175
1787797997282,c0076e2b-9e98-ee90-1ff7-07c9a50be582,/p/0/d0821b0336194252,3,200,459239,16.085,287.117,1599483
1787797996530,45c91211-d5fc-4832-e57e-891b29500b13,/p/0/c4558a7cbe60bfef,4,200,62546,220.218,1074.192,58226
1787797997564,c0076e2b-9e98-ee90-1ff7-07c9a50be582,/p/2/eb843ba83f2f7416,4,200,155072,16.929,97.528,1590030
1787797991100,2dc6c523-69bb-f3cf-20b2-1172c094ef68,/?crawl=151,0,200,5572500,17.122,6605.575,843606
1787797995864,71a74354-aa89-7296-7b7e-c14168f4dfb4,/p/0/c5267655dd3d003d,2,200,215717,39.765,1849.901,116610
1787797997662,c0076e2b-9e98-ee90-1ff7-07c9a50be582,/p/0/44e40b7e6b490188,5,200,231083,13.371,185.664,1244630
1787797997662,c0076e2b-9e98-ee90-1ff7-07c9a50be582,/p/0/44e40e7e6b4906a1,5,200,187929,13.344,193.227,972579
1787797997564,c0076e2b-9e98-ee90-1ff7-07c9a50be582,/p/0/eb843ca83f2f75c9,4,200,349915,16.868,318.410,1098945
1787797997564,c0076e2b-9e98-ee90-1ff7-07c9a50be582,/p/0/eb8439a83f2f70b0,4,200,397754,13.840,321.428,1237458
1787797979967,20ff866f-0452-c945-cde1-cdc9b1d5805a,/p/0/851949aa753f7ac3,2,200,3088131,209.150,18004.920,171516
1787797989707,abadecde-19c3-fd7c-5c32-fbf4dc79162d,/p/1/34a64ae8fdb6f94,1,200,5360746,40.965,8287.226,646869
1787797977461,c0076e2b-9e98-ee90-1ff7-07c9a50be582,/p/0/4e9d99ae3fb9e7a6,1,200,6041251,76.125,20560.912,293822
1787797997995,abadecde-19c3-fd7c-5c32-fbf4dc79162d,/p/0/48d1e6f5fdf8fbea,2,200,19623,21.364,41.079,477685
1787797997049,2e060094-5db8-ba29-5350-3e2835d4ac54,/p/6/5b4273ba35dd2e42,6,200,348441,381.010,990.167,351901
1787797997049,2e060094-5db8-ba29-5350-3e2835d4ac54,/p/0/5b4271ba35dd2adc,6,200,490981,378.442,990.600,495640
1787797992554,a9799f6d-0f99-9d57-a23d-b3c8518a6fcb,/p/0/c962ca085104b4a4,1,200,415511,64.934,5542.825,74964
1787797997662,c0076e2b-9e98-ee90-1ff7-07c9a50be582,/p/1/44e40d7e6b4904ee,5,200,2564034,13.386,631.974,4057183
1787797998294,c0076e2b-9e98-ee90-1ff7-07c9a50be582,/p/0/7ad6c381bd24ff33,6,200,6035,1.945,2.225,2712718
1787797995674,58a6a1ed-bac0-7b3e-bb57-1f0b230987e8,/p/1/f412e31e80c3ee93,3,200,242028,204.077,2629.989,92026
1787797998294,c0076e2b-9e98-ee90-1ff7-07c9a50be582,/p/0/7ad6c581bd250299,6,200,130423,4.945,47.861,2725061
1787797998294,c0076e2b-9e98-ee90-1ff7-07c9a50be582,/p/0/7ad6c281bd24fd80,6,200,412493,2.298,81.401,5067444
1787797994190,0fbbe26e-91ea-f186-a42b-b756aff181dc,/p/3/99277e0208700b4,4,200,3159394,80.387,4316.164,731991
1787797997705,2dc6c523-69bb-f3cf-20b2-1172c094ef68,/p/0/5a7d321a6d17af45,1,200,255270,15.385,803.019,317888
1787797995864,71a74354-aa89-7296-7b7e-c14168f4dfb4,/p/0/c5267355dd3cfb24,2,200,473122,194.921,2866.224,165068
1787797991947,15781728-83db-ba86-87ee-c2880d8480a9,/p/3/73941b6704d85b6c,10,200,384028,298.667,6823.019,56284
1787797995168,b0923ba3-d944-456d-ae9b-d2ee20877ced,/p/0/5d1f0f8ef2e6e75e,2,200,4282433,61.979,3673.082,1165896
1787797992850,c1161622-07c0-a623-c244-7d7c1af1985f,/p/0/4745fca813604a93,3,200,252789,259.496,6078.837,41585
1787797995792,b584fd37-32ee-bbe2-9a1d-080e1ff1d15f,/p/2/5b931d121f69b581,2,200,194326,118.671,3148.200,61726
1787797997995,abadecde-19c3-fd7c-5c32-fbf4dc79162d,/p/0/48d1e4f5fdf8f884,2,200,367188,117.832,1065.789,344522
1787797997995,abadecde-19c3-fd7c-5c32-fbf4dc79162d,/p/0/48d1e7f5fdf8fd9d,2,200,420478,40.882,1108.263,379403
1787797994791,5edbe3a8-f834-5fa7-a6c5-ac7e9d74713b,/p/0/33a8875f43e1c31f,1,200,337177,48.074,4318.772,78072
1787797991966,2e060094-5db8-ba29-5350-3e2835d4ac54,/p/0/4cbe014e58161179,3,200,2953463,26.302,7350.021,401831
1787797994823,62a4cefc-2434-7945-7c04-3ff814c3a24f,/p/0/9af929857e415f01,8,200,245808,453.080,4500.365,54620
1787797998039,2e060094-5db8-ba29-5350-3e2835d4ac54,/p/0/b95567c45a5d0e,7,200,113635,1282.203,1288.335,88203
1787797998039,2e060094-5db8-ba29-5350-3e2835d4ac54,/p/5/b95667c45a5ec1,7,200,113974,1282.733,1288.714,88440
1787797996031,169ab19f-af23-0e9c-8851-b8d46c946a82,/p/2/304f856e58fd4935,2,200,169741,358.450,3363.985,50458
1787797992222,a776d2e4-61dd-f4bf-a959-7057990f7aff,/p/0/2b1e9d9d89f5bb2,7,200,234154,398.482,7199.041,32526
1787797993809,15781728-83db-ba86-87ee-c2880d8480a9,/p/0/73941c6704d85d1f,10,200,249267,222.389,5646.483,44146
1787797998506,0fbbe26e-91ea-f186-a42b-b756aff181dc,/p/2/4d3d7f3c5834e469,5,200,310294,70.483,980.722,316393
1787797994791,5edbe3a8-f834-5fa7-a6c5-ac7e9d74713b,/p/7/33a8865f43e1c16c,1,200,463326,168.958,5002.690,92615
1787797990925,15781728-83db-ba86-87ee-c2880d8480a9,/p/0/ed64b5594440c5cc,9,200,478582,280.331,8870.300,53953
1787797997163,16fb8e71-85b0-972a-4fc0-223f5c14309d,/p/0/f5cfdd0711ef5fdd,1,200,122324,114.029,2673.133,45761
1787797994752,bfe43ec9-8fa0-2a7f-d056-b7bf188e95a4,/p/0/5e06bceb266412e9,6,200,139901,568.724,5272.407,26535
1787797999487,0fbbe26e-91ea-f186-a42b-b756aff181dc,/p/0/13fd50815eb206f5,6,200,248126,70.000,994.366,249532
1787797999395,169ab19f-af23-0e9c-8851-b8d46c946a82,/p/0/3c1500192a73674c,3,200,55538,507.396,1087.229,51082
1787797987948,ea6c9012-92f7-6ca5-a8c7-969c8a62c197,/p/0/bfa5de5393716d7,3,200,3603619,87.557,12642.344,285044
1787797996139,458e7d59-ccd1-a2b4-3ae1-c4419237d274,/p/0/24ca0d18b3dd5c7f,6,200,144933,457.364,4479.255,32356
1787797961491,b61245a9-66c2-d39a-8568-5c92774075b2,/p/1/5f6842eccf02ea16,2,200,2570110,410.446,39527.108,65021
1787797998304,58a6a1ed-bac0-7b3e-bb57-1f0b230987e8,/p/0/5be8e60eb610fc46,4,200,156578,202.055,2727.537,57406
1787797999395,169ab19f-af23-0e9c-8851-b8d46c946a82,/p/0/3c1503192a736c65,3,200,114260,441.949,1680.245,68002
1787797931528,558e27b6-befe-b208-ddb1-bf55a81229d0,/p/8/36011a452402b26a,1,0,2956335,81.062,69571.172,42494
1787797931528,558e27b6-befe-b208-ddb1-bf55a81229d0,/p/0/360118452402af04,1,0,2842031,3.628,69571.281,40851
1787797996031,169ab19f-af23-0e9c-8851-b8d46c946a82,/p/0/304f836e58fd45cf,2,200,497038,394.740,5173.428,96075
1787797995335,def7e2e3-70b7-e438-3156-fe53c35606b8,/p/0/796985468610dd80,1,200,373492,70.060,5913.936,63155
1787797999487,0fbbe26e-91ea-f186-a42b-b756aff181dc,/p/1/13fd4f815eb20542,6,200,297738,77.088,1770.863,168132
1787798000100,ff21d2d1-cacf-1f48-c148-3959f4492e49,/?crawl=162,0,200,230389,96.300,1239.300,185903
1787797999328,2e060094-5db8-ba29-5350-3e2835d4ac54,/p/0/d15e6414a9258f8e,8,200,225832,147.674,2018.287,111893
1787798001258,0fbbe26e-91ea-f186-a42b-b756aff181dc,/p/0/24f585255093ba3c,7,200,18226,76.405,196.549,92730
1787797987797,a51f9150-898b-ba9b-7432-11e1fcd1c3e6,/p/0/f8a38c5de7308bb5,8,200,2847121,180.538,13680.659,208113
1787797993654,45c91211-d5fc-4832-e57e-891b29500b13,/p/0/1e87f19a4161e290,3,200,465311,326.959,7887.926,58990
1787798001099,81d46173-c185-2888-8df7-98c3dc3f9c1f,/?crawl=164,0,200,231662,32.305,453.115,511265
1787797995335,def7e2e3-70b7-e438-3156-fe53c35606b8,/p/4/796986468610df33,1,200,371495,211.755,6232.432,59607
1787797978939,05e0c067-bb60-57b9-9b87-4c61ab06cea0,/p/0/7572406968efcd00,1,200,3436180,143.477,22630.903,151836
1787797997604,45c91211-d5fc-4832-e57e-891b29500b13,/p/0/c4558b7cbe60c1a2,4,200,200144,224.273,4021.670,49766
1787797994099,37cf9e2f-5499-f4fd-4782-5d19ee238e94,/?crawl=157,0,200,4681756,23.410,7578.257,617788
1787797980482,3a43c60b-5a61-3496-f2c5-9c4d4c7163b0,/p/5/c31b97dfbb5ba8b2,1,200,5775534,45.350,21279.553,271412
1787798001099,1b976d57-71d9-51ee-e07a-e70a9c3e1e8c,/?crawl=163,0,200,290191,39.853,709.771,408852
1787797997097,c42549ee-1a1b-bc68-aaa1-cb2621d8352a,/p/0/33837b4d9c01fede,14,200,511391,171.945,4777.702,107037
1787797969829,169ab19f-af23-0e9c-8851-b8d46c946a82,/p/0/5d4b022fe2f92a96,1,200,3726411,194.036,32061.410,116227
1787797984258,ea6c9012-92f7-6ca5-a8c7-969c8a62c197,/p/0/fb62111f7f9eb875,1,200,4468785,16.839,17682.791,252719
1787797983630,05e0c067-bb60-57b9-9b87-4c61ab06cea0,/p/3/5c8c230a5e07db0e,3,200,3863514,261.486,18338.998,210672
1787798001677,37cf9e2f-5499-f4fd-4782-5d19ee238e94,/p/0/e5ff32e8f175ec86,1,200,88574,21.611,346.016,255982
1787797998304,58a6a1ed-bac0-7b3e-bb57-1f0b230987e8,/p/0/5be8e40eb610f8e0,4,200,263214,222.479,3738.102,70414
1787798001677,37cf9e2f-5499-f4fd-4782-5d19ee238e94,/p/0/e5ff31e8f175ead3,1,200,119397,62.125,457.516,260968
1787797994146,a0d89031-7268-879e-e788-3965e7a283ea,/p/0/d48d62645668c583,1,200,200969,310.905,8022.203,25052
1787798001258,0fbbe26e-91ea-f186-a42b-b756aff181dc,/p/0/24f586255093bbef,7,200,164989,83.422,971.445,169839
1787798001677,37cf9e2f-5499-f4fd-4782-5d19ee238e94,/p/4/e5ff30e8f175e920,1,200,171722,90.955,559.224,307072
1787797988208,ad3c456b-5574-4ec8-b695-45e6b3670b3a,/p/13/adb8b9a92d32dcc3,1,200,4262666,196.156,14039.177,303626
1787798001258,0fbbe26e-91ea-f186-a42b-b756aff181dc,/p/0/24f588255093bf55,7,200,188074,69.735,1059.480,177515
1787798002236,37cf9e2f-5499-f4fd-4782-5d19ee238e94,/p/0/7abacba4ff2e6025,2,200,24142,24.137,90.870,265676
1787797983314,6e7645d3-00f2-67c3-457f-0d55a5168369,/p/0/406d13fce7cce423,4,200,5871704,203.951,19126.614,306991
1787797994281,458e7d59-ccd1-a2b4-3ae1-c4419237d274,/p/8/24ca0f18b3dd5fe5,6,200,474695,493.112,8198.266,57902
1787798001969,05e0c067-bb60-57b9-9b87-4c61ab06cea0,/p/2/9e37dd9fd729d20a,4,200,390070,3.759,676.831,576318
1787798001969,05e0c067-bb60-57b9-9b87-4c61ab06cea0,/p/0/9e37de9fd729d3bd,4,200,265161,329.453,749.703,353688
1787797995179,c1161622-07c0-a623-c244-7d7c1af1985f,/p/0/298d0216e5dcc376,4,200,359930,260.287,7597.142,47377
1787798002237,37cf9e2f-5499-f4fd-4782-5d19ee238e94,/p/3/7abac9a4ff2e5cbf,2,200,191603,42.995,577.905,331548
1787798001553,81d46173-c185-2888-8df7-98c3dc3f9c1f,/p/0/c180a9a46acd624d,1,200,194532,29.668,1345.031,144630
1787797994752,bfe43ec9-8fa0-2a7f-d056-b7bf188e95a4,/p/0/5e06baeb26640f83,6,200,286033,487.603,8233.820,34739
1787797992774,a91d6e15-10a3-164c-ecc3-b0fa8e9338e4,/p/0/c14bbf607f58f8,4,200,4852784,335.635,10285.380,471814
1787797988208,ad3c456b-5574-4ec8-b695-45e6b3670b3a,/p/0/adb8bba92d32e029,1,200,4470740,36.489,14923.664,299574
1787797992562,ea6c9012-92f7-6ca5-a8c7-969c8a62c197,/p/0/bcee0f643ac79ca7,6,200,3559479,88.628,10607.810,335553
1787797999395,169ab19f-af23-0e9c-8851-b8d46c946a82,/p/1/3c1501192a7368ff,3,200,2635574,398.160,3779.933,697254
1787797999328,2e060094-5db8-ba29-5350-3e2835d4ac54,/p/4/d15e6514a9259141,8,200,494415,190.549,3963.208,124751
1787798003175,169ab19f-af23-0e9c-8851-b8d46c946a82,/p/0/dcfe68deaffc054c,4,200,256655,31.296,223.822,1146694
1787798002646,05e0c067-bb60-57b9-9b87-4c61ab06cea0,/p/1/c778fd6d905f8b0e,5,200,34399,875.315,881.005,39045
1787798002646,05e0c067-bb60-57b9-9b87-4c61ab06cea0,/p/0/c778fb6d905f87a8,5,200,176230,875.925,885.406,199039
1787797998940,b584fd37-32ee-bbe2-9a1d-080e1ff1d15f,/p/0/b31c64f82b03867a,3,200,159210,481.763,4597.501,34630
1787797983080,6e7645d3-00f2-67c3-457f-0d55a5168369,/p/0/406d14fce7cce5d6,4,200,5811670,252.711,20471.501,283891
1787797981245,a51f9150-898b-ba9b-7432-11e1fcd1c3e6,/p/0/99dc8436efcd5eef,5,200,5124680,169.651,22310.249,229701
1787797996031,169ab19f-af23-0e9c-8851-b8d46c946a82,/p/0/304f846e58fd4782,2,200,3315558,502.042,7537.131,439897
1787798002479,458e7d59-ccd1-a2b4-3ae1-c4419237d274,/p/0/fb862584ea2bc0b7,7,200,205751,1026.596,1228.264,167514
1787797995179,c1161622-07c0-a623-c244-7d7c1af1985f,/p/0/298d0116e5dcc1c3,4,200,491518,260.213,8554.385,57458
1787798002237,37cf9e2f-5499-f4fd-4782-5d19ee238e94,/p/0/7abac8a4ff2e5b0c,2,200,424436,67.244,1579.560,268705
1787798002248,ad3c456b-5574-4ec8-b695-45e6b3670b3a,/p/12/4afbf2e1ce1cc940,2,200,205435,204.831,1580.481,129983
1787798002646,05e0c067-bb60-57b9-9b87-4c61ab06cea0,/p/0/c778fe6d905f8cc1,5,200,437407,875.924,1205.391,362876
1787797999796,15781728-83db-ba86-87ee-c2880d8480a9,/p/0/fe8434b51768d329,11,200,175862,250.942,4181.176,42060
1787798002479,458e7d59-ccd1-a2b4-3ae1-c4419237d274,/p/7/fb862784ea2bc41d,7,200,435065,1026.605,1534.983,283433
1787798002479,458e7d59-ccd1-a2b4-3ae1-c4419237d274,/p/0/fb862684ea2bc26a,7,200,481075,1026.677,1535.023,313399
1787797997099,a2ac3dcd-a7f9-7b45-320c-ca6ddcd78e41,/?crawl=160,0,200,3806257,25.291,6918.584,550150
1787797996530,45c91211-d5fc-4832-e57e-891b29500b13,/p/7/c455897cbe60be3c,4,200,446169,220.194,7498.512,59501
1787797941695,458e7d59-ccd1-a2b4-3ae1-c4419237d274,/p/0/dca4bc29feba0ddc,2,200,4574066,188.334,62334.200,73380
1787797988491,a91d6e15-10a3-164c-ecc3-b0fa8e9338e4,/p/0/91f28d3b710e975c,2,200,6146733,291.761,15575.696,394636
1787797996421,a9799f6d-0f99-9d57-a23d-b3c8518a6fcb,/p/2/ed6946cb6516c3f8,2,200,499591,426.049,7723.252,64687
1787797977295,21d8ef89-c627-98d7-2ec2-8cbc3d24ca15,/p/0/4d61119f92f591f8,2,200,2788233,338.715,26936.566,103511
1787797970325,b62d92a6-2e28-69c1-d2ac-48812da5a869,/p/0/a1af75ff14d09098,3,200,4865419,286.727,33965.901,143244
1787798001552,81d46173-c185-2888-8df7-98c3dc3f9c1f,/p/3/c180a8a46acd609a,1,200,174130,198.480,2761.482,63057
1787797997163,16fb8e71-85b0-972a-4fc0-223f5c14309d,/p/2/f5cfdc0711ef5e2a,1,200,383470,2665.395,7250.853,52886
1787798004014,458e7d59-ccd1-a2b4-3ae1-c4419237d274,/p/0/7a76ce41276c20db,8,200,20032,236.477,410.999,48740
1787798002814,37cf9e2f-5499-f4fd-4782-5d19ee238e94,/p/0/c9b54eb6f7be35e7,3,200,348669,117.794,1741.739,200184
1787798002814,37cf9e2f-5499-f4fd-4782-5d19ee238e94,/p/0/c9b54fb6f7be379a,3,200,271349,127.316,1785.115,152006
1787797994146,a0d89031-7268-879e-e788-3965e7a283ea,/p/0/d48d63645668c736,1,200,296341,926.459,10455.600,28343
1787798004014,458e7d59-ccd1-a2b4-3ae1-c4419237d274,/p/6/7a76cd41276c1f28,8,200,195857,155.580,661.139,296242
1787797980374,458e7d59-ccd1-a2b4-3ae1-c4419237d274,/p/0/dc7472a0d034c969,4,200,3138034,456.958,24301.280,129130
1787797944046,458e7d59-ccd1-a2b4-3ae1-c4419237d274,/p/0/bf8d531464a24a6c,3,200,5379598,491.634,60632.381,88725
1787797997705,2dc6c523-69bb-f3cf-20b2-1172c094ef68,/p/5/5a7d311a6d17ad92,1,200,3173550,23.077,6989.681,454034
1787798004014,458e7d59-ccd1-a2b4-3ae1-c4419237d274,/p/0/7a76cf41276c228e,8,200,331032,664.314,682.453,485062
1787798001762,3a43c60b-5a61-3496-f2c5-9c4d4c7163b0,/p/0/90ff544bdd16ec10,2,200,340307,44.674,2953.762,115211
1787798000101,1620021f-caf3-891b-7d2c-96be726882f7,/?crawl=161,0,200,260049,608.063,4625.049,56226
1787798002814,37cf9e2f-5499-f4fd-4782-5d19ee238e94,/p/2/c9b54db6f7be3434,3,200,500237,138.731,1975.841,253177
1787798003527,05e0c067-bb60-57b9-9b87-4c61ab06cea0,/p/0/ded53b840f599885,6,200,43844,1170.464,1274.022,34414
1787798001019,b61245a9-66c2-d39a-8568-5c92774075b2,/p/0/89f8260db7da24a1,3,200,152216,405.305,3782.495,40242
1787798004695,2dc6c523-69bb-f3cf-20b2-1172c094ef68,/p/0/52a6b3a84144ca7,2,200,21405,110.913,164.210,130351
1787797997163,16fb8e71-85b0-972a-4fc0-223f5c14309d,/p/0/f5cfda0711ef5ac4,1,200,498547,74.681,7702.951,64722
1787798001809,1b976d57-71d9-51ee-e07a-e70a9c3e1e8c,/p/0/e06cfdd083c6923b,1,200,277728,193.642,3061.767,90708
1787797979436,21d8ef89-c627-98d7-2ec2-8cbc3d24ca15,/p/0/1614f8ef173a905f,3,200,4085157,269.089,25434.635,160614
1787798003527,05e0c067-bb60-57b9-9b87-4c61ab06cea0,/p/0/ded539840f59951f,6,200,72460,1285.101,1453.673,49846
1787797979436,21d8ef89-c627-98d7-2ec2-8cbc3d24ca15,/p/0/1614faef173a93c5,3,200,4411001,293.718,25545.734,172671
1787798004675,458e7d59-ccd1-a2b4-3ae1-c4419237d274,/p/0/838378b8e32b034e,9,200,95923,21.479,344.473,278463
1787798001969,05e0c067-bb60-57b9-9b87-4c61ab06cea0,/p/0/9e37db9fd729cea4,4,200,4432990,329.463,3051.587,1452684
1787798004695,2dc6c523-69bb-f3cf-20b2-1172c094ef68,/p/4/52a6a3a84144af4,2,200,133082,88.518,357.277,372490
1787798003175,169ab19f-af23-0e9c-8851-b8d46c946a82,/p/0/dcfe69deaffc06ff,4,200,3676983,37.561,1935.487,1899771
1787798005099,642fff68-2988-e5c7-ab4f-e0bacd36cda6,/?crawl=166,0,200,19447,19.919,37.723,515516
1787797957801,62ea2bdc-a515-144e-fb40-a76410aef13f,/p/4/c9c78187c52e38bc,2,200,3078735,406.912,47403.936,64947
1787797957801,62ea2bdc-a515-144e-fb40-a76410aef13f,/p/0/c9c78387c52e3c22,2,200,3166124,446.444,47407.523,66785
1787797999794,5edbe3a8-f834-5fa7-a6c5-ac7e9d74713b,/p/0/5a0966c849bf6854,2,200,354640,321.548,5456.559,64993
1787797999794,5edbe3a8-f834-5fa7-a6c5-ac7e9d74713b,/p/0/5a0969c849bf6d6d,2,200,371329,255.091,5503.239,67475
1787797995864,71a74354-aa89-7296-7b7e-c14168f4dfb4,/p/4/c5267455dd3cfcd7,2,200,2829737,39.751,9436.360,299876
1787798003175,169ab19f-af23-0e9c-8851-b8d46c946a82,/p/0/dcfe6bdeaffc0a65,4,200,5105708,29.446,2187.180,2334379
1787797981389,bfe43ec9-8fa0-2a7f-d056-b7bf188e95a4,/p/0/4640bd6f7186d757,4,200,5797782,5.034,24006.228,241512
1787798005137,642fff68-2988-e5c7-ab4f-e0bacd36cda6,/p/20/9aabfde941977474,1,200,77561,18.582,269.737,287543
1787798005137,642fff68-2988-e5c7-ab4f-e0bacd36cda6,/p/0/9aabffe9419777da,1,200,84067,18.576,333.688,251933
1787798004018,a2ac3dcd-a7f9-7b45-320c-ca6ddcd78e41,/p/0/73d7512e186184e8,1,200,377491,74.102,1465.585,257570
1787798002248,ad3c456b-5574-4ec8-b695-45e6b3670b3a,/p/0/4afbf4e1ce1ccca6,2,200,378689,170.904,3284.900,115282
1787797949033,62ea2bdc-a515-144e-fb40-a76410aef13f,/p/0/61838c405bcf1b1,1,200,4765168,484.972,56501.281,84337
1787798004790,37cf9e2f-5499-f4fd-4782-5d19ee238e94,/p/1/6c774c8663ee4397,4,200,266584,20.081,767.881,347169
1787798003828,ad3c456b-5574-4ec8-b695-45e6b3670b3a,/p/0/1edbdaf19d1894ae,3,200,188065,192.686,1794.374,104808
1787798004675,458e7d59-ccd1-a2b4-3ae1-c4419237d274,/p/0/838377b8e32b019b,9,200,444353,43.111,982.168,452420
1787798005052,2dc6c523-69bb-f3cf-20b2-1172c094ef68,/p/0/f0f2b143edfcb59a,3,200,131908,79.774,608.369,216822
1787798001762,3a43c60b-5a61-3496-f2c5-9c4d4c7163b0,/p/0/90ff574bdd16f129,2,200,443491,44.649,3913.283,113330
1787798005301,71a74354-aa89-7296-7b7e-c14168f4dfb4,/p/0/a29ab5c0af93b144,3,200,58007,40.634,378.360,153312
1787798001568,def7e2e3-70b7-e438-3156-fe53c35606b8,/p/0/1324a181cd52b4eb,2,200,182041,500.393,4187.703,43470
1787798001809,1b976d57-71d9-51ee-e07a-e70a9c3e1e8c,/p/0/e06cffd083c695a1,1,200,449043,36.902,3959.600,113406
1787798005052,2dc6c523-69bb-f3cf-20b2-1172c094ef68,/p/3/f0f2b243edfcb74d,3,200,197935,79.851,821.928,240818
1787798005205,62ea2bdc-a515-144e-fb40-a76410aef13f,/p/0/8e3acfd80be18e90,3,200,438114,329.190,788.823,555402
1787798005301,71a74354-aa89-7296-7b7e-c14168f4dfb4,/p/3/a29ab6c0af93b2f7,3,200,99103,219.673,766.537,129287
1787798004029,45c91211-d5fc-4832-e57e-891b29500b13,/p/6/e8b6c97d56c5bed9,5,200,146982,477.078,2048.473,71752
1787798004314,81d46173-c185-2888-8df7-98c3dc3f9c1f,/p/0/e92242858a586d84,2,200,158462,198.192,1764.320,89815
1787797888557,217e1954-c0c2-0697-baaf-354547aa5a45,/p/15/8ec345db3fa638d8,1,0,4446835,705.372,117542.175,37832
1787797972581,5e499411-6aa2-8415-9b43-9488b7817873,/p/0/222d9a38d4412d38,1,0,1556891,363.875,33519.052,46448
1787797975408,5e499411-6aa2-8415-9b43-9488b7817873,/p/0/4208e9a305b02b0e,2,0,1052515,191.754,30691.938,34293
1787798001809,1b976d57-71d9-51ee-e07a-e70a9c3e1e8c,/p/0/e06cfcd083c69088,1,200,493879,193.704,4303.759,114755
1787798004018,a2ac3dcd-a7f9-7b45-320c-ca6ddcd78e41,/p/0/73d7542e18618a01,1,200,412728,154.786,2101.444,196402
1787798001019,b61245a9-66c2-d39a-8568-5c92774075b2,/p/0/89f8230db7da1f88,3,200,218628,370.202,5110.391,42781
1787798003292,2e060094-5db8-ba29-5350-3e2835d4ac54,/p/0/c480b189cd2d3512,9,200,174260,130.330,2848.550,61175
1787797995792,b584fd37-32ee-bbe2-9a1d-080e1ff1d15f,/p/0/5b931c121f69b3ce,2,200,438578,79.855,10360.526,42332
1787798005205,62ea2bdc-a515-144e-fb40-a76410aef13f,/p/3/8e3ad0d80be19043,3,200,332398,340.107,966.728,343838
1787798003527,05e0c067-bb60-57b9-9b87-4c61ab06cea0,/p/0/ded53a840f5996d2,6,200,2894853,1372.902,2694.743,1074260
1787798004675,458e7d59-ccd1-a2b4-3ae1-c4419237d274,/p/5/838376b8e32affe8,9,200,2479339,29.661,1652.839,1500049
1787798005099,ac5ed5a6-1e3c-0934-ae1b-8a8df66e5ffd,/?crawl=167,0,200,377157,57.711,1395.458,270275
1787798004314,81d46173-c185-2888-8df7-98c3dc3f9c1f,/p/0/e92245858a58729d,2,200,231673,159.135,2272.535,101945
1787798004414,16fb8e71-85b0-972a-4fc0-223f5c14309d,/p/0/d27fa74fa59dda28,2,200,160211,413.523,2231.019,71811
1787798005301,71a74354-aa89-7296-7b7e-c14168f4dfb4,/p/0/a29ab8c0af93b65d,3,200,232859,79.281,1362.937,170851
1787798006328,458e7d59-ccd1-a2b4-3ae1-c4419237d274,/p/0/b6e72a615b8409be,10,200,192120,3.604,337.043,570017
1787798001552,81d46173-c185-2888-8df7-98c3dc3f9c1f,/p/0/c180a6a46acd5d34,1,200,494557,198.504,5315.970,93032
1787798005874,2dc6c523-69bb-f3cf-20b2-1172c094ef68,/p/0/53084ab01c392a4d,4,200,153130,117.912,1025.613,149306
1787797998940,b584fd37-32ee-bbe2-9a1d-080e1ff1d15f,/p/1/b31c65f82b03882d,3,200,319333,523.796,7964.923,40092
1787798005874,2dc6c523-69bb-f3cf-20b2-1172c094ef68,/p/0/530847b01c392534,4,200,168091,85.886,1050.603,159995
1787798001019,b61245a9-66c2-d39a-8568-5c92774075b2,/p/0/89f8250db7da22ee,3,200,234454,336.610,5962.408,39322
1787798002248,ad3c456b-5574-4ec8-b695-45e6b3670b3a,/p/0/4afbf3e1ce1ccaf3,2,200,459880,222.259,4767.258,96466
1787798005558,37cf9e2f-5499-f4fd-4782-5d19ee238e94,/p/0/9c6e8f907147ec61,5,200,170404,141.444,1461.617,116586
1787798004790,37cf9e2f-5499-f4fd-4782-5d19ee238e94,/p/0/6c774e8663ee46fd,4,200,471754,126.177,2232.606,211302
1787797998940,b584fd37-32ee-bbe2-9a1d-080e1ff1d15f,/p/0/b31c63f82b0384c7,3,200,327243,481.864,8113.745,40332
1787797995792,b584fd37-32ee-bbe2-9a1d-080e1ff1d15f,/p/0/5b931b121f69b21b,2,200,497128,79.857,11274.910,44092
1787798001874,c42549ee-1a1b-bc68-aaa1-cb2621d8352a,/p/0/33837a4d9c01fd2b,14,200,477198,167.215,5219.096,91433
1787798006905,b584fd37-32ee-bbe2-9a1d-080e1ff1d15f,/p/0/f989eee7abd34fdc,4,200,11265,183.346,238.739,47185
1787798006172,62ea2bdc-a515-144e-fb40-a76410aef13f,/p/2/44a67cd95e0da3ca,4,200,170816,703.216,1024.142,166789
1787798005052,2dc6c523-69bb-f3cf-20b2-1172c094ef68,/p/0/f0f2b043edfcb3e7,3,200,359402,79.847,2168.140,165765
1787798005874,2dc6c523-69bb-f3cf-20b2-1172c094ef68,/p/2/530848b01c3926e7,4,200,249235,85.899,1368.523,182120
1787797998506,0fbbe26e-91ea-f186-a42b-b756aff181dc,/p/0/4d3d7e3c5834e2b6,5,200,3118364,14.011,8738.313,356861
1787797997705,2dc6c523-69bb-f3cf-20b2-1172c094ef68,/p/0/5a7d2f1a6d17aa2c,1,200,3789468,15.394,9697.873,390752
1787798003292,2e060094-5db8-ba29-5350-3e2835d4ac54,/p/3/c480b289cd2d36c5,9,200,336178,144.119,4268.727,78754
1787798007243,2dc6c523-69bb-f3cf-20b2-1172c094ef68,/p/0/b1f9f70efe0b8ed0,5,200,47600,88.291,321.634,147994
1787798006905,b584fd37-32ee-bbe2-9a1d-080e1ff1d15f,/p/0/f989efe7abd3518f,4,200,208582,238.694,711.839,293018
1787798006905,b584fd37-32ee-bbe2-9a1d-080e1ff1d15f,/p/0/f989f0e7abd35342,4,200,327238,161.710,715.002,457674
1787798005558,37cf9e2f-5499-f4fd-4782-5d19ee238e94,/p/0/9c6e8d907147e8fb,5,200,477726,141.414,2074.170,230321
1787798007243,2dc6c523-69bb-f3cf-20b2-1172c094ef68,/p/0/b1f9fa0efe0b93e9,5,200,125668,80.477,446.500,281451
1787798005137,642fff68-2988-e5c7-ab4f-e0bacd36cda6,/p/0/9aabfee941977627,1,200,491934,52.843,2716.524,181090
1787798006328,458e7d59-ccd1-a2b4-3ae1-c4419237d274,/p/0/b6e729615b84080b,10,200,2421106,2.151,1537.063,1575151
1787798007099,c3f5fd30-bb24-84f3-ca25-fcda58afc577,/?crawl=169,0,200,317994,41.120,873.659,363979
1787798005406,642fff68-2988-e5c7-ab4f-e0bacd36cda6,/p/19/db772523b695e960,2,200,301910,107.577,2630.891,114756
1787798006328,458e7d59-ccd1-a2b4-3ae1-c4419237d274,/p/4/b6e728615b840658,10,200,3657755,2.739,2041.387,1791799
1787798004314,81d46173-c185-2888-8df7-98c3dc3f9c1f,/p/2/e92243858a586f37,2,200,497988,174.084,4183.941,119024
1787798008037,642fff68-2988-e5c7-ab4f-e0bacd36cda6,/p/0/37ade79996d7c845,3,200,73605,98.206,491.875,149642
1787798004029,45c91211-d5fc-4832-e57e-891b29500b13,/p/0/e8b6c77d56c5bb73,5,200,385051,254.284,4518.231,85222
1787798005406,642fff68-2988-e5c7-ab4f-e0bacd36cda6,/p/0/db772723b695ecc6,2,200,441575,99.309,3156.653,139887
1787798008037,642fff68-2988-e5c7-ab4f-e0bacd36cda6,/p/0/37ade49996d7c32c,3,200,132429,98.246,587.317,225481
1787798008370,458e7d59-ccd1-a2b4-3ae1-c4419237d274,/p/0/1722dbba4da518e7,11,200,125975,3.003,320.396,393186
1787798008370,458e7d59-ccd1-a2b4-3ae1-c4419237d274,/p/3/1722ddba4da51c4d,11,200,285866,317.218,329.848,866659
1787798008099,8e5aa8d2-ede1-19bd-1d96-e262a55a59d2,/?crawl=171,0,200,229649,35.746,663.476,346130
1787798006067,71a74354-aa89-7296-7b7e-c14168f4dfb4,/p/0/52f7119665433d4c,4,200,316751,243.611,2797.810,113214
1787797998506,0fbbe26e-91ea-f186-a42b-b756aff181dc,/p/0/4d3d7d3c5834e103,5,200,4102053,70.546,10617.886,386334
1787798007093,c42549ee-1a1b-bc68-aaa1-cb2621d8352a,/p/2/a3d0db3a9a95e4a8,15,200,118723,468.575,2094.519,56683
1787798007560,2e060094-5db8-ba29-5350-3e2835d4ac54,/p/0/4032e6eaa63ca116,10,200,114262,349.691,1669.040,68460
1787798001568,def7e2e3-70b7-e438-3156-fe53c35606b8,/p/3/1324a081cd52b338,2,200,435914,431.157,7912.635,55091
1787798008037,642fff68-2988-e5c7-ab4f-e0bacd36cda6,/p/18/37ade69996d7c692,3,200,317572,98.220,1459.417,217602
1787798008762,8e5aa8d2-ede1-19bd-1d96-e262a55a59d2,/p/0/b1321bbc4cfa6d64,1,200,103961,250.492,1007.828,103153
1787798008699,458e7d59-ccd1-a2b4-3ae1-c4419237d274,/p/0/b338691b360023ed,12,200,519858,432.223,1080.405,481169
1787798007099,54b99f98-ba0a-149c-bf43-9e94ef4206dd,/?crawl=170,0,200,522656,80.261,2742.150,190601
1787798009497,642fff68-2988-e5c7-ab4f-e0bacd36cda6,/p/0/55ec033fdb7e15bb,4,200,91724,96.687,620.442,147836
1787798004790,37cf9e2f-5499-f4fd-4782-5d19ee238e94,/p/0/6c774b8663ee41e4,4,200,2716017,20.275,5354.736,507218
1787797999421,a776d2e4-61dd-f4bf-a959-7057990f7aff,/p/7/89497482021d861b,8,200,283582,424.158,10852.555,26130
1787798007973,c3f5fd30-bb24-84f3-ca25-fcda58afc577,/p/0/6beefb9f0824ca63,1,200,180255,198.717,2346.487,76819
1787798004414,16fb8e71-85b0-972a-4fc0-223f5c14309d,/p/0/d27faa4fa59ddf41,2,200,346040,413.413,6124.421,56502
1787798007973,c3f5fd30-bb24-84f3-ca25-fcda58afc577,/p/0/6beefc9f0824cc16,1,200,244572,139.470,2672.595,91511
1787798007973,c3f5fd30-bb24-84f3-ca25-fcda58afc577,/p/13/6beefd9f0824cdc9,1,200,278003,40.398,2838.080,97955
1787798010103,ed99f7b2-27ab-2247-ab0d-d30c027ff057,/?crawl=172,0,200,189448,47.690,708.928,267232
1787798010812,ed99f7b2-27ab-2247-ab0d-d30c027ff057,/p/2/6b711bd50acb4f9d,1,200,38609,64.428,160.566,240456
1787798009497,642fff68-2988-e5c7-ab4f-e0bacd36cda6,/p/17/55ec053fdb7e1921,4,200,323496,96.693,1628.800,198610
1787797999487,0fbbe26e-91ea-f186-a42b-b756aff181dc,/p/0/13fd4d815eb201dc,6,200,5925885,77.120,11968.711,495115
1787798010102,b89f6c8d-cce2-aadb-bb45-bbde3f569888,/?crawl=173,0,200,399918,100.561,1728.861,231319
1787798011126,642fff68-2988-e5c7-ab4f-e0bacd36cda6,/p/16/a146af910f64fe75,5,200,161867,282.326,780.906,207281
1787798007560,2e060094-5db8-ba29-5350-3e2835d4ac54,/p/2/4032e7eaa63ca2c9,10,200,481872,334.476,4423.898,108925
1787798010811,c3f5fd30-bb24-84f3-ca25-fcda58afc577,/p/12/e05b9cc16b32360a,2,200,187785,219.630,1327.438,141464
1787798011907,642fff68-2988-e5c7-ab4f-e0bacd36cda6,/p/15/4bdf8f3e73e0ee99,6,200,47571,89.761,243.501,195363
1787798010811,c3f5fd30-bb24-84f3-ca25-fcda58afc577,/p/0/e05b9ac16b3232a4,2,200,202368,220.202,1545.712,130922
1787798004145,a9799f6d-0f99-9d57-a23d-b3c8518a6fcb,/p/0/31c462686428583e,3,200,352343,461.839,9064.344,38871
1787798013099,b0711855-0011-f143-336d-1c80e4677454,/?crawl=174,0,200,127141,18.889,145.038,876608
1787798013099,d76e959d-821f-1598-248c-b6ecfb7ab3a5,/?crawl=176,0,200,125971,19.990,149.555,842306
1787798012138,c3f5fd30-bb24-84f3-ca25-fcda58afc577,/p/0/9f18f72d079ec717,3,200,96115,217.892,1154.171,83276
1787798004018,a2ac3dcd-a7f9-7b45-320c-ca6ddcd78e41,/p/1/73d7532e1861884e,1,200,4590075,26.276,9418.941,487324
1787798013244,b0711855-0011-f143-336d-1c80e4677454,/p/5/f6f31ba38f298b2b,1,200,67617,16.647,195.089,346596
1787798010811,c3f5fd30-bb24-84f3-ca25-fcda58afc577,/p/0/e05b9dc16b3237bd,2,200,320585,53.612,2759.433,116178
1787798004695,2dc6c523-69bb-f3cf-20b2-1172c094ef68,/p/0/52a6c3a84144e5a,2,200,3554750,124.422,8932.278,397967
1787798013439,b0711855-0011-f143-336d-1c80e4677454,/p/0/947fd0cefc2276f1,2,200,41952,85.955,221.667,189257
1787798004029,45c91211-d5fc-4832-e57e-891b29500b13,/p/0/e8b6c87d56c5bd26,5,200,502991,210.865,9767.653,51496
1787798013439,b0711855-0011-f143-336d-1c80e4677454,/p/0/947fcdcefc2271d8,2,200,64405,85.993,382.912,168198
1787798009841,54b99f98-ba0a-149c-bf43-9e94ef4206dd,/p/0/449c7019e19561c4,1,200,238321,73.717,4372.786,54501
1787798011126,642fff68-2988-e5c7-ab4f-e0bacd36cda6,/p/0/a146ae910f64fcc2,5,200,430480,291.142,3186.773,135083
1787798013099,872f6eaf-1872-4c39-7bff-4a97bb651875,/?crawl=175,0,200,508539,37.387,1257.603,404372
1787798011907,642fff68-2988-e5c7-ab4f-e0bacd36cda6,/p/0/4bdf8e3e73e0ece6,6,200,376528,162.196,2485.124,151513
1787798009229,2e060094-5db8-ba29-5350-3e2835d4ac54,/p/0/4032e5eaa63c9f63,10,200,330535,175.098,5225.707,63252
1787797980037,58a6a1ed-bac0-7b3e-bb57-1f0b230987e8,/p/0/f67e93add2470e54,2,200,5200745,244.791,34526.303,150631
1787798009481,def7e2e3-70b7-e438-3156-fe53c35606b8,/p/2/ddd2dd7845cf9705,3,200,218390,461.700,5114.986,42696
1787798014392,642fff68-2988-e5c7-ab4f-e0bacd36cda6,/p/0/857d7be0ced1e004,7,200,38612,151.577,456.843,84519
1787798013244,b0711855-0011-f143-336d-1c80e4677454,/p/0/f6f31aa38f298978,1,200,169603,33.369,1634.918,103738
1787797995674,58a6a1ed-bac0-7b3e-bb57-1f0b230987e8,/p/0/f412e21e80c3ece0,3,200,3517441,245.163,19223.209,182979
1787798013437,a2ac3dcd-a7f9-7b45-320c-ca6ddcd78e41,/p/0/2f93a657e6f4de7a,2,200,270627,21.608,1483.133,182470
1787798013437,a2ac3dcd-a7f9-7b45-320c-ca6ddcd78e41,/p/0/2f93a757e6f4e02d,2,200,404902,68.874,1730.448,233987
1787798010973,ed99f7b2-27ab-2247-ab0d-d30c027ff057,/p/0/bf58b56ca1f80193,2,200,141854,254.971,4294.904,33028
1787798011831,b89f6c8d-cce2-aadb-bb45-bbde3f569888,/p/0/d806c47776305624,1,200,197836,445.673,3437.050,57560
1787798011984,2e060094-5db8-ba29-5350-3e2835d4ac54,/p/1/cacfaa4ef901e761,11,200,271620,150.218,3319.623,81823
1787798008498,81d46173-c185-2888-8df7-98c3dc3f9c1f,/p/0/cb95883e4cc489ba,3,200,461588,114.665,6829.654,67586
1787798010812,ed99f7b2-27ab-2247-ab0d-d30c027ff057,/p/0/6b711ad50acb4dea,1,200,226359,255.866,4694.906,48214
1787798009841,54b99f98-ba0a-149c-bf43-9e94ef4206dd,/p/0/449c7319e19566dd,1,200,382277,252.689,5813.367,65758
1787798010973,ed99f7b2-27ab-2247-ab0d-d30c027ff057,/p/1/bf58b76ca1f804f9,2,200,241714,448.081,4749.356,50894
1787798009841,54b99f98-ba0a-149c-bf43-9e94ef4206dd,/p/1/449c7119e1956377,1,200,346686,111.146,5885.632,58904
1787798007243,2dc6c523-69bb-f3cf-20b2-1172c094ef68,/p/1/b1f9f90efe0b9236,5,200,4926158,80.353,8579.771,574160
1787797999794,5edbe3a8-f834-5fa7-a6c5-ac7e9d74713b,/p/6/5a0967c849bf6a07,2,200,5145392,377.923,16083.956,319908
1787797982099,d6970ebb-4bbe-2213-27db-ad165047c18e,/?crawl=139,0,200,5073400,81.092,33779.385,150192
1787798010812,ed99f7b2-27ab-2247-ab0d-d30c027ff057,/p/0/6b7119d50acb4c37,1,200,438573,184.717,5123.569,85599
1787798014357,872f6eaf-1872-4c39-7bff-4a97bb651875,/p/0/6388c845fa8e987e,1,200,99141,189.132,1643.826,60311
1787798008498,81d46173-c185-2888-8df7-98c3dc3f9c1f,/p/0/cb95873e4cc48807,3,200,488333,141.909,7600.975,64246
1787797994791,5edbe3a8-f834-5fa7-a6c5-ac7e9d74713b,/p/0/33a8885f43e1c4d2,1,200,5057029,48.061,21402.985,236277
1787797977970,3e95f795-5d9a-df5b-984d-ce45bac286aa,/p/0/a39e81202ef4df2c,4,200,3258331,237.155,38362.595,84935
1787798014849,642fff68-2988-e5c7-ab4f-e0bacd36cda6,/p/0/857d7ee0ced1e51d,7,200,174445,131.477,1508.780,115620
1787798014455,2e060094-5db8-ba29-5350-3e2835d4ac54,/p/0/cacfa94ef901e5ae,11,200,145379,152.978,2056.349,70698
1787798015878,d6970ebb-4bbe-2213-27db-ad165047c18e,/p/0/e9f0439ae491968b,1,200,234600,323.593,758.859,309148
1787798015823,2dc6c523-69bb-f3cf-20b2-1172c094ef68,/p/0/edd0d95bd4f36be6,6,200,318248,15.819,834.951,381158
1787798010273,a776d2e4-61dd-f4bf-a959-7057990f7aff,/p/0/89497382021d8468,8,200,217113,509.604,6515.469,33323
1787797953060,b61245a9-66c2-d39a-8568-5c92774075b2,/p/0/2cece07f2ef2d8be,1,200,6085305,235.725,63857.968,95294
1787797961491,b61245a9-66c2-d39a-8568-5c92774075b2,/p/0/5f6843eccf02ebc9,2,200,6224593,443.656,55436.271,112284
1787798015722,ed99f7b2-27ab-2247-ab0d-d30c027ff057,/p/0/d33d1fbb96ef0897,3,200,65744,306.681,1233.407,53303
1787798015878,5edbe3a8-f834-5fa7-a6c5-ac7e9d74713b,/p/5/e2c49fd912c4de42,3,200,522437,316.259,1139.272,458571
1787798015878,5edbe3a8-f834-5fa7-a6c5-ac7e9d74713b,/p/0/e2c49dd912c4dadc,3,200,323295,316.245,1141.923,283114
1787798015878,5edbe3a8-f834-5fa7-a6c5-ac7e9d74713b,/p/0/e2c4a0d912c4dff5,3,200,257230,316.432,1142.140,225218
1787798005558,37cf9e2f-5499-f4fd-4782-5d19ee238e94,/p/0/9c6e8e907147eaae,5,200,5800784,141.418,11515.316,503745
1787798003828,ad3c456b-5574-4ec8-b695-45e6b3670b3a,/p/0/1edbd9f19d1892fb,3,200,2575915,176.961,13307.749,193565
1787798015878,d6970ebb-4bbe-2213-27db-ad165047c18e,/p/0/e9f0449ae491983e,1,200,492952,323.383,1332.425,369966
1787798014357,872f6eaf-1872-4c39-7bff-4a97bb651875,/p/4/6388c645fa8e9518,1,200,377692,33.804,2886.774,130835
1787798015823,2dc6c523-69bb-f3cf-20b2-1172c094ef68,/p/0/edd0d85bd4f36a33,6,200,487538,83.770,1421.922,342873
1787798017017,5edbe3a8-f834-5fa7-a6c5-ac7e9d74713b,/p/0/929fd28add67e70d,4,200,217906,8.168,356.137,611859
1787798014357,872f6eaf-1872-4c39-7bff-4a97bb651875,/p/0/6388c745fa8e96cb,1,200,388704,103.109,3045.759,127621
1787797998304,58a6a1ed-bac0-7b3e-bb57-1f0b230987e8,/p/0/5be8e50eb610fa93,4,200,3788564,243.684,19101.699,198336
1787798016099,775c4750-9694-fd74-fbe9-685b0fbdbecc,/?crawl=178,0,200,523240,38.516,1307.324,400238
1787798015878,d6970ebb-4bbe-2213-27db-ad165047c18e,/p/0/e9f0429ae49194d8,1,200,2480092,9.167,1669.232,1485769
1787798011831,b89f6c8d-cce2-aadb-bb45-bbde3f569888,/p/0/d806c77776305b3d,1,200,469174,154.769,5787.380,81068
1787798011831,b89f6c8d-cce2-aadb-bb45-bbde3f569888,/p/6/d806c6777630598a,1,200,514726,64.419,5847.530,88025
1787797960941,c42549ee-1a1b-bc68-aaa1-cb2621d8352a,/p/0/d18ac5e0205d69f8,6,200,4813035,169.239,56813.121,84717
1787798017102,a07f8ea7-cc0e-6b72-443c-c8b930b09dbe,/?crawl=179,0,200,251862,50.347,653.814,385220
1787798007196,62ea2bdc-a515-144e-fb40-a76410aef13f,/p/0/adef7f781aa7c95a,5,200,376108,1070.507,10579.121,35552
1787798010973,ed99f7b2-27ab-2247-ab0d-d30c027ff057,/p/0/bf58b66ca1f80346,2,200,413491,397.270,6816.488,60660
1787797967396,c42549ee-1a1b-bc68-aaa1-cb2621d8352a,/p/0/64247a5abce5130,7,200,3920894,145.783,50478.385,77675
1787798017244,872f6eaf-1872-4c39-7bff-4a97bb651875,/p/3/8f8e64e6842fbc0a,2,200,117566,175.713,784.402,149880
1787798017244,872f6eaf-1872-4c39-7bff-4a97bb651875,/p/0/8f8e62e6842fb8a4,2,200,89683,159.228,907.456,98829
1787798015722,ed99f7b2-27ab-2247-ab0d-d30c027ff057,/p/0/d33d1ebb96ef06e4,3,200,195626,258.727,2661.913,73491
1787798003828,ad3c456b-5574-4ec8-b695-45e6b3670b3a,/p/11/1edbd8f19d189148,3,200,2825095,246.529,14638.669,192989
1787798018467,ad3c456b-5574-4ec8-b695-45e6b3670b3a,/p/10/7bfd6767f7c8ae01,4,200,4436,31.224,31.282,141806
1787798018467,ad3c456b-5574-4ec8-b695-45e6b3670b3a,/p/0/7bfd6567f7c8aa9b,4,200,19200,46.867,99.706,192566
1787797967891,0160c204-bd39-f6af-e94f-39c6fc4dd920,/p/3/b2dcae3545a1bf1a,1,200,5746023,135.892,50785.677,113143
1787798015304,2e060094-5db8-ba29-5350-3e2835d4ac54,/p/0/cacfa84ef901e3fb,11,200,408292,149.152,3409.739,119743
1787798018677,0160c204-bd39-f6af-e94f-39c6fc4dd920,/p/0/bcb0c9748dccf136,2,200,85896,3.765,168.024,511213
1787798018677,0160c204-bd39-f6af-e94f-39c6fc4dd920,/p/2/bcb0ca748dccf2e9,2,200,202009,3.744,209.629,963650
1787798017678,b89f6c8d-cce2-aadb-bb45-bbde3f569888,/p/0/39ac12ccd925371,2,200,103199,89.025,1213.812,85021
1787798018677,0160c204-bd39-f6af-e94f-39c6fc4dd920,/p/0/bcb0c8748dccef83,2,200,286602,3.436,317.616,902354
1787798001762,3a43c60b-5a61-3496-f2c5-9c4d4c7163b0,/p/4/90ff564bdd16ef76,2,200,4779414,90.295,17306.295,276166
1787798015722,ed99f7b2-27ab-2247-ab0d-d30c027ff057,/p/0/d33d21bb96ef0bfd,3,200,501290,282.124,3451.357,145244
1787798016789,a776d2e4-61dd-f4bf-a959-7057990f7aff,/p/0/89497682021d8981,8,200,378155,876.304,2391.151,158148
1787798006100,6b617703-1f7a-3ffa-adc5-9300dcca081c,/?crawl=168,0,200,6114237,38.052,13522.647,452148
1787798018887,0160c204-bd39-f6af-e94f-39c6fc4dd920,/p/0/964dd2170392f9e8,3,200,394152,70.438,954.699,412855
1787797971164,62a4cefc-2434-7945-7c04-3ff814c3a24f,/p/0/bc768506ac443e72,7,200,4604093,560.588,48684.417,94570
1787797994146,a0d89031-7268-879e-e788-3965e7a283ea,/p/3/d48d64645668c8e9,1,200,5178597,848.760,25707.258,201445
1787798019622,6b617703-1f7a-3ffa-adc5-9300dcca081c,/p/0/d884a9417389d969,1,200,113397,3.650,319.796,354592
1787798019622,6b617703-1f7a-3ffa-adc5-9300dcca081c,/p/0/d884a6417389d450,1,200,339000,1.743,343.013,988300
1787798018887,0160c204-bd39-f6af-e94f-39c6fc4dd920,/p/1/964dd4170392fd4e,3,200,331753,76.232,1088.046,304907
1787798004726,1620021f-caf3-891b-7d2c-96be726882f7,/p/0/741a78bacfc7cae,1,200,275142,1518.431,15347.450,17928
1787798017406,775c4750-9694-fd74-fbe9-685b0fbdbecc,/p/4/a949c62d3cbdb2df,1,200,185336,125.190,2683.312,69070
1787798019975,0160c204-bd39-f6af-e94f-39c6fc4dd920,/p/0/e5820c93324c4fb7,4,200,28063,131.579,178.137,157536
1787798017406,775c4750-9694-fd74-fbe9-685b0fbdbecc,/p/0/a949c82d3cbdb645,1,200,361242,35.663,2840.557,127173
1787797996099,83751f0a-d5ab-1e24-6630-958f32ebe55f,/?crawl=158,0,200,4960349,69.499,24194.724,205018
1787798016512,2e060094-5db8-ba29-5350-3e2835d4ac54,/p/0/27be91fdf7d8766c,12,200,284425,164.518,3783.941,75166
1787798019975,0160c204-bd39-f6af-e94f-39c6fc4dd920,/p/0/e5820b93324c4e04,4,200,143347,74.823,458.543,312614
1787798017017,5edbe3a8-f834-5fa7-a6c5-ac7e9d74713b,/p/4/929fd18add67e55a,4,200,253423,3.168,3520.649,71982
1787798019068,3a43c60b-5a61-3496-f2c5-9c4d4c7163b0,/p/0/e28cf0ff0c1f3bdd,3,200,163346,247.653,1544.760,105742
1787798015727,54b99f98-ba0a-149c-bf43-9e94ef4206dd,/p/0/817bf0f018ab5602,2,200,288805,111.838,4992.526,57847
1787797994823,62a4cefc-2434-7945-7c04-3ff814c3a24f,/p/7/9af927857e415b9b,8,200,2533746,347.946,25973.763,97550
1787798015823,2dc6c523-69bb-f3cf-20b2-1172c094ef68,/p/0/edd0d75bd4f36880,6,200,4097809,98.914,5067.627,808625
1787798008762,8e5aa8d2-ede1-19bd-1d96-e262a55a59d2,/p/0/b1321cbc4cfa6f17,1,200,2465327,305.613,12166.759,202628
1787797998039,2e060094-5db8-ba29-5350-3e2835d4ac54,/p/0/b95467c45a5b5b,7,200,2274267,1281.726,23024.087,98778
1787798017244,872f6eaf-1872-4c39-7bff-4a97bb651875,/p/0/8f8e65e6842fbdbd,2,200,364781,192.325,3833.328,95160
1787798018714,2e060094-5db8-ba29-5350-3e2835d4ac54,/p/0/27be92fdf7d8781f,12,200,172411,150.786,2457.141,70167
1787798014596,def7e2e3-70b7-e438-3156-fe53c35606b8,/p/0/a7a37879d7d53473,4,200,293656,494.750,6598.075,44506
1787798019068,3a43c60b-5a61-3496-f2c5-9c4d4c7163b0,/p/3/e28ceeff0c1f3877,3,200,256843,43.822,2290.727,112123
1787798015727,54b99f98-ba0a-149c-bf43-9e94ef4206dd,/p/0/817beff018ab544f,2,200,345369,336.299,5856.847,58968
1787798017875,c42549ee-1a1b-bc68-aaa1-cb2621d8352a,/p/1/6ae4a390754e7c2,16,200,267880,157.192,3724.022,71933
1787798013437,a2ac3dcd-a7f9-7b45-320c-ca6ddcd78e41,/p/0/2f93a457e6f4db14,2,200,5122443,68.913,8207.887,624088
1787798020100,524b5a34-1c1d-4975-b937-28696830df7f,/?crawl=182,0,200,419801,51.488,1621.171,258949
1787798013439,b0711855-0011-f143-336d-1c80e4677454,/p/4/947fcfcefc22753e,2,200,3344610,85.987,8401.227,398110
1787798020295,2e060094-5db8-ba29-5350-3e2835d4ac54,/p/0/27be93fdf7d879d2,12,200,187687,199.382,1695.985,110665
1787798014596,def7e2e3-70b7-e438-3156-fe53c35606b8,/p/1/a7a37779d7d532c0,4,200,268669,459.234,7415.591,36230
1787798017678,b89f6c8d-cce2-aadb-bb45-bbde3f569888,/p/5/39ac02ccd9251be,2,200,496417,206.586,4459.190,111324
1787798021840,b0711855-0011-f143-336d-1c80e4677454,/p/0/895ca14768ab38e7,3,200,65364,86.225,299.875,217971
1787797987080,15781728-83db-ba86-87ee-c2880d8480a9,/p/0/209734cc2ca3b02c,8,200,2405063,399.173,35095.285,68530
1787797962282,9c3c4ed3-7b64-c0d9-7be5-3309e0cce279,/p/0/653356bef335e368,1,200,4028033,146.360,59899.393,67247
1787797968829,9c3c4ed3-7b64-c0d9-7be5-3309e0cce279,/p/0/da4d279fc7e1e595,3,200,3822910,517.379,53353.779,71652
1787798022099,6818a0c9-e8e3-8560-c705-c5a9cc6dae35,/?crawl=185,0,200,340502,12.802,241.932,1407426
1787798022099,1b817822-ce55-78c9-2079-0c26782f918a,/?crawl=184,0,200,112672,31.905,250.181,450362
1787798017406,775c4750-9694-fd74-fbe9-685b0fbdbecc,/p/0/a949c52d3cbdb12c,1,200,438349,196.896,4991.434,87820
1787798020090,775c4750-9694-fd74-fbe9-685b0fbdbecc,/p/3/3a79253dfdc0ad6a,2,200,211607,247.771,2325.322,91001
1787798021840,b0711855-0011-f143-336d-1c80e4677454,/p/3/895ca04768ab3734,3,200,202136,86.409,737.505,274081
1787798006067,71a74354-aa89-7296-7b7e-c14168f4dfb4,/p/2/52f7129665433eff,4,200,4070700,243.498,16547.620,245999
1787798008762,8e5aa8d2-ede1-19bd-1d96-e262a55a59d2,/p/0/b1321dbc4cfa70ca,1,200,3083842,56.170,13946.259,221123
1787798022099,33b1afba-9a0e-7a15-eb28-fe3c62cc1d77,/?crawl=183,0,200,236328,41.275,639.142,369758
1787798019854,a0d89031-7268-879e-e788-3965e7a283ea,/p/0/60798dffaeb74e8a,2,200,128146,227.501,2908.827,44054
1787798022138,b89f6c8d-cce2-aadb-bb45-bbde3f569888,/p/0/48282f721165f6b7,3,200,38943,390.815,780.998,49863
1787798006067,71a74354-aa89-7296-7b7e-c14168f4dfb4,/p/0/52f7149665434265,4,200,4189057,224.462,16859.377,248470
1787798020797,62a4cefc-2434-7945-7c04-3ff814c3a24f,/p/0/1c3fa900d2040d27,9,200,177785,70.069,2132.831,83356
1787798020538,5edbe3a8-f834-5fa7-a6c5-ac7e9d74713b,/p/0/8be81f494478a972,5,200,127958,793.818,2460.904,51996
1787798022738,33b1afba-9a0e-7a15-eb28-fe3c62cc1d77,/p/3/d50e8515a7d08a89,1,200,28100,191.817,478.709,58700
1787798022578,b0711855-0011-f143-336d-1c80e4677454,/p/2/75ecfbb43b15d946,4,200,102779,103.253,651.766,157693
1787798022615,71a74354-aa89-7296-7b7e-c14168f4dfb4,/p/0/a1327fa236d62ffa,5,200,294704,312.830,628.586,468836
1787798022099,8258a893-86a7-4a72-df7b-70f26d368d8b,/?crawl=186,0,200,423767,42.216,1204.220,351902
1787798022615,71a74354-aa89-7296-7b7e-c14168f4dfb4,/p/1/a1327da236d62c94,5,200,465514,311.514,707.580,657896
1787798007196,62ea2bdc-a515-144e-fb40-a76410aef13f,/p/1/adef7d781aa7c5f4,5,200,522928,1071.042,16374.351,31936
1787798017755,c42549ee-1a1b-bc68-aaa1-cb2621d8352a,/p/0/a3d0dd3a9a95e80e,15,200,468896,163.379,5869.642,79885
1787798020090,775c4750-9694-fd74-fbe9-685b0fbdbecc,/p/0/3a79263dfdc0af1d,2,200,327929,265.831,3752.035,87400
1787797977970,3e95f795-5d9a-df5b-984d-ce45bac286aa,/p/1/a39e82202ef4e0df,4,200,4005731,282.726,45882.019,87305
1787798023322,71a74354-aa89-7296-7b7e-c14168f4dfb4,/p/0/5cc8da4634049e91,6,200,79972,663.677,673.324,118772
1787798023322,71a74354-aa89-7296-7b7e-c14168f4dfb4,/p/0/5cc8d84634049b2b,6,200,75978,663.667,693.699,109526
1787798021359,3a43c60b-5a61-3496-f2c5-9c4d4c7163b0,/p/0/829648665712437c,4,200,185288,226.250,2703.617,68533
1787798023322,71a74354-aa89-7296-7b7e-c14168f4dfb4,/p/0/5cc8d94634049cde,6,200,252950,663.790,744.492,339762
1787798022615,71a74354-aa89-7296-7b7e-c14168f4dfb4,/p/0/a1327ea236d62e47,5,200,2884230,312.318,1470.797,1960998
1787798008699,458e7d59-ccd1-a2b4-3ae1-c4419237d274,/p/2/b338681b3600223a,12,0,2260591,431.992,15399.550,146796
1787798008370,458e7d59-ccd1-a2b4-3ae1-c4419237d274,/p/0/1722dcba4da51a9a,11,0,4101770,2.023,15729.483,260770
1787798008700,458e7d59-ccd1-a2b4-3ae1-c4419237d274,/p/0/b338661b36001ed4,12,0,1683343,432.573,15399.508,109311
1787798020294,83751f0a-d5ab-1e24-6630-958f32ebe55f,/p/0/893a3064a68a528a,1,200,227921,329.169,3870.195,58891
1787798020100,86454a3f-02d5-95c3-c63c-3d01026018e0,/?crawl=181,0,200,2711100,43.714,4224.362,641777
1787798022415,775c4750-9694-fd74-fbe9-685b0fbdbecc,/p/2/f0b3e6050503ac82,3,200,117136,215.241,1928.399,60743
1787798020797,62a4cefc-2434-7945-7c04-3ff814c3a24f,/p/0/1c3faa00d2040eda,9,200,337680,383.966,3560.464,94842
1787798014099,918f5258-7b2f-2076-2a0e-2217b4000cda,/?crawl=177,0,200,3967146,42.565,10261.711,386597
1787798018887,0160c204-bd39-f6af-e94f-39c6fc4dd920,/p/0/964dd5170392ff01,3,200,3227535,76.096,5498.633,586970
1787798022415,775c4750-9694-fd74-fbe9-685b0fbdbecc,/p/0/f0b3e7050503ae35,3,200,137006,215.173,2000.247,68495
1787798024099,399a996d-4e60-245c-8853-3b77c21f28f1,/?crawl=188,0,200,353898,28.871,662.193,534433
1787798024099,310ded1b-40d8-ea2d-9ab6-6bee151e700a,/?crawl=189,0,200,262832,38.754,693.754,378855
1787798023852,3e95f795-5d9a-df5b-984d-ce45bac286aa,/p/0/131e9b151e0c6016,5,200,51053,251.849,994.198,51351
1787798021359,3a43c60b-5a61-3496-f2c5-9c4d4c7163b0,/p/2/82964a66571246e2,4,200,273093,226.239,3563.141,76644
1787798022415,775c4750-9694-fd74-fbe9-685b0fbdbecc,/p/0/f0b3e4050503a91c,3,200,177701,215.278,2521.401,70477
1787798020797,62a4cefc-2434-7945-7c04-3ff814c3a24f,/p/6/1c3fab00d204108d,9,200,358119,349.320,4257.202,84121
1787798025055,62a4cefc-2434-7945-7c04-3ff814c3a24f,/p/0/dd156359183ab3f,10,200,14744,69.113,137.586,107162
1787798024922,3a43c60b-5a61-3496-f2c5-9c4d4c7163b0,/p/0/1936ea6263b8e6f3,5,200,4443,228.049,296.152,15002
1787798020538,5edbe3a8-f834-5fa7-a6c5-ac7e9d74713b,/p/0/8be81e494478a7bf,5,200,371827,688.519,4707.948,78979
1787798025099,7e5a180c-3c3c-9203-4460-4d28cc86d40f,/?crawl=190,0,200,211363,18.872,231.609,912587
1787798021721,524b5a34-1c1d-4975-b937-28696830df7f,/p/2/41a42fb813359476,1,200,271604,54.242,3627.283,74878
1787798023303,8258a893-86a7-4a72-df7b-70f26d368d8b,/p/0/8f4d862e65a16e75,1,200,118664,144.292,2084.928,56915
1787798024324,86454a3f-02d5-95c3-c63c-3d01026018e0,/p/0/ae39dc5a7e9aa1c9,1,200,294486,19.355,1096.210,268640
1787798025331,7e5a180c-3c3c-9203-4460-4d28cc86d40f,/p/1/eb94a2e8b3338379,1,200,66698,17.257,104.685,637133
1787798024324,86454a3f-02d5-95c3-c63c-3d01026018e0,/p/0/ae39d95a7e9a9cb0,1,200,271346,102.174,1141.284,237755
1787798020090,775c4750-9694-fd74-fbe9-685b0fbdbecc,/p/0/3a79233dfdc0aa04,2,200,475129,175.047,5506.396,86287
1787798022578,b0711855-0011-f143-336d-1c80e4677454,/p/0/75ecf9b43b15d5e0,4,200,456971,111.694,3069.167,148891
1787798025435,7e5a180c-3c3c-9203-4460-4d28cc86d40f,/p/0/d05714ba52f2c6f4,2,200,18977,110.306,234.508,80922
1787797962487,a776d2e4-61dd-f4bf-a959-7057990f7aff,/p/0/e046b74e9a29804d,4,200,4911464,366.334,63323.825,77561
1787798019622,6b617703-1f7a-3ffa-adc5-9300dcca081c,/p/4/d884a8417389d7b6,1,200,2700604,3.721,6346.381,425535
1787798024343,775c4750-9694-fd74-fbe9-685b0fbdbecc,/p/0/4ff72eaff9fd16e6,4,200,234267,196.564,1838.991,127389
1787798022138,b89f6c8d-cce2-aadb-bb45-bbde3f569888,/p/0/482830721165f86a,3,200,221256,390.733,4217.764,52458
1787798020538,5edbe3a8-f834-5fa7-a6c5-ac7e9d74713b,/p/3/8be820494478ab25,5,200,522970,688.573,5818.391,89882
1787798025055,62a4cefc-2434-7945-7c04-3ff814c3a24f,/p/0/dd157359183acf2,10,200,146231,137.512,1322.753,110550
1787798020294,83751f0a-d5ab-1e24-6630-958f32ebe55f,/p/0/893a2f64a68a50d7,1,200,523947,67.052,6285.772,83354
1787798026099,eb6fbc33-77a4-bf0c-c2fa-9e71d0ca4476,/?crawl=192,0,200,499149,19.016,530.345,941178
1787798023230,b0711855-0011-f143-336d-1c80e4677454,/p/1/771ae34b72bd9264,5,200,476462,119.296,3429.880,138915
1787798019975,0160c204-bd39-f6af-e94f-39c6fc4dd920,/p/0/e5820e93324c531d,4,200,5398508,74.917,6821.792,791362
1787798024761,399a996d-4e60-245c-8853-3b77c21f28f1,/p/0/b62230e98ed75a9b,1,200,168627,160.529,2072.754,81354
1787798024922,3a43c60b-5a61-3496-f2c5-9c4d4c7163b0,/p/0/1936eb6263b8e8a6,5,200,96747,228.088,1996.469,48459
1787798026099,52be04f0-c8bb-f3bb-8286-5ea48472669b,/?crawl=193,0,200,411617,36.877,947.448,434448
1787798012138,c3f5fd30-bb24-84f3-ca25-fcda58afc577,/p/11/9f18f62d079ec564,3,200,2761500,217.940,14994.211,184171
1787798024343,775c4750-9694-fd74-fbe9-685b0fbdbecc,/p/0/4ff72daff9fd1533,4,200,415210,214.610,2793.803,148618
1787798017017,5edbe3a8-f834-5fa7-a6c5-ac7e9d74713b,/p/0/929fcf8add67e1f4,4,200,2532119,8.586,10135.350,249830
1787798027046,52be04f0-c8bb-f3bb-8286-5ea48472669b,/p/0/3155a4cff562a4a6,1,200,45885,33.326,117.205,391494
1787798025055,62a4cefc-2434-7945-7c04-3ff814c3a24f,/p/5/dd158359183aea5,10,200,271612,346.745,2127.970,127639
1787798024343,775c4750-9694-fd74-fbe9-685b0fbdbecc,/p/1/4ff72faff9fd1899,4,200,342144,303.482,2919.610,117188
1787798027099,ad2d822c-bb92-a029-b33f-96b446d2b928,/?crawl=196,0,200,259193,15.968,223.115,1161700
1787798027099,5884cbf3-25e7-d6eb-840b-1bdc2bbbdbf5,/?crawl=198,0,200,76960,59.297,309.310,248812
1787798027322,ad2d822c-bb92-a029-b33f-96b446d2b928,/p/6/12694da3dc696f9f,1,200,35735,12.903,107.247,333203
1787798012138,c3f5fd30-bb24-84f3-ca25-fcda58afc577,/p/0/9f18f82d079ec8ca,3,200,4149844,238.610,15326.020,270771
1787798024761,399a996d-4e60-245c-8853-3b77c21f28f1,/p/11/b6222fe98ed758e8,1,200,350547,146.797,2717.548,128994
1787798027099,60b132de-bafa-efd0-ecf3-9e60cca4282a,/?crawl=195,0,200,75462,71.539,384.494,196263
1787798023303,8258a893-86a7-4a72-df7b-70f26d368d8b,/p/12/8f4d852e65a16cc2,1,200,463627,42.817,4197.839,110444
1787798024922,3a43c60b-5a61-3496-f2c5-9c4d4c7163b0,/p/1/1936e96263b8e540,5,200,223344,249.392,2579.449,86586
1787798024793,310ded1b-40d8-ea2d-9ab6-6bee151e700a,/p/0/498c844723724d48,1,200,219395,185.867,2721.385,80619
1787798025969,6b617703-1f7a-3ffa-adc5-9300dcca081c,/p/0/576d7f23d020d4db,2,200,253539,37.551,1621.199,156390
1787798023217,33b1afba-9a0e-7a15-eb28-fe3c62cc1d77,/p/0/d2efe3d54591b553,2,200,249984,229.366,4510.944,55417
1787798006172,62ea2bdc-a515-144e-fb40-a76410aef13f,/p/0/44a67ad95e0da064,4,200,2159178,704.220,21575.617,100075
1787798027484,60b132de-bafa-efd0-ecf3-9e60cca4282a,/p/7/a5d3a301710465b2,1,200,38928,104.125,279.954,139051
1787798027501,8258a893-86a7-4a72-df7b-70f26d368d8b,/p/0/19c0de2af59bdf9e,2,200,7922,269.209,309.317,25611
1787798027099,b1782f4d-238e-67a4-345b-56ca2496565c,/?crawl=199,0,200,285001,46.098,861.382,330865
1787798021721,524b5a34-1c1d-4975-b937-28696830df7f,/p/0/41a42db813359110,1,200,393217,277.743,6311.690,62300
1787798027479,399a996d-4e60-245c-8853-3b77c21f28f1,/p/0/d4c4a16ec66735bc,2,200,74564,161.577,571.429,130487
1787798022738,33b1afba-9a0e-7a15-eb28-fe3c62cc1d77,/p/0/d50e8315a7d08723,1,200,425923,37.429,5398.611,78895
1787798023624,c42549ee-1a1b-bc68-aaa1-cb2621d8352a,/p/0/6ae48390754e45c,16,200,394030,163.394,4515.389,87264
1787797993788,a776d2e4-61dd-f4bf-a959-7057990f7aff,/p/0/2b1e8d9d89f59ff,7,200,4807490,478.623,34416.377,139686
1787798027961,b1782f4d-238e-67a4-345b-56ca2496565c,/p/0/f37cf677c3703a98,1,200,44413,43.941,283.186,156833
1787798026356,5edbe3a8-f834-5fa7-a6c5-ac7e9d74713b,/p/0/5c35e501ecb94311,6,200,188947,400.405,1948.436,96974
1787798025331,7e5a180c-3c3c-9203-4460-4d28cc86d40f,/p/0/eb94a0e8b3338013,1,200,446032,88.324,3001.900,148583
1787798027479,399a996d-4e60-245c-8853-3b77c21f28f1,/p/0/d4c4a46ec6673ad5,2,200,92339,188.505,960.276,96159
1787798026356,5edbe3a8-f834-5fa7-a6c5-ac7e9d74713b,/p/2/5c35e401ecb9415e,6,200,120689,299.321,2098.146,57522
1787797968829,9c3c4ed3-7b64-c0d9-7be5-3309e0cce279,/p/11/da4d269fc7e1e3e2,3,200,5277611,406.295,59673.384,88442
1787798027133,c3f5fd30-bb24-84f3-ca25-fcda58afc577,/p/0/a8b1d03a5e792f0d,4,200,400136,331.949,1427.916,280224
1787798027133,c3f5fd30-bb24-84f3-ca25-fcda58afc577,/p/0/a8b1cd3a5e7929f4,4,200,300092,331.675,1432.359,209509
1787798027133,c3f5fd30-bb24-84f3-ca25-fcda58afc577,/p/10/a8b1ce3a5e792ba7,4,200,515770,331.749,1435.066,359405
1787798025435,7e5a180c-3c3c-9203-4460-4d28cc86d40f,/p/0/d05715ba52f2c8a7,2,200,522320,85.096,3161.339,165221
1787798022738,33b1afba-9a0e-7a15-eb28-fe3c62cc1d77,/p/0/d50e8415a7d088d6,1,200,445428,154.109,5881.439,75735
1787797965607,a776d2e4-61dd-f4bf-a959-7057990f7aff,/p/0/5a1aca53b0a745f4,5,200,6125707,442.186,63028.213,97190
1787798025969,6b617703-1f7a-3ffa-adc5-9300dcca081c,/p/3/576d7e23d020d328,2,200,413394,277.040,2680.524,154221
1787797999328,2e060094-5db8-ba29-5350-3e2835d4ac54,/p/0/d15e6314a9258ddb,8,200,3309953,272.609,29329.937,112852
1787798027430,ad2d822c-bb92-a029-b33f-96b446d2b928,/p/0/f05766275f6db323,2,200,134466,84.798,1331.457,100992
1787798028204,a776d2e4-61dd-f4bf-a959-7057990f7aff,/p/0/29b89e2d3230b050,9,200,447952,31.747,606.078,739099
1787798028568,c3f5fd30-bb24-84f3-ca25-fcda58afc577,/p/9/615eee39f65e20ed,5,200,186477,6.282,265.619,702048
1787798027430,ad2d822c-bb92-a029-b33f-96b446d2b928,/p/0/f05767275f6db4d6,2,200,55152,77.393,1411.262,39080
1787798025647,b0711855-0011-f143-336d-1c80e4677454,/p/0/771ae54b72bd95ca,5,200,469184,142.995,3240.812,144774
1787797974649,15781728-83db-ba86-87ee-c2880d8480a9,/p/0/7f5c8ef79d7be075,3,200,4234871,199.818,54249.975,78062
1787798028502,9c3c4ed3-7b64-c0d9-7be5-3309e0cce279,/p/10/841318c4bbcd01cd,4,200,37057,72.899,440.993,84031
1787798023217,33b1afba-9a0e-7a15-eb28-fe3c62cc1d77,/p/0/d2efe4d54591b706,2,200,398483,192.047,5755.933,69230
1787798025348,524b5a34-1c1d-4975-b937-28696830df7f,/p/1/80bcd4b21cdc02d4,2,200,218111,281.185,3739.949,58319
1787798028568,c3f5fd30-bb24-84f3-ca25-fcda58afc577,/p/0/615eed39f65e1f3a,5,200,363504,19.041,538.423,675128
1787798028568,c3f5fd30-bb24-84f3-ca25-fcda58afc577,/p/0/615eec39f65e1d87,5,200,285966,3.334,539.238,530315
1787798028834,c3f5fd30-bb24-84f3-ca25-fcda58afc577,/p/0/95c57720fe029d08,6,200,73080,273.678,288.689,253145
1787798028834,c3f5fd30-bb24-84f3-ca25-fcda58afc577,/p/0/95c57a20fe02a221,6,200,68871,287.802,310.543,221776
1787797962487,a776d2e4-61dd-f4bf-a959-7057990f7aff,/p/0/e046b44e9a297b34,4,200,6270459,294.132,66717.435,93985
1787798028099,69e3f629-204b-a521-d46c-17022bb9325b,/?crawl=200,0,200,421148,39.770,1120.987,375694
1787798029099,f7c998b3-5110-ead8-1c5b-78722c3cdddc,/?crawl=201,0,200,78486,25.412,127.192,617069
1787798027322,ad2d822c-bb92-a029-b33f-96b446d2b928,/p/0/12694ca3dc696dec,1,200,408399,41.411,1912.195,213576
1787798029226,f7c998b3-5110-ead8-1c5b-78722c3cdddc,/p/9/9ab7f2d2140e5a86,1,200,13014,21.514,33.319,390592
1787798027430,ad2d822c-bb92-a029-b33f-96b446d2b928,/p/5/f05768275f6db689,2,200,238579,103.602,1854.216,128668
1787798027263,775c4750-9694-fd74-fbe9-685b0fbdbecc,/p/0/5644c157b6d06d45,5,200,293315,37.430,2032.040,144345
1787797979571,a776d2e4-61dd-f4bf-a959-7057990f7aff,/p/0/e7e7bfaa56018527,6,200,5910311,442.323,49724.961,118860
1787798027501,3a43c60b-5a61-3496-f2c5-9c4d4c7163b0,/p/0/ac6b01ded544b41d,6,200,76344,296.486,1796.064,42506
1787798027046,52be04f0-c8bb-f3bb-8286-5ea48472669b,/p/4/3155a2cff562a140,1,200,346107,169.125,2273.786,152216
1787798025348,524b5a34-1c1d-4975-b937-28696830df7f,/p/0/80bcd6b21cdc063a,2,200,169238,418.125,3984.995,42469
1787798002099,58972e27-19e9-69d1-5fdb-0cb13ae3f5c3,/?crawl=165,0,200,6175776,80.402,27272.801,226445
1787798019180,a776d2e4-61dd-f4bf-a959-7057990f7aff,/p/6/29b8a02d3230b3b6,9,200,4094059,62.411,10225.743,400368
1787798027322,ad2d822c-bb92-a029-b33f-96b446d2b928,/p/0/12694fa3dc697305,1,200,376987,41.432,2104.010,179175
1787798028455,5edbe3a8-f834-5fa7-a6c5-ac7e9d74713b,/p/0/d9eaa3e8182ef5a1,7,200,49819,297.326,1065.933,46737
1787798027099,2aa151c9-d13d-fa41-f167-0ab47beb45de,/?crawl=197,0,200,379868,103.111,2481.138,153102
1787798029406,a776d2e4-61dd-f4bf-a959-7057990f7aff,/p/0/35eb157b21faf19b,10,200,109515,25.301,211.731,517238
1787798029284,ad2d822c-bb92-a029-b33f-96b446d2b928,/p/0/e049668c31996190,3,200,77287,64.257,343.815,224792
1787798027183,62a4cefc-2434-7945-7c04-3ff814c3a24f,/p/0/b4e983b7ab1ebfda,11,200,276441,68.752,2498.817,110629
1787798027183,62a4cefc-2434-7945-7c04-3ff814c3a24f,/p/4/b4e981b7ab1ebc74,11,200,367768,278.468,2507.872,146645
1787798027183,62a4cefc-2434-7945-7c04-3ff814c3a24f,/p/0/b4e982b7ab1ebe27,11,200,241543,208.883,2507.899,96313
1787798029284,ad2d822c-bb92-a029-b33f-96b446d2b928,/p/4/e049688c319964f6,3,200,93300,76.482,410.207,227446
1787798025811,a776d2e4-61dd-f4bf-a959-7057990f7aff,/p/0/29b8a12d3230b569,9,200,2413402,40.501,3921.318,615457
1787798028834,c3f5fd30-bb24-84f3-ca25-fcda58afc577,/p/8/95c57820fe029ebb,6,200,411257,273.926,927.869,443227
1787798029406,a776d2e4-61dd-f4bf-a959-7057990f7aff,/p/0/35eb167b21faf34e,10,200,397639,26.932,365.439,1088114
1787797970647,3e95f795-5d9a-df5b-984d-ce45bac286aa,/p/0/9486b29d4de07ab1,2,200,5507521,255.787,59161.961,93092
1787798029226,f7c998b3-5110-ead8-1c5b-78722c3cdddc,/p/0/9ab7f3d2140e5c39,1,200,77220,44.992,606.400,127342
1787798023852,3e95f795-5d9a-df5b-984d-ce45bac286aa,/p/0/131e9c151e0c61c9,5,200,469030,251.996,6002.615,78138
1787798027263,775c4750-9694-fd74-fbe9-685b0fbdbecc,/p/0/5644bf57b6d069df,5,200,512120,123.970,2694.729,190045
1787797985173,c1161622-07c0-a623-c244-7d7c1af1985f,/p/0/8ecc657d1439acd5,1,200,4089039,261.204,44788.438,91297
1787798029694,ad2d822c-bb92-a029-b33f-96b446d2b928,/p/0/2e002cbe2907da3c,4,200,48101,99.517,299.693,160501
1787798028140,c42549ee-1a1b-bc68-aaa1-cb2621d8352a,/p/0/652077395d1a71f3,17,200,148502,176.352,2013.004,73771
1787798027502,3a43c60b-5a61-3496-f2c5-9c4d4c7163b0,/p/0/ac6b00ded544b26a,6,200,210125,274.660,2683.987,78288
1787798028455,5edbe3a8-f834-5fa7-a6c5-ac7e9d74713b,/p/0/d9eaa0e8182ef088,7,200,185285,248.149,1899.633,97537
1787798029694,ad2d822c-bb92-a029-b33f-96b446d2b928,/p/3/2e002dbe2907dbef,4,200,327169,99.475,727.600,449655
1787798027501,8258a893-86a7-4a72-df7b-70f26d368d8b,/p/0/19c0dd2af59bddeb,2,200,351399,228.611,3050.785,115183
1787798029406,a776d2e4-61dd-f4bf-a959-7057990f7aff,/p/5/35eb177b21faf501,10,200,2662757,25.270,1148.007,2319461
1787798029694,ad2d822c-bb92-a029-b33f-96b446d2b928,/p/0/2e002fbe2907df55,4,200,173269,99.642,921.773,187974
1787797982698,c42549ee-1a1b-bc68-aaa1-cb2621d8352a,/p/0/6f0e3fedda1c5c2f,11,200,3941722,248.430,47977.305,82158
1787798029260,f7c998b3-5110-ead8-1c5b-78722c3cdddc,/p/0/16deee88dd6e76bd,2,200,218349,193.680,1556.571,140276
1787798026356,5edbe3a8-f834-5fa7-a6c5-ac7e9d74713b,/p/0/5c35e201ecb93df8,6,200,484335,324.159,4489.167,107890
1787797997049,2e060094-5db8-ba29-5350-3e2835d4ac54,/p/0/5b4274ba35dd2ff5,6,200,5283145,65.318,33812.195,156250
1787798029259,f7c998b3-5110-ead8-1c5b-78722c3cdddc,/p/0/16deeb88dd6e71a4,2,200,295347,160.008,1862.641,158564
1787798024324,86454a3f-02d5-95c3-c63c-3d01026018e0,/p/5/ae39da5a7e9a9e63,1,200,5153948,55.213,6909.166,745958
1787798031234,86454a3f-02d5-95c3-c63c-3d01026018e0,/p/0/234b52031f22c6c8,2,200,9437,102.716,110.011,85783
1787798028888,b0711855-0011-f143-336d-1c80e4677454,/p/0/e770008544e9b54c,6,200,316433,100.131,2654.873,119189
1787798027961,b1782f4d-238e-67a4-345b-56ca2496565c,/p/20/f37cf877c3703dfe,1,200,461653,261.938,3607.454,127972
1787798030675,c42549ee-1a1b-bc68-aaa1-cb2621d8352a,/p/0/652079395d1a7559,17,200,159678,283.497,893.682,178674
1787798027961,b1782f4d-238e-67a4-345b-56ca2496565c,/p/0/f37cf977c3703fb1,1,200,404559,131.000,3650.211,110832
1787798029259,f7c998b3-5110-ead8-1c5b-78722c3cdddc,/p/8/16deed88dd6e750a,2,200,355041,159.884,2441.089,145444
1787798028455,5edbe3a8-f834-5fa7-a6c5-ac7e9d74713b,/p/1/d9eaa2e8182ef3ee,7,200,416567,272.254,3264.333,127612
1787798030153,c42549ee-1a1b-bc68-aaa1-cb2621d8352a,/p/0/652076395d1a7040,17,200,162431,259.569,1611.416,100800
1787798029691,62a4cefc-2434-7945-7c04-3ff814c3a24f,/p/0/87bfdb2e863f00ec,12,200,232611,9.144,2128.995,109259
1787798030422,ad2d822c-bb92-a029-b33f-96b446d2b928,/p/0/ba7621e7293206ed,5,200,458165,113.062,1463.736,313011
1787798029220,69e3f629-204b-a521-d46c-17022bb9325b,/p/1/2e22482fa8a95099,1,200,450588,59.533,2727.617,165195
1787798028649,6b617703-1f7a-3ffa-adc5-9300dcca081c,/p/0/7c120e9f7e3e6182,3,200,215572,228.767,3333.370,64671
1787798031719,5edbe3a8-f834-5fa7-a6c5-ac7e9d74713b,/p/0/454ae8a25fdc7f5a,8,200,63889,149.462,745.994,85643
1787798030554,a776d2e4-61dd-f4bf-a959-7057990f7aff,/p/0/373372a799b59d74,11,200,53505,2064.018,2064.975,25911
1787798030554,a776d2e4-61dd-f4bf-a959-7057990f7aff,/p/0/373375a799b5a28d,11,200,168972,52.349,2066.936,81750
1787798027764,60b132de-bafa-efd0-ecf3-9e60cca4282a,/p/0/6250234f34b0b733,2,200,165153,385.965,4876.779,33865
1787798029372,58972e27-19e9-69d1-5fdb-0cb13ae3f5c3,/p/0/54eafd01ff6854fa,1,200,178200,78.829,3347.026,53241
1787798003292,2e060094-5db8-ba29-5350-3e2835d4ac54,/p/0/c480b089cd2d335f,9,200,4725248,144.176,29537.014,159977
1787798029580,2aa151c9-d13d-fa41-f167-0ab47beb45de,/p/1/7efef84647ce798c,1,200,158737,73.429,3251.685,48817
1787798009497,642fff68-2988-e5c7-ab4f-e0bacd36cda6,/p/0/55ec043fdb7e176e,4,200,4053582,104.709,23338.307,173688
1787798029320,52be04f0-c8bb-f3bb-8286-5ea48472669b,/p/3/ce8e23595c9415b1,2,200,396642,167.271,3580.312,110784
1787797999455,15781728-83db-ba86-87ee-c2880d8480a9,/p/2/fe8433b51768d176,11,200,3276484,221.228,33516.127,97758
1787798029372,58972e27-19e9-69d1-5fdb-0cb13ae3f5c3,/p/10/54eafe01ff6856ad,1,200,330410,78.916,3692.047,89492
1787798032832,2aa151c9-d13d-fa41-f167-0ab47beb45de,/p/0/24ad67674a6ae19a,2,200,15854,273.221,404.718,39173
1787797977970,3e95f795-5d9a-df5b-984d-ce45bac286aa,/p/0/a39e84202ef4e445,4,200,4878357,260.089,55382.824,88084
1787798031701,f7c998b3-5110-ead8-1c5b-78722c3cdddc,/p/0/fcc77c8b1b58529b,3,200,237487,113.958,1694.681,140137
1787798032972,15781728-83db-ba86-87ee-c2880d8480a9,/p/1/bd5d2ab9c0bddc3a,12,200,21600,257.756,559.400,38613
1787798033064,58972e27-19e9-69d1-5fdb-0cb13ae3f5c3,/p/0/12a7d7d963b841c5,2,200,18777,261.136,522.740,35920
1787797992974,c42549ee-1a1b-bc68-aaa1-cb2621d8352a,/p/0/42bc77fa4dfe1cbb,13,200,3297935,146.521,40691.347,81048
1787798033099,160edf7b-27b2-08e1-9481-79abb2597327,/?crawl=204,0,200,16900,421.588,587.107,28785
1787798001339,ff21d2d1-cacf-1f48-c148-3959f4492e49,/p/0/4d02a872ef2b9c28,1,200,4073432,368.845,32388.274,125769
1787798027484,60b132de-bafa-efd0-ecf3-9e60cca4282a,/p/0/a5d3a1017104624c,1,200,223679,209.743,6347.445,35239
1787797995179,c1161622-07c0-a623-c244-7d7c1af1985f,/p/2/298d0016e5dcc010,4,200,4244551,355.493,38782.794,109444
1787798029761,c3f5fd30-bb24-84f3-ca25-fcda58afc577,/p/0/840680f57368f4cf,7,200,483341,198.965,4201.945,115028
1787798019099,88e2eafe-b2b3-28b3-a66c-be45ceab1763,/?crawl=180,0,200,2780010,76.271,14952.483,185923
1787798009188,c42549ee-1a1b-bc68-aaa1-cb2621d8352a,/p/0/a3d0dc3a9a95e65b,15,0,2317611,162.860,24911.035,93036
1787798021599,c42549ee-1a1b-bc68-aaa1-cb2621d8352a,/p/0/6ae4b390754e975,16,0,1133811,293.473,12500.394,90702
1787797988024,c42549ee-1a1b-bc68-aaa1-cb2621d8352a,/p/0/1231fe16513f834e,12,0,3635667,147.289,46075.205,78907
1787798031543,b0711855-0011-f143-336d-1c80e4677454,/p/0/e770038544e9ba65,6,200,510854,92.746,2560.983,199476
1787798025331,7e5a180c-3c3c-9203-4460-4d28cc86d40f,/p/0/eb94a1e8b33381c6,1,200,2998925,51.856,8782.160,341479
1787798031947,69e3f629-204b-a521-d46c-17022bb9325b,/p/0/a972d2021cf1c7a5,2,200,152343,227.890,2166.394,70321
1787798001339,ff21d2d1-cacf-1f48-c148-3959f4492e49,/p/0/4d02aa72ef2b9f8e,1,200,4186702,70.531,32800.926,127640
1787798001339,ff21d2d1-cacf-1f48-c148-3959f4492e49,/p/0/4d02a972ef2b9ddb,1,200,4163110,441.250,32800.920,126921
1787798031568,b1782f4d-238e-67a4-345b-56ca2496565c,/p/0/c86e298c04686e6b,2,200,367627,85.803,2633.639,139589
1787798033531,15781728-83db-ba86-87ee-c2880d8480a9,/p/0/1c049b8e5cbe5324,13,200,10578,257.191,795.798,13292
1787798029581,2aa151c9-d13d-fa41-f167-0ab47beb45de,/p/0/7efef94647ce7b3f,1,200,487111,172.213,4775.466,102003
1787798034099,b96efb17-8f22-c0c4-3f5a-a16c633c9583,/?crawl=206,0,200,343657,20.121,385.700,890995
1787798005407,642fff68-2988-e5c7-ab4f-e0bacd36cda6,/p/0/db772623b695eb13,2,200,5258738,115.795,29133.379,180506
1787798031701,f7c998b3-5110-ead8-1c5b-78722c3cdddc,/p/0/fcc77d8b1b58544e,3,200,438050,138.376,2858.317,153255
1787798033099,a8b2b5fb-0a9c-cb0f-869a-18420532160a,/?crawl=205,0,200,280035,81.304,1536.303,182279
1787798014313,642fff68-2988-e5c7-ab4f-e0bacd36cda6,/p/14/857d7ce0ced1e1b7,7,200,3608007,184.963,20334.139,177436
1787798033064,58972e27-19e9-69d1-5fdb-0cb13ae3f5c3,/p/0/12a7d4d963b83cac,2,200,91323,336.348,1648.417,55400
1787797992850,c1161622-07c0-a623-c244-7d7c1af1985f,/p/0/4745fda813604c46,3,200,5777595,283.261,41896.218,137903
1787798023571,62ea2bdc-a515-144e-fb40-a76410aef13f,/p/0/da7e9bce482b56e1,6,200,414199,525.854,11422.389,36262
1787798029088,524b5a34-1c1d-4975-b937-28696830df7f,/p/0/2a901fa781d3d23c,3,200,195053,356.828,6067.969,32145
1787798033064,58972e27-19e9-69d1-5fdb-0cb13ae3f5c3,/p/9/12a7d6d963b84012,2,200,164920,305.807,2196.271,75091
1787798033962,c1161622-07c0-a623-c244-7d7c1af1985f,/p/0/552ff73195c5bd3d,5,200,488952,785.013,1440.315,339476
1787798033962,c1161622-07c0-a623-c244-7d7c1af1985f,/p/0/552ff43195c5b824,5,200,464029,800.051,1441.367,321937
1787798030106,1e4cbd2e-35c6-9a6c-646a-44d298f37d63,/?crawl=202,0,200,515320,147.917,5444.273,94654
1787798029320,52be04f0-c8bb-f3bb-8286-5ea48472669b,/p/0/ce8e21595c94124b,2,200,506523,182.611,6236.242,81222
1787798023571,62ea2bdc-a515-144e-fb40-a76410aef13f,/p/0/da7e9ace482b552e,6,200,345869,405.259,11988.201,28851
1787798035261,58972e27-19e9-69d1-5fdb-0cb13ae3f5c3,/p/0/1d0bf722f2705f24,3,200,11601,197.549,391.491,29633
1787798013244,b0711855-0011-f143-336d-1c80e4677454,/p/0/f6f31da38f298e91,1,200,5415844,82.906,22414.787,241619
1787798030104,5684ed70-3a5c-de0c-dcb0-2554388d8f92,/?crawl=203,0,200,389015,259.803,5644.856,68915
1787798020294,83751f0a-d5ab-1e24-6630-958f32ebe55f,/p/9/893a3164a68a543d,1,200,2636268,231.695,15492.810,170161
1787798032901,52be04f0-c8bb-f3bb-8286-5ea48472669b,/p/0/27cd183e02236603,3,200,284649,161.859,2991.985,95137
1787798035786,83751f0a-d5ab-1e24-6630-958f32ebe55f,/p/0/70f7565e23e51826,2,200,68903,68.380,434.148,158709
1787798022578,b0711855-0011-f143-336d-1c80e4677454,/p/0/75ecfcb43b15daf9,4,200,2215154,85.578,13744.365,161168
1787798034051,88e2eafe-b2b3-28b3-a66c-be45ceab1763,/p/2/1acf84fce9ffa850,1,200,126683,73.582,2276.680,55644
1787798027263,775c4750-9694-fd74-fbe9-685b0fbdbecc,/p/0/5644c057b6d06b92,5,200,3019143,177.869,9376.453,321992
1787798033962,c1161622-07c0-a623-c244-7d7c1af1985f,/p/1/552ff53195c5b9d7,5,200,2577500,798.387,2735.115,942373
1787798011126,642fff68-2988-e5c7-ab4f-e0bacd36cda6,/p/0/a146ad910f64fb0f,5,200,4746004,114.010,25610.386,185316
1787798027484,60b132de-bafa-efd0-ecf3-9e60cca4282a,/p/0/a5d3a40171046765,1,200,465023,70.573,9414.741,49393
1787798032832,2aa151c9-d13d-fa41-f167-0ab47beb45de,/p/0/24ad68674a6ae34d,2,200,302837,299.225,4105.108,73771
1787798036697,c1161622-07c0-a623-c244-7d7c1af1985f,/p/0/b7d76d2bd6d27e64,6,200,10668,261.818,405.087,26335
1787798025435,7e5a180c-3c3c-9203-4460-4d28cc86d40f,/p/0/d05717ba52f2cc0d,2,200,5555445,102.279,11674.470,475863
1787798027764,60b132de-bafa-efd0-ecf3-9e60cca4282a,/p/6/6250224f34b0b580,2,200,468213,350.521,9453.923,49526
1787798029088,524b5a34-1c1d-4975-b937-28696830df7f,/p/0/2a9022a781d3d755,3,200,462689,411.242,8273.433,55925
1787798034051,88e2eafe-b2b3-28b3-a66c-be45ceab1763,/p/0/1acf86fce9ffabb6,1,200,210382,109.985,3419.618,61522
1787798033686,160edf7b-27b2-08e1-9481-79abb2597327,/p/3/7bcb9da5fb1528e5,1,200,131527,584.549,4009.724,32802
1787798036697,c1161622-07c0-a623-c244-7d7c1af1985f,/p/0/b7d76f2bd6d281ca,6,200,155224,261.850,1354.079,114634
1787798038099,0bb84ea3-2309-8bc6-58fc-d04b8d46de2b,/?crawl=214,0,200,22217,56.645,112.221,197976
1787798028943,9c3c4ed3-7b64-c0d9-7be5-3309e0cce279,/p/0/596dd9f2471cfd35,5,200,338864,373.780,9426.980,35946
1787798038099,bdff2a5b-36ea-222a-9f4c-540c2a4173f4,/?crawl=213,0,200,83728,50.841,289.540,289176
1787798037099,217e1954-c0c2-0697-baaf-354547aa5a45,/?crawl=210,0,200,346423,229.946,1333.069,259869
1787798036697,c1161622-07c0-a623-c244-7d7c1af1985f,/p/0/b7d7702bd6d2837d,6,200,379305,49.292,1806.223,209999
1787798023217,33b1afba-9a0e-7a15-eb28-fe3c62cc1d77,/p/2/d2efe2d54591b3a0,2,200,3980981,210.786,15357.882,259214
1787798028943,9c3c4ed3-7b64-c0d9-7be5-3309e0cce279,/p/9/596dd8f2471cfb82,5,200,392968,411.595,9648.588,40728
1787798032901,52be04f0-c8bb-f3bb-8286-5ea48472669b,/p/2/27cd1a3e02236969,3,200,444429,178.709,5705.448,77896
1787798035786,83751f0a-d5ab-1e24-6630-958f32ebe55f,/p/8/70f7545e23e514c0,2,200,291986,366.784,3146.686,92792
1787798031234,86454a3f-02d5-95c3-c63c-3d01026018e0,/p/0/234b55031f22cbe1,2,200,3153266,43.865,7710.142,408976
1787798038432,217e1954-c0c2-0697-baaf-354547aa5a45,/p/0/a8327c7991fa6da3,1,200,223147,191.282,533.147,418547
1787798008498,81d46173-c185-2888-8df7-98c3dc3f9c1f,/p/1/cb95863e4cc48654,3,200,5676989,129.426,30503.578,186109
1787798035550,1e4cbd2e-35c6-9a6c-646a-44d298f37d63,/p/0/74d9f747f7367d9,1,200,164702,603.827,3542.011,46500
1787798034051,88e2eafe-b2b3-28b3-a66c-be45ceab1763,/p/0/1acf85fce9ffaa03,1,200,325114,180.338,5147.698,63157
1787798032972,15781728-83db-ba86-87ee-c2880d8480a9,/p/0/bd5d28b9c0bdd8d4,12,200,381109,238.676,6285.160,60636
1787798036328,88e2eafe-b2b3-28b3-a66c-be45ceab1763,/p/0/41750fbe734946a5,2,200,152143,373.515,2946.507,51635
1787798038606,52be04f0-c8bb-f3bb-8286-5ea48472669b,/p/0/cbda9394f0669dc,4,200,64360,279.593,694.485,92673
1787798038432,217e1954-c0c2-0697-baaf-354547aa5a45,/p/5/a8327b7991fa6bf0,1,200,414183,204.143,883.773,468653
1787798027099,6e347673-6cb5-c858-ae99-c362d71a9ac5,/?crawl=194,0,200,3886703,99.404,12543.553,309857
1787798039643,6e347673-6cb5-c858-ae99-c362d71a9ac5,/p/0/393df85f059f5bc5,1,200,22502,39.131,79.747,282166
1787798036328,88e2eafe-b2b3-28b3-a66c-be45ceab1763,/p/1/41750ebe734944f2,2,200,185236,411.904,3426.486,54060
1787798030422,ad2d822c-bb92-a029-b33f-96b446d2b928,/p/2/ba7620e72932053a,5,200,3506786,155.992,9358.540,374715
1787798033686,160edf7b-27b2-08e1-9481-79abb2597327,/p/0/7bcb9ba5fb15257f,1,200,180604,166.461,6150.450,29364
1787798038389,bdff2a5b-36ea-222a-9f4c-540c2a4173f4,/p/0/62717b924fcb4e29,1,200,293995,48.248,1484.296,198070
1787798038389,bdff2a5b-36ea-222a-9f4c-540c2a4173f4,/p/0/627179924fcb4ac3,1,200,515044,48.367,1488.017,346128
1787798038389,bdff2a5b-36ea-222a-9f4c-540c2a4173f4,/p/0/62717a924fcb4c76,1,200,509968,95.465,1488.646,342572
1787798039643,6e347673-6cb5-c858-ae99-c362d71a9ac5,/p/0/393df65f059f585f,1,200,58403,99.208,430.148,135774
1787798038592,9c3c4ed3-7b64-c0d9-7be5-3309e0cce279,/p/0/d849fc1fed878353,6,200,39691,407.033,1488.867,26659
1787798038211,0bb84ea3-2309-8bc6-58fc-d04b8d46de2b,/p/0/f5dbd1efe46645ef,1,200,171314,276.394,1870.302,91597
1787798038211,0bb84ea3-2309-8bc6-58fc-d04b8d46de2b,/p/0/f5dbd2efe46647a2,1,200,102992,303.545,1870.429,55063
1787798036328,88e2eafe-b2b3-28b3-a66c-be45ceab1763,/p/0/41750cbe7349418c,2,200,177409,448.533,3795.380,46743
1787798038592,9c3c4ed3-7b64-c0d9-7be5-3309e0cce279,/p/0/d849fd1fed878506,6,200,72194,370.517,1556.630,46378
1787798039316,217e1954-c0c2-0697-baaf-354547aa5a45,/p/4/fb30acbc92ebc953,2,200,275180,73.960,893.959,307822
1787798039316,217e1954-c0c2-0697-baaf-354547aa5a45,/p/0/fb30abbc92ebc7a0,2,200,326002,62.930,904.843,360286
1787798003977,15781728-83db-ba86-87ee-c2880d8480a9,/p/0/fe8431b51768ce10,11,200,3973482,242.314,36277.372,109531
1787798039643,6e347673-6cb5-c858-ae99-c362d71a9ac5,/p/0/393df75f059f5a12,1,200,184327,99.167,743.141,248038
1787798038933,83751f0a-d5ab-1e24-6630-958f32ebe55f,/p/0/7b2fc9a6ea9571c5,3,200,149427,336.756,1477.044,101166
1787798034327,15781728-83db-ba86-87ee-c2880d8480a9,/p/0/1c049c8e5cbe54d7,13,200,381908,297.904,6093.568,62674
1787798039316,217e1954-c0c2-0697-baaf-354547aa5a45,/p/0/fb30aebc92ebccb9,2,200,382340,81.158,1109.044,344747
1787798035550,1e4cbd2e-35c6-9a6c-646a-44d298f37d63,/p/0/74d9c747f7362c0,1,200,235476,103.805,4913.666,47923
1787798038933,83751f0a-d5ab-1e24-6630-958f32ebe55f,/p/7/7b2fc8a6ea957012,3,200,192670,336.774,1788.626,107720
1787798038933,83751f0a-d5ab-1e24-6630-958f32ebe55f,/p/0/7b2fc6a6ea956cac,3,200,94495,336.851,1826.146,51746
1787798004414,16fb8e71-85b0-972a-4fc0-223f5c14309d,/p/1/d27fa94fa59ddd8e,2,200,6146611,375.714,36395.246,168885
1787798025099,b4472071-856c-4a9a-76a0-9cf5c198389a,/?crawl=191,0,200,5126268,44.471,15720.132,326096
1787798039002,81d46173-c185-2888-8df7-98c3dc3f9c1f,/p/0/948e77b9a84a928b,4,200,298473,111.756,1951.181,152970
1787798039002,81d46173-c185-2888-8df7-98c3dc3f9c1f,/p/0/948e76b9a84a90d8,4,200,442036,98.563,2000.170,220999
1787798040210,217e1954-c0c2-0697-baaf-354547aa5a45,/p/0/5c15d83b5777b5cc,3,200,246749,120.121,801.332,307924
1787798029691,62a4cefc-2434-7945-7c04-3ff814c3a24f,/p/3/87bfdc2e863f029f,12,0,1629569,4.166,11408.516,142838
1787798029691,62a4cefc-2434-7945-7c04-3ff814c3a24f,/p/0/87bfde2e863f0605,12,0,1780482,4.136,11408.699,156064
1787798039002,81d46173-c185-2888-8df7-98c3dc3f9c1f,/p/0/948e79b9a84a95f1,4,200,380556,98.717,2177.992,174728
1787798040809,16fb8e71-85b0-972a-4fc0-223f5c14309d,/p/0/2cf01559dc8db4aa,3,200,36971,315.109,390.938,94570
1787798039780,ad2d822c-bb92-a029-b33f-96b446d2b928,/p/0/c7120ac7b26bc882,6,200,401333,76.134,1477.886,271559
1787798038575,33b1afba-9a0e-7a15-eb28-fe3c62cc1d77,/p/0/b35ed7ea78b19c38,3,200,348321,78.260,2716.150,128241
1787798038575,33b1afba-9a0e-7a15-eb28-fe3c62cc1d77,/p/0/b35edaea78b1a151,3,200,450006,41.112,2815.122,159853
1787798038575,33b1afba-9a0e-7a15-eb28-fe3c62cc1d77,/p/1/b35ed9ea78b19f9e,3,200,261709,192.920,2869.148,91215
1787798012150,642fff68-2988-e5c7-ab4f-e0bacd36cda6,/p/0/4bdf8d3e73e0eb33,6,200,5388690,176.600,29297.984,183927
1787798039780,ad2d822c-bb92-a029-b33f-96b446d2b928,/p/1/c7120bc7b26bca35,6,200,359248,82.365,1715.719,209386
1787798040103,878ce734-4f6d-dfdc-5416-cb0f718bf5fe,/?crawl=215,0,200,421683,152.078,1434.155,294029
1787798040210,217e1954-c0c2-0697-baaf-354547aa5a45,/p/3/5c15da3b5777b932,3,200,468220,119.828,1386.553,337686
1787798028943,9c3c4ed3-7b64-c0d9-7be5-3309e0cce279,/p/0/596dd6f2471cf81c,5,200,501499,411.535,12672.017,39575
1787798029284,ad2d822c-bb92-a029-b33f-96b446d2b928,/p/0/e049698c319966a9,3,200,4547109,76.457,12401.500,366658
1787798041597,217e1954-c0c2-0697-baaf-354547aa5a45,/p/0/211135e5d8d1c314,4,200,27353,63.729,110.479,247585
1787798041444,33b1afba-9a0e-7a15-eb28-fe3c62cc1d77,/p/0/c37e87bc138a25db,4,200,67125,39.703,323.628,207414
1787798031568,b1782f4d-238e-67a4-345b-56ca2496565c,/p/19/c86e288c04686cb8,2,200,2162238,149.175,10218.565,211599
1787798040809,16fb8e71-85b0-972a-4fc0-223f5c14309d,/p/0/2cf01359dc8db144,3,200,83215,390.903,1080.241,77034
1787798031234,86454a3f-02d5-95c3-c63c-3d01026018e0,/p/4/234b53031f22c87b,2,200,5720994,43.643,10800.167,529713
1787798040809,16fb8e71-85b0-972a-4fc0-223f5c14309d,/p/0/2cf01459dc8db2f7,3,200,80960,276.758,1305.449,62017
1787798039257,15781728-83db-ba86-87ee-c2880d8480a9,/p/0/1c049d8e5cbe568a,13,200,253955,260.113,2895.760,87699
1787798030422,ad2d822c-bb92-a029-b33f-96b446d2b928,/p/0/ba761ee7293201d4,5,200,4429947,98.936,11750.007,377017
1787798042034,86454a3f-02d5-95c3-c63c-3d01026018e0,/p/3/4541d144fd50c3db,3,200,10979,111.835,169.827,64648
1787798037696,160edf7b-27b2-08e1-9481-79abb2597327,/p/0/391786e69df03f3,2,200,246156,495.741,4527.475,54369
1787798040722,83751f0a-d5ab-1e24-6630-958f32ebe55f,/p/6/e45b91bed8fdbf8,4,200,256302,1535.299,1551.113,165237
1787798037099,5e499411-6aa2-8415-9b43-9488b7817873,/?crawl=211,0,200,2199445,52.009,5210.912,422084
1787797936138,771ec465-a200-b118-89d1-9cd3f33d952d,/p/0/b6c1635e101bb6c7,1,200,3046994,3544.410,106190.053,28694
1787798034635,a8b2b5fb-0a9c-cb0f-869a-18420532160a,/p/0/e8614648667a2f6c,1,200,498120,503.341,7820.391,63695
1787798034635,a8b2b5fb-0a9c-cb0f-869a-18420532160a,/p/0/e8614948667a3485,1,200,491505,77.485,7899.921,62216
1787798039755,88e2eafe-b2b3-28b3-a66c-be45ceab1763,/p/0/4bc94a89488ba188,3,200,207052,437.535,2783.611,74383
1787798040722,83751f0a-d5ab-1e24-6630-958f32ebe55f,/p/0/e45bb1bed8fdf5e,4,200,382728,1534.264,1874.375,204190
1787798023230,b0711855-0011-f143-336d-1c80e4677454,/p/0/771ae44b72bd9417,5,200,3889402,145.017,19404.625,200437
1787798034635,a8b2b5fb-0a9c-cb0f-869a-18420532160a,/p/4/e8614848667a32d2,1,200,488507,230.155,8020.837,60905
1787798041597,217e1954-c0c2-0697-baaf-354547aa5a45,/p/0/211138e5d8d1c82d,4,200,350681,100.033,1067.219,328593
1787798041444,33b1afba-9a0e-7a15-eb28-fe3c62cc1d77,/p/0/c37e86bc138a2428,4,200,188596,241.987,1357.358,138943
1787798040819,b4472071-856c-4a9a-76a0-9cf5c198389a,/p/1/582a4d8b1e988d66,1,200,245010,202.409,2057.070,119106
1787798040819,b4472071-856c-4a9a-76a0-9cf5c198389a,/p/0/582a4e8b1e988f19,1,200,240271,39.605,2118.110,113436
1787798040819,b4472071-856c-4a9a-76a0-9cf5c198389a,/p/0/582a4b8b1e988a00,1,200,238945,123.627,2138.262,111747
1787798041597,217e1954-c0c2-0697-baaf-354547aa5a45,/p/2/211136e5d8d1c4c7,4,200,488802,117.630,1476.141,331135
1787798041496,ad2d822c-bb92-a029-b33f-96b446d2b928,/p/0/a7643aa41148fd64,7,200,461389,66.419,1653.747,278996
1787798039755,88e2eafe-b2b3-28b3-a66c-be45ceab1763,/p/0/4bc94d89488ba6a1,3,200,224827,368.841,3449.562,65176
1787798041787,b1782f4d-238e-67a4-345b-56ca2496565c,/p/0/4b40a97cffa2dff,3,200,25931,1479.668,1479.751,17524
1787798041444,33b1afba-9a0e-7a15-eb28-fe3c62cc1d77,/p/0/c37e88bc138a278e,4,200,437733,120.106,1890.929,231491
1787798042204,86454a3f-02d5-95c3-c63c-3d01026018e0,/p/2/cee9d187f95b77c1,4,200,197457,114.749,1243.036,158851
1787798037696,160edf7b-27b2-08e1-9481-79abb2597327,/p/2/391776e69df0240,2,200,279376,458.159,5755.393,48542
1787797985172,bfe43ec9-8fa0-2a7f-d056-b7bf188e95a4,/p/0/3225550824ebe8b7,5,200,6156877,480.420,58284.354,105635
1787798043073,217e1954-c0c2-0697-baaf-354547aa5a45,/p/1/5837ead06adcb17a,5,200,64201,81.779,395.281,162419
1787798043073,217e1954-c0c2-0697-baaf-354547aa5a45,/p/0/5837e8d06adcae14,5,200,124984,63.935,427.874,292105
1787798041537,878ce734-4f6d-dfdc-5416-cb0f718bf5fe,/p/0/8946254d7901389c,1,200,238025,45.136,2075.107,114705
1787798041787,b1782f4d-238e-67a4-345b-56ca2496565c,/p/0/4b40b97cffa2fb2,3,200,172768,1480.918,1834.192,94193
1787798021840,b0711855-0011-f143-336d-1c80e4677454,/p/0/895ca24768ab3a9a,3,200,4661504,131.561,21823.199,213603
1787798041496,ad2d822c-bb92-a029-b33f-96b446d2b928,/p/0/a7643ca4114900ca,7,200,522700,144.834,2242.786,233058
1787798029226,f7c998b3-5110-ead8-1c5b-78722c3cdddc,/p/0/9ab7f0d2140e5720,1,200,3685657,44.834,14539.408,253494
1787798031568,b1782f4d-238e-67a4-345b-56ca2496565c,/p/0/c86e2a8c0468701e,2,200,4083426,64.495,12232.495,333818
1787797994752,bfe43ec9-8fa0-2a7f-d056-b7bf188e95a4,/p/0/5e06b9eb26640dd0,6,200,5857559,447.534,49223.474,118999
1787798043073,217e1954-c0c2-0697-baaf-354547aa5a45,/p/0/5837ebd06adcb32d,5,200,219312,81.655,948.505,231219
1787798017678,b89f6c8d-cce2-aadb-bb45-bbde3f569888,/p/0/39abe2ccd924e58,2,200,2753251,59.713,26521.406,103812
1787798041787,b1782f4d-238e-67a4-345b-56ca2496565c,/p/18/4b40997cffa2c4c,3,200,515446,1479.803,2493.996,206675
1787798031701,f7c998b3-5110-ead8-1c5b-78722c3cdddc,/p/7/fcc77e8b1b585601,3,200,4770018,113.859,12639.150,377400
1787798044099,e14090b3-7dfb-bbac-d72c-a25623c987fe,/?crawl=218,0,200,125650,49.196,311.148,403827
1787798028649,6b617703-1f7a-3ffa-adc5-9300dcca081c,/p/2/7c120f9f7e3e6335,3,200,2176516,196.823,15782.150,137910
1787798042876,b4472071-856c-4a9a-76a0-9cf5c198389a,/p/0/8082c8a8e3400dd0,2,200,75460,100.217,1781.120,42367
1787798041537,878ce734-4f6d-dfdc-5416-cb0f718bf5fe,/p/0/8946264d79013a4f,1,200,368776,135.227,3198.662,115291
1787798044410,e14090b3-7dfb-bbac-d72c-a25623c987fe,/p/5/4385266636d21c88,1,200,55974,129.114,419.375,133470
1787798030554,a776d2e4-61dd-f4bf-a959-7057990f7aff,/p/4/373373a799b59f27,11,200,3910861,2063.269,14450.327,270642
1787798041537,878ce734-4f6d-dfdc-5416-cb0f718bf5fe,/p/0/8946284d79013db5,1,200,523920,135.098,3565.160,146956
1787798037696,160edf7b-27b2-08e1-9481-79abb2597327,/p/0/391796e69df05a6,2,200,341420,419.234,7520.430,45399
1787798022138,b89f6c8d-cce2-aadb-bb45-bbde3f569888,/p/4/482831721165fa1d,3,200,2787394,361.678,23128.765,120516
1787798024761,399a996d-4e60-245c-8853-3b77c21f28f1,/p/0/b62231e98ed75c4e,1,200,5225598,27.347,20577.638,253945
1787798035749,5684ed70-3a5c-de0c-dcb0-2554388d8f92,/p/8/73e34816ead86e60,1,200,240842,1698.664,9591.815,25109
1787798042204,86454a3f-02d5-95c3-c63c-3d01026018e0,/p/0/cee9cf87f95b745b,4,200,347972,114.835,3144.937,110645
1787798027479,399a996d-4e60-245c-8853-3b77c21f28f1,/p/10/d4c4a36ec6673922,2,200,4744853,176.424,17964.839,264119
1787798042310,5e499411-6aa2-8415-9b43-9488b7817873,/p/0/3b9cd2d726956569,1,200,471544,27.306,3159.066,149267
1787798042876,b4472071-856c-4a9a-76a0-9cf5c198389a,/p/0/8082caa8e3401136,2,200,277856,183.370,2604.501,106683
1787798042310,5e499411-6aa2-8415-9b43-9488b7817873,/p/0/3b9ccfd726956050,1,200,409409,207.453,3189.864,128347
1787797991399,45c91211-d5fc-4832-e57e-891b29500b13,/p/0/67f7bac1eb03c0af,1,200,3355618,203.863,54151.025,61968
1787798038606,52be04f0-c8bb-f3bb-8286-5ea48472669b,/p/1/cbdaa394f066b8f,4,200,467355,279.665,7015.204,66620
1787798033686,160edf7b-27b2-08e1-9481-79abb2597327,/p/0/7bcb9ca5fb152732,1,200,457933,250.264,12066.287,37951
1787798043099,9ab40283-f209-5116-d31d-55e6dfb10446,/?crawl=217,0,200,475781,81.756,2685.381,177174
1787798045444,399a996d-4e60-245c-8853-3b77c21f28f1,/p/0/efff5666e5bcc84d,3,200,65581,25.323,346.169,189448
1787798042204,86454a3f-02d5-95c3-c63c-3d01026018e0,/p/0/cee9d087f95b760e,4,200,462026,114.912,3616.308,127762
1787798044431,6b617703-1f7a-3ffa-adc5-9300dcca081c,/p/1/b995a4ae9e24e38f,4,200,51832,426.806,1441.397,35960
1787798045099,57a3b147-4cda-ee57-1f5e-54a9b89469de,/?crawl=219,0,200,436874,28.334,822.530,531134
1787798045099,862fdc7c-098a-bdbf-627e-039a14917bb0,/?crawl=220,0,200,395036,37.742,975.494,404960
1787797936138,771ec465-a200-b118-89d1-9cd3f33d952d,/p/0/b6c1645e101bb87a,1,0,3288355,4633.859,109961.238,29905
1787798035749,5684ed70-3a5c-de0c-dcb0-2554388d8f92,/p/0/73e34916ead87013,1,200,272716,966.372,10361.918,26319
1787798045873,6b617703-1f7a-3ffa-adc5-9300dcca081c,/p/0/6cc0add46f25a255,5,200,15632,253.089,378.573,41292
1787798043447,86454a3f-02d5-95c3-c63c-3d01026018e0,/p/1/ceae5ec51f91faf8,5,200,455717,169.688,3024.977,150651
1787798044340,f7c998b3-5110-ead8-1c5b-78722c3cdddc,/p/6/78ac48c39f1e0,4,200,518168,22.201,2158.641,240044
1787798046075,862fdc7c-098a-bdbf-627e-039a14917bb0,/p/1/84d732d1888c106b,1,200,66805,141.640,480.767,138955
1787798046075,862fdc7c-098a-bdbf-627e-039a14917bb0,/p/0/84d734d1888c13d1,1,200,36441,179.333,572.304,63674
1787798035099,c475b5fc-e008-706b-ac3f-2e783ad28c42,/?crawl=208,0,200,2834999,58.799,11592.767,244549
1787798046099,a056b4d1-a94d-5775-ad57-fb68a7e01b19,/?crawl=221,0,200,195689,65.132,956.640,204559
1787798042656,a8b2b5fb-0a9c-cb0f-869a-18420532160a,/p/0/ab14bca144df94af,2,200,240729,503.890,4449.510,54102
1787798046472,86454a3f-02d5-95c3-c63c-3d01026018e0,/p/0/3220dbc11ada1bde,6,200,55652,124.710,679.305,81925
1787798044281,b1782f4d-238e-67a4-345b-56ca2496565c,/p/17/aa65f73dc82153ea,4,200,109776,60.804,2970.597,36954
1787798044281,b1782f4d-238e-67a4-345b-56ca2496565c,/p/0/aa65f53dc8215084,4,200,111002,60.973,3016.266,36801
1787798044281,b1782f4d-238e-67a4-345b-56ca2496565c,/p/0/aa65f83dc821559d,4,200,366198,2.881,3210.156,114075
1787798038592,9c3c4ed3-7b64-c0d9-7be5-3309e0cce279,/p/8/d849fb1fed8781a0,6,200,484645,552.045,8966.740,54049
1787797998770,15781728-83db-ba86-87ee-c2880d8480a9,/p/0/73941d6704d85ed2,10,200,4610721,219.364,48789.138,94503
1787798042273,83751f0a-d5ab-1e24-6630-958f32ebe55f,/p/0/e88e82c07420cbd7,5,200,124484,5332.370,5338.264,23319
1787798042273,83751f0a-d5ab-1e24-6630-958f32ebe55f,/p/5/e88e84c07420cf3d,5,200,106308,5333.018,5339.149,19911
1787798045004,a776d2e4-61dd-f4bf-a959-7057990f7aff,/p/3/5fb9beb63a5a9d5b,12,200,128729,72.098,2682.339,47991
1787798043451,160edf7b-27b2-08e1-9481-79abb2597327,/p/0/23ec69f3b35993d7,3,200,206606,381.606,4293.844,48117
1787798047099,f914de05-6b76-495a-b6e7-1894d3914121,/?crawl=223,0,200,217086,49.982,713.389,304302
1787798047252,b1782f4d-238e-67a4-345b-56ca2496565c,/p/16/b6d87a3f59c18df,5,200,28074,454.678,562.586,49902
1787798043451,160edf7b-27b2-08e1-9481-79abb2597327,/p/0/23ec6af3b359958a,3,200,205110,495.502,4490.073,45681
1787798024793,310ded1b-40d8-ea2d-9ab6-6bee151e700a,/p/6/498c854723724efb,1,200,4118043,130.407,23288.424,176828
1787798047099,418530c3-e63b-5a60-d864-171d3888496b,/?crawl=224,0,200,333932,44.567,982.171,339994
1787798004145,a9799f6d-0f99-9d57-a23d-b3c8518a6fcb,/p/1/31c46368642859f1,3,200,2551165,461.806,44031.223,57940
1787798045444,399a996d-4e60-245c-8853-3b77c21f28f1,/p/9/efff5466e5bcc4e7,3,200,446034,78.991,2762.362,161468
1787798047056,a056b4d1-a94d-5775-ad57-fb68a7e01b19,/p/0/f16cde73f3f11c0b,1,200,416894,188.957,1161.985,358778
1787798046075,862fdc7c-098a-bdbf-627e-039a14917bb0,/p/0/84d731d1888c0eb8,1,200,356207,38.259,2143.399,166188
1787798047056,a056b4d1-a94d-5775-ad57-fb68a7e01b19,/p/0/f16cdf73f3f11dbe,1,200,344621,162.294,1169.975,294554
1787798026660,b0711855-0011-f143-336d-1c80e4677454,/p/0/e770018544e9b6ff,6,200,6151227,153.544,21684.149,283674
1787798018467,ad3c456b-5574-4ec8-b695-45e6b3670b3a,/p/0/7bfd6667f7c8ac4e,4,200,3058198,66.126,29911.896,102240
1787798042656,a8b2b5fb-0a9c-cb0f-869a-18420532160a,/p/0/ab14bda144df9662,2,200,475201,75.757,5746.727,82691
1787798024099,080aa34a-fa60-e602-b7f1-b9599bbacb00,/?crawl=187,0,200,357217,1188.355,24351.596,14669
1787798043451,160edf7b-27b2-08e1-9481-79abb2597327,/p/1/23ec6bf3b359973d,3,200,335794,649.645,5022.992,66851
1787798035261,58972e27-19e9-69d1-5fdb-0cb13ae3f5c3,/p/0/1d0bfa22f270643d,3,200,2133513,282.978,13216.881,161423
1787798034647,642fff68-2988-e5c7-ab4f-e0bacd36cda6,/p/0/ffc84592a664a90d,8,200,3377313,106.552,14082.030,239831
1787798046555,862fdc7c-098a-bdbf-627e-039a14917bb0,/p/0/f70e8aac5a775fe8,2,200,194084,199.531,2441.216,79503
1787798048206,399a996d-4e60-245c-8853-3b77c21f28f1,/p/0/fa347a34f723c104,4,200,293716,130.319,888.779,330471
1787798046692,c475b5fc-e008-706b-ac3f-2e783ad28c42,/p/6/c974f31c4d810131,1,200,270207,166.901,2422.342,111548
1787798048081,310ded1b-40d8-ea2d-9ab6-6bee151e700a,/p/0/8e42077659d83863,2,200,78172,208.831,1034.043,75598
1787798047814,b1782f4d-238e-67a4-345b-56ca2496565c,/p/15/8a8f23792e718c64,6,200,68996,237.823,1334.960,51684
1787798044830,e14090b3-7dfb-bbac-d72c-a25623c987fe,/p/4/e58e77af31f90c1a,2,200,504970,115.306,4579.394,110270
1787798048206,399a996d-4e60-245c-8853-3b77c21f28f1,/p/0/fa347d34f723c61d,4,200,439291,143.568,1204.196,364800
1787798047813,f914de05-6b76-495a-b6e7-1894d3914121,/p/4/1841882f1d27067e,1,200,120816,139.306,1940.729,62253
1787798004726,1620021f-caf3-891b-7d2c-96be726882f7,/p/0/741a68bacfc7afb,1,200,4955666,231.692,45035.183,110040
1787798044431,6b617703-1f7a-3ffa-adc5-9300dcca081c,/p/0/b995a3ae9e24e1dc,4,200,440561,286.140,5330.324,82652
1787798029372,58972e27-19e9-69d1-5fdb-0cb13ae3f5c3,/p/0/54eafc01ff685347,1,200,3032624,167.711,20405.231,148620
1787798045444,399a996d-4e60-245c-8853-3b77c21f28f1,/p/0/efff5366e5bcc334,3,200,2773201,64.890,4347.824,637837
1787798049099,c3d3123c-e745-d4c6-2ad1-c55eb00b6074,/?crawl=225,0,200,446437,23.341,703.304,634771
1787798047252,b1782f4d-238e-67a4-345b-56ca2496565c,/p/0/b6d86a3f59c172c,5,200,277854,368.247,2581.585,107629
1787798047151,86454a3f-02d5-95c3-c63c-3d01026018e0,/p/0/3220dac11ada1a2b,6,200,383245,99.089,2696.874,142107
1787798047558,9c3c4ed3-7b64-c0d9-7be5-3309e0cce279,/p/0/6a5da07a6b163e56,7,200,58366,813.949,2332.935,25018
1787798045004,a776d2e4-61dd-f4bf-a959-7057990f7aff,/p/0/5fb9c0b63a5aa0c1,12,200,316251,221.404,4937.741,64048
1787798037218,60b132de-bafa-efd0-ecf3-9e60cca4282a,/p/5/1b621abd6631cb93,3,200,484324,458.920,12980.198,37313
1787798023852,3e95f795-5d9a-df5b-984d-ce45bac286aa,/p/0/131e9a151e0c5e63,5,200,6217545,274.974,26368.635,235793
1787798049754,f914de05-6b76-495a-b6e7-1894d3914121,/p/0/b1e7d36f4c90bd66,2,200,11203,496.177,499.100,22446
1787798046499,f7c998b3-5110-ead8-1c5b-78722c3cdddc,/p/0/6dc5d83d97de40cf,5,200,415719,113.518,3816.566,108925
1787798045621,52be04f0-c8bb-f3bb-8286-5ea48472669b,/p/0/e8d6ed5c4e303056,5,200,461707,196.797,4711.297,98000
1787798045266,b89f6c8d-cce2-aadb-bb45-bbde3f569888,/p/0/2a5eb9e59ee45728,4,200,405612,64.471,5210.008,77852
1787798045267,b89f6c8d-cce2-aadb-bb45-bbde3f569888,/p/3/2a5ebbe59ee45a8e,4,200,504167,304.929,5269.636,95674
1787798041099,c161c8a9-3535-8b6e-e1b5-d867ff5e7cf6,/?crawl=216,0,200,79999,451.970,9463.835,8453
1787798047814,b1782f4d-238e-67a4-345b-56ca2496565c,/p/0/8a8f25792e718fca,6,200,117643,280.623,2798.105,42044
1787798023303,8258a893-86a7-4a72-df7b-70f26d368d8b,/p/0/8f4d832e65a1695c,1,200,4366140,42.794,27482.460,158870
1787798049409,e14090b3-7dfb-bbac-d72c-a25623c987fe,/p/3/5c1f02ec43072d38,3,200,169977,101.221,1404.036,121063
1787798049409,e14090b3-7dfb-bbac-d72c-a25623c987fe,/p/0/5c1f03ec43072eeb,3,200,258773,109.470,1521.541,170073
1787798049802,c3d3123c-e745-d4c6-2ad1-c55eb00b6074,/p/0/3f1634ea465cf60a,1,200,217255,130.012,1149.898,188934
1787798049802,c3d3123c-e745-d4c6-2ad1-c55eb00b6074,/p/4/3f1632ea465cf2a4,1,200,289223,35.164,1161.511,249006
1787798048081,310ded1b-40d8-ea2d-9ab6-6bee151e700a,/p/0/8e42087659d83a16,2,200,497600,189.995,2888.152,172290
1787798024793,310ded1b-40d8-ea2d-9ab6-6bee151e700a,/p/0/498c874723725261,1,200,4716537,37.468,26178.326,180170
1787798047687,a776d2e4-61dd-f4bf-a959-7057990f7aff,/p/0/d4914aa162b6fdfc,13,0,64856,521.956,3412.464,19006
1787798047687,a776d2e4-61dd-f4bf-a959-7057990f7aff,/p/0/d4914da162b70315,13,0,104192,557.169,3412.411,30533
1787798045004,a776d2e4-61dd-f4bf-a959-7057990f7aff,/p/0/5fb9bdb63a5a9ba8,12,0,349568,295.146,6094.801,57355
1787798047687,a776d2e4-61dd-f4bf-a959-7057990f7aff,/p/2/d4914ca162b70162,13,0,85328,557.129,3412.463,25005
1787797991405,15781728-83db-ba86-87ee-c2880d8480a9,/p/0/ed64b8594440cae5,9,200,5423304,199.077,59773.490,90731
1787798041496,ad2d822c-bb92-a029-b33f-96b446d2b928,/p/0/a7643da41149027d,7,200,4913017,103.969,9758.359,503468
1787798051099,df17e0ba-5540-8e69-2829-bdb4fa71e5e0,/?crawl=230,0,200,63502,76.782,318.595,199319
1787798047056,a056b4d1-a94d-5775-ad57-fb68a7e01b19,/p/0/f16cdd73f3f11a58,1,200,5849482,107.064,4397.003,1330334
1787798045621,52be04f0-c8bb-f3bb-8286-5ea48472669b,/p/0/e8d6ee5c4e303209,5,200,423277,180.777,5854.460,72300
1787798050536,b89f6c8d-cce2-aadb-bb45-bbde3f569888,/p/0/67538e86b57fe445,5,200,17410,525.023,974.646,17863
1787798039780,ad2d822c-bb92-a029-b33f-96b446d2b928,/p/0/c71209c7b26bc6cf,6,200,5413076,76.227,11742.894,460966
1787798048206,399a996d-4e60-245c-8853-3b77c21f28f1,/p/8/fa347b34f723c2b7,4,200,4019779,130.347,3535.919,1136841
1787798045784,9ab40283-f209-5116-d31d-55e6dfb10446,/p/0/b01ad008a23724c2,1,200,262908,81.190,5981.082,43957
1787798050964,c3d3123c-e745-d4c6-2ad1-c55eb00b6074,/p/0/ef19c2a3140352da,2,200,171728,114.665,822.716,208733
1787798049114,c475b5fc-e008-706b-ac3f-2e783ad28c42,/p/0/a991ee69a4273d2e,2,200,184603,335.890,2688.322,68668
1787798051742,399a996d-4e60-245c-8853-3b77c21f28f1,/p/0/56ecf4991123df92,5,200,55744,31.719,87.010,640664
1787798051742,399a996d-4e60-245c-8853-3b77c21f28f1,/p/7/56ecf2991123dc2c,5,200,481156,2.106,298.092,1614117
1787798018028,872f6eaf-1872-4c39-7bff-4a97bb651875,/p/0/eae972ac4c4f8c5b,3,200,4530559,192.422,34041.187,133091
1787798046251,6b617703-1f7a-3ffa-adc5-9300dcca081c,/p/0/6cc0abd46f259eef,5,200,430027,245.976,5848.544,73527
1787798047813,f914de05-6b76-495a-b6e7-1894d3914121,/p/0/1841892f1d270831,1,200,268629,91.662,4292.129,62586
1787798051099,8393b772-4912-94fe-b478-93b5effa24cb,/?crawl=228,0,200,189425,12.769,1119.841,169153
1787798052040,399a996d-4e60-245c-8853-3b77c21f28f1,/p/0/bbd269ff5b8074f4,6,200,242025,23.767,263.798,917465
1787798047814,b1782f4d-238e-67a4-345b-56ca2496565c,/p/0/8a8f24792e718e17,6,200,265813,280.585,4568.734,58181
1787798052219,8393b772-4912-94fe-b478-93b5effa24cb,/p/0/e98489e4e3b46339,1,200,158700,29.347,318.210,498727
1787798052219,8393b772-4912-94fe-b478-93b5effa24cb,/p/5/e98487e4e3b45fd3,1,200,149481,11.245,323.836,461594
1787798048081,310ded1b-40d8-ea2d-9ab6-6bee151e700a,/p/5/8e42097659d83bc9,2,200,2662688,266.069,4486.271,593519
1787798035261,58972e27-19e9-69d1-5fdb-0cb13ae3f5c3,/p/8/1d0bf822f27060d7,3,200,4328694,213.577,17390.163,248916
1787798004726,1620021f-caf3-891b-7d2c-96be726882f7,/p/3/741a88bacfc7e61,1,200,5918471,1754.382,47960.028,123404
1787798050964,c3d3123c-e745-d4c6-2ad1-c55eb00b6074,/p/3/ef19c0a314034f74,2,200,288185,137.372,1725.058,167058
1787798050964,c3d3123c-e745-d4c6-2ad1-c55eb00b6074,/p/0/ef19c1a314035127,2,200,441458,114.710,1751.060,252109
1787798051099,a6e4192b-6dce-2941-3a81-b2236c12861c,/?crawl=229,0,200,494232,50.077,1694.126,291733
1787798015727,54b99f98-ba0a-149c-bf43-9e94ef4206dd,/p/0/817beef018ab529c,2,200,6188861,111.805,37090.912,166857
1787798038211,0bb84ea3-2309-8bc6-58fc-d04b8d46de2b,/p/0/f5dbd0efe466443c,1,200,3617494,55.354,14655.195,246840
1787798047559,9c3c4ed3-7b64-c0d9-7be5-3309e0cce279,/p/0/6a5d9f7a6b163ca3,7,200,189109,813.887,5326.410,35504
1787798052219,8393b772-4912-94fe-b478-93b5effa24cb,/p/0/e98486e4e3b45e20,1,200,290263,11.239,677.760,428268
1787798046692,c475b5fc-e008-706b-ac3f-2e783ad28c42,/p/0/c974f21c4d80ff7e,1,200,356805,222.552,6232.095,57253
1787798048474,160edf7b-27b2-08e1-9481-79abb2597327,/p/0/670bb798b86904dd,4,200,350738,76.658,4480.892,78274
1787798052793,a6e4192b-6dce-2941-3a81-b2236c12861c,/p/0/561a33874f196b73,1,200,43380,51.740,226.382,191623
1787798052651,58972e27-19e9-69d1-5fdb-0cb13ae3f5c3,/p/7/d445a6216ea09f67,4,200,84642,41.839,384.299,220251
1787798029761,c3f5fd30-bb24-84f3-ca25-fcda58afc577,/p/0/840681f57368f682,7,200,3949599,41.840,23303.673,169484
1787798052651,58972e27-19e9-69d1-5fdb-0cb13ae3f5c3,/p/0/d445a5216ea09db4,4,200,93057,26.997,470.371,197837
1787798052543,8393b772-4912-94fe-b478-93b5effa24cb,/p/4/a23222b037a6d121,2,200,226263,58.083,616.587,366960
1787798045784,9ab40283-f209-5116-d31d-55e6dfb10446,/p/0/b01acf08a237230f,1,200,404412,409.127,7407.213,54597
1787798029761,c3f5fd30-bb24-84f3-ca25-fcda58afc577,/p/7/84067ff57368f31c,7,200,3922541,290.862,23440.330,167342
1787798052567,310ded1b-40d8-ea2d-9ab6-6bee151e700a,/p/4/6d9a64fb01ccc2fb,3,200,349118,4.385,684.004,510403
1787798052686,1620021f-caf3-891b-7d2c-96be726882f7,/p/0/2369c86ad490501a,2,200,84955,156.615,613.217,138540
1787798053099,7ee80d9a-c383-931c-d5d1-03cf58c4cdb6,/?crawl=231,0,200,182373,21.504,219.032,832630
1787798049114,c475b5fc-e008-706b-ac3f-2e783ad28c42,/p/0/a991ed69a4273b7b,2,200,248651,464.815,4232.002,58755
1787798052689,c3d3123c-e745-d4c6-2ad1-c55eb00b6074,/p/0/475262503712b5a4,3,200,36068,659.593,660.529,54605
1787798034647,642fff68-2988-e5c7-ab4f-e0bacd36cda6,/p/0/ffc84292a664a3f4,8,200,5255200,115.394,18712.357,280841
1787798049754,f914de05-6b76-495a-b6e7-1894d3914121,/p/3/b1e7d16f4c90ba00,2,200,311002,498.630,3678.627,84543
1787798029220,69e3f629-204b-a521-d46c-17022bb9325b,/p/0/2e22472fa8a94ee6,1,200,2442064,260.548,24264.764,100642
1787798052567,310ded1b-40d8-ea2d-9ab6-6bee151e700a,/p/0/6d9a63fb01ccc148,3,200,496407,4.243,926.335,535883
1787798052543,8393b772-4912-94fe-b478-93b5effa24cb,/p/0/a23220b037a6cdbb,2,200,425704,58.145,1012.238,420557
1787798049802,c3d3123c-e745-d4c6-2ad1-c55eb00b6074,/p/0/3f1633ea465cf457,1,200,3192908,143.519,3871.139,824798
1787798053159,8393b772-4912-94fe-b478-93b5effa24cb,/p/3/963212d547482151,3,200,125391,79.000,539.508,232417
1787798050813,e14090b3-7dfb-bbac-d72c-a25623c987fe,/p/0/5c1f04ec4307309e,3,200,368106,117.446,2987.577,123212
1787798053159,8393b772-4912-94fe-b478-93b5effa24cb,/p/0/963210d547481deb,3,200,179639,60.603,678.083,264922
1787798053252,310ded1b-40d8-ea2d-9ab6-6bee151e700a,/p/3/23ef556a339534a0,4,200,156121,650.882,659.702,236654
1787798053251,310ded1b-40d8-ea2d-9ab6-6bee151e700a,/p/0/23ef576a33953806,4,200,291389,648.840,660.813,440956
1787798027501,8258a893-86a7-4a72-df7b-70f26d368d8b,/p/11/19c0dc2af59bdc38,2,200,5090358,206.884,26475.092,192270
1787798034647,642fff68-2988-e5c7-ab4f-e0bacd36cda6,/p/13/ffc84492a664a75a,8,200,6074715,88.225,19330.927,314249
1787798051742,399a996d-4e60-245c-8853-3b77c21f28f1,/p/0/56ecf3991123dddf,5,200,3746335,21.832,2245.680,1668240
1787798052040,399a996d-4e60-245c-8853-3b77c21f28f1,/p/6/bbd26aff5b8076a7,6,200,3590255,25.816,1982.774,1810723
1787798054023,399a996d-4e60-245c-8853-3b77c21f28f1,/p/0/2d8b27128206bbde,7,200,12457,14.525,22.927,543328
1787798050931,e14090b3-7dfb-bbac-d72c-a25623c987fe,/p/2/49ec92e196e302d1,4,200,519410,85.430,3139.956,165419
1787798048176,a9799f6d-0f99-9d57-a23d-b3c8518a6fcb,/p/0/f3af9eb1ed689fac,4,200,209547,359.932,5937.200,35294
1787798053159,8393b772-4912-94fe-b478-93b5effa24cb,/p/0/963211d547481f9e,3,200,173232,60.547,957.303,180958
1787798052686,1620021f-caf3-891b-7d2c-96be726882f7,/p/2/2369c66ad4904cb4,2,200,462131,6.557,1511.597,305724
1787798053976,8258a893-86a7-4a72-df7b-70f26d368d8b,/p/10/7728d331856d6f23,3,200,53571,40.234,390.208,137288
1787798054099,0b1b1fb7-fdd9-cd3d-b3dc-21049d39a98d,/?crawl=233,0,200,53481,82.718,328.560,162774
1787798045341,5684ed70-3a5c-de0c-dcb0-2554388d8f92,/p/7/eff4d76cf0e606ee,2,200,147953,1462.627,9241.994,16009
1787798053699,8393b772-4912-94fe-b478-93b5effa24cb,/p/0/8ddf6812fcc67cea,4,200,314909,62.062,888.740,354332
1787798053911,310ded1b-40d8-ea2d-9ab6-6bee151e700a,/p/0/c0f55e06512f405b,5,200,12061,733.577,734.052,16431
1787798054099,b3404c61-998b-e65c-4b2c-70afbe4a9a7e,/?crawl=232,0,200,198208,41.745,550.000,360379
1787798051417,df17e0ba-5540-8e69-2829-bdb4fa71e5e0,/p/0/b41212e5bf5831dc,1,200,240096,73.190,3247.401,73935
1787798054427,0b1b1fb7-fdd9-cd3d-b3dc-21049d39a98d,/p/0/20a7c1882abd4295,1,200,31928,79.538,251.005,127201
1787798052040,399a996d-4e60-245c-8853-3b77c21f28f1,/p/0/bbd26cff5b807a0d,6,200,4827625,23.857,2719.349,1775287
1787798053035,58972e27-19e9-69d1-5fdb-0cb13ae3f5c3,/p/0/64770c1fde5474aa,5,200,214485,173.442,1752.714,122373
1787798028649,6b617703-1f7a-3ffa-adc5-9300dcca081c,/p/0/7c120d9f7e3e5fcf,3,200,2710869,228.776,26149.133,103670
1787798053911,310ded1b-40d8-ea2d-9ab6-6bee151e700a,/p/2/c0f55d06512f3ea8,5,200,370841,733.637,1031.654,359462
1787798053911,310ded1b-40d8-ea2d-9ab6-6bee151e700a,/p/0/c0f55f06512f420e,5,200,284341,733.739,1044.993,272098
1787798054198,1620021f-caf3-891b-7d2c-96be726882f7,/p/0/b3c3bcac47e64ef7,3,200,69928,126.897,759.944,92017
1787798052567,310ded1b-40d8-ea2d-9ab6-6bee151e700a,/p/0/6d9a66fb01ccc661,3,200,4990122,315.206,2446.141,2039998
1787798053699,8393b772-4912-94fe-b478-93b5effa24cb,/p/2/8ddf6912fcc67e9d,4,200,483212,56.368,1323.841,365008
1787798054943,310ded1b-40d8-ea2d-9ab6-6bee151e700a,/p/0/10a1b21f75d89698,6,200,94242,72.373,196.628,479292
1787798054649,b3404c61-998b-e65c-4b2c-70afbe4a9a7e,/p/0/8d3d6b2a96224acf,1,200,36086,196.135,544.838,66233
1787798006172,62ea2bdc-a515-144e-fb40-a76410aef13f,/p/0/44a67dd95e0da57d,4,200,2624854,703.484,49036.113,53529
1787798055023,8393b772-4912-94fe-b478-93b5effa24cb,/p/0/134cca4f8f6b3929,5,200,14464,154.432,215.058,67256
1787798047559,9c3c4ed3-7b64-c0d9-7be5-3309e0cce279,/p/7/6a5d9e7a6b163af0,7,200,394877,926.735,7699.275,51288
1787798049114,c475b5fc-e008-706b-ac3f-2e783ad28c42,/p/5/a991ec69a42739c8,2,200,456761,527.044,6157.839,74176
1787798054023,399a996d-4e60-245c-8853-3b77c21f28f1,/p/0/2d8b26128206ba2b,7,200,2757096,16.155,1272.080,2167392
1787798054943,310ded1b-40d8-ea2d-9ab6-6bee151e700a,/p/1/10a1b41f75d899fe,6,200,378189,72.419,366.106,1033004
1787798055309,310ded1b-40d8-ea2d-9ab6-6bee151e700a,/p/0/a3e0b3adecfbd82,7,200,38542,9.677,31.892,1208532
1787798049754,f914de05-6b76-495a-b6e7-1894d3914121,/p/0/b1e7d26f4c90bbb3,2,200,457227,771.372,5654.368,80863
1787798038099,0e9c7adf-4183-9989-0e3b-d0c05cb8a59f,/?crawl=212,0,200,5845958,45.297,17442.800,335150
1787798055023,8393b772-4912-94fe-b478-93b5effa24cb,/p/0/134cc74f8f6b3410,5,200,136894,102.308,529.119,258721
1787798025348,524b5a34-1c1d-4975-b937-28696830df7f,/p/0/80bcd5b21cdc0487,2,200,2297009,281.087,30234.584,75973
1787798052651,58972e27-19e9-69d1-5fdb-0cb13ae3f5c3,/p/0/d445a8216ea0a2cd,4,200,462693,83.014,2991.979,154644
1787798050536,b89f6c8d-cce2-aadb-bb45-bbde3f569888,/p/2/67538d86b57fe292,5,200,350125,368.434,5273.322,66396
1787798054023,399a996d-4e60-245c-8853-3b77c21f28f1,/p/5/2d8b28128206bd91,7,200,5830444,14.557,1793.759,3250405
1787798054197,1620021f-caf3-891b-7d2c-96be726882f7,/p/0/b3c3bdac47e650aa,3,200,315799,117.867,1644.083,192082
1787798054071,e14090b3-7dfb-bbac-d72c-a25623c987fe,/p/0/49ec90e196e2ff6b,4,200,367186,83.410,1799.553,204043
1787798053035,58972e27-19e9-69d1-5fdb-0cb13ae3f5c3,/p/0/64770b1fde5472f7,5,200,361160,159.567,2856.093,126452
1787798055817,399a996d-4e60-245c-8853-3b77c21f28f1,/p/4/b639b7d5452dac0e,8,200,233300,7.637,109.135,2137713
1787798055023,8393b772-4912-94fe-b478-93b5effa24cb,/p/1/134cc84f8f6b35c3,5,200,407999,69.541,941.452,433372
1787798053035,58972e27-19e9-69d1-5fdb-0cb13ae3f5c3,/p/6/64770a1fde547144,5,200,495942,186.554,2956.373,167754
1787798031719,5edbe3a8-f834-5fa7-a6c5-ac7e9d74713b,/p/0/454ae7a25fdc7da7,8,200,3423403,50.811,24289.034,140944
1787798049833,b1782f4d-238e-67a4-345b-56ca2496565c,/p/0/5e0bbe99a08ee144,7,200,386496,279.390,6175.207,62588
1787798055258,9c3c4ed3-7b64-c0d9-7be5-3309e0cce279,/p/0/ffcc6d119887df64,8,200,13519,556.271,887.856,15227
1787798056099,a3d617d2-e4f1-dded-1399-827196027c15,/?crawl=235,0,200,54107,21.506,78.965,685206
1787798054367,8258a893-86a7-4a72-df7b-70f26d368d8b,/p/0/9eca99f36b004747,4,200,142159,247.372,1824.351,77923
1787798054198,1620021f-caf3-891b-7d2c-96be726882f7,/p/1/b3c3bbac47e64d44,3,200,491626,138.580,2095.173,234647
1787798052689,c3d3123c-e745-d4c6-2ad1-c55eb00b6074,/p/0/475265503712babd,3,200,2349443,346.210,3637.441,645905
1787798055926,399a996d-4e60-245c-8853-3b77c21f28f1,/p/0/209c7d2d3d765eca,9,200,314869,15.886,413.794,760932
1787798055926,399a996d-4e60-245c-8853-3b77c21f28f1,/p/0/209c7c2d3d765d17,9,200,449106,15.919,422.319,1063427
1787798037099,98156463-acbb-838a-4995-b01d2e8bc10e,/?crawl=209,0,200,4651329,60.722,19305.086,240938
1787798018498,ad3c456b-5574-4ec8-b695-45e6b3670b3a,/p/9/e98f5071b6a9679d,5,200,4353937,191.895,37961.793,114693
1787798045341,5684ed70-3a5c-de0c-dcb0-2554388d8f92,/p/0/eff4d56cf0e60388,2,200,251649,770.186,11165.800,22537
1787798051418,df17e0ba-5540-8e69-2829-bdb4fa71e5e0,/p/2/b41214e5bf583542,1,200,328411,109.525,5134.217,63965
1787798056099,fab9cd95-890b-e7db-7687-e324d45d5151,/?crawl=236,0,200,314534,58.779,475.437,661569
1787798052793,a6e4192b-6dce-2941-3a81-b2236c12861c,/p/3/561a32874f1969c0,1,200,486014,102.380,3805.740,127706
1787798053433,f914de05-6b76-495a-b6e7-1894d3914121,/p/0/39c37f24f94e68c4,3,200,143176,235.056,3174.231,45106
1787798042310,5e499411-6aa2-8415-9b43-9488b7817873,/p/9/3b9cd0d726956203,1,200,5135990,192.509,14306.267,359003
1787798055992,58972e27-19e9-69d1-5fdb-0cb13ae3f5c3,/p/5/819419e5321ced86,6,200,120026,159.187,696.501,172327
1787798032972,15781728-83db-ba86-87ee-c2880d8480a9,/p/0/bd5d2bb9c0bddded,12,200,3754031,257.810,23843.217,157446
1787798056178,a3d617d2-e4f1-dded-1399-827196027c15,/p/0/f9d313cd01875156,1,200,233658,21.119,652.129,358300
1787798053252,310ded1b-40d8-ea2d-9ab6-6bee151e700a,/p/0/23ef566a33953653,4,200,4769641,648.658,3603.609,1323573
1787798054943,310ded1b-40d8-ea2d-9ab6-6bee151e700a,/p/0/10a1b51f75d89bb1,6,200,3650589,74.775,1924.623,1896781
1787798055964,8393b772-4912-94fe-b478-93b5effa24cb,/p/0/8da9a03c073735cd,6,200,230032,106.908,953.223,241320
1787798053976,8258a893-86a7-4a72-df7b-70f26d368d8b,/p/0/7728d231856d6d70,3,200,260835,267.239,2948.382,88467
1787798056688,58972e27-19e9-69d1-5fdb-0cb13ae3f5c3,/p/4/189cfd11d9d950e3,7,200,13444,140.136,255.632,52591
1787798054649,b3404c61-998b-e65c-4b2c-70afbe4a9a7e,/p/0/8d3d6c2a96224c82,1,200,452346,39.742,2334.469,193768
1787798055272,c475b5fc-e008-706b-ac3f-2e783ad28c42,/p/0/8bf9d3961bd6699c,3,200,94995,334.430,1728.328,54964
1787798053202,c3f5fd30-bb24-84f3-ca25-fcda58afc577,/p/6/2ef606b77e2d8044,8,200,430671,39.941,3812.396,112966
1787798055964,8393b772-4912-94fe-b478-93b5effa24cb,/p/0/8da99d3c073730b4,6,200,259657,106.913,1055.252,246062
1787798050563,c161c8a9-3535-8b6e-e1b5-d867ff5e7cf6,/p/0/1cb079ab0d9c2cfc,1,200,139137,645.658,6457.891,21545
1787798031719,5edbe3a8-f834-5fa7-a6c5-ac7e9d74713b,/p/0/454ae9a25fdc810d,8,200,3796569,50.702,25348.599,149774
1787798055964,8393b772-4912-94fe-b478-93b5effa24cb,/p/0/8da99e3c07373267,6,200,273389,87.162,1124.410,243140
1787798048450,080aa34a-fa60-e602-b7f1-b9599bbacb00,/p/0/22b7d88bfa3c5f6f,1,200,183720,786.494,8684.248,21156
1787798053976,8258a893-86a7-4a72-df7b-70f26d368d8b,/p/0/7728d531856d7289,3,200,345584,122.178,3233.612,106872
1787798018028,872f6eaf-1872-4c39-7bff-4a97bb651875,/p/2/eae974ac4c4f8fc1,3,200,5546737,192.409,39226.575,141403
1787798056178,a3d617d2-e4f1-dded-1399-827196027c15,/p/0/f9d312cd01874fa3,1,200,410350,140.866,1152.809,355957
1787798018498,ad3c456b-5574-4ec8-b695-45e6b3670b3a,/p/0/e98f4e71b6a96437,5,200,4078539,172.076,38853.954,104971
1787798018028,872f6eaf-1872-4c39-7bff-4a97bb651875,/p/0/eae973ac4c4f8e0e,3,200,5675476,174.549,39364.260,144178
1787798054366,8258a893-86a7-4a72-df7b-70f26d368d8b,/p/9/9eca98f36b004594,4,200,224439,268.531,3046.169,73679
1787798056178,a3d617d2-e4f1-dded-1399-827196027c15,/p/12/f9d314cd01875309,1,200,402188,227.525,1314.425,305980
1787798050298,e5a7d5e1-c2aa-1381-882d-288c9f7a5a51,/?crawl=227,0,200,2826573,87.042,7231.430,390873
1787798047612,83751f0a-d5ab-1e24-6630-958f32ebe55f,/p/4/48f25f6be7da6f95,6,200,380987,447.295,9964.675,38234
1787798057493,a3d617d2-e4f1-dded-1399-827196027c15,/p/0/90f178944734f7bd,2,200,27858,19.486,121.758,228799
1787798057493,a3d617d2-e4f1-dded-1399-827196027c15,/p/11/90f177944734f60a,2,200,40883,19.602,130.546,313169
1787798050198,60b132de-bafa-efd0-ecf3-9e60cca4282a,/p/0/83c649e2dab8e326,4,200,177211,367.263,7439.603,23820
1787798055926,399a996d-4e60-245c-8853-3b77c21f28f1,/p/3/209c7b2d3d765b64,9,200,2970887,15.853,1733.134,1714171
1787798042876,b4472071-856c-4a9a-76a0-9cf5c198389a,/p/0/8082cba8e34012e9,2,200,4540165,121.934,14798.978,306789
1787798057659,399a996d-4e60-245c-8853-3b77c21f28f1,/p/0/bec4feedefeb8ff4,10,200,40130,17.899,132.377,303149
1787798057659,399a996d-4e60-245c-8853-3b77c21f28f1,/p/2/bec4ffedefeb91a7,10,200,217654,13.265,139.855,1556280
1787798057799,399a996d-4e60-245c-8853-3b77c21f28f1,/p/1/b3559dc6c59daaf1,11,200,57880,16.017,30.055,1925821
1787798054366,8258a893-86a7-4a72-df7b-70f26d368d8b,/p/0/9eca9af36b0048fa,4,200,296254,348.824,3535.395,83797
1787798057255,872f6eaf-1872-4c39-7bff-4a97bb651875,/p/0/a1e7cf1e227e525,4,200,110338,187.271,666.396,165574
1787798057829,399a996d-4e60-245c-8853-3b77c21f28f1,/p/0/89c205f883241f30,12,200,123898,14.578,123.312,1004749
1787798057529,e5a7d5e1-c2aa-1381-882d-288c9f7a5a51,/p/4/65eadda56f92deca,1,200,52997,183.056,437.920,121020
1787798057255,872f6eaf-1872-4c39-7bff-4a97bb651875,/p/1/a1e7bf1e227e372,4,200,47917,170.461,719.719,66577
1787798056574,fab9cd95-890b-e7db-7687-e324d45d5151,/p/10/3f9414b443b670d0,1,200,202957,3.368,1435.462,141388
1787798057623,a3d617d2-e4f1-dded-1399-827196027c15,/p/0/5cddd8a278c772fb,3,200,58476,129.633,456.015,128233
1787798048176,a9799f6d-0f99-9d57-a23d-b3c8518a6fcb,/p/0/f3afa0b1ed68a312,4,200,433930,392.240,9936.466,43670
1787798055309,310ded1b-40d8-ea2d-9ab6-6bee151e700a,/p/0/a3e0c3adecfbf35,7,200,3746714,9.708,2835.061,1321564
1787798056404,98156463-acbb-838a-4995-b01d2e8bc10e,/p/7/360a9dbeb8e60b1e,1,200,141636,332.473,1750.691,80903
1787798056616,5e499411-6aa2-8415-9b43-9488b7817873,/p/8/9069c0ee8acaddcc,2,200,166100,179.569,1624.877,102223
1787798055992,58972e27-19e9-69d1-5fdb-0cb13ae3f5c3,/p/0/819417e5321cea20,6,200,396609,159.282,2303.702,172162
1787798056944,58972e27-19e9-69d1-5fdb-0cb13ae3f5c3,/p/0/b21de1f2dd8cc8c5,8,200,159155,200.917,1351.563,117756
1787798057799,399a996d-4e60-245c-8853-3b77c21f28f1,/p/0/b3559cc6c59da93e,11,200,486083,31.699,545.088,891752
1787798027409,5884cbf3-25e7-d6eb-840b-1bdc2bbbdbf5,/p/0/86e74bd5580b30ab,1,200,4472826,56.238,30955.898,144490
1787798056552,df17e0ba-5540-8e69-2829-bdb4fa71e5e0,/p/0/662711c806320616,2,200,76237,457.008,1821.855,41846
1787798052689,c3d3123c-e745-d4c6-2ad1-c55eb00b6074,/p/2/475264503712b90a,3,200,3918902,345.682,5780.227,677984
1787798050198,60b132de-bafa-efd0-ecf3-9e60cca4282a,/p/0/83c648e2dab8e173,4,200,406362,402.855,8383.162,48474
1787798055272,c475b5fc-e008-706b-ac3f-2e783ad28c42,/p/4/8bf9d4961bd66b4f,3,200,312299,334.519,3317.504,94137
1787798057493,a3d617d2-e4f1-dded-1399-827196027c15,/p/0/90f175944734f2a4,2,200,367865,57.409,1181.717,311297
1787798053699,8393b772-4912-94fe-b478-93b5effa24cb,/p/0/8ddf6712fcc67b37,4,200,2445026,73.413,5065.489,482683
1787798056574,fab9cd95-890b-e7db-7687-e324d45d5151,/p/0/3f9416b443b67436,1,200,112115,32.158,2198.097,51005
1787798043447,86454a3f-02d5-95c3-c63c-3d01026018e0,/p/0/ceae5fc51f91fcab,5,200,2324262,187.830,15337.270,151543
1787798057623,a3d617d2-e4f1-dded-1399-827196027c15,/p/10/5cddd7a278c77148,3,200,325340,109.782,1297.375,250768
1787798058469,c3d3123c-e745-d4c6-2ad1-c55eb00b6074,/p/0/8db535e40a7c0784,4,200,125231,22.757,517.383,242047
1787798058469,c3d3123c-e745-d4c6-2ad1-c55eb00b6074,/p/0/8db538e40a7c0c9d,4,200,130320,79.404,551.847,236152
1787798056599,a6e4192b-6dce-2941-3a81-b2236c12861c,/p/2/a227601d71380d66,2,200,133523,247.246,2424.298,55077
1787798058469,c3d3123c-e745-d4c6-2ad1-c55eb00b6074,/p/1/8db537e40a7c0aea,4,200,132454,22.800,607.643,217980
1787798052543,8393b772-4912-94fe-b478-93b5effa24cb,/p/0/a23221b037a6cf6e,2,200,3339339,74.152,6577.079,507724
1787798058921,a3d617d2-e4f1-dded-1399-827196027c15,/p/0/e720e20a0e6db2ba,4,200,13444,123.703,265.876,50565
1787797991850,45c91211-d5fc-4832-e57e-891b29500b13,/p/0/5933adccc6c5bbfd,2,200,3982093,204.307,67376.386,59102
1787798050198,60b132de-bafa-efd0-ecf3-9e60cca4282a,/p/4/83c64ae2dab8e4d9,4,200,437650,584.330,9038.855,48419
1787798055870,e14090b3-7dfb-bbac-d72c-a25623c987fe,/p/1/fd01052fd742d26c,5,200,517778,102.492,3379.882,153194
1787798048451,080aa34a-fa60-e602-b7f1-b9599bbacb00,/p/0/22b7d98bfa3c6122,1,200,230912,1051.597,10809.355,21362
1787798057975,872f6eaf-1872-4c39-7bff-4a97bb651875,/p/0/3c988ef7d163d3ea,5,200,102031,319.635,1296.273,78711
1787798058155,98156463-acbb-838a-4995-b01d2e8bc10e,/p/6/3624feaee0a973be,2,200,52836,362.070,1144.623,46160
1787798056944,58972e27-19e9-69d1-5fdb-0cb13ae3f5c3,/p/3/b21de0f2dd8cc712,8,200,194046,186.187,2411.253,80475
1787798057967,e5a7d5e1-c2aa-1381-882d-288c9f7a5a51,/p/3/603d6eaf7ddf735b,2,200,252702,182.417,1458.995,173203
1787798057529,e5a7d5e1-c2aa-1381-882d-288c9f7a5a51,/p/0/65eadea56f92e07d,1,200,378267,108.702,1898.997,199193
1787798057529,e5a7d5e1-c2aa-1381-882d-288c9f7a5a51,/p/0/65eadba56f92db64,1,200,323322,35.327,1903.059,169896
1787798057413,8258a893-86a7-4a72-df7b-70f26d368d8b,/p/0/e2d7c1ebde94340b,5,200,239168,285.576,2083.061,114816
1787798057623,a3d617d2-e4f1-dded-1399-827196027c15,/p/0/5cddd9a278c774ae,3,200,492770,129.763,1900.411,259297
1787798054427,0b1b1fb7-fdd9-cd3d-b3dc-21049d39a98d,/p/0/20a7be882abd3d7c,1,200,474178,251.029,5171.313,91694
1787798055810,b89f6c8d-cce2-aadb-bb45-bbde3f569888,/p/0/6173edc217b52253,6,200,225514,1264.635,3801.012,59330
1787798029320,52be04f0-c8bb-f3bb-8286-5ea48472669b,/p/0/ce8e22595c9413fe,2,200,2641744,215.351,30348.338,87047
1787798055810,b89f6c8d-cce2-aadb-bb45-bbde3f569888,/p/0/6173eec217b52406,6,200,258755,1542.398,3865.607,66938
1787798055810,b89f6c8d-cce2-aadb-bb45-bbde3f569888,/p/1/6173efc217b525b9,6,200,308196,603.047,3865.844,79723
1787798056574,fab9cd95-890b-e7db-7687-e324d45d5151,/p/0/3f9415b443b67283,1,200,455892,32.093,3247.856,140367
1787798056688,58972e27-19e9-69d1-5fdb-0cb13ae3f5c3,/p/0/189cff11d9d95449,7,200,177463,154.882,3140.991,56499
1787798048176,a9799f6d-0f99-9d57-a23d-b3c8518a6fcb,/p/0/f3afa1b1ed68a4c5,4,200,481003,619.555,11806.634,40740
1787798055309,310ded1b-40d8-ea2d-9ab6-6bee151e700a,/p/0/a3e093adecfba1c,7,200,3686503,10.879,4723.960,780384
1787798048450,080aa34a-fa60-e602-b7f1-b9599bbacb00,/p/5/22b7da8bfa3c62d5,1,200,192467,398.200,11586.392,16611
1787798058010,fab9cd95-890b-e7db-7687-e324d45d5151,/p/0/a02cce5689172d60,2,200,6274,1979.912,2028.965,3092
1787798059077,c3d3123c-e745-d4c6-2ad1-c55eb00b6074,/p/0/cdbad4bd51608a6f,5,200,267291,69.807,1064.361,251128
1787798056293,1620021f-caf3-891b-7d2c-96be726882f7,/p/0/8f0c59651b1969d0,4,200,498155,164.908,3849.971,129392
1787798059237,60b132de-bafa-efd0-ecf3-9e60cca4282a,/p/0/1947ba4343cfbdca,5,200,323961,81.009,988.438,327750
1787798046099,d2fa5913-858b-28a7-5d8f-902dad879851,/?crawl=222,0,200,4008255,53.126,14139.145,283486
1787798021359,3a43c60b-5a61-3496-f2c5-9c4d4c7163b0,/p/0/82964b6657124895,4,200,3795748,249.476,38894.538,97591
1787798057255,872f6eaf-1872-4c39-7bff-4a97bb651875,/p/0/a1e79f1e227e00c,4,200,409798,137.705,3023.260,135548
1787798007196,62ea2bdc-a515-144e-fb40-a76410aef13f,/p/0/adef7e781aa7c7a7,5,200,2132539,1070.959,53086.678,40171
1787798059237,60b132de-bafa-efd0-ecf3-9e60cca4282a,/p/3/1947bb4343cfbf7d,5,200,235991,64.820,1085.929,217317
1787798059077,c3d3123c-e745-d4c6-2ad1-c55eb00b6074,/p/0/cdbad6bd51608dd5,5,200,273494,22.537,1257.314,217522
1787798027501,3a43c60b-5a61-3496-f2c5-9c4d4c7163b0,/p/0/ac6affded544b0b7,6,200,3358932,296.503,32867.177,102197
1787798059237,60b132de-bafa-efd0-ecf3-9e60cca4282a,/p/0/1947b94343cfbc17,5,200,377806,73.212,1137.971,332000
1787798059077,c3d3123c-e745-d4c6-2ad1-c55eb00b6074,/p/0/cdbad5bd51608c22,5,200,313453,69.768,1301.322,240873
1787798045267,b89f6c8d-cce2-aadb-bb45-bbde3f569888,/p/0/2a5ebce59ee45c41,4,200,2177158,304.902,15151.625,143691
1787798056616,5e499411-6aa2-8415-9b43-9488b7817873,/p/0/9069c2ee8acae132,2,200,522412,33.232,3898.551,134002
1787798059426,e5a7d5e1-c2aa-1381-882d-288c9f7a5a51,/p/2/3113ea81d343f72,3,200,302411,1115.397,1168.961,258701
1787798059426,e5a7d5e1-c2aa-1381-882d-288c9f7a5a51,/p/0/3113fa81d344125,3,200,329229,1115.421,1195.248,275448
1787798057974,872f6eaf-1872-4c39-7bff-4a97bb651875,/p/0/3c988df7d163d237,5,200,299749,207.340,2681.810,111771
1787798056552,df17e0ba-5540-8e69-2829-bdb4fa71e5e0,/p/0/662710c806320463,2,200,218924,457.109,4171.874,52476
1787798058590,c475b5fc-e008-706b-ac3f-2e783ad28c42,/p/0/1c55f29e8ac04de,4,200,79447,304.774,2171.064,36594
1787798060323,60b132de-bafa-efd0-ecf3-9e60cca4282a,/p/2/1748c4667761bcc8,6,200,168204,48.257,571.148,294502
1787798059355,58972e27-19e9-69d1-5fdb-0cb13ae3f5c3,/p/0/33eb9f19d89e134a,9,200,180651,139.939,1551.142,116463
1787798056404,98156463-acbb-838a-4995-b01d2e8bc10e,/p/0/360a9bbeb8e607b8,1,200,273676,120.141,4508.327,60705
1787798053318,7ee80d9a-c383-931c-d5d1-03cf58c4cdb6,/p/1/477c6a4353f32b55,1,200,2335352,123.089,7605.482,307062
1787798060894,60b132de-bafa-efd0-ecf3-9e60cca4282a,/p/1/2333ca4484df16dc,7,200,14443,51.636,79.266,182210
1787798056460,ad3c456b-5574-4ec8-b695-45e6b3670b3a,/p/8/750507fe39c3ccfe,6,200,470556,199.430,4521.274,104076
1787798059675,b89f6c8d-cce2-aadb-bb45-bbde3f569888,/p/0/f25baaa265b29a0,7,200,206802,948.605,1330.709,155407
1787798059675,b89f6c8d-cce2-aadb-bb45-bbde3f569888,/p/0/f25bdaa265b2eb9,7,200,265288,948.463,1385.460,191480
1787798059023,a6e4192b-6dce-2941-3a81-b2236c12861c,/p/0/803a3cfab4f4c953,3,200,49619,463.195,2063.362,24048
1787798056404,98156463-acbb-838a-4995-b01d2e8bc10e,/p/0/360a9ebeb8e60cd1,1,200,274199,60.221,4751.341,57710
1787798059428,e5a7d5e1-c2aa-1381-882d-288c9f7a5a51,/p/0/3113ca81d343c0c,3,200,369943,1112.947,1754.085,210904
1787798060973,60b132de-bafa-efd0-ecf3-9e60cca4282a,/p/0/2333cb4484df188f,7,200,89836,74.701,440.366,204003
1787798056460,ad3c456b-5574-4ec8-b695-45e6b3670b3a,/p/0/750508fe39c3ceb1,6,200,504059,199.472,4961.362,101597
1787798058241,5e499411-6aa2-8415-9b43-9488b7817873,/p/0/7e5f7f9bfd050bf5,3,200,345747,452.115,3181.070,108689
1787798058295,58972e27-19e9-69d1-5fdb-0cb13ae3f5c3,/p/0/b21ddef2dd8cc3ac,8,200,331149,171.665,3239.205,102232
1787798056616,5e499411-6aa2-8415-9b43-9488b7817873,/p/0/9069c1ee8acadf7f,2,200,506493,164.635,4975.719,101793
1787798060323,60b132de-bafa-efd0-ecf3-9e60cca4282a,/p/0/1748c5667761be7b,6,200,403919,48.424,1284.574,314438
1787798046472,86454a3f-02d5-95c3-c63c-3d01026018e0,/p/0/3220dcc11ada1d91,6,200,2680733,94.616,15257.299,175702
1787798037218,60b132de-bafa-efd0-ecf3-9e60cca4282a,/p/0/1b6219bd6631c9e0,3,200,2287277,388.020,24707.743,92573
1787798060981,ad3c456b-5574-4ec8-b695-45e6b3670b3a,/p/0/44a9b87736e13023,7,200,383934,122.106,951.355,403565
1787798060375,60b132de-bafa-efd0-ecf3-9e60cca4282a,/p/0/1748c6667761c02e,6,200,453872,53.482,1558.621,291201
1787798058241,5e499411-6aa2-8415-9b43-9488b7817873,/p/0/7e5f7c9bfd0506dc,3,200,485765,164.582,3802.745,127741
1787798060913,98156463-acbb-838a-4995-b01d2e8bc10e,/p/0/acc031c8a59acbbe,3,200,56647,516.963,1301.423,43527
1787798057014,c3f5fd30-bb24-84f3-ca25-fcda58afc577,/p/0/541b1784567cd7cd,9,200,276047,216.462,5211.216,52972
1787798050536,b89f6c8d-cce2-aadb-bb45-bbde3f569888,/p/0/67538b86b57fdf2c,5,200,3789603,337.924,11694.511,324050
1787798027764,60b132de-bafa-efd0-ecf3-9e60cca4282a,/p/0/6250244f34b0b8e6,2,200,3311868,420.221,34485.054,96038
1787798029580,2aa151c9-d13d-fa41-f167-0ab47beb45de,/p/0/7efefa4647ce7cf2,1,200,4179146,172.069,32668.460,127926
1787798059023,a6e4192b-6dce-2941-3a81-b2236c12861c,/p/0/803a3dfab4f4cb06,3,200,108430,264.215,3332.092,32541
1787798058241,5e499411-6aa2-8415-9b43-9488b7817873,/p/7/7e5f7e9bfd050a42,3,200,483905,369.618,4184.873,115632
1787798060981,ad3c456b-5574-4ec8-b695-45e6b3670b3a,/p/7/44a9b77736e12e70,7,200,432949,122.321,1458.877,296769
1787798056552,df17e0ba-5540-8e69-2829-bdb4fa71e5e0,/p/1/662712c8063207c9,2,200,423655,386.328,5931.364,71426
1787798060622,e5a7d5e1-c2aa-1381-882d-288c9f7a5a51,/p/0/1da71432048e4436,4,200,142905,971.760,1897.664,75306
1787798044340,f7c998b3-5110-ead8-1c5b-78722c3cdddc,/p/0/78cc48c39f546,4,200,2988213,54.686,18237.009,163854
1787798060595,e5a7d5e1-c2aa-1381-882d-288c9f7a5a51,/p/1/1da71232048e40d0,4,200,347075,997.613,1987.998,174585
1787798059829,58972e27-19e9-69d1-5fdb-0cb13ae3f5c3,/p/0/33eb9e19d89e1197,9,200,251247,169.005,2763.176,90927
1787798060981,ad3c456b-5574-4ec8-b695-45e6b3670b3a,/p/0/44a9b97736e131d6,7,200,482785,439.403,1717.177,281150
1787797991399,45c91211-d5fc-4832-e57e-891b29500b13,/p/0/67f7bbc1eb03c262,1,200,4292331,203.952,71346.817,60161
1787798061933,60b132de-bafa-efd0-ecf3-9e60cca4282a,/p/0/27db421051ee354c,8,200,377012,47.476,840.282,448673
1787798056688,58972e27-19e9-69d1-5fdb-0cb13ae3f5c3,/p/0/189cfc11d9d94f30,7,200,523655,184.920,6113.389,85657
1787798056599,a6e4192b-6dce-2941-3a81-b2236c12861c,/p/0/a227611d71380f19,2,200,436546,272.740,6230.928,70061
1787798058010,fab9cd95-890b-e7db-7687-e324d45d5151,/p/0/a02cd15689173279,2,200,423107,2025.773,4878.970,86721
1787798061607,60b132de-bafa-efd0-ecf3-9e60cca4282a,/p/0/27db441051ee38b2,8,200,431031,52.149,1425.222,302431
1787798062440,ad3c456b-5574-4ec8-b695-45e6b3670b3a,/p/6/c182355f3042623b,8,200,35285,287.838,595.734,59230
1787798062440,ad3c456b-5574-4ec8-b695-45e6b3670b3a,/p/0/c182345f30426088,8,200,59339,598.040,600.950,98742
1787798062440,ad3c456b-5574-4ec8-b695-45e6b3670b3a,/p/0/c182375f304265a1,8,200,131343,285.642,602.062,218155
1787798055258,9c3c4ed3-7b64-c0d9-7be5-3309e0cce279,/p/6/ffcc6f119887e2ca,8,200,405731,517.941,7786.480,52107
1787798045341,5684ed70-3a5c-de0c-dcb0-2554388d8f92,/p/0/eff4d86cf0e608a1,2,200,264204,1578.412,17967.346,14705
1787798057014,c3f5fd30-bb24-84f3-ca25-fcda58afc577,/p/0/541b1484567cd2b4,9,200,421632,197.109,6415.948,65716
1787798042034,86454a3f-02d5-95c3-c63c-3d01026018e0,/p/0/4541d044fd50c228,3,200,3675893,19.509,21586.750,170285
1787798062583,e5a7d5e1-c2aa-1381-882d-288c9f7a5a51,/p/0/59dd6744ec09fbc4,5,200,177083,588.902,1051.884,168348
1787798018498,ad3c456b-5574-4ec8-b695-45e6b3670b3a,/p/0/e98f4f71b6a965ea,5,200,5852898,210.014,45152.245,129626
1787798058344,399a996d-4e60-245c-8853-3b77c21f28f1,/p/0/89c207f883242296,12,200,265183,2630.920,5367.251,49408
1787798055272,c475b5fc-e008-706b-ac3f-2e783ad28c42,/p/0/8bf9d6961bd66eb5,3,200,518870,417.689,8443.653,61451
1787798001568,def7e2e3-70b7-e438-3156-fe53c35606b8,/p/0/1324a281cd52b69e,2,200,3475692,464.969,62175.840,55901
1787798042034,86454a3f-02d5-95c3-c63c-3d01026018e0,/p/0/4541d344fd50c741,3,200,3628939,111.882,21716.916,167102
1787798062583,e5a7d5e1-c2aa-1381-882d-288c9f7a5a51,/p/0/59dd6844ec09fd77,5,200,484856,589.711,1243.453,389927
1787798059250,e14090b3-7dfb-bbac-d72c-a25623c987fe,/p/0/fd01062fd742d41f,5,200,522658,84.190,4649.150,112420
1787798063036,ad3c456b-5574-4ec8-b695-45e6b3670b3a,/p/5/60bd4a69bef2f789,9,200,28711,946.689,950.326,30212
1787798054649,b3404c61-998b-e65c-4b2c-70afbe4a9a7e,/p/0/8d3d6a2a9622491c,1,200,3009635,196.152,9372.573,321111
1787798059300,98156463-acbb-838a-4995-b01d2e8bc10e,/p/5/acc02fc8a59ac858,3,200,186768,303.784,4724.627,39531
1787798005205,62ea2bdc-a515-144e-fb40-a76410aef13f,/p/0/8e3ad2d80be193a9,3,200,5497889,329.311,59092.050,93039
1787798058589,c475b5fc-e008-706b-ac3f-2e783ad28c42,/p/3/1c56029e8ac0691,4,200,401140,417.287,5819.100,68935
1787798060238,d2fa5913-858b-28a7-5d8f-902dad879851,/p/0/ababdc8cb1c1fade,1,200,482084,209.006,4193.228,114967
1787798060238,d2fa5913-858b-28a7-5d8f-902dad879851,/p/0/ababdb8cb1c1f92b,1,200,445996,51.319,4376.657,101903
1787798062426,5e499411-6aa2-8415-9b43-9488b7817873,/p/0/74324a4a12788f46,4,200,263585,104.278,2322.776,113478
1787798057967,e5a7d5e1-c2aa-1381-882d-288c9f7a5a51,/p/0/603d6daf7ddf71a8,2,200,5459672,237.004,6826.284,799801
1787798057413,8258a893-86a7-4a72-df7b-70f26d368d8b,/p/0/e2d7c2ebde9435be,5,200,2715347,265.645,7552.740,359518
1787798060238,d2fa5913-858b-28a7-5d8f-902dad879851,/p/1/ababdd8cb1c1fc91,1,200,417651,51.221,4782.611,87327
1787798059023,a6e4192b-6dce-2941-3a81-b2236c12861c,/p/1/803a3bfab4f4c7a0,3,200,387298,510.754,6036.207,64162
1787798065021,d2fa5913-858b-28a7-5d8f-902dad879851,/p/0/231a0b0d225670b0,2,200,38491,51.103,179.611,214302
1787798045349,86454a3f-02d5-95c3-c63c-3d01026018e0,/p/0/ceae60c51f91fe5e,5,200,4745674,92.201,19945.764,237929
1787798059300,98156463-acbb-838a-4995-b01d2e8bc10e,/p/0/acc030c8a59aca0b,3,200,351096,394.945,6051.398,58019
1787798059675,b89f6c8d-cce2-aadb-bb45-bbde3f569888,/p/0/f25bbaa265b2b53,7,200,5296673,948.375,5679.936,932523
1787798062483,df17e0ba-5540-8e69-2829-bdb4fa71e5e0,/p/0/e4ab64828096c246,3,200,134519,347.004,2907.798,46261
1787798062426,5e499411-6aa2-8415-9b43-9488b7817873,/p/6/74324b4a127890f9,4,200,473646,104.259,3037.854,155915
1787798061414,60b132de-bafa-efd0-ecf3-9e60cca4282a,/p/0/2333cc4484df1a42,7,200,2411980,87.685,4063.045,593639
1787798037218,60b132de-bafa-efd0-ecf3-9e60cca4282a,/p/0/1b621cbd6631cef9,3,200,5218794,351.452,28490.919,183174
1787798027409,5884cbf3-25e7-d6eb-840b-1bdc2bbbdbf5,/p/12/86e74dd5580b3411,1,200,5354121,336.879,38345.999,139627
1787798049099,efae07d3-6174-d5cc-334b-da855350efd6,/?crawl=226,0,200,2418892,203.470,16756.218,144358
1787798061925,60b132de-bafa-efd0-ecf3-9e60cca4282a,/p/0/27db451051ee3a65,8,200,4575112,72.382,4076.836,1122221
1787798035550,1e4cbd2e-35c6-9a6c-646a-44d298f37d63,/p/1/74d9d747f736473,1,200,3234862,778.496,30644.932,105559
1787798065464,5e499411-6aa2-8415-9b43-9488b7817873,/p/0/edede7882639a549,5,200,39965,164.356,909.180,43957
1787798057413,8258a893-86a7-4a72-df7b-70f26d368d8b,/p/8/e2d7c3ebde943771,5,200,5404689,224.960,9055.608,596833
1787798057974,872f6eaf-1872-4c39-7bff-4a97bb651875,/p/0/3c988ff7d163d59d,5,200,6275384,188.765,8571.468,732125
1787798063036,ad3c456b-5574-4ec8-b695-45e6b3670b3a,/p/0/60bd4969bef2f5d6,9,200,289766,946.144,3612.231,80218
1787798063041,ad3c456b-5574-4ec8-b695-45e6b3670b3a,/p/0/60bd4869bef2f423,9,200,359515,1254.553,3611.544,99546
1787798063986,ad3c456b-5574-4ec8-b695-45e6b3670b3a,/p/0/42a8e42fd9928032,10,200,84309,2677.880,2678.969,31471
1787798046499,f7c998b3-5110-ead8-1c5b-78722c3cdddc,/p/0/6dc5d93d97de4282,5,200,3242156,123.521,20192.438,160563
1787798057967,e5a7d5e1-c2aa-1381-882d-288c9f7a5a51,/p/0/603d70af7ddf76c1,2,200,5439679,219.974,8864.348,613658
1787798060595,e5a7d5e1-c2aa-1381-882d-288c9f7a5a51,/p/0/1da71332048e4283,4,200,3377740,998.558,6238.296,541452
1787798057577,83751f0a-d5ab-1e24-6630-958f32ebe55f,/p/3/58b8c324767d86f0,7,200,335540,457.892,9327.627,35973
1787798065755,5884cbf3-25e7-d6eb-840b-1bdc2bbbdbf5,/p/0/e1caa6a58d8c8a4d,2,200,65593,314.207,1188.897,55171
1787798058155,98156463-acbb-838a-4995-b01d2e8bc10e,/p/0/3624ffaee0a97571,2,200,517825,392.038,9070.558,57089
1787798065021,d2fa5913-858b-28a7-5d8f-902dad879851,/p/0/231a0d0d22567416,2,200,347791,153.893,2206.276,157637
1787798019068,3a43c60b-5a61-3496-f2c5-9c4d4c7163b0,/p/0/e28cedff0c1f36c4,3,200,5758678,225.803,48400.225,118980
1787798063987,ad3c456b-5574-4ec8-b695-45e6b3670b3a,/p/0/42a8e32fd9927e7f,10,200,136196,2678.944,3545.793,38411
1787798065855,efae07d3-6174-d5cc-334b-da855350efd6,/p/0/f9553103042dd177,1,200,102069,79.562,1718.176,59405
1787798065755,5884cbf3-25e7-d6eb-840b-1bdc2bbbdbf5,/p/11/e1caa5a58d8c889a,2,200,132695,370.404,1837.032,72233
1787798055099,a19f7f98-5ed1-178b-e963-8e4117aa45fa,/?crawl=234,0,200,5331592,35.346,12621.743,422413
1787798065021,d2fa5913-858b-28a7-5d8f-902dad879851,/p/0/231a0e0d225675c9,2,200,387230,179.617,2742.125,141215
1787798044340,f7c998b3-5110-ead8-1c5b-78722c3cdddc,/p/0/78bc48c39f393,4,200,4381476,111.285,23439.927,186924
1787798044410,e14090b3-7dfb-bbac-d72c-a25623c987fe,/p/0/4385286636d21fee,1,200,3983131,69.147,23453.474,169831
1787798044830,e14090b3-7dfb-bbac-d72c-a25623c987fe,/p/0/e58e78af31f90dcd,2,200,3741919,165.286,23041.660,162398
1787798032832,2aa151c9-d13d-fa41-f167-0ab47beb45de,/p/0/24ad65674a6ade34,2,200,5500814,300.098,35083.745,156791
1787798064024,98156463-acbb-838a-4995-b01d2e8bc10e,/p/4/c36af50567b4b091,4,200,130819,451.851,3924.850,33331
1787798065464,5e499411-6aa2-8415-9b43-9488b7817873,/p/0/edede4882639a030,5,200,375988,181.690,2500.900,150341
1787798066468,8258a893-86a7-4a72-df7b-70f26d368d8b,/p/0/ad27050a288a1b67,6,200,158065,58.977,1552.848,101790
1787798027748,62ea2bdc-a515-144e-fb40-a76410aef13f,/p/0/da7e99ce482b537b,6,0,2426675,530.846,40351.370,60139
1787798044410,e14090b3-7dfb-bbac-d72c-a25623c987fe,/p/0/4385276636d21e3b,1,200,3984027,148.039,23813.165,167304
1787798067592,5884cbf3-25e7-d6eb-840b-1bdc2bbbdbf5,/p/0/6855d9b7095119c4,3,200,17995,303.954,642.139,28024
1787798065855,efae07d3-6174-d5cc-334b-da855350efd6,/p/11/f9553303042dd4dd,1,200,163543,237.567,2440.222,67020
1787798045784,9ab40283-f209-5116-d31d-55e6dfb10446,/p/3/b01ad108a2372675,1,200,3023242,244.066,22551.581,134059
1787798053318,7ee80d9a-c383-931c-d5d1-03cf58c4cdb6,/p/0/477c694353f329a2,1,200,3589781,17.351,15171.236,236618
1787798063987,ad3c456b-5574-4ec8-b695-45e6b3670b3a,/p/4/42a8e22fd9927ccc,10,200,458104,2678.972,4532.624,101068
1787798064024,98156463-acbb-838a-4995-b01d2e8bc10e,/p/0/c36af40567b4aede,4,200,278603,419.422,4563.234,61054
1787798053978,642fff68-2988-e5c7-ab4f-e0bacd36cda6,/p/0/f0e737c0c7ebfd9,9,200,4136942,16.768,14609.919,283160
1787798064024,98156463-acbb-838a-4995-b01d2e8bc10e,/p/0/c36af30567b4ad2b,4,200,237055,360.558,4570.384,51868
1787798067949,98156463-acbb-838a-4995-b01d2e8bc10e,/p/3/6948d51242adedbe,5,200,172582,462.518,721.093,239334
1787798063744,def7e2e3-70b7-e438-3156-fe53c35606b8,/p/0/26a380bfea9f22da,5,200,185758,494.382,5040.775,36851
1787798053801,e14090b3-7dfb-bbac-d72c-a25623c987fe,/p/0/49ec91e196e3011e,4,200,3475937,128.094,15075.248,230572
1787798062583,e5a7d5e1-c2aa-1381-882d-288c9f7a5a51,/p/0/59dd6a44ec0a00dd,5,200,5209072,614.812,6397.294,814262
1787798067949,98156463-acbb-838a-4995-b01d2e8bc10e,/p/0/6948d61242adef71,5,200,465965,462.503,1237.979,376392
1787798068519,ad3c456b-5574-4ec8-b695-45e6b3670b3a,/p/0/23a376ff7d500609,11,200,57838,251.823,711.278,81316
1787798053978,642fff68-2988-e5c7-ab4f-e0bacd36cda6,/p/0/f0e707c0c7ebac0,9,200,4417014,53.201,15307.600,288550
1787798053978,642fff68-2988-e5c7-ab4f-e0bacd36cda6,/p/12/f0e717c0c7ebc73,9,200,5014341,44.215,15563.226,322192
1787798021194,def7e2e3-70b7-e438-3156-fe53c35606b8,/p/0/a7a37979d7d53626,4,200,3529890,355.501,48369.795,72977
1787798053318,7ee80d9a-c383-931c-d5d1-03cf58c4cdb6,/p/0/477c684353f327ef,1,200,3550185,123.167,16269.918,218205
1787798068223,e14090b3-7dfb-bbac-d72c-a25623c987fe,/p/0/7232de4f2033b555,6,200,185777,841.788,1856.972,100043
1787798066468,8258a893-86a7-4a72-df7b-70f26d368d8b,/p/0/ad27060a288a1d1a,6,200,515703,58.839,3737.097,137996
1787798069541,642fff68-2988-e5c7-ab4f-e0bacd36cda6,/p/0/f7d550f29f510b8b,10,200,353767,18.002,1444.834,244850
1787798046499,f7c998b3-5110-ead8-1c5b-78722c3cdddc,/p/5/6dc5d73d97de3f1c,5,200,5958914,148.066,24492.447,243296
1787798069541,642fff68-2988-e5c7-ab4f-e0bacd36cda6,/p/11/f7d54ff29f5109d8,10,200,297546,26.525,1468.173,202664
1787798046555,862fdc7c-098a-bdbf-627e-039a14917bb0,/p/0/f70e8cac5a77634e,2,200,5013718,180.307,24491.171,204715
1787798064409,c475b5fc-e008-706b-ac3f-2e783ad28c42,/p/2/45a823038ab6b3fe,5,200,290469,335.893,6647.266,43698
1787798039755,88e2eafe-b2b3-28b3-a66c-be45ceab1763,/p/0/4bc94b89488ba33b,3,200,5521098,517.772,31306.494,176356
1787798046555,862fdc7c-098a-bdbf-627e-039a14917bb0,/p/0/f70e8bac5a77619b,2,200,4699594,284.984,24546.080,191460
1787798071010,642fff68-2988-e5c7-ab4f-e0bacd36cda6,/p/0/edd5c371bbd9e7d1,11,200,16534,158.197,177.177,93319
1787798068519,ad3c456b-5574-4ec8-b695-45e6b3670b3a,/p/3/23a375ff7d500456,11,200,372924,175.435,2672.774,139527
1787798068295,efae07d3-6174-d5cc-334b-da855350efd6,/p/10/d4e5a680457eec58,2,200,127371,441.932,3219.533,39562
1787798067592,5884cbf3-25e7-d6eb-840b-1bdc2bbbdbf5,/p/10/6855dab709511b77,3,200,268049,388.608,4138.862,64764
1787798057659,399a996d-4e60-245c-8853-3b77c21f28f1,/p/0/bec501edefeb950d,10,200,2363454,18.032,14100.270,167618
1787798055817,399a996d-4e60-245c-8853-3b77c21f28f1,/p/0/b639b8d5452dadc1,8,200,5497615,2.567,16187.131,339629
1787798070991,f7c998b3-5110-ead8-1c5b-78722c3cdddc,/p/4/6361064b60cc4681,6,200,445615,43.929,1069.307,416732
1787798025969,6b617703-1f7a-3ffa-adc5-9300dcca081c,/p/0/576d8023d020d68e,2,200,5883224,56.569,46118.880,127566
1787798063044,9c3c4ed3-7b64-c0d9-7be5-3309e0cce279,/p/0/179234d0c441f850,9,200,352594,669.854,9050.739,38957
1787798047252,b1782f4d-238e-67a4-345b-56ca2496565c,/p/0/b6d89a3f59c1c45,5,200,2360480,432.799,24846.462,95003
1787798068295,efae07d3-6174-d5cc-334b-da855350efd6,/p/0/d4e5a780457eee0b,2,200,137845,401.509,3865.414,35661
1787798044829,e14090b3-7dfb-bbac-d72c-a25623c987fe,/p/0/e58e75af31f908b4,2,200,5695106,115.475,27367.758,208095
1787798067592,5884cbf3-25e7-d6eb-840b-1bdc2bbbdbf5,/p/0/6855dcb709511edd,3,200,320452,388.560,4617.651,69397
1787798058921,a3d617d2-e4f1-dded-1399-827196027c15,/p/0/e720e10a0e6db107,4,200,5335751,114.533,13366.490,399189
1787798071515,efae07d3-6174-d5cc-334b-da855350efd6,/p/0/e269c08f92c21d1f,3,200,23121,685.830,1211.585,19083
1787798058921,a3d617d2-e4f1-dded-1399-827196027c15,/p/9/e720e00a0e6daf54,4,200,5704245,97.487,13889.072,410700
1787798047813,f914de05-6b76-495a-b6e7-1894d3914121,/p/0/1841862f1d270318,1,200,2367169,44.678,25090.003,94347
1787798068336,9ab40283-f209-5116-d31d-55e6dfb10446,/p/2/fb99e0c4fc22f96b,2,200,174626,79.768,4618.376,37811
1787798032901,52be04f0-c8bb-f3bb-8286-5ea48472669b,/p/0/27cd193e022367b6,3,200,3628554,194.285,40120.457,90441
1787798072061,f7c998b3-5110-ead8-1c5b-78722c3cdddc,/p/0/aac1d4cd7608cc7f,7,200,134626,160.249,968.170,139052
1787798058010,fab9cd95-890b-e7db-7687-e324d45d5151,/p/9/a02cd056891730c6,2,200,2968131,2025.871,15202.595,195238
1787798062426,5e499411-6aa2-8415-9b43-9488b7817873,/p/0/7432494a12788d93,4,200,2123808,37.281,11013.035,192845
1787798055817,399a996d-4e60-245c-8853-3b77c21f28f1,/p/0/b639b5d5452da8a8,8,200,5912517,1.502,17628.594,335394
1787798072810,a3d617d2-e4f1-dded-1399-827196027c15,/p/0/f7db60a1585d1da2,5,200,200961,20.193,658.089,305371
1787798060923,7ee80d9a-c383-931c-d5d1-03cf58c4cdb6,/p/0/1d4d659bd93dc2fb,2,200,2908653,89.946,12682.491,229344
1787798059355,58972e27-19e9-69d1-5fdb-0cb13ae3f5c3,/p/2/33eba019d89e14fd,9,200,3217349,183.941,14509.696,221738
1787798072810,a3d617d2-e4f1-dded-1399-827196027c15,/p/0/f7db5fa1585d1bef,5,200,440510,20.386,1250.116,352375
1787798072810,a3d617d2-e4f1-dded-1399-827196027c15,/p/8/f7db5ea1585d1a3c,5,200,509873,98.076,1442.949,353355
1787798073865,58972e27-19e9-69d1-5fdb-0cb13ae3f5c3,/p/1/f5aff8711c6f2c1b,10,200,52312,182.222,526.882,99286
1787798071056,c475b5fc-e008-706b-ac3f-2e783ad28c42,/p/1/14097c59d308d999,6,200,125025,475.614,3337.531,37460
1787798065060,a6e4192b-6dce-2941-3a81-b2236c12861c,/p/0/91e3474ba98987a7,4,200,511826,240.298,9716.123,52678
1787798074394,c475b5fc-e008-706b-ac3f-2e783ad28c42,/p/0/14097a59d308d633,6,200,10944,278.010,501.026,21843
1787798065060,a6e4192b-6dce-2941-3a81-b2236c12861c,/p/0/91e3484ba989895a,4,200,505749,339.737,9928.371,50940
1787798072061,f7c998b3-5110-ead8-1c5b-78722c3cdddc,/p/0/aac1d5cd7608ce32,7,200,435678,216.574,2986.689,145873
1787798066905,83751f0a-d5ab-1e24-6630-958f32ebe55f,/p/0/58b8c424767d88a3,7,200,294421,336.699,8226.926,35787
1787798021721,524b5a34-1c1d-4975-b937-28696830df7f,/p/0/41a430b813359629,1,200,5420720,277.715,53473.707,101372
1787798065855,efae07d3-6174-d5cc-334b-da855350efd6,/p/0/f9553203042dd32a,1,200,518110,237.622,9449.097,54832
1787798072061,f7c998b3-5110-ead8-1c5b-78722c3cdddc,/p/3/aac1d6cd7608cfe5,7,200,514573,194.470,3282.877,156745
1787798060924,7ee80d9a-c383-931c-d5d1-03cf58c4cdb6,/p/0/1d4d669bd93dc4ae,2,200,3551527,133.227,14584.589,243512
1787798068295,efae07d3-6174-d5cc-334b-da855350efd6,/p/0/d4e5a880457eefbe,2,200,386184,401.575,7250.106,53266
1787798071515,efae07d3-6174-d5cc-334b-da855350efd6,/p/9/e269bf8f92c21b6c,3,200,204588,728.977,4068.985,50280
1787798063044,9c3c4ed3-7b64-c0d9-7be5-3309e0cce279,/p/5/179235d0c441fa03,9,200,440120,558.699,12594.367,34946
1787798074253,a3d617d2-e4f1-dded-1399-827196027c15,/p/0/58d9c01c85569300,6,200,447036,79.002,1449.721,308360
1787798044431,6b617703-1f7a-3ffa-adc5-9300dcca081c,/p/0/b995a6ae9e24e6f5,4,200,3642944,479.226,31427.751,115915
1787798074253,a3d617d2-e4f1-dded-1399-827196027c15,/p/7/58d9c11c855694b3,6,200,475668,19.637,1619.368,293737
1787798074253,a3d617d2-e4f1-dded-1399-827196027c15,/p/0/58d9c31c85569819,6,200,392752,28.404,1628.498,241174
1787798029088,524b5a34-1c1d-4975-b937-28696830df7f,/p/0/2a9020a781d3d3ef,3,200,6222968,495.576,46808.968,132944
1787798075872,a3d617d2-e4f1-dded-1399-827196027c15,/p/0/656634236e24b72b,7,200,13832,18.029,36.269,381375
1787798027046,52be04f0-c8bb-f3bb-8286-5ea48472669b,/p/0/3155a3cff562a2f3,1,200,4640637,135.189,48909.642,94882
1787798049149,b1782f4d-238e-67a4-345b-56ca2496565c,/p/14/5e0bc099a08ee4aa,7,200,3035940,237.575,26814.475,113220
1787798063044,9c3c4ed3-7b64-c0d9-7be5-3309e0cce279,/p/0/179237d0c441fd69,9,200,386260,1008.605,12924.353,29886
1787798065755,5884cbf3-25e7-d6eb-840b-1bdc2bbbdbf5,/p/0/e1caa3a58d8c8534,2,200,475079,341.657,10242.815,46382
1787798075872,a3d617d2-e4f1-dded-1399-827196027c15,/p/0/656635236e24b8de,7,200,51632,36.185,199.807,258409
1787798075872,a3d617d2-e4f1-dded-1399-827196027c15,/p/6/656636236e24ba91,7,200,119737,36.236,247.918,482970
1787798057953,399a996d-4e60-245c-8853-3b77c21f28f1,/p/0/89c206f8832420e3,12,200,3011526,21.087,18210.976,165369
1787798076120,a3d617d2-e4f1-dded-1399-827196027c15,/p/5/31d0f57b53a6a15b,8,200,50395,18.890,70.486,714969
1787798042656,a8b2b5fb-0a9c-cb0f-869a-18420532160a,/p/3/ab14bea144df9815,2,200,5529075,619.875,33633.314,164393
1787798053433,f914de05-6b76-495a-b6e7-1894d3914121,/p/2/39c38124f94e6c2a,3,200,3313037,234.993,22957.315,144313
1787798076191,a3d617d2-e4f1-dded-1399-827196027c15,/p/0/e7d4333d178811b2,9,200,34661,91.733,288.444,120166
1787798060924,7ee80d9a-c383-931c-d5d1-03cf58c4cdb6,/p/0/1d4d679bd93dc661,2,200,4210632,168.230,15576.809,270314
1787798056460,ad3c456b-5574-4ec8-b695-45e6b3670b3a,/p/0/750505fe39c3c998,6,200,5864634,217.283,20255.450,289534
1787798071731,5884cbf3-25e7-d6eb-840b-1bdc2bbbdbf5,/p/0/9973a655da5f25e4,4,200,228315,421.820,5090.634,44850
1787798027409,5884cbf3-25e7-d6eb-840b-1bdc2bbbdbf5,/p/0/86e74cd5580b325e,1,200,5828659,283.497,49581.116,117558
1787798071192,ad3c456b-5574-4ec8-b695-45e6b3670b3a,/p/0/b043690b2164ed30,12,200,509017,210.636,5864.964,86789
1787798038606,52be04f0-c8bb-f3bb-8286-5ea48472669b,/p/0/cbdac394f066ef5,4,200,4195275,264.200,38488.404,109001
1787798076120,a3d617d2-e4f1-dded-1399-827196027c15,/p/0/31d0f47b53a69fa8,8,200,195534,70.516,1010.324,193536
1787798076191,a3d617d2-e4f1-dded-1399-827196027c15,/p/0/e7d4323d17880fff,9,200,155372,100.985,948.199,163860
1787798075344,f7c998b3-5110-ead8-1c5b-78722c3cdddc,/p/0/ab6f3dba423f5d92,8,200,281735,111.514,1919.330,146788
1787798069541,642fff68-2988-e5c7-ab4f-e0bacd36cda6,/p/0/f7d551f29f510d3e,10,200,2198459,18.027,7883.163,278880
1787798076120,a3d617d2-e4f1-dded-1399-827196027c15,/p/0/31d0f77b53a6a4c1,8,200,356324,79.745,1305.494,272942
1787798076390,f914de05-6b76-495a-b6e7-1894d3914121,/p/1/8d126e40bcd27663,4,200,46598,372.058,1160.978,40137
1787798076191,a3d617d2-e4f1-dded-1399-827196027c15,/p/4/e7d4343d17881365,9,200,394755,147.118,1394.239,283133
1787798071731,5884cbf3-25e7-d6eb-840b-1bdc2bbbdbf5,/p/9/9973a755da5f2797,4,200,362983,504.579,5888.424,61643
1787798068336,9ab40283-f209-5116-d31d-55e6dfb10446,/p/0/fb99e2c4fc22fcd1,2,200,473417,79.834,9313.708,50830
1787798073213,fab9cd95-890b-e7db-7687-e324d45d5151,/p/0/4434a6aa70217f81,3,200,346939,55.971,4621.490,75071
1787797996421,a9799f6d-0f99-9d57-a23d-b3c8518a6fcb,/p/0/ed6948cb6516c75e,2,200,5108874,327.986,81436.041,62735
1787798050333,52be04f0-c8bb-f3bb-8286-5ea48472669b,/p/0/e8d6eb5c4e302cf0,5,200,3138147,319.745,27703.089,113278
1787798057799,399a996d-4e60-245c-8853-3b77c21f28f1,/p/0/b3559bc6c59da78b,11,200,4178644,36.433,20256.691,206285
1787798072955,9ab40283-f209-5116-d31d-55e6dfb10446,/p/0/ee4fa49e4d5a1b61,3,200,144485,448.015,5384.759,26832
1787798067871,e14090b3-7dfb-bbac-d72c-a25623c987fe,/p/0/7232db4f2033b03c,6,200,2628810,1009.119,10884.531,241518
1787798077585,a3d617d2-e4f1-dded-1399-827196027c15,/p/0/95d39af82a40b679,10,200,369828,20.997,1189.758,310843
1787798075639,9c3c4ed3-7b64-c0d9-7be5-3309e0cce279,/p/4/41b27c853a56e05c,10,200,114945,368.037,3315.774,34666
1787798077620,5884cbf3-25e7-d6eb-840b-1bdc2bbbdbf5,/p/0/2bcf611fcdaf6be8,5,200,72765,312.235,1489.081,48866
1787798074392,58972e27-19e9-69d1-5fdb-0cb13ae3f5c3,/p/0/fde96499cdd52e11,11,200,346926,155.852,4853.674,71477
1787798066195,1e4cbd2e-35c6-9a6c-646a-44d298f37d63,/p/0/4babb08c9920418f,2,200,455808,664.368,13209.253,34507
1787798075344,f7c998b3-5110-ead8-1c5b-78722c3cdddc,/p/0/ab6f3cba423f5bdf,8,200,416604,123.257,4157.817,100198
1787798072955,9ab40283-f209-5116-d31d-55e6dfb10446,/p/0/ee4fa19e4d5a1648,3,200,285522,448.165,6559.886,43525
1787798073865,58972e27-19e9-69d1-5fdb-0cb13ae3f5c3,/p/0/f5aff7711c6f2a68,10,200,501411,155.297,5761.146,87033
1787798053202,c3f5fd30-bb24-84f3-ca25-fcda58afc577,/p/0/2ef608b77e2d83aa,8,200,2912248,59.900,26468.816,110026
1787798075344,f7c998b3-5110-ead8-1c5b-78722c3cdddc,/p/2/ab6f3bba423f5a2c,8,200,498277,123.295,4438.954,112251
1787798074392,58972e27-19e9-69d1-5fdb-0cb13ae3f5c3,/p/0/fde96199cdd528f8,11,200,418609,140.898,5448.469,76831
1787798029220,69e3f629-204b-a521-d46c-17022bb9325b,/p/0/2e22462fa8a94d33,1,200,5702117,41.925,50721.468,112420
1787798066195,1e4cbd2e-35c6-9a6c-646a-44d298f37d63,/p/0/4babb28c992044f5,2,200,379723,664.336,13797.995,27520
1787798009480,def7e2e3-70b7-e438-3156-fe53c35606b8,/p/0/ddd2db7845cf939f,3,200,3726557,426.562,70586.292,52794
1787798031947,69e3f629-204b-a521-d46c-17022bb9325b,/p/0/a972d1021cf1c5f2,2,200,5253514,338.263,48119.431,109177
1787798079783,f7c998b3-5110-ead8-1c5b-78722c3cdddc,/p/1/e5c9699eac0f61a1,9,200,48588,127.820,494.331,98291
1787798071515,efae07d3-6174-d5cc-334b-da855350efd6,/p/0/e269c18f92c21ed2,3,200,308114,486.036,8796.490,35027
1787798076290,a8b2b5fb-0a9c-cb0f-869a-18420532160a,/p/2/4a5b970045278335,3,200,272002,76.762,4074.381,66759
1787798049149,b1782f4d-238e-67a4-345b-56ca2496565c,/p/0/5e0bc199a08ee65d,7,200,3281671,259.650,31216.680,105126
1787798006077,45c91211-d5fc-4832-e57e-891b29500b13,/p/5/d6a26d678e3d551b,6,200,6262942,243.600,74329.787,84259
1787798065060,a6e4192b-6dce-2941-3a81-b2236c12861c,/p/0/91e3464ba98985f4,4,200,3508303,240.239,15447.787,227107
1787798075964,b1782f4d-238e-67a4-345b-56ca2496565c,/p/0/d915d539f56ded9,8,200,406701,259.475,4748.196,85654
1787798054584,5684ed70-3a5c-de0c-dcb0-2554388d8f92,/p/6/eb6d9fb14c493963,3,200,431331,1231.963,26167.280,16484
1787798072955,9ab40283-f209-5116-d31d-55e6dfb10446,/p/1/ee4fa39e4d5a19ae,3,200,391116,448.194,7946.971,49216
1787798045873,6b617703-1f7a-3ffa-adc5-9300dcca081c,/p/0/6cc0acd46f25a0a2,5,200,5958348,234.562,35137.984,169570
1787798043468,217e1954-c0c2-0697-baaf-354547aa5a45,/p/0/dd372153a1cf6a20,6,200,489061,66.400,37625.887,12998
1787798075639,9c3c4ed3-7b64-c0d9-7be5-3309e0cce279,/p/0/41b27d853a56e20f,10,0,152058,404.264,5460.131,27849
1787798028502,9c3c4ed3-7b64-c0d9-7be5-3309e0cce279,/p/0/841316c4bbccfe67,4,0,2367559,220.371,52596.908,45013
1787798055258,9c3c4ed3-7b64-c0d9-7be5-3309e0cce279,/p/0/ffcc70119887e47d,8,0,985015,369.053,25841.049,38118
1787798075969,9c3c4ed3-7b64-c0d9-7be5-3309e0cce279,/p/0/41b27e853a56e3c2,10,0,113624,514.457,5130.216,22148
1787798028502,9c3c4ed3-7b64-c0d9-7be5-3309e0cce279,/p/0/841317c4bbcd001a,4,0,2135807,220.322,52596.907,40607
1787798081099,9c3c4ed3-7b64-c0d9-7be5-3309e0cce279,/p/0/bb80a38e6285fe04,11,0,0,0.012,0.000,0
1787798081099,9c3c4ed3-7b64-c0d9-7be5-3309e0cce279,/p/0/bb80a68e6286031d,11,0,0,0.018,0.000,0
1787798078955,9c3c4ed3-7b64-c0d9-7be5-3309e0cce279,/p/3/bb80a58e6286016a,11,0,38105,512.621,2144.288,17770
1787798077620,5884cbf3-25e7-d6eb-840b-1bdc2bbbdbf5,/p/0/2bcf641fcdaf7101,5,200,232290,339.560,3511.549,66150
1787798052793,a6e4192b-6dce-2941-3a81-b2236c12861c,/p/0/561a34874f196d26,1,200,5945541,51.946,28438.087,209070
1787798063899,e14090b3-7dfb-bbac-d72c-a25623c987fe,/p/0/fd01072fd742d5d2,5,200,6039617,95.873,17459.122,345929
1787798075584,efae07d3-6174-d5cc-334b-da855350efd6,/p/0/4a7463bbcb907436,4,200,339689,438.664,6572.040,51687
1787798075584,efae07d3-6174-d5cc-334b-da855350efd6,/p/0/4a7462bbcb907283,4,200,277896,399.226,6691.906,41527
1787798043468,217e1954-c0c2-0697-baaf-354547aa5a45,/p/0/dd372253a1cf6bd3,6,200,470553,72.831,38869.674,12106
1787798004145,a9799f6d-0f99-9d57-a23d-b3c8518a6fcb,/p/0/31c461686428568b,3,200,4503454,396.340,78318.127,57502
1787797996421,a9799f6d-0f99-9d57-a23d-b3c8518a6fcb,/p/0/ed6947cb6516c5ab,2,200,5955168,459.368,86108.363,69159
1787798019854,a0d89031-7268-879e-e788-3965e7a283ea,/p/2/60798effaeb7503d,2,200,3037316,656.889,62762.726,48394
1787798065464,5e499411-6aa2-8415-9b43-9488b7817873,/p/5/edede5882639a1e3,5,200,5182757,218.250,17153.488,302140
1787798074895,c475b5fc-e008-706b-ac3f-2e783ad28c42,/p/0/3be4e802c52e78a9,7,200,325276,339.558,7907.696,41134
1787798075584,efae07d3-6174-d5cc-334b-da855350efd6,/p/8/4a7464bbcb9075e9,4,200,506558,399.217,7411.381,68349
1787798082616,a0d89031-7268-879e-e788-3965e7a283ea,/p/0/98cc8c86d5169f31,3,200,105726,78.165,427.106,247541
1787798076390,f914de05-6b76-495a-b6e7-1894d3914121,/p/0/8d126d40bcd274b0,4,200,334133,309.993,6763.579,49402
1787798019854,a0d89031-7268-879e-e788-3965e7a283ea,/p/0/60798cffaeb74cd7,2,200,4819786,874.304,63325.773,76111
1787798082616,a0d89031-7268-879e-e788-3965e7a283ea,/p/1/98cc8b86d5169d7e,3,200,51661,78.304,573.946,90010
1787798083190,a0d89031-7268-879e-e788-3965e7a283ea,/p/0/395106ffb1259a6,4,200,8888,22.702,22.765,390429
1787798067864,e14090b3-7dfb-bbac-d72c-a25623c987fe,/p/0/7232dc4f2033b1ef,6,200,5516769,1125.897,15351.057,359374
1787798083190,a0d89031-7268-879e-e788-3965e7a283ea,/p/0/395116ffb125b59,4,200,216522,22.694,29.984,7221327
1787798083190,a0d89031-7268-879e-e788-3965e7a283ea,/p/0/3950f6ffb1257f3,4,200,412540,24.727,38.156,10811795
1787798082995,efae07d3-6174-d5cc-334b-da855350efd6,/p/0/91c2747425e49594,5,200,24556,79.396,241.790,101559
1787798080751,5684ed70-3a5c-de0c-dcb0-2554388d8f92,/p/0/e46a721ef8209440,4,200,163094,549.997,2501.936,65187
1787798080751,5684ed70-3a5c-de0c-dcb0-2554388d8f92,/p/0/e46a751ef8209959,4,200,295084,937.292,2529.732,116646
1787798080751,5684ed70-3a5c-de0c-dcb0-2554388d8f92,/p/5/e46a741ef82097a6,4,200,474307,666.247,2593.395,182890
1787798082802,c475b5fc-e008-706b-ac3f-2e783ad28c42,/p/0/3be4e702c52e76f6,7,200,292570,323.337,721.477,405515
1787798031947,69e3f629-204b-a521-d46c-17022bb9325b,/p/0/a972cf021cf1c28c,2,200,6077518,357.669,51599.670,117782
1787798082996,efae07d3-6174-d5cc-334b-da855350efd6,/p/0/91c2777425e49aad,5,200,56241,160.415,566.735,99237
1787798079783,f7c998b3-5110-ead8-1c5b-78722c3cdddc,/p/0/e5c9689eac0f5fee,9,200,509424,115.080,3979.849,128001
1787798082616,a0d89031-7268-879e-e788-3965e7a283ea,/p/0/98cc8986d5169a18,3,200,2729531,94.185,1232.584,2214478
1787798056599,a6e4192b-6dce-2941-3a81-b2236c12861c,/p/0/a2275e1d71380a00,2,200,5606299,247.259,27352.327,204966
1787798077551,f914de05-6b76-495a-b6e7-1894d3914121,/p/0/ff6089a5f27d90f2,5,200,248115,479.120,6759.808,36704
1787798082996,efae07d3-6174-d5cc-334b-da855350efd6,/p/7/91c2767425e498fa,5,200,218338,282.649,1695.937,128742
1787798082618,5e499411-6aa2-8415-9b43-9488b7817873,/p/0/b4d2f16cac9431d4,6,200,271126,185.136,2078.048,130471
1787798083345,5684ed70-3a5c-de0c-dcb0-2554388d8f92,/p/4/9c7a3ea4cf520545,5,200,219900,618.632,1556.687,141262
1787798083345,5684ed70-3a5c-de0c-dcb0-2554388d8f92,/p/0/9c7a3ca4cf5201df,5,200,201559,637.470,1563.571,128909
1787798083345,5684ed70-3a5c-de0c-dcb0-2554388d8f92,/p/0/9c7a3da4cf520392,5,200,371659,618.383,1585.085,234473
1787798046692,c475b5fc-e008-706b-ac3f-2e783ad28c42,/p/0/c974f11c4d80fdcb,1,200,4143560,55.476,38314.685,108145
1787798071009,642fff68-2988-e5c7-ab4f-e0bacd36cda6,/p/0/edd5c071bbd9e2b8,11,200,5156962,122.082,14019.075,367853
1787798066468,8258a893-86a7-4a72-df7b-70f26d368d8b,/p/7/ad27070a288a1ecd,6,200,5684453,223.881,18690.241,304140
1787798082618,5e499411-6aa2-8415-9b43-9488b7817873,/p/4/b4d2f26cac943387,6,200,458413,96.128,2833.770,161768
1787798077551,f914de05-6b76-495a-b6e7-1894d3914121,/p/0/ff6087a5f27d8d8c,5,200,477603,479.121,8139.632,58676
1787798035749,5684ed70-3a5c-de0c-dcb0-2554388d8f92,/p/0/73e34a16ead871c6,1,200,3194456,271.061,49964.218,63935
1787798084901,5684ed70-3a5c-de0c-dcb0-2554388d8f92,/p/3/596f736a3fac3701,6,200,345866,33.279,814.772,424494
1787798071010,642fff68-2988-e5c7-ab4f-e0bacd36cda6,/p/10/edd5c271bbd9e61e,11,200,5933135,114.973,14797.686,400950
1787798055992,58972e27-19e9-69d1-5fdb-0cb13ae3f5c3,/p/0/81941ae5321cef39,6,200,5317564,31.890,30339.333,175270
1787798084908,5684ed70-3a5c-de0c-dcb0-2554388d8f92,/p/0/596f726a3fac354e,6,200,239110,820.122,1462.995,163439
1787798083763,f7c998b3-5110-ead8-1c5b-78722c3cdddc,/p/0/462e9b2cba4dca1d,10,200,271094,139.314,2703.774,100265
1787798084930,5684ed70-3a5c-de0c-dcb0-2554388d8f92,/p/0/596f716a3fac339b,6,200,431451,801.169,1601.275,269442
1787798085716,5684ed70-3a5c-de0c-dcb0-2554388d8f92,/p/2/3c0e6ba79f4081f8,7,200,224436,51.429,829.674,270511
1787798080407,45c91211-d5fc-4832-e57e-891b29500b13,/p/4/ed1aeb9f9f80de62,7,200,466324,244.863,6143.493,75905
1787798054583,5684ed70-3a5c-de0c-dcb0-2554388d8f92,/p/0/eb6da1b14c493cc9,3,200,3635222,1040.214,31969.363,113710
1787798084691,efae07d3-6174-d5cc-334b-da855350efd6,/p/6/952a7537d000dee4,6,200,87282,405.696,2064.095,42286
1787798080902,9ab40283-f209-5116-d31d-55e6dfb10446,/p/0/5e0f8207f0d0234b,4,200,210662,611.294,6115.889,34445
1787798080407,45c91211-d5fc-4832-e57e-891b29500b13,/p/0/ed1aec9f9f80e015,7,200,485066,205.485,7067.368,68635
1787798086546,5684ed70-3a5c-de0c-dcb0-2554388d8f92,/p/1/61108618a41f57b,8,200,268248,623.754,990.729,270758
1787798086546,5684ed70-3a5c-de0c-dcb0-2554388d8f92,/p/0/61107618a41f3c8,8,200,397541,607.145,994.875,399589
1787798085452,5e499411-6aa2-8415-9b43-9488b7817873,/p/0/a597437fe2ce8b61,7,200,253352,190.060,2132.088,118828
1787798085452,5e499411-6aa2-8415-9b43-9488b7817873,/p/0/a597407fe2ce8648,7,200,487441,208.300,2133.004,228523
1787798077585,a3d617d2-e4f1-dded-1399-827196027c15,/p/0/95d397f82a40b160,10,200,3837684,38.232,10192.610,376516
1787798054584,5684ed70-3a5c-de0c-dcb0-2554388d8f92,/p/0/eb6d9eb14c4937b0,3,200,5782564,2002.898,33295.190,173676
1787798085452,5e499411-6aa2-8415-9b43-9488b7817873,/p/3/a597417fe2ce87fb,7,200,441046,208.357,2446.280,180293
1787798076290,a8b2b5fb-0a9c-cb0f-869a-18420532160a,/p/0/4a5b950045277fcf,3,200,491711,394.511,11670.964,42131
1787798087898,5e499411-6aa2-8415-9b43-9488b7817873,/p/0/4990888867312115,8,200,71370,60.529,128.234,556561
1787798087898,5e499411-6aa2-8415-9b43-9488b7817873,/p/2/4990868867311daf,8,200,141873,61.099,199.336,711728
1787798071056,c475b5fc-e008-706b-ac3f-2e783ad28c42,/p/0/14097b59d308d7e6,6,200,3755068,448.457,17098.562,219613
1787798085807,642fff68-2988-e5c7-ab4f-e0bacd36cda6,/p/0/e5950b7c648def8c,12,200,445553,54.369,2383.672,186919
1787798060037,080aa34a-fa60-e602-b7f1-b9599bbacb00,/p/0/48470367bd671b7f,2,200,400279,1345.439,28233.021,14178
1787798084691,efae07d3-6174-d5cc-334b-da855350efd6,/p/0/952a7737d000e24a,6,200,201502,322.389,3584.770,56211
1787798087879,5684ed70-3a5c-de0c-dcb0-2554388d8f92,/p/0/6504b2758100659e,9,200,53143,660.721,664.645,79957
1787798087898,5e499411-6aa2-8415-9b43-9488b7817873,/p/0/4990858867311bfc,8,200,370292,60.832,657.287,563364
1787798085159,8258a893-86a7-4a72-df7b-70f26d368d8b,/p/0/8e40531745258c26,7,200,422753,40.186,3403.641,124206
1787797995335,def7e2e3-70b7-e438-3156-fe53c35606b8,/p/0/796988468610e299,1,200,5671786,176.654,93325.478,60774
1787798009481,def7e2e3-70b7-e438-3156-fe53c35606b8,/p/0/ddd2dc7845cf9552,3,200,4801179,391.334,79183.642,60633
1787798080364,a8b2b5fb-0a9c-cb0f-869a-18420532160a,/p/0/95a4404b892955af,4,200,421493,429.861,8300.347,50780
1787798087537,5684ed70-3a5c-de0c-dcb0-2554388d8f92,/p/0/6504b07581006238,9,200,148210,1002.366,1332.203,111252
1787798080407,45c91211-d5fc-4832-e57e-891b29500b13,/p/0/ed1ae99f9f80dafc,7,200,506225,285.011,8464.155,59808
1787798053202,c3f5fd30-bb24-84f3-ca25-fcda58afc577,/p/0/2ef607b77e2d81f7,8,200,5200803,39.895,35727.492,145569
1787798085159,8258a893-86a7-4a72-df7b-70f26d368d8b,/p/6/8e40541745258dd9,7,200,431202,40.202,3833.879,112471
1787798022011,def7e2e3-70b7-e438-3156-fe53c35606b8,/p/0/26a381bfea9f248d,5,200,4115340,357.026,66991.829,61430
1787798085159,8258a893-86a7-4a72-df7b-70f26d368d8b,/p/0/8e40521745258a73,7,200,515308,60.722,3875.763,132957
1787798058589,c475b5fc-e008-706b-ac3f-2e783ad28c42,/p/0/1c55e29e8ac032b,4,200,5710897,332.560,30578.913,186759
1787798088097,5e499411-6aa2-8415-9b43-9488b7817873,/p/0/29a18fb7ec02576b,9,200,340952,480.974,1125.343,302976
1787798088097,5e499411-6aa2-8415-9b43-9488b7817873,/p/0/29a190b7ec02591e,9,200,122061,481.083,1149.381,106197
1787798082618,5e499411-6aa2-8415-9b43-9488b7817873,/p/0/b4d2f46cac9436ed,6,200,5525553,31.241,6755.056,817988
1787798088097,5e499411-6aa2-8415-9b43-9488b7817873,/p/1/29a191b7ec025ad1,9,200,3287783,514.014,1693.817,1941050
1787798077585,a3d617d2-e4f1-dded-1399-827196027c15,/p/3/95d398f82a40b313,10,200,5353584,59.121,12237.531,437473
1787798085716,5684ed70-3a5c-de0c-dcb0-2554388d8f92,/p/0/3c0e6ca79f4083ab,7,200,3825944,33.691,4141.019,923914
1787798089823,a3d617d2-e4f1-dded-1399-827196027c15,/p/0/101f5df03acde2a4,11,200,18389,23.425,60.047,306242
1787798089791,5e499411-6aa2-8415-9b43-9488b7817873,/p/0/9bdf7be5a69f1a50,10,200,79296,97.931,105.198,753775
1787798054427,0b1b1fb7-fdd9-cd3d-b3dc-21049d39a98d,/p/0/20a7bf882abd3f2f,1,200,5556643,251.135,35505.594,156500
1787798089823,a3d617d2-e4f1-dded-1399-827196027c15,/p/0/101f60f03acde7bd,11,200,32671,24.025,114.706,284824
1787798089791,5e499411-6aa2-8415-9b43-9488b7817873,/p/0/9bdf7ee5a69f1f69,10,200,320759,17.046,184.587,1737713
1787798089791,5e499411-6aa2-8415-9b43-9488b7817873,/p/0/9bdf7de5a69f1db6,10,200,210580,97.600,184.842,1139245
1787798057014,c3f5fd30-bb24-84f3-ca25-fcda58afc577,/p/5/541b1684567cd61a,9,200,5897091,197.080,33312.085,177026
1787798062483,df17e0ba-5540-8e69-2829-bdb4fa71e5e0,/p/0/e4ab62828096bee0,3,200,3003794,381.357,27945.293,107488
1787798089823,a3d617d2-e4f1-dded-1399-827196027c15,/p/2/101f5ef03acde457,11,200,289058,60.161,629.217,459393
1787798090327,c3f5fd30-bb24-84f3-ca25-fcda58afc577,/p/0/ad43d881f1a30514,10,200,39268,57.159,128.512,305559
1787798090452,a3d617d2-e4f1-dded-1399-827196027c15,/p/0/c4d24568c0195c42,12,200,26821,97.288,125.310,214037
1787798013796,45c91211-d5fc-4832-e57e-891b29500b13,/p/0/d6a26f678e3d5881,6,200,5819721,322.389,76822.714,75755
1787798086550,45c91211-d5fc-4832-e57e-891b29500b13,/p/3/84995043cb460f89,8,200,254856,244.868,4108.077,62038
1787798084691,efae07d3-6174-d5cc-334b-da855350efd6,/p/0/952a7637d000e097,6,200,395966,80.058,6123.569,64663
1787798068784,def7e2e3-70b7-e438-3156-fe53c35606b8,/p/0/26a37fbfea9f2127,5,200,5903615,461.117,22050.230,267735
1787798090659,45c91211-d5fc-4832-e57e-891b29500b13,/p/0/6ac4c5d7dbeafbc7,9,200,8572,220.939,302.145,28370
1787798088992,8258a893-86a7-4a72-df7b-70f26d368d8b,/p/5/13c1c254989c867,8,200,265220,62.183,2141.354,123856
1787798088992,8258a893-86a7-4a72-df7b-70f26d368d8b,/p/0/13c1e254989cbcd,8,200,255787,62.177,2162.006,118310
1787798086756,efae07d3-6174-d5cc-334b-da855350efd6,/p/0/dde26b6ad111bd70,7,200,176217,399.430,4662.417,37795
1787798090326,c3f5fd30-bb24-84f3-ca25-fcda58afc577,/p/0/ad43db81f1a30a2d,10,200,183288,128.791,1186.514,154476
1787798086756,efae07d3-6174-d5cc-334b-da855350efd6,/p/0/dde26e6ad111c289,7,200,218427,439.361,4824.096,45278
1787798090452,a3d617d2-e4f1-dded-1399-827196027c15,/p/1/c4d24368c01958dc,12,200,506922,21.048,1253.456,404420
1787798053433,f914de05-6b76-495a-b6e7-1894d3914121,/p/0/39c38224f94e6ddd,3,200,5557763,282.674,38395.023,144752
1787798086756,efae07d3-6174-d5cc-334b-da855350efd6,/p/5/dde26c6ad111bf23,7,200,273036,558.990,5467.872,49935
1787798064409,c475b5fc-e008-706b-ac3f-2e783ad28c42,/p/0/45a824038ab6b5b1,5,200,5151907,588.404,27851.350,184979
1787798091134,8258a893-86a7-4a72-df7b-70f26d368d8b,/p/4/de6995e275866159,9,200,93957,265.721,1145.203,82044
1787798090327,c3f5fd30-bb24-84f3-ca25-fcda58afc577,/p/4/ad43d981f1a306c7,10,200,501386,128.720,1997.571,250998
1787798038432,217e1954-c0c2-0697-baaf-354547aa5a45,/p/0/a8327d7991fa6f56,1,200,3267507,2.430,54007.288,60501
1787798091706,a3d617d2-e4f1-dded-1399-827196027c15,/p/0/94da3dc61cbb5062,13,200,125988,94.061,820.749,153504
1787798086550,45c91211-d5fc-4832-e57e-891b29500b13,/p/0/84994f43cb460dd6,8,200,369105,348.673,5990.806,61612
1787798090659,45c91211-d5fc-4832-e57e-891b29500b13,/p/2/6ac4c7d7dbeaff2d,9,200,103184,241.215,1902.131,54247
1787798091706,a3d617d2-e4f1-dded-1399-827196027c15,/p/0/94da3cc61cbb4eaf,13,200,233255,102.734,970.148,240432
1787798091706,a3d617d2-e4f1-dded-1399-827196027c15,/p/0/94da3bc61cbb4cfc,13,200,268791,112.325,1162.238,231270
1787798083524,c475b5fc-e008-706b-ac3f-2e783ad28c42,/p/0/3be4e602c52e7543,7,200,3784171,362.305,9681.479,390867
1787798008547,45c91211-d5fc-4832-e57e-891b29500b13,/p/0/d6a26c678e3d5368,6,200,6200735,221.283,84735.615,73177
1787798085807,642fff68-2988-e5c7-ab4f-e0bacd36cda6,/p/0/e5950e7c648df4a5,12,200,3170047,17.858,7701.677,411605
1787798073865,58972e27-19e9-69d1-5fdb-0cb13ae3f5c3,/p/0/f5affa711c6f2f81,10,200,3497318,167.532,19991.038,174944
1787798085807,642fff68-2988-e5c7-ab4f-e0bacd36cda6,/p/9/e5950d7c648df2f2,12,200,4311457,54.393,8541.219,504782
1787798087474,45c91211-d5fc-4832-e57e-891b29500b13,/p/0/84994e43cb460c23,8,200,515245,413.113,6987.803,73735
1787798064409,c475b5fc-e008-706b-ac3f-2e783ad28c42,/p/0/45a821038ab6b098,5,200,5753108,616.709,30325.642,189711
1787798092324,c3f5fd30-bb24-84f3-ca25-fcda58afc577,/p/0/158d7f7c51634a6c,11,200,243366,76.236,2423.809,100406
1787798073213,fab9cd95-890b-e7db-7687-e324d45d5151,/p/8/4434a4aa70217c1b,3,200,2621586,55.944,21735.031,120616
1787798092223,efae07d3-6174-d5cc-334b-da855350efd6,/p/0/ac9d822b725d3a82,8,200,171252,80.112,2855.713,59968
1787798092224,efae07d3-6174-d5cc-334b-da855350efd6,/p/0/ac9d812b725d38cf,8,200,180624,80.074,3015.970,59889
1787798094349,642fff68-2988-e5c7-ab4f-e0bacd36cda6,/p/0/6eaf430da3b1f28,13,200,285801,17.773,987.600,289389
1787798092279,8258a893-86a7-4a72-df7b-70f26d368d8b,/p/0/2c9f74b29d0c3cbb,10,200,207567,345.538,3175.974,65355
1787798094348,642fff68-2988-e5c7-ab4f-e0bacd36cda6,/p/0/6eaf730da3b2441,13,200,322440,89.637,1127.518,285973
1787798071192,ad3c456b-5574-4ec8-b695-45e6b3670b3a,/p/2/b0436a0b2164eee3,12,200,3068676,210.824,24336.920,126091
1787798062483,df17e0ba-5540-8e69-2829-bdb4fa71e5e0,/p/0/e4ab65828096c3f9,3,200,3666562,346.984,33242.977,110296
1787798092324,c3f5fd30-bb24-84f3-ca25-fcda58afc577,/p/0/158d827c51634f85,11,200,424458,37.908,3455.431,122838
1787798094948,fab9cd95-890b-e7db-7687-e324d45d5151,/p/0/181f5f96aff0cee2,4,200,41412,363.651,902.952,45863
1787798092561,45c91211-d5fc-4832-e57e-891b29500b13,/p/0/e1809aeb99126050,10,200,214269,199.660,3324.288,64456
1787798086371,5684ed70-3a5c-de0c-dcb0-2554388d8f92,/p/0/3c0e6da79f40855e,7,200,2508005,798.337,9718.777,258058
1787798092224,efae07d3-6174-d5cc-334b-da855350efd6,/p/4/ac9d802b725d371c,8,200,341665,80.110,3898.711,87635
1787798092561,45c91211-d5fc-4832-e57e-891b29500b13,/p/1/e1809beb99126203,10,200,308258,239.775,3671.085,83969
1787798074392,58972e27-19e9-69d1-5fdb-0cb13ae3f5c3,/p/0/fde96299cdd52aab,11,200,5037888,140.973,22176.538,227172
1787798092561,45c91211-d5fc-4832-e57e-891b29500b13,/p/0/e1809deb99126569,10,200,375349,219.278,4159.071,90248
1787798096122,efae07d3-6174-d5cc-334b-da855350efd6,/p/0/c10a478acf67427,9,200,56039,81.938,721.317,77690
1787798091134,8258a893-86a7-4a72-df7b-70f26d368d8b,/p/0/de6993e275865df3,9,200,364963,224.798,5933.750,61506
1787798095529,ad3c456b-5574-4ec8-b695-45e6b3670b3a,/p/0/6555da61ad829616,13,200,122441,212.005,1694.945,72239
1787798035786,83751f0a-d5ab-1e24-6630-958f32ebe55f,/p/0/70f7555e23e51673,2,200,5389556,335.433,61954.313,86992
1787798096232,45c91211-d5fc-4832-e57e-891b29500b13,/p/0/a0e0b445aa5b6dcb,11,200,101833,614.107,1716.187,59337
1787798090453,a3d617d2-e4f1-dded-1399-827196027c15,/p/0/c4d24468c0195a8f,12,200,5333220,135.209,7978.671,668435
1787798094348,642fff68-2988-e5c7-ab4f-e0bacd36cda6,/p/8/6eaf530da3b20db,13,200,3018313,17.806,4138.839,729266
1787798098487,642fff68-2988-e5c7-ab4f-e0bacd36cda6,/p/7/cdf133e7673defaa,14,200,75252,19.081,241.972,310994
1787798051418,df17e0ba-5540-8e69-2829-bdb4fa71e5e0,/p/0/b41215e5bf5836f5,1,200,5142088,144.947,47401.492,108479
1787798094948,fab9cd95-890b-e7db-7687-e324d45d5151,/p/7/181f6096aff0d095,4,200,361953,391.894,4569.801,79205
1787798098729,642fff68-2988-e5c7-ab4f-e0bacd36cda6,/p/0/82ebe015dd74b81e,15,200,117487,98.929,791.770,148385
1787798098487,642fff68-2988-e5c7-ab4f-e0bacd36cda6,/p/0/cdf131e7673dec44,14,200,324755,37.749,1389.224,233767
1787798095529,ad3c456b-5574-4ec8-b695-45e6b3670b3a,/p/0/6555d961ad829463,13,200,466244,212.026,4779.722,97546
1787798098487,642fff68-2988-e5c7-ab4f-e0bacd36cda6,/p/0/cdf134e7673df15d,14,200,459865,55.451,1900.286,241998
1787798095529,ad3c456b-5574-4ec8-b695-45e6b3670b3a,/p/1/6555db61ad8297c9,13,200,448262,172.581,4867.488,92093
1787798098729,642fff68-2988-e5c7-ab4f-e0bacd36cda6,/p/0/82ebdf15dd74b66b,15,200,472545,90.094,2027.220,233100
1787798096232,45c91211-d5fc-4832-e57e-891b29500b13,/p/0/a0e0b545aa5b6f7e,11,200,487123,634.180,4601.845,105854
1787798096122,efae07d3-6174-d5cc-334b-da855350efd6,/p/3/c10a678acf6778d,9,200,434338,282.280,4980.043,87216
1787798096122,efae07d3-6174-d5cc-334b-da855350efd6,/p/0/c10a578acf675da,9,200,446621,282.245,5223.797,85497
1787798101102,efae07d3-6174-d5cc-334b-da855350efd6,/p/2/bc4272ffe225c9e9,10,200,13802,243.805,324.847,42488
1787798042273,83751f0a-d5ab-1e24-6630-958f32ebe55f,/p/0/e88e83c07420cd8a,5,200,2506861,5333.179,59211.427,42337
1787798080902,9ab40283-f209-5116-d31d-55e6dfb10446,/p/0/5e0f8107f0d02198,4,200,2465411,653.396,20746.124,118837
1787798080902,9ab40283-f209-5116-d31d-55e6dfb10446,/p/0/5e0f8407f0d026b1,4,200,2852786,407.640,20779.986,137285
1787798099518,fab9cd95-890b-e7db-7687-e324d45d5151,/p/6/7c553abfda210771,5,200,117352,284.172,2210.402,53091
1787798097741,83751f0a-d5ab-1e24-6630-958f32ebe55f,/p/2/fb68f6e785bfacbc,8,200,512467,367.772,4168.938,122925
1787798096232,45c91211-d5fc-4832-e57e-891b29500b13,/p/0/a0e0b645aa5b7131,11,0,625335,716.054,5867.098,106583
1787798090659,45c91211-d5fc-4832-e57e-891b29500b13,/p/0/6ac4c6d7dbeafd7a,9,0,1220827,200.383,11440.374,106712
1787798068336,9ab40283-f209-5116-d31d-55e6dfb10446,/p/0/fb99dfc4fc22f7b8,2,200,4634661,120.857,33944.964,136535
1787798071731,5884cbf3-25e7-d6eb-840b-1bdc2bbbdbf5,/p/0/9973a955da5f2afd,4,200,3195111,340.794,30637.357,104288
1787798099517,fab9cd95-890b-e7db-7687-e324d45d5151,/p/0/7c5538bfda21040b,5,200,120723,312.557,2951.174,40907
1787798101728,fab9cd95-890b-e7db-7687-e324d45d5151,/p/5/220ecf33371bea4b,6,200,238594,76.289,1230.354,193923
1787798101102,efae07d3-6174-d5cc-334b-da855350efd6,/p/0/bc4271ffe225c836,10,200,88867,324.839,1928.873,46072
1787798070991,f7c998b3-5110-ead8-1c5b-78722c3cdddc,/p/0/6361054b60cc44ce,6,200,4129103,202.673,32213.489,128179
1787798101485,83751f0a-d5ab-1e24-6630-958f32ebe55f,/p/0/fb68f7e785bfae6f,8,200,326821,555.871,2065.971,158192
1787798101910,83751f0a-d5ab-1e24-6630-958f32ebe55f,/p/0/fb68f8e785bfb022,8,200,266707,575.891,1643.815,162249
1787798075964,b1782f4d-238e-67a4-345b-56ca2496565c,/p/0/d915a539f56d9c0,8,200,4388305,280.699,28309.347,155013
1787798066196,1e4cbd2e-35c6-9a6c-646a-44d298f37d63,/p/0/4babb18c99204342,2,200,3113047,1493.228,38198.058,81498
1787798098729,642fff68-2988-e5c7-ab4f-e0bacd36cda6,/p/6/82ebde15dd74b4b8,15,200,4115461,98.947,6493.699,633762
1787798105223,642fff68-2988-e5c7-ab4f-e0bacd36cda6,/p/5/d4105f77fcacbb53,16,200,116778,34.812,362.140,322466
1787798080277,f7c998b3-5110-ead8-1c5b-78722c3cdddc,/p/0/462e992cba4dc6b7,10,200,3834437,169.627,25491.588,150420
1787798105585,642fff68-2988-e5c7-ab4f-e0bacd36cda6,/p/0/e0ebf18192cd7bbb,17,200,31216,97.528,276.973,112704
1787798101427,efae07d3-6174-d5cc-334b-da855350efd6,/p/1/5e43f4a6c8c82310,11,200,168270,400.898,4583.594,36711
1787798101427,efae07d3-6174-d5cc-334b-da855350efd6,/p/0/5e43f5a6c8c824c3,11,200,154999,400.980,4583.594,33816
1787798099518,fab9cd95-890b-e7db-7687-e324d45d5151,/p/0/7c5539bfda2105be,5,200,387049,312.522,6501.129,59536
1787798068519,ad3c456b-5574-4ec8-b695-45e6b3670b3a,/p/0/23a373ff7d5000f0,11,0,4295351,232.280,37579.666,114300
1787798100397,ad3c456b-5574-4ec8-b695-45e6b3670b3a,/p/0/3beaf5751a468086,14,0,492314,212.354,5702.328,86336
1787798100397,ad3c456b-5574-4ec8-b695-45e6b3670b3a,/p/0/3beaf3751a467d20,14,0,493643,212.140,5702.334,86569
1787798071192,ad3c456b-5574-4ec8-b695-45e6b3670b3a,/p/0/b0436c0b2164f249,12,0,3911008,229.583,34906.882,112041
1787798100397,ad3c456b-5574-4ec8-b695-45e6b3670b3a,/p/0/3beaf4751a467ed3,14,0,420210,175.713,5702.345,73691
1787798105223,642fff68-2988-e5c7-ab4f-e0bacd36cda6,/p/0/d4106177fcacbeb9,16,200,278986,18.024,1059.947,263208
1787798101427,efae07d3-6174-d5cc-334b-da855350efd6,/p/0/5e43f6a6c8c82676,11,200,197968,441.048,4903.993,40369
1787798075964,b1782f4d-238e-67a4-345b-56ca2496565c,/p/13/d915b539f56db73,8,200,4882563,259.344,30530.890,159922
1787798105223,642fff68-2988-e5c7-ab4f-e0bacd36cda6,/p/0/d4105e77fcacb9a0,16,200,342081,86.988,1452.364,235534
1787798086553,5684ed70-3a5c-de0c-dcb0-2554388d8f92,/p/0/6110a618a41f8e1,8,200,3606207,616.845,20382.309,176928
1787798105585,642fff68-2988-e5c7-ab4f-e0bacd36cda6,/p/0/e0ebf28192cd7d6e,17,200,383864,141.169,1379.649,278233
1787798048474,160edf7b-27b2-08e1-9481-79abb2597327,/p/0/670bb698b869032a,4,200,5081781,76.663,58524.207,86832
1787798103554,83751f0a-d5ab-1e24-6630-958f32ebe55f,/p/0/230e370a9f916f79,9,200,45659,708.488,3588.301,12724
1787798034099,558e27b6-befe-b208-ddb1-bf55a81229d0,/?crawl=207,0,200,5832191,579.913,73152.799,79726
1787798107252,558e27b6-befe-b208-ddb1-bf55a81229d0,/p/0/c18c9f8d3d444a12,1,200,29885,23.604,299.464,99795
1787798070991,f7c998b3-5110-ead8-1c5b-78722c3cdddc,/p/0/6361044b60cc431b,6,200,5745888,189.910,37192.659,154490
1787798060037,080aa34a-fa60-e602-b7f1-b9599bbacb00,/p/0/48470467bd671d32,2,200,4756884,1213.145,48670.133,97737
1787798067949,98156463-acbb-838a-4995-b01d2e8bc10e,/p/0/6948d31242adea58,5,200,3307392,462.631,40823.057,81018
1787798106011,efae07d3-6174-d5cc-334b-da855350efd6,/p/0/93897792764487a4,12,200,129282,400.696,2810.079,46007
1787798101102,efae07d3-6174-d5cc-334b-da855350efd6,/p/0/bc4270ffe225c683,10,200,397758,405.190,7799.616,50997
1787798106011,efae07d3-6174-d5cc-334b-da855350efd6,/p/0/9389789276448957,12,200,101457,441.654,2891.112,35093
1787798106019,fab9cd95-890b-e7db-7687-e324d45d5151,/p/0/4e712632b4d6c395,7,200,99792,368.011,2908.469,34311
1787798060037,080aa34a-fa60-e602-b7f1-b9599bbacb00,/p/4/48470567bd671ee5,2,200,5207472,239.128,48891.655,106510
1787798048474,160edf7b-27b2-08e1-9481-79abb2597327,/p/0/670bb598b8690177,4,200,5030770,384.259,60701.880,82877
1787798106495,b1782f4d-238e-67a4-345b-56ca2496565c,/p/12/42be32e1ecb9a80d,9,200,263703,43.070,2895.784,91064
1787798106495,b1782f4d-238e-67a4-345b-56ca2496565c,/p/0/42be30e1ecb9a4a7,9,200,369095,215.364,2899.501,127296
1787798107252,558e27b6-befe-b208-ddb1-bf55a81229d0,/p/0/c18c9d8d3d4446ac,1,200,509277,4.513,2467.844,206365
1787798108929,080aa34a-fa60-e602-b7f1-b9599bbacb00,/p/0/f9c10a20ef862d24,3,200,324502,10.350,840.138,386248
1787798077620,5884cbf3-25e7-d6eb-840b-1bdc2bbbdbf5,/p/8/2bcf631fcdaf6f4e,5,200,4983365,339.629,32241.298,154565
1787798108929,080aa34a-fa60-e602-b7f1-b9599bbacb00,/p/3/f9c10c20ef86308a,3,200,455444,4.086,953.426,477692
1787798101728,fab9cd95-890b-e7db-7687-e324d45d5151,/p/0/220ece33371be898,6,200,332817,454.886,8556.134,38898
1787798109882,080aa34a-fa60-e602-b7f1-b9599bbacb00,/p/2/5bd0d7898790e9b6,4,200,150216,61.885,622.805,241193
1787798103551,83751f0a-d5ab-1e24-6630-958f32ebe55f,/p/1/230e360a9f916dc6,9,200,228313,646.778,7108.982,32116
1787798109882,080aa34a-fa60-e602-b7f1-b9599bbacb00,/p/0/5bd0d8898790eb69,4,200,243056,61.828,796.190,305274
1787798102469,fab9cd95-890b-e7db-7687-e324d45d5151,/p/0/220ed133371bedb1,6,200,389413,451.532,8381.922,46459
1787798080277,f7c998b3-5110-ead8-1c5b-78722c3cdddc,/p/0/462e982cba4dc504,10,200,5525229,158.732,30691.596,180024
1787798109861,5884cbf3-25e7-d6eb-840b-1bdc2bbbdbf5,/p/0/986b11f9724e901f,6,200,84822,165.654,1208.890,70165
1787798092324,c3f5fd30-bb24-84f3-ca25-fcda58afc577,/p/3/158d807c51634c1f,11,200,6024516,37.873,18797.644,320493
1787798106011,efae07d3-6174-d5cc-334b-da855350efd6,/p/0/93897a9276448cbd,12,200,521224,481.359,5180.752,100608
1787798050563,c161c8a9-3535-8b6e-e1b5-d867ff5e7cf6,/p/7/1cb07bab0d9c3062,1,200,2364066,901.065,60674.582,38963
1787798050563,c161c8a9-3535-8b6e-e1b5-d867ff5e7cf6,/p/0/1cb07cab0d9c3215,1,200,2429225,382.585,60674.915,40037
1787798109882,080aa34a-fa60-e602-b7f1-b9599bbacb00,/p/0/5bd0d5898790e650,4,200,355761,61.867,1406.359,252966
1787798111238,c161c8a9-3535-8b6e-e1b5-d867ff5e7cf6,/p/0/354cdf8e68cd22f4,2,200,85217,1.983,96.120,886570
1787798079783,f7c998b3-5110-ead8-1c5b-78722c3cdddc,/p/0/e5c9679eac0f5e3b,9,200,5103241,160.278,31649.760,161241
1787798105585,642fff68-2988-e5c7-ab4f-e0bacd36cda6,/p/4/e0ebf08192cd7a08,17,200,4458314,97.581,6017.247,740923
1787798111122,c3f5fd30-bb24-84f3-ca25-fcda58afc577,/p/0/83dffb7849242a9c,12,200,76907,200.662,723.043,106366
1787798111122,c3f5fd30-bb24-84f3-ca25-fcda58afc577,/p/0/83dffe7849242fb5,12,200,141831,39.441,742.939,190905
1787798106495,b1782f4d-238e-67a4-345b-56ca2496565c,/p/0/42be31e1ecb9a65a,9,200,2134935,64.558,6392.953,333951
1787798111603,642fff68-2988-e5c7-ab4f-e0bacd36cda6,/p/0/dc2a8376c530b44f,18,200,388952,20.474,1679.762,231552
1787798109861,5884cbf3-25e7-d6eb-840b-1bdc2bbbdbf5,/p/0/986b12f9724e91d2,6,200,2902721,54.127,4017.013,722607
1787798087541,5684ed70-3a5c-de0c-dcb0-2554388d8f92,/p/0/6504b175810063eb,9,200,3817665,998.280,26749.682,142718
1787798109861,5884cbf3-25e7-d6eb-840b-1bdc2bbbdbf5,/p/7/986b10f9724e8e6c,6,200,4568396,237.078,4572.207,999167
1787798114433,5884cbf3-25e7-d6eb-840b-1bdc2bbbdbf5,/p/0/434c92cc3170349c,7,200,34399,3.039,20.435,1683315
1787798114433,5884cbf3-25e7-d6eb-840b-1bdc2bbbdbf5,/p/6/434c94cc31703802,7,200,107482,2.368,25.663,4188230
1787798114459,5884cbf3-25e7-d6eb-840b-1bdc2bbbdbf5,/p/5/1fb9998898d0fa61,8,200,156834,328.409,768.616,204047
1787798114459,5884cbf3-25e7-d6eb-840b-1bdc2bbbdbf5,/p/0/1fb9978898d0f6fb,8,200,480411,328.359,881.244,545151
1787798111238,c161c8a9-3535-8b6e-e1b5-d867ff5e7cf6,/p/0/354ce28e68cd280d,2,200,2808121,1.578,4275.605,656777
1787798108927,fab9cd95-890b-e7db-7687-e324d45d5151,/p/0/4e712332b4d6be7c,7,200,498128,419.630,7119.868,69963
1787798047612,83751f0a-d5ab-1e24-6630-958f32ebe55f,/p/0/48f25d6be7da6c2f,6,0,3780495,346.916,68487.172,55200
1787798107142,83751f0a-d5ab-1e24-6630-958f32ebe55f,/p/0/230e340a9f916a60,9,0,259795,364.062,8957.579,29003
1787798047612,83751f0a-d5ab-1e24-6630-958f32ebe55f,/p/0/48f25e6be7da6de2,6,0,4450527,313.376,68487.115,64983
1787798075132,83751f0a-d5ab-1e24-6630-958f32ebe55f,/p/0/58b8c524767d8a56,7,0,3322171,368.604,40967.897,81092
1787798116099,83751f0a-d5ab-1e24-6630-958f32ebe55f,/p/0/31c42bfaa5def678,10,0,0,0.022,0.000,0
1787798116100,83751f0a-d5ab-1e24-6630-958f32ebe55f,/p/0/31c42efaa5defb91,10,0,0,0.013,0.000,0
1787798040722,83751f0a-d5ab-1e24-6630-958f32ebe55f,/p/0/e45ba1bed8fddab,4,0,4838931,1534.727,75377.506,64196
1787798110660,83751f0a-d5ab-1e24-6630-958f32ebe55f,/p/0/31c42cfaa5def82b,10,0,150730,338.237,5439.922,27708
1787798068670,98156463-acbb-838a-4995-b01d2e8bc10e,/p/0/14518cfae75a5b8d,6,200,3004880,514.432,48225.549,62309
1787798109391,b1782f4d-238e-67a4-345b-56ca2496565c,/p/0/64bef6a5a5b6dd5b,10,200,425211,331.770,7563.706,56217
1787798077551,f914de05-6b76-495a-b6e7-1894d3914121,/p/0/ff608aa5f27d92a5,5,200,5172420,411.619,39805.809,129941
1787798109391,b1782f4d-238e-67a4-345b-56ca2496565c,/p/0/64bef7a5a5b6df0e,10,200,459898,285.709,8143.790,56472
1787798111603,642fff68-2988-e5c7-ab4f-e0bacd36cda6,/p/0/dc2a8476c530b602,18,200,2854869,20.178,6990.431,408397
1787798076390,f914de05-6b76-495a-b6e7-1894d3914121,/p/0/8d127040bcd279c9,4,200,5479530,342.816,42294.228,129557
1787798102958,fab9cd95-890b-e7db-7687-e324d45d5151,/p/4/4e712532b4d6c1e2,7,200,3957884,72.983,15778.961,250833
1787798118737,fab9cd95-890b-e7db-7687-e324d45d5151,/p/0/618cb01382eaa5fc,8,200,246046,1.551,4.530,54313867
1787798092279,8258a893-86a7-4a72-df7b-70f26d368d8b,/p/3/2c9f73b29d0c3b08,10,200,2357389,204.459,27063.285,87107
1787798115228,5884cbf3-25e7-d6eb-840b-1bdc2bbbdbf5,/p/0/1eb17c3a471d5739,9,200,159412,710.411,4737.039,33652
1787798118737,fab9cd95-890b-e7db-7687-e324d45d5151,/p/3/618cb21382eaa962,8,200,47826,736.201,1335.068,35823
1787798056293,1620021f-caf3-891b-7d2c-96be726882f7,/p/0/8f0c5b651b196d36,4,0,2637039,120.488,63808.213,41328
1787798052686,1620021f-caf3-891b-7d2c-96be726882f7,/p/0/2369c76ad4904e67,2,0,3920999,71.138,67415.266,58162
1787798056293,1620021f-caf3-891b-7d2c-96be726882f7,/p/0/8f0c5a651b196b83,4,0,2695107,120.470,63808.399,42237
1787798118737,fab9cd95-890b-e7db-7687-e324d45d5151,/p/0/618cb31382eaab15,8,200,50050,707.097,1416.914,35323
1787798115228,5884cbf3-25e7-d6eb-840b-1bdc2bbbdbf5,/p/0/1eb1793a471d5220,9,200,173405,773.238,5045.897,34366
1787798111603,642fff68-2988-e5c7-ab4f-e0bacd36cda6,/p/3/dc2a8576c530b7b5,18,200,5278309,106.957,9785.121,539422
1787798120072,fab9cd95-890b-e7db-7687-e324d45d5151,/p/2/4d4fadec99db63d3,9,200,288054,179.479,2121.306,135791
1787798080364,a8b2b5fb-0a9c-cb0f-869a-18420532160a,/p/0/95a4414b89295762,4,200,3614501,548.441,41907.183,86250
1787798121388,642fff68-2988-e5c7-ab4f-e0bacd36cda6,/p/0/d5564900fe0f890,19,200,335052,18.337,1041.447,321718
1787798121388,642fff68-2988-e5c7-ab4f-e0bacd36cda6,/p/0/d5567900fe0fda9,19,200,328528,18.360,1111.913,295462
1787798122194,fab9cd95-890b-e7db-7687-e324d45d5151,/p/0/21d5f82797dcb9ce,10,200,103468,71.600,537.537,192485
1787798119342,8258a893-86a7-4a72-df7b-70f26d368d8b,/p/2/31fb5124b12afe5e,11,200,223521,205.318,4057.835,55084
1787798120072,fab9cd95-890b-e7db-7687-e324d45d5151,/p/0/4d4facec99db6220,9,200,191891,337.622,3576.632,53651
1787798111122,c3f5fd30-bb24-84f3-ca25-fcda58afc577,/p/2/83dffd7849242e02,12,200,4533645,200.626,12966.502,349643
1787798114433,5884cbf3-25e7-d6eb-840b-1bdc2bbbdbf5,/p/0/434c95cc317039b5,7,200,3400250,1.912,9746.603,348865
1787798115228,5884cbf3-25e7-d6eb-840b-1bdc2bbbdbf5,/p/4/1eb17b3a471d5586,9,200,521813,1256.466,9400.041,55512
1787798124088,c3f5fd30-bb24-84f3-ca25-fcda58afc577,/p/0/55ebb45b5a30a98f,13,200,86256,60.093,872.080,98908
1787798124088,c3f5fd30-bb24-84f3-ca25-fcda58afc577,/p/0/55ebb55b5a30ab42,13,200,69947,60.116,929.886,75221
1787798121388,642fff68-2988-e5c7-ab4f-e0bacd36cda6,/p/2/d5566900fe0fbf6,19,0,2571722,18.366,3710.686,693058
1787798058155,98156463-acbb-838a-4995-b01d2e8bc10e,/p/0/3624fcaee0a97058,2,200,4972616,362.034,66980.050,74240
1787798119342,8258a893-86a7-4a72-df7b-70f26d368d8b,/p/0/31fb4f24b12afaf8,11,200,344798,225.818,5795.829,59491
1787798119342,8258a893-86a7-4a72-df7b-70f26d368d8b,/p/0/31fb5224b12b0011,11,200,335498,246.584,5939.172,56489
1787798122731,fab9cd95-890b-e7db-7687-e324d45d5151,/p/0/21d5f72797dcb81b,10,200,515668,72.880,2584.979,199486
1787798124088,c3f5fd30-bb24-84f3-ca25-fcda58afc577,/p/1/55ebb35b5a30a7dc,13,200,472867,160.091,2306.628,205004
1787798124628,5884cbf3-25e7-d6eb-840b-1bdc2bbbdbf5,/p/0/2f0812535e18221b,10,200,90855,341.603,2041.657,44501
1787798124628,5884cbf3-25e7-d6eb-840b-1bdc2bbbdbf5,/p/3/2f0811535e182068,10,200,108192,397.734,2240.378,48292
1787798125138,8258a893-86a7-4a72-df7b-70f26d368d8b,/p/0/18c5e1a618c7ee4c,12,200,105988,245.929,1740.127,60908
1787798126395,c3f5fd30-bb24-84f3-ca25-fcda58afc577,/p/0/97311623b70713d1,14,200,94022,39.884,633.137,148502
1787798126395,c3f5fd30-bb24-84f3-ca25-fcda58afc577,/p/0/97311523b707121e,14,0,86243,59.223,703.978,122508
1787798126395,c3f5fd30-bb24-84f3-ca25-fcda58afc577,/p/0/97311323b7070eb8,14,0,69475,39.944,703.994,98687
1787798125282,8258a893-86a7-4a72-df7b-70f26d368d8b,/p/0/18c5e4a618c7f365,12,200,99509,245.954,1923.585,51731
1787798120072,fab9cd95-890b-e7db-7687-e324d45d5151,/p/0/4d4fafec99db6739,9,200,449154,280.499,7263.544,61837
1787798068670,98156463-acbb-838a-4995-b01d2e8bc10e,/p/0/145189fae75a5674,6,200,4464207,514.339,59974.218,74435
1787798073213,fab9cd95-890b-e7db-7687-e324d45d5151,/p/0/4434a3aa70217a68,3,200,6049367,142.316,56051.827,107925
1787798068670,98156463-acbb-838a-4995-b01d2e8bc10e,/p/2/14518afae75a5827,6,200,4412518,513.992,60787.872,72589
1787798129458,98156463-acbb-838a-4995-b01d2e8bc10e,/p/0/d40b208692e6ea97,7,200,19069,60.902,151.583,125799
1787798129458,98156463-acbb-838a-4995-b01d2e8bc10e,/p/1/d40b228692e6edfd,7,200,288495,211.453,2817.281,102402
1787798109391,b1782f4d-238e-67a4-345b-56ca2496565c,/p/11/64bef8a5a5b6e0c1,10,200,5489661,331.752,23102.469,237622
1787798129458,98156463-acbb-838a-4995-b01d2e8bc10e,/p/0/d40b218692e6ec4a,7,200,430518,91.195,3119.672,138001
1787798111238,c161c8a9-3535-8b6e-e1b5-d867ff5e7cf6,/p/6/354ce18e68cd265a,2,200,3812451,2.420,22159.654,172045
1787798094948,fab9cd95-890b-e7db-7687-e324d45d5151,/p/0/181f5e96aff0cd2f,4,200,4133481,449.826,38549.604,107225
1787798076290,a8b2b5fb-0a9c-cb0f-869a-18420532160a,/p/0/4a5b960045278182,3,200,5399229,236.383,57596.316,93743
1787798132276,98156463-acbb-838a-4995-b01d2e8bc10e,/p/0/d9c02135496bcdaf,8,200,252220,332.217,2159.489,116796
1787798132276,98156463-acbb-838a-4995-b01d2e8bc10e,/p/0/d9c02035496bcbfc,8,200,386334,302.412,2165.515,178403
1787798132276,98156463-acbb-838a-4995-b01d2e8bc10e,/p/0/d9c02235496bcf62,8,200,2435551,302.362,2613.254,931999
1787798132493,b1782f4d-238e-67a4-345b-56ca2496565c,/p/10/c6cc7c7161c0eeae,11,200,284366,42.431,2398.916,118539
1787798126868,5884cbf3-25e7-d6eb-840b-1bdc2bbbdbf5,/p/0/507f613da87dffbf,11,200,440216,286.755,8808.039,49979
1787798133398,c161c8a9-3535-8b6e-e1b5-d867ff5e7cf6,/p/0/ba252ea308a2a955,3,200,67676,260.948,2958.289,22877
1787798040210,217e1954-c0c2-0697-baaf-354547aa5a45,/p/0/5c15db3b5777bae5,3,200,5120245,120.231,96977.857,52798
1787798043501,217e1954-c0c2-0697-baaf-354547aa5a45,/p/0/dd372453a1cf6f39,6,200,6029014,92.437,95067.792,63418
1787798134892,b1782f4d-238e-67a4-345b-56ca2496565c,/p/9/2e9fbe45b3e5847c,12,200,250335,236.931,4448.282,56277
1787798122194,fab9cd95-890b-e7db-7687-e324d45d5151,/p/1/21d5f92797dcbb81,10,200,2340857,372.166,17298.452,135322
1787798080364,a8b2b5fb-0a9c-cb0f-869a-18420532160a,/p/1/95a4424b89295915,4,200,6084315,470.376,61689.573,98628
1787798091134,8258a893-86a7-4a72-df7b-70f26d368d8b,/p/0/de6994e275865fa6,9,0,4456195,204.785,50966.028,87435
1787798123400,8258a893-86a7-4a72-df7b-70f26d368d8b,/p/1/18c5e2a618c7efff,12,0,1813866,224.619,18699.671,97000
1787798092279,8258a893-86a7-4a72-df7b-70f26d368d8b,/p/0/2c9f75b29d0c3e6e,10,0,4265107,225.243,49820.845,85609
1787798088992,8258a893-86a7-4a72-df7b-70f26d368d8b,/p/0/13c1b254989c6b4,8,0,4611503,143.858,53107.536,86833
1787798139492,fab9cd95-890b-e7db-7687-e324d45d5151,/p/0/73338e11338bca73,11,200,256602,55.734,2661.431,96415
1787798142054,a8b2b5fb-0a9c-cb0f-869a-18420532160a,/p/0/c04f5944e55e424a,5,200,39334,397.249,1105.911,35567
1787798142054,a8b2b5fb-0a9c-cb0f-869a-18420532160a,/p/0/c04f5a44e55e43fd,5,200,176889,78.538,1856.282,95292
1787798110505,080aa34a-fa60-e602-b7f1-b9599bbacb00,/p/0/9d942295b5388f5,5,0,1283987,68.196,33594.209,38220
1787798108929,080aa34a-fa60-e602-b7f1-b9599bbacb00,/p/0/f9c10d20ef86323d,3,0,1910771,10.335,35170.497,54329
1787798110505,080aa34a-fa60-e602-b7f1-b9599bbacb00,/p/0/9d93f295b5383dc,5,0,1106523,68.113,33594.210,32938
1787798110505,080aa34a-fa60-e602-b7f1-b9599bbacb00,/p/1/9d940295b53858f,5,0,1006962,61.209,33594.235,29974
1787798139492,fab9cd95-890b-e7db-7687-e324d45d5151,/p/0/73338f11338bcc26,11,200,492221,198.621,5245.216,93842
1787798142054,a8b2b5fb-0a9c-cb0f-869a-18420532160a,/p/0/c04f5744e55e3ee4,5,200,314671,397.258,2913.237,108014
1787798139340,b1782f4d-238e-67a4-345b-56ca2496565c,/p/0/fa65bd449a84289b,13,200,348034,215.164,5764.453,60376
1787798139340,b1782f4d-238e-67a4-345b-56ca2496565c,/p/8/fa65bc449a8426e8,13,200,365432,237.317,7272.531,50248
1787798134892,b1782f4d-238e-67a4-345b-56ca2496565c,/p/0/2e9fbf45b3e5862f,12,0,716451,258.693,12208.153,58686
1787798126868,5884cbf3-25e7-d6eb-840b-1bdc2bbbdbf5,/p/0/507f623da87e0172,11,0,1219499,313.142,20232.056,60276
1787798146613,b1782f4d-238e-67a4-345b-56ca2496565c,/p/7/1f6bc7893cbe3c5a,14,0,12359,236.434,487.319,25361
1787798134892,b1782f4d-238e-67a4-345b-56ca2496565c,/p/0/2e9fc045b3e587e2,12,0,729307,215.247,12208.252,59739
1787798147100,b1782f4d-238e-67a4-345b-56ca2496565c,/p/0/1f6bc8893cbe3e0d,14,0,0,0.018,0.000,0
1787798145105,b1782f4d-238e-67a4-345b-56ca2496565c,/p/0/fa65be449a842a4e,13,0,114051,236.147,1995.396,57157
1787798132493,b1782f4d-238e-67a4-345b-56ca2496565c,/p/0/c6cc7a7161c0eb48,11,0,1042803,42.462,14607.217,71390
1787798132493,b1782f4d-238e-67a4-345b-56ca2496565c,/p/0/c6cc7d7161c0f061,11,0,1046227,42.428,14607.177,71624
1787798126868,5884cbf3-25e7-d6eb-840b-1bdc2bbbdbf5,/p/2/507f603da87dfe0c,11,0,1193151,313.159,20232.099,58973
1787798124628,5884cbf3-25e7-d6eb-840b-1bdc2bbbdbf5,/p/0/2f0813535e1823ce,10,0,1259883,341.691,22472.508,56063
1787798114459,5884cbf3-25e7-d6eb-840b-1bdc2bbbdbf5,/p/0/1fb9988898d0f8ae,8,0,2667314,328.602,32641.205,81716
1787798147100,b1782f4d-238e-67a4-345b-56ca2496565c,/p/0/1f6bc5893cbe38f4,14,0,0,0.014,0.000,0
1787798133398,c161c8a9-3535-8b6e-e1b5-d867ff5e7cf6,/p/5/ba252ca308a2a5ef,3,200,325277,910.310,13999.219,23235
1787798107252,558e27b6-befe-b208-ddb1-bf55a81229d0,/p/0/c18c9e8d3d44485f,1,0,5214331,23.563,46847.256,111305
1787798139492,fab9cd95-890b-e7db-7687-e324d45d5151,/p/0/73339011338bcdd9,11,200,4364643,85.558,21004.212,207798
1787798147397,c161c8a9-3535-8b6e-e1b5-d867ff5e7cf6,/p/4/1037cd14249120c6,4,0,120410,2344.545,13703.418,8787
1787798147397,c161c8a9-3535-8b6e-e1b5-d867ff5e7cf6,/p/0/1037cb1424911d60,4,0,137107,1816.601,13703.473,10005
1787798133398,c161c8a9-3535-8b6e-e1b5-d867ff5e7cf6,/p/0/ba252ba308a2a43c,3,0,489939,1037.942,27702.707,17686
1787798147397,c161c8a9-3535-8b6e-e1b5-d867ff5e7cf6,/p/0/1037ce1424912279,4,0,125579,1816.508,13703.420,9164
